ISO-10303-21;
HEADER;
/* Generated by software containing ST-Developer
 * from STEP Tools, Inc. (www.steptools.com) 
 */
/* OPTION: using custom schema-name function */

FILE_DESCRIPTION(
/* description */ (''),
/* implementation_level */ '2;1');

FILE_NAME(
/* name */ 'EVQ-Q2D03W',
/* time_stamp */ '2026-04-24T13:00:31+02:00',
/* author */ (''),
/* organization */ (''),
/* preprocessor_version */ 'ST-DEVELOPER v16.5',
/* originating_system */ '',
/* authorisation */ '');

FILE_SCHEMA (('AUTOMOTIVE_DESIGN'));
ENDSEC;

DATA;
#10=SHAPE_REPRESENTATION_RELATIONSHIP('','',#4855,#31);
#11=FACE_BOUND('',#573,.T.);
#12=FACE_BOUND('',#576,.T.);
#13=PRESENTATION_LAYER_ASSIGNMENT('bouton click::Poussoir','',(#22));
#14=PRESENTATION_LAYER_ASSIGNMENT('bouton click::Contacts','',(#23));
#15=PRESENTATION_LAYER_ASSIGNMENT('bouton click::Contacts','',(#24));
#16=PRESENTATION_LAYER_ASSIGNMENT('bouton click::Contacts','',(#25));
#17=PRESENTATION_LAYER_ASSIGNMENT('bouton click::Contacts','',(#26));
#18=PRESENTATION_LAYER_ASSIGNMENT('bouton click::Contacts','',(#27));
#19=PRESENTATION_LAYER_ASSIGNMENT('bouton click::Contacts','',(#28));
#20=PRESENTATION_LAYER_ASSIGNMENT('bouton click::bouclier','',(#29));
#21=PRESENTATION_LAYER_ASSIGNMENT('bouton click::Corps','',(#30));
#22=MANIFOLD_SOLID_BREP('brep_1',#32);
#23=MANIFOLD_SOLID_BREP('brep_2',#33);
#24=MANIFOLD_SOLID_BREP('brep_3',#34);
#25=MANIFOLD_SOLID_BREP('brep_4',#35);
#26=MANIFOLD_SOLID_BREP('brep_5',#36);
#27=MANIFOLD_SOLID_BREP('brep_6',#37);
#28=MANIFOLD_SOLID_BREP('brep_7',#38);
#29=MANIFOLD_SOLID_BREP('brep_8',#39);
#30=MANIFOLD_SOLID_BREP('brep_9',#40);
#31=ADVANCED_BREP_SHAPE_REPRESENTATION('brep_rep_0',(#22,#23,#24,#25,#26,
#27,#28,#29,#30,#4857),#4854);
#32=CLOSED_SHELL('',(#41,#42,#43,#44,#45,#46));
#33=CLOSED_SHELL('',(#47,#48,#49,#50,#51,#52,#53,#54,#55,#56,#57,#58,#59,
#60,#61,#62,#63,#64,#65,#66,#67,#68,#69,#70,#71,#72));
#34=CLOSED_SHELL('',(#73,#74,#75,#76,#77,#78,#79,#80,#81,#82,#83,#84,#85,
#86,#87,#88,#89,#90,#91,#92,#93,#94,#95,#96,#97,#98));
#35=CLOSED_SHELL('',(#99,#100,#101,#102,#103,#104,#105,#106,#107,#108,#109,
#110,#111,#112,#113,#114,#115,#116,#117,#118,#119,#120,#121,#122,#123,#124));
#36=CLOSED_SHELL('',(#125,#126,#127,#128,#129,#130,#131,#132,#133,#134,
#135,#136,#137,#138,#139,#140,#141,#142,#143,#144,#145,#146,#147,#148,#149,
#150));
#37=CLOSED_SHELL('',(#151,#152,#153,#154,#155,#156,#157,#158,#159,#160,
#161,#162,#163,#164,#165,#166,#167,#168,#169,#170,#171,#172,#173,#174,#175,
#176));
#38=CLOSED_SHELL('',(#177,#178,#179,#180,#181,#182,#183,#184,#185,#186,
#187,#188,#189,#190,#191,#192,#193,#194,#195,#196,#197,#198,#199,#200,#201,
#202));
#39=CLOSED_SHELL('',(#203,#204,#205,#206,#207,#208,#209,#210,#211,#212,
#213,#214));
#40=CLOSED_SHELL('',(#215,#216,#217,#218,#219,#220,#221,#222,#223,#224));
#41=ADVANCED_FACE('',(#225),#4703,.T.);
#42=ADVANCED_FACE('',(#226),#4653,.T.);
#43=ADVANCED_FACE('',(#227),#4704,.T.);
#44=ADVANCED_FACE('',(#228),#4654,.T.);
#45=ADVANCED_FACE('',(#229),#4705,.T.);
#46=ADVANCED_FACE('',(#230),#4706,.T.);
#47=ADVANCED_FACE('',(#231),#4655,.T.);
#48=ADVANCED_FACE('',(#232),#4656,.T.);
#49=ADVANCED_FACE('',(#233),#4657,.T.);
#50=ADVANCED_FACE('',(#234),#4658,.T.);
#51=ADVANCED_FACE('',(#235),#4659,.T.);
#52=ADVANCED_FACE('',(#236),#4660,.T.);
#53=ADVANCED_FACE('',(#237),#4707,.T.);
#54=ADVANCED_FACE('',(#238),#4708,.T.);
#55=ADVANCED_FACE('',(#239),#4709,.T.);
#56=ADVANCED_FACE('',(#240),#4710,.T.);
#57=ADVANCED_FACE('',(#241),#4711,.T.);
#58=ADVANCED_FACE('',(#242),#4712,.T.);
#59=ADVANCED_FACE('',(#243),#4713,.T.);
#60=ADVANCED_FACE('',(#244),#4714,.T.);
#61=ADVANCED_FACE('',(#245),#4715,.T.);
#62=ADVANCED_FACE('',(#246),#4716,.T.);
#63=ADVANCED_FACE('',(#247),#4717,.T.);
#64=ADVANCED_FACE('',(#248),#4718,.T.);
#65=ADVANCED_FACE('',(#249),#4719,.T.);
#66=ADVANCED_FACE('',(#250),#4720,.T.);
#67=ADVANCED_FACE('',(#251),#4721,.T.);
#68=ADVANCED_FACE('',(#252),#4722,.T.);
#69=ADVANCED_FACE('',(#253),#4723,.T.);
#70=ADVANCED_FACE('',(#254),#4724,.T.);
#71=ADVANCED_FACE('',(#255),#4725,.T.);
#72=ADVANCED_FACE('',(#256),#4726,.T.);
#73=ADVANCED_FACE('',(#257),#4661,.T.);
#74=ADVANCED_FACE('',(#258),#4662,.T.);
#75=ADVANCED_FACE('',(#259),#4663,.T.);
#76=ADVANCED_FACE('',(#260),#4664,.T.);
#77=ADVANCED_FACE('',(#261),#4665,.T.);
#78=ADVANCED_FACE('',(#262),#4666,.T.);
#79=ADVANCED_FACE('',(#263),#4727,.T.);
#80=ADVANCED_FACE('',(#264),#4728,.T.);
#81=ADVANCED_FACE('',(#265),#4729,.T.);
#82=ADVANCED_FACE('',(#266),#4730,.T.);
#83=ADVANCED_FACE('',(#267),#4731,.T.);
#84=ADVANCED_FACE('',(#268),#4732,.T.);
#85=ADVANCED_FACE('',(#269),#4733,.T.);
#86=ADVANCED_FACE('',(#270),#4734,.T.);
#87=ADVANCED_FACE('',(#271),#4735,.T.);
#88=ADVANCED_FACE('',(#272),#4736,.T.);
#89=ADVANCED_FACE('',(#273),#4737,.T.);
#90=ADVANCED_FACE('',(#274),#4738,.T.);
#91=ADVANCED_FACE('',(#275),#4739,.T.);
#92=ADVANCED_FACE('',(#276),#4740,.T.);
#93=ADVANCED_FACE('',(#277),#4741,.T.);
#94=ADVANCED_FACE('',(#278),#4742,.T.);
#95=ADVANCED_FACE('',(#279),#4743,.T.);
#96=ADVANCED_FACE('',(#280),#4744,.T.);
#97=ADVANCED_FACE('',(#281),#4745,.T.);
#98=ADVANCED_FACE('',(#282),#4746,.T.);
#99=ADVANCED_FACE('',(#283),#4667,.T.);
#100=ADVANCED_FACE('',(#284),#4668,.T.);
#101=ADVANCED_FACE('',(#285),#4669,.T.);
#102=ADVANCED_FACE('',(#286),#4670,.T.);
#103=ADVANCED_FACE('',(#287),#4671,.T.);
#104=ADVANCED_FACE('',(#288),#4672,.T.);
#105=ADVANCED_FACE('',(#289),#4747,.T.);
#106=ADVANCED_FACE('',(#290),#4748,.T.);
#107=ADVANCED_FACE('',(#291),#4749,.T.);
#108=ADVANCED_FACE('',(#292),#4750,.T.);
#109=ADVANCED_FACE('',(#293),#4751,.T.);
#110=ADVANCED_FACE('',(#294),#4752,.T.);
#111=ADVANCED_FACE('',(#295),#4753,.T.);
#112=ADVANCED_FACE('',(#296),#4754,.T.);
#113=ADVANCED_FACE('',(#297),#4755,.T.);
#114=ADVANCED_FACE('',(#298),#4756,.T.);
#115=ADVANCED_FACE('',(#299),#4757,.T.);
#116=ADVANCED_FACE('',(#300),#4758,.T.);
#117=ADVANCED_FACE('',(#301),#4759,.T.);
#118=ADVANCED_FACE('',(#302),#4760,.T.);
#119=ADVANCED_FACE('',(#303),#4761,.T.);
#120=ADVANCED_FACE('',(#304),#4762,.T.);
#121=ADVANCED_FACE('',(#305),#4763,.T.);
#122=ADVANCED_FACE('',(#306),#4764,.T.);
#123=ADVANCED_FACE('',(#307),#4765,.T.);
#124=ADVANCED_FACE('',(#308),#4766,.T.);
#125=ADVANCED_FACE('',(#309),#4673,.T.);
#126=ADVANCED_FACE('',(#310),#4674,.T.);
#127=ADVANCED_FACE('',(#311),#4675,.T.);
#128=ADVANCED_FACE('',(#312),#4676,.T.);
#129=ADVANCED_FACE('',(#313),#4677,.T.);
#130=ADVANCED_FACE('',(#314),#4678,.T.);
#131=ADVANCED_FACE('',(#315),#4767,.T.);
#132=ADVANCED_FACE('',(#316),#4768,.T.);
#133=ADVANCED_FACE('',(#317),#4769,.T.);
#134=ADVANCED_FACE('',(#318),#4770,.T.);
#135=ADVANCED_FACE('',(#319),#4771,.T.);
#136=ADVANCED_FACE('',(#320),#4772,.T.);
#137=ADVANCED_FACE('',(#321),#4773,.T.);
#138=ADVANCED_FACE('',(#322),#4774,.T.);
#139=ADVANCED_FACE('',(#323),#4775,.T.);
#140=ADVANCED_FACE('',(#324),#4776,.T.);
#141=ADVANCED_FACE('',(#325),#4777,.T.);
#142=ADVANCED_FACE('',(#326),#4778,.T.);
#143=ADVANCED_FACE('',(#327),#4779,.T.);
#144=ADVANCED_FACE('',(#328),#4780,.T.);
#145=ADVANCED_FACE('',(#329),#4781,.T.);
#146=ADVANCED_FACE('',(#330),#4782,.T.);
#147=ADVANCED_FACE('',(#331),#4783,.T.);
#148=ADVANCED_FACE('',(#332),#4784,.T.);
#149=ADVANCED_FACE('',(#333),#4785,.T.);
#150=ADVANCED_FACE('',(#334),#4786,.T.);
#151=ADVANCED_FACE('',(#335),#4679,.T.);
#152=ADVANCED_FACE('',(#336),#4680,.T.);
#153=ADVANCED_FACE('',(#337),#4681,.T.);
#154=ADVANCED_FACE('',(#338),#4682,.T.);
#155=ADVANCED_FACE('',(#339),#4683,.T.);
#156=ADVANCED_FACE('',(#340),#4684,.T.);
#157=ADVANCED_FACE('',(#341),#4787,.T.);
#158=ADVANCED_FACE('',(#342),#4788,.T.);
#159=ADVANCED_FACE('',(#343),#4789,.T.);
#160=ADVANCED_FACE('',(#344),#4790,.T.);
#161=ADVANCED_FACE('',(#345),#4791,.T.);
#162=ADVANCED_FACE('',(#346),#4792,.T.);
#163=ADVANCED_FACE('',(#347),#4793,.T.);
#164=ADVANCED_FACE('',(#348),#4794,.T.);
#165=ADVANCED_FACE('',(#349),#4795,.T.);
#166=ADVANCED_FACE('',(#350),#4796,.T.);
#167=ADVANCED_FACE('',(#351),#4797,.T.);
#168=ADVANCED_FACE('',(#352),#4798,.T.);
#169=ADVANCED_FACE('',(#353),#4799,.T.);
#170=ADVANCED_FACE('',(#354),#4800,.T.);
#171=ADVANCED_FACE('',(#355),#4801,.T.);
#172=ADVANCED_FACE('',(#356),#4802,.T.);
#173=ADVANCED_FACE('',(#357),#4803,.T.);
#174=ADVANCED_FACE('',(#358),#4804,.T.);
#175=ADVANCED_FACE('',(#359),#4805,.T.);
#176=ADVANCED_FACE('',(#360),#4806,.T.);
#177=ADVANCED_FACE('',(#361),#4685,.T.);
#178=ADVANCED_FACE('',(#362),#4686,.T.);
#179=ADVANCED_FACE('',(#363),#4687,.T.);
#180=ADVANCED_FACE('',(#364),#4688,.T.);
#181=ADVANCED_FACE('',(#365),#4689,.T.);
#182=ADVANCED_FACE('',(#366),#4690,.T.);
#183=ADVANCED_FACE('',(#367),#4807,.T.);
#184=ADVANCED_FACE('',(#368),#4808,.T.);
#185=ADVANCED_FACE('',(#369),#4809,.T.);
#186=ADVANCED_FACE('',(#370),#4810,.T.);
#187=ADVANCED_FACE('',(#371),#4811,.T.);
#188=ADVANCED_FACE('',(#372),#4812,.T.);
#189=ADVANCED_FACE('',(#373),#4813,.T.);
#190=ADVANCED_FACE('',(#374),#4814,.T.);
#191=ADVANCED_FACE('',(#375),#4815,.T.);
#192=ADVANCED_FACE('',(#376),#4816,.T.);
#193=ADVANCED_FACE('',(#377),#4817,.T.);
#194=ADVANCED_FACE('',(#378),#4818,.T.);
#195=ADVANCED_FACE('',(#379),#4819,.T.);
#196=ADVANCED_FACE('',(#380),#4820,.T.);
#197=ADVANCED_FACE('',(#381),#4821,.T.);
#198=ADVANCED_FACE('',(#382),#4822,.T.);
#199=ADVANCED_FACE('',(#383),#4823,.T.);
#200=ADVANCED_FACE('',(#384),#4824,.T.);
#201=ADVANCED_FACE('',(#385),#4825,.T.);
#202=ADVANCED_FACE('',(#386),#4826,.T.);
#203=ADVANCED_FACE('',(#387),#4691,.T.);
#204=ADVANCED_FACE('',(#388,#11),#4692,.T.);
#205=ADVANCED_FACE('',(#389),#4827,.T.);
#206=ADVANCED_FACE('',(#390,#12),#4693,.T.);
#207=ADVANCED_FACE('',(#391),#4828,.T.);
#208=ADVANCED_FACE('',(#392),#4694,.T.);
#209=ADVANCED_FACE('',(#393),#4695,.T.);
#210=ADVANCED_FACE('',(#394),#4696,.T.);
#211=ADVANCED_FACE('',(#395),#4829,.T.);
#212=ADVANCED_FACE('',(#396),#4830,.T.);
#213=ADVANCED_FACE('',(#397),#4831,.T.);
#214=ADVANCED_FACE('',(#398),#4832,.T.);
#215=ADVANCED_FACE('',(#399),#4697,.T.);
#216=ADVANCED_FACE('',(#400),#4698,.T.);
#217=ADVANCED_FACE('',(#401),#4699,.T.);
#218=ADVANCED_FACE('',(#402),#4833,.T.);
#219=ADVANCED_FACE('',(#403),#4700,.T.);
#220=ADVANCED_FACE('',(#404),#4701,.T.);
#221=ADVANCED_FACE('',(#405),#4702,.T.);
#222=ADVANCED_FACE('',(#406),#4834,.T.);
#223=ADVANCED_FACE('',(#407),#4835,.T.);
#224=ADVANCED_FACE('',(#408),#4836,.T.);
#225=FACE_OUTER_BOUND('',#409,.T.);
#226=FACE_OUTER_BOUND('',#410,.T.);
#227=FACE_OUTER_BOUND('',#411,.T.);
#228=FACE_OUTER_BOUND('',#412,.T.);
#229=FACE_OUTER_BOUND('',#413,.T.);
#230=FACE_OUTER_BOUND('',#414,.T.);
#231=FACE_OUTER_BOUND('',#415,.T.);
#232=FACE_OUTER_BOUND('',#416,.T.);
#233=FACE_OUTER_BOUND('',#417,.T.);
#234=FACE_OUTER_BOUND('',#418,.T.);
#235=FACE_OUTER_BOUND('',#419,.T.);
#236=FACE_OUTER_BOUND('',#420,.T.);
#237=FACE_OUTER_BOUND('',#421,.T.);
#238=FACE_OUTER_BOUND('',#422,.T.);
#239=FACE_OUTER_BOUND('',#423,.T.);
#240=FACE_OUTER_BOUND('',#424,.T.);
#241=FACE_OUTER_BOUND('',#425,.T.);
#242=FACE_OUTER_BOUND('',#426,.T.);
#243=FACE_OUTER_BOUND('',#427,.T.);
#244=FACE_OUTER_BOUND('',#428,.T.);
#245=FACE_OUTER_BOUND('',#429,.T.);
#246=FACE_OUTER_BOUND('',#430,.T.);
#247=FACE_OUTER_BOUND('',#431,.T.);
#248=FACE_OUTER_BOUND('',#432,.T.);
#249=FACE_OUTER_BOUND('',#433,.T.);
#250=FACE_OUTER_BOUND('',#434,.T.);
#251=FACE_OUTER_BOUND('',#435,.T.);
#252=FACE_OUTER_BOUND('',#436,.T.);
#253=FACE_OUTER_BOUND('',#437,.T.);
#254=FACE_OUTER_BOUND('',#438,.T.);
#255=FACE_OUTER_BOUND('',#439,.T.);
#256=FACE_OUTER_BOUND('',#440,.T.);
#257=FACE_OUTER_BOUND('',#441,.T.);
#258=FACE_OUTER_BOUND('',#442,.T.);
#259=FACE_OUTER_BOUND('',#443,.T.);
#260=FACE_OUTER_BOUND('',#444,.T.);
#261=FACE_OUTER_BOUND('',#445,.T.);
#262=FACE_OUTER_BOUND('',#446,.T.);
#263=FACE_OUTER_BOUND('',#447,.T.);
#264=FACE_OUTER_BOUND('',#448,.T.);
#265=FACE_OUTER_BOUND('',#449,.T.);
#266=FACE_OUTER_BOUND('',#450,.T.);
#267=FACE_OUTER_BOUND('',#451,.T.);
#268=FACE_OUTER_BOUND('',#452,.T.);
#269=FACE_OUTER_BOUND('',#453,.T.);
#270=FACE_OUTER_BOUND('',#454,.T.);
#271=FACE_OUTER_BOUND('',#455,.T.);
#272=FACE_OUTER_BOUND('',#456,.T.);
#273=FACE_OUTER_BOUND('',#457,.T.);
#274=FACE_OUTER_BOUND('',#458,.T.);
#275=FACE_OUTER_BOUND('',#459,.T.);
#276=FACE_OUTER_BOUND('',#460,.T.);
#277=FACE_OUTER_BOUND('',#461,.T.);
#278=FACE_OUTER_BOUND('',#462,.T.);
#279=FACE_OUTER_BOUND('',#463,.T.);
#280=FACE_OUTER_BOUND('',#464,.T.);
#281=FACE_OUTER_BOUND('',#465,.T.);
#282=FACE_OUTER_BOUND('',#466,.T.);
#283=FACE_OUTER_BOUND('',#467,.T.);
#284=FACE_OUTER_BOUND('',#468,.T.);
#285=FACE_OUTER_BOUND('',#469,.T.);
#286=FACE_OUTER_BOUND('',#470,.T.);
#287=FACE_OUTER_BOUND('',#471,.T.);
#288=FACE_OUTER_BOUND('',#472,.T.);
#289=FACE_OUTER_BOUND('',#473,.T.);
#290=FACE_OUTER_BOUND('',#474,.T.);
#291=FACE_OUTER_BOUND('',#475,.T.);
#292=FACE_OUTER_BOUND('',#476,.T.);
#293=FACE_OUTER_BOUND('',#477,.T.);
#294=FACE_OUTER_BOUND('',#478,.T.);
#295=FACE_OUTER_BOUND('',#479,.T.);
#296=FACE_OUTER_BOUND('',#480,.T.);
#297=FACE_OUTER_BOUND('',#481,.T.);
#298=FACE_OUTER_BOUND('',#482,.T.);
#299=FACE_OUTER_BOUND('',#483,.T.);
#300=FACE_OUTER_BOUND('',#484,.T.);
#301=FACE_OUTER_BOUND('',#485,.T.);
#302=FACE_OUTER_BOUND('',#486,.T.);
#303=FACE_OUTER_BOUND('',#487,.T.);
#304=FACE_OUTER_BOUND('',#488,.T.);
#305=FACE_OUTER_BOUND('',#489,.T.);
#306=FACE_OUTER_BOUND('',#490,.T.);
#307=FACE_OUTER_BOUND('',#491,.T.);
#308=FACE_OUTER_BOUND('',#492,.T.);
#309=FACE_OUTER_BOUND('',#493,.T.);
#310=FACE_OUTER_BOUND('',#494,.T.);
#311=FACE_OUTER_BOUND('',#495,.T.);
#312=FACE_OUTER_BOUND('',#496,.T.);
#313=FACE_OUTER_BOUND('',#497,.T.);
#314=FACE_OUTER_BOUND('',#498,.T.);
#315=FACE_OUTER_BOUND('',#499,.T.);
#316=FACE_OUTER_BOUND('',#500,.T.);
#317=FACE_OUTER_BOUND('',#501,.T.);
#318=FACE_OUTER_BOUND('',#502,.T.);
#319=FACE_OUTER_BOUND('',#503,.T.);
#320=FACE_OUTER_BOUND('',#504,.T.);
#321=FACE_OUTER_BOUND('',#505,.T.);
#322=FACE_OUTER_BOUND('',#506,.T.);
#323=FACE_OUTER_BOUND('',#507,.T.);
#324=FACE_OUTER_BOUND('',#508,.T.);
#325=FACE_OUTER_BOUND('',#509,.T.);
#326=FACE_OUTER_BOUND('',#510,.T.);
#327=FACE_OUTER_BOUND('',#511,.T.);
#328=FACE_OUTER_BOUND('',#512,.T.);
#329=FACE_OUTER_BOUND('',#513,.T.);
#330=FACE_OUTER_BOUND('',#514,.T.);
#331=FACE_OUTER_BOUND('',#515,.T.);
#332=FACE_OUTER_BOUND('',#516,.T.);
#333=FACE_OUTER_BOUND('',#517,.T.);
#334=FACE_OUTER_BOUND('',#518,.T.);
#335=FACE_OUTER_BOUND('',#519,.T.);
#336=FACE_OUTER_BOUND('',#520,.T.);
#337=FACE_OUTER_BOUND('',#521,.T.);
#338=FACE_OUTER_BOUND('',#522,.T.);
#339=FACE_OUTER_BOUND('',#523,.T.);
#340=FACE_OUTER_BOUND('',#524,.T.);
#341=FACE_OUTER_BOUND('',#525,.T.);
#342=FACE_OUTER_BOUND('',#526,.T.);
#343=FACE_OUTER_BOUND('',#527,.T.);
#344=FACE_OUTER_BOUND('',#528,.T.);
#345=FACE_OUTER_BOUND('',#529,.T.);
#346=FACE_OUTER_BOUND('',#530,.T.);
#347=FACE_OUTER_BOUND('',#531,.T.);
#348=FACE_OUTER_BOUND('',#532,.T.);
#349=FACE_OUTER_BOUND('',#533,.T.);
#350=FACE_OUTER_BOUND('',#534,.T.);
#351=FACE_OUTER_BOUND('',#535,.T.);
#352=FACE_OUTER_BOUND('',#536,.T.);
#353=FACE_OUTER_BOUND('',#537,.T.);
#354=FACE_OUTER_BOUND('',#538,.T.);
#355=FACE_OUTER_BOUND('',#539,.T.);
#356=FACE_OUTER_BOUND('',#540,.T.);
#357=FACE_OUTER_BOUND('',#541,.T.);
#358=FACE_OUTER_BOUND('',#542,.T.);
#359=FACE_OUTER_BOUND('',#543,.T.);
#360=FACE_OUTER_BOUND('',#544,.T.);
#361=FACE_OUTER_BOUND('',#545,.T.);
#362=FACE_OUTER_BOUND('',#546,.T.);
#363=FACE_OUTER_BOUND('',#547,.T.);
#364=FACE_OUTER_BOUND('',#548,.T.);
#365=FACE_OUTER_BOUND('',#549,.T.);
#366=FACE_OUTER_BOUND('',#550,.T.);
#367=FACE_OUTER_BOUND('',#551,.T.);
#368=FACE_OUTER_BOUND('',#552,.T.);
#369=FACE_OUTER_BOUND('',#553,.T.);
#370=FACE_OUTER_BOUND('',#554,.T.);
#371=FACE_OUTER_BOUND('',#555,.T.);
#372=FACE_OUTER_BOUND('',#556,.T.);
#373=FACE_OUTER_BOUND('',#557,.T.);
#374=FACE_OUTER_BOUND('',#558,.T.);
#375=FACE_OUTER_BOUND('',#559,.T.);
#376=FACE_OUTER_BOUND('',#560,.T.);
#377=FACE_OUTER_BOUND('',#561,.T.);
#378=FACE_OUTER_BOUND('',#562,.T.);
#379=FACE_OUTER_BOUND('',#563,.T.);
#380=FACE_OUTER_BOUND('',#564,.T.);
#381=FACE_OUTER_BOUND('',#565,.T.);
#382=FACE_OUTER_BOUND('',#566,.T.);
#383=FACE_OUTER_BOUND('',#567,.T.);
#384=FACE_OUTER_BOUND('',#568,.T.);
#385=FACE_OUTER_BOUND('',#569,.T.);
#386=FACE_OUTER_BOUND('',#570,.T.);
#387=FACE_OUTER_BOUND('',#571,.T.);
#388=FACE_OUTER_BOUND('',#572,.T.);
#389=FACE_OUTER_BOUND('',#574,.T.);
#390=FACE_OUTER_BOUND('',#575,.T.);
#391=FACE_OUTER_BOUND('',#577,.T.);
#392=FACE_OUTER_BOUND('',#578,.T.);
#393=FACE_OUTER_BOUND('',#579,.T.);
#394=FACE_OUTER_BOUND('',#580,.T.);
#395=FACE_OUTER_BOUND('',#581,.T.);
#396=FACE_OUTER_BOUND('',#582,.T.);
#397=FACE_OUTER_BOUND('',#583,.T.);
#398=FACE_OUTER_BOUND('',#584,.T.);
#399=FACE_OUTER_BOUND('',#585,.T.);
#400=FACE_OUTER_BOUND('',#586,.T.);
#401=FACE_OUTER_BOUND('',#587,.T.);
#402=FACE_OUTER_BOUND('',#588,.T.);
#403=FACE_OUTER_BOUND('',#589,.T.);
#404=FACE_OUTER_BOUND('',#590,.T.);
#405=FACE_OUTER_BOUND('',#591,.T.);
#406=FACE_OUTER_BOUND('',#592,.T.);
#407=FACE_OUTER_BOUND('',#593,.T.);
#408=FACE_OUTER_BOUND('',#594,.T.);
#409=EDGE_LOOP('',(#595,#596,#597,#598));
#410=EDGE_LOOP('',(#599,#600));
#411=EDGE_LOOP('',(#601,#602,#603,#604));
#412=EDGE_LOOP('',(#605,#606));
#413=EDGE_LOOP('',(#607,#608,#609,#610));
#414=EDGE_LOOP('',(#611,#612,#613,#614));
#415=EDGE_LOOP('',(#615,#616,#617,#618));
#416=EDGE_LOOP('',(#619,#620,#621,#622));
#417=EDGE_LOOP('',(#623,#624,#625,#626));
#418=EDGE_LOOP('',(#627,#628,#629,#630));
#419=EDGE_LOOP('',(#631,#632,#633,#634));
#420=EDGE_LOOP('',(#635,#636,#637,#638));
#421=EDGE_LOOP('',(#639,#640,#641,#642));
#422=EDGE_LOOP('',(#643,#644,#645,#646));
#423=EDGE_LOOP('',(#647,#648,#649,#650));
#424=EDGE_LOOP('',(#651,#652,#653,#654));
#425=EDGE_LOOP('',(#655,#656,#657,#658));
#426=EDGE_LOOP('',(#659,#660,#661,#662));
#427=EDGE_LOOP('',(#663,#664,#665,#666));
#428=EDGE_LOOP('',(#667,#668,#669,#670));
#429=EDGE_LOOP('',(#671,#672,#673,#674));
#430=EDGE_LOOP('',(#675,#676,#677,#678));
#431=EDGE_LOOP('',(#679,#680,#681,#682));
#432=EDGE_LOOP('',(#683,#684,#685,#686));
#433=EDGE_LOOP('',(#687,#688,#689));
#434=EDGE_LOOP('',(#690,#691,#692));
#435=EDGE_LOOP('',(#693,#694,#695));
#436=EDGE_LOOP('',(#696,#697,#698));
#437=EDGE_LOOP('',(#699,#700,#701));
#438=EDGE_LOOP('',(#702,#703,#704));
#439=EDGE_LOOP('',(#705,#706,#707));
#440=EDGE_LOOP('',(#708,#709,#710));
#441=EDGE_LOOP('',(#711,#712,#713,#714));
#442=EDGE_LOOP('',(#715,#716,#717,#718));
#443=EDGE_LOOP('',(#719,#720,#721,#722));
#444=EDGE_LOOP('',(#723,#724,#725,#726));
#445=EDGE_LOOP('',(#727,#728,#729,#730));
#446=EDGE_LOOP('',(#731,#732,#733,#734));
#447=EDGE_LOOP('',(#735,#736,#737,#738));
#448=EDGE_LOOP('',(#739,#740,#741,#742));
#449=EDGE_LOOP('',(#743,#744,#745,#746));
#450=EDGE_LOOP('',(#747,#748,#749,#750));
#451=EDGE_LOOP('',(#751,#752,#753,#754));
#452=EDGE_LOOP('',(#755,#756,#757,#758));
#453=EDGE_LOOP('',(#759,#760,#761,#762));
#454=EDGE_LOOP('',(#763,#764,#765,#766));
#455=EDGE_LOOP('',(#767,#768,#769,#770));
#456=EDGE_LOOP('',(#771,#772,#773,#774));
#457=EDGE_LOOP('',(#775,#776,#777,#778));
#458=EDGE_LOOP('',(#779,#780,#781,#782));
#459=EDGE_LOOP('',(#783,#784,#785));
#460=EDGE_LOOP('',(#786,#787,#788));
#461=EDGE_LOOP('',(#789,#790,#791));
#462=EDGE_LOOP('',(#792,#793,#794));
#463=EDGE_LOOP('',(#795,#796,#797));
#464=EDGE_LOOP('',(#798,#799,#800));
#465=EDGE_LOOP('',(#801,#802,#803));
#466=EDGE_LOOP('',(#804,#805,#806));
#467=EDGE_LOOP('',(#807,#808,#809,#810));
#468=EDGE_LOOP('',(#811,#812,#813,#814));
#469=EDGE_LOOP('',(#815,#816,#817,#818));
#470=EDGE_LOOP('',(#819,#820,#821,#822));
#471=EDGE_LOOP('',(#823,#824,#825,#826));
#472=EDGE_LOOP('',(#827,#828,#829,#830));
#473=EDGE_LOOP('',(#831,#832,#833,#834));
#474=EDGE_LOOP('',(#835,#836,#837,#838));
#475=EDGE_LOOP('',(#839,#840,#841,#842));
#476=EDGE_LOOP('',(#843,#844,#845,#846));
#477=EDGE_LOOP('',(#847,#848,#849,#850));
#478=EDGE_LOOP('',(#851,#852,#853,#854));
#479=EDGE_LOOP('',(#855,#856,#857,#858));
#480=EDGE_LOOP('',(#859,#860,#861,#862));
#481=EDGE_LOOP('',(#863,#864,#865,#866));
#482=EDGE_LOOP('',(#867,#868,#869,#870));
#483=EDGE_LOOP('',(#871,#872,#873,#874));
#484=EDGE_LOOP('',(#875,#876,#877,#878));
#485=EDGE_LOOP('',(#879,#880,#881));
#486=EDGE_LOOP('',(#882,#883,#884));
#487=EDGE_LOOP('',(#885,#886,#887));
#488=EDGE_LOOP('',(#888,#889,#890));
#489=EDGE_LOOP('',(#891,#892,#893));
#490=EDGE_LOOP('',(#894,#895,#896));
#491=EDGE_LOOP('',(#897,#898,#899));
#492=EDGE_LOOP('',(#900,#901,#902));
#493=EDGE_LOOP('',(#903,#904,#905,#906));
#494=EDGE_LOOP('',(#907,#908,#909,#910));
#495=EDGE_LOOP('',(#911,#912,#913,#914));
#496=EDGE_LOOP('',(#915,#916,#917,#918));
#497=EDGE_LOOP('',(#919,#920,#921,#922));
#498=EDGE_LOOP('',(#923,#924,#925,#926));
#499=EDGE_LOOP('',(#927,#928,#929,#930));
#500=EDGE_LOOP('',(#931,#932,#933,#934));
#501=EDGE_LOOP('',(#935,#936,#937,#938));
#502=EDGE_LOOP('',(#939,#940,#941,#942));
#503=EDGE_LOOP('',(#943,#944,#945,#946));
#504=EDGE_LOOP('',(#947,#948,#949,#950));
#505=EDGE_LOOP('',(#951,#952,#953,#954));
#506=EDGE_LOOP('',(#955,#956,#957,#958));
#507=EDGE_LOOP('',(#959,#960,#961,#962));
#508=EDGE_LOOP('',(#963,#964,#965,#966));
#509=EDGE_LOOP('',(#967,#968,#969,#970));
#510=EDGE_LOOP('',(#971,#972,#973,#974));
#511=EDGE_LOOP('',(#975,#976,#977));
#512=EDGE_LOOP('',(#978,#979,#980));
#513=EDGE_LOOP('',(#981,#982,#983));
#514=EDGE_LOOP('',(#984,#985,#986));
#515=EDGE_LOOP('',(#987,#988,#989));
#516=EDGE_LOOP('',(#990,#991,#992));
#517=EDGE_LOOP('',(#993,#994,#995));
#518=EDGE_LOOP('',(#996,#997,#998));
#519=EDGE_LOOP('',(#999,#1000,#1001,#1002));
#520=EDGE_LOOP('',(#1003,#1004,#1005,#1006));
#521=EDGE_LOOP('',(#1007,#1008,#1009,#1010));
#522=EDGE_LOOP('',(#1011,#1012,#1013,#1014));
#523=EDGE_LOOP('',(#1015,#1016,#1017,#1018));
#524=EDGE_LOOP('',(#1019,#1020,#1021,#1022));
#525=EDGE_LOOP('',(#1023,#1024,#1025,#1026));
#526=EDGE_LOOP('',(#1027,#1028,#1029,#1030));
#527=EDGE_LOOP('',(#1031,#1032,#1033,#1034));
#528=EDGE_LOOP('',(#1035,#1036,#1037,#1038));
#529=EDGE_LOOP('',(#1039,#1040,#1041,#1042));
#530=EDGE_LOOP('',(#1043,#1044,#1045,#1046));
#531=EDGE_LOOP('',(#1047,#1048,#1049,#1050));
#532=EDGE_LOOP('',(#1051,#1052,#1053,#1054));
#533=EDGE_LOOP('',(#1055,#1056,#1057,#1058));
#534=EDGE_LOOP('',(#1059,#1060,#1061,#1062));
#535=EDGE_LOOP('',(#1063,#1064,#1065,#1066));
#536=EDGE_LOOP('',(#1067,#1068,#1069,#1070));
#537=EDGE_LOOP('',(#1071,#1072,#1073));
#538=EDGE_LOOP('',(#1074,#1075,#1076));
#539=EDGE_LOOP('',(#1077,#1078,#1079));
#540=EDGE_LOOP('',(#1080,#1081,#1082));
#541=EDGE_LOOP('',(#1083,#1084,#1085));
#542=EDGE_LOOP('',(#1086,#1087,#1088));
#543=EDGE_LOOP('',(#1089,#1090,#1091));
#544=EDGE_LOOP('',(#1092,#1093,#1094));
#545=EDGE_LOOP('',(#1095,#1096,#1097,#1098));
#546=EDGE_LOOP('',(#1099,#1100,#1101,#1102));
#547=EDGE_LOOP('',(#1103,#1104,#1105,#1106));
#548=EDGE_LOOP('',(#1107,#1108,#1109,#1110));
#549=EDGE_LOOP('',(#1111,#1112,#1113,#1114));
#550=EDGE_LOOP('',(#1115,#1116,#1117,#1118));
#551=EDGE_LOOP('',(#1119,#1120,#1121,#1122));
#552=EDGE_LOOP('',(#1123,#1124,#1125,#1126));
#553=EDGE_LOOP('',(#1127,#1128,#1129,#1130));
#554=EDGE_LOOP('',(#1131,#1132,#1133,#1134));
#555=EDGE_LOOP('',(#1135,#1136,#1137,#1138));
#556=EDGE_LOOP('',(#1139,#1140,#1141,#1142));
#557=EDGE_LOOP('',(#1143,#1144,#1145,#1146));
#558=EDGE_LOOP('',(#1147,#1148,#1149,#1150));
#559=EDGE_LOOP('',(#1151,#1152,#1153,#1154));
#560=EDGE_LOOP('',(#1155,#1156,#1157,#1158));
#561=EDGE_LOOP('',(#1159,#1160,#1161,#1162));
#562=EDGE_LOOP('',(#1163,#1164,#1165,#1166));
#563=EDGE_LOOP('',(#1167,#1168,#1169));
#564=EDGE_LOOP('',(#1170,#1171,#1172));
#565=EDGE_LOOP('',(#1173,#1174,#1175));
#566=EDGE_LOOP('',(#1176,#1177,#1178));
#567=EDGE_LOOP('',(#1179,#1180,#1181));
#568=EDGE_LOOP('',(#1182,#1183,#1184));
#569=EDGE_LOOP('',(#1185,#1186,#1187));
#570=EDGE_LOOP('',(#1188,#1189,#1190));
#571=EDGE_LOOP('',(#1191,#1192,#1193,#1194));
#572=EDGE_LOOP('',(#1195,#1196,#1197,#1198,#1199,#1200,#1201,#1202));
#573=EDGE_LOOP('',(#1203,#1204));
#574=EDGE_LOOP('',(#1205,#1206,#1207,#1208));
#575=EDGE_LOOP('',(#1209,#1210,#1211,#1212,#1213,#1214,#1215,#1216));
#576=EDGE_LOOP('',(#1217,#1218));
#577=EDGE_LOOP('',(#1219,#1220,#1221,#1222));
#578=EDGE_LOOP('',(#1223,#1224,#1225,#1226));
#579=EDGE_LOOP('',(#1227,#1228,#1229,#1230));
#580=EDGE_LOOP('',(#1231,#1232,#1233,#1234));
#581=EDGE_LOOP('',(#1235,#1236,#1237,#1238));
#582=EDGE_LOOP('',(#1239,#1240,#1241,#1242));
#583=EDGE_LOOP('',(#1243,#1244,#1245,#1246));
#584=EDGE_LOOP('',(#1247,#1248,#1249,#1250));
#585=EDGE_LOOP('',(#1251,#1252,#1253,#1254));
#586=EDGE_LOOP('',(#1255,#1256,#1257,#1258,#1259,#1260,#1261,#1262));
#587=EDGE_LOOP('',(#1263,#1264,#1265,#1266,#1267,#1268,#1269,#1270));
#588=EDGE_LOOP('',(#1271,#1272,#1273,#1274));
#589=EDGE_LOOP('',(#1275,#1276,#1277,#1278));
#590=EDGE_LOOP('',(#1279,#1280,#1281,#1282));
#591=EDGE_LOOP('',(#1283,#1284,#1285,#1286));
#592=EDGE_LOOP('',(#1287,#1288,#1289,#1290));
#593=EDGE_LOOP('',(#1291,#1292,#1293,#1294));
#594=EDGE_LOOP('',(#1295,#1296,#1297,#1298));
#595=ORIENTED_EDGE('',*,*,#3931,.T.);
#596=ORIENTED_EDGE('',*,*,#3932,.T.);
#597=ORIENTED_EDGE('',*,*,#3933,.T.);
#598=ORIENTED_EDGE('',*,*,#3934,.T.);
#599=ORIENTED_EDGE('',*,*,#3935,.T.);
#600=ORIENTED_EDGE('',*,*,#3936,.T.);
#601=ORIENTED_EDGE('',*,*,#3937,.T.);
#602=ORIENTED_EDGE('',*,*,#3935,.F.);
#603=ORIENTED_EDGE('',*,*,#3938,.T.);
#604=ORIENTED_EDGE('',*,*,#3932,.F.);
#605=ORIENTED_EDGE('',*,*,#3939,.T.);
#606=ORIENTED_EDGE('',*,*,#3934,.F.);
#607=ORIENTED_EDGE('',*,*,#3939,.F.);
#608=ORIENTED_EDGE('',*,*,#3933,.F.);
#609=ORIENTED_EDGE('',*,*,#3940,.T.);
#610=ORIENTED_EDGE('',*,*,#3931,.F.);
#611=ORIENTED_EDGE('',*,*,#3940,.F.);
#612=ORIENTED_EDGE('',*,*,#3938,.F.);
#613=ORIENTED_EDGE('',*,*,#3936,.F.);
#614=ORIENTED_EDGE('',*,*,#3937,.F.);
#615=ORIENTED_EDGE('',*,*,#3941,.T.);
#616=ORIENTED_EDGE('',*,*,#3942,.T.);
#617=ORIENTED_EDGE('',*,*,#3943,.T.);
#618=ORIENTED_EDGE('',*,*,#3944,.T.);
#619=ORIENTED_EDGE('',*,*,#3945,.T.);
#620=ORIENTED_EDGE('',*,*,#3946,.T.);
#621=ORIENTED_EDGE('',*,*,#3947,.T.);
#622=ORIENTED_EDGE('',*,*,#3948,.T.);
#623=ORIENTED_EDGE('',*,*,#3949,.T.);
#624=ORIENTED_EDGE('',*,*,#3950,.T.);
#625=ORIENTED_EDGE('',*,*,#3951,.T.);
#626=ORIENTED_EDGE('',*,*,#3952,.T.);
#627=ORIENTED_EDGE('',*,*,#3953,.T.);
#628=ORIENTED_EDGE('',*,*,#3954,.T.);
#629=ORIENTED_EDGE('',*,*,#3955,.T.);
#630=ORIENTED_EDGE('',*,*,#3956,.T.);
#631=ORIENTED_EDGE('',*,*,#3957,.T.);
#632=ORIENTED_EDGE('',*,*,#3958,.T.);
#633=ORIENTED_EDGE('',*,*,#3959,.T.);
#634=ORIENTED_EDGE('',*,*,#3960,.T.);
#635=ORIENTED_EDGE('',*,*,#3961,.T.);
#636=ORIENTED_EDGE('',*,*,#3962,.T.);
#637=ORIENTED_EDGE('',*,*,#3963,.T.);
#638=ORIENTED_EDGE('',*,*,#3964,.T.);
#639=ORIENTED_EDGE('',*,*,#3965,.T.);
#640=ORIENTED_EDGE('',*,*,#3959,.F.);
#641=ORIENTED_EDGE('',*,*,#3966,.T.);
#642=ORIENTED_EDGE('',*,*,#3942,.F.);
#643=ORIENTED_EDGE('',*,*,#3943,.F.);
#644=ORIENTED_EDGE('',*,*,#3967,.T.);
#645=ORIENTED_EDGE('',*,*,#3945,.F.);
#646=ORIENTED_EDGE('',*,*,#3968,.T.);
#647=ORIENTED_EDGE('',*,*,#3944,.F.);
#648=ORIENTED_EDGE('',*,*,#3969,.T.);
#649=ORIENTED_EDGE('',*,*,#3964,.F.);
#650=ORIENTED_EDGE('',*,*,#3970,.T.);
#651=ORIENTED_EDGE('',*,*,#3941,.F.);
#652=ORIENTED_EDGE('',*,*,#3971,.T.);
#653=ORIENTED_EDGE('',*,*,#3955,.F.);
#654=ORIENTED_EDGE('',*,*,#3972,.T.);
#655=ORIENTED_EDGE('',*,*,#3973,.T.);
#656=ORIENTED_EDGE('',*,*,#3958,.F.);
#657=ORIENTED_EDGE('',*,*,#3974,.T.);
#658=ORIENTED_EDGE('',*,*,#3946,.F.);
#659=ORIENTED_EDGE('',*,*,#3947,.F.);
#660=ORIENTED_EDGE('',*,*,#3975,.T.);
#661=ORIENTED_EDGE('',*,*,#3952,.F.);
#662=ORIENTED_EDGE('',*,*,#3976,.T.);
#663=ORIENTED_EDGE('',*,*,#3948,.F.);
#664=ORIENTED_EDGE('',*,*,#3977,.T.);
#665=ORIENTED_EDGE('',*,*,#3961,.F.);
#666=ORIENTED_EDGE('',*,*,#3978,.T.);
#667=ORIENTED_EDGE('',*,*,#3979,.T.);
#668=ORIENTED_EDGE('',*,*,#3957,.F.);
#669=ORIENTED_EDGE('',*,*,#3980,.T.);
#670=ORIENTED_EDGE('',*,*,#3949,.F.);
#671=ORIENTED_EDGE('',*,*,#3950,.F.);
#672=ORIENTED_EDGE('',*,*,#3981,.T.);
#673=ORIENTED_EDGE('',*,*,#3953,.F.);
#674=ORIENTED_EDGE('',*,*,#3982,.T.);
#675=ORIENTED_EDGE('',*,*,#3951,.F.);
#676=ORIENTED_EDGE('',*,*,#3983,.T.);
#677=ORIENTED_EDGE('',*,*,#3962,.F.);
#678=ORIENTED_EDGE('',*,*,#3984,.T.);
#679=ORIENTED_EDGE('',*,*,#3985,.T.);
#680=ORIENTED_EDGE('',*,*,#3960,.F.);
#681=ORIENTED_EDGE('',*,*,#3986,.T.);
#682=ORIENTED_EDGE('',*,*,#3954,.F.);
#683=ORIENTED_EDGE('',*,*,#3956,.F.);
#684=ORIENTED_EDGE('',*,*,#3987,.T.);
#685=ORIENTED_EDGE('',*,*,#3963,.F.);
#686=ORIENTED_EDGE('',*,*,#3988,.T.);
#687=ORIENTED_EDGE('',*,*,#3972,.F.);
#688=ORIENTED_EDGE('',*,*,#3986,.F.);
#689=ORIENTED_EDGE('',*,*,#3965,.F.);
#690=ORIENTED_EDGE('',*,*,#3966,.F.);
#691=ORIENTED_EDGE('',*,*,#3973,.F.);
#692=ORIENTED_EDGE('',*,*,#3967,.F.);
#693=ORIENTED_EDGE('',*,*,#3968,.F.);
#694=ORIENTED_EDGE('',*,*,#3978,.F.);
#695=ORIENTED_EDGE('',*,*,#3969,.F.);
#696=ORIENTED_EDGE('',*,*,#3970,.F.);
#697=ORIENTED_EDGE('',*,*,#3987,.F.);
#698=ORIENTED_EDGE('',*,*,#3971,.F.);
#699=ORIENTED_EDGE('',*,*,#3974,.F.);
#700=ORIENTED_EDGE('',*,*,#3979,.F.);
#701=ORIENTED_EDGE('',*,*,#3975,.F.);
#702=ORIENTED_EDGE('',*,*,#3976,.F.);
#703=ORIENTED_EDGE('',*,*,#3984,.F.);
#704=ORIENTED_EDGE('',*,*,#3977,.F.);
#705=ORIENTED_EDGE('',*,*,#3980,.F.);
#706=ORIENTED_EDGE('',*,*,#3985,.F.);
#707=ORIENTED_EDGE('',*,*,#3981,.F.);
#708=ORIENTED_EDGE('',*,*,#3982,.F.);
#709=ORIENTED_EDGE('',*,*,#3988,.F.);
#710=ORIENTED_EDGE('',*,*,#3983,.F.);
#711=ORIENTED_EDGE('',*,*,#3989,.T.);
#712=ORIENTED_EDGE('',*,*,#3990,.T.);
#713=ORIENTED_EDGE('',*,*,#3991,.T.);
#714=ORIENTED_EDGE('',*,*,#3992,.T.);
#715=ORIENTED_EDGE('',*,*,#3993,.T.);
#716=ORIENTED_EDGE('',*,*,#3994,.T.);
#717=ORIENTED_EDGE('',*,*,#3995,.T.);
#718=ORIENTED_EDGE('',*,*,#3996,.T.);
#719=ORIENTED_EDGE('',*,*,#3997,.T.);
#720=ORIENTED_EDGE('',*,*,#3998,.T.);
#721=ORIENTED_EDGE('',*,*,#3999,.T.);
#722=ORIENTED_EDGE('',*,*,#4000,.T.);
#723=ORIENTED_EDGE('',*,*,#4001,.T.);
#724=ORIENTED_EDGE('',*,*,#4002,.T.);
#725=ORIENTED_EDGE('',*,*,#4003,.T.);
#726=ORIENTED_EDGE('',*,*,#4004,.T.);
#727=ORIENTED_EDGE('',*,*,#4005,.T.);
#728=ORIENTED_EDGE('',*,*,#4006,.T.);
#729=ORIENTED_EDGE('',*,*,#4007,.T.);
#730=ORIENTED_EDGE('',*,*,#4008,.T.);
#731=ORIENTED_EDGE('',*,*,#4009,.T.);
#732=ORIENTED_EDGE('',*,*,#4010,.T.);
#733=ORIENTED_EDGE('',*,*,#4011,.T.);
#734=ORIENTED_EDGE('',*,*,#4012,.T.);
#735=ORIENTED_EDGE('',*,*,#4013,.T.);
#736=ORIENTED_EDGE('',*,*,#4007,.F.);
#737=ORIENTED_EDGE('',*,*,#4014,.T.);
#738=ORIENTED_EDGE('',*,*,#3990,.F.);
#739=ORIENTED_EDGE('',*,*,#3991,.F.);
#740=ORIENTED_EDGE('',*,*,#4015,.T.);
#741=ORIENTED_EDGE('',*,*,#3993,.F.);
#742=ORIENTED_EDGE('',*,*,#4016,.T.);
#743=ORIENTED_EDGE('',*,*,#3992,.F.);
#744=ORIENTED_EDGE('',*,*,#4017,.T.);
#745=ORIENTED_EDGE('',*,*,#4012,.F.);
#746=ORIENTED_EDGE('',*,*,#4018,.T.);
#747=ORIENTED_EDGE('',*,*,#3989,.F.);
#748=ORIENTED_EDGE('',*,*,#4019,.T.);
#749=ORIENTED_EDGE('',*,*,#4003,.F.);
#750=ORIENTED_EDGE('',*,*,#4020,.T.);
#751=ORIENTED_EDGE('',*,*,#4021,.T.);
#752=ORIENTED_EDGE('',*,*,#4006,.F.);
#753=ORIENTED_EDGE('',*,*,#4022,.T.);
#754=ORIENTED_EDGE('',*,*,#3994,.F.);
#755=ORIENTED_EDGE('',*,*,#3995,.F.);
#756=ORIENTED_EDGE('',*,*,#4023,.T.);
#757=ORIENTED_EDGE('',*,*,#4000,.F.);
#758=ORIENTED_EDGE('',*,*,#4024,.T.);
#759=ORIENTED_EDGE('',*,*,#3996,.F.);
#760=ORIENTED_EDGE('',*,*,#4025,.T.);
#761=ORIENTED_EDGE('',*,*,#4009,.F.);
#762=ORIENTED_EDGE('',*,*,#4026,.T.);
#763=ORIENTED_EDGE('',*,*,#4027,.T.);
#764=ORIENTED_EDGE('',*,*,#4005,.F.);
#765=ORIENTED_EDGE('',*,*,#4028,.T.);
#766=ORIENTED_EDGE('',*,*,#3997,.F.);
#767=ORIENTED_EDGE('',*,*,#3998,.F.);
#768=ORIENTED_EDGE('',*,*,#4029,.T.);
#769=ORIENTED_EDGE('',*,*,#4001,.F.);
#770=ORIENTED_EDGE('',*,*,#4030,.T.);
#771=ORIENTED_EDGE('',*,*,#3999,.F.);
#772=ORIENTED_EDGE('',*,*,#4031,.T.);
#773=ORIENTED_EDGE('',*,*,#4010,.F.);
#774=ORIENTED_EDGE('',*,*,#4032,.T.);
#775=ORIENTED_EDGE('',*,*,#4033,.T.);
#776=ORIENTED_EDGE('',*,*,#4008,.F.);
#777=ORIENTED_EDGE('',*,*,#4034,.T.);
#778=ORIENTED_EDGE('',*,*,#4002,.F.);
#779=ORIENTED_EDGE('',*,*,#4004,.F.);
#780=ORIENTED_EDGE('',*,*,#4035,.T.);
#781=ORIENTED_EDGE('',*,*,#4011,.F.);
#782=ORIENTED_EDGE('',*,*,#4036,.T.);
#783=ORIENTED_EDGE('',*,*,#4020,.F.);
#784=ORIENTED_EDGE('',*,*,#4034,.F.);
#785=ORIENTED_EDGE('',*,*,#4013,.F.);
#786=ORIENTED_EDGE('',*,*,#4014,.F.);
#787=ORIENTED_EDGE('',*,*,#4021,.F.);
#788=ORIENTED_EDGE('',*,*,#4015,.F.);
#789=ORIENTED_EDGE('',*,*,#4016,.F.);
#790=ORIENTED_EDGE('',*,*,#4026,.F.);
#791=ORIENTED_EDGE('',*,*,#4017,.F.);
#792=ORIENTED_EDGE('',*,*,#4018,.F.);
#793=ORIENTED_EDGE('',*,*,#4035,.F.);
#794=ORIENTED_EDGE('',*,*,#4019,.F.);
#795=ORIENTED_EDGE('',*,*,#4022,.F.);
#796=ORIENTED_EDGE('',*,*,#4027,.F.);
#797=ORIENTED_EDGE('',*,*,#4023,.F.);
#798=ORIENTED_EDGE('',*,*,#4024,.F.);
#799=ORIENTED_EDGE('',*,*,#4032,.F.);
#800=ORIENTED_EDGE('',*,*,#4025,.F.);
#801=ORIENTED_EDGE('',*,*,#4028,.F.);
#802=ORIENTED_EDGE('',*,*,#4033,.F.);
#803=ORIENTED_EDGE('',*,*,#4029,.F.);
#804=ORIENTED_EDGE('',*,*,#4030,.F.);
#805=ORIENTED_EDGE('',*,*,#4036,.F.);
#806=ORIENTED_EDGE('',*,*,#4031,.F.);
#807=ORIENTED_EDGE('',*,*,#4037,.T.);
#808=ORIENTED_EDGE('',*,*,#4038,.T.);
#809=ORIENTED_EDGE('',*,*,#4039,.T.);
#810=ORIENTED_EDGE('',*,*,#4040,.T.);
#811=ORIENTED_EDGE('',*,*,#4041,.T.);
#812=ORIENTED_EDGE('',*,*,#4042,.T.);
#813=ORIENTED_EDGE('',*,*,#4043,.T.);
#814=ORIENTED_EDGE('',*,*,#4044,.T.);
#815=ORIENTED_EDGE('',*,*,#4045,.T.);
#816=ORIENTED_EDGE('',*,*,#4046,.T.);
#817=ORIENTED_EDGE('',*,*,#4047,.T.);
#818=ORIENTED_EDGE('',*,*,#4048,.T.);
#819=ORIENTED_EDGE('',*,*,#4049,.T.);
#820=ORIENTED_EDGE('',*,*,#4050,.T.);
#821=ORIENTED_EDGE('',*,*,#4051,.T.);
#822=ORIENTED_EDGE('',*,*,#4052,.T.);
#823=ORIENTED_EDGE('',*,*,#4053,.T.);
#824=ORIENTED_EDGE('',*,*,#4054,.T.);
#825=ORIENTED_EDGE('',*,*,#4055,.T.);
#826=ORIENTED_EDGE('',*,*,#4056,.T.);
#827=ORIENTED_EDGE('',*,*,#4057,.T.);
#828=ORIENTED_EDGE('',*,*,#4058,.T.);
#829=ORIENTED_EDGE('',*,*,#4059,.T.);
#830=ORIENTED_EDGE('',*,*,#4060,.T.);
#831=ORIENTED_EDGE('',*,*,#4061,.T.);
#832=ORIENTED_EDGE('',*,*,#4055,.F.);
#833=ORIENTED_EDGE('',*,*,#4062,.T.);
#834=ORIENTED_EDGE('',*,*,#4038,.F.);
#835=ORIENTED_EDGE('',*,*,#4039,.F.);
#836=ORIENTED_EDGE('',*,*,#4063,.T.);
#837=ORIENTED_EDGE('',*,*,#4041,.F.);
#838=ORIENTED_EDGE('',*,*,#4064,.T.);
#839=ORIENTED_EDGE('',*,*,#4040,.F.);
#840=ORIENTED_EDGE('',*,*,#4065,.T.);
#841=ORIENTED_EDGE('',*,*,#4060,.F.);
#842=ORIENTED_EDGE('',*,*,#4066,.T.);
#843=ORIENTED_EDGE('',*,*,#4037,.F.);
#844=ORIENTED_EDGE('',*,*,#4067,.T.);
#845=ORIENTED_EDGE('',*,*,#4051,.F.);
#846=ORIENTED_EDGE('',*,*,#4068,.T.);
#847=ORIENTED_EDGE('',*,*,#4069,.T.);
#848=ORIENTED_EDGE('',*,*,#4054,.F.);
#849=ORIENTED_EDGE('',*,*,#4070,.T.);
#850=ORIENTED_EDGE('',*,*,#4042,.F.);
#851=ORIENTED_EDGE('',*,*,#4043,.F.);
#852=ORIENTED_EDGE('',*,*,#4071,.T.);
#853=ORIENTED_EDGE('',*,*,#4048,.F.);
#854=ORIENTED_EDGE('',*,*,#4072,.T.);
#855=ORIENTED_EDGE('',*,*,#4044,.F.);
#856=ORIENTED_EDGE('',*,*,#4073,.T.);
#857=ORIENTED_EDGE('',*,*,#4057,.F.);
#858=ORIENTED_EDGE('',*,*,#4074,.T.);
#859=ORIENTED_EDGE('',*,*,#4075,.T.);
#860=ORIENTED_EDGE('',*,*,#4053,.F.);
#861=ORIENTED_EDGE('',*,*,#4076,.T.);
#862=ORIENTED_EDGE('',*,*,#4045,.F.);
#863=ORIENTED_EDGE('',*,*,#4046,.F.);
#864=ORIENTED_EDGE('',*,*,#4077,.T.);
#865=ORIENTED_EDGE('',*,*,#4049,.F.);
#866=ORIENTED_EDGE('',*,*,#4078,.T.);
#867=ORIENTED_EDGE('',*,*,#4047,.F.);
#868=ORIENTED_EDGE('',*,*,#4079,.T.);
#869=ORIENTED_EDGE('',*,*,#4058,.F.);
#870=ORIENTED_EDGE('',*,*,#4080,.T.);
#871=ORIENTED_EDGE('',*,*,#4081,.T.);
#872=ORIENTED_EDGE('',*,*,#4056,.F.);
#873=ORIENTED_EDGE('',*,*,#4082,.T.);
#874=ORIENTED_EDGE('',*,*,#4050,.F.);
#875=ORIENTED_EDGE('',*,*,#4052,.F.);
#876=ORIENTED_EDGE('',*,*,#4083,.T.);
#877=ORIENTED_EDGE('',*,*,#4059,.F.);
#878=ORIENTED_EDGE('',*,*,#4084,.T.);
#879=ORIENTED_EDGE('',*,*,#4068,.F.);
#880=ORIENTED_EDGE('',*,*,#4082,.F.);
#881=ORIENTED_EDGE('',*,*,#4061,.F.);
#882=ORIENTED_EDGE('',*,*,#4062,.F.);
#883=ORIENTED_EDGE('',*,*,#4069,.F.);
#884=ORIENTED_EDGE('',*,*,#4063,.F.);
#885=ORIENTED_EDGE('',*,*,#4064,.F.);
#886=ORIENTED_EDGE('',*,*,#4074,.F.);
#887=ORIENTED_EDGE('',*,*,#4065,.F.);
#888=ORIENTED_EDGE('',*,*,#4066,.F.);
#889=ORIENTED_EDGE('',*,*,#4083,.F.);
#890=ORIENTED_EDGE('',*,*,#4067,.F.);
#891=ORIENTED_EDGE('',*,*,#4070,.F.);
#892=ORIENTED_EDGE('',*,*,#4075,.F.);
#893=ORIENTED_EDGE('',*,*,#4071,.F.);
#894=ORIENTED_EDGE('',*,*,#4072,.F.);
#895=ORIENTED_EDGE('',*,*,#4080,.F.);
#896=ORIENTED_EDGE('',*,*,#4073,.F.);
#897=ORIENTED_EDGE('',*,*,#4076,.F.);
#898=ORIENTED_EDGE('',*,*,#4081,.F.);
#899=ORIENTED_EDGE('',*,*,#4077,.F.);
#900=ORIENTED_EDGE('',*,*,#4078,.F.);
#901=ORIENTED_EDGE('',*,*,#4084,.F.);
#902=ORIENTED_EDGE('',*,*,#4079,.F.);
#903=ORIENTED_EDGE('',*,*,#4085,.T.);
#904=ORIENTED_EDGE('',*,*,#4086,.T.);
#905=ORIENTED_EDGE('',*,*,#4087,.T.);
#906=ORIENTED_EDGE('',*,*,#4088,.T.);
#907=ORIENTED_EDGE('',*,*,#4089,.T.);
#908=ORIENTED_EDGE('',*,*,#4090,.T.);
#909=ORIENTED_EDGE('',*,*,#4091,.T.);
#910=ORIENTED_EDGE('',*,*,#4092,.T.);
#911=ORIENTED_EDGE('',*,*,#4093,.T.);
#912=ORIENTED_EDGE('',*,*,#4094,.T.);
#913=ORIENTED_EDGE('',*,*,#4095,.T.);
#914=ORIENTED_EDGE('',*,*,#4096,.T.);
#915=ORIENTED_EDGE('',*,*,#4097,.T.);
#916=ORIENTED_EDGE('',*,*,#4098,.T.);
#917=ORIENTED_EDGE('',*,*,#4099,.T.);
#918=ORIENTED_EDGE('',*,*,#4100,.T.);
#919=ORIENTED_EDGE('',*,*,#4101,.T.);
#920=ORIENTED_EDGE('',*,*,#4102,.T.);
#921=ORIENTED_EDGE('',*,*,#4103,.T.);
#922=ORIENTED_EDGE('',*,*,#4104,.T.);
#923=ORIENTED_EDGE('',*,*,#4105,.T.);
#924=ORIENTED_EDGE('',*,*,#4106,.T.);
#925=ORIENTED_EDGE('',*,*,#4107,.T.);
#926=ORIENTED_EDGE('',*,*,#4108,.T.);
#927=ORIENTED_EDGE('',*,*,#4109,.T.);
#928=ORIENTED_EDGE('',*,*,#4103,.F.);
#929=ORIENTED_EDGE('',*,*,#4110,.T.);
#930=ORIENTED_EDGE('',*,*,#4086,.F.);
#931=ORIENTED_EDGE('',*,*,#4087,.F.);
#932=ORIENTED_EDGE('',*,*,#4111,.T.);
#933=ORIENTED_EDGE('',*,*,#4089,.F.);
#934=ORIENTED_EDGE('',*,*,#4112,.T.);
#935=ORIENTED_EDGE('',*,*,#4088,.F.);
#936=ORIENTED_EDGE('',*,*,#4113,.T.);
#937=ORIENTED_EDGE('',*,*,#4108,.F.);
#938=ORIENTED_EDGE('',*,*,#4114,.T.);
#939=ORIENTED_EDGE('',*,*,#4085,.F.);
#940=ORIENTED_EDGE('',*,*,#4115,.T.);
#941=ORIENTED_EDGE('',*,*,#4099,.F.);
#942=ORIENTED_EDGE('',*,*,#4116,.T.);
#943=ORIENTED_EDGE('',*,*,#4117,.T.);
#944=ORIENTED_EDGE('',*,*,#4102,.F.);
#945=ORIENTED_EDGE('',*,*,#4118,.T.);
#946=ORIENTED_EDGE('',*,*,#4090,.F.);
#947=ORIENTED_EDGE('',*,*,#4091,.F.);
#948=ORIENTED_EDGE('',*,*,#4119,.T.);
#949=ORIENTED_EDGE('',*,*,#4096,.F.);
#950=ORIENTED_EDGE('',*,*,#4120,.T.);
#951=ORIENTED_EDGE('',*,*,#4092,.F.);
#952=ORIENTED_EDGE('',*,*,#4121,.T.);
#953=ORIENTED_EDGE('',*,*,#4105,.F.);
#954=ORIENTED_EDGE('',*,*,#4122,.T.);
#955=ORIENTED_EDGE('',*,*,#4123,.T.);
#956=ORIENTED_EDGE('',*,*,#4101,.F.);
#957=ORIENTED_EDGE('',*,*,#4124,.T.);
#958=ORIENTED_EDGE('',*,*,#4093,.F.);
#959=ORIENTED_EDGE('',*,*,#4094,.F.);
#960=ORIENTED_EDGE('',*,*,#4125,.T.);
#961=ORIENTED_EDGE('',*,*,#4097,.F.);
#962=ORIENTED_EDGE('',*,*,#4126,.T.);
#963=ORIENTED_EDGE('',*,*,#4095,.F.);
#964=ORIENTED_EDGE('',*,*,#4127,.T.);
#965=ORIENTED_EDGE('',*,*,#4106,.F.);
#966=ORIENTED_EDGE('',*,*,#4128,.T.);
#967=ORIENTED_EDGE('',*,*,#4129,.T.);
#968=ORIENTED_EDGE('',*,*,#4104,.F.);
#969=ORIENTED_EDGE('',*,*,#4130,.T.);
#970=ORIENTED_EDGE('',*,*,#4098,.F.);
#971=ORIENTED_EDGE('',*,*,#4100,.F.);
#972=ORIENTED_EDGE('',*,*,#4131,.T.);
#973=ORIENTED_EDGE('',*,*,#4107,.F.);
#974=ORIENTED_EDGE('',*,*,#4132,.T.);
#975=ORIENTED_EDGE('',*,*,#4116,.F.);
#976=ORIENTED_EDGE('',*,*,#4130,.F.);
#977=ORIENTED_EDGE('',*,*,#4109,.F.);
#978=ORIENTED_EDGE('',*,*,#4110,.F.);
#979=ORIENTED_EDGE('',*,*,#4117,.F.);
#980=ORIENTED_EDGE('',*,*,#4111,.F.);
#981=ORIENTED_EDGE('',*,*,#4112,.F.);
#982=ORIENTED_EDGE('',*,*,#4122,.F.);
#983=ORIENTED_EDGE('',*,*,#4113,.F.);
#984=ORIENTED_EDGE('',*,*,#4114,.F.);
#985=ORIENTED_EDGE('',*,*,#4131,.F.);
#986=ORIENTED_EDGE('',*,*,#4115,.F.);
#987=ORIENTED_EDGE('',*,*,#4118,.F.);
#988=ORIENTED_EDGE('',*,*,#4123,.F.);
#989=ORIENTED_EDGE('',*,*,#4119,.F.);
#990=ORIENTED_EDGE('',*,*,#4120,.F.);
#991=ORIENTED_EDGE('',*,*,#4128,.F.);
#992=ORIENTED_EDGE('',*,*,#4121,.F.);
#993=ORIENTED_EDGE('',*,*,#4124,.F.);
#994=ORIENTED_EDGE('',*,*,#4129,.F.);
#995=ORIENTED_EDGE('',*,*,#4125,.F.);
#996=ORIENTED_EDGE('',*,*,#4126,.F.);
#997=ORIENTED_EDGE('',*,*,#4132,.F.);
#998=ORIENTED_EDGE('',*,*,#4127,.F.);
#999=ORIENTED_EDGE('',*,*,#4133,.T.);
#1000=ORIENTED_EDGE('',*,*,#4134,.T.);
#1001=ORIENTED_EDGE('',*,*,#4135,.T.);
#1002=ORIENTED_EDGE('',*,*,#4136,.T.);
#1003=ORIENTED_EDGE('',*,*,#4137,.T.);
#1004=ORIENTED_EDGE('',*,*,#4138,.T.);
#1005=ORIENTED_EDGE('',*,*,#4139,.T.);
#1006=ORIENTED_EDGE('',*,*,#4140,.T.);
#1007=ORIENTED_EDGE('',*,*,#4141,.T.);
#1008=ORIENTED_EDGE('',*,*,#4142,.T.);
#1009=ORIENTED_EDGE('',*,*,#4143,.T.);
#1010=ORIENTED_EDGE('',*,*,#4144,.T.);
#1011=ORIENTED_EDGE('',*,*,#4145,.T.);
#1012=ORIENTED_EDGE('',*,*,#4146,.T.);
#1013=ORIENTED_EDGE('',*,*,#4147,.T.);
#1014=ORIENTED_EDGE('',*,*,#4148,.T.);
#1015=ORIENTED_EDGE('',*,*,#4149,.T.);
#1016=ORIENTED_EDGE('',*,*,#4150,.T.);
#1017=ORIENTED_EDGE('',*,*,#4151,.T.);
#1018=ORIENTED_EDGE('',*,*,#4152,.T.);
#1019=ORIENTED_EDGE('',*,*,#4153,.T.);
#1020=ORIENTED_EDGE('',*,*,#4154,.T.);
#1021=ORIENTED_EDGE('',*,*,#4155,.T.);
#1022=ORIENTED_EDGE('',*,*,#4156,.T.);
#1023=ORIENTED_EDGE('',*,*,#4157,.T.);
#1024=ORIENTED_EDGE('',*,*,#4151,.F.);
#1025=ORIENTED_EDGE('',*,*,#4158,.T.);
#1026=ORIENTED_EDGE('',*,*,#4134,.F.);
#1027=ORIENTED_EDGE('',*,*,#4135,.F.);
#1028=ORIENTED_EDGE('',*,*,#4159,.T.);
#1029=ORIENTED_EDGE('',*,*,#4137,.F.);
#1030=ORIENTED_EDGE('',*,*,#4160,.T.);
#1031=ORIENTED_EDGE('',*,*,#4136,.F.);
#1032=ORIENTED_EDGE('',*,*,#4161,.T.);
#1033=ORIENTED_EDGE('',*,*,#4156,.F.);
#1034=ORIENTED_EDGE('',*,*,#4162,.T.);
#1035=ORIENTED_EDGE('',*,*,#4133,.F.);
#1036=ORIENTED_EDGE('',*,*,#4163,.T.);
#1037=ORIENTED_EDGE('',*,*,#4147,.F.);
#1038=ORIENTED_EDGE('',*,*,#4164,.T.);
#1039=ORIENTED_EDGE('',*,*,#4165,.T.);
#1040=ORIENTED_EDGE('',*,*,#4150,.F.);
#1041=ORIENTED_EDGE('',*,*,#4166,.T.);
#1042=ORIENTED_EDGE('',*,*,#4138,.F.);
#1043=ORIENTED_EDGE('',*,*,#4139,.F.);
#1044=ORIENTED_EDGE('',*,*,#4167,.T.);
#1045=ORIENTED_EDGE('',*,*,#4144,.F.);
#1046=ORIENTED_EDGE('',*,*,#4168,.T.);
#1047=ORIENTED_EDGE('',*,*,#4140,.F.);
#1048=ORIENTED_EDGE('',*,*,#4169,.T.);
#1049=ORIENTED_EDGE('',*,*,#4153,.F.);
#1050=ORIENTED_EDGE('',*,*,#4170,.T.);
#1051=ORIENTED_EDGE('',*,*,#4171,.T.);
#1052=ORIENTED_EDGE('',*,*,#4149,.F.);
#1053=ORIENTED_EDGE('',*,*,#4172,.T.);
#1054=ORIENTED_EDGE('',*,*,#4141,.F.);
#1055=ORIENTED_EDGE('',*,*,#4142,.F.);
#1056=ORIENTED_EDGE('',*,*,#4173,.T.);
#1057=ORIENTED_EDGE('',*,*,#4145,.F.);
#1058=ORIENTED_EDGE('',*,*,#4174,.T.);
#1059=ORIENTED_EDGE('',*,*,#4143,.F.);
#1060=ORIENTED_EDGE('',*,*,#4175,.T.);
#1061=ORIENTED_EDGE('',*,*,#4154,.F.);
#1062=ORIENTED_EDGE('',*,*,#4176,.T.);
#1063=ORIENTED_EDGE('',*,*,#4177,.T.);
#1064=ORIENTED_EDGE('',*,*,#4152,.F.);
#1065=ORIENTED_EDGE('',*,*,#4178,.T.);
#1066=ORIENTED_EDGE('',*,*,#4146,.F.);
#1067=ORIENTED_EDGE('',*,*,#4148,.F.);
#1068=ORIENTED_EDGE('',*,*,#4179,.T.);
#1069=ORIENTED_EDGE('',*,*,#4155,.F.);
#1070=ORIENTED_EDGE('',*,*,#4180,.T.);
#1071=ORIENTED_EDGE('',*,*,#4164,.F.);
#1072=ORIENTED_EDGE('',*,*,#4178,.F.);
#1073=ORIENTED_EDGE('',*,*,#4157,.F.);
#1074=ORIENTED_EDGE('',*,*,#4158,.F.);
#1075=ORIENTED_EDGE('',*,*,#4165,.F.);
#1076=ORIENTED_EDGE('',*,*,#4159,.F.);
#1077=ORIENTED_EDGE('',*,*,#4160,.F.);
#1078=ORIENTED_EDGE('',*,*,#4170,.F.);
#1079=ORIENTED_EDGE('',*,*,#4161,.F.);
#1080=ORIENTED_EDGE('',*,*,#4162,.F.);
#1081=ORIENTED_EDGE('',*,*,#4179,.F.);
#1082=ORIENTED_EDGE('',*,*,#4163,.F.);
#1083=ORIENTED_EDGE('',*,*,#4166,.F.);
#1084=ORIENTED_EDGE('',*,*,#4171,.F.);
#1085=ORIENTED_EDGE('',*,*,#4167,.F.);
#1086=ORIENTED_EDGE('',*,*,#4168,.F.);
#1087=ORIENTED_EDGE('',*,*,#4176,.F.);
#1088=ORIENTED_EDGE('',*,*,#4169,.F.);
#1089=ORIENTED_EDGE('',*,*,#4172,.F.);
#1090=ORIENTED_EDGE('',*,*,#4177,.F.);
#1091=ORIENTED_EDGE('',*,*,#4173,.F.);
#1092=ORIENTED_EDGE('',*,*,#4174,.F.);
#1093=ORIENTED_EDGE('',*,*,#4180,.F.);
#1094=ORIENTED_EDGE('',*,*,#4175,.F.);
#1095=ORIENTED_EDGE('',*,*,#4181,.T.);
#1096=ORIENTED_EDGE('',*,*,#4182,.T.);
#1097=ORIENTED_EDGE('',*,*,#4183,.T.);
#1098=ORIENTED_EDGE('',*,*,#4184,.T.);
#1099=ORIENTED_EDGE('',*,*,#4185,.T.);
#1100=ORIENTED_EDGE('',*,*,#4186,.T.);
#1101=ORIENTED_EDGE('',*,*,#4187,.T.);
#1102=ORIENTED_EDGE('',*,*,#4188,.T.);
#1103=ORIENTED_EDGE('',*,*,#4189,.T.);
#1104=ORIENTED_EDGE('',*,*,#4190,.T.);
#1105=ORIENTED_EDGE('',*,*,#4191,.T.);
#1106=ORIENTED_EDGE('',*,*,#4192,.T.);
#1107=ORIENTED_EDGE('',*,*,#4193,.T.);
#1108=ORIENTED_EDGE('',*,*,#4194,.T.);
#1109=ORIENTED_EDGE('',*,*,#4195,.T.);
#1110=ORIENTED_EDGE('',*,*,#4196,.T.);
#1111=ORIENTED_EDGE('',*,*,#4197,.T.);
#1112=ORIENTED_EDGE('',*,*,#4198,.T.);
#1113=ORIENTED_EDGE('',*,*,#4199,.T.);
#1114=ORIENTED_EDGE('',*,*,#4200,.T.);
#1115=ORIENTED_EDGE('',*,*,#4201,.T.);
#1116=ORIENTED_EDGE('',*,*,#4202,.T.);
#1117=ORIENTED_EDGE('',*,*,#4203,.T.);
#1118=ORIENTED_EDGE('',*,*,#4204,.T.);
#1119=ORIENTED_EDGE('',*,*,#4205,.T.);
#1120=ORIENTED_EDGE('',*,*,#4199,.F.);
#1121=ORIENTED_EDGE('',*,*,#4206,.T.);
#1122=ORIENTED_EDGE('',*,*,#4182,.F.);
#1123=ORIENTED_EDGE('',*,*,#4183,.F.);
#1124=ORIENTED_EDGE('',*,*,#4207,.T.);
#1125=ORIENTED_EDGE('',*,*,#4185,.F.);
#1126=ORIENTED_EDGE('',*,*,#4208,.T.);
#1127=ORIENTED_EDGE('',*,*,#4184,.F.);
#1128=ORIENTED_EDGE('',*,*,#4209,.T.);
#1129=ORIENTED_EDGE('',*,*,#4204,.F.);
#1130=ORIENTED_EDGE('',*,*,#4210,.T.);
#1131=ORIENTED_EDGE('',*,*,#4181,.F.);
#1132=ORIENTED_EDGE('',*,*,#4211,.T.);
#1133=ORIENTED_EDGE('',*,*,#4195,.F.);
#1134=ORIENTED_EDGE('',*,*,#4212,.T.);
#1135=ORIENTED_EDGE('',*,*,#4213,.T.);
#1136=ORIENTED_EDGE('',*,*,#4198,.F.);
#1137=ORIENTED_EDGE('',*,*,#4214,.T.);
#1138=ORIENTED_EDGE('',*,*,#4186,.F.);
#1139=ORIENTED_EDGE('',*,*,#4187,.F.);
#1140=ORIENTED_EDGE('',*,*,#4215,.T.);
#1141=ORIENTED_EDGE('',*,*,#4192,.F.);
#1142=ORIENTED_EDGE('',*,*,#4216,.T.);
#1143=ORIENTED_EDGE('',*,*,#4188,.F.);
#1144=ORIENTED_EDGE('',*,*,#4217,.T.);
#1145=ORIENTED_EDGE('',*,*,#4201,.F.);
#1146=ORIENTED_EDGE('',*,*,#4218,.T.);
#1147=ORIENTED_EDGE('',*,*,#4219,.T.);
#1148=ORIENTED_EDGE('',*,*,#4197,.F.);
#1149=ORIENTED_EDGE('',*,*,#4220,.T.);
#1150=ORIENTED_EDGE('',*,*,#4189,.F.);
#1151=ORIENTED_EDGE('',*,*,#4190,.F.);
#1152=ORIENTED_EDGE('',*,*,#4221,.T.);
#1153=ORIENTED_EDGE('',*,*,#4193,.F.);
#1154=ORIENTED_EDGE('',*,*,#4222,.T.);
#1155=ORIENTED_EDGE('',*,*,#4191,.F.);
#1156=ORIENTED_EDGE('',*,*,#4223,.T.);
#1157=ORIENTED_EDGE('',*,*,#4202,.F.);
#1158=ORIENTED_EDGE('',*,*,#4224,.T.);
#1159=ORIENTED_EDGE('',*,*,#4225,.T.);
#1160=ORIENTED_EDGE('',*,*,#4200,.F.);
#1161=ORIENTED_EDGE('',*,*,#4226,.T.);
#1162=ORIENTED_EDGE('',*,*,#4194,.F.);
#1163=ORIENTED_EDGE('',*,*,#4196,.F.);
#1164=ORIENTED_EDGE('',*,*,#4227,.T.);
#1165=ORIENTED_EDGE('',*,*,#4203,.F.);
#1166=ORIENTED_EDGE('',*,*,#4228,.T.);
#1167=ORIENTED_EDGE('',*,*,#4212,.F.);
#1168=ORIENTED_EDGE('',*,*,#4226,.F.);
#1169=ORIENTED_EDGE('',*,*,#4205,.F.);
#1170=ORIENTED_EDGE('',*,*,#4206,.F.);
#1171=ORIENTED_EDGE('',*,*,#4213,.F.);
#1172=ORIENTED_EDGE('',*,*,#4207,.F.);
#1173=ORIENTED_EDGE('',*,*,#4208,.F.);
#1174=ORIENTED_EDGE('',*,*,#4218,.F.);
#1175=ORIENTED_EDGE('',*,*,#4209,.F.);
#1176=ORIENTED_EDGE('',*,*,#4210,.F.);
#1177=ORIENTED_EDGE('',*,*,#4227,.F.);
#1178=ORIENTED_EDGE('',*,*,#4211,.F.);
#1179=ORIENTED_EDGE('',*,*,#4214,.F.);
#1180=ORIENTED_EDGE('',*,*,#4219,.F.);
#1181=ORIENTED_EDGE('',*,*,#4215,.F.);
#1182=ORIENTED_EDGE('',*,*,#4216,.F.);
#1183=ORIENTED_EDGE('',*,*,#4224,.F.);
#1184=ORIENTED_EDGE('',*,*,#4217,.F.);
#1185=ORIENTED_EDGE('',*,*,#4220,.F.);
#1186=ORIENTED_EDGE('',*,*,#4225,.F.);
#1187=ORIENTED_EDGE('',*,*,#4221,.F.);
#1188=ORIENTED_EDGE('',*,*,#4222,.F.);
#1189=ORIENTED_EDGE('',*,*,#4228,.F.);
#1190=ORIENTED_EDGE('',*,*,#4223,.F.);
#1191=ORIENTED_EDGE('',*,*,#4229,.T.);
#1192=ORIENTED_EDGE('',*,*,#4230,.T.);
#1193=ORIENTED_EDGE('',*,*,#4231,.T.);
#1194=ORIENTED_EDGE('',*,*,#4232,.T.);
#1195=ORIENTED_EDGE('',*,*,#4232,.F.);
#1196=ORIENTED_EDGE('',*,*,#4233,.T.);
#1197=ORIENTED_EDGE('',*,*,#4234,.T.);
#1198=ORIENTED_EDGE('',*,*,#4235,.T.);
#1199=ORIENTED_EDGE('',*,*,#4236,.T.);
#1200=ORIENTED_EDGE('',*,*,#4237,.T.);
#1201=ORIENTED_EDGE('',*,*,#4238,.T.);
#1202=ORIENTED_EDGE('',*,*,#4239,.T.);
#1203=ORIENTED_EDGE('',*,*,#4240,.T.);
#1204=ORIENTED_EDGE('',*,*,#4241,.T.);
#1205=ORIENTED_EDGE('',*,*,#4242,.T.);
#1206=ORIENTED_EDGE('',*,*,#4243,.T.);
#1207=ORIENTED_EDGE('',*,*,#4241,.F.);
#1208=ORIENTED_EDGE('',*,*,#4244,.T.);
#1209=ORIENTED_EDGE('',*,*,#4245,.T.);
#1210=ORIENTED_EDGE('',*,*,#4246,.T.);
#1211=ORIENTED_EDGE('',*,*,#4247,.T.);
#1212=ORIENTED_EDGE('',*,*,#4248,.T.);
#1213=ORIENTED_EDGE('',*,*,#4249,.T.);
#1214=ORIENTED_EDGE('',*,*,#4250,.T.);
#1215=ORIENTED_EDGE('',*,*,#4251,.T.);
#1216=ORIENTED_EDGE('',*,*,#4230,.F.);
#1217=ORIENTED_EDGE('',*,*,#4242,.F.);
#1218=ORIENTED_EDGE('',*,*,#4252,.T.);
#1219=ORIENTED_EDGE('',*,*,#4253,.T.);
#1220=ORIENTED_EDGE('',*,*,#4233,.F.);
#1221=ORIENTED_EDGE('',*,*,#4231,.F.);
#1222=ORIENTED_EDGE('',*,*,#4251,.F.);
#1223=ORIENTED_EDGE('',*,*,#4254,.T.);
#1224=ORIENTED_EDGE('',*,*,#4248,.F.);
#1225=ORIENTED_EDGE('',*,*,#4255,.T.);
#1226=ORIENTED_EDGE('',*,*,#4236,.F.);
#1227=ORIENTED_EDGE('',*,*,#4256,.T.);
#1228=ORIENTED_EDGE('',*,*,#4246,.F.);
#1229=ORIENTED_EDGE('',*,*,#4257,.T.);
#1230=ORIENTED_EDGE('',*,*,#4238,.F.);
#1231=ORIENTED_EDGE('',*,*,#4234,.F.);
#1232=ORIENTED_EDGE('',*,*,#4253,.F.);
#1233=ORIENTED_EDGE('',*,*,#4250,.F.);
#1234=ORIENTED_EDGE('',*,*,#4258,.T.);
#1235=ORIENTED_EDGE('',*,*,#4258,.F.);
#1236=ORIENTED_EDGE('',*,*,#4249,.F.);
#1237=ORIENTED_EDGE('',*,*,#4254,.F.);
#1238=ORIENTED_EDGE('',*,*,#4235,.F.);
#1239=ORIENTED_EDGE('',*,*,#4255,.F.);
#1240=ORIENTED_EDGE('',*,*,#4247,.F.);
#1241=ORIENTED_EDGE('',*,*,#4256,.F.);
#1242=ORIENTED_EDGE('',*,*,#4237,.F.);
#1243=ORIENTED_EDGE('',*,*,#4257,.F.);
#1244=ORIENTED_EDGE('',*,*,#4245,.F.);
#1245=ORIENTED_EDGE('',*,*,#4229,.F.);
#1246=ORIENTED_EDGE('',*,*,#4239,.F.);
#1247=ORIENTED_EDGE('',*,*,#4244,.F.);
#1248=ORIENTED_EDGE('',*,*,#4240,.F.);
#1249=ORIENTED_EDGE('',*,*,#4243,.F.);
#1250=ORIENTED_EDGE('',*,*,#4252,.F.);
#1251=ORIENTED_EDGE('',*,*,#4259,.T.);
#1252=ORIENTED_EDGE('',*,*,#4260,.T.);
#1253=ORIENTED_EDGE('',*,*,#4261,.T.);
#1254=ORIENTED_EDGE('',*,*,#4262,.T.);
#1255=ORIENTED_EDGE('',*,*,#4263,.T.);
#1256=ORIENTED_EDGE('',*,*,#4264,.T.);
#1257=ORIENTED_EDGE('',*,*,#4265,.T.);
#1258=ORIENTED_EDGE('',*,*,#4266,.T.);
#1259=ORIENTED_EDGE('',*,*,#4267,.T.);
#1260=ORIENTED_EDGE('',*,*,#4268,.T.);
#1261=ORIENTED_EDGE('',*,*,#4269,.T.);
#1262=ORIENTED_EDGE('',*,*,#4260,.F.);
#1263=ORIENTED_EDGE('',*,*,#4262,.F.);
#1264=ORIENTED_EDGE('',*,*,#4270,.T.);
#1265=ORIENTED_EDGE('',*,*,#4271,.T.);
#1266=ORIENTED_EDGE('',*,*,#4272,.T.);
#1267=ORIENTED_EDGE('',*,*,#4273,.T.);
#1268=ORIENTED_EDGE('',*,*,#4274,.T.);
#1269=ORIENTED_EDGE('',*,*,#4275,.T.);
#1270=ORIENTED_EDGE('',*,*,#4276,.T.);
#1271=ORIENTED_EDGE('',*,*,#4277,.T.);
#1272=ORIENTED_EDGE('',*,*,#4270,.F.);
#1273=ORIENTED_EDGE('',*,*,#4261,.F.);
#1274=ORIENTED_EDGE('',*,*,#4269,.F.);
#1275=ORIENTED_EDGE('',*,*,#4278,.T.);
#1276=ORIENTED_EDGE('',*,*,#4266,.F.);
#1277=ORIENTED_EDGE('',*,*,#4279,.T.);
#1278=ORIENTED_EDGE('',*,*,#4273,.F.);
#1279=ORIENTED_EDGE('',*,*,#4280,.T.);
#1280=ORIENTED_EDGE('',*,*,#4264,.F.);
#1281=ORIENTED_EDGE('',*,*,#4281,.T.);
#1282=ORIENTED_EDGE('',*,*,#4275,.F.);
#1283=ORIENTED_EDGE('',*,*,#4271,.F.);
#1284=ORIENTED_EDGE('',*,*,#4277,.F.);
#1285=ORIENTED_EDGE('',*,*,#4268,.F.);
#1286=ORIENTED_EDGE('',*,*,#4282,.T.);
#1287=ORIENTED_EDGE('',*,*,#4282,.F.);
#1288=ORIENTED_EDGE('',*,*,#4267,.F.);
#1289=ORIENTED_EDGE('',*,*,#4278,.F.);
#1290=ORIENTED_EDGE('',*,*,#4272,.F.);
#1291=ORIENTED_EDGE('',*,*,#4279,.F.);
#1292=ORIENTED_EDGE('',*,*,#4265,.F.);
#1293=ORIENTED_EDGE('',*,*,#4280,.F.);
#1294=ORIENTED_EDGE('',*,*,#4274,.F.);
#1295=ORIENTED_EDGE('',*,*,#4281,.F.);
#1296=ORIENTED_EDGE('',*,*,#4263,.F.);
#1297=ORIENTED_EDGE('',*,*,#4259,.F.);
#1298=ORIENTED_EDGE('',*,*,#4276,.F.);
#1299=PCURVE('',#4703,#2003);
#1300=PCURVE('',#4703,#2004);
#1301=PCURVE('',#4703,#2005);
#1302=PCURVE('',#4703,#2006);
#1303=PCURVE('',#4653,#2007);
#1304=PCURVE('',#4653,#2008);
#1305=PCURVE('',#4704,#2009);
#1306=PCURVE('',#4704,#2010);
#1307=PCURVE('',#4704,#2011);
#1308=PCURVE('',#4704,#2012);
#1309=PCURVE('',#4654,#2013);
#1310=PCURVE('',#4654,#2014);
#1311=PCURVE('',#4705,#2015);
#1312=PCURVE('',#4705,#2016);
#1313=PCURVE('',#4705,#2017);
#1314=PCURVE('',#4705,#2018);
#1315=PCURVE('',#4706,#2019);
#1316=PCURVE('',#4706,#2020);
#1317=PCURVE('',#4706,#2021);
#1318=PCURVE('',#4706,#2022);
#1319=PCURVE('',#4655,#2023);
#1320=PCURVE('',#4655,#2024);
#1321=PCURVE('',#4655,#2025);
#1322=PCURVE('',#4655,#2026);
#1323=PCURVE('',#4656,#2027);
#1324=PCURVE('',#4656,#2028);
#1325=PCURVE('',#4656,#2029);
#1326=PCURVE('',#4656,#2030);
#1327=PCURVE('',#4657,#2031);
#1328=PCURVE('',#4657,#2032);
#1329=PCURVE('',#4657,#2033);
#1330=PCURVE('',#4657,#2034);
#1331=PCURVE('',#4658,#2035);
#1332=PCURVE('',#4658,#2036);
#1333=PCURVE('',#4658,#2037);
#1334=PCURVE('',#4658,#2038);
#1335=PCURVE('',#4659,#2039);
#1336=PCURVE('',#4659,#2040);
#1337=PCURVE('',#4659,#2041);
#1338=PCURVE('',#4659,#2042);
#1339=PCURVE('',#4660,#2043);
#1340=PCURVE('',#4660,#2044);
#1341=PCURVE('',#4660,#2045);
#1342=PCURVE('',#4660,#2046);
#1343=PCURVE('',#4707,#2047);
#1344=PCURVE('',#4707,#2048);
#1345=PCURVE('',#4707,#2049);
#1346=PCURVE('',#4707,#2050);
#1347=PCURVE('',#4708,#2051);
#1348=PCURVE('',#4708,#2052);
#1349=PCURVE('',#4708,#2053);
#1350=PCURVE('',#4708,#2054);
#1351=PCURVE('',#4709,#2055);
#1352=PCURVE('',#4709,#2056);
#1353=PCURVE('',#4709,#2057);
#1354=PCURVE('',#4709,#2058);
#1355=PCURVE('',#4710,#2059);
#1356=PCURVE('',#4710,#2060);
#1357=PCURVE('',#4710,#2061);
#1358=PCURVE('',#4710,#2062);
#1359=PCURVE('',#4711,#2063);
#1360=PCURVE('',#4711,#2064);
#1361=PCURVE('',#4711,#2065);
#1362=PCURVE('',#4711,#2066);
#1363=PCURVE('',#4712,#2067);
#1364=PCURVE('',#4712,#2068);
#1365=PCURVE('',#4712,#2069);
#1366=PCURVE('',#4712,#2070);
#1367=PCURVE('',#4713,#2071);
#1368=PCURVE('',#4713,#2072);
#1369=PCURVE('',#4713,#2073);
#1370=PCURVE('',#4713,#2074);
#1371=PCURVE('',#4714,#2075);
#1372=PCURVE('',#4714,#2076);
#1373=PCURVE('',#4714,#2077);
#1374=PCURVE('',#4714,#2078);
#1375=PCURVE('',#4715,#2079);
#1376=PCURVE('',#4715,#2080);
#1377=PCURVE('',#4715,#2081);
#1378=PCURVE('',#4715,#2082);
#1379=PCURVE('',#4716,#2083);
#1380=PCURVE('',#4716,#2084);
#1381=PCURVE('',#4716,#2085);
#1382=PCURVE('',#4716,#2086);
#1383=PCURVE('',#4717,#2087);
#1384=PCURVE('',#4717,#2088);
#1385=PCURVE('',#4717,#2089);
#1386=PCURVE('',#4717,#2090);
#1387=PCURVE('',#4718,#2091);
#1388=PCURVE('',#4718,#2092);
#1389=PCURVE('',#4718,#2093);
#1390=PCURVE('',#4718,#2094);
#1391=PCURVE('',#4719,#2095);
#1392=PCURVE('',#4719,#2096);
#1393=PCURVE('',#4719,#2097);
#1394=PCURVE('',#4720,#2098);
#1395=PCURVE('',#4720,#2099);
#1396=PCURVE('',#4720,#2100);
#1397=PCURVE('',#4721,#2101);
#1398=PCURVE('',#4721,#2102);
#1399=PCURVE('',#4721,#2103);
#1400=PCURVE('',#4722,#2104);
#1401=PCURVE('',#4722,#2105);
#1402=PCURVE('',#4722,#2106);
#1403=PCURVE('',#4723,#2107);
#1404=PCURVE('',#4723,#2108);
#1405=PCURVE('',#4723,#2109);
#1406=PCURVE('',#4724,#2110);
#1407=PCURVE('',#4724,#2111);
#1408=PCURVE('',#4724,#2112);
#1409=PCURVE('',#4725,#2113);
#1410=PCURVE('',#4725,#2114);
#1411=PCURVE('',#4725,#2115);
#1412=PCURVE('',#4726,#2116);
#1413=PCURVE('',#4726,#2117);
#1414=PCURVE('',#4726,#2118);
#1415=PCURVE('',#4661,#2119);
#1416=PCURVE('',#4661,#2120);
#1417=PCURVE('',#4661,#2121);
#1418=PCURVE('',#4661,#2122);
#1419=PCURVE('',#4662,#2123);
#1420=PCURVE('',#4662,#2124);
#1421=PCURVE('',#4662,#2125);
#1422=PCURVE('',#4662,#2126);
#1423=PCURVE('',#4663,#2127);
#1424=PCURVE('',#4663,#2128);
#1425=PCURVE('',#4663,#2129);
#1426=PCURVE('',#4663,#2130);
#1427=PCURVE('',#4664,#2131);
#1428=PCURVE('',#4664,#2132);
#1429=PCURVE('',#4664,#2133);
#1430=PCURVE('',#4664,#2134);
#1431=PCURVE('',#4665,#2135);
#1432=PCURVE('',#4665,#2136);
#1433=PCURVE('',#4665,#2137);
#1434=PCURVE('',#4665,#2138);
#1435=PCURVE('',#4666,#2139);
#1436=PCURVE('',#4666,#2140);
#1437=PCURVE('',#4666,#2141);
#1438=PCURVE('',#4666,#2142);
#1439=PCURVE('',#4727,#2143);
#1440=PCURVE('',#4727,#2144);
#1441=PCURVE('',#4727,#2145);
#1442=PCURVE('',#4727,#2146);
#1443=PCURVE('',#4728,#2147);
#1444=PCURVE('',#4728,#2148);
#1445=PCURVE('',#4728,#2149);
#1446=PCURVE('',#4728,#2150);
#1447=PCURVE('',#4729,#2151);
#1448=PCURVE('',#4729,#2152);
#1449=PCURVE('',#4729,#2153);
#1450=PCURVE('',#4729,#2154);
#1451=PCURVE('',#4730,#2155);
#1452=PCURVE('',#4730,#2156);
#1453=PCURVE('',#4730,#2157);
#1454=PCURVE('',#4730,#2158);
#1455=PCURVE('',#4731,#2159);
#1456=PCURVE('',#4731,#2160);
#1457=PCURVE('',#4731,#2161);
#1458=PCURVE('',#4731,#2162);
#1459=PCURVE('',#4732,#2163);
#1460=PCURVE('',#4732,#2164);
#1461=PCURVE('',#4732,#2165);
#1462=PCURVE('',#4732,#2166);
#1463=PCURVE('',#4733,#2167);
#1464=PCURVE('',#4733,#2168);
#1465=PCURVE('',#4733,#2169);
#1466=PCURVE('',#4733,#2170);
#1467=PCURVE('',#4734,#2171);
#1468=PCURVE('',#4734,#2172);
#1469=PCURVE('',#4734,#2173);
#1470=PCURVE('',#4734,#2174);
#1471=PCURVE('',#4735,#2175);
#1472=PCURVE('',#4735,#2176);
#1473=PCURVE('',#4735,#2177);
#1474=PCURVE('',#4735,#2178);
#1475=PCURVE('',#4736,#2179);
#1476=PCURVE('',#4736,#2180);
#1477=PCURVE('',#4736,#2181);
#1478=PCURVE('',#4736,#2182);
#1479=PCURVE('',#4737,#2183);
#1480=PCURVE('',#4737,#2184);
#1481=PCURVE('',#4737,#2185);
#1482=PCURVE('',#4737,#2186);
#1483=PCURVE('',#4738,#2187);
#1484=PCURVE('',#4738,#2188);
#1485=PCURVE('',#4738,#2189);
#1486=PCURVE('',#4738,#2190);
#1487=PCURVE('',#4739,#2191);
#1488=PCURVE('',#4739,#2192);
#1489=PCURVE('',#4739,#2193);
#1490=PCURVE('',#4740,#2194);
#1491=PCURVE('',#4740,#2195);
#1492=PCURVE('',#4740,#2196);
#1493=PCURVE('',#4741,#2197);
#1494=PCURVE('',#4741,#2198);
#1495=PCURVE('',#4741,#2199);
#1496=PCURVE('',#4742,#2200);
#1497=PCURVE('',#4742,#2201);
#1498=PCURVE('',#4742,#2202);
#1499=PCURVE('',#4743,#2203);
#1500=PCURVE('',#4743,#2204);
#1501=PCURVE('',#4743,#2205);
#1502=PCURVE('',#4744,#2206);
#1503=PCURVE('',#4744,#2207);
#1504=PCURVE('',#4744,#2208);
#1505=PCURVE('',#4745,#2209);
#1506=PCURVE('',#4745,#2210);
#1507=PCURVE('',#4745,#2211);
#1508=PCURVE('',#4746,#2212);
#1509=PCURVE('',#4746,#2213);
#1510=PCURVE('',#4746,#2214);
#1511=PCURVE('',#4667,#2215);
#1512=PCURVE('',#4667,#2216);
#1513=PCURVE('',#4667,#2217);
#1514=PCURVE('',#4667,#2218);
#1515=PCURVE('',#4668,#2219);
#1516=PCURVE('',#4668,#2220);
#1517=PCURVE('',#4668,#2221);
#1518=PCURVE('',#4668,#2222);
#1519=PCURVE('',#4669,#2223);
#1520=PCURVE('',#4669,#2224);
#1521=PCURVE('',#4669,#2225);
#1522=PCURVE('',#4669,#2226);
#1523=PCURVE('',#4670,#2227);
#1524=PCURVE('',#4670,#2228);
#1525=PCURVE('',#4670,#2229);
#1526=PCURVE('',#4670,#2230);
#1527=PCURVE('',#4671,#2231);
#1528=PCURVE('',#4671,#2232);
#1529=PCURVE('',#4671,#2233);
#1530=PCURVE('',#4671,#2234);
#1531=PCURVE('',#4672,#2235);
#1532=PCURVE('',#4672,#2236);
#1533=PCURVE('',#4672,#2237);
#1534=PCURVE('',#4672,#2238);
#1535=PCURVE('',#4747,#2239);
#1536=PCURVE('',#4747,#2240);
#1537=PCURVE('',#4747,#2241);
#1538=PCURVE('',#4747,#2242);
#1539=PCURVE('',#4748,#2243);
#1540=PCURVE('',#4748,#2244);
#1541=PCURVE('',#4748,#2245);
#1542=PCURVE('',#4748,#2246);
#1543=PCURVE('',#4749,#2247);
#1544=PCURVE('',#4749,#2248);
#1545=PCURVE('',#4749,#2249);
#1546=PCURVE('',#4749,#2250);
#1547=PCURVE('',#4750,#2251);
#1548=PCURVE('',#4750,#2252);
#1549=PCURVE('',#4750,#2253);
#1550=PCURVE('',#4750,#2254);
#1551=PCURVE('',#4751,#2255);
#1552=PCURVE('',#4751,#2256);
#1553=PCURVE('',#4751,#2257);
#1554=PCURVE('',#4751,#2258);
#1555=PCURVE('',#4752,#2259);
#1556=PCURVE('',#4752,#2260);
#1557=PCURVE('',#4752,#2261);
#1558=PCURVE('',#4752,#2262);
#1559=PCURVE('',#4753,#2263);
#1560=PCURVE('',#4753,#2264);
#1561=PCURVE('',#4753,#2265);
#1562=PCURVE('',#4753,#2266);
#1563=PCURVE('',#4754,#2267);
#1564=PCURVE('',#4754,#2268);
#1565=PCURVE('',#4754,#2269);
#1566=PCURVE('',#4754,#2270);
#1567=PCURVE('',#4755,#2271);
#1568=PCURVE('',#4755,#2272);
#1569=PCURVE('',#4755,#2273);
#1570=PCURVE('',#4755,#2274);
#1571=PCURVE('',#4756,#2275);
#1572=PCURVE('',#4756,#2276);
#1573=PCURVE('',#4756,#2277);
#1574=PCURVE('',#4756,#2278);
#1575=PCURVE('',#4757,#2279);
#1576=PCURVE('',#4757,#2280);
#1577=PCURVE('',#4757,#2281);
#1578=PCURVE('',#4757,#2282);
#1579=PCURVE('',#4758,#2283);
#1580=PCURVE('',#4758,#2284);
#1581=PCURVE('',#4758,#2285);
#1582=PCURVE('',#4758,#2286);
#1583=PCURVE('',#4759,#2287);
#1584=PCURVE('',#4759,#2288);
#1585=PCURVE('',#4759,#2289);
#1586=PCURVE('',#4760,#2290);
#1587=PCURVE('',#4760,#2291);
#1588=PCURVE('',#4760,#2292);
#1589=PCURVE('',#4761,#2293);
#1590=PCURVE('',#4761,#2294);
#1591=PCURVE('',#4761,#2295);
#1592=PCURVE('',#4762,#2296);
#1593=PCURVE('',#4762,#2297);
#1594=PCURVE('',#4762,#2298);
#1595=PCURVE('',#4763,#2299);
#1596=PCURVE('',#4763,#2300);
#1597=PCURVE('',#4763,#2301);
#1598=PCURVE('',#4764,#2302);
#1599=PCURVE('',#4764,#2303);
#1600=PCURVE('',#4764,#2304);
#1601=PCURVE('',#4765,#2305);
#1602=PCURVE('',#4765,#2306);
#1603=PCURVE('',#4765,#2307);
#1604=PCURVE('',#4766,#2308);
#1605=PCURVE('',#4766,#2309);
#1606=PCURVE('',#4766,#2310);
#1607=PCURVE('',#4673,#2311);
#1608=PCURVE('',#4673,#2312);
#1609=PCURVE('',#4673,#2313);
#1610=PCURVE('',#4673,#2314);
#1611=PCURVE('',#4674,#2315);
#1612=PCURVE('',#4674,#2316);
#1613=PCURVE('',#4674,#2317);
#1614=PCURVE('',#4674,#2318);
#1615=PCURVE('',#4675,#2319);
#1616=PCURVE('',#4675,#2320);
#1617=PCURVE('',#4675,#2321);
#1618=PCURVE('',#4675,#2322);
#1619=PCURVE('',#4676,#2323);
#1620=PCURVE('',#4676,#2324);
#1621=PCURVE('',#4676,#2325);
#1622=PCURVE('',#4676,#2326);
#1623=PCURVE('',#4677,#2327);
#1624=PCURVE('',#4677,#2328);
#1625=PCURVE('',#4677,#2329);
#1626=PCURVE('',#4677,#2330);
#1627=PCURVE('',#4678,#2331);
#1628=PCURVE('',#4678,#2332);
#1629=PCURVE('',#4678,#2333);
#1630=PCURVE('',#4678,#2334);
#1631=PCURVE('',#4767,#2335);
#1632=PCURVE('',#4767,#2336);
#1633=PCURVE('',#4767,#2337);
#1634=PCURVE('',#4767,#2338);
#1635=PCURVE('',#4768,#2339);
#1636=PCURVE('',#4768,#2340);
#1637=PCURVE('',#4768,#2341);
#1638=PCURVE('',#4768,#2342);
#1639=PCURVE('',#4769,#2343);
#1640=PCURVE('',#4769,#2344);
#1641=PCURVE('',#4769,#2345);
#1642=PCURVE('',#4769,#2346);
#1643=PCURVE('',#4770,#2347);
#1644=PCURVE('',#4770,#2348);
#1645=PCURVE('',#4770,#2349);
#1646=PCURVE('',#4770,#2350);
#1647=PCURVE('',#4771,#2351);
#1648=PCURVE('',#4771,#2352);
#1649=PCURVE('',#4771,#2353);
#1650=PCURVE('',#4771,#2354);
#1651=PCURVE('',#4772,#2355);
#1652=PCURVE('',#4772,#2356);
#1653=PCURVE('',#4772,#2357);
#1654=PCURVE('',#4772,#2358);
#1655=PCURVE('',#4773,#2359);
#1656=PCURVE('',#4773,#2360);
#1657=PCURVE('',#4773,#2361);
#1658=PCURVE('',#4773,#2362);
#1659=PCURVE('',#4774,#2363);
#1660=PCURVE('',#4774,#2364);
#1661=PCURVE('',#4774,#2365);
#1662=PCURVE('',#4774,#2366);
#1663=PCURVE('',#4775,#2367);
#1664=PCURVE('',#4775,#2368);
#1665=PCURVE('',#4775,#2369);
#1666=PCURVE('',#4775,#2370);
#1667=PCURVE('',#4776,#2371);
#1668=PCURVE('',#4776,#2372);
#1669=PCURVE('',#4776,#2373);
#1670=PCURVE('',#4776,#2374);
#1671=PCURVE('',#4777,#2375);
#1672=PCURVE('',#4777,#2376);
#1673=PCURVE('',#4777,#2377);
#1674=PCURVE('',#4777,#2378);
#1675=PCURVE('',#4778,#2379);
#1676=PCURVE('',#4778,#2380);
#1677=PCURVE('',#4778,#2381);
#1678=PCURVE('',#4778,#2382);
#1679=PCURVE('',#4779,#2383);
#1680=PCURVE('',#4779,#2384);
#1681=PCURVE('',#4779,#2385);
#1682=PCURVE('',#4780,#2386);
#1683=PCURVE('',#4780,#2387);
#1684=PCURVE('',#4780,#2388);
#1685=PCURVE('',#4781,#2389);
#1686=PCURVE('',#4781,#2390);
#1687=PCURVE('',#4781,#2391);
#1688=PCURVE('',#4782,#2392);
#1689=PCURVE('',#4782,#2393);
#1690=PCURVE('',#4782,#2394);
#1691=PCURVE('',#4783,#2395);
#1692=PCURVE('',#4783,#2396);
#1693=PCURVE('',#4783,#2397);
#1694=PCURVE('',#4784,#2398);
#1695=PCURVE('',#4784,#2399);
#1696=PCURVE('',#4784,#2400);
#1697=PCURVE('',#4785,#2401);
#1698=PCURVE('',#4785,#2402);
#1699=PCURVE('',#4785,#2403);
#1700=PCURVE('',#4786,#2404);
#1701=PCURVE('',#4786,#2405);
#1702=PCURVE('',#4786,#2406);
#1703=PCURVE('',#4679,#2407);
#1704=PCURVE('',#4679,#2408);
#1705=PCURVE('',#4679,#2409);
#1706=PCURVE('',#4679,#2410);
#1707=PCURVE('',#4680,#2411);
#1708=PCURVE('',#4680,#2412);
#1709=PCURVE('',#4680,#2413);
#1710=PCURVE('',#4680,#2414);
#1711=PCURVE('',#4681,#2415);
#1712=PCURVE('',#4681,#2416);
#1713=PCURVE('',#4681,#2417);
#1714=PCURVE('',#4681,#2418);
#1715=PCURVE('',#4682,#2419);
#1716=PCURVE('',#4682,#2420);
#1717=PCURVE('',#4682,#2421);
#1718=PCURVE('',#4682,#2422);
#1719=PCURVE('',#4683,#2423);
#1720=PCURVE('',#4683,#2424);
#1721=PCURVE('',#4683,#2425);
#1722=PCURVE('',#4683,#2426);
#1723=PCURVE('',#4684,#2427);
#1724=PCURVE('',#4684,#2428);
#1725=PCURVE('',#4684,#2429);
#1726=PCURVE('',#4684,#2430);
#1727=PCURVE('',#4787,#2431);
#1728=PCURVE('',#4787,#2432);
#1729=PCURVE('',#4787,#2433);
#1730=PCURVE('',#4787,#2434);
#1731=PCURVE('',#4788,#2435);
#1732=PCURVE('',#4788,#2436);
#1733=PCURVE('',#4788,#2437);
#1734=PCURVE('',#4788,#2438);
#1735=PCURVE('',#4789,#2439);
#1736=PCURVE('',#4789,#2440);
#1737=PCURVE('',#4789,#2441);
#1738=PCURVE('',#4789,#2442);
#1739=PCURVE('',#4790,#2443);
#1740=PCURVE('',#4790,#2444);
#1741=PCURVE('',#4790,#2445);
#1742=PCURVE('',#4790,#2446);
#1743=PCURVE('',#4791,#2447);
#1744=PCURVE('',#4791,#2448);
#1745=PCURVE('',#4791,#2449);
#1746=PCURVE('',#4791,#2450);
#1747=PCURVE('',#4792,#2451);
#1748=PCURVE('',#4792,#2452);
#1749=PCURVE('',#4792,#2453);
#1750=PCURVE('',#4792,#2454);
#1751=PCURVE('',#4793,#2455);
#1752=PCURVE('',#4793,#2456);
#1753=PCURVE('',#4793,#2457);
#1754=PCURVE('',#4793,#2458);
#1755=PCURVE('',#4794,#2459);
#1756=PCURVE('',#4794,#2460);
#1757=PCURVE('',#4794,#2461);
#1758=PCURVE('',#4794,#2462);
#1759=PCURVE('',#4795,#2463);
#1760=PCURVE('',#4795,#2464);
#1761=PCURVE('',#4795,#2465);
#1762=PCURVE('',#4795,#2466);
#1763=PCURVE('',#4796,#2467);
#1764=PCURVE('',#4796,#2468);
#1765=PCURVE('',#4796,#2469);
#1766=PCURVE('',#4796,#2470);
#1767=PCURVE('',#4797,#2471);
#1768=PCURVE('',#4797,#2472);
#1769=PCURVE('',#4797,#2473);
#1770=PCURVE('',#4797,#2474);
#1771=PCURVE('',#4798,#2475);
#1772=PCURVE('',#4798,#2476);
#1773=PCURVE('',#4798,#2477);
#1774=PCURVE('',#4798,#2478);
#1775=PCURVE('',#4799,#2479);
#1776=PCURVE('',#4799,#2480);
#1777=PCURVE('',#4799,#2481);
#1778=PCURVE('',#4800,#2482);
#1779=PCURVE('',#4800,#2483);
#1780=PCURVE('',#4800,#2484);
#1781=PCURVE('',#4801,#2485);
#1782=PCURVE('',#4801,#2486);
#1783=PCURVE('',#4801,#2487);
#1784=PCURVE('',#4802,#2488);
#1785=PCURVE('',#4802,#2489);
#1786=PCURVE('',#4802,#2490);
#1787=PCURVE('',#4803,#2491);
#1788=PCURVE('',#4803,#2492);
#1789=PCURVE('',#4803,#2493);
#1790=PCURVE('',#4804,#2494);
#1791=PCURVE('',#4804,#2495);
#1792=PCURVE('',#4804,#2496);
#1793=PCURVE('',#4805,#2497);
#1794=PCURVE('',#4805,#2498);
#1795=PCURVE('',#4805,#2499);
#1796=PCURVE('',#4806,#2500);
#1797=PCURVE('',#4806,#2501);
#1798=PCURVE('',#4806,#2502);
#1799=PCURVE('',#4685,#2503);
#1800=PCURVE('',#4685,#2504);
#1801=PCURVE('',#4685,#2505);
#1802=PCURVE('',#4685,#2506);
#1803=PCURVE('',#4686,#2507);
#1804=PCURVE('',#4686,#2508);
#1805=PCURVE('',#4686,#2509);
#1806=PCURVE('',#4686,#2510);
#1807=PCURVE('',#4687,#2511);
#1808=PCURVE('',#4687,#2512);
#1809=PCURVE('',#4687,#2513);
#1810=PCURVE('',#4687,#2514);
#1811=PCURVE('',#4688,#2515);
#1812=PCURVE('',#4688,#2516);
#1813=PCURVE('',#4688,#2517);
#1814=PCURVE('',#4688,#2518);
#1815=PCURVE('',#4689,#2519);
#1816=PCURVE('',#4689,#2520);
#1817=PCURVE('',#4689,#2521);
#1818=PCURVE('',#4689,#2522);
#1819=PCURVE('',#4690,#2523);
#1820=PCURVE('',#4690,#2524);
#1821=PCURVE('',#4690,#2525);
#1822=PCURVE('',#4690,#2526);
#1823=PCURVE('',#4807,#2527);
#1824=PCURVE('',#4807,#2528);
#1825=PCURVE('',#4807,#2529);
#1826=PCURVE('',#4807,#2530);
#1827=PCURVE('',#4808,#2531);
#1828=PCURVE('',#4808,#2532);
#1829=PCURVE('',#4808,#2533);
#1830=PCURVE('',#4808,#2534);
#1831=PCURVE('',#4809,#2535);
#1832=PCURVE('',#4809,#2536);
#1833=PCURVE('',#4809,#2537);
#1834=PCURVE('',#4809,#2538);
#1835=PCURVE('',#4810,#2539);
#1836=PCURVE('',#4810,#2540);
#1837=PCURVE('',#4810,#2541);
#1838=PCURVE('',#4810,#2542);
#1839=PCURVE('',#4811,#2543);
#1840=PCURVE('',#4811,#2544);
#1841=PCURVE('',#4811,#2545);
#1842=PCURVE('',#4811,#2546);
#1843=PCURVE('',#4812,#2547);
#1844=PCURVE('',#4812,#2548);
#1845=PCURVE('',#4812,#2549);
#1846=PCURVE('',#4812,#2550);
#1847=PCURVE('',#4813,#2551);
#1848=PCURVE('',#4813,#2552);
#1849=PCURVE('',#4813,#2553);
#1850=PCURVE('',#4813,#2554);
#1851=PCURVE('',#4814,#2555);
#1852=PCURVE('',#4814,#2556);
#1853=PCURVE('',#4814,#2557);
#1854=PCURVE('',#4814,#2558);
#1855=PCURVE('',#4815,#2559);
#1856=PCURVE('',#4815,#2560);
#1857=PCURVE('',#4815,#2561);
#1858=PCURVE('',#4815,#2562);
#1859=PCURVE('',#4816,#2563);
#1860=PCURVE('',#4816,#2564);
#1861=PCURVE('',#4816,#2565);
#1862=PCURVE('',#4816,#2566);
#1863=PCURVE('',#4817,#2567);
#1864=PCURVE('',#4817,#2568);
#1865=PCURVE('',#4817,#2569);
#1866=PCURVE('',#4817,#2570);
#1867=PCURVE('',#4818,#2571);
#1868=PCURVE('',#4818,#2572);
#1869=PCURVE('',#4818,#2573);
#1870=PCURVE('',#4818,#2574);
#1871=PCURVE('',#4819,#2575);
#1872=PCURVE('',#4819,#2576);
#1873=PCURVE('',#4819,#2577);
#1874=PCURVE('',#4820,#2578);
#1875=PCURVE('',#4820,#2579);
#1876=PCURVE('',#4820,#2580);
#1877=PCURVE('',#4821,#2581);
#1878=PCURVE('',#4821,#2582);
#1879=PCURVE('',#4821,#2583);
#1880=PCURVE('',#4822,#2584);
#1881=PCURVE('',#4822,#2585);
#1882=PCURVE('',#4822,#2586);
#1883=PCURVE('',#4823,#2587);
#1884=PCURVE('',#4823,#2588);
#1885=PCURVE('',#4823,#2589);
#1886=PCURVE('',#4824,#2590);
#1887=PCURVE('',#4824,#2591);
#1888=PCURVE('',#4824,#2592);
#1889=PCURVE('',#4825,#2593);
#1890=PCURVE('',#4825,#2594);
#1891=PCURVE('',#4825,#2595);
#1892=PCURVE('',#4826,#2596);
#1893=PCURVE('',#4826,#2597);
#1894=PCURVE('',#4826,#2598);
#1895=PCURVE('',#4691,#2599);
#1896=PCURVE('',#4691,#2600);
#1897=PCURVE('',#4691,#2601);
#1898=PCURVE('',#4691,#2602);
#1899=PCURVE('',#4692,#2603);
#1900=PCURVE('',#4692,#2604);
#1901=PCURVE('',#4692,#2605);
#1902=PCURVE('',#4692,#2606);
#1903=PCURVE('',#4692,#2607);
#1904=PCURVE('',#4692,#2608);
#1905=PCURVE('',#4692,#2609);
#1906=PCURVE('',#4692,#2610);
#1907=PCURVE('',#4692,#2611);
#1908=PCURVE('',#4692,#2612);
#1909=PCURVE('',#4827,#2613);
#1910=PCURVE('',#4827,#2614);
#1911=PCURVE('',#4827,#2615);
#1912=PCURVE('',#4827,#2616);
#1913=PCURVE('',#4693,#2617);
#1914=PCURVE('',#4693,#2618);
#1915=PCURVE('',#4693,#2619);
#1916=PCURVE('',#4693,#2620);
#1917=PCURVE('',#4693,#2621);
#1918=PCURVE('',#4693,#2622);
#1919=PCURVE('',#4693,#2623);
#1920=PCURVE('',#4693,#2624);
#1921=PCURVE('',#4693,#2625);
#1922=PCURVE('',#4693,#2626);
#1923=PCURVE('',#4828,#2627);
#1924=PCURVE('',#4828,#2628);
#1925=PCURVE('',#4828,#2629);
#1926=PCURVE('',#4828,#2630);
#1927=PCURVE('',#4694,#2631);
#1928=PCURVE('',#4694,#2632);
#1929=PCURVE('',#4694,#2633);
#1930=PCURVE('',#4694,#2634);
#1931=PCURVE('',#4695,#2635);
#1932=PCURVE('',#4695,#2636);
#1933=PCURVE('',#4695,#2637);
#1934=PCURVE('',#4695,#2638);
#1935=PCURVE('',#4696,#2639);
#1936=PCURVE('',#4696,#2640);
#1937=PCURVE('',#4696,#2641);
#1938=PCURVE('',#4696,#2642);
#1939=PCURVE('',#4829,#2643);
#1940=PCURVE('',#4829,#2644);
#1941=PCURVE('',#4829,#2645);
#1942=PCURVE('',#4829,#2646);
#1943=PCURVE('',#4830,#2647);
#1944=PCURVE('',#4830,#2648);
#1945=PCURVE('',#4830,#2649);
#1946=PCURVE('',#4830,#2650);
#1947=PCURVE('',#4831,#2651);
#1948=PCURVE('',#4831,#2652);
#1949=PCURVE('',#4831,#2653);
#1950=PCURVE('',#4831,#2654);
#1951=PCURVE('',#4832,#2655);
#1952=PCURVE('',#4832,#2656);
#1953=PCURVE('',#4832,#2657);
#1954=PCURVE('',#4832,#2658);
#1955=PCURVE('',#4697,#2659);
#1956=PCURVE('',#4697,#2660);
#1957=PCURVE('',#4697,#2661);
#1958=PCURVE('',#4697,#2662);
#1959=PCURVE('',#4698,#2663);
#1960=PCURVE('',#4698,#2664);
#1961=PCURVE('',#4698,#2665);
#1962=PCURVE('',#4698,#2666);
#1963=PCURVE('',#4698,#2667);
#1964=PCURVE('',#4698,#2668);
#1965=PCURVE('',#4698,#2669);
#1966=PCURVE('',#4698,#2670);
#1967=PCURVE('',#4699,#2671);
#1968=PCURVE('',#4699,#2672);
#1969=PCURVE('',#4699,#2673);
#1970=PCURVE('',#4699,#2674);
#1971=PCURVE('',#4699,#2675);
#1972=PCURVE('',#4699,#2676);
#1973=PCURVE('',#4699,#2677);
#1974=PCURVE('',#4699,#2678);
#1975=PCURVE('',#4833,#2679);
#1976=PCURVE('',#4833,#2680);
#1977=PCURVE('',#4833,#2681);
#1978=PCURVE('',#4833,#2682);
#1979=PCURVE('',#4700,#2683);
#1980=PCURVE('',#4700,#2684);
#1981=PCURVE('',#4700,#2685);
#1982=PCURVE('',#4700,#2686);
#1983=PCURVE('',#4701,#2687);
#1984=PCURVE('',#4701,#2688);
#1985=PCURVE('',#4701,#2689);
#1986=PCURVE('',#4701,#2690);
#1987=PCURVE('',#4702,#2691);
#1988=PCURVE('',#4702,#2692);
#1989=PCURVE('',#4702,#2693);
#1990=PCURVE('',#4702,#2694);
#1991=PCURVE('',#4834,#2695);
#1992=PCURVE('',#4834,#2696);
#1993=PCURVE('',#4834,#2697);
#1994=PCURVE('',#4834,#2698);
#1995=PCURVE('',#4835,#2699);
#1996=PCURVE('',#4835,#2700);
#1997=PCURVE('',#4835,#2701);
#1998=PCURVE('',#4835,#2702);
#1999=PCURVE('',#4836,#2703);
#2000=PCURVE('',#4836,#2704);
#2001=PCURVE('',#4836,#2705);
#2002=PCURVE('',#4836,#2706);
#2003=DEFINITIONAL_REPRESENTATION('',(#2707),#10452);
#2004=DEFINITIONAL_REPRESENTATION('',(#2708),#10452);
#2005=DEFINITIONAL_REPRESENTATION('',(#2709),#10452);
#2006=DEFINITIONAL_REPRESENTATION('',(#2710),#10452);
#2007=DEFINITIONAL_REPRESENTATION('',(#4288),#10452);
#2008=DEFINITIONAL_REPRESENTATION('',(#4290),#10452);
#2009=DEFINITIONAL_REPRESENTATION('',(#2711),#10452);
#2010=DEFINITIONAL_REPRESENTATION('',(#2712),#10452);
#2011=DEFINITIONAL_REPRESENTATION('',(#2713),#10452);
#2012=DEFINITIONAL_REPRESENTATION('',(#2714),#10452);
#2013=DEFINITIONAL_REPRESENTATION('',(#4294),#10452);
#2014=DEFINITIONAL_REPRESENTATION('',(#4295),#10452);
#2015=DEFINITIONAL_REPRESENTATION('',(#2715),#10452);
#2016=DEFINITIONAL_REPRESENTATION('',(#2716),#10452);
#2017=DEFINITIONAL_REPRESENTATION('',(#2717),#10452);
#2018=DEFINITIONAL_REPRESENTATION('',(#2718),#10452);
#2019=DEFINITIONAL_REPRESENTATION('',(#2719),#10452);
#2020=DEFINITIONAL_REPRESENTATION('',(#2720),#10452);
#2021=DEFINITIONAL_REPRESENTATION('',(#2721),#10452);
#2022=DEFINITIONAL_REPRESENTATION('',(#2722),#10452);
#2023=DEFINITIONAL_REPRESENTATION('',(#2724),#10452);
#2024=DEFINITIONAL_REPRESENTATION('',(#2726),#10452);
#2025=DEFINITIONAL_REPRESENTATION('',(#2728),#10452);
#2026=DEFINITIONAL_REPRESENTATION('',(#2730),#10452);
#2027=DEFINITIONAL_REPRESENTATION('',(#2732),#10452);
#2028=DEFINITIONAL_REPRESENTATION('',(#2734),#10452);
#2029=DEFINITIONAL_REPRESENTATION('',(#2736),#10452);
#2030=DEFINITIONAL_REPRESENTATION('',(#2738),#10452);
#2031=DEFINITIONAL_REPRESENTATION('',(#2740),#10452);
#2032=DEFINITIONAL_REPRESENTATION('',(#2742),#10452);
#2033=DEFINITIONAL_REPRESENTATION('',(#2744),#10452);
#2034=DEFINITIONAL_REPRESENTATION('',(#2746),#10452);
#2035=DEFINITIONAL_REPRESENTATION('',(#2748),#10452);
#2036=DEFINITIONAL_REPRESENTATION('',(#2750),#10452);
#2037=DEFINITIONAL_REPRESENTATION('',(#2752),#10452);
#2038=DEFINITIONAL_REPRESENTATION('',(#2754),#10452);
#2039=DEFINITIONAL_REPRESENTATION('',(#2756),#10452);
#2040=DEFINITIONAL_REPRESENTATION('',(#2758),#10452);
#2041=DEFINITIONAL_REPRESENTATION('',(#2760),#10452);
#2042=DEFINITIONAL_REPRESENTATION('',(#2762),#10452);
#2043=DEFINITIONAL_REPRESENTATION('',(#2764),#10452);
#2044=DEFINITIONAL_REPRESENTATION('',(#2766),#10452);
#2045=DEFINITIONAL_REPRESENTATION('',(#2768),#10452);
#2046=DEFINITIONAL_REPRESENTATION('',(#2770),#10452);
#2047=DEFINITIONAL_REPRESENTATION('',(#2771),#10452);
#2048=DEFINITIONAL_REPRESENTATION('',(#2772),#10452);
#2049=DEFINITIONAL_REPRESENTATION('',(#2773),#10452);
#2050=DEFINITIONAL_REPRESENTATION('',(#2774),#10452);
#2051=DEFINITIONAL_REPRESENTATION('',(#2775),#10452);
#2052=DEFINITIONAL_REPRESENTATION('',(#2776),#10452);
#2053=DEFINITIONAL_REPRESENTATION('',(#2777),#10452);
#2054=DEFINITIONAL_REPRESENTATION('',(#2778),#10452);
#2055=DEFINITIONAL_REPRESENTATION('',(#2779),#10452);
#2056=DEFINITIONAL_REPRESENTATION('',(#2780),#10452);
#2057=DEFINITIONAL_REPRESENTATION('',(#2781),#10452);
#2058=DEFINITIONAL_REPRESENTATION('',(#2782),#10452);
#2059=DEFINITIONAL_REPRESENTATION('',(#2783),#10452);
#2060=DEFINITIONAL_REPRESENTATION('',(#2784),#10452);
#2061=DEFINITIONAL_REPRESENTATION('',(#2785),#10452);
#2062=DEFINITIONAL_REPRESENTATION('',(#2786),#10452);
#2063=DEFINITIONAL_REPRESENTATION('',(#2787),#10452);
#2064=DEFINITIONAL_REPRESENTATION('',(#2788),#10452);
#2065=DEFINITIONAL_REPRESENTATION('',(#2789),#10452);
#2066=DEFINITIONAL_REPRESENTATION('',(#2790),#10452);
#2067=DEFINITIONAL_REPRESENTATION('',(#2791),#10452);
#2068=DEFINITIONAL_REPRESENTATION('',(#2792),#10452);
#2069=DEFINITIONAL_REPRESENTATION('',(#2793),#10452);
#2070=DEFINITIONAL_REPRESENTATION('',(#2794),#10452);
#2071=DEFINITIONAL_REPRESENTATION('',(#2795),#10452);
#2072=DEFINITIONAL_REPRESENTATION('',(#2796),#10452);
#2073=DEFINITIONAL_REPRESENTATION('',(#2797),#10452);
#2074=DEFINITIONAL_REPRESENTATION('',(#2798),#10452);
#2075=DEFINITIONAL_REPRESENTATION('',(#2799),#10452);
#2076=DEFINITIONAL_REPRESENTATION('',(#2800),#10452);
#2077=DEFINITIONAL_REPRESENTATION('',(#2801),#10452);
#2078=DEFINITIONAL_REPRESENTATION('',(#2802),#10452);
#2079=DEFINITIONAL_REPRESENTATION('',(#2803),#10452);
#2080=DEFINITIONAL_REPRESENTATION('',(#2804),#10452);
#2081=DEFINITIONAL_REPRESENTATION('',(#2805),#10452);
#2082=DEFINITIONAL_REPRESENTATION('',(#2806),#10452);
#2083=DEFINITIONAL_REPRESENTATION('',(#2807),#10452);
#2084=DEFINITIONAL_REPRESENTATION('',(#2808),#10452);
#2085=DEFINITIONAL_REPRESENTATION('',(#2809),#10452);
#2086=DEFINITIONAL_REPRESENTATION('',(#2810),#10452);
#2087=DEFINITIONAL_REPRESENTATION('',(#2811),#10452);
#2088=DEFINITIONAL_REPRESENTATION('',(#2812),#10452);
#2089=DEFINITIONAL_REPRESENTATION('',(#2813),#10452);
#2090=DEFINITIONAL_REPRESENTATION('',(#2814),#10452);
#2091=DEFINITIONAL_REPRESENTATION('',(#2815),#10452);
#2092=DEFINITIONAL_REPRESENTATION('',(#2816),#10452);
#2093=DEFINITIONAL_REPRESENTATION('',(#2817),#10452);
#2094=DEFINITIONAL_REPRESENTATION('',(#2818),#10452);
#2095=DEFINITIONAL_REPRESENTATION('',(#2819),#10452);
#2096=DEFINITIONAL_REPRESENTATION('',(#2820),#10452);
#2097=DEFINITIONAL_REPRESENTATION('',(#2821),#10452);
#2098=DEFINITIONAL_REPRESENTATION('',(#2822),#10452);
#2099=DEFINITIONAL_REPRESENTATION('',(#2823),#10452);
#2100=DEFINITIONAL_REPRESENTATION('',(#2824),#10452);
#2101=DEFINITIONAL_REPRESENTATION('',(#2825),#10452);
#2102=DEFINITIONAL_REPRESENTATION('',(#2826),#10452);
#2103=DEFINITIONAL_REPRESENTATION('',(#2827),#10452);
#2104=DEFINITIONAL_REPRESENTATION('',(#2828),#10452);
#2105=DEFINITIONAL_REPRESENTATION('',(#2829),#10452);
#2106=DEFINITIONAL_REPRESENTATION('',(#2830),#10452);
#2107=DEFINITIONAL_REPRESENTATION('',(#2831),#10452);
#2108=DEFINITIONAL_REPRESENTATION('',(#2832),#10452);
#2109=DEFINITIONAL_REPRESENTATION('',(#2833),#10452);
#2110=DEFINITIONAL_REPRESENTATION('',(#2834),#10452);
#2111=DEFINITIONAL_REPRESENTATION('',(#2835),#10452);
#2112=DEFINITIONAL_REPRESENTATION('',(#2836),#10452);
#2113=DEFINITIONAL_REPRESENTATION('',(#2837),#10452);
#2114=DEFINITIONAL_REPRESENTATION('',(#2838),#10452);
#2115=DEFINITIONAL_REPRESENTATION('',(#2839),#10452);
#2116=DEFINITIONAL_REPRESENTATION('',(#2840),#10452);
#2117=DEFINITIONAL_REPRESENTATION('',(#2841),#10452);
#2118=DEFINITIONAL_REPRESENTATION('',(#2842),#10452);
#2119=DEFINITIONAL_REPRESENTATION('',(#2844),#10452);
#2120=DEFINITIONAL_REPRESENTATION('',(#2846),#10452);
#2121=DEFINITIONAL_REPRESENTATION('',(#2848),#10452);
#2122=DEFINITIONAL_REPRESENTATION('',(#2850),#10452);
#2123=DEFINITIONAL_REPRESENTATION('',(#2852),#10452);
#2124=DEFINITIONAL_REPRESENTATION('',(#2854),#10452);
#2125=DEFINITIONAL_REPRESENTATION('',(#2856),#10452);
#2126=DEFINITIONAL_REPRESENTATION('',(#2858),#10452);
#2127=DEFINITIONAL_REPRESENTATION('',(#2860),#10452);
#2128=DEFINITIONAL_REPRESENTATION('',(#2862),#10452);
#2129=DEFINITIONAL_REPRESENTATION('',(#2864),#10452);
#2130=DEFINITIONAL_REPRESENTATION('',(#2866),#10452);
#2131=DEFINITIONAL_REPRESENTATION('',(#2868),#10452);
#2132=DEFINITIONAL_REPRESENTATION('',(#2870),#10452);
#2133=DEFINITIONAL_REPRESENTATION('',(#2872),#10452);
#2134=DEFINITIONAL_REPRESENTATION('',(#2874),#10452);
#2135=DEFINITIONAL_REPRESENTATION('',(#2876),#10452);
#2136=DEFINITIONAL_REPRESENTATION('',(#2878),#10452);
#2137=DEFINITIONAL_REPRESENTATION('',(#2880),#10452);
#2138=DEFINITIONAL_REPRESENTATION('',(#2882),#10452);
#2139=DEFINITIONAL_REPRESENTATION('',(#2884),#10452);
#2140=DEFINITIONAL_REPRESENTATION('',(#2886),#10452);
#2141=DEFINITIONAL_REPRESENTATION('',(#2888),#10452);
#2142=DEFINITIONAL_REPRESENTATION('',(#2890),#10452);
#2143=DEFINITIONAL_REPRESENTATION('',(#2891),#10452);
#2144=DEFINITIONAL_REPRESENTATION('',(#2892),#10452);
#2145=DEFINITIONAL_REPRESENTATION('',(#2893),#10452);
#2146=DEFINITIONAL_REPRESENTATION('',(#2894),#10452);
#2147=DEFINITIONAL_REPRESENTATION('',(#2895),#10452);
#2148=DEFINITIONAL_REPRESENTATION('',(#2896),#10452);
#2149=DEFINITIONAL_REPRESENTATION('',(#2897),#10452);
#2150=DEFINITIONAL_REPRESENTATION('',(#2898),#10452);
#2151=DEFINITIONAL_REPRESENTATION('',(#2899),#10452);
#2152=DEFINITIONAL_REPRESENTATION('',(#2900),#10452);
#2153=DEFINITIONAL_REPRESENTATION('',(#2901),#10452);
#2154=DEFINITIONAL_REPRESENTATION('',(#2902),#10452);
#2155=DEFINITIONAL_REPRESENTATION('',(#2903),#10452);
#2156=DEFINITIONAL_REPRESENTATION('',(#2904),#10452);
#2157=DEFINITIONAL_REPRESENTATION('',(#2905),#10452);
#2158=DEFINITIONAL_REPRESENTATION('',(#2906),#10452);
#2159=DEFINITIONAL_REPRESENTATION('',(#2907),#10452);
#2160=DEFINITIONAL_REPRESENTATION('',(#2908),#10452);
#2161=DEFINITIONAL_REPRESENTATION('',(#2909),#10452);
#2162=DEFINITIONAL_REPRESENTATION('',(#2910),#10452);
#2163=DEFINITIONAL_REPRESENTATION('',(#2911),#10452);
#2164=DEFINITIONAL_REPRESENTATION('',(#2912),#10452);
#2165=DEFINITIONAL_REPRESENTATION('',(#2913),#10452);
#2166=DEFINITIONAL_REPRESENTATION('',(#2914),#10452);
#2167=DEFINITIONAL_REPRESENTATION('',(#2915),#10452);
#2168=DEFINITIONAL_REPRESENTATION('',(#2916),#10452);
#2169=DEFINITIONAL_REPRESENTATION('',(#2917),#10452);
#2170=DEFINITIONAL_REPRESENTATION('',(#2918),#10452);
#2171=DEFINITIONAL_REPRESENTATION('',(#2919),#10452);
#2172=DEFINITIONAL_REPRESENTATION('',(#2920),#10452);
#2173=DEFINITIONAL_REPRESENTATION('',(#2921),#10452);
#2174=DEFINITIONAL_REPRESENTATION('',(#2922),#10452);
#2175=DEFINITIONAL_REPRESENTATION('',(#2923),#10452);
#2176=DEFINITIONAL_REPRESENTATION('',(#2924),#10452);
#2177=DEFINITIONAL_REPRESENTATION('',(#2925),#10452);
#2178=DEFINITIONAL_REPRESENTATION('',(#2926),#10452);
#2179=DEFINITIONAL_REPRESENTATION('',(#2927),#10452);
#2180=DEFINITIONAL_REPRESENTATION('',(#2928),#10452);
#2181=DEFINITIONAL_REPRESENTATION('',(#2929),#10452);
#2182=DEFINITIONAL_REPRESENTATION('',(#2930),#10452);
#2183=DEFINITIONAL_REPRESENTATION('',(#2931),#10452);
#2184=DEFINITIONAL_REPRESENTATION('',(#2932),#10452);
#2185=DEFINITIONAL_REPRESENTATION('',(#2933),#10452);
#2186=DEFINITIONAL_REPRESENTATION('',(#2934),#10452);
#2187=DEFINITIONAL_REPRESENTATION('',(#2935),#10452);
#2188=DEFINITIONAL_REPRESENTATION('',(#2936),#10452);
#2189=DEFINITIONAL_REPRESENTATION('',(#2937),#10452);
#2190=DEFINITIONAL_REPRESENTATION('',(#2938),#10452);
#2191=DEFINITIONAL_REPRESENTATION('',(#2939),#10452);
#2192=DEFINITIONAL_REPRESENTATION('',(#2940),#10452);
#2193=DEFINITIONAL_REPRESENTATION('',(#2941),#10452);
#2194=DEFINITIONAL_REPRESENTATION('',(#2942),#10452);
#2195=DEFINITIONAL_REPRESENTATION('',(#2943),#10452);
#2196=DEFINITIONAL_REPRESENTATION('',(#2944),#10452);
#2197=DEFINITIONAL_REPRESENTATION('',(#2945),#10452);
#2198=DEFINITIONAL_REPRESENTATION('',(#2946),#10452);
#2199=DEFINITIONAL_REPRESENTATION('',(#2947),#10452);
#2200=DEFINITIONAL_REPRESENTATION('',(#2948),#10452);
#2201=DEFINITIONAL_REPRESENTATION('',(#2949),#10452);
#2202=DEFINITIONAL_REPRESENTATION('',(#2950),#10452);
#2203=DEFINITIONAL_REPRESENTATION('',(#2951),#10452);
#2204=DEFINITIONAL_REPRESENTATION('',(#2952),#10452);
#2205=DEFINITIONAL_REPRESENTATION('',(#2953),#10452);
#2206=DEFINITIONAL_REPRESENTATION('',(#2954),#10452);
#2207=DEFINITIONAL_REPRESENTATION('',(#2955),#10452);
#2208=DEFINITIONAL_REPRESENTATION('',(#2956),#10452);
#2209=DEFINITIONAL_REPRESENTATION('',(#2957),#10452);
#2210=DEFINITIONAL_REPRESENTATION('',(#2958),#10452);
#2211=DEFINITIONAL_REPRESENTATION('',(#2959),#10452);
#2212=DEFINITIONAL_REPRESENTATION('',(#2960),#10452);
#2213=DEFINITIONAL_REPRESENTATION('',(#2961),#10452);
#2214=DEFINITIONAL_REPRESENTATION('',(#2962),#10452);
#2215=DEFINITIONAL_REPRESENTATION('',(#2964),#10452);
#2216=DEFINITIONAL_REPRESENTATION('',(#2966),#10452);
#2217=DEFINITIONAL_REPRESENTATION('',(#2968),#10452);
#2218=DEFINITIONAL_REPRESENTATION('',(#2970),#10452);
#2219=DEFINITIONAL_REPRESENTATION('',(#2972),#10452);
#2220=DEFINITIONAL_REPRESENTATION('',(#2974),#10452);
#2221=DEFINITIONAL_REPRESENTATION('',(#2976),#10452);
#2222=DEFINITIONAL_REPRESENTATION('',(#2978),#10452);
#2223=DEFINITIONAL_REPRESENTATION('',(#2980),#10452);
#2224=DEFINITIONAL_REPRESENTATION('',(#2982),#10452);
#2225=DEFINITIONAL_REPRESENTATION('',(#2984),#10452);
#2226=DEFINITIONAL_REPRESENTATION('',(#2986),#10452);
#2227=DEFINITIONAL_REPRESENTATION('',(#2988),#10452);
#2228=DEFINITIONAL_REPRESENTATION('',(#2990),#10452);
#2229=DEFINITIONAL_REPRESENTATION('',(#2992),#10452);
#2230=DEFINITIONAL_REPRESENTATION('',(#2994),#10452);
#2231=DEFINITIONAL_REPRESENTATION('',(#2996),#10452);
#2232=DEFINITIONAL_REPRESENTATION('',(#2998),#10452);
#2233=DEFINITIONAL_REPRESENTATION('',(#3000),#10452);
#2234=DEFINITIONAL_REPRESENTATION('',(#3002),#10452);
#2235=DEFINITIONAL_REPRESENTATION('',(#3004),#10452);
#2236=DEFINITIONAL_REPRESENTATION('',(#3006),#10452);
#2237=DEFINITIONAL_REPRESENTATION('',(#3008),#10452);
#2238=DEFINITIONAL_REPRESENTATION('',(#3010),#10452);
#2239=DEFINITIONAL_REPRESENTATION('',(#3011),#10452);
#2240=DEFINITIONAL_REPRESENTATION('',(#3012),#10452);
#2241=DEFINITIONAL_REPRESENTATION('',(#3013),#10452);
#2242=DEFINITIONAL_REPRESENTATION('',(#3014),#10452);
#2243=DEFINITIONAL_REPRESENTATION('',(#3015),#10452);
#2244=DEFINITIONAL_REPRESENTATION('',(#3016),#10452);
#2245=DEFINITIONAL_REPRESENTATION('',(#3017),#10452);
#2246=DEFINITIONAL_REPRESENTATION('',(#3018),#10452);
#2247=DEFINITIONAL_REPRESENTATION('',(#3019),#10452);
#2248=DEFINITIONAL_REPRESENTATION('',(#3020),#10452);
#2249=DEFINITIONAL_REPRESENTATION('',(#3021),#10452);
#2250=DEFINITIONAL_REPRESENTATION('',(#3022),#10452);
#2251=DEFINITIONAL_REPRESENTATION('',(#3023),#10452);
#2252=DEFINITIONAL_REPRESENTATION('',(#3024),#10452);
#2253=DEFINITIONAL_REPRESENTATION('',(#3025),#10452);
#2254=DEFINITIONAL_REPRESENTATION('',(#3026),#10452);
#2255=DEFINITIONAL_REPRESENTATION('',(#3027),#10452);
#2256=DEFINITIONAL_REPRESENTATION('',(#3028),#10452);
#2257=DEFINITIONAL_REPRESENTATION('',(#3029),#10452);
#2258=DEFINITIONAL_REPRESENTATION('',(#3030),#10452);
#2259=DEFINITIONAL_REPRESENTATION('',(#3031),#10452);
#2260=DEFINITIONAL_REPRESENTATION('',(#3032),#10452);
#2261=DEFINITIONAL_REPRESENTATION('',(#3033),#10452);
#2262=DEFINITIONAL_REPRESENTATION('',(#3034),#10452);
#2263=DEFINITIONAL_REPRESENTATION('',(#3035),#10452);
#2264=DEFINITIONAL_REPRESENTATION('',(#3036),#10452);
#2265=DEFINITIONAL_REPRESENTATION('',(#3037),#10452);
#2266=DEFINITIONAL_REPRESENTATION('',(#3038),#10452);
#2267=DEFINITIONAL_REPRESENTATION('',(#3039),#10452);
#2268=DEFINITIONAL_REPRESENTATION('',(#3040),#10452);
#2269=DEFINITIONAL_REPRESENTATION('',(#3041),#10452);
#2270=DEFINITIONAL_REPRESENTATION('',(#3042),#10452);
#2271=DEFINITIONAL_REPRESENTATION('',(#3043),#10452);
#2272=DEFINITIONAL_REPRESENTATION('',(#3044),#10452);
#2273=DEFINITIONAL_REPRESENTATION('',(#3045),#10452);
#2274=DEFINITIONAL_REPRESENTATION('',(#3046),#10452);
#2275=DEFINITIONAL_REPRESENTATION('',(#3047),#10452);
#2276=DEFINITIONAL_REPRESENTATION('',(#3048),#10452);
#2277=DEFINITIONAL_REPRESENTATION('',(#3049),#10452);
#2278=DEFINITIONAL_REPRESENTATION('',(#3050),#10452);
#2279=DEFINITIONAL_REPRESENTATION('',(#3051),#10452);
#2280=DEFINITIONAL_REPRESENTATION('',(#3052),#10452);
#2281=DEFINITIONAL_REPRESENTATION('',(#3053),#10452);
#2282=DEFINITIONAL_REPRESENTATION('',(#3054),#10452);
#2283=DEFINITIONAL_REPRESENTATION('',(#3055),#10452);
#2284=DEFINITIONAL_REPRESENTATION('',(#3056),#10452);
#2285=DEFINITIONAL_REPRESENTATION('',(#3057),#10452);
#2286=DEFINITIONAL_REPRESENTATION('',(#3058),#10452);
#2287=DEFINITIONAL_REPRESENTATION('',(#3059),#10452);
#2288=DEFINITIONAL_REPRESENTATION('',(#3060),#10452);
#2289=DEFINITIONAL_REPRESENTATION('',(#3061),#10452);
#2290=DEFINITIONAL_REPRESENTATION('',(#3062),#10452);
#2291=DEFINITIONAL_REPRESENTATION('',(#3063),#10452);
#2292=DEFINITIONAL_REPRESENTATION('',(#3064),#10452);
#2293=DEFINITIONAL_REPRESENTATION('',(#3065),#10452);
#2294=DEFINITIONAL_REPRESENTATION('',(#3066),#10452);
#2295=DEFINITIONAL_REPRESENTATION('',(#3067),#10452);
#2296=DEFINITIONAL_REPRESENTATION('',(#3068),#10452);
#2297=DEFINITIONAL_REPRESENTATION('',(#3069),#10452);
#2298=DEFINITIONAL_REPRESENTATION('',(#3070),#10452);
#2299=DEFINITIONAL_REPRESENTATION('',(#3071),#10452);
#2300=DEFINITIONAL_REPRESENTATION('',(#3072),#10452);
#2301=DEFINITIONAL_REPRESENTATION('',(#3073),#10452);
#2302=DEFINITIONAL_REPRESENTATION('',(#3074),#10452);
#2303=DEFINITIONAL_REPRESENTATION('',(#3075),#10452);
#2304=DEFINITIONAL_REPRESENTATION('',(#3076),#10452);
#2305=DEFINITIONAL_REPRESENTATION('',(#3077),#10452);
#2306=DEFINITIONAL_REPRESENTATION('',(#3078),#10452);
#2307=DEFINITIONAL_REPRESENTATION('',(#3079),#10452);
#2308=DEFINITIONAL_REPRESENTATION('',(#3080),#10452);
#2309=DEFINITIONAL_REPRESENTATION('',(#3081),#10452);
#2310=DEFINITIONAL_REPRESENTATION('',(#3082),#10452);
#2311=DEFINITIONAL_REPRESENTATION('',(#3084),#10452);
#2312=DEFINITIONAL_REPRESENTATION('',(#3086),#10452);
#2313=DEFINITIONAL_REPRESENTATION('',(#3088),#10452);
#2314=DEFINITIONAL_REPRESENTATION('',(#3090),#10452);
#2315=DEFINITIONAL_REPRESENTATION('',(#3092),#10452);
#2316=DEFINITIONAL_REPRESENTATION('',(#3094),#10452);
#2317=DEFINITIONAL_REPRESENTATION('',(#3096),#10452);
#2318=DEFINITIONAL_REPRESENTATION('',(#3098),#10452);
#2319=DEFINITIONAL_REPRESENTATION('',(#3100),#10452);
#2320=DEFINITIONAL_REPRESENTATION('',(#3102),#10452);
#2321=DEFINITIONAL_REPRESENTATION('',(#3104),#10452);
#2322=DEFINITIONAL_REPRESENTATION('',(#3106),#10452);
#2323=DEFINITIONAL_REPRESENTATION('',(#3108),#10452);
#2324=DEFINITIONAL_REPRESENTATION('',(#3110),#10452);
#2325=DEFINITIONAL_REPRESENTATION('',(#3112),#10452);
#2326=DEFINITIONAL_REPRESENTATION('',(#3114),#10452);
#2327=DEFINITIONAL_REPRESENTATION('',(#3116),#10452);
#2328=DEFINITIONAL_REPRESENTATION('',(#3118),#10452);
#2329=DEFINITIONAL_REPRESENTATION('',(#3120),#10452);
#2330=DEFINITIONAL_REPRESENTATION('',(#3122),#10452);
#2331=DEFINITIONAL_REPRESENTATION('',(#3124),#10452);
#2332=DEFINITIONAL_REPRESENTATION('',(#3126),#10452);
#2333=DEFINITIONAL_REPRESENTATION('',(#3128),#10452);
#2334=DEFINITIONAL_REPRESENTATION('',(#3130),#10452);
#2335=DEFINITIONAL_REPRESENTATION('',(#3131),#10452);
#2336=DEFINITIONAL_REPRESENTATION('',(#3132),#10452);
#2337=DEFINITIONAL_REPRESENTATION('',(#3133),#10452);
#2338=DEFINITIONAL_REPRESENTATION('',(#3134),#10452);
#2339=DEFINITIONAL_REPRESENTATION('',(#3135),#10452);
#2340=DEFINITIONAL_REPRESENTATION('',(#3136),#10452);
#2341=DEFINITIONAL_REPRESENTATION('',(#3137),#10452);
#2342=DEFINITIONAL_REPRESENTATION('',(#3138),#10452);
#2343=DEFINITIONAL_REPRESENTATION('',(#3139),#10452);
#2344=DEFINITIONAL_REPRESENTATION('',(#3140),#10452);
#2345=DEFINITIONAL_REPRESENTATION('',(#3141),#10452);
#2346=DEFINITIONAL_REPRESENTATION('',(#3142),#10452);
#2347=DEFINITIONAL_REPRESENTATION('',(#3143),#10452);
#2348=DEFINITIONAL_REPRESENTATION('',(#3144),#10452);
#2349=DEFINITIONAL_REPRESENTATION('',(#3145),#10452);
#2350=DEFINITIONAL_REPRESENTATION('',(#3146),#10452);
#2351=DEFINITIONAL_REPRESENTATION('',(#3147),#10452);
#2352=DEFINITIONAL_REPRESENTATION('',(#3148),#10452);
#2353=DEFINITIONAL_REPRESENTATION('',(#3149),#10452);
#2354=DEFINITIONAL_REPRESENTATION('',(#3150),#10452);
#2355=DEFINITIONAL_REPRESENTATION('',(#3151),#10452);
#2356=DEFINITIONAL_REPRESENTATION('',(#3152),#10452);
#2357=DEFINITIONAL_REPRESENTATION('',(#3153),#10452);
#2358=DEFINITIONAL_REPRESENTATION('',(#3154),#10452);
#2359=DEFINITIONAL_REPRESENTATION('',(#3155),#10452);
#2360=DEFINITIONAL_REPRESENTATION('',(#3156),#10452);
#2361=DEFINITIONAL_REPRESENTATION('',(#3157),#10452);
#2362=DEFINITIONAL_REPRESENTATION('',(#3158),#10452);
#2363=DEFINITIONAL_REPRESENTATION('',(#3159),#10452);
#2364=DEFINITIONAL_REPRESENTATION('',(#3160),#10452);
#2365=DEFINITIONAL_REPRESENTATION('',(#3161),#10452);
#2366=DEFINITIONAL_REPRESENTATION('',(#3162),#10452);
#2367=DEFINITIONAL_REPRESENTATION('',(#3163),#10452);
#2368=DEFINITIONAL_REPRESENTATION('',(#3164),#10452);
#2369=DEFINITIONAL_REPRESENTATION('',(#3165),#10452);
#2370=DEFINITIONAL_REPRESENTATION('',(#3166),#10452);
#2371=DEFINITIONAL_REPRESENTATION('',(#3167),#10452);
#2372=DEFINITIONAL_REPRESENTATION('',(#3168),#10452);
#2373=DEFINITIONAL_REPRESENTATION('',(#3169),#10452);
#2374=DEFINITIONAL_REPRESENTATION('',(#3170),#10452);
#2375=DEFINITIONAL_REPRESENTATION('',(#3171),#10452);
#2376=DEFINITIONAL_REPRESENTATION('',(#3172),#10452);
#2377=DEFINITIONAL_REPRESENTATION('',(#3173),#10452);
#2378=DEFINITIONAL_REPRESENTATION('',(#3174),#10452);
#2379=DEFINITIONAL_REPRESENTATION('',(#3175),#10452);
#2380=DEFINITIONAL_REPRESENTATION('',(#3176),#10452);
#2381=DEFINITIONAL_REPRESENTATION('',(#3177),#10452);
#2382=DEFINITIONAL_REPRESENTATION('',(#3178),#10452);
#2383=DEFINITIONAL_REPRESENTATION('',(#3179),#10452);
#2384=DEFINITIONAL_REPRESENTATION('',(#3180),#10452);
#2385=DEFINITIONAL_REPRESENTATION('',(#3181),#10452);
#2386=DEFINITIONAL_REPRESENTATION('',(#3182),#10452);
#2387=DEFINITIONAL_REPRESENTATION('',(#3183),#10452);
#2388=DEFINITIONAL_REPRESENTATION('',(#3184),#10452);
#2389=DEFINITIONAL_REPRESENTATION('',(#3185),#10452);
#2390=DEFINITIONAL_REPRESENTATION('',(#3186),#10452);
#2391=DEFINITIONAL_REPRESENTATION('',(#3187),#10452);
#2392=DEFINITIONAL_REPRESENTATION('',(#3188),#10452);
#2393=DEFINITIONAL_REPRESENTATION('',(#3189),#10452);
#2394=DEFINITIONAL_REPRESENTATION('',(#3190),#10452);
#2395=DEFINITIONAL_REPRESENTATION('',(#3191),#10452);
#2396=DEFINITIONAL_REPRESENTATION('',(#3192),#10452);
#2397=DEFINITIONAL_REPRESENTATION('',(#3193),#10452);
#2398=DEFINITIONAL_REPRESENTATION('',(#3194),#10452);
#2399=DEFINITIONAL_REPRESENTATION('',(#3195),#10452);
#2400=DEFINITIONAL_REPRESENTATION('',(#3196),#10452);
#2401=DEFINITIONAL_REPRESENTATION('',(#3197),#10452);
#2402=DEFINITIONAL_REPRESENTATION('',(#3198),#10452);
#2403=DEFINITIONAL_REPRESENTATION('',(#3199),#10452);
#2404=DEFINITIONAL_REPRESENTATION('',(#3200),#10452);
#2405=DEFINITIONAL_REPRESENTATION('',(#3201),#10452);
#2406=DEFINITIONAL_REPRESENTATION('',(#3202),#10452);
#2407=DEFINITIONAL_REPRESENTATION('',(#3204),#10452);
#2408=DEFINITIONAL_REPRESENTATION('',(#3206),#10452);
#2409=DEFINITIONAL_REPRESENTATION('',(#3208),#10452);
#2410=DEFINITIONAL_REPRESENTATION('',(#3210),#10452);
#2411=DEFINITIONAL_REPRESENTATION('',(#3212),#10452);
#2412=DEFINITIONAL_REPRESENTATION('',(#3214),#10452);
#2413=DEFINITIONAL_REPRESENTATION('',(#3216),#10452);
#2414=DEFINITIONAL_REPRESENTATION('',(#3218),#10452);
#2415=DEFINITIONAL_REPRESENTATION('',(#3220),#10452);
#2416=DEFINITIONAL_REPRESENTATION('',(#3222),#10452);
#2417=DEFINITIONAL_REPRESENTATION('',(#3224),#10452);
#2418=DEFINITIONAL_REPRESENTATION('',(#3226),#10452);
#2419=DEFINITIONAL_REPRESENTATION('',(#3228),#10452);
#2420=DEFINITIONAL_REPRESENTATION('',(#3230),#10452);
#2421=DEFINITIONAL_REPRESENTATION('',(#3232),#10452);
#2422=DEFINITIONAL_REPRESENTATION('',(#3234),#10452);
#2423=DEFINITIONAL_REPRESENTATION('',(#3236),#10452);
#2424=DEFINITIONAL_REPRESENTATION('',(#3238),#10452);
#2425=DEFINITIONAL_REPRESENTATION('',(#3240),#10452);
#2426=DEFINITIONAL_REPRESENTATION('',(#3242),#10452);
#2427=DEFINITIONAL_REPRESENTATION('',(#3244),#10452);
#2428=DEFINITIONAL_REPRESENTATION('',(#3246),#10452);
#2429=DEFINITIONAL_REPRESENTATION('',(#3248),#10452);
#2430=DEFINITIONAL_REPRESENTATION('',(#3250),#10452);
#2431=DEFINITIONAL_REPRESENTATION('',(#3251),#10452);
#2432=DEFINITIONAL_REPRESENTATION('',(#3252),#10452);
#2433=DEFINITIONAL_REPRESENTATION('',(#3253),#10452);
#2434=DEFINITIONAL_REPRESENTATION('',(#3254),#10452);
#2435=DEFINITIONAL_REPRESENTATION('',(#3255),#10452);
#2436=DEFINITIONAL_REPRESENTATION('',(#3256),#10452);
#2437=DEFINITIONAL_REPRESENTATION('',(#3257),#10452);
#2438=DEFINITIONAL_REPRESENTATION('',(#3258),#10452);
#2439=DEFINITIONAL_REPRESENTATION('',(#3259),#10452);
#2440=DEFINITIONAL_REPRESENTATION('',(#3260),#10452);
#2441=DEFINITIONAL_REPRESENTATION('',(#3261),#10452);
#2442=DEFINITIONAL_REPRESENTATION('',(#3262),#10452);
#2443=DEFINITIONAL_REPRESENTATION('',(#3263),#10452);
#2444=DEFINITIONAL_REPRESENTATION('',(#3264),#10452);
#2445=DEFINITIONAL_REPRESENTATION('',(#3265),#10452);
#2446=DEFINITIONAL_REPRESENTATION('',(#3266),#10452);
#2447=DEFINITIONAL_REPRESENTATION('',(#3267),#10452);
#2448=DEFINITIONAL_REPRESENTATION('',(#3268),#10452);
#2449=DEFINITIONAL_REPRESENTATION('',(#3269),#10452);
#2450=DEFINITIONAL_REPRESENTATION('',(#3270),#10452);
#2451=DEFINITIONAL_REPRESENTATION('',(#3271),#10452);
#2452=DEFINITIONAL_REPRESENTATION('',(#3272),#10452);
#2453=DEFINITIONAL_REPRESENTATION('',(#3273),#10452);
#2454=DEFINITIONAL_REPRESENTATION('',(#3274),#10452);
#2455=DEFINITIONAL_REPRESENTATION('',(#3275),#10452);
#2456=DEFINITIONAL_REPRESENTATION('',(#3276),#10452);
#2457=DEFINITIONAL_REPRESENTATION('',(#3277),#10452);
#2458=DEFINITIONAL_REPRESENTATION('',(#3278),#10452);
#2459=DEFINITIONAL_REPRESENTATION('',(#3279),#10452);
#2460=DEFINITIONAL_REPRESENTATION('',(#3280),#10452);
#2461=DEFINITIONAL_REPRESENTATION('',(#3281),#10452);
#2462=DEFINITIONAL_REPRESENTATION('',(#3282),#10452);
#2463=DEFINITIONAL_REPRESENTATION('',(#3283),#10452);
#2464=DEFINITIONAL_REPRESENTATION('',(#3284),#10452);
#2465=DEFINITIONAL_REPRESENTATION('',(#3285),#10452);
#2466=DEFINITIONAL_REPRESENTATION('',(#3286),#10452);
#2467=DEFINITIONAL_REPRESENTATION('',(#3287),#10452);
#2468=DEFINITIONAL_REPRESENTATION('',(#3288),#10452);
#2469=DEFINITIONAL_REPRESENTATION('',(#3289),#10452);
#2470=DEFINITIONAL_REPRESENTATION('',(#3290),#10452);
#2471=DEFINITIONAL_REPRESENTATION('',(#3291),#10452);
#2472=DEFINITIONAL_REPRESENTATION('',(#3292),#10452);
#2473=DEFINITIONAL_REPRESENTATION('',(#3293),#10452);
#2474=DEFINITIONAL_REPRESENTATION('',(#3294),#10452);
#2475=DEFINITIONAL_REPRESENTATION('',(#3295),#10452);
#2476=DEFINITIONAL_REPRESENTATION('',(#3296),#10452);
#2477=DEFINITIONAL_REPRESENTATION('',(#3297),#10452);
#2478=DEFINITIONAL_REPRESENTATION('',(#3298),#10452);
#2479=DEFINITIONAL_REPRESENTATION('',(#3299),#10452);
#2480=DEFINITIONAL_REPRESENTATION('',(#3300),#10452);
#2481=DEFINITIONAL_REPRESENTATION('',(#3301),#10452);
#2482=DEFINITIONAL_REPRESENTATION('',(#3302),#10452);
#2483=DEFINITIONAL_REPRESENTATION('',(#3303),#10452);
#2484=DEFINITIONAL_REPRESENTATION('',(#3304),#10452);
#2485=DEFINITIONAL_REPRESENTATION('',(#3305),#10452);
#2486=DEFINITIONAL_REPRESENTATION('',(#3306),#10452);
#2487=DEFINITIONAL_REPRESENTATION('',(#3307),#10452);
#2488=DEFINITIONAL_REPRESENTATION('',(#3308),#10452);
#2489=DEFINITIONAL_REPRESENTATION('',(#3309),#10452);
#2490=DEFINITIONAL_REPRESENTATION('',(#3310),#10452);
#2491=DEFINITIONAL_REPRESENTATION('',(#3311),#10452);
#2492=DEFINITIONAL_REPRESENTATION('',(#3312),#10452);
#2493=DEFINITIONAL_REPRESENTATION('',(#3313),#10452);
#2494=DEFINITIONAL_REPRESENTATION('',(#3314),#10452);
#2495=DEFINITIONAL_REPRESENTATION('',(#3315),#10452);
#2496=DEFINITIONAL_REPRESENTATION('',(#3316),#10452);
#2497=DEFINITIONAL_REPRESENTATION('',(#3317),#10452);
#2498=DEFINITIONAL_REPRESENTATION('',(#3318),#10452);
#2499=DEFINITIONAL_REPRESENTATION('',(#3319),#10452);
#2500=DEFINITIONAL_REPRESENTATION('',(#3320),#10452);
#2501=DEFINITIONAL_REPRESENTATION('',(#3321),#10452);
#2502=DEFINITIONAL_REPRESENTATION('',(#3322),#10452);
#2503=DEFINITIONAL_REPRESENTATION('',(#3324),#10452);
#2504=DEFINITIONAL_REPRESENTATION('',(#3326),#10452);
#2505=DEFINITIONAL_REPRESENTATION('',(#3328),#10452);
#2506=DEFINITIONAL_REPRESENTATION('',(#3330),#10452);
#2507=DEFINITIONAL_REPRESENTATION('',(#3332),#10452);
#2508=DEFINITIONAL_REPRESENTATION('',(#3334),#10452);
#2509=DEFINITIONAL_REPRESENTATION('',(#3336),#10452);
#2510=DEFINITIONAL_REPRESENTATION('',(#3338),#10452);
#2511=DEFINITIONAL_REPRESENTATION('',(#3340),#10452);
#2512=DEFINITIONAL_REPRESENTATION('',(#3342),#10452);
#2513=DEFINITIONAL_REPRESENTATION('',(#3344),#10452);
#2514=DEFINITIONAL_REPRESENTATION('',(#3346),#10452);
#2515=DEFINITIONAL_REPRESENTATION('',(#3348),#10452);
#2516=DEFINITIONAL_REPRESENTATION('',(#3350),#10452);
#2517=DEFINITIONAL_REPRESENTATION('',(#3352),#10452);
#2518=DEFINITIONAL_REPRESENTATION('',(#3354),#10452);
#2519=DEFINITIONAL_REPRESENTATION('',(#3356),#10452);
#2520=DEFINITIONAL_REPRESENTATION('',(#3358),#10452);
#2521=DEFINITIONAL_REPRESENTATION('',(#3360),#10452);
#2522=DEFINITIONAL_REPRESENTATION('',(#3362),#10452);
#2523=DEFINITIONAL_REPRESENTATION('',(#3364),#10452);
#2524=DEFINITIONAL_REPRESENTATION('',(#3366),#10452);
#2525=DEFINITIONAL_REPRESENTATION('',(#3368),#10452);
#2526=DEFINITIONAL_REPRESENTATION('',(#3370),#10452);
#2527=DEFINITIONAL_REPRESENTATION('',(#3371),#10452);
#2528=DEFINITIONAL_REPRESENTATION('',(#3372),#10452);
#2529=DEFINITIONAL_REPRESENTATION('',(#3373),#10452);
#2530=DEFINITIONAL_REPRESENTATION('',(#3374),#10452);
#2531=DEFINITIONAL_REPRESENTATION('',(#3375),#10452);
#2532=DEFINITIONAL_REPRESENTATION('',(#3376),#10452);
#2533=DEFINITIONAL_REPRESENTATION('',(#3377),#10452);
#2534=DEFINITIONAL_REPRESENTATION('',(#3378),#10452);
#2535=DEFINITIONAL_REPRESENTATION('',(#3379),#10452);
#2536=DEFINITIONAL_REPRESENTATION('',(#3380),#10452);
#2537=DEFINITIONAL_REPRESENTATION('',(#3381),#10452);
#2538=DEFINITIONAL_REPRESENTATION('',(#3382),#10452);
#2539=DEFINITIONAL_REPRESENTATION('',(#3383),#10452);
#2540=DEFINITIONAL_REPRESENTATION('',(#3384),#10452);
#2541=DEFINITIONAL_REPRESENTATION('',(#3385),#10452);
#2542=DEFINITIONAL_REPRESENTATION('',(#3386),#10452);
#2543=DEFINITIONAL_REPRESENTATION('',(#3387),#10452);
#2544=DEFINITIONAL_REPRESENTATION('',(#3388),#10452);
#2545=DEFINITIONAL_REPRESENTATION('',(#3389),#10452);
#2546=DEFINITIONAL_REPRESENTATION('',(#3390),#10452);
#2547=DEFINITIONAL_REPRESENTATION('',(#3391),#10452);
#2548=DEFINITIONAL_REPRESENTATION('',(#3392),#10452);
#2549=DEFINITIONAL_REPRESENTATION('',(#3393),#10452);
#2550=DEFINITIONAL_REPRESENTATION('',(#3394),#10452);
#2551=DEFINITIONAL_REPRESENTATION('',(#3395),#10452);
#2552=DEFINITIONAL_REPRESENTATION('',(#3396),#10452);
#2553=DEFINITIONAL_REPRESENTATION('',(#3397),#10452);
#2554=DEFINITIONAL_REPRESENTATION('',(#3398),#10452);
#2555=DEFINITIONAL_REPRESENTATION('',(#3399),#10452);
#2556=DEFINITIONAL_REPRESENTATION('',(#3400),#10452);
#2557=DEFINITIONAL_REPRESENTATION('',(#3401),#10452);
#2558=DEFINITIONAL_REPRESENTATION('',(#3402),#10452);
#2559=DEFINITIONAL_REPRESENTATION('',(#3403),#10452);
#2560=DEFINITIONAL_REPRESENTATION('',(#3404),#10452);
#2561=DEFINITIONAL_REPRESENTATION('',(#3405),#10452);
#2562=DEFINITIONAL_REPRESENTATION('',(#3406),#10452);
#2563=DEFINITIONAL_REPRESENTATION('',(#3407),#10452);
#2564=DEFINITIONAL_REPRESENTATION('',(#3408),#10452);
#2565=DEFINITIONAL_REPRESENTATION('',(#3409),#10452);
#2566=DEFINITIONAL_REPRESENTATION('',(#3410),#10452);
#2567=DEFINITIONAL_REPRESENTATION('',(#3411),#10452);
#2568=DEFINITIONAL_REPRESENTATION('',(#3412),#10452);
#2569=DEFINITIONAL_REPRESENTATION('',(#3413),#10452);
#2570=DEFINITIONAL_REPRESENTATION('',(#3414),#10452);
#2571=DEFINITIONAL_REPRESENTATION('',(#3415),#10452);
#2572=DEFINITIONAL_REPRESENTATION('',(#3416),#10452);
#2573=DEFINITIONAL_REPRESENTATION('',(#3417),#10452);
#2574=DEFINITIONAL_REPRESENTATION('',(#3418),#10452);
#2575=DEFINITIONAL_REPRESENTATION('',(#3419),#10452);
#2576=DEFINITIONAL_REPRESENTATION('',(#3420),#10452);
#2577=DEFINITIONAL_REPRESENTATION('',(#3421),#10452);
#2578=DEFINITIONAL_REPRESENTATION('',(#3422),#10452);
#2579=DEFINITIONAL_REPRESENTATION('',(#3423),#10452);
#2580=DEFINITIONAL_REPRESENTATION('',(#3424),#10452);
#2581=DEFINITIONAL_REPRESENTATION('',(#3425),#10452);
#2582=DEFINITIONAL_REPRESENTATION('',(#3426),#10452);
#2583=DEFINITIONAL_REPRESENTATION('',(#3427),#10452);
#2584=DEFINITIONAL_REPRESENTATION('',(#3428),#10452);
#2585=DEFINITIONAL_REPRESENTATION('',(#3429),#10452);
#2586=DEFINITIONAL_REPRESENTATION('',(#3430),#10452);
#2587=DEFINITIONAL_REPRESENTATION('',(#3431),#10452);
#2588=DEFINITIONAL_REPRESENTATION('',(#3432),#10452);
#2589=DEFINITIONAL_REPRESENTATION('',(#3433),#10452);
#2590=DEFINITIONAL_REPRESENTATION('',(#3434),#10452);
#2591=DEFINITIONAL_REPRESENTATION('',(#3435),#10452);
#2592=DEFINITIONAL_REPRESENTATION('',(#3436),#10452);
#2593=DEFINITIONAL_REPRESENTATION('',(#3437),#10452);
#2594=DEFINITIONAL_REPRESENTATION('',(#3438),#10452);
#2595=DEFINITIONAL_REPRESENTATION('',(#3439),#10452);
#2596=DEFINITIONAL_REPRESENTATION('',(#3440),#10452);
#2597=DEFINITIONAL_REPRESENTATION('',(#3441),#10452);
#2598=DEFINITIONAL_REPRESENTATION('',(#3442),#10452);
#2599=DEFINITIONAL_REPRESENTATION('',(#3444),#10452);
#2600=DEFINITIONAL_REPRESENTATION('',(#3446),#10452);
#2601=DEFINITIONAL_REPRESENTATION('',(#3448),#10452);
#2602=DEFINITIONAL_REPRESENTATION('',(#3450),#10452);
#2603=DEFINITIONAL_REPRESENTATION('',(#3451),#10452);
#2604=DEFINITIONAL_REPRESENTATION('',(#3452),#10452);
#2605=DEFINITIONAL_REPRESENTATION('',(#3454),#10452);
#2606=DEFINITIONAL_REPRESENTATION('',(#3455),#10452);
#2607=DEFINITIONAL_REPRESENTATION('',(#3457),#10452);
#2608=DEFINITIONAL_REPRESENTATION('',(#3458),#10452);
#2609=DEFINITIONAL_REPRESENTATION('',(#3460),#10452);
#2610=DEFINITIONAL_REPRESENTATION('',(#3461),#10452);
#2611=DEFINITIONAL_REPRESENTATION('',(#4446),#10452);
#2612=DEFINITIONAL_REPRESENTATION('',(#4448),#10452);
#2613=DEFINITIONAL_REPRESENTATION('',(#3462),#10452);
#2614=DEFINITIONAL_REPRESENTATION('',(#3463),#10452);
#2615=DEFINITIONAL_REPRESENTATION('',(#3464),#10452);
#2616=DEFINITIONAL_REPRESENTATION('',(#3465),#10452);
#2617=DEFINITIONAL_REPRESENTATION('',(#3466),#10452);
#2618=DEFINITIONAL_REPRESENTATION('',(#3468),#10452);
#2619=DEFINITIONAL_REPRESENTATION('',(#3469),#10452);
#2620=DEFINITIONAL_REPRESENTATION('',(#3471),#10452);
#2621=DEFINITIONAL_REPRESENTATION('',(#3472),#10452);
#2622=DEFINITIONAL_REPRESENTATION('',(#3474),#10452);
#2623=DEFINITIONAL_REPRESENTATION('',(#3475),#10452);
#2624=DEFINITIONAL_REPRESENTATION('',(#3476),#10452);
#2625=DEFINITIONAL_REPRESENTATION('',(#4456),#10452);
#2626=DEFINITIONAL_REPRESENTATION('',(#4458),#10452);
#2627=DEFINITIONAL_REPRESENTATION('',(#3478),#10452);
#2628=DEFINITIONAL_REPRESENTATION('',(#3479),#10452);
#2629=DEFINITIONAL_REPRESENTATION('',(#3480),#10452);
#2630=DEFINITIONAL_REPRESENTATION('',(#3481),#10452);
#2631=DEFINITIONAL_REPRESENTATION('',(#3483),#10452);
#2632=DEFINITIONAL_REPRESENTATION('',(#3484),#10452);
#2633=DEFINITIONAL_REPRESENTATION('',(#3486),#10452);
#2634=DEFINITIONAL_REPRESENTATION('',(#3487),#10452);
#2635=DEFINITIONAL_REPRESENTATION('',(#3489),#10452);
#2636=DEFINITIONAL_REPRESENTATION('',(#3490),#10452);
#2637=DEFINITIONAL_REPRESENTATION('',(#3492),#10452);
#2638=DEFINITIONAL_REPRESENTATION('',(#3493),#10452);
#2639=DEFINITIONAL_REPRESENTATION('',(#3494),#10452);
#2640=DEFINITIONAL_REPRESENTATION('',(#3495),#10452);
#2641=DEFINITIONAL_REPRESENTATION('',(#3496),#10452);
#2642=DEFINITIONAL_REPRESENTATION('',(#3498),#10452);
#2643=DEFINITIONAL_REPRESENTATION('',(#3499),#10452);
#2644=DEFINITIONAL_REPRESENTATION('',(#3500),#10452);
#2645=DEFINITIONAL_REPRESENTATION('',(#3501),#10452);
#2646=DEFINITIONAL_REPRESENTATION('',(#3502),#10452);
#2647=DEFINITIONAL_REPRESENTATION('',(#3503),#10452);
#2648=DEFINITIONAL_REPRESENTATION('',(#3504),#10452);
#2649=DEFINITIONAL_REPRESENTATION('',(#3505),#10452);
#2650=DEFINITIONAL_REPRESENTATION('',(#3506),#10452);
#2651=DEFINITIONAL_REPRESENTATION('',(#3507),#10452);
#2652=DEFINITIONAL_REPRESENTATION('',(#3508),#10452);
#2653=DEFINITIONAL_REPRESENTATION('',(#3509),#10452);
#2654=DEFINITIONAL_REPRESENTATION('',(#3510),#10452);
#2655=DEFINITIONAL_REPRESENTATION('',(#3511),#10452);
#2656=DEFINITIONAL_REPRESENTATION('',(#3512),#10452);
#2657=DEFINITIONAL_REPRESENTATION('',(#3513),#10452);
#2658=DEFINITIONAL_REPRESENTATION('',(#3514),#10452);
#2659=DEFINITIONAL_REPRESENTATION('',(#3516),#10452);
#2660=DEFINITIONAL_REPRESENTATION('',(#3518),#10452);
#2661=DEFINITIONAL_REPRESENTATION('',(#3520),#10452);
#2662=DEFINITIONAL_REPRESENTATION('',(#3522),#10452);
#2663=DEFINITIONAL_REPRESENTATION('',(#3523),#10452);
#2664=DEFINITIONAL_REPRESENTATION('',(#3525),#10452);
#2665=DEFINITIONAL_REPRESENTATION('',(#3526),#10452);
#2666=DEFINITIONAL_REPRESENTATION('',(#3528),#10452);
#2667=DEFINITIONAL_REPRESENTATION('',(#3529),#10452);
#2668=DEFINITIONAL_REPRESENTATION('',(#3531),#10452);
#2669=DEFINITIONAL_REPRESENTATION('',(#3532),#10452);
#2670=DEFINITIONAL_REPRESENTATION('',(#3533),#10452);
#2671=DEFINITIONAL_REPRESENTATION('',(#3534),#10452);
#2672=DEFINITIONAL_REPRESENTATION('',(#3535),#10452);
#2673=DEFINITIONAL_REPRESENTATION('',(#3537),#10452);
#2674=DEFINITIONAL_REPRESENTATION('',(#3538),#10452);
#2675=DEFINITIONAL_REPRESENTATION('',(#3540),#10452);
#2676=DEFINITIONAL_REPRESENTATION('',(#3541),#10452);
#2677=DEFINITIONAL_REPRESENTATION('',(#3543),#10452);
#2678=DEFINITIONAL_REPRESENTATION('',(#3544),#10452);
#2679=DEFINITIONAL_REPRESENTATION('',(#3546),#10452);
#2680=DEFINITIONAL_REPRESENTATION('',(#3547),#10452);
#2681=DEFINITIONAL_REPRESENTATION('',(#3548),#10452);
#2682=DEFINITIONAL_REPRESENTATION('',(#3549),#10452);
#2683=DEFINITIONAL_REPRESENTATION('',(#3551),#10452);
#2684=DEFINITIONAL_REPRESENTATION('',(#3552),#10452);
#2685=DEFINITIONAL_REPRESENTATION('',(#3554),#10452);
#2686=DEFINITIONAL_REPRESENTATION('',(#3555),#10452);
#2687=DEFINITIONAL_REPRESENTATION('',(#3557),#10452);
#2688=DEFINITIONAL_REPRESENTATION('',(#3558),#10452);
#2689=DEFINITIONAL_REPRESENTATION('',(#3560),#10452);
#2690=DEFINITIONAL_REPRESENTATION('',(#3561),#10452);
#2691=DEFINITIONAL_REPRESENTATION('',(#3562),#10452);
#2692=DEFINITIONAL_REPRESENTATION('',(#3563),#10452);
#2693=DEFINITIONAL_REPRESENTATION('',(#3564),#10452);
#2694=DEFINITIONAL_REPRESENTATION('',(#3566),#10452);
#2695=DEFINITIONAL_REPRESENTATION('',(#3567),#10452);
#2696=DEFINITIONAL_REPRESENTATION('',(#3568),#10452);
#2697=DEFINITIONAL_REPRESENTATION('',(#3569),#10452);
#2698=DEFINITIONAL_REPRESENTATION('',(#3570),#10452);
#2699=DEFINITIONAL_REPRESENTATION('',(#3571),#10452);
#2700=DEFINITIONAL_REPRESENTATION('',(#3572),#10452);
#2701=DEFINITIONAL_REPRESENTATION('',(#3573),#10452);
#2702=DEFINITIONAL_REPRESENTATION('',(#3574),#10452);
#2703=DEFINITIONAL_REPRESENTATION('',(#3575),#10452);
#2704=DEFINITIONAL_REPRESENTATION('',(#3576),#10452);
#2705=DEFINITIONAL_REPRESENTATION('',(#3577),#10452);
#2706=DEFINITIONAL_REPRESENTATION('',(#3578),#10452);
#2707=B_SPLINE_CURVE_WITH_KNOTS('',1,(#4929,#4930),.UNSPECIFIED.,.F.,.F.,
(2,2),(1.3105277932308,2.95),.UNSPECIFIED.);
#2708=B_SPLINE_CURVE_WITH_KNOTS('',1,(#4936,#4937),.UNSPECIFIED.,.F.,.F.,
(2,2),(-4.24104293138786,0.),.UNSPECIFIED.);
#2709=B_SPLINE_CURVE_WITH_KNOTS('',1,(#4940,#4941),.UNSPECIFIED.,.F.,.F.,
(2,2),(-2.95,-1.3105277932308),.UNSPECIFIED.);
#2710=B_SPLINE_CURVE_WITH_KNOTS('',1,(#4947,#4948),.UNSPECIFIED.,.F.,.F.,
(2,2),(0.,4.71238898038469),.UNSPECIFIED.);
#2711=B_SPLINE_CURVE_WITH_KNOTS('',1,(#4972,#4973),.UNSPECIFIED.,.F.,.F.,
(2,2),(0.,0.235619450342825),.UNSPECIFIED.);
#2712=B_SPLINE_CURVE_WITH_KNOTS('',1,(#4974,#4975),.UNSPECIFIED.,.F.,.F.,
(2,2),(0.,4.24104293138786),.UNSPECIFIED.);
#2713=B_SPLINE_CURVE_WITH_KNOTS('',1,(#4979,#4980),.UNSPECIFIED.,.F.,.F.,
(2,2),(-0.235619450342825,0.),.UNSPECIFIED.);
#2714=B_SPLINE_CURVE_WITH_KNOTS('',1,(#4981,#4982),.UNSPECIFIED.,.F.,.F.,
(2,2),(-4.24104293138786,0.),.UNSPECIFIED.);
#2715=B_SPLINE_CURVE_WITH_KNOTS('',1,(#4998,#4999),.UNSPECIFIED.,.F.,.F.,
(2,2),(-9.42477796076938,-4.71238898038469),.UNSPECIFIED.);
#2716=B_SPLINE_CURVE_WITH_KNOTS('',1,(#5000,#5001),.UNSPECIFIED.,.F.,.F.,
(2,2),(-2.95,-1.3105277932308),.UNSPECIFIED.);
#2717=B_SPLINE_CURVE_WITH_KNOTS('',1,(#5007,#5008),.UNSPECIFIED.,.F.,.F.,
(2,2),(-8.48208586277571,-4.24104293138786),.UNSPECIFIED.);
#2718=B_SPLINE_CURVE_WITH_KNOTS('',1,(#5009,#5010),.UNSPECIFIED.,.F.,.F.,
(2,2),(1.3105277932308,2.95),.UNSPECIFIED.);
#2719=B_SPLINE_CURVE_WITH_KNOTS('',1,(#5011,#5012),.UNSPECIFIED.,.F.,.F.,
(2,2),(-8.48208586277571,-4.24104293138786),.UNSPECIFIED.);
#2720=B_SPLINE_CURVE_WITH_KNOTS('',1,(#5013,#5014),.UNSPECIFIED.,.F.,.F.,
(2,2),(-0.235619450342825,0.),.UNSPECIFIED.);
#2721=B_SPLINE_CURVE_WITH_KNOTS('',1,(#5015,#5016),.UNSPECIFIED.,.F.,.F.,
(2,2),(4.24104293138786,8.48208586277571),.UNSPECIFIED.);
#2722=B_SPLINE_CURVE_WITH_KNOTS('',1,(#5017,#5018),.UNSPECIFIED.,.F.,.F.,
(2,2),(0.,0.235619450342825),.UNSPECIFIED.);
#2723=B_SPLINE_CURVE_WITH_KNOTS('',1,(#5269,#5270),.UNSPECIFIED.,.F.,.F.,
(2,2),(-0.9,-0.1),.UNSPECIFIED.);
#2724=B_SPLINE_CURVE_WITH_KNOTS('',3,(#5271,#5272,#5273,#5274),
 .UNSPECIFIED.,.F.,.F.,(4,4),(-0.9,-0.1),.UNSPECIFIED.);
#2725=B_SPLINE_CURVE_WITH_KNOTS('',1,(#5275,#5276),.UNSPECIFIED.,.F.,.F.,
(2,2),(0.10000000000001,1.9),.UNSPECIFIED.);
#2726=B_SPLINE_CURVE_WITH_KNOTS('',3,(#5277,#5278,#5279,#5280),
 .UNSPECIFIED.,.F.,.F.,(4,4),(0.10000000000001,1.9),.UNSPECIFIED.);
#2727=B_SPLINE_CURVE_WITH_KNOTS('',1,(#5281,#5282),.UNSPECIFIED.,.F.,.F.,
(2,2),(-0.9,-0.1),.UNSPECIFIED.);
#2728=B_SPLINE_CURVE_WITH_KNOTS('',3,(#5283,#5284,#5285,#5286),
 .UNSPECIFIED.,.F.,.F.,(4,4),(-0.9,-0.1),.UNSPECIFIED.);
#2729=B_SPLINE_CURVE_WITH_KNOTS('',1,(#5287,#5288),.UNSPECIFIED.,.F.,.F.,
(2,2),(-1.9,-0.10000000000001),.UNSPECIFIED.);
#2730=B_SPLINE_CURVE_WITH_KNOTS('',3,(#5289,#5290,#5291,#5292),
 .UNSPECIFIED.,.F.,.F.,(4,4),(-1.9,-0.10000000000001),.UNSPECIFIED.);
#2731=B_SPLINE_CURVE_WITH_KNOTS('',1,(#5293,#5294),.UNSPECIFIED.,.F.,.F.,
(2,2),(0.1,0.9),.UNSPECIFIED.);
#2732=B_SPLINE_CURVE_WITH_KNOTS('',3,(#5295,#5296,#5297,#5298),
 .UNSPECIFIED.,.F.,.F.,(4,4),(0.1,0.9),.UNSPECIFIED.);
#2733=B_SPLINE_CURVE_WITH_KNOTS('',1,(#5299,#5300),.UNSPECIFIED.,.F.,.F.,
(2,2),(0.100000000000001,0.700000000000008),.UNSPECIFIED.);
#2734=B_SPLINE_CURVE_WITH_KNOTS('',3,(#5301,#5302,#5303,#5304),
 .UNSPECIFIED.,.F.,.F.,(4,4),(0.100000000000001,0.700000000000008),
 .UNSPECIFIED.);
#2735=B_SPLINE_CURVE_WITH_KNOTS('',1,(#5305,#5306),.UNSPECIFIED.,.F.,.F.,
(2,2),(-0.9,-0.1),.UNSPECIFIED.);
#2736=B_SPLINE_CURVE_WITH_KNOTS('',3,(#5307,#5308,#5309,#5310),
 .UNSPECIFIED.,.F.,.F.,(4,4),(-0.9,-0.1),.UNSPECIFIED.);
#2737=B_SPLINE_CURVE_WITH_KNOTS('',1,(#5311,#5312),.UNSPECIFIED.,.F.,.F.,
(2,2),(-0.699999999999997,-0.100000000000001),.UNSPECIFIED.);
#2738=B_SPLINE_CURVE_WITH_KNOTS('',3,(#5313,#5314,#5315,#5316),
 .UNSPECIFIED.,.F.,.F.,(4,4),(-0.699999999999997,-0.100000000000001),
 .UNSPECIFIED.);
#2739=B_SPLINE_CURVE_WITH_KNOTS('',1,(#5317,#5318),.UNSPECIFIED.,.F.,.F.,
(2,2),(0.100000000000001,1.89999999999999),.UNSPECIFIED.);
#2740=B_SPLINE_CURVE_WITH_KNOTS('',3,(#5319,#5320,#5321,#5322),
 .UNSPECIFIED.,.F.,.F.,(4,4),(0.100000000000001,1.89999999999999),
 .UNSPECIFIED.);
#2741=B_SPLINE_CURVE_WITH_KNOTS('',1,(#5323,#5324),.UNSPECIFIED.,.F.,.F.,
(2,2),(-0.899999999999999,-0.1),.UNSPECIFIED.);
#2742=B_SPLINE_CURVE_WITH_KNOTS('',3,(#5325,#5326,#5327,#5328),
 .UNSPECIFIED.,.F.,.F.,(4,4),(-0.899999999999999,-0.1),.UNSPECIFIED.);
#2743=B_SPLINE_CURVE_WITH_KNOTS('',1,(#5329,#5330),.UNSPECIFIED.,.F.,.F.,
(2,2),(-1.89999999999999,-0.100000000000007),.UNSPECIFIED.);
#2744=B_SPLINE_CURVE_WITH_KNOTS('',3,(#5331,#5332,#5333,#5334),
 .UNSPECIFIED.,.F.,.F.,(4,4),(-1.89999999999999,-0.100000000000007),
 .UNSPECIFIED.);
#2745=B_SPLINE_CURVE_WITH_KNOTS('',1,(#5335,#5336),.UNSPECIFIED.,.F.,.F.,
(2,2),(0.1,0.899999999999999),.UNSPECIFIED.);
#2746=B_SPLINE_CURVE_WITH_KNOTS('',3,(#5337,#5338,#5339,#5340),
 .UNSPECIFIED.,.F.,.F.,(4,4),(0.1,0.899999999999999),.UNSPECIFIED.);
#2747=B_SPLINE_CURVE_WITH_KNOTS('',1,(#5341,#5342),.UNSPECIFIED.,.F.,.F.,
(2,2),(0.1,0.899999999999999),.UNSPECIFIED.);
#2748=B_SPLINE_CURVE_WITH_KNOTS('',3,(#5343,#5344,#5345,#5346),
 .UNSPECIFIED.,.F.,.F.,(4,4),(0.1,0.899999999999999),.UNSPECIFIED.);
#2749=B_SPLINE_CURVE_WITH_KNOTS('',1,(#5347,#5348),.UNSPECIFIED.,.F.,.F.,
(2,2),(0.100000000000002,0.700000000000003),.UNSPECIFIED.);
#2750=B_SPLINE_CURVE_WITH_KNOTS('',3,(#5349,#5350,#5351,#5352),
 .UNSPECIFIED.,.F.,.F.,(4,4),(0.100000000000002,0.700000000000003),
 .UNSPECIFIED.);
#2751=B_SPLINE_CURVE_WITH_KNOTS('',1,(#5353,#5354),.UNSPECIFIED.,.F.,.F.,
(2,2),(0.1,0.9),.UNSPECIFIED.);
#2752=B_SPLINE_CURVE_WITH_KNOTS('',3,(#5355,#5356,#5357,#5358),
 .UNSPECIFIED.,.F.,.F.,(4,4),(0.1,0.9),.UNSPECIFIED.);
#2753=B_SPLINE_CURVE_WITH_KNOTS('',1,(#5359,#5360),.UNSPECIFIED.,.F.,.F.,
(2,2),(-0.700000000000002,-0.0999999999999952),.UNSPECIFIED.);
#2754=B_SPLINE_CURVE_WITH_KNOTS('',3,(#5361,#5362,#5363,#5364),
 .UNSPECIFIED.,.F.,.F.,(4,4),(-0.700000000000002,-0.0999999999999952),
 .UNSPECIFIED.);
#2755=B_SPLINE_CURVE_WITH_KNOTS('',1,(#5365,#5366),.UNSPECIFIED.,.F.,.F.,
(2,2),(-1.9,-0.100000000000001),.UNSPECIFIED.);
#2756=B_SPLINE_CURVE_WITH_KNOTS('',3,(#5367,#5368,#5369,#5370),
 .UNSPECIFIED.,.F.,.F.,(4,4),(-1.9,-0.100000000000001),.UNSPECIFIED.);
#2757=B_SPLINE_CURVE_WITH_KNOTS('',1,(#5371,#5372),.UNSPECIFIED.,.F.,.F.,
(2,2),(-0.699999999999996,-0.100000000000001),.UNSPECIFIED.);
#2758=B_SPLINE_CURVE_WITH_KNOTS('',3,(#5373,#5374,#5375,#5376),
 .UNSPECIFIED.,.F.,.F.,(4,4),(-0.699999999999996,-0.100000000000001),
 .UNSPECIFIED.);
#2759=B_SPLINE_CURVE_WITH_KNOTS('',1,(#5377,#5378),.UNSPECIFIED.,.F.,.F.,
(2,2),(-1.9,-0.100000000000007),.UNSPECIFIED.);
#2760=B_SPLINE_CURVE_WITH_KNOTS('',3,(#5379,#5380,#5381,#5382),
 .UNSPECIFIED.,.F.,.F.,(4,4),(-1.9,-0.100000000000007),.UNSPECIFIED.);
#2761=B_SPLINE_CURVE_WITH_KNOTS('',1,(#5383,#5384),.UNSPECIFIED.,.F.,.F.,
(2,2),(-0.700000000000001,-0.100000000000002),.UNSPECIFIED.);
#2762=B_SPLINE_CURVE_WITH_KNOTS('',3,(#5385,#5386,#5387,#5388),
 .UNSPECIFIED.,.F.,.F.,(4,4),(-0.700000000000001,-0.100000000000002),
 .UNSPECIFIED.);
#2763=B_SPLINE_CURVE_WITH_KNOTS('',1,(#5389,#5390),.UNSPECIFIED.,.F.,.F.,
(2,2),(0.0999999999999947,0.699999999999989),.UNSPECIFIED.);
#2764=B_SPLINE_CURVE_WITH_KNOTS('',3,(#5391,#5392,#5393,#5394),
 .UNSPECIFIED.,.F.,.F.,(4,4),(0.0999999999999947,0.699999999999989),
 .UNSPECIFIED.);
#2765=B_SPLINE_CURVE_WITH_KNOTS('',1,(#5395,#5396),.UNSPECIFIED.,.F.,.F.,
(2,2),(0.100000000000001,1.9),.UNSPECIFIED.);
#2766=B_SPLINE_CURVE_WITH_KNOTS('',3,(#5397,#5398,#5399,#5400),
 .UNSPECIFIED.,.F.,.F.,(4,4),(0.100000000000001,1.9),.UNSPECIFIED.);
#2767=B_SPLINE_CURVE_WITH_KNOTS('',1,(#5401,#5402),.UNSPECIFIED.,.F.,.F.,
(2,2),(0.100000000000002,0.699999999999996),.UNSPECIFIED.);
#2768=B_SPLINE_CURVE_WITH_KNOTS('',3,(#5403,#5404,#5405,#5406),
 .UNSPECIFIED.,.F.,.F.,(4,4),(0.100000000000002,0.699999999999996),
 .UNSPECIFIED.);
#2769=B_SPLINE_CURVE_WITH_KNOTS('',1,(#5407,#5408),.UNSPECIFIED.,.F.,.F.,
(2,2),(0.100000000000001,1.9),.UNSPECIFIED.);
#2770=B_SPLINE_CURVE_WITH_KNOTS('',3,(#5409,#5410,#5411,#5412),
 .UNSPECIFIED.,.F.,.F.,(4,4),(0.100000000000001,1.9),.UNSPECIFIED.);
#2771=B_SPLINE_CURVE_WITH_KNOTS('',1,(#5416,#5417),.UNSPECIFIED.,.F.,.F.,
(2,2),(-0.157079632679526,0.),.UNSPECIFIED.);
#2772=B_SPLINE_CURVE_WITH_KNOTS('',1,(#5418,#5419),.UNSPECIFIED.,.F.,.F.,
(2,2),(-1.9,-0.100000000000007),.UNSPECIFIED.);
#2773=B_SPLINE_CURVE_WITH_KNOTS('',1,(#5423,#5424),.UNSPECIFIED.,.F.,.F.,
(2,2),(-0.157079632679526,0.),.UNSPECIFIED.);
#2774=B_SPLINE_CURVE_WITH_KNOTS('',1,(#5425,#5426),.UNSPECIFIED.,.F.,.F.,
(2,2),(0.10000000000001,1.9),.UNSPECIFIED.);
#2775=B_SPLINE_CURVE_WITH_KNOTS('',1,(#5427,#5428),.UNSPECIFIED.,.F.,.F.,
(2,2),(-0.9,-0.1),.UNSPECIFIED.);
#2776=B_SPLINE_CURVE_WITH_KNOTS('',1,(#5432,#5433),.UNSPECIFIED.,.F.,.F.,
(2,2),(0.,0.157079632679482),.UNSPECIFIED.);
#2777=B_SPLINE_CURVE_WITH_KNOTS('',1,(#5434,#5435),.UNSPECIFIED.,.F.,.F.,
(2,2),(0.1,0.9),.UNSPECIFIED.);
#2778=B_SPLINE_CURVE_WITH_KNOTS('',1,(#5439,#5440),.UNSPECIFIED.,.F.,.F.,
(2,2),(0.,0.157079632679486),.UNSPECIFIED.);
#2779=B_SPLINE_CURVE_WITH_KNOTS('',1,(#5441,#5442),.UNSPECIFIED.,.F.,.F.,
(2,2),(-1.9,-0.10000000000001),.UNSPECIFIED.);
#2780=B_SPLINE_CURVE_WITH_KNOTS('',1,(#5446,#5447),.UNSPECIFIED.,.F.,.F.,
(2,2),(0.,0.157079632679526),.UNSPECIFIED.);
#2781=B_SPLINE_CURVE_WITH_KNOTS('',1,(#5448,#5449),.UNSPECIFIED.,.F.,.F.,
(2,2),(0.100000000000001,1.9),.UNSPECIFIED.);
#2782=B_SPLINE_CURVE_WITH_KNOTS('',1,(#5453,#5454),.UNSPECIFIED.,.F.,.F.,
(2,2),(0.,0.157079632679526),.UNSPECIFIED.);
#2783=B_SPLINE_CURVE_WITH_KNOTS('',1,(#5455,#5456),.UNSPECIFIED.,.F.,.F.,
(2,2),(-0.9,-0.1),.UNSPECIFIED.);
#2784=B_SPLINE_CURVE_WITH_KNOTS('',1,(#5460,#5461),.UNSPECIFIED.,.F.,.F.,
(2,2),(0.,0.157079632679611),.UNSPECIFIED.);
#2785=B_SPLINE_CURVE_WITH_KNOTS('',1,(#5462,#5463),.UNSPECIFIED.,.F.,.F.,
(2,2),(0.1,0.9),.UNSPECIFIED.);
#2786=B_SPLINE_CURVE_WITH_KNOTS('',1,(#5467,#5468),.UNSPECIFIED.,.F.,.F.,
(2,2),(0.,0.157079632679611),.UNSPECIFIED.);
#2787=B_SPLINE_CURVE_WITH_KNOTS('',1,(#5472,#5473),.UNSPECIFIED.,.F.,.F.,
(2,2),(-0.157079632679574,0.),.UNSPECIFIED.);
#2788=B_SPLINE_CURVE_WITH_KNOTS('',1,(#5474,#5475),.UNSPECIFIED.,.F.,.F.,
(2,2),(-0.699999999999996,-0.100000000000001),.UNSPECIFIED.);
#2789=B_SPLINE_CURVE_WITH_KNOTS('',1,(#5479,#5480),.UNSPECIFIED.,.F.,.F.,
(2,2),(-0.157079632679574,0.),.UNSPECIFIED.);
#2790=B_SPLINE_CURVE_WITH_KNOTS('',1,(#5481,#5482),.UNSPECIFIED.,.F.,.F.,
(2,2),(0.100000000000001,0.700000000000008),.UNSPECIFIED.);
#2791=B_SPLINE_CURVE_WITH_KNOTS('',1,(#5483,#5484),.UNSPECIFIED.,.F.,.F.,
(2,2),(-0.9,-0.1),.UNSPECIFIED.);
#2792=B_SPLINE_CURVE_WITH_KNOTS('',1,(#5488,#5489),.UNSPECIFIED.,.F.,.F.,
(2,2),(0.,0.157079632679485),.UNSPECIFIED.);
#2793=B_SPLINE_CURVE_WITH_KNOTS('',1,(#5490,#5491),.UNSPECIFIED.,.F.,.F.,
(2,2),(0.1,0.899999999999999),.UNSPECIFIED.);
#2794=B_SPLINE_CURVE_WITH_KNOTS('',1,(#5495,#5496),.UNSPECIFIED.,.F.,.F.,
(2,2),(0.,0.157079632679568),.UNSPECIFIED.);
#2795=B_SPLINE_CURVE_WITH_KNOTS('',1,(#5497,#5498),.UNSPECIFIED.,.F.,.F.,
(2,2),(-0.699999999999997,-0.100000000000001),.UNSPECIFIED.);
#2796=B_SPLINE_CURVE_WITH_KNOTS('',1,(#5502,#5503),.UNSPECIFIED.,.F.,.F.,
(2,2),(0.,0.157079632679574),.UNSPECIFIED.);
#2797=B_SPLINE_CURVE_WITH_KNOTS('',1,(#5504,#5505),.UNSPECIFIED.,.F.,.F.,
(2,2),(0.0999999999999947,0.699999999999989),.UNSPECIFIED.);
#2798=B_SPLINE_CURVE_WITH_KNOTS('',1,(#5509,#5510),.UNSPECIFIED.,.F.,.F.,
(2,2),(0.,0.157079632679574),.UNSPECIFIED.);
#2799=B_SPLINE_CURVE_WITH_KNOTS('',1,(#5514,#5515),.UNSPECIFIED.,.F.,.F.,
(2,2),(-0.157079632679526,0.),.UNSPECIFIED.);
#2800=B_SPLINE_CURVE_WITH_KNOTS('',1,(#5516,#5517),.UNSPECIFIED.,.F.,.F.,
(2,2),(-1.9,-0.100000000000001),.UNSPECIFIED.);
#2801=B_SPLINE_CURVE_WITH_KNOTS('',1,(#5521,#5522),.UNSPECIFIED.,.F.,.F.,
(2,2),(-0.157079632679526,0.),.UNSPECIFIED.);
#2802=B_SPLINE_CURVE_WITH_KNOTS('',1,(#5523,#5524),.UNSPECIFIED.,.F.,.F.,
(2,2),(0.100000000000001,1.89999999999999),.UNSPECIFIED.);
#2803=B_SPLINE_CURVE_WITH_KNOTS('',1,(#5525,#5526),.UNSPECIFIED.,.F.,.F.,
(2,2),(-0.899999999999999,-0.1),.UNSPECIFIED.);
#2804=B_SPLINE_CURVE_WITH_KNOTS('',1,(#5530,#5531),.UNSPECIFIED.,.F.,.F.,
(2,2),(0.,0.157079632679505),.UNSPECIFIED.);
#2805=B_SPLINE_CURVE_WITH_KNOTS('',1,(#5532,#5533),.UNSPECIFIED.,.F.,.F.,
(2,2),(0.1,0.899999999999999),.UNSPECIFIED.);
#2806=B_SPLINE_CURVE_WITH_KNOTS('',1,(#5537,#5538),.UNSPECIFIED.,.F.,.F.,
(2,2),(0.,0.157079632679502),.UNSPECIFIED.);
#2807=B_SPLINE_CURVE_WITH_KNOTS('',1,(#5539,#5540),.UNSPECIFIED.,.F.,.F.,
(2,2),(-1.89999999999999,-0.100000000000007),.UNSPECIFIED.);
#2808=B_SPLINE_CURVE_WITH_KNOTS('',1,(#5544,#5545),.UNSPECIFIED.,.F.,.F.,
(2,2),(0.,0.157079632679526),.UNSPECIFIED.);
#2809=B_SPLINE_CURVE_WITH_KNOTS('',1,(#5546,#5547),.UNSPECIFIED.,.F.,.F.,
(2,2),(0.100000000000001,1.9),.UNSPECIFIED.);
#2810=B_SPLINE_CURVE_WITH_KNOTS('',1,(#5551,#5552),.UNSPECIFIED.,.F.,.F.,
(2,2),(0.,0.157079632679526),.UNSPECIFIED.);
#2811=B_SPLINE_CURVE_WITH_KNOTS('',1,(#5556,#5557),.UNSPECIFIED.,.F.,.F.,
(2,2),(-0.157079632679574,0.),.UNSPECIFIED.);
#2812=B_SPLINE_CURVE_WITH_KNOTS('',1,(#5558,#5559),.UNSPECIFIED.,.F.,.F.,
(2,2),(-0.700000000000001,-0.100000000000002),.UNSPECIFIED.);
#2813=B_SPLINE_CURVE_WITH_KNOTS('',1,(#5563,#5564),.UNSPECIFIED.,.F.,.F.,
(2,2),(-0.157079632679574,0.),.UNSPECIFIED.);
#2814=B_SPLINE_CURVE_WITH_KNOTS('',1,(#5565,#5566),.UNSPECIFIED.,.F.,.F.,
(2,2),(0.100000000000002,0.700000000000003),.UNSPECIFIED.);
#2815=B_SPLINE_CURVE_WITH_KNOTS('',1,(#5567,#5568),.UNSPECIFIED.,.F.,.F.,
(2,2),(-0.700000000000002,-0.0999999999999952),.UNSPECIFIED.);
#2816=B_SPLINE_CURVE_WITH_KNOTS('',1,(#5572,#5573),.UNSPECIFIED.,.F.,.F.,
(2,2),(0.,0.157079632679561),.UNSPECIFIED.);
#2817=B_SPLINE_CURVE_WITH_KNOTS('',1,(#5574,#5575),.UNSPECIFIED.,.F.,.F.,
(2,2),(0.100000000000002,0.699999999999996),.UNSPECIFIED.);
#2818=B_SPLINE_CURVE_WITH_KNOTS('',1,(#5579,#5580),.UNSPECIFIED.,.F.,.F.,
(2,2),(0.,0.157079632679561),.UNSPECIFIED.);
#2819=B_SPLINE_CURVE_WITH_KNOTS('',3,(#5581,#5582,#5583,#5584,#5585,#5586),
 .UNSPECIFIED.,.F.,.F.,(4,2,4),(0.,0.0614009321256093,0.157079632679611),
 .UNSPECIFIED.);
#2820=B_SPLINE_CURVE_WITH_KNOTS('',3,(#5587,#5588,#5589,#5590,#5591,#5592),
 .UNSPECIFIED.,.F.,.F.,(4,2,4),(-0.157079632679574,-0.0614009321252278,
0.),.UNSPECIFIED.);
#2821=B_SPLINE_CURVE_WITH_KNOTS('',1,(#5593,#5594),.UNSPECIFIED.,.F.,.F.,
(2,2),(-0.157079632679526,0.),.UNSPECIFIED.);
#2822=B_SPLINE_CURVE_WITH_KNOTS('',3,(#5595,#5596,#5597,#5598,#5599,#5600),
 .UNSPECIFIED.,.F.,.F.,(4,2,4),(-0.157079632679526,-0.0956787005542547,
0.),.UNSPECIFIED.);
#2823=B_SPLINE_CURVE_WITH_KNOTS('',3,(#5601,#5602,#5603,#5604,#5605,#5606),
 .UNSPECIFIED.,.F.,.F.,(4,2,4),(-0.157079632679574,-0.0614009321252735,
0.),.UNSPECIFIED.);
#2824=B_SPLINE_CURVE_WITH_KNOTS('',1,(#5607,#5608),.UNSPECIFIED.,.F.,.F.,
(2,2),(0.,0.157079632679482),.UNSPECIFIED.);
#2825=B_SPLINE_CURVE_WITH_KNOTS('',1,(#5609,#5610),.UNSPECIFIED.,.F.,.F.,
(2,2),(0.,0.157079632679486),.UNSPECIFIED.);
#2826=B_SPLINE_CURVE_WITH_KNOTS('',3,(#5611,#5612,#5613,#5614,#5615,#5616),
 .UNSPECIFIED.,.F.,.F.,(4,2,4),(0.,0.0614009321251477,0.157079632679574),
 .UNSPECIFIED.);
#2827=B_SPLINE_CURVE_WITH_KNOTS('',3,(#5617,#5618,#5619,#5620,#5621,#5622),
 .UNSPECIFIED.,.F.,.F.,(4,2,4),(0.,0.095678700554286,0.157079632679526),
 .UNSPECIFIED.);
#2828=B_SPLINE_CURVE_WITH_KNOTS('',3,(#5623,#5624,#5625,#5626,#5627,#5628),
 .UNSPECIFIED.,.F.,.F.,(4,2,4),(0.,0.0614009321252407,0.157079632679526),
 .UNSPECIFIED.);
#2829=B_SPLINE_CURVE_WITH_KNOTS('',3,(#5629,#5630,#5631,#5632,#5633,#5634),
 .UNSPECIFIED.,.F.,.F.,(4,2,4),(0.,0.0956787005543015,0.157079632679561),
 .UNSPECIFIED.);
#2830=B_SPLINE_CURVE_WITH_KNOTS('',1,(#5635,#5636),.UNSPECIFIED.,.F.,.F.,
(2,2),(0.,0.157079632679611),.UNSPECIFIED.);
#2831=B_SPLINE_CURVE_WITH_KNOTS('',3,(#5637,#5638,#5639,#5640,#5641,#5642),
 .UNSPECIFIED.,.F.,.F.,(4,2,4),(-0.157079632679574,-0.095678700554342,0.),
 .UNSPECIFIED.);
#2832=B_SPLINE_CURVE_WITH_KNOTS('',3,(#5643,#5644,#5645,#5646,#5647,#5648),
 .UNSPECIFIED.,.F.,.F.,(4,2,4),(-0.157079632679526,-0.0614009321252018,
0.),.UNSPECIFIED.);
#2833=B_SPLINE_CURVE_WITH_KNOTS('',1,(#5649,#5650),.UNSPECIFIED.,.F.,.F.,
(2,2),(0.,0.157079632679485),.UNSPECIFIED.);
#2834=B_SPLINE_CURVE_WITH_KNOTS('',3,(#5651,#5652,#5653,#5654,#5655,#5656),
 .UNSPECIFIED.,.F.,.F.,(4,2,4),(0.,0.095664636582149,0.157079632679568),
 .UNSPECIFIED.);
#2835=B_SPLINE_CURVE_WITH_KNOTS('',1,(#5657,#5658),.UNSPECIFIED.,.F.,.F.,
(2,2),(0.,0.157079632679526),.UNSPECIFIED.);
#2836=B_SPLINE_CURVE_WITH_KNOTS('',3,(#5659,#5660,#5661,#5662,#5663,#5664),
 .UNSPECIFIED.,.F.,.F.,(4,2,4),(0.,0.0614144319457972,0.157079632679574),
 .UNSPECIFIED.);
#2837=B_SPLINE_CURVE_WITH_KNOTS('',3,(#5665,#5666,#5667,#5668,#5669,#5670),
 .UNSPECIFIED.,.F.,.F.,(4,2,4),(-0.157079632679526,-0.0956787005542598,
0.),.UNSPECIFIED.);
#2838=B_SPLINE_CURVE_WITH_KNOTS('',3,(#5671,#5672,#5673,#5674,#5675,#5676),
 .UNSPECIFIED.,.F.,.F.,(4,2,4),(-0.157079632679574,-0.0614009321252807,
0.),.UNSPECIFIED.);
#2839=B_SPLINE_CURVE_WITH_KNOTS('',1,(#5677,#5678),.UNSPECIFIED.,.F.,.F.,
(2,2),(0.,0.157079632679505),.UNSPECIFIED.);
#2840=B_SPLINE_CURVE_WITH_KNOTS('',1,(#5679,#5680),.UNSPECIFIED.,.F.,.F.,
(2,2),(0.,0.157079632679502),.UNSPECIFIED.);
#2841=B_SPLINE_CURVE_WITH_KNOTS('',3,(#5681,#5682,#5683,#5684,#5685,#5686),
 .UNSPECIFIED.,.F.,.F.,(4,2,4),(0.,0.0614009321252492,0.157079632679561),
 .UNSPECIFIED.);
#2842=B_SPLINE_CURVE_WITH_KNOTS('',3,(#5687,#5688,#5689,#5690,#5691,#5692),
 .UNSPECIFIED.,.F.,.F.,(4,2,4),(0.,0.0956787005542833,0.157079632679526),
 .UNSPECIFIED.);
#2843=B_SPLINE_CURVE_WITH_KNOTS('',1,(#5953,#5954),.UNSPECIFIED.,.F.,.F.,
(2,2),(-0.9,-0.1),.UNSPECIFIED.);
#2844=B_SPLINE_CURVE_WITH_KNOTS('',3,(#5955,#5956,#5957,#5958),
 .UNSPECIFIED.,.F.,.F.,(4,4),(-0.9,-0.1),.UNSPECIFIED.);
#2845=B_SPLINE_CURVE_WITH_KNOTS('',1,(#5959,#5960),.UNSPECIFIED.,.F.,.F.,
(2,2),(0.100000000000015,0.699999999999983),.UNSPECIFIED.);
#2846=B_SPLINE_CURVE_WITH_KNOTS('',3,(#5961,#5962,#5963,#5964),
 .UNSPECIFIED.,.F.,.F.,(4,4),(0.100000000000015,0.699999999999983),
 .UNSPECIFIED.);
#2847=B_SPLINE_CURVE_WITH_KNOTS('',1,(#5965,#5966),.UNSPECIFIED.,.F.,.F.,
(2,2),(-0.9,-0.1),.UNSPECIFIED.);
#2848=B_SPLINE_CURVE_WITH_KNOTS('',3,(#5967,#5968,#5969,#5970),
 .UNSPECIFIED.,.F.,.F.,(4,4),(-0.9,-0.1),.UNSPECIFIED.);
#2849=B_SPLINE_CURVE_WITH_KNOTS('',1,(#5971,#5972),.UNSPECIFIED.,.F.,.F.,
(2,2),(-0.7,-0.100000000000015),.UNSPECIFIED.);
#2850=B_SPLINE_CURVE_WITH_KNOTS('',3,(#5973,#5974,#5975,#5976),
 .UNSPECIFIED.,.F.,.F.,(4,4),(-0.7,-0.100000000000015),.UNSPECIFIED.);
#2851=B_SPLINE_CURVE_WITH_KNOTS('',1,(#5977,#5978),.UNSPECIFIED.,.F.,.F.,
(2,2),(0.1,0.9),.UNSPECIFIED.);
#2852=B_SPLINE_CURVE_WITH_KNOTS('',3,(#5979,#5980,#5981,#5982),
 .UNSPECIFIED.,.F.,.F.,(4,4),(0.1,0.9),.UNSPECIFIED.);
#2853=B_SPLINE_CURVE_WITH_KNOTS('',1,(#5983,#5984),.UNSPECIFIED.,.F.,.F.,
(2,2),(0.0999999999999881,1.9),.UNSPECIFIED.);
#2854=B_SPLINE_CURVE_WITH_KNOTS('',3,(#5985,#5986,#5987,#5988),
 .UNSPECIFIED.,.F.,.F.,(4,4),(0.0999999999999881,1.9),.UNSPECIFIED.);
#2855=B_SPLINE_CURVE_WITH_KNOTS('',1,(#5989,#5990),.UNSPECIFIED.,.F.,.F.,
(2,2),(-0.9,-0.1),.UNSPECIFIED.);
#2856=B_SPLINE_CURVE_WITH_KNOTS('',3,(#5991,#5992,#5993,#5994),
 .UNSPECIFIED.,.F.,.F.,(4,4),(-0.9,-0.1),.UNSPECIFIED.);
#2857=B_SPLINE_CURVE_WITH_KNOTS('',1,(#5995,#5996),.UNSPECIFIED.,.F.,.F.,
(2,2),(-1.89999999999999,-0.0999999999999995),.UNSPECIFIED.);
#2858=B_SPLINE_CURVE_WITH_KNOTS('',3,(#5997,#5998,#5999,#6000),
 .UNSPECIFIED.,.F.,.F.,(4,4),(-1.89999999999999,-0.0999999999999995),
 .UNSPECIFIED.);
#2859=B_SPLINE_CURVE_WITH_KNOTS('',1,(#6001,#6002),.UNSPECIFIED.,.F.,.F.,
(2,2),(0.0999999999999877,0.700000000000009),.UNSPECIFIED.);
#2860=B_SPLINE_CURVE_WITH_KNOTS('',3,(#6003,#6004,#6005,#6006),
 .UNSPECIFIED.,.F.,.F.,(4,4),(0.0999999999999877,0.700000000000009),
 .UNSPECIFIED.);
#2861=B_SPLINE_CURVE_WITH_KNOTS('',1,(#6007,#6008),.UNSPECIFIED.,.F.,.F.,
(2,2),(-0.9,-0.1),.UNSPECIFIED.);
#2862=B_SPLINE_CURVE_WITH_KNOTS('',3,(#6009,#6010,#6011,#6012),
 .UNSPECIFIED.,.F.,.F.,(4,4),(-0.9,-0.1),.UNSPECIFIED.);
#2863=B_SPLINE_CURVE_WITH_KNOTS('',1,(#6013,#6014),.UNSPECIFIED.,.F.,.F.,
(2,2),(-0.700000000000009,-0.099999999999993),.UNSPECIFIED.);
#2864=B_SPLINE_CURVE_WITH_KNOTS('',3,(#6015,#6016,#6017,#6018),
 .UNSPECIFIED.,.F.,.F.,(4,4),(-0.700000000000009,-0.099999999999993),
 .UNSPECIFIED.);
#2865=B_SPLINE_CURVE_WITH_KNOTS('',1,(#6019,#6020),.UNSPECIFIED.,.F.,.F.,
(2,2),(0.0999999999999999,0.9),.UNSPECIFIED.);
#2866=B_SPLINE_CURVE_WITH_KNOTS('',3,(#6021,#6022,#6023,#6024),
 .UNSPECIFIED.,.F.,.F.,(4,4),(0.0999999999999999,0.9),.UNSPECIFIED.);
#2867=B_SPLINE_CURVE_WITH_KNOTS('',1,(#6025,#6026),.UNSPECIFIED.,.F.,.F.,
(2,2),(0.1,0.9),.UNSPECIFIED.);
#2868=B_SPLINE_CURVE_WITH_KNOTS('',3,(#6027,#6028,#6029,#6030),
 .UNSPECIFIED.,.F.,.F.,(4,4),(0.1,0.9),.UNSPECIFIED.);
#2869=B_SPLINE_CURVE_WITH_KNOTS('',1,(#6031,#6032),.UNSPECIFIED.,.F.,.F.,
(2,2),(0.10000000000001,1.9),.UNSPECIFIED.);
#2870=B_SPLINE_CURVE_WITH_KNOTS('',3,(#6033,#6034,#6035,#6036),
 .UNSPECIFIED.,.F.,.F.,(4,4),(0.10000000000001,1.9),.UNSPECIFIED.);
#2871=B_SPLINE_CURVE_WITH_KNOTS('',1,(#6037,#6038),.UNSPECIFIED.,.F.,.F.,
(2,2),(0.1,0.9),.UNSPECIFIED.);
#2872=B_SPLINE_CURVE_WITH_KNOTS('',3,(#6039,#6040,#6041,#6042),
 .UNSPECIFIED.,.F.,.F.,(4,4),(0.1,0.9),.UNSPECIFIED.);
#2873=B_SPLINE_CURVE_WITH_KNOTS('',1,(#6043,#6044),.UNSPECIFIED.,.F.,.F.,
(2,2),(-1.9,-0.10000000000001),.UNSPECIFIED.);
#2874=B_SPLINE_CURVE_WITH_KNOTS('',3,(#6045,#6046,#6047,#6048),
 .UNSPECIFIED.,.F.,.F.,(4,4),(-1.9,-0.10000000000001),.UNSPECIFIED.);
#2875=B_SPLINE_CURVE_WITH_KNOTS('',1,(#6049,#6050),.UNSPECIFIED.,.F.,.F.,
(2,2),(-0.699999999999995,-0.100000000000002),.UNSPECIFIED.);
#2876=B_SPLINE_CURVE_WITH_KNOTS('',3,(#6051,#6052,#6053,#6054),
 .UNSPECIFIED.,.F.,.F.,(4,4),(-0.699999999999995,-0.100000000000002),
 .UNSPECIFIED.);
#2877=B_SPLINE_CURVE_WITH_KNOTS('',1,(#6055,#6056),.UNSPECIFIED.,.F.,.F.,
(2,2),(-1.9,-0.100000000000003),.UNSPECIFIED.);
#2878=B_SPLINE_CURVE_WITH_KNOTS('',3,(#6057,#6058,#6059,#6060),
 .UNSPECIFIED.,.F.,.F.,(4,4),(-1.9,-0.100000000000003),.UNSPECIFIED.);
#2879=B_SPLINE_CURVE_WITH_KNOTS('',1,(#6061,#6062),.UNSPECIFIED.,.F.,.F.,
(2,2),(-0.699999999999989,-0.0999999999999938),.UNSPECIFIED.);
#2880=B_SPLINE_CURVE_WITH_KNOTS('',3,(#6063,#6064,#6065,#6066),
 .UNSPECIFIED.,.F.,.F.,(4,4),(-0.699999999999989,-0.0999999999999938),
 .UNSPECIFIED.);
#2881=B_SPLINE_CURVE_WITH_KNOTS('',1,(#6067,#6068),.UNSPECIFIED.,.F.,.F.,
(2,2),(-1.89999999999999,-0.100000000000001),.UNSPECIFIED.);
#2882=B_SPLINE_CURVE_WITH_KNOTS('',3,(#6069,#6070,#6071,#6072),
 .UNSPECIFIED.,.F.,.F.,(4,4),(-1.89999999999999,-0.100000000000001),
 .UNSPECIFIED.);
#2883=B_SPLINE_CURVE_WITH_KNOTS('',1,(#6073,#6074),.UNSPECIFIED.,.F.,.F.,
(2,2),(0.100000000000007,1.9),.UNSPECIFIED.);
#2884=B_SPLINE_CURVE_WITH_KNOTS('',3,(#6075,#6076,#6077,#6078),
 .UNSPECIFIED.,.F.,.F.,(4,4),(0.100000000000007,1.9),.UNSPECIFIED.);
#2885=B_SPLINE_CURVE_WITH_KNOTS('',1,(#6079,#6080),.UNSPECIFIED.,.F.,.F.,
(2,2),(0.100000000000001,0.700000000000003),.UNSPECIFIED.);
#2886=B_SPLINE_CURVE_WITH_KNOTS('',3,(#6081,#6082,#6083,#6084),
 .UNSPECIFIED.,.F.,.F.,(4,4),(0.100000000000001,0.700000000000003),
 .UNSPECIFIED.);
#2887=B_SPLINE_CURVE_WITH_KNOTS('',1,(#6085,#6086),.UNSPECIFIED.,.F.,.F.,
(2,2),(0.100000000000008,1.9),.UNSPECIFIED.);
#2888=B_SPLINE_CURVE_WITH_KNOTS('',3,(#6087,#6088,#6089,#6090),
 .UNSPECIFIED.,.F.,.F.,(4,4),(0.100000000000008,1.9),.UNSPECIFIED.);
#2889=B_SPLINE_CURVE_WITH_KNOTS('',1,(#6091,#6092),.UNSPECIFIED.,.F.,.F.,
(2,2),(0.0999999999999943,0.699999999999996),.UNSPECIFIED.);
#2890=B_SPLINE_CURVE_WITH_KNOTS('',3,(#6093,#6094,#6095,#6096),
 .UNSPECIFIED.,.F.,.F.,(4,4),(0.0999999999999943,0.699999999999996),
 .UNSPECIFIED.);
#2891=B_SPLINE_CURVE_WITH_KNOTS('',1,(#6100,#6101),.UNSPECIFIED.,.F.,.F.,
(2,2),(-0.15707963267956,0.),.UNSPECIFIED.);
#2892=B_SPLINE_CURVE_WITH_KNOTS('',1,(#6102,#6103),.UNSPECIFIED.,.F.,.F.,
(2,2),(-0.699999999999989,-0.0999999999999938),.UNSPECIFIED.);
#2893=B_SPLINE_CURVE_WITH_KNOTS('',1,(#6107,#6108),.UNSPECIFIED.,.F.,.F.,
(2,2),(0.,0.157079632679495),.UNSPECIFIED.);
#2894=B_SPLINE_CURVE_WITH_KNOTS('',1,(#6109,#6110),.UNSPECIFIED.,.F.,.F.,
(2,2),(0.100000000000015,0.699999999999983),.UNSPECIFIED.);
#2895=B_SPLINE_CURVE_WITH_KNOTS('',1,(#6111,#6112),.UNSPECIFIED.,.F.,.F.,
(2,2),(-0.9,-0.1),.UNSPECIFIED.);
#2896=B_SPLINE_CURVE_WITH_KNOTS('',1,(#6116,#6117),.UNSPECIFIED.,.F.,.F.,
(2,2),(0.,0.157079632679583),.UNSPECIFIED.);
#2897=B_SPLINE_CURVE_WITH_KNOTS('',1,(#6118,#6119),.UNSPECIFIED.,.F.,.F.,
(2,2),(0.1,0.9),.UNSPECIFIED.);
#2898=B_SPLINE_CURVE_WITH_KNOTS('',1,(#6123,#6124),.UNSPECIFIED.,.F.,.F.,
(2,2),(0.,0.157079632679502),.UNSPECIFIED.);
#2899=B_SPLINE_CURVE_WITH_KNOTS('',1,(#6125,#6126),.UNSPECIFIED.,.F.,.F.,
(2,2),(-0.7,-0.100000000000015),.UNSPECIFIED.);
#2900=B_SPLINE_CURVE_WITH_KNOTS('',1,(#6130,#6131),.UNSPECIFIED.,.F.,.F.,
(2,2),(0.,0.157079632679574),.UNSPECIFIED.);
#2901=B_SPLINE_CURVE_WITH_KNOTS('',1,(#6132,#6133),.UNSPECIFIED.,.F.,.F.,
(2,2),(0.0999999999999943,0.699999999999996),.UNSPECIFIED.);
#2902=B_SPLINE_CURVE_WITH_KNOTS('',1,(#6137,#6138),.UNSPECIFIED.,.F.,.F.,
(2,2),(0.,0.157079632679574),.UNSPECIFIED.);
#2903=B_SPLINE_CURVE_WITH_KNOTS('',1,(#6139,#6140),.UNSPECIFIED.,.F.,.F.,
(2,2),(-0.9,-0.1),.UNSPECIFIED.);
#2904=B_SPLINE_CURVE_WITH_KNOTS('',1,(#6144,#6145),.UNSPECIFIED.,.F.,.F.,
(2,2),(0.,0.15707963267956),.UNSPECIFIED.);
#2905=B_SPLINE_CURVE_WITH_KNOTS('',1,(#6146,#6147),.UNSPECIFIED.,.F.,.F.,
(2,2),(0.1,0.9),.UNSPECIFIED.);
#2906=B_SPLINE_CURVE_WITH_KNOTS('',1,(#6151,#6152),.UNSPECIFIED.,.F.,.F.,
(2,2),(-0.157079632679516,0.),.UNSPECIFIED.);
#2907=B_SPLINE_CURVE_WITH_KNOTS('',1,(#6156,#6157),.UNSPECIFIED.,.F.,.F.,
(2,2),(-0.157079632679526,0.),.UNSPECIFIED.);
#2908=B_SPLINE_CURVE_WITH_KNOTS('',1,(#6158,#6159),.UNSPECIFIED.,.F.,.F.,
(2,2),(-1.9,-0.100000000000003),.UNSPECIFIED.);
#2909=B_SPLINE_CURVE_WITH_KNOTS('',1,(#6163,#6164),.UNSPECIFIED.,.F.,.F.,
(2,2),(-0.157079632679526,0.),.UNSPECIFIED.);
#2910=B_SPLINE_CURVE_WITH_KNOTS('',1,(#6165,#6166),.UNSPECIFIED.,.F.,.F.,
(2,2),(0.0999999999999881,1.9),.UNSPECIFIED.);
#2911=B_SPLINE_CURVE_WITH_KNOTS('',1,(#6167,#6168),.UNSPECIFIED.,.F.,.F.,
(2,2),(-0.9,-0.1),.UNSPECIFIED.);
#2912=B_SPLINE_CURVE_WITH_KNOTS('',1,(#6172,#6173),.UNSPECIFIED.,.F.,.F.,
(2,2),(0.,0.157079632679478),.UNSPECIFIED.);
#2913=B_SPLINE_CURVE_WITH_KNOTS('',1,(#6174,#6175),.UNSPECIFIED.,.F.,.F.,
(2,2),(0.0999999999999999,0.9),.UNSPECIFIED.);
#2914=B_SPLINE_CURVE_WITH_KNOTS('',1,(#6179,#6180),.UNSPECIFIED.,.F.,.F.,
(2,2),(0.,0.157079632679502),.UNSPECIFIED.);
#2915=B_SPLINE_CURVE_WITH_KNOTS('',1,(#6181,#6182),.UNSPECIFIED.,.F.,.F.,
(2,2),(-1.89999999999999,-0.0999999999999995),.UNSPECIFIED.);
#2916=B_SPLINE_CURVE_WITH_KNOTS('',1,(#6186,#6187),.UNSPECIFIED.,.F.,.F.,
(2,2),(0.,0.157079632679526),.UNSPECIFIED.);
#2917=B_SPLINE_CURVE_WITH_KNOTS('',1,(#6188,#6189),.UNSPECIFIED.,.F.,.F.,
(2,2),(0.100000000000007,1.9),.UNSPECIFIED.);
#2918=B_SPLINE_CURVE_WITH_KNOTS('',1,(#6193,#6194),.UNSPECIFIED.,.F.,.F.,
(2,2),(0.,0.157079632679526),.UNSPECIFIED.);
#2919=B_SPLINE_CURVE_WITH_KNOTS('',1,(#6198,#6199),.UNSPECIFIED.,.F.,.F.,
(2,2),(-0.157079632679526,0.),.UNSPECIFIED.);
#2920=B_SPLINE_CURVE_WITH_KNOTS('',1,(#6200,#6201),.UNSPECIFIED.,.F.,.F.,
(2,2),(-0.699999999999995,-0.100000000000002),.UNSPECIFIED.);
#2921=B_SPLINE_CURVE_WITH_KNOTS('',1,(#6205,#6206),.UNSPECIFIED.,.F.,.F.,
(2,2),(-0.157079632679526,0.),.UNSPECIFIED.);
#2922=B_SPLINE_CURVE_WITH_KNOTS('',1,(#6207,#6208),.UNSPECIFIED.,.F.,.F.,
(2,2),(0.0999999999999877,0.700000000000009),.UNSPECIFIED.);
#2923=B_SPLINE_CURVE_WITH_KNOTS('',1,(#6209,#6210),.UNSPECIFIED.,.F.,.F.,
(2,2),(-0.9,-0.1),.UNSPECIFIED.);
#2924=B_SPLINE_CURVE_WITH_KNOTS('',1,(#6214,#6215),.UNSPECIFIED.,.F.,.F.,
(2,2),(0.,0.157079632679486),.UNSPECIFIED.);
#2925=B_SPLINE_CURVE_WITH_KNOTS('',1,(#6216,#6217),.UNSPECIFIED.,.F.,.F.,
(2,2),(0.1,0.9),.UNSPECIFIED.);
#2926=B_SPLINE_CURVE_WITH_KNOTS('',1,(#6221,#6222),.UNSPECIFIED.,.F.,.F.,
(2,2),(0.,0.157079632679625),.UNSPECIFIED.);
#2927=B_SPLINE_CURVE_WITH_KNOTS('',1,(#6223,#6224),.UNSPECIFIED.,.F.,.F.,
(2,2),(-0.700000000000009,-0.099999999999993),.UNSPECIFIED.);
#2928=B_SPLINE_CURVE_WITH_KNOTS('',1,(#6228,#6229),.UNSPECIFIED.,.F.,.F.,
(2,2),(0.,0.157079632679491),.UNSPECIFIED.);
#2929=B_SPLINE_CURVE_WITH_KNOTS('',1,(#6230,#6231),.UNSPECIFIED.,.F.,.F.,
(2,2),(0.100000000000001,0.700000000000003),.UNSPECIFIED.);
#2930=B_SPLINE_CURVE_WITH_KNOTS('',1,(#6235,#6236),.UNSPECIFIED.,.F.,.F.,
(2,2),(0.,0.157079632679541),.UNSPECIFIED.);
#2931=B_SPLINE_CURVE_WITH_KNOTS('',1,(#6240,#6241),.UNSPECIFIED.,.F.,.F.,
(2,2),(-0.15707963267956,0.),.UNSPECIFIED.);
#2932=B_SPLINE_CURVE_WITH_KNOTS('',1,(#6242,#6243),.UNSPECIFIED.,.F.,.F.,
(2,2),(-1.89999999999999,-0.100000000000001),.UNSPECIFIED.);
#2933=B_SPLINE_CURVE_WITH_KNOTS('',1,(#6247,#6248),.UNSPECIFIED.,.F.,.F.,
(2,2),(-0.15707963267956,0.),.UNSPECIFIED.);
#2934=B_SPLINE_CURVE_WITH_KNOTS('',1,(#6249,#6250),.UNSPECIFIED.,.F.,.F.,
(2,2),(0.10000000000001,1.9),.UNSPECIFIED.);
#2935=B_SPLINE_CURVE_WITH_KNOTS('',1,(#6251,#6252),.UNSPECIFIED.,.F.,.F.,
(2,2),(-1.9,-0.10000000000001),.UNSPECIFIED.);
#2936=B_SPLINE_CURVE_WITH_KNOTS('',1,(#6256,#6257),.UNSPECIFIED.,.F.,.F.,
(2,2),(0.,0.157079632679474),.UNSPECIFIED.);
#2937=B_SPLINE_CURVE_WITH_KNOTS('',1,(#6258,#6259),.UNSPECIFIED.,.F.,.F.,
(2,2),(0.100000000000008,1.9),.UNSPECIFIED.);
#2938=B_SPLINE_CURVE_WITH_KNOTS('',1,(#6263,#6264),.UNSPECIFIED.,.F.,.F.,
(2,2),(0.,0.15707963267954),.UNSPECIFIED.);
#2939=B_SPLINE_CURVE_WITH_KNOTS('',1,(#6265,#6266),.UNSPECIFIED.,.F.,.F.,
(2,2),(-0.157079632679516,0.),.UNSPECIFIED.);
#2940=B_SPLINE_CURVE_WITH_KNOTS('',3,(#6267,#6268,#6269,#6270,#6271,#6272),
 .UNSPECIFIED.,.F.,.F.,(4,2,4),(-0.15707963267956,-0.0956646365821108,0.),
 .UNSPECIFIED.);
#2941=B_SPLINE_CURVE_WITH_KNOTS('',3,(#6273,#6274,#6275,#6276,#6277,#6278),
 .UNSPECIFIED.,.F.,.F.,(4,2,4),(-0.15707963267956,-0.0614144319457184,0.),
 .UNSPECIFIED.);
#2942=B_SPLINE_CURVE_WITH_KNOTS('',1,(#6279,#6280),.UNSPECIFIED.,.F.,.F.,
(2,2),(0.,0.157079632679495),.UNSPECIFIED.);
#2943=B_SPLINE_CURVE_WITH_KNOTS('',3,(#6281,#6282,#6283,#6284,#6285,#6286),
 .UNSPECIFIED.,.F.,.F.,(4,2,4),(-0.157079632679526,-0.0956787005542819,
0.),.UNSPECIFIED.);
#2944=B_SPLINE_CURVE_WITH_KNOTS('',3,(#6287,#6288,#6289,#6290,#6291,#6292),
 .UNSPECIFIED.,.F.,.F.,(4,2,4),(0.,0.0956787005543928,0.157079632679583),
 .UNSPECIFIED.);
#2945=B_SPLINE_CURVE_WITH_KNOTS('',1,(#6293,#6294),.UNSPECIFIED.,.F.,.F.,
(2,2),(0.,0.157079632679502),.UNSPECIFIED.);
#2946=B_SPLINE_CURVE_WITH_KNOTS('',3,(#6295,#6296,#6297,#6298,#6299,#6300),
 .UNSPECIFIED.,.F.,.F.,(4,2,4),(0.,0.0614009321252765,0.157079632679526),
 .UNSPECIFIED.);
#2947=B_SPLINE_CURVE_WITH_KNOTS('',3,(#6301,#6302,#6303,#6304,#6305,#6306),
 .UNSPECIFIED.,.F.,.F.,(4,2,4),(0.,0.0956787005544006,0.157079632679574),
 .UNSPECIFIED.);
#2948=B_SPLINE_CURVE_WITH_KNOTS('',3,(#6307,#6308,#6309,#6310,#6311,#6312),
 .UNSPECIFIED.,.F.,.F.,(4,2,4),(0.,0.0956787005542234,0.157079632679574),
 .UNSPECIFIED.);
#2949=B_SPLINE_CURVE_WITH_KNOTS('',1,(#6313,#6314),.UNSPECIFIED.,.F.,.F.,
(2,2),(0.,0.157079632679474),.UNSPECIFIED.);
#2950=B_SPLINE_CURVE_WITH_KNOTS('',3,(#6315,#6316,#6317,#6318,#6319,#6320),
 .UNSPECIFIED.,.F.,.F.,(4,2,4),(0.,0.06140093212527,0.15707963267956),
 .UNSPECIFIED.);
#2951=B_SPLINE_CURVE_WITH_KNOTS('',3,(#6321,#6322,#6323,#6324,#6325,#6326),
 .UNSPECIFIED.,.F.,.F.,(4,2,4),(-0.157079632679526,-0.095678700554298,0.),
 .UNSPECIFIED.);
#2952=B_SPLINE_CURVE_WITH_KNOTS('',3,(#6327,#6328,#6329,#6330,#6331,#6332),
 .UNSPECIFIED.,.F.,.F.,(4,2,4),(-0.157079632679526,-0.0614009321252353,
0.),.UNSPECIFIED.);
#2953=B_SPLINE_CURVE_WITH_KNOTS('',1,(#6333,#6334),.UNSPECIFIED.,.F.,.F.,
(2,2),(0.,0.157079632679478),.UNSPECIFIED.);
#2954=B_SPLINE_CURVE_WITH_KNOTS('',1,(#6335,#6336),.UNSPECIFIED.,.F.,.F.,
(2,2),(0.,0.157079632679502),.UNSPECIFIED.);
#2955=B_SPLINE_CURVE_WITH_KNOTS('',3,(#6337,#6338,#6339,#6340,#6341,#6342),
 .UNSPECIFIED.,.F.,.F.,(4,2,4),(0.,0.0614144319457124,0.157079632679541),
 .UNSPECIFIED.);
#2956=B_SPLINE_CURVE_WITH_KNOTS('',3,(#6343,#6344,#6345,#6346,#6347,#6348),
 .UNSPECIFIED.,.F.,.F.,(4,2,4),(0.,0.0956646365821381,0.157079632679526),
 .UNSPECIFIED.);
#2957=B_SPLINE_CURVE_WITH_KNOTS('',3,(#6349,#6350,#6351,#6352,#6353,#6354),
 .UNSPECIFIED.,.F.,.F.,(4,2,4),(-0.157079632679526,-0.0956787005542885,
0.),.UNSPECIFIED.);
#2958=B_SPLINE_CURVE_WITH_KNOTS('',3,(#6355,#6356,#6357,#6358,#6359,#6360),
 .UNSPECIFIED.,.F.,.F.,(4,2,4),(-0.15707963267956,-0.0614009321252191,0.),
 .UNSPECIFIED.);
#2959=B_SPLINE_CURVE_WITH_KNOTS('',1,(#6361,#6362),.UNSPECIFIED.,.F.,.F.,
(2,2),(0.,0.157079632679486),.UNSPECIFIED.);
#2960=B_SPLINE_CURVE_WITH_KNOTS('',3,(#6363,#6364,#6365,#6366,#6367,#6368),
 .UNSPECIFIED.,.F.,.F.,(4,2,4),(0.,0.0614009321252738,0.157079632679625),
 .UNSPECIFIED.);
#2961=B_SPLINE_CURVE_WITH_KNOTS('',3,(#6369,#6370,#6371,#6372,#6373,#6374),
 .UNSPECIFIED.,.F.,.F.,(4,2,4),(0.,0.0956787005543261,0.15707963267954),
 .UNSPECIFIED.);
#2962=B_SPLINE_CURVE_WITH_KNOTS('',1,(#6375,#6376),.UNSPECIFIED.,.F.,.F.,
(2,2),(0.,0.157079632679491),.UNSPECIFIED.);
#2963=B_SPLINE_CURVE_WITH_KNOTS('',1,(#6637,#6638),.UNSPECIFIED.,.F.,.F.,
(2,2),(-0.9,-0.1),.UNSPECIFIED.);
#2964=B_SPLINE_CURVE_WITH_KNOTS('',3,(#6639,#6640,#6641,#6642),
 .UNSPECIFIED.,.F.,.F.,(4,4),(-0.9,-0.1),.UNSPECIFIED.);
#2965=B_SPLINE_CURVE_WITH_KNOTS('',1,(#6643,#6644),.UNSPECIFIED.,.F.,.F.,
(2,2),(0.0999999999999943,0.699999999999995),.UNSPECIFIED.);
#2966=B_SPLINE_CURVE_WITH_KNOTS('',3,(#6645,#6646,#6647,#6648),
 .UNSPECIFIED.,.F.,.F.,(4,4),(0.0999999999999943,0.699999999999995),
 .UNSPECIFIED.);
#2967=B_SPLINE_CURVE_WITH_KNOTS('',1,(#6649,#6650),.UNSPECIFIED.,.F.,.F.,
(2,2),(-0.9,-0.1),.UNSPECIFIED.);
#2968=B_SPLINE_CURVE_WITH_KNOTS('',3,(#6651,#6652,#6653,#6654),
 .UNSPECIFIED.,.F.,.F.,(4,4),(-0.9,-0.1),.UNSPECIFIED.);
#2969=B_SPLINE_CURVE_WITH_KNOTS('',1,(#6655,#6656),.UNSPECIFIED.,.F.,.F.,
(2,2),(-0.699999999999983,-0.0999999999999934),.UNSPECIFIED.);
#2970=B_SPLINE_CURVE_WITH_KNOTS('',3,(#6657,#6658,#6659,#6660),
 .UNSPECIFIED.,.F.,.F.,(4,4),(-0.699999999999983,-0.0999999999999934),
 .UNSPECIFIED.);
#2971=B_SPLINE_CURVE_WITH_KNOTS('',1,(#6661,#6662),.UNSPECIFIED.,.F.,.F.,
(2,2),(0.0999999999999999,0.9),.UNSPECIFIED.);
#2972=B_SPLINE_CURVE_WITH_KNOTS('',3,(#6663,#6664,#6665,#6666),
 .UNSPECIFIED.,.F.,.F.,(4,4),(0.0999999999999999,0.9),.UNSPECIFIED.);
#2973=B_SPLINE_CURVE_WITH_KNOTS('',1,(#6667,#6668),.UNSPECIFIED.,.F.,.F.,
(2,2),(0.099999999999992,1.9),.UNSPECIFIED.);
#2974=B_SPLINE_CURVE_WITH_KNOTS('',3,(#6669,#6670,#6671,#6672),
 .UNSPECIFIED.,.F.,.F.,(4,4),(0.099999999999992,1.9),.UNSPECIFIED.);
#2975=B_SPLINE_CURVE_WITH_KNOTS('',1,(#6673,#6674),.UNSPECIFIED.,.F.,.F.,
(2,2),(-0.9,-0.1),.UNSPECIFIED.);
#2976=B_SPLINE_CURVE_WITH_KNOTS('',3,(#6675,#6676,#6677,#6678),
 .UNSPECIFIED.,.F.,.F.,(4,4),(-0.9,-0.1),.UNSPECIFIED.);
#2977=B_SPLINE_CURVE_WITH_KNOTS('',1,(#6679,#6680),.UNSPECIFIED.,.F.,.F.,
(2,2),(-1.9,-0.0999999999999976),.UNSPECIFIED.);
#2978=B_SPLINE_CURVE_WITH_KNOTS('',3,(#6681,#6682,#6683,#6684),
 .UNSPECIFIED.,.F.,.F.,(4,4),(-1.9,-0.0999999999999976),.UNSPECIFIED.);
#2979=B_SPLINE_CURVE_WITH_KNOTS('',1,(#6685,#6686),.UNSPECIFIED.,.F.,.F.,
(2,2),(0.100000000000009,0.699999999999989),.UNSPECIFIED.);
#2980=B_SPLINE_CURVE_WITH_KNOTS('',3,(#6687,#6688,#6689,#6690),
 .UNSPECIFIED.,.F.,.F.,(4,4),(0.100000000000009,0.699999999999989),
 .UNSPECIFIED.);
#2981=B_SPLINE_CURVE_WITH_KNOTS('',1,(#6691,#6692),.UNSPECIFIED.,.F.,.F.,
(2,2),(-0.9,-0.1),.UNSPECIFIED.);
#2982=B_SPLINE_CURVE_WITH_KNOTS('',3,(#6693,#6694,#6695,#6696),
 .UNSPECIFIED.,.F.,.F.,(4,4),(-0.9,-0.1),.UNSPECIFIED.);
#2983=B_SPLINE_CURVE_WITH_KNOTS('',1,(#6697,#6698),.UNSPECIFIED.,.F.,.F.,
(2,2),(-0.699999999999994,-0.100000000000009),.UNSPECIFIED.);
#2984=B_SPLINE_CURVE_WITH_KNOTS('',3,(#6699,#6700,#6701,#6702),
 .UNSPECIFIED.,.F.,.F.,(4,4),(-0.699999999999994,-0.100000000000009),
 .UNSPECIFIED.);
#2985=B_SPLINE_CURVE_WITH_KNOTS('',1,(#6703,#6704),.UNSPECIFIED.,.F.,.F.,
(2,2),(0.1,0.9),.UNSPECIFIED.);
#2986=B_SPLINE_CURVE_WITH_KNOTS('',3,(#6705,#6706,#6707,#6708),
 .UNSPECIFIED.,.F.,.F.,(4,4),(0.1,0.9),.UNSPECIFIED.);
#2987=B_SPLINE_CURVE_WITH_KNOTS('',1,(#6709,#6710),.UNSPECIFIED.,.F.,.F.,
(2,2),(0.1,0.9),.UNSPECIFIED.);
#2988=B_SPLINE_CURVE_WITH_KNOTS('',3,(#6711,#6712,#6713,#6714),
 .UNSPECIFIED.,.F.,.F.,(4,4),(0.1,0.9),.UNSPECIFIED.);
#2989=B_SPLINE_CURVE_WITH_KNOTS('',1,(#6715,#6716),.UNSPECIFIED.,.F.,.F.,
(2,2),(0.100000000000006,1.89999999999999),.UNSPECIFIED.);
#2990=B_SPLINE_CURVE_WITH_KNOTS('',3,(#6717,#6718,#6719,#6720),
 .UNSPECIFIED.,.F.,.F.,(4,4),(0.100000000000006,1.89999999999999),
 .UNSPECIFIED.);
#2991=B_SPLINE_CURVE_WITH_KNOTS('',1,(#6721,#6722),.UNSPECIFIED.,.F.,.F.,
(2,2),(0.1,0.9),.UNSPECIFIED.);
#2992=B_SPLINE_CURVE_WITH_KNOTS('',3,(#6723,#6724,#6725,#6726),
 .UNSPECIFIED.,.F.,.F.,(4,4),(0.1,0.9),.UNSPECIFIED.);
#2993=B_SPLINE_CURVE_WITH_KNOTS('',1,(#6727,#6728),.UNSPECIFIED.,.F.,.F.,
(2,2),(-1.89999999999999,-0.100000000000006),.UNSPECIFIED.);
#2994=B_SPLINE_CURVE_WITH_KNOTS('',3,(#6729,#6730,#6731,#6732),
 .UNSPECIFIED.,.F.,.F.,(4,4),(-1.89999999999999,-0.100000000000006),
 .UNSPECIFIED.);
#2995=B_SPLINE_CURVE_WITH_KNOTS('',1,(#6733,#6734),.UNSPECIFIED.,.F.,.F.,
(2,2),(-0.699999999999996,-0.100000000000008),.UNSPECIFIED.);
#2996=B_SPLINE_CURVE_WITH_KNOTS('',3,(#6735,#6736,#6737,#6738),
 .UNSPECIFIED.,.F.,.F.,(4,4),(-0.699999999999996,-0.100000000000008),
 .UNSPECIFIED.);
#2997=B_SPLINE_CURVE_WITH_KNOTS('',1,(#6739,#6740),.UNSPECIFIED.,.F.,.F.,
(2,2),(-1.9,-0.0999999999999951),.UNSPECIFIED.);
#2998=B_SPLINE_CURVE_WITH_KNOTS('',3,(#6741,#6742,#6743,#6744),
 .UNSPECIFIED.,.F.,.F.,(4,4),(-1.9,-0.0999999999999951),.UNSPECIFIED.);
#2999=B_SPLINE_CURVE_WITH_KNOTS('',1,(#6745,#6746),.UNSPECIFIED.,.F.,.F.,
(2,2),(-0.699999999999996,-0.100000000000008),.UNSPECIFIED.);
#3000=B_SPLINE_CURVE_WITH_KNOTS('',3,(#6747,#6748,#6749,#6750),
 .UNSPECIFIED.,.F.,.F.,(4,4),(-0.699999999999996,-0.100000000000008),
 .UNSPECIFIED.);
#3001=B_SPLINE_CURVE_WITH_KNOTS('',1,(#6751,#6752),.UNSPECIFIED.,.F.,.F.,
(2,2),(-1.9,-0.100000000000001),.UNSPECIFIED.);
#3002=B_SPLINE_CURVE_WITH_KNOTS('',3,(#6753,#6754,#6755,#6756),
 .UNSPECIFIED.,.F.,.F.,(4,4),(-1.9,-0.100000000000001),.UNSPECIFIED.);
#3003=B_SPLINE_CURVE_WITH_KNOTS('',1,(#6757,#6758),.UNSPECIFIED.,.F.,.F.,
(2,2),(0.100000000000001,1.9),.UNSPECIFIED.);
#3004=B_SPLINE_CURVE_WITH_KNOTS('',3,(#6759,#6760,#6761,#6762),
 .UNSPECIFIED.,.F.,.F.,(4,4),(0.100000000000001,1.9),.UNSPECIFIED.);
#3005=B_SPLINE_CURVE_WITH_KNOTS('',1,(#6763,#6764),.UNSPECIFIED.,.F.,.F.,
(2,2),(0.0999999999999946,0.699999999999996),.UNSPECIFIED.);
#3006=B_SPLINE_CURVE_WITH_KNOTS('',3,(#6765,#6766,#6767,#6768),
 .UNSPECIFIED.,.F.,.F.,(4,4),(0.0999999999999946,0.699999999999996),
 .UNSPECIFIED.);
#3007=B_SPLINE_CURVE_WITH_KNOTS('',1,(#6769,#6770),.UNSPECIFIED.,.F.,.F.,
(2,2),(0.100000000000001,1.9),.UNSPECIFIED.);
#3008=B_SPLINE_CURVE_WITH_KNOTS('',3,(#6771,#6772,#6773,#6774),
 .UNSPECIFIED.,.F.,.F.,(4,4),(0.100000000000001,1.9),.UNSPECIFIED.);
#3009=B_SPLINE_CURVE_WITH_KNOTS('',1,(#6775,#6776),.UNSPECIFIED.,.F.,.F.,
(2,2),(0.100000000000007,0.69999999999999),.UNSPECIFIED.);
#3010=B_SPLINE_CURVE_WITH_KNOTS('',3,(#6777,#6778,#6779,#6780),
 .UNSPECIFIED.,.F.,.F.,(4,4),(0.100000000000007,0.69999999999999),
 .UNSPECIFIED.);
#3011=B_SPLINE_CURVE_WITH_KNOTS('',1,(#6784,#6785),.UNSPECIFIED.,.F.,.F.,
(2,2),(-0.157079632679588,0.),.UNSPECIFIED.);
#3012=B_SPLINE_CURVE_WITH_KNOTS('',1,(#6786,#6787),.UNSPECIFIED.,.F.,.F.,
(2,2),(-0.699999999999996,-0.100000000000008),.UNSPECIFIED.);
#3013=B_SPLINE_CURVE_WITH_KNOTS('',1,(#6791,#6792),.UNSPECIFIED.,.F.,.F.,
(2,2),(-0.157079632679588,0.),.UNSPECIFIED.);
#3014=B_SPLINE_CURVE_WITH_KNOTS('',1,(#6793,#6794),.UNSPECIFIED.,.F.,.F.,
(2,2),(0.0999999999999943,0.699999999999995),.UNSPECIFIED.);
#3015=B_SPLINE_CURVE_WITH_KNOTS('',1,(#6795,#6796),.UNSPECIFIED.,.F.,.F.,
(2,2),(-0.9,-0.1),.UNSPECIFIED.);
#3016=B_SPLINE_CURVE_WITH_KNOTS('',1,(#6800,#6801),.UNSPECIFIED.,.F.,.F.,
(2,2),(0.,0.157079632679491),.UNSPECIFIED.);
#3017=B_SPLINE_CURVE_WITH_KNOTS('',1,(#6802,#6803),.UNSPECIFIED.,.F.,.F.,
(2,2),(0.0999999999999999,0.9),.UNSPECIFIED.);
#3018=B_SPLINE_CURVE_WITH_KNOTS('',1,(#6807,#6808),.UNSPECIFIED.,.F.,.F.,
(2,2),(0.,0.157079632679481),.UNSPECIFIED.);
#3019=B_SPLINE_CURVE_WITH_KNOTS('',1,(#6809,#6810),.UNSPECIFIED.,.F.,.F.,
(2,2),(-0.699999999999983,-0.0999999999999934),.UNSPECIFIED.);
#3020=B_SPLINE_CURVE_WITH_KNOTS('',1,(#6814,#6815),.UNSPECIFIED.,.F.,.F.,
(2,2),(0.,0.157079632679589),.UNSPECIFIED.);
#3021=B_SPLINE_CURVE_WITH_KNOTS('',1,(#6816,#6817),.UNSPECIFIED.,.F.,.F.,
(2,2),(0.100000000000007,0.69999999999999),.UNSPECIFIED.);
#3022=B_SPLINE_CURVE_WITH_KNOTS('',1,(#6821,#6822),.UNSPECIFIED.,.F.,.F.,
(2,2),(0.,0.157079632679589),.UNSPECIFIED.);
#3023=B_SPLINE_CURVE_WITH_KNOTS('',1,(#6823,#6824),.UNSPECIFIED.,.F.,.F.,
(2,2),(-0.9,-0.1),.UNSPECIFIED.);
#3024=B_SPLINE_CURVE_WITH_KNOTS('',1,(#6828,#6829),.UNSPECIFIED.,.F.,.F.,
(2,2),(0.,0.15707963267956),.UNSPECIFIED.);
#3025=B_SPLINE_CURVE_WITH_KNOTS('',1,(#6830,#6831),.UNSPECIFIED.,.F.,.F.,
(2,2),(0.1,0.9),.UNSPECIFIED.);
#3026=B_SPLINE_CURVE_WITH_KNOTS('',1,(#6835,#6836),.UNSPECIFIED.,.F.,.F.,
(2,2),(0.,0.15707963267956),.UNSPECIFIED.);
#3027=B_SPLINE_CURVE_WITH_KNOTS('',1,(#6840,#6841),.UNSPECIFIED.,.F.,.F.,
(2,2),(-0.15707963267954,0.),.UNSPECIFIED.);
#3028=B_SPLINE_CURVE_WITH_KNOTS('',1,(#6842,#6843),.UNSPECIFIED.,.F.,.F.,
(2,2),(-1.9,-0.0999999999999951),.UNSPECIFIED.);
#3029=B_SPLINE_CURVE_WITH_KNOTS('',1,(#6847,#6848),.UNSPECIFIED.,.F.,.F.,
(2,2),(-0.15707963267954,0.),.UNSPECIFIED.);
#3030=B_SPLINE_CURVE_WITH_KNOTS('',1,(#6849,#6850),.UNSPECIFIED.,.F.,.F.,
(2,2),(0.099999999999992,1.9),.UNSPECIFIED.);
#3031=B_SPLINE_CURVE_WITH_KNOTS('',1,(#6851,#6852),.UNSPECIFIED.,.F.,.F.,
(2,2),(-0.9,-0.1),.UNSPECIFIED.);
#3032=B_SPLINE_CURVE_WITH_KNOTS('',1,(#6856,#6857),.UNSPECIFIED.,.F.,.F.,
(2,2),(0.,0.157079632679499),.UNSPECIFIED.);
#3033=B_SPLINE_CURVE_WITH_KNOTS('',1,(#6858,#6859),.UNSPECIFIED.,.F.,.F.,
(2,2),(0.1,0.9),.UNSPECIFIED.);
#3034=B_SPLINE_CURVE_WITH_KNOTS('',1,(#6863,#6864),.UNSPECIFIED.,.F.,.F.,
(2,2),(0.,0.157079632679499),.UNSPECIFIED.);
#3035=B_SPLINE_CURVE_WITH_KNOTS('',1,(#6865,#6866),.UNSPECIFIED.,.F.,.F.,
(2,2),(-1.9,-0.0999999999999976),.UNSPECIFIED.);
#3036=B_SPLINE_CURVE_WITH_KNOTS('',1,(#6870,#6871),.UNSPECIFIED.,.F.,.F.,
(2,2),(0.,0.157079632679526),.UNSPECIFIED.);
#3037=B_SPLINE_CURVE_WITH_KNOTS('',1,(#6872,#6873),.UNSPECIFIED.,.F.,.F.,
(2,2),(0.100000000000001,1.9),.UNSPECIFIED.);
#3038=B_SPLINE_CURVE_WITH_KNOTS('',1,(#6877,#6878),.UNSPECIFIED.,.F.,.F.,
(2,2),(0.,0.157079632679526),.UNSPECIFIED.);
#3039=B_SPLINE_CURVE_WITH_KNOTS('',1,(#6882,#6883),.UNSPECIFIED.,.F.,.F.,
(2,2),(-0.15707963267956,0.),.UNSPECIFIED.);
#3040=B_SPLINE_CURVE_WITH_KNOTS('',1,(#6884,#6885),.UNSPECIFIED.,.F.,.F.,
(2,2),(-0.699999999999996,-0.100000000000008),.UNSPECIFIED.);
#3041=B_SPLINE_CURVE_WITH_KNOTS('',1,(#6889,#6890),.UNSPECIFIED.,.F.,.F.,
(2,2),(-0.15707963267956,0.),.UNSPECIFIED.);
#3042=B_SPLINE_CURVE_WITH_KNOTS('',1,(#6891,#6892),.UNSPECIFIED.,.F.,.F.,
(2,2),(0.100000000000009,0.699999999999989),.UNSPECIFIED.);
#3043=B_SPLINE_CURVE_WITH_KNOTS('',1,(#6893,#6894),.UNSPECIFIED.,.F.,.F.,
(2,2),(-0.9,-0.1),.UNSPECIFIED.);
#3044=B_SPLINE_CURVE_WITH_KNOTS('',1,(#6898,#6899),.UNSPECIFIED.,.F.,.F.,
(2,2),(0.,0.157079632679495),.UNSPECIFIED.);
#3045=B_SPLINE_CURVE_WITH_KNOTS('',1,(#6900,#6901),.UNSPECIFIED.,.F.,.F.,
(2,2),(0.1,0.9),.UNSPECIFIED.);
#3046=B_SPLINE_CURVE_WITH_KNOTS('',1,(#6905,#6906),.UNSPECIFIED.,.F.,.F.,
(2,2),(0.,0.157079632679562),.UNSPECIFIED.);
#3047=B_SPLINE_CURVE_WITH_KNOTS('',1,(#6907,#6908),.UNSPECIFIED.,.F.,.F.,
(2,2),(-0.699999999999994,-0.100000000000009),.UNSPECIFIED.);
#3048=B_SPLINE_CURVE_WITH_KNOTS('',1,(#6912,#6913),.UNSPECIFIED.,.F.,.F.,
(2,2),(0.,0.15707963267956),.UNSPECIFIED.);
#3049=B_SPLINE_CURVE_WITH_KNOTS('',1,(#6914,#6915),.UNSPECIFIED.,.F.,.F.,
(2,2),(0.0999999999999946,0.699999999999996),.UNSPECIFIED.);
#3050=B_SPLINE_CURVE_WITH_KNOTS('',1,(#6919,#6920),.UNSPECIFIED.,.F.,.F.,
(2,2),(0.,0.15707963267956),.UNSPECIFIED.);
#3051=B_SPLINE_CURVE_WITH_KNOTS('',1,(#6924,#6925),.UNSPECIFIED.,.F.,.F.,
(2,2),(-0.157079632679526,0.),.UNSPECIFIED.);
#3052=B_SPLINE_CURVE_WITH_KNOTS('',1,(#6926,#6927),.UNSPECIFIED.,.F.,.F.,
(2,2),(-1.9,-0.100000000000001),.UNSPECIFIED.);
#3053=B_SPLINE_CURVE_WITH_KNOTS('',1,(#6931,#6932),.UNSPECIFIED.,.F.,.F.,
(2,2),(-0.157079632679493,0.),.UNSPECIFIED.);
#3054=B_SPLINE_CURVE_WITH_KNOTS('',1,(#6933,#6934),.UNSPECIFIED.,.F.,.F.,
(2,2),(0.100000000000006,1.89999999999999),.UNSPECIFIED.);
#3055=B_SPLINE_CURVE_WITH_KNOTS('',1,(#6935,#6936),.UNSPECIFIED.,.F.,.F.,
(2,2),(-1.89999999999999,-0.100000000000006),.UNSPECIFIED.);
#3056=B_SPLINE_CURVE_WITH_KNOTS('',1,(#6940,#6941),.UNSPECIFIED.,.F.,.F.,
(2,2),(0.,0.157079632679494),.UNSPECIFIED.);
#3057=B_SPLINE_CURVE_WITH_KNOTS('',1,(#6942,#6943),.UNSPECIFIED.,.F.,.F.,
(2,2),(0.100000000000001,1.9),.UNSPECIFIED.);
#3058=B_SPLINE_CURVE_WITH_KNOTS('',1,(#6947,#6948),.UNSPECIFIED.,.F.,.F.,
(2,2),(0.,0.157079632679481),.UNSPECIFIED.);
#3059=B_SPLINE_CURVE_WITH_KNOTS('',3,(#6949,#6950,#6951,#6952,#6953,#6954),
 .UNSPECIFIED.,.F.,.F.,(4,2,4),(0.,0.0956787005542531,0.15707963267956),
 .UNSPECIFIED.);
#3060=B_SPLINE_CURVE_WITH_KNOTS('',1,(#6955,#6956),.UNSPECIFIED.,.F.,.F.,
(2,2),(-0.157079632679493,0.),.UNSPECIFIED.);
#3061=B_SPLINE_CURVE_WITH_KNOTS('',3,(#6957,#6958,#6959,#6960,#6961,#6962),
 .UNSPECIFIED.,.F.,.F.,(4,2,4),(-0.157079632679588,-0.0956787005543518,
0.),.UNSPECIFIED.);
#3062=B_SPLINE_CURVE_WITH_KNOTS('',3,(#6963,#6964,#6965,#6966,#6967,#6968),
 .UNSPECIFIED.,.F.,.F.,(4,2,4),(-0.157079632679588,-0.0956646365821313,
0.),.UNSPECIFIED.);
#3063=B_SPLINE_CURVE_WITH_KNOTS('',3,(#6969,#6970,#6971,#6972,#6973,#6974),
 .UNSPECIFIED.,.F.,.F.,(4,2,4),(-0.15707963267954,-0.0614144319457033,0.),
 .UNSPECIFIED.);
#3064=B_SPLINE_CURVE_WITH_KNOTS('',1,(#6975,#6976),.UNSPECIFIED.,.F.,.F.,
(2,2),(0.,0.157079632679491),.UNSPECIFIED.);
#3065=B_SPLINE_CURVE_WITH_KNOTS('',1,(#6977,#6978),.UNSPECIFIED.,.F.,.F.,
(2,2),(0.,0.157079632679481),.UNSPECIFIED.);
#3066=B_SPLINE_CURVE_WITH_KNOTS('',3,(#6979,#6980,#6981,#6982,#6983,#6984),
 .UNSPECIFIED.,.F.,.F.,(4,2,4),(0.,0.0614144319456818,0.157079632679526),
 .UNSPECIFIED.);
#3067=B_SPLINE_CURVE_WITH_KNOTS('',3,(#6985,#6986,#6987,#6988,#6989,#6990),
 .UNSPECIFIED.,.F.,.F.,(4,2,4),(0.,0.0956646365820995,0.157079632679589),
 .UNSPECIFIED.);
#3068=B_SPLINE_CURVE_WITH_KNOTS('',3,(#6991,#6992,#6993,#6994,#6995,#6996),
 .UNSPECIFIED.,.F.,.F.,(4,2,4),(0.,0.0956787005543725,0.157079632679589),
 .UNSPECIFIED.);
#3069=B_SPLINE_CURVE_WITH_KNOTS('',1,(#6997,#6998),.UNSPECIFIED.,.F.,.F.,
(2,2),(0.,0.157079632679494),.UNSPECIFIED.);
#3070=B_SPLINE_CURVE_WITH_KNOTS('',3,(#6999,#7000,#7001,#7002,#7003,#7004),
 .UNSPECIFIED.,.F.,.F.,(4,2,4),(0.,0.0614009321251926,0.15707963267956),
 .UNSPECIFIED.);
#3071=B_SPLINE_CURVE_WITH_KNOTS('',3,(#7005,#7006,#7007,#7008,#7009,#7010),
 .UNSPECIFIED.,.F.,.F.,(4,2,4),(-0.15707963267954,-0.0956787005542921,0.),
 .UNSPECIFIED.);
#3072=B_SPLINE_CURVE_WITH_KNOTS('',3,(#7011,#7012,#7013,#7014,#7015,#7016),
 .UNSPECIFIED.,.F.,.F.,(4,2,4),(-0.15707963267956,-0.0614009321253077,0.),
 .UNSPECIFIED.);
#3073=B_SPLINE_CURVE_WITH_KNOTS('',1,(#7017,#7018),.UNSPECIFIED.,.F.,.F.,
(2,2),(0.,0.157079632679499),.UNSPECIFIED.);
#3074=B_SPLINE_CURVE_WITH_KNOTS('',1,(#7019,#7020),.UNSPECIFIED.,.F.,.F.,
(2,2),(0.,0.157079632679499),.UNSPECIFIED.);
#3075=B_SPLINE_CURVE_WITH_KNOTS('',3,(#7021,#7022,#7023,#7024,#7025,#7026),
 .UNSPECIFIED.,.F.,.F.,(4,2,4),(0.,0.0614009321253257,0.15707963267956),
 .UNSPECIFIED.);
#3076=B_SPLINE_CURVE_WITH_KNOTS('',3,(#7027,#7028,#7029,#7030,#7031,#7032),
 .UNSPECIFIED.,.F.,.F.,(4,2,4),(0.,0.0956787005542904,0.157079632679526),
 .UNSPECIFIED.);
#3077=B_SPLINE_CURVE_WITH_KNOTS('',3,(#7033,#7034,#7035,#7036,#7037,#7038),
 .UNSPECIFIED.,.F.,.F.,(4,2,4),(-0.15707963267956,-0.0956787005543565,0.),
 .UNSPECIFIED.);
#3078=B_SPLINE_CURVE_WITH_KNOTS('',3,(#7039,#7040,#7041,#7042,#7043,#7044),
 .UNSPECIFIED.,.F.,.F.,(4,2,4),(-0.157079632679526,-0.0614009321252742,
0.),.UNSPECIFIED.);
#3079=B_SPLINE_CURVE_WITH_KNOTS('',1,(#7045,#7046),.UNSPECIFIED.,.F.,.F.,
(2,2),(0.,0.157079632679495),.UNSPECIFIED.);
#3080=B_SPLINE_CURVE_WITH_KNOTS('',3,(#7047,#7048,#7049,#7050,#7051,#7052),
 .UNSPECIFIED.,.F.,.F.,(4,2,4),(0.,0.095678700554265,0.157079632679562),
 .UNSPECIFIED.);
#3081=B_SPLINE_CURVE_WITH_KNOTS('',1,(#7053,#7054),.UNSPECIFIED.,.F.,.F.,
(2,2),(0.,0.157079632679481),.UNSPECIFIED.);
#3082=B_SPLINE_CURVE_WITH_KNOTS('',3,(#7055,#7056,#7057,#7058,#7059,#7060),
 .UNSPECIFIED.,.F.,.F.,(4,2,4),(0.,0.0614009321251587,0.15707963267956),
 .UNSPECIFIED.);
#3083=B_SPLINE_CURVE_WITH_KNOTS('',1,(#7321,#7322),.UNSPECIFIED.,.F.,.F.,
(2,2),(-0.9,-0.1),.UNSPECIFIED.);
#3084=B_SPLINE_CURVE_WITH_KNOTS('',3,(#7323,#7324,#7325,#7326),
 .UNSPECIFIED.,.F.,.F.,(4,4),(-0.9,-0.1),.UNSPECIFIED.);
#3085=B_SPLINE_CURVE_WITH_KNOTS('',1,(#7327,#7328),.UNSPECIFIED.,.F.,.F.,
(2,2),(0.100000000000015,0.699999999999983),.UNSPECIFIED.);
#3086=B_SPLINE_CURVE_WITH_KNOTS('',3,(#7329,#7330,#7331,#7332),
 .UNSPECIFIED.,.F.,.F.,(4,4),(0.100000000000015,0.699999999999983),
 .UNSPECIFIED.);
#3087=B_SPLINE_CURVE_WITH_KNOTS('',1,(#7333,#7334),.UNSPECIFIED.,.F.,.F.,
(2,2),(-0.9,-0.1),.UNSPECIFIED.);
#3088=B_SPLINE_CURVE_WITH_KNOTS('',3,(#7335,#7336,#7337,#7338),
 .UNSPECIFIED.,.F.,.F.,(4,4),(-0.9,-0.1),.UNSPECIFIED.);
#3089=B_SPLINE_CURVE_WITH_KNOTS('',1,(#7339,#7340),.UNSPECIFIED.,.F.,.F.,
(2,2),(-0.7,-0.100000000000015),.UNSPECIFIED.);
#3090=B_SPLINE_CURVE_WITH_KNOTS('',3,(#7341,#7342,#7343,#7344),
 .UNSPECIFIED.,.F.,.F.,(4,4),(-0.7,-0.100000000000015),.UNSPECIFIED.);
#3091=B_SPLINE_CURVE_WITH_KNOTS('',1,(#7345,#7346),.UNSPECIFIED.,.F.,.F.,
(2,2),(0.1,0.9),.UNSPECIFIED.);
#3092=B_SPLINE_CURVE_WITH_KNOTS('',3,(#7347,#7348,#7349,#7350),
 .UNSPECIFIED.,.F.,.F.,(4,4),(0.1,0.9),.UNSPECIFIED.);
#3093=B_SPLINE_CURVE_WITH_KNOTS('',1,(#7351,#7352),.UNSPECIFIED.,.F.,.F.,
(2,2),(0.0999999999999881,1.9),.UNSPECIFIED.);
#3094=B_SPLINE_CURVE_WITH_KNOTS('',3,(#7353,#7354,#7355,#7356),
 .UNSPECIFIED.,.F.,.F.,(4,4),(0.0999999999999881,1.9),.UNSPECIFIED.);
#3095=B_SPLINE_CURVE_WITH_KNOTS('',1,(#7357,#7358),.UNSPECIFIED.,.F.,.F.,
(2,2),(-0.9,-0.1),.UNSPECIFIED.);
#3096=B_SPLINE_CURVE_WITH_KNOTS('',3,(#7359,#7360,#7361,#7362),
 .UNSPECIFIED.,.F.,.F.,(4,4),(-0.9,-0.1),.UNSPECIFIED.);
#3097=B_SPLINE_CURVE_WITH_KNOTS('',1,(#7363,#7364),.UNSPECIFIED.,.F.,.F.,
(2,2),(-1.89999999999999,-0.0999999999999995),.UNSPECIFIED.);
#3098=B_SPLINE_CURVE_WITH_KNOTS('',3,(#7365,#7366,#7367,#7368),
 .UNSPECIFIED.,.F.,.F.,(4,4),(-1.89999999999999,-0.0999999999999995),
 .UNSPECIFIED.);
#3099=B_SPLINE_CURVE_WITH_KNOTS('',1,(#7369,#7370),.UNSPECIFIED.,.F.,.F.,
(2,2),(0.0999999999999877,0.700000000000009),.UNSPECIFIED.);
#3100=B_SPLINE_CURVE_WITH_KNOTS('',3,(#7371,#7372,#7373,#7374),
 .UNSPECIFIED.,.F.,.F.,(4,4),(0.0999999999999877,0.700000000000009),
 .UNSPECIFIED.);
#3101=B_SPLINE_CURVE_WITH_KNOTS('',1,(#7375,#7376),.UNSPECIFIED.,.F.,.F.,
(2,2),(-0.9,-0.1),.UNSPECIFIED.);
#3102=B_SPLINE_CURVE_WITH_KNOTS('',3,(#7377,#7378,#7379,#7380),
 .UNSPECIFIED.,.F.,.F.,(4,4),(-0.9,-0.1),.UNSPECIFIED.);
#3103=B_SPLINE_CURVE_WITH_KNOTS('',1,(#7381,#7382),.UNSPECIFIED.,.F.,.F.,
(2,2),(-0.700000000000009,-0.099999999999993),.UNSPECIFIED.);
#3104=B_SPLINE_CURVE_WITH_KNOTS('',3,(#7383,#7384,#7385,#7386),
 .UNSPECIFIED.,.F.,.F.,(4,4),(-0.700000000000009,-0.099999999999993),
 .UNSPECIFIED.);
#3105=B_SPLINE_CURVE_WITH_KNOTS('',1,(#7387,#7388),.UNSPECIFIED.,.F.,.F.,
(2,2),(0.0999999999999999,0.9),.UNSPECIFIED.);
#3106=B_SPLINE_CURVE_WITH_KNOTS('',3,(#7389,#7390,#7391,#7392),
 .UNSPECIFIED.,.F.,.F.,(4,4),(0.0999999999999999,0.9),.UNSPECIFIED.);
#3107=B_SPLINE_CURVE_WITH_KNOTS('',1,(#7393,#7394),.UNSPECIFIED.,.F.,.F.,
(2,2),(0.1,0.9),.UNSPECIFIED.);
#3108=B_SPLINE_CURVE_WITH_KNOTS('',3,(#7395,#7396,#7397,#7398),
 .UNSPECIFIED.,.F.,.F.,(4,4),(0.1,0.9),.UNSPECIFIED.);
#3109=B_SPLINE_CURVE_WITH_KNOTS('',1,(#7399,#7400),.UNSPECIFIED.,.F.,.F.,
(2,2),(0.10000000000001,1.9),.UNSPECIFIED.);
#3110=B_SPLINE_CURVE_WITH_KNOTS('',3,(#7401,#7402,#7403,#7404),
 .UNSPECIFIED.,.F.,.F.,(4,4),(0.10000000000001,1.9),.UNSPECIFIED.);
#3111=B_SPLINE_CURVE_WITH_KNOTS('',1,(#7405,#7406),.UNSPECIFIED.,.F.,.F.,
(2,2),(0.1,0.9),.UNSPECIFIED.);
#3112=B_SPLINE_CURVE_WITH_KNOTS('',3,(#7407,#7408,#7409,#7410),
 .UNSPECIFIED.,.F.,.F.,(4,4),(0.1,0.9),.UNSPECIFIED.);
#3113=B_SPLINE_CURVE_WITH_KNOTS('',1,(#7411,#7412),.UNSPECIFIED.,.F.,.F.,
(2,2),(-1.9,-0.10000000000001),.UNSPECIFIED.);
#3114=B_SPLINE_CURVE_WITH_KNOTS('',3,(#7413,#7414,#7415,#7416),
 .UNSPECIFIED.,.F.,.F.,(4,4),(-1.9,-0.10000000000001),.UNSPECIFIED.);
#3115=B_SPLINE_CURVE_WITH_KNOTS('',1,(#7417,#7418),.UNSPECIFIED.,.F.,.F.,
(2,2),(-0.699999999999995,-0.100000000000002),.UNSPECIFIED.);
#3116=B_SPLINE_CURVE_WITH_KNOTS('',3,(#7419,#7420,#7421,#7422),
 .UNSPECIFIED.,.F.,.F.,(4,4),(-0.699999999999995,-0.100000000000002),
 .UNSPECIFIED.);
#3117=B_SPLINE_CURVE_WITH_KNOTS('',1,(#7423,#7424),.UNSPECIFIED.,.F.,.F.,
(2,2),(-1.9,-0.100000000000003),.UNSPECIFIED.);
#3118=B_SPLINE_CURVE_WITH_KNOTS('',3,(#7425,#7426,#7427,#7428),
 .UNSPECIFIED.,.F.,.F.,(4,4),(-1.9,-0.100000000000003),.UNSPECIFIED.);
#3119=B_SPLINE_CURVE_WITH_KNOTS('',1,(#7429,#7430),.UNSPECIFIED.,.F.,.F.,
(2,2),(-0.699999999999989,-0.0999999999999938),.UNSPECIFIED.);
#3120=B_SPLINE_CURVE_WITH_KNOTS('',3,(#7431,#7432,#7433,#7434),
 .UNSPECIFIED.,.F.,.F.,(4,4),(-0.699999999999989,-0.0999999999999938),
 .UNSPECIFIED.);
#3121=B_SPLINE_CURVE_WITH_KNOTS('',1,(#7435,#7436),.UNSPECIFIED.,.F.,.F.,
(2,2),(-1.89999999999999,-0.100000000000001),.UNSPECIFIED.);
#3122=B_SPLINE_CURVE_WITH_KNOTS('',3,(#7437,#7438,#7439,#7440),
 .UNSPECIFIED.,.F.,.F.,(4,4),(-1.89999999999999,-0.100000000000001),
 .UNSPECIFIED.);
#3123=B_SPLINE_CURVE_WITH_KNOTS('',1,(#7441,#7442),.UNSPECIFIED.,.F.,.F.,
(2,2),(0.100000000000007,1.9),.UNSPECIFIED.);
#3124=B_SPLINE_CURVE_WITH_KNOTS('',3,(#7443,#7444,#7445,#7446),
 .UNSPECIFIED.,.F.,.F.,(4,4),(0.100000000000007,1.9),.UNSPECIFIED.);
#3125=B_SPLINE_CURVE_WITH_KNOTS('',1,(#7447,#7448),.UNSPECIFIED.,.F.,.F.,
(2,2),(0.100000000000001,0.700000000000003),.UNSPECIFIED.);
#3126=B_SPLINE_CURVE_WITH_KNOTS('',3,(#7449,#7450,#7451,#7452),
 .UNSPECIFIED.,.F.,.F.,(4,4),(0.100000000000001,0.700000000000003),
 .UNSPECIFIED.);
#3127=B_SPLINE_CURVE_WITH_KNOTS('',1,(#7453,#7454),.UNSPECIFIED.,.F.,.F.,
(2,2),(0.100000000000008,1.9),.UNSPECIFIED.);
#3128=B_SPLINE_CURVE_WITH_KNOTS('',3,(#7455,#7456,#7457,#7458),
 .UNSPECIFIED.,.F.,.F.,(4,4),(0.100000000000008,1.9),.UNSPECIFIED.);
#3129=B_SPLINE_CURVE_WITH_KNOTS('',1,(#7459,#7460),.UNSPECIFIED.,.F.,.F.,
(2,2),(0.0999999999999943,0.699999999999996),.UNSPECIFIED.);
#3130=B_SPLINE_CURVE_WITH_KNOTS('',3,(#7461,#7462,#7463,#7464),
 .UNSPECIFIED.,.F.,.F.,(4,4),(0.0999999999999943,0.699999999999996),
 .UNSPECIFIED.);
#3131=B_SPLINE_CURVE_WITH_KNOTS('',1,(#7468,#7469),.UNSPECIFIED.,.F.,.F.,
(2,2),(-0.15707963267956,0.),.UNSPECIFIED.);
#3132=B_SPLINE_CURVE_WITH_KNOTS('',1,(#7470,#7471),.UNSPECIFIED.,.F.,.F.,
(2,2),(-0.699999999999989,-0.0999999999999938),.UNSPECIFIED.);
#3133=B_SPLINE_CURVE_WITH_KNOTS('',1,(#7475,#7476),.UNSPECIFIED.,.F.,.F.,
(2,2),(0.,0.157079632679495),.UNSPECIFIED.);
#3134=B_SPLINE_CURVE_WITH_KNOTS('',1,(#7477,#7478),.UNSPECIFIED.,.F.,.F.,
(2,2),(0.100000000000015,0.699999999999983),.UNSPECIFIED.);
#3135=B_SPLINE_CURVE_WITH_KNOTS('',1,(#7479,#7480),.UNSPECIFIED.,.F.,.F.,
(2,2),(-0.9,-0.1),.UNSPECIFIED.);
#3136=B_SPLINE_CURVE_WITH_KNOTS('',1,(#7484,#7485),.UNSPECIFIED.,.F.,.F.,
(2,2),(0.,0.157079632679583),.UNSPECIFIED.);
#3137=B_SPLINE_CURVE_WITH_KNOTS('',1,(#7486,#7487),.UNSPECIFIED.,.F.,.F.,
(2,2),(0.1,0.9),.UNSPECIFIED.);
#3138=B_SPLINE_CURVE_WITH_KNOTS('',1,(#7491,#7492),.UNSPECIFIED.,.F.,.F.,
(2,2),(0.,0.157079632679502),.UNSPECIFIED.);
#3139=B_SPLINE_CURVE_WITH_KNOTS('',1,(#7493,#7494),.UNSPECIFIED.,.F.,.F.,
(2,2),(-0.7,-0.100000000000015),.UNSPECIFIED.);
#3140=B_SPLINE_CURVE_WITH_KNOTS('',1,(#7498,#7499),.UNSPECIFIED.,.F.,.F.,
(2,2),(0.,0.157079632679574),.UNSPECIFIED.);
#3141=B_SPLINE_CURVE_WITH_KNOTS('',1,(#7500,#7501),.UNSPECIFIED.,.F.,.F.,
(2,2),(0.0999999999999943,0.699999999999996),.UNSPECIFIED.);
#3142=B_SPLINE_CURVE_WITH_KNOTS('',1,(#7505,#7506),.UNSPECIFIED.,.F.,.F.,
(2,2),(0.,0.157079632679574),.UNSPECIFIED.);
#3143=B_SPLINE_CURVE_WITH_KNOTS('',1,(#7507,#7508),.UNSPECIFIED.,.F.,.F.,
(2,2),(-0.9,-0.1),.UNSPECIFIED.);
#3144=B_SPLINE_CURVE_WITH_KNOTS('',1,(#7512,#7513),.UNSPECIFIED.,.F.,.F.,
(2,2),(0.,0.15707963267956),.UNSPECIFIED.);
#3145=B_SPLINE_CURVE_WITH_KNOTS('',1,(#7514,#7515),.UNSPECIFIED.,.F.,.F.,
(2,2),(0.1,0.9),.UNSPECIFIED.);
#3146=B_SPLINE_CURVE_WITH_KNOTS('',1,(#7519,#7520),.UNSPECIFIED.,.F.,.F.,
(2,2),(-0.157079632679516,0.),.UNSPECIFIED.);
#3147=B_SPLINE_CURVE_WITH_KNOTS('',1,(#7524,#7525),.UNSPECIFIED.,.F.,.F.,
(2,2),(-0.157079632679526,0.),.UNSPECIFIED.);
#3148=B_SPLINE_CURVE_WITH_KNOTS('',1,(#7526,#7527),.UNSPECIFIED.,.F.,.F.,
(2,2),(-1.9,-0.100000000000003),.UNSPECIFIED.);
#3149=B_SPLINE_CURVE_WITH_KNOTS('',1,(#7531,#7532),.UNSPECIFIED.,.F.,.F.,
(2,2),(-0.157079632679526,0.),.UNSPECIFIED.);
#3150=B_SPLINE_CURVE_WITH_KNOTS('',1,(#7533,#7534),.UNSPECIFIED.,.F.,.F.,
(2,2),(0.0999999999999881,1.9),.UNSPECIFIED.);
#3151=B_SPLINE_CURVE_WITH_KNOTS('',1,(#7535,#7536),.UNSPECIFIED.,.F.,.F.,
(2,2),(-0.9,-0.1),.UNSPECIFIED.);
#3152=B_SPLINE_CURVE_WITH_KNOTS('',1,(#7540,#7541),.UNSPECIFIED.,.F.,.F.,
(2,2),(0.,0.157079632679478),.UNSPECIFIED.);
#3153=B_SPLINE_CURVE_WITH_KNOTS('',1,(#7542,#7543),.UNSPECIFIED.,.F.,.F.,
(2,2),(0.0999999999999999,0.9),.UNSPECIFIED.);
#3154=B_SPLINE_CURVE_WITH_KNOTS('',1,(#7547,#7548),.UNSPECIFIED.,.F.,.F.,
(2,2),(0.,0.157079632679502),.UNSPECIFIED.);
#3155=B_SPLINE_CURVE_WITH_KNOTS('',1,(#7549,#7550),.UNSPECIFIED.,.F.,.F.,
(2,2),(-1.89999999999999,-0.0999999999999995),.UNSPECIFIED.);
#3156=B_SPLINE_CURVE_WITH_KNOTS('',1,(#7554,#7555),.UNSPECIFIED.,.F.,.F.,
(2,2),(0.,0.157079632679526),.UNSPECIFIED.);
#3157=B_SPLINE_CURVE_WITH_KNOTS('',1,(#7556,#7557),.UNSPECIFIED.,.F.,.F.,
(2,2),(0.100000000000007,1.9),.UNSPECIFIED.);
#3158=B_SPLINE_CURVE_WITH_KNOTS('',1,(#7561,#7562),.UNSPECIFIED.,.F.,.F.,
(2,2),(0.,0.157079632679526),.UNSPECIFIED.);
#3159=B_SPLINE_CURVE_WITH_KNOTS('',1,(#7566,#7567),.UNSPECIFIED.,.F.,.F.,
(2,2),(-0.157079632679526,0.),.UNSPECIFIED.);
#3160=B_SPLINE_CURVE_WITH_KNOTS('',1,(#7568,#7569),.UNSPECIFIED.,.F.,.F.,
(2,2),(-0.699999999999995,-0.100000000000002),.UNSPECIFIED.);
#3161=B_SPLINE_CURVE_WITH_KNOTS('',1,(#7573,#7574),.UNSPECIFIED.,.F.,.F.,
(2,2),(-0.157079632679526,0.),.UNSPECIFIED.);
#3162=B_SPLINE_CURVE_WITH_KNOTS('',1,(#7575,#7576),.UNSPECIFIED.,.F.,.F.,
(2,2),(0.0999999999999877,0.700000000000009),.UNSPECIFIED.);
#3163=B_SPLINE_CURVE_WITH_KNOTS('',1,(#7577,#7578),.UNSPECIFIED.,.F.,.F.,
(2,2),(-0.9,-0.1),.UNSPECIFIED.);
#3164=B_SPLINE_CURVE_WITH_KNOTS('',1,(#7582,#7583),.UNSPECIFIED.,.F.,.F.,
(2,2),(0.,0.157079632679486),.UNSPECIFIED.);
#3165=B_SPLINE_CURVE_WITH_KNOTS('',1,(#7584,#7585),.UNSPECIFIED.,.F.,.F.,
(2,2),(0.1,0.9),.UNSPECIFIED.);
#3166=B_SPLINE_CURVE_WITH_KNOTS('',1,(#7589,#7590),.UNSPECIFIED.,.F.,.F.,
(2,2),(0.,0.157079632679625),.UNSPECIFIED.);
#3167=B_SPLINE_CURVE_WITH_KNOTS('',1,(#7591,#7592),.UNSPECIFIED.,.F.,.F.,
(2,2),(-0.700000000000009,-0.099999999999993),.UNSPECIFIED.);
#3168=B_SPLINE_CURVE_WITH_KNOTS('',1,(#7596,#7597),.UNSPECIFIED.,.F.,.F.,
(2,2),(0.,0.157079632679491),.UNSPECIFIED.);
#3169=B_SPLINE_CURVE_WITH_KNOTS('',1,(#7598,#7599),.UNSPECIFIED.,.F.,.F.,
(2,2),(0.100000000000001,0.700000000000003),.UNSPECIFIED.);
#3170=B_SPLINE_CURVE_WITH_KNOTS('',1,(#7603,#7604),.UNSPECIFIED.,.F.,.F.,
(2,2),(0.,0.157079632679541),.UNSPECIFIED.);
#3171=B_SPLINE_CURVE_WITH_KNOTS('',1,(#7608,#7609),.UNSPECIFIED.,.F.,.F.,
(2,2),(-0.15707963267956,0.),.UNSPECIFIED.);
#3172=B_SPLINE_CURVE_WITH_KNOTS('',1,(#7610,#7611),.UNSPECIFIED.,.F.,.F.,
(2,2),(-1.89999999999999,-0.100000000000001),.UNSPECIFIED.);
#3173=B_SPLINE_CURVE_WITH_KNOTS('',1,(#7615,#7616),.UNSPECIFIED.,.F.,.F.,
(2,2),(-0.15707963267956,0.),.UNSPECIFIED.);
#3174=B_SPLINE_CURVE_WITH_KNOTS('',1,(#7617,#7618),.UNSPECIFIED.,.F.,.F.,
(2,2),(0.10000000000001,1.9),.UNSPECIFIED.);
#3175=B_SPLINE_CURVE_WITH_KNOTS('',1,(#7619,#7620),.UNSPECIFIED.,.F.,.F.,
(2,2),(-1.9,-0.10000000000001),.UNSPECIFIED.);
#3176=B_SPLINE_CURVE_WITH_KNOTS('',1,(#7624,#7625),.UNSPECIFIED.,.F.,.F.,
(2,2),(0.,0.157079632679474),.UNSPECIFIED.);
#3177=B_SPLINE_CURVE_WITH_KNOTS('',1,(#7626,#7627),.UNSPECIFIED.,.F.,.F.,
(2,2),(0.100000000000008,1.9),.UNSPECIFIED.);
#3178=B_SPLINE_CURVE_WITH_KNOTS('',1,(#7631,#7632),.UNSPECIFIED.,.F.,.F.,
(2,2),(0.,0.15707963267954),.UNSPECIFIED.);
#3179=B_SPLINE_CURVE_WITH_KNOTS('',1,(#7633,#7634),.UNSPECIFIED.,.F.,.F.,
(2,2),(-0.157079632679516,0.),.UNSPECIFIED.);
#3180=B_SPLINE_CURVE_WITH_KNOTS('',3,(#7635,#7636,#7637,#7638,#7639,#7640),
 .UNSPECIFIED.,.F.,.F.,(4,2,4),(-0.15707963267956,-0.0956646365821108,0.),
 .UNSPECIFIED.);
#3181=B_SPLINE_CURVE_WITH_KNOTS('',3,(#7641,#7642,#7643,#7644,#7645,#7646),
 .UNSPECIFIED.,.F.,.F.,(4,2,4),(-0.15707963267956,-0.0614144319457184,0.),
 .UNSPECIFIED.);
#3182=B_SPLINE_CURVE_WITH_KNOTS('',1,(#7647,#7648),.UNSPECIFIED.,.F.,.F.,
(2,2),(0.,0.157079632679495),.UNSPECIFIED.);
#3183=B_SPLINE_CURVE_WITH_KNOTS('',3,(#7649,#7650,#7651,#7652,#7653,#7654),
 .UNSPECIFIED.,.F.,.F.,(4,2,4),(-0.157079632679526,-0.0956787005542819,
0.),.UNSPECIFIED.);
#3184=B_SPLINE_CURVE_WITH_KNOTS('',3,(#7655,#7656,#7657,#7658,#7659,#7660),
 .UNSPECIFIED.,.F.,.F.,(4,2,4),(0.,0.0956787005543928,0.157079632679583),
 .UNSPECIFIED.);
#3185=B_SPLINE_CURVE_WITH_KNOTS('',1,(#7661,#7662),.UNSPECIFIED.,.F.,.F.,
(2,2),(0.,0.157079632679502),.UNSPECIFIED.);
#3186=B_SPLINE_CURVE_WITH_KNOTS('',3,(#7663,#7664,#7665,#7666,#7667,#7668),
 .UNSPECIFIED.,.F.,.F.,(4,2,4),(0.,0.0614009321252765,0.157079632679526),
 .UNSPECIFIED.);
#3187=B_SPLINE_CURVE_WITH_KNOTS('',3,(#7669,#7670,#7671,#7672,#7673,#7674),
 .UNSPECIFIED.,.F.,.F.,(4,2,4),(0.,0.0956787005544006,0.157079632679574),
 .UNSPECIFIED.);
#3188=B_SPLINE_CURVE_WITH_KNOTS('',3,(#7675,#7676,#7677,#7678,#7679,#7680),
 .UNSPECIFIED.,.F.,.F.,(4,2,4),(0.,0.0956787005542234,0.157079632679574),
 .UNSPECIFIED.);
#3189=B_SPLINE_CURVE_WITH_KNOTS('',1,(#7681,#7682),.UNSPECIFIED.,.F.,.F.,
(2,2),(0.,0.157079632679474),.UNSPECIFIED.);
#3190=B_SPLINE_CURVE_WITH_KNOTS('',3,(#7683,#7684,#7685,#7686,#7687,#7688),
 .UNSPECIFIED.,.F.,.F.,(4,2,4),(0.,0.06140093212527,0.15707963267956),
 .UNSPECIFIED.);
#3191=B_SPLINE_CURVE_WITH_KNOTS('',3,(#7689,#7690,#7691,#7692,#7693,#7694),
 .UNSPECIFIED.,.F.,.F.,(4,2,4),(-0.157079632679526,-0.095678700554298,0.),
 .UNSPECIFIED.);
#3192=B_SPLINE_CURVE_WITH_KNOTS('',3,(#7695,#7696,#7697,#7698,#7699,#7700),
 .UNSPECIFIED.,.F.,.F.,(4,2,4),(-0.157079632679526,-0.0614009321252353,
0.),.UNSPECIFIED.);
#3193=B_SPLINE_CURVE_WITH_KNOTS('',1,(#7701,#7702),.UNSPECIFIED.,.F.,.F.,
(2,2),(0.,0.157079632679478),.UNSPECIFIED.);
#3194=B_SPLINE_CURVE_WITH_KNOTS('',1,(#7703,#7704),.UNSPECIFIED.,.F.,.F.,
(2,2),(0.,0.157079632679502),.UNSPECIFIED.);
#3195=B_SPLINE_CURVE_WITH_KNOTS('',3,(#7705,#7706,#7707,#7708,#7709,#7710),
 .UNSPECIFIED.,.F.,.F.,(4,2,4),(0.,0.0614144319457124,0.157079632679541),
 .UNSPECIFIED.);
#3196=B_SPLINE_CURVE_WITH_KNOTS('',3,(#7711,#7712,#7713,#7714,#7715,#7716),
 .UNSPECIFIED.,.F.,.F.,(4,2,4),(0.,0.0956646365821381,0.157079632679526),
 .UNSPECIFIED.);
#3197=B_SPLINE_CURVE_WITH_KNOTS('',3,(#7717,#7718,#7719,#7720,#7721,#7722),
 .UNSPECIFIED.,.F.,.F.,(4,2,4),(-0.157079632679526,-0.0956787005542885,
0.),.UNSPECIFIED.);
#3198=B_SPLINE_CURVE_WITH_KNOTS('',3,(#7723,#7724,#7725,#7726,#7727,#7728),
 .UNSPECIFIED.,.F.,.F.,(4,2,4),(-0.15707963267956,-0.0614009321252191,0.),
 .UNSPECIFIED.);
#3199=B_SPLINE_CURVE_WITH_KNOTS('',1,(#7729,#7730),.UNSPECIFIED.,.F.,.F.,
(2,2),(0.,0.157079632679486),.UNSPECIFIED.);
#3200=B_SPLINE_CURVE_WITH_KNOTS('',3,(#7731,#7732,#7733,#7734,#7735,#7736),
 .UNSPECIFIED.,.F.,.F.,(4,2,4),(0.,0.0614009321252738,0.157079632679625),
 .UNSPECIFIED.);
#3201=B_SPLINE_CURVE_WITH_KNOTS('',3,(#7737,#7738,#7739,#7740,#7741,#7742),
 .UNSPECIFIED.,.F.,.F.,(4,2,4),(0.,0.0956787005543261,0.15707963267954),
 .UNSPECIFIED.);
#3202=B_SPLINE_CURVE_WITH_KNOTS('',1,(#7743,#7744),.UNSPECIFIED.,.F.,.F.,
(2,2),(0.,0.157079632679491),.UNSPECIFIED.);
#3203=B_SPLINE_CURVE_WITH_KNOTS('',1,(#7995,#7996),.UNSPECIFIED.,.F.,.F.,
(2,2),(-0.9,-0.1),.UNSPECIFIED.);
#3204=B_SPLINE_CURVE_WITH_KNOTS('',3,(#7997,#7998,#7999,#8000),
 .UNSPECIFIED.,.F.,.F.,(4,4),(-0.9,-0.1),.UNSPECIFIED.);
#3205=B_SPLINE_CURVE_WITH_KNOTS('',1,(#8001,#8002),.UNSPECIFIED.,.F.,.F.,
(2,2),(0.10000000000001,1.9),.UNSPECIFIED.);
#3206=B_SPLINE_CURVE_WITH_KNOTS('',3,(#8003,#8004,#8005,#8006),
 .UNSPECIFIED.,.F.,.F.,(4,4),(0.10000000000001,1.9),.UNSPECIFIED.);
#3207=B_SPLINE_CURVE_WITH_KNOTS('',1,(#8007,#8008),.UNSPECIFIED.,.F.,.F.,
(2,2),(-0.9,-0.1),.UNSPECIFIED.);
#3208=B_SPLINE_CURVE_WITH_KNOTS('',3,(#8009,#8010,#8011,#8012),
 .UNSPECIFIED.,.F.,.F.,(4,4),(-0.9,-0.1),.UNSPECIFIED.);
#3209=B_SPLINE_CURVE_WITH_KNOTS('',1,(#8013,#8014),.UNSPECIFIED.,.F.,.F.,
(2,2),(-1.9,-0.10000000000001),.UNSPECIFIED.);
#3210=B_SPLINE_CURVE_WITH_KNOTS('',3,(#8015,#8016,#8017,#8018),
 .UNSPECIFIED.,.F.,.F.,(4,4),(-1.9,-0.10000000000001),.UNSPECIFIED.);
#3211=B_SPLINE_CURVE_WITH_KNOTS('',1,(#8019,#8020),.UNSPECIFIED.,.F.,.F.,
(2,2),(0.1,0.9),.UNSPECIFIED.);
#3212=B_SPLINE_CURVE_WITH_KNOTS('',3,(#8021,#8022,#8023,#8024),
 .UNSPECIFIED.,.F.,.F.,(4,4),(0.1,0.9),.UNSPECIFIED.);
#3213=B_SPLINE_CURVE_WITH_KNOTS('',1,(#8025,#8026),.UNSPECIFIED.,.F.,.F.,
(2,2),(0.100000000000001,0.700000000000008),.UNSPECIFIED.);
#3214=B_SPLINE_CURVE_WITH_KNOTS('',3,(#8027,#8028,#8029,#8030),
 .UNSPECIFIED.,.F.,.F.,(4,4),(0.100000000000001,0.700000000000008),
 .UNSPECIFIED.);
#3215=B_SPLINE_CURVE_WITH_KNOTS('',1,(#8031,#8032),.UNSPECIFIED.,.F.,.F.,
(2,2),(-0.9,-0.1),.UNSPECIFIED.);
#3216=B_SPLINE_CURVE_WITH_KNOTS('',3,(#8033,#8034,#8035,#8036),
 .UNSPECIFIED.,.F.,.F.,(4,4),(-0.9,-0.1),.UNSPECIFIED.);
#3217=B_SPLINE_CURVE_WITH_KNOTS('',1,(#8037,#8038),.UNSPECIFIED.,.F.,.F.,
(2,2),(-0.699999999999997,-0.100000000000001),.UNSPECIFIED.);
#3218=B_SPLINE_CURVE_WITH_KNOTS('',3,(#8039,#8040,#8041,#8042),
 .UNSPECIFIED.,.F.,.F.,(4,4),(-0.699999999999997,-0.100000000000001),
 .UNSPECIFIED.);
#3219=B_SPLINE_CURVE_WITH_KNOTS('',1,(#8043,#8044),.UNSPECIFIED.,.F.,.F.,
(2,2),(0.100000000000001,1.89999999999999),.UNSPECIFIED.);
#3220=B_SPLINE_CURVE_WITH_KNOTS('',3,(#8045,#8046,#8047,#8048),
 .UNSPECIFIED.,.F.,.F.,(4,4),(0.100000000000001,1.89999999999999),
 .UNSPECIFIED.);
#3221=B_SPLINE_CURVE_WITH_KNOTS('',1,(#8049,#8050),.UNSPECIFIED.,.F.,.F.,
(2,2),(-0.899999999999999,-0.1),.UNSPECIFIED.);
#3222=B_SPLINE_CURVE_WITH_KNOTS('',3,(#8051,#8052,#8053,#8054),
 .UNSPECIFIED.,.F.,.F.,(4,4),(-0.899999999999999,-0.1),.UNSPECIFIED.);
#3223=B_SPLINE_CURVE_WITH_KNOTS('',1,(#8055,#8056),.UNSPECIFIED.,.F.,.F.,
(2,2),(-1.89999999999999,-0.100000000000007),.UNSPECIFIED.);
#3224=B_SPLINE_CURVE_WITH_KNOTS('',3,(#8057,#8058,#8059,#8060),
 .UNSPECIFIED.,.F.,.F.,(4,4),(-1.89999999999999,-0.100000000000007),
 .UNSPECIFIED.);
#3225=B_SPLINE_CURVE_WITH_KNOTS('',1,(#8061,#8062),.UNSPECIFIED.,.F.,.F.,
(2,2),(0.1,0.899999999999999),.UNSPECIFIED.);
#3226=B_SPLINE_CURVE_WITH_KNOTS('',3,(#8063,#8064,#8065,#8066),
 .UNSPECIFIED.,.F.,.F.,(4,4),(0.1,0.899999999999999),.UNSPECIFIED.);
#3227=B_SPLINE_CURVE_WITH_KNOTS('',1,(#8067,#8068),.UNSPECIFIED.,.F.,.F.,
(2,2),(0.1,0.899999999999999),.UNSPECIFIED.);
#3228=B_SPLINE_CURVE_WITH_KNOTS('',3,(#8069,#8070,#8071,#8072),
 .UNSPECIFIED.,.F.,.F.,(4,4),(0.1,0.899999999999999),.UNSPECIFIED.);
#3229=B_SPLINE_CURVE_WITH_KNOTS('',1,(#8073,#8074),.UNSPECIFIED.,.F.,.F.,
(2,2),(0.100000000000002,0.700000000000003),.UNSPECIFIED.);
#3230=B_SPLINE_CURVE_WITH_KNOTS('',3,(#8075,#8076,#8077,#8078),
 .UNSPECIFIED.,.F.,.F.,(4,4),(0.100000000000002,0.700000000000003),
 .UNSPECIFIED.);
#3231=B_SPLINE_CURVE_WITH_KNOTS('',1,(#8079,#8080),.UNSPECIFIED.,.F.,.F.,
(2,2),(0.1,0.9),.UNSPECIFIED.);
#3232=B_SPLINE_CURVE_WITH_KNOTS('',3,(#8081,#8082,#8083,#8084),
 .UNSPECIFIED.,.F.,.F.,(4,4),(0.1,0.9),.UNSPECIFIED.);
#3233=B_SPLINE_CURVE_WITH_KNOTS('',1,(#8085,#8086),.UNSPECIFIED.,.F.,.F.,
(2,2),(-0.700000000000002,-0.0999999999999952),.UNSPECIFIED.);
#3234=B_SPLINE_CURVE_WITH_KNOTS('',3,(#8087,#8088,#8089,#8090),
 .UNSPECIFIED.,.F.,.F.,(4,4),(-0.700000000000002,-0.0999999999999952),
 .UNSPECIFIED.);
#3235=B_SPLINE_CURVE_WITH_KNOTS('',1,(#8091,#8092),.UNSPECIFIED.,.F.,.F.,
(2,2),(-1.9,-0.100000000000001),.UNSPECIFIED.);
#3236=B_SPLINE_CURVE_WITH_KNOTS('',3,(#8093,#8094,#8095,#8096),
 .UNSPECIFIED.,.F.,.F.,(4,4),(-1.9,-0.100000000000001),.UNSPECIFIED.);
#3237=B_SPLINE_CURVE_WITH_KNOTS('',1,(#8097,#8098),.UNSPECIFIED.,.F.,.F.,
(2,2),(-0.699999999999996,-0.100000000000001),.UNSPECIFIED.);
#3238=B_SPLINE_CURVE_WITH_KNOTS('',3,(#8099,#8100,#8101,#8102),
 .UNSPECIFIED.,.F.,.F.,(4,4),(-0.699999999999996,-0.100000000000001),
 .UNSPECIFIED.);
#3239=B_SPLINE_CURVE_WITH_KNOTS('',1,(#8103,#8104),.UNSPECIFIED.,.F.,.F.,
(2,2),(-1.9,-0.100000000000007),.UNSPECIFIED.);
#3240=B_SPLINE_CURVE_WITH_KNOTS('',3,(#8105,#8106,#8107,#8108),
 .UNSPECIFIED.,.F.,.F.,(4,4),(-1.9,-0.100000000000007),.UNSPECIFIED.);
#3241=B_SPLINE_CURVE_WITH_KNOTS('',1,(#8109,#8110),.UNSPECIFIED.,.F.,.F.,
(2,2),(-0.700000000000001,-0.100000000000002),.UNSPECIFIED.);
#3242=B_SPLINE_CURVE_WITH_KNOTS('',3,(#8111,#8112,#8113,#8114),
 .UNSPECIFIED.,.F.,.F.,(4,4),(-0.700000000000001,-0.100000000000002),
 .UNSPECIFIED.);
#3243=B_SPLINE_CURVE_WITH_KNOTS('',1,(#8115,#8116),.UNSPECIFIED.,.F.,.F.,
(2,2),(0.0999999999999947,0.699999999999989),.UNSPECIFIED.);
#3244=B_SPLINE_CURVE_WITH_KNOTS('',3,(#8117,#8118,#8119,#8120),
 .UNSPECIFIED.,.F.,.F.,(4,4),(0.0999999999999947,0.699999999999989),
 .UNSPECIFIED.);
#3245=B_SPLINE_CURVE_WITH_KNOTS('',1,(#8121,#8122),.UNSPECIFIED.,.F.,.F.,
(2,2),(0.100000000000001,1.9),.UNSPECIFIED.);
#3246=B_SPLINE_CURVE_WITH_KNOTS('',3,(#8123,#8124,#8125,#8126),
 .UNSPECIFIED.,.F.,.F.,(4,4),(0.100000000000001,1.9),.UNSPECIFIED.);
#3247=B_SPLINE_CURVE_WITH_KNOTS('',1,(#8127,#8128),.UNSPECIFIED.,.F.,.F.,
(2,2),(0.100000000000002,0.699999999999996),.UNSPECIFIED.);
#3248=B_SPLINE_CURVE_WITH_KNOTS('',3,(#8129,#8130,#8131,#8132),
 .UNSPECIFIED.,.F.,.F.,(4,4),(0.100000000000002,0.699999999999996),
 .UNSPECIFIED.);
#3249=B_SPLINE_CURVE_WITH_KNOTS('',1,(#8133,#8134),.UNSPECIFIED.,.F.,.F.,
(2,2),(0.100000000000001,1.9),.UNSPECIFIED.);
#3250=B_SPLINE_CURVE_WITH_KNOTS('',3,(#8135,#8136,#8137,#8138),
 .UNSPECIFIED.,.F.,.F.,(4,4),(0.100000000000001,1.9),.UNSPECIFIED.);
#3251=B_SPLINE_CURVE_WITH_KNOTS('',1,(#8142,#8143),.UNSPECIFIED.,.F.,.F.,
(2,2),(-0.157079632679526,0.),.UNSPECIFIED.);
#3252=B_SPLINE_CURVE_WITH_KNOTS('',1,(#8144,#8145),.UNSPECIFIED.,.F.,.F.,
(2,2),(-1.9,-0.100000000000007),.UNSPECIFIED.);
#3253=B_SPLINE_CURVE_WITH_KNOTS('',1,(#8149,#8150),.UNSPECIFIED.,.F.,.F.,
(2,2),(-0.157079632679526,0.),.UNSPECIFIED.);
#3254=B_SPLINE_CURVE_WITH_KNOTS('',1,(#8151,#8152),.UNSPECIFIED.,.F.,.F.,
(2,2),(0.10000000000001,1.9),.UNSPECIFIED.);
#3255=B_SPLINE_CURVE_WITH_KNOTS('',1,(#8153,#8154),.UNSPECIFIED.,.F.,.F.,
(2,2),(-0.9,-0.1),.UNSPECIFIED.);
#3256=B_SPLINE_CURVE_WITH_KNOTS('',1,(#8158,#8159),.UNSPECIFIED.,.F.,.F.,
(2,2),(0.,0.157079632679482),.UNSPECIFIED.);
#3257=B_SPLINE_CURVE_WITH_KNOTS('',1,(#8160,#8161),.UNSPECIFIED.,.F.,.F.,
(2,2),(0.1,0.9),.UNSPECIFIED.);
#3258=B_SPLINE_CURVE_WITH_KNOTS('',1,(#8165,#8166),.UNSPECIFIED.,.F.,.F.,
(2,2),(0.,0.157079632679486),.UNSPECIFIED.);
#3259=B_SPLINE_CURVE_WITH_KNOTS('',1,(#8167,#8168),.UNSPECIFIED.,.F.,.F.,
(2,2),(-1.9,-0.10000000000001),.UNSPECIFIED.);
#3260=B_SPLINE_CURVE_WITH_KNOTS('',1,(#8172,#8173),.UNSPECIFIED.,.F.,.F.,
(2,2),(0.,0.157079632679526),.UNSPECIFIED.);
#3261=B_SPLINE_CURVE_WITH_KNOTS('',1,(#8174,#8175),.UNSPECIFIED.,.F.,.F.,
(2,2),(0.100000000000001,1.9),.UNSPECIFIED.);
#3262=B_SPLINE_CURVE_WITH_KNOTS('',1,(#8179,#8180),.UNSPECIFIED.,.F.,.F.,
(2,2),(0.,0.157079632679526),.UNSPECIFIED.);
#3263=B_SPLINE_CURVE_WITH_KNOTS('',1,(#8181,#8182),.UNSPECIFIED.,.F.,.F.,
(2,2),(-0.9,-0.1),.UNSPECIFIED.);
#3264=B_SPLINE_CURVE_WITH_KNOTS('',1,(#8186,#8187),.UNSPECIFIED.,.F.,.F.,
(2,2),(0.,0.157079632679611),.UNSPECIFIED.);
#3265=B_SPLINE_CURVE_WITH_KNOTS('',1,(#8188,#8189),.UNSPECIFIED.,.F.,.F.,
(2,2),(0.1,0.9),.UNSPECIFIED.);
#3266=B_SPLINE_CURVE_WITH_KNOTS('',1,(#8193,#8194),.UNSPECIFIED.,.F.,.F.,
(2,2),(0.,0.157079632679611),.UNSPECIFIED.);
#3267=B_SPLINE_CURVE_WITH_KNOTS('',1,(#8198,#8199),.UNSPECIFIED.,.F.,.F.,
(2,2),(-0.157079632679574,0.),.UNSPECIFIED.);
#3268=B_SPLINE_CURVE_WITH_KNOTS('',1,(#8200,#8201),.UNSPECIFIED.,.F.,.F.,
(2,2),(-0.699999999999996,-0.100000000000001),.UNSPECIFIED.);
#3269=B_SPLINE_CURVE_WITH_KNOTS('',1,(#8205,#8206),.UNSPECIFIED.,.F.,.F.,
(2,2),(-0.157079632679574,0.),.UNSPECIFIED.);
#3270=B_SPLINE_CURVE_WITH_KNOTS('',1,(#8207,#8208),.UNSPECIFIED.,.F.,.F.,
(2,2),(0.100000000000001,0.700000000000008),.UNSPECIFIED.);
#3271=B_SPLINE_CURVE_WITH_KNOTS('',1,(#8209,#8210),.UNSPECIFIED.,.F.,.F.,
(2,2),(-0.9,-0.1),.UNSPECIFIED.);
#3272=B_SPLINE_CURVE_WITH_KNOTS('',1,(#8214,#8215),.UNSPECIFIED.,.F.,.F.,
(2,2),(0.,0.157079632679485),.UNSPECIFIED.);
#3273=B_SPLINE_CURVE_WITH_KNOTS('',1,(#8216,#8217),.UNSPECIFIED.,.F.,.F.,
(2,2),(0.1,0.899999999999999),.UNSPECIFIED.);
#3274=B_SPLINE_CURVE_WITH_KNOTS('',1,(#8221,#8222),.UNSPECIFIED.,.F.,.F.,
(2,2),(0.,0.157079632679568),.UNSPECIFIED.);
#3275=B_SPLINE_CURVE_WITH_KNOTS('',1,(#8223,#8224),.UNSPECIFIED.,.F.,.F.,
(2,2),(-0.699999999999997,-0.100000000000001),.UNSPECIFIED.);
#3276=B_SPLINE_CURVE_WITH_KNOTS('',1,(#8228,#8229),.UNSPECIFIED.,.F.,.F.,
(2,2),(0.,0.157079632679574),.UNSPECIFIED.);
#3277=B_SPLINE_CURVE_WITH_KNOTS('',1,(#8230,#8231),.UNSPECIFIED.,.F.,.F.,
(2,2),(0.0999999999999947,0.699999999999989),.UNSPECIFIED.);
#3278=B_SPLINE_CURVE_WITH_KNOTS('',1,(#8235,#8236),.UNSPECIFIED.,.F.,.F.,
(2,2),(0.,0.157079632679574),.UNSPECIFIED.);
#3279=B_SPLINE_CURVE_WITH_KNOTS('',1,(#8240,#8241),.UNSPECIFIED.,.F.,.F.,
(2,2),(-0.157079632679526,0.),.UNSPECIFIED.);
#3280=B_SPLINE_CURVE_WITH_KNOTS('',1,(#8242,#8243),.UNSPECIFIED.,.F.,.F.,
(2,2),(-1.9,-0.100000000000001),.UNSPECIFIED.);
#3281=B_SPLINE_CURVE_WITH_KNOTS('',1,(#8247,#8248),.UNSPECIFIED.,.F.,.F.,
(2,2),(-0.157079632679526,0.),.UNSPECIFIED.);
#3282=B_SPLINE_CURVE_WITH_KNOTS('',1,(#8249,#8250),.UNSPECIFIED.,.F.,.F.,
(2,2),(0.100000000000001,1.89999999999999),.UNSPECIFIED.);
#3283=B_SPLINE_CURVE_WITH_KNOTS('',1,(#8251,#8252),.UNSPECIFIED.,.F.,.F.,
(2,2),(-0.899999999999999,-0.1),.UNSPECIFIED.);
#3284=B_SPLINE_CURVE_WITH_KNOTS('',1,(#8256,#8257),.UNSPECIFIED.,.F.,.F.,
(2,2),(0.,0.157079632679505),.UNSPECIFIED.);
#3285=B_SPLINE_CURVE_WITH_KNOTS('',1,(#8258,#8259),.UNSPECIFIED.,.F.,.F.,
(2,2),(0.1,0.899999999999999),.UNSPECIFIED.);
#3286=B_SPLINE_CURVE_WITH_KNOTS('',1,(#8263,#8264),.UNSPECIFIED.,.F.,.F.,
(2,2),(0.,0.157079632679502),.UNSPECIFIED.);
#3287=B_SPLINE_CURVE_WITH_KNOTS('',1,(#8265,#8266),.UNSPECIFIED.,.F.,.F.,
(2,2),(-1.89999999999999,-0.100000000000007),.UNSPECIFIED.);
#3288=B_SPLINE_CURVE_WITH_KNOTS('',1,(#8270,#8271),.UNSPECIFIED.,.F.,.F.,
(2,2),(0.,0.157079632679526),.UNSPECIFIED.);
#3289=B_SPLINE_CURVE_WITH_KNOTS('',1,(#8272,#8273),.UNSPECIFIED.,.F.,.F.,
(2,2),(0.100000000000001,1.9),.UNSPECIFIED.);
#3290=B_SPLINE_CURVE_WITH_KNOTS('',1,(#8277,#8278),.UNSPECIFIED.,.F.,.F.,
(2,2),(0.,0.157079632679526),.UNSPECIFIED.);
#3291=B_SPLINE_CURVE_WITH_KNOTS('',1,(#8282,#8283),.UNSPECIFIED.,.F.,.F.,
(2,2),(-0.157079632679574,0.),.UNSPECIFIED.);
#3292=B_SPLINE_CURVE_WITH_KNOTS('',1,(#8284,#8285),.UNSPECIFIED.,.F.,.F.,
(2,2),(-0.700000000000001,-0.100000000000002),.UNSPECIFIED.);
#3293=B_SPLINE_CURVE_WITH_KNOTS('',1,(#8289,#8290),.UNSPECIFIED.,.F.,.F.,
(2,2),(-0.157079632679574,0.),.UNSPECIFIED.);
#3294=B_SPLINE_CURVE_WITH_KNOTS('',1,(#8291,#8292),.UNSPECIFIED.,.F.,.F.,
(2,2),(0.100000000000002,0.700000000000003),.UNSPECIFIED.);
#3295=B_SPLINE_CURVE_WITH_KNOTS('',1,(#8293,#8294),.UNSPECIFIED.,.F.,.F.,
(2,2),(-0.700000000000002,-0.0999999999999952),.UNSPECIFIED.);
#3296=B_SPLINE_CURVE_WITH_KNOTS('',1,(#8298,#8299),.UNSPECIFIED.,.F.,.F.,
(2,2),(0.,0.157079632679561),.UNSPECIFIED.);
#3297=B_SPLINE_CURVE_WITH_KNOTS('',1,(#8300,#8301),.UNSPECIFIED.,.F.,.F.,
(2,2),(0.100000000000002,0.699999999999996),.UNSPECIFIED.);
#3298=B_SPLINE_CURVE_WITH_KNOTS('',1,(#8305,#8306),.UNSPECIFIED.,.F.,.F.,
(2,2),(0.,0.157079632679561),.UNSPECIFIED.);
#3299=B_SPLINE_CURVE_WITH_KNOTS('',3,(#8307,#8308,#8309,#8310,#8311,#8312),
 .UNSPECIFIED.,.F.,.F.,(4,2,4),(0.,0.0614009321256093,0.157079632679611),
 .UNSPECIFIED.);
#3300=B_SPLINE_CURVE_WITH_KNOTS('',3,(#8313,#8314,#8315,#8316,#8317,#8318),
 .UNSPECIFIED.,.F.,.F.,(4,2,4),(-0.157079632679574,-0.0614009321252278,
0.),.UNSPECIFIED.);
#3301=B_SPLINE_CURVE_WITH_KNOTS('',1,(#8319,#8320),.UNSPECIFIED.,.F.,.F.,
(2,2),(-0.157079632679526,0.),.UNSPECIFIED.);
#3302=B_SPLINE_CURVE_WITH_KNOTS('',3,(#8321,#8322,#8323,#8324,#8325,#8326),
 .UNSPECIFIED.,.F.,.F.,(4,2,4),(-0.157079632679526,-0.0956787005542547,
0.),.UNSPECIFIED.);
#3303=B_SPLINE_CURVE_WITH_KNOTS('',3,(#8327,#8328,#8329,#8330,#8331,#8332),
 .UNSPECIFIED.,.F.,.F.,(4,2,4),(-0.157079632679574,-0.0614009321252735,
0.),.UNSPECIFIED.);
#3304=B_SPLINE_CURVE_WITH_KNOTS('',1,(#8333,#8334),.UNSPECIFIED.,.F.,.F.,
(2,2),(0.,0.157079632679482),.UNSPECIFIED.);
#3305=B_SPLINE_CURVE_WITH_KNOTS('',1,(#8335,#8336),.UNSPECIFIED.,.F.,.F.,
(2,2),(0.,0.157079632679486),.UNSPECIFIED.);
#3306=B_SPLINE_CURVE_WITH_KNOTS('',3,(#8337,#8338,#8339,#8340,#8341,#8342),
 .UNSPECIFIED.,.F.,.F.,(4,2,4),(0.,0.0614009321251477,0.157079632679574),
 .UNSPECIFIED.);
#3307=B_SPLINE_CURVE_WITH_KNOTS('',3,(#8343,#8344,#8345,#8346,#8347,#8348),
 .UNSPECIFIED.,.F.,.F.,(4,2,4),(0.,0.095678700554286,0.157079632679526),
 .UNSPECIFIED.);
#3308=B_SPLINE_CURVE_WITH_KNOTS('',3,(#8349,#8350,#8351,#8352,#8353,#8354),
 .UNSPECIFIED.,.F.,.F.,(4,2,4),(0.,0.0614009321252407,0.157079632679526),
 .UNSPECIFIED.);
#3309=B_SPLINE_CURVE_WITH_KNOTS('',3,(#8355,#8356,#8357,#8358,#8359,#8360),
 .UNSPECIFIED.,.F.,.F.,(4,2,4),(0.,0.0956787005543015,0.157079632679561),
 .UNSPECIFIED.);
#3310=B_SPLINE_CURVE_WITH_KNOTS('',1,(#8361,#8362),.UNSPECIFIED.,.F.,.F.,
(2,2),(0.,0.157079632679611),.UNSPECIFIED.);
#3311=B_SPLINE_CURVE_WITH_KNOTS('',3,(#8363,#8364,#8365,#8366,#8367,#8368),
 .UNSPECIFIED.,.F.,.F.,(4,2,4),(-0.157079632679574,-0.095678700554342,0.),
 .UNSPECIFIED.);
#3312=B_SPLINE_CURVE_WITH_KNOTS('',3,(#8369,#8370,#8371,#8372,#8373,#8374),
 .UNSPECIFIED.,.F.,.F.,(4,2,4),(-0.157079632679526,-0.0614009321252018,
0.),.UNSPECIFIED.);
#3313=B_SPLINE_CURVE_WITH_KNOTS('',1,(#8375,#8376),.UNSPECIFIED.,.F.,.F.,
(2,2),(0.,0.157079632679485),.UNSPECIFIED.);
#3314=B_SPLINE_CURVE_WITH_KNOTS('',3,(#8377,#8378,#8379,#8380,#8381,#8382),
 .UNSPECIFIED.,.F.,.F.,(4,2,4),(0.,0.095664636582149,0.157079632679568),
 .UNSPECIFIED.);
#3315=B_SPLINE_CURVE_WITH_KNOTS('',1,(#8383,#8384),.UNSPECIFIED.,.F.,.F.,
(2,2),(0.,0.157079632679526),.UNSPECIFIED.);
#3316=B_SPLINE_CURVE_WITH_KNOTS('',3,(#8385,#8386,#8387,#8388,#8389,#8390),
 .UNSPECIFIED.,.F.,.F.,(4,2,4),(0.,0.0614144319457972,0.157079632679574),
 .UNSPECIFIED.);
#3317=B_SPLINE_CURVE_WITH_KNOTS('',3,(#8391,#8392,#8393,#8394,#8395,#8396),
 .UNSPECIFIED.,.F.,.F.,(4,2,4),(-0.157079632679526,-0.0956787005542598,
0.),.UNSPECIFIED.);
#3318=B_SPLINE_CURVE_WITH_KNOTS('',3,(#8397,#8398,#8399,#8400,#8401,#8402),
 .UNSPECIFIED.,.F.,.F.,(4,2,4),(-0.157079632679574,-0.0614009321252807,
0.),.UNSPECIFIED.);
#3319=B_SPLINE_CURVE_WITH_KNOTS('',1,(#8403,#8404),.UNSPECIFIED.,.F.,.F.,
(2,2),(0.,0.157079632679505),.UNSPECIFIED.);
#3320=B_SPLINE_CURVE_WITH_KNOTS('',1,(#8405,#8406),.UNSPECIFIED.,.F.,.F.,
(2,2),(0.,0.157079632679502),.UNSPECIFIED.);
#3321=B_SPLINE_CURVE_WITH_KNOTS('',3,(#8407,#8408,#8409,#8410,#8411,#8412),
 .UNSPECIFIED.,.F.,.F.,(4,2,4),(0.,0.0614009321252492,0.157079632679561),
 .UNSPECIFIED.);
#3322=B_SPLINE_CURVE_WITH_KNOTS('',3,(#8413,#8414,#8415,#8416,#8417,#8418),
 .UNSPECIFIED.,.F.,.F.,(4,2,4),(0.,0.0956787005542833,0.157079632679526),
 .UNSPECIFIED.);
#3323=B_SPLINE_CURVE_WITH_KNOTS('',1,(#8679,#8680),.UNSPECIFIED.,.F.,.F.,
(2,2),(-0.9,-0.1),.UNSPECIFIED.);
#3324=B_SPLINE_CURVE_WITH_KNOTS('',3,(#8681,#8682,#8683,#8684),
 .UNSPECIFIED.,.F.,.F.,(4,4),(-0.9,-0.1),.UNSPECIFIED.);
#3325=B_SPLINE_CURVE_WITH_KNOTS('',1,(#8685,#8686),.UNSPECIFIED.,.F.,.F.,
(2,2),(0.0999999999999977,1.89999999999999),.UNSPECIFIED.);
#3326=B_SPLINE_CURVE_WITH_KNOTS('',3,(#8687,#8688,#8689,#8690),
 .UNSPECIFIED.,.F.,.F.,(4,4),(0.0999999999999977,1.89999999999999),
 .UNSPECIFIED.);
#3327=B_SPLINE_CURVE_WITH_KNOTS('',1,(#8691,#8692),.UNSPECIFIED.,.F.,.F.,
(2,2),(-0.9,-0.1),.UNSPECIFIED.);
#3328=B_SPLINE_CURVE_WITH_KNOTS('',3,(#8693,#8694,#8695,#8696),
 .UNSPECIFIED.,.F.,.F.,(4,4),(-0.9,-0.1),.UNSPECIFIED.);
#3329=B_SPLINE_CURVE_WITH_KNOTS('',1,(#8697,#8698),.UNSPECIFIED.,.F.,.F.,
(2,2),(-1.89999999999999,-0.099999999999992),.UNSPECIFIED.);
#3330=B_SPLINE_CURVE_WITH_KNOTS('',3,(#8699,#8700,#8701,#8702),
 .UNSPECIFIED.,.F.,.F.,(4,4),(-1.89999999999999,-0.099999999999992),
 .UNSPECIFIED.);
#3331=B_SPLINE_CURVE_WITH_KNOTS('',1,(#8703,#8704),.UNSPECIFIED.,.F.,.F.,
(2,2),(0.0999999999999999,0.9),.UNSPECIFIED.);
#3332=B_SPLINE_CURVE_WITH_KNOTS('',3,(#8705,#8706,#8707,#8708),
 .UNSPECIFIED.,.F.,.F.,(4,4),(0.0999999999999999,0.9),.UNSPECIFIED.);
#3333=B_SPLINE_CURVE_WITH_KNOTS('',1,(#8709,#8710),.UNSPECIFIED.,.F.,.F.,
(2,2),(0.100000000000008,0.699999999999997),.UNSPECIFIED.);
#3334=B_SPLINE_CURVE_WITH_KNOTS('',3,(#8711,#8712,#8713,#8714),
 .UNSPECIFIED.,.F.,.F.,(4,4),(0.100000000000008,0.699999999999997),
 .UNSPECIFIED.);
#3335=B_SPLINE_CURVE_WITH_KNOTS('',1,(#8715,#8716),.UNSPECIFIED.,.F.,.F.,
(2,2),(-0.9,-0.1),.UNSPECIFIED.);
#3336=B_SPLINE_CURVE_WITH_KNOTS('',3,(#8717,#8718,#8719,#8720),
 .UNSPECIFIED.,.F.,.F.,(4,4),(-0.9,-0.1),.UNSPECIFIED.);
#3337=B_SPLINE_CURVE_WITH_KNOTS('',1,(#8721,#8722),.UNSPECIFIED.,.F.,.F.,
(2,2),(-0.700000000000003,-0.100000000000009),.UNSPECIFIED.);
#3338=B_SPLINE_CURVE_WITH_KNOTS('',3,(#8723,#8724,#8725,#8726),
 .UNSPECIFIED.,.F.,.F.,(4,4),(-0.700000000000003,-0.100000000000009),
 .UNSPECIFIED.);
#3339=B_SPLINE_CURVE_WITH_KNOTS('',1,(#8727,#8728),.UNSPECIFIED.,.F.,.F.,
(2,2),(0.100000000000012,1.89999999999999),.UNSPECIFIED.);
#3340=B_SPLINE_CURVE_WITH_KNOTS('',3,(#8729,#8730,#8731,#8732),
 .UNSPECIFIED.,.F.,.F.,(4,4),(0.100000000000012,1.89999999999999),
 .UNSPECIFIED.);
#3341=B_SPLINE_CURVE_WITH_KNOTS('',1,(#8733,#8734),.UNSPECIFIED.,.F.,.F.,
(2,2),(-0.9,-0.1),.UNSPECIFIED.);
#3342=B_SPLINE_CURVE_WITH_KNOTS('',3,(#8735,#8736,#8737,#8738),
 .UNSPECIFIED.,.F.,.F.,(4,4),(-0.9,-0.1),.UNSPECIFIED.);
#3343=B_SPLINE_CURVE_WITH_KNOTS('',1,(#8739,#8740),.UNSPECIFIED.,.F.,.F.,
(2,2),(-1.9,-0.100000000000006),.UNSPECIFIED.);
#3344=B_SPLINE_CURVE_WITH_KNOTS('',3,(#8741,#8742,#8743,#8744),
 .UNSPECIFIED.,.F.,.F.,(4,4),(-1.9,-0.100000000000006),.UNSPECIFIED.);
#3345=B_SPLINE_CURVE_WITH_KNOTS('',1,(#8745,#8746),.UNSPECIFIED.,.F.,.F.,
(2,2),(0.1,0.9),.UNSPECIFIED.);
#3346=B_SPLINE_CURVE_WITH_KNOTS('',3,(#8747,#8748,#8749,#8750),
 .UNSPECIFIED.,.F.,.F.,(4,4),(0.1,0.9),.UNSPECIFIED.);
#3347=B_SPLINE_CURVE_WITH_KNOTS('',1,(#8751,#8752),.UNSPECIFIED.,.F.,.F.,
(2,2),(0.1,0.9),.UNSPECIFIED.);
#3348=B_SPLINE_CURVE_WITH_KNOTS('',3,(#8753,#8754,#8755,#8756),
 .UNSPECIFIED.,.F.,.F.,(4,4),(0.1,0.9),.UNSPECIFIED.);
#3349=B_SPLINE_CURVE_WITH_KNOTS('',1,(#8757,#8758),.UNSPECIFIED.,.F.,.F.,
(2,2),(0.100000000000015,0.699999999999995),.UNSPECIFIED.);
#3350=B_SPLINE_CURVE_WITH_KNOTS('',3,(#8759,#8760,#8761,#8762),
 .UNSPECIFIED.,.F.,.F.,(4,4),(0.100000000000015,0.699999999999995),
 .UNSPECIFIED.);
#3351=B_SPLINE_CURVE_WITH_KNOTS('',1,(#8763,#8764),.UNSPECIFIED.,.F.,.F.,
(2,2),(0.1,0.9),.UNSPECIFIED.);
#3352=B_SPLINE_CURVE_WITH_KNOTS('',3,(#8765,#8766,#8767,#8768),
 .UNSPECIFIED.,.F.,.F.,(4,4),(0.1,0.9),.UNSPECIFIED.);
#3353=B_SPLINE_CURVE_WITH_KNOTS('',1,(#8769,#8770),.UNSPECIFIED.,.F.,.F.,
(2,2),(-0.699999999999983,-0.100000000000001),.UNSPECIFIED.);
#3354=B_SPLINE_CURVE_WITH_KNOTS('',3,(#8771,#8772,#8773,#8774),
 .UNSPECIFIED.,.F.,.F.,(4,4),(-0.699999999999983,-0.100000000000001),
 .UNSPECIFIED.);
#3355=B_SPLINE_CURVE_WITH_KNOTS('',1,(#8775,#8776),.UNSPECIFIED.,.F.,.F.,
(2,2),(-1.9,-0.100000000000002),.UNSPECIFIED.);
#3356=B_SPLINE_CURVE_WITH_KNOTS('',3,(#8777,#8778,#8779,#8780),
 .UNSPECIFIED.,.F.,.F.,(4,4),(-1.9,-0.100000000000002),.UNSPECIFIED.);
#3357=B_SPLINE_CURVE_WITH_KNOTS('',1,(#8781,#8782),.UNSPECIFIED.,.F.,.F.,
(2,2),(-0.69999999999999,-0.100000000000008),.UNSPECIFIED.);
#3358=B_SPLINE_CURVE_WITH_KNOTS('',3,(#8783,#8784,#8785,#8786),
 .UNSPECIFIED.,.F.,.F.,(4,4),(-0.69999999999999,-0.100000000000008),
 .UNSPECIFIED.);
#3359=B_SPLINE_CURVE_WITH_KNOTS('',1,(#8787,#8788),.UNSPECIFIED.,.F.,.F.,
(2,2),(-1.89999999999999,-0.100000000000008),.UNSPECIFIED.);
#3360=B_SPLINE_CURVE_WITH_KNOTS('',3,(#8789,#8790,#8791,#8792),
 .UNSPECIFIED.,.F.,.F.,(4,4),(-1.89999999999999,-0.100000000000008),
 .UNSPECIFIED.);
#3361=B_SPLINE_CURVE_WITH_KNOTS('',1,(#8793,#8794),.UNSPECIFIED.,.F.,.F.,
(2,2),(-0.699999999999989,-0.0999999999999946),.UNSPECIFIED.);
#3362=B_SPLINE_CURVE_WITH_KNOTS('',3,(#8795,#8796,#8797,#8798),
 .UNSPECIFIED.,.F.,.F.,(4,4),(-0.699999999999989,-0.0999999999999946),
 .UNSPECIFIED.);
#3363=B_SPLINE_CURVE_WITH_KNOTS('',1,(#8799,#8800),.UNSPECIFIED.,.F.,.F.,
(2,2),(0.100000000000008,0.700000000000003),.UNSPECIFIED.);
#3364=B_SPLINE_CURVE_WITH_KNOTS('',3,(#8801,#8802,#8803,#8804),
 .UNSPECIFIED.,.F.,.F.,(4,4),(0.100000000000008,0.700000000000003),
 .UNSPECIFIED.);
#3365=B_SPLINE_CURVE_WITH_KNOTS('',1,(#8805,#8806),.UNSPECIFIED.,.F.,.F.,
(2,2),(0.100000000000009,1.9),.UNSPECIFIED.);
#3366=B_SPLINE_CURVE_WITH_KNOTS('',3,(#8807,#8808,#8809,#8810),
 .UNSPECIFIED.,.F.,.F.,(4,4),(0.100000000000009,1.9),.UNSPECIFIED.);
#3367=B_SPLINE_CURVE_WITH_KNOTS('',1,(#8811,#8812),.UNSPECIFIED.,.F.,.F.,
(2,2),(0.0999999999999934,0.699999999999996),.UNSPECIFIED.);
#3368=B_SPLINE_CURVE_WITH_KNOTS('',3,(#8813,#8814,#8815,#8816),
 .UNSPECIFIED.,.F.,.F.,(4,4),(0.0999999999999934,0.699999999999996),
 .UNSPECIFIED.);
#3369=B_SPLINE_CURVE_WITH_KNOTS('',1,(#8817,#8818),.UNSPECIFIED.,.F.,.F.,
(2,2),(0.100000000000001,1.89999999999999),.UNSPECIFIED.);
#3370=B_SPLINE_CURVE_WITH_KNOTS('',3,(#8819,#8820,#8821,#8822),
 .UNSPECIFIED.,.F.,.F.,(4,4),(0.100000000000001,1.89999999999999),
 .UNSPECIFIED.);
#3371=B_SPLINE_CURVE_WITH_KNOTS('',1,(#8826,#8827),.UNSPECIFIED.,.F.,.F.,
(2,2),(-0.157079632679526,0.),.UNSPECIFIED.);
#3372=B_SPLINE_CURVE_WITH_KNOTS('',1,(#8828,#8829),.UNSPECIFIED.,.F.,.F.,
(2,2),(-1.89999999999999,-0.100000000000008),.UNSPECIFIED.);
#3373=B_SPLINE_CURVE_WITH_KNOTS('',1,(#8833,#8834),.UNSPECIFIED.,.F.,.F.,
(2,2),(-0.157079632679526,0.),.UNSPECIFIED.);
#3374=B_SPLINE_CURVE_WITH_KNOTS('',1,(#8835,#8836),.UNSPECIFIED.,.F.,.F.,
(2,2),(0.0999999999999977,1.89999999999999),.UNSPECIFIED.);
#3375=B_SPLINE_CURVE_WITH_KNOTS('',1,(#8837,#8838),.UNSPECIFIED.,.F.,.F.,
(2,2),(-0.9,-0.1),.UNSPECIFIED.);
#3376=B_SPLINE_CURVE_WITH_KNOTS('',1,(#8842,#8843),.UNSPECIFIED.,.F.,.F.,
(2,2),(0.,0.157079632679492),.UNSPECIFIED.);
#3377=B_SPLINE_CURVE_WITH_KNOTS('',1,(#8844,#8845),.UNSPECIFIED.,.F.,.F.,
(2,2),(0.0999999999999999,0.9),.UNSPECIFIED.);
#3378=B_SPLINE_CURVE_WITH_KNOTS('',1,(#8849,#8850),.UNSPECIFIED.,.F.,.F.,
(2,2),(0.,0.157079632679492),.UNSPECIFIED.);
#3379=B_SPLINE_CURVE_WITH_KNOTS('',1,(#8851,#8852),.UNSPECIFIED.,.F.,.F.,
(2,2),(-1.89999999999999,-0.099999999999992),.UNSPECIFIED.);
#3380=B_SPLINE_CURVE_WITH_KNOTS('',1,(#8856,#8857),.UNSPECIFIED.,.F.,.F.,
(2,2),(0.,0.157079632679526),.UNSPECIFIED.);
#3381=B_SPLINE_CURVE_WITH_KNOTS('',1,(#8858,#8859),.UNSPECIFIED.,.F.,.F.,
(2,2),(0.100000000000001,1.89999999999999),.UNSPECIFIED.);
#3382=B_SPLINE_CURVE_WITH_KNOTS('',1,(#8863,#8864),.UNSPECIFIED.,.F.,.F.,
(2,2),(0.,0.157079632679526),.UNSPECIFIED.);
#3383=B_SPLINE_CURVE_WITH_KNOTS('',1,(#8865,#8866),.UNSPECIFIED.,.F.,.F.,
(2,2),(-0.9,-0.1),.UNSPECIFIED.);
#3384=B_SPLINE_CURVE_WITH_KNOTS('',1,(#8870,#8871),.UNSPECIFIED.,.F.,.F.,
(2,2),(0.,0.157079632679501),.UNSPECIFIED.);
#3385=B_SPLINE_CURVE_WITH_KNOTS('',1,(#8872,#8873),.UNSPECIFIED.,.F.,.F.,
(2,2),(0.1,0.9),.UNSPECIFIED.);
#3386=B_SPLINE_CURVE_WITH_KNOTS('',1,(#8877,#8878),.UNSPECIFIED.,.F.,.F.,
(2,2),(-0.157079632679505,0.),.UNSPECIFIED.);
#3387=B_SPLINE_CURVE_WITH_KNOTS('',1,(#8882,#8883),.UNSPECIFIED.,.F.,.F.,
(2,2),(-0.15707963267956,0.),.UNSPECIFIED.);
#3388=B_SPLINE_CURVE_WITH_KNOTS('',1,(#8884,#8885),.UNSPECIFIED.,.F.,.F.,
(2,2),(-0.69999999999999,-0.100000000000008),.UNSPECIFIED.);
#3389=B_SPLINE_CURVE_WITH_KNOTS('',1,(#8889,#8890),.UNSPECIFIED.,.F.,.F.,
(2,2),(-0.15707963267956,0.),.UNSPECIFIED.);
#3390=B_SPLINE_CURVE_WITH_KNOTS('',1,(#8891,#8892),.UNSPECIFIED.,.F.,.F.,
(2,2),(0.100000000000008,0.699999999999997),.UNSPECIFIED.);
#3391=B_SPLINE_CURVE_WITH_KNOTS('',1,(#8893,#8894),.UNSPECIFIED.,.F.,.F.,
(2,2),(-0.9,-0.1),.UNSPECIFIED.);
#3392=B_SPLINE_CURVE_WITH_KNOTS('',1,(#8898,#8899),.UNSPECIFIED.,.F.,.F.,
(2,2),(0.,0.157079632679479),.UNSPECIFIED.);
#3393=B_SPLINE_CURVE_WITH_KNOTS('',1,(#8900,#8901),.UNSPECIFIED.,.F.,.F.,
(2,2),(0.1,0.9),.UNSPECIFIED.);
#3394=B_SPLINE_CURVE_WITH_KNOTS('',1,(#8905,#8906),.UNSPECIFIED.,.F.,.F.,
(2,2),(0.,0.157079632679492),.UNSPECIFIED.);
#3395=B_SPLINE_CURVE_WITH_KNOTS('',1,(#8907,#8908),.UNSPECIFIED.,.F.,.F.,
(2,2),(-0.700000000000003,-0.100000000000009),.UNSPECIFIED.);
#3396=B_SPLINE_CURVE_WITH_KNOTS('',1,(#8912,#8913),.UNSPECIFIED.,.F.,.F.,
(2,2),(0.,0.15707963267954),.UNSPECIFIED.);
#3397=B_SPLINE_CURVE_WITH_KNOTS('',1,(#8914,#8915),.UNSPECIFIED.,.F.,.F.,
(2,2),(0.100000000000008,0.700000000000003),.UNSPECIFIED.);
#3398=B_SPLINE_CURVE_WITH_KNOTS('',1,(#8919,#8920),.UNSPECIFIED.,.F.,.F.,
(2,2),(0.,0.15707963267954),.UNSPECIFIED.);
#3399=B_SPLINE_CURVE_WITH_KNOTS('',1,(#8924,#8925),.UNSPECIFIED.,.F.,.F.,
(2,2),(-0.157079632679526,0.),.UNSPECIFIED.);
#3400=B_SPLINE_CURVE_WITH_KNOTS('',1,(#8926,#8927),.UNSPECIFIED.,.F.,.F.,
(2,2),(-1.9,-0.100000000000002),.UNSPECIFIED.);
#3401=B_SPLINE_CURVE_WITH_KNOTS('',1,(#8931,#8932),.UNSPECIFIED.,.F.,.F.,
(2,2),(-0.157079632679526,0.),.UNSPECIFIED.);
#3402=B_SPLINE_CURVE_WITH_KNOTS('',1,(#8933,#8934),.UNSPECIFIED.,.F.,.F.,
(2,2),(0.100000000000012,1.89999999999999),.UNSPECIFIED.);
#3403=B_SPLINE_CURVE_WITH_KNOTS('',1,(#8935,#8936),.UNSPECIFIED.,.F.,.F.,
(2,2),(-0.9,-0.1),.UNSPECIFIED.);
#3404=B_SPLINE_CURVE_WITH_KNOTS('',1,(#8940,#8941),.UNSPECIFIED.,.F.,.F.,
(2,2),(0.,0.157079632679496),.UNSPECIFIED.);
#3405=B_SPLINE_CURVE_WITH_KNOTS('',1,(#8942,#8943),.UNSPECIFIED.,.F.,.F.,
(2,2),(0.1,0.9),.UNSPECIFIED.);
#3406=B_SPLINE_CURVE_WITH_KNOTS('',1,(#8947,#8948),.UNSPECIFIED.,.F.,.F.,
(2,2),(0.,0.157079632679495),.UNSPECIFIED.);
#3407=B_SPLINE_CURVE_WITH_KNOTS('',1,(#8949,#8950),.UNSPECIFIED.,.F.,.F.,
(2,2),(-1.9,-0.100000000000006),.UNSPECIFIED.);
#3408=B_SPLINE_CURVE_WITH_KNOTS('',1,(#8954,#8955),.UNSPECIFIED.,.F.,.F.,
(2,2),(0.,0.157079632679526),.UNSPECIFIED.);
#3409=B_SPLINE_CURVE_WITH_KNOTS('',1,(#8956,#8957),.UNSPECIFIED.,.F.,.F.,
(2,2),(0.100000000000009,1.9),.UNSPECIFIED.);
#3410=B_SPLINE_CURVE_WITH_KNOTS('',1,(#8961,#8962),.UNSPECIFIED.,.F.,.F.,
(2,2),(0.,0.157079632679526),.UNSPECIFIED.);
#3411=B_SPLINE_CURVE_WITH_KNOTS('',1,(#8966,#8967),.UNSPECIFIED.,.F.,.F.,
(2,2),(-0.15707963267956,0.),.UNSPECIFIED.);
#3412=B_SPLINE_CURVE_WITH_KNOTS('',1,(#8968,#8969),.UNSPECIFIED.,.F.,.F.,
(2,2),(-0.699999999999989,-0.0999999999999946),.UNSPECIFIED.);
#3413=B_SPLINE_CURVE_WITH_KNOTS('',1,(#8973,#8974),.UNSPECIFIED.,.F.,.F.,
(2,2),(-0.15707963267956,0.),.UNSPECIFIED.);
#3414=B_SPLINE_CURVE_WITH_KNOTS('',1,(#8975,#8976),.UNSPECIFIED.,.F.,.F.,
(2,2),(0.100000000000015,0.699999999999995),.UNSPECIFIED.);
#3415=B_SPLINE_CURVE_WITH_KNOTS('',1,(#8977,#8978),.UNSPECIFIED.,.F.,.F.,
(2,2),(-0.699999999999983,-0.100000000000001),.UNSPECIFIED.);
#3416=B_SPLINE_CURVE_WITH_KNOTS('',1,(#8982,#8983),.UNSPECIFIED.,.F.,.F.,
(2,2),(0.,0.15707963267954),.UNSPECIFIED.);
#3417=B_SPLINE_CURVE_WITH_KNOTS('',1,(#8984,#8985),.UNSPECIFIED.,.F.,.F.,
(2,2),(0.0999999999999934,0.699999999999996),.UNSPECIFIED.);
#3418=B_SPLINE_CURVE_WITH_KNOTS('',1,(#8989,#8990),.UNSPECIFIED.,.F.,.F.,
(2,2),(0.,0.15707963267954),.UNSPECIFIED.);
#3419=B_SPLINE_CURVE_WITH_KNOTS('',1,(#8991,#8992),.UNSPECIFIED.,.F.,.F.,
(2,2),(-0.157079632679505,0.),.UNSPECIFIED.);
#3420=B_SPLINE_CURVE_WITH_KNOTS('',3,(#8993,#8994,#8995,#8996,#8997,#8998),
 .UNSPECIFIED.,.F.,.F.,(4,2,4),(-0.15707963267956,-0.0956787005543591,0.),
 .UNSPECIFIED.);
#3421=B_SPLINE_CURVE_WITH_KNOTS('',3,(#8999,#9000,#9001,#9002,#9003,#9004),
 .UNSPECIFIED.,.F.,.F.,(4,2,4),(-0.157079632679526,-0.0614009321252074,
0.),.UNSPECIFIED.);
#3422=B_SPLINE_CURVE_WITH_KNOTS('',3,(#9005,#9006,#9007,#9008,#9009,#9010),
 .UNSPECIFIED.,.F.,.F.,(4,2,4),(-0.157079632679526,-0.0956787005542574,
0.),.UNSPECIFIED.);
#3423=B_SPLINE_CURVE_WITH_KNOTS('',3,(#9011,#9012,#9013,#9014,#9015,#9016),
 .UNSPECIFIED.,.F.,.F.,(4,2,4),(-0.15707963267956,-0.061400932125179,0.),
 .UNSPECIFIED.);
#3424=B_SPLINE_CURVE_WITH_KNOTS('',1,(#9017,#9018),.UNSPECIFIED.,.F.,.F.,
(2,2),(0.,0.157079632679492),.UNSPECIFIED.);
#3425=B_SPLINE_CURVE_WITH_KNOTS('',1,(#9019,#9020),.UNSPECIFIED.,.F.,.F.,
(2,2),(0.,0.157079632679492),.UNSPECIFIED.);
#3426=B_SPLINE_CURVE_WITH_KNOTS('',3,(#9021,#9022,#9023,#9024,#9025,#9026),
 .UNSPECIFIED.,.F.,.F.,(4,2,4),(0.,0.0614144319457718,0.15707963267954),
 .UNSPECIFIED.);
#3427=B_SPLINE_CURVE_WITH_KNOTS('',3,(#9027,#9028,#9029,#9030,#9031,#9032),
 .UNSPECIFIED.,.F.,.F.,(4,2,4),(0.,0.0956646365820008,0.157079632679526),
 .UNSPECIFIED.);
#3428=B_SPLINE_CURVE_WITH_KNOTS('',3,(#9033,#9034,#9035,#9036,#9037,#9038),
 .UNSPECIFIED.,.F.,.F.,(4,2,4),(0.,0.0614144319455919,0.157079632679526),
 .UNSPECIFIED.);
#3429=B_SPLINE_CURVE_WITH_KNOTS('',3,(#9039,#9040,#9041,#9042,#9043,#9044),
 .UNSPECIFIED.,.F.,.F.,(4,2,4),(0.,0.0956646365821738,0.15707963267954),
 .UNSPECIFIED.);
#3430=B_SPLINE_CURVE_WITH_KNOTS('',1,(#9045,#9046),.UNSPECIFIED.,.F.,.F.,
(2,2),(0.,0.157079632679501),.UNSPECIFIED.);
#3431=B_SPLINE_CURVE_WITH_KNOTS('',3,(#9047,#9048,#9049,#9050,#9051,#9052),
 .UNSPECIFIED.,.F.,.F.,(4,2,4),(-0.15707963267956,-0.0956787005542143,0.),
 .UNSPECIFIED.);
#3432=B_SPLINE_CURVE_WITH_KNOTS('',3,(#9053,#9054,#9055,#9056,#9057,#9058),
 .UNSPECIFIED.,.F.,.F.,(4,2,4),(-0.157079632679526,-0.0614009321251743,
0.),.UNSPECIFIED.);
#3433=B_SPLINE_CURVE_WITH_KNOTS('',1,(#9059,#9060),.UNSPECIFIED.,.F.,.F.,
(2,2),(0.,0.157079632679479),.UNSPECIFIED.);
#3434=B_SPLINE_CURVE_WITH_KNOTS('',1,(#9061,#9062),.UNSPECIFIED.,.F.,.F.,
(2,2),(0.,0.157079632679492),.UNSPECIFIED.);
#3435=B_SPLINE_CURVE_WITH_KNOTS('',3,(#9063,#9064,#9065,#9066,#9067,#9068),
 .UNSPECIFIED.,.F.,.F.,(4,2,4),(0.,0.0614009321252175,0.157079632679526),
 .UNSPECIFIED.);
#3436=B_SPLINE_CURVE_WITH_KNOTS('',3,(#9069,#9070,#9071,#9072,#9073,#9074),
 .UNSPECIFIED.,.F.,.F.,(4,2,4),(0.,0.0956787005543623,0.15707963267954),
 .UNSPECIFIED.);
#3437=B_SPLINE_CURVE_WITH_KNOTS('',3,(#9075,#9076,#9077,#9078,#9079,#9080),
 .UNSPECIFIED.,.F.,.F.,(4,2,4),(-0.157079632679526,-0.0956787005542199,
0.),.UNSPECIFIED.);
#3438=B_SPLINE_CURVE_WITH_KNOTS('',3,(#9081,#9082,#9083,#9084,#9085,#9086),
 .UNSPECIFIED.,.F.,.F.,(4,2,4),(-0.15707963267956,-0.0614009321253127,0.),
 .UNSPECIFIED.);
#3439=B_SPLINE_CURVE_WITH_KNOTS('',1,(#9087,#9088),.UNSPECIFIED.,.F.,.F.,
(2,2),(0.,0.157079632679496),.UNSPECIFIED.);
#3440=B_SPLINE_CURVE_WITH_KNOTS('',1,(#9089,#9090),.UNSPECIFIED.,.F.,.F.,
(2,2),(0.,0.157079632679495),.UNSPECIFIED.);
#3441=B_SPLINE_CURVE_WITH_KNOTS('',3,(#9091,#9092,#9093,#9094,#9095,#9096),
 .UNSPECIFIED.,.F.,.F.,(4,2,4),(0.,0.0614009321252807,0.15707963267954),
 .UNSPECIFIED.);
#3442=B_SPLINE_CURVE_WITH_KNOTS('',3,(#9097,#9098,#9099,#9100,#9101,#9102),
 .UNSPECIFIED.,.F.,.F.,(4,2,4),(0.,0.0956787005542527,0.157079632679526),
 .UNSPECIFIED.);
#3443=B_SPLINE_CURVE_WITH_KNOTS('',1,(#9191,#9192),.UNSPECIFIED.,.F.,.F.,
(2,2),(0.,0.412667534779678),.UNSPECIFIED.);
#3444=B_SPLINE_CURVE_WITH_KNOTS('',3,(#9193,#9194,#9195,#9196),
 .UNSPECIFIED.,.F.,.F.,(4,4),(0.,0.412667534779678),.UNSPECIFIED.);
#3445=B_SPLINE_CURVE_WITH_KNOTS('',1,(#9197,#9198),.UNSPECIFIED.,.F.,.F.,
(2,2),(19.8,25.7),.UNSPECIFIED.);
#3446=B_SPLINE_CURVE_WITH_KNOTS('',1,(#9199,#9200),.UNSPECIFIED.,.F.,.F.,
(2,2),(19.8,25.7),.UNSPECIFIED.);
#3447=B_SPLINE_CURVE_WITH_KNOTS('',1,(#9201,#9202),.UNSPECIFIED.,.F.,.F.,
(2,2),(-5.55111512312578E-17,0.412667534779679),.UNSPECIFIED.);
#3448=B_SPLINE_CURVE_WITH_KNOTS('',3,(#9203,#9204,#9205,#9206),
 .UNSPECIFIED.,.F.,.F.,(4,4),(-5.55111512312578E-17,0.412667534779679),
 .UNSPECIFIED.);
#3449=B_SPLINE_CURVE_WITH_KNOTS('',1,(#9207,#9208),.UNSPECIFIED.,.F.,.F.,
(2,2),(-25.7,-19.8),.UNSPECIFIED.);
#3450=B_SPLINE_CURVE_WITH_KNOTS('',1,(#9209,#9210),.UNSPECIFIED.,.F.,.F.,
(2,2),(-25.7,-19.8),.UNSPECIFIED.);
#3451=B_SPLINE_CURVE_WITH_KNOTS('',1,(#9211,#9212),.UNSPECIFIED.,.F.,.F.,
(2,2),(-25.7,-19.8),.UNSPECIFIED.);
#3452=B_SPLINE_CURVE_WITH_KNOTS('',3,(#9216,#9217,#9218,#9219,#9220,#9221,
#9222,#9223,#9224,#9225,#9226,#9227,#9228,#9229,#9230,#9231,#9232,#9233,
#9234,#9235,#9236,#9237,#9238,#9239,#9240,#9241,#9242,#9243,#9244,#9245,
#9246,#9247,#9248,#9249,#9250,#9251,#9252,#9253,#9254,#9255,#9256,#9257,
#9258,#9259,#9260,#9261,#9262,#9263,#9264,#9265,#9266,#9267),
 .UNSPECIFIED.,.F.,.F.,(4,3,3,3,3,3,3,3,3,3,3,3,3,3,3,3,3,4),(-0.471238898038634,
-0.445858298007978,-0.419668945712066,-0.392735842419511,-0.365139639817501,
-0.336976143379781,-0.308355050063315,-0.279397901626627,-0.25023530979001,
-0.221003588248681,-0.191840996412062,-0.162883847975369,-0.134262754658906,
-0.106099258221195,-0.0785030556191682,-0.0515699523266158,-0.0253806000307161,
0.),.UNSPECIFIED.);
#3453=B_SPLINE_CURVE_WITH_KNOTS('',1,(#9268,#9269),.UNSPECIFIED.,.F.,.F.,
(2,2),(0.300000000000008,6.2),.UNSPECIFIED.);
#3454=B_SPLINE_CURVE_WITH_KNOTS('',1,(#9270,#9271),.UNSPECIFIED.,.F.,.F.,
(2,2),(0.300000000000008,6.2),.UNSPECIFIED.);
#3455=B_SPLINE_CURVE_WITH_KNOTS('',3,(#9275,#9276,#9277,#9278,#9279,#9280,
#9281,#9282,#9283,#9284,#9285,#9286,#9287,#9288,#9289,#9290,#9291,#9292,
#9293,#9294,#9295,#9296,#9297,#9298,#9299,#9300,#9301,#9302,#9303,#9304,
#9305,#9306,#9307,#9308,#9309,#9310,#9311,#9312,#9313,#9314,#9315,#9316,
#9317,#9318,#9319,#9320,#9321,#9322,#9323,#9324,#9325,#9326),
 .UNSPECIFIED.,.F.,.F.,(4,3,3,3,3,3,3,3,3,3,3,3,3,3,3,3,3,4),(0.,0.0253806000307392,
0.0515699523266401,0.0785030556191914,0.106099258221181,0.134262754658905,
0.162883847975353,0.191840996412046,0.22100358824865,0.250235309789977,
0.279397901626589,0.30835505006326,0.336976143379719,0.365139639817444,
0.392735842419446,0.419668945711991,0.445858298007904,0.471238898038603),
 .UNSPECIFIED.);
#3456=B_SPLINE_CURVE_WITH_KNOTS('',1,(#9327,#9328),.UNSPECIFIED.,.F.,.F.,
(2,2),(6.79999999999999,12.7),.UNSPECIFIED.);
#3457=B_SPLINE_CURVE_WITH_KNOTS('',1,(#9329,#9330),.UNSPECIFIED.,.F.,.F.,
(2,2),(6.79999999999999,12.7),.UNSPECIFIED.);
#3458=B_SPLINE_CURVE_WITH_KNOTS('',3,(#9334,#9335,#9336,#9337,#9338,#9339,
#9340,#9341,#9342,#9343,#9344,#9345,#9346,#9347,#9348,#9349,#9350,#9351,
#9352,#9353,#9354,#9355,#9356,#9357,#9358,#9359,#9360,#9361,#9362,#9363,
#9364,#9365,#9366,#9367,#9368,#9369,#9370,#9371,#9372,#9373,#9374,#9375,
#9376,#9377,#9378,#9379,#9380,#9381,#9382,#9383,#9384,#9385),
 .UNSPECIFIED.,.F.,.F.,(4,3,3,3,3,3,3,3,3,3,3,3,3,3,3,3,3,4),(0.,0.0253806000307165,
0.0515699523266045,0.0785030556191574,0.106099258221174,0.134262754658877,
0.16288384797535,0.191840996412015,0.221003588248643,0.250235309789959,
0.279397901626565,0.308355050063254,0.336976143379707,0.365139639817426,
0.392735842419441,0.419668945711976,0.445858298007874,0.471238898038614),
 .UNSPECIFIED.);
#3459=B_SPLINE_CURVE_WITH_KNOTS('',1,(#9386,#9387),.UNSPECIFIED.,.F.,.F.,
(2,2),(13.3,19.2),.UNSPECIFIED.);
#3460=B_SPLINE_CURVE_WITH_KNOTS('',1,(#9388,#9389),.UNSPECIFIED.,.F.,.F.,
(2,2),(13.3,19.2),.UNSPECIFIED.);
#3461=B_SPLINE_CURVE_WITH_KNOTS('',3,(#9393,#9394,#9395,#9396,#9397,#9398,
#9399,#9400,#9401,#9402,#9403,#9404,#9405,#9406,#9407,#9408,#9409,#9410,
#9411,#9412,#9413,#9414,#9415,#9416,#9417,#9418,#9419,#9420,#9421,#9422,
#9423,#9424,#9425,#9426,#9427,#9428,#9429,#9430,#9431,#9432,#9433,#9434,
#9435,#9436,#9437,#9438,#9439,#9440,#9441,#9442,#9443,#9444),
 .UNSPECIFIED.,.F.,.F.,(4,3,3,3,3,3,3,3,3,3,3,3,3,3,3,3,3,4),(0.,0.0253806000307079,
0.0515699523266172,0.0785030556191563,0.106099258221149,0.13426275465887,
0.162883847975324,0.191840996412005,0.22100358824861,0.250235309789933,
0.27939790162654,0.308355050063225,0.336976143379676,0.365139639817408,
0.392735842419406,0.419668945711946,0.445858298007847,0.471238898038577),
 .UNSPECIFIED.);
#3462=B_SPLINE_CURVE_WITH_KNOTS('',1,(#9470,#9471),.UNSPECIFIED.,.F.,.F.,
(2,2),(-5.96902604182061,0.),.UNSPECIFIED.);
#3463=B_SPLINE_CURVE_WITH_KNOTS('',1,(#9474,#9475),.UNSPECIFIED.,.F.,.F.,
(2,2),(0.,0.412667534779679),.UNSPECIFIED.);
#3464=B_SPLINE_CURVE_WITH_KNOTS('',1,(#9476,#9477),.UNSPECIFIED.,.F.,.F.,
(2,2),(-5.96902604182061,0.),.UNSPECIFIED.);
#3465=B_SPLINE_CURVE_WITH_KNOTS('',1,(#9480,#9481),.UNSPECIFIED.,.F.,.F.,
(2,2),(-0.412667534779679,0.),.UNSPECIFIED.);
#3466=B_SPLINE_CURVE_WITH_KNOTS('',3,(#9485,#9486,#9487,#9488,#9489,#9490,
#9491,#9492,#9493,#9494,#9495,#9496,#9497,#9498,#9499,#9500,#9501,#9502,
#9503,#9504,#9505,#9506,#9507,#9508,#9509,#9510,#9511,#9512,#9513,#9514,
#9515,#9516,#9517,#9518,#9519,#9520,#9521,#9522,#9523,#9524,#9525,#9526,
#9527,#9528,#9529,#9530,#9531,#9532,#9533,#9534,#9535,#9536),
 .UNSPECIFIED.,.F.,.F.,(4,3,3,3,3,3,3,3,3,3,3,3,3,3,3,3,3,4),(-0.471238898038577,
-0.445858298007837,-0.41966894571194,-0.392735842419397,-0.365139639817399,
-0.336976143379661,-0.308355050063227,-0.279397901626538,-0.250235309789929,
-0.2210035882486,-0.191840996411999,-0.162883847975329,-0.134262754658875,
-0.106099258221132,-0.078503055619136,-0.0515699523265988,-0.0253806000307071,
0.),.UNSPECIFIED.);
#3467=B_SPLINE_CURVE_WITH_KNOTS('',1,(#9537,#9538),.UNSPECIFIED.,.F.,.F.,
(2,2),(-19.2,-13.3),.UNSPECIFIED.);
#3468=B_SPLINE_CURVE_WITH_KNOTS('',1,(#9539,#9540),.UNSPECIFIED.,.F.,.F.,
(2,2),(-19.2,-13.3),.UNSPECIFIED.);
#3469=B_SPLINE_CURVE_WITH_KNOTS('',3,(#9544,#9545,#9546,#9547,#9548,#9549,
#9550,#9551,#9552,#9553,#9554,#9555,#9556,#9557,#9558,#9559,#9560,#9561,
#9562,#9563,#9564,#9565,#9566,#9567,#9568,#9569,#9570,#9571,#9572,#9573,
#9574,#9575,#9576,#9577,#9578,#9579,#9580,#9581,#9582,#9583,#9584,#9585,
#9586,#9587,#9588,#9589,#9590,#9591,#9592,#9593,#9594,#9595),
 .UNSPECIFIED.,.F.,.F.,(4,3,3,3,3,3,3,3,3,3,3,3,3,3,3,3,3,4),(-0.471238898038614,
-0.445858298007863,-0.419668945711971,-0.392735842419429,-0.365139639817428,
-0.336976143379701,-0.308355050063244,-0.279397901626563,-0.250235309789959,
-0.221003588248632,-0.191840996412027,-0.16288384797533,-0.134262754658876,
-0.106099258221161,-0.07850305561916,-0.0515699523266094,-0.0253806000307163,
0.),.UNSPECIFIED.);
#3470=B_SPLINE_CURVE_WITH_KNOTS('',1,(#9596,#9597),.UNSPECIFIED.,.F.,.F.,
(2,2),(-12.7,-6.79999999999999),.UNSPECIFIED.);
#3471=B_SPLINE_CURVE_WITH_KNOTS('',1,(#9598,#9599),.UNSPECIFIED.,.F.,.F.,
(2,2),(-12.7,-6.79999999999999),.UNSPECIFIED.);
#3472=B_SPLINE_CURVE_WITH_KNOTS('',3,(#9603,#9604,#9605,#9606,#9607,#9608,
#9609,#9610,#9611,#9612,#9613,#9614,#9615,#9616,#9617,#9618,#9619,#9620,
#9621,#9622,#9623,#9624,#9625,#9626,#9627,#9628,#9629,#9630,#9631,#9632,
#9633,#9634,#9635,#9636,#9637,#9638,#9639,#9640,#9641,#9642,#9643,#9644,
#9645,#9646,#9647,#9648,#9649,#9650,#9651,#9652,#9653,#9654),
 .UNSPECIFIED.,.F.,.F.,(4,3,3,3,3,3,3,3,3,3,3,3,3,3,3,3,3,4),(-0.471238898038603,
-0.445858298007909,-0.419668945711985,-0.392735842419449,-0.36513963981746,
-0.336976143379717,-0.308355050063277,-0.279397901626597,-0.250235309789981,
-0.221003588248655,-0.191840996412062,-0.16288384797537,-0.134262754658904,
-0.106099258221197,-0.0785030556191888,-0.0515699523266525,-0.0253806000307528,
0.),.UNSPECIFIED.);
#3473=B_SPLINE_CURVE_WITH_KNOTS('',1,(#9655,#9656),.UNSPECIFIED.,.F.,.F.,
(2,2),(-6.19999999999998,-0.299999999999997),.UNSPECIFIED.);
#3474=B_SPLINE_CURVE_WITH_KNOTS('',1,(#9657,#9658),.UNSPECIFIED.,.F.,.F.,
(2,2),(-6.19999999999998,-0.299999999999997),.UNSPECIFIED.);
#3475=B_SPLINE_CURVE_WITH_KNOTS('',3,(#9662,#9663,#9664,#9665,#9666,#9667,
#9668,#9669,#9670,#9671,#9672,#9673,#9674,#9675,#9676,#9677,#9678,#9679,
#9680,#9681,#9682,#9683,#9684,#9685,#9686,#9687,#9688,#9689,#9690,#9691,
#9692,#9693,#9694,#9695,#9696,#9697,#9698,#9699,#9700,#9701,#9702,#9703,
#9704,#9705,#9706,#9707,#9708,#9709,#9710,#9711,#9712,#9713),
 .UNSPECIFIED.,.F.,.F.,(4,3,3,3,3,3,3,3,3,3,3,3,3,3,3,3,3,4),(0.,0.0253806000307099,
0.0515699523266111,0.0785030556191663,0.106099258221182,0.1342627546589,
0.162883847975375,0.191840996412054,0.221003588248674,0.250235309790004,
0.279397901626607,0.308355050063308,0.336976143379772,0.365139639817507,
0.392735842419511,0.419668945712068,0.445858298007971,0.471238898038634),
 .UNSPECIFIED.);
#3476=B_SPLINE_CURVE_WITH_KNOTS('',1,(#9714,#9715),.UNSPECIFIED.,.F.,.F.,
(2,2),(19.8,25.7),.UNSPECIFIED.);
#3477=B_SPLINE_CURVE_WITH_KNOTS('',1,(#9731,#9732),.UNSPECIFIED.,.F.,.F.,
(2,2),(-5.55111512312578E-17,0.412667534779679),.UNSPECIFIED.);
#3478=B_SPLINE_CURVE_WITH_KNOTS('',1,(#9733,#9734),.UNSPECIFIED.,.F.,.F.,
(2,2),(-5.55111512312578E-17,0.412667534779679),.UNSPECIFIED.);
#3479=B_SPLINE_CURVE_WITH_KNOTS('',1,(#9735,#9736),.UNSPECIFIED.,.F.,.F.,
(2,2),(-0.471238898038634,0.),.UNSPECIFIED.);
#3480=B_SPLINE_CURVE_WITH_KNOTS('',1,(#9737,#9738),.UNSPECIFIED.,.F.,.F.,
(2,2),(-5.55111512312578E-17,0.412667534779679),.UNSPECIFIED.);
#3481=B_SPLINE_CURVE_WITH_KNOTS('',1,(#9739,#9740),.UNSPECIFIED.,.F.,.F.,
(2,2),(0.,0.471238898038634),.UNSPECIFIED.);
#3482=B_SPLINE_CURVE_WITH_KNOTS('',1,(#9741,#9742),.UNSPECIFIED.,.F.,.F.,
(2,2),(0.,0.412667534779679),.UNSPECIFIED.);
#3483=B_SPLINE_CURVE_WITH_KNOTS('',3,(#9743,#9744,#9745,#9746),
 .UNSPECIFIED.,.F.,.F.,(4,4),(0.,0.412667534779679),.UNSPECIFIED.);
#3484=B_SPLINE_CURVE_WITH_KNOTS('',1,(#9747,#9748),.UNSPECIFIED.,.F.,.F.,
(2,2),(-12.7,-6.79999999999999),.UNSPECIFIED.);
#3485=B_SPLINE_CURVE_WITH_KNOTS('',1,(#9749,#9750),.UNSPECIFIED.,.F.,.F.,
(2,2),(-0.412667534779679,0.),.UNSPECIFIED.);
#3486=B_SPLINE_CURVE_WITH_KNOTS('',3,(#9751,#9752,#9753,#9754),
 .UNSPECIFIED.,.F.,.F.,(4,4),(-0.412667534779679,0.),.UNSPECIFIED.);
#3487=B_SPLINE_CURVE_WITH_KNOTS('',1,(#9755,#9756),.UNSPECIFIED.,.F.,.F.,
(2,2),(6.79999999999999,12.7),.UNSPECIFIED.);
#3488=B_SPLINE_CURVE_WITH_KNOTS('',1,(#9757,#9758),.UNSPECIFIED.,.F.,.F.,
(2,2),(0.,0.412667534779679),.UNSPECIFIED.);
#3489=B_SPLINE_CURVE_WITH_KNOTS('',3,(#9759,#9760,#9761,#9762),
 .UNSPECIFIED.,.F.,.F.,(4,4),(0.,0.412667534779679),.UNSPECIFIED.);
#3490=B_SPLINE_CURVE_WITH_KNOTS('',1,(#9763,#9764),.UNSPECIFIED.,.F.,.F.,
(2,2),(-19.2,-13.3),.UNSPECIFIED.);
#3491=B_SPLINE_CURVE_WITH_KNOTS('',1,(#9765,#9766),.UNSPECIFIED.,.F.,.F.,
(2,2),(-0.412667534779678,0.),.UNSPECIFIED.);
#3492=B_SPLINE_CURVE_WITH_KNOTS('',3,(#9767,#9768,#9769,#9770),
 .UNSPECIFIED.,.F.,.F.,(4,4),(-0.412667534779678,0.),.UNSPECIFIED.);
#3493=B_SPLINE_CURVE_WITH_KNOTS('',1,(#9771,#9772),.UNSPECIFIED.,.F.,.F.,
(2,2),(13.3,19.2),.UNSPECIFIED.);
#3494=B_SPLINE_CURVE_WITH_KNOTS('',1,(#9773,#9774),.UNSPECIFIED.,.F.,.F.,
(2,2),(0.300000000000008,6.2),.UNSPECIFIED.);
#3495=B_SPLINE_CURVE_WITH_KNOTS('',3,(#9775,#9776,#9777,#9778),
 .UNSPECIFIED.,.F.,.F.,(4,4),(-5.55111512312578E-17,0.412667534779679),
 .UNSPECIFIED.);
#3496=B_SPLINE_CURVE_WITH_KNOTS('',1,(#9779,#9780),.UNSPECIFIED.,.F.,.F.,
(2,2),(-6.19999999999998,-0.299999999999997),.UNSPECIFIED.);
#3497=B_SPLINE_CURVE_WITH_KNOTS('',1,(#9781,#9782),.UNSPECIFIED.,.F.,.F.,
(2,2),(-0.412667534779678,0.),.UNSPECIFIED.);
#3498=B_SPLINE_CURVE_WITH_KNOTS('',3,(#9783,#9784,#9785,#9786),
 .UNSPECIFIED.,.F.,.F.,(4,4),(-0.412667534779678,0.),.UNSPECIFIED.);
#3499=B_SPLINE_CURVE_WITH_KNOTS('',1,(#9787,#9788),.UNSPECIFIED.,.F.,.F.,
(2,2),(-0.412667534779678,0.),.UNSPECIFIED.);
#3500=B_SPLINE_CURVE_WITH_KNOTS('',1,(#9789,#9790),.UNSPECIFIED.,.F.,.F.,
(2,2),(-0.471238898038603,0.),.UNSPECIFIED.);
#3501=B_SPLINE_CURVE_WITH_KNOTS('',1,(#9791,#9792),.UNSPECIFIED.,.F.,.F.,
(2,2),(0.,0.412667534779679),.UNSPECIFIED.);
#3502=B_SPLINE_CURVE_WITH_KNOTS('',1,(#9793,#9794),.UNSPECIFIED.,.F.,.F.,
(2,2),(0.,0.471238898038603),.UNSPECIFIED.);
#3503=B_SPLINE_CURVE_WITH_KNOTS('',1,(#9795,#9796),.UNSPECIFIED.,.F.,.F.,
(2,2),(-0.412667534779679,0.),.UNSPECIFIED.);
#3504=B_SPLINE_CURVE_WITH_KNOTS('',1,(#9797,#9798),.UNSPECIFIED.,.F.,.F.,
(2,2),(-0.471238898038614,0.),.UNSPECIFIED.);
#3505=B_SPLINE_CURVE_WITH_KNOTS('',1,(#9799,#9800),.UNSPECIFIED.,.F.,.F.,
(2,2),(0.,0.412667534779679),.UNSPECIFIED.);
#3506=B_SPLINE_CURVE_WITH_KNOTS('',1,(#9801,#9802),.UNSPECIFIED.,.F.,.F.,
(2,2),(0.,0.471238898038614),.UNSPECIFIED.);
#3507=B_SPLINE_CURVE_WITH_KNOTS('',1,(#9803,#9804),.UNSPECIFIED.,.F.,.F.,
(2,2),(-0.412667534779678,0.),.UNSPECIFIED.);
#3508=B_SPLINE_CURVE_WITH_KNOTS('',1,(#9805,#9806),.UNSPECIFIED.,.F.,.F.,
(2,2),(-0.471238898038577,0.),.UNSPECIFIED.);
#3509=B_SPLINE_CURVE_WITH_KNOTS('',1,(#9807,#9808),.UNSPECIFIED.,.F.,.F.,
(2,2),(0.,0.412667534779678),.UNSPECIFIED.);
#3510=B_SPLINE_CURVE_WITH_KNOTS('',1,(#9809,#9810),.UNSPECIFIED.,.F.,.F.,
(2,2),(0.,0.471238898038577),.UNSPECIFIED.);
#3511=B_SPLINE_CURVE_WITH_KNOTS('',1,(#9811,#9812),.UNSPECIFIED.,.F.,.F.,
(2,2),(-0.412667534779679,0.),.UNSPECIFIED.);
#3512=B_SPLINE_CURVE_WITH_KNOTS('',1,(#9813,#9814),.UNSPECIFIED.,.F.,.F.,
(2,2),(-11.9380520836412,-5.96902604182061),.UNSPECIFIED.);
#3513=B_SPLINE_CURVE_WITH_KNOTS('',1,(#9815,#9816),.UNSPECIFIED.,.F.,.F.,
(2,2),(0.,0.412667534779679),.UNSPECIFIED.);
#3514=B_SPLINE_CURVE_WITH_KNOTS('',1,(#9817,#9818),.UNSPECIFIED.,.F.,.F.,
(2,2),(5.96902604182061,11.9380520836412),.UNSPECIFIED.);
#3515=B_SPLINE_CURVE_WITH_KNOTS('',1,(#9883,#9884),.UNSPECIFIED.,.F.,.F.,
(2,2),(0.,1.38733246522032),.UNSPECIFIED.);
#3516=B_SPLINE_CURVE_WITH_KNOTS('',3,(#9885,#9886,#9887,#9888),
 .UNSPECIFIED.,.F.,.F.,(4,4),(0.,1.38733246522032),.UNSPECIFIED.);
#3517=B_SPLINE_CURVE_WITH_KNOTS('',1,(#9889,#9890),.UNSPECIFIED.,.F.,.F.,
(2,2),(19.8,25.7),.UNSPECIFIED.);
#3518=B_SPLINE_CURVE_WITH_KNOTS('',1,(#9891,#9892),.UNSPECIFIED.,.F.,.F.,
(2,2),(19.8,25.7),.UNSPECIFIED.);
#3519=B_SPLINE_CURVE_WITH_KNOTS('',1,(#9893,#9894),.UNSPECIFIED.,.F.,.F.,
(2,2),(0.,1.38733246522032),.UNSPECIFIED.);
#3520=B_SPLINE_CURVE_WITH_KNOTS('',3,(#9895,#9896,#9897,#9898),
 .UNSPECIFIED.,.F.,.F.,(4,4),(0.,1.38733246522032),.UNSPECIFIED.);
#3521=B_SPLINE_CURVE_WITH_KNOTS('',1,(#9899,#9900),.UNSPECIFIED.,.F.,.F.,
(2,2),(-25.7,-19.8),.UNSPECIFIED.);
#3522=B_SPLINE_CURVE_WITH_KNOTS('',1,(#9901,#9902),.UNSPECIFIED.,.F.,.F.,
(2,2),(-25.7,-19.8),.UNSPECIFIED.);
#3523=B_SPLINE_CURVE_WITH_KNOTS('',3,(#9906,#9907,#9908,#9909,#9910,#9911,
#9912,#9913,#9914,#9915,#9916,#9917,#9918,#9919,#9920,#9921,#9922,#9923,
#9924,#9925,#9926,#9927,#9928,#9929,#9930,#9931,#9932,#9933,#9934,#9935,
#9936,#9937,#9938,#9939,#9940,#9941,#9942,#9943,#9944,#9945,#9946,#9947,
#9948,#9949,#9950,#9951,#9952,#9953,#9954,#9955,#9956,#9957),
 .UNSPECIFIED.,.F.,.F.,(4,3,3,3,3,3,3,3,3,3,3,3,3,3,3,3,3,4),(-0.471238898038643,
-0.445858298007934,-0.419668945712025,-0.39273584241948,-0.365139639817472,
-0.336976143379754,-0.308355050063283,-0.279397901626596,-0.250235309789998,
-0.22100358824867,-0.191840996412046,-0.162883847975358,-0.134262754658883,
-0.106099258221179,-0.0785030556191701,-0.0515699523266252,-0.0253806000307201,
0.),.UNSPECIFIED.);
#3524=B_SPLINE_CURVE_WITH_KNOTS('',1,(#9958,#9959),.UNSPECIFIED.,.F.,.F.,
(2,2),(-19.2,-13.3),.UNSPECIFIED.);
#3525=B_SPLINE_CURVE_WITH_KNOTS('',1,(#9960,#9961),.UNSPECIFIED.,.F.,.F.,
(2,2),(-19.2,-13.3),.UNSPECIFIED.);
#3526=B_SPLINE_CURVE_WITH_KNOTS('',3,(#9965,#9966,#9967,#9968,#9969,#9970,
#9971,#9972,#9973,#9974,#9975,#9976,#9977,#9978,#9979,#9980,#9981,#9982,
#9983,#9984,#9985,#9986,#9987,#9988,#9989,#9990,#9991,#9992,#9993,#9994,
#9995,#9996,#9997,#9998,#9999,#10000,#10001,#10002,#10003,#10004,#10005,
#10006,#10007,#10008,#10009,#10010,#10011,#10012,#10013,#10014,#10015,#10016),
 .UNSPECIFIED.,.F.,.F.,(4,3,3,3,3,3,3,3,3,3,3,3,3,3,3,3,3,4),(-0.471238898038648,
-0.445858298007966,-0.419668945712055,-0.392735842419508,-0.365139639817501,
-0.336976143379769,-0.308355050063313,-0.279397901626632,-0.250235309790004,
-0.221003588248674,-0.19184099641207,-0.162883847975384,-0.13426275465892,
-0.106099258221203,-0.0785030556191885,-0.0515699523266487,-0.0253806000307296,
0.),.UNSPECIFIED.);
#3527=B_SPLINE_CURVE_WITH_KNOTS('',1,(#10017,#10018),.UNSPECIFIED.,.F.,
 .F.,(2,2),(-12.7,-6.79999999999999),.UNSPECIFIED.);
#3528=B_SPLINE_CURVE_WITH_KNOTS('',1,(#10019,#10020),.UNSPECIFIED.,.F.,
 .F.,(2,2),(-12.7,-6.79999999999999),.UNSPECIFIED.);
#3529=B_SPLINE_CURVE_WITH_KNOTS('',3,(#10024,#10025,#10026,#10027,#10028,
#10029,#10030,#10031,#10032,#10033,#10034,#10035,#10036,#10037,#10038,#10039,
#10040,#10041,#10042,#10043,#10044,#10045,#10046,#10047,#10048,#10049,#10050,
#10051,#10052,#10053,#10054,#10055,#10056,#10057,#10058,#10059,#10060,#10061,
#10062,#10063,#10064,#10065,#10066,#10067,#10068,#10069,#10070,#10071,#10072,
#10073,#10074,#10075),.UNSPECIFIED.,.F.,.F.,(4,3,3,3,3,3,3,3,3,3,3,3,3,
3,3,3,3,4),(-0.471238898038586,-0.445858298007903,-0.419668945711992,-0.392735842419456,
-0.365139639817443,-0.33697614337972,-0.308355050063264,-0.279397901626575,
-0.250235309789975,-0.221003588248657,-0.191840996412065,-0.162883847975365,
-0.134262754658907,-0.106099258221189,-0.0785030556191949,-0.0515699523266361,
-0.0253806000307369,0.),.UNSPECIFIED.);
#3530=B_SPLINE_CURVE_WITH_KNOTS('',1,(#10076,#10077),.UNSPECIFIED.,.F.,
 .F.,(2,2),(-6.2,-0.299999999999986),.UNSPECIFIED.);
#3531=B_SPLINE_CURVE_WITH_KNOTS('',1,(#10078,#10079),.UNSPECIFIED.,.F.,
 .F.,(2,2),(-6.2,-0.299999999999986),.UNSPECIFIED.);
#3532=B_SPLINE_CURVE_WITH_KNOTS('',3,(#10083,#10084,#10085,#10086,#10087,
#10088,#10089,#10090,#10091,#10092,#10093,#10094,#10095,#10096,#10097,#10098,
#10099,#10100,#10101,#10102,#10103,#10104,#10105,#10106,#10107,#10108,#10109,
#10110,#10111,#10112,#10113,#10114,#10115,#10116,#10117,#10118,#10119,#10120,
#10121,#10122,#10123,#10124,#10125,#10126,#10127,#10128,#10129,#10130,#10131,
#10132,#10133,#10134),.UNSPECIFIED.,.F.,.F.,(4,3,3,3,3,3,3,3,3,3,3,3,3,
3,3,3,3,4),(0.,0.0253806000307286,0.0515699523266418,0.0785030556191956,
0.106099258221197,0.134262754658917,0.162883847975387,0.191840996412075,
0.221003588248694,0.250235309790022,0.279397901626637,0.308355050063339,
0.336976143379808,0.365139639817524,0.392735842419534,0.419668945712092,
0.445858298007996,0.471238898038742),.UNSPECIFIED.);
#3533=B_SPLINE_CURVE_WITH_KNOTS('',1,(#10135,#10136),.UNSPECIFIED.,.F.,
 .F.,(2,2),(19.8,25.7),.UNSPECIFIED.);
#3534=B_SPLINE_CURVE_WITH_KNOTS('',1,(#10137,#10138),.UNSPECIFIED.,.F.,
 .F.,(2,2),(-25.7,-19.8),.UNSPECIFIED.);
#3535=B_SPLINE_CURVE_WITH_KNOTS('',3,(#10142,#10143,#10144,#10145,#10146,
#10147,#10148,#10149,#10150,#10151,#10152,#10153,#10154,#10155,#10156,#10157,
#10158,#10159,#10160,#10161,#10162,#10163,#10164,#10165,#10166,#10167,#10168,
#10169,#10170,#10171,#10172,#10173,#10174,#10175,#10176,#10177,#10178,#10179,
#10180,#10181,#10182,#10183,#10184,#10185,#10186,#10187,#10188,#10189,#10190,
#10191,#10192,#10193),.UNSPECIFIED.,.F.,.F.,(4,3,3,3,3,3,3,3,3,3,3,3,3,
3,3,3,3,4),(-0.471238898038742,-0.445858298007997,-0.419668945712093,-0.392735842419556,
-0.365139639817534,-0.336976143379811,-0.308355050063339,-0.279397901626652,
-0.250235309790039,-0.221003588248718,-0.191840996412098,-0.162883847975392,
-0.134262754658939,-0.106099258221203,-0.0785030556191894,-0.0515699523266419,
-0.0253806000307505,0.),.UNSPECIFIED.);
#3536=B_SPLINE_CURVE_WITH_KNOTS('',1,(#10194,#10195),.UNSPECIFIED.,.F.,
 .F.,(2,2),(0.300000000000001,6.20000000000001),.UNSPECIFIED.);
#3537=B_SPLINE_CURVE_WITH_KNOTS('',1,(#10196,#10197),.UNSPECIFIED.,.F.,
 .F.,(2,2),(0.300000000000001,6.20000000000001),.UNSPECIFIED.);
#3538=B_SPLINE_CURVE_WITH_KNOTS('',3,(#10201,#10202,#10203,#10204,#10205,
#10206,#10207,#10208,#10209,#10210,#10211,#10212,#10213,#10214,#10215,#10216,
#10217,#10218,#10219,#10220,#10221,#10222,#10223,#10224,#10225,#10226,#10227,
#10228,#10229,#10230,#10231,#10232,#10233,#10234,#10235,#10236,#10237,#10238,
#10239,#10240,#10241,#10242,#10243,#10244,#10245,#10246,#10247,#10248,#10249,
#10250,#10251,#10252),.UNSPECIFIED.,.F.,.F.,(4,3,3,3,3,3,3,3,3,3,3,3,3,
3,3,3,3,4),(0.,0.0253806000307512,0.0515699523266294,0.0785030556191946,
0.106099258221188,0.134262754658909,0.162883847975367,0.191840996412043,
0.221003588248657,0.25023530978998,0.279397901626591,0.308355050063275,
0.336976143379744,0.365139639817441,0.392735842419452,0.419668945711989,
0.445858298007902,0.471238898038586),.UNSPECIFIED.);
#3539=B_SPLINE_CURVE_WITH_KNOTS('',1,(#10253,#10254),.UNSPECIFIED.,.F.,
 .F.,(2,2),(6.79999999999999,12.7),.UNSPECIFIED.);
#3540=B_SPLINE_CURVE_WITH_KNOTS('',1,(#10255,#10256),.UNSPECIFIED.,.F.,
 .F.,(2,2),(6.79999999999999,12.7),.UNSPECIFIED.);
#3541=B_SPLINE_CURVE_WITH_KNOTS('',3,(#10260,#10261,#10262,#10263,#10264,
#10265,#10266,#10267,#10268,#10269,#10270,#10271,#10272,#10273,#10274,#10275,
#10276,#10277,#10278,#10279,#10280,#10281,#10282,#10283,#10284,#10285,#10286,
#10287,#10288,#10289,#10290,#10291,#10292,#10293,#10294,#10295,#10296,#10297,
#10298,#10299,#10300,#10301,#10302,#10303,#10304,#10305,#10306,#10307,#10308,
#10309,#10310,#10311),.UNSPECIFIED.,.F.,.F.,(4,3,3,3,3,3,3,3,3,3,3,3,3,
3,3,3,3,4),(0.,0.025380600030751,0.0515699523266468,0.0785030556191942,
0.106099258221204,0.134262754658928,0.162883847975383,0.191840996412073,
0.221003588248691,0.250235309790014,0.279397901626624,0.308355050063314,
0.336976143379772,0.365139639817499,0.392735842419492,0.419668945712042,
0.445858298007952,0.471238898038648),.UNSPECIFIED.);
#3542=B_SPLINE_CURVE_WITH_KNOTS('',1,(#10312,#10313),.UNSPECIFIED.,.F.,
 .F.,(2,2),(13.3,19.2),.UNSPECIFIED.);
#3543=B_SPLINE_CURVE_WITH_KNOTS('',1,(#10314,#10315),.UNSPECIFIED.,.F.,
 .F.,(2,2),(13.3,19.2),.UNSPECIFIED.);
#3544=B_SPLINE_CURVE_WITH_KNOTS('',3,(#10319,#10320,#10321,#10322,#10323,
#10324,#10325,#10326,#10327,#10328,#10329,#10330,#10331,#10332,#10333,#10334,
#10335,#10336,#10337,#10338,#10339,#10340,#10341,#10342,#10343,#10344,#10345,
#10346,#10347,#10348,#10349,#10350,#10351,#10352,#10353,#10354,#10355,#10356,
#10357,#10358,#10359,#10360,#10361,#10362,#10363,#10364,#10365,#10366,#10367,
#10368,#10369,#10370),.UNSPECIFIED.,.F.,.F.,(4,3,3,3,3,3,3,3,3,3,3,3,3,
3,3,3,3,4),(0.,0.0253806000307204,0.0515699523266085,0.078503055619173,
0.106099258221172,0.134262754658893,0.162883847975348,0.191840996412047,
0.221003588248649,0.25023530978997,0.279397901626597,0.308355050063287,
0.336976143379738,0.365139639817466,0.392735842419479,0.419668945712033,
0.44585829800793,0.471238898038643),.UNSPECIFIED.);
#3545=B_SPLINE_CURVE_WITH_KNOTS('',1,(#10371,#10372),.UNSPECIFIED.,.F.,
 .F.,(2,2),(0.,1.38733246522032),.UNSPECIFIED.);
#3546=B_SPLINE_CURVE_WITH_KNOTS('',1,(#10373,#10374),.UNSPECIFIED.,.F.,
 .F.,(2,2),(0.,1.38733246522032),.UNSPECIFIED.);
#3547=B_SPLINE_CURVE_WITH_KNOTS('',1,(#10375,#10376),.UNSPECIFIED.,.F.,
 .F.,(2,2),(-0.471238898038742,0.),.UNSPECIFIED.);
#3548=B_SPLINE_CURVE_WITH_KNOTS('',1,(#10377,#10378),.UNSPECIFIED.,.F.,
 .F.,(2,2),(0.,1.38733246522032),.UNSPECIFIED.);
#3549=B_SPLINE_CURVE_WITH_KNOTS('',1,(#10379,#10380),.UNSPECIFIED.,.F.,
 .F.,(2,2),(0.,0.471238898038742),.UNSPECIFIED.);
#3550=B_SPLINE_CURVE_WITH_KNOTS('',1,(#10381,#10382),.UNSPECIFIED.,.F.,
 .F.,(2,2),(0.,1.38733246522032),.UNSPECIFIED.);
#3551=B_SPLINE_CURVE_WITH_KNOTS('',3,(#10383,#10384,#10385,#10386),
 .UNSPECIFIED.,.F.,.F.,(4,4),(0.,1.38733246522032),.UNSPECIFIED.);
#3552=B_SPLINE_CURVE_WITH_KNOTS('',1,(#10387,#10388),.UNSPECIFIED.,.F.,
 .F.,(2,2),(-12.7,-6.79999999999999),.UNSPECIFIED.);
#3553=B_SPLINE_CURVE_WITH_KNOTS('',1,(#10389,#10390),.UNSPECIFIED.,.F.,
 .F.,(2,2),(-1.38733246522032,0.),.UNSPECIFIED.);
#3554=B_SPLINE_CURVE_WITH_KNOTS('',3,(#10391,#10392,#10393,#10394),
 .UNSPECIFIED.,.F.,.F.,(4,4),(-1.38733246522032,0.),.UNSPECIFIED.);
#3555=B_SPLINE_CURVE_WITH_KNOTS('',1,(#10395,#10396),.UNSPECIFIED.,.F.,
 .F.,(2,2),(6.79999999999999,12.7),.UNSPECIFIED.);
#3556=B_SPLINE_CURVE_WITH_KNOTS('',1,(#10397,#10398),.UNSPECIFIED.,.F.,
 .F.,(2,2),(0.,1.38733246522032),.UNSPECIFIED.);
#3557=B_SPLINE_CURVE_WITH_KNOTS('',3,(#10399,#10400,#10401,#10402),
 .UNSPECIFIED.,.F.,.F.,(4,4),(0.,1.38733246522032),.UNSPECIFIED.);
#3558=B_SPLINE_CURVE_WITH_KNOTS('',1,(#10403,#10404),.UNSPECIFIED.,.F.,
 .F.,(2,2),(-19.2,-13.3),.UNSPECIFIED.);
#3559=B_SPLINE_CURVE_WITH_KNOTS('',1,(#10405,#10406),.UNSPECIFIED.,.F.,
 .F.,(2,2),(-1.38733246522032,0.),.UNSPECIFIED.);
#3560=B_SPLINE_CURVE_WITH_KNOTS('',3,(#10407,#10408,#10409,#10410),
 .UNSPECIFIED.,.F.,.F.,(4,4),(-1.38733246522032,0.),.UNSPECIFIED.);
#3561=B_SPLINE_CURVE_WITH_KNOTS('',1,(#10411,#10412),.UNSPECIFIED.,.F.,
 .F.,(2,2),(13.3,19.2),.UNSPECIFIED.);
#3562=B_SPLINE_CURVE_WITH_KNOTS('',1,(#10413,#10414),.UNSPECIFIED.,.F.,
 .F.,(2,2),(0.300000000000001,6.20000000000001),.UNSPECIFIED.);
#3563=B_SPLINE_CURVE_WITH_KNOTS('',3,(#10415,#10416,#10417,#10418),
 .UNSPECIFIED.,.F.,.F.,(4,4),(0.,1.38733246522032),.UNSPECIFIED.);
#3564=B_SPLINE_CURVE_WITH_KNOTS('',1,(#10419,#10420),.UNSPECIFIED.,.F.,
 .F.,(2,2),(-6.2,-0.299999999999986),.UNSPECIFIED.);
#3565=B_SPLINE_CURVE_WITH_KNOTS('',1,(#10421,#10422),.UNSPECIFIED.,.F.,
 .F.,(2,2),(-1.38733246522032,0.),.UNSPECIFIED.);
#3566=B_SPLINE_CURVE_WITH_KNOTS('',3,(#10423,#10424,#10425,#10426),
 .UNSPECIFIED.,.F.,.F.,(4,4),(-1.38733246522032,0.),.UNSPECIFIED.);
#3567=B_SPLINE_CURVE_WITH_KNOTS('',1,(#10427,#10428),.UNSPECIFIED.,.F.,
 .F.,(2,2),(-1.38733246522032,0.),.UNSPECIFIED.);
#3568=B_SPLINE_CURVE_WITH_KNOTS('',1,(#10429,#10430),.UNSPECIFIED.,.F.,
 .F.,(2,2),(-0.471238898038586,0.),.UNSPECIFIED.);
#3569=B_SPLINE_CURVE_WITH_KNOTS('',1,(#10431,#10432),.UNSPECIFIED.,.F.,
 .F.,(2,2),(0.,1.38733246522032),.UNSPECIFIED.);
#3570=B_SPLINE_CURVE_WITH_KNOTS('',1,(#10433,#10434),.UNSPECIFIED.,.F.,
 .F.,(2,2),(0.,0.471238898038586),.UNSPECIFIED.);
#3571=B_SPLINE_CURVE_WITH_KNOTS('',1,(#10435,#10436),.UNSPECIFIED.,.F.,
 .F.,(2,2),(-1.38733246522032,0.),.UNSPECIFIED.);
#3572=B_SPLINE_CURVE_WITH_KNOTS('',1,(#10437,#10438),.UNSPECIFIED.,.F.,
 .F.,(2,2),(-0.471238898038648,0.),.UNSPECIFIED.);
#3573=B_SPLINE_CURVE_WITH_KNOTS('',1,(#10439,#10440),.UNSPECIFIED.,.F.,
 .F.,(2,2),(0.,1.38733246522032),.UNSPECIFIED.);
#3574=B_SPLINE_CURVE_WITH_KNOTS('',1,(#10441,#10442),.UNSPECIFIED.,.F.,
 .F.,(2,2),(0.,0.471238898038648),.UNSPECIFIED.);
#3575=B_SPLINE_CURVE_WITH_KNOTS('',1,(#10443,#10444),.UNSPECIFIED.,.F.,
 .F.,(2,2),(-1.38733246522032,0.),.UNSPECIFIED.);
#3576=B_SPLINE_CURVE_WITH_KNOTS('',1,(#10445,#10446),.UNSPECIFIED.,.F.,
 .F.,(2,2),(-0.471238898038643,0.),.UNSPECIFIED.);
#3577=B_SPLINE_CURVE_WITH_KNOTS('',1,(#10447,#10448),.UNSPECIFIED.,.F.,
 .F.,(2,2),(0.,1.38733246522032),.UNSPECIFIED.);
#3578=B_SPLINE_CURVE_WITH_KNOTS('',1,(#10449,#10450),.UNSPECIFIED.,.F.,
 .F.,(2,2),(0.,0.471238898038643),.UNSPECIFIED.);
#3579=SURFACE_CURVE('',#4283,(#1299,#1314),.PCURVE_S1.);
#3580=SURFACE_CURVE('',#4284,(#1300,#1308),.PCURVE_S1.);
#3581=SURFACE_CURVE('',#4285,(#1301,#1312),.PCURVE_S1.);
#3582=SURFACE_CURVE('',#4286,(#1302,#1310),.PCURVE_S1.);
#3583=SURFACE_CURVE('',#4287,(#1303,#1306),.PCURVE_S1.);
#3584=SURFACE_CURVE('',#4289,(#1304,#1317),.PCURVE_S1.);
#3585=SURFACE_CURVE('',#4291,(#1305,#1318),.PCURVE_S1.);
#3586=SURFACE_CURVE('',#4292,(#1307,#1316),.PCURVE_S1.);
#3587=SURFACE_CURVE('',#4293,(#1309,#1311),.PCURVE_S1.);
#3588=SURFACE_CURVE('',#4296,(#1313,#1315),.PCURVE_S1.);
#3589=SURFACE_CURVE('',#2723,(#1319,#1355),.PCURVE_S1.);
#3590=SURFACE_CURVE('',#2725,(#1320,#1346),.PCURVE_S1.);
#3591=SURFACE_CURVE('',#2727,(#1321,#1347),.PCURVE_S1.);
#3592=SURFACE_CURVE('',#2729,(#1322,#1351),.PCURVE_S1.);
#3593=SURFACE_CURVE('',#2731,(#1323,#1349),.PCURVE_S1.);
#3594=SURFACE_CURVE('',#2733,(#1324,#1362),.PCURVE_S1.);
#3595=SURFACE_CURVE('',#2735,(#1325,#1363),.PCURVE_S1.);
#3596=SURFACE_CURVE('',#2737,(#1326,#1367),.PCURVE_S1.);
#3597=SURFACE_CURVE('',#2739,(#1327,#1374),.PCURVE_S1.);
#3598=SURFACE_CURVE('',#2741,(#1328,#1375),.PCURVE_S1.);
#3599=SURFACE_CURVE('',#2743,(#1329,#1379),.PCURVE_S1.);
#3600=SURFACE_CURVE('',#2745,(#1330,#1365),.PCURVE_S1.);
#3601=SURFACE_CURVE('',#2747,(#1331,#1377),.PCURVE_S1.);
#3602=SURFACE_CURVE('',#2749,(#1332,#1386),.PCURVE_S1.);
#3603=SURFACE_CURVE('',#2751,(#1333,#1357),.PCURVE_S1.);
#3604=SURFACE_CURVE('',#2753,(#1334,#1387),.PCURVE_S1.);
#3605=SURFACE_CURVE('',#2755,(#1335,#1372),.PCURVE_S1.);
#3606=SURFACE_CURVE('',#2757,(#1336,#1360),.PCURVE_S1.);
#3607=SURFACE_CURVE('',#2759,(#1337,#1344),.PCURVE_S1.);
#3608=SURFACE_CURVE('',#2761,(#1338,#1384),.PCURVE_S1.);
#3609=SURFACE_CURVE('',#2763,(#1339,#1369),.PCURVE_S1.);
#3610=SURFACE_CURVE('',#2765,(#1340,#1381),.PCURVE_S1.);
#3611=SURFACE_CURVE('',#2767,(#1341,#1389),.PCURVE_S1.);
#3612=SURFACE_CURVE('',#2769,(#1342,#1353),.PCURVE_S1.);
#3613=SURFACE_CURVE('',#4297,(#1343,#1393),.PCURVE_S1.);
#3614=SURFACE_CURVE('',#4298,(#1345,#1394),.PCURVE_S1.);
#3615=SURFACE_CURVE('',#4299,(#1348,#1396),.PCURVE_S1.);
#3616=SURFACE_CURVE('',#4300,(#1350,#1397),.PCURVE_S1.);
#3617=SURFACE_CURVE('',#4301,(#1352,#1399),.PCURVE_S1.);
#3618=SURFACE_CURVE('',#4302,(#1354,#1400),.PCURVE_S1.);
#3619=SURFACE_CURVE('',#4303,(#1356,#1402),.PCURVE_S1.);
#3620=SURFACE_CURVE('',#4304,(#1358,#1391),.PCURVE_S1.);
#3621=SURFACE_CURVE('',#4305,(#1359,#1395),.PCURVE_S1.);
#3622=SURFACE_CURVE('',#4306,(#1361,#1403),.PCURVE_S1.);
#3623=SURFACE_CURVE('',#4307,(#1364,#1405),.PCURVE_S1.);
#3624=SURFACE_CURVE('',#4308,(#1366,#1406),.PCURVE_S1.);
#3625=SURFACE_CURVE('',#4309,(#1368,#1408),.PCURVE_S1.);
#3626=SURFACE_CURVE('',#4310,(#1370,#1398),.PCURVE_S1.);
#3627=SURFACE_CURVE('',#4311,(#1371,#1404),.PCURVE_S1.);
#3628=SURFACE_CURVE('',#4312,(#1373,#1409),.PCURVE_S1.);
#3629=SURFACE_CURVE('',#4313,(#1376,#1411),.PCURVE_S1.);
#3630=SURFACE_CURVE('',#4314,(#1378,#1412),.PCURVE_S1.);
#3631=SURFACE_CURVE('',#4315,(#1380,#1414),.PCURVE_S1.);
#3632=SURFACE_CURVE('',#4316,(#1382,#1407),.PCURVE_S1.);
#3633=SURFACE_CURVE('',#4317,(#1383,#1410),.PCURVE_S1.);
#3634=SURFACE_CURVE('',#4318,(#1385,#1392),.PCURVE_S1.);
#3635=SURFACE_CURVE('',#4319,(#1388,#1401),.PCURVE_S1.);
#3636=SURFACE_CURVE('',#4320,(#1390,#1413),.PCURVE_S1.);
#3637=SURFACE_CURVE('',#2843,(#1415,#1451),.PCURVE_S1.);
#3638=SURFACE_CURVE('',#2845,(#1416,#1442),.PCURVE_S1.);
#3639=SURFACE_CURVE('',#2847,(#1417,#1443),.PCURVE_S1.);
#3640=SURFACE_CURVE('',#2849,(#1418,#1447),.PCURVE_S1.);
#3641=SURFACE_CURVE('',#2851,(#1419,#1445),.PCURVE_S1.);
#3642=SURFACE_CURVE('',#2853,(#1420,#1458),.PCURVE_S1.);
#3643=SURFACE_CURVE('',#2855,(#1421,#1459),.PCURVE_S1.);
#3644=SURFACE_CURVE('',#2857,(#1422,#1463),.PCURVE_S1.);
#3645=SURFACE_CURVE('',#2859,(#1423,#1470),.PCURVE_S1.);
#3646=SURFACE_CURVE('',#2861,(#1424,#1471),.PCURVE_S1.);
#3647=SURFACE_CURVE('',#2863,(#1425,#1475),.PCURVE_S1.);
#3648=SURFACE_CURVE('',#2865,(#1426,#1461),.PCURVE_S1.);
#3649=SURFACE_CURVE('',#2867,(#1427,#1473),.PCURVE_S1.);
#3650=SURFACE_CURVE('',#2869,(#1428,#1482),.PCURVE_S1.);
#3651=SURFACE_CURVE('',#2871,(#1429,#1453),.PCURVE_S1.);
#3652=SURFACE_CURVE('',#2873,(#1430,#1483),.PCURVE_S1.);
#3653=SURFACE_CURVE('',#2875,(#1431,#1468),.PCURVE_S1.);
#3654=SURFACE_CURVE('',#2877,(#1432,#1456),.PCURVE_S1.);
#3655=SURFACE_CURVE('',#2879,(#1433,#1440),.PCURVE_S1.);
#3656=SURFACE_CURVE('',#2881,(#1434,#1480),.PCURVE_S1.);
#3657=SURFACE_CURVE('',#2883,(#1435,#1465),.PCURVE_S1.);
#3658=SURFACE_CURVE('',#2885,(#1436,#1477),.PCURVE_S1.);
#3659=SURFACE_CURVE('',#2887,(#1437,#1485),.PCURVE_S1.);
#3660=SURFACE_CURVE('',#2889,(#1438,#1449),.PCURVE_S1.);
#3661=SURFACE_CURVE('',#4321,(#1439,#1489),.PCURVE_S1.);
#3662=SURFACE_CURVE('',#4322,(#1441,#1490),.PCURVE_S1.);
#3663=SURFACE_CURVE('',#4323,(#1444,#1492),.PCURVE_S1.);
#3664=SURFACE_CURVE('',#4324,(#1446,#1493),.PCURVE_S1.);
#3665=SURFACE_CURVE('',#4325,(#1448,#1495),.PCURVE_S1.);
#3666=SURFACE_CURVE('',#4326,(#1450,#1496),.PCURVE_S1.);
#3667=SURFACE_CURVE('',#4327,(#1452,#1498),.PCURVE_S1.);
#3668=SURFACE_CURVE('',#4328,(#1454,#1487),.PCURVE_S1.);
#3669=SURFACE_CURVE('',#4329,(#1455,#1491),.PCURVE_S1.);
#3670=SURFACE_CURVE('',#4330,(#1457,#1499),.PCURVE_S1.);
#3671=SURFACE_CURVE('',#4331,(#1460,#1501),.PCURVE_S1.);
#3672=SURFACE_CURVE('',#4332,(#1462,#1502),.PCURVE_S1.);
#3673=SURFACE_CURVE('',#4333,(#1464,#1504),.PCURVE_S1.);
#3674=SURFACE_CURVE('',#4334,(#1466,#1494),.PCURVE_S1.);
#3675=SURFACE_CURVE('',#4335,(#1467,#1500),.PCURVE_S1.);
#3676=SURFACE_CURVE('',#4336,(#1469,#1505),.PCURVE_S1.);
#3677=SURFACE_CURVE('',#4337,(#1472,#1507),.PCURVE_S1.);
#3678=SURFACE_CURVE('',#4338,(#1474,#1508),.PCURVE_S1.);
#3679=SURFACE_CURVE('',#4339,(#1476,#1510),.PCURVE_S1.);
#3680=SURFACE_CURVE('',#4340,(#1478,#1503),.PCURVE_S1.);
#3681=SURFACE_CURVE('',#4341,(#1479,#1506),.PCURVE_S1.);
#3682=SURFACE_CURVE('',#4342,(#1481,#1488),.PCURVE_S1.);
#3683=SURFACE_CURVE('',#4343,(#1484,#1497),.PCURVE_S1.);
#3684=SURFACE_CURVE('',#4344,(#1486,#1509),.PCURVE_S1.);
#3685=SURFACE_CURVE('',#2963,(#1511,#1547),.PCURVE_S1.);
#3686=SURFACE_CURVE('',#2965,(#1512,#1538),.PCURVE_S1.);
#3687=SURFACE_CURVE('',#2967,(#1513,#1539),.PCURVE_S1.);
#3688=SURFACE_CURVE('',#2969,(#1514,#1543),.PCURVE_S1.);
#3689=SURFACE_CURVE('',#2971,(#1515,#1541),.PCURVE_S1.);
#3690=SURFACE_CURVE('',#2973,(#1516,#1554),.PCURVE_S1.);
#3691=SURFACE_CURVE('',#2975,(#1517,#1555),.PCURVE_S1.);
#3692=SURFACE_CURVE('',#2977,(#1518,#1559),.PCURVE_S1.);
#3693=SURFACE_CURVE('',#2979,(#1519,#1566),.PCURVE_S1.);
#3694=SURFACE_CURVE('',#2981,(#1520,#1567),.PCURVE_S1.);
#3695=SURFACE_CURVE('',#2983,(#1521,#1571),.PCURVE_S1.);
#3696=SURFACE_CURVE('',#2985,(#1522,#1557),.PCURVE_S1.);
#3697=SURFACE_CURVE('',#2987,(#1523,#1569),.PCURVE_S1.);
#3698=SURFACE_CURVE('',#2989,(#1524,#1578),.PCURVE_S1.);
#3699=SURFACE_CURVE('',#2991,(#1525,#1549),.PCURVE_S1.);
#3700=SURFACE_CURVE('',#2993,(#1526,#1579),.PCURVE_S1.);
#3701=SURFACE_CURVE('',#2995,(#1527,#1564),.PCURVE_S1.);
#3702=SURFACE_CURVE('',#2997,(#1528,#1552),.PCURVE_S1.);
#3703=SURFACE_CURVE('',#2999,(#1529,#1536),.PCURVE_S1.);
#3704=SURFACE_CURVE('',#3001,(#1530,#1576),.PCURVE_S1.);
#3705=SURFACE_CURVE('',#3003,(#1531,#1561),.PCURVE_S1.);
#3706=SURFACE_CURVE('',#3005,(#1532,#1573),.PCURVE_S1.);
#3707=SURFACE_CURVE('',#3007,(#1533,#1581),.PCURVE_S1.);
#3708=SURFACE_CURVE('',#3009,(#1534,#1545),.PCURVE_S1.);
#3709=SURFACE_CURVE('',#4345,(#1535,#1585),.PCURVE_S1.);
#3710=SURFACE_CURVE('',#4346,(#1537,#1586),.PCURVE_S1.);
#3711=SURFACE_CURVE('',#4347,(#1540,#1588),.PCURVE_S1.);
#3712=SURFACE_CURVE('',#4348,(#1542,#1589),.PCURVE_S1.);
#3713=SURFACE_CURVE('',#4349,(#1544,#1591),.PCURVE_S1.);
#3714=SURFACE_CURVE('',#4350,(#1546,#1592),.PCURVE_S1.);
#3715=SURFACE_CURVE('',#4351,(#1548,#1594),.PCURVE_S1.);
#3716=SURFACE_CURVE('',#4352,(#1550,#1583),.PCURVE_S1.);
#3717=SURFACE_CURVE('',#4353,(#1551,#1587),.PCURVE_S1.);
#3718=SURFACE_CURVE('',#4354,(#1553,#1595),.PCURVE_S1.);
#3719=SURFACE_CURVE('',#4355,(#1556,#1597),.PCURVE_S1.);
#3720=SURFACE_CURVE('',#4356,(#1558,#1598),.PCURVE_S1.);
#3721=SURFACE_CURVE('',#4357,(#1560,#1600),.PCURVE_S1.);
#3722=SURFACE_CURVE('',#4358,(#1562,#1590),.PCURVE_S1.);
#3723=SURFACE_CURVE('',#4359,(#1563,#1596),.PCURVE_S1.);
#3724=SURFACE_CURVE('',#4360,(#1565,#1601),.PCURVE_S1.);
#3725=SURFACE_CURVE('',#4361,(#1568,#1603),.PCURVE_S1.);
#3726=SURFACE_CURVE('',#4362,(#1570,#1604),.PCURVE_S1.);
#3727=SURFACE_CURVE('',#4363,(#1572,#1606),.PCURVE_S1.);
#3728=SURFACE_CURVE('',#4364,(#1574,#1599),.PCURVE_S1.);
#3729=SURFACE_CURVE('',#4365,(#1575,#1602),.PCURVE_S1.);
#3730=SURFACE_CURVE('',#4366,(#1577,#1584),.PCURVE_S1.);
#3731=SURFACE_CURVE('',#4367,(#1580,#1593),.PCURVE_S1.);
#3732=SURFACE_CURVE('',#4368,(#1582,#1605),.PCURVE_S1.);
#3733=SURFACE_CURVE('',#3083,(#1607,#1643),.PCURVE_S1.);
#3734=SURFACE_CURVE('',#3085,(#1608,#1634),.PCURVE_S1.);
#3735=SURFACE_CURVE('',#3087,(#1609,#1635),.PCURVE_S1.);
#3736=SURFACE_CURVE('',#3089,(#1610,#1639),.PCURVE_S1.);
#3737=SURFACE_CURVE('',#3091,(#1611,#1637),.PCURVE_S1.);
#3738=SURFACE_CURVE('',#3093,(#1612,#1650),.PCURVE_S1.);
#3739=SURFACE_CURVE('',#3095,(#1613,#1651),.PCURVE_S1.);
#3740=SURFACE_CURVE('',#3097,(#1614,#1655),.PCURVE_S1.);
#3741=SURFACE_CURVE('',#3099,(#1615,#1662),.PCURVE_S1.);
#3742=SURFACE_CURVE('',#3101,(#1616,#1663),.PCURVE_S1.);
#3743=SURFACE_CURVE('',#3103,(#1617,#1667),.PCURVE_S1.);
#3744=SURFACE_CURVE('',#3105,(#1618,#1653),.PCURVE_S1.);
#3745=SURFACE_CURVE('',#3107,(#1619,#1665),.PCURVE_S1.);
#3746=SURFACE_CURVE('',#3109,(#1620,#1674),.PCURVE_S1.);
#3747=SURFACE_CURVE('',#3111,(#1621,#1645),.PCURVE_S1.);
#3748=SURFACE_CURVE('',#3113,(#1622,#1675),.PCURVE_S1.);
#3749=SURFACE_CURVE('',#3115,(#1623,#1660),.PCURVE_S1.);
#3750=SURFACE_CURVE('',#3117,(#1624,#1648),.PCURVE_S1.);
#3751=SURFACE_CURVE('',#3119,(#1625,#1632),.PCURVE_S1.);
#3752=SURFACE_CURVE('',#3121,(#1626,#1672),.PCURVE_S1.);
#3753=SURFACE_CURVE('',#3123,(#1627,#1657),.PCURVE_S1.);
#3754=SURFACE_CURVE('',#3125,(#1628,#1669),.PCURVE_S1.);
#3755=SURFACE_CURVE('',#3127,(#1629,#1677),.PCURVE_S1.);
#3756=SURFACE_CURVE('',#3129,(#1630,#1641),.PCURVE_S1.);
#3757=SURFACE_CURVE('',#4369,(#1631,#1681),.PCURVE_S1.);
#3758=SURFACE_CURVE('',#4370,(#1633,#1682),.PCURVE_S1.);
#3759=SURFACE_CURVE('',#4371,(#1636,#1684),.PCURVE_S1.);
#3760=SURFACE_CURVE('',#4372,(#1638,#1685),.PCURVE_S1.);
#3761=SURFACE_CURVE('',#4373,(#1640,#1687),.PCURVE_S1.);
#3762=SURFACE_CURVE('',#4374,(#1642,#1688),.PCURVE_S1.);
#3763=SURFACE_CURVE('',#4375,(#1644,#1690),.PCURVE_S1.);
#3764=SURFACE_CURVE('',#4376,(#1646,#1679),.PCURVE_S1.);
#3765=SURFACE_CURVE('',#4377,(#1647,#1683),.PCURVE_S1.);
#3766=SURFACE_CURVE('',#4378,(#1649,#1691),.PCURVE_S1.);
#3767=SURFACE_CURVE('',#4379,(#1652,#1693),.PCURVE_S1.);
#3768=SURFACE_CURVE('',#4380,(#1654,#1694),.PCURVE_S1.);
#3769=SURFACE_CURVE('',#4381,(#1656,#1696),.PCURVE_S1.);
#3770=SURFACE_CURVE('',#4382,(#1658,#1686),.PCURVE_S1.);
#3771=SURFACE_CURVE('',#4383,(#1659,#1692),.PCURVE_S1.);
#3772=SURFACE_CURVE('',#4384,(#1661,#1697),.PCURVE_S1.);
#3773=SURFACE_CURVE('',#4385,(#1664,#1699),.PCURVE_S1.);
#3774=SURFACE_CURVE('',#4386,(#1666,#1700),.PCURVE_S1.);
#3775=SURFACE_CURVE('',#4387,(#1668,#1702),.PCURVE_S1.);
#3776=SURFACE_CURVE('',#4388,(#1670,#1695),.PCURVE_S1.);
#3777=SURFACE_CURVE('',#4389,(#1671,#1698),.PCURVE_S1.);
#3778=SURFACE_CURVE('',#4390,(#1673,#1680),.PCURVE_S1.);
#3779=SURFACE_CURVE('',#4391,(#1676,#1689),.PCURVE_S1.);
#3780=SURFACE_CURVE('',#4392,(#1678,#1701),.PCURVE_S1.);
#3781=SURFACE_CURVE('',#3203,(#1703,#1739),.PCURVE_S1.);
#3782=SURFACE_CURVE('',#3205,(#1704,#1730),.PCURVE_S1.);
#3783=SURFACE_CURVE('',#3207,(#1705,#1731),.PCURVE_S1.);
#3784=SURFACE_CURVE('',#3209,(#1706,#1735),.PCURVE_S1.);
#3785=SURFACE_CURVE('',#3211,(#1707,#1733),.PCURVE_S1.);
#3786=SURFACE_CURVE('',#3213,(#1708,#1746),.PCURVE_S1.);
#3787=SURFACE_CURVE('',#3215,(#1709,#1747),.PCURVE_S1.);
#3788=SURFACE_CURVE('',#3217,(#1710,#1751),.PCURVE_S1.);
#3789=SURFACE_CURVE('',#3219,(#1711,#1758),.PCURVE_S1.);
#3790=SURFACE_CURVE('',#3221,(#1712,#1759),.PCURVE_S1.);
#3791=SURFACE_CURVE('',#3223,(#1713,#1763),.PCURVE_S1.);
#3792=SURFACE_CURVE('',#3225,(#1714,#1749),.PCURVE_S1.);
#3793=SURFACE_CURVE('',#3227,(#1715,#1761),.PCURVE_S1.);
#3794=SURFACE_CURVE('',#3229,(#1716,#1770),.PCURVE_S1.);
#3795=SURFACE_CURVE('',#3231,(#1717,#1741),.PCURVE_S1.);
#3796=SURFACE_CURVE('',#3233,(#1718,#1771),.PCURVE_S1.);
#3797=SURFACE_CURVE('',#3235,(#1719,#1756),.PCURVE_S1.);
#3798=SURFACE_CURVE('',#3237,(#1720,#1744),.PCURVE_S1.);
#3799=SURFACE_CURVE('',#3239,(#1721,#1728),.PCURVE_S1.);
#3800=SURFACE_CURVE('',#3241,(#1722,#1768),.PCURVE_S1.);
#3801=SURFACE_CURVE('',#3243,(#1723,#1753),.PCURVE_S1.);
#3802=SURFACE_CURVE('',#3245,(#1724,#1765),.PCURVE_S1.);
#3803=SURFACE_CURVE('',#3247,(#1725,#1773),.PCURVE_S1.);
#3804=SURFACE_CURVE('',#3249,(#1726,#1737),.PCURVE_S1.);
#3805=SURFACE_CURVE('',#4393,(#1727,#1777),.PCURVE_S1.);
#3806=SURFACE_CURVE('',#4394,(#1729,#1778),.PCURVE_S1.);
#3807=SURFACE_CURVE('',#4395,(#1732,#1780),.PCURVE_S1.);
#3808=SURFACE_CURVE('',#4396,(#1734,#1781),.PCURVE_S1.);
#3809=SURFACE_CURVE('',#4397,(#1736,#1783),.PCURVE_S1.);
#3810=SURFACE_CURVE('',#4398,(#1738,#1784),.PCURVE_S1.);
#3811=SURFACE_CURVE('',#4399,(#1740,#1786),.PCURVE_S1.);
#3812=SURFACE_CURVE('',#4400,(#1742,#1775),.PCURVE_S1.);
#3813=SURFACE_CURVE('',#4401,(#1743,#1779),.PCURVE_S1.);
#3814=SURFACE_CURVE('',#4402,(#1745,#1787),.PCURVE_S1.);
#3815=SURFACE_CURVE('',#4403,(#1748,#1789),.PCURVE_S1.);
#3816=SURFACE_CURVE('',#4404,(#1750,#1790),.PCURVE_S1.);
#3817=SURFACE_CURVE('',#4405,(#1752,#1792),.PCURVE_S1.);
#3818=SURFACE_CURVE('',#4406,(#1754,#1782),.PCURVE_S1.);
#3819=SURFACE_CURVE('',#4407,(#1755,#1788),.PCURVE_S1.);
#3820=SURFACE_CURVE('',#4408,(#1757,#1793),.PCURVE_S1.);
#3821=SURFACE_CURVE('',#4409,(#1760,#1795),.PCURVE_S1.);
#3822=SURFACE_CURVE('',#4410,(#1762,#1796),.PCURVE_S1.);
#3823=SURFACE_CURVE('',#4411,(#1764,#1798),.PCURVE_S1.);
#3824=SURFACE_CURVE('',#4412,(#1766,#1791),.PCURVE_S1.);
#3825=SURFACE_CURVE('',#4413,(#1767,#1794),.PCURVE_S1.);
#3826=SURFACE_CURVE('',#4414,(#1769,#1776),.PCURVE_S1.);
#3827=SURFACE_CURVE('',#4415,(#1772,#1785),.PCURVE_S1.);
#3828=SURFACE_CURVE('',#4416,(#1774,#1797),.PCURVE_S1.);
#3829=SURFACE_CURVE('',#3323,(#1799,#1835),.PCURVE_S1.);
#3830=SURFACE_CURVE('',#3325,(#1800,#1826),.PCURVE_S1.);
#3831=SURFACE_CURVE('',#3327,(#1801,#1827),.PCURVE_S1.);
#3832=SURFACE_CURVE('',#3329,(#1802,#1831),.PCURVE_S1.);
#3833=SURFACE_CURVE('',#3331,(#1803,#1829),.PCURVE_S1.);
#3834=SURFACE_CURVE('',#3333,(#1804,#1842),.PCURVE_S1.);
#3835=SURFACE_CURVE('',#3335,(#1805,#1843),.PCURVE_S1.);
#3836=SURFACE_CURVE('',#3337,(#1806,#1847),.PCURVE_S1.);
#3837=SURFACE_CURVE('',#3339,(#1807,#1854),.PCURVE_S1.);
#3838=SURFACE_CURVE('',#3341,(#1808,#1855),.PCURVE_S1.);
#3839=SURFACE_CURVE('',#3343,(#1809,#1859),.PCURVE_S1.);
#3840=SURFACE_CURVE('',#3345,(#1810,#1845),.PCURVE_S1.);
#3841=SURFACE_CURVE('',#3347,(#1811,#1857),.PCURVE_S1.);
#3842=SURFACE_CURVE('',#3349,(#1812,#1866),.PCURVE_S1.);
#3843=SURFACE_CURVE('',#3351,(#1813,#1837),.PCURVE_S1.);
#3844=SURFACE_CURVE('',#3353,(#1814,#1867),.PCURVE_S1.);
#3845=SURFACE_CURVE('',#3355,(#1815,#1852),.PCURVE_S1.);
#3846=SURFACE_CURVE('',#3357,(#1816,#1840),.PCURVE_S1.);
#3847=SURFACE_CURVE('',#3359,(#1817,#1824),.PCURVE_S1.);
#3848=SURFACE_CURVE('',#3361,(#1818,#1864),.PCURVE_S1.);
#3849=SURFACE_CURVE('',#3363,(#1819,#1849),.PCURVE_S1.);
#3850=SURFACE_CURVE('',#3365,(#1820,#1861),.PCURVE_S1.);
#3851=SURFACE_CURVE('',#3367,(#1821,#1869),.PCURVE_S1.);
#3852=SURFACE_CURVE('',#3369,(#1822,#1833),.PCURVE_S1.);
#3853=SURFACE_CURVE('',#4417,(#1823,#1873),.PCURVE_S1.);
#3854=SURFACE_CURVE('',#4418,(#1825,#1874),.PCURVE_S1.);
#3855=SURFACE_CURVE('',#4419,(#1828,#1876),.PCURVE_S1.);
#3856=SURFACE_CURVE('',#4420,(#1830,#1877),.PCURVE_S1.);
#3857=SURFACE_CURVE('',#4421,(#1832,#1879),.PCURVE_S1.);
#3858=SURFACE_CURVE('',#4422,(#1834,#1880),.PCURVE_S1.);
#3859=SURFACE_CURVE('',#4423,(#1836,#1882),.PCURVE_S1.);
#3860=SURFACE_CURVE('',#4424,(#1838,#1871),.PCURVE_S1.);
#3861=SURFACE_CURVE('',#4425,(#1839,#1875),.PCURVE_S1.);
#3862=SURFACE_CURVE('',#4426,(#1841,#1883),.PCURVE_S1.);
#3863=SURFACE_CURVE('',#4427,(#1844,#1885),.PCURVE_S1.);
#3864=SURFACE_CURVE('',#4428,(#1846,#1886),.PCURVE_S1.);
#3865=SURFACE_CURVE('',#4429,(#1848,#1888),.PCURVE_S1.);
#3866=SURFACE_CURVE('',#4430,(#1850,#1878),.PCURVE_S1.);
#3867=SURFACE_CURVE('',#4431,(#1851,#1884),.PCURVE_S1.);
#3868=SURFACE_CURVE('',#4432,(#1853,#1889),.PCURVE_S1.);
#3869=SURFACE_CURVE('',#4433,(#1856,#1891),.PCURVE_S1.);
#3870=SURFACE_CURVE('',#4434,(#1858,#1892),.PCURVE_S1.);
#3871=SURFACE_CURVE('',#4435,(#1860,#1894),.PCURVE_S1.);
#3872=SURFACE_CURVE('',#4436,(#1862,#1887),.PCURVE_S1.);
#3873=SURFACE_CURVE('',#4437,(#1863,#1890),.PCURVE_S1.);
#3874=SURFACE_CURVE('',#4438,(#1865,#1872),.PCURVE_S1.);
#3875=SURFACE_CURVE('',#4439,(#1868,#1881),.PCURVE_S1.);
#3876=SURFACE_CURVE('',#4440,(#1870,#1893),.PCURVE_S1.);
#3877=SURFACE_CURVE('',#3443,(#1895,#1949),.PCURVE_S1.);
#3878=SURFACE_CURVE('',#3445,(#1896,#1920),.PCURVE_S1.);
#3879=SURFACE_CURVE('',#3447,(#1897,#1925),.PCURVE_S1.);
#3880=SURFACE_CURVE('',#3449,(#1898,#1899),.PCURVE_S1.);
#3881=SURFACE_CURVE('',#4441,(#1900,#1924),.PCURVE_S1.);
#3882=SURFACE_CURVE('',#3453,(#1901,#1935),.PCURVE_S1.);
#3883=SURFACE_CURVE('',#4442,(#1902,#1942),.PCURVE_S1.);
#3884=SURFACE_CURVE('',#3456,(#1903,#1930),.PCURVE_S1.);
#3885=SURFACE_CURVE('',#4443,(#1904,#1946),.PCURVE_S1.);
#3886=SURFACE_CURVE('',#3459,(#1905,#1934),.PCURVE_S1.);
#3887=SURFACE_CURVE('',#4444,(#1906,#1950),.PCURVE_S1.);
#3888=SURFACE_CURVE('',#4445,(#1907,#1952),.PCURVE_S1.);
#3889=SURFACE_CURVE('',#4447,(#1908,#1911),.PCURVE_S1.);
#3890=SURFACE_CURVE('',#4449,(#1909,#1921),.PCURVE_S1.);
#3891=SURFACE_CURVE('',#4450,(#1910,#1953),.PCURVE_S1.);
#3892=SURFACE_CURVE('',#4451,(#1912,#1951),.PCURVE_S1.);
#3893=SURFACE_CURVE('',#4452,(#1913,#1948),.PCURVE_S1.);
#3894=SURFACE_CURVE('',#3467,(#1914,#1932),.PCURVE_S1.);
#3895=SURFACE_CURVE('',#4453,(#1915,#1944),.PCURVE_S1.);
#3896=SURFACE_CURVE('',#3470,(#1916,#1928),.PCURVE_S1.);
#3897=SURFACE_CURVE('',#4454,(#1917,#1940),.PCURVE_S1.);
#3898=SURFACE_CURVE('',#3473,(#1918,#1937),.PCURVE_S1.);
#3899=SURFACE_CURVE('',#4455,(#1919,#1926),.PCURVE_S1.);
#3900=SURFACE_CURVE('',#4457,(#1922,#1954),.PCURVE_S1.);
#3901=SURFACE_CURVE('',#3477,(#1923,#1936),.PCURVE_S1.);
#3902=SURFACE_CURVE('',#3482,(#1927,#1941),.PCURVE_S1.);
#3903=SURFACE_CURVE('',#3485,(#1929,#1943),.PCURVE_S1.);
#3904=SURFACE_CURVE('',#3488,(#1931,#1945),.PCURVE_S1.);
#3905=SURFACE_CURVE('',#3491,(#1933,#1947),.PCURVE_S1.);
#3906=SURFACE_CURVE('',#3497,(#1938,#1939),.PCURVE_S1.);
#3907=SURFACE_CURVE('',#3515,(#1955,#2001),.PCURVE_S1.);
#3908=SURFACE_CURVE('',#3517,(#1956,#1966),.PCURVE_S1.);
#3909=SURFACE_CURVE('',#3519,(#1957,#1977),.PCURVE_S1.);
#3910=SURFACE_CURVE('',#3521,(#1958,#1967),.PCURVE_S1.);
#3911=SURFACE_CURVE('',#4459,(#1959,#2000),.PCURVE_S1.);
#3912=SURFACE_CURVE('',#3524,(#1960,#1984),.PCURVE_S1.);
#3913=SURFACE_CURVE('',#4460,(#1961,#1996),.PCURVE_S1.);
#3914=SURFACE_CURVE('',#3527,(#1962,#1980),.PCURVE_S1.);
#3915=SURFACE_CURVE('',#4461,(#1963,#1992),.PCURVE_S1.);
#3916=SURFACE_CURVE('',#3530,(#1964,#1989),.PCURVE_S1.);
#3917=SURFACE_CURVE('',#4462,(#1965,#1978),.PCURVE_S1.);
#3918=SURFACE_CURVE('',#4463,(#1968,#1976),.PCURVE_S1.);
#3919=SURFACE_CURVE('',#3536,(#1969,#1987),.PCURVE_S1.);
#3920=SURFACE_CURVE('',#4464,(#1970,#1994),.PCURVE_S1.);
#3921=SURFACE_CURVE('',#3539,(#1971,#1982),.PCURVE_S1.);
#3922=SURFACE_CURVE('',#4465,(#1972,#1998),.PCURVE_S1.);
#3923=SURFACE_CURVE('',#3542,(#1973,#1986),.PCURVE_S1.);
#3924=SURFACE_CURVE('',#4466,(#1974,#2002),.PCURVE_S1.);
#3925=SURFACE_CURVE('',#3545,(#1975,#1988),.PCURVE_S1.);
#3926=SURFACE_CURVE('',#3550,(#1979,#1993),.PCURVE_S1.);
#3927=SURFACE_CURVE('',#3553,(#1981,#1995),.PCURVE_S1.);
#3928=SURFACE_CURVE('',#3556,(#1983,#1997),.PCURVE_S1.);
#3929=SURFACE_CURVE('',#3559,(#1985,#1999),.PCURVE_S1.);
#3930=SURFACE_CURVE('',#3565,(#1990,#1991),.PCURVE_S1.);
#3931=EDGE_CURVE('',#4470,#4471,#3579,.T.);
#3932=EDGE_CURVE('',#4471,#4467,#3580,.T.);
#3933=EDGE_CURVE('',#4467,#4469,#3581,.T.);
#3934=EDGE_CURVE('',#4469,#4470,#3582,.T.);
#3935=EDGE_CURVE('',#4468,#4472,#3583,.T.);
#3936=EDGE_CURVE('',#4472,#4468,#3584,.T.);
#3937=EDGE_CURVE('',#4471,#4472,#3585,.T.);
#3938=EDGE_CURVE('',#4468,#4467,#3586,.T.);
#3939=EDGE_CURVE('',#4469,#4470,#3587,.T.);
#3940=EDGE_CURVE('',#4467,#4471,#3588,.T.);
#3941=EDGE_CURVE('',#4473,#4475,#3589,.T.);
#3942=EDGE_CURVE('',#4475,#4476,#3590,.T.);
#3943=EDGE_CURVE('',#4476,#4474,#3591,.T.);
#3944=EDGE_CURVE('',#4474,#4473,#3592,.T.);
#3945=EDGE_CURVE('',#4477,#4479,#3593,.T.);
#3946=EDGE_CURVE('',#4479,#4480,#3594,.T.);
#3947=EDGE_CURVE('',#4480,#4478,#3595,.T.);
#3948=EDGE_CURVE('',#4478,#4477,#3596,.T.);
#3949=EDGE_CURVE('',#4481,#4482,#3597,.T.);
#3950=EDGE_CURVE('',#4482,#4484,#3598,.T.);
#3951=EDGE_CURVE('',#4484,#4483,#3599,.T.);
#3952=EDGE_CURVE('',#4483,#4481,#3600,.T.);
#3953=EDGE_CURVE('',#4485,#4487,#3601,.T.);
#3954=EDGE_CURVE('',#4487,#4488,#3602,.T.);
#3955=EDGE_CURVE('',#4488,#4486,#3603,.T.);
#3956=EDGE_CURVE('',#4486,#4485,#3604,.T.);
#3957=EDGE_CURVE('',#4489,#4492,#3605,.T.);
#3958=EDGE_CURVE('',#4492,#4491,#3606,.T.);
#3959=EDGE_CURVE('',#4491,#4490,#3607,.T.);
#3960=EDGE_CURVE('',#4490,#4489,#3608,.T.);
#3961=EDGE_CURVE('',#4493,#4494,#3609,.T.);
#3962=EDGE_CURVE('',#4494,#4495,#3610,.T.);
#3963=EDGE_CURVE('',#4495,#4496,#3611,.T.);
#3964=EDGE_CURVE('',#4496,#4493,#3612,.T.);
#3965=EDGE_CURVE('',#4475,#4490,#3613,.T.);
#3966=EDGE_CURVE('',#4491,#4476,#3614,.T.);
#3967=EDGE_CURVE('',#4476,#4479,#3615,.T.);
#3968=EDGE_CURVE('',#4477,#4474,#3616,.T.);
#3969=EDGE_CURVE('',#4474,#4493,#3617,.T.);
#3970=EDGE_CURVE('',#4496,#4473,#3618,.T.);
#3971=EDGE_CURVE('',#4473,#4486,#3619,.T.);
#3972=EDGE_CURVE('',#4488,#4475,#3620,.T.);
#3973=EDGE_CURVE('',#4479,#4491,#3621,.T.);
#3974=EDGE_CURVE('',#4492,#4480,#3622,.T.);
#3975=EDGE_CURVE('',#4480,#4481,#3623,.T.);
#3976=EDGE_CURVE('',#4483,#4478,#3624,.T.);
#3977=EDGE_CURVE('',#4478,#4494,#3625,.T.);
#3978=EDGE_CURVE('',#4493,#4477,#3626,.T.);
#3979=EDGE_CURVE('',#4481,#4492,#3627,.T.);
#3980=EDGE_CURVE('',#4489,#4482,#3628,.T.);
#3981=EDGE_CURVE('',#4482,#4487,#3629,.T.);
#3982=EDGE_CURVE('',#4485,#4484,#3630,.T.);
#3983=EDGE_CURVE('',#4484,#4495,#3631,.T.);
#3984=EDGE_CURVE('',#4494,#4483,#3632,.T.);
#3985=EDGE_CURVE('',#4487,#4489,#3633,.T.);
#3986=EDGE_CURVE('',#4490,#4488,#3634,.T.);
#3987=EDGE_CURVE('',#4486,#4496,#3635,.T.);
#3988=EDGE_CURVE('',#4495,#4485,#3636,.T.);
#3989=EDGE_CURVE('',#4497,#4499,#3637,.T.);
#3990=EDGE_CURVE('',#4499,#4500,#3638,.T.);
#3991=EDGE_CURVE('',#4500,#4498,#3639,.T.);
#3992=EDGE_CURVE('',#4498,#4497,#3640,.T.);
#3993=EDGE_CURVE('',#4501,#4503,#3641,.T.);
#3994=EDGE_CURVE('',#4503,#4504,#3642,.T.);
#3995=EDGE_CURVE('',#4504,#4502,#3643,.T.);
#3996=EDGE_CURVE('',#4502,#4501,#3644,.T.);
#3997=EDGE_CURVE('',#4505,#4506,#3645,.T.);
#3998=EDGE_CURVE('',#4506,#4508,#3646,.T.);
#3999=EDGE_CURVE('',#4508,#4507,#3647,.T.);
#4000=EDGE_CURVE('',#4507,#4505,#3648,.T.);
#4001=EDGE_CURVE('',#4509,#4511,#3649,.T.);
#4002=EDGE_CURVE('',#4511,#4512,#3650,.T.);
#4003=EDGE_CURVE('',#4512,#4510,#3651,.T.);
#4004=EDGE_CURVE('',#4510,#4509,#3652,.T.);
#4005=EDGE_CURVE('',#4513,#4516,#3653,.T.);
#4006=EDGE_CURVE('',#4516,#4515,#3654,.T.);
#4007=EDGE_CURVE('',#4515,#4514,#3655,.T.);
#4008=EDGE_CURVE('',#4514,#4513,#3656,.T.);
#4009=EDGE_CURVE('',#4517,#4518,#3657,.T.);
#4010=EDGE_CURVE('',#4518,#4519,#3658,.T.);
#4011=EDGE_CURVE('',#4519,#4520,#3659,.T.);
#4012=EDGE_CURVE('',#4520,#4517,#3660,.T.);
#4013=EDGE_CURVE('',#4499,#4514,#3661,.T.);
#4014=EDGE_CURVE('',#4515,#4500,#3662,.T.);
#4015=EDGE_CURVE('',#4500,#4503,#3663,.T.);
#4016=EDGE_CURVE('',#4501,#4498,#3664,.T.);
#4017=EDGE_CURVE('',#4498,#4517,#3665,.T.);
#4018=EDGE_CURVE('',#4520,#4497,#3666,.T.);
#4019=EDGE_CURVE('',#4497,#4510,#3667,.T.);
#4020=EDGE_CURVE('',#4512,#4499,#3668,.T.);
#4021=EDGE_CURVE('',#4503,#4515,#3669,.T.);
#4022=EDGE_CURVE('',#4516,#4504,#3670,.T.);
#4023=EDGE_CURVE('',#4504,#4505,#3671,.T.);
#4024=EDGE_CURVE('',#4507,#4502,#3672,.T.);
#4025=EDGE_CURVE('',#4502,#4518,#3673,.T.);
#4026=EDGE_CURVE('',#4517,#4501,#3674,.T.);
#4027=EDGE_CURVE('',#4505,#4516,#3675,.T.);
#4028=EDGE_CURVE('',#4513,#4506,#3676,.T.);
#4029=EDGE_CURVE('',#4506,#4511,#3677,.T.);
#4030=EDGE_CURVE('',#4509,#4508,#3678,.T.);
#4031=EDGE_CURVE('',#4508,#4519,#3679,.T.);
#4032=EDGE_CURVE('',#4518,#4507,#3680,.T.);
#4033=EDGE_CURVE('',#4511,#4513,#3681,.T.);
#4034=EDGE_CURVE('',#4514,#4512,#3682,.T.);
#4035=EDGE_CURVE('',#4510,#4520,#3683,.T.);
#4036=EDGE_CURVE('',#4519,#4509,#3684,.T.);
#4037=EDGE_CURVE('',#4521,#4523,#3685,.T.);
#4038=EDGE_CURVE('',#4523,#4524,#3686,.T.);
#4039=EDGE_CURVE('',#4524,#4522,#3687,.T.);
#4040=EDGE_CURVE('',#4522,#4521,#3688,.T.);
#4041=EDGE_CURVE('',#4525,#4527,#3689,.T.);
#4042=EDGE_CURVE('',#4527,#4528,#3690,.T.);
#4043=EDGE_CURVE('',#4528,#4526,#3691,.T.);
#4044=EDGE_CURVE('',#4526,#4525,#3692,.T.);
#4045=EDGE_CURVE('',#4529,#4530,#3693,.T.);
#4046=EDGE_CURVE('',#4530,#4532,#3694,.T.);
#4047=EDGE_CURVE('',#4532,#4531,#3695,.T.);
#4048=EDGE_CURVE('',#4531,#4529,#3696,.T.);
#4049=EDGE_CURVE('',#4533,#4535,#3697,.T.);
#4050=EDGE_CURVE('',#4535,#4536,#3698,.T.);
#4051=EDGE_CURVE('',#4536,#4534,#3699,.T.);
#4052=EDGE_CURVE('',#4534,#4533,#3700,.T.);
#4053=EDGE_CURVE('',#4537,#4540,#3701,.T.);
#4054=EDGE_CURVE('',#4540,#4539,#3702,.T.);
#4055=EDGE_CURVE('',#4539,#4538,#3703,.T.);
#4056=EDGE_CURVE('',#4538,#4537,#3704,.T.);
#4057=EDGE_CURVE('',#4541,#4542,#3705,.T.);
#4058=EDGE_CURVE('',#4542,#4543,#3706,.T.);
#4059=EDGE_CURVE('',#4543,#4544,#3707,.T.);
#4060=EDGE_CURVE('',#4544,#4541,#3708,.T.);
#4061=EDGE_CURVE('',#4523,#4538,#3709,.T.);
#4062=EDGE_CURVE('',#4539,#4524,#3710,.T.);
#4063=EDGE_CURVE('',#4524,#4527,#3711,.T.);
#4064=EDGE_CURVE('',#4525,#4522,#3712,.T.);
#4065=EDGE_CURVE('',#4522,#4541,#3713,.T.);
#4066=EDGE_CURVE('',#4544,#4521,#3714,.T.);
#4067=EDGE_CURVE('',#4521,#4534,#3715,.T.);
#4068=EDGE_CURVE('',#4536,#4523,#3716,.T.);
#4069=EDGE_CURVE('',#4527,#4539,#3717,.T.);
#4070=EDGE_CURVE('',#4540,#4528,#3718,.T.);
#4071=EDGE_CURVE('',#4528,#4529,#3719,.T.);
#4072=EDGE_CURVE('',#4531,#4526,#3720,.T.);
#4073=EDGE_CURVE('',#4526,#4542,#3721,.T.);
#4074=EDGE_CURVE('',#4541,#4525,#3722,.T.);
#4075=EDGE_CURVE('',#4529,#4540,#3723,.T.);
#4076=EDGE_CURVE('',#4537,#4530,#3724,.T.);
#4077=EDGE_CURVE('',#4530,#4535,#3725,.T.);
#4078=EDGE_CURVE('',#4533,#4532,#3726,.T.);
#4079=EDGE_CURVE('',#4532,#4543,#3727,.T.);
#4080=EDGE_CURVE('',#4542,#4531,#3728,.T.);
#4081=EDGE_CURVE('',#4535,#4537,#3729,.T.);
#4082=EDGE_CURVE('',#4538,#4536,#3730,.T.);
#4083=EDGE_CURVE('',#4534,#4544,#3731,.T.);
#4084=EDGE_CURVE('',#4543,#4533,#3732,.T.);
#4085=EDGE_CURVE('',#4545,#4547,#3733,.T.);
#4086=EDGE_CURVE('',#4547,#4548,#3734,.T.);
#4087=EDGE_CURVE('',#4548,#4546,#3735,.T.);
#4088=EDGE_CURVE('',#4546,#4545,#3736,.T.);
#4089=EDGE_CURVE('',#4549,#4551,#3737,.T.);
#4090=EDGE_CURVE('',#4551,#4552,#3738,.T.);
#4091=EDGE_CURVE('',#4552,#4550,#3739,.T.);
#4092=EDGE_CURVE('',#4550,#4549,#3740,.T.);
#4093=EDGE_CURVE('',#4553,#4554,#3741,.T.);
#4094=EDGE_CURVE('',#4554,#4556,#3742,.T.);
#4095=EDGE_CURVE('',#4556,#4555,#3743,.T.);
#4096=EDGE_CURVE('',#4555,#4553,#3744,.T.);
#4097=EDGE_CURVE('',#4557,#4559,#3745,.T.);
#4098=EDGE_CURVE('',#4559,#4560,#3746,.T.);
#4099=EDGE_CURVE('',#4560,#4558,#3747,.T.);
#4100=EDGE_CURVE('',#4558,#4557,#3748,.T.);
#4101=EDGE_CURVE('',#4561,#4564,#3749,.T.);
#4102=EDGE_CURVE('',#4564,#4563,#3750,.T.);
#4103=EDGE_CURVE('',#4563,#4562,#3751,.T.);
#4104=EDGE_CURVE('',#4562,#4561,#3752,.T.);
#4105=EDGE_CURVE('',#4565,#4566,#3753,.T.);
#4106=EDGE_CURVE('',#4566,#4567,#3754,.T.);
#4107=EDGE_CURVE('',#4567,#4568,#3755,.T.);
#4108=EDGE_CURVE('',#4568,#4565,#3756,.T.);
#4109=EDGE_CURVE('',#4547,#4562,#3757,.T.);
#4110=EDGE_CURVE('',#4563,#4548,#3758,.T.);
#4111=EDGE_CURVE('',#4548,#4551,#3759,.T.);
#4112=EDGE_CURVE('',#4549,#4546,#3760,.T.);
#4113=EDGE_CURVE('',#4546,#4565,#3761,.T.);
#4114=EDGE_CURVE('',#4568,#4545,#3762,.T.);
#4115=EDGE_CURVE('',#4545,#4558,#3763,.T.);
#4116=EDGE_CURVE('',#4560,#4547,#3764,.T.);
#4117=EDGE_CURVE('',#4551,#4563,#3765,.T.);
#4118=EDGE_CURVE('',#4564,#4552,#3766,.T.);
#4119=EDGE_CURVE('',#4552,#4553,#3767,.T.);
#4120=EDGE_CURVE('',#4555,#4550,#3768,.T.);
#4121=EDGE_CURVE('',#4550,#4566,#3769,.T.);
#4122=EDGE_CURVE('',#4565,#4549,#3770,.T.);
#4123=EDGE_CURVE('',#4553,#4564,#3771,.T.);
#4124=EDGE_CURVE('',#4561,#4554,#3772,.T.);
#4125=EDGE_CURVE('',#4554,#4559,#3773,.T.);
#4126=EDGE_CURVE('',#4557,#4556,#3774,.T.);
#4127=EDGE_CURVE('',#4556,#4567,#3775,.T.);
#4128=EDGE_CURVE('',#4566,#4555,#3776,.T.);
#4129=EDGE_CURVE('',#4559,#4561,#3777,.T.);
#4130=EDGE_CURVE('',#4562,#4560,#3778,.T.);
#4131=EDGE_CURVE('',#4558,#4568,#3779,.T.);
#4132=EDGE_CURVE('',#4567,#4557,#3780,.T.);
#4133=EDGE_CURVE('',#4569,#4571,#3781,.T.);
#4134=EDGE_CURVE('',#4571,#4572,#3782,.T.);
#4135=EDGE_CURVE('',#4572,#4570,#3783,.T.);
#4136=EDGE_CURVE('',#4570,#4569,#3784,.T.);
#4137=EDGE_CURVE('',#4573,#4575,#3785,.T.);
#4138=EDGE_CURVE('',#4575,#4576,#3786,.T.);
#4139=EDGE_CURVE('',#4576,#4574,#3787,.T.);
#4140=EDGE_CURVE('',#4574,#4573,#3788,.T.);
#4141=EDGE_CURVE('',#4577,#4578,#3789,.T.);
#4142=EDGE_CURVE('',#4578,#4580,#3790,.T.);
#4143=EDGE_CURVE('',#4580,#4579,#3791,.T.);
#4144=EDGE_CURVE('',#4579,#4577,#3792,.T.);
#4145=EDGE_CURVE('',#4581,#4583,#3793,.T.);
#4146=EDGE_CURVE('',#4583,#4584,#3794,.T.);
#4147=EDGE_CURVE('',#4584,#4582,#3795,.T.);
#4148=EDGE_CURVE('',#4582,#4581,#3796,.T.);
#4149=EDGE_CURVE('',#4585,#4588,#3797,.T.);
#4150=EDGE_CURVE('',#4588,#4587,#3798,.T.);
#4151=EDGE_CURVE('',#4587,#4586,#3799,.T.);
#4152=EDGE_CURVE('',#4586,#4585,#3800,.T.);
#4153=EDGE_CURVE('',#4589,#4590,#3801,.T.);
#4154=EDGE_CURVE('',#4590,#4591,#3802,.T.);
#4155=EDGE_CURVE('',#4591,#4592,#3803,.T.);
#4156=EDGE_CURVE('',#4592,#4589,#3804,.T.);
#4157=EDGE_CURVE('',#4571,#4586,#3805,.T.);
#4158=EDGE_CURVE('',#4587,#4572,#3806,.T.);
#4159=EDGE_CURVE('',#4572,#4575,#3807,.T.);
#4160=EDGE_CURVE('',#4573,#4570,#3808,.T.);
#4161=EDGE_CURVE('',#4570,#4589,#3809,.T.);
#4162=EDGE_CURVE('',#4592,#4569,#3810,.T.);
#4163=EDGE_CURVE('',#4569,#4582,#3811,.T.);
#4164=EDGE_CURVE('',#4584,#4571,#3812,.T.);
#4165=EDGE_CURVE('',#4575,#4587,#3813,.T.);
#4166=EDGE_CURVE('',#4588,#4576,#3814,.T.);
#4167=EDGE_CURVE('',#4576,#4577,#3815,.T.);
#4168=EDGE_CURVE('',#4579,#4574,#3816,.T.);
#4169=EDGE_CURVE('',#4574,#4590,#3817,.T.);
#4170=EDGE_CURVE('',#4589,#4573,#3818,.T.);
#4171=EDGE_CURVE('',#4577,#4588,#3819,.T.);
#4172=EDGE_CURVE('',#4585,#4578,#3820,.T.);
#4173=EDGE_CURVE('',#4578,#4583,#3821,.T.);
#4174=EDGE_CURVE('',#4581,#4580,#3822,.T.);
#4175=EDGE_CURVE('',#4580,#4591,#3823,.T.);
#4176=EDGE_CURVE('',#4590,#4579,#3824,.T.);
#4177=EDGE_CURVE('',#4583,#4585,#3825,.T.);
#4178=EDGE_CURVE('',#4586,#4584,#3826,.T.);
#4179=EDGE_CURVE('',#4582,#4592,#3827,.T.);
#4180=EDGE_CURVE('',#4591,#4581,#3828,.T.);
#4181=EDGE_CURVE('',#4593,#4595,#3829,.T.);
#4182=EDGE_CURVE('',#4595,#4596,#3830,.T.);
#4183=EDGE_CURVE('',#4596,#4594,#3831,.T.);
#4184=EDGE_CURVE('',#4594,#4593,#3832,.T.);
#4185=EDGE_CURVE('',#4597,#4599,#3833,.T.);
#4186=EDGE_CURVE('',#4599,#4600,#3834,.T.);
#4187=EDGE_CURVE('',#4600,#4598,#3835,.T.);
#4188=EDGE_CURVE('',#4598,#4597,#3836,.T.);
#4189=EDGE_CURVE('',#4601,#4602,#3837,.T.);
#4190=EDGE_CURVE('',#4602,#4604,#3838,.T.);
#4191=EDGE_CURVE('',#4604,#4603,#3839,.T.);
#4192=EDGE_CURVE('',#4603,#4601,#3840,.T.);
#4193=EDGE_CURVE('',#4605,#4607,#3841,.T.);
#4194=EDGE_CURVE('',#4607,#4608,#3842,.T.);
#4195=EDGE_CURVE('',#4608,#4606,#3843,.T.);
#4196=EDGE_CURVE('',#4606,#4605,#3844,.T.);
#4197=EDGE_CURVE('',#4609,#4612,#3845,.T.);
#4198=EDGE_CURVE('',#4612,#4611,#3846,.T.);
#4199=EDGE_CURVE('',#4611,#4610,#3847,.T.);
#4200=EDGE_CURVE('',#4610,#4609,#3848,.T.);
#4201=EDGE_CURVE('',#4613,#4614,#3849,.T.);
#4202=EDGE_CURVE('',#4614,#4615,#3850,.T.);
#4203=EDGE_CURVE('',#4615,#4616,#3851,.T.);
#4204=EDGE_CURVE('',#4616,#4613,#3852,.T.);
#4205=EDGE_CURVE('',#4595,#4610,#3853,.T.);
#4206=EDGE_CURVE('',#4611,#4596,#3854,.T.);
#4207=EDGE_CURVE('',#4596,#4599,#3855,.T.);
#4208=EDGE_CURVE('',#4597,#4594,#3856,.T.);
#4209=EDGE_CURVE('',#4594,#4613,#3857,.T.);
#4210=EDGE_CURVE('',#4616,#4593,#3858,.T.);
#4211=EDGE_CURVE('',#4593,#4606,#3859,.T.);
#4212=EDGE_CURVE('',#4608,#4595,#3860,.T.);
#4213=EDGE_CURVE('',#4599,#4611,#3861,.T.);
#4214=EDGE_CURVE('',#4612,#4600,#3862,.T.);
#4215=EDGE_CURVE('',#4600,#4601,#3863,.T.);
#4216=EDGE_CURVE('',#4603,#4598,#3864,.T.);
#4217=EDGE_CURVE('',#4598,#4614,#3865,.T.);
#4218=EDGE_CURVE('',#4613,#4597,#3866,.T.);
#4219=EDGE_CURVE('',#4601,#4612,#3867,.T.);
#4220=EDGE_CURVE('',#4609,#4602,#3868,.T.);
#4221=EDGE_CURVE('',#4602,#4607,#3869,.T.);
#4222=EDGE_CURVE('',#4605,#4604,#3870,.T.);
#4223=EDGE_CURVE('',#4604,#4615,#3871,.T.);
#4224=EDGE_CURVE('',#4614,#4603,#3872,.T.);
#4225=EDGE_CURVE('',#4607,#4609,#3873,.T.);
#4226=EDGE_CURVE('',#4610,#4608,#3874,.T.);
#4227=EDGE_CURVE('',#4606,#4616,#3875,.T.);
#4228=EDGE_CURVE('',#4615,#4605,#3876,.T.);
#4229=EDGE_CURVE('',#4627,#4632,#3877,.T.);
#4230=EDGE_CURVE('',#4632,#4622,#3878,.T.);
#4231=EDGE_CURVE('',#4622,#4620,#3879,.T.);
#4232=EDGE_CURVE('',#4620,#4627,#3880,.T.);
#4233=EDGE_CURVE('',#4620,#4619,#3881,.T.);
#4234=EDGE_CURVE('',#4619,#4633,#3882,.T.);
#4235=EDGE_CURVE('',#4633,#4624,#3883,.T.);
#4236=EDGE_CURVE('',#4624,#4623,#3884,.T.);
#4237=EDGE_CURVE('',#4623,#4626,#3885,.T.);
#4238=EDGE_CURVE('',#4626,#4625,#3886,.T.);
#4239=EDGE_CURVE('',#4625,#4627,#3887,.T.);
#4240=EDGE_CURVE('',#4618,#4636,#3888,.T.);
#4241=EDGE_CURVE('',#4636,#4618,#3889,.T.);
#4242=EDGE_CURVE('',#4635,#4617,#3890,.T.);
#4243=EDGE_CURVE('',#4617,#4618,#3891,.T.);
#4244=EDGE_CURVE('',#4636,#4635,#3892,.T.);
#4245=EDGE_CURVE('',#4632,#4630,#3893,.T.);
#4246=EDGE_CURVE('',#4630,#4631,#3894,.T.);
#4247=EDGE_CURVE('',#4631,#4628,#3895,.T.);
#4248=EDGE_CURVE('',#4628,#4629,#3896,.T.);
#4249=EDGE_CURVE('',#4629,#4634,#3897,.T.);
#4250=EDGE_CURVE('',#4634,#4621,#3898,.T.);
#4251=EDGE_CURVE('',#4621,#4622,#3899,.T.);
#4252=EDGE_CURVE('',#4635,#4617,#3900,.T.);
#4253=EDGE_CURVE('',#4621,#4619,#3901,.T.);
#4254=EDGE_CURVE('',#4624,#4629,#3902,.T.);
#4255=EDGE_CURVE('',#4628,#4623,#3903,.T.);
#4256=EDGE_CURVE('',#4626,#4631,#3904,.T.);
#4257=EDGE_CURVE('',#4630,#4625,#3905,.T.);
#4258=EDGE_CURVE('',#4634,#4633,#3906,.T.);
#4259=EDGE_CURVE('',#4650,#4649,#3907,.T.);
#4260=EDGE_CURVE('',#4649,#4639,#3908,.T.);
#4261=EDGE_CURVE('',#4639,#4640,#3909,.T.);
#4262=EDGE_CURVE('',#4640,#4650,#3910,.T.);
#4263=EDGE_CURVE('',#4649,#4645,#3911,.T.);
#4264=EDGE_CURVE('',#4645,#4646,#3912,.T.);
#4265=EDGE_CURVE('',#4646,#4641,#3913,.T.);
#4266=EDGE_CURVE('',#4641,#4642,#3914,.T.);
#4267=EDGE_CURVE('',#4642,#4651,#3915,.T.);
#4268=EDGE_CURVE('',#4651,#4637,#3916,.T.);
#4269=EDGE_CURVE('',#4637,#4639,#3917,.T.);
#4270=EDGE_CURVE('',#4640,#4638,#3918,.T.);
#4271=EDGE_CURVE('',#4638,#4652,#3919,.T.);
#4272=EDGE_CURVE('',#4652,#4644,#3920,.T.);
#4273=EDGE_CURVE('',#4644,#4643,#3921,.T.);
#4274=EDGE_CURVE('',#4643,#4648,#3922,.T.);
#4275=EDGE_CURVE('',#4648,#4647,#3923,.T.);
#4276=EDGE_CURVE('',#4647,#4650,#3924,.T.);
#4277=EDGE_CURVE('',#4637,#4638,#3925,.T.);
#4278=EDGE_CURVE('',#4644,#4642,#3926,.T.);
#4279=EDGE_CURVE('',#4641,#4643,#3927,.T.);
#4280=EDGE_CURVE('',#4648,#4646,#3928,.T.);
#4281=EDGE_CURVE('',#4645,#4647,#3929,.T.);
#4282=EDGE_CURVE('',#4651,#4652,#3930,.T.);
#4283=(
BOUNDED_CURVE()
B_SPLINE_CURVE(1,(#4927,#4928),.UNSPECIFIED.,.F.,.F.)
B_SPLINE_CURVE_WITH_KNOTS((2,2),(1.3105277932308,2.95),.UNSPECIFIED.)
CURVE()
GEOMETRIC_REPRESENTATION_ITEM()
RATIONAL_B_SPLINE_CURVE((1.,1.))
REPRESENTATION_ITEM('')
);
#4284=(
BOUNDED_CURVE()
B_SPLINE_CURVE(2,(#4931,#4932,#4933,#4934,#4935),.UNSPECIFIED.,.F.,.F.)
B_SPLINE_CURVE_WITH_KNOTS((3,2,3),(-4.24104293138786,-2.12052146569393,
0.),.UNSPECIFIED.)
CURVE()
GEOMETRIC_REPRESENTATION_ITEM()
RATIONAL_B_SPLINE_CURVE((1.,0.707106781186547,1.,0.707106781186547,1.))
REPRESENTATION_ITEM('')
);
#4285=(
BOUNDED_CURVE()
B_SPLINE_CURVE(1,(#4938,#4939),.UNSPECIFIED.,.F.,.F.)
B_SPLINE_CURVE_WITH_KNOTS((2,2),(-2.95,-1.3105277932308),.UNSPECIFIED.)
CURVE()
GEOMETRIC_REPRESENTATION_ITEM()
RATIONAL_B_SPLINE_CURVE((1.,1.))
REPRESENTATION_ITEM('')
);
#4286=(
BOUNDED_CURVE()
B_SPLINE_CURVE(2,(#4942,#4943,#4944,#4945,#4946),.UNSPECIFIED.,.F.,.F.)
B_SPLINE_CURVE_WITH_KNOTS((3,2,3),(0.,2.35619449019234,4.71238898038469),
 .UNSPECIFIED.)
CURVE()
GEOMETRIC_REPRESENTATION_ITEM()
RATIONAL_B_SPLINE_CURVE((1.,0.707106781186548,1.,0.707106781186548,1.))
REPRESENTATION_ITEM('')
);
#4287=(
BOUNDED_CURVE()
B_SPLINE_CURVE(2,(#4949,#4950,#4951,#4952,#4953),.UNSPECIFIED.,.F.,.F.)
B_SPLINE_CURVE_WITH_KNOTS((3,2,3),(0.,2.12052146569393,4.24104293138786),
 .UNSPECIFIED.)
CURVE()
GEOMETRIC_REPRESENTATION_ITEM()
RATIONAL_B_SPLINE_CURVE((1.,0.707106781186548,1.,0.707106781186548,1.))
REPRESENTATION_ITEM('')
);
#4288=(
BOUNDED_CURVE()
B_SPLINE_CURVE(2,(#4954,#4955,#4956,#4957,#4958),.UNSPECIFIED.,.F.,.F.)
B_SPLINE_CURVE_WITH_KNOTS((3,2,3),(0.,2.12052146569393,4.24104293138786),
 .UNSPECIFIED.)
CURVE()
GEOMETRIC_REPRESENTATION_ITEM()
RATIONAL_B_SPLINE_CURVE((1.,0.707106781186548,1.,0.707106781186548,1.))
REPRESENTATION_ITEM('')
);
#4289=(
BOUNDED_CURVE()
B_SPLINE_CURVE(2,(#4959,#4960,#4961,#4962,#4963),.UNSPECIFIED.,.F.,.F.)
B_SPLINE_CURVE_WITH_KNOTS((3,2,3),(4.24104293138786,6.36156439708178,8.48208586277571),
 .UNSPECIFIED.)
CURVE()
GEOMETRIC_REPRESENTATION_ITEM()
RATIONAL_B_SPLINE_CURVE((1.,0.707106781186548,1.,0.707106781186548,1.))
REPRESENTATION_ITEM('')
);
#4290=(
BOUNDED_CURVE()
B_SPLINE_CURVE(2,(#4964,#4965,#4966,#4967,#4968),.UNSPECIFIED.,.F.,.F.)
B_SPLINE_CURVE_WITH_KNOTS((3,2,3),(4.24104293138786,6.36156439708178,8.48208586277571),
 .UNSPECIFIED.)
CURVE()
GEOMETRIC_REPRESENTATION_ITEM()
RATIONAL_B_SPLINE_CURVE((1.,0.707106781186548,1.,0.707106781186548,1.))
REPRESENTATION_ITEM('')
);
#4291=(
BOUNDED_CURVE()
B_SPLINE_CURVE(2,(#4969,#4970,#4971),.UNSPECIFIED.,.F.,.F.)
B_SPLINE_CURVE_WITH_KNOTS((3,3),(0.,0.235619450342825),.UNSPECIFIED.)
CURVE()
GEOMETRIC_REPRESENTATION_ITEM()
RATIONAL_B_SPLINE_CURVE((1.,0.707106781186447,1.))
REPRESENTATION_ITEM('')
);
#4292=(
BOUNDED_CURVE()
B_SPLINE_CURVE(2,(#4976,#4977,#4978),.UNSPECIFIED.,.F.,.F.)
B_SPLINE_CURVE_WITH_KNOTS((3,3),(-0.235619450342825,0.),.UNSPECIFIED.)
CURVE()
GEOMETRIC_REPRESENTATION_ITEM()
RATIONAL_B_SPLINE_CURVE((1.,0.707106781186447,1.))
REPRESENTATION_ITEM('')
);
#4293=(
BOUNDED_CURVE()
B_SPLINE_CURVE(2,(#4983,#4984,#4985,#4986,#4987),.UNSPECIFIED.,.F.,.F.)
B_SPLINE_CURVE_WITH_KNOTS((3,2,3),(-9.42477796076938,-7.06858347057703,
-4.71238898038469),.UNSPECIFIED.)
CURVE()
GEOMETRIC_REPRESENTATION_ITEM()
RATIONAL_B_SPLINE_CURVE((1.,0.707106781186548,1.,0.707106781186548,1.))
REPRESENTATION_ITEM('')
);
#4294=(
BOUNDED_CURVE()
B_SPLINE_CURVE(2,(#4988,#4989,#4990,#4991,#4992),.UNSPECIFIED.,.F.,.F.)
B_SPLINE_CURVE_WITH_KNOTS((3,2,3),(-9.42477796076938,-7.06858347057703,
-4.71238898038469),.UNSPECIFIED.)
CURVE()
GEOMETRIC_REPRESENTATION_ITEM()
RATIONAL_B_SPLINE_CURVE((1.,0.707106781186548,1.,0.707106781186548,1.))
REPRESENTATION_ITEM('')
);
#4295=(
BOUNDED_CURVE()
B_SPLINE_CURVE(2,(#4993,#4994,#4995,#4996,#4997),.UNSPECIFIED.,.F.,.F.)
B_SPLINE_CURVE_WITH_KNOTS((3,2,3),(0.,2.35619449019234,4.71238898038469),
 .UNSPECIFIED.)
CURVE()
GEOMETRIC_REPRESENTATION_ITEM()
RATIONAL_B_SPLINE_CURVE((1.,0.707106781186548,1.,0.707106781186548,1.))
REPRESENTATION_ITEM('')
);
#4296=(
BOUNDED_CURVE()
B_SPLINE_CURVE(2,(#5002,#5003,#5004,#5005,#5006),.UNSPECIFIED.,.F.,.F.)
B_SPLINE_CURVE_WITH_KNOTS((3,2,3),(-8.48208586277571,-6.36156439708179,
-4.24104293138786),.UNSPECIFIED.)
CURVE()
GEOMETRIC_REPRESENTATION_ITEM()
RATIONAL_B_SPLINE_CURVE((1.,0.707106781186548,1.,0.707106781186548,1.))
REPRESENTATION_ITEM('')
);
#4297=(
BOUNDED_CURVE()
B_SPLINE_CURVE(2,(#5413,#5414,#5415),.UNSPECIFIED.,.F.,.F.)
B_SPLINE_CURVE_WITH_KNOTS((3,3),(-0.157079632679526,0.),.UNSPECIFIED.)
CURVE()
GEOMETRIC_REPRESENTATION_ITEM()
RATIONAL_B_SPLINE_CURVE((1.,0.707106781186609,1.))
REPRESENTATION_ITEM('')
);
#4298=(
BOUNDED_CURVE()
B_SPLINE_CURVE(2,(#5420,#5421,#5422),.UNSPECIFIED.,.F.,.F.)
B_SPLINE_CURVE_WITH_KNOTS((3,3),(-0.157079632679526,0.),.UNSPECIFIED.)
CURVE()
GEOMETRIC_REPRESENTATION_ITEM()
RATIONAL_B_SPLINE_CURVE((1.,0.707106781186624,1.))
REPRESENTATION_ITEM('')
);
#4299=(
BOUNDED_CURVE()
B_SPLINE_CURVE(2,(#5429,#5430,#5431),.UNSPECIFIED.,.F.,.F.)
B_SPLINE_CURVE_WITH_KNOTS((3,3),(0.,0.157079632679482),.UNSPECIFIED.)
CURVE()
GEOMETRIC_REPRESENTATION_ITEM()
RATIONAL_B_SPLINE_CURVE((1.,0.707106781186723,1.))
REPRESENTATION_ITEM('')
);
#4300=(
BOUNDED_CURVE()
B_SPLINE_CURVE(2,(#5436,#5437,#5438),.UNSPECIFIED.,.F.,.F.)
B_SPLINE_CURVE_WITH_KNOTS((3,3),(0.,0.157079632679486),.UNSPECIFIED.)
CURVE()
GEOMETRIC_REPRESENTATION_ITEM()
RATIONAL_B_SPLINE_CURVE((1.,0.707106781186573,1.))
REPRESENTATION_ITEM('')
);
#4301=(
BOUNDED_CURVE()
B_SPLINE_CURVE(2,(#5443,#5444,#5445),.UNSPECIFIED.,.F.,.F.)
B_SPLINE_CURVE_WITH_KNOTS((3,3),(0.,0.157079632679526),.UNSPECIFIED.)
CURVE()
GEOMETRIC_REPRESENTATION_ITEM()
RATIONAL_B_SPLINE_CURVE((1.,0.707106781186642,1.))
REPRESENTATION_ITEM('')
);
#4302=(
BOUNDED_CURVE()
B_SPLINE_CURVE(2,(#5450,#5451,#5452),.UNSPECIFIED.,.F.,.F.)
B_SPLINE_CURVE_WITH_KNOTS((3,3),(0.,0.157079632679526),.UNSPECIFIED.)
CURVE()
GEOMETRIC_REPRESENTATION_ITEM()
RATIONAL_B_SPLINE_CURVE((1.,0.707106781186642,1.))
REPRESENTATION_ITEM('')
);
#4303=(
BOUNDED_CURVE()
B_SPLINE_CURVE(2,(#5457,#5458,#5459),.UNSPECIFIED.,.F.,.F.)
B_SPLINE_CURVE_WITH_KNOTS((3,3),(0.,0.157079632679611),.UNSPECIFIED.)
CURVE()
GEOMETRIC_REPRESENTATION_ITEM()
RATIONAL_B_SPLINE_CURVE((1.,0.707106781186523,1.))
REPRESENTATION_ITEM('')
);
#4304=(
BOUNDED_CURVE()
B_SPLINE_CURVE(2,(#5464,#5465,#5466),.UNSPECIFIED.,.F.,.F.)
B_SPLINE_CURVE_WITH_KNOTS((3,3),(0.,0.157079632679611),.UNSPECIFIED.)
CURVE()
GEOMETRIC_REPRESENTATION_ITEM()
RATIONAL_B_SPLINE_CURVE((1.,0.707106781186639,1.))
REPRESENTATION_ITEM('')
);
#4305=(
BOUNDED_CURVE()
B_SPLINE_CURVE(2,(#5469,#5470,#5471),.UNSPECIFIED.,.F.,.F.)
B_SPLINE_CURVE_WITH_KNOTS((3,3),(-0.157079632679574,0.),.UNSPECIFIED.)
CURVE()
GEOMETRIC_REPRESENTATION_ITEM()
RATIONAL_B_SPLINE_CURVE((1.,0.70710678118662,1.))
REPRESENTATION_ITEM('')
);
#4306=(
BOUNDED_CURVE()
B_SPLINE_CURVE(2,(#5476,#5477,#5478),.UNSPECIFIED.,.F.,.F.)
B_SPLINE_CURVE_WITH_KNOTS((3,3),(-0.157079632679574,0.),.UNSPECIFIED.)
CURVE()
GEOMETRIC_REPRESENTATION_ITEM()
RATIONAL_B_SPLINE_CURVE((1.,0.707106781186614,1.))
REPRESENTATION_ITEM('')
);
#4307=(
BOUNDED_CURVE()
B_SPLINE_CURVE(2,(#5485,#5486,#5487),.UNSPECIFIED.,.F.,.F.)
B_SPLINE_CURVE_WITH_KNOTS((3,3),(0.,0.157079632679485),.UNSPECIFIED.)
CURVE()
GEOMETRIC_REPRESENTATION_ITEM()
RATIONAL_B_SPLINE_CURVE((1.,0.707106781186598,1.))
REPRESENTATION_ITEM('')
);
#4308=(
BOUNDED_CURVE()
B_SPLINE_CURVE(2,(#5492,#5493,#5494),.UNSPECIFIED.,.F.,.F.)
B_SPLINE_CURVE_WITH_KNOTS((3,3),(0.,0.157079632679568),.UNSPECIFIED.)
CURVE()
GEOMETRIC_REPRESENTATION_ITEM()
RATIONAL_B_SPLINE_CURVE((1.,0.707106781186638,1.))
REPRESENTATION_ITEM('')
);
#4309=(
BOUNDED_CURVE()
B_SPLINE_CURVE(2,(#5499,#5500,#5501),.UNSPECIFIED.,.F.,.F.)
B_SPLINE_CURVE_WITH_KNOTS((3,3),(0.,0.157079632679574),.UNSPECIFIED.)
CURVE()
GEOMETRIC_REPRESENTATION_ITEM()
RATIONAL_B_SPLINE_CURVE((1.,0.707106781186374,1.))
REPRESENTATION_ITEM('')
);
#4310=(
BOUNDED_CURVE()
B_SPLINE_CURVE(2,(#5506,#5507,#5508),.UNSPECIFIED.,.F.,.F.)
B_SPLINE_CURVE_WITH_KNOTS((3,3),(0.,0.157079632679574),.UNSPECIFIED.)
CURVE()
GEOMETRIC_REPRESENTATION_ITEM()
RATIONAL_B_SPLINE_CURVE((1.,0.707106781186347,1.))
REPRESENTATION_ITEM('')
);
#4311=(
BOUNDED_CURVE()
B_SPLINE_CURVE(2,(#5511,#5512,#5513),.UNSPECIFIED.,.F.,.F.)
B_SPLINE_CURVE_WITH_KNOTS((3,3),(-0.157079632679526,0.),.UNSPECIFIED.)
CURVE()
GEOMETRIC_REPRESENTATION_ITEM()
RATIONAL_B_SPLINE_CURVE((1.,0.707106781186559,1.))
REPRESENTATION_ITEM('')
);
#4312=(
BOUNDED_CURVE()
B_SPLINE_CURVE(2,(#5518,#5519,#5520),.UNSPECIFIED.,.F.,.F.)
B_SPLINE_CURVE_WITH_KNOTS((3,3),(-0.157079632679526,0.),.UNSPECIFIED.)
CURVE()
GEOMETRIC_REPRESENTATION_ITEM()
RATIONAL_B_SPLINE_CURVE((1.,0.707106781186574,1.))
REPRESENTATION_ITEM('')
);
#4313=(
BOUNDED_CURVE()
B_SPLINE_CURVE(2,(#5527,#5528,#5529),.UNSPECIFIED.,.F.,.F.)
B_SPLINE_CURVE_WITH_KNOTS((3,3),(0.,0.157079632679505),.UNSPECIFIED.)
CURVE()
GEOMETRIC_REPRESENTATION_ITEM()
RATIONAL_B_SPLINE_CURVE((1.,0.707106781186447,1.))
REPRESENTATION_ITEM('')
);
#4314=(
BOUNDED_CURVE()
B_SPLINE_CURVE(2,(#5534,#5535,#5536),.UNSPECIFIED.,.F.,.F.)
B_SPLINE_CURVE_WITH_KNOTS((3,3),(0.,0.157079632679502),.UNSPECIFIED.)
CURVE()
GEOMETRIC_REPRESENTATION_ITEM()
RATIONAL_B_SPLINE_CURVE((1.,0.707106781186447,1.))
REPRESENTATION_ITEM('')
);
#4315=(
BOUNDED_CURVE()
B_SPLINE_CURVE(2,(#5541,#5542,#5543),.UNSPECIFIED.,.F.,.F.)
B_SPLINE_CURVE_WITH_KNOTS((3,3),(0.,0.157079632679526),.UNSPECIFIED.)
CURVE()
GEOMETRIC_REPRESENTATION_ITEM()
RATIONAL_B_SPLINE_CURVE((1.,0.707106781186592,1.))
REPRESENTATION_ITEM('')
);
#4316=(
BOUNDED_CURVE()
B_SPLINE_CURVE(2,(#5548,#5549,#5550),.UNSPECIFIED.,.F.,.F.)
B_SPLINE_CURVE_WITH_KNOTS((3,3),(0.,0.157079632679526),.UNSPECIFIED.)
CURVE()
GEOMETRIC_REPRESENTATION_ITEM()
RATIONAL_B_SPLINE_CURVE((1.,0.707106781186592,1.))
REPRESENTATION_ITEM('')
);
#4317=(
BOUNDED_CURVE()
B_SPLINE_CURVE(2,(#5553,#5554,#5555),.UNSPECIFIED.,.F.,.F.)
B_SPLINE_CURVE_WITH_KNOTS((3,3),(-0.157079632679574,0.),.UNSPECIFIED.)
CURVE()
GEOMETRIC_REPRESENTATION_ITEM()
RATIONAL_B_SPLINE_CURVE((1.,0.70710678118662,1.))
REPRESENTATION_ITEM('')
);
#4318=(
BOUNDED_CURVE()
B_SPLINE_CURVE(2,(#5560,#5561,#5562),.UNSPECIFIED.,.F.,.F.)
B_SPLINE_CURVE_WITH_KNOTS((3,3),(-0.157079632679574,0.),.UNSPECIFIED.)
CURVE()
GEOMETRIC_REPRESENTATION_ITEM()
RATIONAL_B_SPLINE_CURVE((1.,0.707106781186614,1.))
REPRESENTATION_ITEM('')
);
#4319=(
BOUNDED_CURVE()
B_SPLINE_CURVE(2,(#5569,#5570,#5571),.UNSPECIFIED.,.F.,.F.)
B_SPLINE_CURVE_WITH_KNOTS((3,3),(0.,0.157079632679561),.UNSPECIFIED.)
CURVE()
GEOMETRIC_REPRESENTATION_ITEM()
RATIONAL_B_SPLINE_CURVE((1.,0.707106781186593,1.))
REPRESENTATION_ITEM('')
);
#4320=(
BOUNDED_CURVE()
B_SPLINE_CURVE(2,(#5576,#5577,#5578),.UNSPECIFIED.,.F.,.F.)
B_SPLINE_CURVE_WITH_KNOTS((3,3),(0.,0.157079632679561),.UNSPECIFIED.)
CURVE()
GEOMETRIC_REPRESENTATION_ITEM()
RATIONAL_B_SPLINE_CURVE((1.,0.707106781186593,1.))
REPRESENTATION_ITEM('')
);
#4321=(
BOUNDED_CURVE()
B_SPLINE_CURVE(2,(#6097,#6098,#6099),.UNSPECIFIED.,.F.,.F.)
B_SPLINE_CURVE_WITH_KNOTS((3,3),(-0.15707963267956,0.),.UNSPECIFIED.)
CURVE()
GEOMETRIC_REPRESENTATION_ITEM()
RATIONAL_B_SPLINE_CURVE((1.,0.707106781186648,1.))
REPRESENTATION_ITEM('')
);
#4322=(
BOUNDED_CURVE()
B_SPLINE_CURVE(2,(#6104,#6105,#6106),.UNSPECIFIED.,.F.,.F.)
B_SPLINE_CURVE_WITH_KNOTS((3,3),(0.,0.157079632679495),.UNSPECIFIED.)
CURVE()
GEOMETRIC_REPRESENTATION_ITEM()
RATIONAL_B_SPLINE_CURVE((1.,0.707106781186607,1.))
REPRESENTATION_ITEM('')
);
#4323=(
BOUNDED_CURVE()
B_SPLINE_CURVE(2,(#6113,#6114,#6115),.UNSPECIFIED.,.F.,.F.)
B_SPLINE_CURVE_WITH_KNOTS((3,3),(0.,0.157079632679583),.UNSPECIFIED.)
CURVE()
GEOMETRIC_REPRESENTATION_ITEM()
RATIONAL_B_SPLINE_CURVE((1.,0.707106781186353,1.))
REPRESENTATION_ITEM('')
);
#4324=(
BOUNDED_CURVE()
B_SPLINE_CURVE(2,(#6120,#6121,#6122),.UNSPECIFIED.,.F.,.F.)
B_SPLINE_CURVE_WITH_KNOTS((3,3),(0.,0.157079632679502),.UNSPECIFIED.)
CURVE()
GEOMETRIC_REPRESENTATION_ITEM()
RATIONAL_B_SPLINE_CURVE((1.,0.707106781186598,1.))
REPRESENTATION_ITEM('')
);
#4325=(
BOUNDED_CURVE()
B_SPLINE_CURVE(2,(#6127,#6128,#6129),.UNSPECIFIED.,.F.,.F.)
B_SPLINE_CURVE_WITH_KNOTS((3,3),(0.,0.157079632679574),.UNSPECIFIED.)
CURVE()
GEOMETRIC_REPRESENTATION_ITEM()
RATIONAL_B_SPLINE_CURVE((1.,0.707106781186545,1.))
REPRESENTATION_ITEM('')
);
#4326=(
BOUNDED_CURVE()
B_SPLINE_CURVE(2,(#6134,#6135,#6136),.UNSPECIFIED.,.F.,.F.)
B_SPLINE_CURVE_WITH_KNOTS((3,3),(0.,0.157079632679574),.UNSPECIFIED.)
CURVE()
GEOMETRIC_REPRESENTATION_ITEM()
RATIONAL_B_SPLINE_CURVE((1.,0.707106781186566,1.))
REPRESENTATION_ITEM('')
);
#4327=(
BOUNDED_CURVE()
B_SPLINE_CURVE(2,(#6141,#6142,#6143),.UNSPECIFIED.,.F.,.F.)
B_SPLINE_CURVE_WITH_KNOTS((3,3),(0.,0.15707963267956),.UNSPECIFIED.)
CURVE()
GEOMETRIC_REPRESENTATION_ITEM()
RATIONAL_B_SPLINE_CURVE((1.,0.707106781186625,1.))
REPRESENTATION_ITEM('')
);
#4328=(
BOUNDED_CURVE()
B_SPLINE_CURVE(2,(#6148,#6149,#6150),.UNSPECIFIED.,.F.,.F.)
B_SPLINE_CURVE_WITH_KNOTS((3,3),(-0.157079632679516,0.),.UNSPECIFIED.)
CURVE()
GEOMETRIC_REPRESENTATION_ITEM()
RATIONAL_B_SPLINE_CURVE((1.,0.707106781186347,1.))
REPRESENTATION_ITEM('')
);
#4329=(
BOUNDED_CURVE()
B_SPLINE_CURVE(2,(#6153,#6154,#6155),.UNSPECIFIED.,.F.,.F.)
B_SPLINE_CURVE_WITH_KNOTS((3,3),(-0.157079632679526,0.),.UNSPECIFIED.)
CURVE()
GEOMETRIC_REPRESENTATION_ITEM()
RATIONAL_B_SPLINE_CURVE((1.,0.707106781186534,1.))
REPRESENTATION_ITEM('')
);
#4330=(
BOUNDED_CURVE()
B_SPLINE_CURVE(2,(#6160,#6161,#6162),.UNSPECIFIED.,.F.,.F.)
B_SPLINE_CURVE_WITH_KNOTS((3,3),(-0.157079632679526,0.),.UNSPECIFIED.)
CURVE()
GEOMETRIC_REPRESENTATION_ITEM()
RATIONAL_B_SPLINE_CURVE((1.,0.707106781186528,1.))
REPRESENTATION_ITEM('')
);
#4331=(
BOUNDED_CURVE()
B_SPLINE_CURVE(2,(#6169,#6170,#6171),.UNSPECIFIED.,.F.,.F.)
B_SPLINE_CURVE_WITH_KNOTS((3,3),(0.,0.157079632679478),.UNSPECIFIED.)
CURVE()
GEOMETRIC_REPRESENTATION_ITEM()
RATIONAL_B_SPLINE_CURVE((1.,0.707106781186548,1.))
REPRESENTATION_ITEM('')
);
#4332=(
BOUNDED_CURVE()
B_SPLINE_CURVE(2,(#6176,#6177,#6178),.UNSPECIFIED.,.F.,.F.)
B_SPLINE_CURVE_WITH_KNOTS((3,3),(0.,0.157079632679502),.UNSPECIFIED.)
CURVE()
GEOMETRIC_REPRESENTATION_ITEM()
RATIONAL_B_SPLINE_CURVE((1.,0.707106781186497,1.))
REPRESENTATION_ITEM('')
);
#4333=(
BOUNDED_CURVE()
B_SPLINE_CURVE(2,(#6183,#6184,#6185),.UNSPECIFIED.,.F.,.F.)
B_SPLINE_CURVE_WITH_KNOTS((3,3),(0.,0.157079632679526),.UNSPECIFIED.)
CURVE()
GEOMETRIC_REPRESENTATION_ITEM()
RATIONAL_B_SPLINE_CURVE((1.,0.707106781186546,1.))
REPRESENTATION_ITEM('')
);
#4334=(
BOUNDED_CURVE()
B_SPLINE_CURVE(2,(#6190,#6191,#6192),.UNSPECIFIED.,.F.,.F.)
B_SPLINE_CURVE_WITH_KNOTS((3,3),(0.,0.157079632679526),.UNSPECIFIED.)
CURVE()
GEOMETRIC_REPRESENTATION_ITEM()
RATIONAL_B_SPLINE_CURVE((1.,0.707106781186567,1.))
REPRESENTATION_ITEM('')
);
#4335=(
BOUNDED_CURVE()
B_SPLINE_CURVE(2,(#6195,#6196,#6197),.UNSPECIFIED.,.F.,.F.)
B_SPLINE_CURVE_WITH_KNOTS((3,3),(-0.157079632679526,0.),.UNSPECIFIED.)
CURVE()
GEOMETRIC_REPRESENTATION_ITEM()
RATIONAL_B_SPLINE_CURVE((1.,0.707106781186591,1.))
REPRESENTATION_ITEM('')
);
#4336=(
BOUNDED_CURVE()
B_SPLINE_CURVE(2,(#6202,#6203,#6204),.UNSPECIFIED.,.F.,.F.)
B_SPLINE_CURVE_WITH_KNOTS((3,3),(-0.157079632679526,0.),.UNSPECIFIED.)
CURVE()
GEOMETRIC_REPRESENTATION_ITEM()
RATIONAL_B_SPLINE_CURVE((1.,0.707106781186591,1.))
REPRESENTATION_ITEM('')
);
#4337=(
BOUNDED_CURVE()
B_SPLINE_CURVE(2,(#6211,#6212,#6213),.UNSPECIFIED.,.F.,.F.)
B_SPLINE_CURVE_WITH_KNOTS((3,3),(0.,0.157079632679486),.UNSPECIFIED.)
CURVE()
GEOMETRIC_REPRESENTATION_ITEM()
RATIONAL_B_SPLINE_CURVE((1.,0.707106781186698,1.))
REPRESENTATION_ITEM('')
);
#4338=(
BOUNDED_CURVE()
B_SPLINE_CURVE(2,(#6218,#6219,#6220),.UNSPECIFIED.,.F.,.F.)
B_SPLINE_CURVE_WITH_KNOTS((3,3),(0.,0.157079632679625),.UNSPECIFIED.)
CURVE()
GEOMETRIC_REPRESENTATION_ITEM()
RATIONAL_B_SPLINE_CURVE((1.,0.707106781186864,1.))
REPRESENTATION_ITEM('')
);
#4339=(
BOUNDED_CURVE()
B_SPLINE_CURVE(2,(#6225,#6226,#6227),.UNSPECIFIED.,.F.,.F.)
B_SPLINE_CURVE_WITH_KNOTS((3,3),(0.,0.157079632679491),.UNSPECIFIED.)
CURVE()
GEOMETRIC_REPRESENTATION_ITEM()
RATIONAL_B_SPLINE_CURVE((1.,0.707106781186615,1.))
REPRESENTATION_ITEM('')
);
#4340=(
BOUNDED_CURVE()
B_SPLINE_CURVE(2,(#6232,#6233,#6234),.UNSPECIFIED.,.F.,.F.)
B_SPLINE_CURVE_WITH_KNOTS((3,3),(0.,0.157079632679541),.UNSPECIFIED.)
CURVE()
GEOMETRIC_REPRESENTATION_ITEM()
RATIONAL_B_SPLINE_CURVE((1.,0.707106781186449,1.))
REPRESENTATION_ITEM('')
);
#4341=(
BOUNDED_CURVE()
B_SPLINE_CURVE(2,(#6237,#6238,#6239),.UNSPECIFIED.,.F.,.F.)
B_SPLINE_CURVE_WITH_KNOTS((3,3),(-0.15707963267956,0.),.UNSPECIFIED.)
CURVE()
GEOMETRIC_REPRESENTATION_ITEM()
RATIONAL_B_SPLINE_CURVE((1.,0.707106781186659,1.))
REPRESENTATION_ITEM('')
);
#4342=(
BOUNDED_CURVE()
B_SPLINE_CURVE(2,(#6244,#6245,#6246),.UNSPECIFIED.,.F.,.F.)
B_SPLINE_CURVE_WITH_KNOTS((3,3),(-0.15707963267956,0.),.UNSPECIFIED.)
CURVE()
GEOMETRIC_REPRESENTATION_ITEM()
RATIONAL_B_SPLINE_CURVE((1.,0.707106781186674,1.))
REPRESENTATION_ITEM('')
);
#4343=(
BOUNDED_CURVE()
B_SPLINE_CURVE(2,(#6253,#6254,#6255),.UNSPECIFIED.,.F.,.F.)
B_SPLINE_CURVE_WITH_KNOTS((3,3),(0.,0.157079632679474),.UNSPECIFIED.)
CURVE()
GEOMETRIC_REPRESENTATION_ITEM()
RATIONAL_B_SPLINE_CURVE((1.,0.707106781186597,1.))
REPRESENTATION_ITEM('')
);
#4344=(
BOUNDED_CURVE()
B_SPLINE_CURVE(2,(#6260,#6261,#6262),.UNSPECIFIED.,.F.,.F.)
B_SPLINE_CURVE_WITH_KNOTS((3,3),(0.,0.15707963267954),.UNSPECIFIED.)
CURVE()
GEOMETRIC_REPRESENTATION_ITEM()
RATIONAL_B_SPLINE_CURVE((1.,0.707106781186609,1.))
REPRESENTATION_ITEM('')
);
#4345=(
BOUNDED_CURVE()
B_SPLINE_CURVE(2,(#6781,#6782,#6783),.UNSPECIFIED.,.F.,.F.)
B_SPLINE_CURVE_WITH_KNOTS((3,3),(-0.157079632679588,0.),.UNSPECIFIED.)
CURVE()
GEOMETRIC_REPRESENTATION_ITEM()
RATIONAL_B_SPLINE_CURVE((1.,0.707106781186613,1.))
REPRESENTATION_ITEM('')
);
#4346=(
BOUNDED_CURVE()
B_SPLINE_CURVE(2,(#6788,#6789,#6790),.UNSPECIFIED.,.F.,.F.)
B_SPLINE_CURVE_WITH_KNOTS((3,3),(-0.157079632679588,0.),.UNSPECIFIED.)
CURVE()
GEOMETRIC_REPRESENTATION_ITEM()
RATIONAL_B_SPLINE_CURVE((1.,0.70710678118662,1.))
REPRESENTATION_ITEM('')
);
#4347=(
BOUNDED_CURVE()
B_SPLINE_CURVE(2,(#6797,#6798,#6799),.UNSPECIFIED.,.F.,.F.)
B_SPLINE_CURVE_WITH_KNOTS((3,3),(0.,0.157079632679491),.UNSPECIFIED.)
CURVE()
GEOMETRIC_REPRESENTATION_ITEM()
RATIONAL_B_SPLINE_CURVE((1.,0.707106781186472,1.))
REPRESENTATION_ITEM('')
);
#4348=(
BOUNDED_CURVE()
B_SPLINE_CURVE(2,(#6804,#6805,#6806),.UNSPECIFIED.,.F.,.F.)
B_SPLINE_CURVE_WITH_KNOTS((3,3),(0.,0.157079632679481),.UNSPECIFIED.)
CURVE()
GEOMETRIC_REPRESENTATION_ITEM()
RATIONAL_B_SPLINE_CURVE((1.,0.707106781186548,1.))
REPRESENTATION_ITEM('')
);
#4349=(
BOUNDED_CURVE()
B_SPLINE_CURVE(2,(#6811,#6812,#6813),.UNSPECIFIED.,.F.,.F.)
B_SPLINE_CURVE_WITH_KNOTS((3,3),(0.,0.157079632679589),.UNSPECIFIED.)
CURVE()
GEOMETRIC_REPRESENTATION_ITEM()
RATIONAL_B_SPLINE_CURVE((1.,0.707106781186648,1.))
REPRESENTATION_ITEM('')
);
#4350=(
BOUNDED_CURVE()
B_SPLINE_CURVE(2,(#6818,#6819,#6820),.UNSPECIFIED.,.F.,.F.)
B_SPLINE_CURVE_WITH_KNOTS((3,3),(0.,0.157079632679589),.UNSPECIFIED.)
CURVE()
GEOMETRIC_REPRESENTATION_ITEM()
RATIONAL_B_SPLINE_CURVE((1.,0.707106781186635,1.))
REPRESENTATION_ITEM('')
);
#4351=(
BOUNDED_CURVE()
B_SPLINE_CURVE(2,(#6825,#6826,#6827),.UNSPECIFIED.,.F.,.F.)
B_SPLINE_CURVE_WITH_KNOTS((3,3),(0.,0.15707963267956),.UNSPECIFIED.)
CURVE()
GEOMETRIC_REPRESENTATION_ITEM()
RATIONAL_B_SPLINE_CURVE((1.,0.70710678118645,1.))
REPRESENTATION_ITEM('')
);
#4352=(
BOUNDED_CURVE()
B_SPLINE_CURVE(2,(#6832,#6833,#6834),.UNSPECIFIED.,.F.,.F.)
B_SPLINE_CURVE_WITH_KNOTS((3,3),(0.,0.15707963267956),.UNSPECIFIED.)
CURVE()
GEOMETRIC_REPRESENTATION_ITEM()
RATIONAL_B_SPLINE_CURVE((1.,0.70710678118647,1.))
REPRESENTATION_ITEM('')
);
#4353=(
BOUNDED_CURVE()
B_SPLINE_CURVE(2,(#6837,#6838,#6839),.UNSPECIFIED.,.F.,.F.)
B_SPLINE_CURVE_WITH_KNOTS((3,3),(-0.15707963267954,0.),.UNSPECIFIED.)
CURVE()
GEOMETRIC_REPRESENTATION_ITEM()
RATIONAL_B_SPLINE_CURVE((1.,0.70710678118647,1.))
REPRESENTATION_ITEM('')
);
#4354=(
BOUNDED_CURVE()
B_SPLINE_CURVE(2,(#6844,#6845,#6846),.UNSPECIFIED.,.F.,.F.)
B_SPLINE_CURVE_WITH_KNOTS((3,3),(-0.15707963267954,0.),.UNSPECIFIED.)
CURVE()
GEOMETRIC_REPRESENTATION_ITEM()
RATIONAL_B_SPLINE_CURVE((1.,0.70710678118647,1.))
REPRESENTATION_ITEM('')
);
#4355=(
BOUNDED_CURVE()
B_SPLINE_CURVE(2,(#6853,#6854,#6855),.UNSPECIFIED.,.F.,.F.)
B_SPLINE_CURVE_WITH_KNOTS((3,3),(0.,0.157079632679499),.UNSPECIFIED.)
CURVE()
GEOMETRIC_REPRESENTATION_ITEM()
RATIONAL_B_SPLINE_CURVE((1.,0.707106781186548,1.))
REPRESENTATION_ITEM('')
);
#4356=(
BOUNDED_CURVE()
B_SPLINE_CURVE(2,(#6860,#6861,#6862),.UNSPECIFIED.,.F.,.F.)
B_SPLINE_CURVE_WITH_KNOTS((3,3),(0.,0.157079632679499),.UNSPECIFIED.)
CURVE()
GEOMETRIC_REPRESENTATION_ITEM()
RATIONAL_B_SPLINE_CURVE((1.,0.707106781186497,1.))
REPRESENTATION_ITEM('')
);
#4357=(
BOUNDED_CURVE()
B_SPLINE_CURVE(2,(#6867,#6868,#6869),.UNSPECIFIED.,.F.,.F.)
B_SPLINE_CURVE_WITH_KNOTS((3,3),(0.,0.157079632679526),.UNSPECIFIED.)
CURVE()
GEOMETRIC_REPRESENTATION_ITEM()
RATIONAL_B_SPLINE_CURVE((1.,0.707106781186642,1.))
REPRESENTATION_ITEM('')
);
#4358=(
BOUNDED_CURVE()
B_SPLINE_CURVE(2,(#6874,#6875,#6876),.UNSPECIFIED.,.F.,.F.)
B_SPLINE_CURVE_WITH_KNOTS((3,3),(0.,0.157079632679526),.UNSPECIFIED.)
CURVE()
GEOMETRIC_REPRESENTATION_ITEM()
RATIONAL_B_SPLINE_CURVE((1.,0.707106781186642,1.))
REPRESENTATION_ITEM('')
);
#4359=(
BOUNDED_CURVE()
B_SPLINE_CURVE(2,(#6879,#6880,#6881),.UNSPECIFIED.,.F.,.F.)
B_SPLINE_CURVE_WITH_KNOTS((3,3),(-0.15707963267956,0.),.UNSPECIFIED.)
CURVE()
GEOMETRIC_REPRESENTATION_ITEM()
RATIONAL_B_SPLINE_CURVE((1.,0.707106781186367,1.))
REPRESENTATION_ITEM('')
);
#4360=(
BOUNDED_CURVE()
B_SPLINE_CURVE(2,(#6886,#6887,#6888),.UNSPECIFIED.,.F.,.F.)
B_SPLINE_CURVE_WITH_KNOTS((3,3),(-0.15707963267956,0.),.UNSPECIFIED.)
CURVE()
GEOMETRIC_REPRESENTATION_ITEM()
RATIONAL_B_SPLINE_CURVE((1.,0.707106781186352,1.))
REPRESENTATION_ITEM('')
);
#4361=(
BOUNDED_CURVE()
B_SPLINE_CURVE(2,(#6895,#6896,#6897),.UNSPECIFIED.,.F.,.F.)
B_SPLINE_CURVE_WITH_KNOTS((3,3),(0.,0.157079632679495),.UNSPECIFIED.)
CURVE()
GEOMETRIC_REPRESENTATION_ITEM()
RATIONAL_B_SPLINE_CURVE((1.,0.707106781186548,1.))
REPRESENTATION_ITEM('')
);
#4362=(
BOUNDED_CURVE()
B_SPLINE_CURVE(2,(#6902,#6903,#6904),.UNSPECIFIED.,.F.,.F.)
B_SPLINE_CURVE_WITH_KNOTS((3,3),(0.,0.157079632679562),.UNSPECIFIED.)
CURVE()
GEOMETRIC_REPRESENTATION_ITEM()
RATIONAL_B_SPLINE_CURVE((1.,0.707106781186411,1.))
REPRESENTATION_ITEM('')
);
#4363=(
BOUNDED_CURVE()
B_SPLINE_CURVE(2,(#6909,#6910,#6911),.UNSPECIFIED.,.F.,.F.)
B_SPLINE_CURVE_WITH_KNOTS((3,3),(0.,0.15707963267956),.UNSPECIFIED.)
CURVE()
GEOMETRIC_REPRESENTATION_ITEM()
RATIONAL_B_SPLINE_CURVE((1.,0.707106781186497,1.))
REPRESENTATION_ITEM('')
);
#4364=(
BOUNDED_CURVE()
B_SPLINE_CURVE(2,(#6916,#6917,#6918),.UNSPECIFIED.,.F.,.F.)
B_SPLINE_CURVE_WITH_KNOTS((3,3),(0.,0.15707963267956),.UNSPECIFIED.)
CURVE()
GEOMETRIC_REPRESENTATION_ITEM()
RATIONAL_B_SPLINE_CURVE((1.,0.707106781186518,1.))
REPRESENTATION_ITEM('')
);
#4365=(
BOUNDED_CURVE()
B_SPLINE_CURVE(2,(#6921,#6922,#6923),.UNSPECIFIED.,.F.,.F.)
B_SPLINE_CURVE_WITH_KNOTS((3,3),(-0.157079632679526,0.),.UNSPECIFIED.)
CURVE()
GEOMETRIC_REPRESENTATION_ITEM()
RATIONAL_B_SPLINE_CURVE((1.,0.707106781186517,1.))
REPRESENTATION_ITEM('')
);
#4366=(
BOUNDED_CURVE()
B_SPLINE_CURVE(2,(#6928,#6929,#6930),.UNSPECIFIED.,.F.,.F.)
B_SPLINE_CURVE_WITH_KNOTS((3,3),(-0.157079632679493,0.),.UNSPECIFIED.)
CURVE()
GEOMETRIC_REPRESENTATION_ITEM()
RATIONAL_B_SPLINE_CURVE((1.,0.707106781186565,1.))
REPRESENTATION_ITEM('')
);
#4367=(
BOUNDED_CURVE()
B_SPLINE_CURVE(2,(#6937,#6938,#6939),.UNSPECIFIED.,.F.,.F.)
B_SPLINE_CURVE_WITH_KNOTS((3,3),(0.,0.157079632679494),.UNSPECIFIED.)
CURVE()
GEOMETRIC_REPRESENTATION_ITEM()
RATIONAL_B_SPLINE_CURVE((1.,0.707106781186531,1.))
REPRESENTATION_ITEM('')
);
#4368=(
BOUNDED_CURVE()
B_SPLINE_CURVE(2,(#6944,#6945,#6946),.UNSPECIFIED.,.F.,.F.)
B_SPLINE_CURVE_WITH_KNOTS((3,3),(0.,0.157079632679481),.UNSPECIFIED.)
CURVE()
GEOMETRIC_REPRESENTATION_ITEM()
RATIONAL_B_SPLINE_CURVE((1.,0.707106781186634,1.))
REPRESENTATION_ITEM('')
);
#4369=(
BOUNDED_CURVE()
B_SPLINE_CURVE(2,(#7465,#7466,#7467),.UNSPECIFIED.,.F.,.F.)
B_SPLINE_CURVE_WITH_KNOTS((3,3),(-0.15707963267956,0.),.UNSPECIFIED.)
CURVE()
GEOMETRIC_REPRESENTATION_ITEM()
RATIONAL_B_SPLINE_CURVE((1.,0.707106781186648,1.))
REPRESENTATION_ITEM('')
);
#4370=(
BOUNDED_CURVE()
B_SPLINE_CURVE(2,(#7472,#7473,#7474),.UNSPECIFIED.,.F.,.F.)
B_SPLINE_CURVE_WITH_KNOTS((3,3),(0.,0.157079632679495),.UNSPECIFIED.)
CURVE()
GEOMETRIC_REPRESENTATION_ITEM()
RATIONAL_B_SPLINE_CURVE((1.,0.707106781186607,1.))
REPRESENTATION_ITEM('')
);
#4371=(
BOUNDED_CURVE()
B_SPLINE_CURVE(2,(#7481,#7482,#7483),.UNSPECIFIED.,.F.,.F.)
B_SPLINE_CURVE_WITH_KNOTS((3,3),(0.,0.157079632679583),.UNSPECIFIED.)
CURVE()
GEOMETRIC_REPRESENTATION_ITEM()
RATIONAL_B_SPLINE_CURVE((1.,0.707106781186353,1.))
REPRESENTATION_ITEM('')
);
#4372=(
BOUNDED_CURVE()
B_SPLINE_CURVE(2,(#7488,#7489,#7490),.UNSPECIFIED.,.F.,.F.)
B_SPLINE_CURVE_WITH_KNOTS((3,3),(0.,0.157079632679502),.UNSPECIFIED.)
CURVE()
GEOMETRIC_REPRESENTATION_ITEM()
RATIONAL_B_SPLINE_CURVE((1.,0.707106781186598,1.))
REPRESENTATION_ITEM('')
);
#4373=(
BOUNDED_CURVE()
B_SPLINE_CURVE(2,(#7495,#7496,#7497),.UNSPECIFIED.,.F.,.F.)
B_SPLINE_CURVE_WITH_KNOTS((3,3),(0.,0.157079632679574),.UNSPECIFIED.)
CURVE()
GEOMETRIC_REPRESENTATION_ITEM()
RATIONAL_B_SPLINE_CURVE((1.,0.707106781186545,1.))
REPRESENTATION_ITEM('')
);
#4374=(
BOUNDED_CURVE()
B_SPLINE_CURVE(2,(#7502,#7503,#7504),.UNSPECIFIED.,.F.,.F.)
B_SPLINE_CURVE_WITH_KNOTS((3,3),(0.,0.157079632679574),.UNSPECIFIED.)
CURVE()
GEOMETRIC_REPRESENTATION_ITEM()
RATIONAL_B_SPLINE_CURVE((1.,0.707106781186566,1.))
REPRESENTATION_ITEM('')
);
#4375=(
BOUNDED_CURVE()
B_SPLINE_CURVE(2,(#7509,#7510,#7511),.UNSPECIFIED.,.F.,.F.)
B_SPLINE_CURVE_WITH_KNOTS((3,3),(0.,0.15707963267956),.UNSPECIFIED.)
CURVE()
GEOMETRIC_REPRESENTATION_ITEM()
RATIONAL_B_SPLINE_CURVE((1.,0.707106781186625,1.))
REPRESENTATION_ITEM('')
);
#4376=(
BOUNDED_CURVE()
B_SPLINE_CURVE(2,(#7516,#7517,#7518),.UNSPECIFIED.,.F.,.F.)
B_SPLINE_CURVE_WITH_KNOTS((3,3),(-0.157079632679516,0.),.UNSPECIFIED.)
CURVE()
GEOMETRIC_REPRESENTATION_ITEM()
RATIONAL_B_SPLINE_CURVE((1.,0.707106781186347,1.))
REPRESENTATION_ITEM('')
);
#4377=(
BOUNDED_CURVE()
B_SPLINE_CURVE(2,(#7521,#7522,#7523),.UNSPECIFIED.,.F.,.F.)
B_SPLINE_CURVE_WITH_KNOTS((3,3),(-0.157079632679526,0.),.UNSPECIFIED.)
CURVE()
GEOMETRIC_REPRESENTATION_ITEM()
RATIONAL_B_SPLINE_CURVE((1.,0.707106781186534,1.))
REPRESENTATION_ITEM('')
);
#4378=(
BOUNDED_CURVE()
B_SPLINE_CURVE(2,(#7528,#7529,#7530),.UNSPECIFIED.,.F.,.F.)
B_SPLINE_CURVE_WITH_KNOTS((3,3),(-0.157079632679526,0.),.UNSPECIFIED.)
CURVE()
GEOMETRIC_REPRESENTATION_ITEM()
RATIONAL_B_SPLINE_CURVE((1.,0.707106781186528,1.))
REPRESENTATION_ITEM('')
);
#4379=(
BOUNDED_CURVE()
B_SPLINE_CURVE(2,(#7537,#7538,#7539),.UNSPECIFIED.,.F.,.F.)
B_SPLINE_CURVE_WITH_KNOTS((3,3),(0.,0.157079632679478),.UNSPECIFIED.)
CURVE()
GEOMETRIC_REPRESENTATION_ITEM()
RATIONAL_B_SPLINE_CURVE((1.,0.707106781186548,1.))
REPRESENTATION_ITEM('')
);
#4380=(
BOUNDED_CURVE()
B_SPLINE_CURVE(2,(#7544,#7545,#7546),.UNSPECIFIED.,.F.,.F.)
B_SPLINE_CURVE_WITH_KNOTS((3,3),(0.,0.157079632679502),.UNSPECIFIED.)
CURVE()
GEOMETRIC_REPRESENTATION_ITEM()
RATIONAL_B_SPLINE_CURVE((1.,0.707106781186497,1.))
REPRESENTATION_ITEM('')
);
#4381=(
BOUNDED_CURVE()
B_SPLINE_CURVE(2,(#7551,#7552,#7553),.UNSPECIFIED.,.F.,.F.)
B_SPLINE_CURVE_WITH_KNOTS((3,3),(0.,0.157079632679526),.UNSPECIFIED.)
CURVE()
GEOMETRIC_REPRESENTATION_ITEM()
RATIONAL_B_SPLINE_CURVE((1.,0.707106781186546,1.))
REPRESENTATION_ITEM('')
);
#4382=(
BOUNDED_CURVE()
B_SPLINE_CURVE(2,(#7558,#7559,#7560),.UNSPECIFIED.,.F.,.F.)
B_SPLINE_CURVE_WITH_KNOTS((3,3),(0.,0.157079632679526),.UNSPECIFIED.)
CURVE()
GEOMETRIC_REPRESENTATION_ITEM()
RATIONAL_B_SPLINE_CURVE((1.,0.707106781186567,1.))
REPRESENTATION_ITEM('')
);
#4383=(
BOUNDED_CURVE()
B_SPLINE_CURVE(2,(#7563,#7564,#7565),.UNSPECIFIED.,.F.,.F.)
B_SPLINE_CURVE_WITH_KNOTS((3,3),(-0.157079632679526,0.),.UNSPECIFIED.)
CURVE()
GEOMETRIC_REPRESENTATION_ITEM()
RATIONAL_B_SPLINE_CURVE((1.,0.707106781186591,1.))
REPRESENTATION_ITEM('')
);
#4384=(
BOUNDED_CURVE()
B_SPLINE_CURVE(2,(#7570,#7571,#7572),.UNSPECIFIED.,.F.,.F.)
B_SPLINE_CURVE_WITH_KNOTS((3,3),(-0.157079632679526,0.),.UNSPECIFIED.)
CURVE()
GEOMETRIC_REPRESENTATION_ITEM()
RATIONAL_B_SPLINE_CURVE((1.,0.707106781186591,1.))
REPRESENTATION_ITEM('')
);
#4385=(
BOUNDED_CURVE()
B_SPLINE_CURVE(2,(#7579,#7580,#7581),.UNSPECIFIED.,.F.,.F.)
B_SPLINE_CURVE_WITH_KNOTS((3,3),(0.,0.157079632679486),.UNSPECIFIED.)
CURVE()
GEOMETRIC_REPRESENTATION_ITEM()
RATIONAL_B_SPLINE_CURVE((1.,0.707106781186698,1.))
REPRESENTATION_ITEM('')
);
#4386=(
BOUNDED_CURVE()
B_SPLINE_CURVE(2,(#7586,#7587,#7588),.UNSPECIFIED.,.F.,.F.)
B_SPLINE_CURVE_WITH_KNOTS((3,3),(0.,0.157079632679625),.UNSPECIFIED.)
CURVE()
GEOMETRIC_REPRESENTATION_ITEM()
RATIONAL_B_SPLINE_CURVE((1.,0.707106781186864,1.))
REPRESENTATION_ITEM('')
);
#4387=(
BOUNDED_CURVE()
B_SPLINE_CURVE(2,(#7593,#7594,#7595),.UNSPECIFIED.,.F.,.F.)
B_SPLINE_CURVE_WITH_KNOTS((3,3),(0.,0.157079632679491),.UNSPECIFIED.)
CURVE()
GEOMETRIC_REPRESENTATION_ITEM()
RATIONAL_B_SPLINE_CURVE((1.,0.707106781186615,1.))
REPRESENTATION_ITEM('')
);
#4388=(
BOUNDED_CURVE()
B_SPLINE_CURVE(2,(#7600,#7601,#7602),.UNSPECIFIED.,.F.,.F.)
B_SPLINE_CURVE_WITH_KNOTS((3,3),(0.,0.157079632679541),.UNSPECIFIED.)
CURVE()
GEOMETRIC_REPRESENTATION_ITEM()
RATIONAL_B_SPLINE_CURVE((1.,0.707106781186449,1.))
REPRESENTATION_ITEM('')
);
#4389=(
BOUNDED_CURVE()
B_SPLINE_CURVE(2,(#7605,#7606,#7607),.UNSPECIFIED.,.F.,.F.)
B_SPLINE_CURVE_WITH_KNOTS((3,3),(-0.15707963267956,0.),.UNSPECIFIED.)
CURVE()
GEOMETRIC_REPRESENTATION_ITEM()
RATIONAL_B_SPLINE_CURVE((1.,0.707106781186659,1.))
REPRESENTATION_ITEM('')
);
#4390=(
BOUNDED_CURVE()
B_SPLINE_CURVE(2,(#7612,#7613,#7614),.UNSPECIFIED.,.F.,.F.)
B_SPLINE_CURVE_WITH_KNOTS((3,3),(-0.15707963267956,0.),.UNSPECIFIED.)
CURVE()
GEOMETRIC_REPRESENTATION_ITEM()
RATIONAL_B_SPLINE_CURVE((1.,0.707106781186674,1.))
REPRESENTATION_ITEM('')
);
#4391=(
BOUNDED_CURVE()
B_SPLINE_CURVE(2,(#7621,#7622,#7623),.UNSPECIFIED.,.F.,.F.)
B_SPLINE_CURVE_WITH_KNOTS((3,3),(0.,0.157079632679474),.UNSPECIFIED.)
CURVE()
GEOMETRIC_REPRESENTATION_ITEM()
RATIONAL_B_SPLINE_CURVE((1.,0.707106781186597,1.))
REPRESENTATION_ITEM('')
);
#4392=(
BOUNDED_CURVE()
B_SPLINE_CURVE(2,(#7628,#7629,#7630),.UNSPECIFIED.,.F.,.F.)
B_SPLINE_CURVE_WITH_KNOTS((3,3),(0.,0.15707963267954),.UNSPECIFIED.)
CURVE()
GEOMETRIC_REPRESENTATION_ITEM()
RATIONAL_B_SPLINE_CURVE((1.,0.707106781186609,1.))
REPRESENTATION_ITEM('')
);
#4393=(
BOUNDED_CURVE()
B_SPLINE_CURVE(2,(#8139,#8140,#8141),.UNSPECIFIED.,.F.,.F.)
B_SPLINE_CURVE_WITH_KNOTS((3,3),(-0.157079632679526,0.),.UNSPECIFIED.)
CURVE()
GEOMETRIC_REPRESENTATION_ITEM()
RATIONAL_B_SPLINE_CURVE((1.,0.707106781186609,1.))
REPRESENTATION_ITEM('')
);
#4394=(
BOUNDED_CURVE()
B_SPLINE_CURVE(2,(#8146,#8147,#8148),.UNSPECIFIED.,.F.,.F.)
B_SPLINE_CURVE_WITH_KNOTS((3,3),(-0.157079632679526,0.),.UNSPECIFIED.)
CURVE()
GEOMETRIC_REPRESENTATION_ITEM()
RATIONAL_B_SPLINE_CURVE((1.,0.707106781186624,1.))
REPRESENTATION_ITEM('')
);
#4395=(
BOUNDED_CURVE()
B_SPLINE_CURVE(2,(#8155,#8156,#8157),.UNSPECIFIED.,.F.,.F.)
B_SPLINE_CURVE_WITH_KNOTS((3,3),(0.,0.157079632679482),.UNSPECIFIED.)
CURVE()
GEOMETRIC_REPRESENTATION_ITEM()
RATIONAL_B_SPLINE_CURVE((1.,0.707106781186723,1.))
REPRESENTATION_ITEM('')
);
#4396=(
BOUNDED_CURVE()
B_SPLINE_CURVE(2,(#8162,#8163,#8164),.UNSPECIFIED.,.F.,.F.)
B_SPLINE_CURVE_WITH_KNOTS((3,3),(0.,0.157079632679486),.UNSPECIFIED.)
CURVE()
GEOMETRIC_REPRESENTATION_ITEM()
RATIONAL_B_SPLINE_CURVE((1.,0.707106781186573,1.))
REPRESENTATION_ITEM('')
);
#4397=(
BOUNDED_CURVE()
B_SPLINE_CURVE(2,(#8169,#8170,#8171),.UNSPECIFIED.,.F.,.F.)
B_SPLINE_CURVE_WITH_KNOTS((3,3),(0.,0.157079632679526),.UNSPECIFIED.)
CURVE()
GEOMETRIC_REPRESENTATION_ITEM()
RATIONAL_B_SPLINE_CURVE((1.,0.707106781186642,1.))
REPRESENTATION_ITEM('')
);
#4398=(
BOUNDED_CURVE()
B_SPLINE_CURVE(2,(#8176,#8177,#8178),.UNSPECIFIED.,.F.,.F.)
B_SPLINE_CURVE_WITH_KNOTS((3,3),(0.,0.157079632679526),.UNSPECIFIED.)
CURVE()
GEOMETRIC_REPRESENTATION_ITEM()
RATIONAL_B_SPLINE_CURVE((1.,0.707106781186642,1.))
REPRESENTATION_ITEM('')
);
#4399=(
BOUNDED_CURVE()
B_SPLINE_CURVE(2,(#8183,#8184,#8185),.UNSPECIFIED.,.F.,.F.)
B_SPLINE_CURVE_WITH_KNOTS((3,3),(0.,0.157079632679611),.UNSPECIFIED.)
CURVE()
GEOMETRIC_REPRESENTATION_ITEM()
RATIONAL_B_SPLINE_CURVE((1.,0.707106781186523,1.))
REPRESENTATION_ITEM('')
);
#4400=(
BOUNDED_CURVE()
B_SPLINE_CURVE(2,(#8190,#8191,#8192),.UNSPECIFIED.,.F.,.F.)
B_SPLINE_CURVE_WITH_KNOTS((3,3),(0.,0.157079632679611),.UNSPECIFIED.)
CURVE()
GEOMETRIC_REPRESENTATION_ITEM()
RATIONAL_B_SPLINE_CURVE((1.,0.707106781186639,1.))
REPRESENTATION_ITEM('')
);
#4401=(
BOUNDED_CURVE()
B_SPLINE_CURVE(2,(#8195,#8196,#8197),.UNSPECIFIED.,.F.,.F.)
B_SPLINE_CURVE_WITH_KNOTS((3,3),(-0.157079632679574,0.),.UNSPECIFIED.)
CURVE()
GEOMETRIC_REPRESENTATION_ITEM()
RATIONAL_B_SPLINE_CURVE((1.,0.70710678118662,1.))
REPRESENTATION_ITEM('')
);
#4402=(
BOUNDED_CURVE()
B_SPLINE_CURVE(2,(#8202,#8203,#8204),.UNSPECIFIED.,.F.,.F.)
B_SPLINE_CURVE_WITH_KNOTS((3,3),(-0.157079632679574,0.),.UNSPECIFIED.)
CURVE()
GEOMETRIC_REPRESENTATION_ITEM()
RATIONAL_B_SPLINE_CURVE((1.,0.707106781186614,1.))
REPRESENTATION_ITEM('')
);
#4403=(
BOUNDED_CURVE()
B_SPLINE_CURVE(2,(#8211,#8212,#8213),.UNSPECIFIED.,.F.,.F.)
B_SPLINE_CURVE_WITH_KNOTS((3,3),(0.,0.157079632679485),.UNSPECIFIED.)
CURVE()
GEOMETRIC_REPRESENTATION_ITEM()
RATIONAL_B_SPLINE_CURVE((1.,0.707106781186598,1.))
REPRESENTATION_ITEM('')
);
#4404=(
BOUNDED_CURVE()
B_SPLINE_CURVE(2,(#8218,#8219,#8220),.UNSPECIFIED.,.F.,.F.)
B_SPLINE_CURVE_WITH_KNOTS((3,3),(0.,0.157079632679568),.UNSPECIFIED.)
CURVE()
GEOMETRIC_REPRESENTATION_ITEM()
RATIONAL_B_SPLINE_CURVE((1.,0.707106781186638,1.))
REPRESENTATION_ITEM('')
);
#4405=(
BOUNDED_CURVE()
B_SPLINE_CURVE(2,(#8225,#8226,#8227),.UNSPECIFIED.,.F.,.F.)
B_SPLINE_CURVE_WITH_KNOTS((3,3),(0.,0.157079632679574),.UNSPECIFIED.)
CURVE()
GEOMETRIC_REPRESENTATION_ITEM()
RATIONAL_B_SPLINE_CURVE((1.,0.707106781186374,1.))
REPRESENTATION_ITEM('')
);
#4406=(
BOUNDED_CURVE()
B_SPLINE_CURVE(2,(#8232,#8233,#8234),.UNSPECIFIED.,.F.,.F.)
B_SPLINE_CURVE_WITH_KNOTS((3,3),(0.,0.157079632679574),.UNSPECIFIED.)
CURVE()
GEOMETRIC_REPRESENTATION_ITEM()
RATIONAL_B_SPLINE_CURVE((1.,0.707106781186347,1.))
REPRESENTATION_ITEM('')
);
#4407=(
BOUNDED_CURVE()
B_SPLINE_CURVE(2,(#8237,#8238,#8239),.UNSPECIFIED.,.F.,.F.)
B_SPLINE_CURVE_WITH_KNOTS((3,3),(-0.157079632679526,0.),.UNSPECIFIED.)
CURVE()
GEOMETRIC_REPRESENTATION_ITEM()
RATIONAL_B_SPLINE_CURVE((1.,0.707106781186559,1.))
REPRESENTATION_ITEM('')
);
#4408=(
BOUNDED_CURVE()
B_SPLINE_CURVE(2,(#8244,#8245,#8246),.UNSPECIFIED.,.F.,.F.)
B_SPLINE_CURVE_WITH_KNOTS((3,3),(-0.157079632679526,0.),.UNSPECIFIED.)
CURVE()
GEOMETRIC_REPRESENTATION_ITEM()
RATIONAL_B_SPLINE_CURVE((1.,0.707106781186574,1.))
REPRESENTATION_ITEM('')
);
#4409=(
BOUNDED_CURVE()
B_SPLINE_CURVE(2,(#8253,#8254,#8255),.UNSPECIFIED.,.F.,.F.)
B_SPLINE_CURVE_WITH_KNOTS((3,3),(0.,0.157079632679505),.UNSPECIFIED.)
CURVE()
GEOMETRIC_REPRESENTATION_ITEM()
RATIONAL_B_SPLINE_CURVE((1.,0.707106781186447,1.))
REPRESENTATION_ITEM('')
);
#4410=(
BOUNDED_CURVE()
B_SPLINE_CURVE(2,(#8260,#8261,#8262),.UNSPECIFIED.,.F.,.F.)
B_SPLINE_CURVE_WITH_KNOTS((3,3),(0.,0.157079632679502),.UNSPECIFIED.)
CURVE()
GEOMETRIC_REPRESENTATION_ITEM()
RATIONAL_B_SPLINE_CURVE((1.,0.707106781186447,1.))
REPRESENTATION_ITEM('')
);
#4411=(
BOUNDED_CURVE()
B_SPLINE_CURVE(2,(#8267,#8268,#8269),.UNSPECIFIED.,.F.,.F.)
B_SPLINE_CURVE_WITH_KNOTS((3,3),(0.,0.157079632679526),.UNSPECIFIED.)
CURVE()
GEOMETRIC_REPRESENTATION_ITEM()
RATIONAL_B_SPLINE_CURVE((1.,0.707106781186592,1.))
REPRESENTATION_ITEM('')
);
#4412=(
BOUNDED_CURVE()
B_SPLINE_CURVE(2,(#8274,#8275,#8276),.UNSPECIFIED.,.F.,.F.)
B_SPLINE_CURVE_WITH_KNOTS((3,3),(0.,0.157079632679526),.UNSPECIFIED.)
CURVE()
GEOMETRIC_REPRESENTATION_ITEM()
RATIONAL_B_SPLINE_CURVE((1.,0.707106781186592,1.))
REPRESENTATION_ITEM('')
);
#4413=(
BOUNDED_CURVE()
B_SPLINE_CURVE(2,(#8279,#8280,#8281),.UNSPECIFIED.,.F.,.F.)
B_SPLINE_CURVE_WITH_KNOTS((3,3),(-0.157079632679574,0.),.UNSPECIFIED.)
CURVE()
GEOMETRIC_REPRESENTATION_ITEM()
RATIONAL_B_SPLINE_CURVE((1.,0.70710678118662,1.))
REPRESENTATION_ITEM('')
);
#4414=(
BOUNDED_CURVE()
B_SPLINE_CURVE(2,(#8286,#8287,#8288),.UNSPECIFIED.,.F.,.F.)
B_SPLINE_CURVE_WITH_KNOTS((3,3),(-0.157079632679574,0.),.UNSPECIFIED.)
CURVE()
GEOMETRIC_REPRESENTATION_ITEM()
RATIONAL_B_SPLINE_CURVE((1.,0.707106781186614,1.))
REPRESENTATION_ITEM('')
);
#4415=(
BOUNDED_CURVE()
B_SPLINE_CURVE(2,(#8295,#8296,#8297),.UNSPECIFIED.,.F.,.F.)
B_SPLINE_CURVE_WITH_KNOTS((3,3),(0.,0.157079632679561),.UNSPECIFIED.)
CURVE()
GEOMETRIC_REPRESENTATION_ITEM()
RATIONAL_B_SPLINE_CURVE((1.,0.707106781186593,1.))
REPRESENTATION_ITEM('')
);
#4416=(
BOUNDED_CURVE()
B_SPLINE_CURVE(2,(#8302,#8303,#8304),.UNSPECIFIED.,.F.,.F.)
B_SPLINE_CURVE_WITH_KNOTS((3,3),(0.,0.157079632679561),.UNSPECIFIED.)
CURVE()
GEOMETRIC_REPRESENTATION_ITEM()
RATIONAL_B_SPLINE_CURVE((1.,0.707106781186593,1.))
REPRESENTATION_ITEM('')
);
#4417=(
BOUNDED_CURVE()
B_SPLINE_CURVE(2,(#8823,#8824,#8825),.UNSPECIFIED.,.F.,.F.)
B_SPLINE_CURVE_WITH_KNOTS((3,3),(-0.157079632679526,0.),.UNSPECIFIED.)
CURVE()
GEOMETRIC_REPRESENTATION_ITEM()
RATIONAL_B_SPLINE_CURVE((1.,0.707106781186545,1.))
REPRESENTATION_ITEM('')
);
#4418=(
BOUNDED_CURVE()
B_SPLINE_CURVE(2,(#8830,#8831,#8832),.UNSPECIFIED.,.F.,.F.)
B_SPLINE_CURVE_WITH_KNOTS((3,3),(-0.157079632679526,0.),.UNSPECIFIED.)
CURVE()
GEOMETRIC_REPRESENTATION_ITEM()
RATIONAL_B_SPLINE_CURVE((1.,0.707106781186567,1.))
REPRESENTATION_ITEM('')
);
#4419=(
BOUNDED_CURVE()
B_SPLINE_CURVE(2,(#8839,#8840,#8841),.UNSPECIFIED.,.F.,.F.)
B_SPLINE_CURVE_WITH_KNOTS((3,3),(0.,0.157079632679492),.UNSPECIFIED.)
CURVE()
GEOMETRIC_REPRESENTATION_ITEM()
RATIONAL_B_SPLINE_CURVE((1.,0.707106781186548,1.))
REPRESENTATION_ITEM('')
);
#4420=(
BOUNDED_CURVE()
B_SPLINE_CURVE(2,(#8846,#8847,#8848),.UNSPECIFIED.,.F.,.F.)
B_SPLINE_CURVE_WITH_KNOTS((3,3),(0.,0.157079632679492),.UNSPECIFIED.)
CURVE()
GEOMETRIC_REPRESENTATION_ITEM()
RATIONAL_B_SPLINE_CURVE((1.,0.707106781186573,1.))
REPRESENTATION_ITEM('')
);
#4421=(
BOUNDED_CURVE()
B_SPLINE_CURVE(2,(#8853,#8854,#8855),.UNSPECIFIED.,.F.,.F.)
B_SPLINE_CURVE_WITH_KNOTS((3,3),(0.,0.157079632679526),.UNSPECIFIED.)
CURVE()
GEOMETRIC_REPRESENTATION_ITEM()
RATIONAL_B_SPLINE_CURVE((1.,0.707106781186581,1.))
REPRESENTATION_ITEM('')
);
#4422=(
BOUNDED_CURVE()
B_SPLINE_CURVE(2,(#8860,#8861,#8862),.UNSPECIFIED.,.F.,.F.)
B_SPLINE_CURVE_WITH_KNOTS((3,3),(0.,0.157079632679526),.UNSPECIFIED.)
CURVE()
GEOMETRIC_REPRESENTATION_ITEM()
RATIONAL_B_SPLINE_CURVE((1.,0.70710678118653,1.))
REPRESENTATION_ITEM('')
);
#4423=(
BOUNDED_CURVE()
B_SPLINE_CURVE(2,(#8867,#8868,#8869),.UNSPECIFIED.,.F.,.F.)
B_SPLINE_CURVE_WITH_KNOTS((3,3),(0.,0.157079632679501),.UNSPECIFIED.)
CURVE()
GEOMETRIC_REPRESENTATION_ITEM()
RATIONAL_B_SPLINE_CURVE((1.,0.707106781186372,1.))
REPRESENTATION_ITEM('')
);
#4424=(
BOUNDED_CURVE()
B_SPLINE_CURVE(2,(#8874,#8875,#8876),.UNSPECIFIED.,.F.,.F.)
B_SPLINE_CURVE_WITH_KNOTS((3,3),(-0.157079632679505,0.),.UNSPECIFIED.)
CURVE()
GEOMETRIC_REPRESENTATION_ITEM()
RATIONAL_B_SPLINE_CURVE((1.,0.707106781186397,1.))
REPRESENTATION_ITEM('')
);
#4425=(
BOUNDED_CURVE()
B_SPLINE_CURVE(2,(#8879,#8880,#8881),.UNSPECIFIED.,.F.,.F.)
B_SPLINE_CURVE_WITH_KNOTS((3,3),(-0.15707963267956,0.),.UNSPECIFIED.)
CURVE()
GEOMETRIC_REPRESENTATION_ITEM()
RATIONAL_B_SPLINE_CURVE((1.,0.707106781186495,1.))
REPRESENTATION_ITEM('')
);
#4426=(
BOUNDED_CURVE()
B_SPLINE_CURVE(2,(#8886,#8887,#8888),.UNSPECIFIED.,.F.,.F.)
B_SPLINE_CURVE_WITH_KNOTS((3,3),(-0.15707963267956,0.),.UNSPECIFIED.)
CURVE()
GEOMETRIC_REPRESENTATION_ITEM()
RATIONAL_B_SPLINE_CURVE((1.,0.707106781186516,1.))
REPRESENTATION_ITEM('')
);
#4427=(
BOUNDED_CURVE()
B_SPLINE_CURVE(2,(#8895,#8896,#8897),.UNSPECIFIED.,.F.,.F.)
B_SPLINE_CURVE_WITH_KNOTS((3,3),(0.,0.157079632679479),.UNSPECIFIED.)
CURVE()
GEOMETRIC_REPRESENTATION_ITEM()
RATIONAL_B_SPLINE_CURVE((1.,0.707106781186698,1.))
REPRESENTATION_ITEM('')
);
#4428=(
BOUNDED_CURVE()
B_SPLINE_CURVE(2,(#8902,#8903,#8904),.UNSPECIFIED.,.F.,.F.)
B_SPLINE_CURVE_WITH_KNOTS((3,3),(0.,0.157079632679492),.UNSPECIFIED.)
CURVE()
GEOMETRIC_REPRESENTATION_ITEM()
RATIONAL_B_SPLINE_CURVE((1.,0.707106781186522,1.))
REPRESENTATION_ITEM('')
);
#4429=(
BOUNDED_CURVE()
B_SPLINE_CURVE(2,(#8909,#8910,#8911),.UNSPECIFIED.,.F.,.F.)
B_SPLINE_CURVE_WITH_KNOTS((3,3),(0.,0.15707963267954),.UNSPECIFIED.)
CURVE()
GEOMETRIC_REPRESENTATION_ITEM()
RATIONAL_B_SPLINE_CURVE((1.,0.707106781186546,1.))
REPRESENTATION_ITEM('')
);
#4430=(
BOUNDED_CURVE()
B_SPLINE_CURVE(2,(#8916,#8917,#8918),.UNSPECIFIED.,.F.,.F.)
B_SPLINE_CURVE_WITH_KNOTS((3,3),(0.,0.15707963267954),.UNSPECIFIED.)
CURVE()
GEOMETRIC_REPRESENTATION_ITEM()
RATIONAL_B_SPLINE_CURVE((1.,0.707106781186568,1.))
REPRESENTATION_ITEM('')
);
#4431=(
BOUNDED_CURVE()
B_SPLINE_CURVE(2,(#8921,#8922,#8923),.UNSPECIFIED.,.F.,.F.)
B_SPLINE_CURVE_WITH_KNOTS((3,3),(-0.157079632679526,0.),.UNSPECIFIED.)
CURVE()
GEOMETRIC_REPRESENTATION_ITEM()
RATIONAL_B_SPLINE_CURVE((1.,0.707106781186513,1.))
REPRESENTATION_ITEM('')
);
#4432=(
BOUNDED_CURVE()
B_SPLINE_CURVE(2,(#8928,#8929,#8930),.UNSPECIFIED.,.F.,.F.)
B_SPLINE_CURVE_WITH_KNOTS((3,3),(-0.157079632679526,0.),.UNSPECIFIED.)
CURVE()
GEOMETRIC_REPRESENTATION_ITEM()
RATIONAL_B_SPLINE_CURVE((1.,0.707106781186549,1.))
REPRESENTATION_ITEM('')
);
#4433=(
BOUNDED_CURVE()
B_SPLINE_CURVE(2,(#8937,#8938,#8939),.UNSPECIFIED.,.F.,.F.)
B_SPLINE_CURVE_WITH_KNOTS((3,3),(0.,0.157079632679496),.UNSPECIFIED.)
CURVE()
GEOMETRIC_REPRESENTATION_ITEM()
RATIONAL_B_SPLINE_CURVE((1.,0.707106781186623,1.))
REPRESENTATION_ITEM('')
);
#4434=(
BOUNDED_CURVE()
B_SPLINE_CURVE(2,(#8944,#8945,#8946),.UNSPECIFIED.,.F.,.F.)
B_SPLINE_CURVE_WITH_KNOTS((3,3),(0.,0.157079632679495),.UNSPECIFIED.)
CURVE()
GEOMETRIC_REPRESENTATION_ITEM()
RATIONAL_B_SPLINE_CURVE((1.,0.707106781186422,1.))
REPRESENTATION_ITEM('')
);
#4435=(
BOUNDED_CURVE()
B_SPLINE_CURVE(2,(#8951,#8952,#8953),.UNSPECIFIED.,.F.,.F.)
B_SPLINE_CURVE_WITH_KNOTS((3,3),(0.,0.157079632679526),.UNSPECIFIED.)
CURVE()
GEOMETRIC_REPRESENTATION_ITEM()
RATIONAL_B_SPLINE_CURVE((1.,0.707106781186452,1.))
REPRESENTATION_ITEM('')
);
#4436=(
BOUNDED_CURVE()
B_SPLINE_CURVE(2,(#8958,#8959,#8960),.UNSPECIFIED.,.F.,.F.)
B_SPLINE_CURVE_WITH_KNOTS((3,3),(0.,0.157079632679526),.UNSPECIFIED.)
CURVE()
GEOMETRIC_REPRESENTATION_ITEM()
RATIONAL_B_SPLINE_CURVE((1.,0.707106781186437,1.))
REPRESENTATION_ITEM('')
);
#4437=(
BOUNDED_CURVE()
B_SPLINE_CURVE(2,(#8963,#8964,#8965),.UNSPECIFIED.,.F.,.F.)
B_SPLINE_CURVE_WITH_KNOTS((3,3),(-0.15707963267956,0.),.UNSPECIFIED.)
CURVE()
GEOMETRIC_REPRESENTATION_ITEM()
RATIONAL_B_SPLINE_CURVE((1.,0.707106781186538,1.))
REPRESENTATION_ITEM('')
);
#4438=(
BOUNDED_CURVE()
B_SPLINE_CURVE(2,(#8970,#8971,#8972),.UNSPECIFIED.,.F.,.F.)
B_SPLINE_CURVE_WITH_KNOTS((3,3),(-0.15707963267956,0.),.UNSPECIFIED.)
CURVE()
GEOMETRIC_REPRESENTATION_ITEM()
RATIONAL_B_SPLINE_CURVE((1.,0.707106781186523,1.))
REPRESENTATION_ITEM('')
);
#4439=(
BOUNDED_CURVE()
B_SPLINE_CURVE(2,(#8979,#8980,#8981),.UNSPECIFIED.,.F.,.F.)
B_SPLINE_CURVE_WITH_KNOTS((3,3),(0.,0.15707963267954),.UNSPECIFIED.)
CURVE()
GEOMETRIC_REPRESENTATION_ITEM()
RATIONAL_B_SPLINE_CURVE((1.,0.707106781186636,1.))
REPRESENTATION_ITEM('')
);
#4440=(
BOUNDED_CURVE()
B_SPLINE_CURVE(2,(#8986,#8987,#8988),.UNSPECIFIED.,.F.,.F.)
B_SPLINE_CURVE_WITH_KNOTS((3,3),(0.,0.15707963267954),.UNSPECIFIED.)
CURVE()
GEOMETRIC_REPRESENTATION_ITEM()
RATIONAL_B_SPLINE_CURVE((1.,0.707106781186648,1.))
REPRESENTATION_ITEM('')
);
#4441=(
BOUNDED_CURVE()
B_SPLINE_CURVE(2,(#9213,#9214,#9215),.UNSPECIFIED.,.F.,.F.)
B_SPLINE_CURVE_WITH_KNOTS((3,3),(-0.471238898038634,0.),.UNSPECIFIED.)
CURVE()
GEOMETRIC_REPRESENTATION_ITEM()
RATIONAL_B_SPLINE_CURVE((1.,0.707106781186543,1.))
REPRESENTATION_ITEM('')
);
#4442=(
BOUNDED_CURVE()
B_SPLINE_CURVE(2,(#9272,#9273,#9274),.UNSPECIFIED.,.F.,.F.)
B_SPLINE_CURVE_WITH_KNOTS((3,3),(0.,0.471238898038603),.UNSPECIFIED.)
CURVE()
GEOMETRIC_REPRESENTATION_ITEM()
RATIONAL_B_SPLINE_CURVE((1.,0.707106781186518,1.))
REPRESENTATION_ITEM('')
);
#4443=(
BOUNDED_CURVE()
B_SPLINE_CURVE(2,(#9331,#9332,#9333),.UNSPECIFIED.,.F.,.F.)
B_SPLINE_CURVE_WITH_KNOTS((3,3),(0.,0.471238898038614),.UNSPECIFIED.)
CURVE()
GEOMETRIC_REPRESENTATION_ITEM()
RATIONAL_B_SPLINE_CURVE((1.,0.707106781186462,1.))
REPRESENTATION_ITEM('')
);
#4444=(
BOUNDED_CURVE()
B_SPLINE_CURVE(2,(#9390,#9391,#9392),.UNSPECIFIED.,.F.,.F.)
B_SPLINE_CURVE_WITH_KNOTS((3,3),(0.,0.471238898038577),.UNSPECIFIED.)
CURVE()
GEOMETRIC_REPRESENTATION_ITEM()
RATIONAL_B_SPLINE_CURVE((1.,0.707106781186539,1.))
REPRESENTATION_ITEM('')
);
#4445=(
BOUNDED_CURVE()
B_SPLINE_CURVE(2,(#9445,#9446,#9447,#9448,#9449),.UNSPECIFIED.,.F.,.F.)
B_SPLINE_CURVE_WITH_KNOTS((3,2,3),(-11.9380520836412,-8.95353906273091,
-5.96902604182061),.UNSPECIFIED.)
CURVE()
GEOMETRIC_REPRESENTATION_ITEM()
RATIONAL_B_SPLINE_CURVE((1.,0.707106781186548,1.,0.707106781186548,1.))
REPRESENTATION_ITEM('')
);
#4446=(
BOUNDED_CURVE()
B_SPLINE_CURVE(2,(#9450,#9451,#9452,#9453,#9454),.UNSPECIFIED.,.F.,.F.)
B_SPLINE_CURVE_WITH_KNOTS((3,2,3),(-11.9380520836412,-8.95353906273091,
-5.96902604182061),.UNSPECIFIED.)
CURVE()
GEOMETRIC_REPRESENTATION_ITEM()
RATIONAL_B_SPLINE_CURVE((1.,0.707106781186548,1.,0.707106781186548,1.))
REPRESENTATION_ITEM('')
);
#4447=(
BOUNDED_CURVE()
B_SPLINE_CURVE(2,(#9455,#9456,#9457,#9458,#9459),.UNSPECIFIED.,.F.,.F.)
B_SPLINE_CURVE_WITH_KNOTS((3,2,3),(-5.96902604182061,-2.9845130209103,0.),
 .UNSPECIFIED.)
CURVE()
GEOMETRIC_REPRESENTATION_ITEM()
RATIONAL_B_SPLINE_CURVE((1.,0.707106781186548,1.,0.707106781186548,1.))
REPRESENTATION_ITEM('')
);
#4448=(
BOUNDED_CURVE()
B_SPLINE_CURVE(2,(#9460,#9461,#9462,#9463,#9464),.UNSPECIFIED.,.F.,.F.)
B_SPLINE_CURVE_WITH_KNOTS((3,2,3),(-5.96902604182061,-2.9845130209103,0.),
 .UNSPECIFIED.)
CURVE()
GEOMETRIC_REPRESENTATION_ITEM()
RATIONAL_B_SPLINE_CURVE((1.,0.707106781186548,1.,0.707106781186548,1.))
REPRESENTATION_ITEM('')
);
#4449=(
BOUNDED_CURVE()
B_SPLINE_CURVE(2,(#9465,#9466,#9467,#9468,#9469),.UNSPECIFIED.,.F.,.F.)
B_SPLINE_CURVE_WITH_KNOTS((3,2,3),(-5.96902604182061,-2.9845130209103,0.),
 .UNSPECIFIED.)
CURVE()
GEOMETRIC_REPRESENTATION_ITEM()
RATIONAL_B_SPLINE_CURVE((1.,0.707106781186548,1.,0.707106781186548,1.))
REPRESENTATION_ITEM('')
);
#4450=(
BOUNDED_CURVE()
B_SPLINE_CURVE(1,(#9472,#9473),.UNSPECIFIED.,.F.,.F.)
B_SPLINE_CURVE_WITH_KNOTS((2,2),(0.,0.412667534779679),.UNSPECIFIED.)
CURVE()
GEOMETRIC_REPRESENTATION_ITEM()
RATIONAL_B_SPLINE_CURVE((1.,1.))
REPRESENTATION_ITEM('')
);
#4451=(
BOUNDED_CURVE()
B_SPLINE_CURVE(1,(#9478,#9479),.UNSPECIFIED.,.F.,.F.)
B_SPLINE_CURVE_WITH_KNOTS((2,2),(-0.412667534779679,0.),.UNSPECIFIED.)
CURVE()
GEOMETRIC_REPRESENTATION_ITEM()
RATIONAL_B_SPLINE_CURVE((1.,1.))
REPRESENTATION_ITEM('')
);
#4452=(
BOUNDED_CURVE()
B_SPLINE_CURVE(2,(#9482,#9483,#9484),.UNSPECIFIED.,.F.,.F.)
B_SPLINE_CURVE_WITH_KNOTS((3,3),(-0.471238898038577,0.),.UNSPECIFIED.)
CURVE()
GEOMETRIC_REPRESENTATION_ITEM()
RATIONAL_B_SPLINE_CURVE((1.,0.70710678118654,1.))
REPRESENTATION_ITEM('')
);
#4453=(
BOUNDED_CURVE()
B_SPLINE_CURVE(2,(#9541,#9542,#9543),.UNSPECIFIED.,.F.,.F.)
B_SPLINE_CURVE_WITH_KNOTS((3,3),(-0.471238898038614,0.),.UNSPECIFIED.)
CURVE()
GEOMETRIC_REPRESENTATION_ITEM()
RATIONAL_B_SPLINE_CURVE((1.,0.707106781186459,1.))
REPRESENTATION_ITEM('')
);
#4454=(
BOUNDED_CURVE()
B_SPLINE_CURVE(2,(#9600,#9601,#9602),.UNSPECIFIED.,.F.,.F.)
B_SPLINE_CURVE_WITH_KNOTS((3,3),(-0.471238898038603,0.),.UNSPECIFIED.)
CURVE()
GEOMETRIC_REPRESENTATION_ITEM()
RATIONAL_B_SPLINE_CURVE((1.,0.70710678118652,1.))
REPRESENTATION_ITEM('')
);
#4455=(
BOUNDED_CURVE()
B_SPLINE_CURVE(2,(#9659,#9660,#9661),.UNSPECIFIED.,.F.,.F.)
B_SPLINE_CURVE_WITH_KNOTS((3,3),(0.,0.471238898038634),.UNSPECIFIED.)
CURVE()
GEOMETRIC_REPRESENTATION_ITEM()
RATIONAL_B_SPLINE_CURVE((1.,0.707106781186543,1.))
REPRESENTATION_ITEM('')
);
#4456=(
BOUNDED_CURVE()
B_SPLINE_CURVE(2,(#9716,#9717,#9718,#9719,#9720),.UNSPECIFIED.,.F.,.F.)
B_SPLINE_CURVE_WITH_KNOTS((3,2,3),(-5.96902604182061,-2.9845130209103,0.),
 .UNSPECIFIED.)
CURVE()
GEOMETRIC_REPRESENTATION_ITEM()
RATIONAL_B_SPLINE_CURVE((1.,0.707106781186548,1.,0.707106781186548,1.))
REPRESENTATION_ITEM('')
);
#4457=(
BOUNDED_CURVE()
B_SPLINE_CURVE(2,(#9721,#9722,#9723,#9724,#9725),.UNSPECIFIED.,.F.,.F.)
B_SPLINE_CURVE_WITH_KNOTS((3,2,3),(5.96902604182061,8.95353906273091,11.9380520836412),
 .UNSPECIFIED.)
CURVE()
GEOMETRIC_REPRESENTATION_ITEM()
RATIONAL_B_SPLINE_CURVE((1.,0.707106781186548,1.,0.707106781186548,1.))
REPRESENTATION_ITEM('')
);
#4458=(
BOUNDED_CURVE()
B_SPLINE_CURVE(2,(#9726,#9727,#9728,#9729,#9730),.UNSPECIFIED.,.F.,.F.)
B_SPLINE_CURVE_WITH_KNOTS((3,2,3),(5.96902604182061,8.95353906273091,11.9380520836412),
 .UNSPECIFIED.)
CURVE()
GEOMETRIC_REPRESENTATION_ITEM()
RATIONAL_B_SPLINE_CURVE((1.,0.707106781186548,1.,0.707106781186548,1.))
REPRESENTATION_ITEM('')
);
#4459=(
BOUNDED_CURVE()
B_SPLINE_CURVE(2,(#9903,#9904,#9905),.UNSPECIFIED.,.F.,.F.)
B_SPLINE_CURVE_WITH_KNOTS((3,3),(-0.471238898038643,0.),.UNSPECIFIED.)
CURVE()
GEOMETRIC_REPRESENTATION_ITEM()
RATIONAL_B_SPLINE_CURVE((1.,0.707106781186505,1.))
REPRESENTATION_ITEM('')
);
#4460=(
BOUNDED_CURVE()
B_SPLINE_CURVE(2,(#9962,#9963,#9964),.UNSPECIFIED.,.F.,.F.)
B_SPLINE_CURVE_WITH_KNOTS((3,3),(-0.471238898038648,0.),.UNSPECIFIED.)
CURVE()
GEOMETRIC_REPRESENTATION_ITEM()
RATIONAL_B_SPLINE_CURVE((1.,0.707106781186564,1.))
REPRESENTATION_ITEM('')
);
#4461=(
BOUNDED_CURVE()
B_SPLINE_CURVE(2,(#10021,#10022,#10023),.UNSPECIFIED.,.F.,.F.)
B_SPLINE_CURVE_WITH_KNOTS((3,3),(-0.471238898038586,0.),.UNSPECIFIED.)
CURVE()
GEOMETRIC_REPRESENTATION_ITEM()
RATIONAL_B_SPLINE_CURVE((1.,0.707106781186614,1.))
REPRESENTATION_ITEM('')
);
#4462=(
BOUNDED_CURVE()
B_SPLINE_CURVE(2,(#10080,#10081,#10082),.UNSPECIFIED.,.F.,.F.)
B_SPLINE_CURVE_WITH_KNOTS((3,3),(0.,0.471238898038742),.UNSPECIFIED.)
CURVE()
GEOMETRIC_REPRESENTATION_ITEM()
RATIONAL_B_SPLINE_CURVE((1.,0.707106781186465,1.))
REPRESENTATION_ITEM('')
);
#4463=(
BOUNDED_CURVE()
B_SPLINE_CURVE(2,(#10139,#10140,#10141),.UNSPECIFIED.,.F.,.F.)
B_SPLINE_CURVE_WITH_KNOTS((3,3),(-0.471238898038742,0.),.UNSPECIFIED.)
CURVE()
GEOMETRIC_REPRESENTATION_ITEM()
RATIONAL_B_SPLINE_CURVE((1.,0.707106781186479,1.))
REPRESENTATION_ITEM('')
);
#4464=(
BOUNDED_CURVE()
B_SPLINE_CURVE(2,(#10198,#10199,#10200),.UNSPECIFIED.,.F.,.F.)
B_SPLINE_CURVE_WITH_KNOTS((3,3),(0.,0.471238898038586),.UNSPECIFIED.)
CURVE()
GEOMETRIC_REPRESENTATION_ITEM()
RATIONAL_B_SPLINE_CURVE((1.,0.707106781186606,1.))
REPRESENTATION_ITEM('')
);
#4465=(
BOUNDED_CURVE()
B_SPLINE_CURVE(2,(#10257,#10258,#10259),.UNSPECIFIED.,.F.,.F.)
B_SPLINE_CURVE_WITH_KNOTS((3,3),(0.,0.471238898038648),.UNSPECIFIED.)
CURVE()
GEOMETRIC_REPRESENTATION_ITEM()
RATIONAL_B_SPLINE_CURVE((1.,0.707106781186542,1.))
REPRESENTATION_ITEM('')
);
#4466=(
BOUNDED_CURVE()
B_SPLINE_CURVE(2,(#10316,#10317,#10318),.UNSPECIFIED.,.F.,.F.)
B_SPLINE_CURVE_WITH_KNOTS((3,3),(0.,0.471238898038643),.UNSPECIFIED.)
CURVE()
GEOMETRIC_REPRESENTATION_ITEM()
RATIONAL_B_SPLINE_CURVE((1.,0.7071067811865,1.))
REPRESENTATION_ITEM('')
);
#4467=VERTEX_POINT('',#4921);
#4468=VERTEX_POINT('',#4922);
#4469=VERTEX_POINT('',#4923);
#4470=VERTEX_POINT('',#4924);
#4471=VERTEX_POINT('',#4925);
#4472=VERTEX_POINT('',#4926);
#4473=VERTEX_POINT('',#5245);
#4474=VERTEX_POINT('',#5246);
#4475=VERTEX_POINT('',#5247);
#4476=VERTEX_POINT('',#5248);
#4477=VERTEX_POINT('',#5249);
#4478=VERTEX_POINT('',#5250);
#4479=VERTEX_POINT('',#5251);
#4480=VERTEX_POINT('',#5252);
#4481=VERTEX_POINT('',#5253);
#4482=VERTEX_POINT('',#5254);
#4483=VERTEX_POINT('',#5255);
#4484=VERTEX_POINT('',#5256);
#4485=VERTEX_POINT('',#5257);
#4486=VERTEX_POINT('',#5258);
#4487=VERTEX_POINT('',#5259);
#4488=VERTEX_POINT('',#5260);
#4489=VERTEX_POINT('',#5261);
#4490=VERTEX_POINT('',#5262);
#4491=VERTEX_POINT('',#5263);
#4492=VERTEX_POINT('',#5264);
#4493=VERTEX_POINT('',#5265);
#4494=VERTEX_POINT('',#5266);
#4495=VERTEX_POINT('',#5267);
#4496=VERTEX_POINT('',#5268);
#4497=VERTEX_POINT('',#5929);
#4498=VERTEX_POINT('',#5930);
#4499=VERTEX_POINT('',#5931);
#4500=VERTEX_POINT('',#5932);
#4501=VERTEX_POINT('',#5933);
#4502=VERTEX_POINT('',#5934);
#4503=VERTEX_POINT('',#5935);
#4504=VERTEX_POINT('',#5936);
#4505=VERTEX_POINT('',#5937);
#4506=VERTEX_POINT('',#5938);
#4507=VERTEX_POINT('',#5939);
#4508=VERTEX_POINT('',#5940);
#4509=VERTEX_POINT('',#5941);
#4510=VERTEX_POINT('',#5942);
#4511=VERTEX_POINT('',#5943);
#4512=VERTEX_POINT('',#5944);
#4513=VERTEX_POINT('',#5945);
#4514=VERTEX_POINT('',#5946);
#4515=VERTEX_POINT('',#5947);
#4516=VERTEX_POINT('',#5948);
#4517=VERTEX_POINT('',#5949);
#4518=VERTEX_POINT('',#5950);
#4519=VERTEX_POINT('',#5951);
#4520=VERTEX_POINT('',#5952);
#4521=VERTEX_POINT('',#6613);
#4522=VERTEX_POINT('',#6614);
#4523=VERTEX_POINT('',#6615);
#4524=VERTEX_POINT('',#6616);
#4525=VERTEX_POINT('',#6617);
#4526=VERTEX_POINT('',#6618);
#4527=VERTEX_POINT('',#6619);
#4528=VERTEX_POINT('',#6620);
#4529=VERTEX_POINT('',#6621);
#4530=VERTEX_POINT('',#6622);
#4531=VERTEX_POINT('',#6623);
#4532=VERTEX_POINT('',#6624);
#4533=VERTEX_POINT('',#6625);
#4534=VERTEX_POINT('',#6626);
#4535=VERTEX_POINT('',#6627);
#4536=VERTEX_POINT('',#6628);
#4537=VERTEX_POINT('',#6629);
#4538=VERTEX_POINT('',#6630);
#4539=VERTEX_POINT('',#6631);
#4540=VERTEX_POINT('',#6632);
#4541=VERTEX_POINT('',#6633);
#4542=VERTEX_POINT('',#6634);
#4543=VERTEX_POINT('',#6635);
#4544=VERTEX_POINT('',#6636);
#4545=VERTEX_POINT('',#7297);
#4546=VERTEX_POINT('',#7298);
#4547=VERTEX_POINT('',#7299);
#4548=VERTEX_POINT('',#7300);
#4549=VERTEX_POINT('',#7301);
#4550=VERTEX_POINT('',#7302);
#4551=VERTEX_POINT('',#7303);
#4552=VERTEX_POINT('',#7304);
#4553=VERTEX_POINT('',#7305);
#4554=VERTEX_POINT('',#7306);
#4555=VERTEX_POINT('',#7307);
#4556=VERTEX_POINT('',#7308);
#4557=VERTEX_POINT('',#7309);
#4558=VERTEX_POINT('',#7310);
#4559=VERTEX_POINT('',#7311);
#4560=VERTEX_POINT('',#7312);
#4561=VERTEX_POINT('',#7313);
#4562=VERTEX_POINT('',#7314);
#4563=VERTEX_POINT('',#7315);
#4564=VERTEX_POINT('',#7316);
#4565=VERTEX_POINT('',#7317);
#4566=VERTEX_POINT('',#7318);
#4567=VERTEX_POINT('',#7319);
#4568=VERTEX_POINT('',#7320);
#4569=VERTEX_POINT('',#7971);
#4570=VERTEX_POINT('',#7972);
#4571=VERTEX_POINT('',#7973);
#4572=VERTEX_POINT('',#7974);
#4573=VERTEX_POINT('',#7975);
#4574=VERTEX_POINT('',#7976);
#4575=VERTEX_POINT('',#7977);
#4576=VERTEX_POINT('',#7978);
#4577=VERTEX_POINT('',#7979);
#4578=VERTEX_POINT('',#7980);
#4579=VERTEX_POINT('',#7981);
#4580=VERTEX_POINT('',#7982);
#4581=VERTEX_POINT('',#7983);
#4582=VERTEX_POINT('',#7984);
#4583=VERTEX_POINT('',#7985);
#4584=VERTEX_POINT('',#7986);
#4585=VERTEX_POINT('',#7987);
#4586=VERTEX_POINT('',#7988);
#4587=VERTEX_POINT('',#7989);
#4588=VERTEX_POINT('',#7990);
#4589=VERTEX_POINT('',#7991);
#4590=VERTEX_POINT('',#7992);
#4591=VERTEX_POINT('',#7993);
#4592=VERTEX_POINT('',#7994);
#4593=VERTEX_POINT('',#8655);
#4594=VERTEX_POINT('',#8656);
#4595=VERTEX_POINT('',#8657);
#4596=VERTEX_POINT('',#8658);
#4597=VERTEX_POINT('',#8659);
#4598=VERTEX_POINT('',#8660);
#4599=VERTEX_POINT('',#8661);
#4600=VERTEX_POINT('',#8662);
#4601=VERTEX_POINT('',#8663);
#4602=VERTEX_POINT('',#8664);
#4603=VERTEX_POINT('',#8665);
#4604=VERTEX_POINT('',#8666);
#4605=VERTEX_POINT('',#8667);
#4606=VERTEX_POINT('',#8668);
#4607=VERTEX_POINT('',#8669);
#4608=VERTEX_POINT('',#8670);
#4609=VERTEX_POINT('',#8671);
#4610=VERTEX_POINT('',#8672);
#4611=VERTEX_POINT('',#8673);
#4612=VERTEX_POINT('',#8674);
#4613=VERTEX_POINT('',#8675);
#4614=VERTEX_POINT('',#8676);
#4615=VERTEX_POINT('',#8677);
#4616=VERTEX_POINT('',#8678);
#4617=VERTEX_POINT('',#9171);
#4618=VERTEX_POINT('',#9172);
#4619=VERTEX_POINT('',#9173);
#4620=VERTEX_POINT('',#9174);
#4621=VERTEX_POINT('',#9175);
#4622=VERTEX_POINT('',#9176);
#4623=VERTEX_POINT('',#9177);
#4624=VERTEX_POINT('',#9178);
#4625=VERTEX_POINT('',#9179);
#4626=VERTEX_POINT('',#9180);
#4627=VERTEX_POINT('',#9181);
#4628=VERTEX_POINT('',#9182);
#4629=VERTEX_POINT('',#9183);
#4630=VERTEX_POINT('',#9184);
#4631=VERTEX_POINT('',#9185);
#4632=VERTEX_POINT('',#9186);
#4633=VERTEX_POINT('',#9187);
#4634=VERTEX_POINT('',#9188);
#4635=VERTEX_POINT('',#9189);
#4636=VERTEX_POINT('',#9190);
#4637=VERTEX_POINT('',#9867);
#4638=VERTEX_POINT('',#9868);
#4639=VERTEX_POINT('',#9869);
#4640=VERTEX_POINT('',#9870);
#4641=VERTEX_POINT('',#9871);
#4642=VERTEX_POINT('',#9872);
#4643=VERTEX_POINT('',#9873);
#4644=VERTEX_POINT('',#9874);
#4645=VERTEX_POINT('',#9875);
#4646=VERTEX_POINT('',#9876);
#4647=VERTEX_POINT('',#9877);
#4648=VERTEX_POINT('',#9878);
#4649=VERTEX_POINT('',#9879);
#4650=VERTEX_POINT('',#9880);
#4651=VERTEX_POINT('',#9881);
#4652=VERTEX_POINT('',#9882);
#4653=B_SPLINE_SURFACE_WITH_KNOTS('',1,1,((#4873,#4874),(#4875,#4876)),
 .UNSPECIFIED.,.F.,.F.,.F.,(2,2),(2,2),(-1.875,1.875),(-1.875,1.875),
 .UNSPECIFIED.);
#4654=B_SPLINE_SURFACE_WITH_KNOTS('',1,1,((#4892,#4893),(#4894,#4895)),
 .UNSPECIFIED.,.F.,.F.,.F.,(2,2),(2,2),(0.,61.4919965548712),(3.00246548623099,
7.25314696111981),.UNSPECIFIED.);
#4655=B_SPLINE_SURFACE_WITH_KNOTS('',1,1,((#5019,#5020),(#5021,#5022)),
 .UNSPECIFIED.,.F.,.F.,.F.,(2,2),(2,2),(0.,2.),(0.,1.),.UNSPECIFIED.);
#4656=B_SPLINE_SURFACE_WITH_KNOTS('',1,1,((#5023,#5024),(#5025,#5026)),
 .UNSPECIFIED.,.F.,.F.,.F.,(2,2),(2,2),(2.,2.8),(0.,1.),.UNSPECIFIED.);
#4657=B_SPLINE_SURFACE_WITH_KNOTS('',1,1,((#5027,#5028),(#5029,#5030)),
 .UNSPECIFIED.,.F.,.F.,.F.,(2,2),(2,2),(2.8,4.8),(0.,1.),.UNSPECIFIED.);
#4658=B_SPLINE_SURFACE_WITH_KNOTS('',1,1,((#5031,#5032),(#5033,#5034)),
 .UNSPECIFIED.,.F.,.F.,.F.,(2,2),(2,2),(4.8,5.59999999999999),(0.,1.),
 .UNSPECIFIED.);
#4659=B_SPLINE_SURFACE_WITH_KNOTS('',1,1,((#5035,#5036),(#5037,#5038)),
 .UNSPECIFIED.,.F.,.F.,.F.,(2,2),(2,2),(0.,0.799999999999997),(0.,2.),
 .UNSPECIFIED.);
#4660=B_SPLINE_SURFACE_WITH_KNOTS('',1,1,((#5039,#5040),(#5041,#5042)),
 .UNSPECIFIED.,.F.,.F.,.F.,(2,2),(2,2),(0.,2.),(0.,0.799999999999997),
 .UNSPECIFIED.);
#4661=B_SPLINE_SURFACE_WITH_KNOTS('',1,1,((#5693,#5694),(#5695,#5696)),
 .UNSPECIFIED.,.F.,.F.,.F.,(2,2),(2,2),(0.,0.799999999999997),(0.,1.),
 .UNSPECIFIED.);
#4662=B_SPLINE_SURFACE_WITH_KNOTS('',1,1,((#5697,#5698),(#5699,#5700)),
 .UNSPECIFIED.,.F.,.F.,.F.,(2,2),(2,2),(0.799999999999997,2.8),(0.,1.),
 .UNSPECIFIED.);
#4663=B_SPLINE_SURFACE_WITH_KNOTS('',1,1,((#5701,#5702),(#5703,#5704)),
 .UNSPECIFIED.,.F.,.F.,.F.,(2,2),(2,2),(2.8,3.59999999999999),(0.,1.),
 .UNSPECIFIED.);
#4664=B_SPLINE_SURFACE_WITH_KNOTS('',1,1,((#5705,#5706),(#5707,#5708)),
 .UNSPECIFIED.,.F.,.F.,.F.,(2,2),(2,2),(3.59999999999999,5.59999999999999),
(0.,1.),.UNSPECIFIED.);
#4665=B_SPLINE_SURFACE_WITH_KNOTS('',1,1,((#5709,#5710),(#5711,#5712)),
 .UNSPECIFIED.,.F.,.F.,.F.,(2,2),(2,2),(0.,0.799999999999997),(-2.,0.),
 .UNSPECIFIED.);
#4666=B_SPLINE_SURFACE_WITH_KNOTS('',1,1,((#5713,#5714),(#5715,#5716)),
 .UNSPECIFIED.,.F.,.F.,.F.,(2,2),(2,2),(-2.,0.),(0.,0.799999999999997),
 .UNSPECIFIED.);
#4667=B_SPLINE_SURFACE_WITH_KNOTS('',1,1,((#6377,#6378),(#6379,#6380)),
 .UNSPECIFIED.,.F.,.F.,.F.,(2,2),(2,2),(0.,0.799999999999997),(0.,1.),
 .UNSPECIFIED.);
#4668=B_SPLINE_SURFACE_WITH_KNOTS('',1,1,((#6381,#6382),(#6383,#6384)),
 .UNSPECIFIED.,.F.,.F.,.F.,(2,2),(2,2),(0.799999999999997,2.8),(0.,1.),
 .UNSPECIFIED.);
#4669=B_SPLINE_SURFACE_WITH_KNOTS('',1,1,((#6385,#6386),(#6387,#6388)),
 .UNSPECIFIED.,.F.,.F.,.F.,(2,2),(2,2),(2.8,3.59999999999999),(0.,1.),
 .UNSPECIFIED.);
#4670=B_SPLINE_SURFACE_WITH_KNOTS('',1,1,((#6389,#6390),(#6391,#6392)),
 .UNSPECIFIED.,.F.,.F.,.F.,(2,2),(2,2),(3.59999999999999,5.59999999999999),
(0.,1.),.UNSPECIFIED.);
#4671=B_SPLINE_SURFACE_WITH_KNOTS('',1,1,((#6393,#6394),(#6395,#6396)),
 .UNSPECIFIED.,.F.,.F.,.F.,(2,2),(2,2),(0.,0.799999999999997),(-2.,0.),
 .UNSPECIFIED.);
#4672=B_SPLINE_SURFACE_WITH_KNOTS('',1,1,((#6397,#6398),(#6399,#6400)),
 .UNSPECIFIED.,.F.,.F.,.F.,(2,2),(2,2),(-2.,0.),(0.,0.799999999999997),
 .UNSPECIFIED.);
#4673=B_SPLINE_SURFACE_WITH_KNOTS('',1,1,((#7061,#7062),(#7063,#7064)),
 .UNSPECIFIED.,.F.,.F.,.F.,(2,2),(2,2),(0.,0.799999999999997),(0.,1.),
 .UNSPECIFIED.);
#4674=B_SPLINE_SURFACE_WITH_KNOTS('',1,1,((#7065,#7066),(#7067,#7068)),
 .UNSPECIFIED.,.F.,.F.,.F.,(2,2),(2,2),(0.799999999999997,2.8),(0.,1.),
 .UNSPECIFIED.);
#4675=B_SPLINE_SURFACE_WITH_KNOTS('',1,1,((#7069,#7070),(#7071,#7072)),
 .UNSPECIFIED.,.F.,.F.,.F.,(2,2),(2,2),(2.8,3.59999999999999),(0.,1.),
 .UNSPECIFIED.);
#4676=B_SPLINE_SURFACE_WITH_KNOTS('',1,1,((#7073,#7074),(#7075,#7076)),
 .UNSPECIFIED.,.F.,.F.,.F.,(2,2),(2,2),(3.59999999999999,5.59999999999999),
(0.,1.),.UNSPECIFIED.);
#4677=B_SPLINE_SURFACE_WITH_KNOTS('',1,1,((#7077,#7078),(#7079,#7080)),
 .UNSPECIFIED.,.F.,.F.,.F.,(2,2),(2,2),(0.,0.799999999999997),(-2.,0.),
 .UNSPECIFIED.);
#4678=B_SPLINE_SURFACE_WITH_KNOTS('',1,1,((#7081,#7082),(#7083,#7084)),
 .UNSPECIFIED.,.F.,.F.,.F.,(2,2),(2,2),(-2.,0.),(0.,0.799999999999997),
 .UNSPECIFIED.);
#4679=B_SPLINE_SURFACE_WITH_KNOTS('',1,1,((#7745,#7746),(#7747,#7748)),
 .UNSPECIFIED.,.F.,.F.,.F.,(2,2),(2,2),(0.,2.),(0.,1.),.UNSPECIFIED.);
#4680=B_SPLINE_SURFACE_WITH_KNOTS('',1,1,((#7749,#7750),(#7751,#7752)),
 .UNSPECIFIED.,.F.,.F.,.F.,(2,2),(2,2),(2.,2.8),(0.,1.),.UNSPECIFIED.);
#4681=B_SPLINE_SURFACE_WITH_KNOTS('',1,1,((#7753,#7754),(#7755,#7756)),
 .UNSPECIFIED.,.F.,.F.,.F.,(2,2),(2,2),(2.8,4.8),(0.,1.),.UNSPECIFIED.);
#4682=B_SPLINE_SURFACE_WITH_KNOTS('',1,1,((#7757,#7758),(#7759,#7760)),
 .UNSPECIFIED.,.F.,.F.,.F.,(2,2),(2,2),(4.8,5.59999999999999),(0.,1.),
 .UNSPECIFIED.);
#4683=B_SPLINE_SURFACE_WITH_KNOTS('',1,1,((#7761,#7762),(#7763,#7764)),
 .UNSPECIFIED.,.F.,.F.,.F.,(2,2),(2,2),(0.,0.799999999999997),(0.,2.),
 .UNSPECIFIED.);
#4684=B_SPLINE_SURFACE_WITH_KNOTS('',1,1,((#7765,#7766),(#7767,#7768)),
 .UNSPECIFIED.,.F.,.F.,.F.,(2,2),(2,2),(0.,2.),(0.,0.799999999999997),
 .UNSPECIFIED.);
#4685=B_SPLINE_SURFACE_WITH_KNOTS('',1,1,((#8419,#8420),(#8421,#8422)),
 .UNSPECIFIED.,.F.,.F.,.F.,(2,2),(2,2),(0.,2.),(0.,1.),.UNSPECIFIED.);
#4686=B_SPLINE_SURFACE_WITH_KNOTS('',1,1,((#8423,#8424),(#8425,#8426)),
 .UNSPECIFIED.,.F.,.F.,.F.,(2,2),(2,2),(2.,2.8),(0.,1.),.UNSPECIFIED.);
#4687=B_SPLINE_SURFACE_WITH_KNOTS('',1,1,((#8427,#8428),(#8429,#8430)),
 .UNSPECIFIED.,.F.,.F.,.F.,(2,2),(2,2),(2.8,4.8),(0.,1.),.UNSPECIFIED.);
#4688=B_SPLINE_SURFACE_WITH_KNOTS('',1,1,((#8431,#8432),(#8433,#8434)),
 .UNSPECIFIED.,.F.,.F.,.F.,(2,2),(2,2),(4.8,5.59999999999999),(0.,1.),
 .UNSPECIFIED.);
#4689=B_SPLINE_SURFACE_WITH_KNOTS('',1,1,((#8435,#8436),(#8437,#8438)),
 .UNSPECIFIED.,.F.,.F.,.F.,(2,2),(2,2),(0.,0.799999999999997),(0.,2.),
 .UNSPECIFIED.);
#4690=B_SPLINE_SURFACE_WITH_KNOTS('',1,1,((#8439,#8440),(#8441,#8442)),
 .UNSPECIFIED.,.F.,.F.,.F.,(2,2),(2,2),(0.,2.),(0.,0.799999999999997),
 .UNSPECIFIED.);
#4691=B_SPLINE_SURFACE_WITH_KNOTS('',1,1,((#9103,#9104),(#9105,#9106)),
 .UNSPECIFIED.,.F.,.F.,.F.,(2,2),(2,2),(19.5,26.),(0.,1.8),
 .UNSPECIFIED.);
#4692=B_SPLINE_SURFACE_WITH_KNOTS('',1,1,((#9107,#9108),(#9109,#9110)),
 .UNSPECIFIED.,.F.,.F.,.F.,(2,2),(2,2),(0.,6.5),(0.,6.5),.UNSPECIFIED.);
#4693=B_SPLINE_SURFACE_WITH_KNOTS('',1,1,((#9121,#9122),(#9123,#9124)),
 .UNSPECIFIED.,.F.,.F.,.F.,(2,2),(2,2),(0.,6.5),(0.,6.5),.UNSPECIFIED.);
#4694=B_SPLINE_SURFACE_WITH_KNOTS('',1,1,((#9131,#9132),(#9133,#9134)),
 .UNSPECIFIED.,.F.,.F.,.F.,(2,2),(2,2),(6.5,13.),(0.,1.8),.UNSPECIFIED.);
#4695=B_SPLINE_SURFACE_WITH_KNOTS('',1,1,((#9135,#9136),(#9137,#9138)),
 .UNSPECIFIED.,.F.,.F.,.F.,(2,2),(2,2),(13.,19.5),(0.,1.8),
 .UNSPECIFIED.);
#4696=B_SPLINE_SURFACE_WITH_KNOTS('',1,1,((#9139,#9140),(#9141,#9142)),
 .UNSPECIFIED.,.F.,.F.,.F.,(2,2),(2,2),(0.,6.5),(0.,1.8),.UNSPECIFIED.);
#4697=B_SPLINE_SURFACE_WITH_KNOTS('',1,1,((#9819,#9820),(#9821,#9822)),
 .UNSPECIFIED.,.F.,.F.,.F.,(2,2),(2,2),(19.5,26.),(0.,1.38733246522032),
 .UNSPECIFIED.);
#4698=B_SPLINE_SURFACE_WITH_KNOTS('',1,1,((#9823,#9824),(#9825,#9826)),
 .UNSPECIFIED.,.F.,.F.,.F.,(2,2),(2,2),(0.,6.5),(0.,6.5),.UNSPECIFIED.);
#4699=B_SPLINE_SURFACE_WITH_KNOTS('',1,1,((#9827,#9828),(#9829,#9830)),
 .UNSPECIFIED.,.F.,.F.,.F.,(2,2),(2,2),(0.,6.5),(0.,6.5),.UNSPECIFIED.);
#4700=B_SPLINE_SURFACE_WITH_KNOTS('',1,1,((#9837,#9838),(#9839,#9840)),
 .UNSPECIFIED.,.F.,.F.,.F.,(2,2),(2,2),(6.5,13.),(0.,1.38733246522032),
 .UNSPECIFIED.);
#4701=B_SPLINE_SURFACE_WITH_KNOTS('',1,1,((#9841,#9842),(#9843,#9844)),
 .UNSPECIFIED.,.F.,.F.,.F.,(2,2),(2,2),(13.,19.5),(0.,1.38733246522032),
 .UNSPECIFIED.);
#4702=B_SPLINE_SURFACE_WITH_KNOTS('',1,1,((#9845,#9846),(#9847,#9848)),
 .UNSPECIFIED.,.F.,.F.,.F.,(2,2),(2,2),(0.,6.5),(0.,1.38733246522032),
 .UNSPECIFIED.);
#4703=(
BOUNDED_SURFACE()
B_SPLINE_SURFACE(2,1,((#4863,#4864),(#4865,#4866),(#4867,#4868),(#4869,
#4870),(#4871,#4872)),.UNSPECIFIED.,.F.,.F.,.F.)
B_SPLINE_SURFACE_WITH_KNOTS((3,2,3),(2,2),(0.,2.35619449019234,4.71238898038469),
(0.,3.1),.UNSPECIFIED.)
GEOMETRIC_REPRESENTATION_ITEM()
RATIONAL_B_SPLINE_SURFACE(((1.,1.),(0.707106781186548,0.707106781186548),
(1.,1.),(0.707106781186548,0.707106781186548),(1.,1.)))
REPRESENTATION_ITEM('')
SURFACE()
);
#4704=(
BOUNDED_SURFACE()
B_SPLINE_SURFACE(2,2,((#4877,#4878,#4879),(#4880,#4881,#4882),(#4883,#4884,
#4885),(#4886,#4887,#4888),(#4889,#4890,#4891)),.UNSPECIFIED.,.F.,.F.,.F.)
B_SPLINE_SURFACE_WITH_KNOTS((3,2,3),(3,3),(0.,2.12052146569393,4.24104293138786),
(0.,0.235619450342825),.UNSPECIFIED.)
GEOMETRIC_REPRESENTATION_ITEM()
RATIONAL_B_SPLINE_SURFACE(((1.,0.707106781186447,1.),(0.707106781186548,
0.499999999999929,0.707106781186548),(1.,0.707106781186447,1.),(0.707106781186548,
0.499999999999929,0.707106781186548),(1.,0.707106781186447,1.)))
REPRESENTATION_ITEM('')
SURFACE()
);
#4705=(
BOUNDED_SURFACE()
B_SPLINE_SURFACE(2,1,((#4896,#4897),(#4898,#4899),(#4900,#4901),(#4902,
#4903),(#4904,#4905)),.UNSPECIFIED.,.F.,.F.,.F.)
B_SPLINE_SURFACE_WITH_KNOTS((3,2,3),(2,2),(4.71238898038469,7.06858347057703,
9.42477796076938),(0.,3.1),.UNSPECIFIED.)
GEOMETRIC_REPRESENTATION_ITEM()
RATIONAL_B_SPLINE_SURFACE(((1.,1.),(0.707106781186548,0.707106781186548),
(1.,1.),(0.707106781186548,0.707106781186548),(1.,1.)))
REPRESENTATION_ITEM('')
SURFACE()
);
#4706=(
BOUNDED_SURFACE()
B_SPLINE_SURFACE(2,2,((#4906,#4907,#4908),(#4909,#4910,#4911),(#4912,#4913,
#4914),(#4915,#4916,#4917),(#4918,#4919,#4920)),.UNSPECIFIED.,.F.,.F.,.F.)
B_SPLINE_SURFACE_WITH_KNOTS((3,2,3),(3,3),(4.24104293138786,6.36156439708178,
8.48208586277571),(0.,0.235619450342825),.UNSPECIFIED.)
GEOMETRIC_REPRESENTATION_ITEM()
RATIONAL_B_SPLINE_SURFACE(((1.,0.707106781186447,1.),(0.707106781186548,
0.499999999999929,0.707106781186548),(1.,0.707106781186447,1.),(0.707106781186548,
0.499999999999929,0.707106781186548),(1.,0.707106781186447,1.)))
REPRESENTATION_ITEM('')
SURFACE()
);
#4707=(
BOUNDED_SURFACE()
B_SPLINE_SURFACE(2,1,((#5043,#5044),(#5045,#5046),(#5047,#5048)),
 .UNSPECIFIED.,.F.,.F.,.F.)
B_SPLINE_SURFACE_WITH_KNOTS((3,3),(2,2),(0.,0.157079632679526),(6.42541575501809E-15,
2.),.UNSPECIFIED.)
GEOMETRIC_REPRESENTATION_ITEM()
RATIONAL_B_SPLINE_SURFACE(((1.,1.),(0.707106781186608,0.707106781186625),
(1.,1.)))
REPRESENTATION_ITEM('')
SURFACE()
);
#4708=(
BOUNDED_SURFACE()
B_SPLINE_SURFACE(1,2,((#5049,#5050,#5051),(#5052,#5053,#5054)),
 .UNSPECIFIED.,.F.,.F.,.F.)
B_SPLINE_SURFACE_WITH_KNOTS((2,2),(3,3),(8.74300631892311E-16,1.),(0.,0.15707963267958),
 .UNSPECIFIED.)
GEOMETRIC_REPRESENTATION_ITEM()
RATIONAL_B_SPLINE_SURFACE(((1.,0.707106781186849,1.),(1.,0.707106781186937,
1.)))
REPRESENTATION_ITEM('')
SURFACE()
);
#4709=(
BOUNDED_SURFACE()
B_SPLINE_SURFACE(1,2,((#5055,#5056,#5057),(#5058,#5059,#5060)),
 .UNSPECIFIED.,.F.,.F.,.F.)
B_SPLINE_SURFACE_WITH_KNOTS((2,2),(3,3),(6.07847105982273E-15,2.00000000000001),
(0.,0.157079632679526),.UNSPECIFIED.)
GEOMETRIC_REPRESENTATION_ITEM()
RATIONAL_B_SPLINE_SURFACE(((1.,0.707106781186642,1.),(1.,0.707106781186642,
1.)))
REPRESENTATION_ITEM('')
SURFACE()
);
#4710=(
BOUNDED_SURFACE()
B_SPLINE_SURFACE(1,2,((#5061,#5062,#5063),(#5064,#5065,#5066)),
 .UNSPECIFIED.,.F.,.F.,.F.)
B_SPLINE_SURFACE_WITH_KNOTS((2,2),(3,3),(-2.63677968348475E-16,1.),(0.,
0.157079632679611),.UNSPECIFIED.)
GEOMETRIC_REPRESENTATION_ITEM()
RATIONAL_B_SPLINE_SURFACE(((1.,0.707106781186654,1.),(1.,0.707106781186509,
1.)))
REPRESENTATION_ITEM('')
SURFACE()
);
#4711=(
BOUNDED_SURFACE()
B_SPLINE_SURFACE(2,1,((#5067,#5068),(#5069,#5070),(#5071,#5072)),
 .UNSPECIFIED.,.F.,.F.,.F.)
B_SPLINE_SURFACE_WITH_KNOTS((3,3),(2,2),(0.,0.157079632679574),(5.39845945723982E-15,
0.800000000000002),.UNSPECIFIED.)
GEOMETRIC_REPRESENTATION_ITEM()
RATIONAL_B_SPLINE_SURFACE(((1.,1.),(0.707106781186621,0.707106781186613),
(1.,1.)))
REPRESENTATION_ITEM('')
SURFACE()
);
#4712=(
BOUNDED_SURFACE()
B_SPLINE_SURFACE(1,2,((#5073,#5074,#5075),(#5076,#5077,#5078)),
 .UNSPECIFIED.,.F.,.F.,.F.)
B_SPLINE_SURFACE_WITH_KNOTS((2,2),(3,3),(-1.38777878078145E-16,1.),(0.,
0.157079632679568),.UNSPECIFIED.)
GEOMETRIC_REPRESENTATION_ITEM()
RATIONAL_B_SPLINE_SURFACE(((1.,0.707106781186638,1.),(1.,0.707106781186646,
1.)))
REPRESENTATION_ITEM('')
SURFACE()
);
#4713=(
BOUNDED_SURFACE()
B_SPLINE_SURFACE(1,2,((#5079,#5080,#5081),(#5082,#5083,#5084)),
 .UNSPECIFIED.,.F.,.F.,.F.)
B_SPLINE_SURFACE_WITH_KNOTS((2,2),(3,3),(-8.10462807976364E-15,0.799999999999993),
(0.,0.157079632679574),.UNSPECIFIED.)
GEOMETRIC_REPRESENTATION_ITEM()
RATIONAL_B_SPLINE_SURFACE(((1.,0.707106781186342,1.),(1.,0.707106781186379,
1.)))
REPRESENTATION_ITEM('')
SURFACE()
);
#4714=(
BOUNDED_SURFACE()
B_SPLINE_SURFACE(2,1,((#5085,#5086),(#5087,#5088),(#5089,#5090)),
 .UNSPECIFIED.,.F.,.F.,.F.)
B_SPLINE_SURFACE_WITH_KNOTS((3,3),(2,2),(0.,0.157079632679526),(-1.30451205393456E-15,
1.99999999999999),.UNSPECIFIED.)
GEOMETRIC_REPRESENTATION_ITEM()
RATIONAL_B_SPLINE_SURFACE(((1.,1.),(0.707106781186558,0.707106781186575),
(1.,1.)))
REPRESENTATION_ITEM('')
SURFACE()
);
#4715=(
BOUNDED_SURFACE()
B_SPLINE_SURFACE(1,2,((#5091,#5092,#5093),(#5094,#5095,#5096)),
 .UNSPECIFIED.,.F.,.F.,.F.)
B_SPLINE_SURFACE_WITH_KNOTS((2,2),(3,3),(-1.38777878078145E-16,1.),(0.,
0.157079632679588),.UNSPECIFIED.)
GEOMETRIC_REPRESENTATION_ITEM()
RATIONAL_B_SPLINE_SURFACE(((1.,0.7071067811866,1.),(1.,0.707106781186604,
1.)))
REPRESENTATION_ITEM('')
SURFACE()
);
#4716=(
BOUNDED_SURFACE()
B_SPLINE_SURFACE(1,2,((#5097,#5098,#5099),(#5100,#5101,#5102)),
 .UNSPECIFIED.,.F.,.F.,.F.)
B_SPLINE_SURFACE_WITH_KNOTS((2,2),(3,3),(8.50708392619026E-15,2.),(0.,0.157079632679526),
 .UNSPECIFIED.)
GEOMETRIC_REPRESENTATION_ITEM()
RATIONAL_B_SPLINE_SURFACE(((1.,0.707106781186592,1.),(1.,0.707106781186592,
1.)))
REPRESENTATION_ITEM('')
SURFACE()
);
#4717=(
BOUNDED_SURFACE()
B_SPLINE_SURFACE(2,1,((#5103,#5104),(#5105,#5106),(#5107,#5108)),
 .UNSPECIFIED.,.F.,.F.,.F.)
B_SPLINE_SURFACE_WITH_KNOTS((3,3),(2,2),(0.,0.157079632679574),(8.85402862138562E-15,
0.800000000000004),.UNSPECIFIED.)
GEOMETRIC_REPRESENTATION_ITEM()
RATIONAL_B_SPLINE_SURFACE(((1.,1.),(0.707106781186621,0.707106781186613),
(1.,1.)))
REPRESENTATION_ITEM('')
SURFACE()
);
#4718=(
BOUNDED_SURFACE()
B_SPLINE_SURFACE(1,2,((#5109,#5110,#5111),(#5112,#5113,#5114)),
 .UNSPECIFIED.,.F.,.F.,.F.)
B_SPLINE_SURFACE_WITH_KNOTS((2,2),(3,3),(4.53803661315533E-15,0.800000000000002),
(0.,0.157079632679561),.UNSPECIFIED.)
GEOMETRIC_REPRESENTATION_ITEM()
RATIONAL_B_SPLINE_SURFACE(((1.,0.707106781186593,1.),(1.,0.707106781186593,
1.)))
REPRESENTATION_ITEM('')
SURFACE()
);
#4719=(
BOUNDED_SURFACE()
B_SPLINE_SURFACE(2,2,((#5115,#5116,#5117,#5118,#5119),(#5120,#5121,#5122,
#5123,#5124),(#5125,#5126,#5127,#5128,#5129)),.UNSPECIFIED.,.F.,.F.,.F.)
B_SPLINE_SURFACE_WITH_KNOTS((3,3),(3,2,3),(0.0785398163397573,0.235619449019236),
(2.65906625780998,3.49406851573778,4.32907077366558),.UNSPECIFIED.)
GEOMETRIC_REPRESENTATION_ITEM()
RATIONAL_B_SPLINE_SURFACE(((1.,0.922369618366429,1.,0.922369618366429,1.),
(0.707106781186622,0.652213811907418,0.707106781186622,0.652213811907418,
0.707106781186622),(1.,0.922369618366429,1.,0.922369618366429,1.)))
REPRESENTATION_ITEM('')
SURFACE()
);
#4720=(
BOUNDED_SURFACE()
B_SPLINE_SURFACE(2,2,((#5130,#5131,#5132,#5133,#5134),(#5135,#5136,#5137,
#5138,#5139),(#5140,#5141,#5142,#5143,#5144)),.UNSPECIFIED.,.F.,.F.,.F.)
B_SPLINE_SURFACE_WITH_KNOTS((3,3),(3,2,3),(0.078539816339766,0.235619449019266),
(2.65906625780994,3.49406851573775,4.32907077366557),.UNSPECIFIED.)
GEOMETRIC_REPRESENTATION_ITEM()
RATIONAL_B_SPLINE_SURFACE(((1.,0.922369618366427,1.,0.922369618366427,1.),
(0.70710678118651,0.652213811907314,0.70710678118651,0.652213811907314,
0.70710678118651),(1.,0.922369618366427,1.,0.922369618366427,1.)))
REPRESENTATION_ITEM('')
SURFACE()
);
#4721=(
BOUNDED_SURFACE()
B_SPLINE_SURFACE(2,2,((#5145,#5146,#5147,#5148,#5149),(#5150,#5151,#5152,
#5153,#5154),(#5155,#5156,#5157,#5158,#5159)),.UNSPECIFIED.,.F.,.F.,.F.)
B_SPLINE_SURFACE_WITH_KNOTS((3,3),(3,2,3),(0.0785398163397501,0.235619449019248),
(2.28480849704991,3.11981075497769,3.95481301290548),.UNSPECIFIED.)
GEOMETRIC_REPRESENTATION_ITEM()
RATIONAL_B_SPLINE_SURFACE(((1.,0.922369618366432,1.,0.922369618366432,1.),
(0.707106781186601,0.652213811907401,0.707106781186601,0.652213811907401,
0.707106781186601),(1.,0.922369618366432,1.,0.922369618366432,1.)))
REPRESENTATION_ITEM('')
SURFACE()
);
#4722=(
BOUNDED_SURFACE()
B_SPLINE_SURFACE(2,2,((#5160,#5161,#5162,#5163,#5164),(#5165,#5166,#5167,
#5168,#5169),(#5170,#5171,#5172,#5173,#5174)),.UNSPECIFIED.,.F.,.F.,.F.)
B_SPLINE_SURFACE_WITH_KNOTS((3,3),(3,2,3),(0.0785398163397247,0.235619449019231),
(2.2848084970499,3.11981075497764,3.95481301290537),.UNSPECIFIED.)
GEOMETRIC_REPRESENTATION_ITEM()
RATIONAL_B_SPLINE_SURFACE(((1.,0.922369618366442,1.,0.922369618366442,1.),
(0.70710678118649,0.652213811907305,0.70710678118649,0.652213811907305,
0.70710678118649),(1.,0.922369618366442,1.,0.922369618366442,1.)))
REPRESENTATION_ITEM('')
SURFACE()
);
#4723=(
BOUNDED_SURFACE()
B_SPLINE_SURFACE(2,2,((#5175,#5176,#5177,#5178,#5179),(#5180,#5181,#5182,
#5183,#5184),(#5185,#5186,#5187,#5188,#5189)),.UNSPECIFIED.,.F.,.F.,.F.)
B_SPLINE_SURFACE_WITH_KNOTS((3,3),(3,2,3),(0.0785398163397585,0.235619449019194),
(2.65906625780992,3.49406851573768,4.32907077366544),.UNSPECIFIED.)
GEOMETRIC_REPRESENTATION_ITEM()
RATIONAL_B_SPLINE_SURFACE(((1.,0.922369618366437,1.,0.922369618366437,1.),
(0.707106781186765,0.652213811907555,0.707106781186765,0.652213811907555,
0.707106781186765),(1.,0.922369618366437,1.,0.922369618366437,1.)))
REPRESENTATION_ITEM('')
SURFACE()
);
#4724=(
BOUNDED_SURFACE()
B_SPLINE_SURFACE(2,2,((#5190,#5191,#5192,#5193,#5194),(#5195,#5196,#5197,
#5198,#5199),(#5200,#5201,#5202,#5203,#5204),(#5205,#5206,#5207,#5208,#5209),
(#5210,#5211,#5212,#5213,#5214)),.UNSPECIFIED.,.F.,.F.,.F.)
B_SPLINE_SURFACE_WITH_KNOTS((3,2,3),(3,2,3),(0.0785398163397223,0.157865030842871,
0.237190245346021),(2.28480849704969,3.11981075497759,3.95481301290549),
 .UNSPECIFIED.)
GEOMETRIC_REPRESENTATION_ITEM()
RATIONAL_B_SPLINE_SURFACE(((1.,0.922369618366411,1.,0.922369618366411,1.),
(0.922369618366415,0.850765712885402,0.922369618366415,0.850765712885402,
0.922369618366415),(1.,0.922369618366411,1.,0.922369618366411,1.),(0.922369618366415,
0.850765712885402,0.922369618366415,0.850765712885402,0.922369618366415),
(1.,0.922369618366411,1.,0.922369618366411,1.)))
REPRESENTATION_ITEM('')
SURFACE()
);
#4725=(
BOUNDED_SURFACE()
B_SPLINE_SURFACE(2,2,((#5215,#5216,#5217,#5218,#5219),(#5220,#5221,#5222,
#5223,#5224),(#5225,#5226,#5227,#5228,#5229)),.UNSPECIFIED.,.F.,.F.,.F.)
B_SPLINE_SURFACE_WITH_KNOTS((3,3),(3,2,3),(0.0785398163397579,0.235619449019231),
(2.65906625780982,3.49406851573758,4.32907077366534),.UNSPECIFIED.)
GEOMETRIC_REPRESENTATION_ITEM()
RATIONAL_B_SPLINE_SURFACE(((1.,0.922369618366437,1.,0.922369618366437,1.),
(0.707106781186604,0.652213811907407,0.707106781186604,0.652213811907407,
0.707106781186604),(1.,0.922369618366437,1.,0.922369618366437,1.)))
REPRESENTATION_ITEM('')
SURFACE()
);
#4726=(
BOUNDED_SURFACE()
B_SPLINE_SURFACE(2,2,((#5230,#5231,#5232,#5233,#5234),(#5235,#5236,#5237,
#5238,#5239),(#5240,#5241,#5242,#5243,#5244)),.UNSPECIFIED.,.F.,.F.,.F.)
B_SPLINE_SURFACE_WITH_KNOTS((3,3),(3,2,3),(0.0785398163397495,0.235619449019236),
(2.28480849704978,3.1198107549776,3.95481301290541),.UNSPECIFIED.)
GEOMETRIC_REPRESENTATION_ITEM()
RATIONAL_B_SPLINE_SURFACE(((1.,0.922369618366427,1.,0.922369618366427,1.),
(0.70710678118653,0.652213811907332,0.70710678118653,0.652213811907332,
0.70710678118653),(1.,0.922369618366427,1.,0.922369618366427,1.)))
REPRESENTATION_ITEM('')
SURFACE()
);
#4727=(
BOUNDED_SURFACE()
B_SPLINE_SURFACE(2,1,((#5717,#5718),(#5719,#5720),(#5721,#5722)),
 .UNSPECIFIED.,.F.,.F.,.F.)
B_SPLINE_SURFACE_WITH_KNOTS((3,3),(2,2),(0.,0.15707963267956),(4.95437024738976E-15,
0.799999999999986),.UNSPECIFIED.)
GEOMETRIC_REPRESENTATION_ITEM()
RATIONAL_B_SPLINE_SURFACE(((1.,1.),(0.70710678118665,0.707106781186633),
(1.,1.)))
REPRESENTATION_ITEM('')
SURFACE()
);
#4728=(
BOUNDED_SURFACE()
B_SPLINE_SURFACE(1,2,((#5723,#5724,#5725),(#5726,#5727,#5728)),
 .UNSPECIFIED.,.F.,.F.,.F.)
B_SPLINE_SURFACE_WITH_KNOTS((2,2),(3,3),(4.30211422042248E-16,1.),(0.,0.157079632679583),
 .UNSPECIFIED.)
GEOMETRIC_REPRESENTATION_ITEM()
RATIONAL_B_SPLINE_SURFACE(((1.,0.70710678118638,1.),(1.,0.70710678118635,
1.)))
REPRESENTATION_ITEM('')
SURFACE()
);
#4729=(
BOUNDED_SURFACE()
B_SPLINE_SURFACE(1,2,((#5729,#5730,#5731),(#5732,#5733,#5734)),
 .UNSPECIFIED.,.F.,.F.,.F.)
B_SPLINE_SURFACE_WITH_KNOTS((2,2),(3,3),(8.72912853111529E-15,0.799999999999997),
(0.,0.157079632679574),.UNSPECIFIED.)
GEOMETRIC_REPRESENTATION_ITEM()
RATIONAL_B_SPLINE_SURFACE(((1.,0.70710678118657,1.),(1.,0.707106781186541,
1.)))
REPRESENTATION_ITEM('')
SURFACE()
);
#4730=(
BOUNDED_SURFACE()
B_SPLINE_SURFACE(1,2,((#5735,#5736,#5737),(#5738,#5739,#5740)),
 .UNSPECIFIED.,.F.,.F.,.F.)
B_SPLINE_SURFACE_WITH_KNOTS((2,2),(3,3),(8.32667268468867E-17,1.),(0.,0.15707963267956),
 .UNSPECIFIED.)
GEOMETRIC_REPRESENTATION_ITEM()
RATIONAL_B_SPLINE_SURFACE(((1.,0.707106781186621,1.),(1.,0.707106781186625,
1.)))
REPRESENTATION_ITEM('')
SURFACE()
);
#4731=(
BOUNDED_SURFACE()
B_SPLINE_SURFACE(2,1,((#5741,#5742),(#5743,#5744),(#5745,#5746)),
 .UNSPECIFIED.,.F.,.F.,.F.)
B_SPLINE_SURFACE_WITH_KNOTS((3,3),(2,2),(0.,0.157079632679526),(-1.0325074129014E-14,
2.),.UNSPECIFIED.)
GEOMETRIC_REPRESENTATION_ITEM()
RATIONAL_B_SPLINE_SURFACE(((1.,1.),(0.707106781186534,0.707106781186527),
(1.,1.)))
REPRESENTATION_ITEM('')
SURFACE()
);
#4732=(
BOUNDED_SURFACE()
B_SPLINE_SURFACE(1,2,((#5747,#5748,#5749),(#5750,#5751,#5752)),
 .UNSPECIFIED.,.F.,.F.,.F.)
B_SPLINE_SURFACE_WITH_KNOTS((2,2),(3,3),(8.32667268468867E-17,0.999999999999999),
(0.,0.157079632679568),.UNSPECIFIED.)
GEOMETRIC_REPRESENTATION_ITEM()
RATIONAL_B_SPLINE_SURFACE(((1.,0.707106781186629,1.),(1.,0.707106781186633,
1.)))
REPRESENTATION_ITEM('')
SURFACE()
);
#4733=(
BOUNDED_SURFACE()
B_SPLINE_SURFACE(1,2,((#5753,#5754,#5755),(#5756,#5757,#5758)),
 .UNSPECIFIED.,.F.,.F.,.F.)
B_SPLINE_SURFACE_WITH_KNOTS((2,2),(3,3),(9.99200722162641E-16,1.99999999999999),
(0.,0.157079632679526),.UNSPECIFIED.)
GEOMETRIC_REPRESENTATION_ITEM()
RATIONAL_B_SPLINE_SURFACE(((1.,0.707106781186568,1.),(1.,0.707106781186544,
1.)))
REPRESENTATION_ITEM('')
SURFACE()
);
#4734=(
BOUNDED_SURFACE()
B_SPLINE_SURFACE(2,1,((#5759,#5760),(#5761,#5762),(#5763,#5764)),
 .UNSPECIFIED.,.F.,.F.,.F.)
B_SPLINE_SURFACE_WITH_KNOTS((3,3),(2,2),(0.,0.157079632679526),(-1.69309011255336E-15,
0.800000000000006),.UNSPECIFIED.)
GEOMETRIC_REPRESENTATION_ITEM()
RATIONAL_B_SPLINE_SURFACE(((1.,1.),(0.707106781186591,0.707106781186591),
(1.,1.)))
REPRESENTATION_ITEM('')
SURFACE()
);
#4735=(
BOUNDED_SURFACE()
B_SPLINE_SURFACE(1,2,((#5765,#5766,#5767),(#5768,#5769,#5770)),
 .UNSPECIFIED.,.F.,.F.,.F.)
B_SPLINE_SURFACE_WITH_KNOTS((2,2),(3,3),(-7.07767178198537E-16,0.999999999999999),
(0.,0.157079632679625),.UNSPECIFIED.)
GEOMETRIC_REPRESENTATION_ITEM()
RATIONAL_B_SPLINE_SURFACE(((1.,0.707106781186863,1.),(1.,0.707106781186864,
1.)))
REPRESENTATION_ITEM('')
SURFACE()
);
#4736=(
BOUNDED_SURFACE()
B_SPLINE_SURFACE(1,2,((#5771,#5772,#5773),(#5774,#5775,#5776)),
 .UNSPECIFIED.,.F.,.F.,.F.)
B_SPLINE_SURFACE_WITH_KNOTS((2,2),(3,3),(6.93889390390723E-17,0.80000000000001),
(0.,0.157079632679541),.UNSPECIFIED.)
GEOMETRIC_REPRESENTATION_ITEM()
RATIONAL_B_SPLINE_SURFACE(((1.,0.70710678118645,1.),(1.,0.707106781186442,
1.)))
REPRESENTATION_ITEM('')
SURFACE()
);
#4737=(
BOUNDED_SURFACE()
B_SPLINE_SURFACE(2,1,((#5777,#5778),(#5779,#5780),(#5781,#5782)),
 .UNSPECIFIED.,.F.,.F.,.F.)
B_SPLINE_SURFACE_WITH_KNOTS((3,3),(2,2),(0.,0.15707963267956),(5.52335954751015E-15,
2.),.UNSPECIFIED.)
GEOMETRIC_REPRESENTATION_ITEM()
RATIONAL_B_SPLINE_SURFACE(((1.,1.),(0.707106781186658,0.707106781186675),
(1.,1.)))
REPRESENTATION_ITEM('')
SURFACE()
);
#4738=(
BOUNDED_SURFACE()
B_SPLINE_SURFACE(1,2,((#5783,#5784,#5785),(#5786,#5787,#5788)),
 .UNSPECIFIED.,.F.,.F.,.F.)
B_SPLINE_SURFACE_WITH_KNOTS((2,2),(3,3),(1.31977762052315E-14,1.99999999999999),
(0.,0.15707963267954),.UNSPECIFIED.)
GEOMETRIC_REPRESENTATION_ITEM()
RATIONAL_B_SPLINE_SURFACE(((1.,0.707106781186608,1.),(1.,0.707106781186625,
1.)))
REPRESENTATION_ITEM('')
SURFACE()
);
#4739=(
BOUNDED_SURFACE()
B_SPLINE_SURFACE(2,2,((#5789,#5790,#5791,#5792,#5793),(#5794,#5795,#5796,
#5797,#5798),(#5799,#5800,#5801,#5802,#5803),(#5804,#5805,#5806,#5807,#5808),
(#5809,#5810,#5811,#5812,#5813)),.UNSPECIFIED.,.F.,.F.,.F.)
B_SPLINE_SURFACE_WITH_KNOTS((3,2,3),(3,2,3),(0.0785398163397424,0.157865030842878,
0.237190245346014),(2.65906625780985,3.49406851573768,4.3290707736655),
 .UNSPECIFIED.)
GEOMETRIC_REPRESENTATION_ITEM()
RATIONAL_B_SPLINE_SURFACE(((1.,0.922369618366424,1.,0.922369618366424,1.),
(0.922369618366439,0.850765712885437,0.922369618366439,0.850765712885437,
0.922369618366439),(1.,0.922369618366424,1.,0.922369618366424,1.),(0.922369618366439,
0.850765712885437,0.922369618366439,0.850765712885437,0.922369618366439),
(1.,0.922369618366424,1.,0.922369618366424,1.)))
REPRESENTATION_ITEM('')
SURFACE()
);
#4740=(
BOUNDED_SURFACE()
B_SPLINE_SURFACE(2,2,((#5814,#5815,#5816,#5817,#5818),(#5819,#5820,#5821,
#5822,#5823),(#5824,#5825,#5826,#5827,#5828)),.UNSPECIFIED.,.F.,.F.,.F.)
B_SPLINE_SURFACE_WITH_KNOTS((3,3),(3,2,3),(0.0785398163397441,0.235619449019244),
(2.65906625780988,3.49406851573778,4.32907077366568),.UNSPECIFIED.)
GEOMETRIC_REPRESENTATION_ITEM()
RATIONAL_B_SPLINE_SURFACE(((1.,0.922369618366411,1.,0.922369618366411,1.),
(0.707106781186526,0.652213811907317,0.707106781186526,0.652213811907317,
0.707106781186526),(1.,0.922369618366411,1.,0.922369618366411,1.)))
REPRESENTATION_ITEM('')
SURFACE()
);
#4741=(
BOUNDED_SURFACE()
B_SPLINE_SURFACE(2,2,((#5829,#5830,#5831,#5832,#5833),(#5834,#5835,#5836,
#5837,#5838),(#5839,#5840,#5841,#5842,#5843)),.UNSPECIFIED.,.F.,.F.,.F.)
B_SPLINE_SURFACE_WITH_KNOTS((3,3),(3,2,3),(0.0785398163397463,0.235619449019237),
(2.28480849704989,3.11981075497771,3.95481301290552),.UNSPECIFIED.)
GEOMETRIC_REPRESENTATION_ITEM()
RATIONAL_B_SPLINE_SURFACE(((1.,0.922369618366427,1.,0.922369618366427,1.),
(0.707106781186627,0.652213811907422,0.707106781186627,0.652213811907422,
0.707106781186627),(1.,0.922369618366427,1.,0.922369618366427,1.)))
REPRESENTATION_ITEM('')
SURFACE()
);
#4742=(
BOUNDED_SURFACE()
B_SPLINE_SURFACE(2,2,((#5844,#5845,#5846,#5847,#5848),(#5849,#5850,#5851,
#5852,#5853),(#5854,#5855,#5856,#5857,#5858)),.UNSPECIFIED.,.F.,.F.,.F.)
B_SPLINE_SURFACE_WITH_KNOTS((3,3),(3,2,3),(0.078539816339739,0.235619449019187),
(2.28480849704965,3.11981075497757,3.9548130129055),.UNSPECIFIED.)
GEOMETRIC_REPRESENTATION_ITEM()
RATIONAL_B_SPLINE_SURFACE(((1.,0.922369618366407,1.,0.922369618366407,1.),
(0.707106781186612,0.652213811907393,0.707106781186612,0.652213811907393,
0.707106781186612),(1.,0.922369618366407,1.,0.922369618366407,1.)))
REPRESENTATION_ITEM('')
SURFACE()
);
#4743=(
BOUNDED_SURFACE()
B_SPLINE_SURFACE(2,2,((#5859,#5860,#5861,#5862,#5863),(#5864,#5865,#5866,
#5867,#5868),(#5869,#5870,#5871,#5872,#5873)),.UNSPECIFIED.,.F.,.F.,.F.)
B_SPLINE_SURFACE_WITH_KNOTS((3,3),(3,2,3),(0.0785398163397466,0.235619449019245),
(2.65906625780996,3.49406851573779,4.32907077366561),.UNSPECIFIED.)
GEOMETRIC_REPRESENTATION_ITEM()
RATIONAL_B_SPLINE_SURFACE(((1.,0.922369618366424,1.,0.922369618366424,1.),
(0.7071067811866,0.652213811907395,0.7071067811866,0.652213811907395,0.7071067811866),
(1.,0.922369618366424,1.,0.922369618366424,1.)))
REPRESENTATION_ITEM('')
SURFACE()
);
#4744=(
BOUNDED_SURFACE()
B_SPLINE_SURFACE(2,2,((#5874,#5875,#5876,#5877,#5878),(#5879,#5880,#5881,
#5882,#5883),(#5884,#5885,#5886,#5887,#5888),(#5889,#5890,#5891,#5892,#5893),
(#5894,#5895,#5896,#5897,#5898)),.UNSPECIFIED.,.F.,.F.,.F.)
B_SPLINE_SURFACE_WITH_KNOTS((3,2,3),(3,2,3),(0.0785398163397539,0.157865030842886,
0.237190245346017),(2.28480849704995,3.11981075497771,3.95481301290547),
 .UNSPECIFIED.)
GEOMETRIC_REPRESENTATION_ITEM()
RATIONAL_B_SPLINE_SURFACE(((1.,0.922369618366437,1.,0.922369618366437,1.),
(0.922369618366447,0.850765712885456,0.922369618366447,0.850765712885456,
0.922369618366447),(1.,0.922369618366437,1.,0.922369618366437,1.),(0.922369618366447,
0.850765712885456,0.922369618366447,0.850765712885456,0.922369618366447),
(1.,0.922369618366437,1.,0.922369618366437,1.)))
REPRESENTATION_ITEM('')
SURFACE()
);
#4745=(
BOUNDED_SURFACE()
B_SPLINE_SURFACE(2,2,((#5899,#5900,#5901,#5902,#5903),(#5904,#5905,#5906,
#5907,#5908),(#5909,#5910,#5911,#5912,#5913)),.UNSPECIFIED.,.F.,.F.,.F.)
B_SPLINE_SURFACE_WITH_KNOTS((3,3),(3,2,3),(0.0785398163397334,0.235619449019227),
(2.65906625781001,3.49406851573774,4.32907077366547),.UNSPECIFIED.)
GEOMETRIC_REPRESENTATION_ITEM()
RATIONAL_B_SPLINE_SURFACE(((1.,0.922369618366442,1.,0.922369618366442,1.),
(0.707106781186506,0.65221381190732,0.707106781186506,0.65221381190732,
0.707106781186506),(1.,0.922369618366442,1.,0.922369618366442,1.)))
REPRESENTATION_ITEM('')
SURFACE()
);
#4746=(
BOUNDED_SURFACE()
B_SPLINE_SURFACE(2,2,((#5914,#5915,#5916,#5917,#5918),(#5919,#5920,#5921,
#5922,#5923),(#5924,#5925,#5926,#5927,#5928)),.UNSPECIFIED.,.F.,.F.,.F.)
B_SPLINE_SURFACE_WITH_KNOTS((3,3),(3,2,3),(0.0785398163397572,0.235619449019268),
(2.28480849704956,3.11981075497746,3.95481301290536),.UNSPECIFIED.)
GEOMETRIC_REPRESENTATION_ITEM()
RATIONAL_B_SPLINE_SURFACE(((1.,0.922369618366411,1.,0.922369618366411,1.),
(0.707106781186542,0.652213811907332,0.707106781186542,0.652213811907332,
0.707106781186542),(1.,0.922369618366411,1.,0.922369618366411,1.)))
REPRESENTATION_ITEM('')
SURFACE()
);
#4747=(
BOUNDED_SURFACE()
B_SPLINE_SURFACE(2,1,((#6401,#6402),(#6403,#6404),(#6405,#6406)),
 .UNSPECIFIED.,.F.,.F.,.F.)
B_SPLINE_SURFACE_WITH_KNOTS((3,3),(2,2),(0.,0.157079632679588),(-5.27355936696949E-15,
0.799999999999994),.UNSPECIFIED.)
GEOMETRIC_REPRESENTATION_ITEM()
RATIONAL_B_SPLINE_SURFACE(((1.,1.),(0.707106781186612,0.707106781186621),
(1.,1.)))
REPRESENTATION_ITEM('')
SURFACE()
);
#4748=(
BOUNDED_SURFACE()
B_SPLINE_SURFACE(1,2,((#6407,#6408,#6409),(#6410,#6411,#6412)),
 .UNSPECIFIED.,.F.,.F.,.F.)
B_SPLINE_SURFACE_WITH_KNOTS((2,2),(3,3),(-4.85722573273506E-16,1.),(0.,
0.157079632679625),.UNSPECIFIED.)
GEOMETRIC_REPRESENTATION_ITEM()
RATIONAL_B_SPLINE_SURFACE(((1.,0.707106781186652,1.),(1.,0.707106781186682,
1.)))
REPRESENTATION_ITEM('')
SURFACE()
);
#4749=(
BOUNDED_SURFACE()
B_SPLINE_SURFACE(1,2,((#6413,#6414,#6415),(#6416,#6417,#6418)),
 .UNSPECIFIED.,.F.,.F.,.F.)
B_SPLINE_SURFACE_WITH_KNOTS((2,2),(3,3),(-5.45397060847108E-15,0.799999999999982),
(0.,0.157079632679589),.UNSPECIFIED.)
GEOMETRIC_REPRESENTATION_ITEM()
RATIONAL_B_SPLINE_SURFACE(((1.,0.707106781186633,1.),(1.,0.70710678118665,
1.)))
REPRESENTATION_ITEM('')
SURFACE()
);
#4750=(
BOUNDED_SURFACE()
B_SPLINE_SURFACE(1,2,((#6419,#6420,#6421),(#6422,#6423,#6424)),
 .UNSPECIFIED.,.F.,.F.,.F.)
B_SPLINE_SURFACE_WITH_KNOTS((2,2),(3,3),(3.05311331771918E-16,1.),(0.,0.15707963267956),
 .UNSPECIFIED.)
GEOMETRIC_REPRESENTATION_ITEM()
RATIONAL_B_SPLINE_SURFACE(((1.,0.707106781186472,1.),(1.,0.707106781186448,
1.)))
REPRESENTATION_ITEM('')
SURFACE()
);
#4751=(
BOUNDED_SURFACE()
B_SPLINE_SURFACE(2,1,((#6425,#6426),(#6427,#6428),(#6429,#6430)),
 .UNSPECIFIED.,.F.,.F.,.F.)
B_SPLINE_SURFACE_WITH_KNOTS((3,3),(2,2),(0.,0.15707963267954),(-5.67601521339611E-15,
2.00000000000001),.UNSPECIFIED.)
GEOMETRIC_REPRESENTATION_ITEM()
RATIONAL_B_SPLINE_SURFACE(((1.,1.),(0.70710678118647,0.70710678118647),
(1.,1.)))
REPRESENTATION_ITEM('')
SURFACE()
);
#4752=(
BOUNDED_SURFACE()
B_SPLINE_SURFACE(1,2,((#6431,#6432,#6433),(#6434,#6435,#6436)),
 .UNSPECIFIED.,.F.,.F.,.F.)
B_SPLINE_SURFACE_WITH_KNOTS((2,2),(3,3),(8.32667268468867E-17,1.),(0.,0.15707963267958),
 .UNSPECIFIED.)
GEOMETRIC_REPRESENTATION_ITEM()
RATIONAL_B_SPLINE_SURFACE(((1.,0.707106781186771,1.),(1.,0.707106781186785,
1.)))
REPRESENTATION_ITEM('')
SURFACE()
);
#4753=(
BOUNDED_SURFACE()
B_SPLINE_SURFACE(1,2,((#6437,#6438,#6439),(#6440,#6441,#6442)),
 .UNSPECIFIED.,.F.,.F.,.F.)
B_SPLINE_SURFACE_WITH_KNOTS((2,2),(3,3),(-1.38777878078145E-16,2.),(0.,
0.157079632679526),.UNSPECIFIED.)
GEOMETRIC_REPRESENTATION_ITEM()
RATIONAL_B_SPLINE_SURFACE(((1.,0.707106781186642,1.),(1.,0.707106781186642,
1.)))
REPRESENTATION_ITEM('')
SURFACE()
);
#4754=(
BOUNDED_SURFACE()
B_SPLINE_SURFACE(2,1,((#6443,#6444),(#6445,#6446),(#6447,#6448)),
 .UNSPECIFIED.,.F.,.F.,.F.)
B_SPLINE_SURFACE_WITH_KNOTS((3,3),(2,2),(0.,0.15707963267956),(1.05193631583234E-14,
0.799999999999991),.UNSPECIFIED.)
GEOMETRIC_REPRESENTATION_ITEM()
RATIONAL_B_SPLINE_SURFACE(((1.,1.),(0.70710678118637,0.70710678118635),
(1.,1.)))
REPRESENTATION_ITEM('')
SURFACE()
);
#4755=(
BOUNDED_SURFACE()
B_SPLINE_SURFACE(1,2,((#6449,#6450,#6451),(#6452,#6453,#6454)),
 .UNSPECIFIED.,.F.,.F.,.F.)
B_SPLINE_SURFACE_WITH_KNOTS((2,2),(3,3),(-4.85722573273506E-16,0.999999999999999),
(0.,0.157079632679562),.UNSPECIFIED.)
GEOMETRIC_REPRESENTATION_ITEM()
RATIONAL_B_SPLINE_SURFACE(((1.,0.707106781186413,1.),(1.,0.707106781186389,
1.)))
REPRESENTATION_ITEM('')
SURFACE()
);
#4756=(
BOUNDED_SURFACE()
B_SPLINE_SURFACE(1,2,((#6455,#6456,#6457),(#6458,#6459,#6460)),
 .UNSPECIFIED.,.F.,.F.,.F.)
B_SPLINE_SURFACE_WITH_KNOTS((2,2),(3,3),(-7.31359417471822E-15,0.799999999999989),
(0.,0.15707963267956),.UNSPECIFIED.)
GEOMETRIC_REPRESENTATION_ITEM()
RATIONAL_B_SPLINE_SURFACE(((1.,0.707106781186522,1.),(1.,0.707106781186494,
1.)))
REPRESENTATION_ITEM('')
SURFACE()
);
#4757=(
BOUNDED_SURFACE()
B_SPLINE_SURFACE(2,1,((#6461,#6462),(#6463,#6464),(#6465,#6466)),
 .UNSPECIFIED.,.F.,.F.,.F.)
B_SPLINE_SURFACE_WITH_KNOTS((3,3),(2,2),(0.,0.157079632679526),(9.88098491916389E-15,
2.),.UNSPECIFIED.)
GEOMETRIC_REPRESENTATION_ITEM()
RATIONAL_B_SPLINE_SURFACE(((1.,1.),(0.707106781186518,0.707106781186494),
(1.,1.)))
REPRESENTATION_ITEM('')
SURFACE()
);
#4758=(
BOUNDED_SURFACE()
B_SPLINE_SURFACE(1,2,((#6467,#6468,#6469),(#6470,#6471,#6472)),
 .UNSPECIFIED.,.F.,.F.,.F.)
B_SPLINE_SURFACE_WITH_KNOTS((2,2),(3,3),(4.55191440096314E-15,2.),(0.,0.157079632679526),
 .UNSPECIFIED.)
GEOMETRIC_REPRESENTATION_ITEM()
RATIONAL_B_SPLINE_SURFACE(((1.,0.707106781186593,1.),(1.,0.707106781186592,
1.)))
REPRESENTATION_ITEM('')
SURFACE()
);
#4759=(
BOUNDED_SURFACE()
B_SPLINE_SURFACE(2,2,((#6473,#6474,#6475,#6476,#6477),(#6478,#6479,#6480,
#6481,#6482),(#6483,#6484,#6485,#6486,#6487)),.UNSPECIFIED.,.F.,.F.,.F.)
B_SPLINE_SURFACE_WITH_KNOTS((3,3),(3,2,3),(0.0785398163397457,0.235619449019232),
(2.65906625781004,3.4940685157378,4.32907077366556),.UNSPECIFIED.)
GEOMETRIC_REPRESENTATION_ITEM()
RATIONAL_B_SPLINE_SURFACE(((1.,0.922369618366436,1.,0.922369618366436,1.),
(0.70710678118653,0.652213811907339,0.70710678118653,0.652213811907339,
0.70710678118653),(1.,0.922369618366436,1.,0.922369618366436,1.)))
REPRESENTATION_ITEM('')
SURFACE()
);
#4760=(
BOUNDED_SURFACE()
B_SPLINE_SURFACE(2,2,((#6488,#6489,#6490,#6491,#6492),(#6493,#6494,#6495,
#6496,#6497),(#6498,#6499,#6500,#6501,#6502),(#6503,#6504,#6505,#6506,#6507),
(#6508,#6509,#6510,#6511,#6512)),.UNSPECIFIED.,.F.,.F.,.F.)
B_SPLINE_SURFACE_WITH_KNOTS((3,2,3),(3,2,3),(0.0785398163397416,0.157865030842885,
0.237190245346028),(2.65906625781005,3.49406851573779,4.32907077366554),
 .UNSPECIFIED.)
GEOMETRIC_REPRESENTATION_ITEM()
RATIONAL_B_SPLINE_SURFACE(((1.,0.922369618366439,1.,0.922369618366439,1.),
(0.922369618366432,0.850765712885444,0.922369618366432,0.850765712885444,
0.922369618366432),(1.,0.922369618366439,1.,0.922369618366439,1.),(0.922369618366432,
0.850765712885444,0.922369618366432,0.850765712885444,0.922369618366432),
(1.,0.922369618366439,1.,0.922369618366439,1.)))
REPRESENTATION_ITEM('')
SURFACE()
);
#4761=(
BOUNDED_SURFACE()
B_SPLINE_SURFACE(2,2,((#6513,#6514,#6515,#6516,#6517),(#6518,#6519,#6520,
#6521,#6522),(#6523,#6524,#6525,#6526,#6527),(#6528,#6529,#6530,#6531,#6532),
(#6533,#6534,#6535,#6536,#6537)),.UNSPECIFIED.,.F.,.F.,.F.)
B_SPLINE_SURFACE_WITH_KNOTS((3,2,3),(3,2,3),(0.0785398163397671,0.157865030842897,
0.237190245346028),(2.28480849704983,3.11981075497765,3.95481301290546),
 .UNSPECIFIED.)
GEOMETRIC_REPRESENTATION_ITEM()
RATIONAL_B_SPLINE_SURFACE(((1.,0.922369618366427,1.,0.922369618366427,1.),
(0.92236961836645,0.850765712885449,0.92236961836645,0.850765712885449,
0.92236961836645),(1.,0.922369618366427,1.,0.922369618366427,1.),(0.92236961836645,
0.850765712885449,0.92236961836645,0.850765712885449,0.92236961836645),
(1.,0.922369618366427,1.,0.922369618366427,1.)))
REPRESENTATION_ITEM('')
SURFACE()
);
#4762=(
BOUNDED_SURFACE()
B_SPLINE_SURFACE(2,2,((#6538,#6539,#6540,#6541,#6542),(#6543,#6544,#6545,
#6546,#6547),(#6548,#6549,#6550,#6551,#6552)),.UNSPECIFIED.,.F.,.F.,.F.)
B_SPLINE_SURFACE_WITH_KNOTS((3,3),(3,2,3),(0.0785398163397387,0.235619449019241),
(2.65906625780993,3.49406851573777,4.32907077366561),.UNSPECIFIED.)
GEOMETRIC_REPRESENTATION_ITEM()
RATIONAL_B_SPLINE_SURFACE(((1.,0.922369618366421,1.,0.922369618366421,1.),
(0.707106781186496,0.652213811907297,0.707106781186496,0.652213811907297,
0.707106781186496),(1.,0.922369618366421,1.,0.922369618366421,1.)))
REPRESENTATION_ITEM('')
SURFACE()
);
#4763=(
BOUNDED_SURFACE()
B_SPLINE_SURFACE(2,2,((#6553,#6554,#6555,#6556,#6557),(#6558,#6559,#6560,
#6561,#6562),(#6563,#6564,#6565,#6566,#6567)),.UNSPECIFIED.,.F.,.F.,.F.)
B_SPLINE_SURFACE_WITH_KNOTS((3,3),(3,2,3),(0.0785398163397642,0.235619449019242),
(2.65906625780991,3.49406851573772,4.32907077366553),.UNSPECIFIED.)
GEOMETRIC_REPRESENTATION_ITEM()
RATIONAL_B_SPLINE_SURFACE(((1.,0.922369618366427,1.,0.922369618366427,1.),
(0.707106781186562,0.652213811907362,0.707106781186562,0.652213811907362,
0.707106781186562),(1.,0.922369618366427,1.,0.922369618366427,1.)))
REPRESENTATION_ITEM('')
SURFACE()
);
#4764=(
BOUNDED_SURFACE()
B_SPLINE_SURFACE(2,2,((#6568,#6569,#6570,#6571,#6572),(#6573,#6574,#6575,
#6576,#6577),(#6578,#6579,#6580,#6581,#6582)),.UNSPECIFIED.,.F.,.F.,.F.)
B_SPLINE_SURFACE_WITH_KNOTS((3,3),(3,2,3),(0.0785398163397522,0.235619449019265),
(2.28480849704999,3.11981075497774,3.95481301290549),.UNSPECIFIED.)
GEOMETRIC_REPRESENTATION_ITEM()
RATIONAL_B_SPLINE_SURFACE(((1.,0.922369618366439,1.,0.922369618366439,1.),
(0.707106781186522,0.652213811907334,0.707106781186522,0.652213811907334,
0.707106781186522),(1.,0.922369618366439,1.,0.922369618366439,1.)))
REPRESENTATION_ITEM('')
SURFACE()
);
#4765=(
BOUNDED_SURFACE()
B_SPLINE_SURFACE(2,2,((#6583,#6584,#6585,#6586,#6587),(#6588,#6589,#6590,
#6591,#6592),(#6593,#6594,#6595,#6596,#6597)),.UNSPECIFIED.,.F.,.F.,.F.)
B_SPLINE_SURFACE_WITH_KNOTS((3,3),(3,2,3),(0.0785398163397462,0.235619449019258),
(2.65906625780989,3.49406851573771,4.32907077366552),.UNSPECIFIED.)
GEOMETRIC_REPRESENTATION_ITEM()
RATIONAL_B_SPLINE_SURFACE(((1.,0.922369618366427,1.,0.922369618366427,1.),
(0.707106781186496,0.652213811907301,0.707106781186496,0.652213811907301,
0.707106781186496),(1.,0.922369618366427,1.,0.922369618366427,1.)))
REPRESENTATION_ITEM('')
SURFACE()
);
#4766=(
BOUNDED_SURFACE()
B_SPLINE_SURFACE(2,2,((#6598,#6599,#6600,#6601,#6602),(#6603,#6604,#6605,
#6606,#6607),(#6608,#6609,#6610,#6611,#6612)),.UNSPECIFIED.,.F.,.F.,.F.)
B_SPLINE_SURFACE_WITH_KNOTS((3,3),(3,2,3),(0.0785398163397415,0.235619449019231),
(2.2848084970497,3.11981075497763,3.95481301290555),.UNSPECIFIED.)
GEOMETRIC_REPRESENTATION_ITEM()
RATIONAL_B_SPLINE_SURFACE(((1.,0.922369618366406,1.,0.922369618366406,1.),
(0.707106781186527,0.652213811907315,0.707106781186527,0.652213811907315,
0.707106781186527),(1.,0.922369618366406,1.,0.922369618366406,1.)))
REPRESENTATION_ITEM('')
SURFACE()
);
#4767=(
BOUNDED_SURFACE()
B_SPLINE_SURFACE(2,1,((#7085,#7086),(#7087,#7088),(#7089,#7090)),
 .UNSPECIFIED.,.F.,.F.,.F.)
B_SPLINE_SURFACE_WITH_KNOTS((3,3),(2,2),(0.,0.15707963267956),(4.95437024738976E-15,
0.799999999999986),.UNSPECIFIED.)
GEOMETRIC_REPRESENTATION_ITEM()
RATIONAL_B_SPLINE_SURFACE(((1.,1.),(0.70710678118665,0.707106781186633),
(1.,1.)))
REPRESENTATION_ITEM('')
SURFACE()
);
#4768=(
BOUNDED_SURFACE()
B_SPLINE_SURFACE(1,2,((#7091,#7092,#7093),(#7094,#7095,#7096)),
 .UNSPECIFIED.,.F.,.F.,.F.)
B_SPLINE_SURFACE_WITH_KNOTS((2,2),(3,3),(4.30211422042248E-16,1.),(0.,0.157079632679583),
 .UNSPECIFIED.)
GEOMETRIC_REPRESENTATION_ITEM()
RATIONAL_B_SPLINE_SURFACE(((1.,0.70710678118638,1.),(1.,0.70710678118635,
1.)))
REPRESENTATION_ITEM('')
SURFACE()
);
#4769=(
BOUNDED_SURFACE()
B_SPLINE_SURFACE(1,2,((#7097,#7098,#7099),(#7100,#7101,#7102)),
 .UNSPECIFIED.,.F.,.F.,.F.)
B_SPLINE_SURFACE_WITH_KNOTS((2,2),(3,3),(8.72912853111529E-15,0.799999999999997),
(0.,0.157079632679574),.UNSPECIFIED.)
GEOMETRIC_REPRESENTATION_ITEM()
RATIONAL_B_SPLINE_SURFACE(((1.,0.70710678118657,1.),(1.,0.707106781186541,
1.)))
REPRESENTATION_ITEM('')
SURFACE()
);
#4770=(
BOUNDED_SURFACE()
B_SPLINE_SURFACE(1,2,((#7103,#7104,#7105),(#7106,#7107,#7108)),
 .UNSPECIFIED.,.F.,.F.,.F.)
B_SPLINE_SURFACE_WITH_KNOTS((2,2),(3,3),(8.32667268468867E-17,1.),(0.,0.15707963267956),
 .UNSPECIFIED.)
GEOMETRIC_REPRESENTATION_ITEM()
RATIONAL_B_SPLINE_SURFACE(((1.,0.707106781186621,1.),(1.,0.707106781186625,
1.)))
REPRESENTATION_ITEM('')
SURFACE()
);
#4771=(
BOUNDED_SURFACE()
B_SPLINE_SURFACE(2,1,((#7109,#7110),(#7111,#7112),(#7113,#7114)),
 .UNSPECIFIED.,.F.,.F.,.F.)
B_SPLINE_SURFACE_WITH_KNOTS((3,3),(2,2),(0.,0.157079632679526),(-1.0325074129014E-14,
2.),.UNSPECIFIED.)
GEOMETRIC_REPRESENTATION_ITEM()
RATIONAL_B_SPLINE_SURFACE(((1.,1.),(0.707106781186534,0.707106781186527),
(1.,1.)))
REPRESENTATION_ITEM('')
SURFACE()
);
#4772=(
BOUNDED_SURFACE()
B_SPLINE_SURFACE(1,2,((#7115,#7116,#7117),(#7118,#7119,#7120)),
 .UNSPECIFIED.,.F.,.F.,.F.)
B_SPLINE_SURFACE_WITH_KNOTS((2,2),(3,3),(8.32667268468867E-17,0.999999999999999),
(0.,0.157079632679568),.UNSPECIFIED.)
GEOMETRIC_REPRESENTATION_ITEM()
RATIONAL_B_SPLINE_SURFACE(((1.,0.707106781186629,1.),(1.,0.707106781186633,
1.)))
REPRESENTATION_ITEM('')
SURFACE()
);
#4773=(
BOUNDED_SURFACE()
B_SPLINE_SURFACE(1,2,((#7121,#7122,#7123),(#7124,#7125,#7126)),
 .UNSPECIFIED.,.F.,.F.,.F.)
B_SPLINE_SURFACE_WITH_KNOTS((2,2),(3,3),(9.99200722162641E-16,1.99999999999999),
(0.,0.157079632679526),.UNSPECIFIED.)
GEOMETRIC_REPRESENTATION_ITEM()
RATIONAL_B_SPLINE_SURFACE(((1.,0.707106781186568,1.),(1.,0.707106781186544,
1.)))
REPRESENTATION_ITEM('')
SURFACE()
);
#4774=(
BOUNDED_SURFACE()
B_SPLINE_SURFACE(2,1,((#7127,#7128),(#7129,#7130),(#7131,#7132)),
 .UNSPECIFIED.,.F.,.F.,.F.)
B_SPLINE_SURFACE_WITH_KNOTS((3,3),(2,2),(0.,0.157079632679526),(-1.69309011255336E-15,
0.800000000000006),.UNSPECIFIED.)
GEOMETRIC_REPRESENTATION_ITEM()
RATIONAL_B_SPLINE_SURFACE(((1.,1.),(0.707106781186591,0.707106781186591),
(1.,1.)))
REPRESENTATION_ITEM('')
SURFACE()
);
#4775=(
BOUNDED_SURFACE()
B_SPLINE_SURFACE(1,2,((#7133,#7134,#7135),(#7136,#7137,#7138)),
 .UNSPECIFIED.,.F.,.F.,.F.)
B_SPLINE_SURFACE_WITH_KNOTS((2,2),(3,3),(-7.07767178198537E-16,0.999999999999999),
(0.,0.157079632679625),.UNSPECIFIED.)
GEOMETRIC_REPRESENTATION_ITEM()
RATIONAL_B_SPLINE_SURFACE(((1.,0.707106781186863,1.),(1.,0.707106781186864,
1.)))
REPRESENTATION_ITEM('')
SURFACE()
);
#4776=(
BOUNDED_SURFACE()
B_SPLINE_SURFACE(1,2,((#7139,#7140,#7141),(#7142,#7143,#7144)),
 .UNSPECIFIED.,.F.,.F.,.F.)
B_SPLINE_SURFACE_WITH_KNOTS((2,2),(3,3),(6.93889390390723E-17,0.80000000000001),
(0.,0.157079632679541),.UNSPECIFIED.)
GEOMETRIC_REPRESENTATION_ITEM()
RATIONAL_B_SPLINE_SURFACE(((1.,0.70710678118645,1.),(1.,0.707106781186442,
1.)))
REPRESENTATION_ITEM('')
SURFACE()
);
#4777=(
BOUNDED_SURFACE()
B_SPLINE_SURFACE(2,1,((#7145,#7146),(#7147,#7148),(#7149,#7150)),
 .UNSPECIFIED.,.F.,.F.,.F.)
B_SPLINE_SURFACE_WITH_KNOTS((3,3),(2,2),(0.,0.15707963267956),(5.52335954751015E-15,
2.),.UNSPECIFIED.)
GEOMETRIC_REPRESENTATION_ITEM()
RATIONAL_B_SPLINE_SURFACE(((1.,1.),(0.707106781186658,0.707106781186675),
(1.,1.)))
REPRESENTATION_ITEM('')
SURFACE()
);
#4778=(
BOUNDED_SURFACE()
B_SPLINE_SURFACE(1,2,((#7151,#7152,#7153),(#7154,#7155,#7156)),
 .UNSPECIFIED.,.F.,.F.,.F.)
B_SPLINE_SURFACE_WITH_KNOTS((2,2),(3,3),(1.31977762052315E-14,1.99999999999999),
(0.,0.15707963267954),.UNSPECIFIED.)
GEOMETRIC_REPRESENTATION_ITEM()
RATIONAL_B_SPLINE_SURFACE(((1.,0.707106781186608,1.),(1.,0.707106781186625,
1.)))
REPRESENTATION_ITEM('')
SURFACE()
);
#4779=(
BOUNDED_SURFACE()
B_SPLINE_SURFACE(2,2,((#7157,#7158,#7159,#7160,#7161),(#7162,#7163,#7164,
#7165,#7166),(#7167,#7168,#7169,#7170,#7171),(#7172,#7173,#7174,#7175,#7176),
(#7177,#7178,#7179,#7180,#7181)),.UNSPECIFIED.,.F.,.F.,.F.)
B_SPLINE_SURFACE_WITH_KNOTS((3,2,3),(3,2,3),(0.0785398163397424,0.157865030842878,
0.237190245346014),(2.65906625780985,3.49406851573768,4.3290707736655),
 .UNSPECIFIED.)
GEOMETRIC_REPRESENTATION_ITEM()
RATIONAL_B_SPLINE_SURFACE(((1.,0.922369618366424,1.,0.922369618366424,1.),
(0.922369618366439,0.850765712885437,0.922369618366439,0.850765712885437,
0.922369618366439),(1.,0.922369618366424,1.,0.922369618366424,1.),(0.922369618366439,
0.850765712885437,0.922369618366439,0.850765712885437,0.922369618366439),
(1.,0.922369618366424,1.,0.922369618366424,1.)))
REPRESENTATION_ITEM('')
SURFACE()
);
#4780=(
BOUNDED_SURFACE()
B_SPLINE_SURFACE(2,2,((#7182,#7183,#7184,#7185,#7186),(#7187,#7188,#7189,
#7190,#7191),(#7192,#7193,#7194,#7195,#7196)),.UNSPECIFIED.,.F.,.F.,.F.)
B_SPLINE_SURFACE_WITH_KNOTS((3,3),(3,2,3),(0.0785398163397441,0.235619449019244),
(2.65906625780988,3.49406851573778,4.32907077366568),.UNSPECIFIED.)
GEOMETRIC_REPRESENTATION_ITEM()
RATIONAL_B_SPLINE_SURFACE(((1.,0.922369618366411,1.,0.922369618366411,1.),
(0.707106781186526,0.652213811907317,0.707106781186526,0.652213811907317,
0.707106781186526),(1.,0.922369618366411,1.,0.922369618366411,1.)))
REPRESENTATION_ITEM('')
SURFACE()
);
#4781=(
BOUNDED_SURFACE()
B_SPLINE_SURFACE(2,2,((#7197,#7198,#7199,#7200,#7201),(#7202,#7203,#7204,
#7205,#7206),(#7207,#7208,#7209,#7210,#7211)),.UNSPECIFIED.,.F.,.F.,.F.)
B_SPLINE_SURFACE_WITH_KNOTS((3,3),(3,2,3),(0.0785398163397463,0.235619449019237),
(2.28480849704989,3.11981075497771,3.95481301290552),.UNSPECIFIED.)
GEOMETRIC_REPRESENTATION_ITEM()
RATIONAL_B_SPLINE_SURFACE(((1.,0.922369618366427,1.,0.922369618366427,1.),
(0.707106781186627,0.652213811907422,0.707106781186627,0.652213811907422,
0.707106781186627),(1.,0.922369618366427,1.,0.922369618366427,1.)))
REPRESENTATION_ITEM('')
SURFACE()
);
#4782=(
BOUNDED_SURFACE()
B_SPLINE_SURFACE(2,2,((#7212,#7213,#7214,#7215,#7216),(#7217,#7218,#7219,
#7220,#7221),(#7222,#7223,#7224,#7225,#7226)),.UNSPECIFIED.,.F.,.F.,.F.)
B_SPLINE_SURFACE_WITH_KNOTS((3,3),(3,2,3),(0.078539816339739,0.235619449019187),
(2.28480849704965,3.11981075497757,3.9548130129055),.UNSPECIFIED.)
GEOMETRIC_REPRESENTATION_ITEM()
RATIONAL_B_SPLINE_SURFACE(((1.,0.922369618366407,1.,0.922369618366407,1.),
(0.707106781186612,0.652213811907393,0.707106781186612,0.652213811907393,
0.707106781186612),(1.,0.922369618366407,1.,0.922369618366407,1.)))
REPRESENTATION_ITEM('')
SURFACE()
);
#4783=(
BOUNDED_SURFACE()
B_SPLINE_SURFACE(2,2,((#7227,#7228,#7229,#7230,#7231),(#7232,#7233,#7234,
#7235,#7236),(#7237,#7238,#7239,#7240,#7241)),.UNSPECIFIED.,.F.,.F.,.F.)
B_SPLINE_SURFACE_WITH_KNOTS((3,3),(3,2,3),(0.0785398163397466,0.235619449019245),
(2.65906625780996,3.49406851573779,4.32907077366561),.UNSPECIFIED.)
GEOMETRIC_REPRESENTATION_ITEM()
RATIONAL_B_SPLINE_SURFACE(((1.,0.922369618366424,1.,0.922369618366424,1.),
(0.7071067811866,0.652213811907395,0.7071067811866,0.652213811907395,0.7071067811866),
(1.,0.922369618366424,1.,0.922369618366424,1.)))
REPRESENTATION_ITEM('')
SURFACE()
);
#4784=(
BOUNDED_SURFACE()
B_SPLINE_SURFACE(2,2,((#7242,#7243,#7244,#7245,#7246),(#7247,#7248,#7249,
#7250,#7251),(#7252,#7253,#7254,#7255,#7256),(#7257,#7258,#7259,#7260,#7261),
(#7262,#7263,#7264,#7265,#7266)),.UNSPECIFIED.,.F.,.F.,.F.)
B_SPLINE_SURFACE_WITH_KNOTS((3,2,3),(3,2,3),(0.0785398163397539,0.157865030842886,
0.237190245346017),(2.28480849704995,3.11981075497771,3.95481301290547),
 .UNSPECIFIED.)
GEOMETRIC_REPRESENTATION_ITEM()
RATIONAL_B_SPLINE_SURFACE(((1.,0.922369618366437,1.,0.922369618366437,1.),
(0.922369618366447,0.850765712885456,0.922369618366447,0.850765712885456,
0.922369618366447),(1.,0.922369618366437,1.,0.922369618366437,1.),(0.922369618366447,
0.850765712885456,0.922369618366447,0.850765712885456,0.922369618366447),
(1.,0.922369618366437,1.,0.922369618366437,1.)))
REPRESENTATION_ITEM('')
SURFACE()
);
#4785=(
BOUNDED_SURFACE()
B_SPLINE_SURFACE(2,2,((#7267,#7268,#7269,#7270,#7271),(#7272,#7273,#7274,
#7275,#7276),(#7277,#7278,#7279,#7280,#7281)),.UNSPECIFIED.,.F.,.F.,.F.)
B_SPLINE_SURFACE_WITH_KNOTS((3,3),(3,2,3),(0.0785398163397334,0.235619449019227),
(2.65906625781001,3.49406851573774,4.32907077366547),.UNSPECIFIED.)
GEOMETRIC_REPRESENTATION_ITEM()
RATIONAL_B_SPLINE_SURFACE(((1.,0.922369618366442,1.,0.922369618366442,1.),
(0.707106781186506,0.65221381190732,0.707106781186506,0.65221381190732,
0.707106781186506),(1.,0.922369618366442,1.,0.922369618366442,1.)))
REPRESENTATION_ITEM('')
SURFACE()
);
#4786=(
BOUNDED_SURFACE()
B_SPLINE_SURFACE(2,2,((#7282,#7283,#7284,#7285,#7286),(#7287,#7288,#7289,
#7290,#7291),(#7292,#7293,#7294,#7295,#7296)),.UNSPECIFIED.,.F.,.F.,.F.)
B_SPLINE_SURFACE_WITH_KNOTS((3,3),(3,2,3),(0.0785398163397572,0.235619449019268),
(2.28480849704956,3.11981075497746,3.95481301290536),.UNSPECIFIED.)
GEOMETRIC_REPRESENTATION_ITEM()
RATIONAL_B_SPLINE_SURFACE(((1.,0.922369618366411,1.,0.922369618366411,1.),
(0.707106781186542,0.652213811907332,0.707106781186542,0.652213811907332,
0.707106781186542),(1.,0.922369618366411,1.,0.922369618366411,1.)))
REPRESENTATION_ITEM('')
SURFACE()
);
#4787=(
BOUNDED_SURFACE()
B_SPLINE_SURFACE(2,1,((#7769,#7770),(#7771,#7772),(#7773,#7774)),
 .UNSPECIFIED.,.F.,.F.,.F.)
B_SPLINE_SURFACE_WITH_KNOTS((3,3),(2,2),(0.,0.157079632679526),(6.42541575501809E-15,
2.),.UNSPECIFIED.)
GEOMETRIC_REPRESENTATION_ITEM()
RATIONAL_B_SPLINE_SURFACE(((1.,1.),(0.707106781186608,0.707106781186625),
(1.,1.)))
REPRESENTATION_ITEM('')
SURFACE()
);
#4788=(
BOUNDED_SURFACE()
B_SPLINE_SURFACE(1,2,((#7775,#7776,#7777),(#7778,#7779,#7780)),
 .UNSPECIFIED.,.F.,.F.,.F.)
B_SPLINE_SURFACE_WITH_KNOTS((2,2),(3,3),(8.74300631892311E-16,1.),(0.,0.15707963267958),
 .UNSPECIFIED.)
GEOMETRIC_REPRESENTATION_ITEM()
RATIONAL_B_SPLINE_SURFACE(((1.,0.707106781186849,1.),(1.,0.707106781186937,
1.)))
REPRESENTATION_ITEM('')
SURFACE()
);
#4789=(
BOUNDED_SURFACE()
B_SPLINE_SURFACE(1,2,((#7781,#7782,#7783),(#7784,#7785,#7786)),
 .UNSPECIFIED.,.F.,.F.,.F.)
B_SPLINE_SURFACE_WITH_KNOTS((2,2),(3,3),(6.07847105982273E-15,2.00000000000001),
(0.,0.157079632679526),.UNSPECIFIED.)
GEOMETRIC_REPRESENTATION_ITEM()
RATIONAL_B_SPLINE_SURFACE(((1.,0.707106781186642,1.),(1.,0.707106781186642,
1.)))
REPRESENTATION_ITEM('')
SURFACE()
);
#4790=(
BOUNDED_SURFACE()
B_SPLINE_SURFACE(1,2,((#7787,#7788,#7789),(#7790,#7791,#7792)),
 .UNSPECIFIED.,.F.,.F.,.F.)
B_SPLINE_SURFACE_WITH_KNOTS((2,2),(3,3),(-2.63677968348475E-16,1.),(0.,
0.157079632679611),.UNSPECIFIED.)
GEOMETRIC_REPRESENTATION_ITEM()
RATIONAL_B_SPLINE_SURFACE(((1.,0.707106781186654,1.),(1.,0.707106781186509,
1.)))
REPRESENTATION_ITEM('')
SURFACE()
);
#4791=(
BOUNDED_SURFACE()
B_SPLINE_SURFACE(2,1,((#7793,#7794),(#7795,#7796),(#7797,#7798)),
 .UNSPECIFIED.,.F.,.F.,.F.)
B_SPLINE_SURFACE_WITH_KNOTS((3,3),(2,2),(0.,0.157079632679574),(5.39845945723982E-15,
0.800000000000002),.UNSPECIFIED.)
GEOMETRIC_REPRESENTATION_ITEM()
RATIONAL_B_SPLINE_SURFACE(((1.,1.),(0.707106781186621,0.707106781186613),
(1.,1.)))
REPRESENTATION_ITEM('')
SURFACE()
);
#4792=(
BOUNDED_SURFACE()
B_SPLINE_SURFACE(1,2,((#7799,#7800,#7801),(#7802,#7803,#7804)),
 .UNSPECIFIED.,.F.,.F.,.F.)
B_SPLINE_SURFACE_WITH_KNOTS((2,2),(3,3),(-1.38777878078145E-16,1.),(0.,
0.157079632679568),.UNSPECIFIED.)
GEOMETRIC_REPRESENTATION_ITEM()
RATIONAL_B_SPLINE_SURFACE(((1.,0.707106781186638,1.),(1.,0.707106781186646,
1.)))
REPRESENTATION_ITEM('')
SURFACE()
);
#4793=(
BOUNDED_SURFACE()
B_SPLINE_SURFACE(1,2,((#7805,#7806,#7807),(#7808,#7809,#7810)),
 .UNSPECIFIED.,.F.,.F.,.F.)
B_SPLINE_SURFACE_WITH_KNOTS((2,2),(3,3),(-8.10462807976364E-15,0.799999999999993),
(0.,0.157079632679574),.UNSPECIFIED.)
GEOMETRIC_REPRESENTATION_ITEM()
RATIONAL_B_SPLINE_SURFACE(((1.,0.707106781186342,1.),(1.,0.707106781186379,
1.)))
REPRESENTATION_ITEM('')
SURFACE()
);
#4794=(
BOUNDED_SURFACE()
B_SPLINE_SURFACE(2,1,((#7811,#7812),(#7813,#7814),(#7815,#7816)),
 .UNSPECIFIED.,.F.,.F.,.F.)
B_SPLINE_SURFACE_WITH_KNOTS((3,3),(2,2),(0.,0.157079632679526),(-1.30451205393456E-15,
1.99999999999999),.UNSPECIFIED.)
GEOMETRIC_REPRESENTATION_ITEM()
RATIONAL_B_SPLINE_SURFACE(((1.,1.),(0.707106781186558,0.707106781186575),
(1.,1.)))
REPRESENTATION_ITEM('')
SURFACE()
);
#4795=(
BOUNDED_SURFACE()
B_SPLINE_SURFACE(1,2,((#7817,#7818,#7819),(#7820,#7821,#7822)),
 .UNSPECIFIED.,.F.,.F.,.F.)
B_SPLINE_SURFACE_WITH_KNOTS((2,2),(3,3),(-1.38777878078145E-16,1.),(0.,
0.157079632679588),.UNSPECIFIED.)
GEOMETRIC_REPRESENTATION_ITEM()
RATIONAL_B_SPLINE_SURFACE(((1.,0.7071067811866,1.),(1.,0.707106781186604,
1.)))
REPRESENTATION_ITEM('')
SURFACE()
);
#4796=(
BOUNDED_SURFACE()
B_SPLINE_SURFACE(1,2,((#7823,#7824,#7825),(#7826,#7827,#7828)),
 .UNSPECIFIED.,.F.,.F.,.F.)
B_SPLINE_SURFACE_WITH_KNOTS((2,2),(3,3),(8.50708392619026E-15,2.),(0.,0.157079632679526),
 .UNSPECIFIED.)
GEOMETRIC_REPRESENTATION_ITEM()
RATIONAL_B_SPLINE_SURFACE(((1.,0.707106781186592,1.),(1.,0.707106781186592,
1.)))
REPRESENTATION_ITEM('')
SURFACE()
);
#4797=(
BOUNDED_SURFACE()
B_SPLINE_SURFACE(2,1,((#7829,#7830),(#7831,#7832),(#7833,#7834)),
 .UNSPECIFIED.,.F.,.F.,.F.)
B_SPLINE_SURFACE_WITH_KNOTS((3,3),(2,2),(0.,0.157079632679574),(8.85402862138562E-15,
0.800000000000004),.UNSPECIFIED.)
GEOMETRIC_REPRESENTATION_ITEM()
RATIONAL_B_SPLINE_SURFACE(((1.,1.),(0.707106781186621,0.707106781186613),
(1.,1.)))
REPRESENTATION_ITEM('')
SURFACE()
);
#4798=(
BOUNDED_SURFACE()
B_SPLINE_SURFACE(1,2,((#7835,#7836,#7837),(#7838,#7839,#7840)),
 .UNSPECIFIED.,.F.,.F.,.F.)
B_SPLINE_SURFACE_WITH_KNOTS((2,2),(3,3),(4.53803661315533E-15,0.800000000000002),
(0.,0.157079632679561),.UNSPECIFIED.)
GEOMETRIC_REPRESENTATION_ITEM()
RATIONAL_B_SPLINE_SURFACE(((1.,0.707106781186593,1.),(1.,0.707106781186593,
1.)))
REPRESENTATION_ITEM('')
SURFACE()
);
#4799=(
BOUNDED_SURFACE()
B_SPLINE_SURFACE(2,2,((#7841,#7842,#7843,#7844,#7845),(#7846,#7847,#7848,
#7849,#7850),(#7851,#7852,#7853,#7854,#7855)),.UNSPECIFIED.,.F.,.F.,.F.)
B_SPLINE_SURFACE_WITH_KNOTS((3,3),(3,2,3),(0.0785398163397573,0.235619449019236),
(2.65906625780998,3.49406851573778,4.32907077366558),.UNSPECIFIED.)
GEOMETRIC_REPRESENTATION_ITEM()
RATIONAL_B_SPLINE_SURFACE(((1.,0.922369618366429,1.,0.922369618366429,1.),
(0.707106781186622,0.652213811907418,0.707106781186622,0.652213811907418,
0.707106781186622),(1.,0.922369618366429,1.,0.922369618366429,1.)))
REPRESENTATION_ITEM('')
SURFACE()
);
#4800=(
BOUNDED_SURFACE()
B_SPLINE_SURFACE(2,2,((#7856,#7857,#7858,#7859,#7860),(#7861,#7862,#7863,
#7864,#7865),(#7866,#7867,#7868,#7869,#7870)),.UNSPECIFIED.,.F.,.F.,.F.)
B_SPLINE_SURFACE_WITH_KNOTS((3,3),(3,2,3),(0.078539816339766,0.235619449019266),
(2.65906625780994,3.49406851573775,4.32907077366557),.UNSPECIFIED.)
GEOMETRIC_REPRESENTATION_ITEM()
RATIONAL_B_SPLINE_SURFACE(((1.,0.922369618366427,1.,0.922369618366427,1.),
(0.70710678118651,0.652213811907314,0.70710678118651,0.652213811907314,
0.70710678118651),(1.,0.922369618366427,1.,0.922369618366427,1.)))
REPRESENTATION_ITEM('')
SURFACE()
);
#4801=(
BOUNDED_SURFACE()
B_SPLINE_SURFACE(2,2,((#7871,#7872,#7873,#7874,#7875),(#7876,#7877,#7878,
#7879,#7880),(#7881,#7882,#7883,#7884,#7885)),.UNSPECIFIED.,.F.,.F.,.F.)
B_SPLINE_SURFACE_WITH_KNOTS((3,3),(3,2,3),(0.0785398163397501,0.235619449019248),
(2.28480849704991,3.11981075497769,3.95481301290548),.UNSPECIFIED.)
GEOMETRIC_REPRESENTATION_ITEM()
RATIONAL_B_SPLINE_SURFACE(((1.,0.922369618366432,1.,0.922369618366432,1.),
(0.707106781186601,0.652213811907401,0.707106781186601,0.652213811907401,
0.707106781186601),(1.,0.922369618366432,1.,0.922369618366432,1.)))
REPRESENTATION_ITEM('')
SURFACE()
);
#4802=(
BOUNDED_SURFACE()
B_SPLINE_SURFACE(2,2,((#7886,#7887,#7888,#7889,#7890),(#7891,#7892,#7893,
#7894,#7895),(#7896,#7897,#7898,#7899,#7900)),.UNSPECIFIED.,.F.,.F.,.F.)
B_SPLINE_SURFACE_WITH_KNOTS((3,3),(3,2,3),(0.0785398163397247,0.235619449019231),
(2.2848084970499,3.11981075497764,3.95481301290537),.UNSPECIFIED.)
GEOMETRIC_REPRESENTATION_ITEM()
RATIONAL_B_SPLINE_SURFACE(((1.,0.922369618366442,1.,0.922369618366442,1.),
(0.70710678118649,0.652213811907305,0.70710678118649,0.652213811907305,
0.70710678118649),(1.,0.922369618366442,1.,0.922369618366442,1.)))
REPRESENTATION_ITEM('')
SURFACE()
);
#4803=(
BOUNDED_SURFACE()
B_SPLINE_SURFACE(2,2,((#7901,#7902,#7903,#7904,#7905),(#7906,#7907,#7908,
#7909,#7910),(#7911,#7912,#7913,#7914,#7915)),.UNSPECIFIED.,.F.,.F.,.F.)
B_SPLINE_SURFACE_WITH_KNOTS((3,3),(3,2,3),(0.0785398163397585,0.235619449019194),
(2.65906625780992,3.49406851573768,4.32907077366544),.UNSPECIFIED.)
GEOMETRIC_REPRESENTATION_ITEM()
RATIONAL_B_SPLINE_SURFACE(((1.,0.922369618366437,1.,0.922369618366437,1.),
(0.707106781186765,0.652213811907555,0.707106781186765,0.652213811907555,
0.707106781186765),(1.,0.922369618366437,1.,0.922369618366437,1.)))
REPRESENTATION_ITEM('')
SURFACE()
);
#4804=(
BOUNDED_SURFACE()
B_SPLINE_SURFACE(2,2,((#7916,#7917,#7918,#7919,#7920),(#7921,#7922,#7923,
#7924,#7925),(#7926,#7927,#7928,#7929,#7930),(#7931,#7932,#7933,#7934,#7935),
(#7936,#7937,#7938,#7939,#7940)),.UNSPECIFIED.,.F.,.F.,.F.)
B_SPLINE_SURFACE_WITH_KNOTS((3,2,3),(3,2,3),(0.0785398163397223,0.157865030842871,
0.237190245346021),(2.28480849704969,3.11981075497759,3.95481301290549),
 .UNSPECIFIED.)
GEOMETRIC_REPRESENTATION_ITEM()
RATIONAL_B_SPLINE_SURFACE(((1.,0.922369618366411,1.,0.922369618366411,1.),
(0.922369618366415,0.850765712885402,0.922369618366415,0.850765712885402,
0.922369618366415),(1.,0.922369618366411,1.,0.922369618366411,1.),(0.922369618366415,
0.850765712885402,0.922369618366415,0.850765712885402,0.922369618366415),
(1.,0.922369618366411,1.,0.922369618366411,1.)))
REPRESENTATION_ITEM('')
SURFACE()
);
#4805=(
BOUNDED_SURFACE()
B_SPLINE_SURFACE(2,2,((#7941,#7942,#7943,#7944,#7945),(#7946,#7947,#7948,
#7949,#7950),(#7951,#7952,#7953,#7954,#7955)),.UNSPECIFIED.,.F.,.F.,.F.)
B_SPLINE_SURFACE_WITH_KNOTS((3,3),(3,2,3),(0.0785398163397579,0.235619449019231),
(2.65906625780982,3.49406851573758,4.32907077366534),.UNSPECIFIED.)
GEOMETRIC_REPRESENTATION_ITEM()
RATIONAL_B_SPLINE_SURFACE(((1.,0.922369618366437,1.,0.922369618366437,1.),
(0.707106781186604,0.652213811907407,0.707106781186604,0.652213811907407,
0.707106781186604),(1.,0.922369618366437,1.,0.922369618366437,1.)))
REPRESENTATION_ITEM('')
SURFACE()
);
#4806=(
BOUNDED_SURFACE()
B_SPLINE_SURFACE(2,2,((#7956,#7957,#7958,#7959,#7960),(#7961,#7962,#7963,
#7964,#7965),(#7966,#7967,#7968,#7969,#7970)),.UNSPECIFIED.,.F.,.F.,.F.)
B_SPLINE_SURFACE_WITH_KNOTS((3,3),(3,2,3),(0.0785398163397495,0.235619449019236),
(2.28480849704978,3.1198107549776,3.95481301290541),.UNSPECIFIED.)
GEOMETRIC_REPRESENTATION_ITEM()
RATIONAL_B_SPLINE_SURFACE(((1.,0.922369618366427,1.,0.922369618366427,1.),
(0.70710678118653,0.652213811907332,0.70710678118653,0.652213811907332,
0.70710678118653),(1.,0.922369618366427,1.,0.922369618366427,1.)))
REPRESENTATION_ITEM('')
SURFACE()
);
#4807=(
BOUNDED_SURFACE()
B_SPLINE_SURFACE(2,1,((#8443,#8444),(#8445,#8446),(#8447,#8448)),
 .UNSPECIFIED.,.F.,.F.,.F.)
B_SPLINE_SURFACE_WITH_KNOTS((3,3),(2,2),(0.,0.157079632679526),(3.87190279838023E-15,
2.),.UNSPECIFIED.)
GEOMETRIC_REPRESENTATION_ITEM()
RATIONAL_B_SPLINE_SURFACE(((1.,1.),(0.707106781186544,0.707106781186568),
(1.,1.)))
REPRESENTATION_ITEM('')
SURFACE()
);
#4808=(
BOUNDED_SURFACE()
B_SPLINE_SURFACE(1,2,((#8449,#8450,#8451),(#8452,#8453,#8454)),
 .UNSPECIFIED.,.F.,.F.,.F.)
B_SPLINE_SURFACE_WITH_KNOTS((2,2),(3,3),(-2.4980018054066E-16,1.),(0.,0.15707963267958),
 .UNSPECIFIED.)
GEOMETRIC_REPRESENTATION_ITEM()
RATIONAL_B_SPLINE_SURFACE(((1.,0.707106781186682,1.),(1.,0.707106781186702,
1.)))
REPRESENTATION_ITEM('')
SURFACE()
);
#4809=(
BOUNDED_SURFACE()
B_SPLINE_SURFACE(1,2,((#8455,#8456,#8457),(#8458,#8459,#8460)),
 .UNSPECIFIED.,.F.,.F.,.F.)
B_SPLINE_SURFACE_WITH_KNOTS((2,2),(3,3),(7.2025718722557E-15,2.),(0.,0.157079632679526),
 .UNSPECIFIED.)
GEOMETRIC_REPRESENTATION_ITEM()
RATIONAL_B_SPLINE_SURFACE(((1.,0.707106781186528,1.),(1.,0.707106781186584,
1.)))
REPRESENTATION_ITEM('')
SURFACE()
);
#4810=(
BOUNDED_SURFACE()
B_SPLINE_SURFACE(1,2,((#8461,#8462,#8463),(#8464,#8465,#8466)),
 .UNSPECIFIED.,.F.,.F.,.F.)
B_SPLINE_SURFACE_WITH_KNOTS((2,2),(3,3),(-3.33066907387547E-16,1.),(0.,
0.157079632679568),.UNSPECIFIED.)
GEOMETRIC_REPRESENTATION_ITEM()
RATIONAL_B_SPLINE_SURFACE(((1.,0.707106781186469,1.),(1.,0.707106781186443,
1.)))
REPRESENTATION_ITEM('')
SURFACE()
);
#4811=(
BOUNDED_SURFACE()
B_SPLINE_SURFACE(2,1,((#8467,#8468),(#8469,#8470),(#8471,#8472)),
 .UNSPECIFIED.,.F.,.F.,.F.)
B_SPLINE_SURFACE_WITH_KNOTS((3,3),(2,2),(0.,0.15707963267956),(4.96824803519758E-15,
0.799999999999993),.UNSPECIFIED.)
GEOMETRIC_REPRESENTATION_ITEM()
RATIONAL_B_SPLINE_SURFACE(((1.,1.),(0.707106781186491,0.707106781186519),
(1.,1.)))
REPRESENTATION_ITEM('')
SURFACE()
);
#4812=(
BOUNDED_SURFACE()
B_SPLINE_SURFACE(1,2,((#8473,#8474,#8475),(#8476,#8477,#8478)),
 .UNSPECIFIED.,.F.,.F.,.F.)
B_SPLINE_SURFACE_WITH_KNOTS((2,2),(3,3),(3.05311331771918E-16,1.),(0.,0.157079632679617),
 .UNSPECIFIED.)
GEOMETRIC_REPRESENTATION_ITEM()
RATIONAL_B_SPLINE_SURFACE(((1.,0.707106781186758,1.),(1.,0.707106781186715,
1.)))
REPRESENTATION_ITEM('')
SURFACE()
);
#4813=(
BOUNDED_SURFACE()
B_SPLINE_SURFACE(1,2,((#8479,#8480,#8481),(#8482,#8483,#8484)),
 .UNSPECIFIED.,.F.,.F.,.F.)
B_SPLINE_SURFACE_WITH_KNOTS((2,2),(3,3),(7.57727214306669E-15,0.800000000000001),
(0.,0.15707963267954),.UNSPECIFIED.)
GEOMETRIC_REPRESENTATION_ITEM()
RATIONAL_B_SPLINE_SURFACE(((1.,0.707106781186571,1.),(1.,0.707106781186543,
1.)))
REPRESENTATION_ITEM('')
SURFACE()
);
#4814=(
BOUNDED_SURFACE()
B_SPLINE_SURFACE(2,1,((#8485,#8486),(#8487,#8488),(#8489,#8490)),
 .UNSPECIFIED.,.F.,.F.,.F.)
B_SPLINE_SURFACE_WITH_KNOTS((3,3),(2,2),(0.,0.157079632679526),(3.21964677141295E-15,
2.),.UNSPECIFIED.)
GEOMETRIC_REPRESENTATION_ITEM()
RATIONAL_B_SPLINE_SURFACE(((1.,1.),(0.707106781186511,0.707106781186551),
(1.,1.)))
REPRESENTATION_ITEM('')
SURFACE()
);
#4815=(
BOUNDED_SURFACE()
B_SPLINE_SURFACE(1,2,((#8491,#8492,#8493),(#8494,#8495,#8496)),
 .UNSPECIFIED.,.F.,.F.,.F.)
B_SPLINE_SURFACE_WITH_KNOTS((2,2),(3,3),(-4.16333634234434E-17,1.),(0.,
0.157079632679594),.UNSPECIFIED.)
GEOMETRIC_REPRESENTATION_ITEM()
RATIONAL_B_SPLINE_SURFACE(((1.,0.707106781186831,1.),(1.,0.707106781186825,
1.)))
REPRESENTATION_ITEM('')
SURFACE()
);
#4816=(
BOUNDED_SURFACE()
B_SPLINE_SURFACE(1,2,((#8497,#8498,#8499),(#8500,#8501,#8502)),
 .UNSPECIFIED.,.F.,.F.,.F.)
B_SPLINE_SURFACE_WITH_KNOTS((2,2),(3,3),(4.77395900588817E-15,2.),(0.,0.157079632679526),
 .UNSPECIFIED.)
GEOMETRIC_REPRESENTATION_ITEM()
RATIONAL_B_SPLINE_SURFACE(((1.,0.707106781186436,1.),(1.,0.707106781186453,
1.)))
REPRESENTATION_ITEM('')
SURFACE()
);
#4817=(
BOUNDED_SURFACE()
B_SPLINE_SURFACE(2,1,((#8503,#8504),(#8505,#8506),(#8507,#8508)),
 .UNSPECIFIED.,.F.,.F.,.F.)
B_SPLINE_SURFACE_WITH_KNOTS((3,3),(2,2),(0.,0.15707963267956),(9.71445146547012E-16,
0.799999999999995),.UNSPECIFIED.)
GEOMETRIC_REPRESENTATION_ITEM()
RATIONAL_B_SPLINE_SURFACE(((1.,1.),(0.707106781186541,0.707106781186521),
(1.,1.)))
REPRESENTATION_ITEM('')
SURFACE()
);
#4818=(
BOUNDED_SURFACE()
B_SPLINE_SURFACE(1,2,((#8509,#8510,#8511),(#8512,#8513,#8514)),
 .UNSPECIFIED.,.F.,.F.,.F.)
B_SPLINE_SURFACE_WITH_KNOTS((2,2),(3,3),(-5.52335954751015E-15,0.79999999999999),
(0.,0.15707963267954),.UNSPECIFIED.)
GEOMETRIC_REPRESENTATION_ITEM()
RATIONAL_B_SPLINE_SURFACE(((1.,0.70710678118665,1.),(1.,0.707106781186634,
1.)))
REPRESENTATION_ITEM('')
SURFACE()
);
#4819=(
BOUNDED_SURFACE()
B_SPLINE_SURFACE(2,2,((#8515,#8516,#8517,#8518,#8519),(#8520,#8521,#8522,
#8523,#8524),(#8525,#8526,#8527,#8528,#8529)),.UNSPECIFIED.,.F.,.F.,.F.)
B_SPLINE_SURFACE_WITH_KNOTS((3,3),(3,2,3),(0.0785398163397335,0.235619449019236),
(2.65906625780998,3.49406851573785,4.32907077366572),.UNSPECIFIED.)
GEOMETRIC_REPRESENTATION_ITEM()
RATIONAL_B_SPLINE_SURFACE(((1.,0.922369618366417,1.,0.922369618366417,1.),
(0.707106781186585,0.652213811907375,0.707106781186585,0.652213811907375,
0.707106781186585),(1.,0.922369618366417,1.,0.922369618366417,1.)))
REPRESENTATION_ITEM('')
SURFACE()
);
#4820=(
BOUNDED_SURFACE()
B_SPLINE_SURFACE(2,2,((#8530,#8531,#8532,#8533,#8534),(#8535,#8536,#8537,
#8538,#8539),(#8540,#8541,#8542,#8543,#8544)),.UNSPECIFIED.,.F.,.F.,.F.)
B_SPLINE_SURFACE_WITH_KNOTS((3,3),(3,2,3),(0.0785398163397505,0.235619449019265),
(2.65906625780989,3.49406851573774,4.32907077366558),.UNSPECIFIED.)
GEOMETRIC_REPRESENTATION_ITEM()
RATIONAL_B_SPLINE_SURFACE(((1.,0.922369618366422,1.,0.922369618366422,1.),
(0.707106781186572,0.652213811907367,0.707106781186572,0.652213811907367,
0.707106781186572),(1.,0.922369618366422,1.,0.922369618366422,1.)))
REPRESENTATION_ITEM('')
SURFACE()
);
#4821=(
BOUNDED_SURFACE()
B_SPLINE_SURFACE(2,2,((#8545,#8546,#8547,#8548,#8549),(#8550,#8551,#8552,
#8553,#8554),(#8555,#8556,#8557,#8558,#8559),(#8560,#8561,#8562,#8563,#8564),
(#8565,#8566,#8567,#8568,#8569)),.UNSPECIFIED.,.F.,.F.,.F.)
B_SPLINE_SURFACE_WITH_KNOTS((3,2,3),(3,2,3),(0.0785398163397507,0.157865030842896,
0.237190245346042),(2.28480849704985,3.11981075497769,3.95481301290553),
 .UNSPECIFIED.)
GEOMETRIC_REPRESENTATION_ITEM()
RATIONAL_B_SPLINE_SURFACE(((1.,0.922369618366422,1.,0.922369618366422,1.),
(0.922369618366436,0.850765712885432,0.922369618366436,0.850765712885432,
0.922369618366436),(1.,0.922369618366422,1.,0.922369618366422,1.),(0.922369618366436,
0.850765712885432,0.922369618366436,0.850765712885432,0.922369618366436),
(1.,0.922369618366422,1.,0.922369618366422,1.)))
REPRESENTATION_ITEM('')
SURFACE()
);
#4822=(
BOUNDED_SURFACE()
B_SPLINE_SURFACE(2,2,((#8570,#8571,#8572,#8573,#8574),(#8575,#8576,#8577,
#8578,#8579),(#8580,#8581,#8582,#8583,#8584),(#8585,#8586,#8587,#8588,#8589),
(#8590,#8591,#8592,#8593,#8594)),.UNSPECIFIED.,.F.,.F.,.F.)
B_SPLINE_SURFACE_WITH_KNOTS((3,2,3),(3,2,3),(0.0785398163397575,0.1578650308429,
0.237190245346043),(2.28480849704981,3.11981075497762,3.95481301290543),
 .UNSPECIFIED.)
GEOMETRIC_REPRESENTATION_ITEM()
RATIONAL_B_SPLINE_SURFACE(((1.,0.922369618366427,1.,0.922369618366427,1.),
(0.922369618366434,0.850765712885434,0.922369618366434,0.850765712885434,
0.922369618366434),(1.,0.922369618366427,1.,0.922369618366427,1.),(0.922369618366434,
0.850765712885434,0.922369618366434,0.850765712885434,0.922369618366434),
(1.,0.922369618366427,1.,0.922369618366427,1.)))
REPRESENTATION_ITEM('')
SURFACE()
);
#4823=(
BOUNDED_SURFACE()
B_SPLINE_SURFACE(2,2,((#8595,#8596,#8597,#8598,#8599),(#8600,#8601,#8602,
#8603,#8604),(#8605,#8606,#8607,#8608,#8609)),.UNSPECIFIED.,.F.,.F.,.F.)
B_SPLINE_SURFACE_WITH_KNOTS((3,3),(3,2,3),(0.0785398163397452,0.235619449019219),
(2.65906625780995,3.49406851573772,4.3290707736655),.UNSPECIFIED.)
GEOMETRIC_REPRESENTATION_ITEM()
RATIONAL_B_SPLINE_SURFACE(((1.,0.922369618366434,1.,0.922369618366434,1.),
(0.707106781186603,0.652213811907405,0.707106781186603,0.652213811907405,
0.707106781186603),(1.,0.922369618366434,1.,0.922369618366434,1.)))
REPRESENTATION_ITEM('')
SURFACE()
);
#4824=(
BOUNDED_SURFACE()
B_SPLINE_SURFACE(2,2,((#8610,#8611,#8612,#8613,#8614),(#8615,#8616,#8617,
#8618,#8619),(#8620,#8621,#8622,#8623,#8624)),.UNSPECIFIED.,.F.,.F.,.F.)
B_SPLINE_SURFACE_WITH_KNOTS((3,3),(3,2,3),(0.0785398163397371,0.235619449019251),
(2.28480849704985,3.11981075497764,3.95481301290542),.UNSPECIFIED.)
GEOMETRIC_REPRESENTATION_ITEM()
RATIONAL_B_SPLINE_SURFACE(((1.,0.922369618366432,1.,0.922369618366432,1.),
(0.707106781186517,0.652213811907324,0.707106781186517,0.652213811907324,
0.707106781186517),(1.,0.922369618366432,1.,0.922369618366432,1.)))
REPRESENTATION_ITEM('')
SURFACE()
);
#4825=(
BOUNDED_SURFACE()
B_SPLINE_SURFACE(2,2,((#8625,#8626,#8627,#8628,#8629),(#8630,#8631,#8632,
#8633,#8634),(#8635,#8636,#8637,#8638,#8639)),.UNSPECIFIED.,.F.,.F.,.F.)
B_SPLINE_SURFACE_WITH_KNOTS((3,3),(3,2,3),(0.0785398163397453,0.235619449019249),
(2.65906625780993,3.49406851573764,4.32907077366534),.UNSPECIFIED.)
GEOMETRIC_REPRESENTATION_ITEM()
RATIONAL_B_SPLINE_SURFACE(((1.,0.922369618366446,1.,0.922369618366446,1.),
(0.707106781186554,0.652213811907368,0.707106781186554,0.652213811907368,
0.707106781186554),(1.,0.922369618366446,1.,0.922369618366446,1.)))
REPRESENTATION_ITEM('')
SURFACE()
);
#4826=(
BOUNDED_SURFACE()
B_SPLINE_SURFACE(2,2,((#8640,#8641,#8642,#8643,#8644),(#8645,#8646,#8647,
#8648,#8649),(#8650,#8651,#8652,#8653,#8654)),.UNSPECIFIED.,.F.,.F.,.F.)
B_SPLINE_SURFACE_WITH_KNOTS((3,3),(3,2,3),(0.0785398163397516,0.235619449019247),
(2.28480849704984,3.11981075497765,3.95481301290546),.UNSPECIFIED.)
GEOMETRIC_REPRESENTATION_ITEM()
RATIONAL_B_SPLINE_SURFACE(((1.,0.922369618366427,1.,0.922369618366427,1.),
(0.707106781186556,0.652213811907356,0.707106781186556,0.652213811907356,
0.707106781186556),(1.,0.922369618366427,1.,0.922369618366427,1.)))
REPRESENTATION_ITEM('')
SURFACE()
);
#4827=(
BOUNDED_SURFACE()
B_SPLINE_SURFACE(1,2,((#9111,#9112,#9113,#9114,#9115),(#9116,#9117,#9118,
#9119,#9120)),.UNSPECIFIED.,.F.,.F.,.F.)
B_SPLINE_SURFACE_WITH_KNOTS((2,2),(3,2,3),(0.,3.1),(0.,2.9845130209103,
5.96902604182061),.UNSPECIFIED.)
GEOMETRIC_REPRESENTATION_ITEM()
RATIONAL_B_SPLINE_SURFACE(((1.,0.707106781186548,1.,0.707106781186548,1.),
(1.,0.707106781186548,1.,0.707106781186548,1.)))
REPRESENTATION_ITEM('')
SURFACE()
);
#4828=(
BOUNDED_SURFACE()
B_SPLINE_SURFACE(1,2,((#9125,#9126,#9127),(#9128,#9129,#9130)),
 .UNSPECIFIED.,.F.,.F.,.F.)
B_SPLINE_SURFACE_WITH_KNOTS((2,2),(3,3),(-0.3,0.712667534779679),(0.,0.471238898038634),
 .UNSPECIFIED.)
GEOMETRIC_REPRESENTATION_ITEM()
RATIONAL_B_SPLINE_SURFACE(((1.,0.707106781186544,1.),(1.,0.707106781186542,
1.)))
REPRESENTATION_ITEM('')
SURFACE()
);
#4829=(
BOUNDED_SURFACE()
B_SPLINE_SURFACE(1,2,((#9143,#9144,#9145),(#9146,#9147,#9148)),
 .UNSPECIFIED.,.F.,.F.,.F.)
B_SPLINE_SURFACE_WITH_KNOTS((2,2),(3,3),(-0.3,0.71266753477968),(0.,0.471238898038603),
 .UNSPECIFIED.)
GEOMETRIC_REPRESENTATION_ITEM()
RATIONAL_B_SPLINE_SURFACE(((1.,0.707106781186517,1.),(1.,0.707106781186522,
1.)))
REPRESENTATION_ITEM('')
SURFACE()
);
#4830=(
BOUNDED_SURFACE()
B_SPLINE_SURFACE(1,2,((#9149,#9150,#9151),(#9152,#9153,#9154)),
 .UNSPECIFIED.,.F.,.F.,.F.)
B_SPLINE_SURFACE_WITH_KNOTS((2,2),(3,3),(-0.300000000000004,0.712667534779684),
(0.,0.471238898038614),.UNSPECIFIED.)
GEOMETRIC_REPRESENTATION_ITEM()
RATIONAL_B_SPLINE_SURFACE(((1.,0.707106781186464,1.),(1.,0.707106781186457,
1.)))
REPRESENTATION_ITEM('')
SURFACE()
);
#4831=(
BOUNDED_SURFACE()
B_SPLINE_SURFACE(1,2,((#9155,#9156,#9157),(#9158,#9159,#9160)),
 .UNSPECIFIED.,.F.,.F.,.F.)
B_SPLINE_SURFACE_WITH_KNOTS((2,2),(3,3),(-0.300000000000003,0.71266753477968),
(0.,0.471238898038577),.UNSPECIFIED.)
GEOMETRIC_REPRESENTATION_ITEM()
RATIONAL_B_SPLINE_SURFACE(((1.,0.707106781186539,1.),(1.,0.707106781186541,
1.)))
REPRESENTATION_ITEM('')
SURFACE()
);
#4832=(
BOUNDED_SURFACE()
B_SPLINE_SURFACE(1,2,((#9161,#9162,#9163,#9164,#9165),(#9166,#9167,#9168,
#9169,#9170)),.UNSPECIFIED.,.F.,.F.,.F.)
B_SPLINE_SURFACE_WITH_KNOTS((2,2),(3,2,3),(0.,3.1),(5.96902604182061,8.95353906273091,
11.9380520836412),.UNSPECIFIED.)
GEOMETRIC_REPRESENTATION_ITEM()
RATIONAL_B_SPLINE_SURFACE(((1.,0.707106781186548,1.,0.707106781186548,1.),
(1.,0.707106781186548,1.,0.707106781186548,1.)))
REPRESENTATION_ITEM('')
SURFACE()
);
#4833=(
BOUNDED_SURFACE()
B_SPLINE_SURFACE(1,2,((#9831,#9832,#9833),(#9834,#9835,#9836)),
 .UNSPECIFIED.,.F.,.F.,.F.)
B_SPLINE_SURFACE_WITH_KNOTS((2,2),(3,3),(-0.3,1.68733246522032),(0.,0.471238898038742),
 .UNSPECIFIED.)
GEOMETRIC_REPRESENTATION_ITEM()
RATIONAL_B_SPLINE_SURFACE(((1.,0.707106781186462,1.),(1.,0.707106781186483,
1.)))
REPRESENTATION_ITEM('')
SURFACE()
);
#4834=(
BOUNDED_SURFACE()
B_SPLINE_SURFACE(1,2,((#9849,#9850,#9851),(#9852,#9853,#9854)),
 .UNSPECIFIED.,.F.,.F.,.F.)
B_SPLINE_SURFACE_WITH_KNOTS((2,2),(3,3),(-0.300000000000004,1.68733246522032),
(0.,0.471238898038586),.UNSPECIFIED.)
GEOMETRIC_REPRESENTATION_ITEM()
RATIONAL_B_SPLINE_SURFACE(((1.,0.707106781186604,1.),(1.,0.707106781186616,
1.)))
REPRESENTATION_ITEM('')
SURFACE()
);
#4835=(
BOUNDED_SURFACE()
B_SPLINE_SURFACE(1,2,((#9855,#9856,#9857),(#9858,#9859,#9860)),
 .UNSPECIFIED.,.F.,.F.,.F.)
B_SPLINE_SURFACE_WITH_KNOTS((2,2),(3,3),(-0.300000000000005,1.68733246522032),
(0.,0.471238898038648),.UNSPECIFIED.)
GEOMETRIC_REPRESENTATION_ITEM()
RATIONAL_B_SPLINE_SURFACE(((1.,0.707106781186537,1.),(1.,0.707106781186568,
1.)))
REPRESENTATION_ITEM('')
SURFACE()
);
#4836=(
BOUNDED_SURFACE()
B_SPLINE_SURFACE(1,2,((#9861,#9862,#9863),(#9864,#9865,#9866)),
 .UNSPECIFIED.,.F.,.F.,.F.)
B_SPLINE_SURFACE_WITH_KNOTS((2,2),(3,3),(-0.300000000000003,1.68733246522032),
(0.,0.471238898038643),.UNSPECIFIED.)
GEOMETRIC_REPRESENTATION_ITEM()
RATIONAL_B_SPLINE_SURFACE(((1.,0.707106781186499,1.),(1.,0.707106781186506,
1.)))
REPRESENTATION_ITEM('')
SURFACE()
);
#4837=SHAPE_DEFINITION_REPRESENTATION(#4838,#4855);
#4838=PRODUCT_DEFINITION_SHAPE('Document','',#4840);
#4839=PRODUCT_DEFINITION_CONTEXT('3D Mechanical Parts',#4844,'design');
#4840=PRODUCT_DEFINITION('A','First version',#4841,#4839);
#4841=PRODUCT_DEFINITION_FORMATION_WITH_SPECIFIED_SOURCE('A',
'First version',#4846,.MADE.);
#4842=PRODUCT_RELATED_PRODUCT_CATEGORY('tool','tool',(#4846));
#4843=APPLICATION_PROTOCOL_DEFINITION('Draft International Standard',
'automotive_design',1999,#4844);
#4844=APPLICATION_CONTEXT(
'data for automotive mechanical design processes');
#4845=PRODUCT_CONTEXT('3D Mechanical Parts',#4844,'mechanical');
#4846=PRODUCT('Document','Document','',(#4845));
#4847=(
LENGTH_UNIT()
NAMED_UNIT(*)
SI_UNIT(.MILLI.,.METRE.)
);
#4848=(
NAMED_UNIT(*)
PLANE_ANGLE_UNIT()
SI_UNIT($,.RADIAN.)
);
#4849=DIMENSIONAL_EXPONENTS(0.,0.,0.,0.,0.,0.,0.);
#4850=PLANE_ANGLE_MEASURE_WITH_UNIT(PLANE_ANGLE_MEASURE(0.01745329252),
#4848);
#4851=(
CONVERSION_BASED_UNIT('DEGREES',#4850)
NAMED_UNIT(#4849)
PLANE_ANGLE_UNIT()
);
#4852=(
NAMED_UNIT(*)
SI_UNIT($,.STERADIAN.)
SOLID_ANGLE_UNIT()
);
#4853=UNCERTAINTY_MEASURE_WITH_UNIT(LENGTH_MEASURE(0.001),#4847,
'DISTANCE_ACCURACY_VALUE',
'Maximum model space distance between geometric entities at asserted c
onnectivities');
#4854=(
GEOMETRIC_REPRESENTATION_CONTEXT(3)
GLOBAL_UNCERTAINTY_ASSIGNED_CONTEXT((#4853))
GLOBAL_UNIT_ASSIGNED_CONTEXT((#4852,#4851,#4847))
REPRESENTATION_CONTEXT('ID1','3D')
);
#4855=SHAPE_REPRESENTATION('Document',(#4856,#4857),#4854);
#4856=AXIS2_PLACEMENT_3D('',#4862,#4858,#4859);
#4857=AXIS2_PLACEMENT_3D('',#10451,#4860,#4861);
#4858=DIRECTION('',(0.,0.,1.));
#4859=DIRECTION('',(1.,0.,0.));
#4860=DIRECTION('',(0.,0.,1.));
#4861=DIRECTION('',(1.,0.,0.));
#4862=CARTESIAN_POINT('',(0.,0.,0.));
#4863=CARTESIAN_POINT('',(1.50024887449593,0.079940591053427,0.0240842010354544));
#4864=CARTESIAN_POINT('',(1.50024887449593,0.079940591053427,3.12408420103546));
#4865=CARTESIAN_POINT('',(1.50024887449593,1.57994059105342,0.0240842010354544));
#4866=CARTESIAN_POINT('',(1.50024887449593,1.57994059105342,3.12408420103546));
#4867=CARTESIAN_POINT('',(0.000248874495926988,1.57994059105343,0.0240842010354544));
#4868=CARTESIAN_POINT('',(0.000248874495926988,1.57994059105343,3.12408420103546));
#4869=CARTESIAN_POINT('',(-1.49975112550407,1.57994059105342,0.0240842010354544));
#4870=CARTESIAN_POINT('',(-1.49975112550407,1.57994059105342,3.12408420103546));
#4871=CARTESIAN_POINT('',(-1.49975112550407,0.079940591053427,0.0240842010354544));
#4872=CARTESIAN_POINT('',(-1.49975112550407,0.079940591053427,3.12408420103546));
#4873=CARTESIAN_POINT('',(-1.87475112550407,-1.79505940894657,3.12408420103546));
#4874=CARTESIAN_POINT('',(-1.87475112550407,1.95494059105343,3.12408420103546));
#4875=CARTESIAN_POINT('',(1.87524887449593,-1.79505940894657,3.12408420103546));
#4876=CARTESIAN_POINT('',(1.87524887449593,1.95494059105343,3.12408420103546));
#4877=CARTESIAN_POINT('',(1.50024887449593,0.0799405910534341,2.97408420103546));
#4878=CARTESIAN_POINT('',(1.50024887449595,0.0799405910534407,3.12408420103547));
#4879=CARTESIAN_POINT('',(1.35024887449594,0.079940591053427,3.12408420103546));
#4880=CARTESIAN_POINT('',(1.50024887449593,1.57994059105343,2.97408420103546));
#4881=CARTESIAN_POINT('',(1.50024887449594,1.57994059105346,3.12408420103547));
#4882=CARTESIAN_POINT('',(1.35024887449594,1.42994059105344,3.12408420103546));
#4883=CARTESIAN_POINT('',(0.00024887449592708,1.57994059105343,2.97408420103546));
#4884=CARTESIAN_POINT('',(0.000248874495920488,1.57994059105346,3.12408420103547));
#4885=CARTESIAN_POINT('',(0.000248874495934176,1.42994059105344,3.12408420103546));
#4886=CARTESIAN_POINT('',(-1.49975112550407,1.57994059105343,2.97408420103546));
#4887=CARTESIAN_POINT('',(-1.4997511255041,1.57994059105345,3.12408420103547));
#4888=CARTESIAN_POINT('',(-1.34975112550407,1.42994059105345,3.12408420103546));
#4889=CARTESIAN_POINT('',(-1.49975112550407,0.0799405910534343,2.97408420103546));
#4890=CARTESIAN_POINT('',(-1.4997511255041,0.0799405910534277,3.12408420103547));
#4891=CARTESIAN_POINT('',(-1.34975112550408,0.0799405910534414,3.12408420103546));
#4892=CARTESIAN_POINT('',(1.97504797232031,56.8299405910534,1.33461199426625));
#4893=CARTESIAN_POINT('',(-2.27563350256851,56.8299405910534,1.33461199426625));
#4894=CARTESIAN_POINT('',(1.97504797232031,-4.66205596381781,1.33461199426625));
#4895=CARTESIAN_POINT('',(-2.27563350256851,-4.66205596381781,1.33461199426625));
#4896=CARTESIAN_POINT('',(-1.49975112550407,0.079940591053427,0.0240842010354544));
#4897=CARTESIAN_POINT('',(-1.49975112550407,0.079940591053427,3.12408420103546));
#4898=CARTESIAN_POINT('',(-1.49975112550407,-1.42005940894658,0.0240842010354544));
#4899=CARTESIAN_POINT('',(-1.49975112550407,-1.42005940894658,3.12408420103546));
#4900=CARTESIAN_POINT('',(0.000248874495926988,-1.42005940894657,0.0240842010354544));
#4901=CARTESIAN_POINT('',(0.000248874495926988,-1.42005940894657,3.12408420103546));
#4902=CARTESIAN_POINT('',(1.50024887449593,-1.42005940894658,0.0240842010354544));
#4903=CARTESIAN_POINT('',(1.50024887449593,-1.42005940894658,3.12408420103546));
#4904=CARTESIAN_POINT('',(1.50024887449593,0.079940591053427,0.0240842010354544));
#4905=CARTESIAN_POINT('',(1.50024887449593,0.079940591053427,3.12408420103546));
#4906=CARTESIAN_POINT('',(-1.49975112550407,0.0799405910534341,2.97408420103546));
#4907=CARTESIAN_POINT('',(-1.4997511255041,0.0799405910534275,3.12408420103547));
#4908=CARTESIAN_POINT('',(-1.34975112550408,0.0799405910534412,3.12408420103546));
#4909=CARTESIAN_POINT('',(-1.49975112550407,-1.42005940894657,2.97408420103546));
#4910=CARTESIAN_POINT('',(-1.49975112550409,-1.4200594089466,3.12408420103547));
#4911=CARTESIAN_POINT('',(-1.34975112550409,-1.27005940894657,3.12408420103546));
#4912=CARTESIAN_POINT('',(0.000248874495926897,-1.42005940894657,2.97408420103546));
#4913=CARTESIAN_POINT('',(0.000248874495933488,-1.42005940894659,3.12408420103547));
#4914=CARTESIAN_POINT('',(0.0002488744959198,-1.27005940894657,3.12408420103546));
#4915=CARTESIAN_POINT('',(1.50024887449593,-1.42005940894657,2.97408420103546));
#4916=CARTESIAN_POINT('',(1.50024887449596,-1.42005940894658,3.12408420103547));
#4917=CARTESIAN_POINT('',(1.35024887449593,-1.27005940894658,3.12408420103546));
#4918=CARTESIAN_POINT('',(1.50024887449593,0.0799405910534339,2.97408420103546));
#4919=CARTESIAN_POINT('',(1.50024887449595,0.0799405910534405,3.12408420103547));
#4920=CARTESIAN_POINT('',(1.35024887449594,0.0799405910534268,3.12408420103546));
#4921=CARTESIAN_POINT('',(1.50024887449593,0.079940591053427,2.97408420103545));
#4922=CARTESIAN_POINT('',(1.35024887449593,0.079940591053427,3.12408420103546));
#4923=CARTESIAN_POINT('',(1.50024887449593,0.079940591053427,1.33461199426625));
#4924=CARTESIAN_POINT('',(-1.49975112550407,0.079940591053427,1.33461199426625));
#4925=CARTESIAN_POINT('',(-1.49975112550407,0.0799405910534269,2.97408420103546));
#4926=CARTESIAN_POINT('',(-1.34975112550408,0.0799405910534412,3.12408420103546));
#4927=CARTESIAN_POINT('',(-1.49975112550407,0.079940591053427,1.33461199426626));
#4928=CARTESIAN_POINT('',(-1.49975112550407,0.079940591053427,2.97408420103546));
#4929=CARTESIAN_POINT('',(4.71238898038469,1.3105277932308));
#4930=CARTESIAN_POINT('',(4.71238898038469,2.95));
#4931=CARTESIAN_POINT('',(-1.49975112550407,0.0799405910534269,2.97408420103546));
#4932=CARTESIAN_POINT('',(-1.49975112550408,1.57994059105343,2.97408420103546));
#4933=CARTESIAN_POINT('',(0.000248874495923416,1.57994059105343,2.97408420103546));
#4934=CARTESIAN_POINT('',(1.50024887449593,1.57994059105344,2.97408420103546));
#4935=CARTESIAN_POINT('',(1.50024887449593,0.0799405910534341,2.97408420103546));
#4936=CARTESIAN_POINT('',(4.71238898038469,2.95));
#4937=CARTESIAN_POINT('',(0.,2.95));
#4938=CARTESIAN_POINT('',(1.50024887449593,0.079940591053427,2.97408420103545));
#4939=CARTESIAN_POINT('',(1.50024887449593,0.079940591053427,1.33461199426625));
#4940=CARTESIAN_POINT('',(0.,2.95));
#4941=CARTESIAN_POINT('',(0.,1.3105277932308));
#4942=CARTESIAN_POINT('',(1.50024887449593,0.079940591053427,1.33461199426625));
#4943=CARTESIAN_POINT('',(1.50024887449593,1.57994059105342,1.33461199426626));
#4944=CARTESIAN_POINT('',(0.000248874495926988,1.57994059105343,1.33461199426625));
#4945=CARTESIAN_POINT('',(-1.49975112550407,1.57994059105342,1.33461199426626));
#4946=CARTESIAN_POINT('',(-1.49975112550407,0.079940591053427,1.33461199426625));
#4947=CARTESIAN_POINT('',(0.,1.3105277932308));
#4948=CARTESIAN_POINT('',(4.71238898038469,1.3105277932308));
#4949=CARTESIAN_POINT('',(1.35024887449594,0.079940591053427,3.12408420103546));
#4950=CARTESIAN_POINT('',(1.35024887449594,1.42994059105344,3.12408420103546));
#4951=CARTESIAN_POINT('',(0.000248874495934176,1.42994059105344,3.12408420103546));
#4952=CARTESIAN_POINT('',(-1.34975112550407,1.42994059105345,3.12408420103546));
#4953=CARTESIAN_POINT('',(-1.34975112550408,0.0799405910534412,3.12408420103546));
#4954=CARTESIAN_POINT('',(1.35000000000001,0.));
#4955=CARTESIAN_POINT('',(1.35000000000001,1.35));
#4956=CARTESIAN_POINT('',(7.105427357601E-15,1.35000000000002));
#4957=CARTESIAN_POINT('',(-1.34999999999999,1.35000000000002));
#4958=CARTESIAN_POINT('',(-1.35000000000001,1.4210854715202E-14));
#4959=CARTESIAN_POINT('',(-1.34975112550408,0.0799405910534412,3.12408420103546));
#4960=CARTESIAN_POINT('',(-1.34975112550409,-1.27005940894657,3.12408420103546));
#4961=CARTESIAN_POINT('',(0.000248874495919635,-1.27005940894657,3.12408420103546));
#4962=CARTESIAN_POINT('',(1.35024887449593,-1.27005940894658,3.12408420103546));
#4963=CARTESIAN_POINT('',(1.35024887449594,0.079940591053427,3.12408420103546));
#4964=CARTESIAN_POINT('',(-1.35000000000001,1.4210854715202E-14));
#4965=CARTESIAN_POINT('',(-1.35000000000001,-1.34999999999998));
#4966=CARTESIAN_POINT('',(-7.105427357601E-15,-1.35));
#4967=CARTESIAN_POINT('',(1.34999999999999,-1.35));
#4968=CARTESIAN_POINT('',(1.35000000000001,0.));
#4969=CARTESIAN_POINT('',(-1.49975112550407,0.0799405910534341,2.97408420103546));
#4970=CARTESIAN_POINT('',(-1.4997511255041,0.0799405910534275,3.12408420103547));
#4971=CARTESIAN_POINT('',(-1.34975112550408,0.0799405910534412,3.12408420103546));
#4972=CARTESIAN_POINT('',(4.24104293138786,0.));
#4973=CARTESIAN_POINT('',(4.24104293138786,0.235619450342825));
#4974=CARTESIAN_POINT('',(0.,0.235619450342825));
#4975=CARTESIAN_POINT('',(4.24104293138786,0.235619450342825));
#4976=CARTESIAN_POINT('',(1.35024887449593,0.079940591053427,3.12408420103546));
#4977=CARTESIAN_POINT('',(1.50024887449594,0.0799405910534407,3.12408420103547));
#4978=CARTESIAN_POINT('',(1.50024887449593,0.079940591053427,2.97408420103545));
#4979=CARTESIAN_POINT('',(0.,0.235619450342825));
#4980=CARTESIAN_POINT('',(0.,0.));
#4981=CARTESIAN_POINT('',(4.24104293138786,0.));
#4982=CARTESIAN_POINT('',(0.,0.));
#4983=CARTESIAN_POINT('',(1.50024887449593,0.079940591053427,1.33461199426625));
#4984=CARTESIAN_POINT('',(1.50024887449593,-1.42005940894658,1.33461199426626));
#4985=CARTESIAN_POINT('',(0.000248874495926988,-1.42005940894657,1.33461199426625));
#4986=CARTESIAN_POINT('',(-1.49975112550407,-1.42005940894658,1.33461199426626));
#4987=CARTESIAN_POINT('',(-1.49975112550407,0.079940591053427,1.33461199426625));
#4988=CARTESIAN_POINT('',(56.75,3.47726458405537));
#4989=CARTESIAN_POINT('',(58.25,3.47726458405537));
#4990=CARTESIAN_POINT('',(58.25,4.97726458405537));
#4991=CARTESIAN_POINT('',(58.25,6.47726458405537));
#4992=CARTESIAN_POINT('',(56.75,6.47726458405537));
#4993=CARTESIAN_POINT('',(56.75,3.47726458405537));
#4994=CARTESIAN_POINT('',(55.25,3.47726458405537));
#4995=CARTESIAN_POINT('',(55.25,4.97726458405537));
#4996=CARTESIAN_POINT('',(55.25,6.47726458405537));
#4997=CARTESIAN_POINT('',(56.75,6.47726458405537));
#4998=CARTESIAN_POINT('',(9.42477796076938,1.3105277932308));
#4999=CARTESIAN_POINT('',(4.71238898038469,1.3105277932308));
#5000=CARTESIAN_POINT('',(9.42477796076938,2.95));
#5001=CARTESIAN_POINT('',(9.42477796076938,1.3105277932308));
#5002=CARTESIAN_POINT('',(1.50024887449593,0.0799405910534341,2.97408420103546));
#5003=CARTESIAN_POINT('',(1.50024887449593,-1.42005940894656,2.97408420103546));
#5004=CARTESIAN_POINT('',(0.00024887449593071,-1.42005940894657,2.97408420103546));
#5005=CARTESIAN_POINT('',(-1.49975112550407,-1.42005940894657,2.97408420103546));
#5006=CARTESIAN_POINT('',(-1.49975112550407,0.0799405910534269,2.97408420103546));
#5007=CARTESIAN_POINT('',(9.42477796076938,2.95));
#5008=CARTESIAN_POINT('',(4.71238898038469,2.95));
#5009=CARTESIAN_POINT('',(4.71238898038469,1.3105277932308));
#5010=CARTESIAN_POINT('',(4.71238898038469,2.95));
#5011=CARTESIAN_POINT('',(8.48208586277571,0.));
#5012=CARTESIAN_POINT('',(4.24104293138786,0.));
#5013=CARTESIAN_POINT('',(8.48208586277571,0.235619450342825));
#5014=CARTESIAN_POINT('',(8.48208586277571,0.));
#5015=CARTESIAN_POINT('',(4.24104293138786,0.235619450342825));
#5016=CARTESIAN_POINT('',(8.48208586277571,0.235619450342825));
#5017=CARTESIAN_POINT('',(4.24104293138786,0.));
#5018=CARTESIAN_POINT('',(4.24104293138786,0.235619450342825));
#5019=CARTESIAN_POINT('',(-3.29975112550407,-2.32005940894657,0.00386303218211304));
#5020=CARTESIAN_POINT('',(-3.29975112550407,-2.32005940894657,1.00386303218211));
#5021=CARTESIAN_POINT('',(-1.29975112550407,-2.32005940894657,0.00386303218211304));
#5022=CARTESIAN_POINT('',(-1.29975112550407,-2.32005940894657,1.00386303218211));
#5023=CARTESIAN_POINT('',(-1.29975112550407,-2.32005940894657,0.00386303218211304));
#5024=CARTESIAN_POINT('',(-1.29975112550407,-2.32005940894657,1.00386303218211));
#5025=CARTESIAN_POINT('',(-1.29975112550407,-1.52005940894657,0.00386303218211304));
#5026=CARTESIAN_POINT('',(-1.29975112550407,-1.52005940894657,1.00386303218211));
#5027=CARTESIAN_POINT('',(-1.29975112550407,-1.52005940894657,0.00386303218211304));
#5028=CARTESIAN_POINT('',(-1.29975112550407,-1.52005940894657,1.00386303218211));
#5029=CARTESIAN_POINT('',(-3.29975112550407,-1.52005940894657,0.00386303218211304));
#5030=CARTESIAN_POINT('',(-3.29975112550407,-1.52005940894657,1.00386303218211));
#5031=CARTESIAN_POINT('',(-3.29975112550407,-1.52005940894657,0.00386303218211304));
#5032=CARTESIAN_POINT('',(-3.29975112550407,-1.52005940894657,1.00386303218211));
#5033=CARTESIAN_POINT('',(-3.29975112550407,-2.32005940894657,0.00386303218211304));
#5034=CARTESIAN_POINT('',(-3.29975112550407,-2.32005940894657,1.00386303218211));
#5035=CARTESIAN_POINT('',(-3.29975112550407,-2.32005940894657,0.00386303218211304));
#5036=CARTESIAN_POINT('',(-1.29975112550407,-2.32005940894657,0.00386303218211304));
#5037=CARTESIAN_POINT('',(-3.29975112550407,-1.52005940894657,0.00386303218211304));
#5038=CARTESIAN_POINT('',(-1.29975112550407,-1.52005940894657,0.00386303218211304));
#5039=CARTESIAN_POINT('',(-3.29975112550407,-2.32005940894657,1.00386303218211));
#5040=CARTESIAN_POINT('',(-3.29975112550407,-1.52005940894657,1.00386303218211));
#5041=CARTESIAN_POINT('',(-1.29975112550407,-2.32005940894657,1.00386303218211));
#5042=CARTESIAN_POINT('',(-1.29975112550407,-1.52005940894657,1.00386303218211));
#5043=CARTESIAN_POINT('',(-3.29975112550406,-2.32005940894656,0.103863032182113));
#5044=CARTESIAN_POINT('',(-1.29975112550407,-2.32005940894657,0.103863032182113));
#5045=CARTESIAN_POINT('',(-3.29975112550397,-2.32005940894656,0.00386303218211703));
#5046=CARTESIAN_POINT('',(-1.29975112550396,-2.32005940894657,0.00386303218211647));
#5047=CARTESIAN_POINT('',(-3.29975112550406,-2.22005940894656,0.00386303218211304));
#5048=CARTESIAN_POINT('',(-1.29975112550407,-2.22005940894656,0.00386303218211304));
#5049=CARTESIAN_POINT('',(-1.39975112550405,-2.32005940894658,1.00386303218211));
#5050=CARTESIAN_POINT('',(-1.29975112550406,-2.32005940894652,1.00386303218136));
#5051=CARTESIAN_POINT('',(-1.29975112550408,-2.22005940894653,1.00386303218211));
#5052=CARTESIAN_POINT('',(-1.39975112550406,-2.32005940894659,0.00386303218211126));
#5053=CARTESIAN_POINT('',(-1.29975112550406,-2.32005940894651,0.00386303218135594));
#5054=CARTESIAN_POINT('',(-1.29975112550408,-2.22005940894651,0.00386303218211126));
#5055=CARTESIAN_POINT('',(-3.29975112550407,-2.32005940894659,0.903863032182113));
#5056=CARTESIAN_POINT('',(-3.29975112550407,-2.32005940894658,1.00386303218211));
#5057=CARTESIAN_POINT('',(-3.29975112550406,-2.22005940894657,1.00386303218211));
#5058=CARTESIAN_POINT('',(-1.29975112550407,-2.32005940894659,0.903863032182113));
#5059=CARTESIAN_POINT('',(-1.29975112550407,-2.32005940894658,1.00386303218211));
#5060=CARTESIAN_POINT('',(-1.29975112550406,-2.22005940894656,1.00386303218211));
#5061=CARTESIAN_POINT('',(-3.19975112550408,-2.32005940894656,0.00386303218211304));
#5062=CARTESIAN_POINT('',(-3.29975112550407,-2.32005940894655,0.00386303218088395));
#5063=CARTESIAN_POINT('',(-3.29975112550406,-2.22005940894655,0.00386303218211304));
#5064=CARTESIAN_POINT('',(-3.19975112550406,-2.32005940894656,1.00386303218211));
#5065=CARTESIAN_POINT('',(-3.29975112550407,-2.32005940894658,1.00386303218088));
#5066=CARTESIAN_POINT('',(-3.29975112550406,-2.22005940894657,1.00386303218211));
#5067=CARTESIAN_POINT('',(-1.29975112550408,-2.32005940894656,0.103863032182113));
#5068=CARTESIAN_POINT('',(-1.29975112550408,-1.52005940894657,0.103863032182113));
#5069=CARTESIAN_POINT('',(-1.2997511255041,-2.32005940894666,0.00386303218211657));
#5070=CARTESIAN_POINT('',(-1.29975112550409,-1.52005940894667,0.00386303218211238));
#5071=CARTESIAN_POINT('',(-1.39975112550409,-2.32005940894658,0.00386303218211304));
#5072=CARTESIAN_POINT('',(-1.39975112550409,-1.52005940894658,0.00386303218211304));
#5073=CARTESIAN_POINT('',(-1.29975112550406,-1.62005940894658,1.00386303218211));
#5074=CARTESIAN_POINT('',(-1.29975112550408,-1.52005940894657,1.00386303218204));
#5075=CARTESIAN_POINT('',(-1.39975112550409,-1.52005940894657,1.00386303218211));
#5076=CARTESIAN_POINT('',(-1.29975112550406,-1.6200594089466,0.00386303218211304));
#5077=CARTESIAN_POINT('',(-1.29975112550407,-1.52005940894659,0.00386303218204335));
#5078=CARTESIAN_POINT('',(-1.39975112550409,-1.52005940894658,0.00386303218211304));
#5079=CARTESIAN_POINT('',(-1.2997511255041,-2.32005940894658,0.903863032182113));
#5080=CARTESIAN_POINT('',(-1.29975112550408,-2.32005940894622,1.00386303218211));
#5081=CARTESIAN_POINT('',(-1.39975112550406,-2.32005940894656,1.00386303218211));
#5082=CARTESIAN_POINT('',(-1.2997511255041,-1.52005940894658,0.903863032182113));
#5083=CARTESIAN_POINT('',(-1.29975112550408,-1.52005940894621,1.00386303218211));
#5084=CARTESIAN_POINT('',(-1.39975112550407,-1.52005940894657,1.00386303218211));
#5085=CARTESIAN_POINT('',(-1.29975112550407,-1.52005940894658,0.103863032182113));
#5086=CARTESIAN_POINT('',(-3.29975112550406,-1.52005940894658,0.103863032182113));
#5087=CARTESIAN_POINT('',(-1.29975112550415,-1.52005940894655,0.00386303218212359));
#5088=CARTESIAN_POINT('',(-3.29975112550416,-1.52005940894657,0.00386303218212303));
#5089=CARTESIAN_POINT('',(-1.29975112550406,-1.62005940894656,0.00386303218211304));
#5090=CARTESIAN_POINT('',(-3.29975112550406,-1.62005940894657,0.00386303218211304));
#5091=CARTESIAN_POINT('',(-3.19975112550405,-1.52005940894655,1.00386303218211));
#5092=CARTESIAN_POINT('',(-3.29975112550406,-1.52005940894656,1.00386303218208));
#5093=CARTESIAN_POINT('',(-3.29975112550407,-1.62005940894656,1.00386303218211));
#5094=CARTESIAN_POINT('',(-3.19975112550405,-1.52005940894655,0.00386303218211304));
#5095=CARTESIAN_POINT('',(-3.29975112550405,-1.52005940894656,0.00386303218207914));
#5096=CARTESIAN_POINT('',(-3.29975112550407,-1.62005940894656,0.00386303218211304));
#5097=CARTESIAN_POINT('',(-1.29975112550408,-1.52005940894658,0.903863032182113));
#5098=CARTESIAN_POINT('',(-1.29975112550409,-1.52005940894659,1.0038630321821));
#5099=CARTESIAN_POINT('',(-1.29975112550406,-1.62005940894658,1.00386303218211));
#5100=CARTESIAN_POINT('',(-3.29975112550408,-1.52005940894658,0.903863032182113));
#5101=CARTESIAN_POINT('',(-3.29975112550408,-1.52005940894658,1.0038630321821));
#5102=CARTESIAN_POINT('',(-3.29975112550406,-1.62005940894658,1.00386303218211));
#5103=CARTESIAN_POINT('',(-3.29975112550408,-1.52005940894657,0.103863032182113));
#5104=CARTESIAN_POINT('',(-3.29975112550407,-2.32005940894656,0.103863032182113));
#5105=CARTESIAN_POINT('',(-3.29975112550407,-1.52005940894648,0.00386303218211877));
#5106=CARTESIAN_POINT('',(-3.29975112550405,-2.32005940894647,0.00386303218211725));
#5107=CARTESIAN_POINT('',(-3.19975112550406,-1.5200594089466,0.00386303218211304));
#5108=CARTESIAN_POINT('',(-3.19975112550406,-2.32005940894659,0.00386303218211304));
#5109=CARTESIAN_POINT('',(-3.29975112550407,-1.52005940894658,0.903863032182113));
#5110=CARTESIAN_POINT('',(-3.29975112550405,-1.52005940894658,1.00386303218211));
#5111=CARTESIAN_POINT('',(-3.19975112550407,-1.52005940894657,1.00386303218211));
#5112=CARTESIAN_POINT('',(-3.29975112550407,-2.32005940894658,0.903863032182113));
#5113=CARTESIAN_POINT('',(-3.29975112550405,-2.32005940894659,1.00386303218211));
#5114=CARTESIAN_POINT('',(-3.19975112550406,-2.32005940894656,1.00386303218211));
#5115=CARTESIAN_POINT('',(-3.19975112550406,-2.22005940894658,0.00386303218211248));
#5116=CARTESIAN_POINT('',(-3.22936630167035,-2.22005940894658,0.0038630321821121));
#5117=CARTESIAN_POINT('',(-3.25014227843074,-2.20513598023512,0.0187864608935701));
#5118=CARTESIAN_POINT('',(-3.27091825519113,-2.19021255152366,0.0337098896050282));
#5119=CARTESIAN_POINT('',(-3.27045308022185,-2.16927404308098,0.0546483980477066));
#5120=CARTESIAN_POINT('',(-3.19975112550406,-2.32005940894656,0.00386303218212457));
#5121=CARTESIAN_POINT('',(-3.25898147783663,-2.32005940894657,0.00386303218212404));
#5122=CARTESIAN_POINT('',(-3.3005334313574,-2.29021255152365,0.0337098896050348));
#5123=CARTESIAN_POINT('',(-3.34208538487818,-2.26036569410074,0.0635567470279456));
#5124=CARTESIAN_POINT('',(-3.3411550349396,-2.21848867721539,0.105433763913295));
#5125=CARTESIAN_POINT('',(-3.19975112550406,-2.32005940894657,0.103863032182109));
#5126=CARTESIAN_POINT('',(-3.22936630167035,-2.32005940894657,0.10386303218211));
#5127=CARTESIAN_POINT('',(-3.25014227843074,-2.30513598023511,0.118786460893568));
#5128=CARTESIAN_POINT('',(-3.27091825519114,-2.29021255152365,0.133709889605027));
#5129=CARTESIAN_POINT('',(-3.27045308022185,-2.26927404308097,0.154648398047706));
#5130=CARTESIAN_POINT('',(-1.29975112550406,-2.22005940894658,0.103863032182111));
#5131=CARTESIAN_POINT('',(-1.29975112550406,-2.22005940894658,0.0742478560158183));
#5132=CARTESIAN_POINT('',(-1.31467455421552,-2.20513598023512,0.0534718792554243));
#5133=CARTESIAN_POINT('',(-1.32959798292698,-2.19021255152366,0.0326959024950303));
#5134=CARTESIAN_POINT('',(-1.35053649136966,-2.16927404308097,0.0331610774643204));
#5135=CARTESIAN_POINT('',(-1.29975112550407,-2.32005940894659,0.103863032182109));
#5136=CARTESIAN_POINT('',(-1.29975112550407,-2.32005940894659,0.0446326798495324));
#5137=CARTESIAN_POINT('',(-1.32959798292699,-2.29021255152367,0.00308072632875071));
#5138=CARTESIAN_POINT('',(-1.35944484034991,-2.26036569410075,-0.038471227192031));
#5139=CARTESIAN_POINT('',(-1.40132185723527,-2.2184886772154,-0.0375408772534509));
#5140=CARTESIAN_POINT('',(-1.39975112550408,-2.32005940894656,0.103863032182111));
#5141=CARTESIAN_POINT('',(-1.39975112550408,-2.32005940894656,0.0742478560158308));
#5142=CARTESIAN_POINT('',(-1.41467455421554,-2.30513598023511,0.0534718792554453));
#5143=CARTESIAN_POINT('',(-1.42959798292699,-2.29021255152365,0.0326959024950597));
#5144=CARTESIAN_POINT('',(-1.45053649136967,-2.26927404308098,0.0331610774643495));
#5145=CARTESIAN_POINT('',(-1.35053649136965,-2.16927404308098,0.974564986899892));
#5146=CARTESIAN_POINT('',(-1.32959798292698,-2.19021255152366,0.975030161869179));
#5147=CARTESIAN_POINT('',(-1.31467455421552,-2.20513598023512,0.954254185108789));
#5148=CARTESIAN_POINT('',(-1.29975112550406,-2.22005940894657,0.933478208348398));
#5149=CARTESIAN_POINT('',(-1.29975112550406,-2.22005940894657,0.903863032182112));
#5150=CARTESIAN_POINT('',(-1.40132185723524,-2.2184886772154,1.04526694161766));
#5151=CARTESIAN_POINT('',(-1.35944484034989,-2.26036569410075,1.04619729155624));
#5152=CARTESIAN_POINT('',(-1.32959798292698,-2.29021255152366,1.00464533803546));
#5153=CARTESIAN_POINT('',(-1.29975112550407,-2.32005940894657,0.96309338451468));
#5154=CARTESIAN_POINT('',(-1.29975112550407,-2.32005940894657,0.903863032182111));
#5155=CARTESIAN_POINT('',(-1.45053649136966,-2.26927404308099,0.974564986899897));
#5156=CARTESIAN_POINT('',(-1.42959798292698,-2.29021255152367,0.975030161869185));
#5157=CARTESIAN_POINT('',(-1.41467455421553,-2.30513598023513,0.954254185108794));
#5158=CARTESIAN_POINT('',(-1.39975112550407,-2.32005940894658,0.933478208348403));
#5159=CARTESIAN_POINT('',(-1.39975112550407,-2.32005940894658,0.903863032182115));
#5160=CARTESIAN_POINT('',(-3.14896575963847,-2.26927404308099,0.974564986899872));
#5161=CARTESIAN_POINT('',(-3.16990426808113,-2.29021255152366,0.975030161869159));
#5162=CARTESIAN_POINT('',(-3.18482769679259,-2.30513598023511,0.954254185108776));
#5163=CARTESIAN_POINT('',(-3.19975112550404,-2.32005940894656,0.933478208348394));
#5164=CARTESIAN_POINT('',(-3.19975112550404,-2.32005940894656,0.903863032182118));
#5165=CARTESIAN_POINT('',(-3.19818039377288,-2.2184886772154,1.04526694161767));
#5166=CARTESIAN_POINT('',(-3.24005741065823,-2.26036569410075,1.04619729155624));
#5167=CARTESIAN_POINT('',(-3.26990426808114,-2.29021255152366,1.00464533803547));
#5168=CARTESIAN_POINT('',(-3.29975112550405,-2.32005940894657,0.963093384514689));
#5169=CARTESIAN_POINT('',(-3.29975112550406,-2.32005940894658,0.903863032182122));
#5170=CARTESIAN_POINT('',(-3.24896575963847,-2.16927404308098,0.97456498689988));
#5171=CARTESIAN_POINT('',(-3.26990426808115,-2.19021255152365,0.975030161869166));
#5172=CARTESIAN_POINT('',(-3.2848276967926,-2.2051359802351,0.954254185108781));
#5173=CARTESIAN_POINT('',(-3.29975112550405,-2.22005940894656,0.933478208348396));
#5174=CARTESIAN_POINT('',(-3.29975112550405,-2.22005940894656,0.903863032182117));
#5175=CARTESIAN_POINT('',(-1.39975112550406,-1.52005940894658,0.103863032182114));
#5176=CARTESIAN_POINT('',(-1.39975112550406,-1.52005940894657,0.0742478560158281));
#5177=CARTESIAN_POINT('',(-1.41467455421552,-1.53498283765803,0.0534718792554369));
#5178=CARTESIAN_POINT('',(-1.42959798292698,-1.54990626636949,0.0326959024950456));
#5179=CARTESIAN_POINT('',(-1.45053649136965,-1.57084477481216,0.0331610774643314));
#5180=CARTESIAN_POINT('',(-1.29975112550412,-1.5200594089466,0.103863032182118));
#5181=CARTESIAN_POINT('',(-1.29975112550412,-1.5200594089466,0.0446326798495735));
#5182=CARTESIAN_POINT('',(-1.32959798292702,-1.5499062663695,0.00308072632880931));
#5183=CARTESIAN_POINT('',(-1.35944484034992,-1.5797531237924,-0.0384712271919549));
#5184=CARTESIAN_POINT('',(-1.40132185723525,-1.62163014067773,-0.0375408772533851));
#5185=CARTESIAN_POINT('',(-1.29975112550409,-1.62005940894655,0.103863032182123));
#5186=CARTESIAN_POINT('',(-1.29975112550408,-1.62005940894654,0.0742478560158344));
#5187=CARTESIAN_POINT('',(-1.31467455421554,-1.634982837658,0.0534718792554389));
#5188=CARTESIAN_POINT('',(-1.32959798292699,-1.64990626636945,0.0326959024950435));
#5189=CARTESIAN_POINT('',(-1.35053649136967,-1.67084477481213,0.0331610774643256));
#5190=CARTESIAN_POINT('',(-1.32904917078631,-1.67084477481217,0.953077666316533));
#5191=CARTESIAN_POINT('',(-1.32858399581702,-1.6499062663695,0.974016174759207));
#5192=CARTESIAN_POINT('',(-1.34935997257741,-1.63498283765804,0.98893960347066));
#5193=CARTESIAN_POINT('',(-1.3701359493378,-1.62005940894659,1.00386303218211));
#5194=CARTESIAN_POINT('',(-1.39975112550408,-1.62005940894659,1.00386303218211));
#5195=CARTESIAN_POINT('',(-1.2994376481708,-1.65023261129418,0.931807646048098));
#5196=CARTESIAN_POINT('',(-1.29877764776595,-1.62052459826341,0.961515659078874));
#5197=CARTESIAN_POINT('',(-1.32825505729655,-1.59935091171178,0.982689345630499));
#5198=CARTESIAN_POINT('',(-1.35773246682716,-1.57817722516015,1.00386303218212));
#5199=CARTESIAN_POINT('',(-1.39975112550408,-1.57817722516016,1.00386303218212));
#5200=CARTESIAN_POINT('',(-1.29976654611093,-1.62061469509157,0.902197036721696));
#5201=CARTESIAN_POINT('',(-1.29910870965033,-1.59100408576517,0.931807646048096));
#5202=CARTESIAN_POINT('',(-1.32848947155659,-1.56989982140961,0.952911910403653));
#5203=CARTESIAN_POINT('',(-1.35787023346284,-1.54879555705406,0.97401617475921));
#5204=CARTESIAN_POINT('',(-1.39975112550408,-1.54879555705406,0.974016174759204));
#5205=CARTESIAN_POINT('',(-1.30009544405105,-1.59099677888896,0.872586427395294));
#5206=CARTESIAN_POINT('',(-1.29943977153472,-1.56148357326694,0.902099633017318));
#5207=CARTESIAN_POINT('',(-1.32872388581662,-1.54044873110745,0.923134475176807));
#5208=CARTESIAN_POINT('',(-1.35800800009852,-1.51941388894796,0.944169317336296));
#5209=CARTESIAN_POINT('',(-1.39975112550408,-1.51941388894797,0.944169317336291));
#5210=CARTESIAN_POINT('',(-1.3301684311483,-1.570053144443,0.852310901706342));
#5211=CARTESIAN_POINT('',(-1.32971062021734,-1.54944610692829,0.872917939221052));
#5212=CARTESIAN_POINT('',(-1.3501576990376,-1.53475892631335,0.887605119835994));
#5213=CARTESIAN_POINT('',(-1.37060477785786,-1.5200717456984,0.902292300450937));
#5214=CARTESIAN_POINT('',(-1.39975112550407,-1.52007174569841,0.902292300450934));
#5215=CARTESIAN_POINT('',(-3.29975112550407,-1.62005940894657,0.103863032182117));
#5216=CARTESIAN_POINT('',(-3.29975112550407,-1.62005940894656,0.0742478560158298));
#5217=CARTESIAN_POINT('',(-3.28482769679262,-1.63498283765802,0.0534718792554368));
#5218=CARTESIAN_POINT('',(-3.26990426808116,-1.64990626636948,0.0326959024950438));
#5219=CARTESIAN_POINT('',(-3.24896575963848,-1.67084477481215,0.0331610774643283));
#5220=CARTESIAN_POINT('',(-3.29975112550406,-1.52005940894658,0.10386303218212));
#5221=CARTESIAN_POINT('',(-3.29975112550406,-1.52005940894658,0.0446326798495585));
#5222=CARTESIAN_POINT('',(-3.26990426808115,-1.54990626636949,0.00308072632878258));
#5223=CARTESIAN_POINT('',(-3.24005741065824,-1.57975312379239,-0.0384712271919934));
#5224=CARTESIAN_POINT('',(-3.1981803937729,-1.62163014067774,-0.0375408772534238));
#5225=CARTESIAN_POINT('',(-3.19975112550407,-1.52005940894658,0.103863032182109));
#5226=CARTESIAN_POINT('',(-3.19975112550407,-1.52005940894658,0.0742478560158264));
#5227=CARTESIAN_POINT('',(-3.18482769679262,-1.53498283765804,0.053471879255439));
#5228=CARTESIAN_POINT('',(-3.16990426808116,-1.54990626636949,0.0326959024950517));
#5229=CARTESIAN_POINT('',(-3.14896575963848,-1.57084477481217,0.0331610774643394));
#5230=CARTESIAN_POINT('',(-3.24896575963848,-1.67084477481216,0.974564986899892));
#5231=CARTESIAN_POINT('',(-3.26990426808115,-1.64990626636948,0.975030161869182));
#5232=CARTESIAN_POINT('',(-3.28482769679261,-1.63498283765803,0.954254185108792));
#5233=CARTESIAN_POINT('',(-3.29975112550407,-1.62005940894657,0.933478208348403));
#5234=CARTESIAN_POINT('',(-3.29975112550407,-1.62005940894657,0.903863032182116));
#5235=CARTESIAN_POINT('',(-3.19818039377288,-1.62163014067775,1.04526694161766));
#5236=CARTESIAN_POINT('',(-3.24005741065823,-1.5797531237924,1.04619729155624));
#5237=CARTESIAN_POINT('',(-3.26990426808115,-1.54990626636948,1.00464533803546));
#5238=CARTESIAN_POINT('',(-3.29975112550406,-1.52005940894657,0.963093384514687));
#5239=CARTESIAN_POINT('',(-3.29975112550406,-1.52005940894657,0.903863032182117));
#5240=CARTESIAN_POINT('',(-3.14896575963848,-1.57084477481216,0.974564986899875));
#5241=CARTESIAN_POINT('',(-3.16990426808115,-1.54990626636949,0.975030161869165));
#5242=CARTESIAN_POINT('',(-3.18482769679261,-1.53498283765804,0.954254185108779));
#5243=CARTESIAN_POINT('',(-3.19975112550406,-1.52005940894658,0.933478208348394));
#5244=CARTESIAN_POINT('',(-3.19975112550406,-1.52005940894658,0.903863032182114));
#5245=CARTESIAN_POINT('',(-3.19975112550406,-2.32005940894657,0.903863032182113));
#5246=CARTESIAN_POINT('',(-1.39975112550406,-2.32005940894657,0.903863032182112));
#5247=CARTESIAN_POINT('',(-3.19975112550406,-2.32005940894656,0.103863032182113));
#5248=CARTESIAN_POINT('',(-1.39975112550406,-2.32005940894658,0.103863032182113));
#5249=CARTESIAN_POINT('',(-1.29975112550408,-2.22005940894657,0.903863032182113));
#5250=CARTESIAN_POINT('',(-1.29975112550407,-1.62005940894658,0.903863032182113));
#5251=CARTESIAN_POINT('',(-1.29975112550407,-2.22005940894656,0.103863032182113));
#5252=CARTESIAN_POINT('',(-1.29975112550406,-1.62005940894657,0.103863032182113));
#5253=CARTESIAN_POINT('',(-1.39975112550408,-1.52005940894658,0.103863032182113));
#5254=CARTESIAN_POINT('',(-3.19975112550406,-1.52005940894657,0.103863032182113));
#5255=CARTESIAN_POINT('',(-1.39975112550408,-1.52005940894657,0.903863032182113));
#5256=CARTESIAN_POINT('',(-3.19975112550406,-1.52005940894657,0.903863032182113));
#5257=CARTESIAN_POINT('',(-3.29975112550407,-1.62005940894658,0.903863032182113));
#5258=CARTESIAN_POINT('',(-3.29975112550406,-2.22005940894658,0.903863032182113));
#5259=CARTESIAN_POINT('',(-3.29975112550407,-1.62005940894657,0.103863032182113));
#5260=CARTESIAN_POINT('',(-3.29975112550407,-2.22005940894656,0.103863032182113));
#5261=CARTESIAN_POINT('',(-3.19975112550408,-1.62005940894658,0.00386303218211126));
#5262=CARTESIAN_POINT('',(-3.19975112550406,-2.22005940894657,0.00386303218211126));
#5263=CARTESIAN_POINT('',(-1.39975112550408,-2.22005940894656,0.00386303218211304));
#5264=CARTESIAN_POINT('',(-1.39975112550407,-1.62005940894658,0.00386303218211304));
#5265=CARTESIAN_POINT('',(-1.39975112550406,-2.22005940894657,1.00386303218211));
#5266=CARTESIAN_POINT('',(-1.39975112550407,-1.62005940894658,1.00386303218211));
#5267=CARTESIAN_POINT('',(-3.19975112550407,-1.62005940894658,1.00386303218211));
#5268=CARTESIAN_POINT('',(-3.19975112550406,-2.22005940894656,1.00386303218211));
#5269=CARTESIAN_POINT('',(-3.19975112550406,-2.32005940894657,0.903863032182113));
#5270=CARTESIAN_POINT('',(-3.19975112550406,-2.32005940894656,0.103863032182113));
#5271=CARTESIAN_POINT('',(0.100000000000008,0.9));
#5272=CARTESIAN_POINT('',(0.0999999999999948,0.633333333333333));
#5273=CARTESIAN_POINT('',(0.099999999999997,0.366666666666666));
#5274=CARTESIAN_POINT('',(0.100000000000008,0.1));
#5275=CARTESIAN_POINT('',(-3.19975112550406,-2.32005940894656,0.103863032182113));
#5276=CARTESIAN_POINT('',(-1.39975112550406,-2.32005940894658,0.103863032182113));
#5277=CARTESIAN_POINT('',(0.100000000000008,0.1));
#5278=CARTESIAN_POINT('',(0.700000000000005,0.1));
#5279=CARTESIAN_POINT('',(1.3,0.1));
#5280=CARTESIAN_POINT('',(1.9,0.1));
#5281=CARTESIAN_POINT('',(-1.39975112550406,-2.32005940894658,0.103863032182113));
#5282=CARTESIAN_POINT('',(-1.39975112550406,-2.32005940894657,0.903863032182112));
#5283=CARTESIAN_POINT('',(1.9,0.1));
#5284=CARTESIAN_POINT('',(1.9,0.366666666666666));
#5285=CARTESIAN_POINT('',(1.89999999999999,0.633333333333333));
#5286=CARTESIAN_POINT('',(1.9,0.9));
#5287=CARTESIAN_POINT('',(-1.39975112550406,-2.32005940894657,0.903863032182112));
#5288=CARTESIAN_POINT('',(-3.19975112550406,-2.32005940894657,0.903863032182113));
#5289=CARTESIAN_POINT('',(1.9,0.9));
#5290=CARTESIAN_POINT('',(1.3,0.9));
#5291=CARTESIAN_POINT('',(0.700000000000008,0.9));
#5292=CARTESIAN_POINT('',(0.100000000000008,0.9));
#5293=CARTESIAN_POINT('',(-1.29975112550408,-2.22005940894657,0.903863032182113));
#5294=CARTESIAN_POINT('',(-1.29975112550407,-2.22005940894656,0.103863032182113));
#5295=CARTESIAN_POINT('',(2.1,0.9));
#5296=CARTESIAN_POINT('',(2.1,0.633333333333334));
#5297=CARTESIAN_POINT('',(2.1,0.366666666666666));
#5298=CARTESIAN_POINT('',(2.1,0.0999999999999999));
#5299=CARTESIAN_POINT('',(-1.29975112550407,-2.22005940894656,0.103863032182113));
#5300=CARTESIAN_POINT('',(-1.29975112550406,-1.62005940894657,0.103863032182113));
#5301=CARTESIAN_POINT('',(2.1,0.0999999999999999));
#5302=CARTESIAN_POINT('',(2.3,0.1));
#5303=CARTESIAN_POINT('',(2.5,0.1));
#5304=CARTESIAN_POINT('',(2.7,0.0999999999999999));
#5305=CARTESIAN_POINT('',(-1.29975112550406,-1.62005940894657,0.103863032182113));
#5306=CARTESIAN_POINT('',(-1.29975112550407,-1.62005940894658,0.903863032182113));
#5307=CARTESIAN_POINT('',(2.7,0.0999999999999999));
#5308=CARTESIAN_POINT('',(2.69999999999998,0.366666666666666));
#5309=CARTESIAN_POINT('',(2.7,0.633333333333333));
#5310=CARTESIAN_POINT('',(2.7,0.9));
#5311=CARTESIAN_POINT('',(-1.29975112550407,-1.62005940894658,0.903863032182113));
#5312=CARTESIAN_POINT('',(-1.29975112550408,-2.22005940894657,0.903863032182113));
#5313=CARTESIAN_POINT('',(2.7,0.9));
#5314=CARTESIAN_POINT('',(2.5,0.9));
#5315=CARTESIAN_POINT('',(2.3,0.9));
#5316=CARTESIAN_POINT('',(2.1,0.9));
#5317=CARTESIAN_POINT('',(-1.39975112550408,-1.52005940894658,0.103863032182113));
#5318=CARTESIAN_POINT('',(-3.19975112550406,-1.52005940894657,0.103863032182113));
#5319=CARTESIAN_POINT('',(2.9,0.1));
#5320=CARTESIAN_POINT('',(3.49999999999999,0.1));
#5321=CARTESIAN_POINT('',(4.09999999999999,0.1));
#5322=CARTESIAN_POINT('',(4.69999999999999,0.1));
#5323=CARTESIAN_POINT('',(-3.19975112550406,-1.52005940894657,0.103863032182113));
#5324=CARTESIAN_POINT('',(-3.19975112550406,-1.52005940894657,0.903863032182113));
#5325=CARTESIAN_POINT('',(4.69999999999999,0.1));
#5326=CARTESIAN_POINT('',(4.7,0.366666666666666));
#5327=CARTESIAN_POINT('',(4.7,0.633333333333333));
#5328=CARTESIAN_POINT('',(4.69999999999999,0.9));
#5329=CARTESIAN_POINT('',(-3.19975112550406,-1.52005940894657,0.903863032182113));
#5330=CARTESIAN_POINT('',(-1.39975112550408,-1.52005940894657,0.903863032182113));
#5331=CARTESIAN_POINT('',(4.69999999999999,0.9));
#5332=CARTESIAN_POINT('',(4.09999999999999,0.9));
#5333=CARTESIAN_POINT('',(3.5,0.9));
#5334=CARTESIAN_POINT('',(2.9,0.9));
#5335=CARTESIAN_POINT('',(-1.39975112550408,-1.52005940894657,0.903863032182113));
#5336=CARTESIAN_POINT('',(-1.39975112550408,-1.52005940894658,0.103863032182113));
#5337=CARTESIAN_POINT('',(2.9,0.9));
#5338=CARTESIAN_POINT('',(2.9,0.633333333333333));
#5339=CARTESIAN_POINT('',(2.9,0.366666666666666));
#5340=CARTESIAN_POINT('',(2.9,0.1));
#5341=CARTESIAN_POINT('',(-3.29975112550407,-1.62005940894658,0.903863032182113));
#5342=CARTESIAN_POINT('',(-3.29975112550407,-1.62005940894657,0.103863032182113));
#5343=CARTESIAN_POINT('',(4.9,0.9));
#5344=CARTESIAN_POINT('',(4.90000000000001,0.633333333333333));
#5345=CARTESIAN_POINT('',(4.89999999999999,0.366666666666667));
#5346=CARTESIAN_POINT('',(4.9,0.1));
#5347=CARTESIAN_POINT('',(-3.29975112550407,-1.62005940894657,0.103863032182113));
#5348=CARTESIAN_POINT('',(-3.29975112550407,-2.22005940894656,0.103863032182113));
#5349=CARTESIAN_POINT('',(4.9,0.1));
#5350=CARTESIAN_POINT('',(5.1,0.1));
#5351=CARTESIAN_POINT('',(5.3,0.1));
#5352=CARTESIAN_POINT('',(5.49999999999999,0.1));
#5353=CARTESIAN_POINT('',(-3.29975112550407,-2.22005940894656,0.103863032182113));
#5354=CARTESIAN_POINT('',(-3.29975112550406,-2.22005940894658,0.903863032182113));
#5355=CARTESIAN_POINT('',(5.49999999999999,0.1));
#5356=CARTESIAN_POINT('',(5.49999999999999,0.366666666666666));
#5357=CARTESIAN_POINT('',(5.49999999999999,0.633333333333333));
#5358=CARTESIAN_POINT('',(5.5,0.9));
#5359=CARTESIAN_POINT('',(-3.29975112550406,-2.22005940894658,0.903863032182113));
#5360=CARTESIAN_POINT('',(-3.29975112550407,-1.62005940894658,0.903863032182113));
#5361=CARTESIAN_POINT('',(5.5,0.9));
#5362=CARTESIAN_POINT('',(5.29999999999999,0.899999999999999));
#5363=CARTESIAN_POINT('',(5.1,0.9));
#5364=CARTESIAN_POINT('',(4.9,0.9));
#5365=CARTESIAN_POINT('',(-3.19975112550408,-1.62005940894658,0.00386303218211126));
#5366=CARTESIAN_POINT('',(-1.39975112550407,-1.62005940894658,0.00386303218211304));
#5367=CARTESIAN_POINT('',(0.699999999999996,0.0999999999999973));
#5368=CARTESIAN_POINT('',(0.699999999999995,0.699999999999997));
#5369=CARTESIAN_POINT('',(0.699999999999987,1.3));
#5370=CARTESIAN_POINT('',(0.699999999999995,1.9));
#5371=CARTESIAN_POINT('',(-1.39975112550407,-1.62005940894658,0.00386303218211304));
#5372=CARTESIAN_POINT('',(-1.39975112550408,-2.22005940894656,0.00386303218211304));
#5373=CARTESIAN_POINT('',(0.699999999999995,1.9));
#5374=CARTESIAN_POINT('',(0.499999999999997,1.89999999999999));
#5375=CARTESIAN_POINT('',(0.299999999999999,1.89999999999999));
#5376=CARTESIAN_POINT('',(0.1,1.9));
#5377=CARTESIAN_POINT('',(-1.39975112550408,-2.22005940894656,0.00386303218211304));
#5378=CARTESIAN_POINT('',(-3.19975112550406,-2.22005940894657,0.00386303218211126));
#5379=CARTESIAN_POINT('',(0.1,1.9));
#5380=CARTESIAN_POINT('',(0.0999999999999963,1.3));
#5381=CARTESIAN_POINT('',(0.0999999999999962,0.700000000000006));
#5382=CARTESIAN_POINT('',(0.100000000000002,0.100000000000005));
#5383=CARTESIAN_POINT('',(-3.19975112550406,-2.22005940894657,0.00386303218211126));
#5384=CARTESIAN_POINT('',(-3.19975112550408,-1.62005940894658,0.00386303218211126));
#5385=CARTESIAN_POINT('',(0.100000000000002,0.100000000000005));
#5386=CARTESIAN_POINT('',(0.3,0.0999999999999959));
#5387=CARTESIAN_POINT('',(0.499999999999998,0.100000000000003));
#5388=CARTESIAN_POINT('',(0.699999999999996,0.0999999999999973));
#5389=CARTESIAN_POINT('',(-1.39975112550406,-2.22005940894657,1.00386303218211));
#5390=CARTESIAN_POINT('',(-1.39975112550407,-1.62005940894658,1.00386303218211));
#5391=CARTESIAN_POINT('',(1.9,0.0999999999999954));
#5392=CARTESIAN_POINT('',(1.89999999999999,0.299999999999993));
#5393=CARTESIAN_POINT('',(1.9,0.499999999999991));
#5394=CARTESIAN_POINT('',(1.9,0.69999999999999));
#5395=CARTESIAN_POINT('',(-1.39975112550407,-1.62005940894658,1.00386303218211));
#5396=CARTESIAN_POINT('',(-3.19975112550407,-1.62005940894658,1.00386303218211));
#5397=CARTESIAN_POINT('',(1.9,0.69999999999999));
#5398=CARTESIAN_POINT('',(1.3,0.7));
#5399=CARTESIAN_POINT('',(0.699999999999996,0.699999999999987));
#5400=CARTESIAN_POINT('',(0.0999999999999957,0.699999999999995));
#5401=CARTESIAN_POINT('',(-3.19975112550407,-1.62005940894658,1.00386303218211));
#5402=CARTESIAN_POINT('',(-3.19975112550406,-2.22005940894656,1.00386303218211));
#5403=CARTESIAN_POINT('',(0.0999999999999957,0.699999999999995));
#5404=CARTESIAN_POINT('',(0.0999999999999999,0.499999999999997));
#5405=CARTESIAN_POINT('',(0.100000000000002,0.299999999999999));
#5406=CARTESIAN_POINT('',(0.100000000000001,0.100000000000001));
#5407=CARTESIAN_POINT('',(-3.19975112550406,-2.22005940894656,1.00386303218211));
#5408=CARTESIAN_POINT('',(-1.39975112550406,-2.22005940894657,1.00386303218211));
#5409=CARTESIAN_POINT('',(0.100000000000001,0.100000000000001));
#5410=CARTESIAN_POINT('',(0.700000000000001,0.0999999999999957));
#5411=CARTESIAN_POINT('',(1.3,0.100000000000006));
#5412=CARTESIAN_POINT('',(1.9,0.0999999999999954));
#5413=CARTESIAN_POINT('',(-3.19975112550406,-2.32005940894656,0.103863032182113));
#5414=CARTESIAN_POINT('',(-3.19975112550397,-2.32005940894656,0.00386303218211758));
#5415=CARTESIAN_POINT('',(-3.19975112550406,-2.22005940894657,0.00386303218211126));
#5416=CARTESIAN_POINT('',(0.,0.100000000000006));
#5417=CARTESIAN_POINT('',(0.157079632679526,0.100000000000006));
#5418=CARTESIAN_POINT('',(0.157079632679526,1.9));
#5419=CARTESIAN_POINT('',(0.157079632679526,0.100000000000006));
#5420=CARTESIAN_POINT('',(-1.39975112550408,-2.22005940894656,0.00386303218211304));
#5421=CARTESIAN_POINT('',(-1.39975112550398,-2.32005940894658,0.00386303218211593));
#5422=CARTESIAN_POINT('',(-1.39975112550406,-2.32005940894658,0.103863032182113));
#5423=CARTESIAN_POINT('',(0.157079632679526,1.9));
#5424=CARTESIAN_POINT('',(0.,1.9));
#5425=CARTESIAN_POINT('',(0.,0.100000000000006));
#5426=CARTESIAN_POINT('',(0.,1.9));
#5427=CARTESIAN_POINT('',(0.900000000000001,0.));
#5428=CARTESIAN_POINT('',(0.100000000000001,0.));
#5429=CARTESIAN_POINT('',(-1.39975112550406,-2.32005940894658,0.103863032182113));
#5430=CARTESIAN_POINT('',(-1.29975112550409,-2.32005940894655,0.103863032182113));
#5431=CARTESIAN_POINT('',(-1.29975112550407,-2.22005940894658,0.103863032182113));
#5432=CARTESIAN_POINT('',(0.900000000000001,0.));
#5433=CARTESIAN_POINT('',(0.900000000000001,0.15707963267958));
#5434=CARTESIAN_POINT('',(0.100000000000001,0.15707963267958));
#5435=CARTESIAN_POINT('',(0.900000000000001,0.15707963267958));
#5436=CARTESIAN_POINT('',(-1.29975112550408,-2.22005940894657,0.903863032182114));
#5437=CARTESIAN_POINT('',(-1.29975112550408,-2.32005940894656,0.903863032182113));
#5438=CARTESIAN_POINT('',(-1.39975112550407,-2.32005940894657,0.903863032182113));
#5439=CARTESIAN_POINT('',(0.100000000000001,0.15707963267958));
#5440=CARTESIAN_POINT('',(0.100000000000001,0.));
#5441=CARTESIAN_POINT('',(1.90000000000001,0.));
#5442=CARTESIAN_POINT('',(0.100000000000006,0.));
#5443=CARTESIAN_POINT('',(-1.39975112550406,-2.32005940894657,0.903863032182112));
#5444=CARTESIAN_POINT('',(-1.39975112550406,-2.32005940894657,1.00386303218211));
#5445=CARTESIAN_POINT('',(-1.39975112550406,-2.22005940894657,1.00386303218211));
#5446=CARTESIAN_POINT('',(1.90000000000001,0.));
#5447=CARTESIAN_POINT('',(1.90000000000001,0.157079632679526));
#5448=CARTESIAN_POINT('',(0.100000000000006,0.157079632679526));
#5449=CARTESIAN_POINT('',(1.90000000000001,0.157079632679526));
#5450=CARTESIAN_POINT('',(-3.19975112550406,-2.22005940894656,1.00386303218211));
#5451=CARTESIAN_POINT('',(-3.19975112550406,-2.32005940894657,1.00386303218211));
#5452=CARTESIAN_POINT('',(-3.19975112550406,-2.32005940894657,0.903863032182113));
#5453=CARTESIAN_POINT('',(0.100000000000006,0.157079632679526));
#5454=CARTESIAN_POINT('',(0.100000000000006,0.));
#5455=CARTESIAN_POINT('',(0.9,0.));
#5456=CARTESIAN_POINT('',(0.0999999999999997,0.));
#5457=CARTESIAN_POINT('',(-3.19975112550406,-2.32005940894657,0.903863032182113));
#5458=CARTESIAN_POINT('',(-3.29975112550406,-2.32005940894658,0.903863032180864));
#5459=CARTESIAN_POINT('',(-3.29975112550406,-2.22005940894658,0.903863032182113));
#5460=CARTESIAN_POINT('',(0.9,0.));
#5461=CARTESIAN_POINT('',(0.9,0.157079632679611));
#5462=CARTESIAN_POINT('',(0.0999999999999997,0.157079632679611));
#5463=CARTESIAN_POINT('',(0.9,0.157079632679611));
#5464=CARTESIAN_POINT('',(-3.29975112550407,-2.22005940894656,0.103863032182113));
#5465=CARTESIAN_POINT('',(-3.29975112550406,-2.32005940894655,0.103863032180864));
#5466=CARTESIAN_POINT('',(-3.19975112550406,-2.32005940894656,0.103863032182113));
#5467=CARTESIAN_POINT('',(0.0999999999999997,0.157079632679611));
#5468=CARTESIAN_POINT('',(0.0999999999999997,0.));
#5469=CARTESIAN_POINT('',(-1.29975112550407,-2.22005940894656,0.103863032182113));
#5470=CARTESIAN_POINT('',(-1.29975112550408,-2.22005940894664,0.00386303218211603));
#5471=CARTESIAN_POINT('',(-1.39975112550408,-2.22005940894656,0.00386303218211304));
#5472=CARTESIAN_POINT('',(0.,0.100000000000005));
#5473=CARTESIAN_POINT('',(0.157079632679574,0.100000000000005));
#5474=CARTESIAN_POINT('',(0.157079632679574,0.700000000000002));
#5475=CARTESIAN_POINT('',(0.157079632679574,0.100000000000005));
#5476=CARTESIAN_POINT('',(-1.39975112550407,-1.62005940894658,0.00386303218211304));
#5477=CARTESIAN_POINT('',(-1.29975112550405,-1.62005940894665,0.00386303218211559));
#5478=CARTESIAN_POINT('',(-1.29975112550406,-1.62005940894657,0.103863032182113));
#5479=CARTESIAN_POINT('',(0.157079632679574,0.700000000000002));
#5480=CARTESIAN_POINT('',(0.,0.700000000000002));
#5481=CARTESIAN_POINT('',(0.,0.100000000000005));
#5482=CARTESIAN_POINT('',(0.,0.700000000000002));
#5483=CARTESIAN_POINT('',(0.9,0.));
#5484=CARTESIAN_POINT('',(0.0999999999999999,0.));
#5485=CARTESIAN_POINT('',(-1.29975112550406,-1.62005940894657,0.103863032182113));
#5486=CARTESIAN_POINT('',(-1.29975112550408,-1.52005940894657,0.103863032182113));
#5487=CARTESIAN_POINT('',(-1.39975112550408,-1.52005940894657,0.103863032182113));
#5488=CARTESIAN_POINT('',(0.9,0.));
#5489=CARTESIAN_POINT('',(0.9,0.157079632679568));
#5490=CARTESIAN_POINT('',(0.0999999999999999,0.157079632679568));
#5491=CARTESIAN_POINT('',(0.9,0.157079632679568));
#5492=CARTESIAN_POINT('',(-1.39975112550408,-1.52005940894657,0.903863032182113));
#5493=CARTESIAN_POINT('',(-1.29975112550409,-1.52005940894658,0.90386303218204));
#5494=CARTESIAN_POINT('',(-1.29975112550407,-1.62005940894658,0.903863032182113));
#5495=CARTESIAN_POINT('',(0.0999999999999999,0.157079632679568));
#5496=CARTESIAN_POINT('',(0.0999999999999999,0.));
#5497=CARTESIAN_POINT('',(0.699999999999993,0.));
#5498=CARTESIAN_POINT('',(0.0999999999999919,0.));
#5499=CARTESIAN_POINT('',(-1.29975112550407,-1.62005940894658,0.903863032182113));
#5500=CARTESIAN_POINT('',(-1.29975112550407,-1.62005940894623,1.00386303218211));
#5501=CARTESIAN_POINT('',(-1.39975112550407,-1.62005940894658,1.00386303218211));
#5502=CARTESIAN_POINT('',(0.699999999999993,0.));
#5503=CARTESIAN_POINT('',(0.699999999999993,0.157079632679574));
#5504=CARTESIAN_POINT('',(0.0999999999999919,0.157079632679574));
#5505=CARTESIAN_POINT('',(0.699999999999993,0.157079632679574));
#5506=CARTESIAN_POINT('',(-1.39975112550406,-2.22005940894657,1.00386303218211));
#5507=CARTESIAN_POINT('',(-1.29975112550407,-2.2200594089462,1.00386303218212));
#5508=CARTESIAN_POINT('',(-1.29975112550408,-2.22005940894657,0.903863032182113));
#5509=CARTESIAN_POINT('',(0.0999999999999919,0.157079632679574));
#5510=CARTESIAN_POINT('',(0.0999999999999919,0.));
#5511=CARTESIAN_POINT('',(-1.39975112550408,-1.52005940894658,0.103863032182113));
#5512=CARTESIAN_POINT('',(-1.39975112550418,-1.52005940894657,0.00386303218212162));
#5513=CARTESIAN_POINT('',(-1.39975112550407,-1.62005940894658,0.00386303218211304));
#5514=CARTESIAN_POINT('',(0.,0.0999999999999987));
#5515=CARTESIAN_POINT('',(0.157079632679526,0.0999999999999987));
#5516=CARTESIAN_POINT('',(0.157079632679526,1.89999999999999));
#5517=CARTESIAN_POINT('',(0.157079632679526,0.0999999999999987));
#5518=CARTESIAN_POINT('',(-3.19975112550408,-1.62005940894658,0.00386303218211126));
#5519=CARTESIAN_POINT('',(-3.19975112550417,-1.52005940894656,0.00386303218211746));
#5520=CARTESIAN_POINT('',(-3.19975112550406,-1.52005940894657,0.103863032182113));
#5521=CARTESIAN_POINT('',(0.157079632679526,1.89999999999999));
#5522=CARTESIAN_POINT('',(0.,1.89999999999999));
#5523=CARTESIAN_POINT('',(0.,0.0999999999999987));
#5524=CARTESIAN_POINT('',(0.,1.89999999999999));
#5525=CARTESIAN_POINT('',(0.9,0.));
#5526=CARTESIAN_POINT('',(0.0999999999999999,0.));
#5527=CARTESIAN_POINT('',(-3.19975112550406,-1.52005940894657,0.103863032182113));
#5528=CARTESIAN_POINT('',(-3.29975112550409,-1.52005940894655,0.103863032182113));
#5529=CARTESIAN_POINT('',(-3.29975112550407,-1.62005940894658,0.103863032182113));
#5530=CARTESIAN_POINT('',(0.9,0.));
#5531=CARTESIAN_POINT('',(0.9,0.157079632679588));
#5532=CARTESIAN_POINT('',(0.0999999999999999,0.157079632679588));
#5533=CARTESIAN_POINT('',(0.9,0.157079632679588));
#5534=CARTESIAN_POINT('',(-3.29975112550407,-1.62005940894658,0.903863032182114));
#5535=CARTESIAN_POINT('',(-3.29975112550408,-1.52005940894655,0.903863032182113));
#5536=CARTESIAN_POINT('',(-3.19975112550406,-1.52005940894657,0.903863032182113));
#5537=CARTESIAN_POINT('',(0.0999999999999999,0.157079632679588));
#5538=CARTESIAN_POINT('',(0.0999999999999999,0.));
#5539=CARTESIAN_POINT('',(1.9,0.));
#5540=CARTESIAN_POINT('',(0.100000000000009,0.));
#5541=CARTESIAN_POINT('',(-3.19975112550406,-1.52005940894657,0.903863032182113));
#5542=CARTESIAN_POINT('',(-3.19975112550407,-1.52005940894657,1.0038630321821));
#5543=CARTESIAN_POINT('',(-3.19975112550407,-1.62005940894658,1.00386303218211));
#5544=CARTESIAN_POINT('',(1.9,0.));
#5545=CARTESIAN_POINT('',(1.9,0.157079632679526));
#5546=CARTESIAN_POINT('',(0.100000000000009,0.157079632679526));
#5547=CARTESIAN_POINT('',(1.9,0.157079632679526));
#5548=CARTESIAN_POINT('',(-1.39975112550407,-1.62005940894658,1.00386303218211));
#5549=CARTESIAN_POINT('',(-1.3997511255041,-1.52005940894659,1.0038630321821));
#5550=CARTESIAN_POINT('',(-1.39975112550408,-1.52005940894657,0.903863032182113));
#5551=CARTESIAN_POINT('',(0.100000000000009,0.157079632679526));
#5552=CARTESIAN_POINT('',(0.100000000000009,0.));
#5553=CARTESIAN_POINT('',(-3.29975112550407,-1.62005940894657,0.103863032182113));
#5554=CARTESIAN_POINT('',(-3.29975112550406,-1.62005940894646,0.00386303218211823));
#5555=CARTESIAN_POINT('',(-3.19975112550408,-1.62005940894658,0.00386303218211126));
#5556=CARTESIAN_POINT('',(0.,0.100000000000009));
#5557=CARTESIAN_POINT('',(0.157079632679574,0.100000000000009));
#5558=CARTESIAN_POINT('',(0.157079632679574,0.700000000000004));
#5559=CARTESIAN_POINT('',(0.157079632679574,0.100000000000009));
#5560=CARTESIAN_POINT('',(-3.19975112550406,-2.22005940894657,0.00386303218211126));
#5561=CARTESIAN_POINT('',(-3.29975112550405,-2.22005940894646,0.00386303218211795));
#5562=CARTESIAN_POINT('',(-3.29975112550407,-2.22005940894656,0.103863032182113));
#5563=CARTESIAN_POINT('',(0.157079632679574,0.700000000000004));
#5564=CARTESIAN_POINT('',(0.,0.700000000000004));
#5565=CARTESIAN_POINT('',(0.,0.100000000000009));
#5566=CARTESIAN_POINT('',(0.,0.700000000000004));
#5567=CARTESIAN_POINT('',(0.700000000000003,0.));
#5568=CARTESIAN_POINT('',(0.100000000000005,0.));
#5569=CARTESIAN_POINT('',(-3.29975112550406,-2.22005940894658,0.903863032182113));
#5570=CARTESIAN_POINT('',(-3.29975112550405,-2.22005940894659,1.00386303218211));
#5571=CARTESIAN_POINT('',(-3.19975112550406,-2.22005940894656,1.00386303218211));
#5572=CARTESIAN_POINT('',(0.700000000000003,0.));
#5573=CARTESIAN_POINT('',(0.700000000000003,0.157079632679561));
#5574=CARTESIAN_POINT('',(0.100000000000005,0.157079632679561));
#5575=CARTESIAN_POINT('',(0.700000000000003,0.157079632679561));
#5576=CARTESIAN_POINT('',(-3.19975112550407,-1.62005940894658,1.00386303218211));
#5577=CARTESIAN_POINT('',(-3.29975112550407,-1.6200594089466,1.00386303218211));
#5578=CARTESIAN_POINT('',(-3.29975112550407,-1.62005940894658,0.903863032182113));
#5579=CARTESIAN_POINT('',(0.100000000000005,0.157079632679561));
#5580=CARTESIAN_POINT('',(0.100000000000005,0.));
#5581=CARTESIAN_POINT('',(0.157079632679493,4.3121208699166));
#5582=CARTESIAN_POINT('',(0.175995387959552,4.09715554191025));
#5583=CARTESIAN_POINT('',(0.195155002214565,3.88226909383167));
#5584=CARTESIAN_POINT('',(0.227724184750674,3.33100357708544));
#5585=CARTESIAN_POINT('',(0.23561944901893,2.99535389662379));
#5586=CARTESIAN_POINT('',(0.235619449019236,2.65906625780998));
#5587=CARTESIAN_POINT('',(0.0785398163397573,2.65906625780998));
#5588=CARTESIAN_POINT('',(0.0785398163397297,2.99535389662509));
#5589=CARTESIAN_POINT('',(0.086435080607704,3.33100357708804));
#5590=CARTESIAN_POINT('',(0.119004263143909,3.8822690938343));
#5591=CARTESIAN_POINT('',(0.138163877399036,4.09715554191157));
#5592=CARTESIAN_POINT('',(0.157079632679493,4.3121208699166));
#5593=CARTESIAN_POINT('',(0.235619449019236,2.65906625780998));
#5594=CARTESIAN_POINT('',(0.0785398163397573,2.65906625780998));
#5595=CARTESIAN_POINT('',(0.157079632679516,4.31212086991659));
#5596=CARTESIAN_POINT('',(0.175995387959915,4.09715554191133));
#5597=CARTESIAN_POINT('',(0.195155002215021,3.88226909383384));
#5598=CARTESIAN_POINT('',(0.227724184751203,3.33100357708757));
#5599=CARTESIAN_POINT('',(0.235619449019245,2.99535389662484));
#5600=CARTESIAN_POINT('',(0.235619449019266,2.65906625780994));
#5601=CARTESIAN_POINT('',(0.078539816339766,2.65906625780994));
#5602=CARTESIAN_POINT('',(0.0785398163397861,2.9953538966249));
#5603=CARTESIAN_POINT('',(0.0864350806077887,3.33100357708769));
#5604=CARTESIAN_POINT('',(0.119004263143992,3.88226909383396));
#5605=CARTESIAN_POINT('',(0.138163877399113,4.09715554191139));
#5606=CARTESIAN_POINT('',(0.157079632679516,4.31212086991659));
#5607=CARTESIAN_POINT('',(0.235619449019266,2.65906625780994));
#5608=CARTESIAN_POINT('',(0.078539816339766,2.65906625780994));
#5609=CARTESIAN_POINT('',(0.0785398163397501,3.95481301290548));
#5610=CARTESIAN_POINT('',(0.235619449019248,3.95481301290548));
#5611=CARTESIAN_POINT('',(0.157079632679499,2.30175840079889));
#5612=CARTESIAN_POINT('',(0.138163877398967,2.51672372880363));
#5613=CARTESIAN_POINT('',(0.119004263143815,2.73161017688061));
#5614=CARTESIAN_POINT('',(0.0864350806075871,3.28287569362686));
#5615=CARTESIAN_POINT('',(0.0785398163396585,3.61852537409009));
#5616=CARTESIAN_POINT('',(0.0785398163397501,3.95481301290548));
#5617=CARTESIAN_POINT('',(0.235619449019248,3.95481301290548));
#5618=CARTESIAN_POINT('',(0.235619449019247,3.61852537409048));
#5619=CARTESIAN_POINT('',(0.227724184751233,3.28287569362765));
#5620=CARTESIAN_POINT('',(0.195155002215034,2.7316101768814));
#5621=CARTESIAN_POINT('',(0.175995387959924,2.51672372880402));
#5622=CARTESIAN_POINT('',(0.157079632679499,2.30175840079889));
#5623=CARTESIAN_POINT('',(0.157079632679483,2.30175840079889));
#5624=CARTESIAN_POINT('',(0.138163877399059,2.51672372880401));
#5625=CARTESIAN_POINT('',(0.119004263143947,2.73161017688137));
#5626=CARTESIAN_POINT('',(0.0864350806077562,3.28287569362759));
#5627=CARTESIAN_POINT('',(0.078539816339725,3.61852537409039));
#5628=CARTESIAN_POINT('',(0.0785398163397247,3.95481301290537));
#5629=CARTESIAN_POINT('',(0.235619449019231,3.95481301290537));
#5630=CARTESIAN_POINT('',(0.235619449019228,3.61852537409041));
#5631=CARTESIAN_POINT('',(0.227724184751194,3.28287569362762));
#5632=CARTESIAN_POINT('',(0.195155002215013,2.73161017688141));
#5633=CARTESIAN_POINT('',(0.175995387959898,2.51672372880403));
#5634=CARTESIAN_POINT('',(0.157079632679483,2.30175840079889));
#5635=CARTESIAN_POINT('',(0.0785398163397247,3.95481301290537));
#5636=CARTESIAN_POINT('',(0.235619449019231,3.95481301290537));
#5637=CARTESIAN_POINT('',(0.157079632679485,4.31212086991646));
#5638=CARTESIAN_POINT('',(0.175995387959928,4.09715554191142));
#5639=CARTESIAN_POINT('',(0.195155002215059,3.88226909383415));
#5640=CARTESIAN_POINT('',(0.227724184751254,3.33100357708791));
#5641=CARTESIAN_POINT('',(0.235619449019216,2.995353896625));
#5642=CARTESIAN_POINT('',(0.235619449019194,2.65906625780992));
#5643=CARTESIAN_POINT('',(0.0785398163397585,2.65906625780992));
#5644=CARTESIAN_POINT('',(0.0785398163397322,2.99535389662504));
#5645=CARTESIAN_POINT('',(0.0864350806077018,3.331003577088));
#5646=CARTESIAN_POINT('',(0.119004263143907,3.88226909383423));
#5647=CARTESIAN_POINT('',(0.138163877399032,4.09715554191146));
#5648=CARTESIAN_POINT('',(0.157079632679485,4.31212086991646));
#5649=CARTESIAN_POINT('',(0.235619449019194,2.65906625780992));
#5650=CARTESIAN_POINT('',(0.0785398163397585,2.65906625780992));
#5651=CARTESIAN_POINT('',(0.235580004489867,3.95481301290549));
#5652=CARTESIAN_POINT('',(0.235580004489886,3.61856422151621));
#5653=CARTESIAN_POINT('',(0.228632974504106,3.28289083776716));
#5654=CARTESIAN_POINT('',(0.19688342153082,2.73151941125987));
#5655=CARTESIAN_POINT('',(0.177504913984204,2.51664643953541));
#5656=CARTESIAN_POINT('',(0.157059287961366,2.30175840079867));
#5657=CARTESIAN_POINT('',(0.0785398163397223,3.95481301290538));
#5658=CARTESIAN_POINT('',(0.235580004489867,3.95481301290549));
#5659=CARTESIAN_POINT('',(0.157059287961366,2.30175840079867));
#5660=CARTESIAN_POINT('',(0.136613753187584,2.51664548048948));
#5661=CARTESIAN_POINT('',(0.117302411369583,2.7315230207902));
#5662=CARTESIAN_POINT('',(0.0855213780252213,3.28289028009393));
#5663=CARTESIAN_POINT('',(0.0785398163398006,3.61856281720451));
#5664=CARTESIAN_POINT('',(0.0785398163397223,3.95481301290538));
#5665=CARTESIAN_POINT('',(0.157079632679495,4.31212086991636));
#5666=CARTESIAN_POINT('',(0.175995387959893,4.09715554191114));
#5667=CARTESIAN_POINT('',(0.195155002214997,3.88226909383367));
#5668=CARTESIAN_POINT('',(0.227724184751188,3.33100357708744));
#5669=CARTESIAN_POINT('',(0.235619449019205,2.99535389662472));
#5670=CARTESIAN_POINT('',(0.235619449019231,2.65906625780982));
#5671=CARTESIAN_POINT('',(0.0785398163397579,2.65906625780982));
#5672=CARTESIAN_POINT('',(0.0785398163397831,2.99535389662473));
#5673=CARTESIAN_POINT('',(0.0864350806078088,3.33100357708747));
#5674=CARTESIAN_POINT('',(0.119004263143991,3.8822690938337));
#5675=CARTESIAN_POINT('',(0.138163877399109,4.09715554191115));
#5676=CARTESIAN_POINT('',(0.157079632679495,4.31212086991636));
#5677=CARTESIAN_POINT('',(0.235619449019231,2.65906625780982));
#5678=CARTESIAN_POINT('',(0.0785398163397579,2.65906625780982));
#5679=CARTESIAN_POINT('',(0.0785398163397495,3.95481301290541));
#5680=CARTESIAN_POINT('',(0.235619449019236,3.95481301290541));
#5681=CARTESIAN_POINT('',(0.157079632679493,2.30175840079877));
#5682=CARTESIAN_POINT('',(0.138163877399061,2.51672372880389));
#5683=CARTESIAN_POINT('',(0.119004263143937,2.73161017688126));
#5684=CARTESIAN_POINT('',(0.0864350806077379,3.28287569362753));
#5685=CARTESIAN_POINT('',(0.0785398163397446,3.61852537409039));
#5686=CARTESIAN_POINT('',(0.0785398163397495,3.95481301290541));
#5687=CARTESIAN_POINT('',(0.235619449019236,3.95481301290541));
#5688=CARTESIAN_POINT('',(0.235619449019233,3.61852537409041));
#5689=CARTESIAN_POINT('',(0.227724184751224,3.28287569362758));
#5690=CARTESIAN_POINT('',(0.195155002215026,2.73161017688131));
#5691=CARTESIAN_POINT('',(0.175995387959917,2.51672372880392));
#5692=CARTESIAN_POINT('',(0.157079632679493,2.30175840079877));
#5693=CARTESIAN_POINT('',(3.30024887449592,-2.32005940894657,0.00386303218211304));
#5694=CARTESIAN_POINT('',(3.30024887449592,-2.32005940894657,1.00386303218211));
#5695=CARTESIAN_POINT('',(3.30024887449592,-1.52005940894657,0.00386303218211304));
#5696=CARTESIAN_POINT('',(3.30024887449592,-1.52005940894657,1.00386303218211));
#5697=CARTESIAN_POINT('',(3.30024887449592,-1.52005940894657,0.00386303218211304));
#5698=CARTESIAN_POINT('',(3.30024887449592,-1.52005940894657,1.00386303218211));
#5699=CARTESIAN_POINT('',(1.30024887449592,-1.52005940894657,0.00386303218211304));
#5700=CARTESIAN_POINT('',(1.30024887449592,-1.52005940894657,1.00386303218211));
#5701=CARTESIAN_POINT('',(1.30024887449592,-1.52005940894657,0.00386303218211304));
#5702=CARTESIAN_POINT('',(1.30024887449592,-1.52005940894657,1.00386303218211));
#5703=CARTESIAN_POINT('',(1.30024887449592,-2.32005940894657,0.00386303218211304));
#5704=CARTESIAN_POINT('',(1.30024887449592,-2.32005940894657,1.00386303218211));
#5705=CARTESIAN_POINT('',(1.30024887449592,-2.32005940894657,0.00386303218211304));
#5706=CARTESIAN_POINT('',(1.30024887449592,-2.32005940894657,1.00386303218211));
#5707=CARTESIAN_POINT('',(3.30024887449592,-2.32005940894657,0.00386303218211304));
#5708=CARTESIAN_POINT('',(3.30024887449592,-2.32005940894657,1.00386303218211));
#5709=CARTESIAN_POINT('',(1.30024887449592,-2.32005940894657,0.00386303218211304));
#5710=CARTESIAN_POINT('',(3.30024887449592,-2.32005940894657,0.00386303218211304));
#5711=CARTESIAN_POINT('',(1.30024887449592,-1.52005940894657,0.00386303218211304));
#5712=CARTESIAN_POINT('',(3.30024887449592,-1.52005940894657,0.00386303218211304));
#5713=CARTESIAN_POINT('',(1.30024887449592,-2.32005940894657,1.00386303218211));
#5714=CARTESIAN_POINT('',(1.30024887449592,-1.52005940894657,1.00386303218211));
#5715=CARTESIAN_POINT('',(3.30024887449592,-2.32005940894657,1.00386303218211));
#5716=CARTESIAN_POINT('',(3.30024887449592,-1.52005940894657,1.00386303218211));
#5717=CARTESIAN_POINT('',(3.30024887449592,-2.32005940894655,0.103863032182113));
#5718=CARTESIAN_POINT('',(3.30024887449592,-1.52005940894658,0.103863032182113));
#5719=CARTESIAN_POINT('',(3.3002488744959,-2.32005940894672,0.00386303218211516));
#5720=CARTESIAN_POINT('',(3.3002488744959,-1.52005940894675,0.00386303218211439));
#5721=CARTESIAN_POINT('',(3.2002488744959,-2.32005940894658,0.00386303218211304));
#5722=CARTESIAN_POINT('',(3.20024887449591,-1.52005940894659,0.00386303218211304));
#5723=CARTESIAN_POINT('',(3.30024887449591,-1.6200594089466,1.00386303218211));
#5724=CARTESIAN_POINT('',(3.30024887449596,-1.52005940894658,1.00386303218237));
#5725=CARTESIAN_POINT('',(3.20024887449594,-1.52005940894657,1.00386303218211));
#5726=CARTESIAN_POINT('',(3.30024887449591,-1.6200594089466,0.00386303218211304));
#5727=CARTESIAN_POINT('',(3.30024887449595,-1.52005940894657,0.00386303218236644));
#5728=CARTESIAN_POINT('',(3.20024887449594,-1.52005940894657,0.00386303218211126));
#5729=CARTESIAN_POINT('',(3.30024887449592,-2.32005940894655,0.903863032182112));
#5730=CARTESIAN_POINT('',(3.30024887449592,-2.32005940894684,1.00386303218212));
#5731=CARTESIAN_POINT('',(3.20024887449592,-2.32005940894656,1.00386303218211));
#5732=CARTESIAN_POINT('',(3.30024887449591,-1.52005940894657,0.903863032182112));
#5733=CARTESIAN_POINT('',(3.30024887449592,-1.52005940894686,1.00386303218211));
#5734=CARTESIAN_POINT('',(3.20024887449592,-1.52005940894658,1.00386303218211));
#5735=CARTESIAN_POINT('',(3.30024887449592,-2.22005940894654,0.00386303218211304));
#5736=CARTESIAN_POINT('',(3.30024887449592,-2.32005940894655,0.00386303218214892));
#5737=CARTESIAN_POINT('',(3.2002488744959,-2.32005940894658,0.00386303218211304));
#5738=CARTESIAN_POINT('',(3.30024887449592,-2.22005940894654,1.00386303218211));
#5739=CARTESIAN_POINT('',(3.30024887449594,-2.32005940894655,1.00386303218215));
#5740=CARTESIAN_POINT('',(3.20024887449589,-2.32005940894659,1.00386303218211));
#5741=CARTESIAN_POINT('',(3.30024887449594,-1.52005940894658,0.103863032182113));
#5742=CARTESIAN_POINT('',(1.30024887449592,-1.52005940894657,0.103863032182113));
#5743=CARTESIAN_POINT('',(3.30024887449597,-1.52005940894658,0.0038630321821183));
#5744=CARTESIAN_POINT('',(1.30024887449598,-1.52005940894657,0.00386303218211135));
#5745=CARTESIAN_POINT('',(3.30024887449592,-1.62005940894657,0.00386303218211304));
#5746=CARTESIAN_POINT('',(1.30024887449592,-1.62005940894658,0.00386303218211304));
#5747=CARTESIAN_POINT('',(1.40024887449592,-1.52005940894657,1.00386303218211));
#5748=CARTESIAN_POINT('',(1.30024887449592,-1.5200594089466,1.00386303218208));
#5749=CARTESIAN_POINT('',(1.30024887449592,-1.62005940894659,1.00386303218211));
#5750=CARTESIAN_POINT('',(1.40024887449593,-1.52005940894657,0.00386303218211304));
#5751=CARTESIAN_POINT('',(1.30024887449592,-1.52005940894659,0.0038630321820767));
#5752=CARTESIAN_POINT('',(1.30024887449593,-1.62005940894659,0.00386303218211304));
#5753=CARTESIAN_POINT('',(3.30024887449592,-1.52005940894657,0.903863032182113));
#5754=CARTESIAN_POINT('',(3.30024887449603,-1.52005940894657,1.00386303218211));
#5755=CARTESIAN_POINT('',(3.30024887449593,-1.62005940894657,1.00386303218211));
#5756=CARTESIAN_POINT('',(1.30024887449592,-1.52005940894657,0.903863032182113));
#5757=CARTESIAN_POINT('',(1.30024887449605,-1.52005940894657,1.00386303218212));
#5758=CARTESIAN_POINT('',(1.30024887449594,-1.62005940894658,1.00386303218211));
#5759=CARTESIAN_POINT('',(1.30024887449592,-1.52005940894658,0.103863032182113));
#5760=CARTESIAN_POINT('',(1.30024887449592,-2.32005940894659,0.103863032182113));
#5761=CARTESIAN_POINT('',(1.30024887449595,-1.52005940894656,0.00386303218211995));
#5762=CARTESIAN_POINT('',(1.30024887449594,-2.32005940894657,0.00386303218211995));
#5763=CARTESIAN_POINT('',(1.40024887449593,-1.52005940894657,0.00386303218211304));
#5764=CARTESIAN_POINT('',(1.40024887449593,-2.32005940894657,0.00386303218211304));
#5765=CARTESIAN_POINT('',(1.30024887449592,-2.22005940894658,1.00386303218211));
#5766=CARTESIAN_POINT('',(1.30024887449598,-2.32005940894658,1.00386303218211));
#5767=CARTESIAN_POINT('',(1.40024887449595,-2.32005940894658,1.00386303218211));
#5768=CARTESIAN_POINT('',(1.30024887449592,-2.22005940894658,0.00386303218211481));
#5769=CARTESIAN_POINT('',(1.30024887449597,-2.32005940894657,0.00386303218211595));
#5770=CARTESIAN_POINT('',(1.40024887449595,-2.32005940894658,0.00386303218211304));
#5771=CARTESIAN_POINT('',(1.30024887449594,-1.52005940894657,0.903863032182113));
#5772=CARTESIAN_POINT('',(1.30024887449592,-1.52005940894651,1.00386303218211));
#5773=CARTESIAN_POINT('',(1.40024887449592,-1.52005940894657,1.00386303218211));
#5774=CARTESIAN_POINT('',(1.30024887449594,-2.32005940894659,0.903863032182113));
#5775=CARTESIAN_POINT('',(1.30024887449592,-2.32005940894652,1.00386303218211));
#5776=CARTESIAN_POINT('',(1.40024887449592,-2.32005940894658,1.00386303218211));
#5777=CARTESIAN_POINT('',(1.30024887449594,-2.32005940894658,0.103863032182113));
#5778=CARTESIAN_POINT('',(3.30024887449592,-2.32005940894658,0.103863032182113));
#5779=CARTESIAN_POINT('',(1.30024887449603,-2.32005940894657,0.0038630321821155));
#5780=CARTESIAN_POINT('',(3.30024887449602,-2.32005940894655,0.00386303218211251));
#5781=CARTESIAN_POINT('',(1.30024887449593,-2.22005940894656,0.00386303218211304));
#5782=CARTESIAN_POINT('',(3.30024887449592,-2.22005940894656,0.00386303218211304));
#5783=CARTESIAN_POINT('',(1.30024887449594,-2.32005940894656,0.903863032182113));
#5784=CARTESIAN_POINT('',(1.30024887449604,-2.32005940894656,1.00386303218211));
#5785=CARTESIAN_POINT('',(1.30024887449592,-2.22005940894657,1.00386303218211));
#5786=CARTESIAN_POINT('',(3.30024887449592,-2.32005940894657,0.903863032182113));
#5787=CARTESIAN_POINT('',(3.30024887449603,-2.32005940894656,1.00386303218211));
#5788=CARTESIAN_POINT('',(3.30024887449591,-2.22005940894657,1.00386303218211));
#5789=CARTESIAN_POINT('',(3.30024887449593,-2.22005940894657,0.103863032182117));
#5790=CARTESIAN_POINT('',(3.30024887449593,-2.22005940894657,0.0742478560158314));
#5791=CARTESIAN_POINT('',(3.28532544578448,-2.20513598023511,0.0534718792554415));
#5792=CARTESIAN_POINT('',(3.27040201707302,-2.19021255152365,0.0326959024950515));
#5793=CARTESIAN_POINT('',(3.24946350863034,-2.16927404308098,0.03316107746434));
#5794=CARTESIAN_POINT('',(3.30024887449593,-2.26194159273299,0.103863032182117));
#5795=CARTESIAN_POINT('',(3.30024887449593,-2.26194159273299,0.0618443735051948));
#5796=CARTESIAN_POINT('',(3.27907518794431,-2.24076790618137,0.0323669639745935));
#5797=CARTESIAN_POINT('',(3.25790150139268,-2.21959421962974,0.0028895544439921));
#5798=CARTESIAN_POINT('',(3.22819348836191,-2.18988620659897,0.00354955484884671));
#5799=CARTESIAN_POINT('',(3.27040201707302,-2.29132326083908,0.103863032182117));
#5800=CARTESIAN_POINT('',(3.27040201707302,-2.29132326083908,0.0619821401408774));
#5801=CARTESIAN_POINT('',(3.24929775271746,-2.27021899648353,0.0326013782346308));
#5802=CARTESIAN_POINT('',(3.22819348836191,-2.24911473212797,0.00322061632838419));
#5803=CARTESIAN_POINT('',(3.19858287903551,-2.21950412280157,0.00387845278897747));
#5804=CARTESIAN_POINT('',(3.24055515965011,-2.32070492894517,0.103863032182115));
#5805=CARTESIAN_POINT('',(3.24055515965011,-2.32070492894517,0.0621199067765588));
#5806=CARTESIAN_POINT('',(3.21952031749062,-2.29967008678568,0.032835792494667));
#5807=CARTESIAN_POINT('',(3.19848547533114,-2.2786352446262,0.00355167821277529));
#5808=CARTESIAN_POINT('',(3.16897226970912,-2.24912203900418,0.00420735072910758));
#5809=CARTESIAN_POINT('',(3.19867814276476,-2.32004707219473,0.103863032182113));
#5810=CARTESIAN_POINT('',(3.19867814276476,-2.32004707219473,0.0747166845359032));
#5811=CARTESIAN_POINT('',(3.18399096214982,-2.30535989157979,0.0542696057156448));
#5812=CARTESIAN_POINT('',(3.16930378153488,-2.29067271096485,0.0338225268953864));
#5813=CARTESIAN_POINT('',(3.14869674402017,-2.27006567345014,0.0342803378263466));
#5814=CARTESIAN_POINT('',(3.30024887449593,-1.62005940894659,0.103863032182117));
#5815=CARTESIAN_POINT('',(3.30024887449593,-1.5904442327803,0.103863032182113));
#5816=CARTESIAN_POINT('',(3.28532544578447,-1.56966825601991,0.11878646089357));
#5817=CARTESIAN_POINT('',(3.27040201707302,-1.54889227925951,0.133709889605027));
#5818=CARTESIAN_POINT('',(3.24946350863034,-1.5493574542288,0.154648398047705));
#5819=CARTESIAN_POINT('',(3.30024887449593,-1.6200594089466,0.00386303218210754));
#5820=CARTESIAN_POINT('',(3.30024887449594,-1.56082905661402,0.00386303218209926));
#5821=CARTESIAN_POINT('',(3.27040201707303,-1.51927710309323,0.0337098896050155));
#5822=CARTESIAN_POINT('',(3.24055515965011,-1.47772514957244,0.0635567470279318));
#5823=CARTESIAN_POINT('',(3.19867814276475,-1.47865549951102,0.105433763913292));
#5824=CARTESIAN_POINT('',(3.20024887449593,-1.62005940894659,0.00386303218210762));
#5825=CARTESIAN_POINT('',(3.20024887449593,-1.5904442327803,0.00386303218210282));
#5826=CARTESIAN_POINT('',(3.18532544578447,-1.56966825601991,0.0187864608935601));
#5827=CARTESIAN_POINT('',(3.17040201707302,-1.54889227925951,0.0337098896050174));
#5828=CARTESIAN_POINT('',(3.14946350863034,-1.5493574542288,0.0546483980476971));
#5829=CARTESIAN_POINT('',(3.14946350863034,-1.57084477481216,0.974564986899889));
#5830=CARTESIAN_POINT('',(3.17040201707302,-1.54990626636949,0.975030161869177));
#5831=CARTESIAN_POINT('',(3.18532544578447,-1.53498283765803,0.954254185108787));
#5832=CARTESIAN_POINT('',(3.20024887449593,-1.52005940894657,0.933478208348396));
#5833=CARTESIAN_POINT('',(3.20024887449593,-1.52005940894658,0.90386303218211));
#5834=CARTESIAN_POINT('',(3.19867814276475,-1.62163014067775,1.04526694161766));
#5835=CARTESIAN_POINT('',(3.2405551596501,-1.5797531237924,1.04619729155623));
#5836=CARTESIAN_POINT('',(3.27040201707301,-1.54990626636949,1.00464533803546));
#5837=CARTESIAN_POINT('',(3.30024887449592,-1.52005940894657,0.963093384514676));
#5838=CARTESIAN_POINT('',(3.30024887449592,-1.52005940894658,0.903863032182107));
#5839=CARTESIAN_POINT('',(3.24946350863034,-1.67084477481217,0.974564986899904));
#5840=CARTESIAN_POINT('',(3.27040201707302,-1.64990626636949,0.975030161869194));
#5841=CARTESIAN_POINT('',(3.28532544578448,-1.63498283765803,0.9542541851088));
#5842=CARTESIAN_POINT('',(3.30024887449594,-1.62005940894657,0.933478208348406));
#5843=CARTESIAN_POINT('',(3.30024887449594,-1.62005940894657,0.903863032182114));
#5844=CARTESIAN_POINT('',(3.2709508292137,-2.26927404308096,0.853077666316521));
#5845=CARTESIAN_POINT('',(3.27141600418299,-2.29021255152364,0.874016174759197));
#5846=CARTESIAN_POINT('',(3.2506400274226,-2.3051359802351,0.888939603470654));
#5847=CARTESIAN_POINT('',(3.22986405066221,-2.32005940894655,0.90386303218211));
#5848=CARTESIAN_POINT('',(3.20024887449593,-2.32005940894655,0.903863032182107));
#5849=CARTESIAN_POINT('',(3.34165278393144,-2.21848867721538,0.90229230045092));
#5850=CARTESIAN_POINT('',(3.34258313387002,-2.26036569410072,0.944169317336265));
#5851=CARTESIAN_POINT('',(3.30103118034925,-2.29021255152363,0.974016174759172));
#5852=CARTESIAN_POINT('',(3.25947922682848,-2.32005940894654,1.00386303218208));
#5853=CARTESIAN_POINT('',(3.20024887449592,-2.32005940894654,1.00386303218207));
#5854=CARTESIAN_POINT('',(3.27095082921369,-2.16927404308099,0.953077666316501));
#5855=CARTESIAN_POINT('',(3.27141600418298,-2.19021255152366,0.974016174759175));
#5856=CARTESIAN_POINT('',(3.2506400274226,-2.20513598023512,0.988939603470629));
#5857=CARTESIAN_POINT('',(3.22986405066221,-2.22005940894657,1.00386303218208));
#5858=CARTESIAN_POINT('',(3.20024887449592,-2.22005940894657,1.00386303218208));
#5859=CARTESIAN_POINT('',(1.30024887449593,-1.62005940894657,0.10386303218211));
#5860=CARTESIAN_POINT('',(1.30024887449593,-1.62005940894657,0.0742478560158237));
#5861=CARTESIAN_POINT('',(1.31517230320739,-1.63498283765803,0.053471879255435));
#5862=CARTESIAN_POINT('',(1.33009573191884,-1.64990626636949,0.0326959024950463));
#5863=CARTESIAN_POINT('',(1.35103424036152,-1.67084477481216,0.0331610774643375));
#5864=CARTESIAN_POINT('',(1.30024887449593,-1.52005940894657,0.103863032182107));
#5865=CARTESIAN_POINT('',(1.30024887449593,-1.52005940894657,0.0446326798495354));
#5866=CARTESIAN_POINT('',(1.33009573191885,-1.54990626636949,0.00308072632875851));
#5867=CARTESIAN_POINT('',(1.35994258934176,-1.5797531237924,-0.0384712271920184));
#5868=CARTESIAN_POINT('',(1.40181960622712,-1.62163014067776,-0.0375408772534359));
#5869=CARTESIAN_POINT('',(1.40024887449593,-1.52005940894656,0.10386303218211));
#5870=CARTESIAN_POINT('',(1.40024887449593,-1.52005940894656,0.0742478560158208));
#5871=CARTESIAN_POINT('',(1.41517230320739,-1.53498283765802,0.0534718792554301));
#5872=CARTESIAN_POINT('',(1.43009573191885,-1.54990626636948,0.0326959024950393));
#5873=CARTESIAN_POINT('',(1.45103424036153,-1.57084477481215,0.0331610774643306));
#5874=CARTESIAN_POINT('',(1.35103424036152,-1.67084477481216,0.974564986899894));
#5875=CARTESIAN_POINT('',(1.33009573191885,-1.64990626636948,0.97503016186918));
#5876=CARTESIAN_POINT('',(1.31517230320739,-1.63498283765802,0.954254185108789));
#5877=CARTESIAN_POINT('',(1.30024887449593,-1.62005940894657,0.933478208348398));
#5878=CARTESIAN_POINT('',(1.30024887449593,-1.62005940894657,0.903863032182112));
#5879=CARTESIAN_POINT('',(1.37230426062996,-1.65023261129416,1.00417650951538));
#5880=CARTESIAN_POINT('',(1.34259624759918,-1.62052459826339,1.00483650992023));
#5881=CARTESIAN_POINT('',(1.32142256104756,-1.59935091171177,0.975359100389631));
#5882=CARTESIAN_POINT('',(1.30024887449594,-1.57817722516014,0.945881690859031));
#5883=CARTESIAN_POINT('',(1.30024887449594,-1.57817722516014,0.903863032182111));
#5884=CARTESIAN_POINT('',(1.40191486995635,-1.62061469509156,1.00384761157525));
#5885=CARTESIAN_POINT('',(1.37230426062996,-1.59100408576516,1.00450544803584));
#5886=CARTESIAN_POINT('',(1.3511999962744,-1.56989982140961,0.975124686129591));
#5887=CARTESIAN_POINT('',(1.33009573191885,-1.54879555705406,0.945743924223346));
#5888=CARTESIAN_POINT('',(1.33009573191885,-1.54879555705406,0.903863032182111));
#5889=CARTESIAN_POINT('',(1.43152547928274,-1.59099677888895,1.00351871363511));
#5890=CARTESIAN_POINT('',(1.40201227366073,-1.56148357326694,1.00417438615144));
#5891=CARTESIAN_POINT('',(1.38097743150125,-1.54044873110746,0.97489027186955));
#5892=CARTESIAN_POINT('',(1.35994258934176,-1.51941388894797,0.94560615758766));
#5893=CARTESIAN_POINT('',(1.35994258934176,-1.51941388894797,0.90386303218211));
#5894=CARTESIAN_POINT('',(1.45180100497169,-1.570053144443,0.973445726537873));
#5895=CARTESIAN_POINT('',(1.43119396745699,-1.54944610692829,0.973903537468829));
#5896=CARTESIAN_POINT('',(1.41650678684205,-1.53475892631336,0.953456458648572));
#5897=CARTESIAN_POINT('',(1.40181960622711,-1.52007174569842,0.933009379828316));
#5898=CARTESIAN_POINT('',(1.40181960622711,-1.52007174569842,0.903863032182111));
#5899=CARTESIAN_POINT('',(1.40024887449595,-2.32005940894656,0.103863032182109));
#5900=CARTESIAN_POINT('',(1.40024887449595,-2.32005940894656,0.0742478560158309));
#5901=CARTESIAN_POINT('',(1.4151723032074,-2.30513598023511,0.0534718792554461));
#5902=CARTESIAN_POINT('',(1.43009573191885,-2.29021255152365,0.0326959024950614));
#5903=CARTESIAN_POINT('',(1.45103424036152,-2.26927404308098,0.0331610774643475));
#5904=CARTESIAN_POINT('',(1.30024887449594,-2.32005940894656,0.103863032182108));
#5905=CARTESIAN_POINT('',(1.30024887449594,-2.32005940894656,0.0446326798495445));
#5906=CARTESIAN_POINT('',(1.33009573191885,-2.29021255152365,0.00308072632876916));
#5907=CARTESIAN_POINT('',(1.35994258934176,-2.26036569410074,-0.0384712271920061));
#5908=CARTESIAN_POINT('',(1.40181960622711,-2.2184886772154,-0.0375408772534347));
#5909=CARTESIAN_POINT('',(1.30024887449595,-2.22005940894656,0.103863032182118));
#5910=CARTESIAN_POINT('',(1.30024887449595,-2.22005940894656,0.0742478560158408));
#5911=CARTESIAN_POINT('',(1.3151723032074,-2.20513598023511,0.0534718792554546));
#5912=CARTESIAN_POINT('',(1.33009573191885,-2.19021255152366,0.0326959024950682));
#5913=CARTESIAN_POINT('',(1.35103424036152,-2.16927404308099,0.0331610774643508));
#5914=CARTESIAN_POINT('',(1.35103424036153,-2.29076136366437,0.853077666316516));
#5915=CARTESIAN_POINT('',(1.33009573191885,-2.29122653863366,0.874016174759199));
#5916=CARTESIAN_POINT('',(1.31517230320738,-2.27045056187327,0.888939603470661));
#5917=CARTESIAN_POINT('',(1.30024887449592,-2.24967458511287,0.903863032182122));
#5918=CARTESIAN_POINT('',(1.30024887449592,-2.22005940894658,0.90386303218212));
#5919=CARTESIAN_POINT('',(1.40181960622712,-2.36146331838216,0.902292300450929));
#5920=CARTESIAN_POINT('',(1.35994258934175,-2.36239366832074,0.944169317336295));
#5921=CARTESIAN_POINT('',(1.33009573191883,-2.32084171479995,0.974016174759218));
#5922=CARTESIAN_POINT('',(1.30024887449591,-2.27928976127916,1.00386303218214));
#5923=CARTESIAN_POINT('',(1.30024887449592,-2.22005940894656,1.00386303218213));
#5924=CARTESIAN_POINT('',(1.45103424036153,-2.29076136366438,0.953077666316539));
#5925=CARTESIAN_POINT('',(1.43009573191885,-2.29122653863367,0.974016174759225));
#5926=CARTESIAN_POINT('',(1.41517230320738,-2.27045056187327,0.988939603470686));
#5927=CARTESIAN_POINT('',(1.40024887449592,-2.24967458511286,1.00386303218215));
#5928=CARTESIAN_POINT('',(1.40024887449593,-2.22005940894656,1.00386303218214));
#5929=CARTESIAN_POINT('',(3.30024887449592,-2.22005940894656,0.903863032182113));
#5930=CARTESIAN_POINT('',(3.30024887449592,-1.62005940894658,0.903863032182113));
#5931=CARTESIAN_POINT('',(3.30024887449592,-2.22005940894656,0.103863032182113));
#5932=CARTESIAN_POINT('',(3.30024887449592,-1.62005940894659,0.103863032182113));
#5933=CARTESIAN_POINT('',(3.20024887449593,-1.52005940894657,0.903863032182112));
#5934=CARTESIAN_POINT('',(1.40024887449592,-1.52005940894657,0.903863032182112));
#5935=CARTESIAN_POINT('',(3.20024887449594,-1.52005940894657,0.103863032182113));
#5936=CARTESIAN_POINT('',(1.40024887449593,-1.52005940894657,0.103863032182113));
#5937=CARTESIAN_POINT('',(1.30024887449592,-1.62005940894658,0.103863032182113));
#5938=CARTESIAN_POINT('',(1.30024887449592,-2.22005940894658,0.103863032182113));
#5939=CARTESIAN_POINT('',(1.30024887449592,-1.62005940894658,0.903863032182113));
#5940=CARTESIAN_POINT('',(1.30024887449593,-2.22005940894658,0.903863032182113));
#5941=CARTESIAN_POINT('',(1.40024887449595,-2.32005940894657,0.903863032182112));
#5942=CARTESIAN_POINT('',(3.20024887449592,-2.32005940894657,0.903863032182113));
#5943=CARTESIAN_POINT('',(1.40024887449594,-2.32005940894657,0.103863032182113));
#5944=CARTESIAN_POINT('',(3.20024887449592,-2.32005940894658,0.103863032182113));
#5945=CARTESIAN_POINT('',(1.40024887449593,-2.22005940894656,0.00386303218211304));
#5946=CARTESIAN_POINT('',(3.20024887449592,-2.22005940894657,0.00386303218211304));
#5947=CARTESIAN_POINT('',(3.20024887449592,-1.62005940894658,0.00386303218211304));
#5948=CARTESIAN_POINT('',(1.40024887449593,-1.62005940894658,0.00386303218211304));
#5949=CARTESIAN_POINT('',(3.20024887449592,-1.62005940894658,1.00386303218211));
#5950=CARTESIAN_POINT('',(1.40024887449592,-1.62005940894658,1.00386303218211));
#5951=CARTESIAN_POINT('',(1.40024887449593,-2.22005940894657,1.00386303218211));
#5952=CARTESIAN_POINT('',(3.20024887449592,-2.22005940894657,1.00386303218211));
#5953=CARTESIAN_POINT('',(3.30024887449592,-2.22005940894656,0.903863032182113));
#5954=CARTESIAN_POINT('',(3.30024887449592,-2.22005940894656,0.103863032182113));
#5955=CARTESIAN_POINT('',(0.100000000000012,0.9));
#5956=CARTESIAN_POINT('',(0.0999999999999963,0.633333333333333));
#5957=CARTESIAN_POINT('',(0.0999999999999987,0.366666666666666));
#5958=CARTESIAN_POINT('',(0.100000000000013,0.1));
#5959=CARTESIAN_POINT('',(3.30024887449592,-2.22005940894656,0.103863032182113));
#5960=CARTESIAN_POINT('',(3.30024887449592,-1.62005940894659,0.103863032182113));
#5961=CARTESIAN_POINT('',(0.100000000000013,0.1));
#5962=CARTESIAN_POINT('',(0.300000000000004,0.0999999999999999));
#5963=CARTESIAN_POINT('',(0.499999999999994,0.1));
#5964=CARTESIAN_POINT('',(0.699999999999986,0.0999999999999999));
#5965=CARTESIAN_POINT('',(3.30024887449592,-1.62005940894659,0.103863032182113));
#5966=CARTESIAN_POINT('',(3.30024887449592,-1.62005940894658,0.903863032182113));
#5967=CARTESIAN_POINT('',(0.699999999999986,0.0999999999999999));
#5968=CARTESIAN_POINT('',(0.700000000000002,0.366666666666666));
#5969=CARTESIAN_POINT('',(0.699999999999982,0.633333333333333));
#5970=CARTESIAN_POINT('',(0.699999999999998,0.9));
#5971=CARTESIAN_POINT('',(3.30024887449592,-1.62005940894658,0.903863032182113));
#5972=CARTESIAN_POINT('',(3.30024887449592,-2.22005940894656,0.903863032182113));
#5973=CARTESIAN_POINT('',(0.699999999999998,0.9));
#5974=CARTESIAN_POINT('',(0.500000000000005,0.9));
#5975=CARTESIAN_POINT('',(0.300000000000011,0.9));
#5976=CARTESIAN_POINT('',(0.100000000000012,0.9));
#5977=CARTESIAN_POINT('',(3.20024887449593,-1.52005940894657,0.903863032182112));
#5978=CARTESIAN_POINT('',(3.20024887449594,-1.52005940894657,0.103863032182113));
#5979=CARTESIAN_POINT('',(0.899999999999997,0.9));
#5980=CARTESIAN_POINT('',(0.899999999999999,0.633333333333333));
#5981=CARTESIAN_POINT('',(0.900000000000006,0.366666666666666));
#5982=CARTESIAN_POINT('',(0.899999999999988,0.0999999999999999));
#5983=CARTESIAN_POINT('',(3.20024887449594,-1.52005940894657,0.103863032182113));
#5984=CARTESIAN_POINT('',(1.40024887449593,-1.52005940894657,0.103863032182113));
#5985=CARTESIAN_POINT('',(0.899999999999988,0.0999999999999999));
#5986=CARTESIAN_POINT('',(1.49999999999999,0.1));
#5987=CARTESIAN_POINT('',(2.1,0.1));
#5988=CARTESIAN_POINT('',(2.7,0.1));
#5989=CARTESIAN_POINT('',(1.40024887449593,-1.52005940894657,0.103863032182113));
#5990=CARTESIAN_POINT('',(1.40024887449592,-1.52005940894657,0.903863032182112));
#5991=CARTESIAN_POINT('',(2.7,0.1));
#5992=CARTESIAN_POINT('',(2.69999999999999,0.366666666666666));
#5993=CARTESIAN_POINT('',(2.7,0.633333333333333));
#5994=CARTESIAN_POINT('',(2.69999999999999,0.9));
#5995=CARTESIAN_POINT('',(1.40024887449592,-1.52005940894657,0.903863032182112));
#5996=CARTESIAN_POINT('',(3.20024887449593,-1.52005940894657,0.903863032182112));
#5997=CARTESIAN_POINT('',(2.69999999999999,0.9));
#5998=CARTESIAN_POINT('',(2.09999999999999,0.9));
#5999=CARTESIAN_POINT('',(1.49999999999999,0.9));
#6000=CARTESIAN_POINT('',(0.899999999999997,0.9));
#6001=CARTESIAN_POINT('',(1.30024887449592,-1.62005940894658,0.103863032182113));
#6002=CARTESIAN_POINT('',(1.30024887449592,-2.22005940894658,0.103863032182113));
#6003=CARTESIAN_POINT('',(2.89999999999999,0.1));
#6004=CARTESIAN_POINT('',(3.09999999999999,0.1));
#6005=CARTESIAN_POINT('',(3.3,0.1));
#6006=CARTESIAN_POINT('',(3.5,0.1));
#6007=CARTESIAN_POINT('',(1.30024887449592,-2.22005940894658,0.103863032182113));
#6008=CARTESIAN_POINT('',(1.30024887449593,-2.22005940894658,0.903863032182113));
#6009=CARTESIAN_POINT('',(3.5,0.1));
#6010=CARTESIAN_POINT('',(3.49999999999999,0.366666666666666));
#6011=CARTESIAN_POINT('',(3.49999999999998,0.633333333333333));
#6012=CARTESIAN_POINT('',(3.5,0.9));
#6013=CARTESIAN_POINT('',(1.30024887449593,-2.22005940894658,0.903863032182113));
#6014=CARTESIAN_POINT('',(1.30024887449592,-1.62005940894658,0.903863032182113));
#6015=CARTESIAN_POINT('',(3.5,0.9));
#6016=CARTESIAN_POINT('',(3.3,0.9));
#6017=CARTESIAN_POINT('',(3.1,0.899999999999999));
#6018=CARTESIAN_POINT('',(2.89999999999999,0.9));
#6019=CARTESIAN_POINT('',(1.30024887449592,-1.62005940894658,0.903863032182113));
#6020=CARTESIAN_POINT('',(1.30024887449592,-1.62005940894658,0.103863032182113));
#6021=CARTESIAN_POINT('',(2.89999999999999,0.9));
#6022=CARTESIAN_POINT('',(2.9,0.633333333333334));
#6023=CARTESIAN_POINT('',(2.90000000000001,0.366666666666667));
#6024=CARTESIAN_POINT('',(2.89999999999999,0.1));
#6025=CARTESIAN_POINT('',(1.40024887449595,-2.32005940894657,0.903863032182112));
#6026=CARTESIAN_POINT('',(1.40024887449594,-2.32005940894657,0.103863032182113));
#6027=CARTESIAN_POINT('',(3.7,0.9));
#6028=CARTESIAN_POINT('',(3.69999999999999,0.633333333333333));
#6029=CARTESIAN_POINT('',(3.69999999999999,0.366666666666666));
#6030=CARTESIAN_POINT('',(3.7,0.1));
#6031=CARTESIAN_POINT('',(1.40024887449594,-2.32005940894657,0.103863032182113));
#6032=CARTESIAN_POINT('',(3.20024887449592,-2.32005940894658,0.103863032182113));
#6033=CARTESIAN_POINT('',(3.7,0.1));
#6034=CARTESIAN_POINT('',(4.30000000000001,0.1));
#6035=CARTESIAN_POINT('',(4.9,0.1));
#6036=CARTESIAN_POINT('',(5.5,0.1));
#6037=CARTESIAN_POINT('',(3.20024887449592,-2.32005940894658,0.103863032182113));
#6038=CARTESIAN_POINT('',(3.20024887449592,-2.32005940894657,0.903863032182113));
#6039=CARTESIAN_POINT('',(5.5,0.1));
#6040=CARTESIAN_POINT('',(5.49999999999999,0.366666666666666));
#6041=CARTESIAN_POINT('',(5.49999999999999,0.633333333333333));
#6042=CARTESIAN_POINT('',(5.49999999999999,0.9));
#6043=CARTESIAN_POINT('',(3.20024887449592,-2.32005940894657,0.903863032182113));
#6044=CARTESIAN_POINT('',(1.40024887449595,-2.32005940894657,0.903863032182112));
#6045=CARTESIAN_POINT('',(5.49999999999999,0.9));
#6046=CARTESIAN_POINT('',(4.9,0.9));
#6047=CARTESIAN_POINT('',(4.3,0.9));
#6048=CARTESIAN_POINT('',(3.7,0.9));
#6049=CARTESIAN_POINT('',(1.40024887449593,-2.22005940894656,0.00386303218211304));
#6050=CARTESIAN_POINT('',(1.40024887449593,-1.62005940894658,0.00386303218211304));
#6051=CARTESIAN_POINT('',(0.100000000000002,-1.9));
#6052=CARTESIAN_POINT('',(0.3,-1.9));
#6053=CARTESIAN_POINT('',(0.499999999999998,-1.9));
#6054=CARTESIAN_POINT('',(0.699999999999995,-1.9));
#6055=CARTESIAN_POINT('',(1.40024887449593,-1.62005940894658,0.00386303218211304));
#6056=CARTESIAN_POINT('',(3.20024887449592,-1.62005940894658,0.00386303218211304));
#6057=CARTESIAN_POINT('',(0.699999999999995,-1.9));
#6058=CARTESIAN_POINT('',(0.699999999999988,-1.3));
#6059=CARTESIAN_POINT('',(0.699999999999995,-0.700000000000001));
#6060=CARTESIAN_POINT('',(0.699999999999989,-0.100000000000003));
#6061=CARTESIAN_POINT('',(3.20024887449592,-1.62005940894658,0.00386303218211304));
#6062=CARTESIAN_POINT('',(3.20024887449592,-2.22005940894657,0.00386303218211304));
#6063=CARTESIAN_POINT('',(0.699999999999989,-0.100000000000003));
#6064=CARTESIAN_POINT('',(0.499999999999991,-0.100000000000005));
#6065=CARTESIAN_POINT('',(0.299999999999992,-0.1));
#6066=CARTESIAN_POINT('',(0.0999999999999944,-0.100000000000006));
#6067=CARTESIAN_POINT('',(3.20024887449592,-2.22005940894657,0.00386303218211304));
#6068=CARTESIAN_POINT('',(1.40024887449593,-2.22005940894656,0.00386303218211304));
#6069=CARTESIAN_POINT('',(0.0999999999999944,-0.100000000000006));
#6070=CARTESIAN_POINT('',(0.100000000000003,-0.700000000000004));
#6071=CARTESIAN_POINT('',(0.0999999999999986,-1.3));
#6072=CARTESIAN_POINT('',(0.100000000000002,-1.9));
#6073=CARTESIAN_POINT('',(3.20024887449592,-1.62005940894658,1.00386303218211));
#6074=CARTESIAN_POINT('',(1.40024887449592,-1.62005940894658,1.00386303218211));
#6075=CARTESIAN_POINT('',(-0.100000000000005,0.699999999999995));
#6076=CARTESIAN_POINT('',(-0.700000000000003,0.699999999999989));
#6077=CARTESIAN_POINT('',(-1.3,0.699999999999992));
#6078=CARTESIAN_POINT('',(-1.9,0.699999999999995));
#6079=CARTESIAN_POINT('',(1.40024887449592,-1.62005940894658,1.00386303218211));
#6080=CARTESIAN_POINT('',(1.40024887449593,-2.22005940894657,1.00386303218211));
#6081=CARTESIAN_POINT('',(-1.9,0.699999999999995));
#6082=CARTESIAN_POINT('',(-1.9,0.499999999999995));
#6083=CARTESIAN_POINT('',(-1.9,0.299999999999995));
#6084=CARTESIAN_POINT('',(-1.89999999999999,0.0999999999999947));
#6085=CARTESIAN_POINT('',(1.40024887449593,-2.22005940894657,1.00386303218211));
#6086=CARTESIAN_POINT('',(3.20024887449592,-2.22005940894657,1.00386303218211));
#6087=CARTESIAN_POINT('',(-1.89999999999999,0.0999999999999947));
#6088=CARTESIAN_POINT('',(-1.29999999999999,0.1));
#6089=CARTESIAN_POINT('',(-0.699999999999994,0.100000000000004));
#6090=CARTESIAN_POINT('',(-0.0999999999999977,0.099999999999995));
#6091=CARTESIAN_POINT('',(3.20024887449592,-2.22005940894657,1.00386303218211));
#6092=CARTESIAN_POINT('',(3.20024887449592,-1.62005940894658,1.00386303218211));
#6093=CARTESIAN_POINT('',(-0.0999999999999977,0.099999999999995));
#6094=CARTESIAN_POINT('',(-0.100000000000006,0.299999999999995));
#6095=CARTESIAN_POINT('',(-0.0999999999999958,0.499999999999995));
#6096=CARTESIAN_POINT('',(-0.100000000000005,0.699999999999995));
#6097=CARTESIAN_POINT('',(3.30024887449592,-2.22005940894656,0.103863032182113));
#6098=CARTESIAN_POINT('',(3.3002488744959,-2.2200594089467,0.0038630321821114));
#6099=CARTESIAN_POINT('',(3.20024887449592,-2.22005940894657,0.00386303218211304));
#6100=CARTESIAN_POINT('',(0.,0.100000000000005));
#6101=CARTESIAN_POINT('',(0.15707963267956,0.100000000000005));
#6102=CARTESIAN_POINT('',(0.15707963267956,0.699999999999986));
#6103=CARTESIAN_POINT('',(0.15707963267956,0.100000000000005));
#6104=CARTESIAN_POINT('',(3.20024887449592,-1.62005940894658,0.00386303218210771));
#6105=CARTESIAN_POINT('',(3.30024887449592,-1.62005940894661,0.00386303218211482));
#6106=CARTESIAN_POINT('',(3.30024887449593,-1.62005940894659,0.103863032182114));
#6107=CARTESIAN_POINT('',(0.15707963267956,0.699999999999986));
#6108=CARTESIAN_POINT('',(0.,0.699999999999986));
#6109=CARTESIAN_POINT('',(0.,0.100000000000005));
#6110=CARTESIAN_POINT('',(0.,0.699999999999986));
#6111=CARTESIAN_POINT('',(0.9,0.));
#6112=CARTESIAN_POINT('',(0.1,0.));
#6113=CARTESIAN_POINT('',(3.30024887449592,-1.62005940894659,0.103863032182113));
#6114=CARTESIAN_POINT('',(3.30024887449595,-1.52005940894657,0.103863032182372));
#6115=CARTESIAN_POINT('',(3.20024887449594,-1.52005940894657,0.103863032182113));
#6116=CARTESIAN_POINT('',(0.9,0.));
#6117=CARTESIAN_POINT('',(0.9,0.157079632679583));
#6118=CARTESIAN_POINT('',(0.1,0.157079632679583));
#6119=CARTESIAN_POINT('',(0.9,0.157079632679583));
#6120=CARTESIAN_POINT('',(3.20024887449593,-1.52005940894656,0.903863032182112));
#6121=CARTESIAN_POINT('',(3.30024887449593,-1.52005940894657,0.903863032182112));
#6122=CARTESIAN_POINT('',(3.30024887449593,-1.62005940894658,0.903863032182112));
#6123=CARTESIAN_POINT('',(0.1,0.157079632679583));
#6124=CARTESIAN_POINT('',(0.1,0.));
#6125=CARTESIAN_POINT('',(0.699999999999998,0.));
#6126=CARTESIAN_POINT('',(0.100000000000009,0.));
#6127=CARTESIAN_POINT('',(3.30024887449592,-1.62005940894658,0.903863032182113));
#6128=CARTESIAN_POINT('',(3.30024887449592,-1.62005940894685,1.00386303218211));
#6129=CARTESIAN_POINT('',(3.20024887449592,-1.62005940894658,1.00386303218211));
#6130=CARTESIAN_POINT('',(0.699999999999998,0.));
#6131=CARTESIAN_POINT('',(0.699999999999998,0.157079632679574));
#6132=CARTESIAN_POINT('',(0.100000000000009,0.157079632679574));
#6133=CARTESIAN_POINT('',(0.699999999999998,0.157079632679574));
#6134=CARTESIAN_POINT('',(3.20024887449592,-2.22005940894657,1.00386303218211));
#6135=CARTESIAN_POINT('',(3.30024887449592,-2.22005940894685,1.00386303218211));
#6136=CARTESIAN_POINT('',(3.30024887449592,-2.22005940894656,0.903863032182113));
#6137=CARTESIAN_POINT('',(0.100000000000009,0.157079632679574));
#6138=CARTESIAN_POINT('',(0.100000000000009,0.));
#6139=CARTESIAN_POINT('',(0.9,0.));
#6140=CARTESIAN_POINT('',(0.1,0.));
#6141=CARTESIAN_POINT('',(3.30024887449592,-2.22005940894656,0.903863032182113));
#6142=CARTESIAN_POINT('',(3.30024887449595,-2.32005940894657,0.903863032182147));
#6143=CARTESIAN_POINT('',(3.20024887449592,-2.32005940894657,0.903863032182113));
#6144=CARTESIAN_POINT('',(0.9,0.));
#6145=CARTESIAN_POINT('',(0.9,0.15707963267956));
#6146=CARTESIAN_POINT('',(0.1,0.15707963267956));
#6147=CARTESIAN_POINT('',(0.9,0.15707963267956));
#6148=CARTESIAN_POINT('',(3.20024887449593,-2.32005940894658,0.103863032182113));
#6149=CARTESIAN_POINT('',(3.30024887449597,-2.32005940894659,0.103863032182113));
#6150=CARTESIAN_POINT('',(3.30024887449592,-2.22005940894656,0.103863032182113));
#6151=CARTESIAN_POINT('',(0.1,0.15707963267956));
#6152=CARTESIAN_POINT('',(0.1,0.));
#6153=CARTESIAN_POINT('',(3.20024887449594,-1.52005940894657,0.103863032182113));
#6154=CARTESIAN_POINT('',(3.20024887449598,-1.52005940894657,0.00386303218211571));
#6155=CARTESIAN_POINT('',(3.20024887449592,-1.62005940894658,0.00386303218211304));
#6156=CARTESIAN_POINT('',(0.,0.0999999999999897));
#6157=CARTESIAN_POINT('',(0.157079632679526,0.0999999999999897));
#6158=CARTESIAN_POINT('',(0.157079632679526,1.9));
#6159=CARTESIAN_POINT('',(0.157079632679526,0.0999999999999897));
#6160=CARTESIAN_POINT('',(1.40024887449593,-1.62005940894658,0.00386303218211304));
#6161=CARTESIAN_POINT('',(1.40024887449598,-1.52005940894657,0.00386303218211159));
#6162=CARTESIAN_POINT('',(1.40024887449593,-1.52005940894657,0.103863032182113));
#6163=CARTESIAN_POINT('',(0.157079632679526,1.9));
#6164=CARTESIAN_POINT('',(0.,1.9));
#6165=CARTESIAN_POINT('',(0.,0.0999999999999897));
#6166=CARTESIAN_POINT('',(0.,1.9));
#6167=CARTESIAN_POINT('',(0.899999999999999,0.));
#6168=CARTESIAN_POINT('',(0.1,0.));
#6169=CARTESIAN_POINT('',(1.40024887449593,-1.52005940894657,0.103863032182113));
#6170=CARTESIAN_POINT('',(1.30024887449593,-1.52005940894657,0.103863032182112));
#6171=CARTESIAN_POINT('',(1.30024887449592,-1.62005940894656,0.103863032182112));
#6172=CARTESIAN_POINT('',(0.899999999999999,0.));
#6173=CARTESIAN_POINT('',(0.899999999999999,0.157079632679568));
#6174=CARTESIAN_POINT('',(0.1,0.157079632679568));
#6175=CARTESIAN_POINT('',(0.899999999999999,0.157079632679568));
#6176=CARTESIAN_POINT('',(1.30024887449592,-1.62005940894658,0.903863032182113));
#6177=CARTESIAN_POINT('',(1.30024887449592,-1.52005940894656,0.903863032182113));
#6178=CARTESIAN_POINT('',(1.40024887449593,-1.52005940894657,0.903863032182113));
#6179=CARTESIAN_POINT('',(0.1,0.157079632679568));
#6180=CARTESIAN_POINT('',(0.1,0.));
#6181=CARTESIAN_POINT('',(1.89999999999999,0.));
#6182=CARTESIAN_POINT('',(0.100000000000001,0.));
#6183=CARTESIAN_POINT('',(1.40024887449592,-1.52005940894657,0.903863032182112));
#6184=CARTESIAN_POINT('',(1.40024887449604,-1.52005940894657,1.00386303218211));
#6185=CARTESIAN_POINT('',(1.40024887449592,-1.62005940894658,1.00386303218211));
#6186=CARTESIAN_POINT('',(1.89999999999999,0.));
#6187=CARTESIAN_POINT('',(1.89999999999999,0.157079632679526));
#6188=CARTESIAN_POINT('',(0.100000000000001,0.157079632679526));
#6189=CARTESIAN_POINT('',(1.89999999999999,0.157079632679526));
#6190=CARTESIAN_POINT('',(3.20024887449592,-1.62005940894658,1.00386303218211));
#6191=CARTESIAN_POINT('',(3.20024887449605,-1.52005940894655,1.00386303218211));
#6192=CARTESIAN_POINT('',(3.20024887449593,-1.52005940894657,0.903863032182112));
#6193=CARTESIAN_POINT('',(0.100000000000001,0.157079632679526));
#6194=CARTESIAN_POINT('',(0.100000000000001,0.));
#6195=CARTESIAN_POINT('',(1.30024887449592,-1.62005940894658,0.103863032182113));
#6196=CARTESIAN_POINT('',(1.30024887449594,-1.62005940894659,0.00386303218211736));
#6197=CARTESIAN_POINT('',(1.40024887449593,-1.62005940894658,0.00386303218211304));
#6198=CARTESIAN_POINT('',(0.,0.0999999999999983));
#6199=CARTESIAN_POINT('',(0.157079632679526,0.0999999999999983));
#6200=CARTESIAN_POINT('',(0.157079632679526,0.700000000000006));
#6201=CARTESIAN_POINT('',(0.157079632679526,0.0999999999999983));
#6202=CARTESIAN_POINT('',(1.40024887449593,-2.22005940894656,0.00386303218211304));
#6203=CARTESIAN_POINT('',(1.30024887449594,-2.22005940894656,0.00386303218211995));
#6204=CARTESIAN_POINT('',(1.30024887449592,-2.22005940894658,0.103863032182113));
#6205=CARTESIAN_POINT('',(0.157079632679526,0.700000000000006));
#6206=CARTESIAN_POINT('',(0.,0.700000000000006));
#6207=CARTESIAN_POINT('',(0.,0.0999999999999983));
#6208=CARTESIAN_POINT('',(0.,0.700000000000006));
#6209=CARTESIAN_POINT('',(0.899999999999999,0.));
#6210=CARTESIAN_POINT('',(0.0999999999999993,0.));
#6211=CARTESIAN_POINT('',(1.30024887449592,-2.22005940894658,0.103863032182113));
#6212=CARTESIAN_POINT('',(1.30024887449595,-2.32005940894656,0.103863032182112));
#6213=CARTESIAN_POINT('',(1.40024887449593,-2.32005940894658,0.103863032182112));
#6214=CARTESIAN_POINT('',(0.899999999999999,0.));
#6215=CARTESIAN_POINT('',(0.899999999999999,0.157079632679625));
#6216=CARTESIAN_POINT('',(0.0999999999999993,0.157079632679625));
#6217=CARTESIAN_POINT('',(0.899999999999999,0.157079632679625));
#6218=CARTESIAN_POINT('',(1.40024887449595,-2.32005940894657,0.903863032182112));
#6219=CARTESIAN_POINT('',(1.30024887449599,-2.32005940894657,0.903863032182113));
#6220=CARTESIAN_POINT('',(1.30024887449593,-2.22005940894658,0.903863032182113));
#6221=CARTESIAN_POINT('',(0.0999999999999993,0.157079632679625));
#6222=CARTESIAN_POINT('',(0.0999999999999993,0.));
#6223=CARTESIAN_POINT('',(0.70000000000001,0.));
#6224=CARTESIAN_POINT('',(0.1,0.));
#6225=CARTESIAN_POINT('',(1.30024887449594,-2.22005940894658,0.903863032182113));
#6226=CARTESIAN_POINT('',(1.30024887449594,-2.22005940894659,1.0038630321821));
#6227=CARTESIAN_POINT('',(1.40024887449593,-2.22005940894657,1.00386303218212));
#6228=CARTESIAN_POINT('',(0.70000000000001,0.));
#6229=CARTESIAN_POINT('',(0.70000000000001,0.157079632679541));
#6230=CARTESIAN_POINT('',(0.1,0.157079632679541));
#6231=CARTESIAN_POINT('',(0.70000000000001,0.157079632679541));
#6232=CARTESIAN_POINT('',(1.40024887449592,-1.62005940894658,1.00386303218211));
#6233=CARTESIAN_POINT('',(1.30024887449591,-1.62005940894651,1.00386303218212));
#6234=CARTESIAN_POINT('',(1.30024887449592,-1.62005940894658,0.903863032182113));
#6235=CARTESIAN_POINT('',(0.1,0.157079632679541));
#6236=CARTESIAN_POINT('',(0.1,0.));
#6237=CARTESIAN_POINT('',(1.40024887449594,-2.32005940894657,0.103863032182113));
#6238=CARTESIAN_POINT('',(1.40024887449604,-2.32005940894656,0.00386303218211362));
#6239=CARTESIAN_POINT('',(1.40024887449593,-2.22005940894656,0.00386303218211304));
#6240=CARTESIAN_POINT('',(0.,0.100000000000006));
#6241=CARTESIAN_POINT('',(0.15707963267956,0.100000000000006));
#6242=CARTESIAN_POINT('',(0.15707963267956,1.9));
#6243=CARTESIAN_POINT('',(0.15707963267956,0.100000000000006));
#6244=CARTESIAN_POINT('',(3.20024887449592,-2.22005940894657,0.00386303218211304));
#6245=CARTESIAN_POINT('',(3.20024887449602,-2.32005940894655,0.00386303218211455));
#6246=CARTESIAN_POINT('',(3.20024887449592,-2.32005940894658,0.103863032182113));
#6247=CARTESIAN_POINT('',(0.15707963267956,1.9));
#6248=CARTESIAN_POINT('',(0.,1.9));
#6249=CARTESIAN_POINT('',(0.,0.100000000000006));
#6250=CARTESIAN_POINT('',(0.,1.9));
#6251=CARTESIAN_POINT('',(1.89999999999999,0.));
#6252=CARTESIAN_POINT('',(0.100000000000013,0.));
#6253=CARTESIAN_POINT('',(3.20024887449592,-2.32005940894657,0.903863032182113));
#6254=CARTESIAN_POINT('',(3.20024887449594,-2.32005940894656,1.0038630321821));
#6255=CARTESIAN_POINT('',(3.20024887449594,-2.22005940894658,1.00386303218211));
#6256=CARTESIAN_POINT('',(1.89999999999999,0.));
#6257=CARTESIAN_POINT('',(1.89999999999999,0.15707963267954));
#6258=CARTESIAN_POINT('',(0.100000000000013,0.15707963267954));
#6259=CARTESIAN_POINT('',(1.89999999999999,0.15707963267954));
#6260=CARTESIAN_POINT('',(1.40024887449593,-2.22005940894657,1.00386303218211));
#6261=CARTESIAN_POINT('',(1.40024887449603,-2.32005940894657,1.00386303218211));
#6262=CARTESIAN_POINT('',(1.40024887449595,-2.32005940894657,0.903863032182112));
#6263=CARTESIAN_POINT('',(0.100000000000013,0.15707963267954));
#6264=CARTESIAN_POINT('',(0.100000000000013,0.));
#6265=CARTESIAN_POINT('',(0.23558000448986,2.65906625780985));
#6266=CARTESIAN_POINT('',(0.0785398163397424,2.65906625780985));
#6267=CARTESIAN_POINT('',(0.157059287961387,4.31212086991652));
#6268=CARTESIAN_POINT('',(0.177504913984161,4.09723283117968));
#6269=CARTESIAN_POINT('',(0.196883421530764,3.88235985945512));
#6270=CARTESIAN_POINT('',(0.228632974504043,3.33098843294788));
#6271=CARTESIAN_POINT('',(0.235580004489836,2.99531504919898));
#6272=CARTESIAN_POINT('',(0.23558000448986,2.65906625780985));
#6273=CARTESIAN_POINT('',(0.0785398163397424,2.65906625780985));
#6274=CARTESIAN_POINT('',(0.0785398163397753,2.99531645351097));
#6275=CARTESIAN_POINT('',(0.0855213780251389,3.3309889906218));
#6276=CARTESIAN_POINT('',(0.117302411369522,3.88235624992553));
#6277=CARTESIAN_POINT('',(0.136613753187545,4.09723379022598));
#6278=CARTESIAN_POINT('',(0.157059287961387,4.31212086991652));
#6279=CARTESIAN_POINT('',(0.235619449019244,2.65906625780999));
#6280=CARTESIAN_POINT('',(0.0785398163397441,2.65906625780988));
#6281=CARTESIAN_POINT('',(0.157079632679494,4.3121208699167));
#6282=CARTESIAN_POINT('',(0.175995387959907,4.09715554191153));
#6283=CARTESIAN_POINT('',(0.195155002215009,3.88226909383413));
#6284=CARTESIAN_POINT('',(0.227724184751218,3.33100357708784));
#6285=CARTESIAN_POINT('',(0.235619449019233,2.995353896625));
#6286=CARTESIAN_POINT('',(0.235619449019244,2.65906625780999));
#6287=CARTESIAN_POINT('',(0.0785398163397441,2.65906625780988));
#6288=CARTESIAN_POINT('',(0.0785398163396774,2.99535389662518));
#6289=CARTESIAN_POINT('',(0.0864350806076361,3.33100357708831));
#6290=CARTESIAN_POINT('',(0.119004263143853,3.88226909383465));
#6291=CARTESIAN_POINT('',(0.138163877398991,4.09715554191179));
#6292=CARTESIAN_POINT('',(0.157079632679494,4.3121208699167));
#6293=CARTESIAN_POINT('',(0.0785398163397463,3.95481301290552));
#6294=CARTESIAN_POINT('',(0.235619449019237,3.95481301290552));
#6295=CARTESIAN_POINT('',(0.157079632679492,2.30175840079888));
#6296=CARTESIAN_POINT('',(0.138163877399105,2.51672372880415));
#6297=CARTESIAN_POINT('',(0.119004263143984,2.73161017688166));
#6298=CARTESIAN_POINT('',(0.0864350806078042,3.28287569362793));
#6299=CARTESIAN_POINT('',(0.0785398163397759,3.61852537409064));
#6300=CARTESIAN_POINT('',(0.0785398163397463,3.95481301290552));
#6301=CARTESIAN_POINT('',(0.235619449019237,3.95481301290552));
#6302=CARTESIAN_POINT('',(0.235619449019304,3.61852537409021));
#6303=CARTESIAN_POINT('',(0.227724184751357,3.28287569362707));
#6304=CARTESIAN_POINT('',(0.195155002215132,2.73161017688079));
#6305=CARTESIAN_POINT('',(0.175995387959995,2.51672372880371));
#6306=CARTESIAN_POINT('',(0.157079632679492,2.30175840079888));
#6307=CARTESIAN_POINT('',(0.235619449019187,3.95481301290533));
#6308=CARTESIAN_POINT('',(0.235619449019119,3.61852537409064));
#6309=CARTESIAN_POINT('',(0.22772418475106,3.28287569362811));
#6310=CARTESIAN_POINT('',(0.195155002214901,2.73161017688183));
#6311=CARTESIAN_POINT('',(0.175995387959804,2.51672372880411));
#6312=CARTESIAN_POINT('',(0.157079632679463,2.30175840079863));
#6313=CARTESIAN_POINT('',(0.078539816339739,3.9548130129055));
#6314=CARTESIAN_POINT('',(0.235619449019187,3.95481301290533));
#6315=CARTESIAN_POINT('',(0.157079632679463,2.30175840079863));
#6316=CARTESIAN_POINT('',(0.138163877399048,2.51672372880386));
#6317=CARTESIAN_POINT('',(0.119004263143953,2.73161017688133));
#6318=CARTESIAN_POINT('',(0.0864350806077641,3.28287569362767));
#6319=CARTESIAN_POINT('',(0.0785398163397449,3.6185253740905));
#6320=CARTESIAN_POINT('',(0.078539816339739,3.9548130129055));
#6321=CARTESIAN_POINT('',(0.157079632679496,4.31212086991663));
#6322=CARTESIAN_POINT('',(0.175995387959938,4.09715554191153));
#6323=CARTESIAN_POINT('',(0.195155002215047,3.88226909383418));
#6324=CARTESIAN_POINT('',(0.227724184751254,3.33100357708791));
#6325=CARTESIAN_POINT('',(0.235619449019257,2.99535389662502));
#6326=CARTESIAN_POINT('',(0.235619449019245,2.65906625780996));
#6327=CARTESIAN_POINT('',(0.0785398163397466,2.65906625780996));
#6328=CARTESIAN_POINT('',(0.0785398163397433,2.99535389662499));
#6329=CARTESIAN_POINT('',(0.0864350806077392,3.33100357708785));
#6330=CARTESIAN_POINT('',(0.11900426314394,3.88226909383413));
#6331=CARTESIAN_POINT('',(0.138163877399064,4.0971555419115));
#6332=CARTESIAN_POINT('',(0.157079632679496,4.31212086991663));
#6333=CARTESIAN_POINT('',(0.235619449019245,2.65906625780996));
#6334=CARTESIAN_POINT('',(0.0785398163397466,2.65906625780996));
#6335=CARTESIAN_POINT('',(0.0785398163397539,3.95481301290547));
#6336=CARTESIAN_POINT('',(0.235580004489864,3.95481301290547));
#6337=CARTESIAN_POINT('',(0.157059287961369,2.30175840079893));
#6338=CARTESIAN_POINT('',(0.136613753187503,2.51664548048945));
#6339=CARTESIAN_POINT('',(0.117302411369482,2.7315230207899));
#6340=CARTESIAN_POINT('',(0.0855213780251165,3.28289028009358));
#6341=CARTESIAN_POINT('',(0.0785398163397694,3.61856281720438));
#6342=CARTESIAN_POINT('',(0.0785398163397539,3.95481301290547));
#6343=CARTESIAN_POINT('',(0.235580004489864,3.95481301290547));
#6344=CARTESIAN_POINT('',(0.235580004489891,3.6185642215162));
#6345=CARTESIAN_POINT('',(0.228632974504108,3.28289083776715));
#6346=CARTESIAN_POINT('',(0.196883421530823,2.73151941125995));
#6347=CARTESIAN_POINT('',(0.177504913984216,2.51664643953557));
#6348=CARTESIAN_POINT('',(0.157059287961369,2.30175840079893));
#6349=CARTESIAN_POINT('',(0.15707963267948,4.31212086991649));
#6350=CARTESIAN_POINT('',(0.175995387959902,4.09715554191138));
#6351=CARTESIAN_POINT('',(0.195155002215025,3.88226909383403));
#6352=CARTESIAN_POINT('',(0.227724184751204,3.33100357708781));
#6353=CARTESIAN_POINT('',(0.235619449019233,2.99535389662499));
#6354=CARTESIAN_POINT('',(0.235619449019227,2.65906625781001));
#6355=CARTESIAN_POINT('',(0.0785398163397334,2.65906625781001));
#6356=CARTESIAN_POINT('',(0.0785398163397095,2.99535389662511));
#6357=CARTESIAN_POINT('',(0.086435080607704,3.33100357708803));
#6358=CARTESIAN_POINT('',(0.119004263143911,3.88226909383425));
#6359=CARTESIAN_POINT('',(0.138163877399026,4.09715554191149));
#6360=CARTESIAN_POINT('',(0.15707963267948,4.31212086991649));
#6361=CARTESIAN_POINT('',(0.235619449019227,2.65906625781001));
#6362=CARTESIAN_POINT('',(0.0785398163397334,2.65906625781001));
#6363=CARTESIAN_POINT('',(0.157079632679513,2.30175840079854));
#6364=CARTESIAN_POINT('',(0.138163877399087,2.51672372880367));
#6365=CARTESIAN_POINT('',(0.119004263143967,2.73161017688104));
#6366=CARTESIAN_POINT('',(0.0864350806077613,3.28287569362731));
#6367=CARTESIAN_POINT('',(0.0785398163397578,3.61852537409017));
#6368=CARTESIAN_POINT('',(0.0785398163397572,3.9548130129052));
#6369=CARTESIAN_POINT('',(0.235619449019268,3.95481301290536));
#6370=CARTESIAN_POINT('',(0.235619449019299,3.6185253740902));
#6371=CARTESIAN_POINT('',(0.227724184751309,3.28287569362722));
#6372=CARTESIAN_POINT('',(0.1951550022151,2.73161017688089));
#6373=CARTESIAN_POINT('',(0.17599538795997,2.51672372880359));
#6374=CARTESIAN_POINT('',(0.157079632679513,2.30175840079854));
#6375=CARTESIAN_POINT('',(0.0785398163397572,3.9548130129052));
#6376=CARTESIAN_POINT('',(0.235619449019268,3.95481301290536));
#6377=CARTESIAN_POINT('',(-3.29975112550407,2.47994059105343,0.00386303218211304));
#6378=CARTESIAN_POINT('',(-3.29975112550407,2.47994059105343,1.00386303218211));
#6379=CARTESIAN_POINT('',(-3.29975112550407,1.67994059105343,0.00386303218211304));
#6380=CARTESIAN_POINT('',(-3.29975112550407,1.67994059105343,1.00386303218211));
#6381=CARTESIAN_POINT('',(-3.29975112550407,1.67994059105343,0.00386303218211304));
#6382=CARTESIAN_POINT('',(-3.29975112550407,1.67994059105343,1.00386303218211));
#6383=CARTESIAN_POINT('',(-1.29975112550407,1.67994059105343,0.00386303218211304));
#6384=CARTESIAN_POINT('',(-1.29975112550407,1.67994059105343,1.00386303218211));
#6385=CARTESIAN_POINT('',(-1.29975112550407,1.67994059105343,0.00386303218211304));
#6386=CARTESIAN_POINT('',(-1.29975112550407,1.67994059105343,1.00386303218211));
#6387=CARTESIAN_POINT('',(-1.29975112550407,2.47994059105343,0.00386303218211304));
#6388=CARTESIAN_POINT('',(-1.29975112550407,2.47994059105343,1.00386303218211));
#6389=CARTESIAN_POINT('',(-1.29975112550407,2.47994059105343,0.00386303218211304));
#6390=CARTESIAN_POINT('',(-1.29975112550407,2.47994059105343,1.00386303218211));
#6391=CARTESIAN_POINT('',(-3.29975112550407,2.47994059105343,0.00386303218211304));
#6392=CARTESIAN_POINT('',(-3.29975112550407,2.47994059105343,1.00386303218211));
#6393=CARTESIAN_POINT('',(-1.29975112550407,2.47994059105343,0.00386303218211304));
#6394=CARTESIAN_POINT('',(-3.29975112550407,2.47994059105343,0.00386303218211304));
#6395=CARTESIAN_POINT('',(-1.29975112550407,1.67994059105343,0.00386303218211304));
#6396=CARTESIAN_POINT('',(-3.29975112550407,1.67994059105343,0.00386303218211304));
#6397=CARTESIAN_POINT('',(-1.29975112550407,2.47994059105343,1.00386303218211));
#6398=CARTESIAN_POINT('',(-1.29975112550407,1.67994059105343,1.00386303218211));
#6399=CARTESIAN_POINT('',(-3.29975112550407,2.47994059105343,1.00386303218211));
#6400=CARTESIAN_POINT('',(-3.29975112550407,1.67994059105343,1.00386303218211));
#6401=CARTESIAN_POINT('',(-3.29975112550407,2.47994059105343,0.103863032182113));
#6402=CARTESIAN_POINT('',(-3.29975112550407,1.67994059105344,0.103863032182113));
#6403=CARTESIAN_POINT('',(-3.29975112550407,2.47994059105335,0.00386303218211717));
#6404=CARTESIAN_POINT('',(-3.29975112550407,1.67994059105335,0.00386303218211877));
#6405=CARTESIAN_POINT('',(-3.19975112550407,2.47994059105342,0.00386303218211304));
#6406=CARTESIAN_POINT('',(-3.19975112550406,1.67994059105342,0.00386303218211304));
#6407=CARTESIAN_POINT('',(-3.29975112550406,1.77994059105341,1.00386303218211));
#6408=CARTESIAN_POINT('',(-3.29975112550403,1.67994059105342,1.00386303218186));
#6409=CARTESIAN_POINT('',(-3.19975112550406,1.67994059105342,1.00386303218211));
#6410=CARTESIAN_POINT('',(-3.29975112550406,1.7799405910534,0.00386303218211304));
#6411=CARTESIAN_POINT('',(-3.29975112550404,1.67994059105343,0.00386303218185686));
#6412=CARTESIAN_POINT('',(-3.19975112550405,1.67994059105342,0.00386303218211304));
#6413=CARTESIAN_POINT('',(-3.29975112550408,2.47994059105342,0.903863032182112));
#6414=CARTESIAN_POINT('',(-3.29975112550406,2.47994059105324,1.00386303218211));
#6415=CARTESIAN_POINT('',(-3.19975112550406,2.47994059105343,1.00386303218211));
#6416=CARTESIAN_POINT('',(-3.29975112550408,1.67994059105344,0.903863032182113));
#6417=CARTESIAN_POINT('',(-3.29975112550405,1.67994059105326,1.00386303218211));
#6418=CARTESIAN_POINT('',(-3.19975112550406,1.67994059105344,1.00386303218211));
#6419=CARTESIAN_POINT('',(-3.29975112550406,2.37994059105343,0.00386303218211304));
#6420=CARTESIAN_POINT('',(-3.29975112550408,2.47994059105342,0.00386303218190723));
#6421=CARTESIAN_POINT('',(-3.19975112550409,2.47994059105342,0.00386303218211304));
#6422=CARTESIAN_POINT('',(-3.29975112550407,2.37994059105343,1.00386303218211));
#6423=CARTESIAN_POINT('',(-3.29975112550407,2.47994059105342,1.00386303218191));
#6424=CARTESIAN_POINT('',(-3.19975112550409,2.47994059105342,1.00386303218211));
#6425=CARTESIAN_POINT('',(-3.29975112550408,1.67994059105344,0.103863032182113));
#6426=CARTESIAN_POINT('',(-1.29975112550407,1.67994059105344,0.103863032182113));
#6427=CARTESIAN_POINT('',(-3.29975112550409,1.67994059105342,0.0038630321821097));
#6428=CARTESIAN_POINT('',(-1.29975112550406,1.67994059105342,0.0038630321821097));
#6429=CARTESIAN_POINT('',(-3.29975112550408,1.77994059105343,0.00386303218211304));
#6430=CARTESIAN_POINT('',(-1.29975112550407,1.77994059105343,0.00386303218211304));
#6431=CARTESIAN_POINT('',(-1.39975112550407,1.67994059105341,1.00386303218211));
#6432=CARTESIAN_POINT('',(-1.29975112550407,1.67994059105346,1.00386303218199));
#6433=CARTESIAN_POINT('',(-1.29975112550407,1.77994059105346,1.00386303218211));
#6434=CARTESIAN_POINT('',(-1.39975112550407,1.67994059105341,0.00386303218211304));
#6435=CARTESIAN_POINT('',(-1.29975112550407,1.67994059105346,0.00386303218199109));
#6436=CARTESIAN_POINT('',(-1.29975112550407,1.77994059105346,0.00386303218211304));
#6437=CARTESIAN_POINT('',(-3.29975112550407,1.67994059105342,0.903863032182113));
#6438=CARTESIAN_POINT('',(-3.29975112550406,1.67994059105344,1.00386303218211));
#6439=CARTESIAN_POINT('',(-3.29975112550407,1.77994059105344,1.00386303218211));
#6440=CARTESIAN_POINT('',(-1.29975112550406,1.67994059105342,0.903863032182113));
#6441=CARTESIAN_POINT('',(-1.29975112550406,1.67994059105343,1.00386303218211));
#6442=CARTESIAN_POINT('',(-1.29975112550407,1.77994059105344,1.00386303218211));
#6443=CARTESIAN_POINT('',(-1.29975112550408,1.67994059105345,0.103863032182113));
#6444=CARTESIAN_POINT('',(-1.29975112550408,2.47994059105343,0.103863032182113));
#6445=CARTESIAN_POINT('',(-1.29975112550405,1.67994059105326,0.00386303218210766));
#6446=CARTESIAN_POINT('',(-1.29975112550406,2.47994059105322,0.00386303218210463));
#6447=CARTESIAN_POINT('',(-1.39975112550405,1.67994059105343,0.00386303218211304));
#6448=CARTESIAN_POINT('',(-1.39975112550405,2.47994059105341,0.00386303218211304));
#6449=CARTESIAN_POINT('',(-1.29975112550407,2.37994059105339,1.00386303218211));
#6450=CARTESIAN_POINT('',(-1.29975112550404,2.47994059105341,1.00386303218232));
#6451=CARTESIAN_POINT('',(-1.39975112550406,2.47994059105343,1.00386303218211));
#6452=CARTESIAN_POINT('',(-1.29975112550407,2.37994059105338,0.00386303218211304));
#6453=CARTESIAN_POINT('',(-1.29975112550402,2.47994059105341,0.00386303218231842));
#6454=CARTESIAN_POINT('',(-1.39975112550405,2.47994059105343,0.00386303218211304));
#6455=CARTESIAN_POINT('',(-1.29975112550408,1.67994059105342,0.903863032182113));
#6456=CARTESIAN_POINT('',(-1.29975112550407,1.67994059105314,1.00386303218211));
#6457=CARTESIAN_POINT('',(-1.39975112550406,1.67994059105344,1.00386303218211));
#6458=CARTESIAN_POINT('',(-1.29975112550408,2.47994059105341,0.903863032182113));
#6459=CARTESIAN_POINT('',(-1.29975112550407,2.47994059105313,1.00386303218211));
#6460=CARTESIAN_POINT('',(-1.39975112550406,2.47994059105343,1.00386303218211));
#6461=CARTESIAN_POINT('',(-1.29975112550408,2.47994059105341,0.103863032182113));
#6462=CARTESIAN_POINT('',(-3.29975112550407,2.47994059105342,0.103863032182113));
#6463=CARTESIAN_POINT('',(-1.29975112550397,2.47994059105341,0.00386303218212138));
#6464=CARTESIAN_POINT('',(-3.29975112550395,2.47994059105342,0.00386303218211248));
#6465=CARTESIAN_POINT('',(-1.29975112550407,2.37994059105342,0.00386303218211304));
#6466=CARTESIAN_POINT('',(-3.29975112550406,2.37994059105342,0.00386303218211304));
#6467=CARTESIAN_POINT('',(-1.29975112550407,2.47994059105342,0.903863032182113));
#6468=CARTESIAN_POINT('',(-1.29975112550408,2.47994059105341,1.00386303218211));
#6469=CARTESIAN_POINT('',(-1.29975112550407,2.37994059105342,1.00386303218211));
#6470=CARTESIAN_POINT('',(-3.29975112550407,2.47994059105343,0.903863032182113));
#6471=CARTESIAN_POINT('',(-3.29975112550407,2.47994059105342,1.00386303218211));
#6472=CARTESIAN_POINT('',(-3.29975112550406,2.37994059105342,1.00386303218211));
#6473=CARTESIAN_POINT('',(-3.19975112550406,2.47994059105342,0.103863032182122));
#6474=CARTESIAN_POINT('',(-3.22936630167034,2.47994059105342,0.103863032182121));
#6475=CARTESIAN_POINT('',(-3.25014227843073,2.46501716234196,0.118786460893574));
#6476=CARTESIAN_POINT('',(-3.27091825519112,2.45009373363051,0.133709889605027));
#6477=CARTESIAN_POINT('',(-3.27045308022184,2.42915522518783,0.1546483980477));
#6478=CARTESIAN_POINT('',(-3.19975112550405,2.47994059105343,0.00386303218212322));
#6479=CARTESIAN_POINT('',(-3.25898147783662,2.47994059105343,0.00386303218212099));
#6480=CARTESIAN_POINT('',(-3.3005334313574,2.45009373363052,0.0337098896050262));
#6481=CARTESIAN_POINT('',(-3.34208538487818,2.4202468762076,0.0635567470279315));
#6482=CARTESIAN_POINT('',(-3.34115503493961,2.37836985932225,0.105433763913276));
#6483=CARTESIAN_POINT('',(-3.19975112550406,2.37994059105343,0.00386303218212183));
#6484=CARTESIAN_POINT('',(-3.22936630167034,2.37994059105343,0.00386303218212052));
#6485=CARTESIAN_POINT('',(-3.25014227843072,2.36501716234197,0.0187864608935712));
#6486=CARTESIAN_POINT('',(-3.27091825519111,2.35009373363052,0.0337098896050219));
#6487=CARTESIAN_POINT('',(-3.27045308022183,2.32915522518784,0.0546483980476917));
#6488=CARTESIAN_POINT('',(-3.19975112550406,1.67994059105344,0.103863032182107));
#6489=CARTESIAN_POINT('',(-3.19975112550406,1.67994059105344,0.0742478560158257));
#6490=CARTESIAN_POINT('',(-3.18482769679261,1.69486401976489,0.0534718792554394));
#6491=CARTESIAN_POINT('',(-3.16990426808115,1.70978744847635,0.0326959024950531));
#6492=CARTESIAN_POINT('',(-3.14896575963848,1.73072595691902,0.0331610774643409));
#6493=CARTESIAN_POINT('',(-3.24163330929049,1.67994059105344,0.103863032182106));
#6494=CARTESIAN_POINT('',(-3.24163330929049,1.67994059105344,0.0618443735051873));
#6495=CARTESIAN_POINT('',(-3.22045962273887,1.70111427760506,0.0323669639745892));
#6496=CARTESIAN_POINT('',(-3.19928593618724,1.72228796415669,0.00288955444399111));
#6497=CARTESIAN_POINT('',(-3.16957792315647,1.75199597718746,0.00354955484884383));
#6498=CARTESIAN_POINT('',(-3.27101497739659,1.70978744847635,0.10386303218211));
#6499=CARTESIAN_POINT('',(-3.27101497739659,1.70978744847635,0.0619821401408745));
#6500=CARTESIAN_POINT('',(-3.24991071304103,1.7308917128319,0.0326013782346298));
#6501=CARTESIAN_POINT('',(-3.22880644868548,1.75199597718746,0.00322061632838506));
#6502=CARTESIAN_POINT('',(-3.19919583935908,1.78160658651385,0.00387845278897452));
#6503=CARTESIAN_POINT('',(-3.30039664550268,1.73963430589926,0.103863032182114));
#6504=CARTESIAN_POINT('',(-3.30039664550268,1.73963430589926,0.0621199067765614));
#6505=CARTESIAN_POINT('',(-3.27936180334319,1.76066914805875,0.0328357924946704));
#6506=CARTESIAN_POINT('',(-3.25832696118371,1.78170399021823,0.00355167821277931));
#6507=CARTESIAN_POINT('',(-3.22881375556169,1.81121719584025,0.00420735072910568));
#6508=CARTESIAN_POINT('',(-3.29973878875224,1.78151132278462,0.10386303218212));
#6509=CARTESIAN_POINT('',(-3.29973878875224,1.78151132278461,0.0747166845359145));
#6510=CARTESIAN_POINT('',(-3.2850516081373,1.79619850339955,0.0542696057156553));
#6511=CARTESIAN_POINT('',(-3.27036442752236,1.81088568401449,0.0338225268953961));
#6512=CARTESIAN_POINT('',(-3.24975739000766,1.8314927215292,0.0342803378263489));
#6513=CARTESIAN_POINT('',(-3.14896575963848,1.73072595691903,0.974564986899906));
#6514=CARTESIAN_POINT('',(-3.16990426808117,1.70978744847635,0.975030161869195));
#6515=CARTESIAN_POINT('',(-3.18482769679263,1.69486401976489,0.9542541851088));
#6516=CARTESIAN_POINT('',(-3.19975112550409,1.67994059105343,0.933478208348404));
#6517=CARTESIAN_POINT('',(-3.19975112550409,1.67994059105343,0.903863032182111));
#6518=CARTESIAN_POINT('',(-3.16957792315648,1.75199597718747,1.00417650951539));
#6519=CARTESIAN_POINT('',(-3.19928593618725,1.72228796415669,1.00483650992025));
#6520=CARTESIAN_POINT('',(-3.22045962273888,1.70111427760506,0.975359100389642));
#6521=CARTESIAN_POINT('',(-3.24163330929051,1.67994059105343,0.945881690859038));
#6522=CARTESIAN_POINT('',(-3.24163330929051,1.67994059105344,0.90386303218211));
#6523=CARTESIAN_POINT('',(-3.19919583935908,1.78160658651386,1.00384761157526));
#6524=CARTESIAN_POINT('',(-3.22880644868548,1.75199597718746,1.00450544803585));
#6525=CARTESIAN_POINT('',(-3.24991071304104,1.7308917128319,0.975124686129602));
#6526=CARTESIAN_POINT('',(-3.27101497739659,1.70978744847635,0.945743924223353));
#6527=CARTESIAN_POINT('',(-3.27101497739659,1.70978744847635,0.90386303218211));
#6528=CARTESIAN_POINT('',(-3.22881375556168,1.81121719584025,1.00351871363512));
#6529=CARTESIAN_POINT('',(-3.2583269611837,1.78170399021823,1.00417438615146));
#6530=CARTESIAN_POINT('',(-3.27936180334319,1.76066914805874,0.974890271869561));
#6531=CARTESIAN_POINT('',(-3.30039664550268,1.73963430589926,0.945606157587668));
#6532=CARTESIAN_POINT('',(-3.30039664550268,1.73963430589926,0.90386303218211));
#6533=CARTESIAN_POINT('',(-3.24975739000764,1.8314927215292,0.973445726537886));
#6534=CARTESIAN_POINT('',(-3.27036442752235,1.81088568401449,0.973903537468845));
#6535=CARTESIAN_POINT('',(-3.28505160813729,1.79619850339955,0.953456458648584));
#6536=CARTESIAN_POINT('',(-3.29973878875224,1.7815113227846,0.933009379828323));
#6537=CARTESIAN_POINT('',(-3.29973878875224,1.7815113227846,0.903863032182111));
#6538=CARTESIAN_POINT('',(-3.19975112550407,2.37994059105342,1.00386303218212));
#6539=CARTESIAN_POINT('',(-3.22936630167036,2.37994059105342,1.00386303218212));
#6540=CARTESIAN_POINT('',(-3.25014227843075,2.36501716234197,0.988939603470662));
#6541=CARTESIAN_POINT('',(-3.27091825519114,2.35009373363051,0.974016174759207));
#6542=CARTESIAN_POINT('',(-3.27045308022185,2.32915522518783,0.953077666316532));
#6543=CARTESIAN_POINT('',(-3.19975112550406,2.47994059105344,1.00386303218212));
#6544=CARTESIAN_POINT('',(-3.25898147783664,2.47994059105344,1.00386303218212));
#6545=CARTESIAN_POINT('',(-3.30053343135743,2.45009373363052,0.974016174759206));
#6546=CARTESIAN_POINT('',(-3.34208538487822,2.4202468762076,0.944169317336292));
#6547=CARTESIAN_POINT('',(-3.34115503493964,2.37836985932224,0.902292300450937));
#6548=CARTESIAN_POINT('',(-3.19975112550407,2.47994059105342,0.903863032182103));
#6549=CARTESIAN_POINT('',(-3.22936630167035,2.47994059105343,0.903863032182106));
#6550=CARTESIAN_POINT('',(-3.25014227843075,2.46501716234197,0.888939603470651));
#6551=CARTESIAN_POINT('',(-3.27091825519114,2.45009373363051,0.874016174759196));
#6552=CARTESIAN_POINT('',(-3.27045308022185,2.42915522518783,0.85307766631652));
#6553=CARTESIAN_POINT('',(-1.29975112550406,1.77994059105342,0.103863032182113));
#6554=CARTESIAN_POINT('',(-1.29975112550406,1.77994059105342,0.0742478560158223));
#6555=CARTESIAN_POINT('',(-1.31467455421552,1.79486401976488,0.053471879255429));
#6556=CARTESIAN_POINT('',(-1.32959798292698,1.80978744847634,0.0326959024950357));
#6557=CARTESIAN_POINT('',(-1.35053649136966,1.83072595691902,0.0331610774643249));
#6558=CARTESIAN_POINT('',(-1.29975112550409,1.67994059105343,0.103863032182114));
#6559=CARTESIAN_POINT('',(-1.29975112550409,1.67994059105343,0.0446326798495474));
#6560=CARTESIAN_POINT('',(-1.329597982927,1.70978744847634,0.00308072632877127));
#6561=CARTESIAN_POINT('',(-1.35944484034991,1.73963430589925,-0.0384712271920049));
#6562=CARTESIAN_POINT('',(-1.40132185723526,1.7815113227846,-0.0375408772534269));
#6563=CARTESIAN_POINT('',(-1.39975112550408,1.67994059105345,0.103863032182113));
#6564=CARTESIAN_POINT('',(-1.39975112550408,1.67994059105345,0.0742478560158353));
#6565=CARTESIAN_POINT('',(-1.41467455421553,1.6948640197649,0.0534718792554509));
#6566=CARTESIAN_POINT('',(-1.42959798292698,1.70978744847636,0.0326959024950665));
#6567=CARTESIAN_POINT('',(-1.45053649136965,1.73072595691903,0.0331610774643554));
#6568=CARTESIAN_POINT('',(-1.35053649136965,1.83072595691902,0.974564986899895));
#6569=CARTESIAN_POINT('',(-1.32959798292697,1.80978744847634,0.975030161869179));
#6570=CARTESIAN_POINT('',(-1.31467455421552,1.79486401976489,0.954254185108788));
#6571=CARTESIAN_POINT('',(-1.29975112550406,1.77994059105343,0.933478208348397));
#6572=CARTESIAN_POINT('',(-1.29975112550406,1.77994059105343,0.903863032182112));
#6573=CARTESIAN_POINT('',(-1.40132185723524,1.78151132278459,1.04526694161768));
#6574=CARTESIAN_POINT('',(-1.35944484034989,1.73963430589924,1.04619729155625));
#6575=CARTESIAN_POINT('',(-1.32959798292698,1.70978744847633,1.00464533803546));
#6576=CARTESIAN_POINT('',(-1.29975112550406,1.67994059105341,0.963093384514681));
#6577=CARTESIAN_POINT('',(-1.29975112550406,1.67994059105342,0.903863032182109));
#6578=CARTESIAN_POINT('',(-1.45053649136966,1.73072595691901,0.974564986899884));
#6579=CARTESIAN_POINT('',(-1.42959798292699,1.70978744847633,0.97503016186917));
#6580=CARTESIAN_POINT('',(-1.41467455421554,1.69486401976488,0.954254185108783));
#6581=CARTESIAN_POINT('',(-1.39975112550408,1.67994059105343,0.933478208348395));
#6582=CARTESIAN_POINT('',(-1.39975112550408,1.67994059105343,0.903863032182114));
#6583=CARTESIAN_POINT('',(-1.39975112550408,2.47994059105343,0.103863032182117));
#6584=CARTESIAN_POINT('',(-1.39975112550408,2.47994059105343,0.0742478560158303));
#6585=CARTESIAN_POINT('',(-1.41467455421554,2.46501716234197,0.0534718792554392));
#6586=CARTESIAN_POINT('',(-1.42959798292699,2.45009373363051,0.032695902495048));
#6587=CARTESIAN_POINT('',(-1.45053649136967,2.42915522518783,0.0331610774643357));
#6588=CARTESIAN_POINT('',(-1.29975112550406,2.47994059105344,0.103863032182119));
#6589=CARTESIAN_POINT('',(-1.29975112550406,2.47994059105344,0.0446326798495407));
#6590=CARTESIAN_POINT('',(-1.32959798292698,2.45009373363052,0.00308072632875497));
#6591=CARTESIAN_POINT('',(-1.35944484034989,2.4202468762076,-0.0384712271920307));
#6592=CARTESIAN_POINT('',(-1.40132185723525,2.37836985932224,-0.0375408772534546));
#6593=CARTESIAN_POINT('',(-1.29975112550407,2.37994059105342,0.103863032182111));
#6594=CARTESIAN_POINT('',(-1.29975112550407,2.37994059105342,0.0742478560158272));
#6595=CARTESIAN_POINT('',(-1.31467455421552,2.36501716234196,0.0534718792554398));
#6596=CARTESIAN_POINT('',(-1.32959798292698,2.3500937336305,0.0326959024950523));
#6597=CARTESIAN_POINT('',(-1.35053649136965,2.32915522518783,0.0331610774643424));
#6598=CARTESIAN_POINT('',(-1.32904917078629,2.32915522518783,0.953077666316526));
#6599=CARTESIAN_POINT('',(-1.328583995817,2.35009373363051,0.974016174759205));
#6600=CARTESIAN_POINT('',(-1.3493599725774,2.36501716234197,0.988939603470663));
#6601=CARTESIAN_POINT('',(-1.37013594933779,2.37994059105343,1.00386303218212));
#6602=CARTESIAN_POINT('',(-1.39975112550408,2.37994059105342,1.00386303218211));
#6603=CARTESIAN_POINT('',(-1.25834721606851,2.37836985932224,0.902292300450936));
#6604=CARTESIAN_POINT('',(-1.25741686612993,2.4202468762076,0.944169317336296));
#6605=CARTESIAN_POINT('',(-1.29896881965072,2.45009373363052,0.974016174759212));
#6606=CARTESIAN_POINT('',(-1.34052077317151,2.47994059105344,1.00386303218213));
#6607=CARTESIAN_POINT('',(-1.3997511255041,2.47994059105343,1.00386303218212));
#6608=CARTESIAN_POINT('',(-1.32904917078629,2.42915522518783,0.85307766631652));
#6609=CARTESIAN_POINT('',(-1.328583995817,2.45009373363051,0.8740161747592));
#6610=CARTESIAN_POINT('',(-1.34935997257739,2.46501716234197,0.88893960347066));
#6611=CARTESIAN_POINT('',(-1.37013594933778,2.47994059105343,0.903863032182118));
#6612=CARTESIAN_POINT('',(-1.39975112550407,2.47994059105342,0.903863032182116));
#6613=CARTESIAN_POINT('',(-3.29975112550407,2.37994059105342,0.903863032182113));
#6614=CARTESIAN_POINT('',(-3.29975112550407,1.77994059105343,0.903863032182113));
#6615=CARTESIAN_POINT('',(-3.29975112550406,2.37994059105343,0.103863032182113));
#6616=CARTESIAN_POINT('',(-3.29975112550407,1.77994059105343,0.103863032182113));
#6617=CARTESIAN_POINT('',(-3.19975112550408,1.67994059105343,0.903863032182113));
#6618=CARTESIAN_POINT('',(-1.39975112550407,1.67994059105343,0.903863032182113));
#6619=CARTESIAN_POINT('',(-3.19975112550407,1.67994059105343,0.103863032182113));
#6620=CARTESIAN_POINT('',(-1.39975112550407,1.67994059105343,0.103863032182113));
#6621=CARTESIAN_POINT('',(-1.29975112550407,1.77994059105344,0.103863032182113));
#6622=CARTESIAN_POINT('',(-1.29975112550407,2.37994059105342,0.103863032182113));
#6623=CARTESIAN_POINT('',(-1.29975112550407,1.77994059105343,0.903863032182113));
#6624=CARTESIAN_POINT('',(-1.29975112550407,2.37994059105341,0.903863032182112));
#6625=CARTESIAN_POINT('',(-1.39975112550407,2.47994059105343,0.903863032182113));
#6626=CARTESIAN_POINT('',(-3.19975112550408,2.47994059105342,0.903863032182113));
#6627=CARTESIAN_POINT('',(-1.39975112550408,2.47994059105342,0.103863032182113));
#6628=CARTESIAN_POINT('',(-3.19975112550407,2.47994059105342,0.103863032182113));
#6629=CARTESIAN_POINT('',(-1.39975112550406,2.37994059105342,0.00386303218211304));
#6630=CARTESIAN_POINT('',(-3.19975112550406,2.37994059105342,0.00386303218211304));
#6631=CARTESIAN_POINT('',(-3.19975112550408,1.77994059105342,0.00386303218211304));
#6632=CARTESIAN_POINT('',(-1.39975112550406,1.77994059105343,0.00386303218211304));
#6633=CARTESIAN_POINT('',(-3.19975112550406,1.77994059105344,1.00386303218211));
#6634=CARTESIAN_POINT('',(-1.39975112550407,1.77994059105343,1.00386303218211));
#6635=CARTESIAN_POINT('',(-1.39975112550407,2.37994059105342,1.00386303218211));
#6636=CARTESIAN_POINT('',(-3.19975112550407,2.37994059105342,1.00386303218211));
#6637=CARTESIAN_POINT('',(-3.29975112550407,2.37994059105342,0.903863032182113));
#6638=CARTESIAN_POINT('',(-3.29975112550406,2.37994059105343,0.103863032182113));
#6639=CARTESIAN_POINT('',(0.099999999999996,0.9));
#6640=CARTESIAN_POINT('',(0.100000000000006,0.633333333333333));
#6641=CARTESIAN_POINT('',(0.100000000000006,0.366666666666667));
#6642=CARTESIAN_POINT('',(0.099999999999996,0.1));
#6643=CARTESIAN_POINT('',(-3.29975112550406,2.37994059105343,0.103863032182113));
#6644=CARTESIAN_POINT('',(-3.29975112550407,1.77994059105343,0.103863032182113));
#6645=CARTESIAN_POINT('',(0.099999999999996,0.1));
#6646=CARTESIAN_POINT('',(0.299999999999994,0.1));
#6647=CARTESIAN_POINT('',(0.499999999999994,0.1));
#6648=CARTESIAN_POINT('',(0.699999999999994,0.0999999999999999));
#6649=CARTESIAN_POINT('',(-3.29975112550407,1.77994059105343,0.103863032182113));
#6650=CARTESIAN_POINT('',(-3.29975112550407,1.77994059105343,0.903863032182113));
#6651=CARTESIAN_POINT('',(0.699999999999994,0.0999999999999999));
#6652=CARTESIAN_POINT('',(0.699999999999993,0.366666666666666));
#6653=CARTESIAN_POINT('',(0.700000000000004,0.633333333333333));
#6654=CARTESIAN_POINT('',(0.699999999999991,0.9));
#6655=CARTESIAN_POINT('',(-3.29975112550407,1.77994059105343,0.903863032182113));
#6656=CARTESIAN_POINT('',(-3.29975112550407,2.37994059105342,0.903863032182113));
#6657=CARTESIAN_POINT('',(0.699999999999991,0.9));
#6658=CARTESIAN_POINT('',(0.499999999999991,0.9));
#6659=CARTESIAN_POINT('',(0.299999999999993,0.9));
#6660=CARTESIAN_POINT('',(0.099999999999996,0.9));
#6661=CARTESIAN_POINT('',(-3.19975112550408,1.67994059105343,0.903863032182113));
#6662=CARTESIAN_POINT('',(-3.19975112550407,1.67994059105343,0.103863032182113));
#6663=CARTESIAN_POINT('',(0.899999999999995,0.9));
#6664=CARTESIAN_POINT('',(0.899999999999995,0.633333333333333));
#6665=CARTESIAN_POINT('',(0.90000000000001,0.366666666666666));
#6666=CARTESIAN_POINT('',(0.899999999999992,0.0999999999999999));
#6667=CARTESIAN_POINT('',(-3.19975112550407,1.67994059105343,0.103863032182113));
#6668=CARTESIAN_POINT('',(-1.39975112550407,1.67994059105343,0.103863032182113));
#6669=CARTESIAN_POINT('',(0.899999999999992,0.0999999999999999));
#6670=CARTESIAN_POINT('',(1.49999999999999,0.1));
#6671=CARTESIAN_POINT('',(2.09999999999999,0.1));
#6672=CARTESIAN_POINT('',(2.69999999999999,0.0999999999999999));
#6673=CARTESIAN_POINT('',(-1.39975112550407,1.67994059105343,0.103863032182113));
#6674=CARTESIAN_POINT('',(-1.39975112550407,1.67994059105343,0.903863032182113));
#6675=CARTESIAN_POINT('',(2.69999999999999,0.0999999999999999));
#6676=CARTESIAN_POINT('',(2.7,0.366666666666666));
#6677=CARTESIAN_POINT('',(2.7,0.633333333333333));
#6678=CARTESIAN_POINT('',(2.69999999999999,0.9));
#6679=CARTESIAN_POINT('',(-1.39975112550407,1.67994059105343,0.903863032182113));
#6680=CARTESIAN_POINT('',(-3.19975112550408,1.67994059105343,0.903863032182113));
#6681=CARTESIAN_POINT('',(2.69999999999999,0.9));
#6682=CARTESIAN_POINT('',(2.09999999999999,0.9));
#6683=CARTESIAN_POINT('',(1.49999999999999,0.899999999999999));
#6684=CARTESIAN_POINT('',(0.899999999999995,0.9));
#6685=CARTESIAN_POINT('',(-1.29975112550407,1.77994059105344,0.103863032182113));
#6686=CARTESIAN_POINT('',(-1.29975112550407,2.37994059105342,0.103863032182113));
#6687=CARTESIAN_POINT('',(2.9,0.1));
#6688=CARTESIAN_POINT('',(3.1,0.1));
#6689=CARTESIAN_POINT('',(3.29999999999999,0.1));
#6690=CARTESIAN_POINT('',(3.49999999999999,0.1));
#6691=CARTESIAN_POINT('',(-1.29975112550407,2.37994059105342,0.103863032182113));
#6692=CARTESIAN_POINT('',(-1.29975112550407,2.37994059105341,0.903863032182112));
#6693=CARTESIAN_POINT('',(3.49999999999999,0.1));
#6694=CARTESIAN_POINT('',(3.5,0.366666666666666));
#6695=CARTESIAN_POINT('',(3.49999999999999,0.633333333333333));
#6696=CARTESIAN_POINT('',(3.49999999999999,0.9));
#6697=CARTESIAN_POINT('',(-1.29975112550407,2.37994059105341,0.903863032182112));
#6698=CARTESIAN_POINT('',(-1.29975112550407,1.77994059105343,0.903863032182113));
#6699=CARTESIAN_POINT('',(3.49999999999999,0.9));
#6700=CARTESIAN_POINT('',(3.3,0.9));
#6701=CARTESIAN_POINT('',(3.1,0.899999999999999));
#6702=CARTESIAN_POINT('',(2.9,0.9));
#6703=CARTESIAN_POINT('',(-1.29975112550407,1.77994059105343,0.903863032182113));
#6704=CARTESIAN_POINT('',(-1.29975112550407,1.77994059105344,0.103863032182113));
#6705=CARTESIAN_POINT('',(2.9,0.9));
#6706=CARTESIAN_POINT('',(2.9,0.633333333333333));
#6707=CARTESIAN_POINT('',(2.9,0.366666666666666));
#6708=CARTESIAN_POINT('',(2.9,0.1));
#6709=CARTESIAN_POINT('',(-1.39975112550407,2.47994059105343,0.903863032182113));
#6710=CARTESIAN_POINT('',(-1.39975112550408,2.47994059105342,0.103863032182113));
#6711=CARTESIAN_POINT('',(3.7,0.9));
#6712=CARTESIAN_POINT('',(3.7,0.633333333333333));
#6713=CARTESIAN_POINT('',(3.7,0.366666666666667));
#6714=CARTESIAN_POINT('',(3.7,0.1));
#6715=CARTESIAN_POINT('',(-1.39975112550408,2.47994059105342,0.103863032182113));
#6716=CARTESIAN_POINT('',(-3.19975112550407,2.47994059105342,0.103863032182113));
#6717=CARTESIAN_POINT('',(3.7,0.1));
#6718=CARTESIAN_POINT('',(4.29999999999999,0.1));
#6719=CARTESIAN_POINT('',(4.89999999999999,0.1));
#6720=CARTESIAN_POINT('',(5.49999999999999,0.0999999999999999));
#6721=CARTESIAN_POINT('',(-3.19975112550407,2.47994059105342,0.103863032182113));
#6722=CARTESIAN_POINT('',(-3.19975112550408,2.47994059105342,0.903863032182113));
#6723=CARTESIAN_POINT('',(5.49999999999999,0.0999999999999999));
#6724=CARTESIAN_POINT('',(5.5,0.366666666666666));
#6725=CARTESIAN_POINT('',(5.49999999999999,0.633333333333333));
#6726=CARTESIAN_POINT('',(5.49999999999999,0.9));
#6727=CARTESIAN_POINT('',(-3.19975112550408,2.47994059105342,0.903863032182113));
#6728=CARTESIAN_POINT('',(-1.39975112550407,2.47994059105343,0.903863032182113));
#6729=CARTESIAN_POINT('',(5.49999999999999,0.9));
#6730=CARTESIAN_POINT('',(4.89999999999999,0.9));
#6731=CARTESIAN_POINT('',(4.29999999999999,0.9));
#6732=CARTESIAN_POINT('',(3.7,0.9));
#6733=CARTESIAN_POINT('',(-1.39975112550406,2.37994059105342,0.00386303218211304));
#6734=CARTESIAN_POINT('',(-1.39975112550406,1.77994059105343,0.00386303218211304));
#6735=CARTESIAN_POINT('',(0.100000000000002,-1.9));
#6736=CARTESIAN_POINT('',(0.299999999999997,-1.9));
#6737=CARTESIAN_POINT('',(0.499999999999993,-1.89999999999999));
#6738=CARTESIAN_POINT('',(0.69999999999999,-1.9));
#6739=CARTESIAN_POINT('',(-1.39975112550406,1.77994059105343,0.00386303218211304));
#6740=CARTESIAN_POINT('',(-3.19975112550408,1.77994059105342,0.00386303218211304));
#6741=CARTESIAN_POINT('',(0.69999999999999,-1.9));
#6742=CARTESIAN_POINT('',(0.700000000000003,-1.3));
#6743=CARTESIAN_POINT('',(0.699999999999996,-0.699999999999998));
#6744=CARTESIAN_POINT('',(0.699999999999996,-0.099999999999997));
#6745=CARTESIAN_POINT('',(-3.19975112550408,1.77994059105342,0.00386303218211304));
#6746=CARTESIAN_POINT('',(-3.19975112550406,2.37994059105342,0.00386303218211304));
#6747=CARTESIAN_POINT('',(0.699999999999996,-0.099999999999997));
#6748=CARTESIAN_POINT('',(0.5,-0.100000000000006));
#6749=CARTESIAN_POINT('',(0.300000000000004,-0.1));
#6750=CARTESIAN_POINT('',(0.100000000000007,-0.100000000000001));
#6751=CARTESIAN_POINT('',(-3.19975112550406,2.37994059105342,0.00386303218211304));
#6752=CARTESIAN_POINT('',(-1.39975112550406,2.37994059105342,0.00386303218211304));
#6753=CARTESIAN_POINT('',(0.100000000000007,-0.100000000000001));
#6754=CARTESIAN_POINT('',(0.0999999999999923,-0.7));
#6755=CARTESIAN_POINT('',(0.100000000000013,-1.3));
#6756=CARTESIAN_POINT('',(0.100000000000002,-1.9));
#6757=CARTESIAN_POINT('',(-3.19975112550406,1.77994059105344,1.00386303218211));
#6758=CARTESIAN_POINT('',(-1.39975112550407,1.77994059105343,1.00386303218211));
#6759=CARTESIAN_POINT('',(-0.1,0.699999999999997));
#6760=CARTESIAN_POINT('',(-0.700000000000001,0.700000000000004));
#6761=CARTESIAN_POINT('',(-1.3,0.69999999999999));
#6762=CARTESIAN_POINT('',(-1.9,0.700000000000002));
#6763=CARTESIAN_POINT('',(-1.39975112550407,1.77994059105343,1.00386303218211));
#6764=CARTESIAN_POINT('',(-1.39975112550407,2.37994059105342,1.00386303218211));
#6765=CARTESIAN_POINT('',(-1.9,0.700000000000002));
#6766=CARTESIAN_POINT('',(-1.89999999999999,0.500000000000002));
#6767=CARTESIAN_POINT('',(-1.9,0.300000000000002));
#6768=CARTESIAN_POINT('',(-1.9,0.100000000000002));
#6769=CARTESIAN_POINT('',(-1.39975112550407,2.37994059105342,1.00386303218211));
#6770=CARTESIAN_POINT('',(-3.19975112550407,2.37994059105342,1.00386303218211));
#6771=CARTESIAN_POINT('',(-1.9,0.100000000000002));
#6772=CARTESIAN_POINT('',(-1.3,0.100000000000006));
#6773=CARTESIAN_POINT('',(-0.699999999999996,0.0999999999999999));
#6774=CARTESIAN_POINT('',(-0.0999999999999971,0.100000000000008));
#6775=CARTESIAN_POINT('',(-3.19975112550407,2.37994059105342,1.00386303218211));
#6776=CARTESIAN_POINT('',(-3.19975112550406,1.77994059105344,1.00386303218211));
#6777=CARTESIAN_POINT('',(-0.0999999999999971,0.100000000000008));
#6778=CARTESIAN_POINT('',(-0.100000000000006,0.300000000000004));
#6779=CARTESIAN_POINT('',(-0.0999999999999991,0.5));
#6780=CARTESIAN_POINT('',(-0.1,0.699999999999997));
#6781=CARTESIAN_POINT('',(-3.29975112550406,2.37994059105343,0.103863032182113));
#6782=CARTESIAN_POINT('',(-3.29975112550405,2.37994059105335,0.00386303218212038));
#6783=CARTESIAN_POINT('',(-3.19975112550406,2.37994059105342,0.00386303218211304));
#6784=CARTESIAN_POINT('',(0.,0.0999999999999947));
#6785=CARTESIAN_POINT('',(0.157079632679588,0.0999999999999947));
#6786=CARTESIAN_POINT('',(0.157079632679588,0.699999999999994));
#6787=CARTESIAN_POINT('',(0.157079632679588,0.0999999999999947));
#6788=CARTESIAN_POINT('',(-3.19975112550408,1.77994059105342,0.00386303218211304));
#6789=CARTESIAN_POINT('',(-3.29975112550406,1.77994059105337,0.00386303218211823));
#6790=CARTESIAN_POINT('',(-3.29975112550407,1.77994059105343,0.103863032182113));
#6791=CARTESIAN_POINT('',(0.157079632679588,0.699999999999994));
#6792=CARTESIAN_POINT('',(0.,0.699999999999994));
#6793=CARTESIAN_POINT('',(0.,0.0999999999999947));
#6794=CARTESIAN_POINT('',(0.,0.699999999999994));
#6795=CARTESIAN_POINT('',(0.900000000000001,0.));
#6796=CARTESIAN_POINT('',(0.0999999999999995,0.));
#6797=CARTESIAN_POINT('',(-3.29975112550408,1.77994059105343,0.103863032182113));
#6798=CARTESIAN_POINT('',(-3.29975112550408,1.67994059105342,0.103863032182112));
#6799=CARTESIAN_POINT('',(-3.19975112550407,1.67994059105344,0.103863032182112));
#6800=CARTESIAN_POINT('',(0.900000000000001,0.));
#6801=CARTESIAN_POINT('',(0.900000000000001,0.157079632679625));
#6802=CARTESIAN_POINT('',(0.0999999999999995,0.157079632679625));
#6803=CARTESIAN_POINT('',(0.900000000000001,0.157079632679625));
#6804=CARTESIAN_POINT('',(-3.19975112550408,1.67994059105344,0.903863032182113));
#6805=CARTESIAN_POINT('',(-3.29975112550407,1.67994059105344,0.903863032182113));
#6806=CARTESIAN_POINT('',(-3.29975112550407,1.77994059105343,0.903863032182113));
#6807=CARTESIAN_POINT('',(0.0999999999999995,0.157079632679625));
#6808=CARTESIAN_POINT('',(0.0999999999999995,0.));
#6809=CARTESIAN_POINT('',(0.699999999999982,0.));
#6810=CARTESIAN_POINT('',(0.0999999999999946,0.));
#6811=CARTESIAN_POINT('',(-3.29975112550407,1.77994059105343,0.903863032182113));
#6812=CARTESIAN_POINT('',(-3.29975112550407,1.77994059105326,1.00386303218211));
#6813=CARTESIAN_POINT('',(-3.19975112550406,1.77994059105344,1.00386303218211));
#6814=CARTESIAN_POINT('',(0.699999999999982,0.));
#6815=CARTESIAN_POINT('',(0.699999999999982,0.157079632679589));
#6816=CARTESIAN_POINT('',(0.0999999999999946,0.157079632679589));
#6817=CARTESIAN_POINT('',(0.699999999999982,0.157079632679589));
#6818=CARTESIAN_POINT('',(-3.19975112550407,2.37994059105342,1.00386303218211));
#6819=CARTESIAN_POINT('',(-3.29975112550407,2.37994059105325,1.00386303218211));
#6820=CARTESIAN_POINT('',(-3.29975112550407,2.37994059105342,0.903863032182113));
#6821=CARTESIAN_POINT('',(0.0999999999999946,0.157079632679589));
#6822=CARTESIAN_POINT('',(0.0999999999999946,0.));
#6823=CARTESIAN_POINT('',(0.9,0.));
#6824=CARTESIAN_POINT('',(0.1,0.));
#6825=CARTESIAN_POINT('',(-3.29975112550407,2.37994059105342,0.903863032182113));
#6826=CARTESIAN_POINT('',(-3.29975112550408,2.47994059105342,0.903863032181902));
#6827=CARTESIAN_POINT('',(-3.19975112550408,2.47994059105342,0.903863032182113));
#6828=CARTESIAN_POINT('',(0.9,0.));
#6829=CARTESIAN_POINT('',(0.9,0.15707963267956));
#6830=CARTESIAN_POINT('',(0.1,0.15707963267956));
#6831=CARTESIAN_POINT('',(0.9,0.15707963267956));
#6832=CARTESIAN_POINT('',(-3.19975112550407,2.47994059105342,0.103863032182113));
#6833=CARTESIAN_POINT('',(-3.29975112550405,2.47994059105342,0.103863032181904));
#6834=CARTESIAN_POINT('',(-3.29975112550406,2.37994059105343,0.103863032182113));
#6835=CARTESIAN_POINT('',(0.1,0.15707963267956));
#6836=CARTESIAN_POINT('',(0.1,0.));
#6837=CARTESIAN_POINT('',(-3.19975112550407,1.67994059105343,0.103863032182113));
#6838=CARTESIAN_POINT('',(-3.19975112550408,1.67994059105342,0.0038630321821097));
#6839=CARTESIAN_POINT('',(-3.19975112550408,1.77994059105342,0.00386303218211304));
#6840=CARTESIAN_POINT('',(0.,0.0999999999999943));
#6841=CARTESIAN_POINT('',(0.15707963267954,0.0999999999999943));
#6842=CARTESIAN_POINT('',(0.15707963267954,1.90000000000001));
#6843=CARTESIAN_POINT('',(0.15707963267954,0.0999999999999943));
#6844=CARTESIAN_POINT('',(-1.39975112550406,1.77994059105343,0.00386303218211304));
#6845=CARTESIAN_POINT('',(-1.39975112550407,1.67994059105342,0.0038630321821097));
#6846=CARTESIAN_POINT('',(-1.39975112550407,1.67994059105343,0.103863032182113));
#6847=CARTESIAN_POINT('',(0.15707963267954,1.90000000000001));
#6848=CARTESIAN_POINT('',(0.,1.90000000000001));
#6849=CARTESIAN_POINT('',(0.,0.0999999999999943));
#6850=CARTESIAN_POINT('',(0.,1.90000000000001));
#6851=CARTESIAN_POINT('',(0.9,0.));
#6852=CARTESIAN_POINT('',(0.1,0.));
#6853=CARTESIAN_POINT('',(-1.39975112550407,1.67994059105344,0.103863032182113));
#6854=CARTESIAN_POINT('',(-1.29975112550407,1.67994059105343,0.103863032182112));
#6855=CARTESIAN_POINT('',(-1.29975112550406,1.77994059105343,0.103863032182112));
#6856=CARTESIAN_POINT('',(0.9,0.));
#6857=CARTESIAN_POINT('',(0.9,0.15707963267958));
#6858=CARTESIAN_POINT('',(0.1,0.15707963267958));
#6859=CARTESIAN_POINT('',(0.9,0.15707963267958));
#6860=CARTESIAN_POINT('',(-1.29975112550407,1.77994059105343,0.903863032182113));
#6861=CARTESIAN_POINT('',(-1.29975112550407,1.67994059105342,0.903863032182113));
#6862=CARTESIAN_POINT('',(-1.39975112550408,1.67994059105344,0.903863032182113));
#6863=CARTESIAN_POINT('',(0.1,0.15707963267958));
#6864=CARTESIAN_POINT('',(0.1,0.));
#6865=CARTESIAN_POINT('',(1.9,0.));
#6866=CARTESIAN_POINT('',(0.0999999999999999,0.));
#6867=CARTESIAN_POINT('',(-1.39975112550407,1.67994059105343,0.903863032182113));
#6868=CARTESIAN_POINT('',(-1.39975112550406,1.67994059105343,1.00386303218211));
#6869=CARTESIAN_POINT('',(-1.39975112550407,1.77994059105343,1.00386303218211));
#6870=CARTESIAN_POINT('',(1.9,0.));
#6871=CARTESIAN_POINT('',(1.9,0.157079632679526));
#6872=CARTESIAN_POINT('',(0.0999999999999999,0.157079632679526));
#6873=CARTESIAN_POINT('',(1.9,0.157079632679526));
#6874=CARTESIAN_POINT('',(-3.19975112550406,1.77994059105344,1.00386303218211));
#6875=CARTESIAN_POINT('',(-3.19975112550406,1.67994059105344,1.00386303218211));
#6876=CARTESIAN_POINT('',(-3.19975112550408,1.67994059105343,0.903863032182113));
#6877=CARTESIAN_POINT('',(0.0999999999999999,0.157079632679526));
#6878=CARTESIAN_POINT('',(0.0999999999999999,0.));
#6879=CARTESIAN_POINT('',(-1.29975112550407,1.77994059105344,0.103863032182113));
#6880=CARTESIAN_POINT('',(-1.29975112550406,1.77994059105324,0.00386303218210972));
#6881=CARTESIAN_POINT('',(-1.39975112550406,1.77994059105343,0.00386303218211304));
#6882=CARTESIAN_POINT('',(0.,0.100000000000011));
#6883=CARTESIAN_POINT('',(0.15707963267956,0.100000000000011));
#6884=CARTESIAN_POINT('',(0.15707963267956,0.699999999999991));
#6885=CARTESIAN_POINT('',(0.15707963267956,0.100000000000011));
#6886=CARTESIAN_POINT('',(-1.39975112550406,2.37994059105342,0.00386303218211304));
#6887=CARTESIAN_POINT('',(-1.29975112550406,2.37994059105323,0.00386303218210752));
#6888=CARTESIAN_POINT('',(-1.29975112550407,2.37994059105342,0.103863032182113));
#6889=CARTESIAN_POINT('',(0.15707963267956,0.699999999999991));
#6890=CARTESIAN_POINT('',(0.,0.699999999999991));
#6891=CARTESIAN_POINT('',(0.,0.100000000000011));
#6892=CARTESIAN_POINT('',(0.,0.699999999999991));
#6893=CARTESIAN_POINT('',(0.899999999999999,0.));
#6894=CARTESIAN_POINT('',(0.0999999999999995,0.));
#6895=CARTESIAN_POINT('',(-1.29975112550407,2.37994059105342,0.103863032182113));
#6896=CARTESIAN_POINT('',(-1.29975112550408,2.47994059105343,0.103863032182113));
#6897=CARTESIAN_POINT('',(-1.39975112550408,2.47994059105342,0.103863032182113));
#6898=CARTESIAN_POINT('',(0.899999999999999,0.));
#6899=CARTESIAN_POINT('',(0.899999999999999,0.157079632679562));
#6900=CARTESIAN_POINT('',(0.0999999999999995,0.157079632679562));
#6901=CARTESIAN_POINT('',(0.899999999999999,0.157079632679562));
#6902=CARTESIAN_POINT('',(-1.39975112550407,2.47994059105343,0.903863032182113));
#6903=CARTESIAN_POINT('',(-1.29975112550405,2.4799405910534,0.903863032182324));
#6904=CARTESIAN_POINT('',(-1.29975112550407,2.37994059105341,0.903863032182112));
#6905=CARTESIAN_POINT('',(0.0999999999999995,0.157079632679562));
#6906=CARTESIAN_POINT('',(0.0999999999999995,0.));
#6907=CARTESIAN_POINT('',(0.699999999999989,0.));
#6908=CARTESIAN_POINT('',(0.0999999999999927,0.));
#6909=CARTESIAN_POINT('',(-1.29975112550407,2.37994059105341,0.903863032182112));
#6910=CARTESIAN_POINT('',(-1.29975112550406,2.37994059105312,1.00386303218211));
#6911=CARTESIAN_POINT('',(-1.39975112550407,2.37994059105342,1.00386303218211));
#6912=CARTESIAN_POINT('',(0.699999999999989,0.));
#6913=CARTESIAN_POINT('',(0.699999999999989,0.15707963267956));
#6914=CARTESIAN_POINT('',(0.0999999999999927,0.15707963267956));
#6915=CARTESIAN_POINT('',(0.699999999999989,0.15707963267956));
#6916=CARTESIAN_POINT('',(-1.39975112550407,1.77994059105343,1.00386303218211));
#6917=CARTESIAN_POINT('',(-1.29975112550406,1.77994059105315,1.00386303218211));
#6918=CARTESIAN_POINT('',(-1.29975112550407,1.77994059105343,0.903863032182113));
#6919=CARTESIAN_POINT('',(0.0999999999999927,0.15707963267956));
#6920=CARTESIAN_POINT('',(0.0999999999999927,0.));
#6921=CARTESIAN_POINT('',(-1.39975112550408,2.47994059105342,0.103863032182113));
#6922=CARTESIAN_POINT('',(-1.39975112550395,2.47994059105343,0.00386303218211816));
#6923=CARTESIAN_POINT('',(-1.39975112550406,2.37994059105342,0.00386303218211304));
#6924=CARTESIAN_POINT('',(0.,0.10000000000001));
#6925=CARTESIAN_POINT('',(0.157079632679526,0.10000000000001));
#6926=CARTESIAN_POINT('',(0.157079632679526,1.9));
#6927=CARTESIAN_POINT('',(0.157079632679526,0.10000000000001));
#6928=CARTESIAN_POINT('',(-3.19975112550406,2.37994059105342,0.00386303218211437));
#6929=CARTESIAN_POINT('',(-3.19975112550405,2.47994059105342,0.00386303218211437));
#6930=CARTESIAN_POINT('',(-3.19975112550407,2.47994059105342,0.103863032182113));
#6931=CARTESIAN_POINT('',(0.157079632679526,1.9));
#6932=CARTESIAN_POINT('',(0.,1.9));
#6933=CARTESIAN_POINT('',(0.,0.10000000000001));
#6934=CARTESIAN_POINT('',(0.,1.9));
#6935=CARTESIAN_POINT('',(1.9,0.));
#6936=CARTESIAN_POINT('',(0.100000000000005,0.));
#6937=CARTESIAN_POINT('',(-3.19975112550408,2.47994059105342,0.903863032182112));
#6938=CARTESIAN_POINT('',(-3.19975112550408,2.47994059105342,1.00386303218212));
#6939=CARTESIAN_POINT('',(-3.19975112550408,2.37994059105342,1.00386303218211));
#6940=CARTESIAN_POINT('',(1.9,0.));
#6941=CARTESIAN_POINT('',(1.9,0.157079632679526));
#6942=CARTESIAN_POINT('',(0.100000000000005,0.157079632679526));
#6943=CARTESIAN_POINT('',(1.9,0.157079632679526));
#6944=CARTESIAN_POINT('',(-1.39975112550407,2.37994059105342,1.00386303218211));
#6945=CARTESIAN_POINT('',(-1.3997511255041,2.47994059105341,1.0038630321821));
#6946=CARTESIAN_POINT('',(-1.39975112550408,2.47994059105342,0.903863032182113));
#6947=CARTESIAN_POINT('',(0.100000000000005,0.157079632679526));
#6948=CARTESIAN_POINT('',(0.100000000000005,0.));
#6949=CARTESIAN_POINT('',(0.0785398163397457,2.65906625781004));
#6950=CARTESIAN_POINT('',(0.0785398163397957,2.99535389662484));
#6951=CARTESIAN_POINT('',(0.0864350806078544,3.33100357708747));
#6952=CARTESIAN_POINT('',(0.119004263144027,3.8822690938337));
#6953=CARTESIAN_POINT('',(0.138163877399115,4.09715554191126));
#6954=CARTESIAN_POINT('',(0.157079632679473,4.31212086991658));
#6955=CARTESIAN_POINT('',(0.235619449019232,2.65906625781009));
#6956=CARTESIAN_POINT('',(0.0785398163397457,2.65906625781004));
#6957=CARTESIAN_POINT('',(0.157079632679473,4.31212086991658));
#6958=CARTESIAN_POINT('',(0.17599538795992,4.09715554191156));
#6959=CARTESIAN_POINT('',(0.195155002215052,3.88226909383429));
#6960=CARTESIAN_POINT('',(0.227724184751257,3.33100357708808));
#6961=CARTESIAN_POINT('',(0.235619449019249,2.99535389662517));
#6962=CARTESIAN_POINT('',(0.235619449019232,2.65906625781009));
#6963=CARTESIAN_POINT('',(0.157059287961377,4.31212086991656));
#6964=CARTESIAN_POINT('',(0.177504913984171,4.09723283117975));
#6965=CARTESIAN_POINT('',(0.196883421530763,3.88235985945522));
#6966=CARTESIAN_POINT('',(0.228632974504047,3.33098843294804));
#6967=CARTESIAN_POINT('',(0.235580004489862,2.99531504919915));
#6968=CARTESIAN_POINT('',(0.235580004489875,2.65906625781005));
#6969=CARTESIAN_POINT('',(0.0785398163397416,2.65906625781005));
#6970=CARTESIAN_POINT('',(0.0785398163397454,2.99531645351116));
#6971=CARTESIAN_POINT('',(0.0855213780250972,3.33098899062198));
#6972=CARTESIAN_POINT('',(0.117302411369467,3.88235624992566));
#6973=CARTESIAN_POINT('',(0.136613753187488,4.09723379022607));
#6974=CARTESIAN_POINT('',(0.157059287961377,4.31212086991656));
#6975=CARTESIAN_POINT('',(0.235580004489875,2.65906625781005));
#6976=CARTESIAN_POINT('',(0.0785398163397416,2.65906625781005));
#6977=CARTESIAN_POINT('',(0.0785398163397671,3.95481301290546));
#6978=CARTESIAN_POINT('',(0.235580004489874,3.95481301290546));
#6979=CARTESIAN_POINT('',(0.157059287961371,2.30175840079882));
#6980=CARTESIAN_POINT('',(0.136613753187482,2.51664548048927));
#6981=CARTESIAN_POINT('',(0.117302411369465,2.73152302078964));
#6982=CARTESIAN_POINT('',(0.0855213780250928,3.28289028009336));
#6983=CARTESIAN_POINT('',(0.0785398163397626,3.61856281720426));
#6984=CARTESIAN_POINT('',(0.0785398163397671,3.95481301290546));
#6985=CARTESIAN_POINT('',(0.235580004489874,3.95481301290546));
#6986=CARTESIAN_POINT('',(0.235580004489836,3.61856422151644));
#6987=CARTESIAN_POINT('',(0.228632974504013,3.28289083776765));
#6988=CARTESIAN_POINT('',(0.196883421530741,2.73151941126042));
#6989=CARTESIAN_POINT('',(0.177504913984129,2.51664643953576));
#6990=CARTESIAN_POINT('',(0.157059287961371,2.30175840079882));
#6991=CARTESIAN_POINT('',(0.0785398163397387,2.65906625781003));
#6992=CARTESIAN_POINT('',(0.0785398163396975,2.99535389662521));
#6993=CARTESIAN_POINT('',(0.086435080607672,3.3310035770882));
#6994=CARTESIAN_POINT('',(0.119004263143886,3.88226909383446));
#6995=CARTESIAN_POINT('',(0.138163877399014,4.09715554191167));
#6996=CARTESIAN_POINT('',(0.157079632679491,4.31212086991663));
#6997=CARTESIAN_POINT('',(0.235619449019241,2.65906625780993));
#6998=CARTESIAN_POINT('',(0.0785398163397387,2.65906625781003));
#6999=CARTESIAN_POINT('',(0.157079632679491,4.31212086991663));
#7000=CARTESIAN_POINT('',(0.175995387959976,4.0971555419117));
#7001=CARTESIAN_POINT('',(0.195155002215107,3.88226909383452));
#7002=CARTESIAN_POINT('',(0.227724184751319,3.33100357708823));
#7003=CARTESIAN_POINT('',(0.235619449019294,2.99535389662516));
#7004=CARTESIAN_POINT('',(0.235619449019241,2.65906625780993));
#7005=CARTESIAN_POINT('',(0.157079632679487,4.31212086991655));
#7006=CARTESIAN_POINT('',(0.175995387959915,4.0971555419114));
#7007=CARTESIAN_POINT('',(0.195155002215034,3.88226909383401));
#7008=CARTESIAN_POINT('',(0.227724184751229,3.33100357708774));
#7009=CARTESIAN_POINT('',(0.235619449019241,2.99535389662491));
#7010=CARTESIAN_POINT('',(0.235619449019242,2.65906625780991));
#7011=CARTESIAN_POINT('',(0.0785398163397642,2.65906625780991));
#7012=CARTESIAN_POINT('',(0.0785398163398151,2.99535389662472));
#7013=CARTESIAN_POINT('',(0.0864350806078411,3.33100357708737));
#7014=CARTESIAN_POINT('',(0.119004263144032,3.88226909383363));
#7015=CARTESIAN_POINT('',(0.138163877399119,4.09715554191121));
#7016=CARTESIAN_POINT('',(0.157079632679487,4.31212086991655));
#7017=CARTESIAN_POINT('',(0.235619449019242,2.65906625780991));
#7018=CARTESIAN_POINT('',(0.0785398163397642,2.65906625780991));
#7019=CARTESIAN_POINT('',(0.0785398163397522,3.95481301290549));
#7020=CARTESIAN_POINT('',(0.235619449019265,3.95481301290549));
#7021=CARTESIAN_POINT('',(0.157079632679508,2.30175840079898));
#7022=CARTESIAN_POINT('',(0.138163877399166,2.51672372880436));
#7023=CARTESIAN_POINT('',(0.119004263144064,2.73161017688198));
#7024=CARTESIAN_POINT('',(0.0864350806078877,3.2828756936282));
#7025=CARTESIAN_POINT('',(0.0785398163398209,3.61852537409076));
#7026=CARTESIAN_POINT('',(0.0785398163397522,3.95481301290549));
#7027=CARTESIAN_POINT('',(0.235619449019265,3.95481301290549));
#7028=CARTESIAN_POINT('',(0.235619449019262,3.61852537409049));
#7029=CARTESIAN_POINT('',(0.22772418475124,3.28287569362766));
#7030=CARTESIAN_POINT('',(0.195155002215046,2.73161017688144));
#7031=CARTESIAN_POINT('',(0.175995387959928,2.51672372880408));
#7032=CARTESIAN_POINT('',(0.157079632679508,2.30175840079898));
#7033=CARTESIAN_POINT('',(0.157079632679502,4.31212086991654));
#7034=CARTESIAN_POINT('',(0.175995387959985,4.09715554191157));
#7035=CARTESIAN_POINT('',(0.195155002215117,3.88226909383437));
#7036=CARTESIAN_POINT('',(0.227724184751327,3.3310035770881));
#7037=CARTESIAN_POINT('',(0.235619449019304,2.99535389662508));
#7038=CARTESIAN_POINT('',(0.235619449019258,2.65906625780989));
#7039=CARTESIAN_POINT('',(0.0785398163397462,2.65906625780989));
#7040=CARTESIAN_POINT('',(0.0785398163397772,2.99535389662478));
#7041=CARTESIAN_POINT('',(0.0864350806078167,3.3310035770875));
#7042=CARTESIAN_POINT('',(0.11900426314401,3.88226909383377));
#7043=CARTESIAN_POINT('',(0.138163877399111,4.09715554191127));
#7044=CARTESIAN_POINT('',(0.157079632679502,4.31212086991654));
#7045=CARTESIAN_POINT('',(0.235619449019258,2.65906625780989));
#7046=CARTESIAN_POINT('',(0.0785398163397462,2.65906625780989));
#7047=CARTESIAN_POINT('',(0.235619449019231,3.95481301290555));
#7048=CARTESIAN_POINT('',(0.235619449019181,3.61852537409065));
#7049=CARTESIAN_POINT('',(0.227724184751133,3.28287569362792));
#7050=CARTESIAN_POINT('',(0.195155002214945,2.73161017688158));
#7051=CARTESIAN_POINT('',(0.175995387959848,2.51672372880401));
#7052=CARTESIAN_POINT('',(0.157079632679487,2.30175840079868));
#7053=CARTESIAN_POINT('',(0.0785398163397415,3.95481301290544));
#7054=CARTESIAN_POINT('',(0.235619449019231,3.95481301290555));
#7055=CARTESIAN_POINT('',(0.157079632679487,2.30175840079868));
#7056=CARTESIAN_POINT('',(0.138163877398978,2.5167237288035));
#7057=CARTESIAN_POINT('',(0.119004263143829,2.73161017688056));
#7058=CARTESIAN_POINT('',(0.0864350806076092,3.28287569362688));
#7059=CARTESIAN_POINT('',(0.0785398163396647,3.61852537409007));
#7060=CARTESIAN_POINT('',(0.0785398163397415,3.95481301290544));
#7061=CARTESIAN_POINT('',(3.30024887449592,-2.32005940894657,0.00386303218211304));
#7062=CARTESIAN_POINT('',(3.30024887449592,-2.32005940894657,1.00386303218211));
#7063=CARTESIAN_POINT('',(3.30024887449592,-1.52005940894657,0.00386303218211304));
#7064=CARTESIAN_POINT('',(3.30024887449592,-1.52005940894657,1.00386303218211));
#7065=CARTESIAN_POINT('',(3.30024887449592,-1.52005940894657,0.00386303218211304));
#7066=CARTESIAN_POINT('',(3.30024887449592,-1.52005940894657,1.00386303218211));
#7067=CARTESIAN_POINT('',(1.30024887449592,-1.52005940894657,0.00386303218211304));
#7068=CARTESIAN_POINT('',(1.30024887449592,-1.52005940894657,1.00386303218211));
#7069=CARTESIAN_POINT('',(1.30024887449592,-1.52005940894657,0.00386303218211304));
#7070=CARTESIAN_POINT('',(1.30024887449592,-1.52005940894657,1.00386303218211));
#7071=CARTESIAN_POINT('',(1.30024887449592,-2.32005940894657,0.00386303218211304));
#7072=CARTESIAN_POINT('',(1.30024887449592,-2.32005940894657,1.00386303218211));
#7073=CARTESIAN_POINT('',(1.30024887449592,-2.32005940894657,0.00386303218211304));
#7074=CARTESIAN_POINT('',(1.30024887449592,-2.32005940894657,1.00386303218211));
#7075=CARTESIAN_POINT('',(3.30024887449592,-2.32005940894657,0.00386303218211304));
#7076=CARTESIAN_POINT('',(3.30024887449592,-2.32005940894657,1.00386303218211));
#7077=CARTESIAN_POINT('',(1.30024887449592,-2.32005940894657,0.00386303218211304));
#7078=CARTESIAN_POINT('',(3.30024887449592,-2.32005940894657,0.00386303218211304));
#7079=CARTESIAN_POINT('',(1.30024887449592,-1.52005940894657,0.00386303218211304));
#7080=CARTESIAN_POINT('',(3.30024887449592,-1.52005940894657,0.00386303218211304));
#7081=CARTESIAN_POINT('',(1.30024887449592,-2.32005940894657,1.00386303218211));
#7082=CARTESIAN_POINT('',(1.30024887449592,-1.52005940894657,1.00386303218211));
#7083=CARTESIAN_POINT('',(3.30024887449592,-2.32005940894657,1.00386303218211));
#7084=CARTESIAN_POINT('',(3.30024887449592,-1.52005940894657,1.00386303218211));
#7085=CARTESIAN_POINT('',(3.30024887449592,-2.32005940894655,0.103863032182113));
#7086=CARTESIAN_POINT('',(3.30024887449592,-1.52005940894658,0.103863032182113));
#7087=CARTESIAN_POINT('',(3.3002488744959,-2.32005940894672,0.00386303218211516));
#7088=CARTESIAN_POINT('',(3.3002488744959,-1.52005940894675,0.00386303218211439));
#7089=CARTESIAN_POINT('',(3.2002488744959,-2.32005940894658,0.00386303218211304));
#7090=CARTESIAN_POINT('',(3.20024887449591,-1.52005940894659,0.00386303218211304));
#7091=CARTESIAN_POINT('',(3.30024887449591,-1.6200594089466,1.00386303218211));
#7092=CARTESIAN_POINT('',(3.30024887449596,-1.52005940894658,1.00386303218237));
#7093=CARTESIAN_POINT('',(3.20024887449594,-1.52005940894657,1.00386303218211));
#7094=CARTESIAN_POINT('',(3.30024887449591,-1.6200594089466,0.00386303218211304));
#7095=CARTESIAN_POINT('',(3.30024887449595,-1.52005940894657,0.00386303218236644));
#7096=CARTESIAN_POINT('',(3.20024887449594,-1.52005940894657,0.00386303218211126));
#7097=CARTESIAN_POINT('',(3.30024887449592,-2.32005940894655,0.903863032182112));
#7098=CARTESIAN_POINT('',(3.30024887449592,-2.32005940894684,1.00386303218212));
#7099=CARTESIAN_POINT('',(3.20024887449592,-2.32005940894656,1.00386303218211));
#7100=CARTESIAN_POINT('',(3.30024887449591,-1.52005940894657,0.903863032182112));
#7101=CARTESIAN_POINT('',(3.30024887449592,-1.52005940894686,1.00386303218211));
#7102=CARTESIAN_POINT('',(3.20024887449592,-1.52005940894658,1.00386303218211));
#7103=CARTESIAN_POINT('',(3.30024887449592,-2.22005940894654,0.00386303218211304));
#7104=CARTESIAN_POINT('',(3.30024887449592,-2.32005940894655,0.00386303218214892));
#7105=CARTESIAN_POINT('',(3.2002488744959,-2.32005940894658,0.00386303218211304));
#7106=CARTESIAN_POINT('',(3.30024887449592,-2.22005940894654,1.00386303218211));
#7107=CARTESIAN_POINT('',(3.30024887449594,-2.32005940894655,1.00386303218215));
#7108=CARTESIAN_POINT('',(3.20024887449589,-2.32005940894659,1.00386303218211));
#7109=CARTESIAN_POINT('',(3.30024887449594,-1.52005940894658,0.103863032182113));
#7110=CARTESIAN_POINT('',(1.30024887449592,-1.52005940894657,0.103863032182113));
#7111=CARTESIAN_POINT('',(3.30024887449597,-1.52005940894658,0.0038630321821183));
#7112=CARTESIAN_POINT('',(1.30024887449598,-1.52005940894657,0.00386303218211135));
#7113=CARTESIAN_POINT('',(3.30024887449592,-1.62005940894657,0.00386303218211304));
#7114=CARTESIAN_POINT('',(1.30024887449592,-1.62005940894658,0.00386303218211304));
#7115=CARTESIAN_POINT('',(1.40024887449592,-1.52005940894657,1.00386303218211));
#7116=CARTESIAN_POINT('',(1.30024887449592,-1.5200594089466,1.00386303218208));
#7117=CARTESIAN_POINT('',(1.30024887449592,-1.62005940894659,1.00386303218211));
#7118=CARTESIAN_POINT('',(1.40024887449593,-1.52005940894657,0.00386303218211304));
#7119=CARTESIAN_POINT('',(1.30024887449592,-1.52005940894659,0.0038630321820767));
#7120=CARTESIAN_POINT('',(1.30024887449593,-1.62005940894659,0.00386303218211304));
#7121=CARTESIAN_POINT('',(3.30024887449592,-1.52005940894657,0.903863032182113));
#7122=CARTESIAN_POINT('',(3.30024887449603,-1.52005940894657,1.00386303218211));
#7123=CARTESIAN_POINT('',(3.30024887449593,-1.62005940894657,1.00386303218211));
#7124=CARTESIAN_POINT('',(1.30024887449592,-1.52005940894657,0.903863032182113));
#7125=CARTESIAN_POINT('',(1.30024887449605,-1.52005940894657,1.00386303218212));
#7126=CARTESIAN_POINT('',(1.30024887449594,-1.62005940894658,1.00386303218211));
#7127=CARTESIAN_POINT('',(1.30024887449592,-1.52005940894658,0.103863032182113));
#7128=CARTESIAN_POINT('',(1.30024887449592,-2.32005940894659,0.103863032182113));
#7129=CARTESIAN_POINT('',(1.30024887449595,-1.52005940894656,0.00386303218211995));
#7130=CARTESIAN_POINT('',(1.30024887449594,-2.32005940894657,0.00386303218211995));
#7131=CARTESIAN_POINT('',(1.40024887449593,-1.52005940894657,0.00386303218211304));
#7132=CARTESIAN_POINT('',(1.40024887449593,-2.32005940894657,0.00386303218211304));
#7133=CARTESIAN_POINT('',(1.30024887449592,-2.22005940894658,1.00386303218211));
#7134=CARTESIAN_POINT('',(1.30024887449598,-2.32005940894658,1.00386303218211));
#7135=CARTESIAN_POINT('',(1.40024887449595,-2.32005940894658,1.00386303218211));
#7136=CARTESIAN_POINT('',(1.30024887449592,-2.22005940894658,0.00386303218211481));
#7137=CARTESIAN_POINT('',(1.30024887449597,-2.32005940894657,0.00386303218211595));
#7138=CARTESIAN_POINT('',(1.40024887449595,-2.32005940894658,0.00386303218211304));
#7139=CARTESIAN_POINT('',(1.30024887449594,-1.52005940894657,0.903863032182113));
#7140=CARTESIAN_POINT('',(1.30024887449592,-1.52005940894651,1.00386303218211));
#7141=CARTESIAN_POINT('',(1.40024887449592,-1.52005940894657,1.00386303218211));
#7142=CARTESIAN_POINT('',(1.30024887449594,-2.32005940894659,0.903863032182113));
#7143=CARTESIAN_POINT('',(1.30024887449592,-2.32005940894652,1.00386303218211));
#7144=CARTESIAN_POINT('',(1.40024887449592,-2.32005940894658,1.00386303218211));
#7145=CARTESIAN_POINT('',(1.30024887449594,-2.32005940894658,0.103863032182113));
#7146=CARTESIAN_POINT('',(3.30024887449592,-2.32005940894658,0.103863032182113));
#7147=CARTESIAN_POINT('',(1.30024887449603,-2.32005940894657,0.0038630321821155));
#7148=CARTESIAN_POINT('',(3.30024887449602,-2.32005940894655,0.00386303218211251));
#7149=CARTESIAN_POINT('',(1.30024887449593,-2.22005940894656,0.00386303218211304));
#7150=CARTESIAN_POINT('',(3.30024887449592,-2.22005940894656,0.00386303218211304));
#7151=CARTESIAN_POINT('',(1.30024887449594,-2.32005940894656,0.903863032182113));
#7152=CARTESIAN_POINT('',(1.30024887449604,-2.32005940894656,1.00386303218211));
#7153=CARTESIAN_POINT('',(1.30024887449592,-2.22005940894657,1.00386303218211));
#7154=CARTESIAN_POINT('',(3.30024887449592,-2.32005940894657,0.903863032182113));
#7155=CARTESIAN_POINT('',(3.30024887449603,-2.32005940894656,1.00386303218211));
#7156=CARTESIAN_POINT('',(3.30024887449591,-2.22005940894657,1.00386303218211));
#7157=CARTESIAN_POINT('',(3.30024887449593,-2.22005940894657,0.103863032182117));
#7158=CARTESIAN_POINT('',(3.30024887449593,-2.22005940894657,0.0742478560158314));
#7159=CARTESIAN_POINT('',(3.28532544578448,-2.20513598023511,0.0534718792554415));
#7160=CARTESIAN_POINT('',(3.27040201707302,-2.19021255152365,0.0326959024950515));
#7161=CARTESIAN_POINT('',(3.24946350863034,-2.16927404308098,0.03316107746434));
#7162=CARTESIAN_POINT('',(3.30024887449593,-2.26194159273299,0.103863032182117));
#7163=CARTESIAN_POINT('',(3.30024887449593,-2.26194159273299,0.0618443735051948));
#7164=CARTESIAN_POINT('',(3.27907518794431,-2.24076790618137,0.0323669639745935));
#7165=CARTESIAN_POINT('',(3.25790150139268,-2.21959421962974,0.0028895544439921));
#7166=CARTESIAN_POINT('',(3.22819348836191,-2.18988620659897,0.00354955484884671));
#7167=CARTESIAN_POINT('',(3.27040201707302,-2.29132326083908,0.103863032182117));
#7168=CARTESIAN_POINT('',(3.27040201707302,-2.29132326083908,0.0619821401408774));
#7169=CARTESIAN_POINT('',(3.24929775271746,-2.27021899648353,0.0326013782346308));
#7170=CARTESIAN_POINT('',(3.22819348836191,-2.24911473212797,0.00322061632838419));
#7171=CARTESIAN_POINT('',(3.19858287903551,-2.21950412280157,0.00387845278897747));
#7172=CARTESIAN_POINT('',(3.24055515965011,-2.32070492894517,0.103863032182115));
#7173=CARTESIAN_POINT('',(3.24055515965011,-2.32070492894517,0.0621199067765588));
#7174=CARTESIAN_POINT('',(3.21952031749062,-2.29967008678568,0.032835792494667));
#7175=CARTESIAN_POINT('',(3.19848547533114,-2.2786352446262,0.00355167821277529));
#7176=CARTESIAN_POINT('',(3.16897226970912,-2.24912203900418,0.00420735072910758));
#7177=CARTESIAN_POINT('',(3.19867814276476,-2.32004707219473,0.103863032182113));
#7178=CARTESIAN_POINT('',(3.19867814276476,-2.32004707219473,0.0747166845359032));
#7179=CARTESIAN_POINT('',(3.18399096214982,-2.30535989157979,0.0542696057156448));
#7180=CARTESIAN_POINT('',(3.16930378153488,-2.29067271096485,0.0338225268953864));
#7181=CARTESIAN_POINT('',(3.14869674402017,-2.27006567345014,0.0342803378263466));
#7182=CARTESIAN_POINT('',(3.30024887449593,-1.62005940894659,0.103863032182117));
#7183=CARTESIAN_POINT('',(3.30024887449593,-1.5904442327803,0.103863032182113));
#7184=CARTESIAN_POINT('',(3.28532544578447,-1.56966825601991,0.11878646089357));
#7185=CARTESIAN_POINT('',(3.27040201707302,-1.54889227925951,0.133709889605027));
#7186=CARTESIAN_POINT('',(3.24946350863034,-1.5493574542288,0.154648398047705));
#7187=CARTESIAN_POINT('',(3.30024887449593,-1.6200594089466,0.00386303218210754));
#7188=CARTESIAN_POINT('',(3.30024887449594,-1.56082905661402,0.00386303218209926));
#7189=CARTESIAN_POINT('',(3.27040201707303,-1.51927710309323,0.0337098896050155));
#7190=CARTESIAN_POINT('',(3.24055515965011,-1.47772514957244,0.0635567470279318));
#7191=CARTESIAN_POINT('',(3.19867814276475,-1.47865549951102,0.105433763913292));
#7192=CARTESIAN_POINT('',(3.20024887449593,-1.62005940894659,0.00386303218210762));
#7193=CARTESIAN_POINT('',(3.20024887449593,-1.5904442327803,0.00386303218210282));
#7194=CARTESIAN_POINT('',(3.18532544578447,-1.56966825601991,0.0187864608935601));
#7195=CARTESIAN_POINT('',(3.17040201707302,-1.54889227925951,0.0337098896050174));
#7196=CARTESIAN_POINT('',(3.14946350863034,-1.5493574542288,0.0546483980476971));
#7197=CARTESIAN_POINT('',(3.14946350863034,-1.57084477481216,0.974564986899889));
#7198=CARTESIAN_POINT('',(3.17040201707302,-1.54990626636949,0.975030161869177));
#7199=CARTESIAN_POINT('',(3.18532544578447,-1.53498283765803,0.954254185108787));
#7200=CARTESIAN_POINT('',(3.20024887449593,-1.52005940894657,0.933478208348396));
#7201=CARTESIAN_POINT('',(3.20024887449593,-1.52005940894658,0.90386303218211));
#7202=CARTESIAN_POINT('',(3.19867814276475,-1.62163014067775,1.04526694161766));
#7203=CARTESIAN_POINT('',(3.2405551596501,-1.5797531237924,1.04619729155623));
#7204=CARTESIAN_POINT('',(3.27040201707301,-1.54990626636949,1.00464533803546));
#7205=CARTESIAN_POINT('',(3.30024887449592,-1.52005940894657,0.963093384514676));
#7206=CARTESIAN_POINT('',(3.30024887449592,-1.52005940894658,0.903863032182107));
#7207=CARTESIAN_POINT('',(3.24946350863034,-1.67084477481217,0.974564986899904));
#7208=CARTESIAN_POINT('',(3.27040201707302,-1.64990626636949,0.975030161869194));
#7209=CARTESIAN_POINT('',(3.28532544578448,-1.63498283765803,0.9542541851088));
#7210=CARTESIAN_POINT('',(3.30024887449594,-1.62005940894657,0.933478208348406));
#7211=CARTESIAN_POINT('',(3.30024887449594,-1.62005940894657,0.903863032182114));
#7212=CARTESIAN_POINT('',(3.2709508292137,-2.26927404308096,0.853077666316521));
#7213=CARTESIAN_POINT('',(3.27141600418299,-2.29021255152364,0.874016174759197));
#7214=CARTESIAN_POINT('',(3.2506400274226,-2.3051359802351,0.888939603470654));
#7215=CARTESIAN_POINT('',(3.22986405066221,-2.32005940894655,0.90386303218211));
#7216=CARTESIAN_POINT('',(3.20024887449593,-2.32005940894655,0.903863032182107));
#7217=CARTESIAN_POINT('',(3.34165278393144,-2.21848867721538,0.90229230045092));
#7218=CARTESIAN_POINT('',(3.34258313387002,-2.26036569410072,0.944169317336265));
#7219=CARTESIAN_POINT('',(3.30103118034925,-2.29021255152363,0.974016174759172));
#7220=CARTESIAN_POINT('',(3.25947922682848,-2.32005940894654,1.00386303218208));
#7221=CARTESIAN_POINT('',(3.20024887449592,-2.32005940894654,1.00386303218207));
#7222=CARTESIAN_POINT('',(3.27095082921369,-2.16927404308099,0.953077666316501));
#7223=CARTESIAN_POINT('',(3.27141600418298,-2.19021255152366,0.974016174759175));
#7224=CARTESIAN_POINT('',(3.2506400274226,-2.20513598023512,0.988939603470629));
#7225=CARTESIAN_POINT('',(3.22986405066221,-2.22005940894657,1.00386303218208));
#7226=CARTESIAN_POINT('',(3.20024887449592,-2.22005940894657,1.00386303218208));
#7227=CARTESIAN_POINT('',(1.30024887449593,-1.62005940894657,0.10386303218211));
#7228=CARTESIAN_POINT('',(1.30024887449593,-1.62005940894657,0.0742478560158237));
#7229=CARTESIAN_POINT('',(1.31517230320739,-1.63498283765803,0.053471879255435));
#7230=CARTESIAN_POINT('',(1.33009573191884,-1.64990626636949,0.0326959024950463));
#7231=CARTESIAN_POINT('',(1.35103424036152,-1.67084477481216,0.0331610774643375));
#7232=CARTESIAN_POINT('',(1.30024887449593,-1.52005940894657,0.103863032182107));
#7233=CARTESIAN_POINT('',(1.30024887449593,-1.52005940894657,0.0446326798495354));
#7234=CARTESIAN_POINT('',(1.33009573191885,-1.54990626636949,0.00308072632875851));
#7235=CARTESIAN_POINT('',(1.35994258934176,-1.5797531237924,-0.0384712271920184));
#7236=CARTESIAN_POINT('',(1.40181960622712,-1.62163014067776,-0.0375408772534359));
#7237=CARTESIAN_POINT('',(1.40024887449593,-1.52005940894656,0.10386303218211));
#7238=CARTESIAN_POINT('',(1.40024887449593,-1.52005940894656,0.0742478560158208));
#7239=CARTESIAN_POINT('',(1.41517230320739,-1.53498283765802,0.0534718792554301));
#7240=CARTESIAN_POINT('',(1.43009573191885,-1.54990626636948,0.0326959024950393));
#7241=CARTESIAN_POINT('',(1.45103424036153,-1.57084477481215,0.0331610774643306));
#7242=CARTESIAN_POINT('',(1.35103424036152,-1.67084477481216,0.974564986899894));
#7243=CARTESIAN_POINT('',(1.33009573191885,-1.64990626636948,0.97503016186918));
#7244=CARTESIAN_POINT('',(1.31517230320739,-1.63498283765802,0.954254185108789));
#7245=CARTESIAN_POINT('',(1.30024887449593,-1.62005940894657,0.933478208348398));
#7246=CARTESIAN_POINT('',(1.30024887449593,-1.62005940894657,0.903863032182112));
#7247=CARTESIAN_POINT('',(1.37230426062996,-1.65023261129416,1.00417650951538));
#7248=CARTESIAN_POINT('',(1.34259624759918,-1.62052459826339,1.00483650992023));
#7249=CARTESIAN_POINT('',(1.32142256104756,-1.59935091171177,0.975359100389631));
#7250=CARTESIAN_POINT('',(1.30024887449594,-1.57817722516014,0.945881690859031));
#7251=CARTESIAN_POINT('',(1.30024887449594,-1.57817722516014,0.903863032182111));
#7252=CARTESIAN_POINT('',(1.40191486995635,-1.62061469509156,1.00384761157525));
#7253=CARTESIAN_POINT('',(1.37230426062996,-1.59100408576516,1.00450544803584));
#7254=CARTESIAN_POINT('',(1.3511999962744,-1.56989982140961,0.975124686129591));
#7255=CARTESIAN_POINT('',(1.33009573191885,-1.54879555705406,0.945743924223346));
#7256=CARTESIAN_POINT('',(1.33009573191885,-1.54879555705406,0.903863032182111));
#7257=CARTESIAN_POINT('',(1.43152547928274,-1.59099677888895,1.00351871363511));
#7258=CARTESIAN_POINT('',(1.40201227366073,-1.56148357326694,1.00417438615144));
#7259=CARTESIAN_POINT('',(1.38097743150125,-1.54044873110746,0.97489027186955));
#7260=CARTESIAN_POINT('',(1.35994258934176,-1.51941388894797,0.94560615758766));
#7261=CARTESIAN_POINT('',(1.35994258934176,-1.51941388894797,0.90386303218211));
#7262=CARTESIAN_POINT('',(1.45180100497169,-1.570053144443,0.973445726537873));
#7263=CARTESIAN_POINT('',(1.43119396745699,-1.54944610692829,0.973903537468829));
#7264=CARTESIAN_POINT('',(1.41650678684205,-1.53475892631336,0.953456458648572));
#7265=CARTESIAN_POINT('',(1.40181960622711,-1.52007174569842,0.933009379828316));
#7266=CARTESIAN_POINT('',(1.40181960622711,-1.52007174569842,0.903863032182111));
#7267=CARTESIAN_POINT('',(1.40024887449595,-2.32005940894656,0.103863032182109));
#7268=CARTESIAN_POINT('',(1.40024887449595,-2.32005940894656,0.0742478560158309));
#7269=CARTESIAN_POINT('',(1.4151723032074,-2.30513598023511,0.0534718792554461));
#7270=CARTESIAN_POINT('',(1.43009573191885,-2.29021255152365,0.0326959024950614));
#7271=CARTESIAN_POINT('',(1.45103424036152,-2.26927404308098,0.0331610774643475));
#7272=CARTESIAN_POINT('',(1.30024887449594,-2.32005940894656,0.103863032182108));
#7273=CARTESIAN_POINT('',(1.30024887449594,-2.32005940894656,0.0446326798495445));
#7274=CARTESIAN_POINT('',(1.33009573191885,-2.29021255152365,0.00308072632876916));
#7275=CARTESIAN_POINT('',(1.35994258934176,-2.26036569410074,-0.0384712271920061));
#7276=CARTESIAN_POINT('',(1.40181960622711,-2.2184886772154,-0.0375408772534347));
#7277=CARTESIAN_POINT('',(1.30024887449595,-2.22005940894656,0.103863032182118));
#7278=CARTESIAN_POINT('',(1.30024887449595,-2.22005940894656,0.0742478560158408));
#7279=CARTESIAN_POINT('',(1.3151723032074,-2.20513598023511,0.0534718792554546));
#7280=CARTESIAN_POINT('',(1.33009573191885,-2.19021255152366,0.0326959024950682));
#7281=CARTESIAN_POINT('',(1.35103424036152,-2.16927404308099,0.0331610774643508));
#7282=CARTESIAN_POINT('',(1.35103424036153,-2.29076136366437,0.853077666316516));
#7283=CARTESIAN_POINT('',(1.33009573191885,-2.29122653863366,0.874016174759199));
#7284=CARTESIAN_POINT('',(1.31517230320738,-2.27045056187327,0.888939603470661));
#7285=CARTESIAN_POINT('',(1.30024887449592,-2.24967458511287,0.903863032182122));
#7286=CARTESIAN_POINT('',(1.30024887449592,-2.22005940894658,0.90386303218212));
#7287=CARTESIAN_POINT('',(1.40181960622712,-2.36146331838216,0.902292300450929));
#7288=CARTESIAN_POINT('',(1.35994258934175,-2.36239366832074,0.944169317336295));
#7289=CARTESIAN_POINT('',(1.33009573191883,-2.32084171479995,0.974016174759218));
#7290=CARTESIAN_POINT('',(1.30024887449591,-2.27928976127916,1.00386303218214));
#7291=CARTESIAN_POINT('',(1.30024887449592,-2.22005940894656,1.00386303218213));
#7292=CARTESIAN_POINT('',(1.45103424036153,-2.29076136366438,0.953077666316539));
#7293=CARTESIAN_POINT('',(1.43009573191885,-2.29122653863367,0.974016174759225));
#7294=CARTESIAN_POINT('',(1.41517230320738,-2.27045056187327,0.988939603470686));
#7295=CARTESIAN_POINT('',(1.40024887449592,-2.24967458511286,1.00386303218215));
#7296=CARTESIAN_POINT('',(1.40024887449593,-2.22005940894656,1.00386303218214));
#7297=CARTESIAN_POINT('',(3.30024887449592,-2.22005940894656,0.903863032182113));
#7298=CARTESIAN_POINT('',(3.30024887449592,-1.62005940894658,0.903863032182113));
#7299=CARTESIAN_POINT('',(3.30024887449592,-2.22005940894656,0.103863032182113));
#7300=CARTESIAN_POINT('',(3.30024887449592,-1.62005940894659,0.103863032182113));
#7301=CARTESIAN_POINT('',(3.20024887449593,-1.52005940894657,0.903863032182112));
#7302=CARTESIAN_POINT('',(1.40024887449592,-1.52005940894657,0.903863032182112));
#7303=CARTESIAN_POINT('',(3.20024887449594,-1.52005940894657,0.103863032182113));
#7304=CARTESIAN_POINT('',(1.40024887449593,-1.52005940894657,0.103863032182113));
#7305=CARTESIAN_POINT('',(1.30024887449592,-1.62005940894658,0.103863032182113));
#7306=CARTESIAN_POINT('',(1.30024887449592,-2.22005940894658,0.103863032182113));
#7307=CARTESIAN_POINT('',(1.30024887449592,-1.62005940894658,0.903863032182113));
#7308=CARTESIAN_POINT('',(1.30024887449593,-2.22005940894658,0.903863032182113));
#7309=CARTESIAN_POINT('',(1.40024887449595,-2.32005940894657,0.903863032182112));
#7310=CARTESIAN_POINT('',(3.20024887449592,-2.32005940894657,0.903863032182113));
#7311=CARTESIAN_POINT('',(1.40024887449594,-2.32005940894657,0.103863032182113));
#7312=CARTESIAN_POINT('',(3.20024887449592,-2.32005940894658,0.103863032182113));
#7313=CARTESIAN_POINT('',(1.40024887449593,-2.22005940894656,0.00386303218211304));
#7314=CARTESIAN_POINT('',(3.20024887449592,-2.22005940894657,0.00386303218211304));
#7315=CARTESIAN_POINT('',(3.20024887449592,-1.62005940894658,0.00386303218211304));
#7316=CARTESIAN_POINT('',(1.40024887449593,-1.62005940894658,0.00386303218211304));
#7317=CARTESIAN_POINT('',(3.20024887449592,-1.62005940894658,1.00386303218211));
#7318=CARTESIAN_POINT('',(1.40024887449592,-1.62005940894658,1.00386303218211));
#7319=CARTESIAN_POINT('',(1.40024887449593,-2.22005940894657,1.00386303218211));
#7320=CARTESIAN_POINT('',(3.20024887449592,-2.22005940894657,1.00386303218211));
#7321=CARTESIAN_POINT('',(3.30024887449592,-2.22005940894656,0.903863032182113));
#7322=CARTESIAN_POINT('',(3.30024887449592,-2.22005940894656,0.103863032182113));
#7323=CARTESIAN_POINT('',(0.100000000000012,0.9));
#7324=CARTESIAN_POINT('',(0.0999999999999963,0.633333333333333));
#7325=CARTESIAN_POINT('',(0.0999999999999987,0.366666666666666));
#7326=CARTESIAN_POINT('',(0.100000000000013,0.1));
#7327=CARTESIAN_POINT('',(3.30024887449592,-2.22005940894656,0.103863032182113));
#7328=CARTESIAN_POINT('',(3.30024887449592,-1.62005940894659,0.103863032182113));
#7329=CARTESIAN_POINT('',(0.100000000000013,0.1));
#7330=CARTESIAN_POINT('',(0.300000000000004,0.0999999999999999));
#7331=CARTESIAN_POINT('',(0.499999999999994,0.1));
#7332=CARTESIAN_POINT('',(0.699999999999986,0.0999999999999999));
#7333=CARTESIAN_POINT('',(3.30024887449592,-1.62005940894659,0.103863032182113));
#7334=CARTESIAN_POINT('',(3.30024887449592,-1.62005940894658,0.903863032182113));
#7335=CARTESIAN_POINT('',(0.699999999999986,0.0999999999999999));
#7336=CARTESIAN_POINT('',(0.700000000000002,0.366666666666666));
#7337=CARTESIAN_POINT('',(0.699999999999982,0.633333333333333));
#7338=CARTESIAN_POINT('',(0.699999999999998,0.9));
#7339=CARTESIAN_POINT('',(3.30024887449592,-1.62005940894658,0.903863032182113));
#7340=CARTESIAN_POINT('',(3.30024887449592,-2.22005940894656,0.903863032182113));
#7341=CARTESIAN_POINT('',(0.699999999999998,0.9));
#7342=CARTESIAN_POINT('',(0.500000000000005,0.9));
#7343=CARTESIAN_POINT('',(0.300000000000011,0.9));
#7344=CARTESIAN_POINT('',(0.100000000000012,0.9));
#7345=CARTESIAN_POINT('',(3.20024887449593,-1.52005940894657,0.903863032182112));
#7346=CARTESIAN_POINT('',(3.20024887449594,-1.52005940894657,0.103863032182113));
#7347=CARTESIAN_POINT('',(0.899999999999997,0.9));
#7348=CARTESIAN_POINT('',(0.899999999999999,0.633333333333333));
#7349=CARTESIAN_POINT('',(0.900000000000006,0.366666666666666));
#7350=CARTESIAN_POINT('',(0.899999999999988,0.0999999999999999));
#7351=CARTESIAN_POINT('',(3.20024887449594,-1.52005940894657,0.103863032182113));
#7352=CARTESIAN_POINT('',(1.40024887449593,-1.52005940894657,0.103863032182113));
#7353=CARTESIAN_POINT('',(0.899999999999988,0.0999999999999999));
#7354=CARTESIAN_POINT('',(1.49999999999999,0.1));
#7355=CARTESIAN_POINT('',(2.1,0.1));
#7356=CARTESIAN_POINT('',(2.7,0.1));
#7357=CARTESIAN_POINT('',(1.40024887449593,-1.52005940894657,0.103863032182113));
#7358=CARTESIAN_POINT('',(1.40024887449592,-1.52005940894657,0.903863032182112));
#7359=CARTESIAN_POINT('',(2.7,0.1));
#7360=CARTESIAN_POINT('',(2.69999999999999,0.366666666666666));
#7361=CARTESIAN_POINT('',(2.7,0.633333333333333));
#7362=CARTESIAN_POINT('',(2.69999999999999,0.9));
#7363=CARTESIAN_POINT('',(1.40024887449592,-1.52005940894657,0.903863032182112));
#7364=CARTESIAN_POINT('',(3.20024887449593,-1.52005940894657,0.903863032182112));
#7365=CARTESIAN_POINT('',(2.69999999999999,0.9));
#7366=CARTESIAN_POINT('',(2.09999999999999,0.9));
#7367=CARTESIAN_POINT('',(1.49999999999999,0.9));
#7368=CARTESIAN_POINT('',(0.899999999999997,0.9));
#7369=CARTESIAN_POINT('',(1.30024887449592,-1.62005940894658,0.103863032182113));
#7370=CARTESIAN_POINT('',(1.30024887449592,-2.22005940894658,0.103863032182113));
#7371=CARTESIAN_POINT('',(2.89999999999999,0.1));
#7372=CARTESIAN_POINT('',(3.09999999999999,0.1));
#7373=CARTESIAN_POINT('',(3.3,0.1));
#7374=CARTESIAN_POINT('',(3.5,0.1));
#7375=CARTESIAN_POINT('',(1.30024887449592,-2.22005940894658,0.103863032182113));
#7376=CARTESIAN_POINT('',(1.30024887449593,-2.22005940894658,0.903863032182113));
#7377=CARTESIAN_POINT('',(3.5,0.1));
#7378=CARTESIAN_POINT('',(3.49999999999999,0.366666666666666));
#7379=CARTESIAN_POINT('',(3.49999999999998,0.633333333333333));
#7380=CARTESIAN_POINT('',(3.5,0.9));
#7381=CARTESIAN_POINT('',(1.30024887449593,-2.22005940894658,0.903863032182113));
#7382=CARTESIAN_POINT('',(1.30024887449592,-1.62005940894658,0.903863032182113));
#7383=CARTESIAN_POINT('',(3.5,0.9));
#7384=CARTESIAN_POINT('',(3.3,0.9));
#7385=CARTESIAN_POINT('',(3.1,0.899999999999999));
#7386=CARTESIAN_POINT('',(2.89999999999999,0.9));
#7387=CARTESIAN_POINT('',(1.30024887449592,-1.62005940894658,0.903863032182113));
#7388=CARTESIAN_POINT('',(1.30024887449592,-1.62005940894658,0.103863032182113));
#7389=CARTESIAN_POINT('',(2.89999999999999,0.9));
#7390=CARTESIAN_POINT('',(2.9,0.633333333333334));
#7391=CARTESIAN_POINT('',(2.90000000000001,0.366666666666667));
#7392=CARTESIAN_POINT('',(2.89999999999999,0.1));
#7393=CARTESIAN_POINT('',(1.40024887449595,-2.32005940894657,0.903863032182112));
#7394=CARTESIAN_POINT('',(1.40024887449594,-2.32005940894657,0.103863032182113));
#7395=CARTESIAN_POINT('',(3.7,0.9));
#7396=CARTESIAN_POINT('',(3.69999999999999,0.633333333333333));
#7397=CARTESIAN_POINT('',(3.69999999999999,0.366666666666666));
#7398=CARTESIAN_POINT('',(3.7,0.1));
#7399=CARTESIAN_POINT('',(1.40024887449594,-2.32005940894657,0.103863032182113));
#7400=CARTESIAN_POINT('',(3.20024887449592,-2.32005940894658,0.103863032182113));
#7401=CARTESIAN_POINT('',(3.7,0.1));
#7402=CARTESIAN_POINT('',(4.30000000000001,0.1));
#7403=CARTESIAN_POINT('',(4.9,0.1));
#7404=CARTESIAN_POINT('',(5.5,0.1));
#7405=CARTESIAN_POINT('',(3.20024887449592,-2.32005940894658,0.103863032182113));
#7406=CARTESIAN_POINT('',(3.20024887449592,-2.32005940894657,0.903863032182113));
#7407=CARTESIAN_POINT('',(5.5,0.1));
#7408=CARTESIAN_POINT('',(5.49999999999999,0.366666666666666));
#7409=CARTESIAN_POINT('',(5.49999999999999,0.633333333333333));
#7410=CARTESIAN_POINT('',(5.49999999999999,0.9));
#7411=CARTESIAN_POINT('',(3.20024887449592,-2.32005940894657,0.903863032182113));
#7412=CARTESIAN_POINT('',(1.40024887449595,-2.32005940894657,0.903863032182112));
#7413=CARTESIAN_POINT('',(5.49999999999999,0.9));
#7414=CARTESIAN_POINT('',(4.9,0.9));
#7415=CARTESIAN_POINT('',(4.3,0.9));
#7416=CARTESIAN_POINT('',(3.7,0.9));
#7417=CARTESIAN_POINT('',(1.40024887449593,-2.22005940894656,0.00386303218211304));
#7418=CARTESIAN_POINT('',(1.40024887449593,-1.62005940894658,0.00386303218211304));
#7419=CARTESIAN_POINT('',(0.100000000000002,-1.9));
#7420=CARTESIAN_POINT('',(0.3,-1.9));
#7421=CARTESIAN_POINT('',(0.499999999999998,-1.9));
#7422=CARTESIAN_POINT('',(0.699999999999995,-1.9));
#7423=CARTESIAN_POINT('',(1.40024887449593,-1.62005940894658,0.00386303218211304));
#7424=CARTESIAN_POINT('',(3.20024887449592,-1.62005940894658,0.00386303218211304));
#7425=CARTESIAN_POINT('',(0.699999999999995,-1.9));
#7426=CARTESIAN_POINT('',(0.699999999999988,-1.3));
#7427=CARTESIAN_POINT('',(0.699999999999995,-0.700000000000001));
#7428=CARTESIAN_POINT('',(0.699999999999989,-0.100000000000003));
#7429=CARTESIAN_POINT('',(3.20024887449592,-1.62005940894658,0.00386303218211304));
#7430=CARTESIAN_POINT('',(3.20024887449592,-2.22005940894657,0.00386303218211304));
#7431=CARTESIAN_POINT('',(0.699999999999989,-0.100000000000003));
#7432=CARTESIAN_POINT('',(0.499999999999991,-0.100000000000005));
#7433=CARTESIAN_POINT('',(0.299999999999992,-0.1));
#7434=CARTESIAN_POINT('',(0.0999999999999944,-0.100000000000006));
#7435=CARTESIAN_POINT('',(3.20024887449592,-2.22005940894657,0.00386303218211304));
#7436=CARTESIAN_POINT('',(1.40024887449593,-2.22005940894656,0.00386303218211304));
#7437=CARTESIAN_POINT('',(0.0999999999999944,-0.100000000000006));
#7438=CARTESIAN_POINT('',(0.100000000000003,-0.700000000000004));
#7439=CARTESIAN_POINT('',(0.0999999999999986,-1.3));
#7440=CARTESIAN_POINT('',(0.100000000000002,-1.9));
#7441=CARTESIAN_POINT('',(3.20024887449592,-1.62005940894658,1.00386303218211));
#7442=CARTESIAN_POINT('',(1.40024887449592,-1.62005940894658,1.00386303218211));
#7443=CARTESIAN_POINT('',(-0.100000000000005,0.699999999999995));
#7444=CARTESIAN_POINT('',(-0.700000000000003,0.699999999999989));
#7445=CARTESIAN_POINT('',(-1.3,0.699999999999992));
#7446=CARTESIAN_POINT('',(-1.9,0.699999999999995));
#7447=CARTESIAN_POINT('',(1.40024887449592,-1.62005940894658,1.00386303218211));
#7448=CARTESIAN_POINT('',(1.40024887449593,-2.22005940894657,1.00386303218211));
#7449=CARTESIAN_POINT('',(-1.9,0.699999999999995));
#7450=CARTESIAN_POINT('',(-1.9,0.499999999999995));
#7451=CARTESIAN_POINT('',(-1.9,0.299999999999995));
#7452=CARTESIAN_POINT('',(-1.89999999999999,0.0999999999999947));
#7453=CARTESIAN_POINT('',(1.40024887449593,-2.22005940894657,1.00386303218211));
#7454=CARTESIAN_POINT('',(3.20024887449592,-2.22005940894657,1.00386303218211));
#7455=CARTESIAN_POINT('',(-1.89999999999999,0.0999999999999947));
#7456=CARTESIAN_POINT('',(-1.29999999999999,0.1));
#7457=CARTESIAN_POINT('',(-0.699999999999994,0.100000000000004));
#7458=CARTESIAN_POINT('',(-0.0999999999999977,0.099999999999995));
#7459=CARTESIAN_POINT('',(3.20024887449592,-2.22005940894657,1.00386303218211));
#7460=CARTESIAN_POINT('',(3.20024887449592,-1.62005940894658,1.00386303218211));
#7461=CARTESIAN_POINT('',(-0.0999999999999977,0.099999999999995));
#7462=CARTESIAN_POINT('',(-0.100000000000006,0.299999999999995));
#7463=CARTESIAN_POINT('',(-0.0999999999999958,0.499999999999995));
#7464=CARTESIAN_POINT('',(-0.100000000000005,0.699999999999995));
#7465=CARTESIAN_POINT('',(3.30024887449592,-2.22005940894656,0.103863032182113));
#7466=CARTESIAN_POINT('',(3.3002488744959,-2.2200594089467,0.0038630321821114));
#7467=CARTESIAN_POINT('',(3.20024887449592,-2.22005940894657,0.00386303218211304));
#7468=CARTESIAN_POINT('',(0.,0.100000000000005));
#7469=CARTESIAN_POINT('',(0.15707963267956,0.100000000000005));
#7470=CARTESIAN_POINT('',(0.15707963267956,0.699999999999986));
#7471=CARTESIAN_POINT('',(0.15707963267956,0.100000000000005));
#7472=CARTESIAN_POINT('',(3.20024887449592,-1.62005940894658,0.00386303218210771));
#7473=CARTESIAN_POINT('',(3.30024887449592,-1.62005940894661,0.00386303218211482));
#7474=CARTESIAN_POINT('',(3.30024887449593,-1.62005940894659,0.103863032182114));
#7475=CARTESIAN_POINT('',(0.15707963267956,0.699999999999986));
#7476=CARTESIAN_POINT('',(0.,0.699999999999986));
#7477=CARTESIAN_POINT('',(0.,0.100000000000005));
#7478=CARTESIAN_POINT('',(0.,0.699999999999986));
#7479=CARTESIAN_POINT('',(0.9,0.));
#7480=CARTESIAN_POINT('',(0.1,0.));
#7481=CARTESIAN_POINT('',(3.30024887449592,-1.62005940894659,0.103863032182113));
#7482=CARTESIAN_POINT('',(3.30024887449595,-1.52005940894657,0.103863032182372));
#7483=CARTESIAN_POINT('',(3.20024887449594,-1.52005940894657,0.103863032182113));
#7484=CARTESIAN_POINT('',(0.9,0.));
#7485=CARTESIAN_POINT('',(0.9,0.157079632679583));
#7486=CARTESIAN_POINT('',(0.1,0.157079632679583));
#7487=CARTESIAN_POINT('',(0.9,0.157079632679583));
#7488=CARTESIAN_POINT('',(3.20024887449593,-1.52005940894656,0.903863032182112));
#7489=CARTESIAN_POINT('',(3.30024887449593,-1.52005940894657,0.903863032182112));
#7490=CARTESIAN_POINT('',(3.30024887449593,-1.62005940894658,0.903863032182112));
#7491=CARTESIAN_POINT('',(0.1,0.157079632679583));
#7492=CARTESIAN_POINT('',(0.1,0.));
#7493=CARTESIAN_POINT('',(0.699999999999998,0.));
#7494=CARTESIAN_POINT('',(0.100000000000009,0.));
#7495=CARTESIAN_POINT('',(3.30024887449592,-1.62005940894658,0.903863032182113));
#7496=CARTESIAN_POINT('',(3.30024887449592,-1.62005940894685,1.00386303218211));
#7497=CARTESIAN_POINT('',(3.20024887449592,-1.62005940894658,1.00386303218211));
#7498=CARTESIAN_POINT('',(0.699999999999998,0.));
#7499=CARTESIAN_POINT('',(0.699999999999998,0.157079632679574));
#7500=CARTESIAN_POINT('',(0.100000000000009,0.157079632679574));
#7501=CARTESIAN_POINT('',(0.699999999999998,0.157079632679574));
#7502=CARTESIAN_POINT('',(3.20024887449592,-2.22005940894657,1.00386303218211));
#7503=CARTESIAN_POINT('',(3.30024887449592,-2.22005940894685,1.00386303218211));
#7504=CARTESIAN_POINT('',(3.30024887449592,-2.22005940894656,0.903863032182113));
#7505=CARTESIAN_POINT('',(0.100000000000009,0.157079632679574));
#7506=CARTESIAN_POINT('',(0.100000000000009,0.));
#7507=CARTESIAN_POINT('',(0.9,0.));
#7508=CARTESIAN_POINT('',(0.1,0.));
#7509=CARTESIAN_POINT('',(3.30024887449592,-2.22005940894656,0.903863032182113));
#7510=CARTESIAN_POINT('',(3.30024887449595,-2.32005940894657,0.903863032182147));
#7511=CARTESIAN_POINT('',(3.20024887449592,-2.32005940894657,0.903863032182113));
#7512=CARTESIAN_POINT('',(0.9,0.));
#7513=CARTESIAN_POINT('',(0.9,0.15707963267956));
#7514=CARTESIAN_POINT('',(0.1,0.15707963267956));
#7515=CARTESIAN_POINT('',(0.9,0.15707963267956));
#7516=CARTESIAN_POINT('',(3.20024887449593,-2.32005940894658,0.103863032182113));
#7517=CARTESIAN_POINT('',(3.30024887449597,-2.32005940894659,0.103863032182113));
#7518=CARTESIAN_POINT('',(3.30024887449592,-2.22005940894656,0.103863032182113));
#7519=CARTESIAN_POINT('',(0.1,0.15707963267956));
#7520=CARTESIAN_POINT('',(0.1,0.));
#7521=CARTESIAN_POINT('',(3.20024887449594,-1.52005940894657,0.103863032182113));
#7522=CARTESIAN_POINT('',(3.20024887449598,-1.52005940894657,0.00386303218211571));
#7523=CARTESIAN_POINT('',(3.20024887449592,-1.62005940894658,0.00386303218211304));
#7524=CARTESIAN_POINT('',(0.,0.0999999999999897));
#7525=CARTESIAN_POINT('',(0.157079632679526,0.0999999999999897));
#7526=CARTESIAN_POINT('',(0.157079632679526,1.9));
#7527=CARTESIAN_POINT('',(0.157079632679526,0.0999999999999897));
#7528=CARTESIAN_POINT('',(1.40024887449593,-1.62005940894658,0.00386303218211304));
#7529=CARTESIAN_POINT('',(1.40024887449598,-1.52005940894657,0.00386303218211159));
#7530=CARTESIAN_POINT('',(1.40024887449593,-1.52005940894657,0.103863032182113));
#7531=CARTESIAN_POINT('',(0.157079632679526,1.9));
#7532=CARTESIAN_POINT('',(0.,1.9));
#7533=CARTESIAN_POINT('',(0.,0.0999999999999897));
#7534=CARTESIAN_POINT('',(0.,1.9));
#7535=CARTESIAN_POINT('',(0.899999999999999,0.));
#7536=CARTESIAN_POINT('',(0.1,0.));
#7537=CARTESIAN_POINT('',(1.40024887449593,-1.52005940894657,0.103863032182113));
#7538=CARTESIAN_POINT('',(1.30024887449593,-1.52005940894657,0.103863032182112));
#7539=CARTESIAN_POINT('',(1.30024887449592,-1.62005940894656,0.103863032182112));
#7540=CARTESIAN_POINT('',(0.899999999999999,0.));
#7541=CARTESIAN_POINT('',(0.899999999999999,0.157079632679568));
#7542=CARTESIAN_POINT('',(0.1,0.157079632679568));
#7543=CARTESIAN_POINT('',(0.899999999999999,0.157079632679568));
#7544=CARTESIAN_POINT('',(1.30024887449592,-1.62005940894658,0.903863032182113));
#7545=CARTESIAN_POINT('',(1.30024887449592,-1.52005940894656,0.903863032182113));
#7546=CARTESIAN_POINT('',(1.40024887449593,-1.52005940894657,0.903863032182113));
#7547=CARTESIAN_POINT('',(0.1,0.157079632679568));
#7548=CARTESIAN_POINT('',(0.1,0.));
#7549=CARTESIAN_POINT('',(1.89999999999999,0.));
#7550=CARTESIAN_POINT('',(0.100000000000001,0.));
#7551=CARTESIAN_POINT('',(1.40024887449592,-1.52005940894657,0.903863032182112));
#7552=CARTESIAN_POINT('',(1.40024887449604,-1.52005940894657,1.00386303218211));
#7553=CARTESIAN_POINT('',(1.40024887449592,-1.62005940894658,1.00386303218211));
#7554=CARTESIAN_POINT('',(1.89999999999999,0.));
#7555=CARTESIAN_POINT('',(1.89999999999999,0.157079632679526));
#7556=CARTESIAN_POINT('',(0.100000000000001,0.157079632679526));
#7557=CARTESIAN_POINT('',(1.89999999999999,0.157079632679526));
#7558=CARTESIAN_POINT('',(3.20024887449592,-1.62005940894658,1.00386303218211));
#7559=CARTESIAN_POINT('',(3.20024887449605,-1.52005940894655,1.00386303218211));
#7560=CARTESIAN_POINT('',(3.20024887449593,-1.52005940894657,0.903863032182112));
#7561=CARTESIAN_POINT('',(0.100000000000001,0.157079632679526));
#7562=CARTESIAN_POINT('',(0.100000000000001,0.));
#7563=CARTESIAN_POINT('',(1.30024887449592,-1.62005940894658,0.103863032182113));
#7564=CARTESIAN_POINT('',(1.30024887449594,-1.62005940894659,0.00386303218211736));
#7565=CARTESIAN_POINT('',(1.40024887449593,-1.62005940894658,0.00386303218211304));
#7566=CARTESIAN_POINT('',(0.,0.0999999999999983));
#7567=CARTESIAN_POINT('',(0.157079632679526,0.0999999999999983));
#7568=CARTESIAN_POINT('',(0.157079632679526,0.700000000000006));
#7569=CARTESIAN_POINT('',(0.157079632679526,0.0999999999999983));
#7570=CARTESIAN_POINT('',(1.40024887449593,-2.22005940894656,0.00386303218211304));
#7571=CARTESIAN_POINT('',(1.30024887449594,-2.22005940894656,0.00386303218211995));
#7572=CARTESIAN_POINT('',(1.30024887449592,-2.22005940894658,0.103863032182113));
#7573=CARTESIAN_POINT('',(0.157079632679526,0.700000000000006));
#7574=CARTESIAN_POINT('',(0.,0.700000000000006));
#7575=CARTESIAN_POINT('',(0.,0.0999999999999983));
#7576=CARTESIAN_POINT('',(0.,0.700000000000006));
#7577=CARTESIAN_POINT('',(0.899999999999999,0.));
#7578=CARTESIAN_POINT('',(0.0999999999999993,0.));
#7579=CARTESIAN_POINT('',(1.30024887449592,-2.22005940894658,0.103863032182113));
#7580=CARTESIAN_POINT('',(1.30024887449595,-2.32005940894656,0.103863032182112));
#7581=CARTESIAN_POINT('',(1.40024887449593,-2.32005940894658,0.103863032182112));
#7582=CARTESIAN_POINT('',(0.899999999999999,0.));
#7583=CARTESIAN_POINT('',(0.899999999999999,0.157079632679625));
#7584=CARTESIAN_POINT('',(0.0999999999999993,0.157079632679625));
#7585=CARTESIAN_POINT('',(0.899999999999999,0.157079632679625));
#7586=CARTESIAN_POINT('',(1.40024887449595,-2.32005940894657,0.903863032182112));
#7587=CARTESIAN_POINT('',(1.30024887449599,-2.32005940894657,0.903863032182113));
#7588=CARTESIAN_POINT('',(1.30024887449593,-2.22005940894658,0.903863032182113));
#7589=CARTESIAN_POINT('',(0.0999999999999993,0.157079632679625));
#7590=CARTESIAN_POINT('',(0.0999999999999993,0.));
#7591=CARTESIAN_POINT('',(0.70000000000001,0.));
#7592=CARTESIAN_POINT('',(0.1,0.));
#7593=CARTESIAN_POINT('',(1.30024887449594,-2.22005940894658,0.903863032182113));
#7594=CARTESIAN_POINT('',(1.30024887449594,-2.22005940894659,1.0038630321821));
#7595=CARTESIAN_POINT('',(1.40024887449593,-2.22005940894657,1.00386303218212));
#7596=CARTESIAN_POINT('',(0.70000000000001,0.));
#7597=CARTESIAN_POINT('',(0.70000000000001,0.157079632679541));
#7598=CARTESIAN_POINT('',(0.1,0.157079632679541));
#7599=CARTESIAN_POINT('',(0.70000000000001,0.157079632679541));
#7600=CARTESIAN_POINT('',(1.40024887449592,-1.62005940894658,1.00386303218211));
#7601=CARTESIAN_POINT('',(1.30024887449591,-1.62005940894651,1.00386303218212));
#7602=CARTESIAN_POINT('',(1.30024887449592,-1.62005940894658,0.903863032182113));
#7603=CARTESIAN_POINT('',(0.1,0.157079632679541));
#7604=CARTESIAN_POINT('',(0.1,0.));
#7605=CARTESIAN_POINT('',(1.40024887449594,-2.32005940894657,0.103863032182113));
#7606=CARTESIAN_POINT('',(1.40024887449604,-2.32005940894656,0.00386303218211362));
#7607=CARTESIAN_POINT('',(1.40024887449593,-2.22005940894656,0.00386303218211304));
#7608=CARTESIAN_POINT('',(0.,0.100000000000006));
#7609=CARTESIAN_POINT('',(0.15707963267956,0.100000000000006));
#7610=CARTESIAN_POINT('',(0.15707963267956,1.9));
#7611=CARTESIAN_POINT('',(0.15707963267956,0.100000000000006));
#7612=CARTESIAN_POINT('',(3.20024887449592,-2.22005940894657,0.00386303218211304));
#7613=CARTESIAN_POINT('',(3.20024887449602,-2.32005940894655,0.00386303218211455));
#7614=CARTESIAN_POINT('',(3.20024887449592,-2.32005940894658,0.103863032182113));
#7615=CARTESIAN_POINT('',(0.15707963267956,1.9));
#7616=CARTESIAN_POINT('',(0.,1.9));
#7617=CARTESIAN_POINT('',(0.,0.100000000000006));
#7618=CARTESIAN_POINT('',(0.,1.9));
#7619=CARTESIAN_POINT('',(1.89999999999999,0.));
#7620=CARTESIAN_POINT('',(0.100000000000013,0.));
#7621=CARTESIAN_POINT('',(3.20024887449592,-2.32005940894657,0.903863032182113));
#7622=CARTESIAN_POINT('',(3.20024887449594,-2.32005940894656,1.0038630321821));
#7623=CARTESIAN_POINT('',(3.20024887449594,-2.22005940894658,1.00386303218211));
#7624=CARTESIAN_POINT('',(1.89999999999999,0.));
#7625=CARTESIAN_POINT('',(1.89999999999999,0.15707963267954));
#7626=CARTESIAN_POINT('',(0.100000000000013,0.15707963267954));
#7627=CARTESIAN_POINT('',(1.89999999999999,0.15707963267954));
#7628=CARTESIAN_POINT('',(1.40024887449593,-2.22005940894657,1.00386303218211));
#7629=CARTESIAN_POINT('',(1.40024887449603,-2.32005940894657,1.00386303218211));
#7630=CARTESIAN_POINT('',(1.40024887449595,-2.32005940894657,0.903863032182112));
#7631=CARTESIAN_POINT('',(0.100000000000013,0.15707963267954));
#7632=CARTESIAN_POINT('',(0.100000000000013,0.));
#7633=CARTESIAN_POINT('',(0.23558000448986,2.65906625780985));
#7634=CARTESIAN_POINT('',(0.0785398163397424,2.65906625780985));
#7635=CARTESIAN_POINT('',(0.157059287961387,4.31212086991652));
#7636=CARTESIAN_POINT('',(0.177504913984161,4.09723283117968));
#7637=CARTESIAN_POINT('',(0.196883421530764,3.88235985945512));
#7638=CARTESIAN_POINT('',(0.228632974504043,3.33098843294788));
#7639=CARTESIAN_POINT('',(0.235580004489836,2.99531504919898));
#7640=CARTESIAN_POINT('',(0.23558000448986,2.65906625780985));
#7641=CARTESIAN_POINT('',(0.0785398163397424,2.65906625780985));
#7642=CARTESIAN_POINT('',(0.0785398163397753,2.99531645351097));
#7643=CARTESIAN_POINT('',(0.0855213780251389,3.3309889906218));
#7644=CARTESIAN_POINT('',(0.117302411369522,3.88235624992553));
#7645=CARTESIAN_POINT('',(0.136613753187545,4.09723379022598));
#7646=CARTESIAN_POINT('',(0.157059287961387,4.31212086991652));
#7647=CARTESIAN_POINT('',(0.235619449019244,2.65906625780999));
#7648=CARTESIAN_POINT('',(0.0785398163397441,2.65906625780988));
#7649=CARTESIAN_POINT('',(0.157079632679494,4.3121208699167));
#7650=CARTESIAN_POINT('',(0.175995387959907,4.09715554191153));
#7651=CARTESIAN_POINT('',(0.195155002215009,3.88226909383413));
#7652=CARTESIAN_POINT('',(0.227724184751218,3.33100357708784));
#7653=CARTESIAN_POINT('',(0.235619449019233,2.995353896625));
#7654=CARTESIAN_POINT('',(0.235619449019244,2.65906625780999));
#7655=CARTESIAN_POINT('',(0.0785398163397441,2.65906625780988));
#7656=CARTESIAN_POINT('',(0.0785398163396774,2.99535389662518));
#7657=CARTESIAN_POINT('',(0.0864350806076361,3.33100357708831));
#7658=CARTESIAN_POINT('',(0.119004263143853,3.88226909383465));
#7659=CARTESIAN_POINT('',(0.138163877398991,4.09715554191179));
#7660=CARTESIAN_POINT('',(0.157079632679494,4.3121208699167));
#7661=CARTESIAN_POINT('',(0.0785398163397463,3.95481301290552));
#7662=CARTESIAN_POINT('',(0.235619449019237,3.95481301290552));
#7663=CARTESIAN_POINT('',(0.157079632679492,2.30175840079888));
#7664=CARTESIAN_POINT('',(0.138163877399105,2.51672372880415));
#7665=CARTESIAN_POINT('',(0.119004263143984,2.73161017688166));
#7666=CARTESIAN_POINT('',(0.0864350806078042,3.28287569362793));
#7667=CARTESIAN_POINT('',(0.0785398163397759,3.61852537409064));
#7668=CARTESIAN_POINT('',(0.0785398163397463,3.95481301290552));
#7669=CARTESIAN_POINT('',(0.235619449019237,3.95481301290552));
#7670=CARTESIAN_POINT('',(0.235619449019304,3.61852537409021));
#7671=CARTESIAN_POINT('',(0.227724184751357,3.28287569362707));
#7672=CARTESIAN_POINT('',(0.195155002215132,2.73161017688079));
#7673=CARTESIAN_POINT('',(0.175995387959995,2.51672372880371));
#7674=CARTESIAN_POINT('',(0.157079632679492,2.30175840079888));
#7675=CARTESIAN_POINT('',(0.235619449019187,3.95481301290533));
#7676=CARTESIAN_POINT('',(0.235619449019119,3.61852537409064));
#7677=CARTESIAN_POINT('',(0.22772418475106,3.28287569362811));
#7678=CARTESIAN_POINT('',(0.195155002214901,2.73161017688183));
#7679=CARTESIAN_POINT('',(0.175995387959804,2.51672372880411));
#7680=CARTESIAN_POINT('',(0.157079632679463,2.30175840079863));
#7681=CARTESIAN_POINT('',(0.078539816339739,3.9548130129055));
#7682=CARTESIAN_POINT('',(0.235619449019187,3.95481301290533));
#7683=CARTESIAN_POINT('',(0.157079632679463,2.30175840079863));
#7684=CARTESIAN_POINT('',(0.138163877399048,2.51672372880386));
#7685=CARTESIAN_POINT('',(0.119004263143953,2.73161017688133));
#7686=CARTESIAN_POINT('',(0.0864350806077641,3.28287569362767));
#7687=CARTESIAN_POINT('',(0.0785398163397449,3.6185253740905));
#7688=CARTESIAN_POINT('',(0.078539816339739,3.9548130129055));
#7689=CARTESIAN_POINT('',(0.157079632679496,4.31212086991663));
#7690=CARTESIAN_POINT('',(0.175995387959938,4.09715554191153));
#7691=CARTESIAN_POINT('',(0.195155002215047,3.88226909383418));
#7692=CARTESIAN_POINT('',(0.227724184751254,3.33100357708791));
#7693=CARTESIAN_POINT('',(0.235619449019257,2.99535389662502));
#7694=CARTESIAN_POINT('',(0.235619449019245,2.65906625780996));
#7695=CARTESIAN_POINT('',(0.0785398163397466,2.65906625780996));
#7696=CARTESIAN_POINT('',(0.0785398163397433,2.99535389662499));
#7697=CARTESIAN_POINT('',(0.0864350806077392,3.33100357708785));
#7698=CARTESIAN_POINT('',(0.11900426314394,3.88226909383413));
#7699=CARTESIAN_POINT('',(0.138163877399064,4.0971555419115));
#7700=CARTESIAN_POINT('',(0.157079632679496,4.31212086991663));
#7701=CARTESIAN_POINT('',(0.235619449019245,2.65906625780996));
#7702=CARTESIAN_POINT('',(0.0785398163397466,2.65906625780996));
#7703=CARTESIAN_POINT('',(0.0785398163397539,3.95481301290547));
#7704=CARTESIAN_POINT('',(0.235580004489864,3.95481301290547));
#7705=CARTESIAN_POINT('',(0.157059287961369,2.30175840079893));
#7706=CARTESIAN_POINT('',(0.136613753187503,2.51664548048945));
#7707=CARTESIAN_POINT('',(0.117302411369482,2.7315230207899));
#7708=CARTESIAN_POINT('',(0.0855213780251165,3.28289028009358));
#7709=CARTESIAN_POINT('',(0.0785398163397694,3.61856281720438));
#7710=CARTESIAN_POINT('',(0.0785398163397539,3.95481301290547));
#7711=CARTESIAN_POINT('',(0.235580004489864,3.95481301290547));
#7712=CARTESIAN_POINT('',(0.235580004489891,3.6185642215162));
#7713=CARTESIAN_POINT('',(0.228632974504108,3.28289083776715));
#7714=CARTESIAN_POINT('',(0.196883421530823,2.73151941125995));
#7715=CARTESIAN_POINT('',(0.177504913984216,2.51664643953557));
#7716=CARTESIAN_POINT('',(0.157059287961369,2.30175840079893));
#7717=CARTESIAN_POINT('',(0.15707963267948,4.31212086991649));
#7718=CARTESIAN_POINT('',(0.175995387959902,4.09715554191138));
#7719=CARTESIAN_POINT('',(0.195155002215025,3.88226909383403));
#7720=CARTESIAN_POINT('',(0.227724184751204,3.33100357708781));
#7721=CARTESIAN_POINT('',(0.235619449019233,2.99535389662499));
#7722=CARTESIAN_POINT('',(0.235619449019227,2.65906625781001));
#7723=CARTESIAN_POINT('',(0.0785398163397334,2.65906625781001));
#7724=CARTESIAN_POINT('',(0.0785398163397095,2.99535389662511));
#7725=CARTESIAN_POINT('',(0.086435080607704,3.33100357708803));
#7726=CARTESIAN_POINT('',(0.119004263143911,3.88226909383425));
#7727=CARTESIAN_POINT('',(0.138163877399026,4.09715554191149));
#7728=CARTESIAN_POINT('',(0.15707963267948,4.31212086991649));
#7729=CARTESIAN_POINT('',(0.235619449019227,2.65906625781001));
#7730=CARTESIAN_POINT('',(0.0785398163397334,2.65906625781001));
#7731=CARTESIAN_POINT('',(0.157079632679513,2.30175840079854));
#7732=CARTESIAN_POINT('',(0.138163877399087,2.51672372880367));
#7733=CARTESIAN_POINT('',(0.119004263143967,2.73161017688104));
#7734=CARTESIAN_POINT('',(0.0864350806077613,3.28287569362731));
#7735=CARTESIAN_POINT('',(0.0785398163397578,3.61852537409017));
#7736=CARTESIAN_POINT('',(0.0785398163397572,3.9548130129052));
#7737=CARTESIAN_POINT('',(0.235619449019268,3.95481301290536));
#7738=CARTESIAN_POINT('',(0.235619449019299,3.6185253740902));
#7739=CARTESIAN_POINT('',(0.227724184751309,3.28287569362722));
#7740=CARTESIAN_POINT('',(0.1951550022151,2.73161017688089));
#7741=CARTESIAN_POINT('',(0.17599538795997,2.51672372880359));
#7742=CARTESIAN_POINT('',(0.157079632679513,2.30175840079854));
#7743=CARTESIAN_POINT('',(0.0785398163397572,3.9548130129052));
#7744=CARTESIAN_POINT('',(0.235619449019268,3.95481301290536));
#7745=CARTESIAN_POINT('',(-3.29975112550407,-2.32005940894657,0.00386303218211304));
#7746=CARTESIAN_POINT('',(-3.29975112550407,-2.32005940894657,1.00386303218211));
#7747=CARTESIAN_POINT('',(-1.29975112550407,-2.32005940894657,0.00386303218211304));
#7748=CARTESIAN_POINT('',(-1.29975112550407,-2.32005940894657,1.00386303218211));
#7749=CARTESIAN_POINT('',(-1.29975112550407,-2.32005940894657,0.00386303218211304));
#7750=CARTESIAN_POINT('',(-1.29975112550407,-2.32005940894657,1.00386303218211));
#7751=CARTESIAN_POINT('',(-1.29975112550407,-1.52005940894657,0.00386303218211304));
#7752=CARTESIAN_POINT('',(-1.29975112550407,-1.52005940894657,1.00386303218211));
#7753=CARTESIAN_POINT('',(-1.29975112550407,-1.52005940894657,0.00386303218211304));
#7754=CARTESIAN_POINT('',(-1.29975112550407,-1.52005940894657,1.00386303218211));
#7755=CARTESIAN_POINT('',(-3.29975112550407,-1.52005940894657,0.00386303218211304));
#7756=CARTESIAN_POINT('',(-3.29975112550407,-1.52005940894657,1.00386303218211));
#7757=CARTESIAN_POINT('',(-3.29975112550407,-1.52005940894657,0.00386303218211304));
#7758=CARTESIAN_POINT('',(-3.29975112550407,-1.52005940894657,1.00386303218211));
#7759=CARTESIAN_POINT('',(-3.29975112550407,-2.32005940894657,0.00386303218211304));
#7760=CARTESIAN_POINT('',(-3.29975112550407,-2.32005940894657,1.00386303218211));
#7761=CARTESIAN_POINT('',(-3.29975112550407,-2.32005940894657,0.00386303218211304));
#7762=CARTESIAN_POINT('',(-1.29975112550407,-2.32005940894657,0.00386303218211304));
#7763=CARTESIAN_POINT('',(-3.29975112550407,-1.52005940894657,0.00386303218211304));
#7764=CARTESIAN_POINT('',(-1.29975112550407,-1.52005940894657,0.00386303218211304));
#7765=CARTESIAN_POINT('',(-3.29975112550407,-2.32005940894657,1.00386303218211));
#7766=CARTESIAN_POINT('',(-3.29975112550407,-1.52005940894657,1.00386303218211));
#7767=CARTESIAN_POINT('',(-1.29975112550407,-2.32005940894657,1.00386303218211));
#7768=CARTESIAN_POINT('',(-1.29975112550407,-1.52005940894657,1.00386303218211));
#7769=CARTESIAN_POINT('',(-3.29975112550406,-2.32005940894656,0.103863032182113));
#7770=CARTESIAN_POINT('',(-1.29975112550407,-2.32005940894657,0.103863032182113));
#7771=CARTESIAN_POINT('',(-3.29975112550397,-2.32005940894656,0.00386303218211703));
#7772=CARTESIAN_POINT('',(-1.29975112550396,-2.32005940894657,0.00386303218211647));
#7773=CARTESIAN_POINT('',(-3.29975112550406,-2.22005940894656,0.00386303218211304));
#7774=CARTESIAN_POINT('',(-1.29975112550407,-2.22005940894656,0.00386303218211304));
#7775=CARTESIAN_POINT('',(-1.39975112550405,-2.32005940894658,1.00386303218211));
#7776=CARTESIAN_POINT('',(-1.29975112550406,-2.32005940894652,1.00386303218136));
#7777=CARTESIAN_POINT('',(-1.29975112550408,-2.22005940894653,1.00386303218211));
#7778=CARTESIAN_POINT('',(-1.39975112550406,-2.32005940894659,0.00386303218211126));
#7779=CARTESIAN_POINT('',(-1.29975112550406,-2.32005940894651,0.00386303218135594));
#7780=CARTESIAN_POINT('',(-1.29975112550408,-2.22005940894651,0.00386303218211126));
#7781=CARTESIAN_POINT('',(-3.29975112550407,-2.32005940894659,0.903863032182113));
#7782=CARTESIAN_POINT('',(-3.29975112550407,-2.32005940894658,1.00386303218211));
#7783=CARTESIAN_POINT('',(-3.29975112550406,-2.22005940894657,1.00386303218211));
#7784=CARTESIAN_POINT('',(-1.29975112550407,-2.32005940894659,0.903863032182113));
#7785=CARTESIAN_POINT('',(-1.29975112550407,-2.32005940894658,1.00386303218211));
#7786=CARTESIAN_POINT('',(-1.29975112550406,-2.22005940894656,1.00386303218211));
#7787=CARTESIAN_POINT('',(-3.19975112550408,-2.32005940894656,0.00386303218211304));
#7788=CARTESIAN_POINT('',(-3.29975112550407,-2.32005940894655,0.00386303218088395));
#7789=CARTESIAN_POINT('',(-3.29975112550406,-2.22005940894655,0.00386303218211304));
#7790=CARTESIAN_POINT('',(-3.19975112550406,-2.32005940894656,1.00386303218211));
#7791=CARTESIAN_POINT('',(-3.29975112550407,-2.32005940894658,1.00386303218088));
#7792=CARTESIAN_POINT('',(-3.29975112550406,-2.22005940894657,1.00386303218211));
#7793=CARTESIAN_POINT('',(-1.29975112550408,-2.32005940894656,0.103863032182113));
#7794=CARTESIAN_POINT('',(-1.29975112550408,-1.52005940894657,0.103863032182113));
#7795=CARTESIAN_POINT('',(-1.2997511255041,-2.32005940894666,0.00386303218211657));
#7796=CARTESIAN_POINT('',(-1.29975112550409,-1.52005940894667,0.00386303218211238));
#7797=CARTESIAN_POINT('',(-1.39975112550409,-2.32005940894658,0.00386303218211304));
#7798=CARTESIAN_POINT('',(-1.39975112550409,-1.52005940894658,0.00386303218211304));
#7799=CARTESIAN_POINT('',(-1.29975112550406,-1.62005940894658,1.00386303218211));
#7800=CARTESIAN_POINT('',(-1.29975112550408,-1.52005940894657,1.00386303218204));
#7801=CARTESIAN_POINT('',(-1.39975112550409,-1.52005940894657,1.00386303218211));
#7802=CARTESIAN_POINT('',(-1.29975112550406,-1.6200594089466,0.00386303218211304));
#7803=CARTESIAN_POINT('',(-1.29975112550407,-1.52005940894659,0.00386303218204335));
#7804=CARTESIAN_POINT('',(-1.39975112550409,-1.52005940894658,0.00386303218211304));
#7805=CARTESIAN_POINT('',(-1.2997511255041,-2.32005940894658,0.903863032182113));
#7806=CARTESIAN_POINT('',(-1.29975112550408,-2.32005940894622,1.00386303218211));
#7807=CARTESIAN_POINT('',(-1.39975112550406,-2.32005940894656,1.00386303218211));
#7808=CARTESIAN_POINT('',(-1.2997511255041,-1.52005940894658,0.903863032182113));
#7809=CARTESIAN_POINT('',(-1.29975112550408,-1.52005940894621,1.00386303218211));
#7810=CARTESIAN_POINT('',(-1.39975112550407,-1.52005940894657,1.00386303218211));
#7811=CARTESIAN_POINT('',(-1.29975112550407,-1.52005940894658,0.103863032182113));
#7812=CARTESIAN_POINT('',(-3.29975112550406,-1.52005940894658,0.103863032182113));
#7813=CARTESIAN_POINT('',(-1.29975112550415,-1.52005940894655,0.00386303218212359));
#7814=CARTESIAN_POINT('',(-3.29975112550416,-1.52005940894657,0.00386303218212303));
#7815=CARTESIAN_POINT('',(-1.29975112550406,-1.62005940894656,0.00386303218211304));
#7816=CARTESIAN_POINT('',(-3.29975112550406,-1.62005940894657,0.00386303218211304));
#7817=CARTESIAN_POINT('',(-3.19975112550405,-1.52005940894655,1.00386303218211));
#7818=CARTESIAN_POINT('',(-3.29975112550406,-1.52005940894656,1.00386303218208));
#7819=CARTESIAN_POINT('',(-3.29975112550407,-1.62005940894656,1.00386303218211));
#7820=CARTESIAN_POINT('',(-3.19975112550405,-1.52005940894655,0.00386303218211304));
#7821=CARTESIAN_POINT('',(-3.29975112550405,-1.52005940894656,0.00386303218207914));
#7822=CARTESIAN_POINT('',(-3.29975112550407,-1.62005940894656,0.00386303218211304));
#7823=CARTESIAN_POINT('',(-1.29975112550408,-1.52005940894658,0.903863032182113));
#7824=CARTESIAN_POINT('',(-1.29975112550409,-1.52005940894659,1.0038630321821));
#7825=CARTESIAN_POINT('',(-1.29975112550406,-1.62005940894658,1.00386303218211));
#7826=CARTESIAN_POINT('',(-3.29975112550408,-1.52005940894658,0.903863032182113));
#7827=CARTESIAN_POINT('',(-3.29975112550408,-1.52005940894658,1.0038630321821));
#7828=CARTESIAN_POINT('',(-3.29975112550406,-1.62005940894658,1.00386303218211));
#7829=CARTESIAN_POINT('',(-3.29975112550408,-1.52005940894657,0.103863032182113));
#7830=CARTESIAN_POINT('',(-3.29975112550407,-2.32005940894656,0.103863032182113));
#7831=CARTESIAN_POINT('',(-3.29975112550407,-1.52005940894648,0.00386303218211877));
#7832=CARTESIAN_POINT('',(-3.29975112550405,-2.32005940894647,0.00386303218211725));
#7833=CARTESIAN_POINT('',(-3.19975112550406,-1.5200594089466,0.00386303218211304));
#7834=CARTESIAN_POINT('',(-3.19975112550406,-2.32005940894659,0.00386303218211304));
#7835=CARTESIAN_POINT('',(-3.29975112550407,-1.52005940894658,0.903863032182113));
#7836=CARTESIAN_POINT('',(-3.29975112550405,-1.52005940894658,1.00386303218211));
#7837=CARTESIAN_POINT('',(-3.19975112550407,-1.52005940894657,1.00386303218211));
#7838=CARTESIAN_POINT('',(-3.29975112550407,-2.32005940894658,0.903863032182113));
#7839=CARTESIAN_POINT('',(-3.29975112550405,-2.32005940894659,1.00386303218211));
#7840=CARTESIAN_POINT('',(-3.19975112550406,-2.32005940894656,1.00386303218211));
#7841=CARTESIAN_POINT('',(-3.19975112550406,-2.22005940894658,0.00386303218211248));
#7842=CARTESIAN_POINT('',(-3.22936630167035,-2.22005940894658,0.0038630321821121));
#7843=CARTESIAN_POINT('',(-3.25014227843074,-2.20513598023512,0.0187864608935701));
#7844=CARTESIAN_POINT('',(-3.27091825519113,-2.19021255152366,0.0337098896050282));
#7845=CARTESIAN_POINT('',(-3.27045308022185,-2.16927404308098,0.0546483980477066));
#7846=CARTESIAN_POINT('',(-3.19975112550406,-2.32005940894656,0.00386303218212457));
#7847=CARTESIAN_POINT('',(-3.25898147783663,-2.32005940894657,0.00386303218212404));
#7848=CARTESIAN_POINT('',(-3.3005334313574,-2.29021255152365,0.0337098896050348));
#7849=CARTESIAN_POINT('',(-3.34208538487818,-2.26036569410074,0.0635567470279456));
#7850=CARTESIAN_POINT('',(-3.3411550349396,-2.21848867721539,0.105433763913295));
#7851=CARTESIAN_POINT('',(-3.19975112550406,-2.32005940894657,0.103863032182109));
#7852=CARTESIAN_POINT('',(-3.22936630167035,-2.32005940894657,0.10386303218211));
#7853=CARTESIAN_POINT('',(-3.25014227843074,-2.30513598023511,0.118786460893568));
#7854=CARTESIAN_POINT('',(-3.27091825519114,-2.29021255152365,0.133709889605027));
#7855=CARTESIAN_POINT('',(-3.27045308022185,-2.26927404308097,0.154648398047706));
#7856=CARTESIAN_POINT('',(-1.29975112550406,-2.22005940894658,0.103863032182111));
#7857=CARTESIAN_POINT('',(-1.29975112550406,-2.22005940894658,0.0742478560158183));
#7858=CARTESIAN_POINT('',(-1.31467455421552,-2.20513598023512,0.0534718792554243));
#7859=CARTESIAN_POINT('',(-1.32959798292698,-2.19021255152366,0.0326959024950303));
#7860=CARTESIAN_POINT('',(-1.35053649136966,-2.16927404308097,0.0331610774643204));
#7861=CARTESIAN_POINT('',(-1.29975112550407,-2.32005940894659,0.103863032182109));
#7862=CARTESIAN_POINT('',(-1.29975112550407,-2.32005940894659,0.0446326798495324));
#7863=CARTESIAN_POINT('',(-1.32959798292699,-2.29021255152367,0.00308072632875071));
#7864=CARTESIAN_POINT('',(-1.35944484034991,-2.26036569410075,-0.038471227192031));
#7865=CARTESIAN_POINT('',(-1.40132185723527,-2.2184886772154,-0.0375408772534509));
#7866=CARTESIAN_POINT('',(-1.39975112550408,-2.32005940894656,0.103863032182111));
#7867=CARTESIAN_POINT('',(-1.39975112550408,-2.32005940894656,0.0742478560158308));
#7868=CARTESIAN_POINT('',(-1.41467455421554,-2.30513598023511,0.0534718792554453));
#7869=CARTESIAN_POINT('',(-1.42959798292699,-2.29021255152365,0.0326959024950597));
#7870=CARTESIAN_POINT('',(-1.45053649136967,-2.26927404308098,0.0331610774643495));
#7871=CARTESIAN_POINT('',(-1.35053649136965,-2.16927404308098,0.974564986899892));
#7872=CARTESIAN_POINT('',(-1.32959798292698,-2.19021255152366,0.975030161869179));
#7873=CARTESIAN_POINT('',(-1.31467455421552,-2.20513598023512,0.954254185108789));
#7874=CARTESIAN_POINT('',(-1.29975112550406,-2.22005940894657,0.933478208348398));
#7875=CARTESIAN_POINT('',(-1.29975112550406,-2.22005940894657,0.903863032182112));
#7876=CARTESIAN_POINT('',(-1.40132185723524,-2.2184886772154,1.04526694161766));
#7877=CARTESIAN_POINT('',(-1.35944484034989,-2.26036569410075,1.04619729155624));
#7878=CARTESIAN_POINT('',(-1.32959798292698,-2.29021255152366,1.00464533803546));
#7879=CARTESIAN_POINT('',(-1.29975112550407,-2.32005940894657,0.96309338451468));
#7880=CARTESIAN_POINT('',(-1.29975112550407,-2.32005940894657,0.903863032182111));
#7881=CARTESIAN_POINT('',(-1.45053649136966,-2.26927404308099,0.974564986899897));
#7882=CARTESIAN_POINT('',(-1.42959798292698,-2.29021255152367,0.975030161869185));
#7883=CARTESIAN_POINT('',(-1.41467455421553,-2.30513598023513,0.954254185108794));
#7884=CARTESIAN_POINT('',(-1.39975112550407,-2.32005940894658,0.933478208348403));
#7885=CARTESIAN_POINT('',(-1.39975112550407,-2.32005940894658,0.903863032182115));
#7886=CARTESIAN_POINT('',(-3.14896575963847,-2.26927404308099,0.974564986899872));
#7887=CARTESIAN_POINT('',(-3.16990426808113,-2.29021255152366,0.975030161869159));
#7888=CARTESIAN_POINT('',(-3.18482769679259,-2.30513598023511,0.954254185108776));
#7889=CARTESIAN_POINT('',(-3.19975112550404,-2.32005940894656,0.933478208348394));
#7890=CARTESIAN_POINT('',(-3.19975112550404,-2.32005940894656,0.903863032182118));
#7891=CARTESIAN_POINT('',(-3.19818039377288,-2.2184886772154,1.04526694161767));
#7892=CARTESIAN_POINT('',(-3.24005741065823,-2.26036569410075,1.04619729155624));
#7893=CARTESIAN_POINT('',(-3.26990426808114,-2.29021255152366,1.00464533803547));
#7894=CARTESIAN_POINT('',(-3.29975112550405,-2.32005940894657,0.963093384514689));
#7895=CARTESIAN_POINT('',(-3.29975112550406,-2.32005940894658,0.903863032182122));
#7896=CARTESIAN_POINT('',(-3.24896575963847,-2.16927404308098,0.97456498689988));
#7897=CARTESIAN_POINT('',(-3.26990426808115,-2.19021255152365,0.975030161869166));
#7898=CARTESIAN_POINT('',(-3.2848276967926,-2.2051359802351,0.954254185108781));
#7899=CARTESIAN_POINT('',(-3.29975112550405,-2.22005940894656,0.933478208348396));
#7900=CARTESIAN_POINT('',(-3.29975112550405,-2.22005940894656,0.903863032182117));
#7901=CARTESIAN_POINT('',(-1.39975112550406,-1.52005940894658,0.103863032182114));
#7902=CARTESIAN_POINT('',(-1.39975112550406,-1.52005940894657,0.0742478560158281));
#7903=CARTESIAN_POINT('',(-1.41467455421552,-1.53498283765803,0.0534718792554369));
#7904=CARTESIAN_POINT('',(-1.42959798292698,-1.54990626636949,0.0326959024950456));
#7905=CARTESIAN_POINT('',(-1.45053649136965,-1.57084477481216,0.0331610774643314));
#7906=CARTESIAN_POINT('',(-1.29975112550412,-1.5200594089466,0.103863032182118));
#7907=CARTESIAN_POINT('',(-1.29975112550412,-1.5200594089466,0.0446326798495735));
#7908=CARTESIAN_POINT('',(-1.32959798292702,-1.5499062663695,0.00308072632880931));
#7909=CARTESIAN_POINT('',(-1.35944484034992,-1.5797531237924,-0.0384712271919549));
#7910=CARTESIAN_POINT('',(-1.40132185723525,-1.62163014067773,-0.0375408772533851));
#7911=CARTESIAN_POINT('',(-1.29975112550409,-1.62005940894655,0.103863032182123));
#7912=CARTESIAN_POINT('',(-1.29975112550408,-1.62005940894654,0.0742478560158344));
#7913=CARTESIAN_POINT('',(-1.31467455421554,-1.634982837658,0.0534718792554389));
#7914=CARTESIAN_POINT('',(-1.32959798292699,-1.64990626636945,0.0326959024950435));
#7915=CARTESIAN_POINT('',(-1.35053649136967,-1.67084477481213,0.0331610774643256));
#7916=CARTESIAN_POINT('',(-1.32904917078631,-1.67084477481217,0.953077666316533));
#7917=CARTESIAN_POINT('',(-1.32858399581702,-1.6499062663695,0.974016174759207));
#7918=CARTESIAN_POINT('',(-1.34935997257741,-1.63498283765804,0.98893960347066));
#7919=CARTESIAN_POINT('',(-1.3701359493378,-1.62005940894659,1.00386303218211));
#7920=CARTESIAN_POINT('',(-1.39975112550408,-1.62005940894659,1.00386303218211));
#7921=CARTESIAN_POINT('',(-1.2994376481708,-1.65023261129418,0.931807646048098));
#7922=CARTESIAN_POINT('',(-1.29877764776595,-1.62052459826341,0.961515659078874));
#7923=CARTESIAN_POINT('',(-1.32825505729655,-1.59935091171178,0.982689345630499));
#7924=CARTESIAN_POINT('',(-1.35773246682716,-1.57817722516015,1.00386303218212));
#7925=CARTESIAN_POINT('',(-1.39975112550408,-1.57817722516016,1.00386303218212));
#7926=CARTESIAN_POINT('',(-1.29976654611093,-1.62061469509157,0.902197036721696));
#7927=CARTESIAN_POINT('',(-1.29910870965033,-1.59100408576517,0.931807646048096));
#7928=CARTESIAN_POINT('',(-1.32848947155659,-1.56989982140961,0.952911910403653));
#7929=CARTESIAN_POINT('',(-1.35787023346284,-1.54879555705406,0.97401617475921));
#7930=CARTESIAN_POINT('',(-1.39975112550408,-1.54879555705406,0.974016174759204));
#7931=CARTESIAN_POINT('',(-1.30009544405105,-1.59099677888896,0.872586427395294));
#7932=CARTESIAN_POINT('',(-1.29943977153472,-1.56148357326694,0.902099633017318));
#7933=CARTESIAN_POINT('',(-1.32872388581662,-1.54044873110745,0.923134475176807));
#7934=CARTESIAN_POINT('',(-1.35800800009852,-1.51941388894796,0.944169317336296));
#7935=CARTESIAN_POINT('',(-1.39975112550408,-1.51941388894797,0.944169317336291));
#7936=CARTESIAN_POINT('',(-1.3301684311483,-1.570053144443,0.852310901706342));
#7937=CARTESIAN_POINT('',(-1.32971062021734,-1.54944610692829,0.872917939221052));
#7938=CARTESIAN_POINT('',(-1.3501576990376,-1.53475892631335,0.887605119835994));
#7939=CARTESIAN_POINT('',(-1.37060477785786,-1.5200717456984,0.902292300450937));
#7940=CARTESIAN_POINT('',(-1.39975112550407,-1.52007174569841,0.902292300450934));
#7941=CARTESIAN_POINT('',(-3.29975112550407,-1.62005940894657,0.103863032182117));
#7942=CARTESIAN_POINT('',(-3.29975112550407,-1.62005940894656,0.0742478560158298));
#7943=CARTESIAN_POINT('',(-3.28482769679262,-1.63498283765802,0.0534718792554368));
#7944=CARTESIAN_POINT('',(-3.26990426808116,-1.64990626636948,0.0326959024950438));
#7945=CARTESIAN_POINT('',(-3.24896575963848,-1.67084477481215,0.0331610774643283));
#7946=CARTESIAN_POINT('',(-3.29975112550406,-1.52005940894658,0.10386303218212));
#7947=CARTESIAN_POINT('',(-3.29975112550406,-1.52005940894658,0.0446326798495585));
#7948=CARTESIAN_POINT('',(-3.26990426808115,-1.54990626636949,0.00308072632878258));
#7949=CARTESIAN_POINT('',(-3.24005741065824,-1.57975312379239,-0.0384712271919934));
#7950=CARTESIAN_POINT('',(-3.1981803937729,-1.62163014067774,-0.0375408772534238));
#7951=CARTESIAN_POINT('',(-3.19975112550407,-1.52005940894658,0.103863032182109));
#7952=CARTESIAN_POINT('',(-3.19975112550407,-1.52005940894658,0.0742478560158264));
#7953=CARTESIAN_POINT('',(-3.18482769679262,-1.53498283765804,0.053471879255439));
#7954=CARTESIAN_POINT('',(-3.16990426808116,-1.54990626636949,0.0326959024950517));
#7955=CARTESIAN_POINT('',(-3.14896575963848,-1.57084477481217,0.0331610774643394));
#7956=CARTESIAN_POINT('',(-3.24896575963848,-1.67084477481216,0.974564986899892));
#7957=CARTESIAN_POINT('',(-3.26990426808115,-1.64990626636948,0.975030161869182));
#7958=CARTESIAN_POINT('',(-3.28482769679261,-1.63498283765803,0.954254185108792));
#7959=CARTESIAN_POINT('',(-3.29975112550407,-1.62005940894657,0.933478208348403));
#7960=CARTESIAN_POINT('',(-3.29975112550407,-1.62005940894657,0.903863032182116));
#7961=CARTESIAN_POINT('',(-3.19818039377288,-1.62163014067775,1.04526694161766));
#7962=CARTESIAN_POINT('',(-3.24005741065823,-1.5797531237924,1.04619729155624));
#7963=CARTESIAN_POINT('',(-3.26990426808115,-1.54990626636948,1.00464533803546));
#7964=CARTESIAN_POINT('',(-3.29975112550406,-1.52005940894657,0.963093384514687));
#7965=CARTESIAN_POINT('',(-3.29975112550406,-1.52005940894657,0.903863032182117));
#7966=CARTESIAN_POINT('',(-3.14896575963848,-1.57084477481216,0.974564986899875));
#7967=CARTESIAN_POINT('',(-3.16990426808115,-1.54990626636949,0.975030161869165));
#7968=CARTESIAN_POINT('',(-3.18482769679261,-1.53498283765804,0.954254185108779));
#7969=CARTESIAN_POINT('',(-3.19975112550406,-1.52005940894658,0.933478208348394));
#7970=CARTESIAN_POINT('',(-3.19975112550406,-1.52005940894658,0.903863032182114));
#7971=CARTESIAN_POINT('',(-3.19975112550406,-2.32005940894657,0.903863032182113));
#7972=CARTESIAN_POINT('',(-1.39975112550406,-2.32005940894657,0.903863032182112));
#7973=CARTESIAN_POINT('',(-3.19975112550406,-2.32005940894656,0.103863032182113));
#7974=CARTESIAN_POINT('',(-1.39975112550406,-2.32005940894658,0.103863032182113));
#7975=CARTESIAN_POINT('',(-1.29975112550408,-2.22005940894657,0.903863032182113));
#7976=CARTESIAN_POINT('',(-1.29975112550407,-1.62005940894658,0.903863032182113));
#7977=CARTESIAN_POINT('',(-1.29975112550407,-2.22005940894656,0.103863032182113));
#7978=CARTESIAN_POINT('',(-1.29975112550406,-1.62005940894657,0.103863032182113));
#7979=CARTESIAN_POINT('',(-1.39975112550408,-1.52005940894658,0.103863032182113));
#7980=CARTESIAN_POINT('',(-3.19975112550406,-1.52005940894657,0.103863032182113));
#7981=CARTESIAN_POINT('',(-1.39975112550408,-1.52005940894657,0.903863032182113));
#7982=CARTESIAN_POINT('',(-3.19975112550406,-1.52005940894657,0.903863032182113));
#7983=CARTESIAN_POINT('',(-3.29975112550407,-1.62005940894658,0.903863032182113));
#7984=CARTESIAN_POINT('',(-3.29975112550406,-2.22005940894658,0.903863032182113));
#7985=CARTESIAN_POINT('',(-3.29975112550407,-1.62005940894657,0.103863032182113));
#7986=CARTESIAN_POINT('',(-3.29975112550407,-2.22005940894656,0.103863032182113));
#7987=CARTESIAN_POINT('',(-3.19975112550408,-1.62005940894658,0.00386303218211126));
#7988=CARTESIAN_POINT('',(-3.19975112550406,-2.22005940894657,0.00386303218211126));
#7989=CARTESIAN_POINT('',(-1.39975112550408,-2.22005940894656,0.00386303218211304));
#7990=CARTESIAN_POINT('',(-1.39975112550407,-1.62005940894658,0.00386303218211304));
#7991=CARTESIAN_POINT('',(-1.39975112550406,-2.22005940894657,1.00386303218211));
#7992=CARTESIAN_POINT('',(-1.39975112550407,-1.62005940894658,1.00386303218211));
#7993=CARTESIAN_POINT('',(-3.19975112550407,-1.62005940894658,1.00386303218211));
#7994=CARTESIAN_POINT('',(-3.19975112550406,-2.22005940894656,1.00386303218211));
#7995=CARTESIAN_POINT('',(-3.19975112550406,-2.32005940894657,0.903863032182113));
#7996=CARTESIAN_POINT('',(-3.19975112550406,-2.32005940894656,0.103863032182113));
#7997=CARTESIAN_POINT('',(0.100000000000008,0.9));
#7998=CARTESIAN_POINT('',(0.0999999999999948,0.633333333333333));
#7999=CARTESIAN_POINT('',(0.099999999999997,0.366666666666666));
#8000=CARTESIAN_POINT('',(0.100000000000008,0.1));
#8001=CARTESIAN_POINT('',(-3.19975112550406,-2.32005940894656,0.103863032182113));
#8002=CARTESIAN_POINT('',(-1.39975112550406,-2.32005940894658,0.103863032182113));
#8003=CARTESIAN_POINT('',(0.100000000000008,0.1));
#8004=CARTESIAN_POINT('',(0.700000000000005,0.1));
#8005=CARTESIAN_POINT('',(1.3,0.1));
#8006=CARTESIAN_POINT('',(1.9,0.1));
#8007=CARTESIAN_POINT('',(-1.39975112550406,-2.32005940894658,0.103863032182113));
#8008=CARTESIAN_POINT('',(-1.39975112550406,-2.32005940894657,0.903863032182112));
#8009=CARTESIAN_POINT('',(1.9,0.1));
#8010=CARTESIAN_POINT('',(1.9,0.366666666666666));
#8011=CARTESIAN_POINT('',(1.89999999999999,0.633333333333333));
#8012=CARTESIAN_POINT('',(1.9,0.9));
#8013=CARTESIAN_POINT('',(-1.39975112550406,-2.32005940894657,0.903863032182112));
#8014=CARTESIAN_POINT('',(-3.19975112550406,-2.32005940894657,0.903863032182113));
#8015=CARTESIAN_POINT('',(1.9,0.9));
#8016=CARTESIAN_POINT('',(1.3,0.9));
#8017=CARTESIAN_POINT('',(0.700000000000008,0.9));
#8018=CARTESIAN_POINT('',(0.100000000000008,0.9));
#8019=CARTESIAN_POINT('',(-1.29975112550408,-2.22005940894657,0.903863032182113));
#8020=CARTESIAN_POINT('',(-1.29975112550407,-2.22005940894656,0.103863032182113));
#8021=CARTESIAN_POINT('',(2.1,0.9));
#8022=CARTESIAN_POINT('',(2.1,0.633333333333334));
#8023=CARTESIAN_POINT('',(2.1,0.366666666666666));
#8024=CARTESIAN_POINT('',(2.1,0.0999999999999999));
#8025=CARTESIAN_POINT('',(-1.29975112550407,-2.22005940894656,0.103863032182113));
#8026=CARTESIAN_POINT('',(-1.29975112550406,-1.62005940894657,0.103863032182113));
#8027=CARTESIAN_POINT('',(2.1,0.0999999999999999));
#8028=CARTESIAN_POINT('',(2.3,0.1));
#8029=CARTESIAN_POINT('',(2.5,0.1));
#8030=CARTESIAN_POINT('',(2.7,0.0999999999999999));
#8031=CARTESIAN_POINT('',(-1.29975112550406,-1.62005940894657,0.103863032182113));
#8032=CARTESIAN_POINT('',(-1.29975112550407,-1.62005940894658,0.903863032182113));
#8033=CARTESIAN_POINT('',(2.7,0.0999999999999999));
#8034=CARTESIAN_POINT('',(2.69999999999998,0.366666666666666));
#8035=CARTESIAN_POINT('',(2.7,0.633333333333333));
#8036=CARTESIAN_POINT('',(2.7,0.9));
#8037=CARTESIAN_POINT('',(-1.29975112550407,-1.62005940894658,0.903863032182113));
#8038=CARTESIAN_POINT('',(-1.29975112550408,-2.22005940894657,0.903863032182113));
#8039=CARTESIAN_POINT('',(2.7,0.9));
#8040=CARTESIAN_POINT('',(2.5,0.9));
#8041=CARTESIAN_POINT('',(2.3,0.9));
#8042=CARTESIAN_POINT('',(2.1,0.9));
#8043=CARTESIAN_POINT('',(-1.39975112550408,-1.52005940894658,0.103863032182113));
#8044=CARTESIAN_POINT('',(-3.19975112550406,-1.52005940894657,0.103863032182113));
#8045=CARTESIAN_POINT('',(2.9,0.1));
#8046=CARTESIAN_POINT('',(3.49999999999999,0.1));
#8047=CARTESIAN_POINT('',(4.09999999999999,0.1));
#8048=CARTESIAN_POINT('',(4.69999999999999,0.1));
#8049=CARTESIAN_POINT('',(-3.19975112550406,-1.52005940894657,0.103863032182113));
#8050=CARTESIAN_POINT('',(-3.19975112550406,-1.52005940894657,0.903863032182113));
#8051=CARTESIAN_POINT('',(4.69999999999999,0.1));
#8052=CARTESIAN_POINT('',(4.7,0.366666666666666));
#8053=CARTESIAN_POINT('',(4.7,0.633333333333333));
#8054=CARTESIAN_POINT('',(4.69999999999999,0.9));
#8055=CARTESIAN_POINT('',(-3.19975112550406,-1.52005940894657,0.903863032182113));
#8056=CARTESIAN_POINT('',(-1.39975112550408,-1.52005940894657,0.903863032182113));
#8057=CARTESIAN_POINT('',(4.69999999999999,0.9));
#8058=CARTESIAN_POINT('',(4.09999999999999,0.9));
#8059=CARTESIAN_POINT('',(3.5,0.9));
#8060=CARTESIAN_POINT('',(2.9,0.9));
#8061=CARTESIAN_POINT('',(-1.39975112550408,-1.52005940894657,0.903863032182113));
#8062=CARTESIAN_POINT('',(-1.39975112550408,-1.52005940894658,0.103863032182113));
#8063=CARTESIAN_POINT('',(2.9,0.9));
#8064=CARTESIAN_POINT('',(2.9,0.633333333333333));
#8065=CARTESIAN_POINT('',(2.9,0.366666666666666));
#8066=CARTESIAN_POINT('',(2.9,0.1));
#8067=CARTESIAN_POINT('',(-3.29975112550407,-1.62005940894658,0.903863032182113));
#8068=CARTESIAN_POINT('',(-3.29975112550407,-1.62005940894657,0.103863032182113));
#8069=CARTESIAN_POINT('',(4.9,0.9));
#8070=CARTESIAN_POINT('',(4.90000000000001,0.633333333333333));
#8071=CARTESIAN_POINT('',(4.89999999999999,0.366666666666667));
#8072=CARTESIAN_POINT('',(4.9,0.1));
#8073=CARTESIAN_POINT('',(-3.29975112550407,-1.62005940894657,0.103863032182113));
#8074=CARTESIAN_POINT('',(-3.29975112550407,-2.22005940894656,0.103863032182113));
#8075=CARTESIAN_POINT('',(4.9,0.1));
#8076=CARTESIAN_POINT('',(5.1,0.1));
#8077=CARTESIAN_POINT('',(5.3,0.1));
#8078=CARTESIAN_POINT('',(5.49999999999999,0.1));
#8079=CARTESIAN_POINT('',(-3.29975112550407,-2.22005940894656,0.103863032182113));
#8080=CARTESIAN_POINT('',(-3.29975112550406,-2.22005940894658,0.903863032182113));
#8081=CARTESIAN_POINT('',(5.49999999999999,0.1));
#8082=CARTESIAN_POINT('',(5.49999999999999,0.366666666666666));
#8083=CARTESIAN_POINT('',(5.49999999999999,0.633333333333333));
#8084=CARTESIAN_POINT('',(5.5,0.9));
#8085=CARTESIAN_POINT('',(-3.29975112550406,-2.22005940894658,0.903863032182113));
#8086=CARTESIAN_POINT('',(-3.29975112550407,-1.62005940894658,0.903863032182113));
#8087=CARTESIAN_POINT('',(5.5,0.9));
#8088=CARTESIAN_POINT('',(5.29999999999999,0.899999999999999));
#8089=CARTESIAN_POINT('',(5.1,0.9));
#8090=CARTESIAN_POINT('',(4.9,0.9));
#8091=CARTESIAN_POINT('',(-3.19975112550408,-1.62005940894658,0.00386303218211126));
#8092=CARTESIAN_POINT('',(-1.39975112550407,-1.62005940894658,0.00386303218211304));
#8093=CARTESIAN_POINT('',(0.699999999999996,0.0999999999999973));
#8094=CARTESIAN_POINT('',(0.699999999999995,0.699999999999997));
#8095=CARTESIAN_POINT('',(0.699999999999987,1.3));
#8096=CARTESIAN_POINT('',(0.699999999999995,1.9));
#8097=CARTESIAN_POINT('',(-1.39975112550407,-1.62005940894658,0.00386303218211304));
#8098=CARTESIAN_POINT('',(-1.39975112550408,-2.22005940894656,0.00386303218211304));
#8099=CARTESIAN_POINT('',(0.699999999999995,1.9));
#8100=CARTESIAN_POINT('',(0.499999999999997,1.89999999999999));
#8101=CARTESIAN_POINT('',(0.299999999999999,1.89999999999999));
#8102=CARTESIAN_POINT('',(0.1,1.9));
#8103=CARTESIAN_POINT('',(-1.39975112550408,-2.22005940894656,0.00386303218211304));
#8104=CARTESIAN_POINT('',(-3.19975112550406,-2.22005940894657,0.00386303218211126));
#8105=CARTESIAN_POINT('',(0.1,1.9));
#8106=CARTESIAN_POINT('',(0.0999999999999963,1.3));
#8107=CARTESIAN_POINT('',(0.0999999999999962,0.700000000000006));
#8108=CARTESIAN_POINT('',(0.100000000000002,0.100000000000005));
#8109=CARTESIAN_POINT('',(-3.19975112550406,-2.22005940894657,0.00386303218211126));
#8110=CARTESIAN_POINT('',(-3.19975112550408,-1.62005940894658,0.00386303218211126));
#8111=CARTESIAN_POINT('',(0.100000000000002,0.100000000000005));
#8112=CARTESIAN_POINT('',(0.3,0.0999999999999959));
#8113=CARTESIAN_POINT('',(0.499999999999998,0.100000000000003));
#8114=CARTESIAN_POINT('',(0.699999999999996,0.0999999999999973));
#8115=CARTESIAN_POINT('',(-1.39975112550406,-2.22005940894657,1.00386303218211));
#8116=CARTESIAN_POINT('',(-1.39975112550407,-1.62005940894658,1.00386303218211));
#8117=CARTESIAN_POINT('',(1.9,0.0999999999999954));
#8118=CARTESIAN_POINT('',(1.89999999999999,0.299999999999993));
#8119=CARTESIAN_POINT('',(1.9,0.499999999999991));
#8120=CARTESIAN_POINT('',(1.9,0.69999999999999));
#8121=CARTESIAN_POINT('',(-1.39975112550407,-1.62005940894658,1.00386303218211));
#8122=CARTESIAN_POINT('',(-3.19975112550407,-1.62005940894658,1.00386303218211));
#8123=CARTESIAN_POINT('',(1.9,0.69999999999999));
#8124=CARTESIAN_POINT('',(1.3,0.7));
#8125=CARTESIAN_POINT('',(0.699999999999996,0.699999999999987));
#8126=CARTESIAN_POINT('',(0.0999999999999957,0.699999999999995));
#8127=CARTESIAN_POINT('',(-3.19975112550407,-1.62005940894658,1.00386303218211));
#8128=CARTESIAN_POINT('',(-3.19975112550406,-2.22005940894656,1.00386303218211));
#8129=CARTESIAN_POINT('',(0.0999999999999957,0.699999999999995));
#8130=CARTESIAN_POINT('',(0.0999999999999999,0.499999999999997));
#8131=CARTESIAN_POINT('',(0.100000000000002,0.299999999999999));
#8132=CARTESIAN_POINT('',(0.100000000000001,0.100000000000001));
#8133=CARTESIAN_POINT('',(-3.19975112550406,-2.22005940894656,1.00386303218211));
#8134=CARTESIAN_POINT('',(-1.39975112550406,-2.22005940894657,1.00386303218211));
#8135=CARTESIAN_POINT('',(0.100000000000001,0.100000000000001));
#8136=CARTESIAN_POINT('',(0.700000000000001,0.0999999999999957));
#8137=CARTESIAN_POINT('',(1.3,0.100000000000006));
#8138=CARTESIAN_POINT('',(1.9,0.0999999999999954));
#8139=CARTESIAN_POINT('',(-3.19975112550406,-2.32005940894656,0.103863032182113));
#8140=CARTESIAN_POINT('',(-3.19975112550397,-2.32005940894656,0.00386303218211758));
#8141=CARTESIAN_POINT('',(-3.19975112550406,-2.22005940894657,0.00386303218211126));
#8142=CARTESIAN_POINT('',(0.,0.100000000000006));
#8143=CARTESIAN_POINT('',(0.157079632679526,0.100000000000006));
#8144=CARTESIAN_POINT('',(0.157079632679526,1.9));
#8145=CARTESIAN_POINT('',(0.157079632679526,0.100000000000006));
#8146=CARTESIAN_POINT('',(-1.39975112550408,-2.22005940894656,0.00386303218211304));
#8147=CARTESIAN_POINT('',(-1.39975112550398,-2.32005940894658,0.00386303218211593));
#8148=CARTESIAN_POINT('',(-1.39975112550406,-2.32005940894658,0.103863032182113));
#8149=CARTESIAN_POINT('',(0.157079632679526,1.9));
#8150=CARTESIAN_POINT('',(0.,1.9));
#8151=CARTESIAN_POINT('',(0.,0.100000000000006));
#8152=CARTESIAN_POINT('',(0.,1.9));
#8153=CARTESIAN_POINT('',(0.900000000000001,0.));
#8154=CARTESIAN_POINT('',(0.100000000000001,0.));
#8155=CARTESIAN_POINT('',(-1.39975112550406,-2.32005940894658,0.103863032182113));
#8156=CARTESIAN_POINT('',(-1.29975112550409,-2.32005940894655,0.103863032182113));
#8157=CARTESIAN_POINT('',(-1.29975112550407,-2.22005940894658,0.103863032182113));
#8158=CARTESIAN_POINT('',(0.900000000000001,0.));
#8159=CARTESIAN_POINT('',(0.900000000000001,0.15707963267958));
#8160=CARTESIAN_POINT('',(0.100000000000001,0.15707963267958));
#8161=CARTESIAN_POINT('',(0.900000000000001,0.15707963267958));
#8162=CARTESIAN_POINT('',(-1.29975112550408,-2.22005940894657,0.903863032182114));
#8163=CARTESIAN_POINT('',(-1.29975112550408,-2.32005940894656,0.903863032182113));
#8164=CARTESIAN_POINT('',(-1.39975112550407,-2.32005940894657,0.903863032182113));
#8165=CARTESIAN_POINT('',(0.100000000000001,0.15707963267958));
#8166=CARTESIAN_POINT('',(0.100000000000001,0.));
#8167=CARTESIAN_POINT('',(1.90000000000001,0.));
#8168=CARTESIAN_POINT('',(0.100000000000006,0.));
#8169=CARTESIAN_POINT('',(-1.39975112550406,-2.32005940894657,0.903863032182112));
#8170=CARTESIAN_POINT('',(-1.39975112550406,-2.32005940894657,1.00386303218211));
#8171=CARTESIAN_POINT('',(-1.39975112550406,-2.22005940894657,1.00386303218211));
#8172=CARTESIAN_POINT('',(1.90000000000001,0.));
#8173=CARTESIAN_POINT('',(1.90000000000001,0.157079632679526));
#8174=CARTESIAN_POINT('',(0.100000000000006,0.157079632679526));
#8175=CARTESIAN_POINT('',(1.90000000000001,0.157079632679526));
#8176=CARTESIAN_POINT('',(-3.19975112550406,-2.22005940894656,1.00386303218211));
#8177=CARTESIAN_POINT('',(-3.19975112550406,-2.32005940894657,1.00386303218211));
#8178=CARTESIAN_POINT('',(-3.19975112550406,-2.32005940894657,0.903863032182113));
#8179=CARTESIAN_POINT('',(0.100000000000006,0.157079632679526));
#8180=CARTESIAN_POINT('',(0.100000000000006,0.));
#8181=CARTESIAN_POINT('',(0.9,0.));
#8182=CARTESIAN_POINT('',(0.0999999999999997,0.));
#8183=CARTESIAN_POINT('',(-3.19975112550406,-2.32005940894657,0.903863032182113));
#8184=CARTESIAN_POINT('',(-3.29975112550406,-2.32005940894658,0.903863032180864));
#8185=CARTESIAN_POINT('',(-3.29975112550406,-2.22005940894658,0.903863032182113));
#8186=CARTESIAN_POINT('',(0.9,0.));
#8187=CARTESIAN_POINT('',(0.9,0.157079632679611));
#8188=CARTESIAN_POINT('',(0.0999999999999997,0.157079632679611));
#8189=CARTESIAN_POINT('',(0.9,0.157079632679611));
#8190=CARTESIAN_POINT('',(-3.29975112550407,-2.22005940894656,0.103863032182113));
#8191=CARTESIAN_POINT('',(-3.29975112550406,-2.32005940894655,0.103863032180864));
#8192=CARTESIAN_POINT('',(-3.19975112550406,-2.32005940894656,0.103863032182113));
#8193=CARTESIAN_POINT('',(0.0999999999999997,0.157079632679611));
#8194=CARTESIAN_POINT('',(0.0999999999999997,0.));
#8195=CARTESIAN_POINT('',(-1.29975112550407,-2.22005940894656,0.103863032182113));
#8196=CARTESIAN_POINT('',(-1.29975112550408,-2.22005940894664,0.00386303218211603));
#8197=CARTESIAN_POINT('',(-1.39975112550408,-2.22005940894656,0.00386303218211304));
#8198=CARTESIAN_POINT('',(0.,0.100000000000005));
#8199=CARTESIAN_POINT('',(0.157079632679574,0.100000000000005));
#8200=CARTESIAN_POINT('',(0.157079632679574,0.700000000000002));
#8201=CARTESIAN_POINT('',(0.157079632679574,0.100000000000005));
#8202=CARTESIAN_POINT('',(-1.39975112550407,-1.62005940894658,0.00386303218211304));
#8203=CARTESIAN_POINT('',(-1.29975112550405,-1.62005940894665,0.00386303218211559));
#8204=CARTESIAN_POINT('',(-1.29975112550406,-1.62005940894657,0.103863032182113));
#8205=CARTESIAN_POINT('',(0.157079632679574,0.700000000000002));
#8206=CARTESIAN_POINT('',(0.,0.700000000000002));
#8207=CARTESIAN_POINT('',(0.,0.100000000000005));
#8208=CARTESIAN_POINT('',(0.,0.700000000000002));
#8209=CARTESIAN_POINT('',(0.9,0.));
#8210=CARTESIAN_POINT('',(0.0999999999999999,0.));
#8211=CARTESIAN_POINT('',(-1.29975112550406,-1.62005940894657,0.103863032182113));
#8212=CARTESIAN_POINT('',(-1.29975112550408,-1.52005940894657,0.103863032182113));
#8213=CARTESIAN_POINT('',(-1.39975112550408,-1.52005940894657,0.103863032182113));
#8214=CARTESIAN_POINT('',(0.9,0.));
#8215=CARTESIAN_POINT('',(0.9,0.157079632679568));
#8216=CARTESIAN_POINT('',(0.0999999999999999,0.157079632679568));
#8217=CARTESIAN_POINT('',(0.9,0.157079632679568));
#8218=CARTESIAN_POINT('',(-1.39975112550408,-1.52005940894657,0.903863032182113));
#8219=CARTESIAN_POINT('',(-1.29975112550409,-1.52005940894658,0.90386303218204));
#8220=CARTESIAN_POINT('',(-1.29975112550407,-1.62005940894658,0.903863032182113));
#8221=CARTESIAN_POINT('',(0.0999999999999999,0.157079632679568));
#8222=CARTESIAN_POINT('',(0.0999999999999999,0.));
#8223=CARTESIAN_POINT('',(0.699999999999993,0.));
#8224=CARTESIAN_POINT('',(0.0999999999999919,0.));
#8225=CARTESIAN_POINT('',(-1.29975112550407,-1.62005940894658,0.903863032182113));
#8226=CARTESIAN_POINT('',(-1.29975112550407,-1.62005940894623,1.00386303218211));
#8227=CARTESIAN_POINT('',(-1.39975112550407,-1.62005940894658,1.00386303218211));
#8228=CARTESIAN_POINT('',(0.699999999999993,0.));
#8229=CARTESIAN_POINT('',(0.699999999999993,0.157079632679574));
#8230=CARTESIAN_POINT('',(0.0999999999999919,0.157079632679574));
#8231=CARTESIAN_POINT('',(0.699999999999993,0.157079632679574));
#8232=CARTESIAN_POINT('',(-1.39975112550406,-2.22005940894657,1.00386303218211));
#8233=CARTESIAN_POINT('',(-1.29975112550407,-2.2200594089462,1.00386303218212));
#8234=CARTESIAN_POINT('',(-1.29975112550408,-2.22005940894657,0.903863032182113));
#8235=CARTESIAN_POINT('',(0.0999999999999919,0.157079632679574));
#8236=CARTESIAN_POINT('',(0.0999999999999919,0.));
#8237=CARTESIAN_POINT('',(-1.39975112550408,-1.52005940894658,0.103863032182113));
#8238=CARTESIAN_POINT('',(-1.39975112550418,-1.52005940894657,0.00386303218212162));
#8239=CARTESIAN_POINT('',(-1.39975112550407,-1.62005940894658,0.00386303218211304));
#8240=CARTESIAN_POINT('',(0.,0.0999999999999987));
#8241=CARTESIAN_POINT('',(0.157079632679526,0.0999999999999987));
#8242=CARTESIAN_POINT('',(0.157079632679526,1.89999999999999));
#8243=CARTESIAN_POINT('',(0.157079632679526,0.0999999999999987));
#8244=CARTESIAN_POINT('',(-3.19975112550408,-1.62005940894658,0.00386303218211126));
#8245=CARTESIAN_POINT('',(-3.19975112550417,-1.52005940894656,0.00386303218211746));
#8246=CARTESIAN_POINT('',(-3.19975112550406,-1.52005940894657,0.103863032182113));
#8247=CARTESIAN_POINT('',(0.157079632679526,1.89999999999999));
#8248=CARTESIAN_POINT('',(0.,1.89999999999999));
#8249=CARTESIAN_POINT('',(0.,0.0999999999999987));
#8250=CARTESIAN_POINT('',(0.,1.89999999999999));
#8251=CARTESIAN_POINT('',(0.9,0.));
#8252=CARTESIAN_POINT('',(0.0999999999999999,0.));
#8253=CARTESIAN_POINT('',(-3.19975112550406,-1.52005940894657,0.103863032182113));
#8254=CARTESIAN_POINT('',(-3.29975112550409,-1.52005940894655,0.103863032182113));
#8255=CARTESIAN_POINT('',(-3.29975112550407,-1.62005940894658,0.103863032182113));
#8256=CARTESIAN_POINT('',(0.9,0.));
#8257=CARTESIAN_POINT('',(0.9,0.157079632679588));
#8258=CARTESIAN_POINT('',(0.0999999999999999,0.157079632679588));
#8259=CARTESIAN_POINT('',(0.9,0.157079632679588));
#8260=CARTESIAN_POINT('',(-3.29975112550407,-1.62005940894658,0.903863032182114));
#8261=CARTESIAN_POINT('',(-3.29975112550408,-1.52005940894655,0.903863032182113));
#8262=CARTESIAN_POINT('',(-3.19975112550406,-1.52005940894657,0.903863032182113));
#8263=CARTESIAN_POINT('',(0.0999999999999999,0.157079632679588));
#8264=CARTESIAN_POINT('',(0.0999999999999999,0.));
#8265=CARTESIAN_POINT('',(1.9,0.));
#8266=CARTESIAN_POINT('',(0.100000000000009,0.));
#8267=CARTESIAN_POINT('',(-3.19975112550406,-1.52005940894657,0.903863032182113));
#8268=CARTESIAN_POINT('',(-3.19975112550407,-1.52005940894657,1.0038630321821));
#8269=CARTESIAN_POINT('',(-3.19975112550407,-1.62005940894658,1.00386303218211));
#8270=CARTESIAN_POINT('',(1.9,0.));
#8271=CARTESIAN_POINT('',(1.9,0.157079632679526));
#8272=CARTESIAN_POINT('',(0.100000000000009,0.157079632679526));
#8273=CARTESIAN_POINT('',(1.9,0.157079632679526));
#8274=CARTESIAN_POINT('',(-1.39975112550407,-1.62005940894658,1.00386303218211));
#8275=CARTESIAN_POINT('',(-1.3997511255041,-1.52005940894659,1.0038630321821));
#8276=CARTESIAN_POINT('',(-1.39975112550408,-1.52005940894657,0.903863032182113));
#8277=CARTESIAN_POINT('',(0.100000000000009,0.157079632679526));
#8278=CARTESIAN_POINT('',(0.100000000000009,0.));
#8279=CARTESIAN_POINT('',(-3.29975112550407,-1.62005940894657,0.103863032182113));
#8280=CARTESIAN_POINT('',(-3.29975112550406,-1.62005940894646,0.00386303218211823));
#8281=CARTESIAN_POINT('',(-3.19975112550408,-1.62005940894658,0.00386303218211126));
#8282=CARTESIAN_POINT('',(0.,0.100000000000009));
#8283=CARTESIAN_POINT('',(0.157079632679574,0.100000000000009));
#8284=CARTESIAN_POINT('',(0.157079632679574,0.700000000000004));
#8285=CARTESIAN_POINT('',(0.157079632679574,0.100000000000009));
#8286=CARTESIAN_POINT('',(-3.19975112550406,-2.22005940894657,0.00386303218211126));
#8287=CARTESIAN_POINT('',(-3.29975112550405,-2.22005940894646,0.00386303218211795));
#8288=CARTESIAN_POINT('',(-3.29975112550407,-2.22005940894656,0.103863032182113));
#8289=CARTESIAN_POINT('',(0.157079632679574,0.700000000000004));
#8290=CARTESIAN_POINT('',(0.,0.700000000000004));
#8291=CARTESIAN_POINT('',(0.,0.100000000000009));
#8292=CARTESIAN_POINT('',(0.,0.700000000000004));
#8293=CARTESIAN_POINT('',(0.700000000000003,0.));
#8294=CARTESIAN_POINT('',(0.100000000000005,0.));
#8295=CARTESIAN_POINT('',(-3.29975112550406,-2.22005940894658,0.903863032182113));
#8296=CARTESIAN_POINT('',(-3.29975112550405,-2.22005940894659,1.00386303218211));
#8297=CARTESIAN_POINT('',(-3.19975112550406,-2.22005940894656,1.00386303218211));
#8298=CARTESIAN_POINT('',(0.700000000000003,0.));
#8299=CARTESIAN_POINT('',(0.700000000000003,0.157079632679561));
#8300=CARTESIAN_POINT('',(0.100000000000005,0.157079632679561));
#8301=CARTESIAN_POINT('',(0.700000000000003,0.157079632679561));
#8302=CARTESIAN_POINT('',(-3.19975112550407,-1.62005940894658,1.00386303218211));
#8303=CARTESIAN_POINT('',(-3.29975112550407,-1.6200594089466,1.00386303218211));
#8304=CARTESIAN_POINT('',(-3.29975112550407,-1.62005940894658,0.903863032182113));
#8305=CARTESIAN_POINT('',(0.100000000000005,0.157079632679561));
#8306=CARTESIAN_POINT('',(0.100000000000005,0.));
#8307=CARTESIAN_POINT('',(0.157079632679493,4.3121208699166));
#8308=CARTESIAN_POINT('',(0.175995387959552,4.09715554191025));
#8309=CARTESIAN_POINT('',(0.195155002214565,3.88226909383167));
#8310=CARTESIAN_POINT('',(0.227724184750674,3.33100357708544));
#8311=CARTESIAN_POINT('',(0.23561944901893,2.99535389662379));
#8312=CARTESIAN_POINT('',(0.235619449019236,2.65906625780998));
#8313=CARTESIAN_POINT('',(0.0785398163397573,2.65906625780998));
#8314=CARTESIAN_POINT('',(0.0785398163397297,2.99535389662509));
#8315=CARTESIAN_POINT('',(0.086435080607704,3.33100357708804));
#8316=CARTESIAN_POINT('',(0.119004263143909,3.8822690938343));
#8317=CARTESIAN_POINT('',(0.138163877399036,4.09715554191157));
#8318=CARTESIAN_POINT('',(0.157079632679493,4.3121208699166));
#8319=CARTESIAN_POINT('',(0.235619449019236,2.65906625780998));
#8320=CARTESIAN_POINT('',(0.0785398163397573,2.65906625780998));
#8321=CARTESIAN_POINT('',(0.157079632679516,4.31212086991659));
#8322=CARTESIAN_POINT('',(0.175995387959915,4.09715554191133));
#8323=CARTESIAN_POINT('',(0.195155002215021,3.88226909383384));
#8324=CARTESIAN_POINT('',(0.227724184751203,3.33100357708757));
#8325=CARTESIAN_POINT('',(0.235619449019245,2.99535389662484));
#8326=CARTESIAN_POINT('',(0.235619449019266,2.65906625780994));
#8327=CARTESIAN_POINT('',(0.078539816339766,2.65906625780994));
#8328=CARTESIAN_POINT('',(0.0785398163397861,2.9953538966249));
#8329=CARTESIAN_POINT('',(0.0864350806077887,3.33100357708769));
#8330=CARTESIAN_POINT('',(0.119004263143992,3.88226909383396));
#8331=CARTESIAN_POINT('',(0.138163877399113,4.09715554191139));
#8332=CARTESIAN_POINT('',(0.157079632679516,4.31212086991659));
#8333=CARTESIAN_POINT('',(0.235619449019266,2.65906625780994));
#8334=CARTESIAN_POINT('',(0.078539816339766,2.65906625780994));
#8335=CARTESIAN_POINT('',(0.0785398163397501,3.95481301290548));
#8336=CARTESIAN_POINT('',(0.235619449019248,3.95481301290548));
#8337=CARTESIAN_POINT('',(0.157079632679499,2.30175840079889));
#8338=CARTESIAN_POINT('',(0.138163877398967,2.51672372880363));
#8339=CARTESIAN_POINT('',(0.119004263143815,2.73161017688061));
#8340=CARTESIAN_POINT('',(0.0864350806075871,3.28287569362686));
#8341=CARTESIAN_POINT('',(0.0785398163396585,3.61852537409009));
#8342=CARTESIAN_POINT('',(0.0785398163397501,3.95481301290548));
#8343=CARTESIAN_POINT('',(0.235619449019248,3.95481301290548));
#8344=CARTESIAN_POINT('',(0.235619449019247,3.61852537409048));
#8345=CARTESIAN_POINT('',(0.227724184751233,3.28287569362765));
#8346=CARTESIAN_POINT('',(0.195155002215034,2.7316101768814));
#8347=CARTESIAN_POINT('',(0.175995387959924,2.51672372880402));
#8348=CARTESIAN_POINT('',(0.157079632679499,2.30175840079889));
#8349=CARTESIAN_POINT('',(0.157079632679483,2.30175840079889));
#8350=CARTESIAN_POINT('',(0.138163877399059,2.51672372880401));
#8351=CARTESIAN_POINT('',(0.119004263143947,2.73161017688137));
#8352=CARTESIAN_POINT('',(0.0864350806077562,3.28287569362759));
#8353=CARTESIAN_POINT('',(0.078539816339725,3.61852537409039));
#8354=CARTESIAN_POINT('',(0.0785398163397247,3.95481301290537));
#8355=CARTESIAN_POINT('',(0.235619449019231,3.95481301290537));
#8356=CARTESIAN_POINT('',(0.235619449019228,3.61852537409041));
#8357=CARTESIAN_POINT('',(0.227724184751194,3.28287569362762));
#8358=CARTESIAN_POINT('',(0.195155002215013,2.73161017688141));
#8359=CARTESIAN_POINT('',(0.175995387959898,2.51672372880403));
#8360=CARTESIAN_POINT('',(0.157079632679483,2.30175840079889));
#8361=CARTESIAN_POINT('',(0.0785398163397247,3.95481301290537));
#8362=CARTESIAN_POINT('',(0.235619449019231,3.95481301290537));
#8363=CARTESIAN_POINT('',(0.157079632679485,4.31212086991646));
#8364=CARTESIAN_POINT('',(0.175995387959928,4.09715554191142));
#8365=CARTESIAN_POINT('',(0.195155002215059,3.88226909383415));
#8366=CARTESIAN_POINT('',(0.227724184751254,3.33100357708791));
#8367=CARTESIAN_POINT('',(0.235619449019216,2.995353896625));
#8368=CARTESIAN_POINT('',(0.235619449019194,2.65906625780992));
#8369=CARTESIAN_POINT('',(0.0785398163397585,2.65906625780992));
#8370=CARTESIAN_POINT('',(0.0785398163397322,2.99535389662504));
#8371=CARTESIAN_POINT('',(0.0864350806077018,3.331003577088));
#8372=CARTESIAN_POINT('',(0.119004263143907,3.88226909383423));
#8373=CARTESIAN_POINT('',(0.138163877399032,4.09715554191146));
#8374=CARTESIAN_POINT('',(0.157079632679485,4.31212086991646));
#8375=CARTESIAN_POINT('',(0.235619449019194,2.65906625780992));
#8376=CARTESIAN_POINT('',(0.0785398163397585,2.65906625780992));
#8377=CARTESIAN_POINT('',(0.235580004489867,3.95481301290549));
#8378=CARTESIAN_POINT('',(0.235580004489886,3.61856422151621));
#8379=CARTESIAN_POINT('',(0.228632974504106,3.28289083776716));
#8380=CARTESIAN_POINT('',(0.19688342153082,2.73151941125987));
#8381=CARTESIAN_POINT('',(0.177504913984204,2.51664643953541));
#8382=CARTESIAN_POINT('',(0.157059287961366,2.30175840079867));
#8383=CARTESIAN_POINT('',(0.0785398163397223,3.95481301290538));
#8384=CARTESIAN_POINT('',(0.235580004489867,3.95481301290549));
#8385=CARTESIAN_POINT('',(0.157059287961366,2.30175840079867));
#8386=CARTESIAN_POINT('',(0.136613753187584,2.51664548048948));
#8387=CARTESIAN_POINT('',(0.117302411369583,2.7315230207902));
#8388=CARTESIAN_POINT('',(0.0855213780252213,3.28289028009393));
#8389=CARTESIAN_POINT('',(0.0785398163398006,3.61856281720451));
#8390=CARTESIAN_POINT('',(0.0785398163397223,3.95481301290538));
#8391=CARTESIAN_POINT('',(0.157079632679495,4.31212086991636));
#8392=CARTESIAN_POINT('',(0.175995387959893,4.09715554191114));
#8393=CARTESIAN_POINT('',(0.195155002214997,3.88226909383367));
#8394=CARTESIAN_POINT('',(0.227724184751188,3.33100357708744));
#8395=CARTESIAN_POINT('',(0.235619449019205,2.99535389662472));
#8396=CARTESIAN_POINT('',(0.235619449019231,2.65906625780982));
#8397=CARTESIAN_POINT('',(0.0785398163397579,2.65906625780982));
#8398=CARTESIAN_POINT('',(0.0785398163397831,2.99535389662473));
#8399=CARTESIAN_POINT('',(0.0864350806078088,3.33100357708747));
#8400=CARTESIAN_POINT('',(0.119004263143991,3.8822690938337));
#8401=CARTESIAN_POINT('',(0.138163877399109,4.09715554191115));
#8402=CARTESIAN_POINT('',(0.157079632679495,4.31212086991636));
#8403=CARTESIAN_POINT('',(0.235619449019231,2.65906625780982));
#8404=CARTESIAN_POINT('',(0.0785398163397579,2.65906625780982));
#8405=CARTESIAN_POINT('',(0.0785398163397495,3.95481301290541));
#8406=CARTESIAN_POINT('',(0.235619449019236,3.95481301290541));
#8407=CARTESIAN_POINT('',(0.157079632679493,2.30175840079877));
#8408=CARTESIAN_POINT('',(0.138163877399061,2.51672372880389));
#8409=CARTESIAN_POINT('',(0.119004263143937,2.73161017688126));
#8410=CARTESIAN_POINT('',(0.0864350806077379,3.28287569362753));
#8411=CARTESIAN_POINT('',(0.0785398163397446,3.61852537409039));
#8412=CARTESIAN_POINT('',(0.0785398163397495,3.95481301290541));
#8413=CARTESIAN_POINT('',(0.235619449019236,3.95481301290541));
#8414=CARTESIAN_POINT('',(0.235619449019233,3.61852537409041));
#8415=CARTESIAN_POINT('',(0.227724184751224,3.28287569362758));
#8416=CARTESIAN_POINT('',(0.195155002215026,2.73161017688131));
#8417=CARTESIAN_POINT('',(0.175995387959917,2.51672372880392));
#8418=CARTESIAN_POINT('',(0.157079632679493,2.30175840079877));
#8419=CARTESIAN_POINT('',(3.30024887449592,2.47994059105343,0.00386303218211304));
#8420=CARTESIAN_POINT('',(3.30024887449592,2.47994059105343,1.00386303218211));
#8421=CARTESIAN_POINT('',(1.30024887449592,2.47994059105343,0.00386303218211304));
#8422=CARTESIAN_POINT('',(1.30024887449592,2.47994059105343,1.00386303218211));
#8423=CARTESIAN_POINT('',(1.30024887449592,2.47994059105343,0.00386303218211304));
#8424=CARTESIAN_POINT('',(1.30024887449592,2.47994059105343,1.00386303218211));
#8425=CARTESIAN_POINT('',(1.30024887449592,1.67994059105343,0.00386303218211304));
#8426=CARTESIAN_POINT('',(1.30024887449592,1.67994059105343,1.00386303218211));
#8427=CARTESIAN_POINT('',(1.30024887449592,1.67994059105343,0.00386303218211304));
#8428=CARTESIAN_POINT('',(1.30024887449592,1.67994059105343,1.00386303218211));
#8429=CARTESIAN_POINT('',(3.30024887449592,1.67994059105343,0.00386303218211304));
#8430=CARTESIAN_POINT('',(3.30024887449592,1.67994059105343,1.00386303218211));
#8431=CARTESIAN_POINT('',(3.30024887449592,1.67994059105343,0.00386303218211304));
#8432=CARTESIAN_POINT('',(3.30024887449592,1.67994059105343,1.00386303218211));
#8433=CARTESIAN_POINT('',(3.30024887449592,2.47994059105343,0.00386303218211304));
#8434=CARTESIAN_POINT('',(3.30024887449592,2.47994059105343,1.00386303218211));
#8435=CARTESIAN_POINT('',(3.30024887449592,2.47994059105343,0.00386303218211304));
#8436=CARTESIAN_POINT('',(1.30024887449592,2.47994059105343,0.00386303218211304));
#8437=CARTESIAN_POINT('',(3.30024887449592,1.67994059105343,0.00386303218211304));
#8438=CARTESIAN_POINT('',(1.30024887449592,1.67994059105343,0.00386303218211304));
#8439=CARTESIAN_POINT('',(3.30024887449592,2.47994059105343,1.00386303218211));
#8440=CARTESIAN_POINT('',(3.30024887449592,1.67994059105343,1.00386303218211));
#8441=CARTESIAN_POINT('',(1.30024887449592,2.47994059105343,1.00386303218211));
#8442=CARTESIAN_POINT('',(1.30024887449592,1.67994059105343,1.00386303218211));
#8443=CARTESIAN_POINT('',(3.30024887449592,2.47994059105342,0.103863032182113));
#8444=CARTESIAN_POINT('',(1.30024887449592,2.47994059105342,0.103863032182113));
#8445=CARTESIAN_POINT('',(3.30024887449579,2.47994059105343,0.00386303218210969));
#8446=CARTESIAN_POINT('',(1.30024887449579,2.47994059105342,0.00386303218211482));
#8447=CARTESIAN_POINT('',(3.30024887449592,2.37994059105342,0.00386303218211304));
#8448=CARTESIAN_POINT('',(1.30024887449592,2.37994059105342,0.00386303218211304));
#8449=CARTESIAN_POINT('',(1.40024887449593,2.47994059105343,1.00386303218211));
#8450=CARTESIAN_POINT('',(1.30024887449593,2.47994059105341,1.00386303218194));
#8451=CARTESIAN_POINT('',(1.30024887449594,2.37994059105342,1.00386303218211));
#8452=CARTESIAN_POINT('',(1.40024887449593,2.47994059105343,0.00386303218211304));
#8453=CARTESIAN_POINT('',(1.30024887449594,2.47994059105341,0.00386303218194028));
#8454=CARTESIAN_POINT('',(1.30024887449594,2.37994059105342,0.00386303218211304));
#8455=CARTESIAN_POINT('',(3.30024887449592,2.47994059105343,0.903863032182113));
#8456=CARTESIAN_POINT('',(3.30024887449561,2.47994059105343,1.00386303218211));
#8457=CARTESIAN_POINT('',(3.30024887449591,2.37994059105343,1.00386303218211));
#8458=CARTESIAN_POINT('',(1.30024887449593,2.47994059105343,0.903863032182113));
#8459=CARTESIAN_POINT('',(1.30024887449561,2.47994059105341,1.00386303218211));
#8460=CARTESIAN_POINT('',(1.30024887449592,2.37994059105342,1.00386303218211));
#8461=CARTESIAN_POINT('',(3.20024887449592,2.47994059105343,0.00386303218211304));
#8462=CARTESIAN_POINT('',(3.30024887449592,2.47994059105343,0.00386303218189375));
#8463=CARTESIAN_POINT('',(3.30024887449592,2.37994059105343,0.00386303218211304));
#8464=CARTESIAN_POINT('',(3.20024887449591,2.47994059105342,1.00386303218211));
#8465=CARTESIAN_POINT('',(3.30024887449591,2.47994059105344,1.0038630321819));
#8466=CARTESIAN_POINT('',(3.30024887449592,2.37994059105342,1.00386303218211));
#8467=CARTESIAN_POINT('',(1.30024887449593,2.47994059105343,0.103863032182113));
#8468=CARTESIAN_POINT('',(1.30024887449592,1.67994059105344,0.103863032182113));
#8469=CARTESIAN_POINT('',(1.30024887449593,2.47994059105316,0.00386303218211556));
#8470=CARTESIAN_POINT('',(1.30024887449592,1.67994059105317,0.00386303218211626));
#8471=CARTESIAN_POINT('',(1.40024887449592,2.47994059105343,0.00386303218211304));
#8472=CARTESIAN_POINT('',(1.40024887449592,1.67994059105344,0.00386303218211304));
#8473=CARTESIAN_POINT('',(1.30024887449592,1.7799405910534,1.00386303218211));
#8474=CARTESIAN_POINT('',(1.30024887449597,1.67994059105342,1.00386303218247));
#8475=CARTESIAN_POINT('',(1.40024887449594,1.67994059105345,1.00386303218211));
#8476=CARTESIAN_POINT('',(1.30024887449592,1.77994059105339,0.00386303218211126));
#8477=CARTESIAN_POINT('',(1.30024887449597,1.67994059105342,0.00386303218247224));
#8478=CARTESIAN_POINT('',(1.40024887449593,1.67994059105345,0.00386303218211126));
#8479=CARTESIAN_POINT('',(1.30024887449592,2.47994059105343,0.903863032182113));
#8480=CARTESIAN_POINT('',(1.30024887449591,2.47994059105369,1.00386303218211));
#8481=CARTESIAN_POINT('',(1.40024887449593,2.47994059105343,1.00386303218211));
#8482=CARTESIAN_POINT('',(1.30024887449592,1.67994059105343,0.903863032182113));
#8483=CARTESIAN_POINT('',(1.30024887449592,1.6799405910537,1.00386303218211));
#8484=CARTESIAN_POINT('',(1.40024887449592,1.67994059105342,1.00386303218211));
#8485=CARTESIAN_POINT('',(1.30024887449594,1.67994059105344,0.103863032182113));
#8486=CARTESIAN_POINT('',(3.30024887449592,1.67994059105344,0.103863032182113));
#8487=CARTESIAN_POINT('',(1.30024887449616,1.67994059105345,0.00386303218211561));
#8488=CARTESIAN_POINT('',(3.30024887449616,1.67994059105344,0.00386303218211774));
#8489=CARTESIAN_POINT('',(1.30024887449593,1.77994059105343,0.00386303218211304));
#8490=CARTESIAN_POINT('',(3.30024887449592,1.77994059105343,0.00386303218211304));
#8491=CARTESIAN_POINT('',(3.20024887449594,1.67994059105341,1.00386303218211));
#8492=CARTESIAN_POINT('',(3.30024887449593,1.67994059105347,1.00386303218216));
#8493=CARTESIAN_POINT('',(3.30024887449593,1.77994059105345,1.00386303218211));
#8494=CARTESIAN_POINT('',(3.20024887449594,1.67994059105341,0.00386303218211304));
#8495=CARTESIAN_POINT('',(3.30024887449594,1.67994059105347,0.00386303218216397));
#8496=CARTESIAN_POINT('',(3.30024887449594,1.77994059105345,0.00386303218211304));
#8497=CARTESIAN_POINT('',(1.30024887449594,1.67994059105344,0.903863032182113));
#8498=CARTESIAN_POINT('',(1.30024887449603,1.67994059105341,1.00386303218211));
#8499=CARTESIAN_POINT('',(1.30024887449592,1.77994059105342,1.00386303218211));
#8500=CARTESIAN_POINT('',(3.30024887449593,1.67994059105344,0.903863032182113));
#8501=CARTESIAN_POINT('',(3.30024887449603,1.67994059105342,1.00386303218211));
#8502=CARTESIAN_POINT('',(3.30024887449592,1.77994059105343,1.00386303218211));
#8503=CARTESIAN_POINT('',(3.30024887449592,1.67994059105343,0.103863032182113));
#8504=CARTESIAN_POINT('',(3.30024887449592,2.47994059105342,0.103863032182113));
#8505=CARTESIAN_POINT('',(3.30024887449595,1.67994059105324,0.00386303218211356));
#8506=CARTESIAN_POINT('',(3.30024887449593,2.47994059105322,0.0038630321821132));
#8507=CARTESIAN_POINT('',(3.20024887449593,1.67994059105344,0.00386303218211304));
#8508=CARTESIAN_POINT('',(3.20024887449593,2.47994059105343,0.00386303218211304));
#8509=CARTESIAN_POINT('',(3.30024887449592,1.67994059105342,0.903863032182113));
#8510=CARTESIAN_POINT('',(3.30024887449592,1.67994059105328,1.00386303218211));
#8511=CARTESIAN_POINT('',(3.20024887449591,1.67994059105342,1.00386303218211));
#8512=CARTESIAN_POINT('',(3.30024887449593,2.47994059105342,0.903863032182113));
#8513=CARTESIAN_POINT('',(3.3002488744959,2.47994059105326,1.00386303218211));
#8514=CARTESIAN_POINT('',(3.20024887449592,2.47994059105342,1.00386303218211));
#8515=CARTESIAN_POINT('',(3.20024887449592,2.47994059105342,0.103863032182108));
#8516=CARTESIAN_POINT('',(3.20024887449592,2.47994059105342,0.0742478560158243));
#8517=CARTESIAN_POINT('',(3.18532544578446,2.46501716234196,0.0534718792554389));
#8518=CARTESIAN_POINT('',(3.170402017073,2.4500937336305,0.0326959024950536));
#8519=CARTESIAN_POINT('',(3.14946350863033,2.42915522518783,0.033161077464348));
#8520=CARTESIAN_POINT('',(3.30024887449592,2.47994059105343,0.103863032182105));
#8521=CARTESIAN_POINT('',(3.30024887449592,2.47994059105343,0.04463267984953));
#8522=CARTESIAN_POINT('',(3.270402017073,2.45009373363051,0.00308072632875309));
#8523=CARTESIAN_POINT('',(3.24055515965008,2.42024687620759,-0.0384712271920238));
#8524=CARTESIAN_POINT('',(3.19867814276473,2.37836985932223,-0.0375408772534359));
#8525=CARTESIAN_POINT('',(3.30024887449594,2.37994059105343,0.103863032182112));
#8526=CARTESIAN_POINT('',(3.30024887449594,2.37994059105343,0.0742478560158204));
#8527=CARTESIAN_POINT('',(3.28532544578448,2.36501716234196,0.053471879255428));
#8528=CARTESIAN_POINT('',(3.27040201707302,2.3500937336305,0.0326959024950355));
#8529=CARTESIAN_POINT('',(3.24946350863034,2.32915522518782,0.0331610774643282));
#8530=CARTESIAN_POINT('',(1.30024887449593,2.37994059105343,0.103863032182113));
#8531=CARTESIAN_POINT('',(1.30024887449593,2.37994059105343,0.0742478560158245));
#8532=CARTESIAN_POINT('',(1.31517230320739,2.36501716234197,0.0534718792554331));
#8533=CARTESIAN_POINT('',(1.33009573191885,2.35009373363051,0.0326959024950417));
#8534=CARTESIAN_POINT('',(1.35103424036152,2.32915522518783,0.0331610774643323));
#8535=CARTESIAN_POINT('',(1.30024887449592,2.47994059105344,0.103863032182114));
#8536=CARTESIAN_POINT('',(1.30024887449592,2.47994059105344,0.0446326798495337));
#8537=CARTESIAN_POINT('',(1.33009573191884,2.45009373363052,0.00308072632874901));
#8538=CARTESIAN_POINT('',(1.35994258934176,2.4202468762076,-0.0384712271920357));
#8539=CARTESIAN_POINT('',(1.40181960622712,2.37836985932224,-0.0375408772534545));
#8540=CARTESIAN_POINT('',(1.40024887449594,2.47994059105345,0.103863032182114));
#8541=CARTESIAN_POINT('',(1.40024887449594,2.47994059105345,0.0742478560158205));
#8542=CARTESIAN_POINT('',(1.4151723032074,2.46501716234199,0.0534718792554261));
#8543=CARTESIAN_POINT('',(1.43009573191886,2.45009373363053,0.0326959024950317));
#8544=CARTESIAN_POINT('',(1.45103424036154,2.42915522518785,0.0331610774643223));
#8545=CARTESIAN_POINT('',(1.35103424036152,2.32915522518783,0.974564986899894));
#8546=CARTESIAN_POINT('',(1.33009573191884,2.35009373363051,0.975030161869184));
#8547=CARTESIAN_POINT('',(1.31517230320738,2.36501716234197,0.954254185108793));
#8548=CARTESIAN_POINT('',(1.30024887449593,2.37994059105343,0.933478208348401));
#8549=CARTESIAN_POINT('',(1.30024887449593,2.37994059105343,0.903863032182111));
#8550=CARTESIAN_POINT('',(1.37230426062996,2.34976738870582,1.00417650951539));
#8551=CARTESIAN_POINT('',(1.34259624759918,2.3794754017366,1.00483650992025));
#8552=CARTESIAN_POINT('',(1.32142256104755,2.40064908828823,0.975359100389645));
#8553=CARTESIAN_POINT('',(1.30024887449593,2.42182277483986,0.94588169085904));
#8554=CARTESIAN_POINT('',(1.30024887449593,2.42182277483986,0.903863032182112));
#8555=CARTESIAN_POINT('',(1.40191486995636,2.37938530490843,1.00384761157526));
#8556=CARTESIAN_POINT('',(1.37230426062996,2.40899591423483,1.00450544803586));
#8557=CARTESIAN_POINT('',(1.3511999962744,2.43010017859039,0.97512468612961));
#8558=CARTESIAN_POINT('',(1.33009573191884,2.45120444294595,0.945743924223361));
#8559=CARTESIAN_POINT('',(1.33009573191884,2.45120444294595,0.903863032182115));
#8560=CARTESIAN_POINT('',(1.43152547928277,2.40900322111103,1.00351871363513));
#8561=CARTESIAN_POINT('',(1.40201227366074,2.43851642673306,1.00417438615147));
#8562=CARTESIAN_POINT('',(1.38097743150125,2.45955126889255,0.974890271869575));
#8563=CARTESIAN_POINT('',(1.35994258934175,2.48058611105204,0.945606157587681));
#8564=CARTESIAN_POINT('',(1.35994258934175,2.48058611105205,0.903863032182118));
#8565=CARTESIAN_POINT('',(1.45180100497172,2.429946855557,0.97344572653789));
#8566=CARTESIAN_POINT('',(1.431193967457,2.45055389307171,0.973903537468855));
#8567=CARTESIAN_POINT('',(1.41650678684206,2.46524107368665,0.953456458648596));
#8568=CARTESIAN_POINT('',(1.40181960622711,2.4799282543016,0.933009379828337));
#8569=CARTESIAN_POINT('',(1.40181960622711,2.4799282543016,0.903863032182123));
#8570=CARTESIAN_POINT('',(3.14946350863034,2.42915522518784,0.974564986899898));
#8571=CARTESIAN_POINT('',(3.17040201707302,2.45009373363052,0.975030161869188));
#8572=CARTESIAN_POINT('',(3.18532544578448,2.46501716234198,0.954254185108796));
#8573=CARTESIAN_POINT('',(3.20024887449594,2.47994059105344,0.933478208348404));
#8574=CARTESIAN_POINT('',(3.20024887449594,2.47994059105344,0.903863032182115));
#8575=CARTESIAN_POINT('',(3.17007567214833,2.4078852049194,1.00417650951539));
#8576=CARTESIAN_POINT('',(3.19978368517911,2.43759321795018,1.00483650992025));
#8577=CARTESIAN_POINT('',(3.22095737173074,2.4587669045018,0.975359100389645));
#8578=CARTESIAN_POINT('',(3.24213105828237,2.47994059105343,0.945881690859042));
#8579=CARTESIAN_POINT('',(3.24213105828237,2.47994059105343,0.903863032182114));
#8580=CARTESIAN_POINT('',(3.19969358835094,2.378274595593,1.00384761157526));
#8581=CARTESIAN_POINT('',(3.22930419767734,2.4078852049194,1.00450544803585));
#8582=CARTESIAN_POINT('',(3.2504084620329,2.42898946927496,0.975124686129604));
#8583=CARTESIAN_POINT('',(3.27151272638846,2.45009373363052,0.945743924223357));
#8584=CARTESIAN_POINT('',(3.27151272638846,2.45009373363052,0.903863032182114));
#8585=CARTESIAN_POINT('',(3.22931150455355,2.3486639862666,1.00351871363512));
#8586=CARTESIAN_POINT('',(3.25882471017557,2.37817719188862,1.00417438615146));
#8587=CARTESIAN_POINT('',(3.27985955233506,2.39921203404811,0.974890271869563));
#8588=CARTESIAN_POINT('',(3.30089439449455,2.4202468762076,0.945606157587671));
#8589=CARTESIAN_POINT('',(3.30089439449455,2.4202468762076,0.903863032182114));
#8590=CARTESIAN_POINT('',(3.25025513899951,2.32838846057766,0.973445726537877));
#8591=CARTESIAN_POINT('',(3.27086217651422,2.34899549809236,0.973903537468837));
#8592=CARTESIAN_POINT('',(3.28554935712916,2.36368267870731,0.953456458648579));
#8593=CARTESIAN_POINT('',(3.3002365377441,2.37836985932225,0.933009379828322));
#8594=CARTESIAN_POINT('',(3.3002365377441,2.37836985932225,0.903863032182114));
#8595=CARTESIAN_POINT('',(1.40024887449593,1.67994059105344,0.103863032182111));
#8596=CARTESIAN_POINT('',(1.40024887449593,1.67994059105344,0.0742478560158277));
#8597=CARTESIAN_POINT('',(1.41517230320739,1.69486401976489,0.0534718792554394));
#8598=CARTESIAN_POINT('',(1.43009573191885,1.70978744847635,0.032695902495051));
#8599=CARTESIAN_POINT('',(1.45103424036152,1.73072595691902,0.0331610774643387));
#8600=CARTESIAN_POINT('',(1.30024887449595,1.67994059105344,0.10386303218211));
#8601=CARTESIAN_POINT('',(1.30024887449595,1.67994059105344,0.0446326798495492));
#8602=CARTESIAN_POINT('',(1.33009573191886,1.70978744847635,0.00308072632877682));
#8603=CARTESIAN_POINT('',(1.35994258934177,1.73963430589926,-0.0384712271919955));
#8604=CARTESIAN_POINT('',(1.40181960622711,1.78151132278461,-0.0375408772534205));
#8605=CARTESIAN_POINT('',(1.30024887449594,1.77994059105343,0.103863032182111));
#8606=CARTESIAN_POINT('',(1.30024887449594,1.77994059105343,0.0742478560158274));
#8607=CARTESIAN_POINT('',(1.3151723032074,1.79486401976489,0.0534718792554386));
#8608=CARTESIAN_POINT('',(1.33009573191885,1.80978744847634,0.0326959024950499));
#8609=CARTESIAN_POINT('',(1.35103424036153,1.83072595691902,0.0331610774643374));
#8610=CARTESIAN_POINT('',(1.45103424036153,1.73072595691901,0.974564986899883));
#8611=CARTESIAN_POINT('',(1.43009573191885,1.70978744847634,0.975030161869171));
#8612=CARTESIAN_POINT('',(1.4151723032074,1.69486401976488,0.954254185108784));
#8613=CARTESIAN_POINT('',(1.40024887449594,1.67994059105343,0.933478208348397));
#8614=CARTESIAN_POINT('',(1.40024887449594,1.67994059105343,0.903863032182115));
#8615=CARTESIAN_POINT('',(1.40181960622711,1.78151132278461,1.04526694161768));
#8616=CARTESIAN_POINT('',(1.35994258934176,1.73963430589925,1.04619729155625));
#8617=CARTESIAN_POINT('',(1.33009573191884,1.70978744847634,1.00464533803547));
#8618=CARTESIAN_POINT('',(1.30024887449592,1.67994059105342,0.96309338451469));
#8619=CARTESIAN_POINT('',(1.30024887449592,1.67994059105342,0.903863032182115));
#8620=CARTESIAN_POINT('',(1.35103424036151,1.83072595691903,0.974564986899889));
#8621=CARTESIAN_POINT('',(1.33009573191884,1.80978744847635,0.975030161869177));
#8622=CARTESIAN_POINT('',(1.31517230320738,1.79486401976489,0.954254185108788));
#8623=CARTESIAN_POINT('',(1.30024887449592,1.77994059105344,0.933478208348399));
#8624=CARTESIAN_POINT('',(1.30024887449592,1.77994059105344,0.903863032182114));
#8625=CARTESIAN_POINT('',(3.30024887449592,1.77994059105344,0.103863032182113));
#8626=CARTESIAN_POINT('',(3.30024887449592,1.77994059105344,0.0742478560158312));
#8627=CARTESIAN_POINT('',(3.28532544578446,1.79486401976489,0.0534718792554427));
#8628=CARTESIAN_POINT('',(3.27040201707301,1.80978744847635,0.0326959024950541));
#8629=CARTESIAN_POINT('',(3.24946350863034,1.83072595691902,0.0331610774643374));
#8630=CARTESIAN_POINT('',(3.30024887449592,1.67994059105343,0.103863032182112));
#8631=CARTESIAN_POINT('',(3.30024887449592,1.67994059105343,0.0446326798495469));
#8632=CARTESIAN_POINT('',(3.27040201707301,1.70978744847634,0.00308072632876781));
#8633=CARTESIAN_POINT('',(3.2405551596501,1.73963430589925,-0.0384712271920113));
#8634=CARTESIAN_POINT('',(3.19867814276475,1.7815113227846,-0.0375408772534446));
#8635=CARTESIAN_POINT('',(3.20024887449591,1.67994059105343,0.103863032182113));
#8636=CARTESIAN_POINT('',(3.20024887449591,1.67994059105343,0.0742478560158302));
#8637=CARTESIAN_POINT('',(3.18532544578446,1.69486401976488,0.0534718792554408));
#8638=CARTESIAN_POINT('',(3.170402017073,1.70978744847634,0.0326959024950514));
#8639=CARTESIAN_POINT('',(3.14946350863033,1.73072595691901,0.0331610774643346));
#8640=CARTESIAN_POINT('',(3.24946350863034,1.83072595691902,0.974564986899895));
#8641=CARTESIAN_POINT('',(3.27040201707302,1.80978744847634,0.975030161869184));
#8642=CARTESIAN_POINT('',(3.28532544578448,1.79486401976489,0.954254185108793));
#8643=CARTESIAN_POINT('',(3.30024887449594,1.77994059105343,0.933478208348401));
#8644=CARTESIAN_POINT('',(3.30024887449594,1.77994059105343,0.903863032182113));
#8645=CARTESIAN_POINT('',(3.19867814276475,1.78151132278461,1.04526694161767));
#8646=CARTESIAN_POINT('',(3.2405551596501,1.73963430589926,1.04619729155625));
#8647=CARTESIAN_POINT('',(3.27040201707302,1.70978744847634,1.00464533803547));
#8648=CARTESIAN_POINT('',(3.30024887449594,1.67994059105342,0.963093384514687));
#8649=CARTESIAN_POINT('',(3.30024887449594,1.67994059105342,0.903863032182113));
#8650=CARTESIAN_POINT('',(3.14946350863033,1.73072595691902,0.974564986899896));
#8651=CARTESIAN_POINT('',(3.17040201707301,1.70978744847634,0.975030161869186));
#8652=CARTESIAN_POINT('',(3.18532544578447,1.69486401976488,0.954254185108795));
#8653=CARTESIAN_POINT('',(3.20024887449593,1.67994059105342,0.933478208348405));
#8654=CARTESIAN_POINT('',(3.20024887449593,1.67994059105342,0.903863032182116));
#8655=CARTESIAN_POINT('',(3.20024887449592,2.47994059105343,0.903863032182113));
#8656=CARTESIAN_POINT('',(1.40024887449593,2.47994059105343,0.903863032182113));
#8657=CARTESIAN_POINT('',(3.20024887449592,2.47994059105342,0.103863032182113));
#8658=CARTESIAN_POINT('',(1.40024887449593,2.47994059105343,0.103863032182113));
#8659=CARTESIAN_POINT('',(1.30024887449593,2.37994059105342,0.903863032182113));
#8660=CARTESIAN_POINT('',(1.30024887449592,1.77994059105343,0.903863032182113));
#8661=CARTESIAN_POINT('',(1.30024887449593,2.37994059105342,0.103863032182113));
#8662=CARTESIAN_POINT('',(1.30024887449592,1.77994059105342,0.103863032182113));
#8663=CARTESIAN_POINT('',(1.40024887449593,1.67994059105344,0.103863032182113));
#8664=CARTESIAN_POINT('',(3.20024887449592,1.67994059105342,0.103863032182113));
#8665=CARTESIAN_POINT('',(1.40024887449593,1.67994059105344,0.903863032182113));
#8666=CARTESIAN_POINT('',(3.20024887449593,1.67994059105342,0.903863032182113));
#8667=CARTESIAN_POINT('',(3.30024887449592,1.77994059105344,0.903863032182113));
#8668=CARTESIAN_POINT('',(3.30024887449592,2.37994059105342,0.903863032182113));
#8669=CARTESIAN_POINT('',(3.30024887449592,1.77994059105343,0.103863032182113));
#8670=CARTESIAN_POINT('',(3.30024887449592,2.37994059105342,0.103863032182113));
#8671=CARTESIAN_POINT('',(3.20024887449592,1.77994059105343,0.00386303218211304));
#8672=CARTESIAN_POINT('',(3.20024887449592,2.37994059105342,0.00386303218211481));
#8673=CARTESIAN_POINT('',(1.40024887449593,2.37994059105341,0.00386303218211126));
#8674=CARTESIAN_POINT('',(1.40024887449593,1.77994059105343,0.00386303218211304));
#8675=CARTESIAN_POINT('',(1.40024887449593,2.37994059105342,1.00386303218211));
#8676=CARTESIAN_POINT('',(1.40024887449593,1.77994059105342,1.00386303218211));
#8677=CARTESIAN_POINT('',(3.20024887449592,1.77994059105343,1.00386303218211));
#8678=CARTESIAN_POINT('',(3.20024887449592,2.37994059105343,1.00386303218211));
#8679=CARTESIAN_POINT('',(3.20024887449592,2.47994059105343,0.903863032182113));
#8680=CARTESIAN_POINT('',(3.20024887449592,2.47994059105342,0.103863032182113));
#8681=CARTESIAN_POINT('',(0.0999999999999926,0.9));
#8682=CARTESIAN_POINT('',(0.0999999999999968,0.633333333333333));
#8683=CARTESIAN_POINT('',(0.0999999999999882,0.366666666666667));
#8684=CARTESIAN_POINT('',(0.0999999999999963,0.1));
#8685=CARTESIAN_POINT('',(3.20024887449592,2.47994059105342,0.103863032182113));
#8686=CARTESIAN_POINT('',(1.40024887449593,2.47994059105343,0.103863032182113));
#8687=CARTESIAN_POINT('',(0.0999999999999963,0.1));
#8688=CARTESIAN_POINT('',(0.699999999999994,0.1));
#8689=CARTESIAN_POINT('',(1.29999999999999,0.1));
#8690=CARTESIAN_POINT('',(1.89999999999999,0.0999999999999999));
#8691=CARTESIAN_POINT('',(1.40024887449593,2.47994059105343,0.103863032182113));
#8692=CARTESIAN_POINT('',(1.40024887449593,2.47994059105343,0.903863032182113));
#8693=CARTESIAN_POINT('',(1.89999999999999,0.0999999999999999));
#8694=CARTESIAN_POINT('',(1.89999999999999,0.366666666666666));
#8695=CARTESIAN_POINT('',(1.89999999999998,0.633333333333333));
#8696=CARTESIAN_POINT('',(1.89999999999999,0.9));
#8697=CARTESIAN_POINT('',(1.40024887449593,2.47994059105343,0.903863032182113));
#8698=CARTESIAN_POINT('',(3.20024887449592,2.47994059105343,0.903863032182113));
#8699=CARTESIAN_POINT('',(1.89999999999999,0.9));
#8700=CARTESIAN_POINT('',(1.29999999999999,0.899999999999999));
#8701=CARTESIAN_POINT('',(0.699999999999992,0.899999999999999));
#8702=CARTESIAN_POINT('',(0.0999999999999926,0.9));
#8703=CARTESIAN_POINT('',(1.30024887449593,2.37994059105342,0.903863032182113));
#8704=CARTESIAN_POINT('',(1.30024887449593,2.37994059105342,0.103863032182113));
#8705=CARTESIAN_POINT('',(2.10000000000001,0.9));
#8706=CARTESIAN_POINT('',(2.10000000000002,0.633333333333334));
#8707=CARTESIAN_POINT('',(2.10000000000001,0.366666666666666));
#8708=CARTESIAN_POINT('',(2.10000000000001,0.1));
#8709=CARTESIAN_POINT('',(1.30024887449593,2.37994059105342,0.103863032182113));
#8710=CARTESIAN_POINT('',(1.30024887449592,1.77994059105342,0.103863032182113));
#8711=CARTESIAN_POINT('',(2.10000000000001,0.1));
#8712=CARTESIAN_POINT('',(2.30000000000001,0.1));
#8713=CARTESIAN_POINT('',(2.5,0.1));
#8714=CARTESIAN_POINT('',(2.7,0.1));
#8715=CARTESIAN_POINT('',(1.30024887449592,1.77994059105342,0.103863032182113));
#8716=CARTESIAN_POINT('',(1.30024887449592,1.77994059105343,0.903863032182113));
#8717=CARTESIAN_POINT('',(2.7,0.1));
#8718=CARTESIAN_POINT('',(2.7,0.366666666666666));
#8719=CARTESIAN_POINT('',(2.69999999999999,0.633333333333333));
#8720=CARTESIAN_POINT('',(2.7,0.9));
#8721=CARTESIAN_POINT('',(1.30024887449592,1.77994059105343,0.903863032182113));
#8722=CARTESIAN_POINT('',(1.30024887449593,2.37994059105342,0.903863032182113));
#8723=CARTESIAN_POINT('',(2.7,0.9));
#8724=CARTESIAN_POINT('',(2.50000000000001,0.899999999999999));
#8725=CARTESIAN_POINT('',(2.30000000000001,0.9));
#8726=CARTESIAN_POINT('',(2.10000000000001,0.9));
#8727=CARTESIAN_POINT('',(1.40024887449593,1.67994059105344,0.103863032182113));
#8728=CARTESIAN_POINT('',(3.20024887449592,1.67994059105342,0.103863032182113));
#8729=CARTESIAN_POINT('',(2.90000000000001,0.0999999999999999));
#8730=CARTESIAN_POINT('',(3.50000000000001,0.1));
#8731=CARTESIAN_POINT('',(4.1,0.1));
#8732=CARTESIAN_POINT('',(4.69999999999999,0.1));
#8733=CARTESIAN_POINT('',(3.20024887449592,1.67994059105342,0.103863032182113));
#8734=CARTESIAN_POINT('',(3.20024887449593,1.67994059105342,0.903863032182113));
#8735=CARTESIAN_POINT('',(4.69999999999999,0.1));
#8736=CARTESIAN_POINT('',(4.7,0.366666666666667));
#8737=CARTESIAN_POINT('',(4.69999999999999,0.633333333333333));
#8738=CARTESIAN_POINT('',(4.7,0.9));
#8739=CARTESIAN_POINT('',(3.20024887449593,1.67994059105342,0.903863032182113));
#8740=CARTESIAN_POINT('',(1.40024887449593,1.67994059105344,0.903863032182113));
#8741=CARTESIAN_POINT('',(4.7,0.9));
#8742=CARTESIAN_POINT('',(4.1,0.9));
#8743=CARTESIAN_POINT('',(3.5,0.9));
#8744=CARTESIAN_POINT('',(2.9,0.9));
#8745=CARTESIAN_POINT('',(1.40024887449593,1.67994059105344,0.903863032182113));
#8746=CARTESIAN_POINT('',(1.40024887449593,1.67994059105344,0.103863032182113));
#8747=CARTESIAN_POINT('',(2.9,0.9));
#8748=CARTESIAN_POINT('',(2.9,0.633333333333333));
#8749=CARTESIAN_POINT('',(2.9,0.366666666666666));
#8750=CARTESIAN_POINT('',(2.90000000000001,0.0999999999999999));
#8751=CARTESIAN_POINT('',(3.30024887449592,1.77994059105344,0.903863032182113));
#8752=CARTESIAN_POINT('',(3.30024887449592,1.77994059105343,0.103863032182113));
#8753=CARTESIAN_POINT('',(4.9,0.9));
#8754=CARTESIAN_POINT('',(4.9,0.633333333333334));
#8755=CARTESIAN_POINT('',(4.89999999999999,0.366666666666666));
#8756=CARTESIAN_POINT('',(4.90000000000001,0.0999999999999999));
#8757=CARTESIAN_POINT('',(3.30024887449592,1.77994059105343,0.103863032182113));
#8758=CARTESIAN_POINT('',(3.30024887449592,2.37994059105342,0.103863032182113));
#8759=CARTESIAN_POINT('',(4.90000000000001,0.0999999999999999));
#8760=CARTESIAN_POINT('',(5.1,0.0999999999999999));
#8761=CARTESIAN_POINT('',(5.3,0.1));
#8762=CARTESIAN_POINT('',(5.49999999999999,0.1));
#8763=CARTESIAN_POINT('',(3.30024887449592,2.37994059105342,0.103863032182113));
#8764=CARTESIAN_POINT('',(3.30024887449592,2.37994059105342,0.903863032182113));
#8765=CARTESIAN_POINT('',(5.49999999999999,0.1));
#8766=CARTESIAN_POINT('',(5.49999999999998,0.366666666666666));
#8767=CARTESIAN_POINT('',(5.49999999999999,0.633333333333333));
#8768=CARTESIAN_POINT('',(5.49999999999999,0.9));
#8769=CARTESIAN_POINT('',(3.30024887449592,2.37994059105342,0.903863032182113));
#8770=CARTESIAN_POINT('',(3.30024887449592,1.77994059105344,0.903863032182113));
#8771=CARTESIAN_POINT('',(5.49999999999999,0.9));
#8772=CARTESIAN_POINT('',(5.29999999999999,0.899999999999999));
#8773=CARTESIAN_POINT('',(5.1,0.9));
#8774=CARTESIAN_POINT('',(4.9,0.9));
#8775=CARTESIAN_POINT('',(3.20024887449592,1.77994059105343,0.00386303218211304));
#8776=CARTESIAN_POINT('',(1.40024887449593,1.77994059105343,0.00386303218211304));
#8777=CARTESIAN_POINT('',(0.700000000000002,0.100000000000002));
#8778=CARTESIAN_POINT('',(0.699999999999995,0.7));
#8779=CARTESIAN_POINT('',(0.700000000000003,1.3));
#8780=CARTESIAN_POINT('',(0.699999999999996,1.9));
#8781=CARTESIAN_POINT('',(1.40024887449593,1.77994059105343,0.00386303218211304));
#8782=CARTESIAN_POINT('',(1.40024887449593,2.37994059105341,0.00386303218211126));
#8783=CARTESIAN_POINT('',(0.699999999999996,1.9));
#8784=CARTESIAN_POINT('',(0.5,1.89999999999999));
#8785=CARTESIAN_POINT('',(0.300000000000004,1.9));
#8786=CARTESIAN_POINT('',(0.100000000000009,1.89999999999999));
#8787=CARTESIAN_POINT('',(1.40024887449593,2.37994059105341,0.00386303218211126));
#8788=CARTESIAN_POINT('',(3.20024887449592,2.37994059105342,0.00386303218211481));
#8789=CARTESIAN_POINT('',(0.100000000000009,1.89999999999999));
#8790=CARTESIAN_POINT('',(0.100000000000009,1.3));
#8791=CARTESIAN_POINT('',(0.100000000000001,0.700000000000003));
#8792=CARTESIAN_POINT('',(0.100000000000008,0.100000000000007));
#8793=CARTESIAN_POINT('',(3.20024887449592,2.37994059105342,0.00386303218211481));
#8794=CARTESIAN_POINT('',(3.20024887449592,1.77994059105343,0.00386303218211304));
#8795=CARTESIAN_POINT('',(0.100000000000008,0.100000000000007));
#8796=CARTESIAN_POINT('',(0.300000000000006,0.0999999999999998));
#8797=CARTESIAN_POINT('',(0.500000000000004,0.100000000000003));
#8798=CARTESIAN_POINT('',(0.700000000000002,0.100000000000002));
#8799=CARTESIAN_POINT('',(1.40024887449593,2.37994059105342,1.00386303218211));
#8800=CARTESIAN_POINT('',(1.40024887449593,1.77994059105342,1.00386303218211));
#8801=CARTESIAN_POINT('',(1.89999999999999,0.100000000000008));
#8802=CARTESIAN_POINT('',(1.9,0.300000000000006));
#8803=CARTESIAN_POINT('',(1.9,0.500000000000004));
#8804=CARTESIAN_POINT('',(1.89999999999999,0.700000000000002));
#8805=CARTESIAN_POINT('',(1.40024887449593,1.77994059105342,1.00386303218211));
#8806=CARTESIAN_POINT('',(3.20024887449592,1.77994059105343,1.00386303218211));
#8807=CARTESIAN_POINT('',(1.89999999999999,0.700000000000002));
#8808=CARTESIAN_POINT('',(1.29999999999999,0.699999999999998));
#8809=CARTESIAN_POINT('',(0.699999999999998,0.699999999999993));
#8810=CARTESIAN_POINT('',(0.100000000000001,0.700000000000002));
#8811=CARTESIAN_POINT('',(3.20024887449592,1.77994059105343,1.00386303218211));
#8812=CARTESIAN_POINT('',(3.20024887449592,2.37994059105343,1.00386303218211));
#8813=CARTESIAN_POINT('',(0.100000000000001,0.700000000000002));
#8814=CARTESIAN_POINT('',(0.1,0.500000000000001));
#8815=CARTESIAN_POINT('',(0.100000000000003,0.299999999999998));
#8816=CARTESIAN_POINT('',(0.100000000000002,0.0999999999999961));
#8817=CARTESIAN_POINT('',(3.20024887449592,2.37994059105343,1.00386303218211));
#8818=CARTESIAN_POINT('',(1.40024887449593,2.37994059105342,1.00386303218211));
#8819=CARTESIAN_POINT('',(0.100000000000002,0.0999999999999961));
#8820=CARTESIAN_POINT('',(0.699999999999998,0.100000000000013));
#8821=CARTESIAN_POINT('',(1.3,0.100000000000006));
#8822=CARTESIAN_POINT('',(1.89999999999999,0.100000000000008));
#8823=CARTESIAN_POINT('',(3.20024887449592,2.47994059105342,0.103863032182113));
#8824=CARTESIAN_POINT('',(3.20024887449578,2.47994059105343,0.00386303218210921));
#8825=CARTESIAN_POINT('',(3.20024887449592,2.37994059105342,0.00386303218211481));
#8826=CARTESIAN_POINT('',(0.,0.100000000000004));
#8827=CARTESIAN_POINT('',(0.157079632679526,0.100000000000004));
#8828=CARTESIAN_POINT('',(0.157079632679526,1.9));
#8829=CARTESIAN_POINT('',(0.157079632679526,0.100000000000004));
#8830=CARTESIAN_POINT('',(1.40024887449593,2.37994059105341,0.00386303218211126));
#8831=CARTESIAN_POINT('',(1.4002488744958,2.4799405910534,0.00386303218211153));
#8832=CARTESIAN_POINT('',(1.40024887449593,2.47994059105343,0.103863032182113));
#8833=CARTESIAN_POINT('',(0.157079632679526,1.9));
#8834=CARTESIAN_POINT('',(0.,1.9));
#8835=CARTESIAN_POINT('',(0.,0.100000000000004));
#8836=CARTESIAN_POINT('',(0.,1.9));
#8837=CARTESIAN_POINT('',(0.9,0.));
#8838=CARTESIAN_POINT('',(0.0999999999999998,0.));
#8839=CARTESIAN_POINT('',(1.40024887449593,2.47994059105343,0.103863032182113));
#8840=CARTESIAN_POINT('',(1.30024887449593,2.47994059105343,0.103863032182113));
#8841=CARTESIAN_POINT('',(1.30024887449593,2.37994059105342,0.103863032182113));
#8842=CARTESIAN_POINT('',(0.9,0.));
#8843=CARTESIAN_POINT('',(0.9,0.15707963267958));
#8844=CARTESIAN_POINT('',(0.0999999999999998,0.15707963267958));
#8845=CARTESIAN_POINT('',(0.9,0.15707963267958));
#8846=CARTESIAN_POINT('',(1.30024887449593,2.37994059105342,0.903863032182114));
#8847=CARTESIAN_POINT('',(1.30024887449593,2.47994059105342,0.903863032182114));
#8848=CARTESIAN_POINT('',(1.40024887449593,2.47994059105343,0.903863032182114));
#8849=CARTESIAN_POINT('',(0.0999999999999998,0.15707963267958));
#8850=CARTESIAN_POINT('',(0.0999999999999998,0.));
#8851=CARTESIAN_POINT('',(1.9,0.));
#8852=CARTESIAN_POINT('',(0.100000000000007,0.));
#8853=CARTESIAN_POINT('',(1.40024887449593,2.47994059105343,0.903863032182113));
#8854=CARTESIAN_POINT('',(1.40024887449559,2.47994059105342,1.00386303218211));
#8855=CARTESIAN_POINT('',(1.40024887449593,2.37994059105342,1.00386303218211));
#8856=CARTESIAN_POINT('',(1.9,0.));
#8857=CARTESIAN_POINT('',(1.9,0.157079632679526));
#8858=CARTESIAN_POINT('',(0.100000000000007,0.157079632679526));
#8859=CARTESIAN_POINT('',(1.9,0.157079632679526));
#8860=CARTESIAN_POINT('',(3.20024887449592,2.37994059105343,1.00386303218211));
#8861=CARTESIAN_POINT('',(3.2002488744956,2.47994059105343,1.00386303218212));
#8862=CARTESIAN_POINT('',(3.20024887449592,2.47994059105343,0.903863032182113));
#8863=CARTESIAN_POINT('',(0.100000000000007,0.157079632679526));
#8864=CARTESIAN_POINT('',(0.100000000000007,0.));
#8865=CARTESIAN_POINT('',(0.9,0.));
#8866=CARTESIAN_POINT('',(0.0999999999999997,0.));
#8867=CARTESIAN_POINT('',(3.20024887449592,2.47994059105343,0.903863032182113));
#8868=CARTESIAN_POINT('',(3.30024887449595,2.47994059105345,0.903863032182113));
#8869=CARTESIAN_POINT('',(3.30024887449592,2.37994059105342,0.903863032182113));
#8870=CARTESIAN_POINT('',(0.9,0.));
#8871=CARTESIAN_POINT('',(0.9,0.157079632679568));
#8872=CARTESIAN_POINT('',(0.0999999999999997,0.157079632679568));
#8873=CARTESIAN_POINT('',(0.9,0.157079632679568));
#8874=CARTESIAN_POINT('',(3.30024887449593,2.37994059105342,0.103863032182113));
#8875=CARTESIAN_POINT('',(3.30024887449595,2.47994059105345,0.103863032182113));
#8876=CARTESIAN_POINT('',(3.20024887449592,2.47994059105342,0.103863032182113));
#8877=CARTESIAN_POINT('',(0.0999999999999997,0.157079632679568));
#8878=CARTESIAN_POINT('',(0.0999999999999997,0.));
#8879=CARTESIAN_POINT('',(1.30024887449593,2.37994059105342,0.103863032182113));
#8880=CARTESIAN_POINT('',(1.30024887449593,2.37994059105315,0.0038630321821153));
#8881=CARTESIAN_POINT('',(1.40024887449593,2.37994059105341,0.00386303218211126));
#8882=CARTESIAN_POINT('',(0.,0.100000000000005));
#8883=CARTESIAN_POINT('',(0.15707963267956,0.100000000000005));
#8884=CARTESIAN_POINT('',(0.15707963267956,0.699999999999993));
#8885=CARTESIAN_POINT('',(0.15707963267956,0.100000000000005));
#8886=CARTESIAN_POINT('',(1.40024887449593,1.77994059105343,0.00386303218211304));
#8887=CARTESIAN_POINT('',(1.30024887449592,1.77994059105313,0.00386303218211518));
#8888=CARTESIAN_POINT('',(1.30024887449592,1.77994059105342,0.103863032182113));
#8889=CARTESIAN_POINT('',(0.15707963267956,0.699999999999993));
#8890=CARTESIAN_POINT('',(0.,0.699999999999993));
#8891=CARTESIAN_POINT('',(0.,0.100000000000005));
#8892=CARTESIAN_POINT('',(0.,0.699999999999993));
#8893=CARTESIAN_POINT('',(0.900000000000002,0.));
#8894=CARTESIAN_POINT('',(0.1,0.));
#8895=CARTESIAN_POINT('',(1.30024887449593,1.77994059105342,0.103863032182113));
#8896=CARTESIAN_POINT('',(1.30024887449597,1.67994059105345,0.103863032182113));
#8897=CARTESIAN_POINT('',(1.40024887449594,1.67994059105344,0.103863032182113));
#8898=CARTESIAN_POINT('',(0.900000000000002,0.));
#8899=CARTESIAN_POINT('',(0.900000000000002,0.157079632679617));
#8900=CARTESIAN_POINT('',(0.1,0.157079632679617));
#8901=CARTESIAN_POINT('',(0.900000000000002,0.157079632679617));
#8902=CARTESIAN_POINT('',(1.40024887449593,1.67994059105344,0.903863032182113));
#8903=CARTESIAN_POINT('',(1.30024887449593,1.67994059105343,0.903863032182113));
#8904=CARTESIAN_POINT('',(1.30024887449593,1.77994059105343,0.903863032182114));
#8905=CARTESIAN_POINT('',(0.1,0.157079632679617));
#8906=CARTESIAN_POINT('',(0.1,0.));
#8907=CARTESIAN_POINT('',(0.700000000000001,0.));
#8908=CARTESIAN_POINT('',(0.100000000000008,0.));
#8909=CARTESIAN_POINT('',(1.30024887449592,1.77994059105343,0.903863032182113));
#8910=CARTESIAN_POINT('',(1.30024887449591,1.77994059105371,1.00386303218212));
#8911=CARTESIAN_POINT('',(1.40024887449593,1.77994059105342,1.00386303218211));
#8912=CARTESIAN_POINT('',(0.700000000000001,0.));
#8913=CARTESIAN_POINT('',(0.700000000000001,0.15707963267954));
#8914=CARTESIAN_POINT('',(0.100000000000008,0.15707963267954));
#8915=CARTESIAN_POINT('',(0.700000000000001,0.15707963267954));
#8916=CARTESIAN_POINT('',(1.40024887449593,2.37994059105342,1.00386303218211));
#8917=CARTESIAN_POINT('',(1.30024887449593,2.37994059105371,1.00386303218211));
#8918=CARTESIAN_POINT('',(1.30024887449593,2.37994059105342,0.903863032182113));
#8919=CARTESIAN_POINT('',(0.100000000000008,0.15707963267954));
#8920=CARTESIAN_POINT('',(0.100000000000008,0.));
#8921=CARTESIAN_POINT('',(1.40024887449593,1.67994059105344,0.103863032182113));
#8922=CARTESIAN_POINT('',(1.40024887449618,1.67994059105343,0.00386303218211308));
#8923=CARTESIAN_POINT('',(1.40024887449593,1.77994059105343,0.00386303218211304));
#8924=CARTESIAN_POINT('',(0.,0.100000000000003));
#8925=CARTESIAN_POINT('',(0.157079632679526,0.100000000000003));
#8926=CARTESIAN_POINT('',(0.157079632679526,1.9));
#8927=CARTESIAN_POINT('',(0.157079632679526,0.100000000000003));
#8928=CARTESIAN_POINT('',(3.20024887449592,1.77994059105343,0.00386303218211304));
#8929=CARTESIAN_POINT('',(3.20024887449616,1.67994059105342,0.00386303218211767));
#8930=CARTESIAN_POINT('',(3.20024887449592,1.67994059105342,0.103863032182113));
#8931=CARTESIAN_POINT('',(0.157079632679526,1.9));
#8932=CARTESIAN_POINT('',(0.,1.9));
#8933=CARTESIAN_POINT('',(0.,0.100000000000003));
#8934=CARTESIAN_POINT('',(0.,1.9));
#8935=CARTESIAN_POINT('',(0.9,0.));
#8936=CARTESIAN_POINT('',(0.1,0.));
#8937=CARTESIAN_POINT('',(3.20024887449592,1.67994059105343,0.103863032182113));
#8938=CARTESIAN_POINT('',(3.30024887449592,1.67994059105344,0.103863032182113));
#8939=CARTESIAN_POINT('',(3.30024887449592,1.77994059105344,0.103863032182113));
#8940=CARTESIAN_POINT('',(0.9,0.));
#8941=CARTESIAN_POINT('',(0.9,0.157079632679594));
#8942=CARTESIAN_POINT('',(0.1,0.157079632679594));
#8943=CARTESIAN_POINT('',(0.9,0.157079632679594));
#8944=CARTESIAN_POINT('',(3.30024887449593,1.77994059105344,0.903863032182114));
#8945=CARTESIAN_POINT('',(3.30024887449595,1.67994059105341,0.903863032182114));
#8946=CARTESIAN_POINT('',(3.20024887449593,1.67994059105343,0.903863032182113));
#8947=CARTESIAN_POINT('',(0.1,0.157079632679594));
#8948=CARTESIAN_POINT('',(0.1,0.));
#8949=CARTESIAN_POINT('',(1.9,0.));
#8950=CARTESIAN_POINT('',(0.100000000000005,0.));
#8951=CARTESIAN_POINT('',(3.20024887449593,1.67994059105342,0.903863032182113));
#8952=CARTESIAN_POINT('',(3.20024887449604,1.67994059105342,1.00386303218212));
#8953=CARTESIAN_POINT('',(3.20024887449592,1.77994059105343,1.00386303218211));
#8954=CARTESIAN_POINT('',(1.9,0.));
#8955=CARTESIAN_POINT('',(1.9,0.157079632679526));
#8956=CARTESIAN_POINT('',(0.100000000000005,0.157079632679526));
#8957=CARTESIAN_POINT('',(1.9,0.157079632679526));
#8958=CARTESIAN_POINT('',(1.40024887449593,1.77994059105342,1.00386303218211));
#8959=CARTESIAN_POINT('',(1.40024887449603,1.67994059105341,1.00386303218212));
#8960=CARTESIAN_POINT('',(1.40024887449593,1.67994059105344,0.903863032182113));
#8961=CARTESIAN_POINT('',(0.100000000000005,0.157079632679526));
#8962=CARTESIAN_POINT('',(0.100000000000005,0.));
#8963=CARTESIAN_POINT('',(3.30024887449592,1.77994059105343,0.103863032182113));
#8964=CARTESIAN_POINT('',(3.30024887449592,1.7799405910532,0.0038630321821131));
#8965=CARTESIAN_POINT('',(3.20024887449592,1.77994059105343,0.00386303218211304));
#8966=CARTESIAN_POINT('',(0.,0.100000000000001));
#8967=CARTESIAN_POINT('',(0.15707963267956,0.100000000000001));
#8968=CARTESIAN_POINT('',(0.15707963267956,0.699999999999995));
#8969=CARTESIAN_POINT('',(0.15707963267956,0.100000000000001));
#8970=CARTESIAN_POINT('',(3.20024887449592,2.37994059105342,0.00386303218211481));
#8971=CARTESIAN_POINT('',(3.30024887449591,2.37994059105323,0.00386303218211358));
#8972=CARTESIAN_POINT('',(3.30024887449592,2.37994059105342,0.103863032182113));
#8973=CARTESIAN_POINT('',(0.15707963267956,0.699999999999995));
#8974=CARTESIAN_POINT('',(0.,0.699999999999995));
#8975=CARTESIAN_POINT('',(0.,0.100000000000001));
#8976=CARTESIAN_POINT('',(0.,0.699999999999995));
#8977=CARTESIAN_POINT('',(0.69999999999999,0.));
#8978=CARTESIAN_POINT('',(0.0999999999999945,0.));
#8979=CARTESIAN_POINT('',(3.30024887449592,2.37994059105342,0.903863032182113));
#8980=CARTESIAN_POINT('',(3.30024887449589,2.37994059105327,1.00386303218211));
#8981=CARTESIAN_POINT('',(3.20024887449592,2.37994059105343,1.00386303218211));
#8982=CARTESIAN_POINT('',(0.69999999999999,0.));
#8983=CARTESIAN_POINT('',(0.69999999999999,0.15707963267954));
#8984=CARTESIAN_POINT('',(0.0999999999999945,0.15707963267954));
#8985=CARTESIAN_POINT('',(0.69999999999999,0.15707963267954));
#8986=CARTESIAN_POINT('',(3.20024887449592,1.77994059105343,1.00386303218211));
#8987=CARTESIAN_POINT('',(3.30024887449591,1.77994059105327,1.00386303218211));
#8988=CARTESIAN_POINT('',(3.30024887449592,1.77994059105344,0.903863032182113));
#8989=CARTESIAN_POINT('',(0.0999999999999945,0.15707963267954));
#8990=CARTESIAN_POINT('',(0.0999999999999945,0.));
#8991=CARTESIAN_POINT('',(0.235619449019236,2.65906625780998));
#8992=CARTESIAN_POINT('',(0.0785398163397335,2.65906625780998));
#8993=CARTESIAN_POINT('',(0.157079632679481,4.31212086991673));
#8994=CARTESIAN_POINT('',(0.175995387959967,4.09715554191177));
#8995=CARTESIAN_POINT('',(0.195155002215094,3.88226909383455));
#8996=CARTESIAN_POINT('',(0.227724184751315,3.33100357708825));
#8997=CARTESIAN_POINT('',(0.235619449019284,2.9953538966252));
#8998=CARTESIAN_POINT('',(0.235619449019236,2.65906625780998));
#8999=CARTESIAN_POINT('',(0.0785398163397335,2.65906625780998));
#9000=CARTESIAN_POINT('',(0.0785398163396993,2.99535389662513));
#9001=CARTESIAN_POINT('',(0.0864350806076822,3.33100357708811));
#9002=CARTESIAN_POINT('',(0.119004263143889,3.88226909383441));
#9003=CARTESIAN_POINT('',(0.138163877399013,4.09715554191169));
#9004=CARTESIAN_POINT('',(0.157079632679481,4.31212086991673));
#9005=CARTESIAN_POINT('',(0.1570796326795,4.31212086991659));
#9006=CARTESIAN_POINT('',(0.17599538795989,4.09715554191134));
#9007=CARTESIAN_POINT('',(0.195155002214991,3.88226909383385));
#9008=CARTESIAN_POINT('',(0.227724184751192,3.33100357708757));
#9009=CARTESIAN_POINT('',(0.235619449019234,2.99535389662482));
#9010=CARTESIAN_POINT('',(0.235619449019265,2.65906625780989));
#9011=CARTESIAN_POINT('',(0.0785398163397505,2.65906625780989));
#9012=CARTESIAN_POINT('',(0.078539816339682,2.99535389662518));
#9013=CARTESIAN_POINT('',(0.0864350806076302,3.33100357708829));
#9014=CARTESIAN_POINT('',(0.119004263143845,3.88226909383458));
#9015=CARTESIAN_POINT('',(0.138163877398995,4.09715554191171));
#9016=CARTESIAN_POINT('',(0.1570796326795,4.31212086991659));
#9017=CARTESIAN_POINT('',(0.235619449019265,2.65906625780989));
#9018=CARTESIAN_POINT('',(0.0785398163397505,2.65906625780989));
#9019=CARTESIAN_POINT('',(0.0785398163397507,3.95481301290553));
#9020=CARTESIAN_POINT('',(0.235580004489888,3.95481301290553));
#9021=CARTESIAN_POINT('',(0.157059287961389,2.30175840079883));
#9022=CARTESIAN_POINT('',(0.136613753187584,2.51664548048959));
#9023=CARTESIAN_POINT('',(0.117302411369577,2.73152302079026));
#9024=CARTESIAN_POINT('',(0.0855213780252109,3.282890280094));
#9025=CARTESIAN_POINT('',(0.0785398163398145,3.61856281720462));
#9026=CARTESIAN_POINT('',(0.0785398163397507,3.95481301290553));
#9027=CARTESIAN_POINT('',(0.235580004489888,3.95481301290553));
#9028=CARTESIAN_POINT('',(0.235580004489809,3.61856422151671));
#9029=CARTESIAN_POINT('',(0.228632974503949,3.28289083776811));
#9030=CARTESIAN_POINT('',(0.196883421530682,2.73151941126088));
#9031=CARTESIAN_POINT('',(0.1775049139841,2.51664643953599));
#9032=CARTESIAN_POINT('',(0.157059287961389,2.30175840079883));
#9033=CARTESIAN_POINT('',(0.157059287961375,2.30175840079879));
#9034=CARTESIAN_POINT('',(0.136613753187385,2.51664548048892));
#9035=CARTESIAN_POINT('',(0.117302411369339,2.73152302078896));
#9036=CARTESIAN_POINT('',(0.0855213780249475,3.28289028009269));
#9037=CARTESIAN_POINT('',(0.0785398163396839,3.61856281720392));
#9038=CARTESIAN_POINT('',(0.0785398163397575,3.95481301290543));
#9039=CARTESIAN_POINT('',(0.235580004489889,3.95481301290543));
#9040=CARTESIAN_POINT('',(0.235580004489923,3.61856422151604));
#9041=CARTESIAN_POINT('',(0.228632974504156,3.28289083776688));
#9042=CARTESIAN_POINT('',(0.196883421530853,2.73151941125965));
#9043=CARTESIAN_POINT('',(0.177504913984233,2.51664643953535));
#9044=CARTESIAN_POINT('',(0.157059287961375,2.30175840079879));
#9045=CARTESIAN_POINT('',(0.0785398163397575,3.95481301290543));
#9046=CARTESIAN_POINT('',(0.235580004489889,3.95481301290543));
#9047=CARTESIAN_POINT('',(0.157079632679483,4.31212086991651));
#9048=CARTESIAN_POINT('',(0.175995387959824,4.09715554191105));
#9049=CARTESIAN_POINT('',(0.195155002214914,3.88226909383335));
#9050=CARTESIAN_POINT('',(0.227724184751077,3.33100357708712));
#9051=CARTESIAN_POINT('',(0.235619449019148,2.99535389662462));
#9052=CARTESIAN_POINT('',(0.235619449019219,2.65906625780995));
#9053=CARTESIAN_POINT('',(0.0785398163397452,2.65906625780995));
#9054=CARTESIAN_POINT('',(0.0785398163396853,2.99535389662518));
#9055=CARTESIAN_POINT('',(0.0864350806076443,3.33100357708823));
#9056=CARTESIAN_POINT('',(0.119004263143859,3.88226909383448));
#9057=CARTESIAN_POINT('',(0.138163877398984,4.09715554191162));
#9058=CARTESIAN_POINT('',(0.157079632679483,4.31212086991651));
#9059=CARTESIAN_POINT('',(0.235619449019219,2.65906625780995));
#9060=CARTESIAN_POINT('',(0.0785398163397452,2.65906625780995));
#9061=CARTESIAN_POINT('',(0.0785398163397371,3.95481301290542));
#9062=CARTESIAN_POINT('',(0.235619449019251,3.95481301290542));
#9063=CARTESIAN_POINT('',(0.157079632679494,2.30175840079883));
#9064=CARTESIAN_POINT('',(0.138163877399038,2.51672372880389));
#9065=CARTESIAN_POINT('',(0.119004263143913,2.73161017688118));
#9066=CARTESIAN_POINT('',(0.0864350806077118,3.28287569362744));
#9067=CARTESIAN_POINT('',(0.0785398163397132,3.61852537409034));
#9068=CARTESIAN_POINT('',(0.0785398163397371,3.95481301290542));
#9069=CARTESIAN_POINT('',(0.235619449019251,3.95481301290542));
#9070=CARTESIAN_POINT('',(0.235619449019318,3.61852537409018));
#9071=CARTESIAN_POINT('',(0.227724184751357,3.28287569362712));
#9072=CARTESIAN_POINT('',(0.195155002215135,2.73161017688086));
#9073=CARTESIAN_POINT('',(0.175995387960008,2.51672372880372));
#9074=CARTESIAN_POINT('',(0.157079632679494,2.30175840079883));
#9075=CARTESIAN_POINT('',(0.157079632679497,4.31212086991636));
#9076=CARTESIAN_POINT('',(0.17599538795985,4.09715554191101));
#9077=CARTESIAN_POINT('',(0.195155002214952,3.88226909383342));
#9078=CARTESIAN_POINT('',(0.227724184751122,3.33100357708723));
#9079=CARTESIAN_POINT('',(0.235619449019191,2.99535389662466));
#9080=CARTESIAN_POINT('',(0.235619449019249,2.65906625780993));
#9081=CARTESIAN_POINT('',(0.0785398163397453,2.65906625780993));
#9082=CARTESIAN_POINT('',(0.0785398163398009,2.99535389662469));
#9083=CARTESIAN_POINT('',(0.0864350806078626,3.33100357708728));
#9084=CARTESIAN_POINT('',(0.119004263144038,3.88226909383347));
#9085=CARTESIAN_POINT('',(0.13816387739914,4.09715554191103));
#9086=CARTESIAN_POINT('',(0.157079632679497,4.31212086991636));
#9087=CARTESIAN_POINT('',(0.235619449019249,2.65906625780993));
#9088=CARTESIAN_POINT('',(0.0785398163397453,2.65906625780993));
#9089=CARTESIAN_POINT('',(0.0785398163397516,3.95481301290546));
#9090=CARTESIAN_POINT('',(0.235619449019247,3.95481301290546));
#9091=CARTESIAN_POINT('',(0.157079632679499,2.30175840079882));
#9092=CARTESIAN_POINT('',(0.138163877399121,2.51672372880409));
#9093=CARTESIAN_POINT('',(0.11900426314402,2.7316101768816));
#9094=CARTESIAN_POINT('',(0.0864350806078242,3.28287569362786));
#9095=CARTESIAN_POINT('',(0.0785398163397922,3.61852537409058));
#9096=CARTESIAN_POINT('',(0.0785398163397516,3.95481301290546));
#9097=CARTESIAN_POINT('',(0.235619449019247,3.95481301290546));
#9098=CARTESIAN_POINT('',(0.235619449019219,3.61852537409057));
#9099=CARTESIAN_POINT('',(0.227724184751192,3.28287569362785));
#9100=CARTESIAN_POINT('',(0.195155002215005,2.73161017688158));
#9101=CARTESIAN_POINT('',(0.175995387959892,2.51672372880408));
#9102=CARTESIAN_POINT('',(0.157079632679499,2.30175840079882));
#9103=CARTESIAN_POINT('',(-3.24975112550407,3.32994059105343,0.0240842010354544));
#9104=CARTESIAN_POINT('',(-3.24975112550407,3.32994059105343,1.82408420103545));
#9105=CARTESIAN_POINT('',(-3.24975112550407,-3.17005940894657,0.0240842010354544));
#9106=CARTESIAN_POINT('',(-3.24975112550407,-3.17005940894657,1.82408420103545));
#9107=CARTESIAN_POINT('',(-3.24975112550407,-3.17005940894657,1.82408420103545));
#9108=CARTESIAN_POINT('',(-3.24975112550407,3.32994059105343,1.82408420103545));
#9109=CARTESIAN_POINT('',(3.25024887449593,-3.17005940894657,1.82408420103545));
#9110=CARTESIAN_POINT('',(3.25024887449593,3.32994059105343,1.82408420103545));
#9111=CARTESIAN_POINT('',(1.90024887449593,0.079940591053427,1.41141666625578));
#9112=CARTESIAN_POINT('',(1.90024887449593,1.97994059105342,1.41141666625577));
#9113=CARTESIAN_POINT('',(0.000248874495926988,1.97994059105343,1.41141666625578));
#9114=CARTESIAN_POINT('',(-1.89975112550407,1.97994059105342,1.41141666625577));
#9115=CARTESIAN_POINT('',(-1.89975112550407,0.079940591053427,1.41141666625578));
#9116=CARTESIAN_POINT('',(1.90024887449593,0.079940591053427,4.51141666625578));
#9117=CARTESIAN_POINT('',(1.90024887449593,1.97994059105342,4.51141666625578));
#9118=CARTESIAN_POINT('',(0.000248874495926988,1.97994059105343,4.51141666625578));
#9119=CARTESIAN_POINT('',(-1.89975112550407,1.97994059105342,4.51141666625578));
#9120=CARTESIAN_POINT('',(-1.89975112550407,0.079940591053427,4.51141666625578));
#9121=CARTESIAN_POINT('',(-3.24975112550407,-3.17005940894657,1.41141666625578));
#9122=CARTESIAN_POINT('',(3.25024887449593,-3.17005940894657,1.41141666625578));
#9123=CARTESIAN_POINT('',(-3.24975112550407,3.32994059105343,1.41141666625578));
#9124=CARTESIAN_POINT('',(3.25024887449593,3.32994059105343,1.41141666625578));
#9125=CARTESIAN_POINT('',(-2.94975112550406,-3.17005940894653,1.11141666625578));
#9126=CARTESIAN_POINT('',(-3.24975112550408,-3.17005940894654,1.1114166662557));
#9127=CARTESIAN_POINT('',(-3.24975112550407,-2.87005940894653,1.11141666625578));
#9128=CARTESIAN_POINT('',(-2.94975112550406,-3.17005940894653,2.12408420103545));
#9129=CARTESIAN_POINT('',(-3.24975112550406,-3.17005940894654,2.12408420103538));
#9130=CARTESIAN_POINT('',(-3.24975112550407,-2.87005940894653,2.12408420103546));
#9131=CARTESIAN_POINT('',(3.25024887449593,-3.17005940894657,0.0240842010354544));
#9132=CARTESIAN_POINT('',(3.25024887449593,-3.17005940894657,1.82408420103545));
#9133=CARTESIAN_POINT('',(3.25024887449593,3.32994059105343,0.0240842010354544));
#9134=CARTESIAN_POINT('',(3.25024887449593,3.32994059105343,1.82408420103545));
#9135=CARTESIAN_POINT('',(3.25024887449593,3.32994059105343,0.0240842010354544));
#9136=CARTESIAN_POINT('',(3.25024887449593,3.32994059105343,1.82408420103545));
#9137=CARTESIAN_POINT('',(-3.24975112550407,3.32994059105343,0.0240842010354544));
#9138=CARTESIAN_POINT('',(-3.24975112550407,3.32994059105343,1.82408420103545));
#9139=CARTESIAN_POINT('',(-3.24975112550407,-3.17005940894657,0.0240842010354544));
#9140=CARTESIAN_POINT('',(-3.24975112550407,-3.17005940894657,1.82408420103545));
#9141=CARTESIAN_POINT('',(3.25024887449593,-3.17005940894657,0.0240842010354544));
#9142=CARTESIAN_POINT('',(3.25024887449593,-3.17005940894657,1.82408420103545));
#9143=CARTESIAN_POINT('',(2.95024887449595,-3.17005940894656,2.12408420103546));
#9144=CARTESIAN_POINT('',(3.25024887449594,-3.17005940894659,2.12408420103518));
#9145=CARTESIAN_POINT('',(3.25024887449593,-2.87005940894659,2.12408420103545));
#9146=CARTESIAN_POINT('',(2.95024887449594,-3.17005940894656,1.11141666625578));
#9147=CARTESIAN_POINT('',(3.25024887449593,-3.17005940894657,1.1114166662555));
#9148=CARTESIAN_POINT('',(3.25024887449593,-2.87005940894659,1.11141666625577));
#9149=CARTESIAN_POINT('',(3.25024887449593,3.02994059105345,2.12408420103546));
#9150=CARTESIAN_POINT('',(3.25024887449596,3.32994059105345,2.12408420103584));
#9151=CARTESIAN_POINT('',(2.95024887449595,3.32994059105346,2.12408420103546));
#9152=CARTESIAN_POINT('',(3.25024887449593,3.02994059105344,1.11141666625577));
#9153=CARTESIAN_POINT('',(3.25024887449598,3.32994059105345,1.11141666625615));
#9154=CARTESIAN_POINT('',(2.95024887449596,3.32994059105346,1.11141666625577));
#9155=CARTESIAN_POINT('',(-2.94975112550408,3.32994059105343,2.12408420103546));
#9156=CARTESIAN_POINT('',(-3.24975112550405,3.32994059105344,2.12408420103535));
#9157=CARTESIAN_POINT('',(-3.24975112550407,3.02994059105344,2.12408420103546));
#9158=CARTESIAN_POINT('',(-2.94975112550408,3.32994059105343,1.11141666625578));
#9159=CARTESIAN_POINT('',(-3.24975112550405,3.32994059105345,1.11141666625567));
#9160=CARTESIAN_POINT('',(-3.24975112550407,3.02994059105344,1.11141666625578));
#9161=CARTESIAN_POINT('',(-1.89975112550407,0.079940591053427,1.41141666625578));
#9162=CARTESIAN_POINT('',(-1.89975112550407,-1.82005940894658,1.41141666625577));
#9163=CARTESIAN_POINT('',(0.000248874495926988,-1.82005940894657,1.41141666625578));
#9164=CARTESIAN_POINT('',(1.90024887449593,-1.82005940894658,1.41141666625577));
#9165=CARTESIAN_POINT('',(1.90024887449593,0.079940591053427,1.41141666625578));
#9166=CARTESIAN_POINT('',(-1.89975112550407,0.079940591053427,4.51141666625578));
#9167=CARTESIAN_POINT('',(-1.89975112550407,-1.82005940894658,4.51141666625578));
#9168=CARTESIAN_POINT('',(0.000248874495926988,-1.82005940894657,4.51141666625578));
#9169=CARTESIAN_POINT('',(1.90024887449593,-1.82005940894658,4.51141666625578));
#9170=CARTESIAN_POINT('',(1.90024887449593,0.079940591053427,4.51141666625578));
#9171=CARTESIAN_POINT('',(1.90024887449593,0.079940591053427,1.41141666625578));
#9172=CARTESIAN_POINT('',(1.90024887449593,0.079940591053427,1.82408420103545));
#9173=CARTESIAN_POINT('',(-2.94975112550407,-3.17005940894657,1.82408420103545));
#9174=CARTESIAN_POINT('',(-3.24975112550407,-2.87005940894658,1.82408420103545));
#9175=CARTESIAN_POINT('',(-2.94975112550408,-3.17005940894657,1.41141666625577));
#9176=CARTESIAN_POINT('',(-3.24975112550407,-2.87005940894658,1.41141666625577));
#9177=CARTESIAN_POINT('',(3.25024887449593,3.02994059105344,1.82408420103545));
#9178=CARTESIAN_POINT('',(3.25024887449593,-2.87005940894659,1.82408420103545));
#9179=CARTESIAN_POINT('',(-2.94975112550409,3.32994059105343,1.82408420103545));
#9180=CARTESIAN_POINT('',(2.95024887449594,3.32994059105343,1.82408420103545));
#9181=CARTESIAN_POINT('',(-3.24975112550407,3.02994059105342,1.82408420103545));
#9182=CARTESIAN_POINT('',(3.25024887449592,3.02994059105344,1.41141666625577));
#9183=CARTESIAN_POINT('',(3.25024887449593,-2.87005940894659,1.41141666625578));
#9184=CARTESIAN_POINT('',(-2.94975112550409,3.32994059105343,1.41141666625577));
#9185=CARTESIAN_POINT('',(2.95024887449594,3.32994059105343,1.41141666625577));
#9186=CARTESIAN_POINT('',(-3.24975112550407,3.02994059105342,1.41141666625578));
#9187=CARTESIAN_POINT('',(2.95024887449594,-3.17005940894657,1.82408420103545));
#9188=CARTESIAN_POINT('',(2.95024887449592,-3.17005940894657,1.41141666625578));
#9189=CARTESIAN_POINT('',(-1.89975112550407,0.079940591053427,1.41141666625578));
#9190=CARTESIAN_POINT('',(-1.89975112550407,0.079940591053427,1.82408420103545));
#9191=CARTESIAN_POINT('',(-3.24975112550407,3.02994059105342,1.82408420103545));
#9192=CARTESIAN_POINT('',(-3.24975112550407,3.02994059105342,1.41141666625578));
#9193=CARTESIAN_POINT('',(19.8,1.8));
#9194=CARTESIAN_POINT('',(19.8,1.66244415507344));
#9195=CARTESIAN_POINT('',(19.8,1.52488831014688));
#9196=CARTESIAN_POINT('',(19.8,1.38733246522032));
#9197=CARTESIAN_POINT('',(-3.24975112550407,3.02994059105342,1.41141666625578));
#9198=CARTESIAN_POINT('',(-3.24975112550407,-2.87005940894658,1.41141666625577));
#9199=CARTESIAN_POINT('',(19.8,1.38733246522032));
#9200=CARTESIAN_POINT('',(25.7,1.38733246522032));
#9201=CARTESIAN_POINT('',(-3.24975112550407,-2.87005940894658,1.41141666625577));
#9202=CARTESIAN_POINT('',(-3.24975112550407,-2.87005940894658,1.82408420103545));
#9203=CARTESIAN_POINT('',(25.7,1.38733246522032));
#9204=CARTESIAN_POINT('',(25.7,1.52488831014688));
#9205=CARTESIAN_POINT('',(25.7,1.66244415507344));
#9206=CARTESIAN_POINT('',(25.7,1.8));
#9207=CARTESIAN_POINT('',(-3.24975112550407,-2.87005940894658,1.82408420103545));
#9208=CARTESIAN_POINT('',(-3.24975112550407,3.02994059105342,1.82408420103545));
#9209=CARTESIAN_POINT('',(25.7,1.8));
#9210=CARTESIAN_POINT('',(19.8,1.8));
#9211=CARTESIAN_POINT('',(0.,0.299999999999985));
#9212=CARTESIAN_POINT('',(0.,6.19999999999999));
#9213=CARTESIAN_POINT('',(-3.24975112550407,-2.87005940894658,1.82408420103545));
#9214=CARTESIAN_POINT('',(-3.24975112550408,-3.17005940894659,1.82408420103538));
#9215=CARTESIAN_POINT('',(-2.94975112550407,-3.17005940894657,1.82408420103545));
#9216=CARTESIAN_POINT('',(0.,0.299999999999985));
#9217=CARTESIAN_POINT('',(1.29578071953836E-6,0.291542828896356));
#9218=CARTESIAN_POINT('',(0.000358388180548746,0.283081362255877));
#9219=CARTESIAN_POINT('',(0.00107285617133652,0.274651179861134));
#9220=CARTESIAN_POINT('',(0.00181009066903527,0.265952369888634));
#9221=CARTESIAN_POINT('',(0.00292783915937814,0.257286869670781));
#9222=CARTESIAN_POINT('',(0.00442108788836629,0.248686193720434));
#9223=CARTESIAN_POINT('',(0.00595674336410676,0.239841267311443));
#9224=CARTESIAN_POINT('',(0.00788952957082899,0.23106489933755));
#9225=CARTESIAN_POINT('',(0.0102119173449093,0.222392866622463));
#9226=CARTESIAN_POINT('',(0.0125914828497751,0.213507326431373));
#9227=CARTESIAN_POINT('',(0.0153800702449265,0.204731322259529));
#9228=CARTESIAN_POINT('',(0.0185658567800881,0.196101862239675));
#9229=CARTESIAN_POINT('',(0.021817133378841,0.187295006817078));
#9230=CARTESIAN_POINT('',(0.0254821073773036,0.178640782476761));
#9231=CARTESIAN_POINT('',(0.0295446794125838,0.170177353416499));
#9232=CARTESIAN_POINT('',(0.0336732595973542,0.161576411646123));
#9233=CARTESIAN_POINT('',(0.0382124630260121,0.153172515558973));
#9234=CARTESIAN_POINT('',(0.0431416560670562,0.145003899558714));
#9235=CARTESIAN_POINT('',(0.0481287253234388,0.136739371595845));
#9236=CARTESIAN_POINT('',(0.0535149960985923,0.128715681247724));
#9237=CARTESIAN_POINT('',(0.0592754007191377,0.120970205549304));
#9238=CARTESIAN_POINT('',(0.0650766739049287,0.113169777725159));
#9239=CARTESIAN_POINT('',(0.0712574085319562,0.10565152627519));
#9240=CARTESIAN_POINT('',(0.0777884180703352,0.0984509666202996));
#9241=CARTESIAN_POINT('',(0.0843349093177265,0.0912333380928791));
#9242=CARTESIAN_POINT('',(0.0912333380928343,0.0843349093177457));
#9243=CARTESIAN_POINT('',(0.0984509666202508,0.0777884180703518));
#9244=CARTESIAN_POINT('',(0.105651526275138,0.0712574085319698));
#9245=CARTESIAN_POINT('',(0.113169777725125,0.0650766739049621));
#9246=CARTESIAN_POINT('',(0.120970205549274,0.0592754007191736));
#9247=CARTESIAN_POINT('',(0.128715681247698,0.05351499609863));
#9248=CARTESIAN_POINT('',(0.136739371595811,0.0481287253234614));
#9249=CARTESIAN_POINT('',(0.145003899558678,0.0431416560670744));
#9250=CARTESIAN_POINT('',(0.153172515558933,0.0382124630260275));
#9251=CARTESIAN_POINT('',(0.161576411646086,0.033673259597377));
#9252=CARTESIAN_POINT('',(0.170177353416462,0.029544679412606));
#9253=CARTESIAN_POINT('',(0.178640782476721,0.0254821073773259));
#9254=CARTESIAN_POINT('',(0.187295006817031,0.0218171333788557));
#9255=CARTESIAN_POINT('',(0.196101862239627,0.0185658567801085));
#9256=CARTESIAN_POINT('',(0.204731322259487,0.0153800702449495));
#9257=CARTESIAN_POINT('',(0.213507326431342,0.0125914828498143));
#9258=CARTESIAN_POINT('',(0.22239286662244,0.010211917344949));
#9259=CARTESIAN_POINT('',(0.231064899337526,0.00788952957087083));
#9260=CARTESIAN_POINT('',(0.239841267311416,0.00595674336413516));
#9261=CARTESIAN_POINT('',(0.248686193720405,0.00442108788839311));
#9262=CARTESIAN_POINT('',(0.257286869670747,0.00292783915940402));
#9263=CARTESIAN_POINT('',(0.265952369888597,0.00181009066907115));
#9264=CARTESIAN_POINT('',(0.274651179861093,0.00107285617137014));
#9265=CARTESIAN_POINT('',(0.283081362255856,0.00035838818057815));
#9266=CARTESIAN_POINT('',(0.291542828896353,1.29578073526458E-6));
#9267=CARTESIAN_POINT('',(0.300000000000004,0.));
#9268=CARTESIAN_POINT('',(-2.94975112550407,-3.17005940894657,1.82408420103545));
#9269=CARTESIAN_POINT('',(2.95024887449594,-3.17005940894657,1.82408420103545));
#9270=CARTESIAN_POINT('',(0.300000000000004,0.));
#9271=CARTESIAN_POINT('',(6.2,0.));
#9272=CARTESIAN_POINT('',(2.95024887449594,-3.17005940894657,1.82408420103545));
#9273=CARTESIAN_POINT('',(3.25024887449593,-3.17005940894657,1.82408420103518));
#9274=CARTESIAN_POINT('',(3.25024887449593,-2.87005940894659,1.82408420103545));
#9275=CARTESIAN_POINT('',(6.2,0.));
#9276=CARTESIAN_POINT('',(6.20845717110366,1.29578072379785E-6));
#9277=CARTESIAN_POINT('',(6.21691863774417,0.000358388180557845));
#9278=CARTESIAN_POINT('',(6.22534882013894,0.00107285617134862));
#9279=CARTESIAN_POINT('',(6.23404763011144,0.00181009066904773));
#9280=CARTESIAN_POINT('',(6.24271313032929,0.00292783915938617));
#9281=CARTESIAN_POINT('',(6.25131380627963,0.00442108788837271));
#9282=CARTESIAN_POINT('',(6.26015873268862,0.00595674336411199));
#9283=CARTESIAN_POINT('',(6.26893510066252,0.00788952957083626));
#9284=CARTESIAN_POINT('',(6.27760713337761,0.0102119173449155));
#9285=CARTESIAN_POINT('',(6.28649267356869,0.0125914828497789));
#9286=CARTESIAN_POINT('',(6.29526867774053,0.0153800702449241));
#9287=CARTESIAN_POINT('',(6.30389813776038,0.0185658567800842));
#9288=CARTESIAN_POINT('',(6.31270499318298,0.0218171333788384));
#9289=CARTESIAN_POINT('',(6.3213592175233,0.0254821073773078));
#9290=CARTESIAN_POINT('',(6.32982264658356,0.0295446794125904));
#9291=CARTESIAN_POINT('',(6.33842358835393,0.0336732595973601));
#9292=CARTESIAN_POINT('',(6.34682748444108,0.0382124630260122));
#9293=CARTESIAN_POINT('',(6.35499610044133,0.0431416560670527));
#9294=CARTESIAN_POINT('',(6.3632606284042,0.0481287253234358));
#9295=CARTESIAN_POINT('',(6.37128431875233,0.053514996098593));
#9296=CARTESIAN_POINT('',(6.37902979445075,0.0592754007191393));
#9297=CARTESIAN_POINT('',(6.38683022227489,0.0650766739049276));
#9298=CARTESIAN_POINT('',(6.39434847372486,0.071257408531949));
#9299=CARTESIAN_POINT('',(6.40154903337975,0.0777884180703278));
#9300=CARTESIAN_POINT('',(6.40876666190717,0.0843349093177213));
#9301=CARTESIAN_POINT('',(6.41566509068229,0.0912333380928374));
#9302=CARTESIAN_POINT('',(6.42221158192969,0.0984509666202565));
#9303=CARTESIAN_POINT('',(6.42874259146807,0.105651526275145));
#9304=CARTESIAN_POINT('',(6.43492332609508,0.113169777725128));
#9305=CARTESIAN_POINT('',(6.44072459928087,0.120970205549273));
#9306=CARTESIAN_POINT('',(6.44648500390141,0.12871568124769));
#9307=CARTESIAN_POINT('',(6.45187127467658,0.136739371595797));
#9308=CARTESIAN_POINT('',(6.45685834393296,0.145003899558658));
#9309=CARTESIAN_POINT('',(6.46178753697401,0.153172515558913));
#9310=CARTESIAN_POINT('',(6.46632674040266,0.161576411646067));
#9311=CARTESIAN_POINT('',(6.47045532058742,0.170177353416446));
#9312=CARTESIAN_POINT('',(6.4745178926227,0.178640782476712));
#9313=CARTESIAN_POINT('',(6.47818286662116,0.187295006817031));
#9314=CARTESIAN_POINT('',(6.48143414321992,0.196101862239631));
#9315=CARTESIAN_POINT('',(6.48461992975508,0.204731322259484));
#9316=CARTESIAN_POINT('',(6.48740851715023,0.213507326431326));
#9317=CARTESIAN_POINT('',(6.4897880826551,0.222392866622415));
#9318=CARTESIAN_POINT('',(6.49211047042918,0.2310648993375));
#9319=CARTESIAN_POINT('',(6.4940432566359,0.239841267311391));
#9320=CARTESIAN_POINT('',(6.49557891211164,0.24868619372038));
#9321=CARTESIAN_POINT('',(6.49707216084063,0.257286869670728));
#9322=CARTESIAN_POINT('',(6.49818990933097,0.265952369888582));
#9323=CARTESIAN_POINT('',(6.49892714382866,0.274651179861084));
#9324=CARTESIAN_POINT('',(6.49964161181945,0.283081362255842));
#9325=CARTESIAN_POINT('',(6.49999870421928,0.291542828896336));
#9326=CARTESIAN_POINT('',(6.5,0.299999999999986));
#9327=CARTESIAN_POINT('',(3.25024887449593,-2.87005940894659,1.82408420103545));
#9328=CARTESIAN_POINT('',(3.25024887449593,3.02994059105344,1.82408420103545));
#9329=CARTESIAN_POINT('',(6.5,0.299999999999986));
#9330=CARTESIAN_POINT('',(6.5,6.20000000000001));
#9331=CARTESIAN_POINT('',(3.25024887449593,3.02994059105344,1.82408420103545));
#9332=CARTESIAN_POINT('',(3.25024887449596,3.32994059105343,1.82408420103583));
#9333=CARTESIAN_POINT('',(2.95024887449594,3.32994059105343,1.82408420103545));
#9334=CARTESIAN_POINT('',(6.5,6.20000000000001));
#9335=CARTESIAN_POINT('',(6.49999870421929,6.20845717110366));
#9336=CARTESIAN_POINT('',(6.49964161181946,6.21691863774416));
#9337=CARTESIAN_POINT('',(6.49892714382866,6.22534882013893));
#9338=CARTESIAN_POINT('',(6.49818990933096,6.23404763011142));
#9339=CARTESIAN_POINT('',(6.49707216084061,6.24271313032927));
#9340=CARTESIAN_POINT('',(6.49557891211163,6.25131380627961));
#9341=CARTESIAN_POINT('',(6.49404325663589,6.2601587326886));
#9342=CARTESIAN_POINT('',(6.49211047042917,6.2689351006625));
#9343=CARTESIAN_POINT('',(6.4897880826551,6.27760713337759));
#9344=CARTESIAN_POINT('',(6.48740851715024,6.28649267356869));
#9345=CARTESIAN_POINT('',(6.4846199297551,6.29526867774054));
#9346=CARTESIAN_POINT('',(6.48143414321993,6.30389813776039));
#9347=CARTESIAN_POINT('',(6.47818286662118,6.31270499318299));
#9348=CARTESIAN_POINT('',(6.47451789262271,6.32135921752329));
#9349=CARTESIAN_POINT('',(6.47045532058744,6.32982264658356));
#9350=CARTESIAN_POINT('',(6.46632674040267,6.33842358835394));
#9351=CARTESIAN_POINT('',(6.46178753697403,6.34682748444111));
#9352=CARTESIAN_POINT('',(6.45685834393299,6.35499610044137));
#9353=CARTESIAN_POINT('',(6.4518712746766,6.36326062840423));
#9354=CARTESIAN_POINT('',(6.44648500390143,6.37128431875233));
#9355=CARTESIAN_POINT('',(6.44072459928088,6.37902979445074));
#9356=CARTESIAN_POINT('',(6.43492332609508,6.38683022227489));
#9357=CARTESIAN_POINT('',(6.42874259146807,6.39434847372488));
#9358=CARTESIAN_POINT('',(6.42221158192969,6.40154903337977));
#9359=CARTESIAN_POINT('',(6.41566509068231,6.40876666190719));
#9360=CARTESIAN_POINT('',(6.40876666190719,6.41566509068231));
#9361=CARTESIAN_POINT('',(6.40154903337977,6.4222115819297));
#9362=CARTESIAN_POINT('',(6.39434847372488,6.42874259146808));
#9363=CARTESIAN_POINT('',(6.3868302222749,6.4349233260951));
#9364=CARTESIAN_POINT('',(6.37902979445076,6.44072459928089));
#9365=CARTESIAN_POINT('',(6.37128431875234,6.44648500390143));
#9366=CARTESIAN_POINT('',(6.36326062840423,6.4518712746766));
#9367=CARTESIAN_POINT('',(6.35499610044136,6.45685834393299));
#9368=CARTESIAN_POINT('',(6.3468274844411,6.46178753697403));
#9369=CARTESIAN_POINT('',(6.33842358835395,6.46632674040268));
#9370=CARTESIAN_POINT('',(6.32982264658357,6.47045532058745));
#9371=CARTESIAN_POINT('',(6.32135921752331,6.47451789262272));
#9372=CARTESIAN_POINT('',(6.31270499318299,6.47818286662119));
#9373=CARTESIAN_POINT('',(6.30389813776039,6.48143414321995));
#9374=CARTESIAN_POINT('',(6.29526867774054,6.48461992975511));
#9375=CARTESIAN_POINT('',(6.28649267356869,6.48740851715026));
#9376=CARTESIAN_POINT('',(6.27760713337759,6.48978808265513));
#9377=CARTESIAN_POINT('',(6.26893510066251,6.4921104704292));
#9378=CARTESIAN_POINT('',(6.26015873268862,6.49404325663592));
#9379=CARTESIAN_POINT('',(6.25131380627964,6.49557891211166));
#9380=CARTESIAN_POINT('',(6.24271313032929,6.49707216084065));
#9381=CARTESIAN_POINT('',(6.23404763011144,6.498189909331));
#9382=CARTESIAN_POINT('',(6.22534882013895,6.49892714382869));
#9383=CARTESIAN_POINT('',(6.21691863774417,6.49964161181948));
#9384=CARTESIAN_POINT('',(6.20845717110366,6.4999987042193));
#9385=CARTESIAN_POINT('',(6.2,6.5));
#9386=CARTESIAN_POINT('',(2.95024887449594,3.32994059105343,1.82408420103545));
#9387=CARTESIAN_POINT('',(-2.94975112550409,3.32994059105343,1.82408420103545));
#9388=CARTESIAN_POINT('',(6.2,6.5));
#9389=CARTESIAN_POINT('',(0.29999999999999,6.5));
#9390=CARTESIAN_POINT('',(-2.94975112550409,3.32994059105343,1.82408420103545));
#9391=CARTESIAN_POINT('',(-3.24975112550406,3.32994059105342,1.82408420103535));
#9392=CARTESIAN_POINT('',(-3.24975112550407,3.02994059105342,1.82408420103545));
#9393=CARTESIAN_POINT('',(0.29999999999999,6.5));
#9394=CARTESIAN_POINT('',(0.29154282889634,6.49999870421929));
#9395=CARTESIAN_POINT('',(0.283081362255841,6.49964161181946));
#9396=CARTESIAN_POINT('',(0.27465117986108,6.49892714382867));
#9397=CARTESIAN_POINT('',(0.265952369888579,6.49818990933097));
#9398=CARTESIAN_POINT('',(0.257286869670726,6.49707216084062));
#9399=CARTESIAN_POINT('',(0.248686193720378,6.49557891211163));
#9400=CARTESIAN_POINT('',(0.23984126731139,6.49404325663589));
#9401=CARTESIAN_POINT('',(0.231064899337498,6.49211047042918));
#9402=CARTESIAN_POINT('',(0.222392866622415,6.4897880826551));
#9403=CARTESIAN_POINT('',(0.213507326431328,6.48740851715023));
#9404=CARTESIAN_POINT('',(0.20473132225949,6.48461992975508));
#9405=CARTESIAN_POINT('',(0.196101862239639,6.48143414321992));
#9406=CARTESIAN_POINT('',(0.18729500681704,6.47818286662116));
#9407=CARTESIAN_POINT('',(0.178640782476718,6.47451789262271));
#9408=CARTESIAN_POINT('',(0.170177353416452,6.47045532058743));
#9409=CARTESIAN_POINT('',(0.161576411646074,6.46632674040266));
#9410=CARTESIAN_POINT('',(0.153172515558925,6.46178753697401));
#9411=CARTESIAN_POINT('',(0.145003899558669,6.45685834393296));
#9412=CARTESIAN_POINT('',(0.136739371595803,6.45187127467658));
#9413=CARTESIAN_POINT('',(0.128715681247686,6.44648500390142));
#9414=CARTESIAN_POINT('',(0.120970205549266,6.44072459928087));
#9415=CARTESIAN_POINT('',(0.113169777725121,6.43492332609508));
#9416=CARTESIAN_POINT('',(0.105651526275144,6.42874259146807));
#9417=CARTESIAN_POINT('',(0.0984509666202576,6.42221158192969));
#9418=CARTESIAN_POINT('',(0.0912333380928395,6.41566509068229));
#9419=CARTESIAN_POINT('',(0.0843349093177199,6.40876666190717));
#9420=CARTESIAN_POINT('',(0.077788418070327,6.40154903337975));
#9421=CARTESIAN_POINT('',(0.0712574085319473,6.39434847372487));
#9422=CARTESIAN_POINT('',(0.0650766739049291,6.38683022227489));
#9423=CARTESIAN_POINT('',(0.0592754007191376,6.37902979445075));
#9424=CARTESIAN_POINT('',(0.0535149960985902,6.37128431875233));
#9425=CARTESIAN_POINT('',(0.0481287253234251,6.36326062840421));
#9426=CARTESIAN_POINT('',(0.0431416560670419,6.35499610044134));
#9427=CARTESIAN_POINT('',(0.0382124630259994,6.34682748444109));
#9428=CARTESIAN_POINT('',(0.0336732595973534,6.33842358835394));
#9429=CARTESIAN_POINT('',(0.0295446794125861,6.32982264658356));
#9430=CARTESIAN_POINT('',(0.0254821073773047,6.32135921752329));
#9431=CARTESIAN_POINT('',(0.0218171333788333,6.31270499318297));
#9432=CARTESIAN_POINT('',(0.0185658567800757,6.30389813776037));
#9433=CARTESIAN_POINT('',(0.0153800702449124,6.29526867774052));
#9434=CARTESIAN_POINT('',(0.0125914828497625,6.28649267356868));
#9435=CARTESIAN_POINT('',(0.0102119173449,6.27760713337759));
#9436=CARTESIAN_POINT('',(0.00788952957082312,6.2689351006625));
#9437=CARTESIAN_POINT('',(0.00595674336410591,6.26015873268861));
#9438=CARTESIAN_POINT('',(0.0044210878883672,6.25131380627962));
#9439=CARTESIAN_POINT('',(0.00292783915938061,6.24271313032928));
#9440=CARTESIAN_POINT('',(0.0018100906690363,6.23404763011143));
#9441=CARTESIAN_POINT('',(0.00107285617133698,6.22534882013893));
#9442=CARTESIAN_POINT('',(0.000358388180546258,6.21691863774416));
#9443=CARTESIAN_POINT('',(1.29578071731127E-6,6.20845717110365));
#9444=CARTESIAN_POINT('',(0.,6.19999999999999));
#9445=CARTESIAN_POINT('',(1.90024887449593,0.079940591053427,1.82408420103545));
#9446=CARTESIAN_POINT('',(1.90024887449593,-1.82005940894658,1.82408420103545));
#9447=CARTESIAN_POINT('',(0.000248874495926988,-1.82005940894657,1.82408420103545));
#9448=CARTESIAN_POINT('',(-1.89975112550407,-1.82005940894658,1.82408420103545));
#9449=CARTESIAN_POINT('',(-1.89975112550407,0.079940591053427,1.82408420103545));
#9450=CARTESIAN_POINT('',(5.15,3.25000000000001));
#9451=CARTESIAN_POINT('',(5.15,1.34999999999999));
#9452=CARTESIAN_POINT('',(3.25,1.35));
#9453=CARTESIAN_POINT('',(1.34999999999999,1.34999999999999));
#9454=CARTESIAN_POINT('',(1.35,3.25));
#9455=CARTESIAN_POINT('',(-1.89975112550407,0.079940591053427,1.82408420103545));
#9456=CARTESIAN_POINT('',(-1.89975112550407,1.97994059105342,1.82408420103545));
#9457=CARTESIAN_POINT('',(0.000248874495926988,1.97994059105343,1.82408420103545));
#9458=CARTESIAN_POINT('',(1.90024887449593,1.97994059105342,1.82408420103545));
#9459=CARTESIAN_POINT('',(1.90024887449593,0.079940591053427,1.82408420103545));
#9460=CARTESIAN_POINT('',(1.35,3.25));
#9461=CARTESIAN_POINT('',(1.34999999999999,5.15));
#9462=CARTESIAN_POINT('',(3.25,5.15));
#9463=CARTESIAN_POINT('',(5.15,5.15));
#9464=CARTESIAN_POINT('',(5.15,3.25000000000001));
#9465=CARTESIAN_POINT('',(-1.89975112550407,0.079940591053427,1.41141666625578));
#9466=CARTESIAN_POINT('',(-1.89975112550407,1.97994059105342,1.41141666625577));
#9467=CARTESIAN_POINT('',(0.000248874495926988,1.97994059105343,1.41141666625578));
#9468=CARTESIAN_POINT('',(1.90024887449593,1.97994059105342,1.41141666625577));
#9469=CARTESIAN_POINT('',(1.90024887449593,0.079940591053427,1.41141666625578));
#9470=CARTESIAN_POINT('',(0.,5.96902604182061));
#9471=CARTESIAN_POINT('',(0.,0.));
#9472=CARTESIAN_POINT('',(1.90024887449593,0.079940591053427,1.41141666625578));
#9473=CARTESIAN_POINT('',(1.90024887449593,0.079940591053427,1.82408420103545));
#9474=CARTESIAN_POINT('',(0.,0.));
#9475=CARTESIAN_POINT('',(0.412667534779679,0.));
#9476=CARTESIAN_POINT('',(0.412667534779679,5.96902604182061));
#9477=CARTESIAN_POINT('',(0.412667534779679,0.));
#9478=CARTESIAN_POINT('',(-1.89975112550407,0.079940591053427,1.82408420103545));
#9479=CARTESIAN_POINT('',(-1.89975112550407,0.079940591053427,1.41141666625578));
#9480=CARTESIAN_POINT('',(0.412667534779679,5.96902604182061));
#9481=CARTESIAN_POINT('',(0.,5.96902604182061));
#9482=CARTESIAN_POINT('',(-3.24975112550407,3.02994059105342,1.41141666625578));
#9483=CARTESIAN_POINT('',(-3.24975112550409,3.32994059105342,1.41141666625566));
#9484=CARTESIAN_POINT('',(-2.94975112550409,3.32994059105343,1.41141666625577));
#9485=CARTESIAN_POINT('',(6.19999999999998,0.));
#9486=CARTESIAN_POINT('',(6.20845717110364,1.29578071730251E-6));
#9487=CARTESIAN_POINT('',(6.21691863774415,0.000358388180546708));
#9488=CARTESIAN_POINT('',(6.22534882013892,0.00107285617133819));
#9489=CARTESIAN_POINT('',(6.23404763011142,0.00181009066903786));
#9490=CARTESIAN_POINT('',(6.24271313032927,0.00292783915938239));
#9491=CARTESIAN_POINT('',(6.25131380627962,0.00442108788836961));
#9492=CARTESIAN_POINT('',(6.2601587326886,0.00595674336410943));
#9493=CARTESIAN_POINT('',(6.2689351006625,0.00788952957082844));
#9494=CARTESIAN_POINT('',(6.27760713337758,0.0102119173449036));
#9495=CARTESIAN_POINT('',(6.28649267356867,0.0125914828497641));
#9496=CARTESIAN_POINT('',(6.29526867774052,0.0153800702449082));
#9497=CARTESIAN_POINT('',(6.30389813776037,0.018565856780071));
#9498=CARTESIAN_POINT('',(6.31270499318297,0.0218171333788287));
#9499=CARTESIAN_POINT('',(6.32135921752329,0.0254821073773058));
#9500=CARTESIAN_POINT('',(6.32982264658356,0.0295446794125891));
#9501=CARTESIAN_POINT('',(6.33842358835393,0.0336732595973554));
#9502=CARTESIAN_POINT('',(6.34682748444108,0.038212463025996));
#9503=CARTESIAN_POINT('',(6.35499610044133,0.0431416560670371));
#9504=CARTESIAN_POINT('',(6.3632606284042,0.0481287253234224));
#9505=CARTESIAN_POINT('',(6.37128431875231,0.0535149960985943));
#9506=CARTESIAN_POINT('',(6.37902979445074,0.0592754007191402));
#9507=CARTESIAN_POINT('',(6.38683022227488,0.0650766739049299));
#9508=CARTESIAN_POINT('',(6.39434847372487,0.0712574085319377));
#9509=CARTESIAN_POINT('',(6.40154903337976,0.0777884180703137));
#9510=CARTESIAN_POINT('',(6.40876666190718,0.0843349093177038));
#9511=CARTESIAN_POINT('',(6.4156650906823,0.0912333380928275));
#9512=CARTESIAN_POINT('',(6.4222115819297,0.0984509666202507));
#9513=CARTESIAN_POINT('',(6.42874259146807,0.10565152627514));
#9514=CARTESIAN_POINT('',(6.43492332609508,0.11316977772512));
#9515=CARTESIAN_POINT('',(6.44072459928087,0.120970205549266));
#9516=CARTESIAN_POINT('',(6.44648500390141,0.128715681247686));
#9517=CARTESIAN_POINT('',(6.45187127467657,0.136739371595798));
#9518=CARTESIAN_POINT('',(6.45685834393295,0.145003899558662));
#9519=CARTESIAN_POINT('',(6.461787536974,0.153172515558917));
#9520=CARTESIAN_POINT('',(6.46632674040265,0.161576411646068));
#9521=CARTESIAN_POINT('',(6.47045532058742,0.170177353416443));
#9522=CARTESIAN_POINT('',(6.4745178926227,0.178640782476715));
#9523=CARTESIAN_POINT('',(6.47818286662117,0.187295006817039));
#9524=CARTESIAN_POINT('',(6.48143414321992,0.196101862239646));
#9525=CARTESIAN_POINT('',(6.48461992975508,0.204731322259498));
#9526=CARTESIAN_POINT('',(6.48740851715023,0.213507326431341));
#9527=CARTESIAN_POINT('',(6.4897880826551,0.222392866622429));
#9528=CARTESIAN_POINT('',(6.49211047042918,0.231064899337512));
#9529=CARTESIAN_POINT('',(6.49404325663591,0.2398412673114));
#9530=CARTESIAN_POINT('',(6.49557891211165,0.248686193720386));
#9531=CARTESIAN_POINT('',(6.49707216084064,0.257286869670728));
#9532=CARTESIAN_POINT('',(6.49818990933098,0.265952369888577));
#9533=CARTESIAN_POINT('',(6.49892714382867,0.274651179861073));
#9534=CARTESIAN_POINT('',(6.49964161181946,0.283081362255835));
#9535=CARTESIAN_POINT('',(6.49999870421928,0.291542828896333));
#9536=CARTESIAN_POINT('',(6.5,0.299999999999986));
#9537=CARTESIAN_POINT('',(-2.94975112550409,3.32994059105343,1.41141666625577));
#9538=CARTESIAN_POINT('',(2.95024887449594,3.32994059105343,1.41141666625577));
#9539=CARTESIAN_POINT('',(6.5,0.299999999999986));
#9540=CARTESIAN_POINT('',(6.5,6.2));
#9541=CARTESIAN_POINT('',(2.95024887449594,3.32994059105343,1.41141666625577));
#9542=CARTESIAN_POINT('',(3.25024887449596,3.32994059105344,1.41141666625615));
#9543=CARTESIAN_POINT('',(3.25024887449592,3.02994059105344,1.41141666625577));
#9544=CARTESIAN_POINT('',(6.5,6.2));
#9545=CARTESIAN_POINT('',(6.4999987042193,6.20845717110367));
#9546=CARTESIAN_POINT('',(6.49964161181948,6.21691863774418));
#9547=CARTESIAN_POINT('',(6.4989271438287,6.22534882013896));
#9548=CARTESIAN_POINT('',(6.49818990933101,6.23404763011145));
#9549=CARTESIAN_POINT('',(6.49707216084067,6.2427131303293));
#9550=CARTESIAN_POINT('',(6.49557891211168,6.25131380627964));
#9551=CARTESIAN_POINT('',(6.49404325663594,6.26015873268863));
#9552=CARTESIAN_POINT('',(6.49211047042921,6.26893510066252));
#9553=CARTESIAN_POINT('',(6.48978808265513,6.2776071333776));
#9554=CARTESIAN_POINT('',(6.48740851715026,6.28649267356869));
#9555=CARTESIAN_POINT('',(6.48461992975512,6.29526867774054));
#9556=CARTESIAN_POINT('',(6.48143414321995,6.30389813776039));
#9557=CARTESIAN_POINT('',(6.4781828666212,6.31270499318299));
#9558=CARTESIAN_POINT('',(6.47451789262273,6.32135921752331));
#9559=CARTESIAN_POINT('',(6.47045532058745,6.32982264658358));
#9560=CARTESIAN_POINT('',(6.46632674040268,6.33842358835395));
#9561=CARTESIAN_POINT('',(6.46178753697403,6.34682748444111));
#9562=CARTESIAN_POINT('',(6.45685834393298,6.35499610044136));
#9563=CARTESIAN_POINT('',(6.45187127467659,6.36326062840423));
#9564=CARTESIAN_POINT('',(6.44648500390142,6.37128431875233));
#9565=CARTESIAN_POINT('',(6.44072459928088,6.37902979445075));
#9566=CARTESIAN_POINT('',(6.43492332609509,6.3868302222749));
#9567=CARTESIAN_POINT('',(6.42874259146809,6.39434847372489));
#9568=CARTESIAN_POINT('',(6.42221158192971,6.40154903337977));
#9569=CARTESIAN_POINT('',(6.41566509068232,6.4087666619072));
#9570=CARTESIAN_POINT('',(6.40876666190719,6.41566509068231));
#9571=CARTESIAN_POINT('',(6.40154903337977,6.4222115819297));
#9572=CARTESIAN_POINT('',(6.39434847372488,6.42874259146808));
#9573=CARTESIAN_POINT('',(6.3868302222749,6.43492332609509));
#9574=CARTESIAN_POINT('',(6.37902979445076,6.44072459928088));
#9575=CARTESIAN_POINT('',(6.37128431875233,6.44648500390143));
#9576=CARTESIAN_POINT('',(6.36326062840421,6.45187127467659));
#9577=CARTESIAN_POINT('',(6.35499610044134,6.45685834393298));
#9578=CARTESIAN_POINT('',(6.34682748444108,6.46178753697402));
#9579=CARTESIAN_POINT('',(6.33842358835393,6.46632674040267));
#9580=CARTESIAN_POINT('',(6.32982264658356,6.47045532058744));
#9581=CARTESIAN_POINT('',(6.32135921752329,6.47451789262272));
#9582=CARTESIAN_POINT('',(6.31270499318298,6.47818286662118));
#9583=CARTESIAN_POINT('',(6.30389813776038,6.48143414321993));
#9584=CARTESIAN_POINT('',(6.29526867774052,6.48461992975509));
#9585=CARTESIAN_POINT('',(6.28649267356868,6.48740851715023));
#9586=CARTESIAN_POINT('',(6.27760713337759,6.48978808265509));
#9587=CARTESIAN_POINT('',(6.2689351006625,6.49211047042917));
#9588=CARTESIAN_POINT('',(6.26015873268861,6.4940432566359));
#9589=CARTESIAN_POINT('',(6.25131380627962,6.49557891211164));
#9590=CARTESIAN_POINT('',(6.24271313032928,6.49707216084063));
#9591=CARTESIAN_POINT('',(6.23404763011142,6.49818990933097));
#9592=CARTESIAN_POINT('',(6.22534882013893,6.49892714382866));
#9593=CARTESIAN_POINT('',(6.21691863774416,6.49964161181945));
#9594=CARTESIAN_POINT('',(6.20845717110366,6.49999870421928));
#9595=CARTESIAN_POINT('',(6.20000000000001,6.5));
#9596=CARTESIAN_POINT('',(3.25024887449592,3.02994059105344,1.41141666625577));
#9597=CARTESIAN_POINT('',(3.25024887449593,-2.87005940894659,1.41141666625578));
#9598=CARTESIAN_POINT('',(6.20000000000001,6.5));
#9599=CARTESIAN_POINT('',(0.299999999999986,6.5));
#9600=CARTESIAN_POINT('',(3.25024887449593,-2.87005940894659,1.41141666625578));
#9601=CARTESIAN_POINT('',(3.25024887449593,-3.17005940894659,1.4114166662555));
#9602=CARTESIAN_POINT('',(2.95024887449592,-3.17005940894657,1.41141666625578));
#9603=CARTESIAN_POINT('',(0.299999999999986,6.5));
#9604=CARTESIAN_POINT('',(0.291542828896338,6.49999870421929));
#9605=CARTESIAN_POINT('',(0.283081362255844,6.49964161181947));
#9606=CARTESIAN_POINT('',(0.274651179861087,6.49892714382868));
#9607=CARTESIAN_POINT('',(0.265952369888582,6.49818990933098));
#9608=CARTESIAN_POINT('',(0.257286869670724,6.49707216084063));
#9609=CARTESIAN_POINT('',(0.248686193720373,6.49557891211164));
#9610=CARTESIAN_POINT('',(0.239841267311387,6.4940432566359));
#9611=CARTESIAN_POINT('',(0.231064899337498,6.49211047042917));
#9612=CARTESIAN_POINT('',(0.222392866622415,6.4897880826551));
#9613=CARTESIAN_POINT('',(0.213507326431329,6.48740851715024));
#9614=CARTESIAN_POINT('',(0.204731322259489,6.48461992975509));
#9615=CARTESIAN_POINT('',(0.196101862239641,6.48143414321993));
#9616=CARTESIAN_POINT('',(0.187295006817034,6.47818286662118));
#9617=CARTESIAN_POINT('',(0.178640782476711,6.47451789262271));
#9618=CARTESIAN_POINT('',(0.170177353416439,6.47045532058742));
#9619=CARTESIAN_POINT('',(0.161576411646067,6.46632674040266));
#9620=CARTESIAN_POINT('',(0.153172515558918,6.46178753697401));
#9621=CARTESIAN_POINT('',(0.145003899558668,6.45685834393297));
#9622=CARTESIAN_POINT('',(0.136739371595804,6.45187127467658));
#9623=CARTESIAN_POINT('',(0.128715681247696,6.44648500390141));
#9624=CARTESIAN_POINT('',(0.120970205549276,6.44072459928087));
#9625=CARTESIAN_POINT('',(0.113169777725129,6.43492332609508));
#9626=CARTESIAN_POINT('',(0.105651526275143,6.42874259146807));
#9627=CARTESIAN_POINT('',(0.0984509666202519,6.42221158192969));
#9628=CARTESIAN_POINT('',(0.091233338092831,6.4156650906823));
#9629=CARTESIAN_POINT('',(0.0843349093177127,6.40876666190717));
#9630=CARTESIAN_POINT('',(0.0777884180703226,6.40154903337975));
#9631=CARTESIAN_POINT('',(0.0712574085319494,6.39434847372486));
#9632=CARTESIAN_POINT('',(0.0650766739049388,6.38683022227489));
#9633=CARTESIAN_POINT('',(0.0592754007191494,6.37902979445075));
#9634=CARTESIAN_POINT('',(0.0535149960986,6.37128431875233));
#9635=CARTESIAN_POINT('',(0.048128725323428,6.36326062840422));
#9636=CARTESIAN_POINT('',(0.0431416560670403,6.35499610044135));
#9637=CARTESIAN_POINT('',(0.0382124630259917,6.34682748444109));
#9638=CARTESIAN_POINT('',(0.0336732595973421,6.33842358835393));
#9639=CARTESIAN_POINT('',(0.0295446794125769,6.32982264658355));
#9640=CARTESIAN_POINT('',(0.0254821073773036,6.32135921752329));
#9641=CARTESIAN_POINT('',(0.0218171333788446,6.31270499318298));
#9642=CARTESIAN_POINT('',(0.0185658567800927,6.30389813776038));
#9643=CARTESIAN_POINT('',(0.0153800702449309,6.29526867774053));
#9644=CARTESIAN_POINT('',(0.0125914828497772,6.28649267356868));
#9645=CARTESIAN_POINT('',(0.0102119173449093,6.27760713337759));
#9646=CARTESIAN_POINT('',(0.00788952957082834,6.26893510066251));
#9647=CARTESIAN_POINT('',(0.00595674336410508,6.26015873268862));
#9648=CARTESIAN_POINT('',(0.00442108788836604,6.25131380627963));
#9649=CARTESIAN_POINT('',(0.00292783915937898,6.24271313032929));
#9650=CARTESIAN_POINT('',(0.00181009066903968,6.23404763011144));
#9651=CARTESIAN_POINT('',(0.00107285617134151,6.22534882013894));
#9652=CARTESIAN_POINT('',(0.000358388180551236,6.21691863774416));
#9653=CARTESIAN_POINT('',(1.29578071978974E-6,6.20845717110365));
#9654=CARTESIAN_POINT('',(0.,6.19999999999999));
#9655=CARTESIAN_POINT('',(2.95024887449592,-3.17005940894657,1.41141666625578));
#9656=CARTESIAN_POINT('',(-2.94975112550408,-3.17005940894657,1.41141666625577));
#9657=CARTESIAN_POINT('',(0.,6.19999999999999));
#9658=CARTESIAN_POINT('',(0.,0.299999999999997));
#9659=CARTESIAN_POINT('',(-2.94975112550408,-3.17005940894657,1.41141666625577));
#9660=CARTESIAN_POINT('',(-3.24975112550407,-3.17005940894658,1.4114166662557));
#9661=CARTESIAN_POINT('',(-3.24975112550407,-2.87005940894658,1.41141666625577));
#9662=CARTESIAN_POINT('',(0.,0.299999999999997));
#9663=CARTESIAN_POINT('',(1.29578074154402E-6,0.291542828896348));
#9664=CARTESIAN_POINT('',(0.000358388180588022,0.283081362255853));
#9665=CARTESIAN_POINT('',(0.00107285617138436,0.274651179861094));
#9666=CARTESIAN_POINT('',(0.00181009066909006,0.265952369888598));
#9667=CARTESIAN_POINT('',(0.00292783915942867,0.257286869670748));
#9668=CARTESIAN_POINT('',(0.00442108788841354,0.248686193720405));
#9669=CARTESIAN_POINT('',(0.00595674336415132,0.239841267311415));
#9670=CARTESIAN_POINT('',(0.00788952957087226,0.231064899337521));
#9671=CARTESIAN_POINT('',(0.0102119173449468,0.222392866622433));
#9672=CARTESIAN_POINT('',(0.0125914828498071,0.213507326431339));
#9673=CARTESIAN_POINT('',(0.0153800702449485,0.204731322259489));
#9674=CARTESIAN_POINT('',(0.0185658567801135,0.196101862239635));
#9675=CARTESIAN_POINT('',(0.0218171333788689,0.18729500681704));
#9676=CARTESIAN_POINT('',(0.0254821073773477,0.178640782476732));
#9677=CARTESIAN_POINT('',(0.0295446794126248,0.170177353416469));
#9678=CARTESIAN_POINT('',(0.0336732595973936,0.161576411646087));
#9679=CARTESIAN_POINT('',(0.0382124630260303,0.153172515558923));
#9680=CARTESIAN_POINT('',(0.0431416560670774,0.145003899558664));
#9681=CARTESIAN_POINT('',(0.04812872532346,0.1367393715958));
#9682=CARTESIAN_POINT('',(0.053514996098638,0.128715681247699));
#9683=CARTESIAN_POINT('',(0.0592754007191834,0.120970205549282));
#9684=CARTESIAN_POINT('',(0.0650766739049768,0.113169777725136));
#9685=CARTESIAN_POINT('',(0.0712574085319823,0.105651526275148));
#9686=CARTESIAN_POINT('',(0.0777884180703607,0.098450966620258));
#9687=CARTESIAN_POINT('',(0.084334909317751,0.0912333380928383));
#9688=CARTESIAN_POINT('',(0.0912333380928793,0.0843349093177246));
#9689=CARTESIAN_POINT('',(0.0984509666203004,0.0777884180703345));
#9690=CARTESIAN_POINT('',(0.105651526275188,0.07125740853196));
#9691=CARTESIAN_POINT('',(0.113169777725159,0.0650766739049436));
#9692=CARTESIAN_POINT('',(0.120970205549298,0.0592754007191513));
#9693=CARTESIAN_POINT('',(0.128715681247718,0.0535149960985993));
#9694=CARTESIAN_POINT('',(0.136739371595832,0.0481287253234276));
#9695=CARTESIAN_POINT('',(0.145003899558701,0.0431416560670395));
#9696=CARTESIAN_POINT('',(0.153172515558957,0.0382124630259923));
#9697=CARTESIAN_POINT('',(0.161576411646111,0.0336732595973433));
#9698=CARTESIAN_POINT('',(0.170177353416489,0.0295446794125769));
#9699=CARTESIAN_POINT('',(0.178640782476757,0.0254821073772981));
#9700=CARTESIAN_POINT('',(0.187295006817078,0.0218171333788327));
#9701=CARTESIAN_POINT('',(0.196101862239681,0.0185658567800826));
#9702=CARTESIAN_POINT('',(0.204731322259534,0.0153800702449261));
#9703=CARTESIAN_POINT('',(0.213507326431379,0.0125914828497847));
#9704=CARTESIAN_POINT('',(0.222392866622468,0.0102119173449194));
#9705=CARTESIAN_POINT('',(0.231064899337555,0.00788952957083893));
#9706=CARTESIAN_POINT('',(0.239841267311447,0.0059567433641076));
#9707=CARTESIAN_POINT('',(0.248686193720437,0.0044210878883659));
#9708=CARTESIAN_POINT('',(0.25728686967078,0.00292783915937716));
#9709=CARTESIAN_POINT('',(0.265952369888631,0.00181009066904086));
#9710=CARTESIAN_POINT('',(0.274651179861129,0.00107285617134344));
#9711=CARTESIAN_POINT('',(0.283081362255874,0.000358388180556529));
#9712=CARTESIAN_POINT('',(0.291542828896354,1.29578072370183E-6));
#9713=CARTESIAN_POINT('',(0.299999999999985,0.));
#9714=CARTESIAN_POINT('',(6.19999999999998,0.));
#9715=CARTESIAN_POINT('',(0.299999999999985,0.));
#9716=CARTESIAN_POINT('',(3.25,1.35));
#9717=CARTESIAN_POINT('',(5.15,1.34999999999999));
#9718=CARTESIAN_POINT('',(5.15,3.25));
#9719=CARTESIAN_POINT('',(5.15,5.15));
#9720=CARTESIAN_POINT('',(3.25,5.15));
#9721=CARTESIAN_POINT('',(-1.89975112550407,0.079940591053427,1.41141666625578));
#9722=CARTESIAN_POINT('',(-1.89975112550407,-1.82005940894658,1.41141666625577));
#9723=CARTESIAN_POINT('',(0.000248874495926988,-1.82005940894657,1.41141666625578));
#9724=CARTESIAN_POINT('',(1.90024887449593,-1.82005940894658,1.41141666625577));
#9725=CARTESIAN_POINT('',(1.90024887449593,0.079940591053427,1.41141666625578));
#9726=CARTESIAN_POINT('',(3.25,1.35));
#9727=CARTESIAN_POINT('',(1.34999999999999,1.34999999999999));
#9728=CARTESIAN_POINT('',(1.35,3.25));
#9729=CARTESIAN_POINT('',(1.34999999999999,5.15));
#9730=CARTESIAN_POINT('',(3.25,5.15));
#9731=CARTESIAN_POINT('',(-2.94975112550408,-3.17005940894657,1.41141666625577));
#9732=CARTESIAN_POINT('',(-2.94975112550407,-3.17005940894657,1.82408420103545));
#9733=CARTESIAN_POINT('',(4.44089209850063E-16,0.));
#9734=CARTESIAN_POINT('',(0.412667534779679,0.));
#9735=CARTESIAN_POINT('',(0.412667534779679,0.471238898038634));
#9736=CARTESIAN_POINT('',(0.412667534779679,0.));
#9737=CARTESIAN_POINT('',(4.44089209850063E-16,0.471238898038634));
#9738=CARTESIAN_POINT('',(0.412667534779679,0.471238898038634));
#9739=CARTESIAN_POINT('',(4.44089209850063E-16,0.));
#9740=CARTESIAN_POINT('',(4.44089209850063E-16,0.471238898038634));
#9741=CARTESIAN_POINT('',(3.25024887449593,-2.87005940894659,1.82408420103545));
#9742=CARTESIAN_POINT('',(3.25024887449593,-2.87005940894659,1.41141666625578));
#9743=CARTESIAN_POINT('',(6.79999999999999,1.8));
#9744=CARTESIAN_POINT('',(6.79999999999999,1.66244415507344));
#9745=CARTESIAN_POINT('',(6.79999999999999,1.52488831014688));
#9746=CARTESIAN_POINT('',(6.79999999999999,1.38733246522032));
#9747=CARTESIAN_POINT('',(12.7,1.38733246522032));
#9748=CARTESIAN_POINT('',(6.79999999999999,1.38733246522032));
#9749=CARTESIAN_POINT('',(3.25024887449592,3.02994059105344,1.41141666625577));
#9750=CARTESIAN_POINT('',(3.25024887449593,3.02994059105344,1.82408420103545));
#9751=CARTESIAN_POINT('',(12.7,1.38733246522032));
#9752=CARTESIAN_POINT('',(12.7,1.52488831014688));
#9753=CARTESIAN_POINT('',(12.7,1.66244415507344));
#9754=CARTESIAN_POINT('',(12.7,1.8));
#9755=CARTESIAN_POINT('',(6.79999999999999,1.8));
#9756=CARTESIAN_POINT('',(12.7,1.8));
#9757=CARTESIAN_POINT('',(2.95024887449594,3.32994059105343,1.82408420103545));
#9758=CARTESIAN_POINT('',(2.95024887449594,3.32994059105343,1.41141666625577));
#9759=CARTESIAN_POINT('',(13.3,1.8));
#9760=CARTESIAN_POINT('',(13.3,1.66244415507344));
#9761=CARTESIAN_POINT('',(13.3,1.52488831014688));
#9762=CARTESIAN_POINT('',(13.3,1.38733246522032));
#9763=CARTESIAN_POINT('',(19.2,1.38733246522032));
#9764=CARTESIAN_POINT('',(13.3,1.38733246522032));
#9765=CARTESIAN_POINT('',(-2.94975112550409,3.32994059105343,1.41141666625577));
#9766=CARTESIAN_POINT('',(-2.94975112550409,3.32994059105343,1.82408420103545));
#9767=CARTESIAN_POINT('',(19.2,1.38733246522032));
#9768=CARTESIAN_POINT('',(19.2,1.52488831014688));
#9769=CARTESIAN_POINT('',(19.2,1.66244415507344));
#9770=CARTESIAN_POINT('',(19.2,1.8));
#9771=CARTESIAN_POINT('',(13.3,1.8));
#9772=CARTESIAN_POINT('',(19.2,1.8));
#9773=CARTESIAN_POINT('',(0.300000000000003,1.8));
#9774=CARTESIAN_POINT('',(6.2,1.8));
#9775=CARTESIAN_POINT('',(0.299999999999992,1.38733246522032));
#9776=CARTESIAN_POINT('',(0.299999999999994,1.52488831014688));
#9777=CARTESIAN_POINT('',(0.299999999999998,1.66244415507344));
#9778=CARTESIAN_POINT('',(0.300000000000003,1.8));
#9779=CARTESIAN_POINT('',(6.2,1.38733246522032));
#9780=CARTESIAN_POINT('',(0.299999999999992,1.38733246522032));
#9781=CARTESIAN_POINT('',(2.95024887449592,-3.17005940894657,1.41141666625578));
#9782=CARTESIAN_POINT('',(2.95024887449594,-3.17005940894657,1.82408420103545));
#9783=CARTESIAN_POINT('',(6.2,1.38733246522032));
#9784=CARTESIAN_POINT('',(6.2,1.52488831014688));
#9785=CARTESIAN_POINT('',(6.2,1.66244415507344));
#9786=CARTESIAN_POINT('',(6.2,1.8));
#9787=CARTESIAN_POINT('',(0.41266753477968,0.));
#9788=CARTESIAN_POINT('',(-4.44089209850063E-16,0.));
#9789=CARTESIAN_POINT('',(0.41266753477968,0.471238898038603));
#9790=CARTESIAN_POINT('',(0.41266753477968,0.));
#9791=CARTESIAN_POINT('',(-4.44089209850063E-16,0.471238898038603));
#9792=CARTESIAN_POINT('',(0.41266753477968,0.471238898038603));
#9793=CARTESIAN_POINT('',(-4.44089209850063E-16,0.));
#9794=CARTESIAN_POINT('',(-4.44089209850063E-16,0.471238898038603));
#9795=CARTESIAN_POINT('',(0.412667534779683,0.));
#9796=CARTESIAN_POINT('',(-4.96565847860539E-16,0.));
#9797=CARTESIAN_POINT('',(0.412667534779683,0.471238898038614));
#9798=CARTESIAN_POINT('',(0.412667534779683,0.));
#9799=CARTESIAN_POINT('',(-4.96565847860539E-16,0.471238898038614));
#9800=CARTESIAN_POINT('',(0.412667534779683,0.471238898038614));
#9801=CARTESIAN_POINT('',(-4.96565847860539E-16,0.));
#9802=CARTESIAN_POINT('',(-4.96565847860539E-16,0.471238898038614));
#9803=CARTESIAN_POINT('',(0.41266753477968,0.));
#9804=CARTESIAN_POINT('',(0.,0.));
#9805=CARTESIAN_POINT('',(0.41266753477968,0.471238898038577));
#9806=CARTESIAN_POINT('',(0.41266753477968,0.));
#9807=CARTESIAN_POINT('',(0.,0.471238898038577));
#9808=CARTESIAN_POINT('',(0.41266753477968,0.471238898038577));
#9809=CARTESIAN_POINT('',(0.,0.));
#9810=CARTESIAN_POINT('',(0.,0.471238898038577));
#9811=CARTESIAN_POINT('',(0.412667534779679,5.96902604182061));
#9812=CARTESIAN_POINT('',(0.,5.96902604182061));
#9813=CARTESIAN_POINT('',(0.412667534779679,11.9380520836412));
#9814=CARTESIAN_POINT('',(0.412667534779679,5.96902604182061));
#9815=CARTESIAN_POINT('',(0.,11.9380520836412));
#9816=CARTESIAN_POINT('',(0.412667534779679,11.9380520836412));
#9817=CARTESIAN_POINT('',(0.,5.96902604182061));
#9818=CARTESIAN_POINT('',(0.,11.9380520836412));
#9819=CARTESIAN_POINT('',(3.25024887449593,-3.17005940894657,1.41141666625578));
#9820=CARTESIAN_POINT('',(3.25024887449593,-3.17005940894657,0.0240842010354579));
#9821=CARTESIAN_POINT('',(-3.24975112550407,-3.17005940894657,1.41141666625578));
#9822=CARTESIAN_POINT('',(-3.24975112550407,-3.17005940894657,0.0240842010354579));
#9823=CARTESIAN_POINT('',(-3.24975112550407,-3.17005940894657,1.41141666625578));
#9824=CARTESIAN_POINT('',(-3.24975112550407,3.32994059105343,1.41141666625578));
#9825=CARTESIAN_POINT('',(3.25024887449593,-3.17005940894657,1.41141666625578));
#9826=CARTESIAN_POINT('',(3.25024887449593,3.32994059105343,1.41141666625578));
#9827=CARTESIAN_POINT('',(-3.24975112550407,-3.17005940894657,0.0240842010354579));
#9828=CARTESIAN_POINT('',(3.25024887449593,-3.17005940894657,0.0240842010354579));
#9829=CARTESIAN_POINT('',(-3.24975112550407,3.32994059105343,0.0240842010354579));
#9830=CARTESIAN_POINT('',(3.25024887449593,3.32994059105343,0.0240842010354579));
#9831=CARTESIAN_POINT('',(-3.24975112550407,-2.8700594089466,1.71141666625578));
#9832=CARTESIAN_POINT('',(-3.24975112550413,-3.17005940894661,1.71141666625514));
#9833=CARTESIAN_POINT('',(-2.94975112550412,-3.17005940894662,1.71141666625577));
#9834=CARTESIAN_POINT('',(-3.24975112550407,-2.87005940894659,-0.275915798964539));
#9835=CARTESIAN_POINT('',(-3.24975112550411,-3.1700594089466,-0.275915798965182));
#9836=CARTESIAN_POINT('',(-2.9497511255041,-3.17005940894662,-0.275915798964543));
#9837=CARTESIAN_POINT('',(-3.24975112550407,3.32994059105343,1.41141666625578));
#9838=CARTESIAN_POINT('',(-3.24975112550407,3.32994059105343,0.0240842010354579));
#9839=CARTESIAN_POINT('',(3.25024887449593,3.32994059105343,1.41141666625578));
#9840=CARTESIAN_POINT('',(3.25024887449593,3.32994059105343,0.0240842010354579));
#9841=CARTESIAN_POINT('',(3.25024887449593,3.32994059105343,1.41141666625578));
#9842=CARTESIAN_POINT('',(3.25024887449593,3.32994059105343,0.0240842010354579));
#9843=CARTESIAN_POINT('',(3.25024887449593,-3.17005940894657,1.41141666625578));
#9844=CARTESIAN_POINT('',(3.25024887449593,-3.17005940894657,0.0240842010354579));
#9845=CARTESIAN_POINT('',(-3.24975112550407,-3.17005940894657,1.41141666625578));
#9846=CARTESIAN_POINT('',(-3.24975112550407,-3.17005940894657,0.0240842010354579));
#9847=CARTESIAN_POINT('',(-3.24975112550407,3.32994059105343,1.41141666625578));
#9848=CARTESIAN_POINT('',(-3.24975112550407,3.32994059105343,0.0240842010354579));
#9849=CARTESIAN_POINT('',(-3.24975112550409,3.02994059105347,-0.275915798964543));
#9850=CARTESIAN_POINT('',(-3.24975112550404,3.32994059105344,-0.27591579896418));
#9851=CARTESIAN_POINT('',(-2.94975112550406,3.32994059105344,-0.27591579896455));
#9852=CARTESIAN_POINT('',(-3.24975112550409,3.02994059105346,1.71141666625578));
#9853=CARTESIAN_POINT('',(-3.24975112550405,3.32994059105344,1.71141666625614));
#9854=CARTESIAN_POINT('',(-2.94975112550405,3.32994059105344,1.71141666625577));
#9855=CARTESIAN_POINT('',(2.95024887449594,3.3299405910534,-0.275915798964543));
#9856=CARTESIAN_POINT('',(3.25024887449592,3.3299405910534,-0.275915798963549));
#9857=CARTESIAN_POINT('',(3.25024887449591,3.02994059105342,-0.275915798964546));
#9858=CARTESIAN_POINT('',(2.95024887449594,3.3299405910534,1.71141666625578));
#9859=CARTESIAN_POINT('',(3.25024887449593,3.32994059105338,1.71141666625678));
#9860=CARTESIAN_POINT('',(3.25024887449592,3.02994059105339,1.71141666625578));
#9861=CARTESIAN_POINT('',(3.25024887449592,-2.87005940894658,-0.275915798964545));
#9862=CARTESIAN_POINT('',(3.25024887449593,-3.17005940894659,-0.275915798964309));
#9863=CARTESIAN_POINT('',(2.95024887449593,-3.17005940894659,-0.275915798964541));
#9864=CARTESIAN_POINT('',(3.25024887449591,-2.87005940894658,1.71141666625578));
#9865=CARTESIAN_POINT('',(3.25024887449592,-3.17005940894659,1.71141666625601));
#9866=CARTESIAN_POINT('',(2.95024887449593,-3.17005940894659,1.71141666625578));
#9867=CARTESIAN_POINT('',(-3.24975112550407,-2.8700594089466,1.41141666625577));
#9868=CARTESIAN_POINT('',(-3.24975112550407,-2.87005940894659,0.0240842010354597));
#9869=CARTESIAN_POINT('',(-2.94975112550409,-3.1700594089466,1.41141666625577));
#9870=CARTESIAN_POINT('',(-2.94975112550409,-3.17005940894659,0.0240842010354597));
#9871=CARTESIAN_POINT('',(2.95024887449594,3.32994059105341,1.41141666625578));
#9872=CARTESIAN_POINT('',(-2.94975112550408,3.32994059105343,1.41141666625577));
#9873=CARTESIAN_POINT('',(2.95024887449593,3.32994059105341,0.0240842010354579));
#9874=CARTESIAN_POINT('',(-2.94975112550408,3.32994059105343,0.0240842010354562));
#9875=CARTESIAN_POINT('',(3.25024887449592,-2.87005940894658,1.41141666625577));
#9876=CARTESIAN_POINT('',(3.25024887449593,3.02994059105342,1.41141666625577));
#9877=CARTESIAN_POINT('',(3.25024887449592,-2.87005940894658,0.0240842010354579));
#9878=CARTESIAN_POINT('',(3.25024887449593,3.02994059105342,0.0240842010354562));
#9879=CARTESIAN_POINT('',(2.95024887449593,-3.17005940894657,1.41141666625578));
#9880=CARTESIAN_POINT('',(2.95024887449593,-3.17005940894657,0.0240842010354597));
#9881=CARTESIAN_POINT('',(-3.24975112550408,3.02994059105344,1.41141666625578));
#9882=CARTESIAN_POINT('',(-3.24975112550408,3.02994059105344,0.0240842010354597));
#9883=CARTESIAN_POINT('',(2.95024887449593,-3.17005940894657,0.0240842010354597));
#9884=CARTESIAN_POINT('',(2.95024887449593,-3.17005940894657,1.41141666625578));
#9885=CARTESIAN_POINT('',(19.8,1.38733246522032));
#9886=CARTESIAN_POINT('',(19.8,0.924888310146878));
#9887=CARTESIAN_POINT('',(19.8,0.46244415507344));
#9888=CARTESIAN_POINT('',(19.8,0.));
#9889=CARTESIAN_POINT('',(2.95024887449593,-3.17005940894657,1.41141666625578));
#9890=CARTESIAN_POINT('',(-2.94975112550409,-3.1700594089466,1.41141666625577));
#9891=CARTESIAN_POINT('',(19.8,0.));
#9892=CARTESIAN_POINT('',(25.7,0.));
#9893=CARTESIAN_POINT('',(-2.94975112550409,-3.1700594089466,1.41141666625577));
#9894=CARTESIAN_POINT('',(-2.94975112550409,-3.17005940894659,0.0240842010354597));
#9895=CARTESIAN_POINT('',(25.7,0.));
#9896=CARTESIAN_POINT('',(25.7,0.462444155073439));
#9897=CARTESIAN_POINT('',(25.7,0.924888310146879));
#9898=CARTESIAN_POINT('',(25.7,1.38733246522032));
#9899=CARTESIAN_POINT('',(-2.94975112550409,-3.17005940894659,0.0240842010354597));
#9900=CARTESIAN_POINT('',(2.95024887449593,-3.17005940894657,0.0240842010354597));
#9901=CARTESIAN_POINT('',(25.7,1.38733246522032));
#9902=CARTESIAN_POINT('',(19.8,1.38733246522032));
#9903=CARTESIAN_POINT('',(2.95024887449593,-3.17005940894657,1.41141666625578));
#9904=CARTESIAN_POINT('',(3.25024887449592,-3.17005940894658,1.41141666625601));
#9905=CARTESIAN_POINT('',(3.25024887449592,-2.87005940894658,1.41141666625577));
#9906=CARTESIAN_POINT('',(6.2,0.));
#9907=CARTESIAN_POINT('',(6.20845717110365,1.29578071177204E-6));
#9908=CARTESIAN_POINT('',(6.21691863774415,0.00035838818053573));
#9909=CARTESIAN_POINT('',(6.22534882013891,0.00107285617132483));
#9910=CARTESIAN_POINT('',(6.23404763011141,0.00181009066902333));
#9911=CARTESIAN_POINT('',(6.24271313032926,0.00292783915937127));
#9912=CARTESIAN_POINT('',(6.25131380627961,0.00442108788835711));
#9913=CARTESIAN_POINT('',(6.2601587326886,0.00595674336409483));
#9914=CARTESIAN_POINT('',(6.26893510066249,0.00788952957080629));
#9915=CARTESIAN_POINT('',(6.27760713337757,0.0102119173448849));
#9916=CARTESIAN_POINT('',(6.28649267356866,0.0125914828497497));
#9917=CARTESIAN_POINT('',(6.2952686777405,0.0153800702449098));
#9918=CARTESIAN_POINT('',(6.30389813776036,0.0185658567800744));
#9919=CARTESIAN_POINT('',(6.31270499318296,0.0218171333788306));
#9920=CARTESIAN_POINT('',(6.32135921752327,0.0254821073772905));
#9921=CARTESIAN_POINT('',(6.32982264658354,0.0295446794125668));
#9922=CARTESIAN_POINT('',(6.33842358835392,0.0336732595973341));
#9923=CARTESIAN_POINT('',(6.34682748444107,0.0382124630259877));
#9924=CARTESIAN_POINT('',(6.35499610044133,0.0431416560670358));
#9925=CARTESIAN_POINT('',(6.3632606284042,0.0481287253234213));
#9926=CARTESIAN_POINT('',(6.37128431875231,0.0535149960985861));
#9927=CARTESIAN_POINT('',(6.37902979445073,0.0592754007191305));
#9928=CARTESIAN_POINT('',(6.38683022227488,0.065076673904917));
#9929=CARTESIAN_POINT('',(6.39434847372485,0.071257408531927));
#9930=CARTESIAN_POINT('',(6.40154903337973,0.0777884180703026));
#9931=CARTESIAN_POINT('',(6.40876666190715,0.0843349093176945));
#9932=CARTESIAN_POINT('',(6.41566509068227,0.0912333380928176));
#9933=CARTESIAN_POINT('',(6.42221158192966,0.0984509666202381));
#9934=CARTESIAN_POINT('',(6.42874259146805,0.10565152627513));
#9935=CARTESIAN_POINT('',(6.43492332609506,0.113169777725112));
#9936=CARTESIAN_POINT('',(6.44072459928085,0.12097020554926));
#9937=CARTESIAN_POINT('',(6.4464850039014,0.128715681247681));
#9938=CARTESIAN_POINT('',(6.45187127467656,0.136739371595796));
#9939=CARTESIAN_POINT('',(6.45685834393295,0.145003899558663));
#9940=CARTESIAN_POINT('',(6.461787536974,0.153172515558923));
#9941=CARTESIAN_POINT('',(6.46632674040265,0.161576411646079));
#9942=CARTESIAN_POINT('',(6.47045532058742,0.17017735341646));
#9943=CARTESIAN_POINT('',(6.4745178926227,0.17864078247672));
#9944=CARTESIAN_POINT('',(6.47818286662116,0.187295006817032));
#9945=CARTESIAN_POINT('',(6.48143414321991,0.196101862239625));
#9946=CARTESIAN_POINT('',(6.48461992975507,0.20473132225948));
#9947=CARTESIAN_POINT('',(6.48740851715022,0.213507326431324));
#9948=CARTESIAN_POINT('',(6.48978808265508,0.222392866622415));
#9949=CARTESIAN_POINT('',(6.49211047042916,0.231064899337499));
#9950=CARTESIAN_POINT('',(6.49404325663588,0.23984126731139));
#9951=CARTESIAN_POINT('',(6.49557891211162,0.248686193720379));
#9952=CARTESIAN_POINT('',(6.4970721608406,0.257286869670724));
#9953=CARTESIAN_POINT('',(6.49818990933095,0.265952369888574));
#9954=CARTESIAN_POINT('',(6.49892714382865,0.274651179861073));
#9955=CARTESIAN_POINT('',(6.49964161181944,0.283081362255837));
#9956=CARTESIAN_POINT('',(6.49999870421928,0.291542828896337));
#9957=CARTESIAN_POINT('',(6.5,0.29999999999999));
#9958=CARTESIAN_POINT('',(3.25024887449592,-2.87005940894658,1.41141666625577));
#9959=CARTESIAN_POINT('',(3.25024887449593,3.02994059105342,1.41141666625577));
#9960=CARTESIAN_POINT('',(6.5,0.29999999999999));
#9961=CARTESIAN_POINT('',(6.5,6.2));
#9962=CARTESIAN_POINT('',(3.25024887449593,3.02994059105342,1.41141666625577));
#9963=CARTESIAN_POINT('',(3.25024887449594,3.3299405910534,1.41141666625679));
#9964=CARTESIAN_POINT('',(2.95024887449594,3.32994059105341,1.41141666625578));
#9965=CARTESIAN_POINT('',(6.5,6.2));
#9966=CARTESIAN_POINT('',(6.49999870421929,6.20845717110364));
#9967=CARTESIAN_POINT('',(6.49964161181946,6.21691863774412));
#9968=CARTESIAN_POINT('',(6.49892714382867,6.22534882013887));
#9969=CARTESIAN_POINT('',(6.49818990933097,6.23404763011137));
#9970=CARTESIAN_POINT('',(6.49707216084062,6.24271313032923));
#9971=CARTESIAN_POINT('',(6.49557891211163,6.25131380627957));
#9972=CARTESIAN_POINT('',(6.49404325663589,6.26015873268856));
#9973=CARTESIAN_POINT('',(6.49211047042917,6.26893510066245));
#9974=CARTESIAN_POINT('',(6.48978808265508,6.27760713337753));
#9975=CARTESIAN_POINT('',(6.48740851715022,6.28649267356862));
#9976=CARTESIAN_POINT('',(6.48461992975506,6.29526867774046));
#9977=CARTESIAN_POINT('',(6.4814341432199,6.30389813776032));
#9978=CARTESIAN_POINT('',(6.47818286662115,6.31270499318292));
#9979=CARTESIAN_POINT('',(6.47451789262269,6.32135921752324));
#9980=CARTESIAN_POINT('',(6.47045532058742,6.32982264658351));
#9981=CARTESIAN_POINT('',(6.46632674040266,6.33842358835389));
#9982=CARTESIAN_POINT('',(6.46178753697402,6.34682748444105));
#9983=CARTESIAN_POINT('',(6.45685834393297,6.3549961004413));
#9984=CARTESIAN_POINT('',(6.45187127467658,6.36326062840416));
#9985=CARTESIAN_POINT('',(6.4464850039014,6.37128431875226));
#9986=CARTESIAN_POINT('',(6.44072459928086,6.37902979445068));
#9987=CARTESIAN_POINT('',(6.43492332609507,6.38683022227483));
#9988=CARTESIAN_POINT('',(6.42874259146807,6.39434847372483));
#9989=CARTESIAN_POINT('',(6.42221158192969,6.40154903337973));
#9990=CARTESIAN_POINT('',(6.4156650906823,6.40876666190715));
#9991=CARTESIAN_POINT('',(6.40876666190717,6.41566509068226));
#9992=CARTESIAN_POINT('',(6.40154903337974,6.42221158192964));
#9993=CARTESIAN_POINT('',(6.39434847372485,6.42874259146802));
#9994=CARTESIAN_POINT('',(6.38683022227488,6.43492332609503));
#9995=CARTESIAN_POINT('',(6.37902979445074,6.44072459928082));
#9996=CARTESIAN_POINT('',(6.37128431875232,6.44648500390137));
#9997=CARTESIAN_POINT('',(6.36326062840421,6.45187127467653));
#9998=CARTESIAN_POINT('',(6.35499610044134,6.45685834393292));
#9999=CARTESIAN_POINT('',(6.34682748444108,6.46178753697397));
#10000=CARTESIAN_POINT('',(6.33842358835393,6.46632674040261));
#10001=CARTESIAN_POINT('',(6.32982264658355,6.47045532058738));
#10002=CARTESIAN_POINT('',(6.32135921752329,6.47451789262266));
#10003=CARTESIAN_POINT('',(6.31270499318298,6.47818286662112));
#10004=CARTESIAN_POINT('',(6.30389813776038,6.48143414321988));
#10005=CARTESIAN_POINT('',(6.29526867774053,6.48461992975504));
#10006=CARTESIAN_POINT('',(6.28649267356868,6.4874085171502));
#10007=CARTESIAN_POINT('',(6.27760713337759,6.48978808265507));
#10008=CARTESIAN_POINT('',(6.26893510066251,6.49211047042915));
#10009=CARTESIAN_POINT('',(6.26015873268862,6.49404325663587));
#10010=CARTESIAN_POINT('',(6.25131380627964,6.49557891211161));
#10011=CARTESIAN_POINT('',(6.24271313032929,6.4970721608406));
#10012=CARTESIAN_POINT('',(6.23404763011143,6.49818990933093));
#10013=CARTESIAN_POINT('',(6.22534882013893,6.49892714382864));
#10014=CARTESIAN_POINT('',(6.21691863774416,6.49964161181943));
#10015=CARTESIAN_POINT('',(6.20845717110366,6.49999870421927));
#10016=CARTESIAN_POINT('',(6.2,6.5));
#10017=CARTESIAN_POINT('',(2.95024887449594,3.32994059105341,1.41141666625578));
#10018=CARTESIAN_POINT('',(-2.94975112550408,3.32994059105343,1.41141666625577));
#10019=CARTESIAN_POINT('',(6.2,6.5));
#10020=CARTESIAN_POINT('',(0.29999999999999,6.5));
#10021=CARTESIAN_POINT('',(-2.94975112550408,3.32994059105343,1.41141666625577));
#10022=CARTESIAN_POINT('',(-3.24975112550404,3.32994059105344,1.41141666625615));
#10023=CARTESIAN_POINT('',(-3.24975112550408,3.02994059105344,1.41141666625578));
#10024=CARTESIAN_POINT('',(0.29999999999999,6.5));
#10025=CARTESIAN_POINT('',(0.291542828896348,6.49999870421929));
#10026=CARTESIAN_POINT('',(0.283081362255859,6.49964161181946));
#10027=CARTESIAN_POINT('',(0.274651179861105,6.49892714382868));
#10028=CARTESIAN_POINT('',(0.265952369888603,6.49818990933098));
#10029=CARTESIAN_POINT('',(0.257286869670748,6.49707216084064));
#10030=CARTESIAN_POINT('',(0.248686193720401,6.49557891211165));
#10031=CARTESIAN_POINT('',(0.239841267311414,6.49404325663591));
#10032=CARTESIAN_POINT('',(0.231064899337525,6.49211047042919));
#10033=CARTESIAN_POINT('',(0.222392866622443,6.48978808265511));
#10034=CARTESIAN_POINT('',(0.21350732643135,6.48740851715024));
#10035=CARTESIAN_POINT('',(0.204731322259503,6.48461992975509));
#10036=CARTESIAN_POINT('',(0.196101862239647,6.48143414321992));
#10037=CARTESIAN_POINT('',(0.187295006817047,6.47818286662117));
#10038=CARTESIAN_POINT('',(0.178640782476729,6.4745178926227));
#10039=CARTESIAN_POINT('',(0.170177353416463,6.47045532058742));
#10040=CARTESIAN_POINT('',(0.161576411646087,6.46632674040266));
#10041=CARTESIAN_POINT('',(0.153172515558935,6.46178753697401));
#10042=CARTESIAN_POINT('',(0.145003899558678,6.45685834393296));
#10043=CARTESIAN_POINT('',(0.136739371595809,6.45187127467657));
#10044=CARTESIAN_POINT('',(0.128715681247693,6.44648500390141));
#10045=CARTESIAN_POINT('',(0.12097020554927,6.44072459928086));
#10046=CARTESIAN_POINT('',(0.113169777725127,6.43492332609508));
#10047=CARTESIAN_POINT('',(0.10565152627515,6.42874259146807));
#10048=CARTESIAN_POINT('',(0.0984509666202603,6.42221158192969));
#10049=CARTESIAN_POINT('',(0.0912333380928389,6.4156650906823));
#10050=CARTESIAN_POINT('',(0.0843349093177131,6.40876666190719));
#10051=CARTESIAN_POINT('',(0.0777884180703232,6.40154903337977));
#10052=CARTESIAN_POINT('',(0.0712574085319489,6.39434847372489));
#10053=CARTESIAN_POINT('',(0.065076673904945,6.3868302222749));
#10054=CARTESIAN_POINT('',(0.0592754007191571,6.37902979445077));
#10055=CARTESIAN_POINT('',(0.0535149960986075,6.37128431875234));
#10056=CARTESIAN_POINT('',(0.0481287253234307,6.36326062840423));
#10057=CARTESIAN_POINT('',(0.0431416560670403,6.35499610044136));
#10058=CARTESIAN_POINT('',(0.0382124630259919,6.3468274844411));
#10059=CARTESIAN_POINT('',(0.0336732595973444,6.33842358835395));
#10060=CARTESIAN_POINT('',(0.0295446794125763,6.32982264658357));
#10061=CARTESIAN_POINT('',(0.0254821073772974,6.32135921752331));
#10062=CARTESIAN_POINT('',(0.0218171333788286,6.31270499318299));
#10063=CARTESIAN_POINT('',(0.018565856780076,6.30389813776039));
#10064=CARTESIAN_POINT('',(0.0153800702449163,6.29526867774054));
#10065=CARTESIAN_POINT('',(0.0125914828497727,6.2864926735687));
#10066=CARTESIAN_POINT('',(0.0102119173449061,6.27760713337761));
#10067=CARTESIAN_POINT('',(0.00788952957082342,6.26893510066252));
#10068=CARTESIAN_POINT('',(0.00595674336409123,6.26015873268863));
#10069=CARTESIAN_POINT('',(0.00442108788834689,6.25131380627964));
#10070=CARTESIAN_POINT('',(0.00292783915935596,6.24271313032929));
#10071=CARTESIAN_POINT('',(0.00181009066901557,6.23404763011144));
#10072=CARTESIAN_POINT('',(0.00107285617132061,6.22534882013894));
#10073=CARTESIAN_POINT('',(0.000358388180533876,6.21691863774417));
#10074=CARTESIAN_POINT('',(1.2957807095742E-6,6.20845717110366));
#10075=CARTESIAN_POINT('',(0.,6.2));
#10076=CARTESIAN_POINT('',(-3.24975112550408,3.02994059105344,1.41141666625578));
#10077=CARTESIAN_POINT('',(-3.24975112550407,-2.8700594089466,1.41141666625577));
#10078=CARTESIAN_POINT('',(0.,6.2));
#10079=CARTESIAN_POINT('',(0.,0.299999999999983));
#10080=CARTESIAN_POINT('',(-3.24975112550407,-2.8700594089466,1.41141666625577));
#10081=CARTESIAN_POINT('',(-3.24975112550413,-3.17005940894663,1.41141666625512));
#10082=CARTESIAN_POINT('',(-2.94975112550409,-3.1700594089466,1.41141666625577));
#10083=CARTESIAN_POINT('',(0.,0.299999999999983));
#10084=CARTESIAN_POINT('',(1.2957807139281E-6,0.291542828896328));
#10085=CARTESIAN_POINT('',(0.000358388180540131,0.283081362255825));
#10086=CARTESIAN_POINT('',(0.00107285617132814,0.274651179861059));
#10087=CARTESIAN_POINT('',(0.00181009066902505,0.265952369888558));
#10088=CARTESIAN_POINT('',(0.00292783915936737,0.257286869670705));
#10089=CARTESIAN_POINT('',(0.0044210878883544,0.248686193720359));
#10090=CARTESIAN_POINT('',(0.00595674336409359,0.239841267311369));
#10091=CARTESIAN_POINT('',(0.00788952957081386,0.231064899337476));
#10092=CARTESIAN_POINT('',(0.0102119173448923,0.222392866622389));
#10093=CARTESIAN_POINT('',(0.0125914828497555,0.213507326431301));
#10094=CARTESIAN_POINT('',(0.0153800702449042,0.20473132225946));
#10095=CARTESIAN_POINT('',(0.0185658567800636,0.196101862239609));
#10096=CARTESIAN_POINT('',(0.0218171333788154,0.187295006817011));
#10097=CARTESIAN_POINT('',(0.0254821073772777,0.178640782476696));
#10098=CARTESIAN_POINT('',(0.0295446794125512,0.170177353416431));
#10099=CARTESIAN_POINT('',(0.0336732595973153,0.161576411646049));
#10100=CARTESIAN_POINT('',(0.0382124630259604,0.153172515558891));
#10101=CARTESIAN_POINT('',(0.0431416560670109,0.145003899558636));
#10102=CARTESIAN_POINT('',(0.0481287253233991,0.136739371595772));
#10103=CARTESIAN_POINT('',(0.0535149960985777,0.128715681247669));
#10104=CARTESIAN_POINT('',(0.0592754007191239,0.120970205549249));
#10105=CARTESIAN_POINT('',(0.0650766739049161,0.113169777725104));
#10106=CARTESIAN_POINT('',(0.0712574085319202,0.105651526275116));
#10107=CARTESIAN_POINT('',(0.077788418070294,0.0984509666202216));
#10108=CARTESIAN_POINT('',(0.0843349093176795,0.0912333380927978));
#10109=CARTESIAN_POINT('',(0.0912333380927997,0.0843349093176762));
#10110=CARTESIAN_POINT('',(0.0984509666202209,0.0777884180702879));
#10111=CARTESIAN_POINT('',(0.105651526275112,0.0712574085319123));
#10112=CARTESIAN_POINT('',(0.113169777725095,0.0650766739049048));
#10113=CARTESIAN_POINT('',(0.120970205549237,0.0592754007191104));
#10114=CARTESIAN_POINT('',(0.128715681247658,0.0535149960985583));
#10115=CARTESIAN_POINT('',(0.136739371595766,0.0481287253233754));
#10116=CARTESIAN_POINT('',(0.145003899558636,0.0431416560669903));
#10117=CARTESIAN_POINT('',(0.153172515558894,0.0382124630259456));
#10118=CARTESIAN_POINT('',(0.161576411646058,0.0336732595973129));
#10119=CARTESIAN_POINT('',(0.170177353416437,0.029544679412543));
#10120=CARTESIAN_POINT('',(0.178640782476699,0.0254821073772641));
#10121=CARTESIAN_POINT('',(0.187295006817003,0.0218171333787787));
#10122=CARTESIAN_POINT('',(0.196101862239599,0.018565856780027));
#10123=CARTESIAN_POINT('',(0.204731322259451,0.0153800702448664));
#10124=CARTESIAN_POINT('',(0.213507326431302,0.0125914828497392));
#10125=CARTESIAN_POINT('',(0.222392866622394,0.0102119173448778));
#10126=CARTESIAN_POINT('',(0.231064899337483,0.00788952957080136));
#10127=CARTESIAN_POINT('',(0.239841267311373,0.00595674336406427));
#10128=CARTESIAN_POINT('',(0.248686193720363,0.00442108788831681));
#10129=CARTESIAN_POINT('',(0.257286869670705,0.00292783915932254));
#10130=CARTESIAN_POINT('',(0.265952369888556,0.00181009066898065));
#10131=CARTESIAN_POINT('',(0.274651179861054,0.00107285617129047));
#10132=CARTESIAN_POINT('',(0.283081362255827,0.000358388180508265));
#10133=CARTESIAN_POINT('',(0.291542828896337,1.29578069450343E-6));
#10134=CARTESIAN_POINT('',(0.299999999999997,0.));
#10135=CARTESIAN_POINT('',(6.2,0.));
#10136=CARTESIAN_POINT('',(0.299999999999997,0.));
#10137=CARTESIAN_POINT('',(0.,0.299999999999997));
#10138=CARTESIAN_POINT('',(0.,6.2));
#10139=CARTESIAN_POINT('',(-2.94975112550409,-3.17005940894659,0.0240842010354597));
#10140=CARTESIAN_POINT('',(-3.24975112550412,-3.17005940894659,0.024084201034807));
#10141=CARTESIAN_POINT('',(-3.24975112550407,-2.87005940894659,0.0240842010354597));
#10142=CARTESIAN_POINT('',(0.,0.299999999999997));
#10143=CARTESIAN_POINT('',(1.29578069422429E-6,0.291542828896337));
#10144=CARTESIAN_POINT('',(0.000358388180507881,0.283081362255828));
#10145=CARTESIAN_POINT('',(0.00107285617128965,0.274651179861055));
#10146=CARTESIAN_POINT('',(0.00181009066897937,0.265952369888557));
#10147=CARTESIAN_POINT('',(0.00292783915932045,0.257286869670706));
#10148=CARTESIAN_POINT('',(0.00442108788831517,0.248686193720364));
#10149=CARTESIAN_POINT('',(0.00595674336406189,0.239841267311381));
#10150=CARTESIAN_POINT('',(0.00788952957079897,0.231064899337498));
#10151=CARTESIAN_POINT('',(0.0102119173448753,0.222392866622417));
#10152=CARTESIAN_POINT('',(0.0125914828497397,0.213507326431321));
#10153=CARTESIAN_POINT('',(0.0153800702448709,0.204731322259466));
#10154=CARTESIAN_POINT('',(0.0185658567800332,0.196101862239609));
#10155=CARTESIAN_POINT('',(0.0218171333787857,0.187295006817012));
#10156=CARTESIAN_POINT('',(0.0254821073772694,0.178640782476704));
#10157=CARTESIAN_POINT('',(0.0295446794125508,0.170177353416441));
#10158=CARTESIAN_POINT('',(0.0336732595973228,0.161576411646062));
#10159=CARTESIAN_POINT('',(0.0382124630259619,0.1531725155589));
#10160=CARTESIAN_POINT('',(0.0431416560670081,0.145003899558642));
#10161=CARTESIAN_POINT('',(0.0481287253233915,0.136739371595776));
#10162=CARTESIAN_POINT('',(0.0535149960985671,0.12871568124767));
#10163=CARTESIAN_POINT('',(0.0592754007191146,0.120970205549252));
#10164=CARTESIAN_POINT('',(0.0650766739049072,0.113169777725109));
#10165=CARTESIAN_POINT('',(0.0712574085319158,0.105651526275126));
#10166=CARTESIAN_POINT('',(0.0777884180702927,0.0984509666202378));
#10167=CARTESIAN_POINT('',(0.084334909317681,0.09123333809282));
#10168=CARTESIAN_POINT('',(0.0912333380928026,0.0843349093177041));
#10169=CARTESIAN_POINT('',(0.0984509666202189,0.077788418070313));
#10170=CARTESIAN_POINT('',(0.105651526275108,0.0712574085319318));
#10171=CARTESIAN_POINT('',(0.113169777725083,0.0650766739049105));
#10172=CARTESIAN_POINT('',(0.120970205549231,0.0592754007191213));
#10173=CARTESIAN_POINT('',(0.128715681247656,0.0535149960985749));
#10174=CARTESIAN_POINT('',(0.136739371595781,0.0481287253234164));
#10175=CARTESIAN_POINT('',(0.145003899558654,0.0431416560670315));
#10176=CARTESIAN_POINT('',(0.153172515558909,0.0382124630259902));
#10177=CARTESIAN_POINT('',(0.161576411646056,0.0336732595973369));
#10178=CARTESIAN_POINT('',(0.170177353416427,0.029544679412566));
#10179=CARTESIAN_POINT('',(0.178640782476693,0.0254821073772811));
#10180=CARTESIAN_POINT('',(0.187295006817011,0.0218171333788096));
#10181=CARTESIAN_POINT('',(0.196101862239613,0.0185658567800565));
#10182=CARTESIAN_POINT('',(0.204731322259468,0.0153800702448961));
#10183=CARTESIAN_POINT('',(0.213507326431316,0.0125914828497539));
#10184=CARTESIAN_POINT('',(0.222392866622409,0.0102119173448923));
#10185=CARTESIAN_POINT('',(0.231064899337494,0.00788952957081702));
#10186=CARTESIAN_POINT('',(0.239841267311385,0.00595674336409473));
#10187=CARTESIAN_POINT('',(0.248686193720373,0.00442108788835439));
#10188=CARTESIAN_POINT('',(0.257286869670712,0.00292783915936716));
#10189=CARTESIAN_POINT('',(0.265952369888558,0.00181009066902499));
#10190=CARTESIAN_POINT('',(0.274651179861051,0.00107285617132814));
#10191=CARTESIAN_POINT('',(0.283081362255825,0.00035838818053897));
#10192=CARTESIAN_POINT('',(0.291542828896335,1.29578071272E-6));
#10193=CARTESIAN_POINT('',(0.299999999999997,0.));
#10194=CARTESIAN_POINT('',(-3.24975112550407,-2.87005940894659,0.0240842010354597));
#10195=CARTESIAN_POINT('',(-3.24975112550408,3.02994059105344,0.0240842010354597));
#10196=CARTESIAN_POINT('',(0.299999999999997,0.));
#10197=CARTESIAN_POINT('',(6.20000000000001,0.));
#10198=CARTESIAN_POINT('',(-3.24975112550408,3.02994059105344,0.0240842010354597));
#10199=CARTESIAN_POINT('',(-3.24975112550404,3.32994059105345,0.0240842010358295));
#10200=CARTESIAN_POINT('',(-2.94975112550408,3.32994059105343,0.0240842010354562));
#10201=CARTESIAN_POINT('',(6.20000000000001,0.));
#10202=CARTESIAN_POINT('',(6.20845717110367,1.29578070747571E-6));
#10203=CARTESIAN_POINT('',(6.21691863774419,0.000358388180530669));
#10204=CARTESIAN_POINT('',(6.22534882013896,0.00107285617132061));
#10205=CARTESIAN_POINT('',(6.23404763011145,0.00181009066901787));
#10206=CARTESIAN_POINT('',(6.2427131303293,0.00292783915936412));
#10207=CARTESIAN_POINT('',(6.25131380627963,0.004421087888354));
#10208=CARTESIAN_POINT('',(6.26015873268863,0.00595674336409884));
#10209=CARTESIAN_POINT('',(6.26893510066253,0.00788952957082505));
#10210=CARTESIAN_POINT('',(6.27760713337762,0.0102119173449056));
#10211=CARTESIAN_POINT('',(6.28649267356871,0.0125914828497694));
#10212=CARTESIAN_POINT('',(6.29526867774055,0.0153800702449141));
#10213=CARTESIAN_POINT('',(6.3038981377604,0.0185658567800756));
#10214=CARTESIAN_POINT('',(6.312704993183,0.0218171333788304));
#10215=CARTESIAN_POINT('',(6.32135921752331,0.0254821073773022));
#10216=CARTESIAN_POINT('',(6.32982264658358,0.029544679412583));
#10217=CARTESIAN_POINT('',(6.33842358835395,0.0336732595973526));
#10218=CARTESIAN_POINT('',(6.34682748444111,0.0382124630260005));
#10219=CARTESIAN_POINT('',(6.35499610044137,0.0431416560670465));
#10220=CARTESIAN_POINT('',(6.36326062840423,0.0481287253234303));
#10221=CARTESIAN_POINT('',(6.37128431875234,0.0535149960985972));
#10222=CARTESIAN_POINT('',(6.37902979445076,0.0592754007191414));
#10223=CARTESIAN_POINT('',(6.3868302222749,0.0650766739049328));
#10224=CARTESIAN_POINT('',(6.39434847372489,0.0712574085319461));
#10225=CARTESIAN_POINT('',(6.40154903337978,0.0777884180703233));
#10226=CARTESIAN_POINT('',(6.4087666619072,0.0843349093177121));
#10227=CARTESIAN_POINT('',(6.41566509068233,0.0912333380928299));
#10228=CARTESIAN_POINT('',(6.42221158192971,0.0984509666202532));
#10229=CARTESIAN_POINT('',(6.42874259146809,0.105651526275147));
#10230=CARTESIAN_POINT('',(6.43492332609509,0.113169777725137));
#10231=CARTESIAN_POINT('',(6.44072459928088,0.120970205549286));
#10232=CARTESIAN_POINT('',(6.44648500390142,0.128715681247709));
#10233=CARTESIAN_POINT('',(6.45187127467659,0.136739371595818));
#10234=CARTESIAN_POINT('',(6.45685834393298,0.145003899558684));
#10235=CARTESIAN_POINT('',(6.46178753697403,0.153172515558943));
#10236=CARTESIAN_POINT('',(6.46632674040268,0.161576411646101));
#10237=CARTESIAN_POINT('',(6.47045532058744,0.170177353416482));
#10238=CARTESIAN_POINT('',(6.47451789262272,0.178640782476741));
#10239=CARTESIAN_POINT('',(6.47818286662118,0.187295006817049));
#10240=CARTESIAN_POINT('',(6.48143414321993,0.196101862239641));
#10241=CARTESIAN_POINT('',(6.4846199297551,0.204731322259497));
#10242=CARTESIAN_POINT('',(6.48740851715024,0.213507326431345));
#10243=CARTESIAN_POINT('',(6.48978808265511,0.222392866622438));
#10244=CARTESIAN_POINT('',(6.49211047042919,0.231064899337522));
#10245=CARTESIAN_POINT('',(6.4940432566359,0.239841267311411));
#10246=CARTESIAN_POINT('',(6.49557891211164,0.248686193720398));
#10247=CARTESIAN_POINT('',(6.49707216084063,0.257286869670746));
#10248=CARTESIAN_POINT('',(6.49818990933098,0.265952369888601));
#10249=CARTESIAN_POINT('',(6.49892714382868,0.274651179861104));
#10250=CARTESIAN_POINT('',(6.49964161181946,0.283081362255858));
#10251=CARTESIAN_POINT('',(6.49999870421929,0.291542828896348));
#10252=CARTESIAN_POINT('',(6.5,0.29999999999999));
#10253=CARTESIAN_POINT('',(-2.94975112550408,3.32994059105343,0.0240842010354562));
#10254=CARTESIAN_POINT('',(2.95024887449593,3.32994059105341,0.0240842010354579));
#10255=CARTESIAN_POINT('',(6.5,0.29999999999999));
#10256=CARTESIAN_POINT('',(6.5,6.2));
#10257=CARTESIAN_POINT('',(2.95024887449593,3.32994059105341,0.0240842010354579));
#10258=CARTESIAN_POINT('',(3.25024887449593,3.32994059105342,0.0240842010364671));
#10259=CARTESIAN_POINT('',(3.25024887449593,3.02994059105342,0.0240842010354562));
#10260=CARTESIAN_POINT('',(6.5,6.2));
#10261=CARTESIAN_POINT('',(6.49999870421926,6.20845717110366));
#10262=CARTESIAN_POINT('',(6.49964161181942,6.21691863774417));
#10263=CARTESIAN_POINT('',(6.49892714382863,6.22534882013894));
#10264=CARTESIAN_POINT('',(6.49818990933093,6.23404763011144));
#10265=CARTESIAN_POINT('',(6.4970721608406,6.24271313032929));
#10266=CARTESIAN_POINT('',(6.49557891211161,6.25131380627963));
#10267=CARTESIAN_POINT('',(6.49404325663588,6.26015873268862));
#10268=CARTESIAN_POINT('',(6.49211047042916,6.26893510066251));
#10269=CARTESIAN_POINT('',(6.48978808265507,6.27760713337759));
#10270=CARTESIAN_POINT('',(6.4874085171502,6.28649267356868));
#10271=CARTESIAN_POINT('',(6.48461992975504,6.29526867774052));
#10272=CARTESIAN_POINT('',(6.48143414321987,6.30389813776037));
#10273=CARTESIAN_POINT('',(6.47818286662112,6.31270499318297));
#10274=CARTESIAN_POINT('',(6.47451789262267,6.3213592175233));
#10275=CARTESIAN_POINT('',(6.47045532058739,6.32982264658356));
#10276=CARTESIAN_POINT('',(6.46632674040263,6.33842358835394));
#10277=CARTESIAN_POINT('',(6.46178753697397,6.34682748444108));
#10278=CARTESIAN_POINT('',(6.45685834393292,6.35499610044133));
#10279=CARTESIAN_POINT('',(6.45187127467653,6.3632606284042));
#10280=CARTESIAN_POINT('',(6.44648500390138,6.37128431875232));
#10281=CARTESIAN_POINT('',(6.44072459928084,6.37902979445074));
#10282=CARTESIAN_POINT('',(6.43492332609505,6.38683022227489));
#10283=CARTESIAN_POINT('',(6.42874259146803,6.39434847372487));
#10284=CARTESIAN_POINT('',(6.42221158192965,6.40154903337976));
#10285=CARTESIAN_POINT('',(6.41566509068226,6.40876666190718));
#10286=CARTESIAN_POINT('',(6.40876666190713,6.41566509068229));
#10287=CARTESIAN_POINT('',(6.40154903337971,6.42221158192968));
#10288=CARTESIAN_POINT('',(6.39434847372482,6.42874259146806));
#10289=CARTESIAN_POINT('',(6.38683022227484,6.43492332609507));
#10290=CARTESIAN_POINT('',(6.3790297944507,6.44072459928086));
#10291=CARTESIAN_POINT('',(6.37128431875228,6.4464850039014));
#10292=CARTESIAN_POINT('',(6.36326062840417,6.45187127467658));
#10293=CARTESIAN_POINT('',(6.3549961004413,6.45685834393296));
#10294=CARTESIAN_POINT('',(6.34682748444105,6.461787536974));
#10295=CARTESIAN_POINT('',(6.33842358835389,6.46632674040265));
#10296=CARTESIAN_POINT('',(6.32982264658351,6.47045532058741));
#10297=CARTESIAN_POINT('',(6.32135921752324,6.47451789262268));
#10298=CARTESIAN_POINT('',(6.31270499318292,6.47818286662114));
#10299=CARTESIAN_POINT('',(6.30389813776033,6.4814341432199));
#10300=CARTESIAN_POINT('',(6.29526867774048,6.48461992975507));
#10301=CARTESIAN_POINT('',(6.28649267356865,6.48740851715023));
#10302=CARTESIAN_POINT('',(6.27760713337756,6.4897880826551));
#10303=CARTESIAN_POINT('',(6.26893510066248,6.49211047042919));
#10304=CARTESIAN_POINT('',(6.26015873268858,6.4940432566359));
#10305=CARTESIAN_POINT('',(6.2513138062796,6.49557891211163));
#10306=CARTESIAN_POINT('',(6.24271313032925,6.49707216084062));
#10307=CARTESIAN_POINT('',(6.2340476301114,6.49818990933097));
#10308=CARTESIAN_POINT('',(6.2253488201389,6.49892714382866));
#10309=CARTESIAN_POINT('',(6.21691863774414,6.49964161181945));
#10310=CARTESIAN_POINT('',(6.20845717110365,6.49999870421928));
#10311=CARTESIAN_POINT('',(6.20000000000001,6.5));
#10312=CARTESIAN_POINT('',(3.25024887449593,3.02994059105342,0.0240842010354562));
#10313=CARTESIAN_POINT('',(3.25024887449592,-2.87005940894658,0.0240842010354579));
#10314=CARTESIAN_POINT('',(6.20000000000001,6.5));
#10315=CARTESIAN_POINT('',(0.29999999999999,6.5));
#10316=CARTESIAN_POINT('',(3.25024887449592,-2.87005940894658,0.0240842010354579));
#10317=CARTESIAN_POINT('',(3.25024887449593,-3.17005940894659,0.0240842010356913));
#10318=CARTESIAN_POINT('',(2.95024887449593,-3.17005940894657,0.0240842010354597));
#10319=CARTESIAN_POINT('',(0.29999999999999,6.5));
#10320=CARTESIAN_POINT('',(0.291542828896337,6.49999870421927));
#10321=CARTESIAN_POINT('',(0.283081362255838,6.49964161181943));
#10322=CARTESIAN_POINT('',(0.274651179861073,6.49892714382864));
#10323=CARTESIAN_POINT('',(0.26595236988858,6.49818990933095));
#10324=CARTESIAN_POINT('',(0.257286869670732,6.49707216084062));
#10325=CARTESIAN_POINT('',(0.248686193720393,6.49557891211163));
#10326=CARTESIAN_POINT('',(0.239841267311399,6.49404325663589));
#10327=CARTESIAN_POINT('',(0.231064899337504,6.49211047042916));
#10328=CARTESIAN_POINT('',(0.222392866622414,6.48978808265508));
#10329=CARTESIAN_POINT('',(0.213507326431327,6.48740851715021));
#10330=CARTESIAN_POINT('',(0.204731322259484,6.48461992975507));
#10331=CARTESIAN_POINT('',(0.196101862239632,6.48143414321991));
#10332=CARTESIAN_POINT('',(0.187295006817033,6.47818286662116));
#10333=CARTESIAN_POINT('',(0.178640782476716,6.47451789262269));
#10334=CARTESIAN_POINT('',(0.170177353416452,6.47045532058741));
#10335=CARTESIAN_POINT('',(0.161576411646076,6.46632674040265));
#10336=CARTESIAN_POINT('',(0.153172515558925,6.461787536974));
#10337=CARTESIAN_POINT('',(0.145003899558669,6.45685834393296));
#10338=CARTESIAN_POINT('',(0.136739371595798,6.45187127467657));
#10339=CARTESIAN_POINT('',(0.128715681247681,6.4464850039014));
#10340=CARTESIAN_POINT('',(0.120970205549259,6.44072459928085));
#10341=CARTESIAN_POINT('',(0.113169777725118,6.43492332609506));
#10342=CARTESIAN_POINT('',(0.105651526275146,6.42874259146805));
#10343=CARTESIAN_POINT('',(0.0984509666202583,6.42221158192967));
#10344=CARTESIAN_POINT('',(0.0912333380928389,6.41566509068228));
#10345=CARTESIAN_POINT('',(0.0843349093177123,6.40876666190717));
#10346=CARTESIAN_POINT('',(0.0777884180703206,6.40154903337976));
#10347=CARTESIAN_POINT('',(0.0712574085319371,6.39434847372486));
#10348=CARTESIAN_POINT('',(0.0650766739049238,6.38683022227488));
#10349=CARTESIAN_POINT('',(0.059275400719132,6.37902979445073));
#10350=CARTESIAN_POINT('',(0.0535149960985871,6.37128431875231));
#10351=CARTESIAN_POINT('',(0.0481287253234192,6.36326062840419));
#10352=CARTESIAN_POINT('',(0.04314165606703,6.35499610044133));
#10353=CARTESIAN_POINT('',(0.0382124630259825,6.34682748444108));
#10354=CARTESIAN_POINT('',(0.0336732595973282,6.33842358835393));
#10355=CARTESIAN_POINT('',(0.0295446794125619,6.32982264658355));
#10356=CARTESIAN_POINT('',(0.0254821073772824,6.32135921752329));
#10357=CARTESIAN_POINT('',(0.0218171333788216,6.31270499318297));
#10358=CARTESIAN_POINT('',(0.0185658567800706,6.30389813776037));
#10359=CARTESIAN_POINT('',(0.0153800702449114,6.29526867774051));
#10360=CARTESIAN_POINT('',(0.0125914828497624,6.28649267356866));
#10361=CARTESIAN_POINT('',(0.0102119173448962,6.27760713337757));
#10362=CARTESIAN_POINT('',(0.00788952957081573,6.26893510066249));
#10363=CARTESIAN_POINT('',(0.00595674336409061,6.26015873268859));
#10364=CARTESIAN_POINT('',(0.00442108788835044,6.2513138062796));
#10365=CARTESIAN_POINT('',(0.00292783915936344,6.24271313032926));
#10366=CARTESIAN_POINT('',(0.00181009066902431,6.23404763011141));
#10367=CARTESIAN_POINT('',(0.0010728561713286,6.22534882013891));
#10368=CARTESIAN_POINT('',(0.000358388180541774,6.21691863774415));
#10369=CARTESIAN_POINT('',(1.29578071486985E-6,6.20845717110365));
#10370=CARTESIAN_POINT('',(0.,6.2));
#10371=CARTESIAN_POINT('',(-3.24975112550407,-2.8700594089466,1.41141666625577));
#10372=CARTESIAN_POINT('',(-3.24975112550407,-2.87005940894659,0.0240842010354597));
#10373=CARTESIAN_POINT('',(1.77635683940025E-15,0.));
#10374=CARTESIAN_POINT('',(1.38733246522032,0.));
#10375=CARTESIAN_POINT('',(1.38733246522032,0.471238898038742));
#10376=CARTESIAN_POINT('',(1.38733246522032,0.));
#10377=CARTESIAN_POINT('',(1.77635683940025E-15,0.471238898038742));
#10378=CARTESIAN_POINT('',(1.38733246522032,0.471238898038742));
#10379=CARTESIAN_POINT('',(1.77635683940025E-15,0.));
#10380=CARTESIAN_POINT('',(1.77635683940025E-15,0.471238898038742));
#10381=CARTESIAN_POINT('',(-2.94975112550408,3.32994059105343,0.0240842010354562));
#10382=CARTESIAN_POINT('',(-2.94975112550408,3.32994059105343,1.41141666625577));
#10383=CARTESIAN_POINT('',(6.79999999999999,1.38733246522032));
#10384=CARTESIAN_POINT('',(6.8,0.924888310146878));
#10385=CARTESIAN_POINT('',(6.8,0.462444155073439));
#10386=CARTESIAN_POINT('',(6.79999999999999,0.));
#10387=CARTESIAN_POINT('',(12.7,0.));
#10388=CARTESIAN_POINT('',(6.79999999999999,0.));
#10389=CARTESIAN_POINT('',(2.95024887449594,3.32994059105341,1.41141666625578));
#10390=CARTESIAN_POINT('',(2.95024887449593,3.32994059105341,0.0240842010354579));
#10391=CARTESIAN_POINT('',(12.7,0.));
#10392=CARTESIAN_POINT('',(12.7,0.462444155073439));
#10393=CARTESIAN_POINT('',(12.7,0.924888310146879));
#10394=CARTESIAN_POINT('',(12.7,1.38733246522032));
#10395=CARTESIAN_POINT('',(6.79999999999999,1.38733246522032));
#10396=CARTESIAN_POINT('',(12.7,1.38733246522032));
#10397=CARTESIAN_POINT('',(3.25024887449593,3.02994059105342,0.0240842010354562));
#10398=CARTESIAN_POINT('',(3.25024887449593,3.02994059105342,1.41141666625577));
#10399=CARTESIAN_POINT('',(13.3,1.38733246522032));
#10400=CARTESIAN_POINT('',(13.3,0.924888310146878));
#10401=CARTESIAN_POINT('',(13.3,0.462444155073439));
#10402=CARTESIAN_POINT('',(13.3,0.));
#10403=CARTESIAN_POINT('',(19.2,0.));
#10404=CARTESIAN_POINT('',(13.3,0.));
#10405=CARTESIAN_POINT('',(3.25024887449592,-2.87005940894658,1.41141666625577));
#10406=CARTESIAN_POINT('',(3.25024887449592,-2.87005940894658,0.0240842010354579));
#10407=CARTESIAN_POINT('',(19.2,0.));
#10408=CARTESIAN_POINT('',(19.2,0.46244415507344));
#10409=CARTESIAN_POINT('',(19.2,0.924888310146879));
#10410=CARTESIAN_POINT('',(19.2,1.38733246522032));
#10411=CARTESIAN_POINT('',(13.3,1.38733246522032));
#10412=CARTESIAN_POINT('',(19.2,1.38733246522032));
#10413=CARTESIAN_POINT('',(0.300000000000001,1.38733246522032));
#10414=CARTESIAN_POINT('',(6.20000000000001,1.38733246522032));
#10415=CARTESIAN_POINT('',(0.299999999999994,0.));
#10416=CARTESIAN_POINT('',(0.299999999999999,0.462444155073439));
#10417=CARTESIAN_POINT('',(0.299999999999991,0.924888310146879));
#10418=CARTESIAN_POINT('',(0.300000000000001,1.38733246522032));
#10419=CARTESIAN_POINT('',(6.2,0.));
#10420=CARTESIAN_POINT('',(0.299999999999994,0.));
#10421=CARTESIAN_POINT('',(-3.24975112550408,3.02994059105344,1.41141666625578));
#10422=CARTESIAN_POINT('',(-3.24975112550408,3.02994059105344,0.0240842010354597));
#10423=CARTESIAN_POINT('',(6.2,0.));
#10424=CARTESIAN_POINT('',(6.20000000000001,0.46244415507344));
#10425=CARTESIAN_POINT('',(6.19999999999999,0.924888310146878));
#10426=CARTESIAN_POINT('',(6.20000000000001,1.38733246522032));
#10427=CARTESIAN_POINT('',(1.38733246522032,0.));
#10428=CARTESIAN_POINT('',(-2.76741688984725E-16,0.));
#10429=CARTESIAN_POINT('',(1.38733246522032,0.471238898038586));
#10430=CARTESIAN_POINT('',(1.38733246522032,0.));
#10431=CARTESIAN_POINT('',(-2.76741688984725E-16,0.471238898038586));
#10432=CARTESIAN_POINT('',(1.38733246522032,0.471238898038586));
#10433=CARTESIAN_POINT('',(-2.76741688984725E-16,0.));
#10434=CARTESIAN_POINT('',(-2.76741688984725E-16,0.471238898038586));
#10435=CARTESIAN_POINT('',(1.38733246522032,0.));
#10436=CARTESIAN_POINT('',(-2.05309852838505E-15,0.));
#10437=CARTESIAN_POINT('',(1.38733246522032,0.471238898038648));
#10438=CARTESIAN_POINT('',(1.38733246522032,0.));
#10439=CARTESIAN_POINT('',(-2.05309852838505E-15,0.471238898038648));
#10440=CARTESIAN_POINT('',(1.38733246522032,0.471238898038648));
#10441=CARTESIAN_POINT('',(-2.05309852838505E-15,0.));
#10442=CARTESIAN_POINT('',(-2.05309852838505E-15,0.471238898038648));
#10443=CARTESIAN_POINT('',(1.38733246522032,0.));
#10444=CARTESIAN_POINT('',(-1.33226762955017E-15,0.));
#10445=CARTESIAN_POINT('',(1.38733246522032,0.471238898038643));
#10446=CARTESIAN_POINT('',(1.38733246522032,0.));
#10447=CARTESIAN_POINT('',(-1.33226762955017E-15,0.471238898038643));
#10448=CARTESIAN_POINT('',(1.38733246522032,0.471238898038643));
#10449=CARTESIAN_POINT('',(-1.33226762955017E-15,0.));
#10450=CARTESIAN_POINT('',(-1.33226762955017E-15,0.471238898038643));
#10451=CARTESIAN_POINT('',(0.,0.,0.));
#10452=(
GEOMETRIC_REPRESENTATION_CONTEXT(2)
PARAMETRIC_REPRESENTATION_CONTEXT()
REPRESENTATION_CONTEXT('pspace','')
);
ENDSEC;
END-ISO-10303-21;
