ISO-10303-21;
HEADER;
/* Generated by software containing ST-Developer
 * from STEP Tools, Inc. (www.steptools.com) 
 */
/* OPTION: using custom schema-name function */

FILE_DESCRIPTION(
/* description */ (''),
/* implementation_level */ '2;1');

FILE_NAME(
/* name */ 'MICROFJ_60035_COLOR',
/* time_stamp */ '2026-02-05T16:37:39+01:00',
/* author */ (''),
/* organization */ (''),
/* preprocessor_version */ 'ST-DEVELOPER v16.5',
/* originating_system */ '',
/* authorisation */ '');

FILE_SCHEMA (('AUTOMOTIVE_DESIGN'));
ENDSEC;

DATA;
#10=SHAPE_REPRESENTATION_RELATIONSHIP('','',#3555,#692);
#11=(
BOUNDED_CURVE()
B_SPLINE_CURVE(2,(#4124,#4125,#4126),.UNSPECIFIED.,.F.,.F.)
B_SPLINE_CURVE_WITH_KNOTS((3,3),(-0.282743338823081,-1.11022302462516E-16),
 .UNSPECIFIED.)
CURVE()
GEOMETRIC_REPRESENTATION_ITEM()
RATIONAL_B_SPLINE_CURVE((1.,0.707106781186548,1.))
REPRESENTATION_ITEM('')
);
#12=(
BOUNDED_CURVE()
B_SPLINE_CURVE(2,(#4129,#4130,#4131,#4132,#4133),.UNSPECIFIED.,.F.,.F.)
B_SPLINE_CURVE_WITH_KNOTS((3,2,3),(-0.565486677646163,-0.282743338823081,
0.),.UNSPECIFIED.)
CURVE()
GEOMETRIC_REPRESENTATION_ITEM()
RATIONAL_B_SPLINE_CURVE((1.,0.707106781186548,1.,0.707106781186548,1.))
REPRESENTATION_ITEM('')
);
#13=(
BOUNDED_CURVE()
B_SPLINE_CURVE(2,(#4136,#4137,#4138),.UNSPECIFIED.,.F.,.F.)
B_SPLINE_CURVE_WITH_KNOTS((3,3),(1.11022302462516E-16,0.282743338823081),
 .UNSPECIFIED.)
CURVE()
GEOMETRIC_REPRESENTATION_ITEM()
RATIONAL_B_SPLINE_CURVE((1.,0.707106781186548,1.))
REPRESENTATION_ITEM('')
);
#14=(
BOUNDED_CURVE()
B_SPLINE_CURVE(2,(#4141,#4142,#4143,#4144,#4145),.UNSPECIFIED.,.F.,.F.)
B_SPLINE_CURVE_WITH_KNOTS((3,2,3),(-0.565486677646163,-0.282743338823081,
0.),.UNSPECIFIED.)
CURVE()
GEOMETRIC_REPRESENTATION_ITEM()
RATIONAL_B_SPLINE_CURVE((1.,0.707106781186548,1.,0.707106781186548,1.))
REPRESENTATION_ITEM('')
);
#15=(
BOUNDED_CURVE()
B_SPLINE_CURVE(2,(#4146,#4147,#4148,#4149,#4150),.UNSPECIFIED.,.F.,.F.)
B_SPLINE_CURVE_WITH_KNOTS((3,2,3),(0.565486677646163,0.848230016469244,
1.13097335529233),.UNSPECIFIED.)
CURVE()
GEOMETRIC_REPRESENTATION_ITEM()
RATIONAL_B_SPLINE_CURVE((1.,0.707106781186548,1.,0.707106781186548,1.))
REPRESENTATION_ITEM('')
);
#16=(
BOUNDED_CURVE()
B_SPLINE_CURVE(2,(#4151,#4152,#4153,#4154,#4155),.UNSPECIFIED.,.F.,.F.)
B_SPLINE_CURVE_WITH_KNOTS((3,2,3),(0.565486677646163,0.848230016469244,
1.13097335529233),.UNSPECIFIED.)
CURVE()
GEOMETRIC_REPRESENTATION_ITEM()
RATIONAL_B_SPLINE_CURVE((1.,0.707106781186548,1.,0.707106781186548,1.))
REPRESENTATION_ITEM('')
);
#17=(
BOUNDED_CURVE()
B_SPLINE_CURVE(2,(#4219,#4220,#4221),.UNSPECIFIED.,.F.,.F.)
B_SPLINE_CURVE_WITH_KNOTS((3,3),(-0.282743338823081,-1.11022302462516E-16),
 .UNSPECIFIED.)
CURVE()
GEOMETRIC_REPRESENTATION_ITEM()
RATIONAL_B_SPLINE_CURVE((1.,0.707106781186548,1.))
REPRESENTATION_ITEM('')
);
#18=(
BOUNDED_CURVE()
B_SPLINE_CURVE(2,(#4224,#4225,#4226,#4227,#4228),.UNSPECIFIED.,.F.,.F.)
B_SPLINE_CURVE_WITH_KNOTS((3,2,3),(-0.565486677646163,-0.282743338823081,
0.),.UNSPECIFIED.)
CURVE()
GEOMETRIC_REPRESENTATION_ITEM()
RATIONAL_B_SPLINE_CURVE((1.,0.707106781186548,1.,0.707106781186548,1.))
REPRESENTATION_ITEM('')
);
#19=(
BOUNDED_CURVE()
B_SPLINE_CURVE(2,(#4231,#4232,#4233),.UNSPECIFIED.,.F.,.F.)
B_SPLINE_CURVE_WITH_KNOTS((3,3),(1.11022302462516E-16,0.282743338823081),
 .UNSPECIFIED.)
CURVE()
GEOMETRIC_REPRESENTATION_ITEM()
RATIONAL_B_SPLINE_CURVE((1.,0.707106781186548,1.))
REPRESENTATION_ITEM('')
);
#20=(
BOUNDED_CURVE()
B_SPLINE_CURVE(2,(#4236,#4237,#4238,#4239,#4240),.UNSPECIFIED.,.F.,.F.)
B_SPLINE_CURVE_WITH_KNOTS((3,2,3),(-0.565486677646163,-0.282743338823081,
0.),.UNSPECIFIED.)
CURVE()
GEOMETRIC_REPRESENTATION_ITEM()
RATIONAL_B_SPLINE_CURVE((1.,0.707106781186548,1.,0.707106781186548,1.))
REPRESENTATION_ITEM('')
);
#21=(
BOUNDED_CURVE()
B_SPLINE_CURVE(2,(#4241,#4242,#4243,#4244,#4245),.UNSPECIFIED.,.F.,.F.)
B_SPLINE_CURVE_WITH_KNOTS((3,2,3),(0.565486677646163,0.848230016469244,
1.13097335529233),.UNSPECIFIED.)
CURVE()
GEOMETRIC_REPRESENTATION_ITEM()
RATIONAL_B_SPLINE_CURVE((1.,0.707106781186548,1.,0.707106781186548,1.))
REPRESENTATION_ITEM('')
);
#22=(
BOUNDED_CURVE()
B_SPLINE_CURVE(2,(#4246,#4247,#4248,#4249,#4250),.UNSPECIFIED.,.F.,.F.)
B_SPLINE_CURVE_WITH_KNOTS((3,2,3),(0.565486677646163,0.848230016469244,
1.13097335529233),.UNSPECIFIED.)
CURVE()
GEOMETRIC_REPRESENTATION_ITEM()
RATIONAL_B_SPLINE_CURVE((1.,0.707106781186548,1.,0.707106781186548,1.))
REPRESENTATION_ITEM('')
);
#23=(
BOUNDED_CURVE()
B_SPLINE_CURVE(2,(#4314,#4315,#4316),.UNSPECIFIED.,.F.,.F.)
B_SPLINE_CURVE_WITH_KNOTS((3,3),(-0.282743338823081,-1.11022302462516E-16),
 .UNSPECIFIED.)
CURVE()
GEOMETRIC_REPRESENTATION_ITEM()
RATIONAL_B_SPLINE_CURVE((1.,0.707106781186548,1.))
REPRESENTATION_ITEM('')
);
#24=(
BOUNDED_CURVE()
B_SPLINE_CURVE(2,(#4319,#4320,#4321,#4322,#4323),.UNSPECIFIED.,.F.,.F.)
B_SPLINE_CURVE_WITH_KNOTS((3,2,3),(-0.565486677646163,-0.282743338823081,
0.),.UNSPECIFIED.)
CURVE()
GEOMETRIC_REPRESENTATION_ITEM()
RATIONAL_B_SPLINE_CURVE((1.,0.707106781186548,1.,0.707106781186548,1.))
REPRESENTATION_ITEM('')
);
#25=(
BOUNDED_CURVE()
B_SPLINE_CURVE(2,(#4326,#4327,#4328),.UNSPECIFIED.,.F.,.F.)
B_SPLINE_CURVE_WITH_KNOTS((3,3),(1.11022302462516E-16,0.282743338823081),
 .UNSPECIFIED.)
CURVE()
GEOMETRIC_REPRESENTATION_ITEM()
RATIONAL_B_SPLINE_CURVE((1.,0.707106781186548,1.))
REPRESENTATION_ITEM('')
);
#26=(
BOUNDED_CURVE()
B_SPLINE_CURVE(2,(#4331,#4332,#4333,#4334,#4335),.UNSPECIFIED.,.F.,.F.)
B_SPLINE_CURVE_WITH_KNOTS((3,2,3),(-0.565486677646163,-0.282743338823081,
0.),.UNSPECIFIED.)
CURVE()
GEOMETRIC_REPRESENTATION_ITEM()
RATIONAL_B_SPLINE_CURVE((1.,0.707106781186548,1.,0.707106781186548,1.))
REPRESENTATION_ITEM('')
);
#27=(
BOUNDED_CURVE()
B_SPLINE_CURVE(2,(#4336,#4337,#4338,#4339,#4340),.UNSPECIFIED.,.F.,.F.)
B_SPLINE_CURVE_WITH_KNOTS((3,2,3),(0.565486677646163,0.848230016469244,
1.13097335529233),.UNSPECIFIED.)
CURVE()
GEOMETRIC_REPRESENTATION_ITEM()
RATIONAL_B_SPLINE_CURVE((1.,0.707106781186548,1.,0.707106781186548,1.))
REPRESENTATION_ITEM('')
);
#28=(
BOUNDED_CURVE()
B_SPLINE_CURVE(2,(#4341,#4342,#4343,#4344,#4345),.UNSPECIFIED.,.F.,.F.)
B_SPLINE_CURVE_WITH_KNOTS((3,2,3),(0.565486677646163,0.848230016469244,
1.13097335529233),.UNSPECIFIED.)
CURVE()
GEOMETRIC_REPRESENTATION_ITEM()
RATIONAL_B_SPLINE_CURVE((1.,0.707106781186548,1.,0.707106781186548,1.))
REPRESENTATION_ITEM('')
);
#29=(
BOUNDED_CURVE()
B_SPLINE_CURVE(2,(#4409,#4410,#4411),.UNSPECIFIED.,.F.,.F.)
B_SPLINE_CURVE_WITH_KNOTS((3,3),(-0.282743338823081,-1.11022302462516E-16),
 .UNSPECIFIED.)
CURVE()
GEOMETRIC_REPRESENTATION_ITEM()
RATIONAL_B_SPLINE_CURVE((1.,0.707106781186548,1.))
REPRESENTATION_ITEM('')
);
#30=(
BOUNDED_CURVE()
B_SPLINE_CURVE(2,(#4414,#4415,#4416,#4417,#4418),.UNSPECIFIED.,.F.,.F.)
B_SPLINE_CURVE_WITH_KNOTS((3,2,3),(-0.565486677646163,-0.282743338823081,
0.),.UNSPECIFIED.)
CURVE()
GEOMETRIC_REPRESENTATION_ITEM()
RATIONAL_B_SPLINE_CURVE((1.,0.707106781186548,1.,0.707106781186548,1.))
REPRESENTATION_ITEM('')
);
#31=(
BOUNDED_CURVE()
B_SPLINE_CURVE(2,(#4421,#4422,#4423),.UNSPECIFIED.,.F.,.F.)
B_SPLINE_CURVE_WITH_KNOTS((3,3),(1.11022302462516E-16,0.282743338823081),
 .UNSPECIFIED.)
CURVE()
GEOMETRIC_REPRESENTATION_ITEM()
RATIONAL_B_SPLINE_CURVE((1.,0.707106781186548,1.))
REPRESENTATION_ITEM('')
);
#32=(
BOUNDED_CURVE()
B_SPLINE_CURVE(2,(#4426,#4427,#4428,#4429,#4430),.UNSPECIFIED.,.F.,.F.)
B_SPLINE_CURVE_WITH_KNOTS((3,2,3),(-0.565486677646163,-0.282743338823081,
0.),.UNSPECIFIED.)
CURVE()
GEOMETRIC_REPRESENTATION_ITEM()
RATIONAL_B_SPLINE_CURVE((1.,0.707106781186548,1.,0.707106781186548,1.))
REPRESENTATION_ITEM('')
);
#33=(
BOUNDED_CURVE()
B_SPLINE_CURVE(2,(#4431,#4432,#4433,#4434,#4435),.UNSPECIFIED.,.F.,.F.)
B_SPLINE_CURVE_WITH_KNOTS((3,2,3),(0.565486677646163,0.848230016469244,
1.13097335529233),.UNSPECIFIED.)
CURVE()
GEOMETRIC_REPRESENTATION_ITEM()
RATIONAL_B_SPLINE_CURVE((1.,0.707106781186548,1.,0.707106781186548,1.))
REPRESENTATION_ITEM('')
);
#34=(
BOUNDED_CURVE()
B_SPLINE_CURVE(2,(#4436,#4437,#4438,#4439,#4440),.UNSPECIFIED.,.F.,.F.)
B_SPLINE_CURVE_WITH_KNOTS((3,2,3),(0.565486677646163,0.848230016469244,
1.13097335529233),.UNSPECIFIED.)
CURVE()
GEOMETRIC_REPRESENTATION_ITEM()
RATIONAL_B_SPLINE_CURVE((1.,0.707106781186548,1.,0.707106781186548,1.))
REPRESENTATION_ITEM('')
);
#35=(
BOUNDED_CURVE()
B_SPLINE_CURVE(2,(#4504,#4505,#4506),.UNSPECIFIED.,.F.,.F.)
B_SPLINE_CURVE_WITH_KNOTS((3,3),(-0.282743338823081,-1.11022302462516E-16),
 .UNSPECIFIED.)
CURVE()
GEOMETRIC_REPRESENTATION_ITEM()
RATIONAL_B_SPLINE_CURVE((1.,0.707106781186548,1.))
REPRESENTATION_ITEM('')
);
#36=(
BOUNDED_CURVE()
B_SPLINE_CURVE(2,(#4509,#4510,#4511,#4512,#4513),.UNSPECIFIED.,.F.,.F.)
B_SPLINE_CURVE_WITH_KNOTS((3,2,3),(-0.565486677646163,-0.282743338823081,
0.),.UNSPECIFIED.)
CURVE()
GEOMETRIC_REPRESENTATION_ITEM()
RATIONAL_B_SPLINE_CURVE((1.,0.707106781186548,1.,0.707106781186548,1.))
REPRESENTATION_ITEM('')
);
#37=(
BOUNDED_CURVE()
B_SPLINE_CURVE(2,(#4516,#4517,#4518),.UNSPECIFIED.,.F.,.F.)
B_SPLINE_CURVE_WITH_KNOTS((3,3),(1.11022302462516E-16,0.282743338823081),
 .UNSPECIFIED.)
CURVE()
GEOMETRIC_REPRESENTATION_ITEM()
RATIONAL_B_SPLINE_CURVE((1.,0.707106781186548,1.))
REPRESENTATION_ITEM('')
);
#38=(
BOUNDED_CURVE()
B_SPLINE_CURVE(2,(#4521,#4522,#4523,#4524,#4525),.UNSPECIFIED.,.F.,.F.)
B_SPLINE_CURVE_WITH_KNOTS((3,2,3),(-0.565486677646163,-0.282743338823081,
0.),.UNSPECIFIED.)
CURVE()
GEOMETRIC_REPRESENTATION_ITEM()
RATIONAL_B_SPLINE_CURVE((1.,0.707106781186548,1.,0.707106781186548,1.))
REPRESENTATION_ITEM('')
);
#39=(
BOUNDED_CURVE()
B_SPLINE_CURVE(2,(#4526,#4527,#4528,#4529,#4530),.UNSPECIFIED.,.F.,.F.)
B_SPLINE_CURVE_WITH_KNOTS((3,2,3),(0.565486677646163,0.848230016469244,
1.13097335529233),.UNSPECIFIED.)
CURVE()
GEOMETRIC_REPRESENTATION_ITEM()
RATIONAL_B_SPLINE_CURVE((1.,0.707106781186548,1.,0.707106781186548,1.))
REPRESENTATION_ITEM('')
);
#40=(
BOUNDED_CURVE()
B_SPLINE_CURVE(2,(#4531,#4532,#4533,#4534,#4535),.UNSPECIFIED.,.F.,.F.)
B_SPLINE_CURVE_WITH_KNOTS((3,2,3),(0.565486677646163,0.848230016469244,
1.13097335529233),.UNSPECIFIED.)
CURVE()
GEOMETRIC_REPRESENTATION_ITEM()
RATIONAL_B_SPLINE_CURVE((1.,0.707106781186548,1.,0.707106781186548,1.))
REPRESENTATION_ITEM('')
);
#41=(
BOUNDED_CURVE()
B_SPLINE_CURVE(2,(#4599,#4600,#4601),.UNSPECIFIED.,.F.,.F.)
B_SPLINE_CURVE_WITH_KNOTS((3,3),(-0.282743338823081,-1.11022302462516E-16),
 .UNSPECIFIED.)
CURVE()
GEOMETRIC_REPRESENTATION_ITEM()
RATIONAL_B_SPLINE_CURVE((1.,0.707106781186548,1.))
REPRESENTATION_ITEM('')
);
#42=(
BOUNDED_CURVE()
B_SPLINE_CURVE(2,(#4604,#4605,#4606,#4607,#4608),.UNSPECIFIED.,.F.,.F.)
B_SPLINE_CURVE_WITH_KNOTS((3,2,3),(-0.565486677646163,-0.282743338823081,
0.),.UNSPECIFIED.)
CURVE()
GEOMETRIC_REPRESENTATION_ITEM()
RATIONAL_B_SPLINE_CURVE((1.,0.707106781186548,1.,0.707106781186548,1.))
REPRESENTATION_ITEM('')
);
#43=(
BOUNDED_CURVE()
B_SPLINE_CURVE(2,(#4611,#4612,#4613),.UNSPECIFIED.,.F.,.F.)
B_SPLINE_CURVE_WITH_KNOTS((3,3),(1.11022302462516E-16,0.282743338823081),
 .UNSPECIFIED.)
CURVE()
GEOMETRIC_REPRESENTATION_ITEM()
RATIONAL_B_SPLINE_CURVE((1.,0.707106781186548,1.))
REPRESENTATION_ITEM('')
);
#44=(
BOUNDED_CURVE()
B_SPLINE_CURVE(2,(#4616,#4617,#4618,#4619,#4620),.UNSPECIFIED.,.F.,.F.)
B_SPLINE_CURVE_WITH_KNOTS((3,2,3),(-0.565486677646163,-0.282743338823081,
0.),.UNSPECIFIED.)
CURVE()
GEOMETRIC_REPRESENTATION_ITEM()
RATIONAL_B_SPLINE_CURVE((1.,0.707106781186548,1.,0.707106781186548,1.))
REPRESENTATION_ITEM('')
);
#45=(
BOUNDED_CURVE()
B_SPLINE_CURVE(2,(#4621,#4622,#4623,#4624,#4625),.UNSPECIFIED.,.F.,.F.)
B_SPLINE_CURVE_WITH_KNOTS((3,2,3),(0.565486677646163,0.848230016469244,
1.13097335529233),.UNSPECIFIED.)
CURVE()
GEOMETRIC_REPRESENTATION_ITEM()
RATIONAL_B_SPLINE_CURVE((1.,0.707106781186548,1.,0.707106781186548,1.))
REPRESENTATION_ITEM('')
);
#46=(
BOUNDED_CURVE()
B_SPLINE_CURVE(2,(#4626,#4627,#4628,#4629,#4630),.UNSPECIFIED.,.F.,.F.)
B_SPLINE_CURVE_WITH_KNOTS((3,2,3),(0.565486677646163,0.848230016469244,
1.13097335529233),.UNSPECIFIED.)
CURVE()
GEOMETRIC_REPRESENTATION_ITEM()
RATIONAL_B_SPLINE_CURVE((1.,0.707106781186548,1.,0.707106781186548,1.))
REPRESENTATION_ITEM('')
);
#47=(
BOUNDED_CURVE()
B_SPLINE_CURVE(2,(#4694,#4695,#4696),.UNSPECIFIED.,.F.,.F.)
B_SPLINE_CURVE_WITH_KNOTS((3,3),(-0.282743338823081,-1.11022302462516E-16),
 .UNSPECIFIED.)
CURVE()
GEOMETRIC_REPRESENTATION_ITEM()
RATIONAL_B_SPLINE_CURVE((1.,0.707106781186548,1.))
REPRESENTATION_ITEM('')
);
#48=(
BOUNDED_CURVE()
B_SPLINE_CURVE(2,(#4699,#4700,#4701,#4702,#4703),.UNSPECIFIED.,.F.,.F.)
B_SPLINE_CURVE_WITH_KNOTS((3,2,3),(-0.565486677646163,-0.282743338823081,
0.),.UNSPECIFIED.)
CURVE()
GEOMETRIC_REPRESENTATION_ITEM()
RATIONAL_B_SPLINE_CURVE((1.,0.707106781186548,1.,0.707106781186548,1.))
REPRESENTATION_ITEM('')
);
#49=(
BOUNDED_CURVE()
B_SPLINE_CURVE(2,(#4706,#4707,#4708),.UNSPECIFIED.,.F.,.F.)
B_SPLINE_CURVE_WITH_KNOTS((3,3),(1.11022302462516E-16,0.282743338823081),
 .UNSPECIFIED.)
CURVE()
GEOMETRIC_REPRESENTATION_ITEM()
RATIONAL_B_SPLINE_CURVE((1.,0.707106781186548,1.))
REPRESENTATION_ITEM('')
);
#50=(
BOUNDED_CURVE()
B_SPLINE_CURVE(2,(#4711,#4712,#4713,#4714,#4715),.UNSPECIFIED.,.F.,.F.)
B_SPLINE_CURVE_WITH_KNOTS((3,2,3),(-0.565486677646163,-0.282743338823081,
0.),.UNSPECIFIED.)
CURVE()
GEOMETRIC_REPRESENTATION_ITEM()
RATIONAL_B_SPLINE_CURVE((1.,0.707106781186548,1.,0.707106781186548,1.))
REPRESENTATION_ITEM('')
);
#51=(
BOUNDED_CURVE()
B_SPLINE_CURVE(2,(#4716,#4717,#4718,#4719,#4720),.UNSPECIFIED.,.F.,.F.)
B_SPLINE_CURVE_WITH_KNOTS((3,2,3),(0.565486677646163,0.848230016469244,
1.13097335529233),.UNSPECIFIED.)
CURVE()
GEOMETRIC_REPRESENTATION_ITEM()
RATIONAL_B_SPLINE_CURVE((1.,0.707106781186548,1.,0.707106781186548,1.))
REPRESENTATION_ITEM('')
);
#52=(
BOUNDED_CURVE()
B_SPLINE_CURVE(2,(#4721,#4722,#4723,#4724,#4725),.UNSPECIFIED.,.F.,.F.)
B_SPLINE_CURVE_WITH_KNOTS((3,2,3),(0.565486677646163,0.848230016469244,
1.13097335529233),.UNSPECIFIED.)
CURVE()
GEOMETRIC_REPRESENTATION_ITEM()
RATIONAL_B_SPLINE_CURVE((1.,0.707106781186548,1.,0.707106781186548,1.))
REPRESENTATION_ITEM('')
);
#53=(
BOUNDED_CURVE()
B_SPLINE_CURVE(2,(#4789,#4790,#4791),.UNSPECIFIED.,.F.,.F.)
B_SPLINE_CURVE_WITH_KNOTS((3,3),(-0.282743338823081,-1.11022302462516E-16),
 .UNSPECIFIED.)
CURVE()
GEOMETRIC_REPRESENTATION_ITEM()
RATIONAL_B_SPLINE_CURVE((1.,0.707106781186548,1.))
REPRESENTATION_ITEM('')
);
#54=(
BOUNDED_CURVE()
B_SPLINE_CURVE(2,(#4794,#4795,#4796,#4797,#4798),.UNSPECIFIED.,.F.,.F.)
B_SPLINE_CURVE_WITH_KNOTS((3,2,3),(-0.565486677646163,-0.282743338823081,
0.),.UNSPECIFIED.)
CURVE()
GEOMETRIC_REPRESENTATION_ITEM()
RATIONAL_B_SPLINE_CURVE((1.,0.707106781186548,1.,0.707106781186548,1.))
REPRESENTATION_ITEM('')
);
#55=(
BOUNDED_CURVE()
B_SPLINE_CURVE(2,(#4801,#4802,#4803),.UNSPECIFIED.,.F.,.F.)
B_SPLINE_CURVE_WITH_KNOTS((3,3),(1.11022302462516E-16,0.282743338823081),
 .UNSPECIFIED.)
CURVE()
GEOMETRIC_REPRESENTATION_ITEM()
RATIONAL_B_SPLINE_CURVE((1.,0.707106781186548,1.))
REPRESENTATION_ITEM('')
);
#56=(
BOUNDED_CURVE()
B_SPLINE_CURVE(2,(#4806,#4807,#4808,#4809,#4810),.UNSPECIFIED.,.F.,.F.)
B_SPLINE_CURVE_WITH_KNOTS((3,2,3),(-0.565486677646163,-0.282743338823081,
0.),.UNSPECIFIED.)
CURVE()
GEOMETRIC_REPRESENTATION_ITEM()
RATIONAL_B_SPLINE_CURVE((1.,0.707106781186548,1.,0.707106781186548,1.))
REPRESENTATION_ITEM('')
);
#57=(
BOUNDED_CURVE()
B_SPLINE_CURVE(2,(#4811,#4812,#4813,#4814,#4815),.UNSPECIFIED.,.F.,.F.)
B_SPLINE_CURVE_WITH_KNOTS((3,2,3),(0.565486677646163,0.848230016469244,
1.13097335529233),.UNSPECIFIED.)
CURVE()
GEOMETRIC_REPRESENTATION_ITEM()
RATIONAL_B_SPLINE_CURVE((1.,0.707106781186548,1.,0.707106781186548,1.))
REPRESENTATION_ITEM('')
);
#58=(
BOUNDED_CURVE()
B_SPLINE_CURVE(2,(#4816,#4817,#4818,#4819,#4820),.UNSPECIFIED.,.F.,.F.)
B_SPLINE_CURVE_WITH_KNOTS((3,2,3),(0.565486677646163,0.848230016469244,
1.13097335529233),.UNSPECIFIED.)
CURVE()
GEOMETRIC_REPRESENTATION_ITEM()
RATIONAL_B_SPLINE_CURVE((1.,0.707106781186548,1.,0.707106781186548,1.))
REPRESENTATION_ITEM('')
);
#59=(
BOUNDED_CURVE()
B_SPLINE_CURVE(2,(#4884,#4885,#4886),.UNSPECIFIED.,.F.,.F.)
B_SPLINE_CURVE_WITH_KNOTS((3,3),(-0.282743338823081,-1.11022302462516E-16),
 .UNSPECIFIED.)
CURVE()
GEOMETRIC_REPRESENTATION_ITEM()
RATIONAL_B_SPLINE_CURVE((1.,0.707106781186548,1.))
REPRESENTATION_ITEM('')
);
#60=(
BOUNDED_CURVE()
B_SPLINE_CURVE(2,(#4889,#4890,#4891,#4892,#4893),.UNSPECIFIED.,.F.,.F.)
B_SPLINE_CURVE_WITH_KNOTS((3,2,3),(-0.565486677646163,-0.282743338823081,
0.),.UNSPECIFIED.)
CURVE()
GEOMETRIC_REPRESENTATION_ITEM()
RATIONAL_B_SPLINE_CURVE((1.,0.707106781186548,1.,0.707106781186548,1.))
REPRESENTATION_ITEM('')
);
#61=(
BOUNDED_CURVE()
B_SPLINE_CURVE(2,(#4896,#4897,#4898),.UNSPECIFIED.,.F.,.F.)
B_SPLINE_CURVE_WITH_KNOTS((3,3),(1.11022302462516E-16,0.282743338823081),
 .UNSPECIFIED.)
CURVE()
GEOMETRIC_REPRESENTATION_ITEM()
RATIONAL_B_SPLINE_CURVE((1.,0.707106781186548,1.))
REPRESENTATION_ITEM('')
);
#62=(
BOUNDED_CURVE()
B_SPLINE_CURVE(2,(#4901,#4902,#4903,#4904,#4905),.UNSPECIFIED.,.F.,.F.)
B_SPLINE_CURVE_WITH_KNOTS((3,2,3),(-0.565486677646163,-0.282743338823081,
0.),.UNSPECIFIED.)
CURVE()
GEOMETRIC_REPRESENTATION_ITEM()
RATIONAL_B_SPLINE_CURVE((1.,0.707106781186548,1.,0.707106781186548,1.))
REPRESENTATION_ITEM('')
);
#63=(
BOUNDED_CURVE()
B_SPLINE_CURVE(2,(#4906,#4907,#4908,#4909,#4910),.UNSPECIFIED.,.F.,.F.)
B_SPLINE_CURVE_WITH_KNOTS((3,2,3),(0.565486677646163,0.848230016469244,
1.13097335529233),.UNSPECIFIED.)
CURVE()
GEOMETRIC_REPRESENTATION_ITEM()
RATIONAL_B_SPLINE_CURVE((1.,0.707106781186548,1.,0.707106781186548,1.))
REPRESENTATION_ITEM('')
);
#64=(
BOUNDED_CURVE()
B_SPLINE_CURVE(2,(#4911,#4912,#4913,#4914,#4915),.UNSPECIFIED.,.F.,.F.)
B_SPLINE_CURVE_WITH_KNOTS((3,2,3),(0.565486677646163,0.848230016469244,
1.13097335529233),.UNSPECIFIED.)
CURVE()
GEOMETRIC_REPRESENTATION_ITEM()
RATIONAL_B_SPLINE_CURVE((1.,0.707106781186548,1.,0.707106781186548,1.))
REPRESENTATION_ITEM('')
);
#65=(
BOUNDED_CURVE()
B_SPLINE_CURVE(2,(#4979,#4980,#4981),.UNSPECIFIED.,.F.,.F.)
B_SPLINE_CURVE_WITH_KNOTS((3,3),(-0.282743338823081,-1.11022302462516E-16),
 .UNSPECIFIED.)
CURVE()
GEOMETRIC_REPRESENTATION_ITEM()
RATIONAL_B_SPLINE_CURVE((1.,0.707106781186548,1.))
REPRESENTATION_ITEM('')
);
#66=(
BOUNDED_CURVE()
B_SPLINE_CURVE(2,(#4984,#4985,#4986,#4987,#4988),.UNSPECIFIED.,.F.,.F.)
B_SPLINE_CURVE_WITH_KNOTS((3,2,3),(-0.565486677646163,-0.282743338823081,
0.),.UNSPECIFIED.)
CURVE()
GEOMETRIC_REPRESENTATION_ITEM()
RATIONAL_B_SPLINE_CURVE((1.,0.707106781186548,1.,0.707106781186548,1.))
REPRESENTATION_ITEM('')
);
#67=(
BOUNDED_CURVE()
B_SPLINE_CURVE(2,(#4991,#4992,#4993),.UNSPECIFIED.,.F.,.F.)
B_SPLINE_CURVE_WITH_KNOTS((3,3),(1.11022302462516E-16,0.282743338823081),
 .UNSPECIFIED.)
CURVE()
GEOMETRIC_REPRESENTATION_ITEM()
RATIONAL_B_SPLINE_CURVE((1.,0.707106781186548,1.))
REPRESENTATION_ITEM('')
);
#68=(
BOUNDED_CURVE()
B_SPLINE_CURVE(2,(#4996,#4997,#4998,#4999,#5000),.UNSPECIFIED.,.F.,.F.)
B_SPLINE_CURVE_WITH_KNOTS((3,2,3),(-0.565486677646163,-0.282743338823081,
0.),.UNSPECIFIED.)
CURVE()
GEOMETRIC_REPRESENTATION_ITEM()
RATIONAL_B_SPLINE_CURVE((1.,0.707106781186548,1.,0.707106781186548,1.))
REPRESENTATION_ITEM('')
);
#69=(
BOUNDED_CURVE()
B_SPLINE_CURVE(2,(#5001,#5002,#5003,#5004,#5005),.UNSPECIFIED.,.F.,.F.)
B_SPLINE_CURVE_WITH_KNOTS((3,2,3),(0.565486677646163,0.848230016469244,
1.13097335529233),.UNSPECIFIED.)
CURVE()
GEOMETRIC_REPRESENTATION_ITEM()
RATIONAL_B_SPLINE_CURVE((1.,0.707106781186548,1.,0.707106781186548,1.))
REPRESENTATION_ITEM('')
);
#70=(
BOUNDED_CURVE()
B_SPLINE_CURVE(2,(#5006,#5007,#5008,#5009,#5010),.UNSPECIFIED.,.F.,.F.)
B_SPLINE_CURVE_WITH_KNOTS((3,2,3),(0.565486677646163,0.848230016469244,
1.13097335529233),.UNSPECIFIED.)
CURVE()
GEOMETRIC_REPRESENTATION_ITEM()
RATIONAL_B_SPLINE_CURVE((1.,0.707106781186548,1.,0.707106781186548,1.))
REPRESENTATION_ITEM('')
);
#71=(
BOUNDED_CURVE()
B_SPLINE_CURVE(2,(#5074,#5075,#5076),.UNSPECIFIED.,.F.,.F.)
B_SPLINE_CURVE_WITH_KNOTS((3,3),(-0.282743338823081,-1.11022302462516E-16),
 .UNSPECIFIED.)
CURVE()
GEOMETRIC_REPRESENTATION_ITEM()
RATIONAL_B_SPLINE_CURVE((1.,0.707106781186548,1.))
REPRESENTATION_ITEM('')
);
#72=(
BOUNDED_CURVE()
B_SPLINE_CURVE(2,(#5079,#5080,#5081,#5082,#5083),.UNSPECIFIED.,.F.,.F.)
B_SPLINE_CURVE_WITH_KNOTS((3,2,3),(-0.565486677646163,-0.282743338823081,
0.),.UNSPECIFIED.)
CURVE()
GEOMETRIC_REPRESENTATION_ITEM()
RATIONAL_B_SPLINE_CURVE((1.,0.707106781186548,1.,0.707106781186548,1.))
REPRESENTATION_ITEM('')
);
#73=(
BOUNDED_CURVE()
B_SPLINE_CURVE(2,(#5086,#5087,#5088),.UNSPECIFIED.,.F.,.F.)
B_SPLINE_CURVE_WITH_KNOTS((3,3),(1.11022302462516E-16,0.282743338823081),
 .UNSPECIFIED.)
CURVE()
GEOMETRIC_REPRESENTATION_ITEM()
RATIONAL_B_SPLINE_CURVE((1.,0.707106781186548,1.))
REPRESENTATION_ITEM('')
);
#74=(
BOUNDED_CURVE()
B_SPLINE_CURVE(2,(#5091,#5092,#5093,#5094,#5095),.UNSPECIFIED.,.F.,.F.)
B_SPLINE_CURVE_WITH_KNOTS((3,2,3),(-0.565486677646163,-0.282743338823081,
0.),.UNSPECIFIED.)
CURVE()
GEOMETRIC_REPRESENTATION_ITEM()
RATIONAL_B_SPLINE_CURVE((1.,0.707106781186548,1.,0.707106781186548,1.))
REPRESENTATION_ITEM('')
);
#75=(
BOUNDED_CURVE()
B_SPLINE_CURVE(2,(#5096,#5097,#5098,#5099,#5100),.UNSPECIFIED.,.F.,.F.)
B_SPLINE_CURVE_WITH_KNOTS((3,2,3),(0.565486677646163,0.848230016469244,
1.13097335529233),.UNSPECIFIED.)
CURVE()
GEOMETRIC_REPRESENTATION_ITEM()
RATIONAL_B_SPLINE_CURVE((1.,0.707106781186548,1.,0.707106781186548,1.))
REPRESENTATION_ITEM('')
);
#76=(
BOUNDED_CURVE()
B_SPLINE_CURVE(2,(#5101,#5102,#5103,#5104,#5105),.UNSPECIFIED.,.F.,.F.)
B_SPLINE_CURVE_WITH_KNOTS((3,2,3),(0.565486677646163,0.848230016469244,
1.13097335529233),.UNSPECIFIED.)
CURVE()
GEOMETRIC_REPRESENTATION_ITEM()
RATIONAL_B_SPLINE_CURVE((1.,0.707106781186548,1.,0.707106781186548,1.))
REPRESENTATION_ITEM('')
);
#77=(
BOUNDED_CURVE()
B_SPLINE_CURVE(2,(#5169,#5170,#5171),.UNSPECIFIED.,.F.,.F.)
B_SPLINE_CURVE_WITH_KNOTS((3,3),(-0.282743338823081,-1.11022302462516E-16),
 .UNSPECIFIED.)
CURVE()
GEOMETRIC_REPRESENTATION_ITEM()
RATIONAL_B_SPLINE_CURVE((1.,0.707106781186548,1.))
REPRESENTATION_ITEM('')
);
#78=(
BOUNDED_CURVE()
B_SPLINE_CURVE(2,(#5174,#5175,#5176,#5177,#5178),.UNSPECIFIED.,.F.,.F.)
B_SPLINE_CURVE_WITH_KNOTS((3,2,3),(-0.565486677646163,-0.282743338823081,
0.),.UNSPECIFIED.)
CURVE()
GEOMETRIC_REPRESENTATION_ITEM()
RATIONAL_B_SPLINE_CURVE((1.,0.707106781186548,1.,0.707106781186548,1.))
REPRESENTATION_ITEM('')
);
#79=(
BOUNDED_CURVE()
B_SPLINE_CURVE(2,(#5181,#5182,#5183),.UNSPECIFIED.,.F.,.F.)
B_SPLINE_CURVE_WITH_KNOTS((3,3),(1.11022302462516E-16,0.282743338823081),
 .UNSPECIFIED.)
CURVE()
GEOMETRIC_REPRESENTATION_ITEM()
RATIONAL_B_SPLINE_CURVE((1.,0.707106781186548,1.))
REPRESENTATION_ITEM('')
);
#80=(
BOUNDED_CURVE()
B_SPLINE_CURVE(2,(#5186,#5187,#5188,#5189,#5190),.UNSPECIFIED.,.F.,.F.)
B_SPLINE_CURVE_WITH_KNOTS((3,2,3),(-0.565486677646163,-0.282743338823081,
0.),.UNSPECIFIED.)
CURVE()
GEOMETRIC_REPRESENTATION_ITEM()
RATIONAL_B_SPLINE_CURVE((1.,0.707106781186548,1.,0.707106781186548,1.))
REPRESENTATION_ITEM('')
);
#81=(
BOUNDED_CURVE()
B_SPLINE_CURVE(2,(#5191,#5192,#5193,#5194,#5195),.UNSPECIFIED.,.F.,.F.)
B_SPLINE_CURVE_WITH_KNOTS((3,2,3),(0.565486677646163,0.848230016469244,
1.13097335529233),.UNSPECIFIED.)
CURVE()
GEOMETRIC_REPRESENTATION_ITEM()
RATIONAL_B_SPLINE_CURVE((1.,0.707106781186548,1.,0.707106781186548,1.))
REPRESENTATION_ITEM('')
);
#82=(
BOUNDED_CURVE()
B_SPLINE_CURVE(2,(#5196,#5197,#5198,#5199,#5200),.UNSPECIFIED.,.F.,.F.)
B_SPLINE_CURVE_WITH_KNOTS((3,2,3),(0.565486677646163,0.848230016469244,
1.13097335529233),.UNSPECIFIED.)
CURVE()
GEOMETRIC_REPRESENTATION_ITEM()
RATIONAL_B_SPLINE_CURVE((1.,0.707106781186548,1.,0.707106781186548,1.))
REPRESENTATION_ITEM('')
);
#83=(
BOUNDED_CURVE()
B_SPLINE_CURVE(2,(#5264,#5265,#5266),.UNSPECIFIED.,.F.,.F.)
B_SPLINE_CURVE_WITH_KNOTS((3,3),(-0.282743338823081,-1.11022302462516E-16),
 .UNSPECIFIED.)
CURVE()
GEOMETRIC_REPRESENTATION_ITEM()
RATIONAL_B_SPLINE_CURVE((1.,0.707106781186548,1.))
REPRESENTATION_ITEM('')
);
#84=(
BOUNDED_CURVE()
B_SPLINE_CURVE(2,(#5269,#5270,#5271,#5272,#5273),.UNSPECIFIED.,.F.,.F.)
B_SPLINE_CURVE_WITH_KNOTS((3,2,3),(-0.565486677646163,-0.282743338823081,
0.),.UNSPECIFIED.)
CURVE()
GEOMETRIC_REPRESENTATION_ITEM()
RATIONAL_B_SPLINE_CURVE((1.,0.707106781186548,1.,0.707106781186548,1.))
REPRESENTATION_ITEM('')
);
#85=(
BOUNDED_CURVE()
B_SPLINE_CURVE(2,(#5276,#5277,#5278),.UNSPECIFIED.,.F.,.F.)
B_SPLINE_CURVE_WITH_KNOTS((3,3),(1.11022302462516E-16,0.282743338823081),
 .UNSPECIFIED.)
CURVE()
GEOMETRIC_REPRESENTATION_ITEM()
RATIONAL_B_SPLINE_CURVE((1.,0.707106781186548,1.))
REPRESENTATION_ITEM('')
);
#86=(
BOUNDED_CURVE()
B_SPLINE_CURVE(2,(#5281,#5282,#5283,#5284,#5285),.UNSPECIFIED.,.F.,.F.)
B_SPLINE_CURVE_WITH_KNOTS((3,2,3),(-0.565486677646163,-0.282743338823081,
0.),.UNSPECIFIED.)
CURVE()
GEOMETRIC_REPRESENTATION_ITEM()
RATIONAL_B_SPLINE_CURVE((1.,0.707106781186548,1.,0.707106781186548,1.))
REPRESENTATION_ITEM('')
);
#87=(
BOUNDED_CURVE()
B_SPLINE_CURVE(2,(#5286,#5287,#5288,#5289,#5290),.UNSPECIFIED.,.F.,.F.)
B_SPLINE_CURVE_WITH_KNOTS((3,2,3),(0.565486677646163,0.848230016469244,
1.13097335529233),.UNSPECIFIED.)
CURVE()
GEOMETRIC_REPRESENTATION_ITEM()
RATIONAL_B_SPLINE_CURVE((1.,0.707106781186548,1.,0.707106781186548,1.))
REPRESENTATION_ITEM('')
);
#88=(
BOUNDED_CURVE()
B_SPLINE_CURVE(2,(#5291,#5292,#5293,#5294,#5295),.UNSPECIFIED.,.F.,.F.)
B_SPLINE_CURVE_WITH_KNOTS((3,2,3),(0.565486677646163,0.848230016469244,
1.13097335529233),.UNSPECIFIED.)
CURVE()
GEOMETRIC_REPRESENTATION_ITEM()
RATIONAL_B_SPLINE_CURVE((1.,0.707106781186548,1.,0.707106781186548,1.))
REPRESENTATION_ITEM('')
);
#89=(
BOUNDED_CURVE()
B_SPLINE_CURVE(2,(#5359,#5360,#5361),.UNSPECIFIED.,.F.,.F.)
B_SPLINE_CURVE_WITH_KNOTS((3,3),(-0.282743338823081,-1.11022302462516E-16),
 .UNSPECIFIED.)
CURVE()
GEOMETRIC_REPRESENTATION_ITEM()
RATIONAL_B_SPLINE_CURVE((1.,0.707106781186548,1.))
REPRESENTATION_ITEM('')
);
#90=(
BOUNDED_CURVE()
B_SPLINE_CURVE(2,(#5364,#5365,#5366,#5367,#5368),.UNSPECIFIED.,.F.,.F.)
B_SPLINE_CURVE_WITH_KNOTS((3,2,3),(-0.565486677646163,-0.282743338823081,
0.),.UNSPECIFIED.)
CURVE()
GEOMETRIC_REPRESENTATION_ITEM()
RATIONAL_B_SPLINE_CURVE((1.,0.707106781186548,1.,0.707106781186548,1.))
REPRESENTATION_ITEM('')
);
#91=(
BOUNDED_CURVE()
B_SPLINE_CURVE(2,(#5371,#5372,#5373),.UNSPECIFIED.,.F.,.F.)
B_SPLINE_CURVE_WITH_KNOTS((3,3),(1.11022302462516E-16,0.282743338823081),
 .UNSPECIFIED.)
CURVE()
GEOMETRIC_REPRESENTATION_ITEM()
RATIONAL_B_SPLINE_CURVE((1.,0.707106781186548,1.))
REPRESENTATION_ITEM('')
);
#92=(
BOUNDED_CURVE()
B_SPLINE_CURVE(2,(#5376,#5377,#5378,#5379,#5380),.UNSPECIFIED.,.F.,.F.)
B_SPLINE_CURVE_WITH_KNOTS((3,2,3),(-0.565486677646163,-0.282743338823081,
0.),.UNSPECIFIED.)
CURVE()
GEOMETRIC_REPRESENTATION_ITEM()
RATIONAL_B_SPLINE_CURVE((1.,0.707106781186548,1.,0.707106781186548,1.))
REPRESENTATION_ITEM('')
);
#93=(
BOUNDED_CURVE()
B_SPLINE_CURVE(2,(#5381,#5382,#5383,#5384,#5385),.UNSPECIFIED.,.F.,.F.)
B_SPLINE_CURVE_WITH_KNOTS((3,2,3),(0.565486677646163,0.848230016469244,
1.13097335529233),.UNSPECIFIED.)
CURVE()
GEOMETRIC_REPRESENTATION_ITEM()
RATIONAL_B_SPLINE_CURVE((1.,0.707106781186548,1.,0.707106781186548,1.))
REPRESENTATION_ITEM('')
);
#94=(
BOUNDED_CURVE()
B_SPLINE_CURVE(2,(#5386,#5387,#5388,#5389,#5390),.UNSPECIFIED.,.F.,.F.)
B_SPLINE_CURVE_WITH_KNOTS((3,2,3),(0.565486677646163,0.848230016469244,
1.13097335529233),.UNSPECIFIED.)
CURVE()
GEOMETRIC_REPRESENTATION_ITEM()
RATIONAL_B_SPLINE_CURVE((1.,0.707106781186548,1.,0.707106781186548,1.))
REPRESENTATION_ITEM('')
);
#95=(
BOUNDED_CURVE()
B_SPLINE_CURVE(2,(#5454,#5455,#5456),.UNSPECIFIED.,.F.,.F.)
B_SPLINE_CURVE_WITH_KNOTS((3,3),(-0.282743338823081,-1.11022302462516E-16),
 .UNSPECIFIED.)
CURVE()
GEOMETRIC_REPRESENTATION_ITEM()
RATIONAL_B_SPLINE_CURVE((1.,0.707106781186548,1.))
REPRESENTATION_ITEM('')
);
#96=(
BOUNDED_CURVE()
B_SPLINE_CURVE(2,(#5459,#5460,#5461,#5462,#5463),.UNSPECIFIED.,.F.,.F.)
B_SPLINE_CURVE_WITH_KNOTS((3,2,3),(-0.565486677646163,-0.282743338823081,
0.),.UNSPECIFIED.)
CURVE()
GEOMETRIC_REPRESENTATION_ITEM()
RATIONAL_B_SPLINE_CURVE((1.,0.707106781186548,1.,0.707106781186548,1.))
REPRESENTATION_ITEM('')
);
#97=(
BOUNDED_CURVE()
B_SPLINE_CURVE(2,(#5466,#5467,#5468),.UNSPECIFIED.,.F.,.F.)
B_SPLINE_CURVE_WITH_KNOTS((3,3),(1.11022302462516E-16,0.282743338823081),
 .UNSPECIFIED.)
CURVE()
GEOMETRIC_REPRESENTATION_ITEM()
RATIONAL_B_SPLINE_CURVE((1.,0.707106781186548,1.))
REPRESENTATION_ITEM('')
);
#98=(
BOUNDED_CURVE()
B_SPLINE_CURVE(2,(#5471,#5472,#5473,#5474,#5475),.UNSPECIFIED.,.F.,.F.)
B_SPLINE_CURVE_WITH_KNOTS((3,2,3),(-0.565486677646163,-0.282743338823081,
0.),.UNSPECIFIED.)
CURVE()
GEOMETRIC_REPRESENTATION_ITEM()
RATIONAL_B_SPLINE_CURVE((1.,0.707106781186548,1.,0.707106781186548,1.))
REPRESENTATION_ITEM('')
);
#99=(
BOUNDED_CURVE()
B_SPLINE_CURVE(2,(#5476,#5477,#5478,#5479,#5480),.UNSPECIFIED.,.F.,.F.)
B_SPLINE_CURVE_WITH_KNOTS((3,2,3),(0.565486677646163,0.848230016469244,
1.13097335529233),.UNSPECIFIED.)
CURVE()
GEOMETRIC_REPRESENTATION_ITEM()
RATIONAL_B_SPLINE_CURVE((1.,0.707106781186548,1.,0.707106781186548,1.))
REPRESENTATION_ITEM('')
);
#100=(
BOUNDED_CURVE()
B_SPLINE_CURVE(2,(#5481,#5482,#5483,#5484,#5485),.UNSPECIFIED.,.F.,.F.)
B_SPLINE_CURVE_WITH_KNOTS((3,2,3),(0.565486677646163,0.848230016469244,
1.13097335529233),.UNSPECIFIED.)
CURVE()
GEOMETRIC_REPRESENTATION_ITEM()
RATIONAL_B_SPLINE_CURVE((1.,0.707106781186548,1.,0.707106781186548,1.))
REPRESENTATION_ITEM('')
);
#101=(
BOUNDED_CURVE()
B_SPLINE_CURVE(2,(#5549,#5550,#5551),.UNSPECIFIED.,.F.,.F.)
B_SPLINE_CURVE_WITH_KNOTS((3,3),(-0.282743338823081,-1.11022302462516E-16),
 .UNSPECIFIED.)
CURVE()
GEOMETRIC_REPRESENTATION_ITEM()
RATIONAL_B_SPLINE_CURVE((1.,0.707106781186548,1.))
REPRESENTATION_ITEM('')
);
#102=(
BOUNDED_CURVE()
B_SPLINE_CURVE(2,(#5554,#5555,#5556,#5557,#5558),.UNSPECIFIED.,.F.,.F.)
B_SPLINE_CURVE_WITH_KNOTS((3,2,3),(-0.565486677646163,-0.282743338823081,
0.),.UNSPECIFIED.)
CURVE()
GEOMETRIC_REPRESENTATION_ITEM()
RATIONAL_B_SPLINE_CURVE((1.,0.707106781186548,1.,0.707106781186548,1.))
REPRESENTATION_ITEM('')
);
#103=(
BOUNDED_CURVE()
B_SPLINE_CURVE(2,(#5561,#5562,#5563),.UNSPECIFIED.,.F.,.F.)
B_SPLINE_CURVE_WITH_KNOTS((3,3),(1.11022302462516E-16,0.282743338823081),
 .UNSPECIFIED.)
CURVE()
GEOMETRIC_REPRESENTATION_ITEM()
RATIONAL_B_SPLINE_CURVE((1.,0.707106781186548,1.))
REPRESENTATION_ITEM('')
);
#104=(
BOUNDED_CURVE()
B_SPLINE_CURVE(2,(#5566,#5567,#5568,#5569,#5570),.UNSPECIFIED.,.F.,.F.)
B_SPLINE_CURVE_WITH_KNOTS((3,2,3),(-0.565486677646163,-0.282743338823081,
0.),.UNSPECIFIED.)
CURVE()
GEOMETRIC_REPRESENTATION_ITEM()
RATIONAL_B_SPLINE_CURVE((1.,0.707106781186548,1.,0.707106781186548,1.))
REPRESENTATION_ITEM('')
);
#105=(
BOUNDED_CURVE()
B_SPLINE_CURVE(2,(#5571,#5572,#5573,#5574,#5575),.UNSPECIFIED.,.F.,.F.)
B_SPLINE_CURVE_WITH_KNOTS((3,2,3),(0.565486677646163,0.848230016469244,
1.13097335529233),.UNSPECIFIED.)
CURVE()
GEOMETRIC_REPRESENTATION_ITEM()
RATIONAL_B_SPLINE_CURVE((1.,0.707106781186548,1.,0.707106781186548,1.))
REPRESENTATION_ITEM('')
);
#106=(
BOUNDED_CURVE()
B_SPLINE_CURVE(2,(#5576,#5577,#5578,#5579,#5580),.UNSPECIFIED.,.F.,.F.)
B_SPLINE_CURVE_WITH_KNOTS((3,2,3),(0.565486677646163,0.848230016469244,
1.13097335529233),.UNSPECIFIED.)
CURVE()
GEOMETRIC_REPRESENTATION_ITEM()
RATIONAL_B_SPLINE_CURVE((1.,0.707106781186548,1.,0.707106781186548,1.))
REPRESENTATION_ITEM('')
);
#107=(
BOUNDED_CURVE()
B_SPLINE_CURVE(2,(#5644,#5645,#5646),.UNSPECIFIED.,.F.,.F.)
B_SPLINE_CURVE_WITH_KNOTS((3,3),(-0.282743338823081,-1.11022302462516E-16),
 .UNSPECIFIED.)
CURVE()
GEOMETRIC_REPRESENTATION_ITEM()
RATIONAL_B_SPLINE_CURVE((1.,0.707106781186548,1.))
REPRESENTATION_ITEM('')
);
#108=(
BOUNDED_CURVE()
B_SPLINE_CURVE(2,(#5649,#5650,#5651,#5652,#5653),.UNSPECIFIED.,.F.,.F.)
B_SPLINE_CURVE_WITH_KNOTS((3,2,3),(-0.565486677646163,-0.282743338823081,
0.),.UNSPECIFIED.)
CURVE()
GEOMETRIC_REPRESENTATION_ITEM()
RATIONAL_B_SPLINE_CURVE((1.,0.707106781186548,1.,0.707106781186548,1.))
REPRESENTATION_ITEM('')
);
#109=(
BOUNDED_CURVE()
B_SPLINE_CURVE(2,(#5656,#5657,#5658),.UNSPECIFIED.,.F.,.F.)
B_SPLINE_CURVE_WITH_KNOTS((3,3),(1.11022302462516E-16,0.282743338823081),
 .UNSPECIFIED.)
CURVE()
GEOMETRIC_REPRESENTATION_ITEM()
RATIONAL_B_SPLINE_CURVE((1.,0.707106781186548,1.))
REPRESENTATION_ITEM('')
);
#110=(
BOUNDED_CURVE()
B_SPLINE_CURVE(2,(#5661,#5662,#5663,#5664,#5665),.UNSPECIFIED.,.F.,.F.)
B_SPLINE_CURVE_WITH_KNOTS((3,2,3),(-0.565486677646163,-0.282743338823081,
0.),.UNSPECIFIED.)
CURVE()
GEOMETRIC_REPRESENTATION_ITEM()
RATIONAL_B_SPLINE_CURVE((1.,0.707106781186548,1.,0.707106781186548,1.))
REPRESENTATION_ITEM('')
);
#111=(
BOUNDED_CURVE()
B_SPLINE_CURVE(2,(#5666,#5667,#5668,#5669,#5670),.UNSPECIFIED.,.F.,.F.)
B_SPLINE_CURVE_WITH_KNOTS((3,2,3),(0.565486677646163,0.848230016469244,
1.13097335529233),.UNSPECIFIED.)
CURVE()
GEOMETRIC_REPRESENTATION_ITEM()
RATIONAL_B_SPLINE_CURVE((1.,0.707106781186548,1.,0.707106781186548,1.))
REPRESENTATION_ITEM('')
);
#112=(
BOUNDED_CURVE()
B_SPLINE_CURVE(2,(#5671,#5672,#5673,#5674,#5675),.UNSPECIFIED.,.F.,.F.)
B_SPLINE_CURVE_WITH_KNOTS((3,2,3),(0.565486677646163,0.848230016469244,
1.13097335529233),.UNSPECIFIED.)
CURVE()
GEOMETRIC_REPRESENTATION_ITEM()
RATIONAL_B_SPLINE_CURVE((1.,0.707106781186548,1.,0.707106781186548,1.))
REPRESENTATION_ITEM('')
);
#113=(
BOUNDED_CURVE()
B_SPLINE_CURVE(2,(#5739,#5740,#5741),.UNSPECIFIED.,.F.,.F.)
B_SPLINE_CURVE_WITH_KNOTS((3,3),(-0.282743338823081,-1.11022302462516E-16),
 .UNSPECIFIED.)
CURVE()
GEOMETRIC_REPRESENTATION_ITEM()
RATIONAL_B_SPLINE_CURVE((1.,0.707106781186548,1.))
REPRESENTATION_ITEM('')
);
#114=(
BOUNDED_CURVE()
B_SPLINE_CURVE(2,(#5744,#5745,#5746,#5747,#5748),.UNSPECIFIED.,.F.,.F.)
B_SPLINE_CURVE_WITH_KNOTS((3,2,3),(-0.565486677646163,-0.282743338823081,
0.),.UNSPECIFIED.)
CURVE()
GEOMETRIC_REPRESENTATION_ITEM()
RATIONAL_B_SPLINE_CURVE((1.,0.707106781186548,1.,0.707106781186548,1.))
REPRESENTATION_ITEM('')
);
#115=(
BOUNDED_CURVE()
B_SPLINE_CURVE(2,(#5751,#5752,#5753),.UNSPECIFIED.,.F.,.F.)
B_SPLINE_CURVE_WITH_KNOTS((3,3),(1.11022302462516E-16,0.282743338823081),
 .UNSPECIFIED.)
CURVE()
GEOMETRIC_REPRESENTATION_ITEM()
RATIONAL_B_SPLINE_CURVE((1.,0.707106781186548,1.))
REPRESENTATION_ITEM('')
);
#116=(
BOUNDED_CURVE()
B_SPLINE_CURVE(2,(#5756,#5757,#5758,#5759,#5760),.UNSPECIFIED.,.F.,.F.)
B_SPLINE_CURVE_WITH_KNOTS((3,2,3),(-0.565486677646163,-0.282743338823081,
0.),.UNSPECIFIED.)
CURVE()
GEOMETRIC_REPRESENTATION_ITEM()
RATIONAL_B_SPLINE_CURVE((1.,0.707106781186548,1.,0.707106781186548,1.))
REPRESENTATION_ITEM('')
);
#117=(
BOUNDED_CURVE()
B_SPLINE_CURVE(2,(#5761,#5762,#5763,#5764,#5765),.UNSPECIFIED.,.F.,.F.)
B_SPLINE_CURVE_WITH_KNOTS((3,2,3),(0.565486677646163,0.848230016469244,
1.13097335529233),.UNSPECIFIED.)
CURVE()
GEOMETRIC_REPRESENTATION_ITEM()
RATIONAL_B_SPLINE_CURVE((1.,0.707106781186548,1.,0.707106781186548,1.))
REPRESENTATION_ITEM('')
);
#118=(
BOUNDED_CURVE()
B_SPLINE_CURVE(2,(#5766,#5767,#5768,#5769,#5770),.UNSPECIFIED.,.F.,.F.)
B_SPLINE_CURVE_WITH_KNOTS((3,2,3),(0.565486677646163,0.848230016469244,
1.13097335529233),.UNSPECIFIED.)
CURVE()
GEOMETRIC_REPRESENTATION_ITEM()
RATIONAL_B_SPLINE_CURVE((1.,0.707106781186548,1.,0.707106781186548,1.))
REPRESENTATION_ITEM('')
);
#119=(
BOUNDED_CURVE()
B_SPLINE_CURVE(2,(#5834,#5835,#5836),.UNSPECIFIED.,.F.,.F.)
B_SPLINE_CURVE_WITH_KNOTS((3,3),(-0.282743338823081,-1.11022302462516E-16),
 .UNSPECIFIED.)
CURVE()
GEOMETRIC_REPRESENTATION_ITEM()
RATIONAL_B_SPLINE_CURVE((1.,0.707106781186548,1.))
REPRESENTATION_ITEM('')
);
#120=(
BOUNDED_CURVE()
B_SPLINE_CURVE(2,(#5839,#5840,#5841,#5842,#5843),.UNSPECIFIED.,.F.,.F.)
B_SPLINE_CURVE_WITH_KNOTS((3,2,3),(-0.565486677646163,-0.282743338823081,
0.),.UNSPECIFIED.)
CURVE()
GEOMETRIC_REPRESENTATION_ITEM()
RATIONAL_B_SPLINE_CURVE((1.,0.707106781186548,1.,0.707106781186548,1.))
REPRESENTATION_ITEM('')
);
#121=(
BOUNDED_CURVE()
B_SPLINE_CURVE(2,(#5846,#5847,#5848),.UNSPECIFIED.,.F.,.F.)
B_SPLINE_CURVE_WITH_KNOTS((3,3),(1.11022302462516E-16,0.282743338823081),
 .UNSPECIFIED.)
CURVE()
GEOMETRIC_REPRESENTATION_ITEM()
RATIONAL_B_SPLINE_CURVE((1.,0.707106781186548,1.))
REPRESENTATION_ITEM('')
);
#122=(
BOUNDED_CURVE()
B_SPLINE_CURVE(2,(#5851,#5852,#5853,#5854,#5855),.UNSPECIFIED.,.F.,.F.)
B_SPLINE_CURVE_WITH_KNOTS((3,2,3),(-0.565486677646163,-0.282743338823081,
0.),.UNSPECIFIED.)
CURVE()
GEOMETRIC_REPRESENTATION_ITEM()
RATIONAL_B_SPLINE_CURVE((1.,0.707106781186548,1.,0.707106781186548,1.))
REPRESENTATION_ITEM('')
);
#123=(
BOUNDED_CURVE()
B_SPLINE_CURVE(2,(#5856,#5857,#5858,#5859,#5860),.UNSPECIFIED.,.F.,.F.)
B_SPLINE_CURVE_WITH_KNOTS((3,2,3),(0.565486677646163,0.848230016469244,
1.13097335529233),.UNSPECIFIED.)
CURVE()
GEOMETRIC_REPRESENTATION_ITEM()
RATIONAL_B_SPLINE_CURVE((1.,0.707106781186548,1.,0.707106781186548,1.))
REPRESENTATION_ITEM('')
);
#124=(
BOUNDED_CURVE()
B_SPLINE_CURVE(2,(#5861,#5862,#5863,#5864,#5865),.UNSPECIFIED.,.F.,.F.)
B_SPLINE_CURVE_WITH_KNOTS((3,2,3),(0.565486677646163,0.848230016469244,
1.13097335529233),.UNSPECIFIED.)
CURVE()
GEOMETRIC_REPRESENTATION_ITEM()
RATIONAL_B_SPLINE_CURVE((1.,0.707106781186548,1.,0.707106781186548,1.))
REPRESENTATION_ITEM('')
);
#125=(
BOUNDED_CURVE()
B_SPLINE_CURVE(2,(#5929,#5930,#5931),.UNSPECIFIED.,.F.,.F.)
B_SPLINE_CURVE_WITH_KNOTS((3,3),(-0.282743338823081,-1.11022302462516E-16),
 .UNSPECIFIED.)
CURVE()
GEOMETRIC_REPRESENTATION_ITEM()
RATIONAL_B_SPLINE_CURVE((1.,0.707106781186548,1.))
REPRESENTATION_ITEM('')
);
#126=(
BOUNDED_CURVE()
B_SPLINE_CURVE(2,(#5934,#5935,#5936,#5937,#5938),.UNSPECIFIED.,.F.,.F.)
B_SPLINE_CURVE_WITH_KNOTS((3,2,3),(-0.565486677646163,-0.282743338823081,
0.),.UNSPECIFIED.)
CURVE()
GEOMETRIC_REPRESENTATION_ITEM()
RATIONAL_B_SPLINE_CURVE((1.,0.707106781186548,1.,0.707106781186548,1.))
REPRESENTATION_ITEM('')
);
#127=(
BOUNDED_CURVE()
B_SPLINE_CURVE(2,(#5941,#5942,#5943),.UNSPECIFIED.,.F.,.F.)
B_SPLINE_CURVE_WITH_KNOTS((3,3),(1.11022302462516E-16,0.282743338823081),
 .UNSPECIFIED.)
CURVE()
GEOMETRIC_REPRESENTATION_ITEM()
RATIONAL_B_SPLINE_CURVE((1.,0.707106781186548,1.))
REPRESENTATION_ITEM('')
);
#128=(
BOUNDED_CURVE()
B_SPLINE_CURVE(2,(#5946,#5947,#5948,#5949,#5950),.UNSPECIFIED.,.F.,.F.)
B_SPLINE_CURVE_WITH_KNOTS((3,2,3),(-0.565486677646163,-0.282743338823081,
0.),.UNSPECIFIED.)
CURVE()
GEOMETRIC_REPRESENTATION_ITEM()
RATIONAL_B_SPLINE_CURVE((1.,0.707106781186548,1.,0.707106781186548,1.))
REPRESENTATION_ITEM('')
);
#129=(
BOUNDED_CURVE()
B_SPLINE_CURVE(2,(#5951,#5952,#5953,#5954,#5955),.UNSPECIFIED.,.F.,.F.)
B_SPLINE_CURVE_WITH_KNOTS((3,2,3),(0.565486677646163,0.848230016469244,
1.13097335529233),.UNSPECIFIED.)
CURVE()
GEOMETRIC_REPRESENTATION_ITEM()
RATIONAL_B_SPLINE_CURVE((1.,0.707106781186548,1.,0.707106781186548,1.))
REPRESENTATION_ITEM('')
);
#130=(
BOUNDED_CURVE()
B_SPLINE_CURVE(2,(#5956,#5957,#5958,#5959,#5960),.UNSPECIFIED.,.F.,.F.)
B_SPLINE_CURVE_WITH_KNOTS((3,2,3),(0.565486677646163,0.848230016469244,
1.13097335529233),.UNSPECIFIED.)
CURVE()
GEOMETRIC_REPRESENTATION_ITEM()
RATIONAL_B_SPLINE_CURVE((1.,0.707106781186548,1.,0.707106781186548,1.))
REPRESENTATION_ITEM('')
);
#131=(
BOUNDED_CURVE()
B_SPLINE_CURVE(2,(#6024,#6025,#6026),.UNSPECIFIED.,.F.,.F.)
B_SPLINE_CURVE_WITH_KNOTS((3,3),(-0.282743338823081,-1.11022302462516E-16),
 .UNSPECIFIED.)
CURVE()
GEOMETRIC_REPRESENTATION_ITEM()
RATIONAL_B_SPLINE_CURVE((1.,0.707106781186548,1.))
REPRESENTATION_ITEM('')
);
#132=(
BOUNDED_CURVE()
B_SPLINE_CURVE(2,(#6029,#6030,#6031,#6032,#6033),.UNSPECIFIED.,.F.,.F.)
B_SPLINE_CURVE_WITH_KNOTS((3,2,3),(-0.565486677646163,-0.282743338823081,
0.),.UNSPECIFIED.)
CURVE()
GEOMETRIC_REPRESENTATION_ITEM()
RATIONAL_B_SPLINE_CURVE((1.,0.707106781186548,1.,0.707106781186548,1.))
REPRESENTATION_ITEM('')
);
#133=(
BOUNDED_CURVE()
B_SPLINE_CURVE(2,(#6036,#6037,#6038),.UNSPECIFIED.,.F.,.F.)
B_SPLINE_CURVE_WITH_KNOTS((3,3),(1.11022302462516E-16,0.282743338823081),
 .UNSPECIFIED.)
CURVE()
GEOMETRIC_REPRESENTATION_ITEM()
RATIONAL_B_SPLINE_CURVE((1.,0.707106781186548,1.))
REPRESENTATION_ITEM('')
);
#134=(
BOUNDED_CURVE()
B_SPLINE_CURVE(2,(#6041,#6042,#6043,#6044,#6045),.UNSPECIFIED.,.F.,.F.)
B_SPLINE_CURVE_WITH_KNOTS((3,2,3),(-0.565486677646163,-0.282743338823081,
0.),.UNSPECIFIED.)
CURVE()
GEOMETRIC_REPRESENTATION_ITEM()
RATIONAL_B_SPLINE_CURVE((1.,0.707106781186548,1.,0.707106781186548,1.))
REPRESENTATION_ITEM('')
);
#135=(
BOUNDED_CURVE()
B_SPLINE_CURVE(2,(#6046,#6047,#6048,#6049,#6050),.UNSPECIFIED.,.F.,.F.)
B_SPLINE_CURVE_WITH_KNOTS((3,2,3),(0.565486677646163,0.848230016469244,
1.13097335529233),.UNSPECIFIED.)
CURVE()
GEOMETRIC_REPRESENTATION_ITEM()
RATIONAL_B_SPLINE_CURVE((1.,0.707106781186548,1.,0.707106781186548,1.))
REPRESENTATION_ITEM('')
);
#136=(
BOUNDED_CURVE()
B_SPLINE_CURVE(2,(#6051,#6052,#6053,#6054,#6055),.UNSPECIFIED.,.F.,.F.)
B_SPLINE_CURVE_WITH_KNOTS((3,2,3),(0.565486677646163,0.848230016469244,
1.13097335529233),.UNSPECIFIED.)
CURVE()
GEOMETRIC_REPRESENTATION_ITEM()
RATIONAL_B_SPLINE_CURVE((1.,0.707106781186548,1.,0.707106781186548,1.))
REPRESENTATION_ITEM('')
);
#137=(
BOUNDED_CURVE()
B_SPLINE_CURVE(2,(#6119,#6120,#6121),.UNSPECIFIED.,.F.,.F.)
B_SPLINE_CURVE_WITH_KNOTS((3,3),(-0.282743338823081,-1.11022302462516E-16),
 .UNSPECIFIED.)
CURVE()
GEOMETRIC_REPRESENTATION_ITEM()
RATIONAL_B_SPLINE_CURVE((1.,0.707106781186548,1.))
REPRESENTATION_ITEM('')
);
#138=(
BOUNDED_CURVE()
B_SPLINE_CURVE(2,(#6124,#6125,#6126,#6127,#6128),.UNSPECIFIED.,.F.,.F.)
B_SPLINE_CURVE_WITH_KNOTS((3,2,3),(-0.565486677646163,-0.282743338823081,
0.),.UNSPECIFIED.)
CURVE()
GEOMETRIC_REPRESENTATION_ITEM()
RATIONAL_B_SPLINE_CURVE((1.,0.707106781186548,1.,0.707106781186548,1.))
REPRESENTATION_ITEM('')
);
#139=(
BOUNDED_CURVE()
B_SPLINE_CURVE(2,(#6131,#6132,#6133),.UNSPECIFIED.,.F.,.F.)
B_SPLINE_CURVE_WITH_KNOTS((3,3),(1.11022302462516E-16,0.282743338823081),
 .UNSPECIFIED.)
CURVE()
GEOMETRIC_REPRESENTATION_ITEM()
RATIONAL_B_SPLINE_CURVE((1.,0.707106781186548,1.))
REPRESENTATION_ITEM('')
);
#140=(
BOUNDED_CURVE()
B_SPLINE_CURVE(2,(#6136,#6137,#6138,#6139,#6140),.UNSPECIFIED.,.F.,.F.)
B_SPLINE_CURVE_WITH_KNOTS((3,2,3),(-0.565486677646163,-0.282743338823081,
0.),.UNSPECIFIED.)
CURVE()
GEOMETRIC_REPRESENTATION_ITEM()
RATIONAL_B_SPLINE_CURVE((1.,0.707106781186548,1.,0.707106781186548,1.))
REPRESENTATION_ITEM('')
);
#141=(
BOUNDED_CURVE()
B_SPLINE_CURVE(2,(#6141,#6142,#6143,#6144,#6145),.UNSPECIFIED.,.F.,.F.)
B_SPLINE_CURVE_WITH_KNOTS((3,2,3),(0.565486677646163,0.848230016469244,
1.13097335529233),.UNSPECIFIED.)
CURVE()
GEOMETRIC_REPRESENTATION_ITEM()
RATIONAL_B_SPLINE_CURVE((1.,0.707106781186548,1.,0.707106781186548,1.))
REPRESENTATION_ITEM('')
);
#142=(
BOUNDED_CURVE()
B_SPLINE_CURVE(2,(#6146,#6147,#6148,#6149,#6150),.UNSPECIFIED.,.F.,.F.)
B_SPLINE_CURVE_WITH_KNOTS((3,2,3),(0.565486677646163,0.848230016469244,
1.13097335529233),.UNSPECIFIED.)
CURVE()
GEOMETRIC_REPRESENTATION_ITEM()
RATIONAL_B_SPLINE_CURVE((1.,0.707106781186548,1.,0.707106781186548,1.))
REPRESENTATION_ITEM('')
);
#143=(
BOUNDED_CURVE()
B_SPLINE_CURVE(2,(#6214,#6215,#6216),.UNSPECIFIED.,.F.,.F.)
B_SPLINE_CURVE_WITH_KNOTS((3,3),(-0.282743338823081,-1.11022302462516E-16),
 .UNSPECIFIED.)
CURVE()
GEOMETRIC_REPRESENTATION_ITEM()
RATIONAL_B_SPLINE_CURVE((1.,0.707106781186548,1.))
REPRESENTATION_ITEM('')
);
#144=(
BOUNDED_CURVE()
B_SPLINE_CURVE(2,(#6219,#6220,#6221,#6222,#6223),.UNSPECIFIED.,.F.,.F.)
B_SPLINE_CURVE_WITH_KNOTS((3,2,3),(-0.565486677646163,-0.282743338823081,
0.),.UNSPECIFIED.)
CURVE()
GEOMETRIC_REPRESENTATION_ITEM()
RATIONAL_B_SPLINE_CURVE((1.,0.707106781186548,1.,0.707106781186548,1.))
REPRESENTATION_ITEM('')
);
#145=(
BOUNDED_CURVE()
B_SPLINE_CURVE(2,(#6226,#6227,#6228),.UNSPECIFIED.,.F.,.F.)
B_SPLINE_CURVE_WITH_KNOTS((3,3),(1.11022302462516E-16,0.282743338823081),
 .UNSPECIFIED.)
CURVE()
GEOMETRIC_REPRESENTATION_ITEM()
RATIONAL_B_SPLINE_CURVE((1.,0.707106781186548,1.))
REPRESENTATION_ITEM('')
);
#146=(
BOUNDED_CURVE()
B_SPLINE_CURVE(2,(#6231,#6232,#6233,#6234,#6235),.UNSPECIFIED.,.F.,.F.)
B_SPLINE_CURVE_WITH_KNOTS((3,2,3),(-0.565486677646163,-0.282743338823081,
0.),.UNSPECIFIED.)
CURVE()
GEOMETRIC_REPRESENTATION_ITEM()
RATIONAL_B_SPLINE_CURVE((1.,0.707106781186548,1.,0.707106781186548,1.))
REPRESENTATION_ITEM('')
);
#147=(
BOUNDED_CURVE()
B_SPLINE_CURVE(2,(#6236,#6237,#6238,#6239,#6240),.UNSPECIFIED.,.F.,.F.)
B_SPLINE_CURVE_WITH_KNOTS((3,2,3),(0.565486677646163,0.848230016469244,
1.13097335529233),.UNSPECIFIED.)
CURVE()
GEOMETRIC_REPRESENTATION_ITEM()
RATIONAL_B_SPLINE_CURVE((1.,0.707106781186548,1.,0.707106781186548,1.))
REPRESENTATION_ITEM('')
);
#148=(
BOUNDED_CURVE()
B_SPLINE_CURVE(2,(#6241,#6242,#6243,#6244,#6245),.UNSPECIFIED.,.F.,.F.)
B_SPLINE_CURVE_WITH_KNOTS((3,2,3),(0.565486677646163,0.848230016469244,
1.13097335529233),.UNSPECIFIED.)
CURVE()
GEOMETRIC_REPRESENTATION_ITEM()
RATIONAL_B_SPLINE_CURVE((1.,0.707106781186548,1.,0.707106781186548,1.))
REPRESENTATION_ITEM('')
);
#149=(
BOUNDED_CURVE()
B_SPLINE_CURVE(2,(#6309,#6310,#6311),.UNSPECIFIED.,.F.,.F.)
B_SPLINE_CURVE_WITH_KNOTS((3,3),(-0.282743338823081,-1.11022302462516E-16),
 .UNSPECIFIED.)
CURVE()
GEOMETRIC_REPRESENTATION_ITEM()
RATIONAL_B_SPLINE_CURVE((1.,0.707106781186548,1.))
REPRESENTATION_ITEM('')
);
#150=(
BOUNDED_CURVE()
B_SPLINE_CURVE(2,(#6314,#6315,#6316,#6317,#6318),.UNSPECIFIED.,.F.,.F.)
B_SPLINE_CURVE_WITH_KNOTS((3,2,3),(-0.565486677646163,-0.282743338823081,
0.),.UNSPECIFIED.)
CURVE()
GEOMETRIC_REPRESENTATION_ITEM()
RATIONAL_B_SPLINE_CURVE((1.,0.707106781186548,1.,0.707106781186548,1.))
REPRESENTATION_ITEM('')
);
#151=(
BOUNDED_CURVE()
B_SPLINE_CURVE(2,(#6321,#6322,#6323),.UNSPECIFIED.,.F.,.F.)
B_SPLINE_CURVE_WITH_KNOTS((3,3),(1.11022302462516E-16,0.282743338823081),
 .UNSPECIFIED.)
CURVE()
GEOMETRIC_REPRESENTATION_ITEM()
RATIONAL_B_SPLINE_CURVE((1.,0.707106781186548,1.))
REPRESENTATION_ITEM('')
);
#152=(
BOUNDED_CURVE()
B_SPLINE_CURVE(2,(#6326,#6327,#6328,#6329,#6330),.UNSPECIFIED.,.F.,.F.)
B_SPLINE_CURVE_WITH_KNOTS((3,2,3),(-0.565486677646163,-0.282743338823081,
0.),.UNSPECIFIED.)
CURVE()
GEOMETRIC_REPRESENTATION_ITEM()
RATIONAL_B_SPLINE_CURVE((1.,0.707106781186548,1.,0.707106781186548,1.))
REPRESENTATION_ITEM('')
);
#153=(
BOUNDED_CURVE()
B_SPLINE_CURVE(2,(#6331,#6332,#6333,#6334,#6335),.UNSPECIFIED.,.F.,.F.)
B_SPLINE_CURVE_WITH_KNOTS((3,2,3),(0.565486677646163,0.848230016469244,
1.13097335529233),.UNSPECIFIED.)
CURVE()
GEOMETRIC_REPRESENTATION_ITEM()
RATIONAL_B_SPLINE_CURVE((1.,0.707106781186548,1.,0.707106781186548,1.))
REPRESENTATION_ITEM('')
);
#154=(
BOUNDED_CURVE()
B_SPLINE_CURVE(2,(#6336,#6337,#6338,#6339,#6340),.UNSPECIFIED.,.F.,.F.)
B_SPLINE_CURVE_WITH_KNOTS((3,2,3),(0.565486677646163,0.848230016469244,
1.13097335529233),.UNSPECIFIED.)
CURVE()
GEOMETRIC_REPRESENTATION_ITEM()
RATIONAL_B_SPLINE_CURVE((1.,0.707106781186548,1.,0.707106781186548,1.))
REPRESENTATION_ITEM('')
);
#155=(
BOUNDED_CURVE()
B_SPLINE_CURVE(2,(#6404,#6405,#6406),.UNSPECIFIED.,.F.,.F.)
B_SPLINE_CURVE_WITH_KNOTS((3,3),(-0.282743338823081,-1.11022302462516E-16),
 .UNSPECIFIED.)
CURVE()
GEOMETRIC_REPRESENTATION_ITEM()
RATIONAL_B_SPLINE_CURVE((1.,0.707106781186548,1.))
REPRESENTATION_ITEM('')
);
#156=(
BOUNDED_CURVE()
B_SPLINE_CURVE(2,(#6409,#6410,#6411,#6412,#6413),.UNSPECIFIED.,.F.,.F.)
B_SPLINE_CURVE_WITH_KNOTS((3,2,3),(-0.565486677646163,-0.282743338823081,
0.),.UNSPECIFIED.)
CURVE()
GEOMETRIC_REPRESENTATION_ITEM()
RATIONAL_B_SPLINE_CURVE((1.,0.707106781186548,1.,0.707106781186548,1.))
REPRESENTATION_ITEM('')
);
#157=(
BOUNDED_CURVE()
B_SPLINE_CURVE(2,(#6416,#6417,#6418),.UNSPECIFIED.,.F.,.F.)
B_SPLINE_CURVE_WITH_KNOTS((3,3),(1.11022302462516E-16,0.282743338823081),
 .UNSPECIFIED.)
CURVE()
GEOMETRIC_REPRESENTATION_ITEM()
RATIONAL_B_SPLINE_CURVE((1.,0.707106781186548,1.))
REPRESENTATION_ITEM('')
);
#158=(
BOUNDED_CURVE()
B_SPLINE_CURVE(2,(#6421,#6422,#6423,#6424,#6425),.UNSPECIFIED.,.F.,.F.)
B_SPLINE_CURVE_WITH_KNOTS((3,2,3),(-0.565486677646163,-0.282743338823081,
0.),.UNSPECIFIED.)
CURVE()
GEOMETRIC_REPRESENTATION_ITEM()
RATIONAL_B_SPLINE_CURVE((1.,0.707106781186548,1.,0.707106781186548,1.))
REPRESENTATION_ITEM('')
);
#159=(
BOUNDED_CURVE()
B_SPLINE_CURVE(2,(#6426,#6427,#6428,#6429,#6430),.UNSPECIFIED.,.F.,.F.)
B_SPLINE_CURVE_WITH_KNOTS((3,2,3),(0.565486677646163,0.848230016469244,
1.13097335529233),.UNSPECIFIED.)
CURVE()
GEOMETRIC_REPRESENTATION_ITEM()
RATIONAL_B_SPLINE_CURVE((1.,0.707106781186548,1.,0.707106781186548,1.))
REPRESENTATION_ITEM('')
);
#160=(
BOUNDED_CURVE()
B_SPLINE_CURVE(2,(#6431,#6432,#6433,#6434,#6435),.UNSPECIFIED.,.F.,.F.)
B_SPLINE_CURVE_WITH_KNOTS((3,2,3),(0.565486677646163,0.848230016469244,
1.13097335529233),.UNSPECIFIED.)
CURVE()
GEOMETRIC_REPRESENTATION_ITEM()
RATIONAL_B_SPLINE_CURVE((1.,0.707106781186548,1.,0.707106781186548,1.))
REPRESENTATION_ITEM('')
);
#161=(
BOUNDED_CURVE()
B_SPLINE_CURVE(2,(#6499,#6500,#6501),.UNSPECIFIED.,.F.,.F.)
B_SPLINE_CURVE_WITH_KNOTS((3,3),(-0.282743338823081,-1.11022302462516E-16),
 .UNSPECIFIED.)
CURVE()
GEOMETRIC_REPRESENTATION_ITEM()
RATIONAL_B_SPLINE_CURVE((1.,0.707106781186548,1.))
REPRESENTATION_ITEM('')
);
#162=(
BOUNDED_CURVE()
B_SPLINE_CURVE(2,(#6504,#6505,#6506,#6507,#6508),.UNSPECIFIED.,.F.,.F.)
B_SPLINE_CURVE_WITH_KNOTS((3,2,3),(-0.565486677646163,-0.282743338823081,
0.),.UNSPECIFIED.)
CURVE()
GEOMETRIC_REPRESENTATION_ITEM()
RATIONAL_B_SPLINE_CURVE((1.,0.707106781186548,1.,0.707106781186548,1.))
REPRESENTATION_ITEM('')
);
#163=(
BOUNDED_CURVE()
B_SPLINE_CURVE(2,(#6511,#6512,#6513),.UNSPECIFIED.,.F.,.F.)
B_SPLINE_CURVE_WITH_KNOTS((3,3),(1.11022302462516E-16,0.282743338823081),
 .UNSPECIFIED.)
CURVE()
GEOMETRIC_REPRESENTATION_ITEM()
RATIONAL_B_SPLINE_CURVE((1.,0.707106781186548,1.))
REPRESENTATION_ITEM('')
);
#164=(
BOUNDED_CURVE()
B_SPLINE_CURVE(2,(#6516,#6517,#6518,#6519,#6520),.UNSPECIFIED.,.F.,.F.)
B_SPLINE_CURVE_WITH_KNOTS((3,2,3),(-0.565486677646163,-0.282743338823081,
0.),.UNSPECIFIED.)
CURVE()
GEOMETRIC_REPRESENTATION_ITEM()
RATIONAL_B_SPLINE_CURVE((1.,0.707106781186548,1.,0.707106781186548,1.))
REPRESENTATION_ITEM('')
);
#165=(
BOUNDED_CURVE()
B_SPLINE_CURVE(2,(#6521,#6522,#6523,#6524,#6525),.UNSPECIFIED.,.F.,.F.)
B_SPLINE_CURVE_WITH_KNOTS((3,2,3),(0.565486677646163,0.848230016469244,
1.13097335529233),.UNSPECIFIED.)
CURVE()
GEOMETRIC_REPRESENTATION_ITEM()
RATIONAL_B_SPLINE_CURVE((1.,0.707106781186548,1.,0.707106781186548,1.))
REPRESENTATION_ITEM('')
);
#166=(
BOUNDED_CURVE()
B_SPLINE_CURVE(2,(#6526,#6527,#6528,#6529,#6530),.UNSPECIFIED.,.F.,.F.)
B_SPLINE_CURVE_WITH_KNOTS((3,2,3),(0.565486677646163,0.848230016469244,
1.13097335529233),.UNSPECIFIED.)
CURVE()
GEOMETRIC_REPRESENTATION_ITEM()
RATIONAL_B_SPLINE_CURVE((1.,0.707106781186548,1.,0.707106781186548,1.))
REPRESENTATION_ITEM('')
);
#167=(
BOUNDED_CURVE()
B_SPLINE_CURVE(2,(#6594,#6595,#6596),.UNSPECIFIED.,.F.,.F.)
B_SPLINE_CURVE_WITH_KNOTS((3,3),(-0.282743338823081,-1.11022302462516E-16),
 .UNSPECIFIED.)
CURVE()
GEOMETRIC_REPRESENTATION_ITEM()
RATIONAL_B_SPLINE_CURVE((1.,0.707106781186548,1.))
REPRESENTATION_ITEM('')
);
#168=(
BOUNDED_CURVE()
B_SPLINE_CURVE(2,(#6599,#6600,#6601,#6602,#6603),.UNSPECIFIED.,.F.,.F.)
B_SPLINE_CURVE_WITH_KNOTS((3,2,3),(-0.565486677646163,-0.282743338823081,
0.),.UNSPECIFIED.)
CURVE()
GEOMETRIC_REPRESENTATION_ITEM()
RATIONAL_B_SPLINE_CURVE((1.,0.707106781186548,1.,0.707106781186548,1.))
REPRESENTATION_ITEM('')
);
#169=(
BOUNDED_CURVE()
B_SPLINE_CURVE(2,(#6606,#6607,#6608),.UNSPECIFIED.,.F.,.F.)
B_SPLINE_CURVE_WITH_KNOTS((3,3),(1.11022302462516E-16,0.282743338823081),
 .UNSPECIFIED.)
CURVE()
GEOMETRIC_REPRESENTATION_ITEM()
RATIONAL_B_SPLINE_CURVE((1.,0.707106781186548,1.))
REPRESENTATION_ITEM('')
);
#170=(
BOUNDED_CURVE()
B_SPLINE_CURVE(2,(#6611,#6612,#6613,#6614,#6615),.UNSPECIFIED.,.F.,.F.)
B_SPLINE_CURVE_WITH_KNOTS((3,2,3),(-0.565486677646163,-0.282743338823081,
0.),.UNSPECIFIED.)
CURVE()
GEOMETRIC_REPRESENTATION_ITEM()
RATIONAL_B_SPLINE_CURVE((1.,0.707106781186548,1.,0.707106781186548,1.))
REPRESENTATION_ITEM('')
);
#171=(
BOUNDED_CURVE()
B_SPLINE_CURVE(2,(#6616,#6617,#6618,#6619,#6620),.UNSPECIFIED.,.F.,.F.)
B_SPLINE_CURVE_WITH_KNOTS((3,2,3),(0.565486677646163,0.848230016469244,
1.13097335529233),.UNSPECIFIED.)
CURVE()
GEOMETRIC_REPRESENTATION_ITEM()
RATIONAL_B_SPLINE_CURVE((1.,0.707106781186548,1.,0.707106781186548,1.))
REPRESENTATION_ITEM('')
);
#172=(
BOUNDED_CURVE()
B_SPLINE_CURVE(2,(#6621,#6622,#6623,#6624,#6625),.UNSPECIFIED.,.F.,.F.)
B_SPLINE_CURVE_WITH_KNOTS((3,2,3),(0.565486677646163,0.848230016469244,
1.13097335529233),.UNSPECIFIED.)
CURVE()
GEOMETRIC_REPRESENTATION_ITEM()
RATIONAL_B_SPLINE_CURVE((1.,0.707106781186548,1.,0.707106781186548,1.))
REPRESENTATION_ITEM('')
);
#173=(
BOUNDED_CURVE()
B_SPLINE_CURVE(2,(#6689,#6690,#6691),.UNSPECIFIED.,.F.,.F.)
B_SPLINE_CURVE_WITH_KNOTS((3,3),(-0.282743338823081,-1.11022302462516E-16),
 .UNSPECIFIED.)
CURVE()
GEOMETRIC_REPRESENTATION_ITEM()
RATIONAL_B_SPLINE_CURVE((1.,0.707106781186548,1.))
REPRESENTATION_ITEM('')
);
#174=(
BOUNDED_CURVE()
B_SPLINE_CURVE(2,(#6694,#6695,#6696,#6697,#6698),.UNSPECIFIED.,.F.,.F.)
B_SPLINE_CURVE_WITH_KNOTS((3,2,3),(-0.565486677646163,-0.282743338823081,
0.),.UNSPECIFIED.)
CURVE()
GEOMETRIC_REPRESENTATION_ITEM()
RATIONAL_B_SPLINE_CURVE((1.,0.707106781186548,1.,0.707106781186548,1.))
REPRESENTATION_ITEM('')
);
#175=(
BOUNDED_CURVE()
B_SPLINE_CURVE(2,(#6701,#6702,#6703),.UNSPECIFIED.,.F.,.F.)
B_SPLINE_CURVE_WITH_KNOTS((3,3),(1.11022302462516E-16,0.282743338823081),
 .UNSPECIFIED.)
CURVE()
GEOMETRIC_REPRESENTATION_ITEM()
RATIONAL_B_SPLINE_CURVE((1.,0.707106781186548,1.))
REPRESENTATION_ITEM('')
);
#176=(
BOUNDED_CURVE()
B_SPLINE_CURVE(2,(#6706,#6707,#6708,#6709,#6710),.UNSPECIFIED.,.F.,.F.)
B_SPLINE_CURVE_WITH_KNOTS((3,2,3),(-0.565486677646163,-0.282743338823081,
0.),.UNSPECIFIED.)
CURVE()
GEOMETRIC_REPRESENTATION_ITEM()
RATIONAL_B_SPLINE_CURVE((1.,0.707106781186548,1.,0.707106781186548,1.))
REPRESENTATION_ITEM('')
);
#177=(
BOUNDED_CURVE()
B_SPLINE_CURVE(2,(#6711,#6712,#6713,#6714,#6715),.UNSPECIFIED.,.F.,.F.)
B_SPLINE_CURVE_WITH_KNOTS((3,2,3),(0.565486677646163,0.848230016469244,
1.13097335529233),.UNSPECIFIED.)
CURVE()
GEOMETRIC_REPRESENTATION_ITEM()
RATIONAL_B_SPLINE_CURVE((1.,0.707106781186548,1.,0.707106781186548,1.))
REPRESENTATION_ITEM('')
);
#178=(
BOUNDED_CURVE()
B_SPLINE_CURVE(2,(#6716,#6717,#6718,#6719,#6720),.UNSPECIFIED.,.F.,.F.)
B_SPLINE_CURVE_WITH_KNOTS((3,2,3),(0.565486677646163,0.848230016469244,
1.13097335529233),.UNSPECIFIED.)
CURVE()
GEOMETRIC_REPRESENTATION_ITEM()
RATIONAL_B_SPLINE_CURVE((1.,0.707106781186548,1.,0.707106781186548,1.))
REPRESENTATION_ITEM('')
);
#179=(
BOUNDED_CURVE()
B_SPLINE_CURVE(2,(#6784,#6785,#6786),.UNSPECIFIED.,.F.,.F.)
B_SPLINE_CURVE_WITH_KNOTS((3,3),(-0.282743338823081,-1.11022302462516E-16),
 .UNSPECIFIED.)
CURVE()
GEOMETRIC_REPRESENTATION_ITEM()
RATIONAL_B_SPLINE_CURVE((1.,0.707106781186548,1.))
REPRESENTATION_ITEM('')
);
#180=(
BOUNDED_CURVE()
B_SPLINE_CURVE(2,(#6789,#6790,#6791,#6792,#6793),.UNSPECIFIED.,.F.,.F.)
B_SPLINE_CURVE_WITH_KNOTS((3,2,3),(-0.565486677646163,-0.282743338823081,
0.),.UNSPECIFIED.)
CURVE()
GEOMETRIC_REPRESENTATION_ITEM()
RATIONAL_B_SPLINE_CURVE((1.,0.707106781186548,1.,0.707106781186548,1.))
REPRESENTATION_ITEM('')
);
#181=(
BOUNDED_CURVE()
B_SPLINE_CURVE(2,(#6796,#6797,#6798),.UNSPECIFIED.,.F.,.F.)
B_SPLINE_CURVE_WITH_KNOTS((3,3),(1.11022302462516E-16,0.282743338823081),
 .UNSPECIFIED.)
CURVE()
GEOMETRIC_REPRESENTATION_ITEM()
RATIONAL_B_SPLINE_CURVE((1.,0.707106781186548,1.))
REPRESENTATION_ITEM('')
);
#182=(
BOUNDED_CURVE()
B_SPLINE_CURVE(2,(#6801,#6802,#6803,#6804,#6805),.UNSPECIFIED.,.F.,.F.)
B_SPLINE_CURVE_WITH_KNOTS((3,2,3),(-0.565486677646163,-0.282743338823081,
0.),.UNSPECIFIED.)
CURVE()
GEOMETRIC_REPRESENTATION_ITEM()
RATIONAL_B_SPLINE_CURVE((1.,0.707106781186548,1.,0.707106781186548,1.))
REPRESENTATION_ITEM('')
);
#183=(
BOUNDED_CURVE()
B_SPLINE_CURVE(2,(#6806,#6807,#6808,#6809,#6810),.UNSPECIFIED.,.F.,.F.)
B_SPLINE_CURVE_WITH_KNOTS((3,2,3),(0.565486677646163,0.848230016469244,
1.13097335529233),.UNSPECIFIED.)
CURVE()
GEOMETRIC_REPRESENTATION_ITEM()
RATIONAL_B_SPLINE_CURVE((1.,0.707106781186548,1.,0.707106781186548,1.))
REPRESENTATION_ITEM('')
);
#184=(
BOUNDED_CURVE()
B_SPLINE_CURVE(2,(#6811,#6812,#6813,#6814,#6815),.UNSPECIFIED.,.F.,.F.)
B_SPLINE_CURVE_WITH_KNOTS((3,2,3),(0.565486677646163,0.848230016469244,
1.13097335529233),.UNSPECIFIED.)
CURVE()
GEOMETRIC_REPRESENTATION_ITEM()
RATIONAL_B_SPLINE_CURVE((1.,0.707106781186548,1.,0.707106781186548,1.))
REPRESENTATION_ITEM('')
);
#185=(
BOUNDED_CURVE()
B_SPLINE_CURVE(2,(#6879,#6880,#6881),.UNSPECIFIED.,.F.,.F.)
B_SPLINE_CURVE_WITH_KNOTS((3,3),(-0.282743338823081,-1.11022302462516E-16),
 .UNSPECIFIED.)
CURVE()
GEOMETRIC_REPRESENTATION_ITEM()
RATIONAL_B_SPLINE_CURVE((1.,0.707106781186548,1.))
REPRESENTATION_ITEM('')
);
#186=(
BOUNDED_CURVE()
B_SPLINE_CURVE(2,(#6884,#6885,#6886,#6887,#6888),.UNSPECIFIED.,.F.,.F.)
B_SPLINE_CURVE_WITH_KNOTS((3,2,3),(-0.565486677646163,-0.282743338823081,
0.),.UNSPECIFIED.)
CURVE()
GEOMETRIC_REPRESENTATION_ITEM()
RATIONAL_B_SPLINE_CURVE((1.,0.707106781186548,1.,0.707106781186548,1.))
REPRESENTATION_ITEM('')
);
#187=(
BOUNDED_CURVE()
B_SPLINE_CURVE(2,(#6891,#6892,#6893),.UNSPECIFIED.,.F.,.F.)
B_SPLINE_CURVE_WITH_KNOTS((3,3),(1.11022302462516E-16,0.282743338823081),
 .UNSPECIFIED.)
CURVE()
GEOMETRIC_REPRESENTATION_ITEM()
RATIONAL_B_SPLINE_CURVE((1.,0.707106781186548,1.))
REPRESENTATION_ITEM('')
);
#188=(
BOUNDED_CURVE()
B_SPLINE_CURVE(2,(#6896,#6897,#6898,#6899,#6900),.UNSPECIFIED.,.F.,.F.)
B_SPLINE_CURVE_WITH_KNOTS((3,2,3),(-0.565486677646163,-0.282743338823081,
0.),.UNSPECIFIED.)
CURVE()
GEOMETRIC_REPRESENTATION_ITEM()
RATIONAL_B_SPLINE_CURVE((1.,0.707106781186548,1.,0.707106781186548,1.))
REPRESENTATION_ITEM('')
);
#189=(
BOUNDED_CURVE()
B_SPLINE_CURVE(2,(#6901,#6902,#6903,#6904,#6905),.UNSPECIFIED.,.F.,.F.)
B_SPLINE_CURVE_WITH_KNOTS((3,2,3),(0.565486677646163,0.848230016469244,
1.13097335529233),.UNSPECIFIED.)
CURVE()
GEOMETRIC_REPRESENTATION_ITEM()
RATIONAL_B_SPLINE_CURVE((1.,0.707106781186548,1.,0.707106781186548,1.))
REPRESENTATION_ITEM('')
);
#190=(
BOUNDED_CURVE()
B_SPLINE_CURVE(2,(#6906,#6907,#6908,#6909,#6910),.UNSPECIFIED.,.F.,.F.)
B_SPLINE_CURVE_WITH_KNOTS((3,2,3),(0.565486677646163,0.848230016469244,
1.13097335529233),.UNSPECIFIED.)
CURVE()
GEOMETRIC_REPRESENTATION_ITEM()
RATIONAL_B_SPLINE_CURVE((1.,0.707106781186548,1.,0.707106781186548,1.))
REPRESENTATION_ITEM('')
);
#191=(
BOUNDED_CURVE()
B_SPLINE_CURVE(2,(#6974,#6975,#6976),.UNSPECIFIED.,.F.,.F.)
B_SPLINE_CURVE_WITH_KNOTS((3,3),(-0.282743338823081,-1.11022302462516E-16),
 .UNSPECIFIED.)
CURVE()
GEOMETRIC_REPRESENTATION_ITEM()
RATIONAL_B_SPLINE_CURVE((1.,0.707106781186548,1.))
REPRESENTATION_ITEM('')
);
#192=(
BOUNDED_CURVE()
B_SPLINE_CURVE(2,(#6979,#6980,#6981,#6982,#6983),.UNSPECIFIED.,.F.,.F.)
B_SPLINE_CURVE_WITH_KNOTS((3,2,3),(-0.565486677646163,-0.282743338823081,
0.),.UNSPECIFIED.)
CURVE()
GEOMETRIC_REPRESENTATION_ITEM()
RATIONAL_B_SPLINE_CURVE((1.,0.707106781186548,1.,0.707106781186548,1.))
REPRESENTATION_ITEM('')
);
#193=(
BOUNDED_CURVE()
B_SPLINE_CURVE(2,(#6986,#6987,#6988),.UNSPECIFIED.,.F.,.F.)
B_SPLINE_CURVE_WITH_KNOTS((3,3),(1.11022302462516E-16,0.282743338823081),
 .UNSPECIFIED.)
CURVE()
GEOMETRIC_REPRESENTATION_ITEM()
RATIONAL_B_SPLINE_CURVE((1.,0.707106781186548,1.))
REPRESENTATION_ITEM('')
);
#194=(
BOUNDED_CURVE()
B_SPLINE_CURVE(2,(#6991,#6992,#6993,#6994,#6995),.UNSPECIFIED.,.F.,.F.)
B_SPLINE_CURVE_WITH_KNOTS((3,2,3),(-0.565486677646163,-0.282743338823081,
0.),.UNSPECIFIED.)
CURVE()
GEOMETRIC_REPRESENTATION_ITEM()
RATIONAL_B_SPLINE_CURVE((1.,0.707106781186548,1.,0.707106781186548,1.))
REPRESENTATION_ITEM('')
);
#195=(
BOUNDED_CURVE()
B_SPLINE_CURVE(2,(#6996,#6997,#6998,#6999,#7000),.UNSPECIFIED.,.F.,.F.)
B_SPLINE_CURVE_WITH_KNOTS((3,2,3),(0.565486677646163,0.848230016469244,
1.13097335529233),.UNSPECIFIED.)
CURVE()
GEOMETRIC_REPRESENTATION_ITEM()
RATIONAL_B_SPLINE_CURVE((1.,0.707106781186548,1.,0.707106781186548,1.))
REPRESENTATION_ITEM('')
);
#196=(
BOUNDED_CURVE()
B_SPLINE_CURVE(2,(#7001,#7002,#7003,#7004,#7005),.UNSPECIFIED.,.F.,.F.)
B_SPLINE_CURVE_WITH_KNOTS((3,2,3),(0.565486677646163,0.848230016469244,
1.13097335529233),.UNSPECIFIED.)
CURVE()
GEOMETRIC_REPRESENTATION_ITEM()
RATIONAL_B_SPLINE_CURVE((1.,0.707106781186548,1.,0.707106781186548,1.))
REPRESENTATION_ITEM('')
);
#197=(
BOUNDED_CURVE()
B_SPLINE_CURVE(2,(#7069,#7070,#7071),.UNSPECIFIED.,.F.,.F.)
B_SPLINE_CURVE_WITH_KNOTS((3,3),(-0.282743338823081,-1.11022302462516E-16),
 .UNSPECIFIED.)
CURVE()
GEOMETRIC_REPRESENTATION_ITEM()
RATIONAL_B_SPLINE_CURVE((1.,0.707106781186548,1.))
REPRESENTATION_ITEM('')
);
#198=(
BOUNDED_CURVE()
B_SPLINE_CURVE(2,(#7074,#7075,#7076,#7077,#7078),.UNSPECIFIED.,.F.,.F.)
B_SPLINE_CURVE_WITH_KNOTS((3,2,3),(-0.565486677646163,-0.282743338823081,
0.),.UNSPECIFIED.)
CURVE()
GEOMETRIC_REPRESENTATION_ITEM()
RATIONAL_B_SPLINE_CURVE((1.,0.707106781186548,1.,0.707106781186548,1.))
REPRESENTATION_ITEM('')
);
#199=(
BOUNDED_CURVE()
B_SPLINE_CURVE(2,(#7081,#7082,#7083),.UNSPECIFIED.,.F.,.F.)
B_SPLINE_CURVE_WITH_KNOTS((3,3),(1.11022302462516E-16,0.282743338823081),
 .UNSPECIFIED.)
CURVE()
GEOMETRIC_REPRESENTATION_ITEM()
RATIONAL_B_SPLINE_CURVE((1.,0.707106781186548,1.))
REPRESENTATION_ITEM('')
);
#200=(
BOUNDED_CURVE()
B_SPLINE_CURVE(2,(#7086,#7087,#7088,#7089,#7090),.UNSPECIFIED.,.F.,.F.)
B_SPLINE_CURVE_WITH_KNOTS((3,2,3),(-0.565486677646163,-0.282743338823081,
0.),.UNSPECIFIED.)
CURVE()
GEOMETRIC_REPRESENTATION_ITEM()
RATIONAL_B_SPLINE_CURVE((1.,0.707106781186548,1.,0.707106781186548,1.))
REPRESENTATION_ITEM('')
);
#201=(
BOUNDED_CURVE()
B_SPLINE_CURVE(2,(#7091,#7092,#7093,#7094,#7095),.UNSPECIFIED.,.F.,.F.)
B_SPLINE_CURVE_WITH_KNOTS((3,2,3),(0.565486677646163,0.848230016469244,
1.13097335529233),.UNSPECIFIED.)
CURVE()
GEOMETRIC_REPRESENTATION_ITEM()
RATIONAL_B_SPLINE_CURVE((1.,0.707106781186548,1.,0.707106781186548,1.))
REPRESENTATION_ITEM('')
);
#202=(
BOUNDED_CURVE()
B_SPLINE_CURVE(2,(#7096,#7097,#7098,#7099,#7100),.UNSPECIFIED.,.F.,.F.)
B_SPLINE_CURVE_WITH_KNOTS((3,2,3),(0.565486677646163,0.848230016469244,
1.13097335529233),.UNSPECIFIED.)
CURVE()
GEOMETRIC_REPRESENTATION_ITEM()
RATIONAL_B_SPLINE_CURVE((1.,0.707106781186548,1.,0.707106781186548,1.))
REPRESENTATION_ITEM('')
);
#203=(
BOUNDED_CURVE()
B_SPLINE_CURVE(2,(#7164,#7165,#7166),.UNSPECIFIED.,.F.,.F.)
B_SPLINE_CURVE_WITH_KNOTS((3,3),(-0.282743338823081,-1.11022302462516E-16),
 .UNSPECIFIED.)
CURVE()
GEOMETRIC_REPRESENTATION_ITEM()
RATIONAL_B_SPLINE_CURVE((1.,0.707106781186548,1.))
REPRESENTATION_ITEM('')
);
#204=(
BOUNDED_CURVE()
B_SPLINE_CURVE(2,(#7169,#7170,#7171,#7172,#7173),.UNSPECIFIED.,.F.,.F.)
B_SPLINE_CURVE_WITH_KNOTS((3,2,3),(-0.565486677646163,-0.282743338823081,
0.),.UNSPECIFIED.)
CURVE()
GEOMETRIC_REPRESENTATION_ITEM()
RATIONAL_B_SPLINE_CURVE((1.,0.707106781186548,1.,0.707106781186548,1.))
REPRESENTATION_ITEM('')
);
#205=(
BOUNDED_CURVE()
B_SPLINE_CURVE(2,(#7176,#7177,#7178),.UNSPECIFIED.,.F.,.F.)
B_SPLINE_CURVE_WITH_KNOTS((3,3),(1.11022302462516E-16,0.282743338823081),
 .UNSPECIFIED.)
CURVE()
GEOMETRIC_REPRESENTATION_ITEM()
RATIONAL_B_SPLINE_CURVE((1.,0.707106781186548,1.))
REPRESENTATION_ITEM('')
);
#206=(
BOUNDED_CURVE()
B_SPLINE_CURVE(2,(#7181,#7182,#7183,#7184,#7185),.UNSPECIFIED.,.F.,.F.)
B_SPLINE_CURVE_WITH_KNOTS((3,2,3),(-0.565486677646163,-0.282743338823081,
0.),.UNSPECIFIED.)
CURVE()
GEOMETRIC_REPRESENTATION_ITEM()
RATIONAL_B_SPLINE_CURVE((1.,0.707106781186548,1.,0.707106781186548,1.))
REPRESENTATION_ITEM('')
);
#207=(
BOUNDED_CURVE()
B_SPLINE_CURVE(2,(#7186,#7187,#7188,#7189,#7190),.UNSPECIFIED.,.F.,.F.)
B_SPLINE_CURVE_WITH_KNOTS((3,2,3),(0.565486677646163,0.848230016469244,
1.13097335529233),.UNSPECIFIED.)
CURVE()
GEOMETRIC_REPRESENTATION_ITEM()
RATIONAL_B_SPLINE_CURVE((1.,0.707106781186548,1.,0.707106781186548,1.))
REPRESENTATION_ITEM('')
);
#208=(
BOUNDED_CURVE()
B_SPLINE_CURVE(2,(#7191,#7192,#7193,#7194,#7195),.UNSPECIFIED.,.F.,.F.)
B_SPLINE_CURVE_WITH_KNOTS((3,2,3),(0.565486677646163,0.848230016469244,
1.13097335529233),.UNSPECIFIED.)
CURVE()
GEOMETRIC_REPRESENTATION_ITEM()
RATIONAL_B_SPLINE_CURVE((1.,0.707106781186548,1.,0.707106781186548,1.))
REPRESENTATION_ITEM('')
);
#209=(
BOUNDED_CURVE()
B_SPLINE_CURVE(2,(#7259,#7260,#7261),.UNSPECIFIED.,.F.,.F.)
B_SPLINE_CURVE_WITH_KNOTS((3,3),(-0.282743338823081,-1.11022302462516E-16),
 .UNSPECIFIED.)
CURVE()
GEOMETRIC_REPRESENTATION_ITEM()
RATIONAL_B_SPLINE_CURVE((1.,0.707106781186548,1.))
REPRESENTATION_ITEM('')
);
#210=(
BOUNDED_CURVE()
B_SPLINE_CURVE(2,(#7264,#7265,#7266,#7267,#7268),.UNSPECIFIED.,.F.,.F.)
B_SPLINE_CURVE_WITH_KNOTS((3,2,3),(-0.565486677646163,-0.282743338823081,
0.),.UNSPECIFIED.)
CURVE()
GEOMETRIC_REPRESENTATION_ITEM()
RATIONAL_B_SPLINE_CURVE((1.,0.707106781186548,1.,0.707106781186548,1.))
REPRESENTATION_ITEM('')
);
#211=(
BOUNDED_CURVE()
B_SPLINE_CURVE(2,(#7271,#7272,#7273),.UNSPECIFIED.,.F.,.F.)
B_SPLINE_CURVE_WITH_KNOTS((3,3),(1.11022302462516E-16,0.282743338823081),
 .UNSPECIFIED.)
CURVE()
GEOMETRIC_REPRESENTATION_ITEM()
RATIONAL_B_SPLINE_CURVE((1.,0.707106781186548,1.))
REPRESENTATION_ITEM('')
);
#212=(
BOUNDED_CURVE()
B_SPLINE_CURVE(2,(#7276,#7277,#7278,#7279,#7280),.UNSPECIFIED.,.F.,.F.)
B_SPLINE_CURVE_WITH_KNOTS((3,2,3),(-0.565486677646163,-0.282743338823081,
0.),.UNSPECIFIED.)
CURVE()
GEOMETRIC_REPRESENTATION_ITEM()
RATIONAL_B_SPLINE_CURVE((1.,0.707106781186548,1.,0.707106781186548,1.))
REPRESENTATION_ITEM('')
);
#213=(
BOUNDED_CURVE()
B_SPLINE_CURVE(2,(#7281,#7282,#7283,#7284,#7285),.UNSPECIFIED.,.F.,.F.)
B_SPLINE_CURVE_WITH_KNOTS((3,2,3),(0.565486677646163,0.848230016469244,
1.13097335529233),.UNSPECIFIED.)
CURVE()
GEOMETRIC_REPRESENTATION_ITEM()
RATIONAL_B_SPLINE_CURVE((1.,0.707106781186548,1.,0.707106781186548,1.))
REPRESENTATION_ITEM('')
);
#214=(
BOUNDED_CURVE()
B_SPLINE_CURVE(2,(#7286,#7287,#7288,#7289,#7290),.UNSPECIFIED.,.F.,.F.)
B_SPLINE_CURVE_WITH_KNOTS((3,2,3),(0.565486677646163,0.848230016469244,
1.13097335529233),.UNSPECIFIED.)
CURVE()
GEOMETRIC_REPRESENTATION_ITEM()
RATIONAL_B_SPLINE_CURVE((1.,0.707106781186548,1.,0.707106781186548,1.))
REPRESENTATION_ITEM('')
);
#215=(
BOUNDED_CURVE()
B_SPLINE_CURVE(2,(#7354,#7355,#7356),.UNSPECIFIED.,.F.,.F.)
B_SPLINE_CURVE_WITH_KNOTS((3,3),(-0.282743338823081,-1.11022302462516E-16),
 .UNSPECIFIED.)
CURVE()
GEOMETRIC_REPRESENTATION_ITEM()
RATIONAL_B_SPLINE_CURVE((1.,0.707106781186548,1.))
REPRESENTATION_ITEM('')
);
#216=(
BOUNDED_CURVE()
B_SPLINE_CURVE(2,(#7359,#7360,#7361,#7362,#7363),.UNSPECIFIED.,.F.,.F.)
B_SPLINE_CURVE_WITH_KNOTS((3,2,3),(-0.565486677646163,-0.282743338823081,
0.),.UNSPECIFIED.)
CURVE()
GEOMETRIC_REPRESENTATION_ITEM()
RATIONAL_B_SPLINE_CURVE((1.,0.707106781186548,1.,0.707106781186548,1.))
REPRESENTATION_ITEM('')
);
#217=(
BOUNDED_CURVE()
B_SPLINE_CURVE(2,(#7366,#7367,#7368),.UNSPECIFIED.,.F.,.F.)
B_SPLINE_CURVE_WITH_KNOTS((3,3),(1.11022302462516E-16,0.282743338823081),
 .UNSPECIFIED.)
CURVE()
GEOMETRIC_REPRESENTATION_ITEM()
RATIONAL_B_SPLINE_CURVE((1.,0.707106781186548,1.))
REPRESENTATION_ITEM('')
);
#218=(
BOUNDED_CURVE()
B_SPLINE_CURVE(2,(#7371,#7372,#7373,#7374,#7375),.UNSPECIFIED.,.F.,.F.)
B_SPLINE_CURVE_WITH_KNOTS((3,2,3),(-0.565486677646163,-0.282743338823081,
0.),.UNSPECIFIED.)
CURVE()
GEOMETRIC_REPRESENTATION_ITEM()
RATIONAL_B_SPLINE_CURVE((1.,0.707106781186548,1.,0.707106781186548,1.))
REPRESENTATION_ITEM('')
);
#219=(
BOUNDED_CURVE()
B_SPLINE_CURVE(2,(#7376,#7377,#7378,#7379,#7380),.UNSPECIFIED.,.F.,.F.)
B_SPLINE_CURVE_WITH_KNOTS((3,2,3),(0.565486677646163,0.848230016469244,
1.13097335529233),.UNSPECIFIED.)
CURVE()
GEOMETRIC_REPRESENTATION_ITEM()
RATIONAL_B_SPLINE_CURVE((1.,0.707106781186548,1.,0.707106781186548,1.))
REPRESENTATION_ITEM('')
);
#220=(
BOUNDED_CURVE()
B_SPLINE_CURVE(2,(#7381,#7382,#7383,#7384,#7385),.UNSPECIFIED.,.F.,.F.)
B_SPLINE_CURVE_WITH_KNOTS((3,2,3),(0.565486677646163,0.848230016469244,
1.13097335529233),.UNSPECIFIED.)
CURVE()
GEOMETRIC_REPRESENTATION_ITEM()
RATIONAL_B_SPLINE_CURVE((1.,0.707106781186548,1.,0.707106781186548,1.))
REPRESENTATION_ITEM('')
);
#221=(
BOUNDED_CURVE()
B_SPLINE_CURVE(2,(#7449,#7450,#7451),.UNSPECIFIED.,.F.,.F.)
B_SPLINE_CURVE_WITH_KNOTS((3,3),(-0.282743338823081,-1.11022302462516E-16),
 .UNSPECIFIED.)
CURVE()
GEOMETRIC_REPRESENTATION_ITEM()
RATIONAL_B_SPLINE_CURVE((1.,0.707106781186548,1.))
REPRESENTATION_ITEM('')
);
#222=(
BOUNDED_CURVE()
B_SPLINE_CURVE(2,(#7454,#7455,#7456,#7457,#7458),.UNSPECIFIED.,.F.,.F.)
B_SPLINE_CURVE_WITH_KNOTS((3,2,3),(-0.565486677646163,-0.282743338823081,
0.),.UNSPECIFIED.)
CURVE()
GEOMETRIC_REPRESENTATION_ITEM()
RATIONAL_B_SPLINE_CURVE((1.,0.707106781186548,1.,0.707106781186548,1.))
REPRESENTATION_ITEM('')
);
#223=(
BOUNDED_CURVE()
B_SPLINE_CURVE(2,(#7461,#7462,#7463),.UNSPECIFIED.,.F.,.F.)
B_SPLINE_CURVE_WITH_KNOTS((3,3),(1.11022302462516E-16,0.282743338823081),
 .UNSPECIFIED.)
CURVE()
GEOMETRIC_REPRESENTATION_ITEM()
RATIONAL_B_SPLINE_CURVE((1.,0.707106781186548,1.))
REPRESENTATION_ITEM('')
);
#224=(
BOUNDED_CURVE()
B_SPLINE_CURVE(2,(#7466,#7467,#7468,#7469,#7470),.UNSPECIFIED.,.F.,.F.)
B_SPLINE_CURVE_WITH_KNOTS((3,2,3),(-0.565486677646163,-0.282743338823081,
0.),.UNSPECIFIED.)
CURVE()
GEOMETRIC_REPRESENTATION_ITEM()
RATIONAL_B_SPLINE_CURVE((1.,0.707106781186548,1.,0.707106781186548,1.))
REPRESENTATION_ITEM('')
);
#225=(
BOUNDED_CURVE()
B_SPLINE_CURVE(2,(#7471,#7472,#7473,#7474,#7475),.UNSPECIFIED.,.F.,.F.)
B_SPLINE_CURVE_WITH_KNOTS((3,2,3),(0.565486677646163,0.848230016469244,
1.13097335529233),.UNSPECIFIED.)
CURVE()
GEOMETRIC_REPRESENTATION_ITEM()
RATIONAL_B_SPLINE_CURVE((1.,0.707106781186548,1.,0.707106781186548,1.))
REPRESENTATION_ITEM('')
);
#226=(
BOUNDED_CURVE()
B_SPLINE_CURVE(2,(#7476,#7477,#7478,#7479,#7480),.UNSPECIFIED.,.F.,.F.)
B_SPLINE_CURVE_WITH_KNOTS((3,2,3),(0.565486677646163,0.848230016469244,
1.13097335529233),.UNSPECIFIED.)
CURVE()
GEOMETRIC_REPRESENTATION_ITEM()
RATIONAL_B_SPLINE_CURVE((1.,0.707106781186548,1.,0.707106781186548,1.))
REPRESENTATION_ITEM('')
);
#227=(
BOUNDED_SURFACE()
B_SPLINE_SURFACE(2,2,((#4067,#4068,#4069,#4070,#4071),(#4072,#4073,#4074,
#4075,#4076),(#4077,#4078,#4079,#4080,#4081),(#4082,#4083,#4084,#4085,#4086),
(#4087,#4088,#4089,#4090,#4091)),.UNSPECIFIED.,.F.,.F.,.F.)
B_SPLINE_SURFACE_WITH_KNOTS((3,2,3),(3,2,3),(0.,0.282743338823081,0.565486677646163),
(-0.282743338823081,0.,0.282743338823081),.UNSPECIFIED.)
GEOMETRIC_REPRESENTATION_ITEM()
RATIONAL_B_SPLINE_SURFACE(((1.,0.707106781186548,1.,0.707106781186548,1.),
(0.707106781186548,0.5,0.707106781186548,0.5,0.707106781186548),(1.,0.707106781186548,
1.,0.707106781186548,1.),(0.707106781186548,0.5,0.707106781186548,0.5,0.707106781186548),
(1.,0.707106781186548,1.,0.707106781186548,1.)))
REPRESENTATION_ITEM('')
SURFACE()
);
#228=(
BOUNDED_SURFACE()
B_SPLINE_SURFACE(2,2,((#4096,#4097,#4098,#4099,#4100),(#4101,#4102,#4103,
#4104,#4105),(#4106,#4107,#4108,#4109,#4110),(#4111,#4112,#4113,#4114,#4115),
(#4116,#4117,#4118,#4119,#4120)),.UNSPECIFIED.,.F.,.F.,.F.)
B_SPLINE_SURFACE_WITH_KNOTS((3,2,3),(3,2,3),(0.565486677646163,0.848230016469244,
1.13097335529233),(-0.282743338823081,0.,0.282743338823081),
 .UNSPECIFIED.)
GEOMETRIC_REPRESENTATION_ITEM()
RATIONAL_B_SPLINE_SURFACE(((1.,0.707106781186548,1.,0.707106781186548,1.),
(0.707106781186548,0.5,0.707106781186548,0.5,0.707106781186548),(1.,0.707106781186548,
1.,0.707106781186548,1.),(0.707106781186548,0.5,0.707106781186548,0.5,0.707106781186548),
(1.,0.707106781186548,1.,0.707106781186548,1.)))
REPRESENTATION_ITEM('')
SURFACE()
);
#229=(
BOUNDED_SURFACE()
B_SPLINE_SURFACE(2,2,((#4162,#4163,#4164,#4165,#4166),(#4167,#4168,#4169,
#4170,#4171),(#4172,#4173,#4174,#4175,#4176),(#4177,#4178,#4179,#4180,#4181),
(#4182,#4183,#4184,#4185,#4186)),.UNSPECIFIED.,.F.,.F.,.F.)
B_SPLINE_SURFACE_WITH_KNOTS((3,2,3),(3,2,3),(0.,0.282743338823081,0.565486677646163),
(-0.282743338823081,0.,0.282743338823081),.UNSPECIFIED.)
GEOMETRIC_REPRESENTATION_ITEM()
RATIONAL_B_SPLINE_SURFACE(((1.,0.707106781186548,1.,0.707106781186548,1.),
(0.707106781186548,0.5,0.707106781186548,0.5,0.707106781186548),(1.,0.707106781186548,
1.,0.707106781186548,1.),(0.707106781186548,0.5,0.707106781186548,0.5,0.707106781186548),
(1.,0.707106781186548,1.,0.707106781186548,1.)))
REPRESENTATION_ITEM('')
SURFACE()
);
#230=(
BOUNDED_SURFACE()
B_SPLINE_SURFACE(2,2,((#4191,#4192,#4193,#4194,#4195),(#4196,#4197,#4198,
#4199,#4200),(#4201,#4202,#4203,#4204,#4205),(#4206,#4207,#4208,#4209,#4210),
(#4211,#4212,#4213,#4214,#4215)),.UNSPECIFIED.,.F.,.F.,.F.)
B_SPLINE_SURFACE_WITH_KNOTS((3,2,3),(3,2,3),(0.565486677646163,0.848230016469244,
1.13097335529233),(-0.282743338823081,0.,0.282743338823081),
 .UNSPECIFIED.)
GEOMETRIC_REPRESENTATION_ITEM()
RATIONAL_B_SPLINE_SURFACE(((1.,0.707106781186548,1.,0.707106781186548,1.),
(0.707106781186548,0.5,0.707106781186548,0.5,0.707106781186548),(1.,0.707106781186548,
1.,0.707106781186548,1.),(0.707106781186548,0.5,0.707106781186548,0.5,0.707106781186548),
(1.,0.707106781186548,1.,0.707106781186548,1.)))
REPRESENTATION_ITEM('')
SURFACE()
);
#231=(
BOUNDED_SURFACE()
B_SPLINE_SURFACE(2,2,((#4257,#4258,#4259,#4260,#4261),(#4262,#4263,#4264,
#4265,#4266),(#4267,#4268,#4269,#4270,#4271),(#4272,#4273,#4274,#4275,#4276),
(#4277,#4278,#4279,#4280,#4281)),.UNSPECIFIED.,.F.,.F.,.F.)
B_SPLINE_SURFACE_WITH_KNOTS((3,2,3),(3,2,3),(0.,0.282743338823081,0.565486677646163),
(-0.282743338823081,0.,0.282743338823081),.UNSPECIFIED.)
GEOMETRIC_REPRESENTATION_ITEM()
RATIONAL_B_SPLINE_SURFACE(((1.,0.707106781186548,1.,0.707106781186548,1.),
(0.707106781186548,0.5,0.707106781186548,0.5,0.707106781186548),(1.,0.707106781186548,
1.,0.707106781186548,1.),(0.707106781186548,0.5,0.707106781186548,0.5,0.707106781186548),
(1.,0.707106781186548,1.,0.707106781186548,1.)))
REPRESENTATION_ITEM('')
SURFACE()
);
#232=(
BOUNDED_SURFACE()
B_SPLINE_SURFACE(2,2,((#4286,#4287,#4288,#4289,#4290),(#4291,#4292,#4293,
#4294,#4295),(#4296,#4297,#4298,#4299,#4300),(#4301,#4302,#4303,#4304,#4305),
(#4306,#4307,#4308,#4309,#4310)),.UNSPECIFIED.,.F.,.F.,.F.)
B_SPLINE_SURFACE_WITH_KNOTS((3,2,3),(3,2,3),(0.565486677646163,0.848230016469244,
1.13097335529233),(-0.282743338823081,0.,0.282743338823081),
 .UNSPECIFIED.)
GEOMETRIC_REPRESENTATION_ITEM()
RATIONAL_B_SPLINE_SURFACE(((1.,0.707106781186548,1.,0.707106781186548,1.),
(0.707106781186548,0.5,0.707106781186548,0.5,0.707106781186548),(1.,0.707106781186548,
1.,0.707106781186548,1.),(0.707106781186548,0.5,0.707106781186548,0.5,0.707106781186548),
(1.,0.707106781186548,1.,0.707106781186548,1.)))
REPRESENTATION_ITEM('')
SURFACE()
);
#233=(
BOUNDED_SURFACE()
B_SPLINE_SURFACE(2,2,((#4352,#4353,#4354,#4355,#4356),(#4357,#4358,#4359,
#4360,#4361),(#4362,#4363,#4364,#4365,#4366),(#4367,#4368,#4369,#4370,#4371),
(#4372,#4373,#4374,#4375,#4376)),.UNSPECIFIED.,.F.,.F.,.F.)
B_SPLINE_SURFACE_WITH_KNOTS((3,2,3),(3,2,3),(0.,0.282743338823081,0.565486677646163),
(-0.282743338823081,0.,0.282743338823081),.UNSPECIFIED.)
GEOMETRIC_REPRESENTATION_ITEM()
RATIONAL_B_SPLINE_SURFACE(((1.,0.707106781186548,1.,0.707106781186548,1.),
(0.707106781186548,0.5,0.707106781186548,0.5,0.707106781186548),(1.,0.707106781186548,
1.,0.707106781186548,1.),(0.707106781186548,0.5,0.707106781186548,0.5,0.707106781186548),
(1.,0.707106781186548,1.,0.707106781186548,1.)))
REPRESENTATION_ITEM('')
SURFACE()
);
#234=(
BOUNDED_SURFACE()
B_SPLINE_SURFACE(2,2,((#4381,#4382,#4383,#4384,#4385),(#4386,#4387,#4388,
#4389,#4390),(#4391,#4392,#4393,#4394,#4395),(#4396,#4397,#4398,#4399,#4400),
(#4401,#4402,#4403,#4404,#4405)),.UNSPECIFIED.,.F.,.F.,.F.)
B_SPLINE_SURFACE_WITH_KNOTS((3,2,3),(3,2,3),(0.565486677646163,0.848230016469244,
1.13097335529233),(-0.282743338823081,0.,0.282743338823081),
 .UNSPECIFIED.)
GEOMETRIC_REPRESENTATION_ITEM()
RATIONAL_B_SPLINE_SURFACE(((1.,0.707106781186548,1.,0.707106781186548,1.),
(0.707106781186548,0.5,0.707106781186548,0.5,0.707106781186548),(1.,0.707106781186548,
1.,0.707106781186548,1.),(0.707106781186548,0.5,0.707106781186548,0.5,0.707106781186548),
(1.,0.707106781186548,1.,0.707106781186548,1.)))
REPRESENTATION_ITEM('')
SURFACE()
);
#235=(
BOUNDED_SURFACE()
B_SPLINE_SURFACE(2,2,((#4447,#4448,#4449,#4450,#4451),(#4452,#4453,#4454,
#4455,#4456),(#4457,#4458,#4459,#4460,#4461),(#4462,#4463,#4464,#4465,#4466),
(#4467,#4468,#4469,#4470,#4471)),.UNSPECIFIED.,.F.,.F.,.F.)
B_SPLINE_SURFACE_WITH_KNOTS((3,2,3),(3,2,3),(0.,0.282743338823081,0.565486677646163),
(-0.282743338823081,0.,0.282743338823081),.UNSPECIFIED.)
GEOMETRIC_REPRESENTATION_ITEM()
RATIONAL_B_SPLINE_SURFACE(((1.,0.707106781186548,1.,0.707106781186548,1.),
(0.707106781186548,0.5,0.707106781186548,0.5,0.707106781186548),(1.,0.707106781186548,
1.,0.707106781186548,1.),(0.707106781186548,0.5,0.707106781186548,0.5,0.707106781186548),
(1.,0.707106781186548,1.,0.707106781186548,1.)))
REPRESENTATION_ITEM('')
SURFACE()
);
#236=(
BOUNDED_SURFACE()
B_SPLINE_SURFACE(2,2,((#4476,#4477,#4478,#4479,#4480),(#4481,#4482,#4483,
#4484,#4485),(#4486,#4487,#4488,#4489,#4490),(#4491,#4492,#4493,#4494,#4495),
(#4496,#4497,#4498,#4499,#4500)),.UNSPECIFIED.,.F.,.F.,.F.)
B_SPLINE_SURFACE_WITH_KNOTS((3,2,3),(3,2,3),(0.565486677646163,0.848230016469244,
1.13097335529233),(-0.282743338823081,0.,0.282743338823081),
 .UNSPECIFIED.)
GEOMETRIC_REPRESENTATION_ITEM()
RATIONAL_B_SPLINE_SURFACE(((1.,0.707106781186548,1.,0.707106781186548,1.),
(0.707106781186548,0.5,0.707106781186548,0.5,0.707106781186548),(1.,0.707106781186548,
1.,0.707106781186548,1.),(0.707106781186548,0.5,0.707106781186548,0.5,0.707106781186548),
(1.,0.707106781186548,1.,0.707106781186548,1.)))
REPRESENTATION_ITEM('')
SURFACE()
);
#237=(
BOUNDED_SURFACE()
B_SPLINE_SURFACE(2,2,((#4542,#4543,#4544,#4545,#4546),(#4547,#4548,#4549,
#4550,#4551),(#4552,#4553,#4554,#4555,#4556),(#4557,#4558,#4559,#4560,#4561),
(#4562,#4563,#4564,#4565,#4566)),.UNSPECIFIED.,.F.,.F.,.F.)
B_SPLINE_SURFACE_WITH_KNOTS((3,2,3),(3,2,3),(0.,0.282743338823081,0.565486677646163),
(-0.282743338823081,0.,0.282743338823081),.UNSPECIFIED.)
GEOMETRIC_REPRESENTATION_ITEM()
RATIONAL_B_SPLINE_SURFACE(((1.,0.707106781186548,1.,0.707106781186548,1.),
(0.707106781186548,0.5,0.707106781186548,0.5,0.707106781186548),(1.,0.707106781186548,
1.,0.707106781186548,1.),(0.707106781186548,0.5,0.707106781186548,0.5,0.707106781186548),
(1.,0.707106781186548,1.,0.707106781186548,1.)))
REPRESENTATION_ITEM('')
SURFACE()
);
#238=(
BOUNDED_SURFACE()
B_SPLINE_SURFACE(2,2,((#4571,#4572,#4573,#4574,#4575),(#4576,#4577,#4578,
#4579,#4580),(#4581,#4582,#4583,#4584,#4585),(#4586,#4587,#4588,#4589,#4590),
(#4591,#4592,#4593,#4594,#4595)),.UNSPECIFIED.,.F.,.F.,.F.)
B_SPLINE_SURFACE_WITH_KNOTS((3,2,3),(3,2,3),(0.565486677646163,0.848230016469244,
1.13097335529233),(-0.282743338823081,0.,0.282743338823081),
 .UNSPECIFIED.)
GEOMETRIC_REPRESENTATION_ITEM()
RATIONAL_B_SPLINE_SURFACE(((1.,0.707106781186548,1.,0.707106781186548,1.),
(0.707106781186548,0.5,0.707106781186548,0.5,0.707106781186548),(1.,0.707106781186548,
1.,0.707106781186548,1.),(0.707106781186548,0.5,0.707106781186548,0.5,0.707106781186548),
(1.,0.707106781186548,1.,0.707106781186548,1.)))
REPRESENTATION_ITEM('')
SURFACE()
);
#239=(
BOUNDED_SURFACE()
B_SPLINE_SURFACE(2,2,((#4637,#4638,#4639,#4640,#4641),(#4642,#4643,#4644,
#4645,#4646),(#4647,#4648,#4649,#4650,#4651),(#4652,#4653,#4654,#4655,#4656),
(#4657,#4658,#4659,#4660,#4661)),.UNSPECIFIED.,.F.,.F.,.F.)
B_SPLINE_SURFACE_WITH_KNOTS((3,2,3),(3,2,3),(0.,0.282743338823081,0.565486677646163),
(-0.282743338823081,0.,0.282743338823081),.UNSPECIFIED.)
GEOMETRIC_REPRESENTATION_ITEM()
RATIONAL_B_SPLINE_SURFACE(((1.,0.707106781186548,1.,0.707106781186548,1.),
(0.707106781186548,0.5,0.707106781186548,0.5,0.707106781186548),(1.,0.707106781186548,
1.,0.707106781186548,1.),(0.707106781186548,0.5,0.707106781186548,0.5,0.707106781186548),
(1.,0.707106781186548,1.,0.707106781186548,1.)))
REPRESENTATION_ITEM('')
SURFACE()
);
#240=(
BOUNDED_SURFACE()
B_SPLINE_SURFACE(2,2,((#4666,#4667,#4668,#4669,#4670),(#4671,#4672,#4673,
#4674,#4675),(#4676,#4677,#4678,#4679,#4680),(#4681,#4682,#4683,#4684,#4685),
(#4686,#4687,#4688,#4689,#4690)),.UNSPECIFIED.,.F.,.F.,.F.)
B_SPLINE_SURFACE_WITH_KNOTS((3,2,3),(3,2,3),(0.565486677646163,0.848230016469244,
1.13097335529233),(-0.282743338823081,0.,0.282743338823081),
 .UNSPECIFIED.)
GEOMETRIC_REPRESENTATION_ITEM()
RATIONAL_B_SPLINE_SURFACE(((1.,0.707106781186548,1.,0.707106781186548,1.),
(0.707106781186548,0.5,0.707106781186548,0.5,0.707106781186548),(1.,0.707106781186548,
1.,0.707106781186548,1.),(0.707106781186548,0.5,0.707106781186548,0.5,0.707106781186548),
(1.,0.707106781186548,1.,0.707106781186548,1.)))
REPRESENTATION_ITEM('')
SURFACE()
);
#241=(
BOUNDED_SURFACE()
B_SPLINE_SURFACE(2,2,((#4732,#4733,#4734,#4735,#4736),(#4737,#4738,#4739,
#4740,#4741),(#4742,#4743,#4744,#4745,#4746),(#4747,#4748,#4749,#4750,#4751),
(#4752,#4753,#4754,#4755,#4756)),.UNSPECIFIED.,.F.,.F.,.F.)
B_SPLINE_SURFACE_WITH_KNOTS((3,2,3),(3,2,3),(0.,0.282743338823081,0.565486677646163),
(-0.282743338823081,0.,0.282743338823081),.UNSPECIFIED.)
GEOMETRIC_REPRESENTATION_ITEM()
RATIONAL_B_SPLINE_SURFACE(((1.,0.707106781186548,1.,0.707106781186548,1.),
(0.707106781186548,0.5,0.707106781186548,0.5,0.707106781186548),(1.,0.707106781186548,
1.,0.707106781186548,1.),(0.707106781186548,0.5,0.707106781186548,0.5,0.707106781186548),
(1.,0.707106781186548,1.,0.707106781186548,1.)))
REPRESENTATION_ITEM('')
SURFACE()
);
#242=(
BOUNDED_SURFACE()
B_SPLINE_SURFACE(2,2,((#4761,#4762,#4763,#4764,#4765),(#4766,#4767,#4768,
#4769,#4770),(#4771,#4772,#4773,#4774,#4775),(#4776,#4777,#4778,#4779,#4780),
(#4781,#4782,#4783,#4784,#4785)),.UNSPECIFIED.,.F.,.F.,.F.)
B_SPLINE_SURFACE_WITH_KNOTS((3,2,3),(3,2,3),(0.565486677646163,0.848230016469244,
1.13097335529233),(-0.282743338823081,0.,0.282743338823081),
 .UNSPECIFIED.)
GEOMETRIC_REPRESENTATION_ITEM()
RATIONAL_B_SPLINE_SURFACE(((1.,0.707106781186548,1.,0.707106781186548,1.),
(0.707106781186548,0.5,0.707106781186548,0.5,0.707106781186548),(1.,0.707106781186548,
1.,0.707106781186548,1.),(0.707106781186548,0.5,0.707106781186548,0.5,0.707106781186548),
(1.,0.707106781186548,1.,0.707106781186548,1.)))
REPRESENTATION_ITEM('')
SURFACE()
);
#243=(
BOUNDED_SURFACE()
B_SPLINE_SURFACE(2,2,((#4827,#4828,#4829,#4830,#4831),(#4832,#4833,#4834,
#4835,#4836),(#4837,#4838,#4839,#4840,#4841),(#4842,#4843,#4844,#4845,#4846),
(#4847,#4848,#4849,#4850,#4851)),.UNSPECIFIED.,.F.,.F.,.F.)
B_SPLINE_SURFACE_WITH_KNOTS((3,2,3),(3,2,3),(0.,0.282743338823081,0.565486677646163),
(-0.282743338823081,0.,0.282743338823081),.UNSPECIFIED.)
GEOMETRIC_REPRESENTATION_ITEM()
RATIONAL_B_SPLINE_SURFACE(((1.,0.707106781186548,1.,0.707106781186548,1.),
(0.707106781186548,0.5,0.707106781186548,0.5,0.707106781186548),(1.,0.707106781186548,
1.,0.707106781186548,1.),(0.707106781186548,0.5,0.707106781186548,0.5,0.707106781186548),
(1.,0.707106781186548,1.,0.707106781186548,1.)))
REPRESENTATION_ITEM('')
SURFACE()
);
#244=(
BOUNDED_SURFACE()
B_SPLINE_SURFACE(2,2,((#4856,#4857,#4858,#4859,#4860),(#4861,#4862,#4863,
#4864,#4865),(#4866,#4867,#4868,#4869,#4870),(#4871,#4872,#4873,#4874,#4875),
(#4876,#4877,#4878,#4879,#4880)),.UNSPECIFIED.,.F.,.F.,.F.)
B_SPLINE_SURFACE_WITH_KNOTS((3,2,3),(3,2,3),(0.565486677646163,0.848230016469244,
1.13097335529233),(-0.282743338823081,0.,0.282743338823081),
 .UNSPECIFIED.)
GEOMETRIC_REPRESENTATION_ITEM()
RATIONAL_B_SPLINE_SURFACE(((1.,0.707106781186548,1.,0.707106781186548,1.),
(0.707106781186548,0.5,0.707106781186548,0.5,0.707106781186548),(1.,0.707106781186548,
1.,0.707106781186548,1.),(0.707106781186548,0.5,0.707106781186548,0.5,0.707106781186548),
(1.,0.707106781186548,1.,0.707106781186548,1.)))
REPRESENTATION_ITEM('')
SURFACE()
);
#245=(
BOUNDED_SURFACE()
B_SPLINE_SURFACE(2,2,((#4922,#4923,#4924,#4925,#4926),(#4927,#4928,#4929,
#4930,#4931),(#4932,#4933,#4934,#4935,#4936),(#4937,#4938,#4939,#4940,#4941),
(#4942,#4943,#4944,#4945,#4946)),.UNSPECIFIED.,.F.,.F.,.F.)
B_SPLINE_SURFACE_WITH_KNOTS((3,2,3),(3,2,3),(0.,0.282743338823081,0.565486677646163),
(-0.282743338823081,0.,0.282743338823081),.UNSPECIFIED.)
GEOMETRIC_REPRESENTATION_ITEM()
RATIONAL_B_SPLINE_SURFACE(((1.,0.707106781186548,1.,0.707106781186548,1.),
(0.707106781186548,0.5,0.707106781186548,0.5,0.707106781186548),(1.,0.707106781186548,
1.,0.707106781186548,1.),(0.707106781186548,0.5,0.707106781186548,0.5,0.707106781186548),
(1.,0.707106781186548,1.,0.707106781186548,1.)))
REPRESENTATION_ITEM('')
SURFACE()
);
#246=(
BOUNDED_SURFACE()
B_SPLINE_SURFACE(2,2,((#4951,#4952,#4953,#4954,#4955),(#4956,#4957,#4958,
#4959,#4960),(#4961,#4962,#4963,#4964,#4965),(#4966,#4967,#4968,#4969,#4970),
(#4971,#4972,#4973,#4974,#4975)),.UNSPECIFIED.,.F.,.F.,.F.)
B_SPLINE_SURFACE_WITH_KNOTS((3,2,3),(3,2,3),(0.565486677646163,0.848230016469244,
1.13097335529233),(-0.282743338823081,0.,0.282743338823081),
 .UNSPECIFIED.)
GEOMETRIC_REPRESENTATION_ITEM()
RATIONAL_B_SPLINE_SURFACE(((1.,0.707106781186548,1.,0.707106781186548,1.),
(0.707106781186548,0.5,0.707106781186548,0.5,0.707106781186548),(1.,0.707106781186548,
1.,0.707106781186548,1.),(0.707106781186548,0.5,0.707106781186548,0.5,0.707106781186548),
(1.,0.707106781186548,1.,0.707106781186548,1.)))
REPRESENTATION_ITEM('')
SURFACE()
);
#247=(
BOUNDED_SURFACE()
B_SPLINE_SURFACE(2,2,((#5017,#5018,#5019,#5020,#5021),(#5022,#5023,#5024,
#5025,#5026),(#5027,#5028,#5029,#5030,#5031),(#5032,#5033,#5034,#5035,#5036),
(#5037,#5038,#5039,#5040,#5041)),.UNSPECIFIED.,.F.,.F.,.F.)
B_SPLINE_SURFACE_WITH_KNOTS((3,2,3),(3,2,3),(0.,0.282743338823081,0.565486677646163),
(-0.282743338823081,0.,0.282743338823081),.UNSPECIFIED.)
GEOMETRIC_REPRESENTATION_ITEM()
RATIONAL_B_SPLINE_SURFACE(((1.,0.707106781186548,1.,0.707106781186548,1.),
(0.707106781186548,0.5,0.707106781186548,0.5,0.707106781186548),(1.,0.707106781186548,
1.,0.707106781186548,1.),(0.707106781186548,0.5,0.707106781186548,0.5,0.707106781186548),
(1.,0.707106781186548,1.,0.707106781186548,1.)))
REPRESENTATION_ITEM('')
SURFACE()
);
#248=(
BOUNDED_SURFACE()
B_SPLINE_SURFACE(2,2,((#5046,#5047,#5048,#5049,#5050),(#5051,#5052,#5053,
#5054,#5055),(#5056,#5057,#5058,#5059,#5060),(#5061,#5062,#5063,#5064,#5065),
(#5066,#5067,#5068,#5069,#5070)),.UNSPECIFIED.,.F.,.F.,.F.)
B_SPLINE_SURFACE_WITH_KNOTS((3,2,3),(3,2,3),(0.565486677646163,0.848230016469244,
1.13097335529233),(-0.282743338823081,0.,0.282743338823081),
 .UNSPECIFIED.)
GEOMETRIC_REPRESENTATION_ITEM()
RATIONAL_B_SPLINE_SURFACE(((1.,0.707106781186548,1.,0.707106781186548,1.),
(0.707106781186548,0.5,0.707106781186548,0.5,0.707106781186548),(1.,0.707106781186548,
1.,0.707106781186548,1.),(0.707106781186548,0.5,0.707106781186548,0.5,0.707106781186548),
(1.,0.707106781186548,1.,0.707106781186548,1.)))
REPRESENTATION_ITEM('')
SURFACE()
);
#249=(
BOUNDED_SURFACE()
B_SPLINE_SURFACE(2,2,((#5112,#5113,#5114,#5115,#5116),(#5117,#5118,#5119,
#5120,#5121),(#5122,#5123,#5124,#5125,#5126),(#5127,#5128,#5129,#5130,#5131),
(#5132,#5133,#5134,#5135,#5136)),.UNSPECIFIED.,.F.,.F.,.F.)
B_SPLINE_SURFACE_WITH_KNOTS((3,2,3),(3,2,3),(0.,0.282743338823081,0.565486677646163),
(-0.282743338823081,0.,0.282743338823081),.UNSPECIFIED.)
GEOMETRIC_REPRESENTATION_ITEM()
RATIONAL_B_SPLINE_SURFACE(((1.,0.707106781186548,1.,0.707106781186548,1.),
(0.707106781186548,0.5,0.707106781186548,0.5,0.707106781186548),(1.,0.707106781186548,
1.,0.707106781186548,1.),(0.707106781186548,0.5,0.707106781186548,0.5,0.707106781186548),
(1.,0.707106781186548,1.,0.707106781186548,1.)))
REPRESENTATION_ITEM('')
SURFACE()
);
#250=(
BOUNDED_SURFACE()
B_SPLINE_SURFACE(2,2,((#5141,#5142,#5143,#5144,#5145),(#5146,#5147,#5148,
#5149,#5150),(#5151,#5152,#5153,#5154,#5155),(#5156,#5157,#5158,#5159,#5160),
(#5161,#5162,#5163,#5164,#5165)),.UNSPECIFIED.,.F.,.F.,.F.)
B_SPLINE_SURFACE_WITH_KNOTS((3,2,3),(3,2,3),(0.565486677646163,0.848230016469244,
1.13097335529233),(-0.282743338823081,0.,0.282743338823081),
 .UNSPECIFIED.)
GEOMETRIC_REPRESENTATION_ITEM()
RATIONAL_B_SPLINE_SURFACE(((1.,0.707106781186548,1.,0.707106781186548,1.),
(0.707106781186548,0.5,0.707106781186548,0.5,0.707106781186548),(1.,0.707106781186548,
1.,0.707106781186548,1.),(0.707106781186548,0.5,0.707106781186548,0.5,0.707106781186548),
(1.,0.707106781186548,1.,0.707106781186548,1.)))
REPRESENTATION_ITEM('')
SURFACE()
);
#251=(
BOUNDED_SURFACE()
B_SPLINE_SURFACE(2,2,((#5207,#5208,#5209,#5210,#5211),(#5212,#5213,#5214,
#5215,#5216),(#5217,#5218,#5219,#5220,#5221),(#5222,#5223,#5224,#5225,#5226),
(#5227,#5228,#5229,#5230,#5231)),.UNSPECIFIED.,.F.,.F.,.F.)
B_SPLINE_SURFACE_WITH_KNOTS((3,2,3),(3,2,3),(0.,0.282743338823081,0.565486677646163),
(-0.282743338823081,0.,0.282743338823081),.UNSPECIFIED.)
GEOMETRIC_REPRESENTATION_ITEM()
RATIONAL_B_SPLINE_SURFACE(((1.,0.707106781186548,1.,0.707106781186548,1.),
(0.707106781186548,0.5,0.707106781186548,0.5,0.707106781186548),(1.,0.707106781186548,
1.,0.707106781186548,1.),(0.707106781186548,0.5,0.707106781186548,0.5,0.707106781186548),
(1.,0.707106781186548,1.,0.707106781186548,1.)))
REPRESENTATION_ITEM('')
SURFACE()
);
#252=(
BOUNDED_SURFACE()
B_SPLINE_SURFACE(2,2,((#5236,#5237,#5238,#5239,#5240),(#5241,#5242,#5243,
#5244,#5245),(#5246,#5247,#5248,#5249,#5250),(#5251,#5252,#5253,#5254,#5255),
(#5256,#5257,#5258,#5259,#5260)),.UNSPECIFIED.,.F.,.F.,.F.)
B_SPLINE_SURFACE_WITH_KNOTS((3,2,3),(3,2,3),(0.565486677646163,0.848230016469244,
1.13097335529233),(-0.282743338823081,0.,0.282743338823081),
 .UNSPECIFIED.)
GEOMETRIC_REPRESENTATION_ITEM()
RATIONAL_B_SPLINE_SURFACE(((1.,0.707106781186548,1.,0.707106781186548,1.),
(0.707106781186548,0.5,0.707106781186548,0.5,0.707106781186548),(1.,0.707106781186548,
1.,0.707106781186548,1.),(0.707106781186548,0.5,0.707106781186548,0.5,0.707106781186548),
(1.,0.707106781186548,1.,0.707106781186548,1.)))
REPRESENTATION_ITEM('')
SURFACE()
);
#253=(
BOUNDED_SURFACE()
B_SPLINE_SURFACE(2,2,((#5302,#5303,#5304,#5305,#5306),(#5307,#5308,#5309,
#5310,#5311),(#5312,#5313,#5314,#5315,#5316),(#5317,#5318,#5319,#5320,#5321),
(#5322,#5323,#5324,#5325,#5326)),.UNSPECIFIED.,.F.,.F.,.F.)
B_SPLINE_SURFACE_WITH_KNOTS((3,2,3),(3,2,3),(0.,0.282743338823081,0.565486677646163),
(-0.282743338823081,0.,0.282743338823081),.UNSPECIFIED.)
GEOMETRIC_REPRESENTATION_ITEM()
RATIONAL_B_SPLINE_SURFACE(((1.,0.707106781186548,1.,0.707106781186548,1.),
(0.707106781186548,0.5,0.707106781186548,0.5,0.707106781186548),(1.,0.707106781186548,
1.,0.707106781186548,1.),(0.707106781186548,0.5,0.707106781186548,0.5,0.707106781186548),
(1.,0.707106781186548,1.,0.707106781186548,1.)))
REPRESENTATION_ITEM('')
SURFACE()
);
#254=(
BOUNDED_SURFACE()
B_SPLINE_SURFACE(2,2,((#5331,#5332,#5333,#5334,#5335),(#5336,#5337,#5338,
#5339,#5340),(#5341,#5342,#5343,#5344,#5345),(#5346,#5347,#5348,#5349,#5350),
(#5351,#5352,#5353,#5354,#5355)),.UNSPECIFIED.,.F.,.F.,.F.)
B_SPLINE_SURFACE_WITH_KNOTS((3,2,3),(3,2,3),(0.565486677646163,0.848230016469244,
1.13097335529233),(-0.282743338823081,0.,0.282743338823081),
 .UNSPECIFIED.)
GEOMETRIC_REPRESENTATION_ITEM()
RATIONAL_B_SPLINE_SURFACE(((1.,0.707106781186548,1.,0.707106781186548,1.),
(0.707106781186548,0.5,0.707106781186548,0.5,0.707106781186548),(1.,0.707106781186548,
1.,0.707106781186548,1.),(0.707106781186548,0.5,0.707106781186548,0.5,0.707106781186548),
(1.,0.707106781186548,1.,0.707106781186548,1.)))
REPRESENTATION_ITEM('')
SURFACE()
);
#255=(
BOUNDED_SURFACE()
B_SPLINE_SURFACE(2,2,((#5397,#5398,#5399,#5400,#5401),(#5402,#5403,#5404,
#5405,#5406),(#5407,#5408,#5409,#5410,#5411),(#5412,#5413,#5414,#5415,#5416),
(#5417,#5418,#5419,#5420,#5421)),.UNSPECIFIED.,.F.,.F.,.F.)
B_SPLINE_SURFACE_WITH_KNOTS((3,2,3),(3,2,3),(0.,0.282743338823081,0.565486677646163),
(-0.282743338823081,0.,0.282743338823081),.UNSPECIFIED.)
GEOMETRIC_REPRESENTATION_ITEM()
RATIONAL_B_SPLINE_SURFACE(((1.,0.707106781186548,1.,0.707106781186548,1.),
(0.707106781186548,0.5,0.707106781186548,0.5,0.707106781186548),(1.,0.707106781186548,
1.,0.707106781186548,1.),(0.707106781186548,0.5,0.707106781186548,0.5,0.707106781186548),
(1.,0.707106781186548,1.,0.707106781186548,1.)))
REPRESENTATION_ITEM('')
SURFACE()
);
#256=(
BOUNDED_SURFACE()
B_SPLINE_SURFACE(2,2,((#5426,#5427,#5428,#5429,#5430),(#5431,#5432,#5433,
#5434,#5435),(#5436,#5437,#5438,#5439,#5440),(#5441,#5442,#5443,#5444,#5445),
(#5446,#5447,#5448,#5449,#5450)),.UNSPECIFIED.,.F.,.F.,.F.)
B_SPLINE_SURFACE_WITH_KNOTS((3,2,3),(3,2,3),(0.565486677646163,0.848230016469244,
1.13097335529233),(-0.282743338823081,0.,0.282743338823081),
 .UNSPECIFIED.)
GEOMETRIC_REPRESENTATION_ITEM()
RATIONAL_B_SPLINE_SURFACE(((1.,0.707106781186548,1.,0.707106781186548,1.),
(0.707106781186548,0.5,0.707106781186548,0.5,0.707106781186548),(1.,0.707106781186548,
1.,0.707106781186548,1.),(0.707106781186548,0.5,0.707106781186548,0.5,0.707106781186548),
(1.,0.707106781186548,1.,0.707106781186548,1.)))
REPRESENTATION_ITEM('')
SURFACE()
);
#257=(
BOUNDED_SURFACE()
B_SPLINE_SURFACE(2,2,((#5492,#5493,#5494,#5495,#5496),(#5497,#5498,#5499,
#5500,#5501),(#5502,#5503,#5504,#5505,#5506),(#5507,#5508,#5509,#5510,#5511),
(#5512,#5513,#5514,#5515,#5516)),.UNSPECIFIED.,.F.,.F.,.F.)
B_SPLINE_SURFACE_WITH_KNOTS((3,2,3),(3,2,3),(0.,0.282743338823081,0.565486677646163),
(-0.282743338823081,0.,0.282743338823081),.UNSPECIFIED.)
GEOMETRIC_REPRESENTATION_ITEM()
RATIONAL_B_SPLINE_SURFACE(((1.,0.707106781186548,1.,0.707106781186548,1.),
(0.707106781186548,0.5,0.707106781186548,0.5,0.707106781186548),(1.,0.707106781186548,
1.,0.707106781186548,1.),(0.707106781186548,0.5,0.707106781186548,0.5,0.707106781186548),
(1.,0.707106781186548,1.,0.707106781186548,1.)))
REPRESENTATION_ITEM('')
SURFACE()
);
#258=(
BOUNDED_SURFACE()
B_SPLINE_SURFACE(2,2,((#5521,#5522,#5523,#5524,#5525),(#5526,#5527,#5528,
#5529,#5530),(#5531,#5532,#5533,#5534,#5535),(#5536,#5537,#5538,#5539,#5540),
(#5541,#5542,#5543,#5544,#5545)),.UNSPECIFIED.,.F.,.F.,.F.)
B_SPLINE_SURFACE_WITH_KNOTS((3,2,3),(3,2,3),(0.565486677646163,0.848230016469244,
1.13097335529233),(-0.282743338823081,0.,0.282743338823081),
 .UNSPECIFIED.)
GEOMETRIC_REPRESENTATION_ITEM()
RATIONAL_B_SPLINE_SURFACE(((1.,0.707106781186548,1.,0.707106781186548,1.),
(0.707106781186548,0.5,0.707106781186548,0.5,0.707106781186548),(1.,0.707106781186548,
1.,0.707106781186548,1.),(0.707106781186548,0.5,0.707106781186548,0.5,0.707106781186548),
(1.,0.707106781186548,1.,0.707106781186548,1.)))
REPRESENTATION_ITEM('')
SURFACE()
);
#259=(
BOUNDED_SURFACE()
B_SPLINE_SURFACE(2,2,((#5587,#5588,#5589,#5590,#5591),(#5592,#5593,#5594,
#5595,#5596),(#5597,#5598,#5599,#5600,#5601),(#5602,#5603,#5604,#5605,#5606),
(#5607,#5608,#5609,#5610,#5611)),.UNSPECIFIED.,.F.,.F.,.F.)
B_SPLINE_SURFACE_WITH_KNOTS((3,2,3),(3,2,3),(0.,0.282743338823081,0.565486677646163),
(-0.282743338823081,0.,0.282743338823081),.UNSPECIFIED.)
GEOMETRIC_REPRESENTATION_ITEM()
RATIONAL_B_SPLINE_SURFACE(((1.,0.707106781186548,1.,0.707106781186548,1.),
(0.707106781186548,0.5,0.707106781186548,0.5,0.707106781186548),(1.,0.707106781186548,
1.,0.707106781186548,1.),(0.707106781186548,0.5,0.707106781186548,0.5,0.707106781186548),
(1.,0.707106781186548,1.,0.707106781186548,1.)))
REPRESENTATION_ITEM('')
SURFACE()
);
#260=(
BOUNDED_SURFACE()
B_SPLINE_SURFACE(2,2,((#5616,#5617,#5618,#5619,#5620),(#5621,#5622,#5623,
#5624,#5625),(#5626,#5627,#5628,#5629,#5630),(#5631,#5632,#5633,#5634,#5635),
(#5636,#5637,#5638,#5639,#5640)),.UNSPECIFIED.,.F.,.F.,.F.)
B_SPLINE_SURFACE_WITH_KNOTS((3,2,3),(3,2,3),(0.565486677646163,0.848230016469244,
1.13097335529233),(-0.282743338823081,0.,0.282743338823081),
 .UNSPECIFIED.)
GEOMETRIC_REPRESENTATION_ITEM()
RATIONAL_B_SPLINE_SURFACE(((1.,0.707106781186548,1.,0.707106781186548,1.),
(0.707106781186548,0.5,0.707106781186548,0.5,0.707106781186548),(1.,0.707106781186548,
1.,0.707106781186548,1.),(0.707106781186548,0.5,0.707106781186548,0.5,0.707106781186548),
(1.,0.707106781186548,1.,0.707106781186548,1.)))
REPRESENTATION_ITEM('')
SURFACE()
);
#261=(
BOUNDED_SURFACE()
B_SPLINE_SURFACE(2,2,((#5682,#5683,#5684,#5685,#5686),(#5687,#5688,#5689,
#5690,#5691),(#5692,#5693,#5694,#5695,#5696),(#5697,#5698,#5699,#5700,#5701),
(#5702,#5703,#5704,#5705,#5706)),.UNSPECIFIED.,.F.,.F.,.F.)
B_SPLINE_SURFACE_WITH_KNOTS((3,2,3),(3,2,3),(0.,0.282743338823081,0.565486677646163),
(-0.282743338823081,0.,0.282743338823081),.UNSPECIFIED.)
GEOMETRIC_REPRESENTATION_ITEM()
RATIONAL_B_SPLINE_SURFACE(((1.,0.707106781186548,1.,0.707106781186548,1.),
(0.707106781186548,0.5,0.707106781186548,0.5,0.707106781186548),(1.,0.707106781186548,
1.,0.707106781186548,1.),(0.707106781186548,0.5,0.707106781186548,0.5,0.707106781186548),
(1.,0.707106781186548,1.,0.707106781186548,1.)))
REPRESENTATION_ITEM('')
SURFACE()
);
#262=(
BOUNDED_SURFACE()
B_SPLINE_SURFACE(2,2,((#5711,#5712,#5713,#5714,#5715),(#5716,#5717,#5718,
#5719,#5720),(#5721,#5722,#5723,#5724,#5725),(#5726,#5727,#5728,#5729,#5730),
(#5731,#5732,#5733,#5734,#5735)),.UNSPECIFIED.,.F.,.F.,.F.)
B_SPLINE_SURFACE_WITH_KNOTS((3,2,3),(3,2,3),(0.565486677646163,0.848230016469244,
1.13097335529233),(-0.282743338823081,0.,0.282743338823081),
 .UNSPECIFIED.)
GEOMETRIC_REPRESENTATION_ITEM()
RATIONAL_B_SPLINE_SURFACE(((1.,0.707106781186548,1.,0.707106781186548,1.),
(0.707106781186548,0.5,0.707106781186548,0.5,0.707106781186548),(1.,0.707106781186548,
1.,0.707106781186548,1.),(0.707106781186548,0.5,0.707106781186548,0.5,0.707106781186548),
(1.,0.707106781186548,1.,0.707106781186548,1.)))
REPRESENTATION_ITEM('')
SURFACE()
);
#263=(
BOUNDED_SURFACE()
B_SPLINE_SURFACE(2,2,((#5777,#5778,#5779,#5780,#5781),(#5782,#5783,#5784,
#5785,#5786),(#5787,#5788,#5789,#5790,#5791),(#5792,#5793,#5794,#5795,#5796),
(#5797,#5798,#5799,#5800,#5801)),.UNSPECIFIED.,.F.,.F.,.F.)
B_SPLINE_SURFACE_WITH_KNOTS((3,2,3),(3,2,3),(0.,0.282743338823081,0.565486677646163),
(-0.282743338823081,0.,0.282743338823081),.UNSPECIFIED.)
GEOMETRIC_REPRESENTATION_ITEM()
RATIONAL_B_SPLINE_SURFACE(((1.,0.707106781186548,1.,0.707106781186548,1.),
(0.707106781186548,0.5,0.707106781186548,0.5,0.707106781186548),(1.,0.707106781186548,
1.,0.707106781186548,1.),(0.707106781186548,0.5,0.707106781186548,0.5,0.707106781186548),
(1.,0.707106781186548,1.,0.707106781186548,1.)))
REPRESENTATION_ITEM('')
SURFACE()
);
#264=(
BOUNDED_SURFACE()
B_SPLINE_SURFACE(2,2,((#5806,#5807,#5808,#5809,#5810),(#5811,#5812,#5813,
#5814,#5815),(#5816,#5817,#5818,#5819,#5820),(#5821,#5822,#5823,#5824,#5825),
(#5826,#5827,#5828,#5829,#5830)),.UNSPECIFIED.,.F.,.F.,.F.)
B_SPLINE_SURFACE_WITH_KNOTS((3,2,3),(3,2,3),(0.565486677646163,0.848230016469244,
1.13097335529233),(-0.282743338823081,0.,0.282743338823081),
 .UNSPECIFIED.)
GEOMETRIC_REPRESENTATION_ITEM()
RATIONAL_B_SPLINE_SURFACE(((1.,0.707106781186548,1.,0.707106781186548,1.),
(0.707106781186548,0.5,0.707106781186548,0.5,0.707106781186548),(1.,0.707106781186548,
1.,0.707106781186548,1.),(0.707106781186548,0.5,0.707106781186548,0.5,0.707106781186548),
(1.,0.707106781186548,1.,0.707106781186548,1.)))
REPRESENTATION_ITEM('')
SURFACE()
);
#265=(
BOUNDED_SURFACE()
B_SPLINE_SURFACE(2,2,((#5872,#5873,#5874,#5875,#5876),(#5877,#5878,#5879,
#5880,#5881),(#5882,#5883,#5884,#5885,#5886),(#5887,#5888,#5889,#5890,#5891),
(#5892,#5893,#5894,#5895,#5896)),.UNSPECIFIED.,.F.,.F.,.F.)
B_SPLINE_SURFACE_WITH_KNOTS((3,2,3),(3,2,3),(0.,0.282743338823081,0.565486677646163),
(-0.282743338823081,0.,0.282743338823081),.UNSPECIFIED.)
GEOMETRIC_REPRESENTATION_ITEM()
RATIONAL_B_SPLINE_SURFACE(((1.,0.707106781186548,1.,0.707106781186548,1.),
(0.707106781186548,0.5,0.707106781186548,0.5,0.707106781186548),(1.,0.707106781186548,
1.,0.707106781186548,1.),(0.707106781186548,0.5,0.707106781186548,0.5,0.707106781186548),
(1.,0.707106781186548,1.,0.707106781186548,1.)))
REPRESENTATION_ITEM('')
SURFACE()
);
#266=(
BOUNDED_SURFACE()
B_SPLINE_SURFACE(2,2,((#5901,#5902,#5903,#5904,#5905),(#5906,#5907,#5908,
#5909,#5910),(#5911,#5912,#5913,#5914,#5915),(#5916,#5917,#5918,#5919,#5920),
(#5921,#5922,#5923,#5924,#5925)),.UNSPECIFIED.,.F.,.F.,.F.)
B_SPLINE_SURFACE_WITH_KNOTS((3,2,3),(3,2,3),(0.565486677646163,0.848230016469244,
1.13097335529233),(-0.282743338823081,0.,0.282743338823081),
 .UNSPECIFIED.)
GEOMETRIC_REPRESENTATION_ITEM()
RATIONAL_B_SPLINE_SURFACE(((1.,0.707106781186548,1.,0.707106781186548,1.),
(0.707106781186548,0.5,0.707106781186548,0.5,0.707106781186548),(1.,0.707106781186548,
1.,0.707106781186548,1.),(0.707106781186548,0.5,0.707106781186548,0.5,0.707106781186548),
(1.,0.707106781186548,1.,0.707106781186548,1.)))
REPRESENTATION_ITEM('')
SURFACE()
);
#267=(
BOUNDED_SURFACE()
B_SPLINE_SURFACE(2,2,((#5967,#5968,#5969,#5970,#5971),(#5972,#5973,#5974,
#5975,#5976),(#5977,#5978,#5979,#5980,#5981),(#5982,#5983,#5984,#5985,#5986),
(#5987,#5988,#5989,#5990,#5991)),.UNSPECIFIED.,.F.,.F.,.F.)
B_SPLINE_SURFACE_WITH_KNOTS((3,2,3),(3,2,3),(0.,0.282743338823081,0.565486677646163),
(-0.282743338823081,0.,0.282743338823081),.UNSPECIFIED.)
GEOMETRIC_REPRESENTATION_ITEM()
RATIONAL_B_SPLINE_SURFACE(((1.,0.707106781186548,1.,0.707106781186548,1.),
(0.707106781186548,0.5,0.707106781186548,0.5,0.707106781186548),(1.,0.707106781186548,
1.,0.707106781186548,1.),(0.707106781186548,0.5,0.707106781186548,0.5,0.707106781186548),
(1.,0.707106781186548,1.,0.707106781186548,1.)))
REPRESENTATION_ITEM('')
SURFACE()
);
#268=(
BOUNDED_SURFACE()
B_SPLINE_SURFACE(2,2,((#5996,#5997,#5998,#5999,#6000),(#6001,#6002,#6003,
#6004,#6005),(#6006,#6007,#6008,#6009,#6010),(#6011,#6012,#6013,#6014,#6015),
(#6016,#6017,#6018,#6019,#6020)),.UNSPECIFIED.,.F.,.F.,.F.)
B_SPLINE_SURFACE_WITH_KNOTS((3,2,3),(3,2,3),(0.565486677646163,0.848230016469244,
1.13097335529233),(-0.282743338823081,0.,0.282743338823081),
 .UNSPECIFIED.)
GEOMETRIC_REPRESENTATION_ITEM()
RATIONAL_B_SPLINE_SURFACE(((1.,0.707106781186548,1.,0.707106781186548,1.),
(0.707106781186548,0.5,0.707106781186548,0.5,0.707106781186548),(1.,0.707106781186548,
1.,0.707106781186548,1.),(0.707106781186548,0.5,0.707106781186548,0.5,0.707106781186548),
(1.,0.707106781186548,1.,0.707106781186548,1.)))
REPRESENTATION_ITEM('')
SURFACE()
);
#269=(
BOUNDED_SURFACE()
B_SPLINE_SURFACE(2,2,((#6062,#6063,#6064,#6065,#6066),(#6067,#6068,#6069,
#6070,#6071),(#6072,#6073,#6074,#6075,#6076),(#6077,#6078,#6079,#6080,#6081),
(#6082,#6083,#6084,#6085,#6086)),.UNSPECIFIED.,.F.,.F.,.F.)
B_SPLINE_SURFACE_WITH_KNOTS((3,2,3),(3,2,3),(0.,0.282743338823081,0.565486677646163),
(-0.282743338823081,0.,0.282743338823081),.UNSPECIFIED.)
GEOMETRIC_REPRESENTATION_ITEM()
RATIONAL_B_SPLINE_SURFACE(((1.,0.707106781186548,1.,0.707106781186548,1.),
(0.707106781186548,0.5,0.707106781186548,0.5,0.707106781186548),(1.,0.707106781186548,
1.,0.707106781186548,1.),(0.707106781186548,0.5,0.707106781186548,0.5,0.707106781186548),
(1.,0.707106781186548,1.,0.707106781186548,1.)))
REPRESENTATION_ITEM('')
SURFACE()
);
#270=(
BOUNDED_SURFACE()
B_SPLINE_SURFACE(2,2,((#6091,#6092,#6093,#6094,#6095),(#6096,#6097,#6098,
#6099,#6100),(#6101,#6102,#6103,#6104,#6105),(#6106,#6107,#6108,#6109,#6110),
(#6111,#6112,#6113,#6114,#6115)),.UNSPECIFIED.,.F.,.F.,.F.)
B_SPLINE_SURFACE_WITH_KNOTS((3,2,3),(3,2,3),(0.565486677646163,0.848230016469244,
1.13097335529233),(-0.282743338823081,0.,0.282743338823081),
 .UNSPECIFIED.)
GEOMETRIC_REPRESENTATION_ITEM()
RATIONAL_B_SPLINE_SURFACE(((1.,0.707106781186548,1.,0.707106781186548,1.),
(0.707106781186548,0.5,0.707106781186548,0.5,0.707106781186548),(1.,0.707106781186548,
1.,0.707106781186548,1.),(0.707106781186548,0.5,0.707106781186548,0.5,0.707106781186548),
(1.,0.707106781186548,1.,0.707106781186548,1.)))
REPRESENTATION_ITEM('')
SURFACE()
);
#271=(
BOUNDED_SURFACE()
B_SPLINE_SURFACE(2,2,((#6157,#6158,#6159,#6160,#6161),(#6162,#6163,#6164,
#6165,#6166),(#6167,#6168,#6169,#6170,#6171),(#6172,#6173,#6174,#6175,#6176),
(#6177,#6178,#6179,#6180,#6181)),.UNSPECIFIED.,.F.,.F.,.F.)
B_SPLINE_SURFACE_WITH_KNOTS((3,2,3),(3,2,3),(0.,0.282743338823081,0.565486677646163),
(-0.282743338823081,0.,0.282743338823081),.UNSPECIFIED.)
GEOMETRIC_REPRESENTATION_ITEM()
RATIONAL_B_SPLINE_SURFACE(((1.,0.707106781186548,1.,0.707106781186548,1.),
(0.707106781186548,0.5,0.707106781186548,0.5,0.707106781186548),(1.,0.707106781186548,
1.,0.707106781186548,1.),(0.707106781186548,0.5,0.707106781186548,0.5,0.707106781186548),
(1.,0.707106781186548,1.,0.707106781186548,1.)))
REPRESENTATION_ITEM('')
SURFACE()
);
#272=(
BOUNDED_SURFACE()
B_SPLINE_SURFACE(2,2,((#6186,#6187,#6188,#6189,#6190),(#6191,#6192,#6193,
#6194,#6195),(#6196,#6197,#6198,#6199,#6200),(#6201,#6202,#6203,#6204,#6205),
(#6206,#6207,#6208,#6209,#6210)),.UNSPECIFIED.,.F.,.F.,.F.)
B_SPLINE_SURFACE_WITH_KNOTS((3,2,3),(3,2,3),(0.565486677646163,0.848230016469244,
1.13097335529233),(-0.282743338823081,0.,0.282743338823081),
 .UNSPECIFIED.)
GEOMETRIC_REPRESENTATION_ITEM()
RATIONAL_B_SPLINE_SURFACE(((1.,0.707106781186548,1.,0.707106781186548,1.),
(0.707106781186548,0.5,0.707106781186548,0.5,0.707106781186548),(1.,0.707106781186548,
1.,0.707106781186548,1.),(0.707106781186548,0.5,0.707106781186548,0.5,0.707106781186548),
(1.,0.707106781186548,1.,0.707106781186548,1.)))
REPRESENTATION_ITEM('')
SURFACE()
);
#273=(
BOUNDED_SURFACE()
B_SPLINE_SURFACE(2,2,((#6252,#6253,#6254,#6255,#6256),(#6257,#6258,#6259,
#6260,#6261),(#6262,#6263,#6264,#6265,#6266),(#6267,#6268,#6269,#6270,#6271),
(#6272,#6273,#6274,#6275,#6276)),.UNSPECIFIED.,.F.,.F.,.F.)
B_SPLINE_SURFACE_WITH_KNOTS((3,2,3),(3,2,3),(0.,0.282743338823081,0.565486677646163),
(-0.282743338823081,0.,0.282743338823081),.UNSPECIFIED.)
GEOMETRIC_REPRESENTATION_ITEM()
RATIONAL_B_SPLINE_SURFACE(((1.,0.707106781186548,1.,0.707106781186548,1.),
(0.707106781186548,0.5,0.707106781186548,0.5,0.707106781186548),(1.,0.707106781186548,
1.,0.707106781186548,1.),(0.707106781186548,0.5,0.707106781186548,0.5,0.707106781186548),
(1.,0.707106781186548,1.,0.707106781186548,1.)))
REPRESENTATION_ITEM('')
SURFACE()
);
#274=(
BOUNDED_SURFACE()
B_SPLINE_SURFACE(2,2,((#6281,#6282,#6283,#6284,#6285),(#6286,#6287,#6288,
#6289,#6290),(#6291,#6292,#6293,#6294,#6295),(#6296,#6297,#6298,#6299,#6300),
(#6301,#6302,#6303,#6304,#6305)),.UNSPECIFIED.,.F.,.F.,.F.)
B_SPLINE_SURFACE_WITH_KNOTS((3,2,3),(3,2,3),(0.565486677646163,0.848230016469244,
1.13097335529233),(-0.282743338823081,0.,0.282743338823081),
 .UNSPECIFIED.)
GEOMETRIC_REPRESENTATION_ITEM()
RATIONAL_B_SPLINE_SURFACE(((1.,0.707106781186548,1.,0.707106781186548,1.),
(0.707106781186548,0.5,0.707106781186548,0.5,0.707106781186548),(1.,0.707106781186548,
1.,0.707106781186548,1.),(0.707106781186548,0.5,0.707106781186548,0.5,0.707106781186548),
(1.,0.707106781186548,1.,0.707106781186548,1.)))
REPRESENTATION_ITEM('')
SURFACE()
);
#275=(
BOUNDED_SURFACE()
B_SPLINE_SURFACE(2,2,((#6347,#6348,#6349,#6350,#6351),(#6352,#6353,#6354,
#6355,#6356),(#6357,#6358,#6359,#6360,#6361),(#6362,#6363,#6364,#6365,#6366),
(#6367,#6368,#6369,#6370,#6371)),.UNSPECIFIED.,.F.,.F.,.F.)
B_SPLINE_SURFACE_WITH_KNOTS((3,2,3),(3,2,3),(0.,0.282743338823081,0.565486677646163),
(-0.282743338823081,0.,0.282743338823081),.UNSPECIFIED.)
GEOMETRIC_REPRESENTATION_ITEM()
RATIONAL_B_SPLINE_SURFACE(((1.,0.707106781186548,1.,0.707106781186548,1.),
(0.707106781186548,0.5,0.707106781186548,0.5,0.707106781186548),(1.,0.707106781186548,
1.,0.707106781186548,1.),(0.707106781186548,0.5,0.707106781186548,0.5,0.707106781186548),
(1.,0.707106781186548,1.,0.707106781186548,1.)))
REPRESENTATION_ITEM('')
SURFACE()
);
#276=(
BOUNDED_SURFACE()
B_SPLINE_SURFACE(2,2,((#6376,#6377,#6378,#6379,#6380),(#6381,#6382,#6383,
#6384,#6385),(#6386,#6387,#6388,#6389,#6390),(#6391,#6392,#6393,#6394,#6395),
(#6396,#6397,#6398,#6399,#6400)),.UNSPECIFIED.,.F.,.F.,.F.)
B_SPLINE_SURFACE_WITH_KNOTS((3,2,3),(3,2,3),(0.565486677646163,0.848230016469244,
1.13097335529233),(-0.282743338823081,0.,0.282743338823081),
 .UNSPECIFIED.)
GEOMETRIC_REPRESENTATION_ITEM()
RATIONAL_B_SPLINE_SURFACE(((1.,0.707106781186548,1.,0.707106781186548,1.),
(0.707106781186548,0.5,0.707106781186548,0.5,0.707106781186548),(1.,0.707106781186548,
1.,0.707106781186548,1.),(0.707106781186548,0.5,0.707106781186548,0.5,0.707106781186548),
(1.,0.707106781186548,1.,0.707106781186548,1.)))
REPRESENTATION_ITEM('')
SURFACE()
);
#277=(
BOUNDED_SURFACE()
B_SPLINE_SURFACE(2,2,((#6442,#6443,#6444,#6445,#6446),(#6447,#6448,#6449,
#6450,#6451),(#6452,#6453,#6454,#6455,#6456),(#6457,#6458,#6459,#6460,#6461),
(#6462,#6463,#6464,#6465,#6466)),.UNSPECIFIED.,.F.,.F.,.F.)
B_SPLINE_SURFACE_WITH_KNOTS((3,2,3),(3,2,3),(0.,0.282743338823081,0.565486677646163),
(-0.282743338823081,0.,0.282743338823081),.UNSPECIFIED.)
GEOMETRIC_REPRESENTATION_ITEM()
RATIONAL_B_SPLINE_SURFACE(((1.,0.707106781186548,1.,0.707106781186548,1.),
(0.707106781186548,0.5,0.707106781186548,0.5,0.707106781186548),(1.,0.707106781186548,
1.,0.707106781186548,1.),(0.707106781186548,0.5,0.707106781186548,0.5,0.707106781186548),
(1.,0.707106781186548,1.,0.707106781186548,1.)))
REPRESENTATION_ITEM('')
SURFACE()
);
#278=(
BOUNDED_SURFACE()
B_SPLINE_SURFACE(2,2,((#6471,#6472,#6473,#6474,#6475),(#6476,#6477,#6478,
#6479,#6480),(#6481,#6482,#6483,#6484,#6485),(#6486,#6487,#6488,#6489,#6490),
(#6491,#6492,#6493,#6494,#6495)),.UNSPECIFIED.,.F.,.F.,.F.)
B_SPLINE_SURFACE_WITH_KNOTS((3,2,3),(3,2,3),(0.565486677646163,0.848230016469244,
1.13097335529233),(-0.282743338823081,0.,0.282743338823081),
 .UNSPECIFIED.)
GEOMETRIC_REPRESENTATION_ITEM()
RATIONAL_B_SPLINE_SURFACE(((1.,0.707106781186548,1.,0.707106781186548,1.),
(0.707106781186548,0.5,0.707106781186548,0.5,0.707106781186548),(1.,0.707106781186548,
1.,0.707106781186548,1.),(0.707106781186548,0.5,0.707106781186548,0.5,0.707106781186548),
(1.,0.707106781186548,1.,0.707106781186548,1.)))
REPRESENTATION_ITEM('')
SURFACE()
);
#279=(
BOUNDED_SURFACE()
B_SPLINE_SURFACE(2,2,((#6537,#6538,#6539,#6540,#6541),(#6542,#6543,#6544,
#6545,#6546),(#6547,#6548,#6549,#6550,#6551),(#6552,#6553,#6554,#6555,#6556),
(#6557,#6558,#6559,#6560,#6561)),.UNSPECIFIED.,.F.,.F.,.F.)
B_SPLINE_SURFACE_WITH_KNOTS((3,2,3),(3,2,3),(0.,0.282743338823081,0.565486677646163),
(-0.282743338823081,0.,0.282743338823081),.UNSPECIFIED.)
GEOMETRIC_REPRESENTATION_ITEM()
RATIONAL_B_SPLINE_SURFACE(((1.,0.707106781186548,1.,0.707106781186548,1.),
(0.707106781186548,0.5,0.707106781186548,0.5,0.707106781186548),(1.,0.707106781186548,
1.,0.707106781186548,1.),(0.707106781186548,0.5,0.707106781186548,0.5,0.707106781186548),
(1.,0.707106781186548,1.,0.707106781186548,1.)))
REPRESENTATION_ITEM('')
SURFACE()
);
#280=(
BOUNDED_SURFACE()
B_SPLINE_SURFACE(2,2,((#6566,#6567,#6568,#6569,#6570),(#6571,#6572,#6573,
#6574,#6575),(#6576,#6577,#6578,#6579,#6580),(#6581,#6582,#6583,#6584,#6585),
(#6586,#6587,#6588,#6589,#6590)),.UNSPECIFIED.,.F.,.F.,.F.)
B_SPLINE_SURFACE_WITH_KNOTS((3,2,3),(3,2,3),(0.565486677646163,0.848230016469244,
1.13097335529233),(-0.282743338823081,0.,0.282743338823081),
 .UNSPECIFIED.)
GEOMETRIC_REPRESENTATION_ITEM()
RATIONAL_B_SPLINE_SURFACE(((1.,0.707106781186548,1.,0.707106781186548,1.),
(0.707106781186548,0.5,0.707106781186548,0.5,0.707106781186548),(1.,0.707106781186548,
1.,0.707106781186548,1.),(0.707106781186548,0.5,0.707106781186548,0.5,0.707106781186548),
(1.,0.707106781186548,1.,0.707106781186548,1.)))
REPRESENTATION_ITEM('')
SURFACE()
);
#281=(
BOUNDED_SURFACE()
B_SPLINE_SURFACE(2,2,((#6632,#6633,#6634,#6635,#6636),(#6637,#6638,#6639,
#6640,#6641),(#6642,#6643,#6644,#6645,#6646),(#6647,#6648,#6649,#6650,#6651),
(#6652,#6653,#6654,#6655,#6656)),.UNSPECIFIED.,.F.,.F.,.F.)
B_SPLINE_SURFACE_WITH_KNOTS((3,2,3),(3,2,3),(0.,0.282743338823081,0.565486677646163),
(-0.282743338823081,0.,0.282743338823081),.UNSPECIFIED.)
GEOMETRIC_REPRESENTATION_ITEM()
RATIONAL_B_SPLINE_SURFACE(((1.,0.707106781186548,1.,0.707106781186548,1.),
(0.707106781186548,0.5,0.707106781186548,0.5,0.707106781186548),(1.,0.707106781186548,
1.,0.707106781186548,1.),(0.707106781186548,0.5,0.707106781186548,0.5,0.707106781186548),
(1.,0.707106781186548,1.,0.707106781186548,1.)))
REPRESENTATION_ITEM('')
SURFACE()
);
#282=(
BOUNDED_SURFACE()
B_SPLINE_SURFACE(2,2,((#6661,#6662,#6663,#6664,#6665),(#6666,#6667,#6668,
#6669,#6670),(#6671,#6672,#6673,#6674,#6675),(#6676,#6677,#6678,#6679,#6680),
(#6681,#6682,#6683,#6684,#6685)),.UNSPECIFIED.,.F.,.F.,.F.)
B_SPLINE_SURFACE_WITH_KNOTS((3,2,3),(3,2,3),(0.565486677646163,0.848230016469244,
1.13097335529233),(-0.282743338823081,0.,0.282743338823081),
 .UNSPECIFIED.)
GEOMETRIC_REPRESENTATION_ITEM()
RATIONAL_B_SPLINE_SURFACE(((1.,0.707106781186548,1.,0.707106781186548,1.),
(0.707106781186548,0.5,0.707106781186548,0.5,0.707106781186548),(1.,0.707106781186548,
1.,0.707106781186548,1.),(0.707106781186548,0.5,0.707106781186548,0.5,0.707106781186548),
(1.,0.707106781186548,1.,0.707106781186548,1.)))
REPRESENTATION_ITEM('')
SURFACE()
);
#283=(
BOUNDED_SURFACE()
B_SPLINE_SURFACE(2,2,((#6727,#6728,#6729,#6730,#6731),(#6732,#6733,#6734,
#6735,#6736),(#6737,#6738,#6739,#6740,#6741),(#6742,#6743,#6744,#6745,#6746),
(#6747,#6748,#6749,#6750,#6751)),.UNSPECIFIED.,.F.,.F.,.F.)
B_SPLINE_SURFACE_WITH_KNOTS((3,2,3),(3,2,3),(0.,0.282743338823081,0.565486677646163),
(-0.282743338823081,0.,0.282743338823081),.UNSPECIFIED.)
GEOMETRIC_REPRESENTATION_ITEM()
RATIONAL_B_SPLINE_SURFACE(((1.,0.707106781186548,1.,0.707106781186548,1.),
(0.707106781186548,0.5,0.707106781186548,0.5,0.707106781186548),(1.,0.707106781186548,
1.,0.707106781186548,1.),(0.707106781186548,0.5,0.707106781186548,0.5,0.707106781186548),
(1.,0.707106781186548,1.,0.707106781186548,1.)))
REPRESENTATION_ITEM('')
SURFACE()
);
#284=(
BOUNDED_SURFACE()
B_SPLINE_SURFACE(2,2,((#6756,#6757,#6758,#6759,#6760),(#6761,#6762,#6763,
#6764,#6765),(#6766,#6767,#6768,#6769,#6770),(#6771,#6772,#6773,#6774,#6775),
(#6776,#6777,#6778,#6779,#6780)),.UNSPECIFIED.,.F.,.F.,.F.)
B_SPLINE_SURFACE_WITH_KNOTS((3,2,3),(3,2,3),(0.565486677646163,0.848230016469244,
1.13097335529233),(-0.282743338823081,0.,0.282743338823081),
 .UNSPECIFIED.)
GEOMETRIC_REPRESENTATION_ITEM()
RATIONAL_B_SPLINE_SURFACE(((1.,0.707106781186548,1.,0.707106781186548,1.),
(0.707106781186548,0.5,0.707106781186548,0.5,0.707106781186548),(1.,0.707106781186548,
1.,0.707106781186548,1.),(0.707106781186548,0.5,0.707106781186548,0.5,0.707106781186548),
(1.,0.707106781186548,1.,0.707106781186548,1.)))
REPRESENTATION_ITEM('')
SURFACE()
);
#285=(
BOUNDED_SURFACE()
B_SPLINE_SURFACE(2,2,((#6822,#6823,#6824,#6825,#6826),(#6827,#6828,#6829,
#6830,#6831),(#6832,#6833,#6834,#6835,#6836),(#6837,#6838,#6839,#6840,#6841),
(#6842,#6843,#6844,#6845,#6846)),.UNSPECIFIED.,.F.,.F.,.F.)
B_SPLINE_SURFACE_WITH_KNOTS((3,2,3),(3,2,3),(0.,0.282743338823081,0.565486677646163),
(-0.282743338823081,0.,0.282743338823081),.UNSPECIFIED.)
GEOMETRIC_REPRESENTATION_ITEM()
RATIONAL_B_SPLINE_SURFACE(((1.,0.707106781186548,1.,0.707106781186548,1.),
(0.707106781186548,0.5,0.707106781186548,0.5,0.707106781186548),(1.,0.707106781186548,
1.,0.707106781186548,1.),(0.707106781186548,0.5,0.707106781186548,0.5,0.707106781186548),
(1.,0.707106781186548,1.,0.707106781186548,1.)))
REPRESENTATION_ITEM('')
SURFACE()
);
#286=(
BOUNDED_SURFACE()
B_SPLINE_SURFACE(2,2,((#6851,#6852,#6853,#6854,#6855),(#6856,#6857,#6858,
#6859,#6860),(#6861,#6862,#6863,#6864,#6865),(#6866,#6867,#6868,#6869,#6870),
(#6871,#6872,#6873,#6874,#6875)),.UNSPECIFIED.,.F.,.F.,.F.)
B_SPLINE_SURFACE_WITH_KNOTS((3,2,3),(3,2,3),(0.565486677646163,0.848230016469244,
1.13097335529233),(-0.282743338823081,0.,0.282743338823081),
 .UNSPECIFIED.)
GEOMETRIC_REPRESENTATION_ITEM()
RATIONAL_B_SPLINE_SURFACE(((1.,0.707106781186548,1.,0.707106781186548,1.),
(0.707106781186548,0.5,0.707106781186548,0.5,0.707106781186548),(1.,0.707106781186548,
1.,0.707106781186548,1.),(0.707106781186548,0.5,0.707106781186548,0.5,0.707106781186548),
(1.,0.707106781186548,1.,0.707106781186548,1.)))
REPRESENTATION_ITEM('')
SURFACE()
);
#287=(
BOUNDED_SURFACE()
B_SPLINE_SURFACE(2,2,((#6917,#6918,#6919,#6920,#6921),(#6922,#6923,#6924,
#6925,#6926),(#6927,#6928,#6929,#6930,#6931),(#6932,#6933,#6934,#6935,#6936),
(#6937,#6938,#6939,#6940,#6941)),.UNSPECIFIED.,.F.,.F.,.F.)
B_SPLINE_SURFACE_WITH_KNOTS((3,2,3),(3,2,3),(0.,0.282743338823081,0.565486677646163),
(-0.282743338823081,0.,0.282743338823081),.UNSPECIFIED.)
GEOMETRIC_REPRESENTATION_ITEM()
RATIONAL_B_SPLINE_SURFACE(((1.,0.707106781186548,1.,0.707106781186548,1.),
(0.707106781186548,0.5,0.707106781186548,0.5,0.707106781186548),(1.,0.707106781186548,
1.,0.707106781186548,1.),(0.707106781186548,0.5,0.707106781186548,0.5,0.707106781186548),
(1.,0.707106781186548,1.,0.707106781186548,1.)))
REPRESENTATION_ITEM('')
SURFACE()
);
#288=(
BOUNDED_SURFACE()
B_SPLINE_SURFACE(2,2,((#6946,#6947,#6948,#6949,#6950),(#6951,#6952,#6953,
#6954,#6955),(#6956,#6957,#6958,#6959,#6960),(#6961,#6962,#6963,#6964,#6965),
(#6966,#6967,#6968,#6969,#6970)),.UNSPECIFIED.,.F.,.F.,.F.)
B_SPLINE_SURFACE_WITH_KNOTS((3,2,3),(3,2,3),(0.565486677646163,0.848230016469244,
1.13097335529233),(-0.282743338823081,0.,0.282743338823081),
 .UNSPECIFIED.)
GEOMETRIC_REPRESENTATION_ITEM()
RATIONAL_B_SPLINE_SURFACE(((1.,0.707106781186548,1.,0.707106781186548,1.),
(0.707106781186548,0.5,0.707106781186548,0.5,0.707106781186548),(1.,0.707106781186548,
1.,0.707106781186548,1.),(0.707106781186548,0.5,0.707106781186548,0.5,0.707106781186548),
(1.,0.707106781186548,1.,0.707106781186548,1.)))
REPRESENTATION_ITEM('')
SURFACE()
);
#289=(
BOUNDED_SURFACE()
B_SPLINE_SURFACE(2,2,((#7012,#7013,#7014,#7015,#7016),(#7017,#7018,#7019,
#7020,#7021),(#7022,#7023,#7024,#7025,#7026),(#7027,#7028,#7029,#7030,#7031),
(#7032,#7033,#7034,#7035,#7036)),.UNSPECIFIED.,.F.,.F.,.F.)
B_SPLINE_SURFACE_WITH_KNOTS((3,2,3),(3,2,3),(0.,0.282743338823081,0.565486677646163),
(-0.282743338823081,0.,0.282743338823081),.UNSPECIFIED.)
GEOMETRIC_REPRESENTATION_ITEM()
RATIONAL_B_SPLINE_SURFACE(((1.,0.707106781186548,1.,0.707106781186548,1.),
(0.707106781186548,0.5,0.707106781186548,0.5,0.707106781186548),(1.,0.707106781186548,
1.,0.707106781186548,1.),(0.707106781186548,0.5,0.707106781186548,0.5,0.707106781186548),
(1.,0.707106781186548,1.,0.707106781186548,1.)))
REPRESENTATION_ITEM('')
SURFACE()
);
#290=(
BOUNDED_SURFACE()
B_SPLINE_SURFACE(2,2,((#7041,#7042,#7043,#7044,#7045),(#7046,#7047,#7048,
#7049,#7050),(#7051,#7052,#7053,#7054,#7055),(#7056,#7057,#7058,#7059,#7060),
(#7061,#7062,#7063,#7064,#7065)),.UNSPECIFIED.,.F.,.F.,.F.)
B_SPLINE_SURFACE_WITH_KNOTS((3,2,3),(3,2,3),(0.565486677646163,0.848230016469244,
1.13097335529233),(-0.282743338823081,0.,0.282743338823081),
 .UNSPECIFIED.)
GEOMETRIC_REPRESENTATION_ITEM()
RATIONAL_B_SPLINE_SURFACE(((1.,0.707106781186548,1.,0.707106781186548,1.),
(0.707106781186548,0.5,0.707106781186548,0.5,0.707106781186548),(1.,0.707106781186548,
1.,0.707106781186548,1.),(0.707106781186548,0.5,0.707106781186548,0.5,0.707106781186548),
(1.,0.707106781186548,1.,0.707106781186548,1.)))
REPRESENTATION_ITEM('')
SURFACE()
);
#291=(
BOUNDED_SURFACE()
B_SPLINE_SURFACE(2,2,((#7107,#7108,#7109,#7110,#7111),(#7112,#7113,#7114,
#7115,#7116),(#7117,#7118,#7119,#7120,#7121),(#7122,#7123,#7124,#7125,#7126),
(#7127,#7128,#7129,#7130,#7131)),.UNSPECIFIED.,.F.,.F.,.F.)
B_SPLINE_SURFACE_WITH_KNOTS((3,2,3),(3,2,3),(0.,0.282743338823081,0.565486677646163),
(-0.282743338823081,0.,0.282743338823081),.UNSPECIFIED.)
GEOMETRIC_REPRESENTATION_ITEM()
RATIONAL_B_SPLINE_SURFACE(((1.,0.707106781186548,1.,0.707106781186548,1.),
(0.707106781186548,0.5,0.707106781186548,0.5,0.707106781186548),(1.,0.707106781186548,
1.,0.707106781186548,1.),(0.707106781186548,0.5,0.707106781186548,0.5,0.707106781186548),
(1.,0.707106781186548,1.,0.707106781186548,1.)))
REPRESENTATION_ITEM('')
SURFACE()
);
#292=(
BOUNDED_SURFACE()
B_SPLINE_SURFACE(2,2,((#7136,#7137,#7138,#7139,#7140),(#7141,#7142,#7143,
#7144,#7145),(#7146,#7147,#7148,#7149,#7150),(#7151,#7152,#7153,#7154,#7155),
(#7156,#7157,#7158,#7159,#7160)),.UNSPECIFIED.,.F.,.F.,.F.)
B_SPLINE_SURFACE_WITH_KNOTS((3,2,3),(3,2,3),(0.565486677646163,0.848230016469244,
1.13097335529233),(-0.282743338823081,0.,0.282743338823081),
 .UNSPECIFIED.)
GEOMETRIC_REPRESENTATION_ITEM()
RATIONAL_B_SPLINE_SURFACE(((1.,0.707106781186548,1.,0.707106781186548,1.),
(0.707106781186548,0.5,0.707106781186548,0.5,0.707106781186548),(1.,0.707106781186548,
1.,0.707106781186548,1.),(0.707106781186548,0.5,0.707106781186548,0.5,0.707106781186548),
(1.,0.707106781186548,1.,0.707106781186548,1.)))
REPRESENTATION_ITEM('')
SURFACE()
);
#293=(
BOUNDED_SURFACE()
B_SPLINE_SURFACE(2,2,((#7202,#7203,#7204,#7205,#7206),(#7207,#7208,#7209,
#7210,#7211),(#7212,#7213,#7214,#7215,#7216),(#7217,#7218,#7219,#7220,#7221),
(#7222,#7223,#7224,#7225,#7226)),.UNSPECIFIED.,.F.,.F.,.F.)
B_SPLINE_SURFACE_WITH_KNOTS((3,2,3),(3,2,3),(0.,0.282743338823081,0.565486677646163),
(-0.282743338823081,0.,0.282743338823081),.UNSPECIFIED.)
GEOMETRIC_REPRESENTATION_ITEM()
RATIONAL_B_SPLINE_SURFACE(((1.,0.707106781186548,1.,0.707106781186548,1.),
(0.707106781186548,0.5,0.707106781186548,0.5,0.707106781186548),(1.,0.707106781186548,
1.,0.707106781186548,1.),(0.707106781186548,0.5,0.707106781186548,0.5,0.707106781186548),
(1.,0.707106781186548,1.,0.707106781186548,1.)))
REPRESENTATION_ITEM('')
SURFACE()
);
#294=(
BOUNDED_SURFACE()
B_SPLINE_SURFACE(2,2,((#7231,#7232,#7233,#7234,#7235),(#7236,#7237,#7238,
#7239,#7240),(#7241,#7242,#7243,#7244,#7245),(#7246,#7247,#7248,#7249,#7250),
(#7251,#7252,#7253,#7254,#7255)),.UNSPECIFIED.,.F.,.F.,.F.)
B_SPLINE_SURFACE_WITH_KNOTS((3,2,3),(3,2,3),(0.565486677646163,0.848230016469244,
1.13097335529233),(-0.282743338823081,0.,0.282743338823081),
 .UNSPECIFIED.)
GEOMETRIC_REPRESENTATION_ITEM()
RATIONAL_B_SPLINE_SURFACE(((1.,0.707106781186548,1.,0.707106781186548,1.),
(0.707106781186548,0.5,0.707106781186548,0.5,0.707106781186548),(1.,0.707106781186548,
1.,0.707106781186548,1.),(0.707106781186548,0.5,0.707106781186548,0.5,0.707106781186548),
(1.,0.707106781186548,1.,0.707106781186548,1.)))
REPRESENTATION_ITEM('')
SURFACE()
);
#295=(
BOUNDED_SURFACE()
B_SPLINE_SURFACE(2,2,((#7297,#7298,#7299,#7300,#7301),(#7302,#7303,#7304,
#7305,#7306),(#7307,#7308,#7309,#7310,#7311),(#7312,#7313,#7314,#7315,#7316),
(#7317,#7318,#7319,#7320,#7321)),.UNSPECIFIED.,.F.,.F.,.F.)
B_SPLINE_SURFACE_WITH_KNOTS((3,2,3),(3,2,3),(0.,0.282743338823081,0.565486677646163),
(-0.282743338823081,0.,0.282743338823081),.UNSPECIFIED.)
GEOMETRIC_REPRESENTATION_ITEM()
RATIONAL_B_SPLINE_SURFACE(((1.,0.707106781186548,1.,0.707106781186548,1.),
(0.707106781186548,0.5,0.707106781186548,0.5,0.707106781186548),(1.,0.707106781186548,
1.,0.707106781186548,1.),(0.707106781186548,0.5,0.707106781186548,0.5,0.707106781186548),
(1.,0.707106781186548,1.,0.707106781186548,1.)))
REPRESENTATION_ITEM('')
SURFACE()
);
#296=(
BOUNDED_SURFACE()
B_SPLINE_SURFACE(2,2,((#7326,#7327,#7328,#7329,#7330),(#7331,#7332,#7333,
#7334,#7335),(#7336,#7337,#7338,#7339,#7340),(#7341,#7342,#7343,#7344,#7345),
(#7346,#7347,#7348,#7349,#7350)),.UNSPECIFIED.,.F.,.F.,.F.)
B_SPLINE_SURFACE_WITH_KNOTS((3,2,3),(3,2,3),(0.565486677646163,0.848230016469244,
1.13097335529233),(-0.282743338823081,0.,0.282743338823081),
 .UNSPECIFIED.)
GEOMETRIC_REPRESENTATION_ITEM()
RATIONAL_B_SPLINE_SURFACE(((1.,0.707106781186548,1.,0.707106781186548,1.),
(0.707106781186548,0.5,0.707106781186548,0.5,0.707106781186548),(1.,0.707106781186548,
1.,0.707106781186548,1.),(0.707106781186548,0.5,0.707106781186548,0.5,0.707106781186548),
(1.,0.707106781186548,1.,0.707106781186548,1.)))
REPRESENTATION_ITEM('')
SURFACE()
);
#297=(
BOUNDED_SURFACE()
B_SPLINE_SURFACE(2,2,((#7392,#7393,#7394,#7395,#7396),(#7397,#7398,#7399,
#7400,#7401),(#7402,#7403,#7404,#7405,#7406),(#7407,#7408,#7409,#7410,#7411),
(#7412,#7413,#7414,#7415,#7416)),.UNSPECIFIED.,.F.,.F.,.F.)
B_SPLINE_SURFACE_WITH_KNOTS((3,2,3),(3,2,3),(0.,0.282743338823081,0.565486677646163),
(-0.282743338823081,0.,0.282743338823081),.UNSPECIFIED.)
GEOMETRIC_REPRESENTATION_ITEM()
RATIONAL_B_SPLINE_SURFACE(((1.,0.707106781186548,1.,0.707106781186548,1.),
(0.707106781186548,0.5,0.707106781186548,0.5,0.707106781186548),(1.,0.707106781186548,
1.,0.707106781186548,1.),(0.707106781186548,0.5,0.707106781186548,0.5,0.707106781186548),
(1.,0.707106781186548,1.,0.707106781186548,1.)))
REPRESENTATION_ITEM('')
SURFACE()
);
#298=(
BOUNDED_SURFACE()
B_SPLINE_SURFACE(2,2,((#7421,#7422,#7423,#7424,#7425),(#7426,#7427,#7428,
#7429,#7430),(#7431,#7432,#7433,#7434,#7435),(#7436,#7437,#7438,#7439,#7440),
(#7441,#7442,#7443,#7444,#7445)),.UNSPECIFIED.,.F.,.F.,.F.)
B_SPLINE_SURFACE_WITH_KNOTS((3,2,3),(3,2,3),(0.565486677646163,0.848230016469244,
1.13097335529233),(-0.282743338823081,0.,0.282743338823081),
 .UNSPECIFIED.)
GEOMETRIC_REPRESENTATION_ITEM()
RATIONAL_B_SPLINE_SURFACE(((1.,0.707106781186548,1.,0.707106781186548,1.),
(0.707106781186548,0.5,0.707106781186548,0.5,0.707106781186548),(1.,0.707106781186548,
1.,0.707106781186548,1.),(0.707106781186548,0.5,0.707106781186548,0.5,0.707106781186548),
(1.,0.707106781186548,1.,0.707106781186548,1.)))
REPRESENTATION_ITEM('')
SURFACE()
);
#299=COLOUR_RGB('',1.,0.749019607843137,0.);
#300=COLOUR_RGB('',0.,0.,0.749019607843137);
#301=COLOUR_RGB('',0.745098039215686,0.745098039215686,0.745098039215686);
#302=COLOUR_RGB('',0.745098039215686,0.745098039215686,0.745098039215686);
#303=COLOUR_RGB('',0.745098039215686,0.745098039215686,0.745098039215686);
#304=COLOUR_RGB('',0.745098039215686,0.745098039215686,0.745098039215686);
#305=COLOUR_RGB('',0.745098039215686,0.745098039215686,0.745098039215686);
#306=COLOUR_RGB('',0.745098039215686,0.745098039215686,0.745098039215686);
#307=COLOUR_RGB('',0.745098039215686,0.745098039215686,0.745098039215686);
#308=COLOUR_RGB('',0.745098039215686,0.745098039215686,0.745098039215686);
#309=COLOUR_RGB('',0.745098039215686,0.745098039215686,0.745098039215686);
#310=COLOUR_RGB('',0.745098039215686,0.745098039215686,0.745098039215686);
#311=COLOUR_RGB('',0.745098039215686,0.745098039215686,0.745098039215686);
#312=COLOUR_RGB('',0.745098039215686,0.745098039215686,0.745098039215686);
#313=COLOUR_RGB('',0.745098039215686,0.745098039215686,0.745098039215686);
#314=COLOUR_RGB('',0.745098039215686,0.745098039215686,0.745098039215686);
#315=COLOUR_RGB('',0.745098039215686,0.745098039215686,0.745098039215686);
#316=COLOUR_RGB('',0.745098039215686,0.745098039215686,0.745098039215686);
#317=COLOUR_RGB('',0.745098039215686,0.745098039215686,0.745098039215686);
#318=COLOUR_RGB('',0.745098039215686,0.745098039215686,0.745098039215686);
#319=COLOUR_RGB('',0.745098039215686,0.745098039215686,0.745098039215686);
#320=COLOUR_RGB('',0.745098039215686,0.745098039215686,0.745098039215686);
#321=COLOUR_RGB('',0.745098039215686,0.745098039215686,0.745098039215686);
#322=COLOUR_RGB('',0.745098039215686,0.745098039215686,0.745098039215686);
#323=COLOUR_RGB('',0.745098039215686,0.745098039215686,0.745098039215686);
#324=COLOUR_RGB('',0.745098039215686,0.745098039215686,0.745098039215686);
#325=COLOUR_RGB('',0.745098039215686,0.745098039215686,0.745098039215686);
#326=COLOUR_RGB('',0.745098039215686,0.745098039215686,0.745098039215686);
#327=COLOUR_RGB('',0.745098039215686,0.745098039215686,0.745098039215686);
#328=COLOUR_RGB('',0.745098039215686,0.745098039215686,0.745098039215686);
#329=COLOUR_RGB('',0.745098039215686,0.745098039215686,0.745098039215686);
#330=COLOUR_RGB('',0.745098039215686,0.745098039215686,0.745098039215686);
#331=COLOUR_RGB('',0.745098039215686,0.745098039215686,0.745098039215686);
#332=COLOUR_RGB('',0.745098039215686,0.745098039215686,0.745098039215686);
#333=COLOUR_RGB('',0.745098039215686,0.745098039215686,0.745098039215686);
#334=COLOUR_RGB('',0.745098039215686,0.745098039215686,0.745098039215686);
#335=COLOUR_RGB('',0.745098039215686,0.745098039215686,0.745098039215686);
#336=COLOUR_RGB('',0.745098039215686,0.745098039215686,0.745098039215686);
#337=COLOUR_RGB('',0.,0.,0.749019607843137);
#338=FILL_AREA_STYLE_COLOUR('',#299);
#339=FILL_AREA_STYLE_COLOUR('',#300);
#340=FILL_AREA_STYLE_COLOUR('',#301);
#341=FILL_AREA_STYLE_COLOUR('',#302);
#342=FILL_AREA_STYLE_COLOUR('',#303);
#343=FILL_AREA_STYLE_COLOUR('',#304);
#344=FILL_AREA_STYLE_COLOUR('',#305);
#345=FILL_AREA_STYLE_COLOUR('',#306);
#346=FILL_AREA_STYLE_COLOUR('',#307);
#347=FILL_AREA_STYLE_COLOUR('',#308);
#348=FILL_AREA_STYLE_COLOUR('',#309);
#349=FILL_AREA_STYLE_COLOUR('',#310);
#350=FILL_AREA_STYLE_COLOUR('',#311);
#351=FILL_AREA_STYLE_COLOUR('',#312);
#352=FILL_AREA_STYLE_COLOUR('',#313);
#353=FILL_AREA_STYLE_COLOUR('',#314);
#354=FILL_AREA_STYLE_COLOUR('',#315);
#355=FILL_AREA_STYLE_COLOUR('',#316);
#356=FILL_AREA_STYLE_COLOUR('',#317);
#357=FILL_AREA_STYLE_COLOUR('',#318);
#358=FILL_AREA_STYLE_COLOUR('',#319);
#359=FILL_AREA_STYLE_COLOUR('',#320);
#360=FILL_AREA_STYLE_COLOUR('',#321);
#361=FILL_AREA_STYLE_COLOUR('',#322);
#362=FILL_AREA_STYLE_COLOUR('',#323);
#363=FILL_AREA_STYLE_COLOUR('',#324);
#364=FILL_AREA_STYLE_COLOUR('',#325);
#365=FILL_AREA_STYLE_COLOUR('',#326);
#366=FILL_AREA_STYLE_COLOUR('',#327);
#367=FILL_AREA_STYLE_COLOUR('',#328);
#368=FILL_AREA_STYLE_COLOUR('',#329);
#369=FILL_AREA_STYLE_COLOUR('',#330);
#370=FILL_AREA_STYLE_COLOUR('',#331);
#371=FILL_AREA_STYLE_COLOUR('',#332);
#372=FILL_AREA_STYLE_COLOUR('',#333);
#373=FILL_AREA_STYLE_COLOUR('',#334);
#374=FILL_AREA_STYLE_COLOUR('',#335);
#375=FILL_AREA_STYLE_COLOUR('',#336);
#376=FILL_AREA_STYLE_COLOUR('',#337);
#377=FILL_AREA_STYLE('',(#338));
#378=FILL_AREA_STYLE('',(#339));
#379=FILL_AREA_STYLE('',(#340));
#380=FILL_AREA_STYLE('',(#341));
#381=FILL_AREA_STYLE('',(#342));
#382=FILL_AREA_STYLE('',(#343));
#383=FILL_AREA_STYLE('',(#344));
#384=FILL_AREA_STYLE('',(#345));
#385=FILL_AREA_STYLE('',(#346));
#386=FILL_AREA_STYLE('',(#347));
#387=FILL_AREA_STYLE('',(#348));
#388=FILL_AREA_STYLE('',(#349));
#389=FILL_AREA_STYLE('',(#350));
#390=FILL_AREA_STYLE('',(#351));
#391=FILL_AREA_STYLE('',(#352));
#392=FILL_AREA_STYLE('',(#353));
#393=FILL_AREA_STYLE('',(#354));
#394=FILL_AREA_STYLE('',(#355));
#395=FILL_AREA_STYLE('',(#356));
#396=FILL_AREA_STYLE('',(#357));
#397=FILL_AREA_STYLE('',(#358));
#398=FILL_AREA_STYLE('',(#359));
#399=FILL_AREA_STYLE('',(#360));
#400=FILL_AREA_STYLE('',(#361));
#401=FILL_AREA_STYLE('',(#362));
#402=FILL_AREA_STYLE('',(#363));
#403=FILL_AREA_STYLE('',(#364));
#404=FILL_AREA_STYLE('',(#365));
#405=FILL_AREA_STYLE('',(#366));
#406=FILL_AREA_STYLE('',(#367));
#407=FILL_AREA_STYLE('',(#368));
#408=FILL_AREA_STYLE('',(#369));
#409=FILL_AREA_STYLE('',(#370));
#410=FILL_AREA_STYLE('',(#371));
#411=FILL_AREA_STYLE('',(#372));
#412=FILL_AREA_STYLE('',(#373));
#413=FILL_AREA_STYLE('',(#374));
#414=FILL_AREA_STYLE('',(#375));
#415=FILL_AREA_STYLE('',(#376));
#416=SURFACE_STYLE_FILL_AREA(#377);
#417=SURFACE_STYLE_FILL_AREA(#378);
#418=SURFACE_STYLE_FILL_AREA(#379);
#419=SURFACE_STYLE_FILL_AREA(#380);
#420=SURFACE_STYLE_FILL_AREA(#381);
#421=SURFACE_STYLE_FILL_AREA(#382);
#422=SURFACE_STYLE_FILL_AREA(#383);
#423=SURFACE_STYLE_FILL_AREA(#384);
#424=SURFACE_STYLE_FILL_AREA(#385);
#425=SURFACE_STYLE_FILL_AREA(#386);
#426=SURFACE_STYLE_FILL_AREA(#387);
#427=SURFACE_STYLE_FILL_AREA(#388);
#428=SURFACE_STYLE_FILL_AREA(#389);
#429=SURFACE_STYLE_FILL_AREA(#390);
#430=SURFACE_STYLE_FILL_AREA(#391);
#431=SURFACE_STYLE_FILL_AREA(#392);
#432=SURFACE_STYLE_FILL_AREA(#393);
#433=SURFACE_STYLE_FILL_AREA(#394);
#434=SURFACE_STYLE_FILL_AREA(#395);
#435=SURFACE_STYLE_FILL_AREA(#396);
#436=SURFACE_STYLE_FILL_AREA(#397);
#437=SURFACE_STYLE_FILL_AREA(#398);
#438=SURFACE_STYLE_FILL_AREA(#399);
#439=SURFACE_STYLE_FILL_AREA(#400);
#440=SURFACE_STYLE_FILL_AREA(#401);
#441=SURFACE_STYLE_FILL_AREA(#402);
#442=SURFACE_STYLE_FILL_AREA(#403);
#443=SURFACE_STYLE_FILL_AREA(#404);
#444=SURFACE_STYLE_FILL_AREA(#405);
#445=SURFACE_STYLE_FILL_AREA(#406);
#446=SURFACE_STYLE_FILL_AREA(#407);
#447=SURFACE_STYLE_FILL_AREA(#408);
#448=SURFACE_STYLE_FILL_AREA(#409);
#449=SURFACE_STYLE_FILL_AREA(#410);
#450=SURFACE_STYLE_FILL_AREA(#411);
#451=SURFACE_STYLE_FILL_AREA(#412);
#452=SURFACE_STYLE_FILL_AREA(#413);
#453=SURFACE_STYLE_FILL_AREA(#414);
#454=SURFACE_STYLE_FILL_AREA(#415);
#455=SURFACE_SIDE_STYLE('',(#416));
#456=SURFACE_SIDE_STYLE('',(#417));
#457=SURFACE_SIDE_STYLE('',(#418));
#458=SURFACE_SIDE_STYLE('',(#419));
#459=SURFACE_SIDE_STYLE('',(#420));
#460=SURFACE_SIDE_STYLE('',(#421));
#461=SURFACE_SIDE_STYLE('',(#422));
#462=SURFACE_SIDE_STYLE('',(#423));
#463=SURFACE_SIDE_STYLE('',(#424));
#464=SURFACE_SIDE_STYLE('',(#425));
#465=SURFACE_SIDE_STYLE('',(#426));
#466=SURFACE_SIDE_STYLE('',(#427));
#467=SURFACE_SIDE_STYLE('',(#428));
#468=SURFACE_SIDE_STYLE('',(#429));
#469=SURFACE_SIDE_STYLE('',(#430));
#470=SURFACE_SIDE_STYLE('',(#431));
#471=SURFACE_SIDE_STYLE('',(#432));
#472=SURFACE_SIDE_STYLE('',(#433));
#473=SURFACE_SIDE_STYLE('',(#434));
#474=SURFACE_SIDE_STYLE('',(#435));
#475=SURFACE_SIDE_STYLE('',(#436));
#476=SURFACE_SIDE_STYLE('',(#437));
#477=SURFACE_SIDE_STYLE('',(#438));
#478=SURFACE_SIDE_STYLE('',(#439));
#479=SURFACE_SIDE_STYLE('',(#440));
#480=SURFACE_SIDE_STYLE('',(#441));
#481=SURFACE_SIDE_STYLE('',(#442));
#482=SURFACE_SIDE_STYLE('',(#443));
#483=SURFACE_SIDE_STYLE('',(#444));
#484=SURFACE_SIDE_STYLE('',(#445));
#485=SURFACE_SIDE_STYLE('',(#446));
#486=SURFACE_SIDE_STYLE('',(#447));
#487=SURFACE_SIDE_STYLE('',(#448));
#488=SURFACE_SIDE_STYLE('',(#449));
#489=SURFACE_SIDE_STYLE('',(#450));
#490=SURFACE_SIDE_STYLE('',(#451));
#491=SURFACE_SIDE_STYLE('',(#452));
#492=SURFACE_SIDE_STYLE('',(#453));
#493=SURFACE_SIDE_STYLE('',(#454));
#494=SURFACE_STYLE_USAGE(.BOTH.,#455);
#495=SURFACE_STYLE_USAGE(.BOTH.,#456);
#496=SURFACE_STYLE_USAGE(.BOTH.,#457);
#497=SURFACE_STYLE_USAGE(.BOTH.,#458);
#498=SURFACE_STYLE_USAGE(.BOTH.,#459);
#499=SURFACE_STYLE_USAGE(.BOTH.,#460);
#500=SURFACE_STYLE_USAGE(.BOTH.,#461);
#501=SURFACE_STYLE_USAGE(.BOTH.,#462);
#502=SURFACE_STYLE_USAGE(.BOTH.,#463);
#503=SURFACE_STYLE_USAGE(.BOTH.,#464);
#504=SURFACE_STYLE_USAGE(.BOTH.,#465);
#505=SURFACE_STYLE_USAGE(.BOTH.,#466);
#506=SURFACE_STYLE_USAGE(.BOTH.,#467);
#507=SURFACE_STYLE_USAGE(.BOTH.,#468);
#508=SURFACE_STYLE_USAGE(.BOTH.,#469);
#509=SURFACE_STYLE_USAGE(.BOTH.,#470);
#510=SURFACE_STYLE_USAGE(.BOTH.,#471);
#511=SURFACE_STYLE_USAGE(.BOTH.,#472);
#512=SURFACE_STYLE_USAGE(.BOTH.,#473);
#513=SURFACE_STYLE_USAGE(.BOTH.,#474);
#514=SURFACE_STYLE_USAGE(.BOTH.,#475);
#515=SURFACE_STYLE_USAGE(.BOTH.,#476);
#516=SURFACE_STYLE_USAGE(.BOTH.,#477);
#517=SURFACE_STYLE_USAGE(.BOTH.,#478);
#518=SURFACE_STYLE_USAGE(.BOTH.,#479);
#519=SURFACE_STYLE_USAGE(.BOTH.,#480);
#520=SURFACE_STYLE_USAGE(.BOTH.,#481);
#521=SURFACE_STYLE_USAGE(.BOTH.,#482);
#522=SURFACE_STYLE_USAGE(.BOTH.,#483);
#523=SURFACE_STYLE_USAGE(.BOTH.,#484);
#524=SURFACE_STYLE_USAGE(.BOTH.,#485);
#525=SURFACE_STYLE_USAGE(.BOTH.,#486);
#526=SURFACE_STYLE_USAGE(.BOTH.,#487);
#527=SURFACE_STYLE_USAGE(.BOTH.,#488);
#528=SURFACE_STYLE_USAGE(.BOTH.,#489);
#529=SURFACE_STYLE_USAGE(.BOTH.,#490);
#530=SURFACE_STYLE_USAGE(.BOTH.,#491);
#531=SURFACE_STYLE_USAGE(.BOTH.,#492);
#532=SURFACE_STYLE_USAGE(.BOTH.,#493);
#533=MECHANICAL_DESIGN_GEOMETRIC_PRESENTATION_REPRESENTATION('',(#573,#574,
#575,#576,#577,#578,#579,#580,#581,#582,#583,#584,#585,#586,#587,#588,#589,
#590,#591,#592,#593,#594,#595,#596,#597,#598,#599,#600,#601,#602,#603,#604,
#605,#606,#607,#608,#609,#610,#611),#3554);
#534=PRESENTATION_STYLE_ASSIGNMENT((#494));
#535=PRESENTATION_STYLE_ASSIGNMENT((#495));
#536=PRESENTATION_STYLE_ASSIGNMENT((#496));
#537=PRESENTATION_STYLE_ASSIGNMENT((#497));
#538=PRESENTATION_STYLE_ASSIGNMENT((#498));
#539=PRESENTATION_STYLE_ASSIGNMENT((#499));
#540=PRESENTATION_STYLE_ASSIGNMENT((#500));
#541=PRESENTATION_STYLE_ASSIGNMENT((#501));
#542=PRESENTATION_STYLE_ASSIGNMENT((#502));
#543=PRESENTATION_STYLE_ASSIGNMENT((#503));
#544=PRESENTATION_STYLE_ASSIGNMENT((#504));
#545=PRESENTATION_STYLE_ASSIGNMENT((#505));
#546=PRESENTATION_STYLE_ASSIGNMENT((#506));
#547=PRESENTATION_STYLE_ASSIGNMENT((#507));
#548=PRESENTATION_STYLE_ASSIGNMENT((#508));
#549=PRESENTATION_STYLE_ASSIGNMENT((#509));
#550=PRESENTATION_STYLE_ASSIGNMENT((#510));
#551=PRESENTATION_STYLE_ASSIGNMENT((#511));
#552=PRESENTATION_STYLE_ASSIGNMENT((#512));
#553=PRESENTATION_STYLE_ASSIGNMENT((#513));
#554=PRESENTATION_STYLE_ASSIGNMENT((#514));
#555=PRESENTATION_STYLE_ASSIGNMENT((#515));
#556=PRESENTATION_STYLE_ASSIGNMENT((#516));
#557=PRESENTATION_STYLE_ASSIGNMENT((#517));
#558=PRESENTATION_STYLE_ASSIGNMENT((#518));
#559=PRESENTATION_STYLE_ASSIGNMENT((#519));
#560=PRESENTATION_STYLE_ASSIGNMENT((#520));
#561=PRESENTATION_STYLE_ASSIGNMENT((#521));
#562=PRESENTATION_STYLE_ASSIGNMENT((#522));
#563=PRESENTATION_STYLE_ASSIGNMENT((#523));
#564=PRESENTATION_STYLE_ASSIGNMENT((#524));
#565=PRESENTATION_STYLE_ASSIGNMENT((#525));
#566=PRESENTATION_STYLE_ASSIGNMENT((#526));
#567=PRESENTATION_STYLE_ASSIGNMENT((#527));
#568=PRESENTATION_STYLE_ASSIGNMENT((#528));
#569=PRESENTATION_STYLE_ASSIGNMENT((#529));
#570=PRESENTATION_STYLE_ASSIGNMENT((#530));
#571=PRESENTATION_STYLE_ASSIGNMENT((#531));
#572=PRESENTATION_STYLE_ASSIGNMENT((#532));
#573=STYLED_ITEM('',(#534),#653);
#574=STYLED_ITEM('',(#535),#654);
#575=STYLED_ITEM('',(#536),#655);
#576=STYLED_ITEM('',(#537),#656);
#577=STYLED_ITEM('',(#538),#657);
#578=STYLED_ITEM('',(#539),#658);
#579=STYLED_ITEM('',(#540),#659);
#580=STYLED_ITEM('',(#541),#660);
#581=STYLED_ITEM('',(#542),#661);
#582=STYLED_ITEM('',(#543),#662);
#583=STYLED_ITEM('',(#544),#663);
#584=STYLED_ITEM('',(#545),#664);
#585=STYLED_ITEM('',(#546),#665);
#586=STYLED_ITEM('',(#547),#666);
#587=STYLED_ITEM('',(#548),#667);
#588=STYLED_ITEM('',(#549),#668);
#589=STYLED_ITEM('',(#550),#669);
#590=STYLED_ITEM('',(#551),#670);
#591=STYLED_ITEM('',(#552),#671);
#592=STYLED_ITEM('',(#553),#672);
#593=STYLED_ITEM('',(#554),#673);
#594=STYLED_ITEM('',(#555),#674);
#595=STYLED_ITEM('',(#556),#675);
#596=STYLED_ITEM('',(#557),#676);
#597=STYLED_ITEM('',(#558),#677);
#598=STYLED_ITEM('',(#559),#678);
#599=STYLED_ITEM('',(#560),#679);
#600=STYLED_ITEM('',(#561),#680);
#601=STYLED_ITEM('',(#562),#681);
#602=STYLED_ITEM('',(#563),#682);
#603=STYLED_ITEM('',(#564),#683);
#604=STYLED_ITEM('',(#565),#684);
#605=STYLED_ITEM('',(#566),#685);
#606=STYLED_ITEM('',(#567),#686);
#607=STYLED_ITEM('',(#568),#687);
#608=STYLED_ITEM('',(#569),#688);
#609=STYLED_ITEM('',(#570),#689);
#610=STYLED_ITEM('',(#571),#690);
#611=STYLED_ITEM('',(#572),#691);
#612=PRESENTATION_LAYER_ASSIGNMENT('Calque 01','',(#652));
#613=PRESENTATION_LAYER_ASSIGNMENT('Calque 04','',(#653));
#614=PRESENTATION_LAYER_ASSIGNMENT('Calque 02','',(#654));
#615=PRESENTATION_LAYER_ASSIGNMENT('Calque 03','',(#655));
#616=PRESENTATION_LAYER_ASSIGNMENT('Calque 03','',(#656));
#617=PRESENTATION_LAYER_ASSIGNMENT('Calque 03','',(#657));
#618=PRESENTATION_LAYER_ASSIGNMENT('Calque 03','',(#658));
#619=PRESENTATION_LAYER_ASSIGNMENT('Calque 03','',(#659));
#620=PRESENTATION_LAYER_ASSIGNMENT('Calque 03','',(#660));
#621=PRESENTATION_LAYER_ASSIGNMENT('Calque 03','',(#661));
#622=PRESENTATION_LAYER_ASSIGNMENT('Calque 03','',(#662));
#623=PRESENTATION_LAYER_ASSIGNMENT('Calque 03','',(#663));
#624=PRESENTATION_LAYER_ASSIGNMENT('Calque 03','',(#664));
#625=PRESENTATION_LAYER_ASSIGNMENT('Calque 03','',(#665));
#626=PRESENTATION_LAYER_ASSIGNMENT('Calque 03','',(#666));
#627=PRESENTATION_LAYER_ASSIGNMENT('Calque 03','',(#667));
#628=PRESENTATION_LAYER_ASSIGNMENT('Calque 03','',(#668));
#629=PRESENTATION_LAYER_ASSIGNMENT('Calque 03','',(#669));
#630=PRESENTATION_LAYER_ASSIGNMENT('Calque 03','',(#670));
#631=PRESENTATION_LAYER_ASSIGNMENT('Calque 03','',(#671));
#632=PRESENTATION_LAYER_ASSIGNMENT('Calque 03','',(#672));
#633=PRESENTATION_LAYER_ASSIGNMENT('Calque 03','',(#673));
#634=PRESENTATION_LAYER_ASSIGNMENT('Calque 03','',(#674));
#635=PRESENTATION_LAYER_ASSIGNMENT('Calque 03','',(#675));
#636=PRESENTATION_LAYER_ASSIGNMENT('Calque 03','',(#676));
#637=PRESENTATION_LAYER_ASSIGNMENT('Calque 03','',(#677));
#638=PRESENTATION_LAYER_ASSIGNMENT('Calque 03','',(#678));
#639=PRESENTATION_LAYER_ASSIGNMENT('Calque 03','',(#679));
#640=PRESENTATION_LAYER_ASSIGNMENT('Calque 03','',(#680));
#641=PRESENTATION_LAYER_ASSIGNMENT('Calque 03','',(#681));
#642=PRESENTATION_LAYER_ASSIGNMENT('Calque 03','',(#682));
#643=PRESENTATION_LAYER_ASSIGNMENT('Calque 03','',(#683));
#644=PRESENTATION_LAYER_ASSIGNMENT('Calque 03','',(#684));
#645=PRESENTATION_LAYER_ASSIGNMENT('Calque 03','',(#685));
#646=PRESENTATION_LAYER_ASSIGNMENT('Calque 03','',(#686));
#647=PRESENTATION_LAYER_ASSIGNMENT('Calque 03','',(#687));
#648=PRESENTATION_LAYER_ASSIGNMENT('Calque 03','',(#688));
#649=PRESENTATION_LAYER_ASSIGNMENT('Calque 03','',(#689));
#650=PRESENTATION_LAYER_ASSIGNMENT('Calque 03','',(#690));
#651=PRESENTATION_LAYER_ASSIGNMENT('Calque 02','',(#691));
#652=MANIFOLD_SOLID_BREP('brep_1',#693);
#653=MANIFOLD_SOLID_BREP('brep_2',#694);
#654=MANIFOLD_SOLID_BREP('brep_3',#695);
#655=MANIFOLD_SOLID_BREP('brep_4',#696);
#656=MANIFOLD_SOLID_BREP('brep_5',#697);
#657=MANIFOLD_SOLID_BREP('brep_6',#698);
#658=MANIFOLD_SOLID_BREP('brep_7',#699);
#659=MANIFOLD_SOLID_BREP('brep_8',#700);
#660=MANIFOLD_SOLID_BREP('brep_9',#701);
#661=MANIFOLD_SOLID_BREP('brep_10',#702);
#662=MANIFOLD_SOLID_BREP('brep_11',#703);
#663=MANIFOLD_SOLID_BREP('brep_12',#704);
#664=MANIFOLD_SOLID_BREP('brep_13',#705);
#665=MANIFOLD_SOLID_BREP('brep_14',#706);
#666=MANIFOLD_SOLID_BREP('brep_15',#707);
#667=MANIFOLD_SOLID_BREP('brep_16',#708);
#668=MANIFOLD_SOLID_BREP('brep_17',#709);
#669=MANIFOLD_SOLID_BREP('brep_18',#710);
#670=MANIFOLD_SOLID_BREP('brep_19',#711);
#671=MANIFOLD_SOLID_BREP('brep_20',#712);
#672=MANIFOLD_SOLID_BREP('brep_21',#713);
#673=MANIFOLD_SOLID_BREP('brep_22',#714);
#674=MANIFOLD_SOLID_BREP('brep_23',#715);
#675=MANIFOLD_SOLID_BREP('brep_24',#716);
#676=MANIFOLD_SOLID_BREP('brep_25',#717);
#677=MANIFOLD_SOLID_BREP('brep_26',#718);
#678=MANIFOLD_SOLID_BREP('brep_27',#719);
#679=MANIFOLD_SOLID_BREP('brep_28',#720);
#680=MANIFOLD_SOLID_BREP('brep_29',#721);
#681=MANIFOLD_SOLID_BREP('brep_30',#722);
#682=MANIFOLD_SOLID_BREP('brep_31',#723);
#683=MANIFOLD_SOLID_BREP('brep_32',#724);
#684=MANIFOLD_SOLID_BREP('brep_33',#725);
#685=MANIFOLD_SOLID_BREP('brep_34',#726);
#686=MANIFOLD_SOLID_BREP('brep_35',#727);
#687=MANIFOLD_SOLID_BREP('brep_36',#728);
#688=MANIFOLD_SOLID_BREP('brep_37',#729);
#689=MANIFOLD_SOLID_BREP('brep_38',#730);
#690=MANIFOLD_SOLID_BREP('brep_39',#731);
#691=MANIFOLD_SOLID_BREP('brep_40',#732);
#692=ADVANCED_BREP_SHAPE_REPRESENTATION('brep_rep_0',(#652,#653,#654,#655,
#656,#657,#658,#659,#660,#661,#662,#663,#664,#665,#666,#667,#668,#669,#670,
#671,#672,#673,#674,#675,#676,#677,#678,#679,#680,#681,#682,#683,#684,#685,
#686,#687,#688,#689,#690,#691,#3557),#3554);
#693=CLOSED_SHELL('',(#733,#734,#735,#736,#737,#738));
#694=CLOSED_SHELL('',(#739,#740,#741,#742,#743,#744,#745,#746,#747,#748,
#749,#750,#751,#752));
#695=CLOSED_SHELL('',(#753,#754,#755,#756,#757,#758));
#696=CLOSED_SHELL('',(#759,#760,#761));
#697=CLOSED_SHELL('',(#762,#763,#764));
#698=CLOSED_SHELL('',(#765,#766,#767));
#699=CLOSED_SHELL('',(#768,#769,#770));
#700=CLOSED_SHELL('',(#771,#772,#773));
#701=CLOSED_SHELL('',(#774,#775,#776));
#702=CLOSED_SHELL('',(#777,#778,#779));
#703=CLOSED_SHELL('',(#780,#781,#782));
#704=CLOSED_SHELL('',(#783,#784,#785));
#705=CLOSED_SHELL('',(#786,#787,#788));
#706=CLOSED_SHELL('',(#789,#790,#791));
#707=CLOSED_SHELL('',(#792,#793,#794));
#708=CLOSED_SHELL('',(#795,#796,#797));
#709=CLOSED_SHELL('',(#798,#799,#800));
#710=CLOSED_SHELL('',(#801,#802,#803));
#711=CLOSED_SHELL('',(#804,#805,#806));
#712=CLOSED_SHELL('',(#807,#808,#809));
#713=CLOSED_SHELL('',(#810,#811,#812));
#714=CLOSED_SHELL('',(#813,#814,#815));
#715=CLOSED_SHELL('',(#816,#817,#818));
#716=CLOSED_SHELL('',(#819,#820,#821));
#717=CLOSED_SHELL('',(#822,#823,#824));
#718=CLOSED_SHELL('',(#825,#826,#827));
#719=CLOSED_SHELL('',(#828,#829,#830));
#720=CLOSED_SHELL('',(#831,#832,#833));
#721=CLOSED_SHELL('',(#834,#835,#836));
#722=CLOSED_SHELL('',(#837,#838,#839));
#723=CLOSED_SHELL('',(#840,#841,#842));
#724=CLOSED_SHELL('',(#843,#844,#845));
#725=CLOSED_SHELL('',(#846,#847,#848));
#726=CLOSED_SHELL('',(#849,#850,#851));
#727=CLOSED_SHELL('',(#852,#853,#854));
#728=CLOSED_SHELL('',(#855,#856,#857));
#729=CLOSED_SHELL('',(#858,#859,#860));
#730=CLOSED_SHELL('',(#861,#862,#863));
#731=CLOSED_SHELL('',(#864,#865,#866));
#732=CLOSED_SHELL('',(#867,#868,#869,#870,#871,#872));
#733=ADVANCED_FACE('',(#873),#3469,.T.);
#734=ADVANCED_FACE('',(#874),#3470,.T.);
#735=ADVANCED_FACE('',(#875),#3471,.T.);
#736=ADVANCED_FACE('',(#876),#3472,.T.);
#737=ADVANCED_FACE('',(#877),#3473,.T.);
#738=ADVANCED_FACE('',(#878),#3474,.T.);
#739=ADVANCED_FACE('',(#879),#3475,.T.);
#740=ADVANCED_FACE('',(#880),#3476,.T.);
#741=ADVANCED_FACE('',(#881),#3477,.T.);
#742=ADVANCED_FACE('',(#882),#3478,.T.);
#743=ADVANCED_FACE('',(#883),#3479,.T.);
#744=ADVANCED_FACE('',(#884),#3480,.T.);
#745=ADVANCED_FACE('',(#885),#3481,.T.);
#746=ADVANCED_FACE('',(#886),#3482,.T.);
#747=ADVANCED_FACE('',(#887),#3483,.T.);
#748=ADVANCED_FACE('',(#888),#3484,.T.);
#749=ADVANCED_FACE('',(#889),#3485,.T.);
#750=ADVANCED_FACE('',(#890),#3486,.T.);
#751=ADVANCED_FACE('',(#891),#3487,.T.);
#752=ADVANCED_FACE('',(#892),#3488,.T.);
#753=ADVANCED_FACE('',(#893),#3489,.T.);
#754=ADVANCED_FACE('',(#894),#3490,.T.);
#755=ADVANCED_FACE('',(#895),#3491,.T.);
#756=ADVANCED_FACE('',(#896),#3492,.T.);
#757=ADVANCED_FACE('',(#897),#3493,.T.);
#758=ADVANCED_FACE('',(#898),#3494,.T.);
#759=ADVANCED_FACE('',(#899),#227,.T.);
#760=ADVANCED_FACE('',(#900),#3495,.T.);
#761=ADVANCED_FACE('',(#901),#228,.T.);
#762=ADVANCED_FACE('',(#902),#229,.T.);
#763=ADVANCED_FACE('',(#903),#3496,.T.);
#764=ADVANCED_FACE('',(#904),#230,.T.);
#765=ADVANCED_FACE('',(#905),#231,.T.);
#766=ADVANCED_FACE('',(#906),#3497,.T.);
#767=ADVANCED_FACE('',(#907),#232,.T.);
#768=ADVANCED_FACE('',(#908),#233,.T.);
#769=ADVANCED_FACE('',(#909),#3498,.T.);
#770=ADVANCED_FACE('',(#910),#234,.T.);
#771=ADVANCED_FACE('',(#911),#235,.T.);
#772=ADVANCED_FACE('',(#912),#3499,.T.);
#773=ADVANCED_FACE('',(#913),#236,.T.);
#774=ADVANCED_FACE('',(#914),#237,.T.);
#775=ADVANCED_FACE('',(#915),#3500,.T.);
#776=ADVANCED_FACE('',(#916),#238,.T.);
#777=ADVANCED_FACE('',(#917),#239,.T.);
#778=ADVANCED_FACE('',(#918),#3501,.T.);
#779=ADVANCED_FACE('',(#919),#240,.T.);
#780=ADVANCED_FACE('',(#920),#241,.T.);
#781=ADVANCED_FACE('',(#921),#3502,.T.);
#782=ADVANCED_FACE('',(#922),#242,.T.);
#783=ADVANCED_FACE('',(#923),#243,.T.);
#784=ADVANCED_FACE('',(#924),#3503,.T.);
#785=ADVANCED_FACE('',(#925),#244,.T.);
#786=ADVANCED_FACE('',(#926),#245,.T.);
#787=ADVANCED_FACE('',(#927),#3504,.T.);
#788=ADVANCED_FACE('',(#928),#246,.T.);
#789=ADVANCED_FACE('',(#929),#247,.T.);
#790=ADVANCED_FACE('',(#930),#3505,.T.);
#791=ADVANCED_FACE('',(#931),#248,.T.);
#792=ADVANCED_FACE('',(#932),#249,.T.);
#793=ADVANCED_FACE('',(#933),#3506,.T.);
#794=ADVANCED_FACE('',(#934),#250,.T.);
#795=ADVANCED_FACE('',(#935),#251,.T.);
#796=ADVANCED_FACE('',(#936),#3507,.T.);
#797=ADVANCED_FACE('',(#937),#252,.T.);
#798=ADVANCED_FACE('',(#938),#253,.T.);
#799=ADVANCED_FACE('',(#939),#3508,.T.);
#800=ADVANCED_FACE('',(#940),#254,.T.);
#801=ADVANCED_FACE('',(#941),#255,.T.);
#802=ADVANCED_FACE('',(#942),#3509,.T.);
#803=ADVANCED_FACE('',(#943),#256,.T.);
#804=ADVANCED_FACE('',(#944),#257,.T.);
#805=ADVANCED_FACE('',(#945),#3510,.T.);
#806=ADVANCED_FACE('',(#946),#258,.T.);
#807=ADVANCED_FACE('',(#947),#259,.T.);
#808=ADVANCED_FACE('',(#948),#3511,.T.);
#809=ADVANCED_FACE('',(#949),#260,.T.);
#810=ADVANCED_FACE('',(#950),#261,.T.);
#811=ADVANCED_FACE('',(#951),#3512,.T.);
#812=ADVANCED_FACE('',(#952),#262,.T.);
#813=ADVANCED_FACE('',(#953),#263,.T.);
#814=ADVANCED_FACE('',(#954),#3513,.T.);
#815=ADVANCED_FACE('',(#955),#264,.T.);
#816=ADVANCED_FACE('',(#956),#265,.T.);
#817=ADVANCED_FACE('',(#957),#3514,.T.);
#818=ADVANCED_FACE('',(#958),#266,.T.);
#819=ADVANCED_FACE('',(#959),#267,.T.);
#820=ADVANCED_FACE('',(#960),#3515,.T.);
#821=ADVANCED_FACE('',(#961),#268,.T.);
#822=ADVANCED_FACE('',(#962),#269,.T.);
#823=ADVANCED_FACE('',(#963),#3516,.T.);
#824=ADVANCED_FACE('',(#964),#270,.T.);
#825=ADVANCED_FACE('',(#965),#271,.T.);
#826=ADVANCED_FACE('',(#966),#3517,.T.);
#827=ADVANCED_FACE('',(#967),#272,.T.);
#828=ADVANCED_FACE('',(#968),#273,.T.);
#829=ADVANCED_FACE('',(#969),#3518,.T.);
#830=ADVANCED_FACE('',(#970),#274,.T.);
#831=ADVANCED_FACE('',(#971),#275,.T.);
#832=ADVANCED_FACE('',(#972),#3519,.T.);
#833=ADVANCED_FACE('',(#973),#276,.T.);
#834=ADVANCED_FACE('',(#974),#277,.T.);
#835=ADVANCED_FACE('',(#975),#3520,.T.);
#836=ADVANCED_FACE('',(#976),#278,.T.);
#837=ADVANCED_FACE('',(#977),#279,.T.);
#838=ADVANCED_FACE('',(#978),#3521,.T.);
#839=ADVANCED_FACE('',(#979),#280,.T.);
#840=ADVANCED_FACE('',(#980),#281,.T.);
#841=ADVANCED_FACE('',(#981),#3522,.T.);
#842=ADVANCED_FACE('',(#982),#282,.T.);
#843=ADVANCED_FACE('',(#983),#283,.T.);
#844=ADVANCED_FACE('',(#984),#3523,.T.);
#845=ADVANCED_FACE('',(#985),#284,.T.);
#846=ADVANCED_FACE('',(#986),#285,.T.);
#847=ADVANCED_FACE('',(#987),#3524,.T.);
#848=ADVANCED_FACE('',(#988),#286,.T.);
#849=ADVANCED_FACE('',(#989),#287,.T.);
#850=ADVANCED_FACE('',(#990),#3525,.T.);
#851=ADVANCED_FACE('',(#991),#288,.T.);
#852=ADVANCED_FACE('',(#992),#289,.T.);
#853=ADVANCED_FACE('',(#993),#3526,.T.);
#854=ADVANCED_FACE('',(#994),#290,.T.);
#855=ADVANCED_FACE('',(#995),#291,.T.);
#856=ADVANCED_FACE('',(#996),#3527,.T.);
#857=ADVANCED_FACE('',(#997),#292,.T.);
#858=ADVANCED_FACE('',(#998),#293,.T.);
#859=ADVANCED_FACE('',(#999),#3528,.T.);
#860=ADVANCED_FACE('',(#1000),#294,.T.);
#861=ADVANCED_FACE('',(#1001),#295,.T.);
#862=ADVANCED_FACE('',(#1002),#3529,.T.);
#863=ADVANCED_FACE('',(#1003),#296,.T.);
#864=ADVANCED_FACE('',(#1004),#297,.T.);
#865=ADVANCED_FACE('',(#1005),#3530,.T.);
#866=ADVANCED_FACE('',(#1006),#298,.T.);
#867=ADVANCED_FACE('',(#1007),#3531,.T.);
#868=ADVANCED_FACE('',(#1008),#3532,.T.);
#869=ADVANCED_FACE('',(#1009),#3533,.T.);
#870=ADVANCED_FACE('',(#1010),#3534,.T.);
#871=ADVANCED_FACE('',(#1011),#3535,.T.);
#872=ADVANCED_FACE('',(#1012),#3536,.T.);
#873=FACE_OUTER_BOUND('',#1013,.T.);
#874=FACE_OUTER_BOUND('',#1014,.T.);
#875=FACE_OUTER_BOUND('',#1015,.T.);
#876=FACE_OUTER_BOUND('',#1016,.T.);
#877=FACE_OUTER_BOUND('',#1017,.T.);
#878=FACE_OUTER_BOUND('',#1018,.T.);
#879=FACE_OUTER_BOUND('',#1019,.T.);
#880=FACE_OUTER_BOUND('',#1020,.T.);
#881=FACE_OUTER_BOUND('',#1021,.T.);
#882=FACE_OUTER_BOUND('',#1022,.T.);
#883=FACE_OUTER_BOUND('',#1023,.T.);
#884=FACE_OUTER_BOUND('',#1024,.T.);
#885=FACE_OUTER_BOUND('',#1025,.T.);
#886=FACE_OUTER_BOUND('',#1026,.T.);
#887=FACE_OUTER_BOUND('',#1027,.T.);
#888=FACE_OUTER_BOUND('',#1028,.T.);
#889=FACE_OUTER_BOUND('',#1029,.T.);
#890=FACE_OUTER_BOUND('',#1030,.T.);
#891=FACE_OUTER_BOUND('',#1031,.T.);
#892=FACE_OUTER_BOUND('',#1032,.T.);
#893=FACE_OUTER_BOUND('',#1033,.T.);
#894=FACE_OUTER_BOUND('',#1034,.T.);
#895=FACE_OUTER_BOUND('',#1035,.T.);
#896=FACE_OUTER_BOUND('',#1036,.T.);
#897=FACE_OUTER_BOUND('',#1037,.T.);
#898=FACE_OUTER_BOUND('',#1038,.T.);
#899=FACE_OUTER_BOUND('',#1039,.T.);
#900=FACE_OUTER_BOUND('',#1040,.T.);
#901=FACE_OUTER_BOUND('',#1041,.T.);
#902=FACE_OUTER_BOUND('',#1042,.T.);
#903=FACE_OUTER_BOUND('',#1043,.T.);
#904=FACE_OUTER_BOUND('',#1044,.T.);
#905=FACE_OUTER_BOUND('',#1045,.T.);
#906=FACE_OUTER_BOUND('',#1046,.T.);
#907=FACE_OUTER_BOUND('',#1047,.T.);
#908=FACE_OUTER_BOUND('',#1048,.T.);
#909=FACE_OUTER_BOUND('',#1049,.T.);
#910=FACE_OUTER_BOUND('',#1050,.T.);
#911=FACE_OUTER_BOUND('',#1051,.T.);
#912=FACE_OUTER_BOUND('',#1052,.T.);
#913=FACE_OUTER_BOUND('',#1053,.T.);
#914=FACE_OUTER_BOUND('',#1054,.T.);
#915=FACE_OUTER_BOUND('',#1055,.T.);
#916=FACE_OUTER_BOUND('',#1056,.T.);
#917=FACE_OUTER_BOUND('',#1057,.T.);
#918=FACE_OUTER_BOUND('',#1058,.T.);
#919=FACE_OUTER_BOUND('',#1059,.T.);
#920=FACE_OUTER_BOUND('',#1060,.T.);
#921=FACE_OUTER_BOUND('',#1061,.T.);
#922=FACE_OUTER_BOUND('',#1062,.T.);
#923=FACE_OUTER_BOUND('',#1063,.T.);
#924=FACE_OUTER_BOUND('',#1064,.T.);
#925=FACE_OUTER_BOUND('',#1065,.T.);
#926=FACE_OUTER_BOUND('',#1066,.T.);
#927=FACE_OUTER_BOUND('',#1067,.T.);
#928=FACE_OUTER_BOUND('',#1068,.T.);
#929=FACE_OUTER_BOUND('',#1069,.T.);
#930=FACE_OUTER_BOUND('',#1070,.T.);
#931=FACE_OUTER_BOUND('',#1071,.T.);
#932=FACE_OUTER_BOUND('',#1072,.T.);
#933=FACE_OUTER_BOUND('',#1073,.T.);
#934=FACE_OUTER_BOUND('',#1074,.T.);
#935=FACE_OUTER_BOUND('',#1075,.T.);
#936=FACE_OUTER_BOUND('',#1076,.T.);
#937=FACE_OUTER_BOUND('',#1077,.T.);
#938=FACE_OUTER_BOUND('',#1078,.T.);
#939=FACE_OUTER_BOUND('',#1079,.T.);
#940=FACE_OUTER_BOUND('',#1080,.T.);
#941=FACE_OUTER_BOUND('',#1081,.T.);
#942=FACE_OUTER_BOUND('',#1082,.T.);
#943=FACE_OUTER_BOUND('',#1083,.T.);
#944=FACE_OUTER_BOUND('',#1084,.T.);
#945=FACE_OUTER_BOUND('',#1085,.T.);
#946=FACE_OUTER_BOUND('',#1086,.T.);
#947=FACE_OUTER_BOUND('',#1087,.T.);
#948=FACE_OUTER_BOUND('',#1088,.T.);
#949=FACE_OUTER_BOUND('',#1089,.T.);
#950=FACE_OUTER_BOUND('',#1090,.T.);
#951=FACE_OUTER_BOUND('',#1091,.T.);
#952=FACE_OUTER_BOUND('',#1092,.T.);
#953=FACE_OUTER_BOUND('',#1093,.T.);
#954=FACE_OUTER_BOUND('',#1094,.T.);
#955=FACE_OUTER_BOUND('',#1095,.T.);
#956=FACE_OUTER_BOUND('',#1096,.T.);
#957=FACE_OUTER_BOUND('',#1097,.T.);
#958=FACE_OUTER_BOUND('',#1098,.T.);
#959=FACE_OUTER_BOUND('',#1099,.T.);
#960=FACE_OUTER_BOUND('',#1100,.T.);
#961=FACE_OUTER_BOUND('',#1101,.T.);
#962=FACE_OUTER_BOUND('',#1102,.T.);
#963=FACE_OUTER_BOUND('',#1103,.T.);
#964=FACE_OUTER_BOUND('',#1104,.T.);
#965=FACE_OUTER_BOUND('',#1105,.T.);
#966=FACE_OUTER_BOUND('',#1106,.T.);
#967=FACE_OUTER_BOUND('',#1107,.T.);
#968=FACE_OUTER_BOUND('',#1108,.T.);
#969=FACE_OUTER_BOUND('',#1109,.T.);
#970=FACE_OUTER_BOUND('',#1110,.T.);
#971=FACE_OUTER_BOUND('',#1111,.T.);
#972=FACE_OUTER_BOUND('',#1112,.T.);
#973=FACE_OUTER_BOUND('',#1113,.T.);
#974=FACE_OUTER_BOUND('',#1114,.T.);
#975=FACE_OUTER_BOUND('',#1115,.T.);
#976=FACE_OUTER_BOUND('',#1116,.T.);
#977=FACE_OUTER_BOUND('',#1117,.T.);
#978=FACE_OUTER_BOUND('',#1118,.T.);
#979=FACE_OUTER_BOUND('',#1119,.T.);
#980=FACE_OUTER_BOUND('',#1120,.T.);
#981=FACE_OUTER_BOUND('',#1121,.T.);
#982=FACE_OUTER_BOUND('',#1122,.T.);
#983=FACE_OUTER_BOUND('',#1123,.T.);
#984=FACE_OUTER_BOUND('',#1124,.T.);
#985=FACE_OUTER_BOUND('',#1125,.T.);
#986=FACE_OUTER_BOUND('',#1126,.T.);
#987=FACE_OUTER_BOUND('',#1127,.T.);
#988=FACE_OUTER_BOUND('',#1128,.T.);
#989=FACE_OUTER_BOUND('',#1129,.T.);
#990=FACE_OUTER_BOUND('',#1130,.T.);
#991=FACE_OUTER_BOUND('',#1131,.T.);
#992=FACE_OUTER_BOUND('',#1132,.T.);
#993=FACE_OUTER_BOUND('',#1133,.T.);
#994=FACE_OUTER_BOUND('',#1134,.T.);
#995=FACE_OUTER_BOUND('',#1135,.T.);
#996=FACE_OUTER_BOUND('',#1136,.T.);
#997=FACE_OUTER_BOUND('',#1137,.T.);
#998=FACE_OUTER_BOUND('',#1138,.T.);
#999=FACE_OUTER_BOUND('',#1139,.T.);
#1000=FACE_OUTER_BOUND('',#1140,.T.);
#1001=FACE_OUTER_BOUND('',#1141,.T.);
#1002=FACE_OUTER_BOUND('',#1142,.T.);
#1003=FACE_OUTER_BOUND('',#1143,.T.);
#1004=FACE_OUTER_BOUND('',#1144,.T.);
#1005=FACE_OUTER_BOUND('',#1145,.T.);
#1006=FACE_OUTER_BOUND('',#1146,.T.);
#1007=FACE_OUTER_BOUND('',#1147,.T.);
#1008=FACE_OUTER_BOUND('',#1148,.T.);
#1009=FACE_OUTER_BOUND('',#1149,.T.);
#1010=FACE_OUTER_BOUND('',#1150,.T.);
#1011=FACE_OUTER_BOUND('',#1151,.T.);
#1012=FACE_OUTER_BOUND('',#1152,.T.);
#1013=EDGE_LOOP('',(#1153,#1154,#1155,#1156));
#1014=EDGE_LOOP('',(#1157,#1158,#1159,#1160));
#1015=EDGE_LOOP('',(#1161,#1162,#1163,#1164));
#1016=EDGE_LOOP('',(#1165,#1166,#1167,#1168));
#1017=EDGE_LOOP('',(#1169,#1170,#1171,#1172));
#1018=EDGE_LOOP('',(#1173,#1174,#1175,#1176));
#1019=EDGE_LOOP('',(#1177,#1178,#1179,#1180));
#1020=EDGE_LOOP('',(#1181,#1182,#1183,#1184));
#1021=EDGE_LOOP('',(#1185,#1186,#1187,#1188));
#1022=EDGE_LOOP('',(#1189,#1190,#1191,#1192));
#1023=EDGE_LOOP('',(#1193,#1194,#1195,#1196));
#1024=EDGE_LOOP('',(#1197,#1198,#1199,#1200));
#1025=EDGE_LOOP('',(#1201,#1202,#1203,#1204));
#1026=EDGE_LOOP('',(#1205,#1206,#1207,#1208));
#1027=EDGE_LOOP('',(#1209,#1210,#1211,#1212));
#1028=EDGE_LOOP('',(#1213,#1214,#1215,#1216));
#1029=EDGE_LOOP('',(#1217,#1218,#1219,#1220));
#1030=EDGE_LOOP('',(#1221,#1222,#1223,#1224));
#1031=EDGE_LOOP('',(#1225,#1226,#1227,#1228,#1229,#1230,#1231,#1232,#1233,
#1234,#1235,#1236));
#1032=EDGE_LOOP('',(#1237,#1238,#1239,#1240,#1241,#1242,#1243,#1244,#1245,
#1246,#1247,#1248));
#1033=EDGE_LOOP('',(#1249,#1250,#1251,#1252));
#1034=EDGE_LOOP('',(#1253,#1254,#1255,#1256));
#1035=EDGE_LOOP('',(#1257,#1258,#1259,#1260));
#1036=EDGE_LOOP('',(#1261,#1262,#1263,#1264));
#1037=EDGE_LOOP('',(#1265,#1266,#1267,#1268));
#1038=EDGE_LOOP('',(#1269,#1270,#1271,#1272));
#1039=EDGE_LOOP('',(#1273,#1274,#1275));
#1040=EDGE_LOOP('',(#1276,#1277));
#1041=EDGE_LOOP('',(#1278,#1279,#1280));
#1042=EDGE_LOOP('',(#1281,#1282,#1283));
#1043=EDGE_LOOP('',(#1284,#1285));
#1044=EDGE_LOOP('',(#1286,#1287,#1288));
#1045=EDGE_LOOP('',(#1289,#1290,#1291));
#1046=EDGE_LOOP('',(#1292,#1293));
#1047=EDGE_LOOP('',(#1294,#1295,#1296));
#1048=EDGE_LOOP('',(#1297,#1298,#1299));
#1049=EDGE_LOOP('',(#1300,#1301));
#1050=EDGE_LOOP('',(#1302,#1303,#1304));
#1051=EDGE_LOOP('',(#1305,#1306,#1307));
#1052=EDGE_LOOP('',(#1308,#1309));
#1053=EDGE_LOOP('',(#1310,#1311,#1312));
#1054=EDGE_LOOP('',(#1313,#1314,#1315));
#1055=EDGE_LOOP('',(#1316,#1317));
#1056=EDGE_LOOP('',(#1318,#1319,#1320));
#1057=EDGE_LOOP('',(#1321,#1322,#1323));
#1058=EDGE_LOOP('',(#1324,#1325));
#1059=EDGE_LOOP('',(#1326,#1327,#1328));
#1060=EDGE_LOOP('',(#1329,#1330,#1331));
#1061=EDGE_LOOP('',(#1332,#1333));
#1062=EDGE_LOOP('',(#1334,#1335,#1336));
#1063=EDGE_LOOP('',(#1337,#1338,#1339));
#1064=EDGE_LOOP('',(#1340,#1341));
#1065=EDGE_LOOP('',(#1342,#1343,#1344));
#1066=EDGE_LOOP('',(#1345,#1346,#1347));
#1067=EDGE_LOOP('',(#1348,#1349));
#1068=EDGE_LOOP('',(#1350,#1351,#1352));
#1069=EDGE_LOOP('',(#1353,#1354,#1355));
#1070=EDGE_LOOP('',(#1356,#1357));
#1071=EDGE_LOOP('',(#1358,#1359,#1360));
#1072=EDGE_LOOP('',(#1361,#1362,#1363));
#1073=EDGE_LOOP('',(#1364,#1365));
#1074=EDGE_LOOP('',(#1366,#1367,#1368));
#1075=EDGE_LOOP('',(#1369,#1370,#1371));
#1076=EDGE_LOOP('',(#1372,#1373));
#1077=EDGE_LOOP('',(#1374,#1375,#1376));
#1078=EDGE_LOOP('',(#1377,#1378,#1379));
#1079=EDGE_LOOP('',(#1380,#1381));
#1080=EDGE_LOOP('',(#1382,#1383,#1384));
#1081=EDGE_LOOP('',(#1385,#1386,#1387));
#1082=EDGE_LOOP('',(#1388,#1389));
#1083=EDGE_LOOP('',(#1390,#1391,#1392));
#1084=EDGE_LOOP('',(#1393,#1394,#1395));
#1085=EDGE_LOOP('',(#1396,#1397));
#1086=EDGE_LOOP('',(#1398,#1399,#1400));
#1087=EDGE_LOOP('',(#1401,#1402,#1403));
#1088=EDGE_LOOP('',(#1404,#1405));
#1089=EDGE_LOOP('',(#1406,#1407,#1408));
#1090=EDGE_LOOP('',(#1409,#1410,#1411));
#1091=EDGE_LOOP('',(#1412,#1413));
#1092=EDGE_LOOP('',(#1414,#1415,#1416));
#1093=EDGE_LOOP('',(#1417,#1418,#1419));
#1094=EDGE_LOOP('',(#1420,#1421));
#1095=EDGE_LOOP('',(#1422,#1423,#1424));
#1096=EDGE_LOOP('',(#1425,#1426,#1427));
#1097=EDGE_LOOP('',(#1428,#1429));
#1098=EDGE_LOOP('',(#1430,#1431,#1432));
#1099=EDGE_LOOP('',(#1433,#1434,#1435));
#1100=EDGE_LOOP('',(#1436,#1437));
#1101=EDGE_LOOP('',(#1438,#1439,#1440));
#1102=EDGE_LOOP('',(#1441,#1442,#1443));
#1103=EDGE_LOOP('',(#1444,#1445));
#1104=EDGE_LOOP('',(#1446,#1447,#1448));
#1105=EDGE_LOOP('',(#1449,#1450,#1451));
#1106=EDGE_LOOP('',(#1452,#1453));
#1107=EDGE_LOOP('',(#1454,#1455,#1456));
#1108=EDGE_LOOP('',(#1457,#1458,#1459));
#1109=EDGE_LOOP('',(#1460,#1461));
#1110=EDGE_LOOP('',(#1462,#1463,#1464));
#1111=EDGE_LOOP('',(#1465,#1466,#1467));
#1112=EDGE_LOOP('',(#1468,#1469));
#1113=EDGE_LOOP('',(#1470,#1471,#1472));
#1114=EDGE_LOOP('',(#1473,#1474,#1475));
#1115=EDGE_LOOP('',(#1476,#1477));
#1116=EDGE_LOOP('',(#1478,#1479,#1480));
#1117=EDGE_LOOP('',(#1481,#1482,#1483));
#1118=EDGE_LOOP('',(#1484,#1485));
#1119=EDGE_LOOP('',(#1486,#1487,#1488));
#1120=EDGE_LOOP('',(#1489,#1490,#1491));
#1121=EDGE_LOOP('',(#1492,#1493));
#1122=EDGE_LOOP('',(#1494,#1495,#1496));
#1123=EDGE_LOOP('',(#1497,#1498,#1499));
#1124=EDGE_LOOP('',(#1500,#1501));
#1125=EDGE_LOOP('',(#1502,#1503,#1504));
#1126=EDGE_LOOP('',(#1505,#1506,#1507));
#1127=EDGE_LOOP('',(#1508,#1509));
#1128=EDGE_LOOP('',(#1510,#1511,#1512));
#1129=EDGE_LOOP('',(#1513,#1514,#1515));
#1130=EDGE_LOOP('',(#1516,#1517));
#1131=EDGE_LOOP('',(#1518,#1519,#1520));
#1132=EDGE_LOOP('',(#1521,#1522,#1523));
#1133=EDGE_LOOP('',(#1524,#1525));
#1134=EDGE_LOOP('',(#1526,#1527,#1528));
#1135=EDGE_LOOP('',(#1529,#1530,#1531));
#1136=EDGE_LOOP('',(#1532,#1533));
#1137=EDGE_LOOP('',(#1534,#1535,#1536));
#1138=EDGE_LOOP('',(#1537,#1538,#1539));
#1139=EDGE_LOOP('',(#1540,#1541));
#1140=EDGE_LOOP('',(#1542,#1543,#1544));
#1141=EDGE_LOOP('',(#1545,#1546,#1547));
#1142=EDGE_LOOP('',(#1548,#1549));
#1143=EDGE_LOOP('',(#1550,#1551,#1552));
#1144=EDGE_LOOP('',(#1553,#1554,#1555));
#1145=EDGE_LOOP('',(#1556,#1557));
#1146=EDGE_LOOP('',(#1558,#1559,#1560));
#1147=EDGE_LOOP('',(#1561,#1562,#1563,#1564));
#1148=EDGE_LOOP('',(#1565,#1566,#1567,#1568));
#1149=EDGE_LOOP('',(#1569,#1570,#1571,#1572));
#1150=EDGE_LOOP('',(#1573,#1574,#1575,#1576));
#1151=EDGE_LOOP('',(#1577,#1578,#1579,#1580));
#1152=EDGE_LOOP('',(#1581,#1582,#1583,#1584));
#1153=ORIENTED_EDGE('',*,*,#2665,.T.);
#1154=ORIENTED_EDGE('',*,*,#2666,.T.);
#1155=ORIENTED_EDGE('',*,*,#2667,.T.);
#1156=ORIENTED_EDGE('',*,*,#2668,.T.);
#1157=ORIENTED_EDGE('',*,*,#2669,.T.);
#1158=ORIENTED_EDGE('',*,*,#2670,.T.);
#1159=ORIENTED_EDGE('',*,*,#2671,.T.);
#1160=ORIENTED_EDGE('',*,*,#2672,.T.);
#1161=ORIENTED_EDGE('',*,*,#2673,.T.);
#1162=ORIENTED_EDGE('',*,*,#2665,.F.);
#1163=ORIENTED_EDGE('',*,*,#2674,.T.);
#1164=ORIENTED_EDGE('',*,*,#2671,.F.);
#1165=ORIENTED_EDGE('',*,*,#2675,.T.);
#1166=ORIENTED_EDGE('',*,*,#2666,.F.);
#1167=ORIENTED_EDGE('',*,*,#2673,.F.);
#1168=ORIENTED_EDGE('',*,*,#2670,.F.);
#1169=ORIENTED_EDGE('',*,*,#2676,.T.);
#1170=ORIENTED_EDGE('',*,*,#2667,.F.);
#1171=ORIENTED_EDGE('',*,*,#2675,.F.);
#1172=ORIENTED_EDGE('',*,*,#2669,.F.);
#1173=ORIENTED_EDGE('',*,*,#2674,.F.);
#1174=ORIENTED_EDGE('',*,*,#2668,.F.);
#1175=ORIENTED_EDGE('',*,*,#2676,.F.);
#1176=ORIENTED_EDGE('',*,*,#2672,.F.);
#1177=ORIENTED_EDGE('',*,*,#2677,.T.);
#1178=ORIENTED_EDGE('',*,*,#2678,.T.);
#1179=ORIENTED_EDGE('',*,*,#2679,.T.);
#1180=ORIENTED_EDGE('',*,*,#2680,.T.);
#1181=ORIENTED_EDGE('',*,*,#2681,.T.);
#1182=ORIENTED_EDGE('',*,*,#2682,.T.);
#1183=ORIENTED_EDGE('',*,*,#2683,.T.);
#1184=ORIENTED_EDGE('',*,*,#2678,.F.);
#1185=ORIENTED_EDGE('',*,*,#2684,.T.);
#1186=ORIENTED_EDGE('',*,*,#2685,.T.);
#1187=ORIENTED_EDGE('',*,*,#2686,.T.);
#1188=ORIENTED_EDGE('',*,*,#2682,.F.);
#1189=ORIENTED_EDGE('',*,*,#2687,.T.);
#1190=ORIENTED_EDGE('',*,*,#2688,.T.);
#1191=ORIENTED_EDGE('',*,*,#2689,.T.);
#1192=ORIENTED_EDGE('',*,*,#2685,.F.);
#1193=ORIENTED_EDGE('',*,*,#2690,.T.);
#1194=ORIENTED_EDGE('',*,*,#2691,.T.);
#1195=ORIENTED_EDGE('',*,*,#2692,.T.);
#1196=ORIENTED_EDGE('',*,*,#2688,.F.);
#1197=ORIENTED_EDGE('',*,*,#2693,.T.);
#1198=ORIENTED_EDGE('',*,*,#2694,.T.);
#1199=ORIENTED_EDGE('',*,*,#2695,.T.);
#1200=ORIENTED_EDGE('',*,*,#2691,.F.);
#1201=ORIENTED_EDGE('',*,*,#2696,.T.);
#1202=ORIENTED_EDGE('',*,*,#2697,.T.);
#1203=ORIENTED_EDGE('',*,*,#2698,.T.);
#1204=ORIENTED_EDGE('',*,*,#2694,.F.);
#1205=ORIENTED_EDGE('',*,*,#2699,.T.);
#1206=ORIENTED_EDGE('',*,*,#2700,.T.);
#1207=ORIENTED_EDGE('',*,*,#2701,.T.);
#1208=ORIENTED_EDGE('',*,*,#2697,.F.);
#1209=ORIENTED_EDGE('',*,*,#2702,.T.);
#1210=ORIENTED_EDGE('',*,*,#2703,.T.);
#1211=ORIENTED_EDGE('',*,*,#2704,.T.);
#1212=ORIENTED_EDGE('',*,*,#2700,.F.);
#1213=ORIENTED_EDGE('',*,*,#2705,.T.);
#1214=ORIENTED_EDGE('',*,*,#2706,.T.);
#1215=ORIENTED_EDGE('',*,*,#2707,.T.);
#1216=ORIENTED_EDGE('',*,*,#2703,.F.);
#1217=ORIENTED_EDGE('',*,*,#2708,.T.);
#1218=ORIENTED_EDGE('',*,*,#2709,.T.);
#1219=ORIENTED_EDGE('',*,*,#2710,.T.);
#1220=ORIENTED_EDGE('',*,*,#2706,.F.);
#1221=ORIENTED_EDGE('',*,*,#2711,.T.);
#1222=ORIENTED_EDGE('',*,*,#2680,.F.);
#1223=ORIENTED_EDGE('',*,*,#2712,.T.);
#1224=ORIENTED_EDGE('',*,*,#2709,.F.);
#1225=ORIENTED_EDGE('',*,*,#2711,.F.);
#1226=ORIENTED_EDGE('',*,*,#2708,.F.);
#1227=ORIENTED_EDGE('',*,*,#2705,.F.);
#1228=ORIENTED_EDGE('',*,*,#2702,.F.);
#1229=ORIENTED_EDGE('',*,*,#2699,.F.);
#1230=ORIENTED_EDGE('',*,*,#2696,.F.);
#1231=ORIENTED_EDGE('',*,*,#2693,.F.);
#1232=ORIENTED_EDGE('',*,*,#2690,.F.);
#1233=ORIENTED_EDGE('',*,*,#2687,.F.);
#1234=ORIENTED_EDGE('',*,*,#2684,.F.);
#1235=ORIENTED_EDGE('',*,*,#2681,.F.);
#1236=ORIENTED_EDGE('',*,*,#2677,.F.);
#1237=ORIENTED_EDGE('',*,*,#2679,.F.);
#1238=ORIENTED_EDGE('',*,*,#2683,.F.);
#1239=ORIENTED_EDGE('',*,*,#2686,.F.);
#1240=ORIENTED_EDGE('',*,*,#2689,.F.);
#1241=ORIENTED_EDGE('',*,*,#2692,.F.);
#1242=ORIENTED_EDGE('',*,*,#2695,.F.);
#1243=ORIENTED_EDGE('',*,*,#2698,.F.);
#1244=ORIENTED_EDGE('',*,*,#2701,.F.);
#1245=ORIENTED_EDGE('',*,*,#2704,.F.);
#1246=ORIENTED_EDGE('',*,*,#2707,.F.);
#1247=ORIENTED_EDGE('',*,*,#2710,.F.);
#1248=ORIENTED_EDGE('',*,*,#2712,.F.);
#1249=ORIENTED_EDGE('',*,*,#2713,.T.);
#1250=ORIENTED_EDGE('',*,*,#2714,.T.);
#1251=ORIENTED_EDGE('',*,*,#2715,.T.);
#1252=ORIENTED_EDGE('',*,*,#2716,.T.);
#1253=ORIENTED_EDGE('',*,*,#2717,.T.);
#1254=ORIENTED_EDGE('',*,*,#2718,.T.);
#1255=ORIENTED_EDGE('',*,*,#2719,.T.);
#1256=ORIENTED_EDGE('',*,*,#2714,.F.);
#1257=ORIENTED_EDGE('',*,*,#2720,.T.);
#1258=ORIENTED_EDGE('',*,*,#2721,.T.);
#1259=ORIENTED_EDGE('',*,*,#2722,.T.);
#1260=ORIENTED_EDGE('',*,*,#2718,.F.);
#1261=ORIENTED_EDGE('',*,*,#2723,.T.);
#1262=ORIENTED_EDGE('',*,*,#2716,.F.);
#1263=ORIENTED_EDGE('',*,*,#2724,.T.);
#1264=ORIENTED_EDGE('',*,*,#2721,.F.);
#1265=ORIENTED_EDGE('',*,*,#2723,.F.);
#1266=ORIENTED_EDGE('',*,*,#2720,.F.);
#1267=ORIENTED_EDGE('',*,*,#2717,.F.);
#1268=ORIENTED_EDGE('',*,*,#2713,.F.);
#1269=ORIENTED_EDGE('',*,*,#2715,.F.);
#1270=ORIENTED_EDGE('',*,*,#2719,.F.);
#1271=ORIENTED_EDGE('',*,*,#2722,.F.);
#1272=ORIENTED_EDGE('',*,*,#2724,.F.);
#1273=ORIENTED_EDGE('',*,*,#2725,.T.);
#1274=ORIENTED_EDGE('',*,*,#2726,.T.);
#1275=ORIENTED_EDGE('',*,*,#2727,.T.);
#1276=ORIENTED_EDGE('',*,*,#2726,.F.);
#1277=ORIENTED_EDGE('',*,*,#2728,.T.);
#1278=ORIENTED_EDGE('',*,*,#2727,.F.);
#1279=ORIENTED_EDGE('',*,*,#2728,.F.);
#1280=ORIENTED_EDGE('',*,*,#2725,.F.);
#1281=ORIENTED_EDGE('',*,*,#2729,.T.);
#1282=ORIENTED_EDGE('',*,*,#2730,.T.);
#1283=ORIENTED_EDGE('',*,*,#2731,.T.);
#1284=ORIENTED_EDGE('',*,*,#2730,.F.);
#1285=ORIENTED_EDGE('',*,*,#2732,.T.);
#1286=ORIENTED_EDGE('',*,*,#2731,.F.);
#1287=ORIENTED_EDGE('',*,*,#2732,.F.);
#1288=ORIENTED_EDGE('',*,*,#2729,.F.);
#1289=ORIENTED_EDGE('',*,*,#2733,.T.);
#1290=ORIENTED_EDGE('',*,*,#2734,.T.);
#1291=ORIENTED_EDGE('',*,*,#2735,.T.);
#1292=ORIENTED_EDGE('',*,*,#2734,.F.);
#1293=ORIENTED_EDGE('',*,*,#2736,.T.);
#1294=ORIENTED_EDGE('',*,*,#2735,.F.);
#1295=ORIENTED_EDGE('',*,*,#2736,.F.);
#1296=ORIENTED_EDGE('',*,*,#2733,.F.);
#1297=ORIENTED_EDGE('',*,*,#2737,.T.);
#1298=ORIENTED_EDGE('',*,*,#2738,.T.);
#1299=ORIENTED_EDGE('',*,*,#2739,.T.);
#1300=ORIENTED_EDGE('',*,*,#2738,.F.);
#1301=ORIENTED_EDGE('',*,*,#2740,.T.);
#1302=ORIENTED_EDGE('',*,*,#2739,.F.);
#1303=ORIENTED_EDGE('',*,*,#2740,.F.);
#1304=ORIENTED_EDGE('',*,*,#2737,.F.);
#1305=ORIENTED_EDGE('',*,*,#2741,.T.);
#1306=ORIENTED_EDGE('',*,*,#2742,.T.);
#1307=ORIENTED_EDGE('',*,*,#2743,.T.);
#1308=ORIENTED_EDGE('',*,*,#2742,.F.);
#1309=ORIENTED_EDGE('',*,*,#2744,.T.);
#1310=ORIENTED_EDGE('',*,*,#2743,.F.);
#1311=ORIENTED_EDGE('',*,*,#2744,.F.);
#1312=ORIENTED_EDGE('',*,*,#2741,.F.);
#1313=ORIENTED_EDGE('',*,*,#2745,.T.);
#1314=ORIENTED_EDGE('',*,*,#2746,.T.);
#1315=ORIENTED_EDGE('',*,*,#2747,.T.);
#1316=ORIENTED_EDGE('',*,*,#2746,.F.);
#1317=ORIENTED_EDGE('',*,*,#2748,.T.);
#1318=ORIENTED_EDGE('',*,*,#2747,.F.);
#1319=ORIENTED_EDGE('',*,*,#2748,.F.);
#1320=ORIENTED_EDGE('',*,*,#2745,.F.);
#1321=ORIENTED_EDGE('',*,*,#2749,.T.);
#1322=ORIENTED_EDGE('',*,*,#2750,.T.);
#1323=ORIENTED_EDGE('',*,*,#2751,.T.);
#1324=ORIENTED_EDGE('',*,*,#2750,.F.);
#1325=ORIENTED_EDGE('',*,*,#2752,.T.);
#1326=ORIENTED_EDGE('',*,*,#2751,.F.);
#1327=ORIENTED_EDGE('',*,*,#2752,.F.);
#1328=ORIENTED_EDGE('',*,*,#2749,.F.);
#1329=ORIENTED_EDGE('',*,*,#2753,.T.);
#1330=ORIENTED_EDGE('',*,*,#2754,.T.);
#1331=ORIENTED_EDGE('',*,*,#2755,.T.);
#1332=ORIENTED_EDGE('',*,*,#2754,.F.);
#1333=ORIENTED_EDGE('',*,*,#2756,.T.);
#1334=ORIENTED_EDGE('',*,*,#2755,.F.);
#1335=ORIENTED_EDGE('',*,*,#2756,.F.);
#1336=ORIENTED_EDGE('',*,*,#2753,.F.);
#1337=ORIENTED_EDGE('',*,*,#2757,.T.);
#1338=ORIENTED_EDGE('',*,*,#2758,.T.);
#1339=ORIENTED_EDGE('',*,*,#2759,.T.);
#1340=ORIENTED_EDGE('',*,*,#2758,.F.);
#1341=ORIENTED_EDGE('',*,*,#2760,.T.);
#1342=ORIENTED_EDGE('',*,*,#2759,.F.);
#1343=ORIENTED_EDGE('',*,*,#2760,.F.);
#1344=ORIENTED_EDGE('',*,*,#2757,.F.);
#1345=ORIENTED_EDGE('',*,*,#2761,.T.);
#1346=ORIENTED_EDGE('',*,*,#2762,.T.);
#1347=ORIENTED_EDGE('',*,*,#2763,.T.);
#1348=ORIENTED_EDGE('',*,*,#2762,.F.);
#1349=ORIENTED_EDGE('',*,*,#2764,.T.);
#1350=ORIENTED_EDGE('',*,*,#2763,.F.);
#1351=ORIENTED_EDGE('',*,*,#2764,.F.);
#1352=ORIENTED_EDGE('',*,*,#2761,.F.);
#1353=ORIENTED_EDGE('',*,*,#2765,.T.);
#1354=ORIENTED_EDGE('',*,*,#2766,.T.);
#1355=ORIENTED_EDGE('',*,*,#2767,.T.);
#1356=ORIENTED_EDGE('',*,*,#2766,.F.);
#1357=ORIENTED_EDGE('',*,*,#2768,.T.);
#1358=ORIENTED_EDGE('',*,*,#2767,.F.);
#1359=ORIENTED_EDGE('',*,*,#2768,.F.);
#1360=ORIENTED_EDGE('',*,*,#2765,.F.);
#1361=ORIENTED_EDGE('',*,*,#2769,.T.);
#1362=ORIENTED_EDGE('',*,*,#2770,.T.);
#1363=ORIENTED_EDGE('',*,*,#2771,.T.);
#1364=ORIENTED_EDGE('',*,*,#2770,.F.);
#1365=ORIENTED_EDGE('',*,*,#2772,.T.);
#1366=ORIENTED_EDGE('',*,*,#2771,.F.);
#1367=ORIENTED_EDGE('',*,*,#2772,.F.);
#1368=ORIENTED_EDGE('',*,*,#2769,.F.);
#1369=ORIENTED_EDGE('',*,*,#2773,.T.);
#1370=ORIENTED_EDGE('',*,*,#2774,.T.);
#1371=ORIENTED_EDGE('',*,*,#2775,.T.);
#1372=ORIENTED_EDGE('',*,*,#2774,.F.);
#1373=ORIENTED_EDGE('',*,*,#2776,.T.);
#1374=ORIENTED_EDGE('',*,*,#2775,.F.);
#1375=ORIENTED_EDGE('',*,*,#2776,.F.);
#1376=ORIENTED_EDGE('',*,*,#2773,.F.);
#1377=ORIENTED_EDGE('',*,*,#2777,.T.);
#1378=ORIENTED_EDGE('',*,*,#2778,.T.);
#1379=ORIENTED_EDGE('',*,*,#2779,.T.);
#1380=ORIENTED_EDGE('',*,*,#2778,.F.);
#1381=ORIENTED_EDGE('',*,*,#2780,.T.);
#1382=ORIENTED_EDGE('',*,*,#2779,.F.);
#1383=ORIENTED_EDGE('',*,*,#2780,.F.);
#1384=ORIENTED_EDGE('',*,*,#2777,.F.);
#1385=ORIENTED_EDGE('',*,*,#2781,.T.);
#1386=ORIENTED_EDGE('',*,*,#2782,.T.);
#1387=ORIENTED_EDGE('',*,*,#2783,.T.);
#1388=ORIENTED_EDGE('',*,*,#2782,.F.);
#1389=ORIENTED_EDGE('',*,*,#2784,.T.);
#1390=ORIENTED_EDGE('',*,*,#2783,.F.);
#1391=ORIENTED_EDGE('',*,*,#2784,.F.);
#1392=ORIENTED_EDGE('',*,*,#2781,.F.);
#1393=ORIENTED_EDGE('',*,*,#2785,.T.);
#1394=ORIENTED_EDGE('',*,*,#2786,.T.);
#1395=ORIENTED_EDGE('',*,*,#2787,.T.);
#1396=ORIENTED_EDGE('',*,*,#2786,.F.);
#1397=ORIENTED_EDGE('',*,*,#2788,.T.);
#1398=ORIENTED_EDGE('',*,*,#2787,.F.);
#1399=ORIENTED_EDGE('',*,*,#2788,.F.);
#1400=ORIENTED_EDGE('',*,*,#2785,.F.);
#1401=ORIENTED_EDGE('',*,*,#2789,.T.);
#1402=ORIENTED_EDGE('',*,*,#2790,.T.);
#1403=ORIENTED_EDGE('',*,*,#2791,.T.);
#1404=ORIENTED_EDGE('',*,*,#2790,.F.);
#1405=ORIENTED_EDGE('',*,*,#2792,.T.);
#1406=ORIENTED_EDGE('',*,*,#2791,.F.);
#1407=ORIENTED_EDGE('',*,*,#2792,.F.);
#1408=ORIENTED_EDGE('',*,*,#2789,.F.);
#1409=ORIENTED_EDGE('',*,*,#2793,.T.);
#1410=ORIENTED_EDGE('',*,*,#2794,.T.);
#1411=ORIENTED_EDGE('',*,*,#2795,.T.);
#1412=ORIENTED_EDGE('',*,*,#2794,.F.);
#1413=ORIENTED_EDGE('',*,*,#2796,.T.);
#1414=ORIENTED_EDGE('',*,*,#2795,.F.);
#1415=ORIENTED_EDGE('',*,*,#2796,.F.);
#1416=ORIENTED_EDGE('',*,*,#2793,.F.);
#1417=ORIENTED_EDGE('',*,*,#2797,.T.);
#1418=ORIENTED_EDGE('',*,*,#2798,.T.);
#1419=ORIENTED_EDGE('',*,*,#2799,.T.);
#1420=ORIENTED_EDGE('',*,*,#2798,.F.);
#1421=ORIENTED_EDGE('',*,*,#2800,.T.);
#1422=ORIENTED_EDGE('',*,*,#2799,.F.);
#1423=ORIENTED_EDGE('',*,*,#2800,.F.);
#1424=ORIENTED_EDGE('',*,*,#2797,.F.);
#1425=ORIENTED_EDGE('',*,*,#2801,.T.);
#1426=ORIENTED_EDGE('',*,*,#2802,.T.);
#1427=ORIENTED_EDGE('',*,*,#2803,.T.);
#1428=ORIENTED_EDGE('',*,*,#2802,.F.);
#1429=ORIENTED_EDGE('',*,*,#2804,.T.);
#1430=ORIENTED_EDGE('',*,*,#2803,.F.);
#1431=ORIENTED_EDGE('',*,*,#2804,.F.);
#1432=ORIENTED_EDGE('',*,*,#2801,.F.);
#1433=ORIENTED_EDGE('',*,*,#2805,.T.);
#1434=ORIENTED_EDGE('',*,*,#2806,.T.);
#1435=ORIENTED_EDGE('',*,*,#2807,.T.);
#1436=ORIENTED_EDGE('',*,*,#2806,.F.);
#1437=ORIENTED_EDGE('',*,*,#2808,.T.);
#1438=ORIENTED_EDGE('',*,*,#2807,.F.);
#1439=ORIENTED_EDGE('',*,*,#2808,.F.);
#1440=ORIENTED_EDGE('',*,*,#2805,.F.);
#1441=ORIENTED_EDGE('',*,*,#2809,.T.);
#1442=ORIENTED_EDGE('',*,*,#2810,.T.);
#1443=ORIENTED_EDGE('',*,*,#2811,.T.);
#1444=ORIENTED_EDGE('',*,*,#2810,.F.);
#1445=ORIENTED_EDGE('',*,*,#2812,.T.);
#1446=ORIENTED_EDGE('',*,*,#2811,.F.);
#1447=ORIENTED_EDGE('',*,*,#2812,.F.);
#1448=ORIENTED_EDGE('',*,*,#2809,.F.);
#1449=ORIENTED_EDGE('',*,*,#2813,.T.);
#1450=ORIENTED_EDGE('',*,*,#2814,.T.);
#1451=ORIENTED_EDGE('',*,*,#2815,.T.);
#1452=ORIENTED_EDGE('',*,*,#2814,.F.);
#1453=ORIENTED_EDGE('',*,*,#2816,.T.);
#1454=ORIENTED_EDGE('',*,*,#2815,.F.);
#1455=ORIENTED_EDGE('',*,*,#2816,.F.);
#1456=ORIENTED_EDGE('',*,*,#2813,.F.);
#1457=ORIENTED_EDGE('',*,*,#2817,.T.);
#1458=ORIENTED_EDGE('',*,*,#2818,.T.);
#1459=ORIENTED_EDGE('',*,*,#2819,.T.);
#1460=ORIENTED_EDGE('',*,*,#2818,.F.);
#1461=ORIENTED_EDGE('',*,*,#2820,.T.);
#1462=ORIENTED_EDGE('',*,*,#2819,.F.);
#1463=ORIENTED_EDGE('',*,*,#2820,.F.);
#1464=ORIENTED_EDGE('',*,*,#2817,.F.);
#1465=ORIENTED_EDGE('',*,*,#2821,.T.);
#1466=ORIENTED_EDGE('',*,*,#2822,.T.);
#1467=ORIENTED_EDGE('',*,*,#2823,.T.);
#1468=ORIENTED_EDGE('',*,*,#2822,.F.);
#1469=ORIENTED_EDGE('',*,*,#2824,.T.);
#1470=ORIENTED_EDGE('',*,*,#2823,.F.);
#1471=ORIENTED_EDGE('',*,*,#2824,.F.);
#1472=ORIENTED_EDGE('',*,*,#2821,.F.);
#1473=ORIENTED_EDGE('',*,*,#2825,.T.);
#1474=ORIENTED_EDGE('',*,*,#2826,.T.);
#1475=ORIENTED_EDGE('',*,*,#2827,.T.);
#1476=ORIENTED_EDGE('',*,*,#2826,.F.);
#1477=ORIENTED_EDGE('',*,*,#2828,.T.);
#1478=ORIENTED_EDGE('',*,*,#2827,.F.);
#1479=ORIENTED_EDGE('',*,*,#2828,.F.);
#1480=ORIENTED_EDGE('',*,*,#2825,.F.);
#1481=ORIENTED_EDGE('',*,*,#2829,.T.);
#1482=ORIENTED_EDGE('',*,*,#2830,.T.);
#1483=ORIENTED_EDGE('',*,*,#2831,.T.);
#1484=ORIENTED_EDGE('',*,*,#2830,.F.);
#1485=ORIENTED_EDGE('',*,*,#2832,.T.);
#1486=ORIENTED_EDGE('',*,*,#2831,.F.);
#1487=ORIENTED_EDGE('',*,*,#2832,.F.);
#1488=ORIENTED_EDGE('',*,*,#2829,.F.);
#1489=ORIENTED_EDGE('',*,*,#2833,.T.);
#1490=ORIENTED_EDGE('',*,*,#2834,.T.);
#1491=ORIENTED_EDGE('',*,*,#2835,.T.);
#1492=ORIENTED_EDGE('',*,*,#2834,.F.);
#1493=ORIENTED_EDGE('',*,*,#2836,.T.);
#1494=ORIENTED_EDGE('',*,*,#2835,.F.);
#1495=ORIENTED_EDGE('',*,*,#2836,.F.);
#1496=ORIENTED_EDGE('',*,*,#2833,.F.);
#1497=ORIENTED_EDGE('',*,*,#2837,.T.);
#1498=ORIENTED_EDGE('',*,*,#2838,.T.);
#1499=ORIENTED_EDGE('',*,*,#2839,.T.);
#1500=ORIENTED_EDGE('',*,*,#2838,.F.);
#1501=ORIENTED_EDGE('',*,*,#2840,.T.);
#1502=ORIENTED_EDGE('',*,*,#2839,.F.);
#1503=ORIENTED_EDGE('',*,*,#2840,.F.);
#1504=ORIENTED_EDGE('',*,*,#2837,.F.);
#1505=ORIENTED_EDGE('',*,*,#2841,.T.);
#1506=ORIENTED_EDGE('',*,*,#2842,.T.);
#1507=ORIENTED_EDGE('',*,*,#2843,.T.);
#1508=ORIENTED_EDGE('',*,*,#2842,.F.);
#1509=ORIENTED_EDGE('',*,*,#2844,.T.);
#1510=ORIENTED_EDGE('',*,*,#2843,.F.);
#1511=ORIENTED_EDGE('',*,*,#2844,.F.);
#1512=ORIENTED_EDGE('',*,*,#2841,.F.);
#1513=ORIENTED_EDGE('',*,*,#2845,.T.);
#1514=ORIENTED_EDGE('',*,*,#2846,.T.);
#1515=ORIENTED_EDGE('',*,*,#2847,.T.);
#1516=ORIENTED_EDGE('',*,*,#2846,.F.);
#1517=ORIENTED_EDGE('',*,*,#2848,.T.);
#1518=ORIENTED_EDGE('',*,*,#2847,.F.);
#1519=ORIENTED_EDGE('',*,*,#2848,.F.);
#1520=ORIENTED_EDGE('',*,*,#2845,.F.);
#1521=ORIENTED_EDGE('',*,*,#2849,.T.);
#1522=ORIENTED_EDGE('',*,*,#2850,.T.);
#1523=ORIENTED_EDGE('',*,*,#2851,.T.);
#1524=ORIENTED_EDGE('',*,*,#2850,.F.);
#1525=ORIENTED_EDGE('',*,*,#2852,.T.);
#1526=ORIENTED_EDGE('',*,*,#2851,.F.);
#1527=ORIENTED_EDGE('',*,*,#2852,.F.);
#1528=ORIENTED_EDGE('',*,*,#2849,.F.);
#1529=ORIENTED_EDGE('',*,*,#2853,.T.);
#1530=ORIENTED_EDGE('',*,*,#2854,.T.);
#1531=ORIENTED_EDGE('',*,*,#2855,.T.);
#1532=ORIENTED_EDGE('',*,*,#2854,.F.);
#1533=ORIENTED_EDGE('',*,*,#2856,.T.);
#1534=ORIENTED_EDGE('',*,*,#2855,.F.);
#1535=ORIENTED_EDGE('',*,*,#2856,.F.);
#1536=ORIENTED_EDGE('',*,*,#2853,.F.);
#1537=ORIENTED_EDGE('',*,*,#2857,.T.);
#1538=ORIENTED_EDGE('',*,*,#2858,.T.);
#1539=ORIENTED_EDGE('',*,*,#2859,.T.);
#1540=ORIENTED_EDGE('',*,*,#2858,.F.);
#1541=ORIENTED_EDGE('',*,*,#2860,.T.);
#1542=ORIENTED_EDGE('',*,*,#2859,.F.);
#1543=ORIENTED_EDGE('',*,*,#2860,.F.);
#1544=ORIENTED_EDGE('',*,*,#2857,.F.);
#1545=ORIENTED_EDGE('',*,*,#2861,.T.);
#1546=ORIENTED_EDGE('',*,*,#2862,.T.);
#1547=ORIENTED_EDGE('',*,*,#2863,.T.);
#1548=ORIENTED_EDGE('',*,*,#2862,.F.);
#1549=ORIENTED_EDGE('',*,*,#2864,.T.);
#1550=ORIENTED_EDGE('',*,*,#2863,.F.);
#1551=ORIENTED_EDGE('',*,*,#2864,.F.);
#1552=ORIENTED_EDGE('',*,*,#2861,.F.);
#1553=ORIENTED_EDGE('',*,*,#2865,.T.);
#1554=ORIENTED_EDGE('',*,*,#2866,.T.);
#1555=ORIENTED_EDGE('',*,*,#2867,.T.);
#1556=ORIENTED_EDGE('',*,*,#2866,.F.);
#1557=ORIENTED_EDGE('',*,*,#2868,.T.);
#1558=ORIENTED_EDGE('',*,*,#2867,.F.);
#1559=ORIENTED_EDGE('',*,*,#2868,.F.);
#1560=ORIENTED_EDGE('',*,*,#2865,.F.);
#1561=ORIENTED_EDGE('',*,*,#2869,.T.);
#1562=ORIENTED_EDGE('',*,*,#2870,.T.);
#1563=ORIENTED_EDGE('',*,*,#2871,.T.);
#1564=ORIENTED_EDGE('',*,*,#2872,.T.);
#1565=ORIENTED_EDGE('',*,*,#2873,.T.);
#1566=ORIENTED_EDGE('',*,*,#2874,.T.);
#1567=ORIENTED_EDGE('',*,*,#2875,.T.);
#1568=ORIENTED_EDGE('',*,*,#2870,.F.);
#1569=ORIENTED_EDGE('',*,*,#2876,.T.);
#1570=ORIENTED_EDGE('',*,*,#2877,.T.);
#1571=ORIENTED_EDGE('',*,*,#2878,.T.);
#1572=ORIENTED_EDGE('',*,*,#2874,.F.);
#1573=ORIENTED_EDGE('',*,*,#2879,.T.);
#1574=ORIENTED_EDGE('',*,*,#2872,.F.);
#1575=ORIENTED_EDGE('',*,*,#2880,.T.);
#1576=ORIENTED_EDGE('',*,*,#2877,.F.);
#1577=ORIENTED_EDGE('',*,*,#2879,.F.);
#1578=ORIENTED_EDGE('',*,*,#2876,.F.);
#1579=ORIENTED_EDGE('',*,*,#2873,.F.);
#1580=ORIENTED_EDGE('',*,*,#2869,.F.);
#1581=ORIENTED_EDGE('',*,*,#2871,.F.);
#1582=ORIENTED_EDGE('',*,*,#2875,.F.);
#1583=ORIENTED_EDGE('',*,*,#2878,.F.);
#1584=ORIENTED_EDGE('',*,*,#2880,.F.);
#1585=PCURVE('',#3469,#2017);
#1586=PCURVE('',#3469,#2018);
#1587=PCURVE('',#3469,#2019);
#1588=PCURVE('',#3469,#2020);
#1589=PCURVE('',#3470,#2021);
#1590=PCURVE('',#3470,#2022);
#1591=PCURVE('',#3470,#2023);
#1592=PCURVE('',#3470,#2024);
#1593=PCURVE('',#3471,#2025);
#1594=PCURVE('',#3471,#2026);
#1595=PCURVE('',#3471,#2027);
#1596=PCURVE('',#3471,#2028);
#1597=PCURVE('',#3472,#2029);
#1598=PCURVE('',#3472,#2030);
#1599=PCURVE('',#3472,#2031);
#1600=PCURVE('',#3472,#2032);
#1601=PCURVE('',#3473,#2033);
#1602=PCURVE('',#3473,#2034);
#1603=PCURVE('',#3473,#2035);
#1604=PCURVE('',#3473,#2036);
#1605=PCURVE('',#3474,#2037);
#1606=PCURVE('',#3474,#2038);
#1607=PCURVE('',#3474,#2039);
#1608=PCURVE('',#3474,#2040);
#1609=PCURVE('',#3475,#2041);
#1610=PCURVE('',#3475,#2042);
#1611=PCURVE('',#3475,#2043);
#1612=PCURVE('',#3475,#2044);
#1613=PCURVE('',#3476,#2045);
#1614=PCURVE('',#3476,#2046);
#1615=PCURVE('',#3476,#2047);
#1616=PCURVE('',#3476,#2048);
#1617=PCURVE('',#3477,#2049);
#1618=PCURVE('',#3477,#2050);
#1619=PCURVE('',#3477,#2051);
#1620=PCURVE('',#3477,#2052);
#1621=PCURVE('',#3478,#2053);
#1622=PCURVE('',#3478,#2054);
#1623=PCURVE('',#3478,#2055);
#1624=PCURVE('',#3478,#2056);
#1625=PCURVE('',#3479,#2057);
#1626=PCURVE('',#3479,#2058);
#1627=PCURVE('',#3479,#2059);
#1628=PCURVE('',#3479,#2060);
#1629=PCURVE('',#3480,#2061);
#1630=PCURVE('',#3480,#2062);
#1631=PCURVE('',#3480,#2063);
#1632=PCURVE('',#3480,#2064);
#1633=PCURVE('',#3481,#2065);
#1634=PCURVE('',#3481,#2066);
#1635=PCURVE('',#3481,#2067);
#1636=PCURVE('',#3481,#2068);
#1637=PCURVE('',#3482,#2069);
#1638=PCURVE('',#3482,#2070);
#1639=PCURVE('',#3482,#2071);
#1640=PCURVE('',#3482,#2072);
#1641=PCURVE('',#3483,#2073);
#1642=PCURVE('',#3483,#2074);
#1643=PCURVE('',#3483,#2075);
#1644=PCURVE('',#3483,#2076);
#1645=PCURVE('',#3484,#2077);
#1646=PCURVE('',#3484,#2078);
#1647=PCURVE('',#3484,#2079);
#1648=PCURVE('',#3484,#2080);
#1649=PCURVE('',#3485,#2081);
#1650=PCURVE('',#3485,#2082);
#1651=PCURVE('',#3485,#2083);
#1652=PCURVE('',#3485,#2084);
#1653=PCURVE('',#3486,#2085);
#1654=PCURVE('',#3486,#2086);
#1655=PCURVE('',#3486,#2087);
#1656=PCURVE('',#3486,#2088);
#1657=PCURVE('',#3487,#2089);
#1658=PCURVE('',#3487,#2090);
#1659=PCURVE('',#3487,#2091);
#1660=PCURVE('',#3487,#2092);
#1661=PCURVE('',#3487,#2093);
#1662=PCURVE('',#3487,#2094);
#1663=PCURVE('',#3487,#2095);
#1664=PCURVE('',#3487,#2096);
#1665=PCURVE('',#3487,#2097);
#1666=PCURVE('',#3487,#2098);
#1667=PCURVE('',#3487,#2099);
#1668=PCURVE('',#3487,#2100);
#1669=PCURVE('',#3488,#2101);
#1670=PCURVE('',#3488,#2102);
#1671=PCURVE('',#3488,#2103);
#1672=PCURVE('',#3488,#2104);
#1673=PCURVE('',#3488,#2105);
#1674=PCURVE('',#3488,#2106);
#1675=PCURVE('',#3488,#2107);
#1676=PCURVE('',#3488,#2108);
#1677=PCURVE('',#3488,#2109);
#1678=PCURVE('',#3488,#2110);
#1679=PCURVE('',#3488,#2111);
#1680=PCURVE('',#3488,#2112);
#1681=PCURVE('',#3489,#2113);
#1682=PCURVE('',#3489,#2114);
#1683=PCURVE('',#3489,#2115);
#1684=PCURVE('',#3489,#2116);
#1685=PCURVE('',#3490,#2117);
#1686=PCURVE('',#3490,#2118);
#1687=PCURVE('',#3490,#2119);
#1688=PCURVE('',#3490,#2120);
#1689=PCURVE('',#3491,#2121);
#1690=PCURVE('',#3491,#2122);
#1691=PCURVE('',#3491,#2123);
#1692=PCURVE('',#3491,#2124);
#1693=PCURVE('',#3492,#2125);
#1694=PCURVE('',#3492,#2126);
#1695=PCURVE('',#3492,#2127);
#1696=PCURVE('',#3492,#2128);
#1697=PCURVE('',#3493,#2129);
#1698=PCURVE('',#3493,#2130);
#1699=PCURVE('',#3493,#2131);
#1700=PCURVE('',#3493,#2132);
#1701=PCURVE('',#3494,#2133);
#1702=PCURVE('',#3494,#2134);
#1703=PCURVE('',#3494,#2135);
#1704=PCURVE('',#3494,#2136);
#1705=PCURVE('',#227,#2137);
#1706=PCURVE('',#227,#2138);
#1707=PCURVE('',#227,#2139);
#1708=PCURVE('',#3495,#2140);
#1709=PCURVE('',#3495,#2141);
#1710=PCURVE('',#228,#2142);
#1711=PCURVE('',#228,#2143);
#1712=PCURVE('',#228,#2144);
#1713=PCURVE('',#229,#2145);
#1714=PCURVE('',#229,#2146);
#1715=PCURVE('',#229,#2147);
#1716=PCURVE('',#3496,#2148);
#1717=PCURVE('',#3496,#2149);
#1718=PCURVE('',#230,#2150);
#1719=PCURVE('',#230,#2151);
#1720=PCURVE('',#230,#2152);
#1721=PCURVE('',#231,#2153);
#1722=PCURVE('',#231,#2154);
#1723=PCURVE('',#231,#2155);
#1724=PCURVE('',#3497,#2156);
#1725=PCURVE('',#3497,#2157);
#1726=PCURVE('',#232,#2158);
#1727=PCURVE('',#232,#2159);
#1728=PCURVE('',#232,#2160);
#1729=PCURVE('',#233,#2161);
#1730=PCURVE('',#233,#2162);
#1731=PCURVE('',#233,#2163);
#1732=PCURVE('',#3498,#2164);
#1733=PCURVE('',#3498,#2165);
#1734=PCURVE('',#234,#2166);
#1735=PCURVE('',#234,#2167);
#1736=PCURVE('',#234,#2168);
#1737=PCURVE('',#235,#2169);
#1738=PCURVE('',#235,#2170);
#1739=PCURVE('',#235,#2171);
#1740=PCURVE('',#3499,#2172);
#1741=PCURVE('',#3499,#2173);
#1742=PCURVE('',#236,#2174);
#1743=PCURVE('',#236,#2175);
#1744=PCURVE('',#236,#2176);
#1745=PCURVE('',#237,#2177);
#1746=PCURVE('',#237,#2178);
#1747=PCURVE('',#237,#2179);
#1748=PCURVE('',#3500,#2180);
#1749=PCURVE('',#3500,#2181);
#1750=PCURVE('',#238,#2182);
#1751=PCURVE('',#238,#2183);
#1752=PCURVE('',#238,#2184);
#1753=PCURVE('',#239,#2185);
#1754=PCURVE('',#239,#2186);
#1755=PCURVE('',#239,#2187);
#1756=PCURVE('',#3501,#2188);
#1757=PCURVE('',#3501,#2189);
#1758=PCURVE('',#240,#2190);
#1759=PCURVE('',#240,#2191);
#1760=PCURVE('',#240,#2192);
#1761=PCURVE('',#241,#2193);
#1762=PCURVE('',#241,#2194);
#1763=PCURVE('',#241,#2195);
#1764=PCURVE('',#3502,#2196);
#1765=PCURVE('',#3502,#2197);
#1766=PCURVE('',#242,#2198);
#1767=PCURVE('',#242,#2199);
#1768=PCURVE('',#242,#2200);
#1769=PCURVE('',#243,#2201);
#1770=PCURVE('',#243,#2202);
#1771=PCURVE('',#243,#2203);
#1772=PCURVE('',#3503,#2204);
#1773=PCURVE('',#3503,#2205);
#1774=PCURVE('',#244,#2206);
#1775=PCURVE('',#244,#2207);
#1776=PCURVE('',#244,#2208);
#1777=PCURVE('',#245,#2209);
#1778=PCURVE('',#245,#2210);
#1779=PCURVE('',#245,#2211);
#1780=PCURVE('',#3504,#2212);
#1781=PCURVE('',#3504,#2213);
#1782=PCURVE('',#246,#2214);
#1783=PCURVE('',#246,#2215);
#1784=PCURVE('',#246,#2216);
#1785=PCURVE('',#247,#2217);
#1786=PCURVE('',#247,#2218);
#1787=PCURVE('',#247,#2219);
#1788=PCURVE('',#3505,#2220);
#1789=PCURVE('',#3505,#2221);
#1790=PCURVE('',#248,#2222);
#1791=PCURVE('',#248,#2223);
#1792=PCURVE('',#248,#2224);
#1793=PCURVE('',#249,#2225);
#1794=PCURVE('',#249,#2226);
#1795=PCURVE('',#249,#2227);
#1796=PCURVE('',#3506,#2228);
#1797=PCURVE('',#3506,#2229);
#1798=PCURVE('',#250,#2230);
#1799=PCURVE('',#250,#2231);
#1800=PCURVE('',#250,#2232);
#1801=PCURVE('',#251,#2233);
#1802=PCURVE('',#251,#2234);
#1803=PCURVE('',#251,#2235);
#1804=PCURVE('',#3507,#2236);
#1805=PCURVE('',#3507,#2237);
#1806=PCURVE('',#252,#2238);
#1807=PCURVE('',#252,#2239);
#1808=PCURVE('',#252,#2240);
#1809=PCURVE('',#253,#2241);
#1810=PCURVE('',#253,#2242);
#1811=PCURVE('',#253,#2243);
#1812=PCURVE('',#3508,#2244);
#1813=PCURVE('',#3508,#2245);
#1814=PCURVE('',#254,#2246);
#1815=PCURVE('',#254,#2247);
#1816=PCURVE('',#254,#2248);
#1817=PCURVE('',#255,#2249);
#1818=PCURVE('',#255,#2250);
#1819=PCURVE('',#255,#2251);
#1820=PCURVE('',#3509,#2252);
#1821=PCURVE('',#3509,#2253);
#1822=PCURVE('',#256,#2254);
#1823=PCURVE('',#256,#2255);
#1824=PCURVE('',#256,#2256);
#1825=PCURVE('',#257,#2257);
#1826=PCURVE('',#257,#2258);
#1827=PCURVE('',#257,#2259);
#1828=PCURVE('',#3510,#2260);
#1829=PCURVE('',#3510,#2261);
#1830=PCURVE('',#258,#2262);
#1831=PCURVE('',#258,#2263);
#1832=PCURVE('',#258,#2264);
#1833=PCURVE('',#259,#2265);
#1834=PCURVE('',#259,#2266);
#1835=PCURVE('',#259,#2267);
#1836=PCURVE('',#3511,#2268);
#1837=PCURVE('',#3511,#2269);
#1838=PCURVE('',#260,#2270);
#1839=PCURVE('',#260,#2271);
#1840=PCURVE('',#260,#2272);
#1841=PCURVE('',#261,#2273);
#1842=PCURVE('',#261,#2274);
#1843=PCURVE('',#261,#2275);
#1844=PCURVE('',#3512,#2276);
#1845=PCURVE('',#3512,#2277);
#1846=PCURVE('',#262,#2278);
#1847=PCURVE('',#262,#2279);
#1848=PCURVE('',#262,#2280);
#1849=PCURVE('',#263,#2281);
#1850=PCURVE('',#263,#2282);
#1851=PCURVE('',#263,#2283);
#1852=PCURVE('',#3513,#2284);
#1853=PCURVE('',#3513,#2285);
#1854=PCURVE('',#264,#2286);
#1855=PCURVE('',#264,#2287);
#1856=PCURVE('',#264,#2288);
#1857=PCURVE('',#265,#2289);
#1858=PCURVE('',#265,#2290);
#1859=PCURVE('',#265,#2291);
#1860=PCURVE('',#3514,#2292);
#1861=PCURVE('',#3514,#2293);
#1862=PCURVE('',#266,#2294);
#1863=PCURVE('',#266,#2295);
#1864=PCURVE('',#266,#2296);
#1865=PCURVE('',#267,#2297);
#1866=PCURVE('',#267,#2298);
#1867=PCURVE('',#267,#2299);
#1868=PCURVE('',#3515,#2300);
#1869=PCURVE('',#3515,#2301);
#1870=PCURVE('',#268,#2302);
#1871=PCURVE('',#268,#2303);
#1872=PCURVE('',#268,#2304);
#1873=PCURVE('',#269,#2305);
#1874=PCURVE('',#269,#2306);
#1875=PCURVE('',#269,#2307);
#1876=PCURVE('',#3516,#2308);
#1877=PCURVE('',#3516,#2309);
#1878=PCURVE('',#270,#2310);
#1879=PCURVE('',#270,#2311);
#1880=PCURVE('',#270,#2312);
#1881=PCURVE('',#271,#2313);
#1882=PCURVE('',#271,#2314);
#1883=PCURVE('',#271,#2315);
#1884=PCURVE('',#3517,#2316);
#1885=PCURVE('',#3517,#2317);
#1886=PCURVE('',#272,#2318);
#1887=PCURVE('',#272,#2319);
#1888=PCURVE('',#272,#2320);
#1889=PCURVE('',#273,#2321);
#1890=PCURVE('',#273,#2322);
#1891=PCURVE('',#273,#2323);
#1892=PCURVE('',#3518,#2324);
#1893=PCURVE('',#3518,#2325);
#1894=PCURVE('',#274,#2326);
#1895=PCURVE('',#274,#2327);
#1896=PCURVE('',#274,#2328);
#1897=PCURVE('',#275,#2329);
#1898=PCURVE('',#275,#2330);
#1899=PCURVE('',#275,#2331);
#1900=PCURVE('',#3519,#2332);
#1901=PCURVE('',#3519,#2333);
#1902=PCURVE('',#276,#2334);
#1903=PCURVE('',#276,#2335);
#1904=PCURVE('',#276,#2336);
#1905=PCURVE('',#277,#2337);
#1906=PCURVE('',#277,#2338);
#1907=PCURVE('',#277,#2339);
#1908=PCURVE('',#3520,#2340);
#1909=PCURVE('',#3520,#2341);
#1910=PCURVE('',#278,#2342);
#1911=PCURVE('',#278,#2343);
#1912=PCURVE('',#278,#2344);
#1913=PCURVE('',#279,#2345);
#1914=PCURVE('',#279,#2346);
#1915=PCURVE('',#279,#2347);
#1916=PCURVE('',#3521,#2348);
#1917=PCURVE('',#3521,#2349);
#1918=PCURVE('',#280,#2350);
#1919=PCURVE('',#280,#2351);
#1920=PCURVE('',#280,#2352);
#1921=PCURVE('',#281,#2353);
#1922=PCURVE('',#281,#2354);
#1923=PCURVE('',#281,#2355);
#1924=PCURVE('',#3522,#2356);
#1925=PCURVE('',#3522,#2357);
#1926=PCURVE('',#282,#2358);
#1927=PCURVE('',#282,#2359);
#1928=PCURVE('',#282,#2360);
#1929=PCURVE('',#283,#2361);
#1930=PCURVE('',#283,#2362);
#1931=PCURVE('',#283,#2363);
#1932=PCURVE('',#3523,#2364);
#1933=PCURVE('',#3523,#2365);
#1934=PCURVE('',#284,#2366);
#1935=PCURVE('',#284,#2367);
#1936=PCURVE('',#284,#2368);
#1937=PCURVE('',#285,#2369);
#1938=PCURVE('',#285,#2370);
#1939=PCURVE('',#285,#2371);
#1940=PCURVE('',#3524,#2372);
#1941=PCURVE('',#3524,#2373);
#1942=PCURVE('',#286,#2374);
#1943=PCURVE('',#286,#2375);
#1944=PCURVE('',#286,#2376);
#1945=PCURVE('',#287,#2377);
#1946=PCURVE('',#287,#2378);
#1947=PCURVE('',#287,#2379);
#1948=PCURVE('',#3525,#2380);
#1949=PCURVE('',#3525,#2381);
#1950=PCURVE('',#288,#2382);
#1951=PCURVE('',#288,#2383);
#1952=PCURVE('',#288,#2384);
#1953=PCURVE('',#289,#2385);
#1954=PCURVE('',#289,#2386);
#1955=PCURVE('',#289,#2387);
#1956=PCURVE('',#3526,#2388);
#1957=PCURVE('',#3526,#2389);
#1958=PCURVE('',#290,#2390);
#1959=PCURVE('',#290,#2391);
#1960=PCURVE('',#290,#2392);
#1961=PCURVE('',#291,#2393);
#1962=PCURVE('',#291,#2394);
#1963=PCURVE('',#291,#2395);
#1964=PCURVE('',#3527,#2396);
#1965=PCURVE('',#3527,#2397);
#1966=PCURVE('',#292,#2398);
#1967=PCURVE('',#292,#2399);
#1968=PCURVE('',#292,#2400);
#1969=PCURVE('',#293,#2401);
#1970=PCURVE('',#293,#2402);
#1971=PCURVE('',#293,#2403);
#1972=PCURVE('',#3528,#2404);
#1973=PCURVE('',#3528,#2405);
#1974=PCURVE('',#294,#2406);
#1975=PCURVE('',#294,#2407);
#1976=PCURVE('',#294,#2408);
#1977=PCURVE('',#295,#2409);
#1978=PCURVE('',#295,#2410);
#1979=PCURVE('',#295,#2411);
#1980=PCURVE('',#3529,#2412);
#1981=PCURVE('',#3529,#2413);
#1982=PCURVE('',#296,#2414);
#1983=PCURVE('',#296,#2415);
#1984=PCURVE('',#296,#2416);
#1985=PCURVE('',#297,#2417);
#1986=PCURVE('',#297,#2418);
#1987=PCURVE('',#297,#2419);
#1988=PCURVE('',#3530,#2420);
#1989=PCURVE('',#3530,#2421);
#1990=PCURVE('',#298,#2422);
#1991=PCURVE('',#298,#2423);
#1992=PCURVE('',#298,#2424);
#1993=PCURVE('',#3531,#2425);
#1994=PCURVE('',#3531,#2426);
#1995=PCURVE('',#3531,#2427);
#1996=PCURVE('',#3531,#2428);
#1997=PCURVE('',#3532,#2429);
#1998=PCURVE('',#3532,#2430);
#1999=PCURVE('',#3532,#2431);
#2000=PCURVE('',#3532,#2432);
#2001=PCURVE('',#3533,#2433);
#2002=PCURVE('',#3533,#2434);
#2003=PCURVE('',#3533,#2435);
#2004=PCURVE('',#3533,#2436);
#2005=PCURVE('',#3534,#2437);
#2006=PCURVE('',#3534,#2438);
#2007=PCURVE('',#3534,#2439);
#2008=PCURVE('',#3534,#2440);
#2009=PCURVE('',#3535,#2441);
#2010=PCURVE('',#3535,#2442);
#2011=PCURVE('',#3535,#2443);
#2012=PCURVE('',#3535,#2444);
#2013=PCURVE('',#3536,#2445);
#2014=PCURVE('',#3536,#2446);
#2015=PCURVE('',#3536,#2447);
#2016=PCURVE('',#3536,#2448);
#2017=DEFINITIONAL_REPRESENTATION('',(#2882),#7592);
#2018=DEFINITIONAL_REPRESENTATION('',(#2884),#7592);
#2019=DEFINITIONAL_REPRESENTATION('',(#2886),#7592);
#2020=DEFINITIONAL_REPRESENTATION('',(#2888),#7592);
#2021=DEFINITIONAL_REPRESENTATION('',(#2890),#7592);
#2022=DEFINITIONAL_REPRESENTATION('',(#2892),#7592);
#2023=DEFINITIONAL_REPRESENTATION('',(#2894),#7592);
#2024=DEFINITIONAL_REPRESENTATION('',(#2896),#7592);
#2025=DEFINITIONAL_REPRESENTATION('',(#2898),#7592);
#2026=DEFINITIONAL_REPRESENTATION('',(#2899),#7592);
#2027=DEFINITIONAL_REPRESENTATION('',(#2901),#7592);
#2028=DEFINITIONAL_REPRESENTATION('',(#2902),#7592);
#2029=DEFINITIONAL_REPRESENTATION('',(#2904),#7592);
#2030=DEFINITIONAL_REPRESENTATION('',(#2905),#7592);
#2031=DEFINITIONAL_REPRESENTATION('',(#2906),#7592);
#2032=DEFINITIONAL_REPRESENTATION('',(#2907),#7592);
#2033=DEFINITIONAL_REPRESENTATION('',(#2909),#7592);
#2034=DEFINITIONAL_REPRESENTATION('',(#2910),#7592);
#2035=DEFINITIONAL_REPRESENTATION('',(#2911),#7592);
#2036=DEFINITIONAL_REPRESENTATION('',(#2912),#7592);
#2037=DEFINITIONAL_REPRESENTATION('',(#2913),#7592);
#2038=DEFINITIONAL_REPRESENTATION('',(#2914),#7592);
#2039=DEFINITIONAL_REPRESENTATION('',(#2915),#7592);
#2040=DEFINITIONAL_REPRESENTATION('',(#2916),#7592);
#2041=DEFINITIONAL_REPRESENTATION('',(#2918),#7592);
#2042=DEFINITIONAL_REPRESENTATION('',(#2920),#7592);
#2043=DEFINITIONAL_REPRESENTATION('',(#2922),#7592);
#2044=DEFINITIONAL_REPRESENTATION('',(#2924),#7592);
#2045=DEFINITIONAL_REPRESENTATION('',(#2926),#7592);
#2046=DEFINITIONAL_REPRESENTATION('',(#2928),#7592);
#2047=DEFINITIONAL_REPRESENTATION('',(#2930),#7592);
#2048=DEFINITIONAL_REPRESENTATION('',(#2931),#7592);
#2049=DEFINITIONAL_REPRESENTATION('',(#2933),#7592);
#2050=DEFINITIONAL_REPRESENTATION('',(#2935),#7592);
#2051=DEFINITIONAL_REPRESENTATION('',(#2937),#7592);
#2052=DEFINITIONAL_REPRESENTATION('',(#2938),#7592);
#2053=DEFINITIONAL_REPRESENTATION('',(#2940),#7592);
#2054=DEFINITIONAL_REPRESENTATION('',(#2942),#7592);
#2055=DEFINITIONAL_REPRESENTATION('',(#2944),#7592);
#2056=DEFINITIONAL_REPRESENTATION('',(#2945),#7592);
#2057=DEFINITIONAL_REPRESENTATION('',(#2947),#7592);
#2058=DEFINITIONAL_REPRESENTATION('',(#2949),#7592);
#2059=DEFINITIONAL_REPRESENTATION('',(#2951),#7592);
#2060=DEFINITIONAL_REPRESENTATION('',(#2952),#7592);
#2061=DEFINITIONAL_REPRESENTATION('',(#2954),#7592);
#2062=DEFINITIONAL_REPRESENTATION('',(#2956),#7592);
#2063=DEFINITIONAL_REPRESENTATION('',(#2958),#7592);
#2064=DEFINITIONAL_REPRESENTATION('',(#2959),#7592);
#2065=DEFINITIONAL_REPRESENTATION('',(#2961),#7592);
#2066=DEFINITIONAL_REPRESENTATION('',(#2963),#7592);
#2067=DEFINITIONAL_REPRESENTATION('',(#2965),#7592);
#2068=DEFINITIONAL_REPRESENTATION('',(#2966),#7592);
#2069=DEFINITIONAL_REPRESENTATION('',(#2968),#7592);
#2070=DEFINITIONAL_REPRESENTATION('',(#2970),#7592);
#2071=DEFINITIONAL_REPRESENTATION('',(#2972),#7592);
#2072=DEFINITIONAL_REPRESENTATION('',(#2973),#7592);
#2073=DEFINITIONAL_REPRESENTATION('',(#2975),#7592);
#2074=DEFINITIONAL_REPRESENTATION('',(#2977),#7592);
#2075=DEFINITIONAL_REPRESENTATION('',(#2979),#7592);
#2076=DEFINITIONAL_REPRESENTATION('',(#2980),#7592);
#2077=DEFINITIONAL_REPRESENTATION('',(#2982),#7592);
#2078=DEFINITIONAL_REPRESENTATION('',(#2984),#7592);
#2079=DEFINITIONAL_REPRESENTATION('',(#2986),#7592);
#2080=DEFINITIONAL_REPRESENTATION('',(#2987),#7592);
#2081=DEFINITIONAL_REPRESENTATION('',(#2989),#7592);
#2082=DEFINITIONAL_REPRESENTATION('',(#2991),#7592);
#2083=DEFINITIONAL_REPRESENTATION('',(#2993),#7592);
#2084=DEFINITIONAL_REPRESENTATION('',(#2994),#7592);
#2085=DEFINITIONAL_REPRESENTATION('',(#2996),#7592);
#2086=DEFINITIONAL_REPRESENTATION('',(#2997),#7592);
#2087=DEFINITIONAL_REPRESENTATION('',(#2999),#7592);
#2088=DEFINITIONAL_REPRESENTATION('',(#3000),#7592);
#2089=DEFINITIONAL_REPRESENTATION('',(#3001),#7592);
#2090=DEFINITIONAL_REPRESENTATION('',(#3002),#7592);
#2091=DEFINITIONAL_REPRESENTATION('',(#3003),#7592);
#2092=DEFINITIONAL_REPRESENTATION('',(#3004),#7592);
#2093=DEFINITIONAL_REPRESENTATION('',(#3005),#7592);
#2094=DEFINITIONAL_REPRESENTATION('',(#3006),#7592);
#2095=DEFINITIONAL_REPRESENTATION('',(#3007),#7592);
#2096=DEFINITIONAL_REPRESENTATION('',(#3008),#7592);
#2097=DEFINITIONAL_REPRESENTATION('',(#3009),#7592);
#2098=DEFINITIONAL_REPRESENTATION('',(#3010),#7592);
#2099=DEFINITIONAL_REPRESENTATION('',(#3011),#7592);
#2100=DEFINITIONAL_REPRESENTATION('',(#3012),#7592);
#2101=DEFINITIONAL_REPRESENTATION('',(#3013),#7592);
#2102=DEFINITIONAL_REPRESENTATION('',(#3014),#7592);
#2103=DEFINITIONAL_REPRESENTATION('',(#3015),#7592);
#2104=DEFINITIONAL_REPRESENTATION('',(#3016),#7592);
#2105=DEFINITIONAL_REPRESENTATION('',(#3017),#7592);
#2106=DEFINITIONAL_REPRESENTATION('',(#3018),#7592);
#2107=DEFINITIONAL_REPRESENTATION('',(#3019),#7592);
#2108=DEFINITIONAL_REPRESENTATION('',(#3020),#7592);
#2109=DEFINITIONAL_REPRESENTATION('',(#3021),#7592);
#2110=DEFINITIONAL_REPRESENTATION('',(#3022),#7592);
#2111=DEFINITIONAL_REPRESENTATION('',(#3023),#7592);
#2112=DEFINITIONAL_REPRESENTATION('',(#3024),#7592);
#2113=DEFINITIONAL_REPRESENTATION('',(#3026),#7592);
#2114=DEFINITIONAL_REPRESENTATION('',(#3028),#7592);
#2115=DEFINITIONAL_REPRESENTATION('',(#3030),#7592);
#2116=DEFINITIONAL_REPRESENTATION('',(#3032),#7592);
#2117=DEFINITIONAL_REPRESENTATION('',(#3034),#7592);
#2118=DEFINITIONAL_REPRESENTATION('',(#3036),#7592);
#2119=DEFINITIONAL_REPRESENTATION('',(#3038),#7592);
#2120=DEFINITIONAL_REPRESENTATION('',(#3039),#7592);
#2121=DEFINITIONAL_REPRESENTATION('',(#3041),#7592);
#2122=DEFINITIONAL_REPRESENTATION('',(#3043),#7592);
#2123=DEFINITIONAL_REPRESENTATION('',(#3045),#7592);
#2124=DEFINITIONAL_REPRESENTATION('',(#3046),#7592);
#2125=DEFINITIONAL_REPRESENTATION('',(#3048),#7592);
#2126=DEFINITIONAL_REPRESENTATION('',(#3049),#7592);
#2127=DEFINITIONAL_REPRESENTATION('',(#3051),#7592);
#2128=DEFINITIONAL_REPRESENTATION('',(#3052),#7592);
#2129=DEFINITIONAL_REPRESENTATION('',(#3053),#7592);
#2130=DEFINITIONAL_REPRESENTATION('',(#3054),#7592);
#2131=DEFINITIONAL_REPRESENTATION('',(#3055),#7592);
#2132=DEFINITIONAL_REPRESENTATION('',(#3056),#7592);
#2133=DEFINITIONAL_REPRESENTATION('',(#3057),#7592);
#2134=DEFINITIONAL_REPRESENTATION('',(#3058),#7592);
#2135=DEFINITIONAL_REPRESENTATION('',(#3059),#7592);
#2136=DEFINITIONAL_REPRESENTATION('',(#3060),#7592);
#2137=DEFINITIONAL_REPRESENTATION('',(#3061),#7592);
#2138=DEFINITIONAL_REPRESENTATION('',(#3062),#7592);
#2139=DEFINITIONAL_REPRESENTATION('',(#3063),#7592);
#2140=DEFINITIONAL_REPRESENTATION('',(#14),#7592);
#2141=DEFINITIONAL_REPRESENTATION('',(#16),#7592);
#2142=DEFINITIONAL_REPRESENTATION('',(#3064),#7592);
#2143=DEFINITIONAL_REPRESENTATION('',(#3065),#7592);
#2144=DEFINITIONAL_REPRESENTATION('',(#3066),#7592);
#2145=DEFINITIONAL_REPRESENTATION('',(#3067),#7592);
#2146=DEFINITIONAL_REPRESENTATION('',(#3068),#7592);
#2147=DEFINITIONAL_REPRESENTATION('',(#3069),#7592);
#2148=DEFINITIONAL_REPRESENTATION('',(#20),#7592);
#2149=DEFINITIONAL_REPRESENTATION('',(#22),#7592);
#2150=DEFINITIONAL_REPRESENTATION('',(#3070),#7592);
#2151=DEFINITIONAL_REPRESENTATION('',(#3071),#7592);
#2152=DEFINITIONAL_REPRESENTATION('',(#3072),#7592);
#2153=DEFINITIONAL_REPRESENTATION('',(#3073),#7592);
#2154=DEFINITIONAL_REPRESENTATION('',(#3074),#7592);
#2155=DEFINITIONAL_REPRESENTATION('',(#3075),#7592);
#2156=DEFINITIONAL_REPRESENTATION('',(#26),#7592);
#2157=DEFINITIONAL_REPRESENTATION('',(#28),#7592);
#2158=DEFINITIONAL_REPRESENTATION('',(#3076),#7592);
#2159=DEFINITIONAL_REPRESENTATION('',(#3077),#7592);
#2160=DEFINITIONAL_REPRESENTATION('',(#3078),#7592);
#2161=DEFINITIONAL_REPRESENTATION('',(#3079),#7592);
#2162=DEFINITIONAL_REPRESENTATION('',(#3080),#7592);
#2163=DEFINITIONAL_REPRESENTATION('',(#3081),#7592);
#2164=DEFINITIONAL_REPRESENTATION('',(#32),#7592);
#2165=DEFINITIONAL_REPRESENTATION('',(#34),#7592);
#2166=DEFINITIONAL_REPRESENTATION('',(#3082),#7592);
#2167=DEFINITIONAL_REPRESENTATION('',(#3083),#7592);
#2168=DEFINITIONAL_REPRESENTATION('',(#3084),#7592);
#2169=DEFINITIONAL_REPRESENTATION('',(#3085),#7592);
#2170=DEFINITIONAL_REPRESENTATION('',(#3086),#7592);
#2171=DEFINITIONAL_REPRESENTATION('',(#3087),#7592);
#2172=DEFINITIONAL_REPRESENTATION('',(#38),#7592);
#2173=DEFINITIONAL_REPRESENTATION('',(#40),#7592);
#2174=DEFINITIONAL_REPRESENTATION('',(#3088),#7592);
#2175=DEFINITIONAL_REPRESENTATION('',(#3089),#7592);
#2176=DEFINITIONAL_REPRESENTATION('',(#3090),#7592);
#2177=DEFINITIONAL_REPRESENTATION('',(#3091),#7592);
#2178=DEFINITIONAL_REPRESENTATION('',(#3092),#7592);
#2179=DEFINITIONAL_REPRESENTATION('',(#3093),#7592);
#2180=DEFINITIONAL_REPRESENTATION('',(#44),#7592);
#2181=DEFINITIONAL_REPRESENTATION('',(#46),#7592);
#2182=DEFINITIONAL_REPRESENTATION('',(#3094),#7592);
#2183=DEFINITIONAL_REPRESENTATION('',(#3095),#7592);
#2184=DEFINITIONAL_REPRESENTATION('',(#3096),#7592);
#2185=DEFINITIONAL_REPRESENTATION('',(#3097),#7592);
#2186=DEFINITIONAL_REPRESENTATION('',(#3098),#7592);
#2187=DEFINITIONAL_REPRESENTATION('',(#3099),#7592);
#2188=DEFINITIONAL_REPRESENTATION('',(#50),#7592);
#2189=DEFINITIONAL_REPRESENTATION('',(#52),#7592);
#2190=DEFINITIONAL_REPRESENTATION('',(#3100),#7592);
#2191=DEFINITIONAL_REPRESENTATION('',(#3101),#7592);
#2192=DEFINITIONAL_REPRESENTATION('',(#3102),#7592);
#2193=DEFINITIONAL_REPRESENTATION('',(#3103),#7592);
#2194=DEFINITIONAL_REPRESENTATION('',(#3104),#7592);
#2195=DEFINITIONAL_REPRESENTATION('',(#3105),#7592);
#2196=DEFINITIONAL_REPRESENTATION('',(#56),#7592);
#2197=DEFINITIONAL_REPRESENTATION('',(#58),#7592);
#2198=DEFINITIONAL_REPRESENTATION('',(#3106),#7592);
#2199=DEFINITIONAL_REPRESENTATION('',(#3107),#7592);
#2200=DEFINITIONAL_REPRESENTATION('',(#3108),#7592);
#2201=DEFINITIONAL_REPRESENTATION('',(#3109),#7592);
#2202=DEFINITIONAL_REPRESENTATION('',(#3110),#7592);
#2203=DEFINITIONAL_REPRESENTATION('',(#3111),#7592);
#2204=DEFINITIONAL_REPRESENTATION('',(#62),#7592);
#2205=DEFINITIONAL_REPRESENTATION('',(#64),#7592);
#2206=DEFINITIONAL_REPRESENTATION('',(#3112),#7592);
#2207=DEFINITIONAL_REPRESENTATION('',(#3113),#7592);
#2208=DEFINITIONAL_REPRESENTATION('',(#3114),#7592);
#2209=DEFINITIONAL_REPRESENTATION('',(#3115),#7592);
#2210=DEFINITIONAL_REPRESENTATION('',(#3116),#7592);
#2211=DEFINITIONAL_REPRESENTATION('',(#3117),#7592);
#2212=DEFINITIONAL_REPRESENTATION('',(#68),#7592);
#2213=DEFINITIONAL_REPRESENTATION('',(#70),#7592);
#2214=DEFINITIONAL_REPRESENTATION('',(#3118),#7592);
#2215=DEFINITIONAL_REPRESENTATION('',(#3119),#7592);
#2216=DEFINITIONAL_REPRESENTATION('',(#3120),#7592);
#2217=DEFINITIONAL_REPRESENTATION('',(#3121),#7592);
#2218=DEFINITIONAL_REPRESENTATION('',(#3122),#7592);
#2219=DEFINITIONAL_REPRESENTATION('',(#3123),#7592);
#2220=DEFINITIONAL_REPRESENTATION('',(#74),#7592);
#2221=DEFINITIONAL_REPRESENTATION('',(#76),#7592);
#2222=DEFINITIONAL_REPRESENTATION('',(#3124),#7592);
#2223=DEFINITIONAL_REPRESENTATION('',(#3125),#7592);
#2224=DEFINITIONAL_REPRESENTATION('',(#3126),#7592);
#2225=DEFINITIONAL_REPRESENTATION('',(#3127),#7592);
#2226=DEFINITIONAL_REPRESENTATION('',(#3128),#7592);
#2227=DEFINITIONAL_REPRESENTATION('',(#3129),#7592);
#2228=DEFINITIONAL_REPRESENTATION('',(#80),#7592);
#2229=DEFINITIONAL_REPRESENTATION('',(#82),#7592);
#2230=DEFINITIONAL_REPRESENTATION('',(#3130),#7592);
#2231=DEFINITIONAL_REPRESENTATION('',(#3131),#7592);
#2232=DEFINITIONAL_REPRESENTATION('',(#3132),#7592);
#2233=DEFINITIONAL_REPRESENTATION('',(#3133),#7592);
#2234=DEFINITIONAL_REPRESENTATION('',(#3134),#7592);
#2235=DEFINITIONAL_REPRESENTATION('',(#3135),#7592);
#2236=DEFINITIONAL_REPRESENTATION('',(#86),#7592);
#2237=DEFINITIONAL_REPRESENTATION('',(#88),#7592);
#2238=DEFINITIONAL_REPRESENTATION('',(#3136),#7592);
#2239=DEFINITIONAL_REPRESENTATION('',(#3137),#7592);
#2240=DEFINITIONAL_REPRESENTATION('',(#3138),#7592);
#2241=DEFINITIONAL_REPRESENTATION('',(#3139),#7592);
#2242=DEFINITIONAL_REPRESENTATION('',(#3140),#7592);
#2243=DEFINITIONAL_REPRESENTATION('',(#3141),#7592);
#2244=DEFINITIONAL_REPRESENTATION('',(#92),#7592);
#2245=DEFINITIONAL_REPRESENTATION('',(#94),#7592);
#2246=DEFINITIONAL_REPRESENTATION('',(#3142),#7592);
#2247=DEFINITIONAL_REPRESENTATION('',(#3143),#7592);
#2248=DEFINITIONAL_REPRESENTATION('',(#3144),#7592);
#2249=DEFINITIONAL_REPRESENTATION('',(#3145),#7592);
#2250=DEFINITIONAL_REPRESENTATION('',(#3146),#7592);
#2251=DEFINITIONAL_REPRESENTATION('',(#3147),#7592);
#2252=DEFINITIONAL_REPRESENTATION('',(#98),#7592);
#2253=DEFINITIONAL_REPRESENTATION('',(#100),#7592);
#2254=DEFINITIONAL_REPRESENTATION('',(#3148),#7592);
#2255=DEFINITIONAL_REPRESENTATION('',(#3149),#7592);
#2256=DEFINITIONAL_REPRESENTATION('',(#3150),#7592);
#2257=DEFINITIONAL_REPRESENTATION('',(#3151),#7592);
#2258=DEFINITIONAL_REPRESENTATION('',(#3152),#7592);
#2259=DEFINITIONAL_REPRESENTATION('',(#3153),#7592);
#2260=DEFINITIONAL_REPRESENTATION('',(#104),#7592);
#2261=DEFINITIONAL_REPRESENTATION('',(#106),#7592);
#2262=DEFINITIONAL_REPRESENTATION('',(#3154),#7592);
#2263=DEFINITIONAL_REPRESENTATION('',(#3155),#7592);
#2264=DEFINITIONAL_REPRESENTATION('',(#3156),#7592);
#2265=DEFINITIONAL_REPRESENTATION('',(#3157),#7592);
#2266=DEFINITIONAL_REPRESENTATION('',(#3158),#7592);
#2267=DEFINITIONAL_REPRESENTATION('',(#3159),#7592);
#2268=DEFINITIONAL_REPRESENTATION('',(#110),#7592);
#2269=DEFINITIONAL_REPRESENTATION('',(#112),#7592);
#2270=DEFINITIONAL_REPRESENTATION('',(#3160),#7592);
#2271=DEFINITIONAL_REPRESENTATION('',(#3161),#7592);
#2272=DEFINITIONAL_REPRESENTATION('',(#3162),#7592);
#2273=DEFINITIONAL_REPRESENTATION('',(#3163),#7592);
#2274=DEFINITIONAL_REPRESENTATION('',(#3164),#7592);
#2275=DEFINITIONAL_REPRESENTATION('',(#3165),#7592);
#2276=DEFINITIONAL_REPRESENTATION('',(#116),#7592);
#2277=DEFINITIONAL_REPRESENTATION('',(#118),#7592);
#2278=DEFINITIONAL_REPRESENTATION('',(#3166),#7592);
#2279=DEFINITIONAL_REPRESENTATION('',(#3167),#7592);
#2280=DEFINITIONAL_REPRESENTATION('',(#3168),#7592);
#2281=DEFINITIONAL_REPRESENTATION('',(#3169),#7592);
#2282=DEFINITIONAL_REPRESENTATION('',(#3170),#7592);
#2283=DEFINITIONAL_REPRESENTATION('',(#3171),#7592);
#2284=DEFINITIONAL_REPRESENTATION('',(#122),#7592);
#2285=DEFINITIONAL_REPRESENTATION('',(#124),#7592);
#2286=DEFINITIONAL_REPRESENTATION('',(#3172),#7592);
#2287=DEFINITIONAL_REPRESENTATION('',(#3173),#7592);
#2288=DEFINITIONAL_REPRESENTATION('',(#3174),#7592);
#2289=DEFINITIONAL_REPRESENTATION('',(#3175),#7592);
#2290=DEFINITIONAL_REPRESENTATION('',(#3176),#7592);
#2291=DEFINITIONAL_REPRESENTATION('',(#3177),#7592);
#2292=DEFINITIONAL_REPRESENTATION('',(#128),#7592);
#2293=DEFINITIONAL_REPRESENTATION('',(#130),#7592);
#2294=DEFINITIONAL_REPRESENTATION('',(#3178),#7592);
#2295=DEFINITIONAL_REPRESENTATION('',(#3179),#7592);
#2296=DEFINITIONAL_REPRESENTATION('',(#3180),#7592);
#2297=DEFINITIONAL_REPRESENTATION('',(#3181),#7592);
#2298=DEFINITIONAL_REPRESENTATION('',(#3182),#7592);
#2299=DEFINITIONAL_REPRESENTATION('',(#3183),#7592);
#2300=DEFINITIONAL_REPRESENTATION('',(#134),#7592);
#2301=DEFINITIONAL_REPRESENTATION('',(#136),#7592);
#2302=DEFINITIONAL_REPRESENTATION('',(#3184),#7592);
#2303=DEFINITIONAL_REPRESENTATION('',(#3185),#7592);
#2304=DEFINITIONAL_REPRESENTATION('',(#3186),#7592);
#2305=DEFINITIONAL_REPRESENTATION('',(#3187),#7592);
#2306=DEFINITIONAL_REPRESENTATION('',(#3188),#7592);
#2307=DEFINITIONAL_REPRESENTATION('',(#3189),#7592);
#2308=DEFINITIONAL_REPRESENTATION('',(#140),#7592);
#2309=DEFINITIONAL_REPRESENTATION('',(#142),#7592);
#2310=DEFINITIONAL_REPRESENTATION('',(#3190),#7592);
#2311=DEFINITIONAL_REPRESENTATION('',(#3191),#7592);
#2312=DEFINITIONAL_REPRESENTATION('',(#3192),#7592);
#2313=DEFINITIONAL_REPRESENTATION('',(#3193),#7592);
#2314=DEFINITIONAL_REPRESENTATION('',(#3194),#7592);
#2315=DEFINITIONAL_REPRESENTATION('',(#3195),#7592);
#2316=DEFINITIONAL_REPRESENTATION('',(#146),#7592);
#2317=DEFINITIONAL_REPRESENTATION('',(#148),#7592);
#2318=DEFINITIONAL_REPRESENTATION('',(#3196),#7592);
#2319=DEFINITIONAL_REPRESENTATION('',(#3197),#7592);
#2320=DEFINITIONAL_REPRESENTATION('',(#3198),#7592);
#2321=DEFINITIONAL_REPRESENTATION('',(#3199),#7592);
#2322=DEFINITIONAL_REPRESENTATION('',(#3200),#7592);
#2323=DEFINITIONAL_REPRESENTATION('',(#3201),#7592);
#2324=DEFINITIONAL_REPRESENTATION('',(#152),#7592);
#2325=DEFINITIONAL_REPRESENTATION('',(#154),#7592);
#2326=DEFINITIONAL_REPRESENTATION('',(#3202),#7592);
#2327=DEFINITIONAL_REPRESENTATION('',(#3203),#7592);
#2328=DEFINITIONAL_REPRESENTATION('',(#3204),#7592);
#2329=DEFINITIONAL_REPRESENTATION('',(#3205),#7592);
#2330=DEFINITIONAL_REPRESENTATION('',(#3206),#7592);
#2331=DEFINITIONAL_REPRESENTATION('',(#3207),#7592);
#2332=DEFINITIONAL_REPRESENTATION('',(#158),#7592);
#2333=DEFINITIONAL_REPRESENTATION('',(#160),#7592);
#2334=DEFINITIONAL_REPRESENTATION('',(#3208),#7592);
#2335=DEFINITIONAL_REPRESENTATION('',(#3209),#7592);
#2336=DEFINITIONAL_REPRESENTATION('',(#3210),#7592);
#2337=DEFINITIONAL_REPRESENTATION('',(#3211),#7592);
#2338=DEFINITIONAL_REPRESENTATION('',(#3212),#7592);
#2339=DEFINITIONAL_REPRESENTATION('',(#3213),#7592);
#2340=DEFINITIONAL_REPRESENTATION('',(#164),#7592);
#2341=DEFINITIONAL_REPRESENTATION('',(#166),#7592);
#2342=DEFINITIONAL_REPRESENTATION('',(#3214),#7592);
#2343=DEFINITIONAL_REPRESENTATION('',(#3215),#7592);
#2344=DEFINITIONAL_REPRESENTATION('',(#3216),#7592);
#2345=DEFINITIONAL_REPRESENTATION('',(#3217),#7592);
#2346=DEFINITIONAL_REPRESENTATION('',(#3218),#7592);
#2347=DEFINITIONAL_REPRESENTATION('',(#3219),#7592);
#2348=DEFINITIONAL_REPRESENTATION('',(#170),#7592);
#2349=DEFINITIONAL_REPRESENTATION('',(#172),#7592);
#2350=DEFINITIONAL_REPRESENTATION('',(#3220),#7592);
#2351=DEFINITIONAL_REPRESENTATION('',(#3221),#7592);
#2352=DEFINITIONAL_REPRESENTATION('',(#3222),#7592);
#2353=DEFINITIONAL_REPRESENTATION('',(#3223),#7592);
#2354=DEFINITIONAL_REPRESENTATION('',(#3224),#7592);
#2355=DEFINITIONAL_REPRESENTATION('',(#3225),#7592);
#2356=DEFINITIONAL_REPRESENTATION('',(#176),#7592);
#2357=DEFINITIONAL_REPRESENTATION('',(#178),#7592);
#2358=DEFINITIONAL_REPRESENTATION('',(#3226),#7592);
#2359=DEFINITIONAL_REPRESENTATION('',(#3227),#7592);
#2360=DEFINITIONAL_REPRESENTATION('',(#3228),#7592);
#2361=DEFINITIONAL_REPRESENTATION('',(#3229),#7592);
#2362=DEFINITIONAL_REPRESENTATION('',(#3230),#7592);
#2363=DEFINITIONAL_REPRESENTATION('',(#3231),#7592);
#2364=DEFINITIONAL_REPRESENTATION('',(#182),#7592);
#2365=DEFINITIONAL_REPRESENTATION('',(#184),#7592);
#2366=DEFINITIONAL_REPRESENTATION('',(#3232),#7592);
#2367=DEFINITIONAL_REPRESENTATION('',(#3233),#7592);
#2368=DEFINITIONAL_REPRESENTATION('',(#3234),#7592);
#2369=DEFINITIONAL_REPRESENTATION('',(#3235),#7592);
#2370=DEFINITIONAL_REPRESENTATION('',(#3236),#7592);
#2371=DEFINITIONAL_REPRESENTATION('',(#3237),#7592);
#2372=DEFINITIONAL_REPRESENTATION('',(#188),#7592);
#2373=DEFINITIONAL_REPRESENTATION('',(#190),#7592);
#2374=DEFINITIONAL_REPRESENTATION('',(#3238),#7592);
#2375=DEFINITIONAL_REPRESENTATION('',(#3239),#7592);
#2376=DEFINITIONAL_REPRESENTATION('',(#3240),#7592);
#2377=DEFINITIONAL_REPRESENTATION('',(#3241),#7592);
#2378=DEFINITIONAL_REPRESENTATION('',(#3242),#7592);
#2379=DEFINITIONAL_REPRESENTATION('',(#3243),#7592);
#2380=DEFINITIONAL_REPRESENTATION('',(#194),#7592);
#2381=DEFINITIONAL_REPRESENTATION('',(#196),#7592);
#2382=DEFINITIONAL_REPRESENTATION('',(#3244),#7592);
#2383=DEFINITIONAL_REPRESENTATION('',(#3245),#7592);
#2384=DEFINITIONAL_REPRESENTATION('',(#3246),#7592);
#2385=DEFINITIONAL_REPRESENTATION('',(#3247),#7592);
#2386=DEFINITIONAL_REPRESENTATION('',(#3248),#7592);
#2387=DEFINITIONAL_REPRESENTATION('',(#3249),#7592);
#2388=DEFINITIONAL_REPRESENTATION('',(#200),#7592);
#2389=DEFINITIONAL_REPRESENTATION('',(#202),#7592);
#2390=DEFINITIONAL_REPRESENTATION('',(#3250),#7592);
#2391=DEFINITIONAL_REPRESENTATION('',(#3251),#7592);
#2392=DEFINITIONAL_REPRESENTATION('',(#3252),#7592);
#2393=DEFINITIONAL_REPRESENTATION('',(#3253),#7592);
#2394=DEFINITIONAL_REPRESENTATION('',(#3254),#7592);
#2395=DEFINITIONAL_REPRESENTATION('',(#3255),#7592);
#2396=DEFINITIONAL_REPRESENTATION('',(#206),#7592);
#2397=DEFINITIONAL_REPRESENTATION('',(#208),#7592);
#2398=DEFINITIONAL_REPRESENTATION('',(#3256),#7592);
#2399=DEFINITIONAL_REPRESENTATION('',(#3257),#7592);
#2400=DEFINITIONAL_REPRESENTATION('',(#3258),#7592);
#2401=DEFINITIONAL_REPRESENTATION('',(#3259),#7592);
#2402=DEFINITIONAL_REPRESENTATION('',(#3260),#7592);
#2403=DEFINITIONAL_REPRESENTATION('',(#3261),#7592);
#2404=DEFINITIONAL_REPRESENTATION('',(#212),#7592);
#2405=DEFINITIONAL_REPRESENTATION('',(#214),#7592);
#2406=DEFINITIONAL_REPRESENTATION('',(#3262),#7592);
#2407=DEFINITIONAL_REPRESENTATION('',(#3263),#7592);
#2408=DEFINITIONAL_REPRESENTATION('',(#3264),#7592);
#2409=DEFINITIONAL_REPRESENTATION('',(#3265),#7592);
#2410=DEFINITIONAL_REPRESENTATION('',(#3266),#7592);
#2411=DEFINITIONAL_REPRESENTATION('',(#3267),#7592);
#2412=DEFINITIONAL_REPRESENTATION('',(#218),#7592);
#2413=DEFINITIONAL_REPRESENTATION('',(#220),#7592);
#2414=DEFINITIONAL_REPRESENTATION('',(#3268),#7592);
#2415=DEFINITIONAL_REPRESENTATION('',(#3269),#7592);
#2416=DEFINITIONAL_REPRESENTATION('',(#3270),#7592);
#2417=DEFINITIONAL_REPRESENTATION('',(#3271),#7592);
#2418=DEFINITIONAL_REPRESENTATION('',(#3272),#7592);
#2419=DEFINITIONAL_REPRESENTATION('',(#3273),#7592);
#2420=DEFINITIONAL_REPRESENTATION('',(#224),#7592);
#2421=DEFINITIONAL_REPRESENTATION('',(#226),#7592);
#2422=DEFINITIONAL_REPRESENTATION('',(#3274),#7592);
#2423=DEFINITIONAL_REPRESENTATION('',(#3275),#7592);
#2424=DEFINITIONAL_REPRESENTATION('',(#3276),#7592);
#2425=DEFINITIONAL_REPRESENTATION('',(#3278),#7592);
#2426=DEFINITIONAL_REPRESENTATION('',(#3280),#7592);
#2427=DEFINITIONAL_REPRESENTATION('',(#3282),#7592);
#2428=DEFINITIONAL_REPRESENTATION('',(#3284),#7592);
#2429=DEFINITIONAL_REPRESENTATION('',(#3286),#7592);
#2430=DEFINITIONAL_REPRESENTATION('',(#3288),#7592);
#2431=DEFINITIONAL_REPRESENTATION('',(#3290),#7592);
#2432=DEFINITIONAL_REPRESENTATION('',(#3291),#7592);
#2433=DEFINITIONAL_REPRESENTATION('',(#3293),#7592);
#2434=DEFINITIONAL_REPRESENTATION('',(#3295),#7592);
#2435=DEFINITIONAL_REPRESENTATION('',(#3297),#7592);
#2436=DEFINITIONAL_REPRESENTATION('',(#3298),#7592);
#2437=DEFINITIONAL_REPRESENTATION('',(#3300),#7592);
#2438=DEFINITIONAL_REPRESENTATION('',(#3301),#7592);
#2439=DEFINITIONAL_REPRESENTATION('',(#3303),#7592);
#2440=DEFINITIONAL_REPRESENTATION('',(#3304),#7592);
#2441=DEFINITIONAL_REPRESENTATION('',(#3305),#7592);
#2442=DEFINITIONAL_REPRESENTATION('',(#3306),#7592);
#2443=DEFINITIONAL_REPRESENTATION('',(#3307),#7592);
#2444=DEFINITIONAL_REPRESENTATION('',(#3308),#7592);
#2445=DEFINITIONAL_REPRESENTATION('',(#3309),#7592);
#2446=DEFINITIONAL_REPRESENTATION('',(#3310),#7592);
#2447=DEFINITIONAL_REPRESENTATION('',(#3311),#7592);
#2448=DEFINITIONAL_REPRESENTATION('',(#3312),#7592);
#2449=SURFACE_CURVE('',#2881,(#1585,#1594),.PCURVE_S1.);
#2450=SURFACE_CURVE('',#2883,(#1586,#1598),.PCURVE_S1.);
#2451=SURFACE_CURVE('',#2885,(#1587,#1602),.PCURVE_S1.);
#2452=SURFACE_CURVE('',#2887,(#1588,#1606),.PCURVE_S1.);
#2453=SURFACE_CURVE('',#2889,(#1589,#1604),.PCURVE_S1.);
#2454=SURFACE_CURVE('',#2891,(#1590,#1600),.PCURVE_S1.);
#2455=SURFACE_CURVE('',#2893,(#1591,#1596),.PCURVE_S1.);
#2456=SURFACE_CURVE('',#2895,(#1592,#1608),.PCURVE_S1.);
#2457=SURFACE_CURVE('',#2897,(#1593,#1599),.PCURVE_S1.);
#2458=SURFACE_CURVE('',#2900,(#1595,#1605),.PCURVE_S1.);
#2459=SURFACE_CURVE('',#2903,(#1597,#1603),.PCURVE_S1.);
#2460=SURFACE_CURVE('',#2908,(#1601,#1607),.PCURVE_S1.);
#2461=SURFACE_CURVE('',#2917,(#1609,#1668),.PCURVE_S1.);
#2462=SURFACE_CURVE('',#2919,(#1610,#1616),.PCURVE_S1.);
#2463=SURFACE_CURVE('',#2921,(#1611,#1669),.PCURVE_S1.);
#2464=SURFACE_CURVE('',#2923,(#1612,#1654),.PCURVE_S1.);
#2465=SURFACE_CURVE('',#2925,(#1613,#1667),.PCURVE_S1.);
#2466=SURFACE_CURVE('',#2927,(#1614,#1620),.PCURVE_S1.);
#2467=SURFACE_CURVE('',#2929,(#1615,#1670),.PCURVE_S1.);
#2468=SURFACE_CURVE('',#2932,(#1617,#1666),.PCURVE_S1.);
#2469=SURFACE_CURVE('',#2934,(#1618,#1624),.PCURVE_S1.);
#2470=SURFACE_CURVE('',#2936,(#1619,#1671),.PCURVE_S1.);
#2471=SURFACE_CURVE('',#2939,(#1621,#1665),.PCURVE_S1.);
#2472=SURFACE_CURVE('',#2941,(#1622,#1628),.PCURVE_S1.);
#2473=SURFACE_CURVE('',#2943,(#1623,#1672),.PCURVE_S1.);
#2474=SURFACE_CURVE('',#2946,(#1625,#1664),.PCURVE_S1.);
#2475=SURFACE_CURVE('',#2948,(#1626,#1632),.PCURVE_S1.);
#2476=SURFACE_CURVE('',#2950,(#1627,#1673),.PCURVE_S1.);
#2477=SURFACE_CURVE('',#2953,(#1629,#1663),.PCURVE_S1.);
#2478=SURFACE_CURVE('',#2955,(#1630,#1636),.PCURVE_S1.);
#2479=SURFACE_CURVE('',#2957,(#1631,#1674),.PCURVE_S1.);
#2480=SURFACE_CURVE('',#2960,(#1633,#1662),.PCURVE_S1.);
#2481=SURFACE_CURVE('',#2962,(#1634,#1640),.PCURVE_S1.);
#2482=SURFACE_CURVE('',#2964,(#1635,#1675),.PCURVE_S1.);
#2483=SURFACE_CURVE('',#2967,(#1637,#1661),.PCURVE_S1.);
#2484=SURFACE_CURVE('',#2969,(#1638,#1644),.PCURVE_S1.);
#2485=SURFACE_CURVE('',#2971,(#1639,#1676),.PCURVE_S1.);
#2486=SURFACE_CURVE('',#2974,(#1641,#1660),.PCURVE_S1.);
#2487=SURFACE_CURVE('',#2976,(#1642,#1648),.PCURVE_S1.);
#2488=SURFACE_CURVE('',#2978,(#1643,#1677),.PCURVE_S1.);
#2489=SURFACE_CURVE('',#2981,(#1645,#1659),.PCURVE_S1.);
#2490=SURFACE_CURVE('',#2983,(#1646,#1652),.PCURVE_S1.);
#2491=SURFACE_CURVE('',#2985,(#1647,#1678),.PCURVE_S1.);
#2492=SURFACE_CURVE('',#2988,(#1649,#1658),.PCURVE_S1.);
#2493=SURFACE_CURVE('',#2990,(#1650,#1656),.PCURVE_S1.);
#2494=SURFACE_CURVE('',#2992,(#1651,#1679),.PCURVE_S1.);
#2495=SURFACE_CURVE('',#2995,(#1653,#1657),.PCURVE_S1.);
#2496=SURFACE_CURVE('',#2998,(#1655,#1680),.PCURVE_S1.);
#2497=SURFACE_CURVE('',#3025,(#1681,#1700),.PCURVE_S1.);
#2498=SURFACE_CURVE('',#3027,(#1682,#1688),.PCURVE_S1.);
#2499=SURFACE_CURVE('',#3029,(#1683,#1701),.PCURVE_S1.);
#2500=SURFACE_CURVE('',#3031,(#1684,#1694),.PCURVE_S1.);
#2501=SURFACE_CURVE('',#3033,(#1685,#1699),.PCURVE_S1.);
#2502=SURFACE_CURVE('',#3035,(#1686,#1692),.PCURVE_S1.);
#2503=SURFACE_CURVE('',#3037,(#1687,#1702),.PCURVE_S1.);
#2504=SURFACE_CURVE('',#3040,(#1689,#1698),.PCURVE_S1.);
#2505=SURFACE_CURVE('',#3042,(#1690,#1696),.PCURVE_S1.);
#2506=SURFACE_CURVE('',#3044,(#1691,#1703),.PCURVE_S1.);
#2507=SURFACE_CURVE('',#3047,(#1693,#1697),.PCURVE_S1.);
#2508=SURFACE_CURVE('',#3050,(#1695,#1704),.PCURVE_S1.);
#2509=SURFACE_CURVE('',#11,(#1705,#1712),.PCURVE_S1.);
#2510=SURFACE_CURVE('',#12,(#1706,#1708),.PCURVE_S1.);
#2511=SURFACE_CURVE('',#13,(#1707,#1710),.PCURVE_S1.);
#2512=SURFACE_CURVE('',#15,(#1709,#1711),.PCURVE_S1.);
#2513=SURFACE_CURVE('',#17,(#1713,#1720),.PCURVE_S1.);
#2514=SURFACE_CURVE('',#18,(#1714,#1716),.PCURVE_S1.);
#2515=SURFACE_CURVE('',#19,(#1715,#1718),.PCURVE_S1.);
#2516=SURFACE_CURVE('',#21,(#1717,#1719),.PCURVE_S1.);
#2517=SURFACE_CURVE('',#23,(#1721,#1728),.PCURVE_S1.);
#2518=SURFACE_CURVE('',#24,(#1722,#1724),.PCURVE_S1.);
#2519=SURFACE_CURVE('',#25,(#1723,#1726),.PCURVE_S1.);
#2520=SURFACE_CURVE('',#27,(#1725,#1727),.PCURVE_S1.);
#2521=SURFACE_CURVE('',#29,(#1729,#1736),.PCURVE_S1.);
#2522=SURFACE_CURVE('',#30,(#1730,#1732),.PCURVE_S1.);
#2523=SURFACE_CURVE('',#31,(#1731,#1734),.PCURVE_S1.);
#2524=SURFACE_CURVE('',#33,(#1733,#1735),.PCURVE_S1.);
#2525=SURFACE_CURVE('',#35,(#1737,#1744),.PCURVE_S1.);
#2526=SURFACE_CURVE('',#36,(#1738,#1740),.PCURVE_S1.);
#2527=SURFACE_CURVE('',#37,(#1739,#1742),.PCURVE_S1.);
#2528=SURFACE_CURVE('',#39,(#1741,#1743),.PCURVE_S1.);
#2529=SURFACE_CURVE('',#41,(#1745,#1752),.PCURVE_S1.);
#2530=SURFACE_CURVE('',#42,(#1746,#1748),.PCURVE_S1.);
#2531=SURFACE_CURVE('',#43,(#1747,#1750),.PCURVE_S1.);
#2532=SURFACE_CURVE('',#45,(#1749,#1751),.PCURVE_S1.);
#2533=SURFACE_CURVE('',#47,(#1753,#1760),.PCURVE_S1.);
#2534=SURFACE_CURVE('',#48,(#1754,#1756),.PCURVE_S1.);
#2535=SURFACE_CURVE('',#49,(#1755,#1758),.PCURVE_S1.);
#2536=SURFACE_CURVE('',#51,(#1757,#1759),.PCURVE_S1.);
#2537=SURFACE_CURVE('',#53,(#1761,#1768),.PCURVE_S1.);
#2538=SURFACE_CURVE('',#54,(#1762,#1764),.PCURVE_S1.);
#2539=SURFACE_CURVE('',#55,(#1763,#1766),.PCURVE_S1.);
#2540=SURFACE_CURVE('',#57,(#1765,#1767),.PCURVE_S1.);
#2541=SURFACE_CURVE('',#59,(#1769,#1776),.PCURVE_S1.);
#2542=SURFACE_CURVE('',#60,(#1770,#1772),.PCURVE_S1.);
#2543=SURFACE_CURVE('',#61,(#1771,#1774),.PCURVE_S1.);
#2544=SURFACE_CURVE('',#63,(#1773,#1775),.PCURVE_S1.);
#2545=SURFACE_CURVE('',#65,(#1777,#1784),.PCURVE_S1.);
#2546=SURFACE_CURVE('',#66,(#1778,#1780),.PCURVE_S1.);
#2547=SURFACE_CURVE('',#67,(#1779,#1782),.PCURVE_S1.);
#2548=SURFACE_CURVE('',#69,(#1781,#1783),.PCURVE_S1.);
#2549=SURFACE_CURVE('',#71,(#1785,#1792),.PCURVE_S1.);
#2550=SURFACE_CURVE('',#72,(#1786,#1788),.PCURVE_S1.);
#2551=SURFACE_CURVE('',#73,(#1787,#1790),.PCURVE_S1.);
#2552=SURFACE_CURVE('',#75,(#1789,#1791),.PCURVE_S1.);
#2553=SURFACE_CURVE('',#77,(#1793,#1800),.PCURVE_S1.);
#2554=SURFACE_CURVE('',#78,(#1794,#1796),.PCURVE_S1.);
#2555=SURFACE_CURVE('',#79,(#1795,#1798),.PCURVE_S1.);
#2556=SURFACE_CURVE('',#81,(#1797,#1799),.PCURVE_S1.);
#2557=SURFACE_CURVE('',#83,(#1801,#1808),.PCURVE_S1.);
#2558=SURFACE_CURVE('',#84,(#1802,#1804),.PCURVE_S1.);
#2559=SURFACE_CURVE('',#85,(#1803,#1806),.PCURVE_S1.);
#2560=SURFACE_CURVE('',#87,(#1805,#1807),.PCURVE_S1.);
#2561=SURFACE_CURVE('',#89,(#1809,#1816),.PCURVE_S1.);
#2562=SURFACE_CURVE('',#90,(#1810,#1812),.PCURVE_S1.);
#2563=SURFACE_CURVE('',#91,(#1811,#1814),.PCURVE_S1.);
#2564=SURFACE_CURVE('',#93,(#1813,#1815),.PCURVE_S1.);
#2565=SURFACE_CURVE('',#95,(#1817,#1824),.PCURVE_S1.);
#2566=SURFACE_CURVE('',#96,(#1818,#1820),.PCURVE_S1.);
#2567=SURFACE_CURVE('',#97,(#1819,#1822),.PCURVE_S1.);
#2568=SURFACE_CURVE('',#99,(#1821,#1823),.PCURVE_S1.);
#2569=SURFACE_CURVE('',#101,(#1825,#1832),.PCURVE_S1.);
#2570=SURFACE_CURVE('',#102,(#1826,#1828),.PCURVE_S1.);
#2571=SURFACE_CURVE('',#103,(#1827,#1830),.PCURVE_S1.);
#2572=SURFACE_CURVE('',#105,(#1829,#1831),.PCURVE_S1.);
#2573=SURFACE_CURVE('',#107,(#1833,#1840),.PCURVE_S1.);
#2574=SURFACE_CURVE('',#108,(#1834,#1836),.PCURVE_S1.);
#2575=SURFACE_CURVE('',#109,(#1835,#1838),.PCURVE_S1.);
#2576=SURFACE_CURVE('',#111,(#1837,#1839),.PCURVE_S1.);
#2577=SURFACE_CURVE('',#113,(#1841,#1848),.PCURVE_S1.);
#2578=SURFACE_CURVE('',#114,(#1842,#1844),.PCURVE_S1.);
#2579=SURFACE_CURVE('',#115,(#1843,#1846),.PCURVE_S1.);
#2580=SURFACE_CURVE('',#117,(#1845,#1847),.PCURVE_S1.);
#2581=SURFACE_CURVE('',#119,(#1849,#1856),.PCURVE_S1.);
#2582=SURFACE_CURVE('',#120,(#1850,#1852),.PCURVE_S1.);
#2583=SURFACE_CURVE('',#121,(#1851,#1854),.PCURVE_S1.);
#2584=SURFACE_CURVE('',#123,(#1853,#1855),.PCURVE_S1.);
#2585=SURFACE_CURVE('',#125,(#1857,#1864),.PCURVE_S1.);
#2586=SURFACE_CURVE('',#126,(#1858,#1860),.PCURVE_S1.);
#2587=SURFACE_CURVE('',#127,(#1859,#1862),.PCURVE_S1.);
#2588=SURFACE_CURVE('',#129,(#1861,#1863),.PCURVE_S1.);
#2589=SURFACE_CURVE('',#131,(#1865,#1872),.PCURVE_S1.);
#2590=SURFACE_CURVE('',#132,(#1866,#1868),.PCURVE_S1.);
#2591=SURFACE_CURVE('',#133,(#1867,#1870),.PCURVE_S1.);
#2592=SURFACE_CURVE('',#135,(#1869,#1871),.PCURVE_S1.);
#2593=SURFACE_CURVE('',#137,(#1873,#1880),.PCURVE_S1.);
#2594=SURFACE_CURVE('',#138,(#1874,#1876),.PCURVE_S1.);
#2595=SURFACE_CURVE('',#139,(#1875,#1878),.PCURVE_S1.);
#2596=SURFACE_CURVE('',#141,(#1877,#1879),.PCURVE_S1.);
#2597=SURFACE_CURVE('',#143,(#1881,#1888),.PCURVE_S1.);
#2598=SURFACE_CURVE('',#144,(#1882,#1884),.PCURVE_S1.);
#2599=SURFACE_CURVE('',#145,(#1883,#1886),.PCURVE_S1.);
#2600=SURFACE_CURVE('',#147,(#1885,#1887),.PCURVE_S1.);
#2601=SURFACE_CURVE('',#149,(#1889,#1896),.PCURVE_S1.);
#2602=SURFACE_CURVE('',#150,(#1890,#1892),.PCURVE_S1.);
#2603=SURFACE_CURVE('',#151,(#1891,#1894),.PCURVE_S1.);
#2604=SURFACE_CURVE('',#153,(#1893,#1895),.PCURVE_S1.);
#2605=SURFACE_CURVE('',#155,(#1897,#1904),.PCURVE_S1.);
#2606=SURFACE_CURVE('',#156,(#1898,#1900),.PCURVE_S1.);
#2607=SURFACE_CURVE('',#157,(#1899,#1902),.PCURVE_S1.);
#2608=SURFACE_CURVE('',#159,(#1901,#1903),.PCURVE_S1.);
#2609=SURFACE_CURVE('',#161,(#1905,#1912),.PCURVE_S1.);
#2610=SURFACE_CURVE('',#162,(#1906,#1908),.PCURVE_S1.);
#2611=SURFACE_CURVE('',#163,(#1907,#1910),.PCURVE_S1.);
#2612=SURFACE_CURVE('',#165,(#1909,#1911),.PCURVE_S1.);
#2613=SURFACE_CURVE('',#167,(#1913,#1920),.PCURVE_S1.);
#2614=SURFACE_CURVE('',#168,(#1914,#1916),.PCURVE_S1.);
#2615=SURFACE_CURVE('',#169,(#1915,#1918),.PCURVE_S1.);
#2616=SURFACE_CURVE('',#171,(#1917,#1919),.PCURVE_S1.);
#2617=SURFACE_CURVE('',#173,(#1921,#1928),.PCURVE_S1.);
#2618=SURFACE_CURVE('',#174,(#1922,#1924),.PCURVE_S1.);
#2619=SURFACE_CURVE('',#175,(#1923,#1926),.PCURVE_S1.);
#2620=SURFACE_CURVE('',#177,(#1925,#1927),.PCURVE_S1.);
#2621=SURFACE_CURVE('',#179,(#1929,#1936),.PCURVE_S1.);
#2622=SURFACE_CURVE('',#180,(#1930,#1932),.PCURVE_S1.);
#2623=SURFACE_CURVE('',#181,(#1931,#1934),.PCURVE_S1.);
#2624=SURFACE_CURVE('',#183,(#1933,#1935),.PCURVE_S1.);
#2625=SURFACE_CURVE('',#185,(#1937,#1944),.PCURVE_S1.);
#2626=SURFACE_CURVE('',#186,(#1938,#1940),.PCURVE_S1.);
#2627=SURFACE_CURVE('',#187,(#1939,#1942),.PCURVE_S1.);
#2628=SURFACE_CURVE('',#189,(#1941,#1943),.PCURVE_S1.);
#2629=SURFACE_CURVE('',#191,(#1945,#1952),.PCURVE_S1.);
#2630=SURFACE_CURVE('',#192,(#1946,#1948),.PCURVE_S1.);
#2631=SURFACE_CURVE('',#193,(#1947,#1950),.PCURVE_S1.);
#2632=SURFACE_CURVE('',#195,(#1949,#1951),.PCURVE_S1.);
#2633=SURFACE_CURVE('',#197,(#1953,#1960),.PCURVE_S1.);
#2634=SURFACE_CURVE('',#198,(#1954,#1956),.PCURVE_S1.);
#2635=SURFACE_CURVE('',#199,(#1955,#1958),.PCURVE_S1.);
#2636=SURFACE_CURVE('',#201,(#1957,#1959),.PCURVE_S1.);
#2637=SURFACE_CURVE('',#203,(#1961,#1968),.PCURVE_S1.);
#2638=SURFACE_CURVE('',#204,(#1962,#1964),.PCURVE_S1.);
#2639=SURFACE_CURVE('',#205,(#1963,#1966),.PCURVE_S1.);
#2640=SURFACE_CURVE('',#207,(#1965,#1967),.PCURVE_S1.);
#2641=SURFACE_CURVE('',#209,(#1969,#1976),.PCURVE_S1.);
#2642=SURFACE_CURVE('',#210,(#1970,#1972),.PCURVE_S1.);
#2643=SURFACE_CURVE('',#211,(#1971,#1974),.PCURVE_S1.);
#2644=SURFACE_CURVE('',#213,(#1973,#1975),.PCURVE_S1.);
#2645=SURFACE_CURVE('',#215,(#1977,#1984),.PCURVE_S1.);
#2646=SURFACE_CURVE('',#216,(#1978,#1980),.PCURVE_S1.);
#2647=SURFACE_CURVE('',#217,(#1979,#1982),.PCURVE_S1.);
#2648=SURFACE_CURVE('',#219,(#1981,#1983),.PCURVE_S1.);
#2649=SURFACE_CURVE('',#221,(#1985,#1992),.PCURVE_S1.);
#2650=SURFACE_CURVE('',#222,(#1986,#1988),.PCURVE_S1.);
#2651=SURFACE_CURVE('',#223,(#1987,#1990),.PCURVE_S1.);
#2652=SURFACE_CURVE('',#225,(#1989,#1991),.PCURVE_S1.);
#2653=SURFACE_CURVE('',#3277,(#1993,#2012),.PCURVE_S1.);
#2654=SURFACE_CURVE('',#3279,(#1994,#2000),.PCURVE_S1.);
#2655=SURFACE_CURVE('',#3281,(#1995,#2013),.PCURVE_S1.);
#2656=SURFACE_CURVE('',#3283,(#1996,#2006),.PCURVE_S1.);
#2657=SURFACE_CURVE('',#3285,(#1997,#2011),.PCURVE_S1.);
#2658=SURFACE_CURVE('',#3287,(#1998,#2004),.PCURVE_S1.);
#2659=SURFACE_CURVE('',#3289,(#1999,#2014),.PCURVE_S1.);
#2660=SURFACE_CURVE('',#3292,(#2001,#2010),.PCURVE_S1.);
#2661=SURFACE_CURVE('',#3294,(#2002,#2008),.PCURVE_S1.);
#2662=SURFACE_CURVE('',#3296,(#2003,#2015),.PCURVE_S1.);
#2663=SURFACE_CURVE('',#3299,(#2005,#2009),.PCURVE_S1.);
#2664=SURFACE_CURVE('',#3302,(#2007,#2016),.PCURVE_S1.);
#2665=EDGE_CURVE('',#3314,#3313,#2449,.T.);
#2666=EDGE_CURVE('',#3313,#3315,#2450,.T.);
#2667=EDGE_CURVE('',#3315,#3316,#2451,.T.);
#2668=EDGE_CURVE('',#3316,#3314,#2452,.T.);
#2669=EDGE_CURVE('',#3320,#3319,#2453,.T.);
#2670=EDGE_CURVE('',#3319,#3318,#2454,.T.);
#2671=EDGE_CURVE('',#3318,#3317,#2455,.T.);
#2672=EDGE_CURVE('',#3317,#3320,#2456,.T.);
#2673=EDGE_CURVE('',#3318,#3313,#2457,.T.);
#2674=EDGE_CURVE('',#3314,#3317,#2458,.T.);
#2675=EDGE_CURVE('',#3319,#3315,#2459,.T.);
#2676=EDGE_CURVE('',#3320,#3316,#2460,.T.);
#2677=EDGE_CURVE('',#3321,#3322,#2461,.T.);
#2678=EDGE_CURVE('',#3322,#3323,#2462,.T.);
#2679=EDGE_CURVE('',#3323,#3324,#2463,.T.);
#2680=EDGE_CURVE('',#3324,#3321,#2464,.T.);
#2681=EDGE_CURVE('',#3322,#3325,#2465,.T.);
#2682=EDGE_CURVE('',#3325,#3326,#2466,.T.);
#2683=EDGE_CURVE('',#3326,#3323,#2467,.T.);
#2684=EDGE_CURVE('',#3325,#3327,#2468,.T.);
#2685=EDGE_CURVE('',#3327,#3328,#2469,.T.);
#2686=EDGE_CURVE('',#3328,#3326,#2470,.T.);
#2687=EDGE_CURVE('',#3327,#3329,#2471,.T.);
#2688=EDGE_CURVE('',#3329,#3330,#2472,.T.);
#2689=EDGE_CURVE('',#3330,#3328,#2473,.T.);
#2690=EDGE_CURVE('',#3329,#3331,#2474,.T.);
#2691=EDGE_CURVE('',#3331,#3332,#2475,.T.);
#2692=EDGE_CURVE('',#3332,#3330,#2476,.T.);
#2693=EDGE_CURVE('',#3331,#3333,#2477,.T.);
#2694=EDGE_CURVE('',#3333,#3334,#2478,.T.);
#2695=EDGE_CURVE('',#3334,#3332,#2479,.T.);
#2696=EDGE_CURVE('',#3333,#3335,#2480,.T.);
#2697=EDGE_CURVE('',#3335,#3336,#2481,.T.);
#2698=EDGE_CURVE('',#3336,#3334,#2482,.T.);
#2699=EDGE_CURVE('',#3335,#3337,#2483,.T.);
#2700=EDGE_CURVE('',#3337,#3338,#2484,.T.);
#2701=EDGE_CURVE('',#3338,#3336,#2485,.T.);
#2702=EDGE_CURVE('',#3337,#3339,#2486,.T.);
#2703=EDGE_CURVE('',#3339,#3340,#2487,.T.);
#2704=EDGE_CURVE('',#3340,#3338,#2488,.T.);
#2705=EDGE_CURVE('',#3339,#3341,#2489,.T.);
#2706=EDGE_CURVE('',#3341,#3342,#2490,.T.);
#2707=EDGE_CURVE('',#3342,#3340,#2491,.T.);
#2708=EDGE_CURVE('',#3341,#3343,#2492,.T.);
#2709=EDGE_CURVE('',#3343,#3344,#2493,.T.);
#2710=EDGE_CURVE('',#3344,#3342,#2494,.T.);
#2711=EDGE_CURVE('',#3343,#3321,#2495,.T.);
#2712=EDGE_CURVE('',#3324,#3344,#2496,.T.);
#2713=EDGE_CURVE('',#3345,#3346,#2497,.T.);
#2714=EDGE_CURVE('',#3346,#3347,#2498,.T.);
#2715=EDGE_CURVE('',#3347,#3348,#2499,.T.);
#2716=EDGE_CURVE('',#3348,#3345,#2500,.T.);
#2717=EDGE_CURVE('',#3346,#3349,#2501,.T.);
#2718=EDGE_CURVE('',#3349,#3350,#2502,.T.);
#2719=EDGE_CURVE('',#3350,#3347,#2503,.T.);
#2720=EDGE_CURVE('',#3349,#3351,#2504,.T.);
#2721=EDGE_CURVE('',#3351,#3352,#2505,.T.);
#2722=EDGE_CURVE('',#3352,#3350,#2506,.T.);
#2723=EDGE_CURVE('',#3351,#3345,#2507,.T.);
#2724=EDGE_CURVE('',#3348,#3352,#2508,.T.);
#2725=EDGE_CURVE('',#3353,#3355,#2509,.T.);
#2726=EDGE_CURVE('',#3355,#3354,#2510,.T.);
#2727=EDGE_CURVE('',#3354,#3353,#2511,.T.);
#2728=EDGE_CURVE('',#3355,#3354,#2512,.T.);
#2729=EDGE_CURVE('',#3356,#3358,#2513,.T.);
#2730=EDGE_CURVE('',#3358,#3357,#2514,.T.);
#2731=EDGE_CURVE('',#3357,#3356,#2515,.T.);
#2732=EDGE_CURVE('',#3358,#3357,#2516,.T.);
#2733=EDGE_CURVE('',#3359,#3361,#2517,.T.);
#2734=EDGE_CURVE('',#3361,#3360,#2518,.T.);
#2735=EDGE_CURVE('',#3360,#3359,#2519,.T.);
#2736=EDGE_CURVE('',#3361,#3360,#2520,.T.);
#2737=EDGE_CURVE('',#3362,#3364,#2521,.T.);
#2738=EDGE_CURVE('',#3364,#3363,#2522,.T.);
#2739=EDGE_CURVE('',#3363,#3362,#2523,.T.);
#2740=EDGE_CURVE('',#3364,#3363,#2524,.T.);
#2741=EDGE_CURVE('',#3365,#3367,#2525,.T.);
#2742=EDGE_CURVE('',#3367,#3366,#2526,.T.);
#2743=EDGE_CURVE('',#3366,#3365,#2527,.T.);
#2744=EDGE_CURVE('',#3367,#3366,#2528,.T.);
#2745=EDGE_CURVE('',#3368,#3370,#2529,.T.);
#2746=EDGE_CURVE('',#3370,#3369,#2530,.T.);
#2747=EDGE_CURVE('',#3369,#3368,#2531,.T.);
#2748=EDGE_CURVE('',#3370,#3369,#2532,.T.);
#2749=EDGE_CURVE('',#3371,#3373,#2533,.T.);
#2750=EDGE_CURVE('',#3373,#3372,#2534,.T.);
#2751=EDGE_CURVE('',#3372,#3371,#2535,.T.);
#2752=EDGE_CURVE('',#3373,#3372,#2536,.T.);
#2753=EDGE_CURVE('',#3374,#3376,#2537,.T.);
#2754=EDGE_CURVE('',#3376,#3375,#2538,.T.);
#2755=EDGE_CURVE('',#3375,#3374,#2539,.T.);
#2756=EDGE_CURVE('',#3376,#3375,#2540,.T.);
#2757=EDGE_CURVE('',#3377,#3379,#2541,.T.);
#2758=EDGE_CURVE('',#3379,#3378,#2542,.T.);
#2759=EDGE_CURVE('',#3378,#3377,#2543,.T.);
#2760=EDGE_CURVE('',#3379,#3378,#2544,.T.);
#2761=EDGE_CURVE('',#3380,#3382,#2545,.T.);
#2762=EDGE_CURVE('',#3382,#3381,#2546,.T.);
#2763=EDGE_CURVE('',#3381,#3380,#2547,.T.);
#2764=EDGE_CURVE('',#3382,#3381,#2548,.T.);
#2765=EDGE_CURVE('',#3383,#3385,#2549,.T.);
#2766=EDGE_CURVE('',#3385,#3384,#2550,.T.);
#2767=EDGE_CURVE('',#3384,#3383,#2551,.T.);
#2768=EDGE_CURVE('',#3385,#3384,#2552,.T.);
#2769=EDGE_CURVE('',#3386,#3388,#2553,.T.);
#2770=EDGE_CURVE('',#3388,#3387,#2554,.T.);
#2771=EDGE_CURVE('',#3387,#3386,#2555,.T.);
#2772=EDGE_CURVE('',#3388,#3387,#2556,.T.);
#2773=EDGE_CURVE('',#3389,#3391,#2557,.T.);
#2774=EDGE_CURVE('',#3391,#3390,#2558,.T.);
#2775=EDGE_CURVE('',#3390,#3389,#2559,.T.);
#2776=EDGE_CURVE('',#3391,#3390,#2560,.T.);
#2777=EDGE_CURVE('',#3392,#3394,#2561,.T.);
#2778=EDGE_CURVE('',#3394,#3393,#2562,.T.);
#2779=EDGE_CURVE('',#3393,#3392,#2563,.T.);
#2780=EDGE_CURVE('',#3394,#3393,#2564,.T.);
#2781=EDGE_CURVE('',#3395,#3397,#2565,.T.);
#2782=EDGE_CURVE('',#3397,#3396,#2566,.T.);
#2783=EDGE_CURVE('',#3396,#3395,#2567,.T.);
#2784=EDGE_CURVE('',#3397,#3396,#2568,.T.);
#2785=EDGE_CURVE('',#3398,#3400,#2569,.T.);
#2786=EDGE_CURVE('',#3400,#3399,#2570,.T.);
#2787=EDGE_CURVE('',#3399,#3398,#2571,.T.);
#2788=EDGE_CURVE('',#3400,#3399,#2572,.T.);
#2789=EDGE_CURVE('',#3401,#3403,#2573,.T.);
#2790=EDGE_CURVE('',#3403,#3402,#2574,.T.);
#2791=EDGE_CURVE('',#3402,#3401,#2575,.T.);
#2792=EDGE_CURVE('',#3403,#3402,#2576,.T.);
#2793=EDGE_CURVE('',#3404,#3406,#2577,.T.);
#2794=EDGE_CURVE('',#3406,#3405,#2578,.T.);
#2795=EDGE_CURVE('',#3405,#3404,#2579,.T.);
#2796=EDGE_CURVE('',#3406,#3405,#2580,.T.);
#2797=EDGE_CURVE('',#3407,#3409,#2581,.T.);
#2798=EDGE_CURVE('',#3409,#3408,#2582,.T.);
#2799=EDGE_CURVE('',#3408,#3407,#2583,.T.);
#2800=EDGE_CURVE('',#3409,#3408,#2584,.T.);
#2801=EDGE_CURVE('',#3410,#3412,#2585,.T.);
#2802=EDGE_CURVE('',#3412,#3411,#2586,.T.);
#2803=EDGE_CURVE('',#3411,#3410,#2587,.T.);
#2804=EDGE_CURVE('',#3412,#3411,#2588,.T.);
#2805=EDGE_CURVE('',#3413,#3415,#2589,.T.);
#2806=EDGE_CURVE('',#3415,#3414,#2590,.T.);
#2807=EDGE_CURVE('',#3414,#3413,#2591,.T.);
#2808=EDGE_CURVE('',#3415,#3414,#2592,.T.);
#2809=EDGE_CURVE('',#3416,#3418,#2593,.T.);
#2810=EDGE_CURVE('',#3418,#3417,#2594,.T.);
#2811=EDGE_CURVE('',#3417,#3416,#2595,.T.);
#2812=EDGE_CURVE('',#3418,#3417,#2596,.T.);
#2813=EDGE_CURVE('',#3419,#3421,#2597,.T.);
#2814=EDGE_CURVE('',#3421,#3420,#2598,.T.);
#2815=EDGE_CURVE('',#3420,#3419,#2599,.T.);
#2816=EDGE_CURVE('',#3421,#3420,#2600,.T.);
#2817=EDGE_CURVE('',#3422,#3424,#2601,.T.);
#2818=EDGE_CURVE('',#3424,#3423,#2602,.T.);
#2819=EDGE_CURVE('',#3423,#3422,#2603,.T.);
#2820=EDGE_CURVE('',#3424,#3423,#2604,.T.);
#2821=EDGE_CURVE('',#3425,#3427,#2605,.T.);
#2822=EDGE_CURVE('',#3427,#3426,#2606,.T.);
#2823=EDGE_CURVE('',#3426,#3425,#2607,.T.);
#2824=EDGE_CURVE('',#3427,#3426,#2608,.T.);
#2825=EDGE_CURVE('',#3428,#3430,#2609,.T.);
#2826=EDGE_CURVE('',#3430,#3429,#2610,.T.);
#2827=EDGE_CURVE('',#3429,#3428,#2611,.T.);
#2828=EDGE_CURVE('',#3430,#3429,#2612,.T.);
#2829=EDGE_CURVE('',#3431,#3433,#2613,.T.);
#2830=EDGE_CURVE('',#3433,#3432,#2614,.T.);
#2831=EDGE_CURVE('',#3432,#3431,#2615,.T.);
#2832=EDGE_CURVE('',#3433,#3432,#2616,.T.);
#2833=EDGE_CURVE('',#3434,#3436,#2617,.T.);
#2834=EDGE_CURVE('',#3436,#3435,#2618,.T.);
#2835=EDGE_CURVE('',#3435,#3434,#2619,.T.);
#2836=EDGE_CURVE('',#3436,#3435,#2620,.T.);
#2837=EDGE_CURVE('',#3437,#3439,#2621,.T.);
#2838=EDGE_CURVE('',#3439,#3438,#2622,.T.);
#2839=EDGE_CURVE('',#3438,#3437,#2623,.T.);
#2840=EDGE_CURVE('',#3439,#3438,#2624,.T.);
#2841=EDGE_CURVE('',#3440,#3442,#2625,.T.);
#2842=EDGE_CURVE('',#3442,#3441,#2626,.T.);
#2843=EDGE_CURVE('',#3441,#3440,#2627,.T.);
#2844=EDGE_CURVE('',#3442,#3441,#2628,.T.);
#2845=EDGE_CURVE('',#3443,#3445,#2629,.T.);
#2846=EDGE_CURVE('',#3445,#3444,#2630,.T.);
#2847=EDGE_CURVE('',#3444,#3443,#2631,.T.);
#2848=EDGE_CURVE('',#3445,#3444,#2632,.T.);
#2849=EDGE_CURVE('',#3446,#3448,#2633,.T.);
#2850=EDGE_CURVE('',#3448,#3447,#2634,.T.);
#2851=EDGE_CURVE('',#3447,#3446,#2635,.T.);
#2852=EDGE_CURVE('',#3448,#3447,#2636,.T.);
#2853=EDGE_CURVE('',#3449,#3451,#2637,.T.);
#2854=EDGE_CURVE('',#3451,#3450,#2638,.T.);
#2855=EDGE_CURVE('',#3450,#3449,#2639,.T.);
#2856=EDGE_CURVE('',#3451,#3450,#2640,.T.);
#2857=EDGE_CURVE('',#3452,#3454,#2641,.T.);
#2858=EDGE_CURVE('',#3454,#3453,#2642,.T.);
#2859=EDGE_CURVE('',#3453,#3452,#2643,.T.);
#2860=EDGE_CURVE('',#3454,#3453,#2644,.T.);
#2861=EDGE_CURVE('',#3455,#3457,#2645,.T.);
#2862=EDGE_CURVE('',#3457,#3456,#2646,.T.);
#2863=EDGE_CURVE('',#3456,#3455,#2647,.T.);
#2864=EDGE_CURVE('',#3457,#3456,#2648,.T.);
#2865=EDGE_CURVE('',#3458,#3460,#2649,.T.);
#2866=EDGE_CURVE('',#3460,#3459,#2650,.T.);
#2867=EDGE_CURVE('',#3459,#3458,#2651,.T.);
#2868=EDGE_CURVE('',#3460,#3459,#2652,.T.);
#2869=EDGE_CURVE('',#3461,#3462,#2653,.T.);
#2870=EDGE_CURVE('',#3462,#3463,#2654,.T.);
#2871=EDGE_CURVE('',#3463,#3464,#2655,.T.);
#2872=EDGE_CURVE('',#3464,#3461,#2656,.T.);
#2873=EDGE_CURVE('',#3462,#3465,#2657,.T.);
#2874=EDGE_CURVE('',#3465,#3466,#2658,.T.);
#2875=EDGE_CURVE('',#3466,#3463,#2659,.T.);
#2876=EDGE_CURVE('',#3465,#3467,#2660,.T.);
#2877=EDGE_CURVE('',#3467,#3468,#2661,.T.);
#2878=EDGE_CURVE('',#3468,#3466,#2662,.T.);
#2879=EDGE_CURVE('',#3467,#3461,#2663,.T.);
#2880=EDGE_CURVE('',#3464,#3468,#2664,.T.);
#2881=B_SPLINE_CURVE_WITH_KNOTS('',1,(#3595,#3596),.UNSPECIFIED.,.F.,.F.,
(2,2),(0.,6.13),.UNSPECIFIED.);
#2882=B_SPLINE_CURVE_WITH_KNOTS('',1,(#3597,#3598),.UNSPECIFIED.,.F.,.F.,
(2,2),(0.,6.13),.UNSPECIFIED.);
#2883=B_SPLINE_CURVE_WITH_KNOTS('',1,(#3599,#3600),.UNSPECIFIED.,.F.,.F.,
(2,2),(6.13,12.26),.UNSPECIFIED.);
#2884=B_SPLINE_CURVE_WITH_KNOTS('',1,(#3601,#3602),.UNSPECIFIED.,.F.,.F.,
(2,2),(6.13,12.26),.UNSPECIFIED.);
#2885=B_SPLINE_CURVE_WITH_KNOTS('',1,(#3603,#3604),.UNSPECIFIED.,.F.,.F.,
(2,2),(12.26,18.39),.UNSPECIFIED.);
#2886=B_SPLINE_CURVE_WITH_KNOTS('',1,(#3605,#3606),.UNSPECIFIED.,.F.,.F.,
(2,2),(12.26,18.39),.UNSPECIFIED.);
#2887=B_SPLINE_CURVE_WITH_KNOTS('',1,(#3607,#3608),.UNSPECIFIED.,.F.,.F.,
(2,2),(18.39,24.52),.UNSPECIFIED.);
#2888=B_SPLINE_CURVE_WITH_KNOTS('',1,(#3609,#3610),.UNSPECIFIED.,.F.,.F.,
(2,2),(18.39,24.52),.UNSPECIFIED.);
#2889=B_SPLINE_CURVE_WITH_KNOTS('',1,(#3611,#3612),.UNSPECIFIED.,.F.,.F.,
(2,2),(-18.39,-12.26),.UNSPECIFIED.);
#2890=B_SPLINE_CURVE_WITH_KNOTS('',1,(#3613,#3614),.UNSPECIFIED.,.F.,.F.,
(2,2),(-18.39,-12.26),.UNSPECIFIED.);
#2891=B_SPLINE_CURVE_WITH_KNOTS('',1,(#3615,#3616),.UNSPECIFIED.,.F.,.F.,
(2,2),(-12.26,-6.13),.UNSPECIFIED.);
#2892=B_SPLINE_CURVE_WITH_KNOTS('',1,(#3617,#3618),.UNSPECIFIED.,.F.,.F.,
(2,2),(-12.26,-6.13),.UNSPECIFIED.);
#2893=B_SPLINE_CURVE_WITH_KNOTS('',1,(#3619,#3620),.UNSPECIFIED.,.F.,.F.,
(2,2),(25.87,32.),.UNSPECIFIED.);
#2894=B_SPLINE_CURVE_WITH_KNOTS('',1,(#3621,#3622),.UNSPECIFIED.,.F.,.F.,
(2,2),(25.87,32.),.UNSPECIFIED.);
#2895=B_SPLINE_CURVE_WITH_KNOTS('',1,(#3623,#3624),.UNSPECIFIED.,.F.,.F.,
(2,2),(0.,6.13),.UNSPECIFIED.);
#2896=B_SPLINE_CURVE_WITH_KNOTS('',1,(#3625,#3626),.UNSPECIFIED.,.F.,.F.,
(2,2),(0.,6.13),.UNSPECIFIED.);
#2897=B_SPLINE_CURVE_WITH_KNOTS('',1,(#3627,#3628),.UNSPECIFIED.,.F.,.F.,
(2,2),(0.0900000000000001,0.46),.UNSPECIFIED.);
#2898=B_SPLINE_CURVE_WITH_KNOTS('',1,(#3629,#3630),.UNSPECIFIED.,.F.,.F.,
(2,2),(0.0900000000000001,0.46),.UNSPECIFIED.);
#2899=B_SPLINE_CURVE_WITH_KNOTS('',1,(#3631,#3632),.UNSPECIFIED.,.F.,.F.,
(2,2),(0.,6.13),.UNSPECIFIED.);
#2900=B_SPLINE_CURVE_WITH_KNOTS('',1,(#3633,#3634),.UNSPECIFIED.,.F.,.F.,
(2,2),(-0.46,-0.0900000000000001),.UNSPECIFIED.);
#2901=B_SPLINE_CURVE_WITH_KNOTS('',1,(#3635,#3636),.UNSPECIFIED.,.F.,.F.,
(2,2),(-0.46,-0.0900000000000001),.UNSPECIFIED.);
#2902=B_SPLINE_CURVE_WITH_KNOTS('',1,(#3637,#3638),.UNSPECIFIED.,.F.,.F.,
(2,2),(25.87,32.),.UNSPECIFIED.);
#2903=B_SPLINE_CURVE_WITH_KNOTS('',1,(#3639,#3640),.UNSPECIFIED.,.F.,.F.,
(2,2),(0.0900000000000001,0.46),.UNSPECIFIED.);
#2904=B_SPLINE_CURVE_WITH_KNOTS('',1,(#3641,#3642),.UNSPECIFIED.,.F.,.F.,
(2,2),(0.0900000000000001,0.46),.UNSPECIFIED.);
#2905=B_SPLINE_CURVE_WITH_KNOTS('',1,(#3643,#3644),.UNSPECIFIED.,.F.,.F.,
(2,2),(6.13,12.26),.UNSPECIFIED.);
#2906=B_SPLINE_CURVE_WITH_KNOTS('',1,(#3645,#3646),.UNSPECIFIED.,.F.,.F.,
(2,2),(0.0900000000000001,0.46),.UNSPECIFIED.);
#2907=B_SPLINE_CURVE_WITH_KNOTS('',1,(#3647,#3648),.UNSPECIFIED.,.F.,.F.,
(2,2),(-12.26,-6.13),.UNSPECIFIED.);
#2908=B_SPLINE_CURVE_WITH_KNOTS('',1,(#3649,#3650),.UNSPECIFIED.,.F.,.F.,
(2,2),(0.0900000000000001,0.46),.UNSPECIFIED.);
#2909=B_SPLINE_CURVE_WITH_KNOTS('',1,(#3651,#3652),.UNSPECIFIED.,.F.,.F.,
(2,2),(0.0900000000000001,0.46),.UNSPECIFIED.);
#2910=B_SPLINE_CURVE_WITH_KNOTS('',1,(#3653,#3654),.UNSPECIFIED.,.F.,.F.,
(2,2),(12.26,18.39),.UNSPECIFIED.);
#2911=B_SPLINE_CURVE_WITH_KNOTS('',1,(#3655,#3656),.UNSPECIFIED.,.F.,.F.,
(2,2),(0.0900000000000001,0.46),.UNSPECIFIED.);
#2912=B_SPLINE_CURVE_WITH_KNOTS('',1,(#3657,#3658),.UNSPECIFIED.,.F.,.F.,
(2,2),(-18.39,-12.26),.UNSPECIFIED.);
#2913=B_SPLINE_CURVE_WITH_KNOTS('',1,(#3659,#3660),.UNSPECIFIED.,.F.,.F.,
(2,2),(-0.46,-0.0900000000000001),.UNSPECIFIED.);
#2914=B_SPLINE_CURVE_WITH_KNOTS('',1,(#3661,#3662),.UNSPECIFIED.,.F.,.F.,
(2,2),(18.39,24.52),.UNSPECIFIED.);
#2915=B_SPLINE_CURVE_WITH_KNOTS('',1,(#3663,#3664),.UNSPECIFIED.,.F.,.F.,
(2,2),(0.0900000000000001,0.46),.UNSPECIFIED.);
#2916=B_SPLINE_CURVE_WITH_KNOTS('',1,(#3665,#3666),.UNSPECIFIED.,.F.,.F.,
(2,2),(0.,6.13),.UNSPECIFIED.);
#2917=B_SPLINE_CURVE_WITH_KNOTS('',1,(#3747,#3748),.UNSPECIFIED.,.F.,.F.,
(2,2),(-12.,-11.),.UNSPECIFIED.);
#2918=B_SPLINE_CURVE_WITH_KNOTS('',1,(#3749,#3750),.UNSPECIFIED.,.F.,.F.,
(2,2),(-12.,-11.),.UNSPECIFIED.);
#2919=B_SPLINE_CURVE_WITH_KNOTS('',1,(#3751,#3752),.UNSPECIFIED.,.F.,.F.,
(2,2),(0.,0.596083465945391),.UNSPECIFIED.);
#2920=B_SPLINE_CURVE_WITH_KNOTS('',1,(#3753,#3754),.UNSPECIFIED.,.F.,.F.,
(2,2),(0.,0.596083465945391),.UNSPECIFIED.);
#2921=B_SPLINE_CURVE_WITH_KNOTS('',1,(#3755,#3756),.UNSPECIFIED.,.F.,.F.,
(2,2),(11.,12.),.UNSPECIFIED.);
#2922=B_SPLINE_CURVE_WITH_KNOTS('',1,(#3757,#3758),.UNSPECIFIED.,.F.,.F.,
(2,2),(11.,12.),.UNSPECIFIED.);
#2923=B_SPLINE_CURVE_WITH_KNOTS('',1,(#3759,#3760),.UNSPECIFIED.,.F.,.F.,
(2,2),(-0.596083465945391,0.),.UNSPECIFIED.);
#2924=B_SPLINE_CURVE_WITH_KNOTS('',1,(#3761,#3762),.UNSPECIFIED.,.F.,.F.,
(2,2),(-0.596083465945391,0.),.UNSPECIFIED.);
#2925=B_SPLINE_CURVE_WITH_KNOTS('',1,(#3763,#3764),.UNSPECIFIED.,.F.,.F.,
(2,2),(-11.,-10.),.UNSPECIFIED.);
#2926=B_SPLINE_CURVE_WITH_KNOTS('',1,(#3765,#3766),.UNSPECIFIED.,.F.,.F.,
(2,2),(-11.,-10.),.UNSPECIFIED.);
#2927=B_SPLINE_CURVE_WITH_KNOTS('',1,(#3767,#3768),.UNSPECIFIED.,.F.,.F.,
(2,2),(0.,0.596083465945391),.UNSPECIFIED.);
#2928=B_SPLINE_CURVE_WITH_KNOTS('',1,(#3769,#3770),.UNSPECIFIED.,.F.,.F.,
(2,2),(0.,0.596083465945391),.UNSPECIFIED.);
#2929=B_SPLINE_CURVE_WITH_KNOTS('',1,(#3771,#3772),.UNSPECIFIED.,.F.,.F.,
(2,2),(10.,11.),.UNSPECIFIED.);
#2930=B_SPLINE_CURVE_WITH_KNOTS('',1,(#3773,#3774),.UNSPECIFIED.,.F.,.F.,
(2,2),(10.,11.),.UNSPECIFIED.);
#2931=B_SPLINE_CURVE_WITH_KNOTS('',1,(#3775,#3776),.UNSPECIFIED.,.F.,.F.,
(2,2),(0.,0.596083465945391),.UNSPECIFIED.);
#2932=B_SPLINE_CURVE_WITH_KNOTS('',1,(#3777,#3778),.UNSPECIFIED.,.F.,.F.,
(2,2),(-10.,-9.),.UNSPECIFIED.);
#2933=B_SPLINE_CURVE_WITH_KNOTS('',1,(#3779,#3780),.UNSPECIFIED.,.F.,.F.,
(2,2),(-10.,-9.),.UNSPECIFIED.);
#2934=B_SPLINE_CURVE_WITH_KNOTS('',1,(#3781,#3782),.UNSPECIFIED.,.F.,.F.,
(2,2),(0.,0.596083465945391),.UNSPECIFIED.);
#2935=B_SPLINE_CURVE_WITH_KNOTS('',1,(#3783,#3784),.UNSPECIFIED.,.F.,.F.,
(2,2),(0.,0.596083465945391),.UNSPECIFIED.);
#2936=B_SPLINE_CURVE_WITH_KNOTS('',1,(#3785,#3786),.UNSPECIFIED.,.F.,.F.,
(2,2),(9.,10.),.UNSPECIFIED.);
#2937=B_SPLINE_CURVE_WITH_KNOTS('',1,(#3787,#3788),.UNSPECIFIED.,.F.,.F.,
(2,2),(9.,10.),.UNSPECIFIED.);
#2938=B_SPLINE_CURVE_WITH_KNOTS('',1,(#3789,#3790),.UNSPECIFIED.,.F.,.F.,
(2,2),(0.,0.596083465945391),.UNSPECIFIED.);
#2939=B_SPLINE_CURVE_WITH_KNOTS('',1,(#3791,#3792),.UNSPECIFIED.,.F.,.F.,
(2,2),(-9.,-8.),.UNSPECIFIED.);
#2940=B_SPLINE_CURVE_WITH_KNOTS('',1,(#3793,#3794),.UNSPECIFIED.,.F.,.F.,
(2,2),(-9.,-8.),.UNSPECIFIED.);
#2941=B_SPLINE_CURVE_WITH_KNOTS('',1,(#3795,#3796),.UNSPECIFIED.,.F.,.F.,
(2,2),(0.,0.596083465945391),.UNSPECIFIED.);
#2942=B_SPLINE_CURVE_WITH_KNOTS('',1,(#3797,#3798),.UNSPECIFIED.,.F.,.F.,
(2,2),(0.,0.596083465945391),.UNSPECIFIED.);
#2943=B_SPLINE_CURVE_WITH_KNOTS('',1,(#3799,#3800),.UNSPECIFIED.,.F.,.F.,
(2,2),(8.,9.),.UNSPECIFIED.);
#2944=B_SPLINE_CURVE_WITH_KNOTS('',1,(#3801,#3802),.UNSPECIFIED.,.F.,.F.,
(2,2),(8.,9.),.UNSPECIFIED.);
#2945=B_SPLINE_CURVE_WITH_KNOTS('',1,(#3803,#3804),.UNSPECIFIED.,.F.,.F.,
(2,2),(0.,0.596083465945391),.UNSPECIFIED.);
#2946=B_SPLINE_CURVE_WITH_KNOTS('',1,(#3805,#3806),.UNSPECIFIED.,.F.,.F.,
(2,2),(-8.,-7.),.UNSPECIFIED.);
#2947=B_SPLINE_CURVE_WITH_KNOTS('',1,(#3807,#3808),.UNSPECIFIED.,.F.,.F.,
(2,2),(-8.,-7.),.UNSPECIFIED.);
#2948=B_SPLINE_CURVE_WITH_KNOTS('',1,(#3809,#3810),.UNSPECIFIED.,.F.,.F.,
(2,2),(0.,0.596083465945391),.UNSPECIFIED.);
#2949=B_SPLINE_CURVE_WITH_KNOTS('',1,(#3811,#3812),.UNSPECIFIED.,.F.,.F.,
(2,2),(0.,0.596083465945391),.UNSPECIFIED.);
#2950=B_SPLINE_CURVE_WITH_KNOTS('',1,(#3813,#3814),.UNSPECIFIED.,.F.,.F.,
(2,2),(7.,8.),.UNSPECIFIED.);
#2951=B_SPLINE_CURVE_WITH_KNOTS('',1,(#3815,#3816),.UNSPECIFIED.,.F.,.F.,
(2,2),(7.,8.),.UNSPECIFIED.);
#2952=B_SPLINE_CURVE_WITH_KNOTS('',1,(#3817,#3818),.UNSPECIFIED.,.F.,.F.,
(2,2),(0.,0.596083465945391),.UNSPECIFIED.);
#2953=B_SPLINE_CURVE_WITH_KNOTS('',1,(#3819,#3820),.UNSPECIFIED.,.F.,.F.,
(2,2),(-7.,-6.),.UNSPECIFIED.);
#2954=B_SPLINE_CURVE_WITH_KNOTS('',1,(#3821,#3822),.UNSPECIFIED.,.F.,.F.,
(2,2),(-7.,-6.),.UNSPECIFIED.);
#2955=B_SPLINE_CURVE_WITH_KNOTS('',1,(#3823,#3824),.UNSPECIFIED.,.F.,.F.,
(2,2),(0.,0.596083465945391),.UNSPECIFIED.);
#2956=B_SPLINE_CURVE_WITH_KNOTS('',1,(#3825,#3826),.UNSPECIFIED.,.F.,.F.,
(2,2),(0.,0.596083465945391),.UNSPECIFIED.);
#2957=B_SPLINE_CURVE_WITH_KNOTS('',1,(#3827,#3828),.UNSPECIFIED.,.F.,.F.,
(2,2),(6.,7.),.UNSPECIFIED.);
#2958=B_SPLINE_CURVE_WITH_KNOTS('',1,(#3829,#3830),.UNSPECIFIED.,.F.,.F.,
(2,2),(6.,7.),.UNSPECIFIED.);
#2959=B_SPLINE_CURVE_WITH_KNOTS('',1,(#3831,#3832),.UNSPECIFIED.,.F.,.F.,
(2,2),(0.,0.596083465945391),.UNSPECIFIED.);
#2960=B_SPLINE_CURVE_WITH_KNOTS('',1,(#3833,#3834),.UNSPECIFIED.,.F.,.F.,
(2,2),(-6.,-5.),.UNSPECIFIED.);
#2961=B_SPLINE_CURVE_WITH_KNOTS('',1,(#3835,#3836),.UNSPECIFIED.,.F.,.F.,
(2,2),(-6.,-5.),.UNSPECIFIED.);
#2962=B_SPLINE_CURVE_WITH_KNOTS('',1,(#3837,#3838),.UNSPECIFIED.,.F.,.F.,
(2,2),(0.,0.596083465945391),.UNSPECIFIED.);
#2963=B_SPLINE_CURVE_WITH_KNOTS('',1,(#3839,#3840),.UNSPECIFIED.,.F.,.F.,
(2,2),(0.,0.596083465945391),.UNSPECIFIED.);
#2964=B_SPLINE_CURVE_WITH_KNOTS('',1,(#3841,#3842),.UNSPECIFIED.,.F.,.F.,
(2,2),(5.,6.),.UNSPECIFIED.);
#2965=B_SPLINE_CURVE_WITH_KNOTS('',1,(#3843,#3844),.UNSPECIFIED.,.F.,.F.,
(2,2),(5.,6.),.UNSPECIFIED.);
#2966=B_SPLINE_CURVE_WITH_KNOTS('',1,(#3845,#3846),.UNSPECIFIED.,.F.,.F.,
(2,2),(0.,0.596083465945391),.UNSPECIFIED.);
#2967=B_SPLINE_CURVE_WITH_KNOTS('',1,(#3847,#3848),.UNSPECIFIED.,.F.,.F.,
(2,2),(-5.,-4.),.UNSPECIFIED.);
#2968=B_SPLINE_CURVE_WITH_KNOTS('',1,(#3849,#3850),.UNSPECIFIED.,.F.,.F.,
(2,2),(-5.,-4.),.UNSPECIFIED.);
#2969=B_SPLINE_CURVE_WITH_KNOTS('',1,(#3851,#3852),.UNSPECIFIED.,.F.,.F.,
(2,2),(0.,0.596083465945391),.UNSPECIFIED.);
#2970=B_SPLINE_CURVE_WITH_KNOTS('',1,(#3853,#3854),.UNSPECIFIED.,.F.,.F.,
(2,2),(0.,0.596083465945391),.UNSPECIFIED.);
#2971=B_SPLINE_CURVE_WITH_KNOTS('',1,(#3855,#3856),.UNSPECIFIED.,.F.,.F.,
(2,2),(4.,5.),.UNSPECIFIED.);
#2972=B_SPLINE_CURVE_WITH_KNOTS('',1,(#3857,#3858),.UNSPECIFIED.,.F.,.F.,
(2,2),(4.,5.),.UNSPECIFIED.);
#2973=B_SPLINE_CURVE_WITH_KNOTS('',1,(#3859,#3860),.UNSPECIFIED.,.F.,.F.,
(2,2),(0.,0.596083465945391),.UNSPECIFIED.);
#2974=B_SPLINE_CURVE_WITH_KNOTS('',1,(#3861,#3862),.UNSPECIFIED.,.F.,.F.,
(2,2),(-4.,-3.),.UNSPECIFIED.);
#2975=B_SPLINE_CURVE_WITH_KNOTS('',1,(#3863,#3864),.UNSPECIFIED.,.F.,.F.,
(2,2),(-4.,-3.),.UNSPECIFIED.);
#2976=B_SPLINE_CURVE_WITH_KNOTS('',1,(#3865,#3866),.UNSPECIFIED.,.F.,.F.,
(2,2),(0.,0.596083465945391),.UNSPECIFIED.);
#2977=B_SPLINE_CURVE_WITH_KNOTS('',1,(#3867,#3868),.UNSPECIFIED.,.F.,.F.,
(2,2),(0.,0.596083465945391),.UNSPECIFIED.);
#2978=B_SPLINE_CURVE_WITH_KNOTS('',1,(#3869,#3870),.UNSPECIFIED.,.F.,.F.,
(2,2),(3.,4.),.UNSPECIFIED.);
#2979=B_SPLINE_CURVE_WITH_KNOTS('',1,(#3871,#3872),.UNSPECIFIED.,.F.,.F.,
(2,2),(3.,4.),.UNSPECIFIED.);
#2980=B_SPLINE_CURVE_WITH_KNOTS('',1,(#3873,#3874),.UNSPECIFIED.,.F.,.F.,
(2,2),(0.,0.596083465945391),.UNSPECIFIED.);
#2981=B_SPLINE_CURVE_WITH_KNOTS('',1,(#3875,#3876),.UNSPECIFIED.,.F.,.F.,
(2,2),(-3.,-2.),.UNSPECIFIED.);
#2982=B_SPLINE_CURVE_WITH_KNOTS('',1,(#3877,#3878),.UNSPECIFIED.,.F.,.F.,
(2,2),(-3.,-2.),.UNSPECIFIED.);
#2983=B_SPLINE_CURVE_WITH_KNOTS('',1,(#3879,#3880),.UNSPECIFIED.,.F.,.F.,
(2,2),(0.,0.596083465945391),.UNSPECIFIED.);
#2984=B_SPLINE_CURVE_WITH_KNOTS('',1,(#3881,#3882),.UNSPECIFIED.,.F.,.F.,
(2,2),(0.,0.596083465945391),.UNSPECIFIED.);
#2985=B_SPLINE_CURVE_WITH_KNOTS('',1,(#3883,#3884),.UNSPECIFIED.,.F.,.F.,
(2,2),(2.,3.),.UNSPECIFIED.);
#2986=B_SPLINE_CURVE_WITH_KNOTS('',1,(#3885,#3886),.UNSPECIFIED.,.F.,.F.,
(2,2),(2.,3.),.UNSPECIFIED.);
#2987=B_SPLINE_CURVE_WITH_KNOTS('',1,(#3887,#3888),.UNSPECIFIED.,.F.,.F.,
(2,2),(0.,0.596083465945391),.UNSPECIFIED.);
#2988=B_SPLINE_CURVE_WITH_KNOTS('',1,(#3889,#3890),.UNSPECIFIED.,.F.,.F.,
(2,2),(-2.,-1.),.UNSPECIFIED.);
#2989=B_SPLINE_CURVE_WITH_KNOTS('',1,(#3891,#3892),.UNSPECIFIED.,.F.,.F.,
(2,2),(-2.,-1.),.UNSPECIFIED.);
#2990=B_SPLINE_CURVE_WITH_KNOTS('',1,(#3893,#3894),.UNSPECIFIED.,.F.,.F.,
(2,2),(0.,0.596083465945391),.UNSPECIFIED.);
#2991=B_SPLINE_CURVE_WITH_KNOTS('',1,(#3895,#3896),.UNSPECIFIED.,.F.,.F.,
(2,2),(0.,0.596083465945391),.UNSPECIFIED.);
#2992=B_SPLINE_CURVE_WITH_KNOTS('',1,(#3897,#3898),.UNSPECIFIED.,.F.,.F.,
(2,2),(1.,2.),.UNSPECIFIED.);
#2993=B_SPLINE_CURVE_WITH_KNOTS('',1,(#3899,#3900),.UNSPECIFIED.,.F.,.F.,
(2,2),(1.,2.),.UNSPECIFIED.);
#2994=B_SPLINE_CURVE_WITH_KNOTS('',1,(#3901,#3902),.UNSPECIFIED.,.F.,.F.,
(2,2),(0.,0.596083465945391),.UNSPECIFIED.);
#2995=B_SPLINE_CURVE_WITH_KNOTS('',1,(#3903,#3904),.UNSPECIFIED.,.F.,.F.,
(2,2),(-1.,0.),.UNSPECIFIED.);
#2996=B_SPLINE_CURVE_WITH_KNOTS('',1,(#3905,#3906),.UNSPECIFIED.,.F.,.F.,
(2,2),(-1.,0.),.UNSPECIFIED.);
#2997=B_SPLINE_CURVE_WITH_KNOTS('',1,(#3907,#3908),.UNSPECIFIED.,.F.,.F.,
(2,2),(-0.596083465945391,0.),.UNSPECIFIED.);
#2998=B_SPLINE_CURVE_WITH_KNOTS('',1,(#3909,#3910),.UNSPECIFIED.,.F.,.F.,
(2,2),(0.,1.),.UNSPECIFIED.);
#2999=B_SPLINE_CURVE_WITH_KNOTS('',1,(#3911,#3912),.UNSPECIFIED.,.F.,.F.,
(2,2),(0.,1.),.UNSPECIFIED.);
#3000=B_SPLINE_CURVE_WITH_KNOTS('',1,(#3913,#3914),.UNSPECIFIED.,.F.,.F.,
(2,2),(0.,0.596083465945391),.UNSPECIFIED.);
#3001=B_SPLINE_CURVE_WITH_KNOTS('',1,(#3915,#3916),.UNSPECIFIED.,.F.,.F.,
(2,2),(-1.,0.),.UNSPECIFIED.);
#3002=B_SPLINE_CURVE_WITH_KNOTS('',1,(#3917,#3918),.UNSPECIFIED.,.F.,.F.,
(2,2),(-2.,-1.),.UNSPECIFIED.);
#3003=B_SPLINE_CURVE_WITH_KNOTS('',1,(#3919,#3920),.UNSPECIFIED.,.F.,.F.,
(2,2),(-3.,-2.),.UNSPECIFIED.);
#3004=B_SPLINE_CURVE_WITH_KNOTS('',1,(#3921,#3922),.UNSPECIFIED.,.F.,.F.,
(2,2),(-4.,-3.),.UNSPECIFIED.);
#3005=B_SPLINE_CURVE_WITH_KNOTS('',1,(#3923,#3924),.UNSPECIFIED.,.F.,.F.,
(2,2),(-5.,-4.),.UNSPECIFIED.);
#3006=B_SPLINE_CURVE_WITH_KNOTS('',1,(#3925,#3926),.UNSPECIFIED.,.F.,.F.,
(2,2),(-6.,-5.),.UNSPECIFIED.);
#3007=B_SPLINE_CURVE_WITH_KNOTS('',1,(#3927,#3928),.UNSPECIFIED.,.F.,.F.,
(2,2),(-7.,-6.),.UNSPECIFIED.);
#3008=B_SPLINE_CURVE_WITH_KNOTS('',1,(#3929,#3930),.UNSPECIFIED.,.F.,.F.,
(2,2),(-8.,-7.),.UNSPECIFIED.);
#3009=B_SPLINE_CURVE_WITH_KNOTS('',1,(#3931,#3932),.UNSPECIFIED.,.F.,.F.,
(2,2),(-9.,-8.),.UNSPECIFIED.);
#3010=B_SPLINE_CURVE_WITH_KNOTS('',1,(#3933,#3934),.UNSPECIFIED.,.F.,.F.,
(2,2),(-10.,-9.),.UNSPECIFIED.);
#3011=B_SPLINE_CURVE_WITH_KNOTS('',1,(#3935,#3936),.UNSPECIFIED.,.F.,.F.,
(2,2),(-11.,-10.),.UNSPECIFIED.);
#3012=B_SPLINE_CURVE_WITH_KNOTS('',1,(#3937,#3938),.UNSPECIFIED.,.F.,.F.,
(2,2),(-12.,-11.),.UNSPECIFIED.);
#3013=B_SPLINE_CURVE_WITH_KNOTS('',1,(#3939,#3940),.UNSPECIFIED.,.F.,.F.,
(2,2),(11.,12.),.UNSPECIFIED.);
#3014=B_SPLINE_CURVE_WITH_KNOTS('',1,(#3941,#3942),.UNSPECIFIED.,.F.,.F.,
(2,2),(10.,11.),.UNSPECIFIED.);
#3015=B_SPLINE_CURVE_WITH_KNOTS('',1,(#3943,#3944),.UNSPECIFIED.,.F.,.F.,
(2,2),(9.,10.),.UNSPECIFIED.);
#3016=B_SPLINE_CURVE_WITH_KNOTS('',1,(#3945,#3946),.UNSPECIFIED.,.F.,.F.,
(2,2),(8.,9.),.UNSPECIFIED.);
#3017=B_SPLINE_CURVE_WITH_KNOTS('',1,(#3947,#3948),.UNSPECIFIED.,.F.,.F.,
(2,2),(7.,8.),.UNSPECIFIED.);
#3018=B_SPLINE_CURVE_WITH_KNOTS('',1,(#3949,#3950),.UNSPECIFIED.,.F.,.F.,
(2,2),(6.,7.),.UNSPECIFIED.);
#3019=B_SPLINE_CURVE_WITH_KNOTS('',1,(#3951,#3952),.UNSPECIFIED.,.F.,.F.,
(2,2),(5.,6.),.UNSPECIFIED.);
#3020=B_SPLINE_CURVE_WITH_KNOTS('',1,(#3953,#3954),.UNSPECIFIED.,.F.,.F.,
(2,2),(4.,5.),.UNSPECIFIED.);
#3021=B_SPLINE_CURVE_WITH_KNOTS('',1,(#3955,#3956),.UNSPECIFIED.,.F.,.F.,
(2,2),(3.,4.),.UNSPECIFIED.);
#3022=B_SPLINE_CURVE_WITH_KNOTS('',1,(#3957,#3958),.UNSPECIFIED.,.F.,.F.,
(2,2),(2.,3.),.UNSPECIFIED.);
#3023=B_SPLINE_CURVE_WITH_KNOTS('',1,(#3959,#3960),.UNSPECIFIED.,.F.,.F.,
(2,2),(1.,2.),.UNSPECIFIED.);
#3024=B_SPLINE_CURVE_WITH_KNOTS('',1,(#3961,#3962),.UNSPECIFIED.,.F.,.F.,
(2,2),(0.,1.),.UNSPECIFIED.);
#3025=B_SPLINE_CURVE_WITH_KNOTS('',1,(#3995,#3996),.UNSPECIFIED.,.F.,.F.,
(2,2),(0.,6.13),.UNSPECIFIED.);
#3026=B_SPLINE_CURVE_WITH_KNOTS('',1,(#3997,#3998),.UNSPECIFIED.,.F.,.F.,
(2,2),(0.,6.13),.UNSPECIFIED.);
#3027=B_SPLINE_CURVE_WITH_KNOTS('',1,(#3999,#4000),.UNSPECIFIED.,.F.,.F.,
(2,2),(0.,0.09),.UNSPECIFIED.);
#3028=B_SPLINE_CURVE_WITH_KNOTS('',1,(#4001,#4002),.UNSPECIFIED.,.F.,.F.,
(2,2),(0.,0.09),.UNSPECIFIED.);
#3029=B_SPLINE_CURVE_WITH_KNOTS('',1,(#4003,#4004),.UNSPECIFIED.,.F.,.F.,
(2,2),(-6.13,0.),.UNSPECIFIED.);
#3030=B_SPLINE_CURVE_WITH_KNOTS('',1,(#4005,#4006),.UNSPECIFIED.,.F.,.F.,
(2,2),(-6.13,0.),.UNSPECIFIED.);
#3031=B_SPLINE_CURVE_WITH_KNOTS('',1,(#4007,#4008),.UNSPECIFIED.,.F.,.F.,
(2,2),(-0.09,0.),.UNSPECIFIED.);
#3032=B_SPLINE_CURVE_WITH_KNOTS('',1,(#4009,#4010),.UNSPECIFIED.,.F.,.F.,
(2,2),(-0.09,0.),.UNSPECIFIED.);
#3033=B_SPLINE_CURVE_WITH_KNOTS('',1,(#4011,#4012),.UNSPECIFIED.,.F.,.F.,
(2,2),(6.13,12.26),.UNSPECIFIED.);
#3034=B_SPLINE_CURVE_WITH_KNOTS('',1,(#4013,#4014),.UNSPECIFIED.,.F.,.F.,
(2,2),(6.13,12.26),.UNSPECIFIED.);
#3035=B_SPLINE_CURVE_WITH_KNOTS('',1,(#4015,#4016),.UNSPECIFIED.,.F.,.F.,
(2,2),(0.,0.09),.UNSPECIFIED.);
#3036=B_SPLINE_CURVE_WITH_KNOTS('',1,(#4017,#4018),.UNSPECIFIED.,.F.,.F.,
(2,2),(0.,0.09),.UNSPECIFIED.);
#3037=B_SPLINE_CURVE_WITH_KNOTS('',1,(#4019,#4020),.UNSPECIFIED.,.F.,.F.,
(2,2),(-12.26,-6.13),.UNSPECIFIED.);
#3038=B_SPLINE_CURVE_WITH_KNOTS('',1,(#4021,#4022),.UNSPECIFIED.,.F.,.F.,
(2,2),(-12.26,-6.13),.UNSPECIFIED.);
#3039=B_SPLINE_CURVE_WITH_KNOTS('',1,(#4023,#4024),.UNSPECIFIED.,.F.,.F.,
(2,2),(0.,0.09),.UNSPECIFIED.);
#3040=B_SPLINE_CURVE_WITH_KNOTS('',1,(#4025,#4026),.UNSPECIFIED.,.F.,.F.,
(2,2),(12.26,18.39),.UNSPECIFIED.);
#3041=B_SPLINE_CURVE_WITH_KNOTS('',1,(#4027,#4028),.UNSPECIFIED.,.F.,.F.,
(2,2),(12.26,18.39),.UNSPECIFIED.);
#3042=B_SPLINE_CURVE_WITH_KNOTS('',1,(#4029,#4030),.UNSPECIFIED.,.F.,.F.,
(2,2),(0.,0.09),.UNSPECIFIED.);
#3043=B_SPLINE_CURVE_WITH_KNOTS('',1,(#4031,#4032),.UNSPECIFIED.,.F.,.F.,
(2,2),(0.,0.09),.UNSPECIFIED.);
#3044=B_SPLINE_CURVE_WITH_KNOTS('',1,(#4033,#4034),.UNSPECIFIED.,.F.,.F.,
(2,2),(-18.39,-12.26),.UNSPECIFIED.);
#3045=B_SPLINE_CURVE_WITH_KNOTS('',1,(#4035,#4036),.UNSPECIFIED.,.F.,.F.,
(2,2),(-18.39,-12.26),.UNSPECIFIED.);
#3046=B_SPLINE_CURVE_WITH_KNOTS('',1,(#4037,#4038),.UNSPECIFIED.,.F.,.F.,
(2,2),(0.,0.09),.UNSPECIFIED.);
#3047=B_SPLINE_CURVE_WITH_KNOTS('',1,(#4039,#4040),.UNSPECIFIED.,.F.,.F.,
(2,2),(18.39,24.52),.UNSPECIFIED.);
#3048=B_SPLINE_CURVE_WITH_KNOTS('',1,(#4041,#4042),.UNSPECIFIED.,.F.,.F.,
(2,2),(18.39,24.52),.UNSPECIFIED.);
#3049=B_SPLINE_CURVE_WITH_KNOTS('',1,(#4043,#4044),.UNSPECIFIED.,.F.,.F.,
(2,2),(-0.09,0.),.UNSPECIFIED.);
#3050=B_SPLINE_CURVE_WITH_KNOTS('',1,(#4045,#4046),.UNSPECIFIED.,.F.,.F.,
(2,2),(-24.52,-18.39),.UNSPECIFIED.);
#3051=B_SPLINE_CURVE_WITH_KNOTS('',1,(#4047,#4048),.UNSPECIFIED.,.F.,.F.,
(2,2),(-24.52,-18.39),.UNSPECIFIED.);
#3052=B_SPLINE_CURVE_WITH_KNOTS('',1,(#4049,#4050),.UNSPECIFIED.,.F.,.F.,
(2,2),(0.,0.09),.UNSPECIFIED.);
#3053=B_SPLINE_CURVE_WITH_KNOTS('',1,(#4051,#4052),.UNSPECIFIED.,.F.,.F.,
(2,2),(18.39,24.52),.UNSPECIFIED.);
#3054=B_SPLINE_CURVE_WITH_KNOTS('',1,(#4053,#4054),.UNSPECIFIED.,.F.,.F.,
(2,2),(12.26,18.39),.UNSPECIFIED.);
#3055=B_SPLINE_CURVE_WITH_KNOTS('',1,(#4055,#4056),.UNSPECIFIED.,.F.,.F.,
(2,2),(6.13,12.26),.UNSPECIFIED.);
#3056=B_SPLINE_CURVE_WITH_KNOTS('',1,(#4057,#4058),.UNSPECIFIED.,.F.,.F.,
(2,2),(0.,6.13),.UNSPECIFIED.);
#3057=B_SPLINE_CURVE_WITH_KNOTS('',1,(#4059,#4060),.UNSPECIFIED.,.F.,.F.,
(2,2),(-6.13,0.),.UNSPECIFIED.);
#3058=B_SPLINE_CURVE_WITH_KNOTS('',1,(#4061,#4062),.UNSPECIFIED.,.F.,.F.,
(2,2),(-12.26,-6.13),.UNSPECIFIED.);
#3059=B_SPLINE_CURVE_WITH_KNOTS('',1,(#4063,#4064),.UNSPECIFIED.,.F.,.F.,
(2,2),(-18.39,-12.26),.UNSPECIFIED.);
#3060=B_SPLINE_CURVE_WITH_KNOTS('',1,(#4065,#4066),.UNSPECIFIED.,.F.,.F.,
(2,2),(-24.52,-18.39),.UNSPECIFIED.);
#3061=B_SPLINE_CURVE_WITH_KNOTS('',1,(#4127,#4128),.UNSPECIFIED.,.F.,.F.,
(2,2),(-0.282743338823081,-1.11022302462516E-16),.UNSPECIFIED.);
#3062=B_SPLINE_CURVE_WITH_KNOTS('',1,(#4134,#4135),.UNSPECIFIED.,.F.,.F.,
(2,2),(-0.565486677646163,0.),.UNSPECIFIED.);
#3063=B_SPLINE_CURVE_WITH_KNOTS('',1,(#4139,#4140),.UNSPECIFIED.,.F.,.F.,
(2,2),(1.11022302462516E-16,0.282743338823081),.UNSPECIFIED.);
#3064=B_SPLINE_CURVE_WITH_KNOTS('',1,(#4156,#4157),.UNSPECIFIED.,.F.,.F.,
(2,2),(1.11022302462516E-16,0.282743338823081),.UNSPECIFIED.);
#3065=B_SPLINE_CURVE_WITH_KNOTS('',1,(#4158,#4159),.UNSPECIFIED.,.F.,.F.,
(2,2),(0.565486677646163,1.13097335529233),.UNSPECIFIED.);
#3066=B_SPLINE_CURVE_WITH_KNOTS('',1,(#4160,#4161),.UNSPECIFIED.,.F.,.F.,
(2,2),(-0.282743338823081,-1.11022302462516E-16),.UNSPECIFIED.);
#3067=B_SPLINE_CURVE_WITH_KNOTS('',1,(#4222,#4223),.UNSPECIFIED.,.F.,.F.,
(2,2),(-0.282743338823081,-1.11022302462516E-16),.UNSPECIFIED.);
#3068=B_SPLINE_CURVE_WITH_KNOTS('',1,(#4229,#4230),.UNSPECIFIED.,.F.,.F.,
(2,2),(-0.565486677646163,0.),.UNSPECIFIED.);
#3069=B_SPLINE_CURVE_WITH_KNOTS('',1,(#4234,#4235),.UNSPECIFIED.,.F.,.F.,
(2,2),(1.11022302462516E-16,0.282743338823081),.UNSPECIFIED.);
#3070=B_SPLINE_CURVE_WITH_KNOTS('',1,(#4251,#4252),.UNSPECIFIED.,.F.,.F.,
(2,2),(1.11022302462516E-16,0.282743338823081),.UNSPECIFIED.);
#3071=B_SPLINE_CURVE_WITH_KNOTS('',1,(#4253,#4254),.UNSPECIFIED.,.F.,.F.,
(2,2),(0.565486677646163,1.13097335529233),.UNSPECIFIED.);
#3072=B_SPLINE_CURVE_WITH_KNOTS('',1,(#4255,#4256),.UNSPECIFIED.,.F.,.F.,
(2,2),(-0.282743338823081,-1.11022302462516E-16),.UNSPECIFIED.);
#3073=B_SPLINE_CURVE_WITH_KNOTS('',1,(#4317,#4318),.UNSPECIFIED.,.F.,.F.,
(2,2),(-0.282743338823081,-1.11022302462516E-16),.UNSPECIFIED.);
#3074=B_SPLINE_CURVE_WITH_KNOTS('',1,(#4324,#4325),.UNSPECIFIED.,.F.,.F.,
(2,2),(-0.565486677646163,0.),.UNSPECIFIED.);
#3075=B_SPLINE_CURVE_WITH_KNOTS('',1,(#4329,#4330),.UNSPECIFIED.,.F.,.F.,
(2,2),(1.11022302462516E-16,0.282743338823081),.UNSPECIFIED.);
#3076=B_SPLINE_CURVE_WITH_KNOTS('',1,(#4346,#4347),.UNSPECIFIED.,.F.,.F.,
(2,2),(1.11022302462516E-16,0.282743338823081),.UNSPECIFIED.);
#3077=B_SPLINE_CURVE_WITH_KNOTS('',1,(#4348,#4349),.UNSPECIFIED.,.F.,.F.,
(2,2),(0.565486677646163,1.13097335529233),.UNSPECIFIED.);
#3078=B_SPLINE_CURVE_WITH_KNOTS('',1,(#4350,#4351),.UNSPECIFIED.,.F.,.F.,
(2,2),(-0.282743338823081,-1.11022302462516E-16),.UNSPECIFIED.);
#3079=B_SPLINE_CURVE_WITH_KNOTS('',1,(#4412,#4413),.UNSPECIFIED.,.F.,.F.,
(2,2),(-0.282743338823081,-1.11022302462516E-16),.UNSPECIFIED.);
#3080=B_SPLINE_CURVE_WITH_KNOTS('',1,(#4419,#4420),.UNSPECIFIED.,.F.,.F.,
(2,2),(-0.565486677646163,0.),.UNSPECIFIED.);
#3081=B_SPLINE_CURVE_WITH_KNOTS('',1,(#4424,#4425),.UNSPECIFIED.,.F.,.F.,
(2,2),(1.11022302462516E-16,0.282743338823081),.UNSPECIFIED.);
#3082=B_SPLINE_CURVE_WITH_KNOTS('',1,(#4441,#4442),.UNSPECIFIED.,.F.,.F.,
(2,2),(1.11022302462516E-16,0.282743338823081),.UNSPECIFIED.);
#3083=B_SPLINE_CURVE_WITH_KNOTS('',1,(#4443,#4444),.UNSPECIFIED.,.F.,.F.,
(2,2),(0.565486677646163,1.13097335529233),.UNSPECIFIED.);
#3084=B_SPLINE_CURVE_WITH_KNOTS('',1,(#4445,#4446),.UNSPECIFIED.,.F.,.F.,
(2,2),(-0.282743338823081,-1.11022302462516E-16),.UNSPECIFIED.);
#3085=B_SPLINE_CURVE_WITH_KNOTS('',1,(#4507,#4508),.UNSPECIFIED.,.F.,.F.,
(2,2),(-0.282743338823081,-1.11022302462516E-16),.UNSPECIFIED.);
#3086=B_SPLINE_CURVE_WITH_KNOTS('',1,(#4514,#4515),.UNSPECIFIED.,.F.,.F.,
(2,2),(-0.565486677646163,0.),.UNSPECIFIED.);
#3087=B_SPLINE_CURVE_WITH_KNOTS('',1,(#4519,#4520),.UNSPECIFIED.,.F.,.F.,
(2,2),(1.11022302462516E-16,0.282743338823081),.UNSPECIFIED.);
#3088=B_SPLINE_CURVE_WITH_KNOTS('',1,(#4536,#4537),.UNSPECIFIED.,.F.,.F.,
(2,2),(1.11022302462516E-16,0.282743338823081),.UNSPECIFIED.);
#3089=B_SPLINE_CURVE_WITH_KNOTS('',1,(#4538,#4539),.UNSPECIFIED.,.F.,.F.,
(2,2),(0.565486677646163,1.13097335529233),.UNSPECIFIED.);
#3090=B_SPLINE_CURVE_WITH_KNOTS('',1,(#4540,#4541),.UNSPECIFIED.,.F.,.F.,
(2,2),(-0.282743338823081,-1.11022302462516E-16),.UNSPECIFIED.);
#3091=B_SPLINE_CURVE_WITH_KNOTS('',1,(#4602,#4603),.UNSPECIFIED.,.F.,.F.,
(2,2),(-0.282743338823081,-1.11022302462516E-16),.UNSPECIFIED.);
#3092=B_SPLINE_CURVE_WITH_KNOTS('',1,(#4609,#4610),.UNSPECIFIED.,.F.,.F.,
(2,2),(-0.565486677646163,0.),.UNSPECIFIED.);
#3093=B_SPLINE_CURVE_WITH_KNOTS('',1,(#4614,#4615),.UNSPECIFIED.,.F.,.F.,
(2,2),(1.11022302462516E-16,0.282743338823081),.UNSPECIFIED.);
#3094=B_SPLINE_CURVE_WITH_KNOTS('',1,(#4631,#4632),.UNSPECIFIED.,.F.,.F.,
(2,2),(1.11022302462516E-16,0.282743338823081),.UNSPECIFIED.);
#3095=B_SPLINE_CURVE_WITH_KNOTS('',1,(#4633,#4634),.UNSPECIFIED.,.F.,.F.,
(2,2),(0.565486677646163,1.13097335529233),.UNSPECIFIED.);
#3096=B_SPLINE_CURVE_WITH_KNOTS('',1,(#4635,#4636),.UNSPECIFIED.,.F.,.F.,
(2,2),(-0.282743338823081,-1.11022302462516E-16),.UNSPECIFIED.);
#3097=B_SPLINE_CURVE_WITH_KNOTS('',1,(#4697,#4698),.UNSPECIFIED.,.F.,.F.,
(2,2),(-0.282743338823081,-1.11022302462516E-16),.UNSPECIFIED.);
#3098=B_SPLINE_CURVE_WITH_KNOTS('',1,(#4704,#4705),.UNSPECIFIED.,.F.,.F.,
(2,2),(-0.565486677646163,0.),.UNSPECIFIED.);
#3099=B_SPLINE_CURVE_WITH_KNOTS('',1,(#4709,#4710),.UNSPECIFIED.,.F.,.F.,
(2,2),(1.11022302462516E-16,0.282743338823081),.UNSPECIFIED.);
#3100=B_SPLINE_CURVE_WITH_KNOTS('',1,(#4726,#4727),.UNSPECIFIED.,.F.,.F.,
(2,2),(1.11022302462516E-16,0.282743338823081),.UNSPECIFIED.);
#3101=B_SPLINE_CURVE_WITH_KNOTS('',1,(#4728,#4729),.UNSPECIFIED.,.F.,.F.,
(2,2),(0.565486677646163,1.13097335529233),.UNSPECIFIED.);
#3102=B_SPLINE_CURVE_WITH_KNOTS('',1,(#4730,#4731),.UNSPECIFIED.,.F.,.F.,
(2,2),(-0.282743338823081,-1.11022302462516E-16),.UNSPECIFIED.);
#3103=B_SPLINE_CURVE_WITH_KNOTS('',1,(#4792,#4793),.UNSPECIFIED.,.F.,.F.,
(2,2),(-0.282743338823081,-1.11022302462516E-16),.UNSPECIFIED.);
#3104=B_SPLINE_CURVE_WITH_KNOTS('',1,(#4799,#4800),.UNSPECIFIED.,.F.,.F.,
(2,2),(-0.565486677646163,0.),.UNSPECIFIED.);
#3105=B_SPLINE_CURVE_WITH_KNOTS('',1,(#4804,#4805),.UNSPECIFIED.,.F.,.F.,
(2,2),(1.11022302462516E-16,0.282743338823081),.UNSPECIFIED.);
#3106=B_SPLINE_CURVE_WITH_KNOTS('',1,(#4821,#4822),.UNSPECIFIED.,.F.,.F.,
(2,2),(1.11022302462516E-16,0.282743338823081),.UNSPECIFIED.);
#3107=B_SPLINE_CURVE_WITH_KNOTS('',1,(#4823,#4824),.UNSPECIFIED.,.F.,.F.,
(2,2),(0.565486677646163,1.13097335529233),.UNSPECIFIED.);
#3108=B_SPLINE_CURVE_WITH_KNOTS('',1,(#4825,#4826),.UNSPECIFIED.,.F.,.F.,
(2,2),(-0.282743338823081,-1.11022302462516E-16),.UNSPECIFIED.);
#3109=B_SPLINE_CURVE_WITH_KNOTS('',1,(#4887,#4888),.UNSPECIFIED.,.F.,.F.,
(2,2),(-0.282743338823081,-1.11022302462516E-16),.UNSPECIFIED.);
#3110=B_SPLINE_CURVE_WITH_KNOTS('',1,(#4894,#4895),.UNSPECIFIED.,.F.,.F.,
(2,2),(-0.565486677646163,0.),.UNSPECIFIED.);
#3111=B_SPLINE_CURVE_WITH_KNOTS('',1,(#4899,#4900),.UNSPECIFIED.,.F.,.F.,
(2,2),(1.11022302462516E-16,0.282743338823081),.UNSPECIFIED.);
#3112=B_SPLINE_CURVE_WITH_KNOTS('',1,(#4916,#4917),.UNSPECIFIED.,.F.,.F.,
(2,2),(1.11022302462516E-16,0.282743338823081),.UNSPECIFIED.);
#3113=B_SPLINE_CURVE_WITH_KNOTS('',1,(#4918,#4919),.UNSPECIFIED.,.F.,.F.,
(2,2),(0.565486677646163,1.13097335529233),.UNSPECIFIED.);
#3114=B_SPLINE_CURVE_WITH_KNOTS('',1,(#4920,#4921),.UNSPECIFIED.,.F.,.F.,
(2,2),(-0.282743338823081,-1.11022302462516E-16),.UNSPECIFIED.);
#3115=B_SPLINE_CURVE_WITH_KNOTS('',1,(#4982,#4983),.UNSPECIFIED.,.F.,.F.,
(2,2),(-0.282743338823081,-1.11022302462516E-16),.UNSPECIFIED.);
#3116=B_SPLINE_CURVE_WITH_KNOTS('',1,(#4989,#4990),.UNSPECIFIED.,.F.,.F.,
(2,2),(-0.565486677646163,0.),.UNSPECIFIED.);
#3117=B_SPLINE_CURVE_WITH_KNOTS('',1,(#4994,#4995),.UNSPECIFIED.,.F.,.F.,
(2,2),(1.11022302462516E-16,0.282743338823081),.UNSPECIFIED.);
#3118=B_SPLINE_CURVE_WITH_KNOTS('',1,(#5011,#5012),.UNSPECIFIED.,.F.,.F.,
(2,2),(1.11022302462516E-16,0.282743338823081),.UNSPECIFIED.);
#3119=B_SPLINE_CURVE_WITH_KNOTS('',1,(#5013,#5014),.UNSPECIFIED.,.F.,.F.,
(2,2),(0.565486677646163,1.13097335529233),.UNSPECIFIED.);
#3120=B_SPLINE_CURVE_WITH_KNOTS('',1,(#5015,#5016),.UNSPECIFIED.,.F.,.F.,
(2,2),(-0.282743338823081,-1.11022302462516E-16),.UNSPECIFIED.);
#3121=B_SPLINE_CURVE_WITH_KNOTS('',1,(#5077,#5078),.UNSPECIFIED.,.F.,.F.,
(2,2),(-0.282743338823081,-1.11022302462516E-16),.UNSPECIFIED.);
#3122=B_SPLINE_CURVE_WITH_KNOTS('',1,(#5084,#5085),.UNSPECIFIED.,.F.,.F.,
(2,2),(-0.565486677646163,0.),.UNSPECIFIED.);
#3123=B_SPLINE_CURVE_WITH_KNOTS('',1,(#5089,#5090),.UNSPECIFIED.,.F.,.F.,
(2,2),(1.11022302462516E-16,0.282743338823081),.UNSPECIFIED.);
#3124=B_SPLINE_CURVE_WITH_KNOTS('',1,(#5106,#5107),.UNSPECIFIED.,.F.,.F.,
(2,2),(1.11022302462516E-16,0.282743338823081),.UNSPECIFIED.);
#3125=B_SPLINE_CURVE_WITH_KNOTS('',1,(#5108,#5109),.UNSPECIFIED.,.F.,.F.,
(2,2),(0.565486677646163,1.13097335529233),.UNSPECIFIED.);
#3126=B_SPLINE_CURVE_WITH_KNOTS('',1,(#5110,#5111),.UNSPECIFIED.,.F.,.F.,
(2,2),(-0.282743338823081,-1.11022302462516E-16),.UNSPECIFIED.);
#3127=B_SPLINE_CURVE_WITH_KNOTS('',1,(#5172,#5173),.UNSPECIFIED.,.F.,.F.,
(2,2),(-0.282743338823081,-1.11022302462516E-16),.UNSPECIFIED.);
#3128=B_SPLINE_CURVE_WITH_KNOTS('',1,(#5179,#5180),.UNSPECIFIED.,.F.,.F.,
(2,2),(-0.565486677646163,0.),.UNSPECIFIED.);
#3129=B_SPLINE_CURVE_WITH_KNOTS('',1,(#5184,#5185),.UNSPECIFIED.,.F.,.F.,
(2,2),(1.11022302462516E-16,0.282743338823081),.UNSPECIFIED.);
#3130=B_SPLINE_CURVE_WITH_KNOTS('',1,(#5201,#5202),.UNSPECIFIED.,.F.,.F.,
(2,2),(1.11022302462516E-16,0.282743338823081),.UNSPECIFIED.);
#3131=B_SPLINE_CURVE_WITH_KNOTS('',1,(#5203,#5204),.UNSPECIFIED.,.F.,.F.,
(2,2),(0.565486677646163,1.13097335529233),.UNSPECIFIED.);
#3132=B_SPLINE_CURVE_WITH_KNOTS('',1,(#5205,#5206),.UNSPECIFIED.,.F.,.F.,
(2,2),(-0.282743338823081,-1.11022302462516E-16),.UNSPECIFIED.);
#3133=B_SPLINE_CURVE_WITH_KNOTS('',1,(#5267,#5268),.UNSPECIFIED.,.F.,.F.,
(2,2),(-0.282743338823081,-1.11022302462516E-16),.UNSPECIFIED.);
#3134=B_SPLINE_CURVE_WITH_KNOTS('',1,(#5274,#5275),.UNSPECIFIED.,.F.,.F.,
(2,2),(-0.565486677646163,0.),.UNSPECIFIED.);
#3135=B_SPLINE_CURVE_WITH_KNOTS('',1,(#5279,#5280),.UNSPECIFIED.,.F.,.F.,
(2,2),(1.11022302462516E-16,0.282743338823081),.UNSPECIFIED.);
#3136=B_SPLINE_CURVE_WITH_KNOTS('',1,(#5296,#5297),.UNSPECIFIED.,.F.,.F.,
(2,2),(1.11022302462516E-16,0.282743338823081),.UNSPECIFIED.);
#3137=B_SPLINE_CURVE_WITH_KNOTS('',1,(#5298,#5299),.UNSPECIFIED.,.F.,.F.,
(2,2),(0.565486677646163,1.13097335529233),.UNSPECIFIED.);
#3138=B_SPLINE_CURVE_WITH_KNOTS('',1,(#5300,#5301),.UNSPECIFIED.,.F.,.F.,
(2,2),(-0.282743338823081,-1.11022302462516E-16),.UNSPECIFIED.);
#3139=B_SPLINE_CURVE_WITH_KNOTS('',1,(#5362,#5363),.UNSPECIFIED.,.F.,.F.,
(2,2),(-0.282743338823081,-1.11022302462516E-16),.UNSPECIFIED.);
#3140=B_SPLINE_CURVE_WITH_KNOTS('',1,(#5369,#5370),.UNSPECIFIED.,.F.,.F.,
(2,2),(-0.565486677646163,0.),.UNSPECIFIED.);
#3141=B_SPLINE_CURVE_WITH_KNOTS('',1,(#5374,#5375),.UNSPECIFIED.,.F.,.F.,
(2,2),(1.11022302462516E-16,0.282743338823081),.UNSPECIFIED.);
#3142=B_SPLINE_CURVE_WITH_KNOTS('',1,(#5391,#5392),.UNSPECIFIED.,.F.,.F.,
(2,2),(1.11022302462516E-16,0.282743338823081),.UNSPECIFIED.);
#3143=B_SPLINE_CURVE_WITH_KNOTS('',1,(#5393,#5394),.UNSPECIFIED.,.F.,.F.,
(2,2),(0.565486677646163,1.13097335529233),.UNSPECIFIED.);
#3144=B_SPLINE_CURVE_WITH_KNOTS('',1,(#5395,#5396),.UNSPECIFIED.,.F.,.F.,
(2,2),(-0.282743338823081,-1.11022302462516E-16),.UNSPECIFIED.);
#3145=B_SPLINE_CURVE_WITH_KNOTS('',1,(#5457,#5458),.UNSPECIFIED.,.F.,.F.,
(2,2),(-0.282743338823081,-1.11022302462516E-16),.UNSPECIFIED.);
#3146=B_SPLINE_CURVE_WITH_KNOTS('',1,(#5464,#5465),.UNSPECIFIED.,.F.,.F.,
(2,2),(-0.565486677646163,0.),.UNSPECIFIED.);
#3147=B_SPLINE_CURVE_WITH_KNOTS('',1,(#5469,#5470),.UNSPECIFIED.,.F.,.F.,
(2,2),(1.11022302462516E-16,0.282743338823081),.UNSPECIFIED.);
#3148=B_SPLINE_CURVE_WITH_KNOTS('',1,(#5486,#5487),.UNSPECIFIED.,.F.,.F.,
(2,2),(1.11022302462516E-16,0.282743338823081),.UNSPECIFIED.);
#3149=B_SPLINE_CURVE_WITH_KNOTS('',1,(#5488,#5489),.UNSPECIFIED.,.F.,.F.,
(2,2),(0.565486677646163,1.13097335529233),.UNSPECIFIED.);
#3150=B_SPLINE_CURVE_WITH_KNOTS('',1,(#5490,#5491),.UNSPECIFIED.,.F.,.F.,
(2,2),(-0.282743338823081,-1.11022302462516E-16),.UNSPECIFIED.);
#3151=B_SPLINE_CURVE_WITH_KNOTS('',1,(#5552,#5553),.UNSPECIFIED.,.F.,.F.,
(2,2),(-0.282743338823081,-1.11022302462516E-16),.UNSPECIFIED.);
#3152=B_SPLINE_CURVE_WITH_KNOTS('',1,(#5559,#5560),.UNSPECIFIED.,.F.,.F.,
(2,2),(-0.565486677646163,0.),.UNSPECIFIED.);
#3153=B_SPLINE_CURVE_WITH_KNOTS('',1,(#5564,#5565),.UNSPECIFIED.,.F.,.F.,
(2,2),(1.11022302462516E-16,0.282743338823081),.UNSPECIFIED.);
#3154=B_SPLINE_CURVE_WITH_KNOTS('',1,(#5581,#5582),.UNSPECIFIED.,.F.,.F.,
(2,2),(1.11022302462516E-16,0.282743338823081),.UNSPECIFIED.);
#3155=B_SPLINE_CURVE_WITH_KNOTS('',1,(#5583,#5584),.UNSPECIFIED.,.F.,.F.,
(2,2),(0.565486677646163,1.13097335529233),.UNSPECIFIED.);
#3156=B_SPLINE_CURVE_WITH_KNOTS('',1,(#5585,#5586),.UNSPECIFIED.,.F.,.F.,
(2,2),(-0.282743338823081,-1.11022302462516E-16),.UNSPECIFIED.);
#3157=B_SPLINE_CURVE_WITH_KNOTS('',1,(#5647,#5648),.UNSPECIFIED.,.F.,.F.,
(2,2),(-0.282743338823081,-1.11022302462516E-16),.UNSPECIFIED.);
#3158=B_SPLINE_CURVE_WITH_KNOTS('',1,(#5654,#5655),.UNSPECIFIED.,.F.,.F.,
(2,2),(-0.565486677646163,0.),.UNSPECIFIED.);
#3159=B_SPLINE_CURVE_WITH_KNOTS('',1,(#5659,#5660),.UNSPECIFIED.,.F.,.F.,
(2,2),(1.11022302462516E-16,0.282743338823081),.UNSPECIFIED.);
#3160=B_SPLINE_CURVE_WITH_KNOTS('',1,(#5676,#5677),.UNSPECIFIED.,.F.,.F.,
(2,2),(1.11022302462516E-16,0.282743338823081),.UNSPECIFIED.);
#3161=B_SPLINE_CURVE_WITH_KNOTS('',1,(#5678,#5679),.UNSPECIFIED.,.F.,.F.,
(2,2),(0.565486677646163,1.13097335529233),.UNSPECIFIED.);
#3162=B_SPLINE_CURVE_WITH_KNOTS('',1,(#5680,#5681),.UNSPECIFIED.,.F.,.F.,
(2,2),(-0.282743338823081,-1.11022302462516E-16),.UNSPECIFIED.);
#3163=B_SPLINE_CURVE_WITH_KNOTS('',1,(#5742,#5743),.UNSPECIFIED.,.F.,.F.,
(2,2),(-0.282743338823081,-1.11022302462516E-16),.UNSPECIFIED.);
#3164=B_SPLINE_CURVE_WITH_KNOTS('',1,(#5749,#5750),.UNSPECIFIED.,.F.,.F.,
(2,2),(-0.565486677646163,0.),.UNSPECIFIED.);
#3165=B_SPLINE_CURVE_WITH_KNOTS('',1,(#5754,#5755),.UNSPECIFIED.,.F.,.F.,
(2,2),(1.11022302462516E-16,0.282743338823081),.UNSPECIFIED.);
#3166=B_SPLINE_CURVE_WITH_KNOTS('',1,(#5771,#5772),.UNSPECIFIED.,.F.,.F.,
(2,2),(1.11022302462516E-16,0.282743338823081),.UNSPECIFIED.);
#3167=B_SPLINE_CURVE_WITH_KNOTS('',1,(#5773,#5774),.UNSPECIFIED.,.F.,.F.,
(2,2),(0.565486677646163,1.13097335529233),.UNSPECIFIED.);
#3168=B_SPLINE_CURVE_WITH_KNOTS('',1,(#5775,#5776),.UNSPECIFIED.,.F.,.F.,
(2,2),(-0.282743338823081,-1.11022302462516E-16),.UNSPECIFIED.);
#3169=B_SPLINE_CURVE_WITH_KNOTS('',1,(#5837,#5838),.UNSPECIFIED.,.F.,.F.,
(2,2),(-0.282743338823081,-1.11022302462516E-16),.UNSPECIFIED.);
#3170=B_SPLINE_CURVE_WITH_KNOTS('',1,(#5844,#5845),.UNSPECIFIED.,.F.,.F.,
(2,2),(-0.565486677646163,0.),.UNSPECIFIED.);
#3171=B_SPLINE_CURVE_WITH_KNOTS('',1,(#5849,#5850),.UNSPECIFIED.,.F.,.F.,
(2,2),(1.11022302462516E-16,0.282743338823081),.UNSPECIFIED.);
#3172=B_SPLINE_CURVE_WITH_KNOTS('',1,(#5866,#5867),.UNSPECIFIED.,.F.,.F.,
(2,2),(1.11022302462516E-16,0.282743338823081),.UNSPECIFIED.);
#3173=B_SPLINE_CURVE_WITH_KNOTS('',1,(#5868,#5869),.UNSPECIFIED.,.F.,.F.,
(2,2),(0.565486677646163,1.13097335529233),.UNSPECIFIED.);
#3174=B_SPLINE_CURVE_WITH_KNOTS('',1,(#5870,#5871),.UNSPECIFIED.,.F.,.F.,
(2,2),(-0.282743338823081,-1.11022302462516E-16),.UNSPECIFIED.);
#3175=B_SPLINE_CURVE_WITH_KNOTS('',1,(#5932,#5933),.UNSPECIFIED.,.F.,.F.,
(2,2),(-0.282743338823081,-1.11022302462516E-16),.UNSPECIFIED.);
#3176=B_SPLINE_CURVE_WITH_KNOTS('',1,(#5939,#5940),.UNSPECIFIED.,.F.,.F.,
(2,2),(-0.565486677646163,0.),.UNSPECIFIED.);
#3177=B_SPLINE_CURVE_WITH_KNOTS('',1,(#5944,#5945),.UNSPECIFIED.,.F.,.F.,
(2,2),(1.11022302462516E-16,0.282743338823081),.UNSPECIFIED.);
#3178=B_SPLINE_CURVE_WITH_KNOTS('',1,(#5961,#5962),.UNSPECIFIED.,.F.,.F.,
(2,2),(1.11022302462516E-16,0.282743338823081),.UNSPECIFIED.);
#3179=B_SPLINE_CURVE_WITH_KNOTS('',1,(#5963,#5964),.UNSPECIFIED.,.F.,.F.,
(2,2),(0.565486677646163,1.13097335529233),.UNSPECIFIED.);
#3180=B_SPLINE_CURVE_WITH_KNOTS('',1,(#5965,#5966),.UNSPECIFIED.,.F.,.F.,
(2,2),(-0.282743338823081,-1.11022302462516E-16),.UNSPECIFIED.);
#3181=B_SPLINE_CURVE_WITH_KNOTS('',1,(#6027,#6028),.UNSPECIFIED.,.F.,.F.,
(2,2),(-0.282743338823081,-1.11022302462516E-16),.UNSPECIFIED.);
#3182=B_SPLINE_CURVE_WITH_KNOTS('',1,(#6034,#6035),.UNSPECIFIED.,.F.,.F.,
(2,2),(-0.565486677646163,0.),.UNSPECIFIED.);
#3183=B_SPLINE_CURVE_WITH_KNOTS('',1,(#6039,#6040),.UNSPECIFIED.,.F.,.F.,
(2,2),(1.11022302462516E-16,0.282743338823081),.UNSPECIFIED.);
#3184=B_SPLINE_CURVE_WITH_KNOTS('',1,(#6056,#6057),.UNSPECIFIED.,.F.,.F.,
(2,2),(1.11022302462516E-16,0.282743338823081),.UNSPECIFIED.);
#3185=B_SPLINE_CURVE_WITH_KNOTS('',1,(#6058,#6059),.UNSPECIFIED.,.F.,.F.,
(2,2),(0.565486677646163,1.13097335529233),.UNSPECIFIED.);
#3186=B_SPLINE_CURVE_WITH_KNOTS('',1,(#6060,#6061),.UNSPECIFIED.,.F.,.F.,
(2,2),(-0.282743338823081,-1.11022302462516E-16),.UNSPECIFIED.);
#3187=B_SPLINE_CURVE_WITH_KNOTS('',1,(#6122,#6123),.UNSPECIFIED.,.F.,.F.,
(2,2),(-0.282743338823081,-1.11022302462516E-16),.UNSPECIFIED.);
#3188=B_SPLINE_CURVE_WITH_KNOTS('',1,(#6129,#6130),.UNSPECIFIED.,.F.,.F.,
(2,2),(-0.565486677646163,0.),.UNSPECIFIED.);
#3189=B_SPLINE_CURVE_WITH_KNOTS('',1,(#6134,#6135),.UNSPECIFIED.,.F.,.F.,
(2,2),(1.11022302462516E-16,0.282743338823081),.UNSPECIFIED.);
#3190=B_SPLINE_CURVE_WITH_KNOTS('',1,(#6151,#6152),.UNSPECIFIED.,.F.,.F.,
(2,2),(1.11022302462516E-16,0.282743338823081),.UNSPECIFIED.);
#3191=B_SPLINE_CURVE_WITH_KNOTS('',1,(#6153,#6154),.UNSPECIFIED.,.F.,.F.,
(2,2),(0.565486677646163,1.13097335529233),.UNSPECIFIED.);
#3192=B_SPLINE_CURVE_WITH_KNOTS('',1,(#6155,#6156),.UNSPECIFIED.,.F.,.F.,
(2,2),(-0.282743338823081,-1.11022302462516E-16),.UNSPECIFIED.);
#3193=B_SPLINE_CURVE_WITH_KNOTS('',1,(#6217,#6218),.UNSPECIFIED.,.F.,.F.,
(2,2),(-0.282743338823081,-1.11022302462516E-16),.UNSPECIFIED.);
#3194=B_SPLINE_CURVE_WITH_KNOTS('',1,(#6224,#6225),.UNSPECIFIED.,.F.,.F.,
(2,2),(-0.565486677646163,0.),.UNSPECIFIED.);
#3195=B_SPLINE_CURVE_WITH_KNOTS('',1,(#6229,#6230),.UNSPECIFIED.,.F.,.F.,
(2,2),(1.11022302462516E-16,0.282743338823081),.UNSPECIFIED.);
#3196=B_SPLINE_CURVE_WITH_KNOTS('',1,(#6246,#6247),.UNSPECIFIED.,.F.,.F.,
(2,2),(1.11022302462516E-16,0.282743338823081),.UNSPECIFIED.);
#3197=B_SPLINE_CURVE_WITH_KNOTS('',1,(#6248,#6249),.UNSPECIFIED.,.F.,.F.,
(2,2),(0.565486677646163,1.13097335529233),.UNSPECIFIED.);
#3198=B_SPLINE_CURVE_WITH_KNOTS('',1,(#6250,#6251),.UNSPECIFIED.,.F.,.F.,
(2,2),(-0.282743338823081,-1.11022302462516E-16),.UNSPECIFIED.);
#3199=B_SPLINE_CURVE_WITH_KNOTS('',1,(#6312,#6313),.UNSPECIFIED.,.F.,.F.,
(2,2),(-0.282743338823081,-1.11022302462516E-16),.UNSPECIFIED.);
#3200=B_SPLINE_CURVE_WITH_KNOTS('',1,(#6319,#6320),.UNSPECIFIED.,.F.,.F.,
(2,2),(-0.565486677646163,0.),.UNSPECIFIED.);
#3201=B_SPLINE_CURVE_WITH_KNOTS('',1,(#6324,#6325),.UNSPECIFIED.,.F.,.F.,
(2,2),(1.11022302462516E-16,0.282743338823081),.UNSPECIFIED.);
#3202=B_SPLINE_CURVE_WITH_KNOTS('',1,(#6341,#6342),.UNSPECIFIED.,.F.,.F.,
(2,2),(1.11022302462516E-16,0.282743338823081),.UNSPECIFIED.);
#3203=B_SPLINE_CURVE_WITH_KNOTS('',1,(#6343,#6344),.UNSPECIFIED.,.F.,.F.,
(2,2),(0.565486677646163,1.13097335529233),.UNSPECIFIED.);
#3204=B_SPLINE_CURVE_WITH_KNOTS('',1,(#6345,#6346),.UNSPECIFIED.,.F.,.F.,
(2,2),(-0.282743338823081,-1.11022302462516E-16),.UNSPECIFIED.);
#3205=B_SPLINE_CURVE_WITH_KNOTS('',1,(#6407,#6408),.UNSPECIFIED.,.F.,.F.,
(2,2),(-0.282743338823081,-1.11022302462516E-16),.UNSPECIFIED.);
#3206=B_SPLINE_CURVE_WITH_KNOTS('',1,(#6414,#6415),.UNSPECIFIED.,.F.,.F.,
(2,2),(-0.565486677646163,0.),.UNSPECIFIED.);
#3207=B_SPLINE_CURVE_WITH_KNOTS('',1,(#6419,#6420),.UNSPECIFIED.,.F.,.F.,
(2,2),(1.11022302462516E-16,0.282743338823081),.UNSPECIFIED.);
#3208=B_SPLINE_CURVE_WITH_KNOTS('',1,(#6436,#6437),.UNSPECIFIED.,.F.,.F.,
(2,2),(1.11022302462516E-16,0.282743338823081),.UNSPECIFIED.);
#3209=B_SPLINE_CURVE_WITH_KNOTS('',1,(#6438,#6439),.UNSPECIFIED.,.F.,.F.,
(2,2),(0.565486677646163,1.13097335529233),.UNSPECIFIED.);
#3210=B_SPLINE_CURVE_WITH_KNOTS('',1,(#6440,#6441),.UNSPECIFIED.,.F.,.F.,
(2,2),(-0.282743338823081,-1.11022302462516E-16),.UNSPECIFIED.);
#3211=B_SPLINE_CURVE_WITH_KNOTS('',1,(#6502,#6503),.UNSPECIFIED.,.F.,.F.,
(2,2),(-0.282743338823081,-1.11022302462516E-16),.UNSPECIFIED.);
#3212=B_SPLINE_CURVE_WITH_KNOTS('',1,(#6509,#6510),.UNSPECIFIED.,.F.,.F.,
(2,2),(-0.565486677646163,0.),.UNSPECIFIED.);
#3213=B_SPLINE_CURVE_WITH_KNOTS('',1,(#6514,#6515),.UNSPECIFIED.,.F.,.F.,
(2,2),(1.11022302462516E-16,0.282743338823081),.UNSPECIFIED.);
#3214=B_SPLINE_CURVE_WITH_KNOTS('',1,(#6531,#6532),.UNSPECIFIED.,.F.,.F.,
(2,2),(1.11022302462516E-16,0.282743338823081),.UNSPECIFIED.);
#3215=B_SPLINE_CURVE_WITH_KNOTS('',1,(#6533,#6534),.UNSPECIFIED.,.F.,.F.,
(2,2),(0.565486677646163,1.13097335529233),.UNSPECIFIED.);
#3216=B_SPLINE_CURVE_WITH_KNOTS('',1,(#6535,#6536),.UNSPECIFIED.,.F.,.F.,
(2,2),(-0.282743338823081,-1.11022302462516E-16),.UNSPECIFIED.);
#3217=B_SPLINE_CURVE_WITH_KNOTS('',1,(#6597,#6598),.UNSPECIFIED.,.F.,.F.,
(2,2),(-0.282743338823081,-1.11022302462516E-16),.UNSPECIFIED.);
#3218=B_SPLINE_CURVE_WITH_KNOTS('',1,(#6604,#6605),.UNSPECIFIED.,.F.,.F.,
(2,2),(-0.565486677646163,0.),.UNSPECIFIED.);
#3219=B_SPLINE_CURVE_WITH_KNOTS('',1,(#6609,#6610),.UNSPECIFIED.,.F.,.F.,
(2,2),(1.11022302462516E-16,0.282743338823081),.UNSPECIFIED.);
#3220=B_SPLINE_CURVE_WITH_KNOTS('',1,(#6626,#6627),.UNSPECIFIED.,.F.,.F.,
(2,2),(1.11022302462516E-16,0.282743338823081),.UNSPECIFIED.);
#3221=B_SPLINE_CURVE_WITH_KNOTS('',1,(#6628,#6629),.UNSPECIFIED.,.F.,.F.,
(2,2),(0.565486677646163,1.13097335529233),.UNSPECIFIED.);
#3222=B_SPLINE_CURVE_WITH_KNOTS('',1,(#6630,#6631),.UNSPECIFIED.,.F.,.F.,
(2,2),(-0.282743338823081,-1.11022302462516E-16),.UNSPECIFIED.);
#3223=B_SPLINE_CURVE_WITH_KNOTS('',1,(#6692,#6693),.UNSPECIFIED.,.F.,.F.,
(2,2),(-0.282743338823081,-1.11022302462516E-16),.UNSPECIFIED.);
#3224=B_SPLINE_CURVE_WITH_KNOTS('',1,(#6699,#6700),.UNSPECIFIED.,.F.,.F.,
(2,2),(-0.565486677646163,0.),.UNSPECIFIED.);
#3225=B_SPLINE_CURVE_WITH_KNOTS('',1,(#6704,#6705),.UNSPECIFIED.,.F.,.F.,
(2,2),(1.11022302462516E-16,0.282743338823081),.UNSPECIFIED.);
#3226=B_SPLINE_CURVE_WITH_KNOTS('',1,(#6721,#6722),.UNSPECIFIED.,.F.,.F.,
(2,2),(1.11022302462516E-16,0.282743338823081),.UNSPECIFIED.);
#3227=B_SPLINE_CURVE_WITH_KNOTS('',1,(#6723,#6724),.UNSPECIFIED.,.F.,.F.,
(2,2),(0.565486677646163,1.13097335529233),.UNSPECIFIED.);
#3228=B_SPLINE_CURVE_WITH_KNOTS('',1,(#6725,#6726),.UNSPECIFIED.,.F.,.F.,
(2,2),(-0.282743338823081,-1.11022302462516E-16),.UNSPECIFIED.);
#3229=B_SPLINE_CURVE_WITH_KNOTS('',1,(#6787,#6788),.UNSPECIFIED.,.F.,.F.,
(2,2),(-0.282743338823081,-1.11022302462516E-16),.UNSPECIFIED.);
#3230=B_SPLINE_CURVE_WITH_KNOTS('',1,(#6794,#6795),.UNSPECIFIED.,.F.,.F.,
(2,2),(-0.565486677646163,0.),.UNSPECIFIED.);
#3231=B_SPLINE_CURVE_WITH_KNOTS('',1,(#6799,#6800),.UNSPECIFIED.,.F.,.F.,
(2,2),(1.11022302462516E-16,0.282743338823081),.UNSPECIFIED.);
#3232=B_SPLINE_CURVE_WITH_KNOTS('',1,(#6816,#6817),.UNSPECIFIED.,.F.,.F.,
(2,2),(1.11022302462516E-16,0.282743338823081),.UNSPECIFIED.);
#3233=B_SPLINE_CURVE_WITH_KNOTS('',1,(#6818,#6819),.UNSPECIFIED.,.F.,.F.,
(2,2),(0.565486677646163,1.13097335529233),.UNSPECIFIED.);
#3234=B_SPLINE_CURVE_WITH_KNOTS('',1,(#6820,#6821),.UNSPECIFIED.,.F.,.F.,
(2,2),(-0.282743338823081,-1.11022302462516E-16),.UNSPECIFIED.);
#3235=B_SPLINE_CURVE_WITH_KNOTS('',1,(#6882,#6883),.UNSPECIFIED.,.F.,.F.,
(2,2),(-0.282743338823081,-1.11022302462516E-16),.UNSPECIFIED.);
#3236=B_SPLINE_CURVE_WITH_KNOTS('',1,(#6889,#6890),.UNSPECIFIED.,.F.,.F.,
(2,2),(-0.565486677646163,0.),.UNSPECIFIED.);
#3237=B_SPLINE_CURVE_WITH_KNOTS('',1,(#6894,#6895),.UNSPECIFIED.,.F.,.F.,
(2,2),(1.11022302462516E-16,0.282743338823081),.UNSPECIFIED.);
#3238=B_SPLINE_CURVE_WITH_KNOTS('',1,(#6911,#6912),.UNSPECIFIED.,.F.,.F.,
(2,2),(1.11022302462516E-16,0.282743338823081),.UNSPECIFIED.);
#3239=B_SPLINE_CURVE_WITH_KNOTS('',1,(#6913,#6914),.UNSPECIFIED.,.F.,.F.,
(2,2),(0.565486677646163,1.13097335529233),.UNSPECIFIED.);
#3240=B_SPLINE_CURVE_WITH_KNOTS('',1,(#6915,#6916),.UNSPECIFIED.,.F.,.F.,
(2,2),(-0.282743338823081,-1.11022302462516E-16),.UNSPECIFIED.);
#3241=B_SPLINE_CURVE_WITH_KNOTS('',1,(#6977,#6978),.UNSPECIFIED.,.F.,.F.,
(2,2),(-0.282743338823081,-1.11022302462516E-16),.UNSPECIFIED.);
#3242=B_SPLINE_CURVE_WITH_KNOTS('',1,(#6984,#6985),.UNSPECIFIED.,.F.,.F.,
(2,2),(-0.565486677646163,0.),.UNSPECIFIED.);
#3243=B_SPLINE_CURVE_WITH_KNOTS('',1,(#6989,#6990),.UNSPECIFIED.,.F.,.F.,
(2,2),(1.11022302462516E-16,0.282743338823081),.UNSPECIFIED.);
#3244=B_SPLINE_CURVE_WITH_KNOTS('',1,(#7006,#7007),.UNSPECIFIED.,.F.,.F.,
(2,2),(1.11022302462516E-16,0.282743338823081),.UNSPECIFIED.);
#3245=B_SPLINE_CURVE_WITH_KNOTS('',1,(#7008,#7009),.UNSPECIFIED.,.F.,.F.,
(2,2),(0.565486677646163,1.13097335529233),.UNSPECIFIED.);
#3246=B_SPLINE_CURVE_WITH_KNOTS('',1,(#7010,#7011),.UNSPECIFIED.,.F.,.F.,
(2,2),(-0.282743338823081,-1.11022302462516E-16),.UNSPECIFIED.);
#3247=B_SPLINE_CURVE_WITH_KNOTS('',1,(#7072,#7073),.UNSPECIFIED.,.F.,.F.,
(2,2),(-0.282743338823081,-1.11022302462516E-16),.UNSPECIFIED.);
#3248=B_SPLINE_CURVE_WITH_KNOTS('',1,(#7079,#7080),.UNSPECIFIED.,.F.,.F.,
(2,2),(-0.565486677646163,0.),.UNSPECIFIED.);
#3249=B_SPLINE_CURVE_WITH_KNOTS('',1,(#7084,#7085),.UNSPECIFIED.,.F.,.F.,
(2,2),(1.11022302462516E-16,0.282743338823081),.UNSPECIFIED.);
#3250=B_SPLINE_CURVE_WITH_KNOTS('',1,(#7101,#7102),.UNSPECIFIED.,.F.,.F.,
(2,2),(1.11022302462516E-16,0.282743338823081),.UNSPECIFIED.);
#3251=B_SPLINE_CURVE_WITH_KNOTS('',1,(#7103,#7104),.UNSPECIFIED.,.F.,.F.,
(2,2),(0.565486677646163,1.13097335529233),.UNSPECIFIED.);
#3252=B_SPLINE_CURVE_WITH_KNOTS('',1,(#7105,#7106),.UNSPECIFIED.,.F.,.F.,
(2,2),(-0.282743338823081,-1.11022302462516E-16),.UNSPECIFIED.);
#3253=B_SPLINE_CURVE_WITH_KNOTS('',1,(#7167,#7168),.UNSPECIFIED.,.F.,.F.,
(2,2),(-0.282743338823081,-1.11022302462516E-16),.UNSPECIFIED.);
#3254=B_SPLINE_CURVE_WITH_KNOTS('',1,(#7174,#7175),.UNSPECIFIED.,.F.,.F.,
(2,2),(-0.565486677646163,0.),.UNSPECIFIED.);
#3255=B_SPLINE_CURVE_WITH_KNOTS('',1,(#7179,#7180),.UNSPECIFIED.,.F.,.F.,
(2,2),(1.11022302462516E-16,0.282743338823081),.UNSPECIFIED.);
#3256=B_SPLINE_CURVE_WITH_KNOTS('',1,(#7196,#7197),.UNSPECIFIED.,.F.,.F.,
(2,2),(1.11022302462516E-16,0.282743338823081),.UNSPECIFIED.);
#3257=B_SPLINE_CURVE_WITH_KNOTS('',1,(#7198,#7199),.UNSPECIFIED.,.F.,.F.,
(2,2),(0.565486677646163,1.13097335529233),.UNSPECIFIED.);
#3258=B_SPLINE_CURVE_WITH_KNOTS('',1,(#7200,#7201),.UNSPECIFIED.,.F.,.F.,
(2,2),(-0.282743338823081,-1.11022302462516E-16),.UNSPECIFIED.);
#3259=B_SPLINE_CURVE_WITH_KNOTS('',1,(#7262,#7263),.UNSPECIFIED.,.F.,.F.,
(2,2),(-0.282743338823081,-1.11022302462516E-16),.UNSPECIFIED.);
#3260=B_SPLINE_CURVE_WITH_KNOTS('',1,(#7269,#7270),.UNSPECIFIED.,.F.,.F.,
(2,2),(-0.565486677646163,0.),.UNSPECIFIED.);
#3261=B_SPLINE_CURVE_WITH_KNOTS('',1,(#7274,#7275),.UNSPECIFIED.,.F.,.F.,
(2,2),(1.11022302462516E-16,0.282743338823081),.UNSPECIFIED.);
#3262=B_SPLINE_CURVE_WITH_KNOTS('',1,(#7291,#7292),.UNSPECIFIED.,.F.,.F.,
(2,2),(1.11022302462516E-16,0.282743338823081),.UNSPECIFIED.);
#3263=B_SPLINE_CURVE_WITH_KNOTS('',1,(#7293,#7294),.UNSPECIFIED.,.F.,.F.,
(2,2),(0.565486677646163,1.13097335529233),.UNSPECIFIED.);
#3264=B_SPLINE_CURVE_WITH_KNOTS('',1,(#7295,#7296),.UNSPECIFIED.,.F.,.F.,
(2,2),(-0.282743338823081,-1.11022302462516E-16),.UNSPECIFIED.);
#3265=B_SPLINE_CURVE_WITH_KNOTS('',1,(#7357,#7358),.UNSPECIFIED.,.F.,.F.,
(2,2),(-0.282743338823081,-1.11022302462516E-16),.UNSPECIFIED.);
#3266=B_SPLINE_CURVE_WITH_KNOTS('',1,(#7364,#7365),.UNSPECIFIED.,.F.,.F.,
(2,2),(-0.565486677646163,0.),.UNSPECIFIED.);
#3267=B_SPLINE_CURVE_WITH_KNOTS('',1,(#7369,#7370),.UNSPECIFIED.,.F.,.F.,
(2,2),(1.11022302462516E-16,0.282743338823081),.UNSPECIFIED.);
#3268=B_SPLINE_CURVE_WITH_KNOTS('',1,(#7386,#7387),.UNSPECIFIED.,.F.,.F.,
(2,2),(1.11022302462516E-16,0.282743338823081),.UNSPECIFIED.);
#3269=B_SPLINE_CURVE_WITH_KNOTS('',1,(#7388,#7389),.UNSPECIFIED.,.F.,.F.,
(2,2),(0.565486677646163,1.13097335529233),.UNSPECIFIED.);
#3270=B_SPLINE_CURVE_WITH_KNOTS('',1,(#7390,#7391),.UNSPECIFIED.,.F.,.F.,
(2,2),(-0.282743338823081,-1.11022302462516E-16),.UNSPECIFIED.);
#3271=B_SPLINE_CURVE_WITH_KNOTS('',1,(#7452,#7453),.UNSPECIFIED.,.F.,.F.,
(2,2),(-0.282743338823081,-1.11022302462516E-16),.UNSPECIFIED.);
#3272=B_SPLINE_CURVE_WITH_KNOTS('',1,(#7459,#7460),.UNSPECIFIED.,.F.,.F.,
(2,2),(-0.565486677646163,0.),.UNSPECIFIED.);
#3273=B_SPLINE_CURVE_WITH_KNOTS('',1,(#7464,#7465),.UNSPECIFIED.,.F.,.F.,
(2,2),(1.11022302462516E-16,0.282743338823081),.UNSPECIFIED.);
#3274=B_SPLINE_CURVE_WITH_KNOTS('',1,(#7481,#7482),.UNSPECIFIED.,.F.,.F.,
(2,2),(1.11022302462516E-16,0.282743338823081),.UNSPECIFIED.);
#3275=B_SPLINE_CURVE_WITH_KNOTS('',1,(#7483,#7484),.UNSPECIFIED.,.F.,.F.,
(2,2),(0.565486677646163,1.13097335529233),.UNSPECIFIED.);
#3276=B_SPLINE_CURVE_WITH_KNOTS('',1,(#7485,#7486),.UNSPECIFIED.,.F.,.F.,
(2,2),(-0.282743338823081,-1.11022302462516E-16),.UNSPECIFIED.);
#3277=B_SPLINE_CURVE_WITH_KNOTS('',1,(#7519,#7520),.UNSPECIFIED.,.F.,.F.,
(2,2),(0.,6.13),.UNSPECIFIED.);
#3278=B_SPLINE_CURVE_WITH_KNOTS('',1,(#7521,#7522),.UNSPECIFIED.,.F.,.F.,
(2,2),(0.,6.13),.UNSPECIFIED.);
#3279=B_SPLINE_CURVE_WITH_KNOTS('',1,(#7523,#7524),.UNSPECIFIED.,.F.,.F.,
(2,2),(0.,0.12),.UNSPECIFIED.);
#3280=B_SPLINE_CURVE_WITH_KNOTS('',1,(#7525,#7526),.UNSPECIFIED.,.F.,.F.,
(2,2),(0.,0.12),.UNSPECIFIED.);
#3281=B_SPLINE_CURVE_WITH_KNOTS('',1,(#7527,#7528),.UNSPECIFIED.,.F.,.F.,
(2,2),(-6.13,0.),.UNSPECIFIED.);
#3282=B_SPLINE_CURVE_WITH_KNOTS('',1,(#7529,#7530),.UNSPECIFIED.,.F.,.F.,
(2,2),(-6.13,0.),.UNSPECIFIED.);
#3283=B_SPLINE_CURVE_WITH_KNOTS('',1,(#7531,#7532),.UNSPECIFIED.,.F.,.F.,
(2,2),(-0.12,0.),.UNSPECIFIED.);
#3284=B_SPLINE_CURVE_WITH_KNOTS('',1,(#7533,#7534),.UNSPECIFIED.,.F.,.F.,
(2,2),(-0.12,0.),.UNSPECIFIED.);
#3285=B_SPLINE_CURVE_WITH_KNOTS('',1,(#7535,#7536),.UNSPECIFIED.,.F.,.F.,
(2,2),(6.13,6.18),.UNSPECIFIED.);
#3286=B_SPLINE_CURVE_WITH_KNOTS('',1,(#7537,#7538),.UNSPECIFIED.,.F.,.F.,
(2,2),(6.13,6.18),.UNSPECIFIED.);
#3287=B_SPLINE_CURVE_WITH_KNOTS('',1,(#7539,#7540),.UNSPECIFIED.,.F.,.F.,
(2,2),(0.,0.12),.UNSPECIFIED.);
#3288=B_SPLINE_CURVE_WITH_KNOTS('',1,(#7541,#7542),.UNSPECIFIED.,.F.,.F.,
(2,2),(0.,0.12),.UNSPECIFIED.);
#3289=B_SPLINE_CURVE_WITH_KNOTS('',1,(#7543,#7544),.UNSPECIFIED.,.F.,.F.,
(2,2),(-6.18,-6.13),.UNSPECIFIED.);
#3290=B_SPLINE_CURVE_WITH_KNOTS('',1,(#7545,#7546),.UNSPECIFIED.,.F.,.F.,
(2,2),(-6.18,-6.13),.UNSPECIFIED.);
#3291=B_SPLINE_CURVE_WITH_KNOTS('',1,(#7547,#7548),.UNSPECIFIED.,.F.,.F.,
(2,2),(0.,0.12),.UNSPECIFIED.);
#3292=B_SPLINE_CURVE_WITH_KNOTS('',1,(#7549,#7550),.UNSPECIFIED.,.F.,.F.,
(2,2),(6.18,12.31),.UNSPECIFIED.);
#3293=B_SPLINE_CURVE_WITH_KNOTS('',1,(#7551,#7552),.UNSPECIFIED.,.F.,.F.,
(2,2),(6.18,12.31),.UNSPECIFIED.);
#3294=B_SPLINE_CURVE_WITH_KNOTS('',1,(#7553,#7554),.UNSPECIFIED.,.F.,.F.,
(2,2),(0.,0.12),.UNSPECIFIED.);
#3295=B_SPLINE_CURVE_WITH_KNOTS('',1,(#7555,#7556),.UNSPECIFIED.,.F.,.F.,
(2,2),(0.,0.12),.UNSPECIFIED.);
#3296=B_SPLINE_CURVE_WITH_KNOTS('',1,(#7557,#7558),.UNSPECIFIED.,.F.,.F.,
(2,2),(-12.31,-6.18),.UNSPECIFIED.);
#3297=B_SPLINE_CURVE_WITH_KNOTS('',1,(#7559,#7560),.UNSPECIFIED.,.F.,.F.,
(2,2),(-12.31,-6.18),.UNSPECIFIED.);
#3298=B_SPLINE_CURVE_WITH_KNOTS('',1,(#7561,#7562),.UNSPECIFIED.,.F.,.F.,
(2,2),(0.,0.12),.UNSPECIFIED.);
#3299=B_SPLINE_CURVE_WITH_KNOTS('',1,(#7563,#7564),.UNSPECIFIED.,.F.,.F.,
(2,2),(12.31,12.36),.UNSPECIFIED.);
#3300=B_SPLINE_CURVE_WITH_KNOTS('',1,(#7565,#7566),.UNSPECIFIED.,.F.,.F.,
(2,2),(12.31,12.36),.UNSPECIFIED.);
#3301=B_SPLINE_CURVE_WITH_KNOTS('',1,(#7567,#7568),.UNSPECIFIED.,.F.,.F.,
(2,2),(-0.12,0.),.UNSPECIFIED.);
#3302=B_SPLINE_CURVE_WITH_KNOTS('',1,(#7569,#7570),.UNSPECIFIED.,.F.,.F.,
(2,2),(-12.36,-12.31),.UNSPECIFIED.);
#3303=B_SPLINE_CURVE_WITH_KNOTS('',1,(#7571,#7572),.UNSPECIFIED.,.F.,.F.,
(2,2),(-12.36,-12.31),.UNSPECIFIED.);
#3304=B_SPLINE_CURVE_WITH_KNOTS('',1,(#7573,#7574),.UNSPECIFIED.,.F.,.F.,
(2,2),(0.,0.12),.UNSPECIFIED.);
#3305=B_SPLINE_CURVE_WITH_KNOTS('',1,(#7575,#7576),.UNSPECIFIED.,.F.,.F.,
(2,2),(12.31,12.36),.UNSPECIFIED.);
#3306=B_SPLINE_CURVE_WITH_KNOTS('',1,(#7577,#7578),.UNSPECIFIED.,.F.,.F.,
(2,2),(6.18,12.31),.UNSPECIFIED.);
#3307=B_SPLINE_CURVE_WITH_KNOTS('',1,(#7579,#7580),.UNSPECIFIED.,.F.,.F.,
(2,2),(6.13,6.18),.UNSPECIFIED.);
#3308=B_SPLINE_CURVE_WITH_KNOTS('',1,(#7581,#7582),.UNSPECIFIED.,.F.,.F.,
(2,2),(0.,6.13),.UNSPECIFIED.);
#3309=B_SPLINE_CURVE_WITH_KNOTS('',1,(#7583,#7584),.UNSPECIFIED.,.F.,.F.,
(2,2),(-6.13,0.),.UNSPECIFIED.);
#3310=B_SPLINE_CURVE_WITH_KNOTS('',1,(#7585,#7586),.UNSPECIFIED.,.F.,.F.,
(2,2),(-6.18,-6.13),.UNSPECIFIED.);
#3311=B_SPLINE_CURVE_WITH_KNOTS('',1,(#7587,#7588),.UNSPECIFIED.,.F.,.F.,
(2,2),(-12.31,-6.18),.UNSPECIFIED.);
#3312=B_SPLINE_CURVE_WITH_KNOTS('',1,(#7589,#7590),.UNSPECIFIED.,.F.,.F.,
(2,2),(-12.36,-12.31),.UNSPECIFIED.);
#3313=VERTEX_POINT('',#3587);
#3314=VERTEX_POINT('',#3588);
#3315=VERTEX_POINT('',#3589);
#3316=VERTEX_POINT('',#3590);
#3317=VERTEX_POINT('',#3591);
#3318=VERTEX_POINT('',#3592);
#3319=VERTEX_POINT('',#3593);
#3320=VERTEX_POINT('',#3594);
#3321=VERTEX_POINT('',#3723);
#3322=VERTEX_POINT('',#3724);
#3323=VERTEX_POINT('',#3725);
#3324=VERTEX_POINT('',#3726);
#3325=VERTEX_POINT('',#3727);
#3326=VERTEX_POINT('',#3728);
#3327=VERTEX_POINT('',#3729);
#3328=VERTEX_POINT('',#3730);
#3329=VERTEX_POINT('',#3731);
#3330=VERTEX_POINT('',#3732);
#3331=VERTEX_POINT('',#3733);
#3332=VERTEX_POINT('',#3734);
#3333=VERTEX_POINT('',#3735);
#3334=VERTEX_POINT('',#3736);
#3335=VERTEX_POINT('',#3737);
#3336=VERTEX_POINT('',#3738);
#3337=VERTEX_POINT('',#3739);
#3338=VERTEX_POINT('',#3740);
#3339=VERTEX_POINT('',#3741);
#3340=VERTEX_POINT('',#3742);
#3341=VERTEX_POINT('',#3743);
#3342=VERTEX_POINT('',#3744);
#3343=VERTEX_POINT('',#3745);
#3344=VERTEX_POINT('',#3746);
#3345=VERTEX_POINT('',#3987);
#3346=VERTEX_POINT('',#3988);
#3347=VERTEX_POINT('',#3989);
#3348=VERTEX_POINT('',#3990);
#3349=VERTEX_POINT('',#3991);
#3350=VERTEX_POINT('',#3992);
#3351=VERTEX_POINT('',#3993);
#3352=VERTEX_POINT('',#3994);
#3353=VERTEX_POINT('',#4121);
#3354=VERTEX_POINT('',#4122);
#3355=VERTEX_POINT('',#4123);
#3356=VERTEX_POINT('',#4216);
#3357=VERTEX_POINT('',#4217);
#3358=VERTEX_POINT('',#4218);
#3359=VERTEX_POINT('',#4311);
#3360=VERTEX_POINT('',#4312);
#3361=VERTEX_POINT('',#4313);
#3362=VERTEX_POINT('',#4406);
#3363=VERTEX_POINT('',#4407);
#3364=VERTEX_POINT('',#4408);
#3365=VERTEX_POINT('',#4501);
#3366=VERTEX_POINT('',#4502);
#3367=VERTEX_POINT('',#4503);
#3368=VERTEX_POINT('',#4596);
#3369=VERTEX_POINT('',#4597);
#3370=VERTEX_POINT('',#4598);
#3371=VERTEX_POINT('',#4691);
#3372=VERTEX_POINT('',#4692);
#3373=VERTEX_POINT('',#4693);
#3374=VERTEX_POINT('',#4786);
#3375=VERTEX_POINT('',#4787);
#3376=VERTEX_POINT('',#4788);
#3377=VERTEX_POINT('',#4881);
#3378=VERTEX_POINT('',#4882);
#3379=VERTEX_POINT('',#4883);
#3380=VERTEX_POINT('',#4976);
#3381=VERTEX_POINT('',#4977);
#3382=VERTEX_POINT('',#4978);
#3383=VERTEX_POINT('',#5071);
#3384=VERTEX_POINT('',#5072);
#3385=VERTEX_POINT('',#5073);
#3386=VERTEX_POINT('',#5166);
#3387=VERTEX_POINT('',#5167);
#3388=VERTEX_POINT('',#5168);
#3389=VERTEX_POINT('',#5261);
#3390=VERTEX_POINT('',#5262);
#3391=VERTEX_POINT('',#5263);
#3392=VERTEX_POINT('',#5356);
#3393=VERTEX_POINT('',#5357);
#3394=VERTEX_POINT('',#5358);
#3395=VERTEX_POINT('',#5451);
#3396=VERTEX_POINT('',#5452);
#3397=VERTEX_POINT('',#5453);
#3398=VERTEX_POINT('',#5546);
#3399=VERTEX_POINT('',#5547);
#3400=VERTEX_POINT('',#5548);
#3401=VERTEX_POINT('',#5641);
#3402=VERTEX_POINT('',#5642);
#3403=VERTEX_POINT('',#5643);
#3404=VERTEX_POINT('',#5736);
#3405=VERTEX_POINT('',#5737);
#3406=VERTEX_POINT('',#5738);
#3407=VERTEX_POINT('',#5831);
#3408=VERTEX_POINT('',#5832);
#3409=VERTEX_POINT('',#5833);
#3410=VERTEX_POINT('',#5926);
#3411=VERTEX_POINT('',#5927);
#3412=VERTEX_POINT('',#5928);
#3413=VERTEX_POINT('',#6021);
#3414=VERTEX_POINT('',#6022);
#3415=VERTEX_POINT('',#6023);
#3416=VERTEX_POINT('',#6116);
#3417=VERTEX_POINT('',#6117);
#3418=VERTEX_POINT('',#6118);
#3419=VERTEX_POINT('',#6211);
#3420=VERTEX_POINT('',#6212);
#3421=VERTEX_POINT('',#6213);
#3422=VERTEX_POINT('',#6306);
#3423=VERTEX_POINT('',#6307);
#3424=VERTEX_POINT('',#6308);
#3425=VERTEX_POINT('',#6401);
#3426=VERTEX_POINT('',#6402);
#3427=VERTEX_POINT('',#6403);
#3428=VERTEX_POINT('',#6496);
#3429=VERTEX_POINT('',#6497);
#3430=VERTEX_POINT('',#6498);
#3431=VERTEX_POINT('',#6591);
#3432=VERTEX_POINT('',#6592);
#3433=VERTEX_POINT('',#6593);
#3434=VERTEX_POINT('',#6686);
#3435=VERTEX_POINT('',#6687);
#3436=VERTEX_POINT('',#6688);
#3437=VERTEX_POINT('',#6781);
#3438=VERTEX_POINT('',#6782);
#3439=VERTEX_POINT('',#6783);
#3440=VERTEX_POINT('',#6876);
#3441=VERTEX_POINT('',#6877);
#3442=VERTEX_POINT('',#6878);
#3443=VERTEX_POINT('',#6971);
#3444=VERTEX_POINT('',#6972);
#3445=VERTEX_POINT('',#6973);
#3446=VERTEX_POINT('',#7066);
#3447=VERTEX_POINT('',#7067);
#3448=VERTEX_POINT('',#7068);
#3449=VERTEX_POINT('',#7161);
#3450=VERTEX_POINT('',#7162);
#3451=VERTEX_POINT('',#7163);
#3452=VERTEX_POINT('',#7256);
#3453=VERTEX_POINT('',#7257);
#3454=VERTEX_POINT('',#7258);
#3455=VERTEX_POINT('',#7351);
#3456=VERTEX_POINT('',#7352);
#3457=VERTEX_POINT('',#7353);
#3458=VERTEX_POINT('',#7446);
#3459=VERTEX_POINT('',#7447);
#3460=VERTEX_POINT('',#7448);
#3461=VERTEX_POINT('',#7511);
#3462=VERTEX_POINT('',#7512);
#3463=VERTEX_POINT('',#7513);
#3464=VERTEX_POINT('',#7514);
#3465=VERTEX_POINT('',#7515);
#3466=VERTEX_POINT('',#7516);
#3467=VERTEX_POINT('',#7517);
#3468=VERTEX_POINT('',#7518);
#3469=B_SPLINE_SURFACE_WITH_KNOTS('',1,1,((#3563,#3564),(#3565,#3566)),
 .UNSPECIFIED.,.F.,.F.,.F.,(2,2),(2,2),(0.,6.13),(0.,6.13),
 .UNSPECIFIED.);
#3470=B_SPLINE_SURFACE_WITH_KNOTS('',1,1,((#3567,#3568),(#3569,#3570)),
 .UNSPECIFIED.,.F.,.F.,.F.,(2,2),(2,2),(0.,8.),(0.,8.),.UNSPECIFIED.);
#3471=B_SPLINE_SURFACE_WITH_KNOTS('',1,1,((#3571,#3572),(#3573,#3574)),
 .UNSPECIFIED.,.F.,.F.,.F.,(2,2),(2,2),(0.,6.13),(0.,0.46),
 .UNSPECIFIED.);
#3472=B_SPLINE_SURFACE_WITH_KNOTS('',1,1,((#3575,#3576),(#3577,#3578)),
 .UNSPECIFIED.,.F.,.F.,.F.,(2,2),(2,2),(6.13,12.26),(0.,0.46),
 .UNSPECIFIED.);
#3473=B_SPLINE_SURFACE_WITH_KNOTS('',1,1,((#3579,#3580),(#3581,#3582)),
 .UNSPECIFIED.,.F.,.F.,.F.,(2,2),(2,2),(12.26,18.39),(0.,0.46),
 .UNSPECIFIED.);
#3474=B_SPLINE_SURFACE_WITH_KNOTS('',1,1,((#3583,#3584),(#3585,#3586)),
 .UNSPECIFIED.,.F.,.F.,.F.,(2,2),(2,2),(18.39,24.52),(0.,0.46),
 .UNSPECIFIED.);
#3475=B_SPLINE_SURFACE_WITH_KNOTS('',1,1,((#3667,#3668),(#3669,#3670)),
 .UNSPECIFIED.,.F.,.F.,.F.,(2,2),(2,2),(-12.,-11.),(0.,0.596083465945391),
 .UNSPECIFIED.);
#3476=B_SPLINE_SURFACE_WITH_KNOTS('',1,1,((#3671,#3672),(#3673,#3674)),
 .UNSPECIFIED.,.F.,.F.,.F.,(2,2),(2,2),(-11.,-10.),(0.,0.596083465945391),
 .UNSPECIFIED.);
#3477=B_SPLINE_SURFACE_WITH_KNOTS('',1,1,((#3675,#3676),(#3677,#3678)),
 .UNSPECIFIED.,.F.,.F.,.F.,(2,2),(2,2),(-10.,-9.),(0.,0.596083465945391),
 .UNSPECIFIED.);
#3478=B_SPLINE_SURFACE_WITH_KNOTS('',1,1,((#3679,#3680),(#3681,#3682)),
 .UNSPECIFIED.,.F.,.F.,.F.,(2,2),(2,2),(-9.,-8.),(0.,0.596083465945391),
 .UNSPECIFIED.);
#3479=B_SPLINE_SURFACE_WITH_KNOTS('',1,1,((#3683,#3684),(#3685,#3686)),
 .UNSPECIFIED.,.F.,.F.,.F.,(2,2),(2,2),(-8.,-7.),(0.,0.596083465945391),
 .UNSPECIFIED.);
#3480=B_SPLINE_SURFACE_WITH_KNOTS('',1,1,((#3687,#3688),(#3689,#3690)),
 .UNSPECIFIED.,.F.,.F.,.F.,(2,2),(2,2),(-7.,-6.),(0.,0.596083465945391),
 .UNSPECIFIED.);
#3481=B_SPLINE_SURFACE_WITH_KNOTS('',1,1,((#3691,#3692),(#3693,#3694)),
 .UNSPECIFIED.,.F.,.F.,.F.,(2,2),(2,2),(-6.,-5.),(0.,0.596083465945391),
 .UNSPECIFIED.);
#3482=B_SPLINE_SURFACE_WITH_KNOTS('',1,1,((#3695,#3696),(#3697,#3698)),
 .UNSPECIFIED.,.F.,.F.,.F.,(2,2),(2,2),(-5.,-4.),(0.,0.596083465945391),
 .UNSPECIFIED.);
#3483=B_SPLINE_SURFACE_WITH_KNOTS('',1,1,((#3699,#3700),(#3701,#3702)),
 .UNSPECIFIED.,.F.,.F.,.F.,(2,2),(2,2),(-4.,-3.),(0.,0.596083465945391),
 .UNSPECIFIED.);
#3484=B_SPLINE_SURFACE_WITH_KNOTS('',1,1,((#3703,#3704),(#3705,#3706)),
 .UNSPECIFIED.,.F.,.F.,.F.,(2,2),(2,2),(-3.,-2.),(0.,0.596083465945391),
 .UNSPECIFIED.);
#3485=B_SPLINE_SURFACE_WITH_KNOTS('',1,1,((#3707,#3708),(#3709,#3710)),
 .UNSPECIFIED.,.F.,.F.,.F.,(2,2),(2,2),(-2.,-1.),(0.,0.596083465945391),
 .UNSPECIFIED.);
#3486=B_SPLINE_SURFACE_WITH_KNOTS('',1,1,((#3711,#3712),(#3713,#3714)),
 .UNSPECIFIED.,.F.,.F.,.F.,(2,2),(2,2),(-1.,0.),(0.,0.596083465945391),
 .UNSPECIFIED.);
#3487=B_SPLINE_SURFACE_WITH_KNOTS('',1,1,((#3715,#3716),(#3717,#3718)),
 .UNSPECIFIED.,.F.,.F.,.F.,(2,2),(2,2),(0.,0.696695950475903),(-0.261006092666094,
0.435689857809808),.UNSPECIFIED.);
#3488=B_SPLINE_SURFACE_WITH_KNOTS('',1,1,((#3719,#3720),(#3721,#3722)),
 .UNSPECIFIED.,.F.,.F.,.F.,(2,2),(2,2),(-0.261006092666094,0.435689857809808),
(0.,0.696695950475903),.UNSPECIFIED.);
#3489=B_SPLINE_SURFACE_WITH_KNOTS('',1,1,((#3963,#3964),(#3965,#3966)),
 .UNSPECIFIED.,.F.,.F.,.F.,(2,2),(2,2),(0.,6.13),(0.,0.09),
 .UNSPECIFIED.);
#3490=B_SPLINE_SURFACE_WITH_KNOTS('',1,1,((#3967,#3968),(#3969,#3970)),
 .UNSPECIFIED.,.F.,.F.,.F.,(2,2),(2,2),(6.13,12.26),(0.,0.09),
 .UNSPECIFIED.);
#3491=B_SPLINE_SURFACE_WITH_KNOTS('',1,1,((#3971,#3972),(#3973,#3974)),
 .UNSPECIFIED.,.F.,.F.,.F.,(2,2),(2,2),(12.26,18.39),(0.,0.09),
 .UNSPECIFIED.);
#3492=B_SPLINE_SURFACE_WITH_KNOTS('',1,1,((#3975,#3976),(#3977,#3978)),
 .UNSPECIFIED.,.F.,.F.,.F.,(2,2),(2,2),(18.39,24.52),(0.,0.09),
 .UNSPECIFIED.);
#3493=B_SPLINE_SURFACE_WITH_KNOTS('',1,1,((#3979,#3980),(#3981,#3982)),
 .UNSPECIFIED.,.F.,.F.,.F.,(2,2),(2,2),(0.,6.13),(0.,6.13),
 .UNSPECIFIED.);
#3494=B_SPLINE_SURFACE_WITH_KNOTS('',1,1,((#3983,#3984),(#3985,#3986)),
 .UNSPECIFIED.,.F.,.F.,.F.,(2,2),(2,2),(0.,6.13),(0.,6.13),
 .UNSPECIFIED.);
#3495=B_SPLINE_SURFACE_WITH_KNOTS('',1,1,((#4092,#4093),(#4094,#4095)),
 .UNSPECIFIED.,.F.,.F.,.F.,(2,2),(2,2),(0.,9.51988161196497),(0.,9.38388330322261),
 .UNSPECIFIED.);
#3496=B_SPLINE_SURFACE_WITH_KNOTS('',1,1,((#4187,#4188),(#4189,#4190)),
 .UNSPECIFIED.,.F.,.F.,.F.,(2,2),(2,2),(0.,9.51988161196497),(0.,9.38388330322261),
 .UNSPECIFIED.);
#3497=B_SPLINE_SURFACE_WITH_KNOTS('',1,1,((#4282,#4283),(#4284,#4285)),
 .UNSPECIFIED.,.F.,.F.,.F.,(2,2),(2,2),(0.,9.51988161196497),(0.,9.38388330322261),
 .UNSPECIFIED.);
#3498=B_SPLINE_SURFACE_WITH_KNOTS('',1,1,((#4377,#4378),(#4379,#4380)),
 .UNSPECIFIED.,.F.,.F.,.F.,(2,2),(2,2),(0.,9.51988161196497),(0.,9.38388330322261),
 .UNSPECIFIED.);
#3499=B_SPLINE_SURFACE_WITH_KNOTS('',1,1,((#4472,#4473),(#4474,#4475)),
 .UNSPECIFIED.,.F.,.F.,.F.,(2,2),(2,2),(0.,9.51988161196497),(0.,9.38388330322261),
 .UNSPECIFIED.);
#3500=B_SPLINE_SURFACE_WITH_KNOTS('',1,1,((#4567,#4568),(#4569,#4570)),
 .UNSPECIFIED.,.F.,.F.,.F.,(2,2),(2,2),(0.,9.51988161196497),(0.,9.38388330322261),
 .UNSPECIFIED.);
#3501=B_SPLINE_SURFACE_WITH_KNOTS('',1,1,((#4662,#4663),(#4664,#4665)),
 .UNSPECIFIED.,.F.,.F.,.F.,(2,2),(2,2),(0.,9.51988161196497),(0.,9.38388330322261),
 .UNSPECIFIED.);
#3502=B_SPLINE_SURFACE_WITH_KNOTS('',1,1,((#4757,#4758),(#4759,#4760)),
 .UNSPECIFIED.,.F.,.F.,.F.,(2,2),(2,2),(0.,9.51988161196497),(0.,9.38388330322261),
 .UNSPECIFIED.);
#3503=B_SPLINE_SURFACE_WITH_KNOTS('',1,1,((#4852,#4853),(#4854,#4855)),
 .UNSPECIFIED.,.F.,.F.,.F.,(2,2),(2,2),(0.,9.51988161196497),(0.,9.38388330322261),
 .UNSPECIFIED.);
#3504=B_SPLINE_SURFACE_WITH_KNOTS('',1,1,((#4947,#4948),(#4949,#4950)),
 .UNSPECIFIED.,.F.,.F.,.F.,(2,2),(2,2),(0.,9.51988161196497),(0.,9.38388330322261),
 .UNSPECIFIED.);
#3505=B_SPLINE_SURFACE_WITH_KNOTS('',1,1,((#5042,#5043),(#5044,#5045)),
 .UNSPECIFIED.,.F.,.F.,.F.,(2,2),(2,2),(0.,9.51988161196497),(0.,9.38388330322261),
 .UNSPECIFIED.);
#3506=B_SPLINE_SURFACE_WITH_KNOTS('',1,1,((#5137,#5138),(#5139,#5140)),
 .UNSPECIFIED.,.F.,.F.,.F.,(2,2),(2,2),(0.,9.51988161196497),(0.,9.38388330322261),
 .UNSPECIFIED.);
#3507=B_SPLINE_SURFACE_WITH_KNOTS('',1,1,((#5232,#5233),(#5234,#5235)),
 .UNSPECIFIED.,.F.,.F.,.F.,(2,2),(2,2),(0.,9.51988161196497),(0.,9.38388330322261),
 .UNSPECIFIED.);
#3508=B_SPLINE_SURFACE_WITH_KNOTS('',1,1,((#5327,#5328),(#5329,#5330)),
 .UNSPECIFIED.,.F.,.F.,.F.,(2,2),(2,2),(0.,9.51988161196497),(0.,9.38388330322261),
 .UNSPECIFIED.);
#3509=B_SPLINE_SURFACE_WITH_KNOTS('',1,1,((#5422,#5423),(#5424,#5425)),
 .UNSPECIFIED.,.F.,.F.,.F.,(2,2),(2,2),(0.,9.51988161196497),(0.,9.38388330322261),
 .UNSPECIFIED.);
#3510=B_SPLINE_SURFACE_WITH_KNOTS('',1,1,((#5517,#5518),(#5519,#5520)),
 .UNSPECIFIED.,.F.,.F.,.F.,(2,2),(2,2),(0.,9.51988161196497),(0.,9.38388330322261),
 .UNSPECIFIED.);
#3511=B_SPLINE_SURFACE_WITH_KNOTS('',1,1,((#5612,#5613),(#5614,#5615)),
 .UNSPECIFIED.,.F.,.F.,.F.,(2,2),(2,2),(0.,9.51988161196497),(0.,9.38388330322261),
 .UNSPECIFIED.);
#3512=B_SPLINE_SURFACE_WITH_KNOTS('',1,1,((#5707,#5708),(#5709,#5710)),
 .UNSPECIFIED.,.F.,.F.,.F.,(2,2),(2,2),(0.,9.51988161196497),(0.,9.38388330322261),
 .UNSPECIFIED.);
#3513=B_SPLINE_SURFACE_WITH_KNOTS('',1,1,((#5802,#5803),(#5804,#5805)),
 .UNSPECIFIED.,.F.,.F.,.F.,(2,2),(2,2),(0.,9.51988161196497),(0.,9.38388330322261),
 .UNSPECIFIED.);
#3514=B_SPLINE_SURFACE_WITH_KNOTS('',1,1,((#5897,#5898),(#5899,#5900)),
 .UNSPECIFIED.,.F.,.F.,.F.,(2,2),(2,2),(0.,9.51988161196497),(0.,9.38388330322261),
 .UNSPECIFIED.);
#3515=B_SPLINE_SURFACE_WITH_KNOTS('',1,1,((#5992,#5993),(#5994,#5995)),
 .UNSPECIFIED.,.F.,.F.,.F.,(2,2),(2,2),(0.,9.51988161196497),(0.,9.38388330322261),
 .UNSPECIFIED.);
#3516=B_SPLINE_SURFACE_WITH_KNOTS('',1,1,((#6087,#6088),(#6089,#6090)),
 .UNSPECIFIED.,.F.,.F.,.F.,(2,2),(2,2),(0.,9.51988161196497),(0.,9.38388330322261),
 .UNSPECIFIED.);
#3517=B_SPLINE_SURFACE_WITH_KNOTS('',1,1,((#6182,#6183),(#6184,#6185)),
 .UNSPECIFIED.,.F.,.F.,.F.,(2,2),(2,2),(0.,9.51988161196497),(0.,9.38388330322261),
 .UNSPECIFIED.);
#3518=B_SPLINE_SURFACE_WITH_KNOTS('',1,1,((#6277,#6278),(#6279,#6280)),
 .UNSPECIFIED.,.F.,.F.,.F.,(2,2),(2,2),(0.,9.51988161196497),(0.,9.38388330322261),
 .UNSPECIFIED.);
#3519=B_SPLINE_SURFACE_WITH_KNOTS('',1,1,((#6372,#6373),(#6374,#6375)),
 .UNSPECIFIED.,.F.,.F.,.F.,(2,2),(2,2),(0.,9.51988161196497),(0.,9.38388330322261),
 .UNSPECIFIED.);
#3520=B_SPLINE_SURFACE_WITH_KNOTS('',1,1,((#6467,#6468),(#6469,#6470)),
 .UNSPECIFIED.,.F.,.F.,.F.,(2,2),(2,2),(0.,9.51988161196497),(0.,9.38388330322261),
 .UNSPECIFIED.);
#3521=B_SPLINE_SURFACE_WITH_KNOTS('',1,1,((#6562,#6563),(#6564,#6565)),
 .UNSPECIFIED.,.F.,.F.,.F.,(2,2),(2,2),(0.,9.51988161196497),(0.,9.38388330322261),
 .UNSPECIFIED.);
#3522=B_SPLINE_SURFACE_WITH_KNOTS('',1,1,((#6657,#6658),(#6659,#6660)),
 .UNSPECIFIED.,.F.,.F.,.F.,(2,2),(2,2),(0.,9.51988161196497),(0.,9.38388330322261),
 .UNSPECIFIED.);
#3523=B_SPLINE_SURFACE_WITH_KNOTS('',1,1,((#6752,#6753),(#6754,#6755)),
 .UNSPECIFIED.,.F.,.F.,.F.,(2,2),(2,2),(0.,9.51988161196497),(0.,9.38388330322261),
 .UNSPECIFIED.);
#3524=B_SPLINE_SURFACE_WITH_KNOTS('',1,1,((#6847,#6848),(#6849,#6850)),
 .UNSPECIFIED.,.F.,.F.,.F.,(2,2),(2,2),(0.,9.51988161196497),(0.,9.38388330322261),
 .UNSPECIFIED.);
#3525=B_SPLINE_SURFACE_WITH_KNOTS('',1,1,((#6942,#6943),(#6944,#6945)),
 .UNSPECIFIED.,.F.,.F.,.F.,(2,2),(2,2),(0.,9.51988161196497),(0.,9.38388330322261),
 .UNSPECIFIED.);
#3526=B_SPLINE_SURFACE_WITH_KNOTS('',1,1,((#7037,#7038),(#7039,#7040)),
 .UNSPECIFIED.,.F.,.F.,.F.,(2,2),(2,2),(0.,9.51988161196497),(0.,9.38388330322261),
 .UNSPECIFIED.);
#3527=B_SPLINE_SURFACE_WITH_KNOTS('',1,1,((#7132,#7133),(#7134,#7135)),
 .UNSPECIFIED.,.F.,.F.,.F.,(2,2),(2,2),(0.,9.51988161196497),(0.,9.38388330322261),
 .UNSPECIFIED.);
#3528=B_SPLINE_SURFACE_WITH_KNOTS('',1,1,((#7227,#7228),(#7229,#7230)),
 .UNSPECIFIED.,.F.,.F.,.F.,(2,2),(2,2),(0.,9.51988161196497),(0.,9.38388330322261),
 .UNSPECIFIED.);
#3529=B_SPLINE_SURFACE_WITH_KNOTS('',1,1,((#7322,#7323),(#7324,#7325)),
 .UNSPECIFIED.,.F.,.F.,.F.,(2,2),(2,2),(0.,9.51988161196497),(0.,9.38388330322261),
 .UNSPECIFIED.);
#3530=B_SPLINE_SURFACE_WITH_KNOTS('',1,1,((#7417,#7418),(#7419,#7420)),
 .UNSPECIFIED.,.F.,.F.,.F.,(2,2),(2,2),(0.,9.51988161196497),(0.,9.38388330322261),
 .UNSPECIFIED.);
#3531=B_SPLINE_SURFACE_WITH_KNOTS('',1,1,((#7487,#7488),(#7489,#7490)),
 .UNSPECIFIED.,.F.,.F.,.F.,(2,2),(2,2),(0.,6.13),(0.,0.12),
 .UNSPECIFIED.);
#3532=B_SPLINE_SURFACE_WITH_KNOTS('',1,1,((#7491,#7492),(#7493,#7494)),
 .UNSPECIFIED.,.F.,.F.,.F.,(2,2),(2,2),(6.13,6.18),(0.,0.12),
 .UNSPECIFIED.);
#3533=B_SPLINE_SURFACE_WITH_KNOTS('',1,1,((#7495,#7496),(#7497,#7498)),
 .UNSPECIFIED.,.F.,.F.,.F.,(2,2),(2,2),(6.18,12.31),(0.,0.12),
 .UNSPECIFIED.);
#3534=B_SPLINE_SURFACE_WITH_KNOTS('',1,1,((#7499,#7500),(#7501,#7502)),
 .UNSPECIFIED.,.F.,.F.,.F.,(2,2),(2,2),(12.31,12.36),(0.,0.12),
 .UNSPECIFIED.);
#3535=B_SPLINE_SURFACE_WITH_KNOTS('',1,1,((#7503,#7504),(#7505,#7506)),
 .UNSPECIFIED.,.F.,.F.,.F.,(2,2),(2,2),(0.,0.0499999999999998),(0.,6.13),
 .UNSPECIFIED.);
#3536=B_SPLINE_SURFACE_WITH_KNOTS('',1,1,((#7507,#7508),(#7509,#7510)),
 .UNSPECIFIED.,.F.,.F.,.F.,(2,2),(2,2),(0.,6.13),(0.,0.0499999999999998),
 .UNSPECIFIED.);
#3537=SHAPE_DEFINITION_REPRESENTATION(#3538,#3555);
#3538=PRODUCT_DEFINITION_SHAPE('Document','',#3540);
#3539=PRODUCT_DEFINITION_CONTEXT('3D Mechanical Parts',#3544,'design');
#3540=PRODUCT_DEFINITION('A','First version',#3541,#3539);
#3541=PRODUCT_DEFINITION_FORMATION_WITH_SPECIFIED_SOURCE('A',
'First version',#3546,.MADE.);
#3542=PRODUCT_RELATED_PRODUCT_CATEGORY('tool','tool',(#3546));
#3543=APPLICATION_PROTOCOL_DEFINITION('Draft International Standard',
'automotive_design',1999,#3544);
#3544=APPLICATION_CONTEXT(
'data for automotive mechanical design processes');
#3545=PRODUCT_CONTEXT('3D Mechanical Parts',#3544,'mechanical');
#3546=PRODUCT('Document','Document','',(#3545));
#3547=(
LENGTH_UNIT()
NAMED_UNIT(*)
SI_UNIT(.MILLI.,.METRE.)
);
#3548=(
NAMED_UNIT(*)
PLANE_ANGLE_UNIT()
SI_UNIT($,.RADIAN.)
);
#3549=DIMENSIONAL_EXPONENTS(0.,0.,0.,0.,0.,0.,0.);
#3550=PLANE_ANGLE_MEASURE_WITH_UNIT(PLANE_ANGLE_MEASURE(0.01745329252),
#3548);
#3551=(
CONVERSION_BASED_UNIT('DEGREES',#3550)
NAMED_UNIT(#3549)
PLANE_ANGLE_UNIT()
);
#3552=(
NAMED_UNIT(*)
SI_UNIT($,.STERADIAN.)
SOLID_ANGLE_UNIT()
);
#3553=UNCERTAINTY_MEASURE_WITH_UNIT(LENGTH_MEASURE(0.001),#3547,
'DISTANCE_ACCURACY_VALUE',
'Maximum model space distance between geometric entities at asserted c
onnectivities');
#3554=(
GEOMETRIC_REPRESENTATION_CONTEXT(3)
GLOBAL_UNCERTAINTY_ASSIGNED_CONTEXT((#3553))
GLOBAL_UNIT_ASSIGNED_CONTEXT((#3552,#3551,#3547))
REPRESENTATION_CONTEXT('ID1','3D')
);
#3555=SHAPE_REPRESENTATION('Document',(#3556,#3557),#3554);
#3556=AXIS2_PLACEMENT_3D('',#3562,#3558,#3559);
#3557=AXIS2_PLACEMENT_3D('',#7591,#3560,#3561);
#3558=DIRECTION('',(0.,0.,1.));
#3559=DIRECTION('',(1.,0.,0.));
#3560=DIRECTION('',(0.,0.,1.));
#3561=DIRECTION('',(1.,0.,0.));
#3562=CARTESIAN_POINT('',(0.,0.,0.));
#3563=CARTESIAN_POINT('',(0.,0.,0.46));
#3564=CARTESIAN_POINT('',(0.,6.13,0.46));
#3565=CARTESIAN_POINT('',(6.13,0.,0.46));
#3566=CARTESIAN_POINT('',(6.13,6.13,0.46));
#3567=CARTESIAN_POINT('',(0.,0.,0.0900000000000001));
#3568=CARTESIAN_POINT('',(8.,0.,0.0900000000000001));
#3569=CARTESIAN_POINT('',(0.,8.,0.0900000000000001));
#3570=CARTESIAN_POINT('',(8.,8.,0.0900000000000001));
#3571=CARTESIAN_POINT('',(0.,0.,0.));
#3572=CARTESIAN_POINT('',(0.,0.,0.46));
#3573=CARTESIAN_POINT('',(6.13,0.,0.));
#3574=CARTESIAN_POINT('',(6.13,0.,0.46));
#3575=CARTESIAN_POINT('',(6.13,0.,0.));
#3576=CARTESIAN_POINT('',(6.13,0.,0.46));
#3577=CARTESIAN_POINT('',(6.13,6.13,0.));
#3578=CARTESIAN_POINT('',(6.13,6.13,0.46));
#3579=CARTESIAN_POINT('',(6.13,6.13,0.));
#3580=CARTESIAN_POINT('',(6.13,6.13,0.46));
#3581=CARTESIAN_POINT('',(0.,6.13,0.));
#3582=CARTESIAN_POINT('',(0.,6.13,0.46));
#3583=CARTESIAN_POINT('',(0.,6.13,0.));
#3584=CARTESIAN_POINT('',(0.,6.13,0.46));
#3585=CARTESIAN_POINT('',(0.,0.,0.));
#3586=CARTESIAN_POINT('',(0.,0.,0.46));
#3587=CARTESIAN_POINT('',(6.13,0.,0.46));
#3588=CARTESIAN_POINT('',(0.,0.,0.46));
#3589=CARTESIAN_POINT('',(6.13,6.13,0.46));
#3590=CARTESIAN_POINT('',(0.,6.13,0.46));
#3591=CARTESIAN_POINT('',(0.,0.,0.0900000000000001));
#3592=CARTESIAN_POINT('',(6.13,0.,0.0900000000000001));
#3593=CARTESIAN_POINT('',(6.13,6.13,0.0900000000000001));
#3594=CARTESIAN_POINT('',(0.,6.13,0.0900000000000001));
#3595=CARTESIAN_POINT('',(0.,0.,0.46));
#3596=CARTESIAN_POINT('',(6.13,0.,0.46));
#3597=CARTESIAN_POINT('',(0.,0.));
#3598=CARTESIAN_POINT('',(6.13,0.));
#3599=CARTESIAN_POINT('',(6.13,0.,0.46));
#3600=CARTESIAN_POINT('',(6.13,6.13,0.46));
#3601=CARTESIAN_POINT('',(6.13,0.));
#3602=CARTESIAN_POINT('',(6.13,6.13));
#3603=CARTESIAN_POINT('',(6.13,6.13,0.46));
#3604=CARTESIAN_POINT('',(0.,6.13,0.46));
#3605=CARTESIAN_POINT('',(6.13,6.13));
#3606=CARTESIAN_POINT('',(0.,6.13));
#3607=CARTESIAN_POINT('',(0.,6.13,0.46));
#3608=CARTESIAN_POINT('',(0.,0.,0.46));
#3609=CARTESIAN_POINT('',(0.,6.13));
#3610=CARTESIAN_POINT('',(0.,0.));
#3611=CARTESIAN_POINT('',(0.,6.13,0.0900000000000001));
#3612=CARTESIAN_POINT('',(6.13,6.13,0.0900000000000001));
#3613=CARTESIAN_POINT('',(6.13,0.));
#3614=CARTESIAN_POINT('',(6.13,6.13));
#3615=CARTESIAN_POINT('',(6.13,6.13,0.0900000000000001));
#3616=CARTESIAN_POINT('',(6.13,0.,0.0900000000000001));
#3617=CARTESIAN_POINT('',(6.13,6.13));
#3618=CARTESIAN_POINT('',(0.,6.13));
#3619=CARTESIAN_POINT('',(6.13,0.,0.0900000000000001));
#3620=CARTESIAN_POINT('',(0.,0.,0.0900000000000001));
#3621=CARTESIAN_POINT('',(0.,6.13));
#3622=CARTESIAN_POINT('',(0.,0.));
#3623=CARTESIAN_POINT('',(0.,0.,0.0900000000000001));
#3624=CARTESIAN_POINT('',(0.,6.13,0.0900000000000001));
#3625=CARTESIAN_POINT('',(0.,0.));
#3626=CARTESIAN_POINT('',(6.13,0.));
#3627=CARTESIAN_POINT('',(6.13,0.,0.0900000000000001));
#3628=CARTESIAN_POINT('',(6.13,0.,0.46));
#3629=CARTESIAN_POINT('',(6.13,0.0900000000000001));
#3630=CARTESIAN_POINT('',(6.13,0.46));
#3631=CARTESIAN_POINT('',(0.,0.46));
#3632=CARTESIAN_POINT('',(6.13,0.46));
#3633=CARTESIAN_POINT('',(0.,0.,0.46));
#3634=CARTESIAN_POINT('',(0.,0.,0.0900000000000001));
#3635=CARTESIAN_POINT('',(0.,0.46));
#3636=CARTESIAN_POINT('',(0.,0.0900000000000001));
#3637=CARTESIAN_POINT('',(6.13,0.0900000000000001));
#3638=CARTESIAN_POINT('',(0.,0.0900000000000001));
#3639=CARTESIAN_POINT('',(6.13,6.13,0.0900000000000001));
#3640=CARTESIAN_POINT('',(6.13,6.13,0.46));
#3641=CARTESIAN_POINT('',(12.26,0.0900000000000001));
#3642=CARTESIAN_POINT('',(12.26,0.46));
#3643=CARTESIAN_POINT('',(6.13,0.46));
#3644=CARTESIAN_POINT('',(12.26,0.46));
#3645=CARTESIAN_POINT('',(6.13,0.0900000000000001));
#3646=CARTESIAN_POINT('',(6.13,0.46));
#3647=CARTESIAN_POINT('',(12.26,0.0900000000000001));
#3648=CARTESIAN_POINT('',(6.13,0.0900000000000001));
#3649=CARTESIAN_POINT('',(0.,6.13,0.0900000000000001));
#3650=CARTESIAN_POINT('',(0.,6.13,0.46));
#3651=CARTESIAN_POINT('',(18.39,0.0900000000000001));
#3652=CARTESIAN_POINT('',(18.39,0.46));
#3653=CARTESIAN_POINT('',(12.26,0.46));
#3654=CARTESIAN_POINT('',(18.39,0.46));
#3655=CARTESIAN_POINT('',(12.26,0.0900000000000001));
#3656=CARTESIAN_POINT('',(12.26,0.46));
#3657=CARTESIAN_POINT('',(18.39,0.0900000000000001));
#3658=CARTESIAN_POINT('',(12.26,0.0900000000000001));
#3659=CARTESIAN_POINT('',(24.52,0.46));
#3660=CARTESIAN_POINT('',(24.52,0.0900000000000001));
#3661=CARTESIAN_POINT('',(18.39,0.46));
#3662=CARTESIAN_POINT('',(24.52,0.46));
#3663=CARTESIAN_POINT('',(18.39,0.0900000000000001));
#3664=CARTESIAN_POINT('',(18.39,0.46));
#3665=CARTESIAN_POINT('',(24.52,0.0900000000000001));
#3666=CARTESIAN_POINT('',(18.39,0.0900000000000001));
#3667=CARTESIAN_POINT('',(5.47100798851368,0.213446567725762,0.));
#3668=CARTESIAN_POINT('',(5.47100798851368,0.213446567725762,0.596083465945391));
#3669=CARTESIAN_POINT('',(5.64501205029107,0.213446567725762,0.));
#3670=CARTESIAN_POINT('',(5.64501205029107,0.213446567725762,0.596083465945391));
#3671=CARTESIAN_POINT('',(5.64501205029107,0.213446567725762,0.));
#3672=CARTESIAN_POINT('',(5.64501205029107,0.213446567725762,0.596083465945391));
#3673=CARTESIAN_POINT('',(5.64501205029107,0.472413550292902,0.));
#3674=CARTESIAN_POINT('',(5.64501205029107,0.472413550292902,0.596083465945391));
#3675=CARTESIAN_POINT('',(5.64501205029107,0.472413550292902,0.));
#3676=CARTESIAN_POINT('',(5.64501205029107,0.472413550292902,0.596083465945391));
#3677=CARTESIAN_POINT('',(5.90669784632348,0.472413550292902,0.));
#3678=CARTESIAN_POINT('',(5.90669784632348,0.472413550292902,0.596083465945391));
#3679=CARTESIAN_POINT('',(5.90669784632348,0.472413550292902,0.));
#3680=CARTESIAN_POINT('',(5.90669784632348,0.472413550292902,0.596083465945391));
#3681=CARTESIAN_POINT('',(5.90669784632348,0.651175535634524,0.));
#3682=CARTESIAN_POINT('',(5.90669784632348,0.651175535634524,0.596083465945391));
#3683=CARTESIAN_POINT('',(5.90669784632348,0.651175535634524,0.));
#3684=CARTESIAN_POINT('',(5.90669784632348,0.651175535634524,0.596083465945391));
#3685=CARTESIAN_POINT('',(5.64501205029107,0.651175535634524,0.));
#3686=CARTESIAN_POINT('',(5.64501205029107,0.651175535634524,0.596083465945391));
#3687=CARTESIAN_POINT('',(5.64501205029107,0.651175535634524,0.));
#3688=CARTESIAN_POINT('',(5.64501205029107,0.651175535634524,0.596083465945391));
#3689=CARTESIAN_POINT('',(5.64501205029107,0.910142518201665,0.));
#3690=CARTESIAN_POINT('',(5.64501205029107,0.910142518201665,0.596083465945391));
#3691=CARTESIAN_POINT('',(5.64501205029107,0.910142518201665,0.));
#3692=CARTESIAN_POINT('',(5.64501205029107,0.910142518201665,0.596083465945391));
#3693=CARTESIAN_POINT('',(5.47100798851368,0.910142518201665,0.));
#3694=CARTESIAN_POINT('',(5.47100798851368,0.910142518201665,0.596083465945391));
#3695=CARTESIAN_POINT('',(5.47100798851368,0.910142518201665,0.));
#3696=CARTESIAN_POINT('',(5.47100798851368,0.910142518201665,0.596083465945391));
#3697=CARTESIAN_POINT('',(5.47100798851368,0.651175535634524,0.));
#3698=CARTESIAN_POINT('',(5.47100798851368,0.651175535634524,0.596083465945391));
#3699=CARTESIAN_POINT('',(5.47100798851368,0.651175535634524,0.));
#3700=CARTESIAN_POINT('',(5.47100798851368,0.651175535634524,0.596083465945391));
#3701=CARTESIAN_POINT('',(5.21000189584758,0.651175535634524,0.));
#3702=CARTESIAN_POINT('',(5.21000189584758,0.651175535634524,0.596083465945391));
#3703=CARTESIAN_POINT('',(5.21000189584758,0.651175535634524,0.));
#3704=CARTESIAN_POINT('',(5.21000189584758,0.651175535634524,0.596083465945391));
#3705=CARTESIAN_POINT('',(5.21000189584758,0.472413550292902,0.));
#3706=CARTESIAN_POINT('',(5.21000189584758,0.472413550292902,0.596083465945391));
#3707=CARTESIAN_POINT('',(5.21000189584758,0.472413550292902,0.));
#3708=CARTESIAN_POINT('',(5.21000189584758,0.472413550292902,0.596083465945391));
#3709=CARTESIAN_POINT('',(5.47100798851368,0.472413550292902,0.));
#3710=CARTESIAN_POINT('',(5.47100798851368,0.472413550292902,0.596083465945391));
#3711=CARTESIAN_POINT('',(5.47100798851368,0.472413550292902,0.));
#3712=CARTESIAN_POINT('',(5.47100798851368,0.472413550292902,0.596083465945391));
#3713=CARTESIAN_POINT('',(5.47100798851368,0.213446567725762,0.));
#3714=CARTESIAN_POINT('',(5.47100798851368,0.213446567725762,0.596083465945391));
#3715=CARTESIAN_POINT('',(5.21000189584758,0.213446567725762,0.));
#3716=CARTESIAN_POINT('',(5.90669784632348,0.213446567725762,0.));
#3717=CARTESIAN_POINT('',(5.21000189584758,0.910142518201665,0.));
#3718=CARTESIAN_POINT('',(5.90669784632348,0.910142518201665,0.));
#3719=CARTESIAN_POINT('',(5.21000189584758,0.213446567725762,0.596083465945391));
#3720=CARTESIAN_POINT('',(5.21000189584758,0.910142518201665,0.596083465945391));
#3721=CARTESIAN_POINT('',(5.90669784632348,0.213446567725762,0.596083465945391));
#3722=CARTESIAN_POINT('',(5.90669784632348,0.910142518201665,0.596083465945391));
#3723=CARTESIAN_POINT('',(5.47100798851368,0.213446567725762,0.));
#3724=CARTESIAN_POINT('',(5.64501205029107,0.213446567725762,0.));
#3725=CARTESIAN_POINT('',(5.64501205029107,0.213446567725762,0.596083465945391));
#3726=CARTESIAN_POINT('',(5.47100798851368,0.213446567725762,0.596083465945391));
#3727=CARTESIAN_POINT('',(5.64501205029107,0.472413550292902,0.));
#3728=CARTESIAN_POINT('',(5.64501205029107,0.472413550292902,0.596083465945391));
#3729=CARTESIAN_POINT('',(5.90669784632348,0.472413550292902,0.));
#3730=CARTESIAN_POINT('',(5.90669784632348,0.472413550292902,0.596083465945391));
#3731=CARTESIAN_POINT('',(5.90669784632348,0.651175535634524,0.));
#3732=CARTESIAN_POINT('',(5.90669784632348,0.651175535634524,0.596083465945391));
#3733=CARTESIAN_POINT('',(5.64501205029107,0.651175535634524,0.));
#3734=CARTESIAN_POINT('',(5.64501205029107,0.651175535634524,0.596083465945391));
#3735=CARTESIAN_POINT('',(5.64501205029107,0.910142518201665,0.));
#3736=CARTESIAN_POINT('',(5.64501205029107,0.910142518201665,0.596083465945391));
#3737=CARTESIAN_POINT('',(5.47100798851368,0.910142518201665,0.));
#3738=CARTESIAN_POINT('',(5.47100798851368,0.910142518201665,0.596083465945391));
#3739=CARTESIAN_POINT('',(5.47100798851368,0.651175535634524,0.));
#3740=CARTESIAN_POINT('',(5.47100798851368,0.651175535634524,0.596083465945391));
#3741=CARTESIAN_POINT('',(5.21000189584758,0.651175535634524,0.));
#3742=CARTESIAN_POINT('',(5.21000189584758,0.651175535634524,0.596083465945391));
#3743=CARTESIAN_POINT('',(5.21000189584758,0.472413550292902,0.));
#3744=CARTESIAN_POINT('',(5.21000189584758,0.472413550292902,0.596083465945391));
#3745=CARTESIAN_POINT('',(5.47100798851368,0.472413550292902,0.));
#3746=CARTESIAN_POINT('',(5.47100798851368,0.472413550292902,0.596083465945391));
#3747=CARTESIAN_POINT('',(5.47100798851368,0.213446567725762,0.));
#3748=CARTESIAN_POINT('',(5.64501205029107,0.213446567725762,0.));
#3749=CARTESIAN_POINT('',(-12.,0.));
#3750=CARTESIAN_POINT('',(-11.,0.));
#3751=CARTESIAN_POINT('',(5.64501205029107,0.213446567725762,0.));
#3752=CARTESIAN_POINT('',(5.64501205029107,0.213446567725762,0.596083465945391));
#3753=CARTESIAN_POINT('',(-11.,0.));
#3754=CARTESIAN_POINT('',(-11.,0.596083465945391));
#3755=CARTESIAN_POINT('',(5.64501205029107,0.213446567725762,0.596083465945391));
#3756=CARTESIAN_POINT('',(5.47100798851368,0.213446567725762,0.596083465945391));
#3757=CARTESIAN_POINT('',(-11.,0.596083465945391));
#3758=CARTESIAN_POINT('',(-12.,0.596083465945391));
#3759=CARTESIAN_POINT('',(5.47100798851368,0.213446567725762,0.596083465945391));
#3760=CARTESIAN_POINT('',(5.47100798851368,0.213446567725762,0.));
#3761=CARTESIAN_POINT('',(-12.,0.596083465945391));
#3762=CARTESIAN_POINT('',(-12.,0.));
#3763=CARTESIAN_POINT('',(5.64501205029107,0.213446567725762,0.));
#3764=CARTESIAN_POINT('',(5.64501205029107,0.472413550292902,0.));
#3765=CARTESIAN_POINT('',(-11.,0.));
#3766=CARTESIAN_POINT('',(-10.,0.));
#3767=CARTESIAN_POINT('',(5.64501205029107,0.472413550292902,0.));
#3768=CARTESIAN_POINT('',(5.64501205029107,0.472413550292902,0.596083465945391));
#3769=CARTESIAN_POINT('',(-10.,0.));
#3770=CARTESIAN_POINT('',(-10.,0.596083465945391));
#3771=CARTESIAN_POINT('',(5.64501205029107,0.472413550292902,0.596083465945391));
#3772=CARTESIAN_POINT('',(5.64501205029107,0.213446567725762,0.596083465945391));
#3773=CARTESIAN_POINT('',(-10.,0.596083465945391));
#3774=CARTESIAN_POINT('',(-11.,0.596083465945391));
#3775=CARTESIAN_POINT('',(-11.,0.));
#3776=CARTESIAN_POINT('',(-11.,0.596083465945391));
#3777=CARTESIAN_POINT('',(5.64501205029107,0.472413550292902,0.));
#3778=CARTESIAN_POINT('',(5.90669784632348,0.472413550292902,0.));
#3779=CARTESIAN_POINT('',(-10.,0.));
#3780=CARTESIAN_POINT('',(-9.,0.));
#3781=CARTESIAN_POINT('',(5.90669784632348,0.472413550292902,0.));
#3782=CARTESIAN_POINT('',(5.90669784632348,0.472413550292902,0.596083465945391));
#3783=CARTESIAN_POINT('',(-9.,0.));
#3784=CARTESIAN_POINT('',(-9.,0.596083465945391));
#3785=CARTESIAN_POINT('',(5.90669784632348,0.472413550292902,0.596083465945391));
#3786=CARTESIAN_POINT('',(5.64501205029107,0.472413550292902,0.596083465945391));
#3787=CARTESIAN_POINT('',(-9.,0.596083465945391));
#3788=CARTESIAN_POINT('',(-10.,0.596083465945391));
#3789=CARTESIAN_POINT('',(-10.,0.));
#3790=CARTESIAN_POINT('',(-10.,0.596083465945391));
#3791=CARTESIAN_POINT('',(5.90669784632348,0.472413550292902,0.));
#3792=CARTESIAN_POINT('',(5.90669784632348,0.651175535634524,0.));
#3793=CARTESIAN_POINT('',(-9.,0.));
#3794=CARTESIAN_POINT('',(-8.,0.));
#3795=CARTESIAN_POINT('',(5.90669784632348,0.651175535634524,0.));
#3796=CARTESIAN_POINT('',(5.90669784632348,0.651175535634524,0.596083465945391));
#3797=CARTESIAN_POINT('',(-8.,0.));
#3798=CARTESIAN_POINT('',(-8.,0.596083465945391));
#3799=CARTESIAN_POINT('',(5.90669784632348,0.651175535634524,0.596083465945391));
#3800=CARTESIAN_POINT('',(5.90669784632348,0.472413550292902,0.596083465945391));
#3801=CARTESIAN_POINT('',(-8.,0.596083465945391));
#3802=CARTESIAN_POINT('',(-9.,0.596083465945391));
#3803=CARTESIAN_POINT('',(-9.,0.));
#3804=CARTESIAN_POINT('',(-9.,0.596083465945391));
#3805=CARTESIAN_POINT('',(5.90669784632348,0.651175535634524,0.));
#3806=CARTESIAN_POINT('',(5.64501205029107,0.651175535634524,0.));
#3807=CARTESIAN_POINT('',(-8.,0.));
#3808=CARTESIAN_POINT('',(-7.,0.));
#3809=CARTESIAN_POINT('',(5.64501205029107,0.651175535634524,0.));
#3810=CARTESIAN_POINT('',(5.64501205029107,0.651175535634524,0.596083465945391));
#3811=CARTESIAN_POINT('',(-7.,0.));
#3812=CARTESIAN_POINT('',(-7.,0.596083465945391));
#3813=CARTESIAN_POINT('',(5.64501205029107,0.651175535634524,0.596083465945391));
#3814=CARTESIAN_POINT('',(5.90669784632348,0.651175535634524,0.596083465945391));
#3815=CARTESIAN_POINT('',(-7.,0.596083465945391));
#3816=CARTESIAN_POINT('',(-8.,0.596083465945391));
#3817=CARTESIAN_POINT('',(-8.,0.));
#3818=CARTESIAN_POINT('',(-8.,0.596083465945391));
#3819=CARTESIAN_POINT('',(5.64501205029107,0.651175535634524,0.));
#3820=CARTESIAN_POINT('',(5.64501205029107,0.910142518201665,0.));
#3821=CARTESIAN_POINT('',(-7.,0.));
#3822=CARTESIAN_POINT('',(-6.,0.));
#3823=CARTESIAN_POINT('',(5.64501205029107,0.910142518201665,0.));
#3824=CARTESIAN_POINT('',(5.64501205029107,0.910142518201665,0.596083465945391));
#3825=CARTESIAN_POINT('',(-6.,0.));
#3826=CARTESIAN_POINT('',(-6.,0.596083465945391));
#3827=CARTESIAN_POINT('',(5.64501205029107,0.910142518201665,0.596083465945391));
#3828=CARTESIAN_POINT('',(5.64501205029107,0.651175535634524,0.596083465945391));
#3829=CARTESIAN_POINT('',(-6.,0.596083465945391));
#3830=CARTESIAN_POINT('',(-7.,0.596083465945391));
#3831=CARTESIAN_POINT('',(-7.,0.));
#3832=CARTESIAN_POINT('',(-7.,0.596083465945391));
#3833=CARTESIAN_POINT('',(5.64501205029107,0.910142518201665,0.));
#3834=CARTESIAN_POINT('',(5.47100798851368,0.910142518201665,0.));
#3835=CARTESIAN_POINT('',(-6.,0.));
#3836=CARTESIAN_POINT('',(-5.,0.));
#3837=CARTESIAN_POINT('',(5.47100798851368,0.910142518201665,0.));
#3838=CARTESIAN_POINT('',(5.47100798851368,0.910142518201665,0.596083465945391));
#3839=CARTESIAN_POINT('',(-5.,0.));
#3840=CARTESIAN_POINT('',(-5.,0.596083465945391));
#3841=CARTESIAN_POINT('',(5.47100798851368,0.910142518201665,0.596083465945391));
#3842=CARTESIAN_POINT('',(5.64501205029107,0.910142518201665,0.596083465945391));
#3843=CARTESIAN_POINT('',(-5.,0.596083465945391));
#3844=CARTESIAN_POINT('',(-6.,0.596083465945391));
#3845=CARTESIAN_POINT('',(-6.,0.));
#3846=CARTESIAN_POINT('',(-6.,0.596083465945391));
#3847=CARTESIAN_POINT('',(5.47100798851368,0.910142518201665,0.));
#3848=CARTESIAN_POINT('',(5.47100798851368,0.651175535634524,0.));
#3849=CARTESIAN_POINT('',(-5.,0.));
#3850=CARTESIAN_POINT('',(-4.,0.));
#3851=CARTESIAN_POINT('',(5.47100798851368,0.651175535634524,0.));
#3852=CARTESIAN_POINT('',(5.47100798851368,0.651175535634524,0.596083465945391));
#3853=CARTESIAN_POINT('',(-4.,0.));
#3854=CARTESIAN_POINT('',(-4.,0.596083465945391));
#3855=CARTESIAN_POINT('',(5.47100798851368,0.651175535634524,0.596083465945391));
#3856=CARTESIAN_POINT('',(5.47100798851368,0.910142518201665,0.596083465945391));
#3857=CARTESIAN_POINT('',(-4.,0.596083465945391));
#3858=CARTESIAN_POINT('',(-5.,0.596083465945391));
#3859=CARTESIAN_POINT('',(-5.,0.));
#3860=CARTESIAN_POINT('',(-5.,0.596083465945391));
#3861=CARTESIAN_POINT('',(5.47100798851368,0.651175535634524,0.));
#3862=CARTESIAN_POINT('',(5.21000189584758,0.651175535634524,0.));
#3863=CARTESIAN_POINT('',(-4.,0.));
#3864=CARTESIAN_POINT('',(-3.,0.));
#3865=CARTESIAN_POINT('',(5.21000189584758,0.651175535634524,0.));
#3866=CARTESIAN_POINT('',(5.21000189584758,0.651175535634524,0.596083465945391));
#3867=CARTESIAN_POINT('',(-3.,0.));
#3868=CARTESIAN_POINT('',(-3.,0.596083465945391));
#3869=CARTESIAN_POINT('',(5.21000189584758,0.651175535634524,0.596083465945391));
#3870=CARTESIAN_POINT('',(5.47100798851368,0.651175535634524,0.596083465945391));
#3871=CARTESIAN_POINT('',(-3.,0.596083465945391));
#3872=CARTESIAN_POINT('',(-4.,0.596083465945391));
#3873=CARTESIAN_POINT('',(-4.,0.));
#3874=CARTESIAN_POINT('',(-4.,0.596083465945391));
#3875=CARTESIAN_POINT('',(5.21000189584758,0.651175535634524,0.));
#3876=CARTESIAN_POINT('',(5.21000189584758,0.472413550292902,0.));
#3877=CARTESIAN_POINT('',(-3.,0.));
#3878=CARTESIAN_POINT('',(-2.,0.));
#3879=CARTESIAN_POINT('',(5.21000189584758,0.472413550292902,0.));
#3880=CARTESIAN_POINT('',(5.21000189584758,0.472413550292902,0.596083465945391));
#3881=CARTESIAN_POINT('',(-2.,0.));
#3882=CARTESIAN_POINT('',(-2.,0.596083465945391));
#3883=CARTESIAN_POINT('',(5.21000189584758,0.472413550292902,0.596083465945391));
#3884=CARTESIAN_POINT('',(5.21000189584758,0.651175535634524,0.596083465945391));
#3885=CARTESIAN_POINT('',(-2.,0.596083465945391));
#3886=CARTESIAN_POINT('',(-3.,0.596083465945391));
#3887=CARTESIAN_POINT('',(-3.,0.));
#3888=CARTESIAN_POINT('',(-3.,0.596083465945391));
#3889=CARTESIAN_POINT('',(5.21000189584758,0.472413550292902,0.));
#3890=CARTESIAN_POINT('',(5.47100798851368,0.472413550292902,0.));
#3891=CARTESIAN_POINT('',(-2.,0.));
#3892=CARTESIAN_POINT('',(-1.,0.));
#3893=CARTESIAN_POINT('',(5.47100798851368,0.472413550292902,0.));
#3894=CARTESIAN_POINT('',(5.47100798851368,0.472413550292902,0.596083465945391));
#3895=CARTESIAN_POINT('',(-1.,0.));
#3896=CARTESIAN_POINT('',(-1.,0.596083465945391));
#3897=CARTESIAN_POINT('',(5.47100798851368,0.472413550292902,0.596083465945391));
#3898=CARTESIAN_POINT('',(5.21000189584758,0.472413550292902,0.596083465945391));
#3899=CARTESIAN_POINT('',(-1.,0.596083465945391));
#3900=CARTESIAN_POINT('',(-2.,0.596083465945391));
#3901=CARTESIAN_POINT('',(-2.,0.));
#3902=CARTESIAN_POINT('',(-2.,0.596083465945391));
#3903=CARTESIAN_POINT('',(5.47100798851368,0.472413550292902,0.));
#3904=CARTESIAN_POINT('',(5.47100798851368,0.213446567725762,0.));
#3905=CARTESIAN_POINT('',(-1.,0.));
#3906=CARTESIAN_POINT('',(0.,0.));
#3907=CARTESIAN_POINT('',(0.,0.596083465945391));
#3908=CARTESIAN_POINT('',(0.,0.));
#3909=CARTESIAN_POINT('',(5.47100798851368,0.213446567725762,0.596083465945391));
#3910=CARTESIAN_POINT('',(5.47100798851368,0.472413550292902,0.596083465945391));
#3911=CARTESIAN_POINT('',(0.,0.596083465945391));
#3912=CARTESIAN_POINT('',(-1.,0.596083465945391));
#3913=CARTESIAN_POINT('',(-1.,0.));
#3914=CARTESIAN_POINT('',(-1.,0.596083465945391));
#3915=CARTESIAN_POINT('',(0.258966982567141,0.));
#3916=CARTESIAN_POINT('',(0.,0.));
#3917=CARTESIAN_POINT('',(0.258966982567141,-0.261006092666094));
#3918=CARTESIAN_POINT('',(0.258966982567141,0.));
#3919=CARTESIAN_POINT('',(0.437728967908763,-0.261006092666094));
#3920=CARTESIAN_POINT('',(0.258966982567141,-0.261006092666094));
#3921=CARTESIAN_POINT('',(0.437728967908763,0.));
#3922=CARTESIAN_POINT('',(0.437728967908763,-0.261006092666094));
#3923=CARTESIAN_POINT('',(0.696695950475903,0.));
#3924=CARTESIAN_POINT('',(0.437728967908763,0.));
#3925=CARTESIAN_POINT('',(0.696695950475903,0.174004061777396));
#3926=CARTESIAN_POINT('',(0.696695950475903,0.));
#3927=CARTESIAN_POINT('',(0.437728967908763,0.174004061777396));
#3928=CARTESIAN_POINT('',(0.696695950475903,0.174004061777396));
#3929=CARTESIAN_POINT('',(0.437728967908763,0.435689857809808));
#3930=CARTESIAN_POINT('',(0.437728967908763,0.174004061777396));
#3931=CARTESIAN_POINT('',(0.258966982567141,0.435689857809808));
#3932=CARTESIAN_POINT('',(0.437728967908763,0.435689857809808));
#3933=CARTESIAN_POINT('',(0.258966982567141,0.174004061777396));
#3934=CARTESIAN_POINT('',(0.258966982567141,0.435689857809808));
#3935=CARTESIAN_POINT('',(0.,0.174004061777396));
#3936=CARTESIAN_POINT('',(0.258966982567141,0.174004061777396));
#3937=CARTESIAN_POINT('',(0.,0.));
#3938=CARTESIAN_POINT('',(0.,0.174004061777396));
#3939=CARTESIAN_POINT('',(0.174004061777396,0.));
#3940=CARTESIAN_POINT('',(0.,0.));
#3941=CARTESIAN_POINT('',(0.174004061777396,0.258966982567141));
#3942=CARTESIAN_POINT('',(0.174004061777396,0.));
#3943=CARTESIAN_POINT('',(0.435689857809808,0.258966982567141));
#3944=CARTESIAN_POINT('',(0.174004061777396,0.258966982567141));
#3945=CARTESIAN_POINT('',(0.435689857809808,0.437728967908763));
#3946=CARTESIAN_POINT('',(0.435689857809808,0.258966982567141));
#3947=CARTESIAN_POINT('',(0.174004061777396,0.437728967908763));
#3948=CARTESIAN_POINT('',(0.435689857809808,0.437728967908763));
#3949=CARTESIAN_POINT('',(0.174004061777396,0.696695950475903));
#3950=CARTESIAN_POINT('',(0.174004061777396,0.437728967908763));
#3951=CARTESIAN_POINT('',(0.,0.696695950475903));
#3952=CARTESIAN_POINT('',(0.174004061777396,0.696695950475903));
#3953=CARTESIAN_POINT('',(0.,0.437728967908763));
#3954=CARTESIAN_POINT('',(0.,0.696695950475903));
#3955=CARTESIAN_POINT('',(-0.261006092666094,0.437728967908763));
#3956=CARTESIAN_POINT('',(0.,0.437728967908763));
#3957=CARTESIAN_POINT('',(-0.261006092666094,0.258966982567141));
#3958=CARTESIAN_POINT('',(-0.261006092666094,0.437728967908763));
#3959=CARTESIAN_POINT('',(0.,0.258966982567141));
#3960=CARTESIAN_POINT('',(-0.261006092666094,0.258966982567141));
#3961=CARTESIAN_POINT('',(0.,0.));
#3962=CARTESIAN_POINT('',(0.,0.258966982567141));
#3963=CARTESIAN_POINT('',(0.,0.,5.55111512312578E-17));
#3964=CARTESIAN_POINT('',(0.,0.,0.0900000000000001));
#3965=CARTESIAN_POINT('',(6.13,0.,5.55111512312578E-17));
#3966=CARTESIAN_POINT('',(6.13,0.,0.0900000000000001));
#3967=CARTESIAN_POINT('',(6.13,0.,5.55111512312578E-17));
#3968=CARTESIAN_POINT('',(6.13,0.,0.0900000000000001));
#3969=CARTESIAN_POINT('',(6.13,6.13,5.55111512312578E-17));
#3970=CARTESIAN_POINT('',(6.13,6.13,0.0900000000000001));
#3971=CARTESIAN_POINT('',(6.13,6.13,5.55111512312578E-17));
#3972=CARTESIAN_POINT('',(6.13,6.13,0.0900000000000001));
#3973=CARTESIAN_POINT('',(0.,6.13,5.55111512312578E-17));
#3974=CARTESIAN_POINT('',(0.,6.13,0.0900000000000001));
#3975=CARTESIAN_POINT('',(0.,6.13,5.55111512312578E-17));
#3976=CARTESIAN_POINT('',(0.,6.13,0.0900000000000001));
#3977=CARTESIAN_POINT('',(0.,0.,5.55111512312578E-17));
#3978=CARTESIAN_POINT('',(0.,0.,0.0900000000000001));
#3979=CARTESIAN_POINT('',(0.,0.,5.55111512312578E-17));
#3980=CARTESIAN_POINT('',(6.13,0.,5.55111512312578E-17));
#3981=CARTESIAN_POINT('',(0.,6.13,5.55111512312578E-17));
#3982=CARTESIAN_POINT('',(6.13,6.13,5.55111512312578E-17));
#3983=CARTESIAN_POINT('',(0.,0.,0.0900000000000001));
#3984=CARTESIAN_POINT('',(0.,6.13,0.0900000000000001));
#3985=CARTESIAN_POINT('',(6.13,0.,0.0900000000000001));
#3986=CARTESIAN_POINT('',(6.13,6.13,0.0900000000000001));
#3987=CARTESIAN_POINT('',(0.,0.,5.55111512312578E-17));
#3988=CARTESIAN_POINT('',(6.13,0.,5.55111512312578E-17));
#3989=CARTESIAN_POINT('',(6.13,0.,0.0900000000000001));
#3990=CARTESIAN_POINT('',(0.,0.,0.0900000000000001));
#3991=CARTESIAN_POINT('',(6.13,6.13,5.55111512312578E-17));
#3992=CARTESIAN_POINT('',(6.13,6.13,0.0900000000000001));
#3993=CARTESIAN_POINT('',(0.,6.13,5.55111512312578E-17));
#3994=CARTESIAN_POINT('',(0.,6.13,0.0900000000000001));
#3995=CARTESIAN_POINT('',(0.,0.,5.55111512312578E-17));
#3996=CARTESIAN_POINT('',(6.13,0.,5.55111512312578E-17));
#3997=CARTESIAN_POINT('',(0.,0.));
#3998=CARTESIAN_POINT('',(6.13,0.));
#3999=CARTESIAN_POINT('',(6.13,0.,5.55111512312578E-17));
#4000=CARTESIAN_POINT('',(6.13,0.,0.0900000000000001));
#4001=CARTESIAN_POINT('',(6.13,0.));
#4002=CARTESIAN_POINT('',(6.13,0.09));
#4003=CARTESIAN_POINT('',(6.13,0.,0.0900000000000001));
#4004=CARTESIAN_POINT('',(0.,0.,0.0900000000000001));
#4005=CARTESIAN_POINT('',(6.13,0.09));
#4006=CARTESIAN_POINT('',(0.,0.09));
#4007=CARTESIAN_POINT('',(0.,0.,0.0900000000000001));
#4008=CARTESIAN_POINT('',(0.,0.,5.55111512312578E-17));
#4009=CARTESIAN_POINT('',(0.,0.09));
#4010=CARTESIAN_POINT('',(0.,0.));
#4011=CARTESIAN_POINT('',(6.13,0.,5.55111512312578E-17));
#4012=CARTESIAN_POINT('',(6.13,6.13,5.55111512312578E-17));
#4013=CARTESIAN_POINT('',(6.13,0.));
#4014=CARTESIAN_POINT('',(12.26,0.));
#4015=CARTESIAN_POINT('',(6.13,6.13,5.55111512312578E-17));
#4016=CARTESIAN_POINT('',(6.13,6.13,0.0900000000000001));
#4017=CARTESIAN_POINT('',(12.26,0.));
#4018=CARTESIAN_POINT('',(12.26,0.09));
#4019=CARTESIAN_POINT('',(6.13,6.13,0.0900000000000001));
#4020=CARTESIAN_POINT('',(6.13,0.,0.0900000000000001));
#4021=CARTESIAN_POINT('',(12.26,0.09));
#4022=CARTESIAN_POINT('',(6.13,0.09));
#4023=CARTESIAN_POINT('',(6.13,0.));
#4024=CARTESIAN_POINT('',(6.13,0.09));
#4025=CARTESIAN_POINT('',(6.13,6.13,5.55111512312578E-17));
#4026=CARTESIAN_POINT('',(0.,6.13,5.55111512312578E-17));
#4027=CARTESIAN_POINT('',(12.26,0.));
#4028=CARTESIAN_POINT('',(18.39,0.));
#4029=CARTESIAN_POINT('',(0.,6.13,5.55111512312578E-17));
#4030=CARTESIAN_POINT('',(0.,6.13,0.0900000000000001));
#4031=CARTESIAN_POINT('',(18.39,0.));
#4032=CARTESIAN_POINT('',(18.39,0.09));
#4033=CARTESIAN_POINT('',(0.,6.13,0.0900000000000001));
#4034=CARTESIAN_POINT('',(6.13,6.13,0.0900000000000001));
#4035=CARTESIAN_POINT('',(18.39,0.09));
#4036=CARTESIAN_POINT('',(12.26,0.09));
#4037=CARTESIAN_POINT('',(12.26,0.));
#4038=CARTESIAN_POINT('',(12.26,0.09));
#4039=CARTESIAN_POINT('',(0.,6.13,5.55111512312578E-17));
#4040=CARTESIAN_POINT('',(0.,0.,5.55111512312578E-17));
#4041=CARTESIAN_POINT('',(18.39,0.));
#4042=CARTESIAN_POINT('',(24.52,0.));
#4043=CARTESIAN_POINT('',(24.52,0.09));
#4044=CARTESIAN_POINT('',(24.52,0.));
#4045=CARTESIAN_POINT('',(0.,0.,0.0900000000000001));
#4046=CARTESIAN_POINT('',(0.,6.13,0.0900000000000001));
#4047=CARTESIAN_POINT('',(24.52,0.09));
#4048=CARTESIAN_POINT('',(18.39,0.09));
#4049=CARTESIAN_POINT('',(18.39,0.));
#4050=CARTESIAN_POINT('',(18.39,0.09));
#4051=CARTESIAN_POINT('',(6.13,0.));
#4052=CARTESIAN_POINT('',(0.,0.));
#4053=CARTESIAN_POINT('',(6.13,6.13));
#4054=CARTESIAN_POINT('',(6.13,0.));
#4055=CARTESIAN_POINT('',(0.,6.13));
#4056=CARTESIAN_POINT('',(6.13,6.13));
#4057=CARTESIAN_POINT('',(0.,0.));
#4058=CARTESIAN_POINT('',(0.,6.13));
#4059=CARTESIAN_POINT('',(6.13,0.));
#4060=CARTESIAN_POINT('',(0.,0.));
#4061=CARTESIAN_POINT('',(6.13,6.13));
#4062=CARTESIAN_POINT('',(6.13,0.));
#4063=CARTESIAN_POINT('',(0.,6.13));
#4064=CARTESIAN_POINT('',(6.13,6.13));
#4065=CARTESIAN_POINT('',(0.,0.));
#4066=CARTESIAN_POINT('',(0.,6.13));
#4067=CARTESIAN_POINT('',(0.565,0.565,-0.18));
#4068=CARTESIAN_POINT('',(0.745,0.565,-0.18));
#4069=CARTESIAN_POINT('',(0.745,0.565,4.44893300389316E-17));
#4070=CARTESIAN_POINT('',(0.745,0.565,0.18));
#4071=CARTESIAN_POINT('',(0.565,0.565,0.18));
#4072=CARTESIAN_POINT('',(0.565,0.565,-0.18));
#4073=CARTESIAN_POINT('',(0.745,0.745,-0.18));
#4074=CARTESIAN_POINT('',(0.745,0.745,4.44893300389316E-17));
#4075=CARTESIAN_POINT('',(0.745,0.745,0.18));
#4076=CARTESIAN_POINT('',(0.565,0.565,0.18));
#4077=CARTESIAN_POINT('',(0.565,0.565,-0.18));
#4078=CARTESIAN_POINT('',(0.565,0.745,-0.18));
#4079=CARTESIAN_POINT('',(0.565,0.745,4.44893300389316E-17));
#4080=CARTESIAN_POINT('',(0.565,0.745,0.18));
#4081=CARTESIAN_POINT('',(0.565,0.565,0.18));
#4082=CARTESIAN_POINT('',(0.565,0.565,-0.18));
#4083=CARTESIAN_POINT('',(0.385,0.745,-0.18));
#4084=CARTESIAN_POINT('',(0.385,0.745,4.44893300389316E-17));
#4085=CARTESIAN_POINT('',(0.385,0.745,0.18));
#4086=CARTESIAN_POINT('',(0.565,0.565,0.18));
#4087=CARTESIAN_POINT('',(0.565,0.565,-0.18));
#4088=CARTESIAN_POINT('',(0.385,0.565,-0.18));
#4089=CARTESIAN_POINT('',(0.385,0.565,4.44893300389316E-17));
#4090=CARTESIAN_POINT('',(0.385,0.565,0.18));
#4091=CARTESIAN_POINT('',(0.565,0.565,0.18));
#4092=CARTESIAN_POINT('',(-1.66794463719411,-1.74199614855058,0.));
#4093=CARTESIAN_POINT('',(-1.66794463719411,7.64188715467203,0.));
#4094=CARTESIAN_POINT('',(7.85193697477085,-1.74199614855058,0.));
#4095=CARTESIAN_POINT('',(7.85193697477085,7.64188715467203,0.));
#4096=CARTESIAN_POINT('',(0.565,0.565,-0.18));
#4097=CARTESIAN_POINT('',(0.385,0.565,-0.18));
#4098=CARTESIAN_POINT('',(0.385,0.565,4.44893300389316E-17));
#4099=CARTESIAN_POINT('',(0.385,0.565,0.18));
#4100=CARTESIAN_POINT('',(0.565,0.565,0.18));
#4101=CARTESIAN_POINT('',(0.565,0.565,-0.18));
#4102=CARTESIAN_POINT('',(0.385,0.385,-0.18));
#4103=CARTESIAN_POINT('',(0.385,0.385,4.44893300389316E-17));
#4104=CARTESIAN_POINT('',(0.385,0.385,0.18));
#4105=CARTESIAN_POINT('',(0.565,0.565,0.18));
#4106=CARTESIAN_POINT('',(0.565,0.565,-0.18));
#4107=CARTESIAN_POINT('',(0.565,0.385,-0.18));
#4108=CARTESIAN_POINT('',(0.565,0.385,4.44893300389316E-17));
#4109=CARTESIAN_POINT('',(0.565,0.385,0.18));
#4110=CARTESIAN_POINT('',(0.565,0.565,0.18));
#4111=CARTESIAN_POINT('',(0.565,0.565,-0.18));
#4112=CARTESIAN_POINT('',(0.745,0.385,-0.18));
#4113=CARTESIAN_POINT('',(0.745,0.385,4.44893300389316E-17));
#4114=CARTESIAN_POINT('',(0.745,0.385,0.18));
#4115=CARTESIAN_POINT('',(0.565,0.565,0.18));
#4116=CARTESIAN_POINT('',(0.565,0.565,-0.18));
#4117=CARTESIAN_POINT('',(0.745,0.565,-0.18));
#4118=CARTESIAN_POINT('',(0.745,0.565,4.44893300389316E-17));
#4119=CARTESIAN_POINT('',(0.745,0.565,0.18));
#4120=CARTESIAN_POINT('',(0.565,0.565,0.18));
#4121=CARTESIAN_POINT('',(0.565,0.565,-0.18));
#4122=CARTESIAN_POINT('',(0.745,0.565,-3.77073783102926E-17));
#4123=CARTESIAN_POINT('',(0.385,0.565,5.55111512312578E-17));
#4124=CARTESIAN_POINT('',(0.565,0.565,-0.18));
#4125=CARTESIAN_POINT('',(0.385,0.565,-0.18));
#4126=CARTESIAN_POINT('',(0.385,0.565,-7.54147566205853E-17));
#4127=CARTESIAN_POINT('',(0.565486677646163,-0.282743338823081));
#4128=CARTESIAN_POINT('',(0.565486677646163,-1.66533453693773E-16));
#4129=CARTESIAN_POINT('',(0.385,0.565,5.55111512312578E-17));
#4130=CARTESIAN_POINT('',(0.385,0.745,0.));
#4131=CARTESIAN_POINT('',(0.565,0.745,5.55111512312578E-17));
#4132=CARTESIAN_POINT('',(0.745,0.745,0.));
#4133=CARTESIAN_POINT('',(0.745,0.565,5.55111512312578E-17));
#4134=CARTESIAN_POINT('',(0.565486677646163,-1.66533453693773E-16));
#4135=CARTESIAN_POINT('',(0.,-1.66533453693773E-16));
#4136=CARTESIAN_POINT('',(0.745,0.565,-7.54147566205853E-17));
#4137=CARTESIAN_POINT('',(0.745,0.565,-0.18));
#4138=CARTESIAN_POINT('',(0.565,0.565,-0.18));
#4139=CARTESIAN_POINT('',(0.,-1.66533453693773E-16));
#4140=CARTESIAN_POINT('',(0.,-0.282743338823081));
#4141=CARTESIAN_POINT('',(2.05294463719411,2.30699614855058));
#4142=CARTESIAN_POINT('',(2.05294463719411,2.48699614855058));
#4143=CARTESIAN_POINT('',(2.23294463719411,2.48699614855058));
#4144=CARTESIAN_POINT('',(2.41294463719411,2.48699614855058));
#4145=CARTESIAN_POINT('',(2.41294463719412,2.30699614855058));
#4146=CARTESIAN_POINT('',(0.385,0.565,5.55111512312578E-17));
#4147=CARTESIAN_POINT('',(0.385,0.385,0.));
#4148=CARTESIAN_POINT('',(0.565,0.385,5.55111512312578E-17));
#4149=CARTESIAN_POINT('',(0.745,0.385,0.));
#4150=CARTESIAN_POINT('',(0.745,0.565,5.55111512312578E-17));
#4151=CARTESIAN_POINT('',(2.05294463719411,2.30699614855058));
#4152=CARTESIAN_POINT('',(2.05294463719411,2.12699614855058));
#4153=CARTESIAN_POINT('',(2.23294463719411,2.12699614855058));
#4154=CARTESIAN_POINT('',(2.41294463719411,2.12699614855058));
#4155=CARTESIAN_POINT('',(2.41294463719412,2.30699614855058));
#4156=CARTESIAN_POINT('',(1.13097335529233,-1.66533453693773E-16));
#4157=CARTESIAN_POINT('',(1.13097335529233,-0.282743338823081));
#4158=CARTESIAN_POINT('',(0.565486677646163,-1.66533453693773E-16));
#4159=CARTESIAN_POINT('',(1.13097335529233,-1.66533453693773E-16));
#4160=CARTESIAN_POINT('',(0.565486677646163,-0.282743338823081));
#4161=CARTESIAN_POINT('',(0.565486677646163,-1.66533453693773E-16));
#4162=CARTESIAN_POINT('',(1.565,0.565,-0.18));
#4163=CARTESIAN_POINT('',(1.745,0.565,-0.18));
#4164=CARTESIAN_POINT('',(1.745,0.565,4.44893300389316E-17));
#4165=CARTESIAN_POINT('',(1.745,0.565,0.18));
#4166=CARTESIAN_POINT('',(1.565,0.565,0.18));
#4167=CARTESIAN_POINT('',(1.565,0.565,-0.18));
#4168=CARTESIAN_POINT('',(1.745,0.745,-0.18));
#4169=CARTESIAN_POINT('',(1.745,0.745,4.44893300389316E-17));
#4170=CARTESIAN_POINT('',(1.745,0.745,0.18));
#4171=CARTESIAN_POINT('',(1.565,0.565,0.18));
#4172=CARTESIAN_POINT('',(1.565,0.565,-0.18));
#4173=CARTESIAN_POINT('',(1.565,0.745,-0.18));
#4174=CARTESIAN_POINT('',(1.565,0.745,4.44893300389316E-17));
#4175=CARTESIAN_POINT('',(1.565,0.745,0.18));
#4176=CARTESIAN_POINT('',(1.565,0.565,0.18));
#4177=CARTESIAN_POINT('',(1.565,0.565,-0.18));
#4178=CARTESIAN_POINT('',(1.385,0.745,-0.18));
#4179=CARTESIAN_POINT('',(1.385,0.745,4.44893300389316E-17));
#4180=CARTESIAN_POINT('',(1.385,0.745,0.18));
#4181=CARTESIAN_POINT('',(1.565,0.565,0.18));
#4182=CARTESIAN_POINT('',(1.565,0.565,-0.18));
#4183=CARTESIAN_POINT('',(1.385,0.565,-0.18));
#4184=CARTESIAN_POINT('',(1.385,0.565,4.44893300389316E-17));
#4185=CARTESIAN_POINT('',(1.385,0.565,0.18));
#4186=CARTESIAN_POINT('',(1.565,0.565,0.18));
#4187=CARTESIAN_POINT('',(-1.66794463719411,-1.74199614855058,0.));
#4188=CARTESIAN_POINT('',(-1.66794463719411,7.64188715467203,0.));
#4189=CARTESIAN_POINT('',(7.85193697477085,-1.74199614855058,0.));
#4190=CARTESIAN_POINT('',(7.85193697477085,7.64188715467203,0.));
#4191=CARTESIAN_POINT('',(1.565,0.565,-0.18));
#4192=CARTESIAN_POINT('',(1.385,0.565,-0.18));
#4193=CARTESIAN_POINT('',(1.385,0.565,4.44893300389316E-17));
#4194=CARTESIAN_POINT('',(1.385,0.565,0.18));
#4195=CARTESIAN_POINT('',(1.565,0.565,0.18));
#4196=CARTESIAN_POINT('',(1.565,0.565,-0.18));
#4197=CARTESIAN_POINT('',(1.385,0.385,-0.18));
#4198=CARTESIAN_POINT('',(1.385,0.385,4.44893300389316E-17));
#4199=CARTESIAN_POINT('',(1.385,0.385,0.18));
#4200=CARTESIAN_POINT('',(1.565,0.565,0.18));
#4201=CARTESIAN_POINT('',(1.565,0.565,-0.18));
#4202=CARTESIAN_POINT('',(1.565,0.385,-0.18));
#4203=CARTESIAN_POINT('',(1.565,0.385,4.44893300389316E-17));
#4204=CARTESIAN_POINT('',(1.565,0.385,0.18));
#4205=CARTESIAN_POINT('',(1.565,0.565,0.18));
#4206=CARTESIAN_POINT('',(1.565,0.565,-0.18));
#4207=CARTESIAN_POINT('',(1.745,0.385,-0.18));
#4208=CARTESIAN_POINT('',(1.745,0.385,4.44893300389316E-17));
#4209=CARTESIAN_POINT('',(1.745,0.385,0.18));
#4210=CARTESIAN_POINT('',(1.565,0.565,0.18));
#4211=CARTESIAN_POINT('',(1.565,0.565,-0.18));
#4212=CARTESIAN_POINT('',(1.745,0.565,-0.18));
#4213=CARTESIAN_POINT('',(1.745,0.565,4.44893300389316E-17));
#4214=CARTESIAN_POINT('',(1.745,0.565,0.18));
#4215=CARTESIAN_POINT('',(1.565,0.565,0.18));
#4216=CARTESIAN_POINT('',(1.565,0.565,-0.18));
#4217=CARTESIAN_POINT('',(1.745,0.565,-3.77073783102926E-17));
#4218=CARTESIAN_POINT('',(1.385,0.565,5.55111512312578E-17));
#4219=CARTESIAN_POINT('',(1.565,0.565,-0.18));
#4220=CARTESIAN_POINT('',(1.385,0.565,-0.18));
#4221=CARTESIAN_POINT('',(1.385,0.565,-7.54147566205853E-17));
#4222=CARTESIAN_POINT('',(0.565486677646163,-0.282743338823081));
#4223=CARTESIAN_POINT('',(0.565486677646163,-1.66533453693773E-16));
#4224=CARTESIAN_POINT('',(1.385,0.565,5.55111512312578E-17));
#4225=CARTESIAN_POINT('',(1.385,0.745,0.));
#4226=CARTESIAN_POINT('',(1.565,0.745,5.55111512312578E-17));
#4227=CARTESIAN_POINT('',(1.745,0.745,0.));
#4228=CARTESIAN_POINT('',(1.745,0.565,5.55111512312578E-17));
#4229=CARTESIAN_POINT('',(0.565486677646163,-1.66533453693773E-16));
#4230=CARTESIAN_POINT('',(0.,-1.66533453693773E-16));
#4231=CARTESIAN_POINT('',(1.745,0.565,-7.54147566205853E-17));
#4232=CARTESIAN_POINT('',(1.745,0.565,-0.18));
#4233=CARTESIAN_POINT('',(1.565,0.565,-0.18));
#4234=CARTESIAN_POINT('',(0.,-1.66533453693773E-16));
#4235=CARTESIAN_POINT('',(0.,-0.282743338823081));
#4236=CARTESIAN_POINT('',(3.05294463719411,2.30699614855058));
#4237=CARTESIAN_POINT('',(3.05294463719411,2.48699614855058));
#4238=CARTESIAN_POINT('',(3.23294463719411,2.48699614855058));
#4239=CARTESIAN_POINT('',(3.41294463719411,2.48699614855058));
#4240=CARTESIAN_POINT('',(3.41294463719411,2.30699614855058));
#4241=CARTESIAN_POINT('',(1.385,0.565,5.55111512312578E-17));
#4242=CARTESIAN_POINT('',(1.385,0.385,0.));
#4243=CARTESIAN_POINT('',(1.565,0.385,5.55111512312578E-17));
#4244=CARTESIAN_POINT('',(1.745,0.385,0.));
#4245=CARTESIAN_POINT('',(1.745,0.565,5.55111512312578E-17));
#4246=CARTESIAN_POINT('',(3.05294463719411,2.30699614855058));
#4247=CARTESIAN_POINT('',(3.05294463719411,2.12699614855058));
#4248=CARTESIAN_POINT('',(3.23294463719411,2.12699614855058));
#4249=CARTESIAN_POINT('',(3.41294463719411,2.12699614855058));
#4250=CARTESIAN_POINT('',(3.41294463719411,2.30699614855058));
#4251=CARTESIAN_POINT('',(1.13097335529233,-1.66533453693773E-16));
#4252=CARTESIAN_POINT('',(1.13097335529233,-0.282743338823081));
#4253=CARTESIAN_POINT('',(0.565486677646163,-1.66533453693773E-16));
#4254=CARTESIAN_POINT('',(1.13097335529233,-1.66533453693773E-16));
#4255=CARTESIAN_POINT('',(0.565486677646163,-0.282743338823081));
#4256=CARTESIAN_POINT('',(0.565486677646163,-1.66533453693773E-16));
#4257=CARTESIAN_POINT('',(2.565,0.565,-0.18));
#4258=CARTESIAN_POINT('',(2.745,0.565,-0.18));
#4259=CARTESIAN_POINT('',(2.745,0.565,4.44893300389316E-17));
#4260=CARTESIAN_POINT('',(2.745,0.565,0.18));
#4261=CARTESIAN_POINT('',(2.565,0.565,0.18));
#4262=CARTESIAN_POINT('',(2.565,0.565,-0.18));
#4263=CARTESIAN_POINT('',(2.745,0.745,-0.18));
#4264=CARTESIAN_POINT('',(2.745,0.745,4.44893300389316E-17));
#4265=CARTESIAN_POINT('',(2.745,0.745,0.18));
#4266=CARTESIAN_POINT('',(2.565,0.565,0.18));
#4267=CARTESIAN_POINT('',(2.565,0.565,-0.18));
#4268=CARTESIAN_POINT('',(2.565,0.745,-0.18));
#4269=CARTESIAN_POINT('',(2.565,0.745,4.44893300389316E-17));
#4270=CARTESIAN_POINT('',(2.565,0.745,0.18));
#4271=CARTESIAN_POINT('',(2.565,0.565,0.18));
#4272=CARTESIAN_POINT('',(2.565,0.565,-0.18));
#4273=CARTESIAN_POINT('',(2.385,0.745,-0.18));
#4274=CARTESIAN_POINT('',(2.385,0.745,4.44893300389316E-17));
#4275=CARTESIAN_POINT('',(2.385,0.745,0.18));
#4276=CARTESIAN_POINT('',(2.565,0.565,0.18));
#4277=CARTESIAN_POINT('',(2.565,0.565,-0.18));
#4278=CARTESIAN_POINT('',(2.385,0.565,-0.18));
#4279=CARTESIAN_POINT('',(2.385,0.565,4.44893300389316E-17));
#4280=CARTESIAN_POINT('',(2.385,0.565,0.18));
#4281=CARTESIAN_POINT('',(2.565,0.565,0.18));
#4282=CARTESIAN_POINT('',(-1.66794463719411,-1.74199614855058,0.));
#4283=CARTESIAN_POINT('',(-1.66794463719411,7.64188715467203,0.));
#4284=CARTESIAN_POINT('',(7.85193697477085,-1.74199614855058,0.));
#4285=CARTESIAN_POINT('',(7.85193697477085,7.64188715467203,0.));
#4286=CARTESIAN_POINT('',(2.565,0.565,-0.18));
#4287=CARTESIAN_POINT('',(2.385,0.565,-0.18));
#4288=CARTESIAN_POINT('',(2.385,0.565,4.44893300389316E-17));
#4289=CARTESIAN_POINT('',(2.385,0.565,0.18));
#4290=CARTESIAN_POINT('',(2.565,0.565,0.18));
#4291=CARTESIAN_POINT('',(2.565,0.565,-0.18));
#4292=CARTESIAN_POINT('',(2.385,0.385,-0.18));
#4293=CARTESIAN_POINT('',(2.385,0.385,4.44893300389316E-17));
#4294=CARTESIAN_POINT('',(2.385,0.385,0.18));
#4295=CARTESIAN_POINT('',(2.565,0.565,0.18));
#4296=CARTESIAN_POINT('',(2.565,0.565,-0.18));
#4297=CARTESIAN_POINT('',(2.565,0.385,-0.18));
#4298=CARTESIAN_POINT('',(2.565,0.385,4.44893300389316E-17));
#4299=CARTESIAN_POINT('',(2.565,0.385,0.18));
#4300=CARTESIAN_POINT('',(2.565,0.565,0.18));
#4301=CARTESIAN_POINT('',(2.565,0.565,-0.18));
#4302=CARTESIAN_POINT('',(2.745,0.385,-0.18));
#4303=CARTESIAN_POINT('',(2.745,0.385,4.44893300389316E-17));
#4304=CARTESIAN_POINT('',(2.745,0.385,0.18));
#4305=CARTESIAN_POINT('',(2.565,0.565,0.18));
#4306=CARTESIAN_POINT('',(2.565,0.565,-0.18));
#4307=CARTESIAN_POINT('',(2.745,0.565,-0.18));
#4308=CARTESIAN_POINT('',(2.745,0.565,4.44893300389316E-17));
#4309=CARTESIAN_POINT('',(2.745,0.565,0.18));
#4310=CARTESIAN_POINT('',(2.565,0.565,0.18));
#4311=CARTESIAN_POINT('',(2.565,0.565,-0.18));
#4312=CARTESIAN_POINT('',(2.745,0.565,-3.77073783102926E-17));
#4313=CARTESIAN_POINT('',(2.385,0.565,5.55111512312578E-17));
#4314=CARTESIAN_POINT('',(2.565,0.565,-0.18));
#4315=CARTESIAN_POINT('',(2.385,0.565,-0.18));
#4316=CARTESIAN_POINT('',(2.385,0.565,-7.54147566205853E-17));
#4317=CARTESIAN_POINT('',(0.565486677646163,-0.282743338823081));
#4318=CARTESIAN_POINT('',(0.565486677646163,-1.66533453693773E-16));
#4319=CARTESIAN_POINT('',(2.385,0.565,5.55111512312578E-17));
#4320=CARTESIAN_POINT('',(2.385,0.745,0.));
#4321=CARTESIAN_POINT('',(2.565,0.745,5.55111512312578E-17));
#4322=CARTESIAN_POINT('',(2.745,0.745,0.));
#4323=CARTESIAN_POINT('',(2.745,0.565,5.55111512312578E-17));
#4324=CARTESIAN_POINT('',(0.565486677646163,-1.66533453693773E-16));
#4325=CARTESIAN_POINT('',(0.,-1.66533453693773E-16));
#4326=CARTESIAN_POINT('',(2.745,0.565,-7.54147566205853E-17));
#4327=CARTESIAN_POINT('',(2.745,0.565,-0.18));
#4328=CARTESIAN_POINT('',(2.565,0.565,-0.18));
#4329=CARTESIAN_POINT('',(0.,-1.66533453693773E-16));
#4330=CARTESIAN_POINT('',(0.,-0.282743338823081));
#4331=CARTESIAN_POINT('',(4.05294463719411,2.30699614855058));
#4332=CARTESIAN_POINT('',(4.05294463719411,2.48699614855058));
#4333=CARTESIAN_POINT('',(4.23294463719411,2.48699614855058));
#4334=CARTESIAN_POINT('',(4.41294463719411,2.48699614855058));
#4335=CARTESIAN_POINT('',(4.41294463719411,2.30699614855058));
#4336=CARTESIAN_POINT('',(2.385,0.565,5.55111512312578E-17));
#4337=CARTESIAN_POINT('',(2.385,0.385,0.));
#4338=CARTESIAN_POINT('',(2.565,0.385,5.55111512312578E-17));
#4339=CARTESIAN_POINT('',(2.745,0.385,0.));
#4340=CARTESIAN_POINT('',(2.745,0.565,5.55111512312578E-17));
#4341=CARTESIAN_POINT('',(4.05294463719411,2.30699614855058));
#4342=CARTESIAN_POINT('',(4.05294463719411,2.12699614855058));
#4343=CARTESIAN_POINT('',(4.23294463719411,2.12699614855058));
#4344=CARTESIAN_POINT('',(4.41294463719411,2.12699614855058));
#4345=CARTESIAN_POINT('',(4.41294463719411,2.30699614855058));
#4346=CARTESIAN_POINT('',(1.13097335529233,-1.66533453693773E-16));
#4347=CARTESIAN_POINT('',(1.13097335529233,-0.282743338823081));
#4348=CARTESIAN_POINT('',(0.565486677646163,-1.66533453693773E-16));
#4349=CARTESIAN_POINT('',(1.13097335529233,-1.66533453693773E-16));
#4350=CARTESIAN_POINT('',(0.565486677646163,-0.282743338823081));
#4351=CARTESIAN_POINT('',(0.565486677646163,-1.66533453693773E-16));
#4352=CARTESIAN_POINT('',(3.565,0.565,-0.18));
#4353=CARTESIAN_POINT('',(3.745,0.565,-0.18));
#4354=CARTESIAN_POINT('',(3.745,0.565,4.44893300389316E-17));
#4355=CARTESIAN_POINT('',(3.745,0.565,0.18));
#4356=CARTESIAN_POINT('',(3.565,0.565,0.18));
#4357=CARTESIAN_POINT('',(3.565,0.565,-0.18));
#4358=CARTESIAN_POINT('',(3.745,0.745,-0.18));
#4359=CARTESIAN_POINT('',(3.745,0.745,4.44893300389316E-17));
#4360=CARTESIAN_POINT('',(3.745,0.745,0.18));
#4361=CARTESIAN_POINT('',(3.565,0.565,0.18));
#4362=CARTESIAN_POINT('',(3.565,0.565,-0.18));
#4363=CARTESIAN_POINT('',(3.565,0.745,-0.18));
#4364=CARTESIAN_POINT('',(3.565,0.745,4.44893300389316E-17));
#4365=CARTESIAN_POINT('',(3.565,0.745,0.18));
#4366=CARTESIAN_POINT('',(3.565,0.565,0.18));
#4367=CARTESIAN_POINT('',(3.565,0.565,-0.18));
#4368=CARTESIAN_POINT('',(3.385,0.745,-0.18));
#4369=CARTESIAN_POINT('',(3.385,0.745,4.44893300389316E-17));
#4370=CARTESIAN_POINT('',(3.385,0.745,0.18));
#4371=CARTESIAN_POINT('',(3.565,0.565,0.18));
#4372=CARTESIAN_POINT('',(3.565,0.565,-0.18));
#4373=CARTESIAN_POINT('',(3.385,0.565,-0.18));
#4374=CARTESIAN_POINT('',(3.385,0.565,4.44893300389316E-17));
#4375=CARTESIAN_POINT('',(3.385,0.565,0.18));
#4376=CARTESIAN_POINT('',(3.565,0.565,0.18));
#4377=CARTESIAN_POINT('',(-1.66794463719411,-1.74199614855058,0.));
#4378=CARTESIAN_POINT('',(-1.66794463719411,7.64188715467203,0.));
#4379=CARTESIAN_POINT('',(7.85193697477085,-1.74199614855058,0.));
#4380=CARTESIAN_POINT('',(7.85193697477085,7.64188715467203,0.));
#4381=CARTESIAN_POINT('',(3.565,0.565,-0.18));
#4382=CARTESIAN_POINT('',(3.385,0.565,-0.18));
#4383=CARTESIAN_POINT('',(3.385,0.565,4.44893300389316E-17));
#4384=CARTESIAN_POINT('',(3.385,0.565,0.18));
#4385=CARTESIAN_POINT('',(3.565,0.565,0.18));
#4386=CARTESIAN_POINT('',(3.565,0.565,-0.18));
#4387=CARTESIAN_POINT('',(3.385,0.385,-0.18));
#4388=CARTESIAN_POINT('',(3.385,0.385,4.44893300389316E-17));
#4389=CARTESIAN_POINT('',(3.385,0.385,0.18));
#4390=CARTESIAN_POINT('',(3.565,0.565,0.18));
#4391=CARTESIAN_POINT('',(3.565,0.565,-0.18));
#4392=CARTESIAN_POINT('',(3.565,0.385,-0.18));
#4393=CARTESIAN_POINT('',(3.565,0.385,4.44893300389316E-17));
#4394=CARTESIAN_POINT('',(3.565,0.385,0.18));
#4395=CARTESIAN_POINT('',(3.565,0.565,0.18));
#4396=CARTESIAN_POINT('',(3.565,0.565,-0.18));
#4397=CARTESIAN_POINT('',(3.745,0.385,-0.18));
#4398=CARTESIAN_POINT('',(3.745,0.385,4.44893300389316E-17));
#4399=CARTESIAN_POINT('',(3.745,0.385,0.18));
#4400=CARTESIAN_POINT('',(3.565,0.565,0.18));
#4401=CARTESIAN_POINT('',(3.565,0.565,-0.18));
#4402=CARTESIAN_POINT('',(3.745,0.565,-0.18));
#4403=CARTESIAN_POINT('',(3.745,0.565,4.44893300389316E-17));
#4404=CARTESIAN_POINT('',(3.745,0.565,0.18));
#4405=CARTESIAN_POINT('',(3.565,0.565,0.18));
#4406=CARTESIAN_POINT('',(3.565,0.565,-0.18));
#4407=CARTESIAN_POINT('',(3.745,0.565,-3.77073783102926E-17));
#4408=CARTESIAN_POINT('',(3.385,0.565,5.55111512312578E-17));
#4409=CARTESIAN_POINT('',(3.565,0.565,-0.18));
#4410=CARTESIAN_POINT('',(3.385,0.565,-0.18));
#4411=CARTESIAN_POINT('',(3.385,0.565,-7.54147566205853E-17));
#4412=CARTESIAN_POINT('',(0.565486677646163,-0.282743338823081));
#4413=CARTESIAN_POINT('',(0.565486677646163,-1.66533453693773E-16));
#4414=CARTESIAN_POINT('',(3.385,0.565,5.55111512312578E-17));
#4415=CARTESIAN_POINT('',(3.385,0.745,0.));
#4416=CARTESIAN_POINT('',(3.565,0.745,5.55111512312578E-17));
#4417=CARTESIAN_POINT('',(3.745,0.745,0.));
#4418=CARTESIAN_POINT('',(3.745,0.565,5.55111512312578E-17));
#4419=CARTESIAN_POINT('',(0.565486677646163,-1.66533453693773E-16));
#4420=CARTESIAN_POINT('',(0.,-1.66533453693773E-16));
#4421=CARTESIAN_POINT('',(3.745,0.565,-7.54147566205853E-17));
#4422=CARTESIAN_POINT('',(3.745,0.565,-0.18));
#4423=CARTESIAN_POINT('',(3.565,0.565,-0.18));
#4424=CARTESIAN_POINT('',(0.,-1.66533453693773E-16));
#4425=CARTESIAN_POINT('',(0.,-0.282743338823081));
#4426=CARTESIAN_POINT('',(5.05294463719411,2.30699614855058));
#4427=CARTESIAN_POINT('',(5.05294463719411,2.48699614855058));
#4428=CARTESIAN_POINT('',(5.23294463719411,2.48699614855058));
#4429=CARTESIAN_POINT('',(5.41294463719411,2.48699614855058));
#4430=CARTESIAN_POINT('',(5.41294463719411,2.30699614855058));
#4431=CARTESIAN_POINT('',(3.385,0.565,5.55111512312578E-17));
#4432=CARTESIAN_POINT('',(3.385,0.385,0.));
#4433=CARTESIAN_POINT('',(3.565,0.385,5.55111512312578E-17));
#4434=CARTESIAN_POINT('',(3.745,0.385,0.));
#4435=CARTESIAN_POINT('',(3.745,0.565,5.55111512312578E-17));
#4436=CARTESIAN_POINT('',(5.05294463719411,2.30699614855058));
#4437=CARTESIAN_POINT('',(5.05294463719411,2.12699614855058));
#4438=CARTESIAN_POINT('',(5.23294463719411,2.12699614855058));
#4439=CARTESIAN_POINT('',(5.41294463719411,2.12699614855058));
#4440=CARTESIAN_POINT('',(5.41294463719411,2.30699614855058));
#4441=CARTESIAN_POINT('',(1.13097335529233,-1.66533453693773E-16));
#4442=CARTESIAN_POINT('',(1.13097335529233,-0.282743338823081));
#4443=CARTESIAN_POINT('',(0.565486677646163,-1.66533453693773E-16));
#4444=CARTESIAN_POINT('',(1.13097335529233,-1.66533453693773E-16));
#4445=CARTESIAN_POINT('',(0.565486677646163,-0.282743338823081));
#4446=CARTESIAN_POINT('',(0.565486677646163,-1.66533453693773E-16));
#4447=CARTESIAN_POINT('',(4.565,0.565,-0.18));
#4448=CARTESIAN_POINT('',(4.745,0.565,-0.18));
#4449=CARTESIAN_POINT('',(4.745,0.565,4.44893300389316E-17));
#4450=CARTESIAN_POINT('',(4.745,0.565,0.18));
#4451=CARTESIAN_POINT('',(4.565,0.565,0.18));
#4452=CARTESIAN_POINT('',(4.565,0.565,-0.18));
#4453=CARTESIAN_POINT('',(4.745,0.745000000000001,-0.18));
#4454=CARTESIAN_POINT('',(4.745,0.745,4.44893300389316E-17));
#4455=CARTESIAN_POINT('',(4.745,0.745000000000001,0.18));
#4456=CARTESIAN_POINT('',(4.565,0.565,0.18));
#4457=CARTESIAN_POINT('',(4.565,0.565,-0.18));
#4458=CARTESIAN_POINT('',(4.565,0.745,-0.18));
#4459=CARTESIAN_POINT('',(4.565,0.745,4.44893300389316E-17));
#4460=CARTESIAN_POINT('',(4.565,0.745,0.18));
#4461=CARTESIAN_POINT('',(4.565,0.565,0.18));
#4462=CARTESIAN_POINT('',(4.565,0.565,-0.18));
#4463=CARTESIAN_POINT('',(4.385,0.745000000000001,-0.18));
#4464=CARTESIAN_POINT('',(4.385,0.745,4.44893300389316E-17));
#4465=CARTESIAN_POINT('',(4.385,0.745000000000001,0.18));
#4466=CARTESIAN_POINT('',(4.565,0.565,0.18));
#4467=CARTESIAN_POINT('',(4.565,0.565,-0.18));
#4468=CARTESIAN_POINT('',(4.385,0.565,-0.18));
#4469=CARTESIAN_POINT('',(4.385,0.565,4.44893300389316E-17));
#4470=CARTESIAN_POINT('',(4.385,0.565,0.18));
#4471=CARTESIAN_POINT('',(4.565,0.565,0.18));
#4472=CARTESIAN_POINT('',(-1.66794463719411,-1.74199614855058,0.));
#4473=CARTESIAN_POINT('',(-1.66794463719411,7.64188715467203,0.));
#4474=CARTESIAN_POINT('',(7.85193697477085,-1.74199614855058,0.));
#4475=CARTESIAN_POINT('',(7.85193697477085,7.64188715467203,0.));
#4476=CARTESIAN_POINT('',(4.565,0.565,-0.18));
#4477=CARTESIAN_POINT('',(4.385,0.565,-0.18));
#4478=CARTESIAN_POINT('',(4.385,0.565,4.44893300389316E-17));
#4479=CARTESIAN_POINT('',(4.385,0.565,0.18));
#4480=CARTESIAN_POINT('',(4.565,0.565,0.18));
#4481=CARTESIAN_POINT('',(4.565,0.565,-0.18));
#4482=CARTESIAN_POINT('',(4.385,0.385,-0.18));
#4483=CARTESIAN_POINT('',(4.385,0.385,4.44893300389316E-17));
#4484=CARTESIAN_POINT('',(4.385,0.385,0.18));
#4485=CARTESIAN_POINT('',(4.565,0.565,0.18));
#4486=CARTESIAN_POINT('',(4.565,0.565,-0.18));
#4487=CARTESIAN_POINT('',(4.565,0.385,-0.18));
#4488=CARTESIAN_POINT('',(4.565,0.385,4.44893300389316E-17));
#4489=CARTESIAN_POINT('',(4.565,0.385,0.18));
#4490=CARTESIAN_POINT('',(4.565,0.565,0.18));
#4491=CARTESIAN_POINT('',(4.565,0.565,-0.18));
#4492=CARTESIAN_POINT('',(4.745,0.385,-0.18));
#4493=CARTESIAN_POINT('',(4.745,0.385,4.44893300389316E-17));
#4494=CARTESIAN_POINT('',(4.745,0.385,0.18));
#4495=CARTESIAN_POINT('',(4.565,0.565,0.18));
#4496=CARTESIAN_POINT('',(4.565,0.565,-0.18));
#4497=CARTESIAN_POINT('',(4.745,0.565,-0.18));
#4498=CARTESIAN_POINT('',(4.745,0.565,4.44893300389316E-17));
#4499=CARTESIAN_POINT('',(4.745,0.565,0.18));
#4500=CARTESIAN_POINT('',(4.565,0.565,0.18));
#4501=CARTESIAN_POINT('',(4.565,0.565,-0.18));
#4502=CARTESIAN_POINT('',(4.745,0.565,-3.77073783102926E-17));
#4503=CARTESIAN_POINT('',(4.385,0.565,5.55111512312578E-17));
#4504=CARTESIAN_POINT('',(4.565,0.565,-0.18));
#4505=CARTESIAN_POINT('',(4.385,0.565,-0.18));
#4506=CARTESIAN_POINT('',(4.385,0.565,-7.54147566205853E-17));
#4507=CARTESIAN_POINT('',(0.565486677646163,-0.282743338823081));
#4508=CARTESIAN_POINT('',(0.565486677646163,-1.66533453693773E-16));
#4509=CARTESIAN_POINT('',(4.385,0.565,5.55111512312578E-17));
#4510=CARTESIAN_POINT('',(4.385,0.745,0.));
#4511=CARTESIAN_POINT('',(4.565,0.745,5.55111512312578E-17));
#4512=CARTESIAN_POINT('',(4.745,0.745,0.));
#4513=CARTESIAN_POINT('',(4.745,0.565,5.55111512312578E-17));
#4514=CARTESIAN_POINT('',(0.565486677646163,-1.66533453693773E-16));
#4515=CARTESIAN_POINT('',(0.,-1.66533453693773E-16));
#4516=CARTESIAN_POINT('',(4.745,0.565,-7.54147566205853E-17));
#4517=CARTESIAN_POINT('',(4.745,0.565,-0.18));
#4518=CARTESIAN_POINT('',(4.565,0.565,-0.18));
#4519=CARTESIAN_POINT('',(0.,-1.66533453693773E-16));
#4520=CARTESIAN_POINT('',(0.,-0.282743338823081));
#4521=CARTESIAN_POINT('',(6.05294463719411,2.30699614855058));
#4522=CARTESIAN_POINT('',(6.05294463719411,2.48699614855058));
#4523=CARTESIAN_POINT('',(6.23294463719411,2.48699614855058));
#4524=CARTESIAN_POINT('',(6.41294463719411,2.48699614855058));
#4525=CARTESIAN_POINT('',(6.41294463719411,2.30699614855058));
#4526=CARTESIAN_POINT('',(4.385,0.565,5.55111512312578E-17));
#4527=CARTESIAN_POINT('',(4.385,0.385,0.));
#4528=CARTESIAN_POINT('',(4.565,0.385,5.55111512312578E-17));
#4529=CARTESIAN_POINT('',(4.745,0.385,0.));
#4530=CARTESIAN_POINT('',(4.745,0.565,5.55111512312578E-17));
#4531=CARTESIAN_POINT('',(6.05294463719411,2.30699614855058));
#4532=CARTESIAN_POINT('',(6.05294463719411,2.12699614855058));
#4533=CARTESIAN_POINT('',(6.23294463719411,2.12699614855058));
#4534=CARTESIAN_POINT('',(6.41294463719411,2.12699614855058));
#4535=CARTESIAN_POINT('',(6.41294463719411,2.30699614855058));
#4536=CARTESIAN_POINT('',(1.13097335529233,-1.66533453693773E-16));
#4537=CARTESIAN_POINT('',(1.13097335529233,-0.282743338823081));
#4538=CARTESIAN_POINT('',(0.565486677646163,-1.66533453693773E-16));
#4539=CARTESIAN_POINT('',(1.13097335529233,-1.66533453693773E-16));
#4540=CARTESIAN_POINT('',(0.565486677646163,-0.282743338823081));
#4541=CARTESIAN_POINT('',(0.565486677646163,-1.66533453693773E-16));
#4542=CARTESIAN_POINT('',(5.565,0.565,-0.18));
#4543=CARTESIAN_POINT('',(5.745,0.565,-0.18));
#4544=CARTESIAN_POINT('',(5.745,0.565,4.44893300389316E-17));
#4545=CARTESIAN_POINT('',(5.745,0.565,0.18));
#4546=CARTESIAN_POINT('',(5.565,0.565,0.18));
#4547=CARTESIAN_POINT('',(5.565,0.565,-0.18));
#4548=CARTESIAN_POINT('',(5.745,0.745,-0.18));
#4549=CARTESIAN_POINT('',(5.745,0.745,4.44893300389316E-17));
#4550=CARTESIAN_POINT('',(5.745,0.745,0.18));
#4551=CARTESIAN_POINT('',(5.565,0.565,0.18));
#4552=CARTESIAN_POINT('',(5.565,0.565,-0.18));
#4553=CARTESIAN_POINT('',(5.565,0.745,-0.18));
#4554=CARTESIAN_POINT('',(5.565,0.745,4.44893300389316E-17));
#4555=CARTESIAN_POINT('',(5.565,0.745,0.18));
#4556=CARTESIAN_POINT('',(5.565,0.565,0.18));
#4557=CARTESIAN_POINT('',(5.565,0.565,-0.18));
#4558=CARTESIAN_POINT('',(5.385,0.745,-0.18));
#4559=CARTESIAN_POINT('',(5.385,0.745,4.44893300389316E-17));
#4560=CARTESIAN_POINT('',(5.385,0.745,0.18));
#4561=CARTESIAN_POINT('',(5.565,0.565,0.18));
#4562=CARTESIAN_POINT('',(5.565,0.565,-0.18));
#4563=CARTESIAN_POINT('',(5.385,0.565,-0.18));
#4564=CARTESIAN_POINT('',(5.385,0.565,4.44893300389316E-17));
#4565=CARTESIAN_POINT('',(5.385,0.565,0.18));
#4566=CARTESIAN_POINT('',(5.565,0.565,0.18));
#4567=CARTESIAN_POINT('',(-1.66794463719411,-1.74199614855058,0.));
#4568=CARTESIAN_POINT('',(-1.66794463719411,7.64188715467203,0.));
#4569=CARTESIAN_POINT('',(7.85193697477085,-1.74199614855058,0.));
#4570=CARTESIAN_POINT('',(7.85193697477085,7.64188715467203,0.));
#4571=CARTESIAN_POINT('',(5.565,0.565,-0.18));
#4572=CARTESIAN_POINT('',(5.385,0.565,-0.18));
#4573=CARTESIAN_POINT('',(5.385,0.565,4.44893300389316E-17));
#4574=CARTESIAN_POINT('',(5.385,0.565,0.18));
#4575=CARTESIAN_POINT('',(5.565,0.565,0.18));
#4576=CARTESIAN_POINT('',(5.565,0.565,-0.18));
#4577=CARTESIAN_POINT('',(5.385,0.385,-0.18));
#4578=CARTESIAN_POINT('',(5.385,0.385,4.44893300389316E-17));
#4579=CARTESIAN_POINT('',(5.385,0.385,0.18));
#4580=CARTESIAN_POINT('',(5.565,0.565,0.18));
#4581=CARTESIAN_POINT('',(5.565,0.565,-0.18));
#4582=CARTESIAN_POINT('',(5.565,0.385,-0.18));
#4583=CARTESIAN_POINT('',(5.565,0.385,4.44893300389316E-17));
#4584=CARTESIAN_POINT('',(5.565,0.385,0.18));
#4585=CARTESIAN_POINT('',(5.565,0.565,0.18));
#4586=CARTESIAN_POINT('',(5.565,0.565,-0.18));
#4587=CARTESIAN_POINT('',(5.745,0.385,-0.18));
#4588=CARTESIAN_POINT('',(5.745,0.385,4.44893300389316E-17));
#4589=CARTESIAN_POINT('',(5.745,0.385,0.18));
#4590=CARTESIAN_POINT('',(5.565,0.565,0.18));
#4591=CARTESIAN_POINT('',(5.565,0.565,-0.18));
#4592=CARTESIAN_POINT('',(5.745,0.565,-0.18));
#4593=CARTESIAN_POINT('',(5.745,0.565,4.44893300389316E-17));
#4594=CARTESIAN_POINT('',(5.745,0.565,0.18));
#4595=CARTESIAN_POINT('',(5.565,0.565,0.18));
#4596=CARTESIAN_POINT('',(5.565,0.565,-0.18));
#4597=CARTESIAN_POINT('',(5.745,0.565,-3.77073783102926E-17));
#4598=CARTESIAN_POINT('',(5.385,0.565,5.55111512312578E-17));
#4599=CARTESIAN_POINT('',(5.565,0.565,-0.18));
#4600=CARTESIAN_POINT('',(5.385,0.565,-0.18));
#4601=CARTESIAN_POINT('',(5.385,0.565,-7.54147566205853E-17));
#4602=CARTESIAN_POINT('',(0.565486677646163,-0.282743338823081));
#4603=CARTESIAN_POINT('',(0.565486677646163,-1.66533453693773E-16));
#4604=CARTESIAN_POINT('',(5.385,0.565,5.55111512312578E-17));
#4605=CARTESIAN_POINT('',(5.385,0.745,0.));
#4606=CARTESIAN_POINT('',(5.565,0.745,5.55111512312578E-17));
#4607=CARTESIAN_POINT('',(5.745,0.745,0.));
#4608=CARTESIAN_POINT('',(5.745,0.565,5.55111512312578E-17));
#4609=CARTESIAN_POINT('',(0.565486677646163,-1.66533453693773E-16));
#4610=CARTESIAN_POINT('',(0.,-1.66533453693773E-16));
#4611=CARTESIAN_POINT('',(5.745,0.565,-7.54147566205853E-17));
#4612=CARTESIAN_POINT('',(5.745,0.565,-0.18));
#4613=CARTESIAN_POINT('',(5.565,0.565,-0.18));
#4614=CARTESIAN_POINT('',(0.,-1.66533453693773E-16));
#4615=CARTESIAN_POINT('',(0.,-0.282743338823081));
#4616=CARTESIAN_POINT('',(7.05294463719411,2.30699614855058));
#4617=CARTESIAN_POINT('',(7.05294463719411,2.48699614855058));
#4618=CARTESIAN_POINT('',(7.23294463719411,2.48699614855058));
#4619=CARTESIAN_POINT('',(7.41294463719411,2.48699614855058));
#4620=CARTESIAN_POINT('',(7.41294463719411,2.30699614855058));
#4621=CARTESIAN_POINT('',(5.385,0.565,5.55111512312578E-17));
#4622=CARTESIAN_POINT('',(5.385,0.385,0.));
#4623=CARTESIAN_POINT('',(5.565,0.385,5.55111512312578E-17));
#4624=CARTESIAN_POINT('',(5.745,0.385,0.));
#4625=CARTESIAN_POINT('',(5.745,0.565,5.55111512312578E-17));
#4626=CARTESIAN_POINT('',(7.05294463719411,2.30699614855058));
#4627=CARTESIAN_POINT('',(7.05294463719411,2.12699614855058));
#4628=CARTESIAN_POINT('',(7.23294463719411,2.12699614855058));
#4629=CARTESIAN_POINT('',(7.41294463719411,2.12699614855058));
#4630=CARTESIAN_POINT('',(7.41294463719411,2.30699614855058));
#4631=CARTESIAN_POINT('',(1.13097335529233,-1.66533453693773E-16));
#4632=CARTESIAN_POINT('',(1.13097335529233,-0.282743338823081));
#4633=CARTESIAN_POINT('',(0.565486677646163,-1.66533453693773E-16));
#4634=CARTESIAN_POINT('',(1.13097335529233,-1.66533453693773E-16));
#4635=CARTESIAN_POINT('',(0.565486677646163,-0.282743338823081));
#4636=CARTESIAN_POINT('',(0.565486677646163,-1.66533453693773E-16));
#4637=CARTESIAN_POINT('',(0.565,1.565,-0.18));
#4638=CARTESIAN_POINT('',(0.745,1.565,-0.18));
#4639=CARTESIAN_POINT('',(0.745,1.565,4.44893300389316E-17));
#4640=CARTESIAN_POINT('',(0.745,1.565,0.18));
#4641=CARTESIAN_POINT('',(0.565,1.565,0.18));
#4642=CARTESIAN_POINT('',(0.565,1.565,-0.18));
#4643=CARTESIAN_POINT('',(0.745,1.745,-0.18));
#4644=CARTESIAN_POINT('',(0.745,1.745,4.44893300389316E-17));
#4645=CARTESIAN_POINT('',(0.745,1.745,0.18));
#4646=CARTESIAN_POINT('',(0.565,1.565,0.18));
#4647=CARTESIAN_POINT('',(0.565,1.565,-0.18));
#4648=CARTESIAN_POINT('',(0.565,1.745,-0.18));
#4649=CARTESIAN_POINT('',(0.565,1.745,4.44893300389316E-17));
#4650=CARTESIAN_POINT('',(0.565,1.745,0.18));
#4651=CARTESIAN_POINT('',(0.565,1.565,0.18));
#4652=CARTESIAN_POINT('',(0.565,1.565,-0.18));
#4653=CARTESIAN_POINT('',(0.385,1.745,-0.18));
#4654=CARTESIAN_POINT('',(0.385,1.745,4.44893300389316E-17));
#4655=CARTESIAN_POINT('',(0.385,1.745,0.18));
#4656=CARTESIAN_POINT('',(0.565,1.565,0.18));
#4657=CARTESIAN_POINT('',(0.565,1.565,-0.18));
#4658=CARTESIAN_POINT('',(0.385,1.565,-0.18));
#4659=CARTESIAN_POINT('',(0.385,1.565,4.44893300389316E-17));
#4660=CARTESIAN_POINT('',(0.385,1.565,0.18));
#4661=CARTESIAN_POINT('',(0.565,1.565,0.18));
#4662=CARTESIAN_POINT('',(-1.66794463719411,-1.74199614855058,0.));
#4663=CARTESIAN_POINT('',(-1.66794463719411,7.64188715467203,0.));
#4664=CARTESIAN_POINT('',(7.85193697477085,-1.74199614855058,0.));
#4665=CARTESIAN_POINT('',(7.85193697477085,7.64188715467203,0.));
#4666=CARTESIAN_POINT('',(0.565,1.565,-0.18));
#4667=CARTESIAN_POINT('',(0.385,1.565,-0.18));
#4668=CARTESIAN_POINT('',(0.385,1.565,4.44893300389316E-17));
#4669=CARTESIAN_POINT('',(0.385,1.565,0.18));
#4670=CARTESIAN_POINT('',(0.565,1.565,0.18));
#4671=CARTESIAN_POINT('',(0.565,1.565,-0.18));
#4672=CARTESIAN_POINT('',(0.385,1.385,-0.18));
#4673=CARTESIAN_POINT('',(0.385,1.385,4.44893300389316E-17));
#4674=CARTESIAN_POINT('',(0.385,1.385,0.18));
#4675=CARTESIAN_POINT('',(0.565,1.565,0.18));
#4676=CARTESIAN_POINT('',(0.565,1.565,-0.18));
#4677=CARTESIAN_POINT('',(0.565,1.385,-0.18));
#4678=CARTESIAN_POINT('',(0.565,1.385,4.44893300389316E-17));
#4679=CARTESIAN_POINT('',(0.565,1.385,0.18));
#4680=CARTESIAN_POINT('',(0.565,1.565,0.18));
#4681=CARTESIAN_POINT('',(0.565,1.565,-0.18));
#4682=CARTESIAN_POINT('',(0.745,1.385,-0.18));
#4683=CARTESIAN_POINT('',(0.745,1.385,4.44893300389316E-17));
#4684=CARTESIAN_POINT('',(0.745,1.385,0.18));
#4685=CARTESIAN_POINT('',(0.565,1.565,0.18));
#4686=CARTESIAN_POINT('',(0.565,1.565,-0.18));
#4687=CARTESIAN_POINT('',(0.745,1.565,-0.18));
#4688=CARTESIAN_POINT('',(0.745,1.565,4.44893300389316E-17));
#4689=CARTESIAN_POINT('',(0.745,1.565,0.18));
#4690=CARTESIAN_POINT('',(0.565,1.565,0.18));
#4691=CARTESIAN_POINT('',(0.565,1.565,-0.18));
#4692=CARTESIAN_POINT('',(0.745,1.565,-3.77073783102926E-17));
#4693=CARTESIAN_POINT('',(0.385,1.565,5.55111512312578E-17));
#4694=CARTESIAN_POINT('',(0.565,1.565,-0.18));
#4695=CARTESIAN_POINT('',(0.385,1.565,-0.18));
#4696=CARTESIAN_POINT('',(0.385,1.565,-7.54147566205853E-17));
#4697=CARTESIAN_POINT('',(0.565486677646163,-0.282743338823081));
#4698=CARTESIAN_POINT('',(0.565486677646163,-1.66533453693773E-16));
#4699=CARTESIAN_POINT('',(0.385,1.565,5.55111512312578E-17));
#4700=CARTESIAN_POINT('',(0.385,1.745,0.));
#4701=CARTESIAN_POINT('',(0.565,1.745,5.55111512312578E-17));
#4702=CARTESIAN_POINT('',(0.745,1.745,0.));
#4703=CARTESIAN_POINT('',(0.745,1.565,5.55111512312578E-17));
#4704=CARTESIAN_POINT('',(0.565486677646163,-1.66533453693773E-16));
#4705=CARTESIAN_POINT('',(0.,-1.66533453693773E-16));
#4706=CARTESIAN_POINT('',(0.745,1.565,-7.54147566205853E-17));
#4707=CARTESIAN_POINT('',(0.745,1.565,-0.18));
#4708=CARTESIAN_POINT('',(0.565,1.565,-0.18));
#4709=CARTESIAN_POINT('',(0.,-1.66533453693773E-16));
#4710=CARTESIAN_POINT('',(0.,-0.282743338823081));
#4711=CARTESIAN_POINT('',(2.05294463719411,3.30699614855058));
#4712=CARTESIAN_POINT('',(2.05294463719411,3.48699614855058));
#4713=CARTESIAN_POINT('',(2.23294463719411,3.48699614855058));
#4714=CARTESIAN_POINT('',(2.41294463719411,3.48699614855058));
#4715=CARTESIAN_POINT('',(2.41294463719412,3.30699614855058));
#4716=CARTESIAN_POINT('',(0.385,1.565,5.55111512312578E-17));
#4717=CARTESIAN_POINT('',(0.385,1.385,0.));
#4718=CARTESIAN_POINT('',(0.565,1.385,5.55111512312578E-17));
#4719=CARTESIAN_POINT('',(0.745,1.385,0.));
#4720=CARTESIAN_POINT('',(0.745,1.565,5.55111512312578E-17));
#4721=CARTESIAN_POINT('',(2.05294463719411,3.30699614855058));
#4722=CARTESIAN_POINT('',(2.05294463719411,3.12699614855058));
#4723=CARTESIAN_POINT('',(2.23294463719411,3.12699614855058));
#4724=CARTESIAN_POINT('',(2.41294463719411,3.12699614855058));
#4725=CARTESIAN_POINT('',(2.41294463719412,3.30699614855058));
#4726=CARTESIAN_POINT('',(1.13097335529233,-1.66533453693773E-16));
#4727=CARTESIAN_POINT('',(1.13097335529233,-0.282743338823081));
#4728=CARTESIAN_POINT('',(0.565486677646163,-1.66533453693773E-16));
#4729=CARTESIAN_POINT('',(1.13097335529233,-1.66533453693773E-16));
#4730=CARTESIAN_POINT('',(0.565486677646163,-0.282743338823081));
#4731=CARTESIAN_POINT('',(0.565486677646163,-1.66533453693773E-16));
#4732=CARTESIAN_POINT('',(1.565,1.565,-0.18));
#4733=CARTESIAN_POINT('',(1.745,1.565,-0.18));
#4734=CARTESIAN_POINT('',(1.745,1.565,4.44893300389316E-17));
#4735=CARTESIAN_POINT('',(1.745,1.565,0.18));
#4736=CARTESIAN_POINT('',(1.565,1.565,0.18));
#4737=CARTESIAN_POINT('',(1.565,1.565,-0.18));
#4738=CARTESIAN_POINT('',(1.745,1.745,-0.18));
#4739=CARTESIAN_POINT('',(1.745,1.745,4.44893300389316E-17));
#4740=CARTESIAN_POINT('',(1.745,1.745,0.18));
#4741=CARTESIAN_POINT('',(1.565,1.565,0.18));
#4742=CARTESIAN_POINT('',(1.565,1.565,-0.18));
#4743=CARTESIAN_POINT('',(1.565,1.745,-0.18));
#4744=CARTESIAN_POINT('',(1.565,1.745,4.44893300389316E-17));
#4745=CARTESIAN_POINT('',(1.565,1.745,0.18));
#4746=CARTESIAN_POINT('',(1.565,1.565,0.18));
#4747=CARTESIAN_POINT('',(1.565,1.565,-0.18));
#4748=CARTESIAN_POINT('',(1.385,1.745,-0.18));
#4749=CARTESIAN_POINT('',(1.385,1.745,4.44893300389316E-17));
#4750=CARTESIAN_POINT('',(1.385,1.745,0.18));
#4751=CARTESIAN_POINT('',(1.565,1.565,0.18));
#4752=CARTESIAN_POINT('',(1.565,1.565,-0.18));
#4753=CARTESIAN_POINT('',(1.385,1.565,-0.18));
#4754=CARTESIAN_POINT('',(1.385,1.565,4.44893300389316E-17));
#4755=CARTESIAN_POINT('',(1.385,1.565,0.18));
#4756=CARTESIAN_POINT('',(1.565,1.565,0.18));
#4757=CARTESIAN_POINT('',(-1.66794463719411,-1.74199614855058,0.));
#4758=CARTESIAN_POINT('',(-1.66794463719411,7.64188715467203,0.));
#4759=CARTESIAN_POINT('',(7.85193697477085,-1.74199614855058,0.));
#4760=CARTESIAN_POINT('',(7.85193697477085,7.64188715467203,0.));
#4761=CARTESIAN_POINT('',(1.565,1.565,-0.18));
#4762=CARTESIAN_POINT('',(1.385,1.565,-0.18));
#4763=CARTESIAN_POINT('',(1.385,1.565,4.44893300389316E-17));
#4764=CARTESIAN_POINT('',(1.385,1.565,0.18));
#4765=CARTESIAN_POINT('',(1.565,1.565,0.18));
#4766=CARTESIAN_POINT('',(1.565,1.565,-0.18));
#4767=CARTESIAN_POINT('',(1.385,1.385,-0.18));
#4768=CARTESIAN_POINT('',(1.385,1.385,4.44893300389316E-17));
#4769=CARTESIAN_POINT('',(1.385,1.385,0.18));
#4770=CARTESIAN_POINT('',(1.565,1.565,0.18));
#4771=CARTESIAN_POINT('',(1.565,1.565,-0.18));
#4772=CARTESIAN_POINT('',(1.565,1.385,-0.18));
#4773=CARTESIAN_POINT('',(1.565,1.385,4.44893300389316E-17));
#4774=CARTESIAN_POINT('',(1.565,1.385,0.18));
#4775=CARTESIAN_POINT('',(1.565,1.565,0.18));
#4776=CARTESIAN_POINT('',(1.565,1.565,-0.18));
#4777=CARTESIAN_POINT('',(1.745,1.385,-0.18));
#4778=CARTESIAN_POINT('',(1.745,1.385,4.44893300389316E-17));
#4779=CARTESIAN_POINT('',(1.745,1.385,0.18));
#4780=CARTESIAN_POINT('',(1.565,1.565,0.18));
#4781=CARTESIAN_POINT('',(1.565,1.565,-0.18));
#4782=CARTESIAN_POINT('',(1.745,1.565,-0.18));
#4783=CARTESIAN_POINT('',(1.745,1.565,4.44893300389316E-17));
#4784=CARTESIAN_POINT('',(1.745,1.565,0.18));
#4785=CARTESIAN_POINT('',(1.565,1.565,0.18));
#4786=CARTESIAN_POINT('',(1.565,1.565,-0.18));
#4787=CARTESIAN_POINT('',(1.745,1.565,-3.77073783102926E-17));
#4788=CARTESIAN_POINT('',(1.385,1.565,5.55111512312578E-17));
#4789=CARTESIAN_POINT('',(1.565,1.565,-0.18));
#4790=CARTESIAN_POINT('',(1.385,1.565,-0.18));
#4791=CARTESIAN_POINT('',(1.385,1.565,-7.54147566205853E-17));
#4792=CARTESIAN_POINT('',(0.565486677646163,-0.282743338823081));
#4793=CARTESIAN_POINT('',(0.565486677646163,-1.66533453693773E-16));
#4794=CARTESIAN_POINT('',(1.385,1.565,5.55111512312578E-17));
#4795=CARTESIAN_POINT('',(1.385,1.745,0.));
#4796=CARTESIAN_POINT('',(1.565,1.745,5.55111512312578E-17));
#4797=CARTESIAN_POINT('',(1.745,1.745,0.));
#4798=CARTESIAN_POINT('',(1.745,1.565,5.55111512312578E-17));
#4799=CARTESIAN_POINT('',(0.565486677646163,-1.66533453693773E-16));
#4800=CARTESIAN_POINT('',(0.,-1.66533453693773E-16));
#4801=CARTESIAN_POINT('',(1.745,1.565,-7.54147566205853E-17));
#4802=CARTESIAN_POINT('',(1.745,1.565,-0.18));
#4803=CARTESIAN_POINT('',(1.565,1.565,-0.18));
#4804=CARTESIAN_POINT('',(0.,-1.66533453693773E-16));
#4805=CARTESIAN_POINT('',(0.,-0.282743338823081));
#4806=CARTESIAN_POINT('',(3.05294463719411,3.30699614855058));
#4807=CARTESIAN_POINT('',(3.05294463719411,3.48699614855058));
#4808=CARTESIAN_POINT('',(3.23294463719411,3.48699614855058));
#4809=CARTESIAN_POINT('',(3.41294463719411,3.48699614855058));
#4810=CARTESIAN_POINT('',(3.41294463719411,3.30699614855058));
#4811=CARTESIAN_POINT('',(1.385,1.565,5.55111512312578E-17));
#4812=CARTESIAN_POINT('',(1.385,1.385,0.));
#4813=CARTESIAN_POINT('',(1.565,1.385,5.55111512312578E-17));
#4814=CARTESIAN_POINT('',(1.745,1.385,0.));
#4815=CARTESIAN_POINT('',(1.745,1.565,5.55111512312578E-17));
#4816=CARTESIAN_POINT('',(3.05294463719411,3.30699614855058));
#4817=CARTESIAN_POINT('',(3.05294463719411,3.12699614855058));
#4818=CARTESIAN_POINT('',(3.23294463719411,3.12699614855058));
#4819=CARTESIAN_POINT('',(3.41294463719411,3.12699614855058));
#4820=CARTESIAN_POINT('',(3.41294463719411,3.30699614855058));
#4821=CARTESIAN_POINT('',(1.13097335529233,-1.66533453693773E-16));
#4822=CARTESIAN_POINT('',(1.13097335529233,-0.282743338823081));
#4823=CARTESIAN_POINT('',(0.565486677646163,-1.66533453693773E-16));
#4824=CARTESIAN_POINT('',(1.13097335529233,-1.66533453693773E-16));
#4825=CARTESIAN_POINT('',(0.565486677646163,-0.282743338823081));
#4826=CARTESIAN_POINT('',(0.565486677646163,-1.66533453693773E-16));
#4827=CARTESIAN_POINT('',(2.565,1.565,-0.18));
#4828=CARTESIAN_POINT('',(2.745,1.565,-0.18));
#4829=CARTESIAN_POINT('',(2.745,1.565,4.44893300389316E-17));
#4830=CARTESIAN_POINT('',(2.745,1.565,0.18));
#4831=CARTESIAN_POINT('',(2.565,1.565,0.18));
#4832=CARTESIAN_POINT('',(2.565,1.565,-0.18));
#4833=CARTESIAN_POINT('',(2.745,1.745,-0.18));
#4834=CARTESIAN_POINT('',(2.745,1.745,4.44893300389316E-17));
#4835=CARTESIAN_POINT('',(2.745,1.745,0.18));
#4836=CARTESIAN_POINT('',(2.565,1.565,0.18));
#4837=CARTESIAN_POINT('',(2.565,1.565,-0.18));
#4838=CARTESIAN_POINT('',(2.565,1.745,-0.18));
#4839=CARTESIAN_POINT('',(2.565,1.745,4.44893300389316E-17));
#4840=CARTESIAN_POINT('',(2.565,1.745,0.18));
#4841=CARTESIAN_POINT('',(2.565,1.565,0.18));
#4842=CARTESIAN_POINT('',(2.565,1.565,-0.18));
#4843=CARTESIAN_POINT('',(2.385,1.745,-0.18));
#4844=CARTESIAN_POINT('',(2.385,1.745,4.44893300389316E-17));
#4845=CARTESIAN_POINT('',(2.385,1.745,0.18));
#4846=CARTESIAN_POINT('',(2.565,1.565,0.18));
#4847=CARTESIAN_POINT('',(2.565,1.565,-0.18));
#4848=CARTESIAN_POINT('',(2.385,1.565,-0.18));
#4849=CARTESIAN_POINT('',(2.385,1.565,4.44893300389316E-17));
#4850=CARTESIAN_POINT('',(2.385,1.565,0.18));
#4851=CARTESIAN_POINT('',(2.565,1.565,0.18));
#4852=CARTESIAN_POINT('',(-1.66794463719411,-1.74199614855058,0.));
#4853=CARTESIAN_POINT('',(-1.66794463719411,7.64188715467203,0.));
#4854=CARTESIAN_POINT('',(7.85193697477085,-1.74199614855058,0.));
#4855=CARTESIAN_POINT('',(7.85193697477085,7.64188715467203,0.));
#4856=CARTESIAN_POINT('',(2.565,1.565,-0.18));
#4857=CARTESIAN_POINT('',(2.385,1.565,-0.18));
#4858=CARTESIAN_POINT('',(2.385,1.565,4.44893300389316E-17));
#4859=CARTESIAN_POINT('',(2.385,1.565,0.18));
#4860=CARTESIAN_POINT('',(2.565,1.565,0.18));
#4861=CARTESIAN_POINT('',(2.565,1.565,-0.18));
#4862=CARTESIAN_POINT('',(2.385,1.385,-0.18));
#4863=CARTESIAN_POINT('',(2.385,1.385,4.44893300389316E-17));
#4864=CARTESIAN_POINT('',(2.385,1.385,0.18));
#4865=CARTESIAN_POINT('',(2.565,1.565,0.18));
#4866=CARTESIAN_POINT('',(2.565,1.565,-0.18));
#4867=CARTESIAN_POINT('',(2.565,1.385,-0.18));
#4868=CARTESIAN_POINT('',(2.565,1.385,4.44893300389316E-17));
#4869=CARTESIAN_POINT('',(2.565,1.385,0.18));
#4870=CARTESIAN_POINT('',(2.565,1.565,0.18));
#4871=CARTESIAN_POINT('',(2.565,1.565,-0.18));
#4872=CARTESIAN_POINT('',(2.745,1.385,-0.18));
#4873=CARTESIAN_POINT('',(2.745,1.385,4.44893300389316E-17));
#4874=CARTESIAN_POINT('',(2.745,1.385,0.18));
#4875=CARTESIAN_POINT('',(2.565,1.565,0.18));
#4876=CARTESIAN_POINT('',(2.565,1.565,-0.18));
#4877=CARTESIAN_POINT('',(2.745,1.565,-0.18));
#4878=CARTESIAN_POINT('',(2.745,1.565,4.44893300389316E-17));
#4879=CARTESIAN_POINT('',(2.745,1.565,0.18));
#4880=CARTESIAN_POINT('',(2.565,1.565,0.18));
#4881=CARTESIAN_POINT('',(2.565,1.565,-0.18));
#4882=CARTESIAN_POINT('',(2.745,1.565,-3.77073783102926E-17));
#4883=CARTESIAN_POINT('',(2.385,1.565,5.55111512312578E-17));
#4884=CARTESIAN_POINT('',(2.565,1.565,-0.18));
#4885=CARTESIAN_POINT('',(2.385,1.565,-0.18));
#4886=CARTESIAN_POINT('',(2.385,1.565,-7.54147566205853E-17));
#4887=CARTESIAN_POINT('',(0.565486677646163,-0.282743338823081));
#4888=CARTESIAN_POINT('',(0.565486677646163,-1.66533453693773E-16));
#4889=CARTESIAN_POINT('',(2.385,1.565,5.55111512312578E-17));
#4890=CARTESIAN_POINT('',(2.385,1.745,0.));
#4891=CARTESIAN_POINT('',(2.565,1.745,5.55111512312578E-17));
#4892=CARTESIAN_POINT('',(2.745,1.745,0.));
#4893=CARTESIAN_POINT('',(2.745,1.565,5.55111512312578E-17));
#4894=CARTESIAN_POINT('',(0.565486677646163,-1.66533453693773E-16));
#4895=CARTESIAN_POINT('',(0.,-1.66533453693773E-16));
#4896=CARTESIAN_POINT('',(2.745,1.565,-7.54147566205853E-17));
#4897=CARTESIAN_POINT('',(2.745,1.565,-0.18));
#4898=CARTESIAN_POINT('',(2.565,1.565,-0.18));
#4899=CARTESIAN_POINT('',(0.,-1.66533453693773E-16));
#4900=CARTESIAN_POINT('',(0.,-0.282743338823081));
#4901=CARTESIAN_POINT('',(4.05294463719411,3.30699614855058));
#4902=CARTESIAN_POINT('',(4.05294463719411,3.48699614855058));
#4903=CARTESIAN_POINT('',(4.23294463719411,3.48699614855058));
#4904=CARTESIAN_POINT('',(4.41294463719411,3.48699614855058));
#4905=CARTESIAN_POINT('',(4.41294463719411,3.30699614855058));
#4906=CARTESIAN_POINT('',(2.385,1.565,5.55111512312578E-17));
#4907=CARTESIAN_POINT('',(2.385,1.385,0.));
#4908=CARTESIAN_POINT('',(2.565,1.385,5.55111512312578E-17));
#4909=CARTESIAN_POINT('',(2.745,1.385,0.));
#4910=CARTESIAN_POINT('',(2.745,1.565,5.55111512312578E-17));
#4911=CARTESIAN_POINT('',(4.05294463719411,3.30699614855058));
#4912=CARTESIAN_POINT('',(4.05294463719411,3.12699614855058));
#4913=CARTESIAN_POINT('',(4.23294463719411,3.12699614855058));
#4914=CARTESIAN_POINT('',(4.41294463719411,3.12699614855058));
#4915=CARTESIAN_POINT('',(4.41294463719411,3.30699614855058));
#4916=CARTESIAN_POINT('',(1.13097335529233,-1.66533453693773E-16));
#4917=CARTESIAN_POINT('',(1.13097335529233,-0.282743338823081));
#4918=CARTESIAN_POINT('',(0.565486677646163,-1.66533453693773E-16));
#4919=CARTESIAN_POINT('',(1.13097335529233,-1.66533453693773E-16));
#4920=CARTESIAN_POINT('',(0.565486677646163,-0.282743338823081));
#4921=CARTESIAN_POINT('',(0.565486677646163,-1.66533453693773E-16));
#4922=CARTESIAN_POINT('',(3.565,1.565,-0.18));
#4923=CARTESIAN_POINT('',(3.745,1.565,-0.18));
#4924=CARTESIAN_POINT('',(3.745,1.565,4.44893300389316E-17));
#4925=CARTESIAN_POINT('',(3.745,1.565,0.18));
#4926=CARTESIAN_POINT('',(3.565,1.565,0.18));
#4927=CARTESIAN_POINT('',(3.565,1.565,-0.18));
#4928=CARTESIAN_POINT('',(3.745,1.745,-0.18));
#4929=CARTESIAN_POINT('',(3.745,1.745,4.44893300389316E-17));
#4930=CARTESIAN_POINT('',(3.745,1.745,0.18));
#4931=CARTESIAN_POINT('',(3.565,1.565,0.18));
#4932=CARTESIAN_POINT('',(3.565,1.565,-0.18));
#4933=CARTESIAN_POINT('',(3.565,1.745,-0.18));
#4934=CARTESIAN_POINT('',(3.565,1.745,4.44893300389316E-17));
#4935=CARTESIAN_POINT('',(3.565,1.745,0.18));
#4936=CARTESIAN_POINT('',(3.565,1.565,0.18));
#4937=CARTESIAN_POINT('',(3.565,1.565,-0.18));
#4938=CARTESIAN_POINT('',(3.385,1.745,-0.18));
#4939=CARTESIAN_POINT('',(3.385,1.745,4.44893300389316E-17));
#4940=CARTESIAN_POINT('',(3.385,1.745,0.18));
#4941=CARTESIAN_POINT('',(3.565,1.565,0.18));
#4942=CARTESIAN_POINT('',(3.565,1.565,-0.18));
#4943=CARTESIAN_POINT('',(3.385,1.565,-0.18));
#4944=CARTESIAN_POINT('',(3.385,1.565,4.44893300389316E-17));
#4945=CARTESIAN_POINT('',(3.385,1.565,0.18));
#4946=CARTESIAN_POINT('',(3.565,1.565,0.18));
#4947=CARTESIAN_POINT('',(-1.66794463719411,-1.74199614855058,0.));
#4948=CARTESIAN_POINT('',(-1.66794463719411,7.64188715467203,0.));
#4949=CARTESIAN_POINT('',(7.85193697477085,-1.74199614855058,0.));
#4950=CARTESIAN_POINT('',(7.85193697477085,7.64188715467203,0.));
#4951=CARTESIAN_POINT('',(3.565,1.565,-0.18));
#4952=CARTESIAN_POINT('',(3.385,1.565,-0.18));
#4953=CARTESIAN_POINT('',(3.385,1.565,4.44893300389316E-17));
#4954=CARTESIAN_POINT('',(3.385,1.565,0.18));
#4955=CARTESIAN_POINT('',(3.565,1.565,0.18));
#4956=CARTESIAN_POINT('',(3.565,1.565,-0.18));
#4957=CARTESIAN_POINT('',(3.385,1.385,-0.18));
#4958=CARTESIAN_POINT('',(3.385,1.385,4.44893300389316E-17));
#4959=CARTESIAN_POINT('',(3.385,1.385,0.18));
#4960=CARTESIAN_POINT('',(3.565,1.565,0.18));
#4961=CARTESIAN_POINT('',(3.565,1.565,-0.18));
#4962=CARTESIAN_POINT('',(3.565,1.385,-0.18));
#4963=CARTESIAN_POINT('',(3.565,1.385,4.44893300389316E-17));
#4964=CARTESIAN_POINT('',(3.565,1.385,0.18));
#4965=CARTESIAN_POINT('',(3.565,1.565,0.18));
#4966=CARTESIAN_POINT('',(3.565,1.565,-0.18));
#4967=CARTESIAN_POINT('',(3.745,1.385,-0.18));
#4968=CARTESIAN_POINT('',(3.745,1.385,4.44893300389316E-17));
#4969=CARTESIAN_POINT('',(3.745,1.385,0.18));
#4970=CARTESIAN_POINT('',(3.565,1.565,0.18));
#4971=CARTESIAN_POINT('',(3.565,1.565,-0.18));
#4972=CARTESIAN_POINT('',(3.745,1.565,-0.18));
#4973=CARTESIAN_POINT('',(3.745,1.565,4.44893300389316E-17));
#4974=CARTESIAN_POINT('',(3.745,1.565,0.18));
#4975=CARTESIAN_POINT('',(3.565,1.565,0.18));
#4976=CARTESIAN_POINT('',(3.565,1.565,-0.18));
#4977=CARTESIAN_POINT('',(3.745,1.565,-3.77073783102926E-17));
#4978=CARTESIAN_POINT('',(3.385,1.565,5.55111512312578E-17));
#4979=CARTESIAN_POINT('',(3.565,1.565,-0.18));
#4980=CARTESIAN_POINT('',(3.385,1.565,-0.18));
#4981=CARTESIAN_POINT('',(3.385,1.565,-7.54147566205853E-17));
#4982=CARTESIAN_POINT('',(0.565486677646163,-0.282743338823081));
#4983=CARTESIAN_POINT('',(0.565486677646163,-1.66533453693773E-16));
#4984=CARTESIAN_POINT('',(3.385,1.565,5.55111512312578E-17));
#4985=CARTESIAN_POINT('',(3.385,1.745,0.));
#4986=CARTESIAN_POINT('',(3.565,1.745,5.55111512312578E-17));
#4987=CARTESIAN_POINT('',(3.745,1.745,0.));
#4988=CARTESIAN_POINT('',(3.745,1.565,5.55111512312578E-17));
#4989=CARTESIAN_POINT('',(0.565486677646163,-1.66533453693773E-16));
#4990=CARTESIAN_POINT('',(0.,-1.66533453693773E-16));
#4991=CARTESIAN_POINT('',(3.745,1.565,-7.54147566205853E-17));
#4992=CARTESIAN_POINT('',(3.745,1.565,-0.18));
#4993=CARTESIAN_POINT('',(3.565,1.565,-0.18));
#4994=CARTESIAN_POINT('',(0.,-1.66533453693773E-16));
#4995=CARTESIAN_POINT('',(0.,-0.282743338823081));
#4996=CARTESIAN_POINT('',(5.05294463719411,3.30699614855058));
#4997=CARTESIAN_POINT('',(5.05294463719411,3.48699614855058));
#4998=CARTESIAN_POINT('',(5.23294463719411,3.48699614855058));
#4999=CARTESIAN_POINT('',(5.41294463719411,3.48699614855058));
#5000=CARTESIAN_POINT('',(5.41294463719411,3.30699614855058));
#5001=CARTESIAN_POINT('',(3.385,1.565,5.55111512312578E-17));
#5002=CARTESIAN_POINT('',(3.385,1.385,0.));
#5003=CARTESIAN_POINT('',(3.565,1.385,5.55111512312578E-17));
#5004=CARTESIAN_POINT('',(3.745,1.385,0.));
#5005=CARTESIAN_POINT('',(3.745,1.565,5.55111512312578E-17));
#5006=CARTESIAN_POINT('',(5.05294463719411,3.30699614855058));
#5007=CARTESIAN_POINT('',(5.05294463719411,3.12699614855058));
#5008=CARTESIAN_POINT('',(5.23294463719411,3.12699614855058));
#5009=CARTESIAN_POINT('',(5.41294463719411,3.12699614855058));
#5010=CARTESIAN_POINT('',(5.41294463719411,3.30699614855058));
#5011=CARTESIAN_POINT('',(1.13097335529233,-1.66533453693773E-16));
#5012=CARTESIAN_POINT('',(1.13097335529233,-0.282743338823081));
#5013=CARTESIAN_POINT('',(0.565486677646163,-1.66533453693773E-16));
#5014=CARTESIAN_POINT('',(1.13097335529233,-1.66533453693773E-16));
#5015=CARTESIAN_POINT('',(0.565486677646163,-0.282743338823081));
#5016=CARTESIAN_POINT('',(0.565486677646163,-1.66533453693773E-16));
#5017=CARTESIAN_POINT('',(4.565,1.565,-0.18));
#5018=CARTESIAN_POINT('',(4.745,1.565,-0.18));
#5019=CARTESIAN_POINT('',(4.745,1.565,4.44893300389316E-17));
#5020=CARTESIAN_POINT('',(4.745,1.565,0.18));
#5021=CARTESIAN_POINT('',(4.565,1.565,0.18));
#5022=CARTESIAN_POINT('',(4.565,1.565,-0.18));
#5023=CARTESIAN_POINT('',(4.745,1.745,-0.18));
#5024=CARTESIAN_POINT('',(4.745,1.745,4.44893300389316E-17));
#5025=CARTESIAN_POINT('',(4.745,1.745,0.18));
#5026=CARTESIAN_POINT('',(4.565,1.565,0.18));
#5027=CARTESIAN_POINT('',(4.565,1.565,-0.18));
#5028=CARTESIAN_POINT('',(4.565,1.745,-0.18));
#5029=CARTESIAN_POINT('',(4.565,1.745,4.44893300389316E-17));
#5030=CARTESIAN_POINT('',(4.565,1.745,0.18));
#5031=CARTESIAN_POINT('',(4.565,1.565,0.18));
#5032=CARTESIAN_POINT('',(4.565,1.565,-0.18));
#5033=CARTESIAN_POINT('',(4.385,1.745,-0.18));
#5034=CARTESIAN_POINT('',(4.385,1.745,4.44893300389316E-17));
#5035=CARTESIAN_POINT('',(4.385,1.745,0.18));
#5036=CARTESIAN_POINT('',(4.565,1.565,0.18));
#5037=CARTESIAN_POINT('',(4.565,1.565,-0.18));
#5038=CARTESIAN_POINT('',(4.385,1.565,-0.18));
#5039=CARTESIAN_POINT('',(4.385,1.565,4.44893300389316E-17));
#5040=CARTESIAN_POINT('',(4.385,1.565,0.18));
#5041=CARTESIAN_POINT('',(4.565,1.565,0.18));
#5042=CARTESIAN_POINT('',(-1.66794463719411,-1.74199614855058,0.));
#5043=CARTESIAN_POINT('',(-1.66794463719411,7.64188715467203,0.));
#5044=CARTESIAN_POINT('',(7.85193697477085,-1.74199614855058,0.));
#5045=CARTESIAN_POINT('',(7.85193697477085,7.64188715467203,0.));
#5046=CARTESIAN_POINT('',(4.565,1.565,-0.18));
#5047=CARTESIAN_POINT('',(4.385,1.565,-0.18));
#5048=CARTESIAN_POINT('',(4.385,1.565,4.44893300389316E-17));
#5049=CARTESIAN_POINT('',(4.385,1.565,0.18));
#5050=CARTESIAN_POINT('',(4.565,1.565,0.18));
#5051=CARTESIAN_POINT('',(4.565,1.565,-0.18));
#5052=CARTESIAN_POINT('',(4.385,1.385,-0.18));
#5053=CARTESIAN_POINT('',(4.385,1.385,4.44893300389316E-17));
#5054=CARTESIAN_POINT('',(4.385,1.385,0.18));
#5055=CARTESIAN_POINT('',(4.565,1.565,0.18));
#5056=CARTESIAN_POINT('',(4.565,1.565,-0.18));
#5057=CARTESIAN_POINT('',(4.565,1.385,-0.18));
#5058=CARTESIAN_POINT('',(4.565,1.385,4.44893300389316E-17));
#5059=CARTESIAN_POINT('',(4.565,1.385,0.18));
#5060=CARTESIAN_POINT('',(4.565,1.565,0.18));
#5061=CARTESIAN_POINT('',(4.565,1.565,-0.18));
#5062=CARTESIAN_POINT('',(4.745,1.385,-0.18));
#5063=CARTESIAN_POINT('',(4.745,1.385,4.44893300389316E-17));
#5064=CARTESIAN_POINT('',(4.745,1.385,0.18));
#5065=CARTESIAN_POINT('',(4.565,1.565,0.18));
#5066=CARTESIAN_POINT('',(4.565,1.565,-0.18));
#5067=CARTESIAN_POINT('',(4.745,1.565,-0.18));
#5068=CARTESIAN_POINT('',(4.745,1.565,4.44893300389316E-17));
#5069=CARTESIAN_POINT('',(4.745,1.565,0.18));
#5070=CARTESIAN_POINT('',(4.565,1.565,0.18));
#5071=CARTESIAN_POINT('',(4.565,1.565,-0.18));
#5072=CARTESIAN_POINT('',(4.745,1.565,-3.77073783102926E-17));
#5073=CARTESIAN_POINT('',(4.385,1.565,5.55111512312578E-17));
#5074=CARTESIAN_POINT('',(4.565,1.565,-0.18));
#5075=CARTESIAN_POINT('',(4.385,1.565,-0.18));
#5076=CARTESIAN_POINT('',(4.385,1.565,-7.54147566205853E-17));
#5077=CARTESIAN_POINT('',(0.565486677646163,-0.282743338823081));
#5078=CARTESIAN_POINT('',(0.565486677646163,-1.66533453693773E-16));
#5079=CARTESIAN_POINT('',(4.385,1.565,5.55111512312578E-17));
#5080=CARTESIAN_POINT('',(4.385,1.745,0.));
#5081=CARTESIAN_POINT('',(4.565,1.745,5.55111512312578E-17));
#5082=CARTESIAN_POINT('',(4.745,1.745,0.));
#5083=CARTESIAN_POINT('',(4.745,1.565,5.55111512312578E-17));
#5084=CARTESIAN_POINT('',(0.565486677646163,-1.66533453693773E-16));
#5085=CARTESIAN_POINT('',(0.,-1.66533453693773E-16));
#5086=CARTESIAN_POINT('',(4.745,1.565,-7.54147566205853E-17));
#5087=CARTESIAN_POINT('',(4.745,1.565,-0.18));
#5088=CARTESIAN_POINT('',(4.565,1.565,-0.18));
#5089=CARTESIAN_POINT('',(0.,-1.66533453693773E-16));
#5090=CARTESIAN_POINT('',(0.,-0.282743338823081));
#5091=CARTESIAN_POINT('',(6.05294463719411,3.30699614855058));
#5092=CARTESIAN_POINT('',(6.05294463719411,3.48699614855058));
#5093=CARTESIAN_POINT('',(6.23294463719411,3.48699614855058));
#5094=CARTESIAN_POINT('',(6.41294463719411,3.48699614855058));
#5095=CARTESIAN_POINT('',(6.41294463719411,3.30699614855058));
#5096=CARTESIAN_POINT('',(4.385,1.565,5.55111512312578E-17));
#5097=CARTESIAN_POINT('',(4.385,1.385,0.));
#5098=CARTESIAN_POINT('',(4.565,1.385,5.55111512312578E-17));
#5099=CARTESIAN_POINT('',(4.745,1.385,0.));
#5100=CARTESIAN_POINT('',(4.745,1.565,5.55111512312578E-17));
#5101=CARTESIAN_POINT('',(6.05294463719411,3.30699614855058));
#5102=CARTESIAN_POINT('',(6.05294463719411,3.12699614855058));
#5103=CARTESIAN_POINT('',(6.23294463719411,3.12699614855058));
#5104=CARTESIAN_POINT('',(6.41294463719411,3.12699614855058));
#5105=CARTESIAN_POINT('',(6.41294463719411,3.30699614855058));
#5106=CARTESIAN_POINT('',(1.13097335529233,-1.66533453693773E-16));
#5107=CARTESIAN_POINT('',(1.13097335529233,-0.282743338823081));
#5108=CARTESIAN_POINT('',(0.565486677646163,-1.66533453693773E-16));
#5109=CARTESIAN_POINT('',(1.13097335529233,-1.66533453693773E-16));
#5110=CARTESIAN_POINT('',(0.565486677646163,-0.282743338823081));
#5111=CARTESIAN_POINT('',(0.565486677646163,-1.66533453693773E-16));
#5112=CARTESIAN_POINT('',(5.565,1.565,-0.18));
#5113=CARTESIAN_POINT('',(5.745,1.565,-0.18));
#5114=CARTESIAN_POINT('',(5.745,1.565,4.44893300389316E-17));
#5115=CARTESIAN_POINT('',(5.745,1.565,0.18));
#5116=CARTESIAN_POINT('',(5.565,1.565,0.18));
#5117=CARTESIAN_POINT('',(5.565,1.565,-0.18));
#5118=CARTESIAN_POINT('',(5.745,1.745,-0.18));
#5119=CARTESIAN_POINT('',(5.745,1.745,4.44893300389316E-17));
#5120=CARTESIAN_POINT('',(5.745,1.745,0.18));
#5121=CARTESIAN_POINT('',(5.565,1.565,0.18));
#5122=CARTESIAN_POINT('',(5.565,1.565,-0.18));
#5123=CARTESIAN_POINT('',(5.565,1.745,-0.18));
#5124=CARTESIAN_POINT('',(5.565,1.745,4.44893300389316E-17));
#5125=CARTESIAN_POINT('',(5.565,1.745,0.18));
#5126=CARTESIAN_POINT('',(5.565,1.565,0.18));
#5127=CARTESIAN_POINT('',(5.565,1.565,-0.18));
#5128=CARTESIAN_POINT('',(5.385,1.745,-0.18));
#5129=CARTESIAN_POINT('',(5.385,1.745,4.44893300389316E-17));
#5130=CARTESIAN_POINT('',(5.385,1.745,0.18));
#5131=CARTESIAN_POINT('',(5.565,1.565,0.18));
#5132=CARTESIAN_POINT('',(5.565,1.565,-0.18));
#5133=CARTESIAN_POINT('',(5.385,1.565,-0.18));
#5134=CARTESIAN_POINT('',(5.385,1.565,4.44893300389316E-17));
#5135=CARTESIAN_POINT('',(5.385,1.565,0.18));
#5136=CARTESIAN_POINT('',(5.565,1.565,0.18));
#5137=CARTESIAN_POINT('',(-1.66794463719411,-1.74199614855058,0.));
#5138=CARTESIAN_POINT('',(-1.66794463719411,7.64188715467203,0.));
#5139=CARTESIAN_POINT('',(7.85193697477085,-1.74199614855058,0.));
#5140=CARTESIAN_POINT('',(7.85193697477085,7.64188715467203,0.));
#5141=CARTESIAN_POINT('',(5.565,1.565,-0.18));
#5142=CARTESIAN_POINT('',(5.385,1.565,-0.18));
#5143=CARTESIAN_POINT('',(5.385,1.565,4.44893300389316E-17));
#5144=CARTESIAN_POINT('',(5.385,1.565,0.18));
#5145=CARTESIAN_POINT('',(5.565,1.565,0.18));
#5146=CARTESIAN_POINT('',(5.565,1.565,-0.18));
#5147=CARTESIAN_POINT('',(5.385,1.385,-0.18));
#5148=CARTESIAN_POINT('',(5.385,1.385,4.44893300389316E-17));
#5149=CARTESIAN_POINT('',(5.385,1.385,0.18));
#5150=CARTESIAN_POINT('',(5.565,1.565,0.18));
#5151=CARTESIAN_POINT('',(5.565,1.565,-0.18));
#5152=CARTESIAN_POINT('',(5.565,1.385,-0.18));
#5153=CARTESIAN_POINT('',(5.565,1.385,4.44893300389316E-17));
#5154=CARTESIAN_POINT('',(5.565,1.385,0.18));
#5155=CARTESIAN_POINT('',(5.565,1.565,0.18));
#5156=CARTESIAN_POINT('',(5.565,1.565,-0.18));
#5157=CARTESIAN_POINT('',(5.745,1.385,-0.18));
#5158=CARTESIAN_POINT('',(5.745,1.385,4.44893300389316E-17));
#5159=CARTESIAN_POINT('',(5.745,1.385,0.18));
#5160=CARTESIAN_POINT('',(5.565,1.565,0.18));
#5161=CARTESIAN_POINT('',(5.565,1.565,-0.18));
#5162=CARTESIAN_POINT('',(5.745,1.565,-0.18));
#5163=CARTESIAN_POINT('',(5.745,1.565,4.44893300389316E-17));
#5164=CARTESIAN_POINT('',(5.745,1.565,0.18));
#5165=CARTESIAN_POINT('',(5.565,1.565,0.18));
#5166=CARTESIAN_POINT('',(5.565,1.565,-0.18));
#5167=CARTESIAN_POINT('',(5.745,1.565,-3.77073783102926E-17));
#5168=CARTESIAN_POINT('',(5.385,1.565,5.55111512312578E-17));
#5169=CARTESIAN_POINT('',(5.565,1.565,-0.18));
#5170=CARTESIAN_POINT('',(5.385,1.565,-0.18));
#5171=CARTESIAN_POINT('',(5.385,1.565,-7.54147566205853E-17));
#5172=CARTESIAN_POINT('',(0.565486677646163,-0.282743338823081));
#5173=CARTESIAN_POINT('',(0.565486677646163,-1.66533453693773E-16));
#5174=CARTESIAN_POINT('',(5.385,1.565,5.55111512312578E-17));
#5175=CARTESIAN_POINT('',(5.385,1.745,0.));
#5176=CARTESIAN_POINT('',(5.565,1.745,5.55111512312578E-17));
#5177=CARTESIAN_POINT('',(5.745,1.745,0.));
#5178=CARTESIAN_POINT('',(5.745,1.565,5.55111512312578E-17));
#5179=CARTESIAN_POINT('',(0.565486677646163,-1.66533453693773E-16));
#5180=CARTESIAN_POINT('',(0.,-1.66533453693773E-16));
#5181=CARTESIAN_POINT('',(5.745,1.565,-7.54147566205853E-17));
#5182=CARTESIAN_POINT('',(5.745,1.565,-0.18));
#5183=CARTESIAN_POINT('',(5.565,1.565,-0.18));
#5184=CARTESIAN_POINT('',(0.,-1.66533453693773E-16));
#5185=CARTESIAN_POINT('',(0.,-0.282743338823081));
#5186=CARTESIAN_POINT('',(7.05294463719411,3.30699614855058));
#5187=CARTESIAN_POINT('',(7.05294463719411,3.48699614855058));
#5188=CARTESIAN_POINT('',(7.23294463719411,3.48699614855058));
#5189=CARTESIAN_POINT('',(7.41294463719411,3.48699614855058));
#5190=CARTESIAN_POINT('',(7.41294463719411,3.30699614855058));
#5191=CARTESIAN_POINT('',(5.385,1.565,5.55111512312578E-17));
#5192=CARTESIAN_POINT('',(5.385,1.385,0.));
#5193=CARTESIAN_POINT('',(5.565,1.385,5.55111512312578E-17));
#5194=CARTESIAN_POINT('',(5.745,1.385,0.));
#5195=CARTESIAN_POINT('',(5.745,1.565,5.55111512312578E-17));
#5196=CARTESIAN_POINT('',(7.05294463719411,3.30699614855058));
#5197=CARTESIAN_POINT('',(7.05294463719411,3.12699614855058));
#5198=CARTESIAN_POINT('',(7.23294463719411,3.12699614855058));
#5199=CARTESIAN_POINT('',(7.41294463719411,3.12699614855058));
#5200=CARTESIAN_POINT('',(7.41294463719411,3.30699614855058));
#5201=CARTESIAN_POINT('',(1.13097335529233,-1.66533453693773E-16));
#5202=CARTESIAN_POINT('',(1.13097335529233,-0.282743338823081));
#5203=CARTESIAN_POINT('',(0.565486677646163,-1.66533453693773E-16));
#5204=CARTESIAN_POINT('',(1.13097335529233,-1.66533453693773E-16));
#5205=CARTESIAN_POINT('',(0.565486677646163,-0.282743338823081));
#5206=CARTESIAN_POINT('',(0.565486677646163,-1.66533453693773E-16));
#5207=CARTESIAN_POINT('',(0.565,2.565,-0.18));
#5208=CARTESIAN_POINT('',(0.745,2.565,-0.18));
#5209=CARTESIAN_POINT('',(0.745,2.565,4.44893300389316E-17));
#5210=CARTESIAN_POINT('',(0.745,2.565,0.18));
#5211=CARTESIAN_POINT('',(0.565,2.565,0.18));
#5212=CARTESIAN_POINT('',(0.565,2.565,-0.18));
#5213=CARTESIAN_POINT('',(0.745,2.745,-0.18));
#5214=CARTESIAN_POINT('',(0.745,2.745,4.44893300389316E-17));
#5215=CARTESIAN_POINT('',(0.745,2.745,0.18));
#5216=CARTESIAN_POINT('',(0.565,2.565,0.18));
#5217=CARTESIAN_POINT('',(0.565,2.565,-0.18));
#5218=CARTESIAN_POINT('',(0.565,2.745,-0.18));
#5219=CARTESIAN_POINT('',(0.565,2.745,4.44893300389316E-17));
#5220=CARTESIAN_POINT('',(0.565,2.745,0.18));
#5221=CARTESIAN_POINT('',(0.565,2.565,0.18));
#5222=CARTESIAN_POINT('',(0.565,2.565,-0.18));
#5223=CARTESIAN_POINT('',(0.385,2.745,-0.18));
#5224=CARTESIAN_POINT('',(0.385,2.745,4.44893300389316E-17));
#5225=CARTESIAN_POINT('',(0.385,2.745,0.18));
#5226=CARTESIAN_POINT('',(0.565,2.565,0.18));
#5227=CARTESIAN_POINT('',(0.565,2.565,-0.18));
#5228=CARTESIAN_POINT('',(0.385,2.565,-0.18));
#5229=CARTESIAN_POINT('',(0.385,2.565,4.44893300389316E-17));
#5230=CARTESIAN_POINT('',(0.385,2.565,0.18));
#5231=CARTESIAN_POINT('',(0.565,2.565,0.18));
#5232=CARTESIAN_POINT('',(-1.66794463719411,-1.74199614855058,0.));
#5233=CARTESIAN_POINT('',(-1.66794463719411,7.64188715467203,0.));
#5234=CARTESIAN_POINT('',(7.85193697477085,-1.74199614855058,0.));
#5235=CARTESIAN_POINT('',(7.85193697477085,7.64188715467203,0.));
#5236=CARTESIAN_POINT('',(0.565,2.565,-0.18));
#5237=CARTESIAN_POINT('',(0.385,2.565,-0.18));
#5238=CARTESIAN_POINT('',(0.385,2.565,4.44893300389316E-17));
#5239=CARTESIAN_POINT('',(0.385,2.565,0.18));
#5240=CARTESIAN_POINT('',(0.565,2.565,0.18));
#5241=CARTESIAN_POINT('',(0.565,2.565,-0.18));
#5242=CARTESIAN_POINT('',(0.385,2.385,-0.18));
#5243=CARTESIAN_POINT('',(0.385,2.385,4.44893300389316E-17));
#5244=CARTESIAN_POINT('',(0.385,2.385,0.18));
#5245=CARTESIAN_POINT('',(0.565,2.565,0.18));
#5246=CARTESIAN_POINT('',(0.565,2.565,-0.18));
#5247=CARTESIAN_POINT('',(0.565,2.385,-0.18));
#5248=CARTESIAN_POINT('',(0.565,2.385,4.44893300389316E-17));
#5249=CARTESIAN_POINT('',(0.565,2.385,0.18));
#5250=CARTESIAN_POINT('',(0.565,2.565,0.18));
#5251=CARTESIAN_POINT('',(0.565,2.565,-0.18));
#5252=CARTESIAN_POINT('',(0.745,2.385,-0.18));
#5253=CARTESIAN_POINT('',(0.745,2.385,4.44893300389316E-17));
#5254=CARTESIAN_POINT('',(0.745,2.385,0.18));
#5255=CARTESIAN_POINT('',(0.565,2.565,0.18));
#5256=CARTESIAN_POINT('',(0.565,2.565,-0.18));
#5257=CARTESIAN_POINT('',(0.745,2.565,-0.18));
#5258=CARTESIAN_POINT('',(0.745,2.565,4.44893300389316E-17));
#5259=CARTESIAN_POINT('',(0.745,2.565,0.18));
#5260=CARTESIAN_POINT('',(0.565,2.565,0.18));
#5261=CARTESIAN_POINT('',(0.565,2.565,-0.18));
#5262=CARTESIAN_POINT('',(0.745,2.565,-3.77073783102926E-17));
#5263=CARTESIAN_POINT('',(0.385,2.565,5.55111512312578E-17));
#5264=CARTESIAN_POINT('',(0.565,2.565,-0.18));
#5265=CARTESIAN_POINT('',(0.385,2.565,-0.18));
#5266=CARTESIAN_POINT('',(0.385,2.565,-7.54147566205853E-17));
#5267=CARTESIAN_POINT('',(0.565486677646163,-0.282743338823081));
#5268=CARTESIAN_POINT('',(0.565486677646163,-1.66533453693773E-16));
#5269=CARTESIAN_POINT('',(0.385,2.565,5.55111512312578E-17));
#5270=CARTESIAN_POINT('',(0.385,2.745,0.));
#5271=CARTESIAN_POINT('',(0.565,2.745,5.55111512312578E-17));
#5272=CARTESIAN_POINT('',(0.745,2.745,0.));
#5273=CARTESIAN_POINT('',(0.745,2.565,5.55111512312578E-17));
#5274=CARTESIAN_POINT('',(0.565486677646163,-1.66533453693773E-16));
#5275=CARTESIAN_POINT('',(0.,-1.66533453693773E-16));
#5276=CARTESIAN_POINT('',(0.745,2.565,-7.54147566205853E-17));
#5277=CARTESIAN_POINT('',(0.745,2.565,-0.18));
#5278=CARTESIAN_POINT('',(0.565,2.565,-0.18));
#5279=CARTESIAN_POINT('',(0.,-1.66533453693773E-16));
#5280=CARTESIAN_POINT('',(0.,-0.282743338823081));
#5281=CARTESIAN_POINT('',(2.05294463719411,4.30699614855058));
#5282=CARTESIAN_POINT('',(2.05294463719411,4.48699614855058));
#5283=CARTESIAN_POINT('',(2.23294463719411,4.48699614855058));
#5284=CARTESIAN_POINT('',(2.41294463719411,4.48699614855058));
#5285=CARTESIAN_POINT('',(2.41294463719412,4.30699614855058));
#5286=CARTESIAN_POINT('',(0.385,2.565,5.55111512312578E-17));
#5287=CARTESIAN_POINT('',(0.385,2.385,0.));
#5288=CARTESIAN_POINT('',(0.565,2.385,5.55111512312578E-17));
#5289=CARTESIAN_POINT('',(0.745,2.385,0.));
#5290=CARTESIAN_POINT('',(0.745,2.565,5.55111512312578E-17));
#5291=CARTESIAN_POINT('',(2.05294463719411,4.30699614855058));
#5292=CARTESIAN_POINT('',(2.05294463719411,4.12699614855058));
#5293=CARTESIAN_POINT('',(2.23294463719411,4.12699614855058));
#5294=CARTESIAN_POINT('',(2.41294463719411,4.12699614855058));
#5295=CARTESIAN_POINT('',(2.41294463719412,4.30699614855058));
#5296=CARTESIAN_POINT('',(1.13097335529233,-1.66533453693773E-16));
#5297=CARTESIAN_POINT('',(1.13097335529233,-0.282743338823081));
#5298=CARTESIAN_POINT('',(0.565486677646163,-1.66533453693773E-16));
#5299=CARTESIAN_POINT('',(1.13097335529233,-1.66533453693773E-16));
#5300=CARTESIAN_POINT('',(0.565486677646163,-0.282743338823081));
#5301=CARTESIAN_POINT('',(0.565486677646163,-1.66533453693773E-16));
#5302=CARTESIAN_POINT('',(1.565,2.565,-0.18));
#5303=CARTESIAN_POINT('',(1.745,2.565,-0.18));
#5304=CARTESIAN_POINT('',(1.745,2.565,4.44893300389316E-17));
#5305=CARTESIAN_POINT('',(1.745,2.565,0.18));
#5306=CARTESIAN_POINT('',(1.565,2.565,0.18));
#5307=CARTESIAN_POINT('',(1.565,2.565,-0.18));
#5308=CARTESIAN_POINT('',(1.745,2.745,-0.18));
#5309=CARTESIAN_POINT('',(1.745,2.745,4.44893300389316E-17));
#5310=CARTESIAN_POINT('',(1.745,2.745,0.18));
#5311=CARTESIAN_POINT('',(1.565,2.565,0.18));
#5312=CARTESIAN_POINT('',(1.565,2.565,-0.18));
#5313=CARTESIAN_POINT('',(1.565,2.745,-0.18));
#5314=CARTESIAN_POINT('',(1.565,2.745,4.44893300389316E-17));
#5315=CARTESIAN_POINT('',(1.565,2.745,0.18));
#5316=CARTESIAN_POINT('',(1.565,2.565,0.18));
#5317=CARTESIAN_POINT('',(1.565,2.565,-0.18));
#5318=CARTESIAN_POINT('',(1.385,2.745,-0.18));
#5319=CARTESIAN_POINT('',(1.385,2.745,4.44893300389316E-17));
#5320=CARTESIAN_POINT('',(1.385,2.745,0.18));
#5321=CARTESIAN_POINT('',(1.565,2.565,0.18));
#5322=CARTESIAN_POINT('',(1.565,2.565,-0.18));
#5323=CARTESIAN_POINT('',(1.385,2.565,-0.18));
#5324=CARTESIAN_POINT('',(1.385,2.565,4.44893300389316E-17));
#5325=CARTESIAN_POINT('',(1.385,2.565,0.18));
#5326=CARTESIAN_POINT('',(1.565,2.565,0.18));
#5327=CARTESIAN_POINT('',(-1.66794463719411,-1.74199614855058,0.));
#5328=CARTESIAN_POINT('',(-1.66794463719411,7.64188715467203,0.));
#5329=CARTESIAN_POINT('',(7.85193697477085,-1.74199614855058,0.));
#5330=CARTESIAN_POINT('',(7.85193697477085,7.64188715467203,0.));
#5331=CARTESIAN_POINT('',(1.565,2.565,-0.18));
#5332=CARTESIAN_POINT('',(1.385,2.565,-0.18));
#5333=CARTESIAN_POINT('',(1.385,2.565,4.44893300389316E-17));
#5334=CARTESIAN_POINT('',(1.385,2.565,0.18));
#5335=CARTESIAN_POINT('',(1.565,2.565,0.18));
#5336=CARTESIAN_POINT('',(1.565,2.565,-0.18));
#5337=CARTESIAN_POINT('',(1.385,2.385,-0.18));
#5338=CARTESIAN_POINT('',(1.385,2.385,4.44893300389316E-17));
#5339=CARTESIAN_POINT('',(1.385,2.385,0.18));
#5340=CARTESIAN_POINT('',(1.565,2.565,0.18));
#5341=CARTESIAN_POINT('',(1.565,2.565,-0.18));
#5342=CARTESIAN_POINT('',(1.565,2.385,-0.18));
#5343=CARTESIAN_POINT('',(1.565,2.385,4.44893300389316E-17));
#5344=CARTESIAN_POINT('',(1.565,2.385,0.18));
#5345=CARTESIAN_POINT('',(1.565,2.565,0.18));
#5346=CARTESIAN_POINT('',(1.565,2.565,-0.18));
#5347=CARTESIAN_POINT('',(1.745,2.385,-0.18));
#5348=CARTESIAN_POINT('',(1.745,2.385,4.44893300389316E-17));
#5349=CARTESIAN_POINT('',(1.745,2.385,0.18));
#5350=CARTESIAN_POINT('',(1.565,2.565,0.18));
#5351=CARTESIAN_POINT('',(1.565,2.565,-0.18));
#5352=CARTESIAN_POINT('',(1.745,2.565,-0.18));
#5353=CARTESIAN_POINT('',(1.745,2.565,4.44893300389316E-17));
#5354=CARTESIAN_POINT('',(1.745,2.565,0.18));
#5355=CARTESIAN_POINT('',(1.565,2.565,0.18));
#5356=CARTESIAN_POINT('',(1.565,2.565,-0.18));
#5357=CARTESIAN_POINT('',(1.745,2.565,-3.77073783102926E-17));
#5358=CARTESIAN_POINT('',(1.385,2.565,5.55111512312578E-17));
#5359=CARTESIAN_POINT('',(1.565,2.565,-0.18));
#5360=CARTESIAN_POINT('',(1.385,2.565,-0.18));
#5361=CARTESIAN_POINT('',(1.385,2.565,-7.54147566205853E-17));
#5362=CARTESIAN_POINT('',(0.565486677646163,-0.282743338823081));
#5363=CARTESIAN_POINT('',(0.565486677646163,-1.66533453693773E-16));
#5364=CARTESIAN_POINT('',(1.385,2.565,5.55111512312578E-17));
#5365=CARTESIAN_POINT('',(1.385,2.745,0.));
#5366=CARTESIAN_POINT('',(1.565,2.745,5.55111512312578E-17));
#5367=CARTESIAN_POINT('',(1.745,2.745,0.));
#5368=CARTESIAN_POINT('',(1.745,2.565,5.55111512312578E-17));
#5369=CARTESIAN_POINT('',(0.565486677646163,-1.66533453693773E-16));
#5370=CARTESIAN_POINT('',(0.,-1.66533453693773E-16));
#5371=CARTESIAN_POINT('',(1.745,2.565,-7.54147566205853E-17));
#5372=CARTESIAN_POINT('',(1.745,2.565,-0.18));
#5373=CARTESIAN_POINT('',(1.565,2.565,-0.18));
#5374=CARTESIAN_POINT('',(0.,-1.66533453693773E-16));
#5375=CARTESIAN_POINT('',(0.,-0.282743338823081));
#5376=CARTESIAN_POINT('',(3.05294463719411,4.30699614855058));
#5377=CARTESIAN_POINT('',(3.05294463719411,4.48699614855058));
#5378=CARTESIAN_POINT('',(3.23294463719411,4.48699614855058));
#5379=CARTESIAN_POINT('',(3.41294463719411,4.48699614855058));
#5380=CARTESIAN_POINT('',(3.41294463719411,4.30699614855058));
#5381=CARTESIAN_POINT('',(1.385,2.565,5.55111512312578E-17));
#5382=CARTESIAN_POINT('',(1.385,2.385,0.));
#5383=CARTESIAN_POINT('',(1.565,2.385,5.55111512312578E-17));
#5384=CARTESIAN_POINT('',(1.745,2.385,0.));
#5385=CARTESIAN_POINT('',(1.745,2.565,5.55111512312578E-17));
#5386=CARTESIAN_POINT('',(3.05294463719411,4.30699614855058));
#5387=CARTESIAN_POINT('',(3.05294463719411,4.12699614855058));
#5388=CARTESIAN_POINT('',(3.23294463719411,4.12699614855058));
#5389=CARTESIAN_POINT('',(3.41294463719411,4.12699614855058));
#5390=CARTESIAN_POINT('',(3.41294463719411,4.30699614855058));
#5391=CARTESIAN_POINT('',(1.13097335529233,-1.66533453693773E-16));
#5392=CARTESIAN_POINT('',(1.13097335529233,-0.282743338823081));
#5393=CARTESIAN_POINT('',(0.565486677646163,-1.66533453693773E-16));
#5394=CARTESIAN_POINT('',(1.13097335529233,-1.66533453693773E-16));
#5395=CARTESIAN_POINT('',(0.565486677646163,-0.282743338823081));
#5396=CARTESIAN_POINT('',(0.565486677646163,-1.66533453693773E-16));
#5397=CARTESIAN_POINT('',(2.565,2.565,-0.18));
#5398=CARTESIAN_POINT('',(2.745,2.565,-0.18));
#5399=CARTESIAN_POINT('',(2.745,2.565,4.44893300389316E-17));
#5400=CARTESIAN_POINT('',(2.745,2.565,0.18));
#5401=CARTESIAN_POINT('',(2.565,2.565,0.18));
#5402=CARTESIAN_POINT('',(2.565,2.565,-0.18));
#5403=CARTESIAN_POINT('',(2.745,2.745,-0.18));
#5404=CARTESIAN_POINT('',(2.745,2.745,4.44893300389316E-17));
#5405=CARTESIAN_POINT('',(2.745,2.745,0.18));
#5406=CARTESIAN_POINT('',(2.565,2.565,0.18));
#5407=CARTESIAN_POINT('',(2.565,2.565,-0.18));
#5408=CARTESIAN_POINT('',(2.565,2.745,-0.18));
#5409=CARTESIAN_POINT('',(2.565,2.745,4.44893300389316E-17));
#5410=CARTESIAN_POINT('',(2.565,2.745,0.18));
#5411=CARTESIAN_POINT('',(2.565,2.565,0.18));
#5412=CARTESIAN_POINT('',(2.565,2.565,-0.18));
#5413=CARTESIAN_POINT('',(2.385,2.745,-0.18));
#5414=CARTESIAN_POINT('',(2.385,2.745,4.44893300389316E-17));
#5415=CARTESIAN_POINT('',(2.385,2.745,0.18));
#5416=CARTESIAN_POINT('',(2.565,2.565,0.18));
#5417=CARTESIAN_POINT('',(2.565,2.565,-0.18));
#5418=CARTESIAN_POINT('',(2.385,2.565,-0.18));
#5419=CARTESIAN_POINT('',(2.385,2.565,4.44893300389316E-17));
#5420=CARTESIAN_POINT('',(2.385,2.565,0.18));
#5421=CARTESIAN_POINT('',(2.565,2.565,0.18));
#5422=CARTESIAN_POINT('',(-1.66794463719411,-1.74199614855058,0.));
#5423=CARTESIAN_POINT('',(-1.66794463719411,7.64188715467203,0.));
#5424=CARTESIAN_POINT('',(7.85193697477085,-1.74199614855058,0.));
#5425=CARTESIAN_POINT('',(7.85193697477085,7.64188715467203,0.));
#5426=CARTESIAN_POINT('',(2.565,2.565,-0.18));
#5427=CARTESIAN_POINT('',(2.385,2.565,-0.18));
#5428=CARTESIAN_POINT('',(2.385,2.565,4.44893300389316E-17));
#5429=CARTESIAN_POINT('',(2.385,2.565,0.18));
#5430=CARTESIAN_POINT('',(2.565,2.565,0.18));
#5431=CARTESIAN_POINT('',(2.565,2.565,-0.18));
#5432=CARTESIAN_POINT('',(2.385,2.385,-0.18));
#5433=CARTESIAN_POINT('',(2.385,2.385,4.44893300389316E-17));
#5434=CARTESIAN_POINT('',(2.385,2.385,0.18));
#5435=CARTESIAN_POINT('',(2.565,2.565,0.18));
#5436=CARTESIAN_POINT('',(2.565,2.565,-0.18));
#5437=CARTESIAN_POINT('',(2.565,2.385,-0.18));
#5438=CARTESIAN_POINT('',(2.565,2.385,4.44893300389316E-17));
#5439=CARTESIAN_POINT('',(2.565,2.385,0.18));
#5440=CARTESIAN_POINT('',(2.565,2.565,0.18));
#5441=CARTESIAN_POINT('',(2.565,2.565,-0.18));
#5442=CARTESIAN_POINT('',(2.745,2.385,-0.18));
#5443=CARTESIAN_POINT('',(2.745,2.385,4.44893300389316E-17));
#5444=CARTESIAN_POINT('',(2.745,2.385,0.18));
#5445=CARTESIAN_POINT('',(2.565,2.565,0.18));
#5446=CARTESIAN_POINT('',(2.565,2.565,-0.18));
#5447=CARTESIAN_POINT('',(2.745,2.565,-0.18));
#5448=CARTESIAN_POINT('',(2.745,2.565,4.44893300389316E-17));
#5449=CARTESIAN_POINT('',(2.745,2.565,0.18));
#5450=CARTESIAN_POINT('',(2.565,2.565,0.18));
#5451=CARTESIAN_POINT('',(2.565,2.565,-0.18));
#5452=CARTESIAN_POINT('',(2.745,2.565,-3.77073783102926E-17));
#5453=CARTESIAN_POINT('',(2.385,2.565,5.55111512312578E-17));
#5454=CARTESIAN_POINT('',(2.565,2.565,-0.18));
#5455=CARTESIAN_POINT('',(2.385,2.565,-0.18));
#5456=CARTESIAN_POINT('',(2.385,2.565,-7.54147566205853E-17));
#5457=CARTESIAN_POINT('',(0.565486677646163,-0.282743338823081));
#5458=CARTESIAN_POINT('',(0.565486677646163,-1.66533453693773E-16));
#5459=CARTESIAN_POINT('',(2.385,2.565,5.55111512312578E-17));
#5460=CARTESIAN_POINT('',(2.385,2.745,0.));
#5461=CARTESIAN_POINT('',(2.565,2.745,5.55111512312578E-17));
#5462=CARTESIAN_POINT('',(2.745,2.745,0.));
#5463=CARTESIAN_POINT('',(2.745,2.565,5.55111512312578E-17));
#5464=CARTESIAN_POINT('',(0.565486677646163,-1.66533453693773E-16));
#5465=CARTESIAN_POINT('',(0.,-1.66533453693773E-16));
#5466=CARTESIAN_POINT('',(2.745,2.565,-7.54147566205853E-17));
#5467=CARTESIAN_POINT('',(2.745,2.565,-0.18));
#5468=CARTESIAN_POINT('',(2.565,2.565,-0.18));
#5469=CARTESIAN_POINT('',(0.,-1.66533453693773E-16));
#5470=CARTESIAN_POINT('',(0.,-0.282743338823081));
#5471=CARTESIAN_POINT('',(4.05294463719411,4.30699614855058));
#5472=CARTESIAN_POINT('',(4.05294463719411,4.48699614855058));
#5473=CARTESIAN_POINT('',(4.23294463719411,4.48699614855058));
#5474=CARTESIAN_POINT('',(4.41294463719411,4.48699614855058));
#5475=CARTESIAN_POINT('',(4.41294463719411,4.30699614855058));
#5476=CARTESIAN_POINT('',(2.385,2.565,5.55111512312578E-17));
#5477=CARTESIAN_POINT('',(2.385,2.385,0.));
#5478=CARTESIAN_POINT('',(2.565,2.385,5.55111512312578E-17));
#5479=CARTESIAN_POINT('',(2.745,2.385,0.));
#5480=CARTESIAN_POINT('',(2.745,2.565,5.55111512312578E-17));
#5481=CARTESIAN_POINT('',(4.05294463719411,4.30699614855058));
#5482=CARTESIAN_POINT('',(4.05294463719411,4.12699614855058));
#5483=CARTESIAN_POINT('',(4.23294463719411,4.12699614855058));
#5484=CARTESIAN_POINT('',(4.41294463719411,4.12699614855058));
#5485=CARTESIAN_POINT('',(4.41294463719411,4.30699614855058));
#5486=CARTESIAN_POINT('',(1.13097335529233,-1.66533453693773E-16));
#5487=CARTESIAN_POINT('',(1.13097335529233,-0.282743338823081));
#5488=CARTESIAN_POINT('',(0.565486677646163,-1.66533453693773E-16));
#5489=CARTESIAN_POINT('',(1.13097335529233,-1.66533453693773E-16));
#5490=CARTESIAN_POINT('',(0.565486677646163,-0.282743338823081));
#5491=CARTESIAN_POINT('',(0.565486677646163,-1.66533453693773E-16));
#5492=CARTESIAN_POINT('',(3.565,2.565,-0.18));
#5493=CARTESIAN_POINT('',(3.745,2.565,-0.18));
#5494=CARTESIAN_POINT('',(3.745,2.565,4.44893300389316E-17));
#5495=CARTESIAN_POINT('',(3.745,2.565,0.18));
#5496=CARTESIAN_POINT('',(3.565,2.565,0.18));
#5497=CARTESIAN_POINT('',(3.565,2.565,-0.18));
#5498=CARTESIAN_POINT('',(3.745,2.745,-0.18));
#5499=CARTESIAN_POINT('',(3.745,2.745,4.44893300389316E-17));
#5500=CARTESIAN_POINT('',(3.745,2.745,0.18));
#5501=CARTESIAN_POINT('',(3.565,2.565,0.18));
#5502=CARTESIAN_POINT('',(3.565,2.565,-0.18));
#5503=CARTESIAN_POINT('',(3.565,2.745,-0.18));
#5504=CARTESIAN_POINT('',(3.565,2.745,4.44893300389316E-17));
#5505=CARTESIAN_POINT('',(3.565,2.745,0.18));
#5506=CARTESIAN_POINT('',(3.565,2.565,0.18));
#5507=CARTESIAN_POINT('',(3.565,2.565,-0.18));
#5508=CARTESIAN_POINT('',(3.385,2.745,-0.18));
#5509=CARTESIAN_POINT('',(3.385,2.745,4.44893300389316E-17));
#5510=CARTESIAN_POINT('',(3.385,2.745,0.18));
#5511=CARTESIAN_POINT('',(3.565,2.565,0.18));
#5512=CARTESIAN_POINT('',(3.565,2.565,-0.18));
#5513=CARTESIAN_POINT('',(3.385,2.565,-0.18));
#5514=CARTESIAN_POINT('',(3.385,2.565,4.44893300389316E-17));
#5515=CARTESIAN_POINT('',(3.385,2.565,0.18));
#5516=CARTESIAN_POINT('',(3.565,2.565,0.18));
#5517=CARTESIAN_POINT('',(-1.66794463719411,-1.74199614855058,0.));
#5518=CARTESIAN_POINT('',(-1.66794463719411,7.64188715467203,0.));
#5519=CARTESIAN_POINT('',(7.85193697477085,-1.74199614855058,0.));
#5520=CARTESIAN_POINT('',(7.85193697477085,7.64188715467203,0.));
#5521=CARTESIAN_POINT('',(3.565,2.565,-0.18));
#5522=CARTESIAN_POINT('',(3.385,2.565,-0.18));
#5523=CARTESIAN_POINT('',(3.385,2.565,4.44893300389316E-17));
#5524=CARTESIAN_POINT('',(3.385,2.565,0.18));
#5525=CARTESIAN_POINT('',(3.565,2.565,0.18));
#5526=CARTESIAN_POINT('',(3.565,2.565,-0.18));
#5527=CARTESIAN_POINT('',(3.385,2.385,-0.18));
#5528=CARTESIAN_POINT('',(3.385,2.385,4.44893300389316E-17));
#5529=CARTESIAN_POINT('',(3.385,2.385,0.18));
#5530=CARTESIAN_POINT('',(3.565,2.565,0.18));
#5531=CARTESIAN_POINT('',(3.565,2.565,-0.18));
#5532=CARTESIAN_POINT('',(3.565,2.385,-0.18));
#5533=CARTESIAN_POINT('',(3.565,2.385,4.44893300389316E-17));
#5534=CARTESIAN_POINT('',(3.565,2.385,0.18));
#5535=CARTESIAN_POINT('',(3.565,2.565,0.18));
#5536=CARTESIAN_POINT('',(3.565,2.565,-0.18));
#5537=CARTESIAN_POINT('',(3.745,2.385,-0.18));
#5538=CARTESIAN_POINT('',(3.745,2.385,4.44893300389316E-17));
#5539=CARTESIAN_POINT('',(3.745,2.385,0.18));
#5540=CARTESIAN_POINT('',(3.565,2.565,0.18));
#5541=CARTESIAN_POINT('',(3.565,2.565,-0.18));
#5542=CARTESIAN_POINT('',(3.745,2.565,-0.18));
#5543=CARTESIAN_POINT('',(3.745,2.565,4.44893300389316E-17));
#5544=CARTESIAN_POINT('',(3.745,2.565,0.18));
#5545=CARTESIAN_POINT('',(3.565,2.565,0.18));
#5546=CARTESIAN_POINT('',(3.565,2.565,-0.18));
#5547=CARTESIAN_POINT('',(3.745,2.565,-3.77073783102926E-17));
#5548=CARTESIAN_POINT('',(3.385,2.565,5.55111512312578E-17));
#5549=CARTESIAN_POINT('',(3.565,2.565,-0.18));
#5550=CARTESIAN_POINT('',(3.385,2.565,-0.18));
#5551=CARTESIAN_POINT('',(3.385,2.565,-7.54147566205853E-17));
#5552=CARTESIAN_POINT('',(0.565486677646163,-0.282743338823081));
#5553=CARTESIAN_POINT('',(0.565486677646163,-1.66533453693773E-16));
#5554=CARTESIAN_POINT('',(3.385,2.565,5.55111512312578E-17));
#5555=CARTESIAN_POINT('',(3.385,2.745,0.));
#5556=CARTESIAN_POINT('',(3.565,2.745,5.55111512312578E-17));
#5557=CARTESIAN_POINT('',(3.745,2.745,0.));
#5558=CARTESIAN_POINT('',(3.745,2.565,5.55111512312578E-17));
#5559=CARTESIAN_POINT('',(0.565486677646163,-1.66533453693773E-16));
#5560=CARTESIAN_POINT('',(0.,-1.66533453693773E-16));
#5561=CARTESIAN_POINT('',(3.745,2.565,-7.54147566205853E-17));
#5562=CARTESIAN_POINT('',(3.745,2.565,-0.18));
#5563=CARTESIAN_POINT('',(3.565,2.565,-0.18));
#5564=CARTESIAN_POINT('',(0.,-1.66533453693773E-16));
#5565=CARTESIAN_POINT('',(0.,-0.282743338823081));
#5566=CARTESIAN_POINT('',(5.05294463719411,4.30699614855058));
#5567=CARTESIAN_POINT('',(5.05294463719411,4.48699614855058));
#5568=CARTESIAN_POINT('',(5.23294463719411,4.48699614855058));
#5569=CARTESIAN_POINT('',(5.41294463719411,4.48699614855058));
#5570=CARTESIAN_POINT('',(5.41294463719411,4.30699614855058));
#5571=CARTESIAN_POINT('',(3.385,2.565,5.55111512312578E-17));
#5572=CARTESIAN_POINT('',(3.385,2.385,0.));
#5573=CARTESIAN_POINT('',(3.565,2.385,5.55111512312578E-17));
#5574=CARTESIAN_POINT('',(3.745,2.385,0.));
#5575=CARTESIAN_POINT('',(3.745,2.565,5.55111512312578E-17));
#5576=CARTESIAN_POINT('',(5.05294463719411,4.30699614855058));
#5577=CARTESIAN_POINT('',(5.05294463719411,4.12699614855058));
#5578=CARTESIAN_POINT('',(5.23294463719411,4.12699614855058));
#5579=CARTESIAN_POINT('',(5.41294463719411,4.12699614855058));
#5580=CARTESIAN_POINT('',(5.41294463719411,4.30699614855058));
#5581=CARTESIAN_POINT('',(1.13097335529233,-1.66533453693773E-16));
#5582=CARTESIAN_POINT('',(1.13097335529233,-0.282743338823081));
#5583=CARTESIAN_POINT('',(0.565486677646163,-1.66533453693773E-16));
#5584=CARTESIAN_POINT('',(1.13097335529233,-1.66533453693773E-16));
#5585=CARTESIAN_POINT('',(0.565486677646163,-0.282743338823081));
#5586=CARTESIAN_POINT('',(0.565486677646163,-1.66533453693773E-16));
#5587=CARTESIAN_POINT('',(4.565,2.565,-0.18));
#5588=CARTESIAN_POINT('',(4.745,2.565,-0.18));
#5589=CARTESIAN_POINT('',(4.745,2.565,4.44893300389316E-17));
#5590=CARTESIAN_POINT('',(4.745,2.565,0.18));
#5591=CARTESIAN_POINT('',(4.565,2.565,0.18));
#5592=CARTESIAN_POINT('',(4.565,2.565,-0.18));
#5593=CARTESIAN_POINT('',(4.745,2.745,-0.18));
#5594=CARTESIAN_POINT('',(4.745,2.745,4.44893300389316E-17));
#5595=CARTESIAN_POINT('',(4.745,2.745,0.18));
#5596=CARTESIAN_POINT('',(4.565,2.565,0.18));
#5597=CARTESIAN_POINT('',(4.565,2.565,-0.18));
#5598=CARTESIAN_POINT('',(4.565,2.745,-0.18));
#5599=CARTESIAN_POINT('',(4.565,2.745,4.44893300389316E-17));
#5600=CARTESIAN_POINT('',(4.565,2.745,0.18));
#5601=CARTESIAN_POINT('',(4.565,2.565,0.18));
#5602=CARTESIAN_POINT('',(4.565,2.565,-0.18));
#5603=CARTESIAN_POINT('',(4.385,2.745,-0.18));
#5604=CARTESIAN_POINT('',(4.385,2.745,4.44893300389316E-17));
#5605=CARTESIAN_POINT('',(4.385,2.745,0.18));
#5606=CARTESIAN_POINT('',(4.565,2.565,0.18));
#5607=CARTESIAN_POINT('',(4.565,2.565,-0.18));
#5608=CARTESIAN_POINT('',(4.385,2.565,-0.18));
#5609=CARTESIAN_POINT('',(4.385,2.565,4.44893300389316E-17));
#5610=CARTESIAN_POINT('',(4.385,2.565,0.18));
#5611=CARTESIAN_POINT('',(4.565,2.565,0.18));
#5612=CARTESIAN_POINT('',(-1.66794463719411,-1.74199614855058,0.));
#5613=CARTESIAN_POINT('',(-1.66794463719411,7.64188715467203,0.));
#5614=CARTESIAN_POINT('',(7.85193697477085,-1.74199614855058,0.));
#5615=CARTESIAN_POINT('',(7.85193697477085,7.64188715467203,0.));
#5616=CARTESIAN_POINT('',(4.565,2.565,-0.18));
#5617=CARTESIAN_POINT('',(4.385,2.565,-0.18));
#5618=CARTESIAN_POINT('',(4.385,2.565,4.44893300389316E-17));
#5619=CARTESIAN_POINT('',(4.385,2.565,0.18));
#5620=CARTESIAN_POINT('',(4.565,2.565,0.18));
#5621=CARTESIAN_POINT('',(4.565,2.565,-0.18));
#5622=CARTESIAN_POINT('',(4.385,2.385,-0.18));
#5623=CARTESIAN_POINT('',(4.385,2.385,4.44893300389316E-17));
#5624=CARTESIAN_POINT('',(4.385,2.385,0.18));
#5625=CARTESIAN_POINT('',(4.565,2.565,0.18));
#5626=CARTESIAN_POINT('',(4.565,2.565,-0.18));
#5627=CARTESIAN_POINT('',(4.565,2.385,-0.18));
#5628=CARTESIAN_POINT('',(4.565,2.385,4.44893300389316E-17));
#5629=CARTESIAN_POINT('',(4.565,2.385,0.18));
#5630=CARTESIAN_POINT('',(4.565,2.565,0.18));
#5631=CARTESIAN_POINT('',(4.565,2.565,-0.18));
#5632=CARTESIAN_POINT('',(4.745,2.385,-0.18));
#5633=CARTESIAN_POINT('',(4.745,2.385,4.44893300389316E-17));
#5634=CARTESIAN_POINT('',(4.745,2.385,0.18));
#5635=CARTESIAN_POINT('',(4.565,2.565,0.18));
#5636=CARTESIAN_POINT('',(4.565,2.565,-0.18));
#5637=CARTESIAN_POINT('',(4.745,2.565,-0.18));
#5638=CARTESIAN_POINT('',(4.745,2.565,4.44893300389316E-17));
#5639=CARTESIAN_POINT('',(4.745,2.565,0.18));
#5640=CARTESIAN_POINT('',(4.565,2.565,0.18));
#5641=CARTESIAN_POINT('',(4.565,2.565,-0.18));
#5642=CARTESIAN_POINT('',(4.745,2.565,-3.77073783102926E-17));
#5643=CARTESIAN_POINT('',(4.385,2.565,5.55111512312578E-17));
#5644=CARTESIAN_POINT('',(4.565,2.565,-0.18));
#5645=CARTESIAN_POINT('',(4.385,2.565,-0.18));
#5646=CARTESIAN_POINT('',(4.385,2.565,-7.54147566205853E-17));
#5647=CARTESIAN_POINT('',(0.565486677646163,-0.282743338823081));
#5648=CARTESIAN_POINT('',(0.565486677646163,-1.66533453693773E-16));
#5649=CARTESIAN_POINT('',(4.385,2.565,5.55111512312578E-17));
#5650=CARTESIAN_POINT('',(4.385,2.745,0.));
#5651=CARTESIAN_POINT('',(4.565,2.745,5.55111512312578E-17));
#5652=CARTESIAN_POINT('',(4.745,2.745,0.));
#5653=CARTESIAN_POINT('',(4.745,2.565,5.55111512312578E-17));
#5654=CARTESIAN_POINT('',(0.565486677646163,-1.66533453693773E-16));
#5655=CARTESIAN_POINT('',(0.,-1.66533453693773E-16));
#5656=CARTESIAN_POINT('',(4.745,2.565,-7.54147566205853E-17));
#5657=CARTESIAN_POINT('',(4.745,2.565,-0.18));
#5658=CARTESIAN_POINT('',(4.565,2.565,-0.18));
#5659=CARTESIAN_POINT('',(0.,-1.66533453693773E-16));
#5660=CARTESIAN_POINT('',(0.,-0.282743338823081));
#5661=CARTESIAN_POINT('',(6.05294463719411,4.30699614855058));
#5662=CARTESIAN_POINT('',(6.05294463719411,4.48699614855057));
#5663=CARTESIAN_POINT('',(6.23294463719411,4.48699614855058));
#5664=CARTESIAN_POINT('',(6.41294463719411,4.48699614855057));
#5665=CARTESIAN_POINT('',(6.41294463719411,4.30699614855058));
#5666=CARTESIAN_POINT('',(4.385,2.565,5.55111512312578E-17));
#5667=CARTESIAN_POINT('',(4.385,2.385,0.));
#5668=CARTESIAN_POINT('',(4.565,2.385,5.55111512312578E-17));
#5669=CARTESIAN_POINT('',(4.745,2.385,0.));
#5670=CARTESIAN_POINT('',(4.745,2.565,5.55111512312578E-17));
#5671=CARTESIAN_POINT('',(6.05294463719411,4.30699614855058));
#5672=CARTESIAN_POINT('',(6.05294463719411,4.12699614855058));
#5673=CARTESIAN_POINT('',(6.23294463719411,4.12699614855058));
#5674=CARTESIAN_POINT('',(6.41294463719411,4.12699614855058));
#5675=CARTESIAN_POINT('',(6.41294463719411,4.30699614855058));
#5676=CARTESIAN_POINT('',(1.13097335529233,-1.66533453693773E-16));
#5677=CARTESIAN_POINT('',(1.13097335529233,-0.282743338823081));
#5678=CARTESIAN_POINT('',(0.565486677646163,-1.66533453693773E-16));
#5679=CARTESIAN_POINT('',(1.13097335529233,-1.66533453693773E-16));
#5680=CARTESIAN_POINT('',(0.565486677646163,-0.282743338823081));
#5681=CARTESIAN_POINT('',(0.565486677646163,-1.66533453693773E-16));
#5682=CARTESIAN_POINT('',(5.565,2.565,-0.18));
#5683=CARTESIAN_POINT('',(5.745,2.565,-0.18));
#5684=CARTESIAN_POINT('',(5.745,2.565,4.44893300389316E-17));
#5685=CARTESIAN_POINT('',(5.745,2.565,0.18));
#5686=CARTESIAN_POINT('',(5.565,2.565,0.18));
#5687=CARTESIAN_POINT('',(5.565,2.565,-0.18));
#5688=CARTESIAN_POINT('',(5.745,2.745,-0.18));
#5689=CARTESIAN_POINT('',(5.745,2.745,4.44893300389316E-17));
#5690=CARTESIAN_POINT('',(5.745,2.745,0.18));
#5691=CARTESIAN_POINT('',(5.565,2.565,0.18));
#5692=CARTESIAN_POINT('',(5.565,2.565,-0.18));
#5693=CARTESIAN_POINT('',(5.565,2.745,-0.18));
#5694=CARTESIAN_POINT('',(5.565,2.745,4.44893300389316E-17));
#5695=CARTESIAN_POINT('',(5.565,2.745,0.18));
#5696=CARTESIAN_POINT('',(5.565,2.565,0.18));
#5697=CARTESIAN_POINT('',(5.565,2.565,-0.18));
#5698=CARTESIAN_POINT('',(5.385,2.745,-0.18));
#5699=CARTESIAN_POINT('',(5.385,2.745,4.44893300389316E-17));
#5700=CARTESIAN_POINT('',(5.385,2.745,0.18));
#5701=CARTESIAN_POINT('',(5.565,2.565,0.18));
#5702=CARTESIAN_POINT('',(5.565,2.565,-0.18));
#5703=CARTESIAN_POINT('',(5.385,2.565,-0.18));
#5704=CARTESIAN_POINT('',(5.385,2.565,4.44893300389316E-17));
#5705=CARTESIAN_POINT('',(5.385,2.565,0.18));
#5706=CARTESIAN_POINT('',(5.565,2.565,0.18));
#5707=CARTESIAN_POINT('',(-1.66794463719411,-1.74199614855058,0.));
#5708=CARTESIAN_POINT('',(-1.66794463719411,7.64188715467203,0.));
#5709=CARTESIAN_POINT('',(7.85193697477085,-1.74199614855058,0.));
#5710=CARTESIAN_POINT('',(7.85193697477085,7.64188715467203,0.));
#5711=CARTESIAN_POINT('',(5.565,2.565,-0.18));
#5712=CARTESIAN_POINT('',(5.385,2.565,-0.18));
#5713=CARTESIAN_POINT('',(5.385,2.565,4.44893300389316E-17));
#5714=CARTESIAN_POINT('',(5.385,2.565,0.18));
#5715=CARTESIAN_POINT('',(5.565,2.565,0.18));
#5716=CARTESIAN_POINT('',(5.565,2.565,-0.18));
#5717=CARTESIAN_POINT('',(5.385,2.385,-0.18));
#5718=CARTESIAN_POINT('',(5.385,2.385,4.44893300389316E-17));
#5719=CARTESIAN_POINT('',(5.385,2.385,0.18));
#5720=CARTESIAN_POINT('',(5.565,2.565,0.18));
#5721=CARTESIAN_POINT('',(5.565,2.565,-0.18));
#5722=CARTESIAN_POINT('',(5.565,2.385,-0.18));
#5723=CARTESIAN_POINT('',(5.565,2.385,4.44893300389316E-17));
#5724=CARTESIAN_POINT('',(5.565,2.385,0.18));
#5725=CARTESIAN_POINT('',(5.565,2.565,0.18));
#5726=CARTESIAN_POINT('',(5.565,2.565,-0.18));
#5727=CARTESIAN_POINT('',(5.745,2.385,-0.18));
#5728=CARTESIAN_POINT('',(5.745,2.385,4.44893300389316E-17));
#5729=CARTESIAN_POINT('',(5.745,2.385,0.18));
#5730=CARTESIAN_POINT('',(5.565,2.565,0.18));
#5731=CARTESIAN_POINT('',(5.565,2.565,-0.18));
#5732=CARTESIAN_POINT('',(5.745,2.565,-0.18));
#5733=CARTESIAN_POINT('',(5.745,2.565,4.44893300389316E-17));
#5734=CARTESIAN_POINT('',(5.745,2.565,0.18));
#5735=CARTESIAN_POINT('',(5.565,2.565,0.18));
#5736=CARTESIAN_POINT('',(5.565,2.565,-0.18));
#5737=CARTESIAN_POINT('',(5.745,2.565,-3.77073783102926E-17));
#5738=CARTESIAN_POINT('',(5.385,2.565,5.55111512312578E-17));
#5739=CARTESIAN_POINT('',(5.565,2.565,-0.18));
#5740=CARTESIAN_POINT('',(5.385,2.565,-0.18));
#5741=CARTESIAN_POINT('',(5.385,2.565,-7.54147566205853E-17));
#5742=CARTESIAN_POINT('',(0.565486677646163,-0.282743338823081));
#5743=CARTESIAN_POINT('',(0.565486677646163,-1.66533453693773E-16));
#5744=CARTESIAN_POINT('',(5.385,2.565,5.55111512312578E-17));
#5745=CARTESIAN_POINT('',(5.385,2.745,0.));
#5746=CARTESIAN_POINT('',(5.565,2.745,5.55111512312578E-17));
#5747=CARTESIAN_POINT('',(5.745,2.745,0.));
#5748=CARTESIAN_POINT('',(5.745,2.565,5.55111512312578E-17));
#5749=CARTESIAN_POINT('',(0.565486677646163,-1.66533453693773E-16));
#5750=CARTESIAN_POINT('',(0.,-1.66533453693773E-16));
#5751=CARTESIAN_POINT('',(5.745,2.565,-7.54147566205853E-17));
#5752=CARTESIAN_POINT('',(5.745,2.565,-0.18));
#5753=CARTESIAN_POINT('',(5.565,2.565,-0.18));
#5754=CARTESIAN_POINT('',(0.,-1.66533453693773E-16));
#5755=CARTESIAN_POINT('',(0.,-0.282743338823081));
#5756=CARTESIAN_POINT('',(7.05294463719411,4.30699614855058));
#5757=CARTESIAN_POINT('',(7.05294463719411,4.48699614855057));
#5758=CARTESIAN_POINT('',(7.23294463719411,4.48699614855058));
#5759=CARTESIAN_POINT('',(7.41294463719411,4.48699614855057));
#5760=CARTESIAN_POINT('',(7.41294463719411,4.30699614855058));
#5761=CARTESIAN_POINT('',(5.385,2.565,5.55111512312578E-17));
#5762=CARTESIAN_POINT('',(5.385,2.385,0.));
#5763=CARTESIAN_POINT('',(5.565,2.385,5.55111512312578E-17));
#5764=CARTESIAN_POINT('',(5.745,2.385,0.));
#5765=CARTESIAN_POINT('',(5.745,2.565,5.55111512312578E-17));
#5766=CARTESIAN_POINT('',(7.05294463719411,4.30699614855058));
#5767=CARTESIAN_POINT('',(7.05294463719411,4.12699614855058));
#5768=CARTESIAN_POINT('',(7.23294463719411,4.12699614855058));
#5769=CARTESIAN_POINT('',(7.41294463719411,4.12699614855058));
#5770=CARTESIAN_POINT('',(7.41294463719411,4.30699614855058));
#5771=CARTESIAN_POINT('',(1.13097335529233,-1.66533453693773E-16));
#5772=CARTESIAN_POINT('',(1.13097335529233,-0.282743338823081));
#5773=CARTESIAN_POINT('',(0.565486677646163,-1.66533453693773E-16));
#5774=CARTESIAN_POINT('',(1.13097335529233,-1.66533453693773E-16));
#5775=CARTESIAN_POINT('',(0.565486677646163,-0.282743338823081));
#5776=CARTESIAN_POINT('',(0.565486677646163,-1.66533453693773E-16));
#5777=CARTESIAN_POINT('',(0.565,3.565,-0.18));
#5778=CARTESIAN_POINT('',(0.745,3.565,-0.18));
#5779=CARTESIAN_POINT('',(0.745,3.565,4.44893300389316E-17));
#5780=CARTESIAN_POINT('',(0.745,3.565,0.18));
#5781=CARTESIAN_POINT('',(0.565,3.565,0.18));
#5782=CARTESIAN_POINT('',(0.565,3.565,-0.18));
#5783=CARTESIAN_POINT('',(0.745,3.745,-0.18));
#5784=CARTESIAN_POINT('',(0.745,3.745,4.44893300389316E-17));
#5785=CARTESIAN_POINT('',(0.745,3.745,0.18));
#5786=CARTESIAN_POINT('',(0.565,3.565,0.18));
#5787=CARTESIAN_POINT('',(0.565,3.565,-0.18));
#5788=CARTESIAN_POINT('',(0.565,3.745,-0.18));
#5789=CARTESIAN_POINT('',(0.565,3.745,4.44893300389316E-17));
#5790=CARTESIAN_POINT('',(0.565,3.745,0.18));
#5791=CARTESIAN_POINT('',(0.565,3.565,0.18));
#5792=CARTESIAN_POINT('',(0.565,3.565,-0.18));
#5793=CARTESIAN_POINT('',(0.385,3.745,-0.18));
#5794=CARTESIAN_POINT('',(0.385,3.745,4.44893300389316E-17));
#5795=CARTESIAN_POINT('',(0.385,3.745,0.18));
#5796=CARTESIAN_POINT('',(0.565,3.565,0.18));
#5797=CARTESIAN_POINT('',(0.565,3.565,-0.18));
#5798=CARTESIAN_POINT('',(0.385,3.565,-0.18));
#5799=CARTESIAN_POINT('',(0.385,3.565,4.44893300389316E-17));
#5800=CARTESIAN_POINT('',(0.385,3.565,0.18));
#5801=CARTESIAN_POINT('',(0.565,3.565,0.18));
#5802=CARTESIAN_POINT('',(-1.66794463719411,-1.74199614855058,0.));
#5803=CARTESIAN_POINT('',(-1.66794463719411,7.64188715467203,0.));
#5804=CARTESIAN_POINT('',(7.85193697477085,-1.74199614855058,0.));
#5805=CARTESIAN_POINT('',(7.85193697477085,7.64188715467203,0.));
#5806=CARTESIAN_POINT('',(0.565,3.565,-0.18));
#5807=CARTESIAN_POINT('',(0.385,3.565,-0.18));
#5808=CARTESIAN_POINT('',(0.385,3.565,4.44893300389316E-17));
#5809=CARTESIAN_POINT('',(0.385,3.565,0.18));
#5810=CARTESIAN_POINT('',(0.565,3.565,0.18));
#5811=CARTESIAN_POINT('',(0.565,3.565,-0.18));
#5812=CARTESIAN_POINT('',(0.385,3.385,-0.18));
#5813=CARTESIAN_POINT('',(0.385,3.385,4.44893300389316E-17));
#5814=CARTESIAN_POINT('',(0.385,3.385,0.18));
#5815=CARTESIAN_POINT('',(0.565,3.565,0.18));
#5816=CARTESIAN_POINT('',(0.565,3.565,-0.18));
#5817=CARTESIAN_POINT('',(0.565,3.385,-0.18));
#5818=CARTESIAN_POINT('',(0.565,3.385,4.44893300389316E-17));
#5819=CARTESIAN_POINT('',(0.565,3.385,0.18));
#5820=CARTESIAN_POINT('',(0.565,3.565,0.18));
#5821=CARTESIAN_POINT('',(0.565,3.565,-0.18));
#5822=CARTESIAN_POINT('',(0.745,3.385,-0.18));
#5823=CARTESIAN_POINT('',(0.745,3.385,4.44893300389316E-17));
#5824=CARTESIAN_POINT('',(0.745,3.385,0.18));
#5825=CARTESIAN_POINT('',(0.565,3.565,0.18));
#5826=CARTESIAN_POINT('',(0.565,3.565,-0.18));
#5827=CARTESIAN_POINT('',(0.745,3.565,-0.18));
#5828=CARTESIAN_POINT('',(0.745,3.565,4.44893300389316E-17));
#5829=CARTESIAN_POINT('',(0.745,3.565,0.18));
#5830=CARTESIAN_POINT('',(0.565,3.565,0.18));
#5831=CARTESIAN_POINT('',(0.565,3.565,-0.18));
#5832=CARTESIAN_POINT('',(0.745,3.565,-3.77073783102926E-17));
#5833=CARTESIAN_POINT('',(0.385,3.565,5.55111512312578E-17));
#5834=CARTESIAN_POINT('',(0.565,3.565,-0.18));
#5835=CARTESIAN_POINT('',(0.385,3.565,-0.18));
#5836=CARTESIAN_POINT('',(0.385,3.565,-7.54147566205853E-17));
#5837=CARTESIAN_POINT('',(0.565486677646163,-0.282743338823081));
#5838=CARTESIAN_POINT('',(0.565486677646163,-1.66533453693773E-16));
#5839=CARTESIAN_POINT('',(0.385,3.565,5.55111512312578E-17));
#5840=CARTESIAN_POINT('',(0.385,3.745,0.));
#5841=CARTESIAN_POINT('',(0.565,3.745,5.55111512312578E-17));
#5842=CARTESIAN_POINT('',(0.745,3.745,0.));
#5843=CARTESIAN_POINT('',(0.745,3.565,5.55111512312578E-17));
#5844=CARTESIAN_POINT('',(0.565486677646163,-1.66533453693773E-16));
#5845=CARTESIAN_POINT('',(0.,-1.66533453693773E-16));
#5846=CARTESIAN_POINT('',(0.745,3.565,-7.54147566205853E-17));
#5847=CARTESIAN_POINT('',(0.745,3.565,-0.18));
#5848=CARTESIAN_POINT('',(0.565,3.565,-0.18));
#5849=CARTESIAN_POINT('',(0.,-1.66533453693773E-16));
#5850=CARTESIAN_POINT('',(0.,-0.282743338823081));
#5851=CARTESIAN_POINT('',(2.05294463719411,5.30699614855058));
#5852=CARTESIAN_POINT('',(2.05294463719411,5.48699614855058));
#5853=CARTESIAN_POINT('',(2.23294463719411,5.48699614855058));
#5854=CARTESIAN_POINT('',(2.41294463719411,5.48699614855058));
#5855=CARTESIAN_POINT('',(2.41294463719412,5.30699614855058));
#5856=CARTESIAN_POINT('',(0.385,3.565,5.55111512312578E-17));
#5857=CARTESIAN_POINT('',(0.385,3.385,0.));
#5858=CARTESIAN_POINT('',(0.565,3.385,5.55111512312578E-17));
#5859=CARTESIAN_POINT('',(0.745,3.385,0.));
#5860=CARTESIAN_POINT('',(0.745,3.565,5.55111512312578E-17));
#5861=CARTESIAN_POINT('',(2.05294463719411,5.30699614855058));
#5862=CARTESIAN_POINT('',(2.05294463719411,5.12699614855058));
#5863=CARTESIAN_POINT('',(2.23294463719411,5.12699614855058));
#5864=CARTESIAN_POINT('',(2.41294463719411,5.12699614855058));
#5865=CARTESIAN_POINT('',(2.41294463719412,5.30699614855058));
#5866=CARTESIAN_POINT('',(1.13097335529233,-1.66533453693773E-16));
#5867=CARTESIAN_POINT('',(1.13097335529233,-0.282743338823081));
#5868=CARTESIAN_POINT('',(0.565486677646163,-1.66533453693773E-16));
#5869=CARTESIAN_POINT('',(1.13097335529233,-1.66533453693773E-16));
#5870=CARTESIAN_POINT('',(0.565486677646163,-0.282743338823081));
#5871=CARTESIAN_POINT('',(0.565486677646163,-1.66533453693773E-16));
#5872=CARTESIAN_POINT('',(1.565,3.565,-0.18));
#5873=CARTESIAN_POINT('',(1.745,3.565,-0.18));
#5874=CARTESIAN_POINT('',(1.745,3.565,4.44893300389316E-17));
#5875=CARTESIAN_POINT('',(1.745,3.565,0.18));
#5876=CARTESIAN_POINT('',(1.565,3.565,0.18));
#5877=CARTESIAN_POINT('',(1.565,3.565,-0.18));
#5878=CARTESIAN_POINT('',(1.745,3.745,-0.18));
#5879=CARTESIAN_POINT('',(1.745,3.745,4.44893300389316E-17));
#5880=CARTESIAN_POINT('',(1.745,3.745,0.18));
#5881=CARTESIAN_POINT('',(1.565,3.565,0.18));
#5882=CARTESIAN_POINT('',(1.565,3.565,-0.18));
#5883=CARTESIAN_POINT('',(1.565,3.745,-0.18));
#5884=CARTESIAN_POINT('',(1.565,3.745,4.44893300389316E-17));
#5885=CARTESIAN_POINT('',(1.565,3.745,0.18));
#5886=CARTESIAN_POINT('',(1.565,3.565,0.18));
#5887=CARTESIAN_POINT('',(1.565,3.565,-0.18));
#5888=CARTESIAN_POINT('',(1.385,3.745,-0.18));
#5889=CARTESIAN_POINT('',(1.385,3.745,4.44893300389316E-17));
#5890=CARTESIAN_POINT('',(1.385,3.745,0.18));
#5891=CARTESIAN_POINT('',(1.565,3.565,0.18));
#5892=CARTESIAN_POINT('',(1.565,3.565,-0.18));
#5893=CARTESIAN_POINT('',(1.385,3.565,-0.18));
#5894=CARTESIAN_POINT('',(1.385,3.565,4.44893300389316E-17));
#5895=CARTESIAN_POINT('',(1.385,3.565,0.18));
#5896=CARTESIAN_POINT('',(1.565,3.565,0.18));
#5897=CARTESIAN_POINT('',(-1.66794463719411,-1.74199614855058,0.));
#5898=CARTESIAN_POINT('',(-1.66794463719411,7.64188715467203,0.));
#5899=CARTESIAN_POINT('',(7.85193697477085,-1.74199614855058,0.));
#5900=CARTESIAN_POINT('',(7.85193697477085,7.64188715467203,0.));
#5901=CARTESIAN_POINT('',(1.565,3.565,-0.18));
#5902=CARTESIAN_POINT('',(1.385,3.565,-0.18));
#5903=CARTESIAN_POINT('',(1.385,3.565,4.44893300389316E-17));
#5904=CARTESIAN_POINT('',(1.385,3.565,0.18));
#5905=CARTESIAN_POINT('',(1.565,3.565,0.18));
#5906=CARTESIAN_POINT('',(1.565,3.565,-0.18));
#5907=CARTESIAN_POINT('',(1.385,3.385,-0.18));
#5908=CARTESIAN_POINT('',(1.385,3.385,4.44893300389316E-17));
#5909=CARTESIAN_POINT('',(1.385,3.385,0.18));
#5910=CARTESIAN_POINT('',(1.565,3.565,0.18));
#5911=CARTESIAN_POINT('',(1.565,3.565,-0.18));
#5912=CARTESIAN_POINT('',(1.565,3.385,-0.18));
#5913=CARTESIAN_POINT('',(1.565,3.385,4.44893300389316E-17));
#5914=CARTESIAN_POINT('',(1.565,3.385,0.18));
#5915=CARTESIAN_POINT('',(1.565,3.565,0.18));
#5916=CARTESIAN_POINT('',(1.565,3.565,-0.18));
#5917=CARTESIAN_POINT('',(1.745,3.385,-0.18));
#5918=CARTESIAN_POINT('',(1.745,3.385,4.44893300389316E-17));
#5919=CARTESIAN_POINT('',(1.745,3.385,0.18));
#5920=CARTESIAN_POINT('',(1.565,3.565,0.18));
#5921=CARTESIAN_POINT('',(1.565,3.565,-0.18));
#5922=CARTESIAN_POINT('',(1.745,3.565,-0.18));
#5923=CARTESIAN_POINT('',(1.745,3.565,4.44893300389316E-17));
#5924=CARTESIAN_POINT('',(1.745,3.565,0.18));
#5925=CARTESIAN_POINT('',(1.565,3.565,0.18));
#5926=CARTESIAN_POINT('',(1.565,3.565,-0.18));
#5927=CARTESIAN_POINT('',(1.745,3.565,-3.77073783102926E-17));
#5928=CARTESIAN_POINT('',(1.385,3.565,5.55111512312578E-17));
#5929=CARTESIAN_POINT('',(1.565,3.565,-0.18));
#5930=CARTESIAN_POINT('',(1.385,3.565,-0.18));
#5931=CARTESIAN_POINT('',(1.385,3.565,-7.54147566205853E-17));
#5932=CARTESIAN_POINT('',(0.565486677646163,-0.282743338823081));
#5933=CARTESIAN_POINT('',(0.565486677646163,-1.66533453693773E-16));
#5934=CARTESIAN_POINT('',(1.385,3.565,5.55111512312578E-17));
#5935=CARTESIAN_POINT('',(1.385,3.745,0.));
#5936=CARTESIAN_POINT('',(1.565,3.745,5.55111512312578E-17));
#5937=CARTESIAN_POINT('',(1.745,3.745,0.));
#5938=CARTESIAN_POINT('',(1.745,3.565,5.55111512312578E-17));
#5939=CARTESIAN_POINT('',(0.565486677646163,-1.66533453693773E-16));
#5940=CARTESIAN_POINT('',(0.,-1.66533453693773E-16));
#5941=CARTESIAN_POINT('',(1.745,3.565,-7.54147566205853E-17));
#5942=CARTESIAN_POINT('',(1.745,3.565,-0.18));
#5943=CARTESIAN_POINT('',(1.565,3.565,-0.18));
#5944=CARTESIAN_POINT('',(0.,-1.66533453693773E-16));
#5945=CARTESIAN_POINT('',(0.,-0.282743338823081));
#5946=CARTESIAN_POINT('',(3.05294463719411,5.30699614855058));
#5947=CARTESIAN_POINT('',(3.05294463719411,5.48699614855058));
#5948=CARTESIAN_POINT('',(3.23294463719411,5.48699614855058));
#5949=CARTESIAN_POINT('',(3.41294463719411,5.48699614855058));
#5950=CARTESIAN_POINT('',(3.41294463719411,5.30699614855058));
#5951=CARTESIAN_POINT('',(1.385,3.565,5.55111512312578E-17));
#5952=CARTESIAN_POINT('',(1.385,3.385,0.));
#5953=CARTESIAN_POINT('',(1.565,3.385,5.55111512312578E-17));
#5954=CARTESIAN_POINT('',(1.745,3.385,0.));
#5955=CARTESIAN_POINT('',(1.745,3.565,5.55111512312578E-17));
#5956=CARTESIAN_POINT('',(3.05294463719411,5.30699614855058));
#5957=CARTESIAN_POINT('',(3.05294463719411,5.12699614855058));
#5958=CARTESIAN_POINT('',(3.23294463719411,5.12699614855058));
#5959=CARTESIAN_POINT('',(3.41294463719411,5.12699614855058));
#5960=CARTESIAN_POINT('',(3.41294463719411,5.30699614855058));
#5961=CARTESIAN_POINT('',(1.13097335529233,-1.66533453693773E-16));
#5962=CARTESIAN_POINT('',(1.13097335529233,-0.282743338823081));
#5963=CARTESIAN_POINT('',(0.565486677646163,-1.66533453693773E-16));
#5964=CARTESIAN_POINT('',(1.13097335529233,-1.66533453693773E-16));
#5965=CARTESIAN_POINT('',(0.565486677646163,-0.282743338823081));
#5966=CARTESIAN_POINT('',(0.565486677646163,-1.66533453693773E-16));
#5967=CARTESIAN_POINT('',(2.565,3.565,-0.18));
#5968=CARTESIAN_POINT('',(2.745,3.565,-0.18));
#5969=CARTESIAN_POINT('',(2.745,3.565,4.44893300389316E-17));
#5970=CARTESIAN_POINT('',(2.745,3.565,0.18));
#5971=CARTESIAN_POINT('',(2.565,3.565,0.18));
#5972=CARTESIAN_POINT('',(2.565,3.565,-0.18));
#5973=CARTESIAN_POINT('',(2.745,3.745,-0.18));
#5974=CARTESIAN_POINT('',(2.745,3.745,4.44893300389316E-17));
#5975=CARTESIAN_POINT('',(2.745,3.745,0.18));
#5976=CARTESIAN_POINT('',(2.565,3.565,0.18));
#5977=CARTESIAN_POINT('',(2.565,3.565,-0.18));
#5978=CARTESIAN_POINT('',(2.565,3.745,-0.18));
#5979=CARTESIAN_POINT('',(2.565,3.745,4.44893300389316E-17));
#5980=CARTESIAN_POINT('',(2.565,3.745,0.18));
#5981=CARTESIAN_POINT('',(2.565,3.565,0.18));
#5982=CARTESIAN_POINT('',(2.565,3.565,-0.18));
#5983=CARTESIAN_POINT('',(2.385,3.745,-0.18));
#5984=CARTESIAN_POINT('',(2.385,3.745,4.44893300389316E-17));
#5985=CARTESIAN_POINT('',(2.385,3.745,0.18));
#5986=CARTESIAN_POINT('',(2.565,3.565,0.18));
#5987=CARTESIAN_POINT('',(2.565,3.565,-0.18));
#5988=CARTESIAN_POINT('',(2.385,3.565,-0.18));
#5989=CARTESIAN_POINT('',(2.385,3.565,4.44893300389316E-17));
#5990=CARTESIAN_POINT('',(2.385,3.565,0.18));
#5991=CARTESIAN_POINT('',(2.565,3.565,0.18));
#5992=CARTESIAN_POINT('',(-1.66794463719411,-1.74199614855058,0.));
#5993=CARTESIAN_POINT('',(-1.66794463719411,7.64188715467203,0.));
#5994=CARTESIAN_POINT('',(7.85193697477085,-1.74199614855058,0.));
#5995=CARTESIAN_POINT('',(7.85193697477085,7.64188715467203,0.));
#5996=CARTESIAN_POINT('',(2.565,3.565,-0.18));
#5997=CARTESIAN_POINT('',(2.385,3.565,-0.18));
#5998=CARTESIAN_POINT('',(2.385,3.565,4.44893300389316E-17));
#5999=CARTESIAN_POINT('',(2.385,3.565,0.18));
#6000=CARTESIAN_POINT('',(2.565,3.565,0.18));
#6001=CARTESIAN_POINT('',(2.565,3.565,-0.18));
#6002=CARTESIAN_POINT('',(2.385,3.385,-0.18));
#6003=CARTESIAN_POINT('',(2.385,3.385,4.44893300389316E-17));
#6004=CARTESIAN_POINT('',(2.385,3.385,0.18));
#6005=CARTESIAN_POINT('',(2.565,3.565,0.18));
#6006=CARTESIAN_POINT('',(2.565,3.565,-0.18));
#6007=CARTESIAN_POINT('',(2.565,3.385,-0.18));
#6008=CARTESIAN_POINT('',(2.565,3.385,4.44893300389316E-17));
#6009=CARTESIAN_POINT('',(2.565,3.385,0.18));
#6010=CARTESIAN_POINT('',(2.565,3.565,0.18));
#6011=CARTESIAN_POINT('',(2.565,3.565,-0.18));
#6012=CARTESIAN_POINT('',(2.745,3.385,-0.18));
#6013=CARTESIAN_POINT('',(2.745,3.385,4.44893300389316E-17));
#6014=CARTESIAN_POINT('',(2.745,3.385,0.18));
#6015=CARTESIAN_POINT('',(2.565,3.565,0.18));
#6016=CARTESIAN_POINT('',(2.565,3.565,-0.18));
#6017=CARTESIAN_POINT('',(2.745,3.565,-0.18));
#6018=CARTESIAN_POINT('',(2.745,3.565,4.44893300389316E-17));
#6019=CARTESIAN_POINT('',(2.745,3.565,0.18));
#6020=CARTESIAN_POINT('',(2.565,3.565,0.18));
#6021=CARTESIAN_POINT('',(2.565,3.565,-0.18));
#6022=CARTESIAN_POINT('',(2.745,3.565,-3.77073783102926E-17));
#6023=CARTESIAN_POINT('',(2.385,3.565,5.55111512312578E-17));
#6024=CARTESIAN_POINT('',(2.565,3.565,-0.18));
#6025=CARTESIAN_POINT('',(2.385,3.565,-0.18));
#6026=CARTESIAN_POINT('',(2.385,3.565,-7.54147566205853E-17));
#6027=CARTESIAN_POINT('',(0.565486677646163,-0.282743338823081));
#6028=CARTESIAN_POINT('',(0.565486677646163,-1.66533453693773E-16));
#6029=CARTESIAN_POINT('',(2.385,3.565,5.55111512312578E-17));
#6030=CARTESIAN_POINT('',(2.385,3.745,0.));
#6031=CARTESIAN_POINT('',(2.565,3.745,5.55111512312578E-17));
#6032=CARTESIAN_POINT('',(2.745,3.745,0.));
#6033=CARTESIAN_POINT('',(2.745,3.565,5.55111512312578E-17));
#6034=CARTESIAN_POINT('',(0.565486677646163,-1.66533453693773E-16));
#6035=CARTESIAN_POINT('',(0.,-1.66533453693773E-16));
#6036=CARTESIAN_POINT('',(2.745,3.565,-7.54147566205853E-17));
#6037=CARTESIAN_POINT('',(2.745,3.565,-0.18));
#6038=CARTESIAN_POINT('',(2.565,3.565,-0.18));
#6039=CARTESIAN_POINT('',(0.,-1.66533453693773E-16));
#6040=CARTESIAN_POINT('',(0.,-0.282743338823081));
#6041=CARTESIAN_POINT('',(4.05294463719411,5.30699614855058));
#6042=CARTESIAN_POINT('',(4.05294463719411,5.48699614855058));
#6043=CARTESIAN_POINT('',(4.23294463719411,5.48699614855058));
#6044=CARTESIAN_POINT('',(4.41294463719411,5.48699614855058));
#6045=CARTESIAN_POINT('',(4.41294463719411,5.30699614855058));
#6046=CARTESIAN_POINT('',(2.385,3.565,5.55111512312578E-17));
#6047=CARTESIAN_POINT('',(2.385,3.385,0.));
#6048=CARTESIAN_POINT('',(2.565,3.385,5.55111512312578E-17));
#6049=CARTESIAN_POINT('',(2.745,3.385,0.));
#6050=CARTESIAN_POINT('',(2.745,3.565,5.55111512312578E-17));
#6051=CARTESIAN_POINT('',(4.05294463719411,5.30699614855058));
#6052=CARTESIAN_POINT('',(4.05294463719411,5.12699614855058));
#6053=CARTESIAN_POINT('',(4.23294463719411,5.12699614855058));
#6054=CARTESIAN_POINT('',(4.41294463719411,5.12699614855058));
#6055=CARTESIAN_POINT('',(4.41294463719411,5.30699614855058));
#6056=CARTESIAN_POINT('',(1.13097335529233,-1.66533453693773E-16));
#6057=CARTESIAN_POINT('',(1.13097335529233,-0.282743338823081));
#6058=CARTESIAN_POINT('',(0.565486677646163,-1.66533453693773E-16));
#6059=CARTESIAN_POINT('',(1.13097335529233,-1.66533453693773E-16));
#6060=CARTESIAN_POINT('',(0.565486677646163,-0.282743338823081));
#6061=CARTESIAN_POINT('',(0.565486677646163,-1.66533453693773E-16));
#6062=CARTESIAN_POINT('',(3.565,3.565,-0.18));
#6063=CARTESIAN_POINT('',(3.745,3.565,-0.18));
#6064=CARTESIAN_POINT('',(3.745,3.565,4.44893300389316E-17));
#6065=CARTESIAN_POINT('',(3.745,3.565,0.18));
#6066=CARTESIAN_POINT('',(3.565,3.565,0.18));
#6067=CARTESIAN_POINT('',(3.565,3.565,-0.18));
#6068=CARTESIAN_POINT('',(3.745,3.745,-0.18));
#6069=CARTESIAN_POINT('',(3.745,3.745,4.44893300389316E-17));
#6070=CARTESIAN_POINT('',(3.745,3.745,0.18));
#6071=CARTESIAN_POINT('',(3.565,3.565,0.18));
#6072=CARTESIAN_POINT('',(3.565,3.565,-0.18));
#6073=CARTESIAN_POINT('',(3.565,3.745,-0.18));
#6074=CARTESIAN_POINT('',(3.565,3.745,4.44893300389316E-17));
#6075=CARTESIAN_POINT('',(3.565,3.745,0.18));
#6076=CARTESIAN_POINT('',(3.565,3.565,0.18));
#6077=CARTESIAN_POINT('',(3.565,3.565,-0.18));
#6078=CARTESIAN_POINT('',(3.385,3.745,-0.18));
#6079=CARTESIAN_POINT('',(3.385,3.745,4.44893300389316E-17));
#6080=CARTESIAN_POINT('',(3.385,3.745,0.18));
#6081=CARTESIAN_POINT('',(3.565,3.565,0.18));
#6082=CARTESIAN_POINT('',(3.565,3.565,-0.18));
#6083=CARTESIAN_POINT('',(3.385,3.565,-0.18));
#6084=CARTESIAN_POINT('',(3.385,3.565,4.44893300389316E-17));
#6085=CARTESIAN_POINT('',(3.385,3.565,0.18));
#6086=CARTESIAN_POINT('',(3.565,3.565,0.18));
#6087=CARTESIAN_POINT('',(-1.66794463719411,-1.74199614855058,0.));
#6088=CARTESIAN_POINT('',(-1.66794463719411,7.64188715467203,0.));
#6089=CARTESIAN_POINT('',(7.85193697477085,-1.74199614855058,0.));
#6090=CARTESIAN_POINT('',(7.85193697477085,7.64188715467203,0.));
#6091=CARTESIAN_POINT('',(3.565,3.565,-0.18));
#6092=CARTESIAN_POINT('',(3.385,3.565,-0.18));
#6093=CARTESIAN_POINT('',(3.385,3.565,4.44893300389316E-17));
#6094=CARTESIAN_POINT('',(3.385,3.565,0.18));
#6095=CARTESIAN_POINT('',(3.565,3.565,0.18));
#6096=CARTESIAN_POINT('',(3.565,3.565,-0.18));
#6097=CARTESIAN_POINT('',(3.385,3.385,-0.18));
#6098=CARTESIAN_POINT('',(3.385,3.385,4.44893300389316E-17));
#6099=CARTESIAN_POINT('',(3.385,3.385,0.18));
#6100=CARTESIAN_POINT('',(3.565,3.565,0.18));
#6101=CARTESIAN_POINT('',(3.565,3.565,-0.18));
#6102=CARTESIAN_POINT('',(3.565,3.385,-0.18));
#6103=CARTESIAN_POINT('',(3.565,3.385,4.44893300389316E-17));
#6104=CARTESIAN_POINT('',(3.565,3.385,0.18));
#6105=CARTESIAN_POINT('',(3.565,3.565,0.18));
#6106=CARTESIAN_POINT('',(3.565,3.565,-0.18));
#6107=CARTESIAN_POINT('',(3.745,3.385,-0.18));
#6108=CARTESIAN_POINT('',(3.745,3.385,4.44893300389316E-17));
#6109=CARTESIAN_POINT('',(3.745,3.385,0.18));
#6110=CARTESIAN_POINT('',(3.565,3.565,0.18));
#6111=CARTESIAN_POINT('',(3.565,3.565,-0.18));
#6112=CARTESIAN_POINT('',(3.745,3.565,-0.18));
#6113=CARTESIAN_POINT('',(3.745,3.565,4.44893300389316E-17));
#6114=CARTESIAN_POINT('',(3.745,3.565,0.18));
#6115=CARTESIAN_POINT('',(3.565,3.565,0.18));
#6116=CARTESIAN_POINT('',(3.565,3.565,-0.18));
#6117=CARTESIAN_POINT('',(3.745,3.565,-3.77073783102926E-17));
#6118=CARTESIAN_POINT('',(3.385,3.565,5.55111512312578E-17));
#6119=CARTESIAN_POINT('',(3.565,3.565,-0.18));
#6120=CARTESIAN_POINT('',(3.385,3.565,-0.18));
#6121=CARTESIAN_POINT('',(3.385,3.565,-7.54147566205853E-17));
#6122=CARTESIAN_POINT('',(0.565486677646163,-0.282743338823081));
#6123=CARTESIAN_POINT('',(0.565486677646163,-1.66533453693773E-16));
#6124=CARTESIAN_POINT('',(3.385,3.565,5.55111512312578E-17));
#6125=CARTESIAN_POINT('',(3.385,3.745,0.));
#6126=CARTESIAN_POINT('',(3.565,3.745,5.55111512312578E-17));
#6127=CARTESIAN_POINT('',(3.745,3.745,0.));
#6128=CARTESIAN_POINT('',(3.745,3.565,5.55111512312578E-17));
#6129=CARTESIAN_POINT('',(0.565486677646163,-1.66533453693773E-16));
#6130=CARTESIAN_POINT('',(0.,-1.66533453693773E-16));
#6131=CARTESIAN_POINT('',(3.745,3.565,-7.54147566205853E-17));
#6132=CARTESIAN_POINT('',(3.745,3.565,-0.18));
#6133=CARTESIAN_POINT('',(3.565,3.565,-0.18));
#6134=CARTESIAN_POINT('',(0.,-1.66533453693773E-16));
#6135=CARTESIAN_POINT('',(0.,-0.282743338823081));
#6136=CARTESIAN_POINT('',(5.05294463719411,5.30699614855058));
#6137=CARTESIAN_POINT('',(5.05294463719411,5.48699614855058));
#6138=CARTESIAN_POINT('',(5.23294463719411,5.48699614855058));
#6139=CARTESIAN_POINT('',(5.41294463719411,5.48699614855058));
#6140=CARTESIAN_POINT('',(5.41294463719411,5.30699614855058));
#6141=CARTESIAN_POINT('',(3.385,3.565,5.55111512312578E-17));
#6142=CARTESIAN_POINT('',(3.385,3.385,0.));
#6143=CARTESIAN_POINT('',(3.565,3.385,5.55111512312578E-17));
#6144=CARTESIAN_POINT('',(3.745,3.385,0.));
#6145=CARTESIAN_POINT('',(3.745,3.565,5.55111512312578E-17));
#6146=CARTESIAN_POINT('',(5.05294463719411,5.30699614855058));
#6147=CARTESIAN_POINT('',(5.05294463719411,5.12699614855058));
#6148=CARTESIAN_POINT('',(5.23294463719411,5.12699614855058));
#6149=CARTESIAN_POINT('',(5.41294463719411,5.12699614855058));
#6150=CARTESIAN_POINT('',(5.41294463719411,5.30699614855058));
#6151=CARTESIAN_POINT('',(1.13097335529233,-1.66533453693773E-16));
#6152=CARTESIAN_POINT('',(1.13097335529233,-0.282743338823081));
#6153=CARTESIAN_POINT('',(0.565486677646163,-1.66533453693773E-16));
#6154=CARTESIAN_POINT('',(1.13097335529233,-1.66533453693773E-16));
#6155=CARTESIAN_POINT('',(0.565486677646163,-0.282743338823081));
#6156=CARTESIAN_POINT('',(0.565486677646163,-1.66533453693773E-16));
#6157=CARTESIAN_POINT('',(4.565,3.565,-0.18));
#6158=CARTESIAN_POINT('',(4.745,3.565,-0.18));
#6159=CARTESIAN_POINT('',(4.745,3.565,4.44893300389316E-17));
#6160=CARTESIAN_POINT('',(4.745,3.565,0.18));
#6161=CARTESIAN_POINT('',(4.565,3.565,0.18));
#6162=CARTESIAN_POINT('',(4.565,3.565,-0.18));
#6163=CARTESIAN_POINT('',(4.745,3.745,-0.18));
#6164=CARTESIAN_POINT('',(4.745,3.745,4.44893300389316E-17));
#6165=CARTESIAN_POINT('',(4.745,3.745,0.18));
#6166=CARTESIAN_POINT('',(4.565,3.565,0.18));
#6167=CARTESIAN_POINT('',(4.565,3.565,-0.18));
#6168=CARTESIAN_POINT('',(4.565,3.745,-0.18));
#6169=CARTESIAN_POINT('',(4.565,3.745,4.44893300389316E-17));
#6170=CARTESIAN_POINT('',(4.565,3.745,0.18));
#6171=CARTESIAN_POINT('',(4.565,3.565,0.18));
#6172=CARTESIAN_POINT('',(4.565,3.565,-0.18));
#6173=CARTESIAN_POINT('',(4.385,3.745,-0.18));
#6174=CARTESIAN_POINT('',(4.385,3.745,4.44893300389316E-17));
#6175=CARTESIAN_POINT('',(4.385,3.745,0.18));
#6176=CARTESIAN_POINT('',(4.565,3.565,0.18));
#6177=CARTESIAN_POINT('',(4.565,3.565,-0.18));
#6178=CARTESIAN_POINT('',(4.385,3.565,-0.18));
#6179=CARTESIAN_POINT('',(4.385,3.565,4.44893300389316E-17));
#6180=CARTESIAN_POINT('',(4.385,3.565,0.18));
#6181=CARTESIAN_POINT('',(4.565,3.565,0.18));
#6182=CARTESIAN_POINT('',(-1.66794463719411,-1.74199614855058,0.));
#6183=CARTESIAN_POINT('',(-1.66794463719411,7.64188715467203,0.));
#6184=CARTESIAN_POINT('',(7.85193697477085,-1.74199614855058,0.));
#6185=CARTESIAN_POINT('',(7.85193697477085,7.64188715467203,0.));
#6186=CARTESIAN_POINT('',(4.565,3.565,-0.18));
#6187=CARTESIAN_POINT('',(4.385,3.565,-0.18));
#6188=CARTESIAN_POINT('',(4.385,3.565,4.44893300389316E-17));
#6189=CARTESIAN_POINT('',(4.385,3.565,0.18));
#6190=CARTESIAN_POINT('',(4.565,3.565,0.18));
#6191=CARTESIAN_POINT('',(4.565,3.565,-0.18));
#6192=CARTESIAN_POINT('',(4.385,3.385,-0.18));
#6193=CARTESIAN_POINT('',(4.385,3.385,4.44893300389316E-17));
#6194=CARTESIAN_POINT('',(4.385,3.385,0.18));
#6195=CARTESIAN_POINT('',(4.565,3.565,0.18));
#6196=CARTESIAN_POINT('',(4.565,3.565,-0.18));
#6197=CARTESIAN_POINT('',(4.565,3.385,-0.18));
#6198=CARTESIAN_POINT('',(4.565,3.385,4.44893300389316E-17));
#6199=CARTESIAN_POINT('',(4.565,3.385,0.18));
#6200=CARTESIAN_POINT('',(4.565,3.565,0.18));
#6201=CARTESIAN_POINT('',(4.565,3.565,-0.18));
#6202=CARTESIAN_POINT('',(4.745,3.385,-0.18));
#6203=CARTESIAN_POINT('',(4.745,3.385,4.44893300389316E-17));
#6204=CARTESIAN_POINT('',(4.745,3.385,0.18));
#6205=CARTESIAN_POINT('',(4.565,3.565,0.18));
#6206=CARTESIAN_POINT('',(4.565,3.565,-0.18));
#6207=CARTESIAN_POINT('',(4.745,3.565,-0.18));
#6208=CARTESIAN_POINT('',(4.745,3.565,4.44893300389316E-17));
#6209=CARTESIAN_POINT('',(4.745,3.565,0.18));
#6210=CARTESIAN_POINT('',(4.565,3.565,0.18));
#6211=CARTESIAN_POINT('',(4.565,3.565,-0.18));
#6212=CARTESIAN_POINT('',(4.745,3.565,-3.77073783102926E-17));
#6213=CARTESIAN_POINT('',(4.385,3.565,5.55111512312578E-17));
#6214=CARTESIAN_POINT('',(4.565,3.565,-0.18));
#6215=CARTESIAN_POINT('',(4.385,3.565,-0.18));
#6216=CARTESIAN_POINT('',(4.385,3.565,-7.54147566205853E-17));
#6217=CARTESIAN_POINT('',(0.565486677646163,-0.282743338823081));
#6218=CARTESIAN_POINT('',(0.565486677646163,-1.66533453693773E-16));
#6219=CARTESIAN_POINT('',(4.385,3.565,5.55111512312578E-17));
#6220=CARTESIAN_POINT('',(4.385,3.745,0.));
#6221=CARTESIAN_POINT('',(4.565,3.745,5.55111512312578E-17));
#6222=CARTESIAN_POINT('',(4.745,3.745,0.));
#6223=CARTESIAN_POINT('',(4.745,3.565,5.55111512312578E-17));
#6224=CARTESIAN_POINT('',(0.565486677646163,-1.66533453693773E-16));
#6225=CARTESIAN_POINT('',(0.,-1.66533453693773E-16));
#6226=CARTESIAN_POINT('',(4.745,3.565,-7.54147566205853E-17));
#6227=CARTESIAN_POINT('',(4.745,3.565,-0.18));
#6228=CARTESIAN_POINT('',(4.565,3.565,-0.18));
#6229=CARTESIAN_POINT('',(0.,-1.66533453693773E-16));
#6230=CARTESIAN_POINT('',(0.,-0.282743338823081));
#6231=CARTESIAN_POINT('',(6.05294463719411,5.30699614855058));
#6232=CARTESIAN_POINT('',(6.05294463719411,5.48699614855058));
#6233=CARTESIAN_POINT('',(6.23294463719411,5.48699614855058));
#6234=CARTESIAN_POINT('',(6.41294463719411,5.48699614855058));
#6235=CARTESIAN_POINT('',(6.41294463719411,5.30699614855058));
#6236=CARTESIAN_POINT('',(4.385,3.565,5.55111512312578E-17));
#6237=CARTESIAN_POINT('',(4.385,3.385,0.));
#6238=CARTESIAN_POINT('',(4.565,3.385,5.55111512312578E-17));
#6239=CARTESIAN_POINT('',(4.745,3.385,0.));
#6240=CARTESIAN_POINT('',(4.745,3.565,5.55111512312578E-17));
#6241=CARTESIAN_POINT('',(6.05294463719411,5.30699614855058));
#6242=CARTESIAN_POINT('',(6.05294463719411,5.12699614855058));
#6243=CARTESIAN_POINT('',(6.23294463719411,5.12699614855058));
#6244=CARTESIAN_POINT('',(6.41294463719411,5.12699614855058));
#6245=CARTESIAN_POINT('',(6.41294463719411,5.30699614855058));
#6246=CARTESIAN_POINT('',(1.13097335529233,-1.66533453693773E-16));
#6247=CARTESIAN_POINT('',(1.13097335529233,-0.282743338823081));
#6248=CARTESIAN_POINT('',(0.565486677646163,-1.66533453693773E-16));
#6249=CARTESIAN_POINT('',(1.13097335529233,-1.66533453693773E-16));
#6250=CARTESIAN_POINT('',(0.565486677646163,-0.282743338823081));
#6251=CARTESIAN_POINT('',(0.565486677646163,-1.66533453693773E-16));
#6252=CARTESIAN_POINT('',(5.565,3.565,-0.18));
#6253=CARTESIAN_POINT('',(5.745,3.565,-0.18));
#6254=CARTESIAN_POINT('',(5.745,3.565,4.44893300389316E-17));
#6255=CARTESIAN_POINT('',(5.745,3.565,0.18));
#6256=CARTESIAN_POINT('',(5.565,3.565,0.18));
#6257=CARTESIAN_POINT('',(5.565,3.565,-0.18));
#6258=CARTESIAN_POINT('',(5.745,3.745,-0.18));
#6259=CARTESIAN_POINT('',(5.745,3.745,4.44893300389316E-17));
#6260=CARTESIAN_POINT('',(5.745,3.745,0.18));
#6261=CARTESIAN_POINT('',(5.565,3.565,0.18));
#6262=CARTESIAN_POINT('',(5.565,3.565,-0.18));
#6263=CARTESIAN_POINT('',(5.565,3.745,-0.18));
#6264=CARTESIAN_POINT('',(5.565,3.745,4.44893300389316E-17));
#6265=CARTESIAN_POINT('',(5.565,3.745,0.18));
#6266=CARTESIAN_POINT('',(5.565,3.565,0.18));
#6267=CARTESIAN_POINT('',(5.565,3.565,-0.18));
#6268=CARTESIAN_POINT('',(5.385,3.745,-0.18));
#6269=CARTESIAN_POINT('',(5.385,3.745,4.44893300389316E-17));
#6270=CARTESIAN_POINT('',(5.385,3.745,0.18));
#6271=CARTESIAN_POINT('',(5.565,3.565,0.18));
#6272=CARTESIAN_POINT('',(5.565,3.565,-0.18));
#6273=CARTESIAN_POINT('',(5.385,3.565,-0.18));
#6274=CARTESIAN_POINT('',(5.385,3.565,4.44893300389316E-17));
#6275=CARTESIAN_POINT('',(5.385,3.565,0.18));
#6276=CARTESIAN_POINT('',(5.565,3.565,0.18));
#6277=CARTESIAN_POINT('',(-1.66794463719411,-1.74199614855058,0.));
#6278=CARTESIAN_POINT('',(-1.66794463719411,7.64188715467203,0.));
#6279=CARTESIAN_POINT('',(7.85193697477085,-1.74199614855058,0.));
#6280=CARTESIAN_POINT('',(7.85193697477085,7.64188715467203,0.));
#6281=CARTESIAN_POINT('',(5.565,3.565,-0.18));
#6282=CARTESIAN_POINT('',(5.385,3.565,-0.18));
#6283=CARTESIAN_POINT('',(5.385,3.565,4.44893300389316E-17));
#6284=CARTESIAN_POINT('',(5.385,3.565,0.18));
#6285=CARTESIAN_POINT('',(5.565,3.565,0.18));
#6286=CARTESIAN_POINT('',(5.565,3.565,-0.18));
#6287=CARTESIAN_POINT('',(5.385,3.385,-0.18));
#6288=CARTESIAN_POINT('',(5.385,3.385,4.44893300389316E-17));
#6289=CARTESIAN_POINT('',(5.385,3.385,0.18));
#6290=CARTESIAN_POINT('',(5.565,3.565,0.18));
#6291=CARTESIAN_POINT('',(5.565,3.565,-0.18));
#6292=CARTESIAN_POINT('',(5.565,3.385,-0.18));
#6293=CARTESIAN_POINT('',(5.565,3.385,4.44893300389316E-17));
#6294=CARTESIAN_POINT('',(5.565,3.385,0.18));
#6295=CARTESIAN_POINT('',(5.565,3.565,0.18));
#6296=CARTESIAN_POINT('',(5.565,3.565,-0.18));
#6297=CARTESIAN_POINT('',(5.745,3.385,-0.18));
#6298=CARTESIAN_POINT('',(5.745,3.385,4.44893300389316E-17));
#6299=CARTESIAN_POINT('',(5.745,3.385,0.18));
#6300=CARTESIAN_POINT('',(5.565,3.565,0.18));
#6301=CARTESIAN_POINT('',(5.565,3.565,-0.18));
#6302=CARTESIAN_POINT('',(5.745,3.565,-0.18));
#6303=CARTESIAN_POINT('',(5.745,3.565,4.44893300389316E-17));
#6304=CARTESIAN_POINT('',(5.745,3.565,0.18));
#6305=CARTESIAN_POINT('',(5.565,3.565,0.18));
#6306=CARTESIAN_POINT('',(5.565,3.565,-0.18));
#6307=CARTESIAN_POINT('',(5.745,3.565,-3.77073783102926E-17));
#6308=CARTESIAN_POINT('',(5.385,3.565,5.55111512312578E-17));
#6309=CARTESIAN_POINT('',(5.565,3.565,-0.18));
#6310=CARTESIAN_POINT('',(5.385,3.565,-0.18));
#6311=CARTESIAN_POINT('',(5.385,3.565,-7.54147566205853E-17));
#6312=CARTESIAN_POINT('',(0.565486677646163,-0.282743338823081));
#6313=CARTESIAN_POINT('',(0.565486677646163,-1.66533453693773E-16));
#6314=CARTESIAN_POINT('',(5.385,3.565,5.55111512312578E-17));
#6315=CARTESIAN_POINT('',(5.385,3.745,0.));
#6316=CARTESIAN_POINT('',(5.565,3.745,5.55111512312578E-17));
#6317=CARTESIAN_POINT('',(5.745,3.745,0.));
#6318=CARTESIAN_POINT('',(5.745,3.565,5.55111512312578E-17));
#6319=CARTESIAN_POINT('',(0.565486677646163,-1.66533453693773E-16));
#6320=CARTESIAN_POINT('',(0.,-1.66533453693773E-16));
#6321=CARTESIAN_POINT('',(5.745,3.565,-7.54147566205853E-17));
#6322=CARTESIAN_POINT('',(5.745,3.565,-0.18));
#6323=CARTESIAN_POINT('',(5.565,3.565,-0.18));
#6324=CARTESIAN_POINT('',(0.,-1.66533453693773E-16));
#6325=CARTESIAN_POINT('',(0.,-0.282743338823081));
#6326=CARTESIAN_POINT('',(7.05294463719411,5.30699614855058));
#6327=CARTESIAN_POINT('',(7.05294463719411,5.48699614855058));
#6328=CARTESIAN_POINT('',(7.23294463719411,5.48699614855058));
#6329=CARTESIAN_POINT('',(7.41294463719411,5.48699614855058));
#6330=CARTESIAN_POINT('',(7.41294463719411,5.30699614855058));
#6331=CARTESIAN_POINT('',(5.385,3.565,5.55111512312578E-17));
#6332=CARTESIAN_POINT('',(5.385,3.385,0.));
#6333=CARTESIAN_POINT('',(5.565,3.385,5.55111512312578E-17));
#6334=CARTESIAN_POINT('',(5.745,3.385,0.));
#6335=CARTESIAN_POINT('',(5.745,3.565,5.55111512312578E-17));
#6336=CARTESIAN_POINT('',(7.05294463719411,5.30699614855058));
#6337=CARTESIAN_POINT('',(7.05294463719411,5.12699614855058));
#6338=CARTESIAN_POINT('',(7.23294463719411,5.12699614855058));
#6339=CARTESIAN_POINT('',(7.41294463719411,5.12699614855058));
#6340=CARTESIAN_POINT('',(7.41294463719411,5.30699614855058));
#6341=CARTESIAN_POINT('',(1.13097335529233,-1.66533453693773E-16));
#6342=CARTESIAN_POINT('',(1.13097335529233,-0.282743338823081));
#6343=CARTESIAN_POINT('',(0.565486677646163,-1.66533453693773E-16));
#6344=CARTESIAN_POINT('',(1.13097335529233,-1.66533453693773E-16));
#6345=CARTESIAN_POINT('',(0.565486677646163,-0.282743338823081));
#6346=CARTESIAN_POINT('',(0.565486677646163,-1.66533453693773E-16));
#6347=CARTESIAN_POINT('',(0.565,4.565,-0.18));
#6348=CARTESIAN_POINT('',(0.745,4.565,-0.18));
#6349=CARTESIAN_POINT('',(0.745,4.565,4.44893300389316E-17));
#6350=CARTESIAN_POINT('',(0.745,4.565,0.18));
#6351=CARTESIAN_POINT('',(0.565,4.565,0.18));
#6352=CARTESIAN_POINT('',(0.565,4.565,-0.18));
#6353=CARTESIAN_POINT('',(0.745,4.745,-0.18));
#6354=CARTESIAN_POINT('',(0.745,4.745,4.44893300389316E-17));
#6355=CARTESIAN_POINT('',(0.745,4.745,0.18));
#6356=CARTESIAN_POINT('',(0.565,4.565,0.18));
#6357=CARTESIAN_POINT('',(0.565,4.565,-0.18));
#6358=CARTESIAN_POINT('',(0.565,4.745,-0.18));
#6359=CARTESIAN_POINT('',(0.565,4.745,4.44893300389316E-17));
#6360=CARTESIAN_POINT('',(0.565,4.745,0.18));
#6361=CARTESIAN_POINT('',(0.565,4.565,0.18));
#6362=CARTESIAN_POINT('',(0.565,4.565,-0.18));
#6363=CARTESIAN_POINT('',(0.385,4.745,-0.18));
#6364=CARTESIAN_POINT('',(0.385,4.745,4.44893300389316E-17));
#6365=CARTESIAN_POINT('',(0.385,4.745,0.18));
#6366=CARTESIAN_POINT('',(0.565,4.565,0.18));
#6367=CARTESIAN_POINT('',(0.565,4.565,-0.18));
#6368=CARTESIAN_POINT('',(0.385,4.565,-0.18));
#6369=CARTESIAN_POINT('',(0.385,4.565,4.44893300389316E-17));
#6370=CARTESIAN_POINT('',(0.385,4.565,0.18));
#6371=CARTESIAN_POINT('',(0.565,4.565,0.18));
#6372=CARTESIAN_POINT('',(-1.66794463719411,-1.74199614855058,0.));
#6373=CARTESIAN_POINT('',(-1.66794463719411,7.64188715467203,0.));
#6374=CARTESIAN_POINT('',(7.85193697477085,-1.74199614855058,0.));
#6375=CARTESIAN_POINT('',(7.85193697477085,7.64188715467203,0.));
#6376=CARTESIAN_POINT('',(0.565,4.565,-0.18));
#6377=CARTESIAN_POINT('',(0.385,4.565,-0.18));
#6378=CARTESIAN_POINT('',(0.385,4.565,4.44893300389316E-17));
#6379=CARTESIAN_POINT('',(0.385,4.565,0.18));
#6380=CARTESIAN_POINT('',(0.565,4.565,0.18));
#6381=CARTESIAN_POINT('',(0.565,4.565,-0.18));
#6382=CARTESIAN_POINT('',(0.385,4.385,-0.18));
#6383=CARTESIAN_POINT('',(0.385,4.385,4.44893300389316E-17));
#6384=CARTESIAN_POINT('',(0.385,4.385,0.18));
#6385=CARTESIAN_POINT('',(0.565,4.565,0.18));
#6386=CARTESIAN_POINT('',(0.565,4.565,-0.18));
#6387=CARTESIAN_POINT('',(0.565,4.385,-0.18));
#6388=CARTESIAN_POINT('',(0.565,4.385,4.44893300389316E-17));
#6389=CARTESIAN_POINT('',(0.565,4.385,0.18));
#6390=CARTESIAN_POINT('',(0.565,4.565,0.18));
#6391=CARTESIAN_POINT('',(0.565,4.565,-0.18));
#6392=CARTESIAN_POINT('',(0.745,4.385,-0.18));
#6393=CARTESIAN_POINT('',(0.745,4.385,4.44893300389316E-17));
#6394=CARTESIAN_POINT('',(0.745,4.385,0.18));
#6395=CARTESIAN_POINT('',(0.565,4.565,0.18));
#6396=CARTESIAN_POINT('',(0.565,4.565,-0.18));
#6397=CARTESIAN_POINT('',(0.745,4.565,-0.18));
#6398=CARTESIAN_POINT('',(0.745,4.565,4.44893300389316E-17));
#6399=CARTESIAN_POINT('',(0.745,4.565,0.18));
#6400=CARTESIAN_POINT('',(0.565,4.565,0.18));
#6401=CARTESIAN_POINT('',(0.565,4.565,-0.18));
#6402=CARTESIAN_POINT('',(0.745,4.565,-3.77073783102926E-17));
#6403=CARTESIAN_POINT('',(0.385,4.565,5.55111512312578E-17));
#6404=CARTESIAN_POINT('',(0.565,4.565,-0.18));
#6405=CARTESIAN_POINT('',(0.385,4.565,-0.18));
#6406=CARTESIAN_POINT('',(0.385,4.565,-7.54147566205853E-17));
#6407=CARTESIAN_POINT('',(0.565486677646163,-0.282743338823081));
#6408=CARTESIAN_POINT('',(0.565486677646163,-1.66533453693773E-16));
#6409=CARTESIAN_POINT('',(0.385,4.565,5.55111512312578E-17));
#6410=CARTESIAN_POINT('',(0.385,4.745,0.));
#6411=CARTESIAN_POINT('',(0.565,4.745,5.55111512312578E-17));
#6412=CARTESIAN_POINT('',(0.745,4.745,0.));
#6413=CARTESIAN_POINT('',(0.745,4.565,5.55111512312578E-17));
#6414=CARTESIAN_POINT('',(0.565486677646163,-1.66533453693773E-16));
#6415=CARTESIAN_POINT('',(0.,-1.66533453693773E-16));
#6416=CARTESIAN_POINT('',(0.745,4.565,-7.54147566205853E-17));
#6417=CARTESIAN_POINT('',(0.745,4.565,-0.18));
#6418=CARTESIAN_POINT('',(0.565,4.565,-0.18));
#6419=CARTESIAN_POINT('',(0.,-1.66533453693773E-16));
#6420=CARTESIAN_POINT('',(0.,-0.282743338823081));
#6421=CARTESIAN_POINT('',(2.05294463719411,6.30699614855058));
#6422=CARTESIAN_POINT('',(2.05294463719411,6.48699614855058));
#6423=CARTESIAN_POINT('',(2.23294463719411,6.48699614855058));
#6424=CARTESIAN_POINT('',(2.41294463719411,6.48699614855058));
#6425=CARTESIAN_POINT('',(2.41294463719412,6.30699614855058));
#6426=CARTESIAN_POINT('',(0.385,4.565,5.55111512312578E-17));
#6427=CARTESIAN_POINT('',(0.385,4.385,0.));
#6428=CARTESIAN_POINT('',(0.565,4.385,5.55111512312578E-17));
#6429=CARTESIAN_POINT('',(0.745,4.385,0.));
#6430=CARTESIAN_POINT('',(0.745,4.565,5.55111512312578E-17));
#6431=CARTESIAN_POINT('',(2.05294463719411,6.30699614855058));
#6432=CARTESIAN_POINT('',(2.05294463719411,6.12699614855058));
#6433=CARTESIAN_POINT('',(2.23294463719411,6.12699614855058));
#6434=CARTESIAN_POINT('',(2.41294463719411,6.12699614855058));
#6435=CARTESIAN_POINT('',(2.41294463719412,6.30699614855058));
#6436=CARTESIAN_POINT('',(1.13097335529233,-1.66533453693773E-16));
#6437=CARTESIAN_POINT('',(1.13097335529233,-0.282743338823081));
#6438=CARTESIAN_POINT('',(0.565486677646163,-1.66533453693773E-16));
#6439=CARTESIAN_POINT('',(1.13097335529233,-1.66533453693773E-16));
#6440=CARTESIAN_POINT('',(0.565486677646163,-0.282743338823081));
#6441=CARTESIAN_POINT('',(0.565486677646163,-1.66533453693773E-16));
#6442=CARTESIAN_POINT('',(1.565,4.565,-0.18));
#6443=CARTESIAN_POINT('',(1.745,4.565,-0.18));
#6444=CARTESIAN_POINT('',(1.745,4.565,4.44893300389316E-17));
#6445=CARTESIAN_POINT('',(1.745,4.565,0.18));
#6446=CARTESIAN_POINT('',(1.565,4.565,0.18));
#6447=CARTESIAN_POINT('',(1.565,4.565,-0.18));
#6448=CARTESIAN_POINT('',(1.745,4.745,-0.18));
#6449=CARTESIAN_POINT('',(1.745,4.745,4.44893300389316E-17));
#6450=CARTESIAN_POINT('',(1.745,4.745,0.18));
#6451=CARTESIAN_POINT('',(1.565,4.565,0.18));
#6452=CARTESIAN_POINT('',(1.565,4.565,-0.18));
#6453=CARTESIAN_POINT('',(1.565,4.745,-0.18));
#6454=CARTESIAN_POINT('',(1.565,4.745,4.44893300389316E-17));
#6455=CARTESIAN_POINT('',(1.565,4.745,0.18));
#6456=CARTESIAN_POINT('',(1.565,4.565,0.18));
#6457=CARTESIAN_POINT('',(1.565,4.565,-0.18));
#6458=CARTESIAN_POINT('',(1.385,4.745,-0.18));
#6459=CARTESIAN_POINT('',(1.385,4.745,4.44893300389316E-17));
#6460=CARTESIAN_POINT('',(1.385,4.745,0.18));
#6461=CARTESIAN_POINT('',(1.565,4.565,0.18));
#6462=CARTESIAN_POINT('',(1.565,4.565,-0.18));
#6463=CARTESIAN_POINT('',(1.385,4.565,-0.18));
#6464=CARTESIAN_POINT('',(1.385,4.565,4.44893300389316E-17));
#6465=CARTESIAN_POINT('',(1.385,4.565,0.18));
#6466=CARTESIAN_POINT('',(1.565,4.565,0.18));
#6467=CARTESIAN_POINT('',(-1.66794463719411,-1.74199614855058,0.));
#6468=CARTESIAN_POINT('',(-1.66794463719411,7.64188715467203,0.));
#6469=CARTESIAN_POINT('',(7.85193697477085,-1.74199614855058,0.));
#6470=CARTESIAN_POINT('',(7.85193697477085,7.64188715467203,0.));
#6471=CARTESIAN_POINT('',(1.565,4.565,-0.18));
#6472=CARTESIAN_POINT('',(1.385,4.565,-0.18));
#6473=CARTESIAN_POINT('',(1.385,4.565,4.44893300389316E-17));
#6474=CARTESIAN_POINT('',(1.385,4.565,0.18));
#6475=CARTESIAN_POINT('',(1.565,4.565,0.18));
#6476=CARTESIAN_POINT('',(1.565,4.565,-0.18));
#6477=CARTESIAN_POINT('',(1.385,4.385,-0.18));
#6478=CARTESIAN_POINT('',(1.385,4.385,4.44893300389316E-17));
#6479=CARTESIAN_POINT('',(1.385,4.385,0.18));
#6480=CARTESIAN_POINT('',(1.565,4.565,0.18));
#6481=CARTESIAN_POINT('',(1.565,4.565,-0.18));
#6482=CARTESIAN_POINT('',(1.565,4.385,-0.18));
#6483=CARTESIAN_POINT('',(1.565,4.385,4.44893300389316E-17));
#6484=CARTESIAN_POINT('',(1.565,4.385,0.18));
#6485=CARTESIAN_POINT('',(1.565,4.565,0.18));
#6486=CARTESIAN_POINT('',(1.565,4.565,-0.18));
#6487=CARTESIAN_POINT('',(1.745,4.385,-0.18));
#6488=CARTESIAN_POINT('',(1.745,4.385,4.44893300389316E-17));
#6489=CARTESIAN_POINT('',(1.745,4.385,0.18));
#6490=CARTESIAN_POINT('',(1.565,4.565,0.18));
#6491=CARTESIAN_POINT('',(1.565,4.565,-0.18));
#6492=CARTESIAN_POINT('',(1.745,4.565,-0.18));
#6493=CARTESIAN_POINT('',(1.745,4.565,4.44893300389316E-17));
#6494=CARTESIAN_POINT('',(1.745,4.565,0.18));
#6495=CARTESIAN_POINT('',(1.565,4.565,0.18));
#6496=CARTESIAN_POINT('',(1.565,4.565,-0.18));
#6497=CARTESIAN_POINT('',(1.745,4.565,-3.77073783102926E-17));
#6498=CARTESIAN_POINT('',(1.385,4.565,5.55111512312578E-17));
#6499=CARTESIAN_POINT('',(1.565,4.565,-0.18));
#6500=CARTESIAN_POINT('',(1.385,4.565,-0.18));
#6501=CARTESIAN_POINT('',(1.385,4.565,-7.54147566205853E-17));
#6502=CARTESIAN_POINT('',(0.565486677646163,-0.282743338823081));
#6503=CARTESIAN_POINT('',(0.565486677646163,-1.66533453693773E-16));
#6504=CARTESIAN_POINT('',(1.385,4.565,5.55111512312578E-17));
#6505=CARTESIAN_POINT('',(1.385,4.745,0.));
#6506=CARTESIAN_POINT('',(1.565,4.745,5.55111512312578E-17));
#6507=CARTESIAN_POINT('',(1.745,4.745,0.));
#6508=CARTESIAN_POINT('',(1.745,4.565,5.55111512312578E-17));
#6509=CARTESIAN_POINT('',(0.565486677646163,-1.66533453693773E-16));
#6510=CARTESIAN_POINT('',(0.,-1.66533453693773E-16));
#6511=CARTESIAN_POINT('',(1.745,4.565,-7.54147566205853E-17));
#6512=CARTESIAN_POINT('',(1.745,4.565,-0.18));
#6513=CARTESIAN_POINT('',(1.565,4.565,-0.18));
#6514=CARTESIAN_POINT('',(0.,-1.66533453693773E-16));
#6515=CARTESIAN_POINT('',(0.,-0.282743338823081));
#6516=CARTESIAN_POINT('',(3.05294463719411,6.30699614855058));
#6517=CARTESIAN_POINT('',(3.05294463719411,6.48699614855058));
#6518=CARTESIAN_POINT('',(3.23294463719411,6.48699614855058));
#6519=CARTESIAN_POINT('',(3.41294463719411,6.48699614855058));
#6520=CARTESIAN_POINT('',(3.41294463719411,6.30699614855058));
#6521=CARTESIAN_POINT('',(1.385,4.565,5.55111512312578E-17));
#6522=CARTESIAN_POINT('',(1.385,4.385,0.));
#6523=CARTESIAN_POINT('',(1.565,4.385,5.55111512312578E-17));
#6524=CARTESIAN_POINT('',(1.745,4.385,0.));
#6525=CARTESIAN_POINT('',(1.745,4.565,5.55111512312578E-17));
#6526=CARTESIAN_POINT('',(3.05294463719411,6.30699614855058));
#6527=CARTESIAN_POINT('',(3.05294463719411,6.12699614855058));
#6528=CARTESIAN_POINT('',(3.23294463719411,6.12699614855058));
#6529=CARTESIAN_POINT('',(3.41294463719411,6.12699614855058));
#6530=CARTESIAN_POINT('',(3.41294463719411,6.30699614855058));
#6531=CARTESIAN_POINT('',(1.13097335529233,-1.66533453693773E-16));
#6532=CARTESIAN_POINT('',(1.13097335529233,-0.282743338823081));
#6533=CARTESIAN_POINT('',(0.565486677646163,-1.66533453693773E-16));
#6534=CARTESIAN_POINT('',(1.13097335529233,-1.66533453693773E-16));
#6535=CARTESIAN_POINT('',(0.565486677646163,-0.282743338823081));
#6536=CARTESIAN_POINT('',(0.565486677646163,-1.66533453693773E-16));
#6537=CARTESIAN_POINT('',(2.565,4.565,-0.18));
#6538=CARTESIAN_POINT('',(2.745,4.565,-0.18));
#6539=CARTESIAN_POINT('',(2.745,4.565,4.44893300389316E-17));
#6540=CARTESIAN_POINT('',(2.745,4.565,0.18));
#6541=CARTESIAN_POINT('',(2.565,4.565,0.18));
#6542=CARTESIAN_POINT('',(2.565,4.565,-0.18));
#6543=CARTESIAN_POINT('',(2.745,4.745,-0.18));
#6544=CARTESIAN_POINT('',(2.745,4.745,4.44893300389316E-17));
#6545=CARTESIAN_POINT('',(2.745,4.745,0.18));
#6546=CARTESIAN_POINT('',(2.565,4.565,0.18));
#6547=CARTESIAN_POINT('',(2.565,4.565,-0.18));
#6548=CARTESIAN_POINT('',(2.565,4.745,-0.18));
#6549=CARTESIAN_POINT('',(2.565,4.745,4.44893300389316E-17));
#6550=CARTESIAN_POINT('',(2.565,4.745,0.18));
#6551=CARTESIAN_POINT('',(2.565,4.565,0.18));
#6552=CARTESIAN_POINT('',(2.565,4.565,-0.18));
#6553=CARTESIAN_POINT('',(2.385,4.745,-0.18));
#6554=CARTESIAN_POINT('',(2.385,4.745,4.44893300389316E-17));
#6555=CARTESIAN_POINT('',(2.385,4.745,0.18));
#6556=CARTESIAN_POINT('',(2.565,4.565,0.18));
#6557=CARTESIAN_POINT('',(2.565,4.565,-0.18));
#6558=CARTESIAN_POINT('',(2.385,4.565,-0.18));
#6559=CARTESIAN_POINT('',(2.385,4.565,4.44893300389316E-17));
#6560=CARTESIAN_POINT('',(2.385,4.565,0.18));
#6561=CARTESIAN_POINT('',(2.565,4.565,0.18));
#6562=CARTESIAN_POINT('',(-1.66794463719411,-1.74199614855058,0.));
#6563=CARTESIAN_POINT('',(-1.66794463719411,7.64188715467203,0.));
#6564=CARTESIAN_POINT('',(7.85193697477085,-1.74199614855058,0.));
#6565=CARTESIAN_POINT('',(7.85193697477085,7.64188715467203,0.));
#6566=CARTESIAN_POINT('',(2.565,4.565,-0.18));
#6567=CARTESIAN_POINT('',(2.385,4.565,-0.18));
#6568=CARTESIAN_POINT('',(2.385,4.565,4.44893300389316E-17));
#6569=CARTESIAN_POINT('',(2.385,4.565,0.18));
#6570=CARTESIAN_POINT('',(2.565,4.565,0.18));
#6571=CARTESIAN_POINT('',(2.565,4.565,-0.18));
#6572=CARTESIAN_POINT('',(2.385,4.385,-0.18));
#6573=CARTESIAN_POINT('',(2.385,4.385,4.44893300389316E-17));
#6574=CARTESIAN_POINT('',(2.385,4.385,0.18));
#6575=CARTESIAN_POINT('',(2.565,4.565,0.18));
#6576=CARTESIAN_POINT('',(2.565,4.565,-0.18));
#6577=CARTESIAN_POINT('',(2.565,4.385,-0.18));
#6578=CARTESIAN_POINT('',(2.565,4.385,4.44893300389316E-17));
#6579=CARTESIAN_POINT('',(2.565,4.385,0.18));
#6580=CARTESIAN_POINT('',(2.565,4.565,0.18));
#6581=CARTESIAN_POINT('',(2.565,4.565,-0.18));
#6582=CARTESIAN_POINT('',(2.745,4.385,-0.18));
#6583=CARTESIAN_POINT('',(2.745,4.385,4.44893300389316E-17));
#6584=CARTESIAN_POINT('',(2.745,4.385,0.18));
#6585=CARTESIAN_POINT('',(2.565,4.565,0.18));
#6586=CARTESIAN_POINT('',(2.565,4.565,-0.18));
#6587=CARTESIAN_POINT('',(2.745,4.565,-0.18));
#6588=CARTESIAN_POINT('',(2.745,4.565,4.44893300389316E-17));
#6589=CARTESIAN_POINT('',(2.745,4.565,0.18));
#6590=CARTESIAN_POINT('',(2.565,4.565,0.18));
#6591=CARTESIAN_POINT('',(2.565,4.565,-0.18));
#6592=CARTESIAN_POINT('',(2.745,4.565,-3.77073783102926E-17));
#6593=CARTESIAN_POINT('',(2.385,4.565,5.55111512312578E-17));
#6594=CARTESIAN_POINT('',(2.565,4.565,-0.18));
#6595=CARTESIAN_POINT('',(2.385,4.565,-0.18));
#6596=CARTESIAN_POINT('',(2.385,4.565,-7.54147566205853E-17));
#6597=CARTESIAN_POINT('',(0.565486677646163,-0.282743338823081));
#6598=CARTESIAN_POINT('',(0.565486677646163,-1.66533453693773E-16));
#6599=CARTESIAN_POINT('',(2.385,4.565,5.55111512312578E-17));
#6600=CARTESIAN_POINT('',(2.385,4.745,0.));
#6601=CARTESIAN_POINT('',(2.565,4.745,5.55111512312578E-17));
#6602=CARTESIAN_POINT('',(2.745,4.745,0.));
#6603=CARTESIAN_POINT('',(2.745,4.565,5.55111512312578E-17));
#6604=CARTESIAN_POINT('',(0.565486677646163,-1.66533453693773E-16));
#6605=CARTESIAN_POINT('',(0.,-1.66533453693773E-16));
#6606=CARTESIAN_POINT('',(2.745,4.565,-7.54147566205853E-17));
#6607=CARTESIAN_POINT('',(2.745,4.565,-0.18));
#6608=CARTESIAN_POINT('',(2.565,4.565,-0.18));
#6609=CARTESIAN_POINT('',(0.,-1.66533453693773E-16));
#6610=CARTESIAN_POINT('',(0.,-0.282743338823081));
#6611=CARTESIAN_POINT('',(4.05294463719411,6.30699614855058));
#6612=CARTESIAN_POINT('',(4.05294463719411,6.48699614855058));
#6613=CARTESIAN_POINT('',(4.23294463719411,6.48699614855058));
#6614=CARTESIAN_POINT('',(4.41294463719411,6.48699614855058));
#6615=CARTESIAN_POINT('',(4.41294463719411,6.30699614855058));
#6616=CARTESIAN_POINT('',(2.385,4.565,5.55111512312578E-17));
#6617=CARTESIAN_POINT('',(2.385,4.385,0.));
#6618=CARTESIAN_POINT('',(2.565,4.385,5.55111512312578E-17));
#6619=CARTESIAN_POINT('',(2.745,4.385,0.));
#6620=CARTESIAN_POINT('',(2.745,4.565,5.55111512312578E-17));
#6621=CARTESIAN_POINT('',(4.05294463719411,6.30699614855058));
#6622=CARTESIAN_POINT('',(4.05294463719411,6.12699614855058));
#6623=CARTESIAN_POINT('',(4.23294463719411,6.12699614855058));
#6624=CARTESIAN_POINT('',(4.41294463719411,6.12699614855058));
#6625=CARTESIAN_POINT('',(4.41294463719411,6.30699614855058));
#6626=CARTESIAN_POINT('',(1.13097335529233,-1.66533453693773E-16));
#6627=CARTESIAN_POINT('',(1.13097335529233,-0.282743338823081));
#6628=CARTESIAN_POINT('',(0.565486677646163,-1.66533453693773E-16));
#6629=CARTESIAN_POINT('',(1.13097335529233,-1.66533453693773E-16));
#6630=CARTESIAN_POINT('',(0.565486677646163,-0.282743338823081));
#6631=CARTESIAN_POINT('',(0.565486677646163,-1.66533453693773E-16));
#6632=CARTESIAN_POINT('',(3.565,4.565,-0.18));
#6633=CARTESIAN_POINT('',(3.745,4.565,-0.18));
#6634=CARTESIAN_POINT('',(3.745,4.565,4.44893300389316E-17));
#6635=CARTESIAN_POINT('',(3.745,4.565,0.18));
#6636=CARTESIAN_POINT('',(3.565,4.565,0.18));
#6637=CARTESIAN_POINT('',(3.565,4.565,-0.18));
#6638=CARTESIAN_POINT('',(3.745,4.745,-0.18));
#6639=CARTESIAN_POINT('',(3.745,4.745,4.44893300389316E-17));
#6640=CARTESIAN_POINT('',(3.745,4.745,0.18));
#6641=CARTESIAN_POINT('',(3.565,4.565,0.18));
#6642=CARTESIAN_POINT('',(3.565,4.565,-0.18));
#6643=CARTESIAN_POINT('',(3.565,4.745,-0.18));
#6644=CARTESIAN_POINT('',(3.565,4.745,4.44893300389316E-17));
#6645=CARTESIAN_POINT('',(3.565,4.745,0.18));
#6646=CARTESIAN_POINT('',(3.565,4.565,0.18));
#6647=CARTESIAN_POINT('',(3.565,4.565,-0.18));
#6648=CARTESIAN_POINT('',(3.385,4.745,-0.18));
#6649=CARTESIAN_POINT('',(3.385,4.745,4.44893300389316E-17));
#6650=CARTESIAN_POINT('',(3.385,4.745,0.18));
#6651=CARTESIAN_POINT('',(3.565,4.565,0.18));
#6652=CARTESIAN_POINT('',(3.565,4.565,-0.18));
#6653=CARTESIAN_POINT('',(3.385,4.565,-0.18));
#6654=CARTESIAN_POINT('',(3.385,4.565,4.44893300389316E-17));
#6655=CARTESIAN_POINT('',(3.385,4.565,0.18));
#6656=CARTESIAN_POINT('',(3.565,4.565,0.18));
#6657=CARTESIAN_POINT('',(-1.66794463719411,-1.74199614855058,0.));
#6658=CARTESIAN_POINT('',(-1.66794463719411,7.64188715467203,0.));
#6659=CARTESIAN_POINT('',(7.85193697477085,-1.74199614855058,0.));
#6660=CARTESIAN_POINT('',(7.85193697477085,7.64188715467203,0.));
#6661=CARTESIAN_POINT('',(3.565,4.565,-0.18));
#6662=CARTESIAN_POINT('',(3.385,4.565,-0.18));
#6663=CARTESIAN_POINT('',(3.385,4.565,4.44893300389316E-17));
#6664=CARTESIAN_POINT('',(3.385,4.565,0.18));
#6665=CARTESIAN_POINT('',(3.565,4.565,0.18));
#6666=CARTESIAN_POINT('',(3.565,4.565,-0.18));
#6667=CARTESIAN_POINT('',(3.385,4.385,-0.18));
#6668=CARTESIAN_POINT('',(3.385,4.385,4.44893300389316E-17));
#6669=CARTESIAN_POINT('',(3.385,4.385,0.18));
#6670=CARTESIAN_POINT('',(3.565,4.565,0.18));
#6671=CARTESIAN_POINT('',(3.565,4.565,-0.18));
#6672=CARTESIAN_POINT('',(3.565,4.385,-0.18));
#6673=CARTESIAN_POINT('',(3.565,4.385,4.44893300389316E-17));
#6674=CARTESIAN_POINT('',(3.565,4.385,0.18));
#6675=CARTESIAN_POINT('',(3.565,4.565,0.18));
#6676=CARTESIAN_POINT('',(3.565,4.565,-0.18));
#6677=CARTESIAN_POINT('',(3.745,4.385,-0.18));
#6678=CARTESIAN_POINT('',(3.745,4.385,4.44893300389316E-17));
#6679=CARTESIAN_POINT('',(3.745,4.385,0.18));
#6680=CARTESIAN_POINT('',(3.565,4.565,0.18));
#6681=CARTESIAN_POINT('',(3.565,4.565,-0.18));
#6682=CARTESIAN_POINT('',(3.745,4.565,-0.18));
#6683=CARTESIAN_POINT('',(3.745,4.565,4.44893300389316E-17));
#6684=CARTESIAN_POINT('',(3.745,4.565,0.18));
#6685=CARTESIAN_POINT('',(3.565,4.565,0.18));
#6686=CARTESIAN_POINT('',(3.565,4.565,-0.18));
#6687=CARTESIAN_POINT('',(3.745,4.565,-3.77073783102926E-17));
#6688=CARTESIAN_POINT('',(3.385,4.565,5.55111512312578E-17));
#6689=CARTESIAN_POINT('',(3.565,4.565,-0.18));
#6690=CARTESIAN_POINT('',(3.385,4.565,-0.18));
#6691=CARTESIAN_POINT('',(3.385,4.565,-7.54147566205853E-17));
#6692=CARTESIAN_POINT('',(0.565486677646163,-0.282743338823081));
#6693=CARTESIAN_POINT('',(0.565486677646163,-1.66533453693773E-16));
#6694=CARTESIAN_POINT('',(3.385,4.565,5.55111512312578E-17));
#6695=CARTESIAN_POINT('',(3.385,4.745,0.));
#6696=CARTESIAN_POINT('',(3.565,4.745,5.55111512312578E-17));
#6697=CARTESIAN_POINT('',(3.745,4.745,0.));
#6698=CARTESIAN_POINT('',(3.745,4.565,5.55111512312578E-17));
#6699=CARTESIAN_POINT('',(0.565486677646163,-1.66533453693773E-16));
#6700=CARTESIAN_POINT('',(0.,-1.66533453693773E-16));
#6701=CARTESIAN_POINT('',(3.745,4.565,-7.54147566205853E-17));
#6702=CARTESIAN_POINT('',(3.745,4.565,-0.18));
#6703=CARTESIAN_POINT('',(3.565,4.565,-0.18));
#6704=CARTESIAN_POINT('',(0.,-1.66533453693773E-16));
#6705=CARTESIAN_POINT('',(0.,-0.282743338823081));
#6706=CARTESIAN_POINT('',(5.05294463719411,6.30699614855058));
#6707=CARTESIAN_POINT('',(5.05294463719411,6.48699614855058));
#6708=CARTESIAN_POINT('',(5.23294463719411,6.48699614855058));
#6709=CARTESIAN_POINT('',(5.41294463719411,6.48699614855058));
#6710=CARTESIAN_POINT('',(5.41294463719411,6.30699614855058));
#6711=CARTESIAN_POINT('',(3.385,4.565,5.55111512312578E-17));
#6712=CARTESIAN_POINT('',(3.385,4.385,0.));
#6713=CARTESIAN_POINT('',(3.565,4.385,5.55111512312578E-17));
#6714=CARTESIAN_POINT('',(3.745,4.385,0.));
#6715=CARTESIAN_POINT('',(3.745,4.565,5.55111512312578E-17));
#6716=CARTESIAN_POINT('',(5.05294463719411,6.30699614855058));
#6717=CARTESIAN_POINT('',(5.05294463719411,6.12699614855058));
#6718=CARTESIAN_POINT('',(5.23294463719411,6.12699614855058));
#6719=CARTESIAN_POINT('',(5.41294463719411,6.12699614855058));
#6720=CARTESIAN_POINT('',(5.41294463719411,6.30699614855058));
#6721=CARTESIAN_POINT('',(1.13097335529233,-1.66533453693773E-16));
#6722=CARTESIAN_POINT('',(1.13097335529233,-0.282743338823081));
#6723=CARTESIAN_POINT('',(0.565486677646163,-1.66533453693773E-16));
#6724=CARTESIAN_POINT('',(1.13097335529233,-1.66533453693773E-16));
#6725=CARTESIAN_POINT('',(0.565486677646163,-0.282743338823081));
#6726=CARTESIAN_POINT('',(0.565486677646163,-1.66533453693773E-16));
#6727=CARTESIAN_POINT('',(4.565,4.565,-0.18));
#6728=CARTESIAN_POINT('',(4.745,4.565,-0.18));
#6729=CARTESIAN_POINT('',(4.745,4.565,4.44893300389316E-17));
#6730=CARTESIAN_POINT('',(4.745,4.565,0.18));
#6731=CARTESIAN_POINT('',(4.565,4.565,0.18));
#6732=CARTESIAN_POINT('',(4.565,4.565,-0.18));
#6733=CARTESIAN_POINT('',(4.745,4.745,-0.18));
#6734=CARTESIAN_POINT('',(4.745,4.745,4.44893300389316E-17));
#6735=CARTESIAN_POINT('',(4.745,4.745,0.18));
#6736=CARTESIAN_POINT('',(4.565,4.565,0.18));
#6737=CARTESIAN_POINT('',(4.565,4.565,-0.18));
#6738=CARTESIAN_POINT('',(4.565,4.745,-0.18));
#6739=CARTESIAN_POINT('',(4.565,4.745,4.44893300389316E-17));
#6740=CARTESIAN_POINT('',(4.565,4.745,0.18));
#6741=CARTESIAN_POINT('',(4.565,4.565,0.18));
#6742=CARTESIAN_POINT('',(4.565,4.565,-0.18));
#6743=CARTESIAN_POINT('',(4.385,4.745,-0.18));
#6744=CARTESIAN_POINT('',(4.385,4.745,4.44893300389316E-17));
#6745=CARTESIAN_POINT('',(4.385,4.745,0.18));
#6746=CARTESIAN_POINT('',(4.565,4.565,0.18));
#6747=CARTESIAN_POINT('',(4.565,4.565,-0.18));
#6748=CARTESIAN_POINT('',(4.385,4.565,-0.18));
#6749=CARTESIAN_POINT('',(4.385,4.565,4.44893300389316E-17));
#6750=CARTESIAN_POINT('',(4.385,4.565,0.18));
#6751=CARTESIAN_POINT('',(4.565,4.565,0.18));
#6752=CARTESIAN_POINT('',(-1.66794463719411,-1.74199614855058,0.));
#6753=CARTESIAN_POINT('',(-1.66794463719411,7.64188715467203,0.));
#6754=CARTESIAN_POINT('',(7.85193697477085,-1.74199614855058,0.));
#6755=CARTESIAN_POINT('',(7.85193697477085,7.64188715467203,0.));
#6756=CARTESIAN_POINT('',(4.565,4.565,-0.18));
#6757=CARTESIAN_POINT('',(4.385,4.565,-0.18));
#6758=CARTESIAN_POINT('',(4.385,4.565,4.44893300389316E-17));
#6759=CARTESIAN_POINT('',(4.385,4.565,0.18));
#6760=CARTESIAN_POINT('',(4.565,4.565,0.18));
#6761=CARTESIAN_POINT('',(4.565,4.565,-0.18));
#6762=CARTESIAN_POINT('',(4.385,4.385,-0.18));
#6763=CARTESIAN_POINT('',(4.385,4.385,4.44893300389316E-17));
#6764=CARTESIAN_POINT('',(4.385,4.385,0.18));
#6765=CARTESIAN_POINT('',(4.565,4.565,0.18));
#6766=CARTESIAN_POINT('',(4.565,4.565,-0.18));
#6767=CARTESIAN_POINT('',(4.565,4.385,-0.18));
#6768=CARTESIAN_POINT('',(4.565,4.385,4.44893300389316E-17));
#6769=CARTESIAN_POINT('',(4.565,4.385,0.18));
#6770=CARTESIAN_POINT('',(4.565,4.565,0.18));
#6771=CARTESIAN_POINT('',(4.565,4.565,-0.18));
#6772=CARTESIAN_POINT('',(4.745,4.385,-0.18));
#6773=CARTESIAN_POINT('',(4.745,4.385,4.44893300389316E-17));
#6774=CARTESIAN_POINT('',(4.745,4.385,0.18));
#6775=CARTESIAN_POINT('',(4.565,4.565,0.18));
#6776=CARTESIAN_POINT('',(4.565,4.565,-0.18));
#6777=CARTESIAN_POINT('',(4.745,4.565,-0.18));
#6778=CARTESIAN_POINT('',(4.745,4.565,4.44893300389316E-17));
#6779=CARTESIAN_POINT('',(4.745,4.565,0.18));
#6780=CARTESIAN_POINT('',(4.565,4.565,0.18));
#6781=CARTESIAN_POINT('',(4.565,4.565,-0.18));
#6782=CARTESIAN_POINT('',(4.745,4.565,-3.77073783102926E-17));
#6783=CARTESIAN_POINT('',(4.385,4.565,5.55111512312578E-17));
#6784=CARTESIAN_POINT('',(4.565,4.565,-0.18));
#6785=CARTESIAN_POINT('',(4.385,4.565,-0.18));
#6786=CARTESIAN_POINT('',(4.385,4.565,-7.54147566205853E-17));
#6787=CARTESIAN_POINT('',(0.565486677646163,-0.282743338823081));
#6788=CARTESIAN_POINT('',(0.565486677646163,-1.66533453693773E-16));
#6789=CARTESIAN_POINT('',(4.385,4.565,5.55111512312578E-17));
#6790=CARTESIAN_POINT('',(4.385,4.745,0.));
#6791=CARTESIAN_POINT('',(4.565,4.745,5.55111512312578E-17));
#6792=CARTESIAN_POINT('',(4.745,4.745,0.));
#6793=CARTESIAN_POINT('',(4.745,4.565,5.55111512312578E-17));
#6794=CARTESIAN_POINT('',(0.565486677646163,-1.66533453693773E-16));
#6795=CARTESIAN_POINT('',(0.,-1.66533453693773E-16));
#6796=CARTESIAN_POINT('',(4.745,4.565,-7.54147566205853E-17));
#6797=CARTESIAN_POINT('',(4.745,4.565,-0.18));
#6798=CARTESIAN_POINT('',(4.565,4.565,-0.18));
#6799=CARTESIAN_POINT('',(0.,-1.66533453693773E-16));
#6800=CARTESIAN_POINT('',(0.,-0.282743338823081));
#6801=CARTESIAN_POINT('',(6.05294463719411,6.30699614855058));
#6802=CARTESIAN_POINT('',(6.05294463719411,6.48699614855058));
#6803=CARTESIAN_POINT('',(6.23294463719411,6.48699614855058));
#6804=CARTESIAN_POINT('',(6.41294463719411,6.48699614855058));
#6805=CARTESIAN_POINT('',(6.41294463719411,6.30699614855058));
#6806=CARTESIAN_POINT('',(4.385,4.565,5.55111512312578E-17));
#6807=CARTESIAN_POINT('',(4.385,4.385,0.));
#6808=CARTESIAN_POINT('',(4.565,4.385,5.55111512312578E-17));
#6809=CARTESIAN_POINT('',(4.745,4.385,0.));
#6810=CARTESIAN_POINT('',(4.745,4.565,5.55111512312578E-17));
#6811=CARTESIAN_POINT('',(6.05294463719411,6.30699614855058));
#6812=CARTESIAN_POINT('',(6.05294463719411,6.12699614855058));
#6813=CARTESIAN_POINT('',(6.23294463719411,6.12699614855058));
#6814=CARTESIAN_POINT('',(6.41294463719411,6.12699614855058));
#6815=CARTESIAN_POINT('',(6.41294463719411,6.30699614855058));
#6816=CARTESIAN_POINT('',(1.13097335529233,-1.66533453693773E-16));
#6817=CARTESIAN_POINT('',(1.13097335529233,-0.282743338823081));
#6818=CARTESIAN_POINT('',(0.565486677646163,-1.66533453693773E-16));
#6819=CARTESIAN_POINT('',(1.13097335529233,-1.66533453693773E-16));
#6820=CARTESIAN_POINT('',(0.565486677646163,-0.282743338823081));
#6821=CARTESIAN_POINT('',(0.565486677646163,-1.66533453693773E-16));
#6822=CARTESIAN_POINT('',(5.565,4.565,-0.18));
#6823=CARTESIAN_POINT('',(5.745,4.565,-0.18));
#6824=CARTESIAN_POINT('',(5.745,4.565,4.44893300389316E-17));
#6825=CARTESIAN_POINT('',(5.745,4.565,0.18));
#6826=CARTESIAN_POINT('',(5.565,4.565,0.18));
#6827=CARTESIAN_POINT('',(5.565,4.565,-0.18));
#6828=CARTESIAN_POINT('',(5.745,4.745,-0.18));
#6829=CARTESIAN_POINT('',(5.745,4.745,4.44893300389316E-17));
#6830=CARTESIAN_POINT('',(5.745,4.745,0.18));
#6831=CARTESIAN_POINT('',(5.565,4.565,0.18));
#6832=CARTESIAN_POINT('',(5.565,4.565,-0.18));
#6833=CARTESIAN_POINT('',(5.565,4.745,-0.18));
#6834=CARTESIAN_POINT('',(5.565,4.745,4.44893300389316E-17));
#6835=CARTESIAN_POINT('',(5.565,4.745,0.18));
#6836=CARTESIAN_POINT('',(5.565,4.565,0.18));
#6837=CARTESIAN_POINT('',(5.565,4.565,-0.18));
#6838=CARTESIAN_POINT('',(5.385,4.745,-0.18));
#6839=CARTESIAN_POINT('',(5.385,4.745,4.44893300389316E-17));
#6840=CARTESIAN_POINT('',(5.385,4.745,0.18));
#6841=CARTESIAN_POINT('',(5.565,4.565,0.18));
#6842=CARTESIAN_POINT('',(5.565,4.565,-0.18));
#6843=CARTESIAN_POINT('',(5.385,4.565,-0.18));
#6844=CARTESIAN_POINT('',(5.385,4.565,4.44893300389316E-17));
#6845=CARTESIAN_POINT('',(5.385,4.565,0.18));
#6846=CARTESIAN_POINT('',(5.565,4.565,0.18));
#6847=CARTESIAN_POINT('',(-1.66794463719411,-1.74199614855058,0.));
#6848=CARTESIAN_POINT('',(-1.66794463719411,7.64188715467203,0.));
#6849=CARTESIAN_POINT('',(7.85193697477085,-1.74199614855058,0.));
#6850=CARTESIAN_POINT('',(7.85193697477085,7.64188715467203,0.));
#6851=CARTESIAN_POINT('',(5.565,4.565,-0.18));
#6852=CARTESIAN_POINT('',(5.385,4.565,-0.18));
#6853=CARTESIAN_POINT('',(5.385,4.565,4.44893300389316E-17));
#6854=CARTESIAN_POINT('',(5.385,4.565,0.18));
#6855=CARTESIAN_POINT('',(5.565,4.565,0.18));
#6856=CARTESIAN_POINT('',(5.565,4.565,-0.18));
#6857=CARTESIAN_POINT('',(5.385,4.385,-0.18));
#6858=CARTESIAN_POINT('',(5.385,4.385,4.44893300389316E-17));
#6859=CARTESIAN_POINT('',(5.385,4.385,0.18));
#6860=CARTESIAN_POINT('',(5.565,4.565,0.18));
#6861=CARTESIAN_POINT('',(5.565,4.565,-0.18));
#6862=CARTESIAN_POINT('',(5.565,4.385,-0.18));
#6863=CARTESIAN_POINT('',(5.565,4.385,4.44893300389316E-17));
#6864=CARTESIAN_POINT('',(5.565,4.385,0.18));
#6865=CARTESIAN_POINT('',(5.565,4.565,0.18));
#6866=CARTESIAN_POINT('',(5.565,4.565,-0.18));
#6867=CARTESIAN_POINT('',(5.745,4.385,-0.18));
#6868=CARTESIAN_POINT('',(5.745,4.385,4.44893300389316E-17));
#6869=CARTESIAN_POINT('',(5.745,4.385,0.18));
#6870=CARTESIAN_POINT('',(5.565,4.565,0.18));
#6871=CARTESIAN_POINT('',(5.565,4.565,-0.18));
#6872=CARTESIAN_POINT('',(5.745,4.565,-0.18));
#6873=CARTESIAN_POINT('',(5.745,4.565,4.44893300389316E-17));
#6874=CARTESIAN_POINT('',(5.745,4.565,0.18));
#6875=CARTESIAN_POINT('',(5.565,4.565,0.18));
#6876=CARTESIAN_POINT('',(5.565,4.565,-0.18));
#6877=CARTESIAN_POINT('',(5.745,4.565,-3.77073783102926E-17));
#6878=CARTESIAN_POINT('',(5.385,4.565,5.55111512312578E-17));
#6879=CARTESIAN_POINT('',(5.565,4.565,-0.18));
#6880=CARTESIAN_POINT('',(5.385,4.565,-0.18));
#6881=CARTESIAN_POINT('',(5.385,4.565,-7.54147566205853E-17));
#6882=CARTESIAN_POINT('',(0.565486677646163,-0.282743338823081));
#6883=CARTESIAN_POINT('',(0.565486677646163,-1.66533453693773E-16));
#6884=CARTESIAN_POINT('',(5.385,4.565,5.55111512312578E-17));
#6885=CARTESIAN_POINT('',(5.385,4.745,0.));
#6886=CARTESIAN_POINT('',(5.565,4.745,5.55111512312578E-17));
#6887=CARTESIAN_POINT('',(5.745,4.745,0.));
#6888=CARTESIAN_POINT('',(5.745,4.565,5.55111512312578E-17));
#6889=CARTESIAN_POINT('',(0.565486677646163,-1.66533453693773E-16));
#6890=CARTESIAN_POINT('',(0.,-1.66533453693773E-16));
#6891=CARTESIAN_POINT('',(5.745,4.565,-7.54147566205853E-17));
#6892=CARTESIAN_POINT('',(5.745,4.565,-0.18));
#6893=CARTESIAN_POINT('',(5.565,4.565,-0.18));
#6894=CARTESIAN_POINT('',(0.,-1.66533453693773E-16));
#6895=CARTESIAN_POINT('',(0.,-0.282743338823081));
#6896=CARTESIAN_POINT('',(7.05294463719411,6.30699614855058));
#6897=CARTESIAN_POINT('',(7.05294463719411,6.48699614855058));
#6898=CARTESIAN_POINT('',(7.23294463719411,6.48699614855058));
#6899=CARTESIAN_POINT('',(7.41294463719411,6.48699614855058));
#6900=CARTESIAN_POINT('',(7.41294463719411,6.30699614855058));
#6901=CARTESIAN_POINT('',(5.385,4.565,5.55111512312578E-17));
#6902=CARTESIAN_POINT('',(5.385,4.385,0.));
#6903=CARTESIAN_POINT('',(5.565,4.385,5.55111512312578E-17));
#6904=CARTESIAN_POINT('',(5.745,4.385,0.));
#6905=CARTESIAN_POINT('',(5.745,4.565,5.55111512312578E-17));
#6906=CARTESIAN_POINT('',(7.05294463719411,6.30699614855058));
#6907=CARTESIAN_POINT('',(7.05294463719411,6.12699614855058));
#6908=CARTESIAN_POINT('',(7.23294463719411,6.12699614855058));
#6909=CARTESIAN_POINT('',(7.41294463719411,6.12699614855058));
#6910=CARTESIAN_POINT('',(7.41294463719411,6.30699614855058));
#6911=CARTESIAN_POINT('',(1.13097335529233,-1.66533453693773E-16));
#6912=CARTESIAN_POINT('',(1.13097335529233,-0.282743338823081));
#6913=CARTESIAN_POINT('',(0.565486677646163,-1.66533453693773E-16));
#6914=CARTESIAN_POINT('',(1.13097335529233,-1.66533453693773E-16));
#6915=CARTESIAN_POINT('',(0.565486677646163,-0.282743338823081));
#6916=CARTESIAN_POINT('',(0.565486677646163,-1.66533453693773E-16));
#6917=CARTESIAN_POINT('',(0.565,5.565,-0.18));
#6918=CARTESIAN_POINT('',(0.745,5.565,-0.18));
#6919=CARTESIAN_POINT('',(0.745,5.565,4.44893300389316E-17));
#6920=CARTESIAN_POINT('',(0.745,5.565,0.18));
#6921=CARTESIAN_POINT('',(0.565,5.565,0.18));
#6922=CARTESIAN_POINT('',(0.565,5.565,-0.18));
#6923=CARTESIAN_POINT('',(0.745,5.745,-0.18));
#6924=CARTESIAN_POINT('',(0.745,5.745,4.44893300389316E-17));
#6925=CARTESIAN_POINT('',(0.745,5.745,0.18));
#6926=CARTESIAN_POINT('',(0.565,5.565,0.18));
#6927=CARTESIAN_POINT('',(0.565,5.565,-0.18));
#6928=CARTESIAN_POINT('',(0.565,5.745,-0.18));
#6929=CARTESIAN_POINT('',(0.565,5.745,4.44893300389316E-17));
#6930=CARTESIAN_POINT('',(0.565,5.745,0.18));
#6931=CARTESIAN_POINT('',(0.565,5.565,0.18));
#6932=CARTESIAN_POINT('',(0.565,5.565,-0.18));
#6933=CARTESIAN_POINT('',(0.385,5.745,-0.18));
#6934=CARTESIAN_POINT('',(0.385,5.745,4.44893300389316E-17));
#6935=CARTESIAN_POINT('',(0.385,5.745,0.18));
#6936=CARTESIAN_POINT('',(0.565,5.565,0.18));
#6937=CARTESIAN_POINT('',(0.565,5.565,-0.18));
#6938=CARTESIAN_POINT('',(0.385,5.565,-0.18));
#6939=CARTESIAN_POINT('',(0.385,5.565,4.44893300389316E-17));
#6940=CARTESIAN_POINT('',(0.385,5.565,0.18));
#6941=CARTESIAN_POINT('',(0.565,5.565,0.18));
#6942=CARTESIAN_POINT('',(-1.66794463719411,-1.74199614855058,0.));
#6943=CARTESIAN_POINT('',(-1.66794463719411,7.64188715467203,0.));
#6944=CARTESIAN_POINT('',(7.85193697477085,-1.74199614855058,0.));
#6945=CARTESIAN_POINT('',(7.85193697477085,7.64188715467203,0.));
#6946=CARTESIAN_POINT('',(0.565,5.565,-0.18));
#6947=CARTESIAN_POINT('',(0.385,5.565,-0.18));
#6948=CARTESIAN_POINT('',(0.385,5.565,4.44893300389316E-17));
#6949=CARTESIAN_POINT('',(0.385,5.565,0.18));
#6950=CARTESIAN_POINT('',(0.565,5.565,0.18));
#6951=CARTESIAN_POINT('',(0.565,5.565,-0.18));
#6952=CARTESIAN_POINT('',(0.385,5.385,-0.18));
#6953=CARTESIAN_POINT('',(0.385,5.385,4.44893300389316E-17));
#6954=CARTESIAN_POINT('',(0.385,5.385,0.18));
#6955=CARTESIAN_POINT('',(0.565,5.565,0.18));
#6956=CARTESIAN_POINT('',(0.565,5.565,-0.18));
#6957=CARTESIAN_POINT('',(0.565,5.385,-0.18));
#6958=CARTESIAN_POINT('',(0.565,5.385,4.44893300389316E-17));
#6959=CARTESIAN_POINT('',(0.565,5.385,0.18));
#6960=CARTESIAN_POINT('',(0.565,5.565,0.18));
#6961=CARTESIAN_POINT('',(0.565,5.565,-0.18));
#6962=CARTESIAN_POINT('',(0.745,5.385,-0.18));
#6963=CARTESIAN_POINT('',(0.745,5.385,4.44893300389316E-17));
#6964=CARTESIAN_POINT('',(0.745,5.385,0.18));
#6965=CARTESIAN_POINT('',(0.565,5.565,0.18));
#6966=CARTESIAN_POINT('',(0.565,5.565,-0.18));
#6967=CARTESIAN_POINT('',(0.745,5.565,-0.18));
#6968=CARTESIAN_POINT('',(0.745,5.565,4.44893300389316E-17));
#6969=CARTESIAN_POINT('',(0.745,5.565,0.18));
#6970=CARTESIAN_POINT('',(0.565,5.565,0.18));
#6971=CARTESIAN_POINT('',(0.565,5.565,-0.18));
#6972=CARTESIAN_POINT('',(0.745,5.565,-3.77073783102926E-17));
#6973=CARTESIAN_POINT('',(0.385,5.565,5.55111512312578E-17));
#6974=CARTESIAN_POINT('',(0.565,5.565,-0.18));
#6975=CARTESIAN_POINT('',(0.385,5.565,-0.18));
#6976=CARTESIAN_POINT('',(0.385,5.565,-7.54147566205853E-17));
#6977=CARTESIAN_POINT('',(0.565486677646163,-0.282743338823081));
#6978=CARTESIAN_POINT('',(0.565486677646163,-1.66533453693773E-16));
#6979=CARTESIAN_POINT('',(0.385,5.565,5.55111512312578E-17));
#6980=CARTESIAN_POINT('',(0.385,5.745,0.));
#6981=CARTESIAN_POINT('',(0.565,5.745,5.55111512312578E-17));
#6982=CARTESIAN_POINT('',(0.745,5.745,0.));
#6983=CARTESIAN_POINT('',(0.745,5.565,5.55111512312578E-17));
#6984=CARTESIAN_POINT('',(0.565486677646163,-1.66533453693773E-16));
#6985=CARTESIAN_POINT('',(0.,-1.66533453693773E-16));
#6986=CARTESIAN_POINT('',(0.745,5.565,-7.54147566205853E-17));
#6987=CARTESIAN_POINT('',(0.745,5.565,-0.18));
#6988=CARTESIAN_POINT('',(0.565,5.565,-0.18));
#6989=CARTESIAN_POINT('',(0.,-1.66533453693773E-16));
#6990=CARTESIAN_POINT('',(0.,-0.282743338823081));
#6991=CARTESIAN_POINT('',(2.05294463719411,7.30699614855058));
#6992=CARTESIAN_POINT('',(2.05294463719411,7.48699614855058));
#6993=CARTESIAN_POINT('',(2.23294463719411,7.48699614855058));
#6994=CARTESIAN_POINT('',(2.41294463719411,7.48699614855058));
#6995=CARTESIAN_POINT('',(2.41294463719412,7.30699614855058));
#6996=CARTESIAN_POINT('',(0.385,5.565,5.55111512312578E-17));
#6997=CARTESIAN_POINT('',(0.385,5.385,0.));
#6998=CARTESIAN_POINT('',(0.565,5.385,5.55111512312578E-17));
#6999=CARTESIAN_POINT('',(0.745,5.385,0.));
#7000=CARTESIAN_POINT('',(0.745,5.565,5.55111512312578E-17));
#7001=CARTESIAN_POINT('',(2.05294463719411,7.30699614855058));
#7002=CARTESIAN_POINT('',(2.05294463719411,7.12699614855058));
#7003=CARTESIAN_POINT('',(2.23294463719411,7.12699614855058));
#7004=CARTESIAN_POINT('',(2.41294463719411,7.12699614855058));
#7005=CARTESIAN_POINT('',(2.41294463719412,7.30699614855058));
#7006=CARTESIAN_POINT('',(1.13097335529233,-1.66533453693773E-16));
#7007=CARTESIAN_POINT('',(1.13097335529233,-0.282743338823081));
#7008=CARTESIAN_POINT('',(0.565486677646163,-1.66533453693773E-16));
#7009=CARTESIAN_POINT('',(1.13097335529233,-1.66533453693773E-16));
#7010=CARTESIAN_POINT('',(0.565486677646163,-0.282743338823081));
#7011=CARTESIAN_POINT('',(0.565486677646163,-1.66533453693773E-16));
#7012=CARTESIAN_POINT('',(1.565,5.565,-0.18));
#7013=CARTESIAN_POINT('',(1.745,5.565,-0.18));
#7014=CARTESIAN_POINT('',(1.745,5.565,4.44893300389316E-17));
#7015=CARTESIAN_POINT('',(1.745,5.565,0.18));
#7016=CARTESIAN_POINT('',(1.565,5.565,0.18));
#7017=CARTESIAN_POINT('',(1.565,5.565,-0.18));
#7018=CARTESIAN_POINT('',(1.745,5.745,-0.18));
#7019=CARTESIAN_POINT('',(1.745,5.745,4.44893300389316E-17));
#7020=CARTESIAN_POINT('',(1.745,5.745,0.18));
#7021=CARTESIAN_POINT('',(1.565,5.565,0.18));
#7022=CARTESIAN_POINT('',(1.565,5.565,-0.18));
#7023=CARTESIAN_POINT('',(1.565,5.745,-0.18));
#7024=CARTESIAN_POINT('',(1.565,5.745,4.44893300389316E-17));
#7025=CARTESIAN_POINT('',(1.565,5.745,0.18));
#7026=CARTESIAN_POINT('',(1.565,5.565,0.18));
#7027=CARTESIAN_POINT('',(1.565,5.565,-0.18));
#7028=CARTESIAN_POINT('',(1.385,5.745,-0.18));
#7029=CARTESIAN_POINT('',(1.385,5.745,4.44893300389316E-17));
#7030=CARTESIAN_POINT('',(1.385,5.745,0.18));
#7031=CARTESIAN_POINT('',(1.565,5.565,0.18));
#7032=CARTESIAN_POINT('',(1.565,5.565,-0.18));
#7033=CARTESIAN_POINT('',(1.385,5.565,-0.18));
#7034=CARTESIAN_POINT('',(1.385,5.565,4.44893300389316E-17));
#7035=CARTESIAN_POINT('',(1.385,5.565,0.18));
#7036=CARTESIAN_POINT('',(1.565,5.565,0.18));
#7037=CARTESIAN_POINT('',(-1.66794463719411,-1.74199614855058,0.));
#7038=CARTESIAN_POINT('',(-1.66794463719411,7.64188715467203,0.));
#7039=CARTESIAN_POINT('',(7.85193697477085,-1.74199614855058,0.));
#7040=CARTESIAN_POINT('',(7.85193697477085,7.64188715467203,0.));
#7041=CARTESIAN_POINT('',(1.565,5.565,-0.18));
#7042=CARTESIAN_POINT('',(1.385,5.565,-0.18));
#7043=CARTESIAN_POINT('',(1.385,5.565,4.44893300389316E-17));
#7044=CARTESIAN_POINT('',(1.385,5.565,0.18));
#7045=CARTESIAN_POINT('',(1.565,5.565,0.18));
#7046=CARTESIAN_POINT('',(1.565,5.565,-0.18));
#7047=CARTESIAN_POINT('',(1.385,5.385,-0.18));
#7048=CARTESIAN_POINT('',(1.385,5.385,4.44893300389316E-17));
#7049=CARTESIAN_POINT('',(1.385,5.385,0.18));
#7050=CARTESIAN_POINT('',(1.565,5.565,0.18));
#7051=CARTESIAN_POINT('',(1.565,5.565,-0.18));
#7052=CARTESIAN_POINT('',(1.565,5.385,-0.18));
#7053=CARTESIAN_POINT('',(1.565,5.385,4.44893300389316E-17));
#7054=CARTESIAN_POINT('',(1.565,5.385,0.18));
#7055=CARTESIAN_POINT('',(1.565,5.565,0.18));
#7056=CARTESIAN_POINT('',(1.565,5.565,-0.18));
#7057=CARTESIAN_POINT('',(1.745,5.385,-0.18));
#7058=CARTESIAN_POINT('',(1.745,5.385,4.44893300389316E-17));
#7059=CARTESIAN_POINT('',(1.745,5.385,0.18));
#7060=CARTESIAN_POINT('',(1.565,5.565,0.18));
#7061=CARTESIAN_POINT('',(1.565,5.565,-0.18));
#7062=CARTESIAN_POINT('',(1.745,5.565,-0.18));
#7063=CARTESIAN_POINT('',(1.745,5.565,4.44893300389316E-17));
#7064=CARTESIAN_POINT('',(1.745,5.565,0.18));
#7065=CARTESIAN_POINT('',(1.565,5.565,0.18));
#7066=CARTESIAN_POINT('',(1.565,5.565,-0.18));
#7067=CARTESIAN_POINT('',(1.745,5.565,-3.77073783102926E-17));
#7068=CARTESIAN_POINT('',(1.385,5.565,5.55111512312578E-17));
#7069=CARTESIAN_POINT('',(1.565,5.565,-0.18));
#7070=CARTESIAN_POINT('',(1.385,5.565,-0.18));
#7071=CARTESIAN_POINT('',(1.385,5.565,-7.54147566205853E-17));
#7072=CARTESIAN_POINT('',(0.565486677646163,-0.282743338823081));
#7073=CARTESIAN_POINT('',(0.565486677646163,-1.66533453693773E-16));
#7074=CARTESIAN_POINT('',(1.385,5.565,5.55111512312578E-17));
#7075=CARTESIAN_POINT('',(1.385,5.745,0.));
#7076=CARTESIAN_POINT('',(1.565,5.745,5.55111512312578E-17));
#7077=CARTESIAN_POINT('',(1.745,5.745,0.));
#7078=CARTESIAN_POINT('',(1.745,5.565,5.55111512312578E-17));
#7079=CARTESIAN_POINT('',(0.565486677646163,-1.66533453693773E-16));
#7080=CARTESIAN_POINT('',(0.,-1.66533453693773E-16));
#7081=CARTESIAN_POINT('',(1.745,5.565,-7.54147566205853E-17));
#7082=CARTESIAN_POINT('',(1.745,5.565,-0.18));
#7083=CARTESIAN_POINT('',(1.565,5.565,-0.18));
#7084=CARTESIAN_POINT('',(0.,-1.66533453693773E-16));
#7085=CARTESIAN_POINT('',(0.,-0.282743338823081));
#7086=CARTESIAN_POINT('',(3.05294463719411,7.30699614855058));
#7087=CARTESIAN_POINT('',(3.05294463719411,7.48699614855058));
#7088=CARTESIAN_POINT('',(3.23294463719411,7.48699614855058));
#7089=CARTESIAN_POINT('',(3.41294463719411,7.48699614855058));
#7090=CARTESIAN_POINT('',(3.41294463719411,7.30699614855058));
#7091=CARTESIAN_POINT('',(1.385,5.565,5.55111512312578E-17));
#7092=CARTESIAN_POINT('',(1.385,5.385,0.));
#7093=CARTESIAN_POINT('',(1.565,5.385,5.55111512312578E-17));
#7094=CARTESIAN_POINT('',(1.745,5.385,0.));
#7095=CARTESIAN_POINT('',(1.745,5.565,5.55111512312578E-17));
#7096=CARTESIAN_POINT('',(3.05294463719411,7.30699614855058));
#7097=CARTESIAN_POINT('',(3.05294463719411,7.12699614855058));
#7098=CARTESIAN_POINT('',(3.23294463719411,7.12699614855058));
#7099=CARTESIAN_POINT('',(3.41294463719411,7.12699614855058));
#7100=CARTESIAN_POINT('',(3.41294463719411,7.30699614855058));
#7101=CARTESIAN_POINT('',(1.13097335529233,-1.66533453693773E-16));
#7102=CARTESIAN_POINT('',(1.13097335529233,-0.282743338823081));
#7103=CARTESIAN_POINT('',(0.565486677646163,-1.66533453693773E-16));
#7104=CARTESIAN_POINT('',(1.13097335529233,-1.66533453693773E-16));
#7105=CARTESIAN_POINT('',(0.565486677646163,-0.282743338823081));
#7106=CARTESIAN_POINT('',(0.565486677646163,-1.66533453693773E-16));
#7107=CARTESIAN_POINT('',(2.565,5.565,-0.18));
#7108=CARTESIAN_POINT('',(2.745,5.565,-0.18));
#7109=CARTESIAN_POINT('',(2.745,5.565,4.44893300389316E-17));
#7110=CARTESIAN_POINT('',(2.745,5.565,0.18));
#7111=CARTESIAN_POINT('',(2.565,5.565,0.18));
#7112=CARTESIAN_POINT('',(2.565,5.565,-0.18));
#7113=CARTESIAN_POINT('',(2.745,5.745,-0.18));
#7114=CARTESIAN_POINT('',(2.745,5.745,4.44893300389316E-17));
#7115=CARTESIAN_POINT('',(2.745,5.745,0.18));
#7116=CARTESIAN_POINT('',(2.565,5.565,0.18));
#7117=CARTESIAN_POINT('',(2.565,5.565,-0.18));
#7118=CARTESIAN_POINT('',(2.565,5.745,-0.18));
#7119=CARTESIAN_POINT('',(2.565,5.745,4.44893300389316E-17));
#7120=CARTESIAN_POINT('',(2.565,5.745,0.18));
#7121=CARTESIAN_POINT('',(2.565,5.565,0.18));
#7122=CARTESIAN_POINT('',(2.565,5.565,-0.18));
#7123=CARTESIAN_POINT('',(2.385,5.745,-0.18));
#7124=CARTESIAN_POINT('',(2.385,5.745,4.44893300389316E-17));
#7125=CARTESIAN_POINT('',(2.385,5.745,0.18));
#7126=CARTESIAN_POINT('',(2.565,5.565,0.18));
#7127=CARTESIAN_POINT('',(2.565,5.565,-0.18));
#7128=CARTESIAN_POINT('',(2.385,5.565,-0.18));
#7129=CARTESIAN_POINT('',(2.385,5.565,4.44893300389316E-17));
#7130=CARTESIAN_POINT('',(2.385,5.565,0.18));
#7131=CARTESIAN_POINT('',(2.565,5.565,0.18));
#7132=CARTESIAN_POINT('',(-1.66794463719411,-1.74199614855058,0.));
#7133=CARTESIAN_POINT('',(-1.66794463719411,7.64188715467203,0.));
#7134=CARTESIAN_POINT('',(7.85193697477085,-1.74199614855058,0.));
#7135=CARTESIAN_POINT('',(7.85193697477085,7.64188715467203,0.));
#7136=CARTESIAN_POINT('',(2.565,5.565,-0.18));
#7137=CARTESIAN_POINT('',(2.385,5.565,-0.18));
#7138=CARTESIAN_POINT('',(2.385,5.565,4.44893300389316E-17));
#7139=CARTESIAN_POINT('',(2.385,5.565,0.18));
#7140=CARTESIAN_POINT('',(2.565,5.565,0.18));
#7141=CARTESIAN_POINT('',(2.565,5.565,-0.18));
#7142=CARTESIAN_POINT('',(2.385,5.385,-0.18));
#7143=CARTESIAN_POINT('',(2.385,5.385,4.44893300389316E-17));
#7144=CARTESIAN_POINT('',(2.385,5.385,0.18));
#7145=CARTESIAN_POINT('',(2.565,5.565,0.18));
#7146=CARTESIAN_POINT('',(2.565,5.565,-0.18));
#7147=CARTESIAN_POINT('',(2.565,5.385,-0.18));
#7148=CARTESIAN_POINT('',(2.565,5.385,4.44893300389316E-17));
#7149=CARTESIAN_POINT('',(2.565,5.385,0.18));
#7150=CARTESIAN_POINT('',(2.565,5.565,0.18));
#7151=CARTESIAN_POINT('',(2.565,5.565,-0.18));
#7152=CARTESIAN_POINT('',(2.745,5.385,-0.18));
#7153=CARTESIAN_POINT('',(2.745,5.385,4.44893300389316E-17));
#7154=CARTESIAN_POINT('',(2.745,5.385,0.18));
#7155=CARTESIAN_POINT('',(2.565,5.565,0.18));
#7156=CARTESIAN_POINT('',(2.565,5.565,-0.18));
#7157=CARTESIAN_POINT('',(2.745,5.565,-0.18));
#7158=CARTESIAN_POINT('',(2.745,5.565,4.44893300389316E-17));
#7159=CARTESIAN_POINT('',(2.745,5.565,0.18));
#7160=CARTESIAN_POINT('',(2.565,5.565,0.18));
#7161=CARTESIAN_POINT('',(2.565,5.565,-0.18));
#7162=CARTESIAN_POINT('',(2.745,5.565,-3.77073783102926E-17));
#7163=CARTESIAN_POINT('',(2.385,5.565,5.55111512312578E-17));
#7164=CARTESIAN_POINT('',(2.565,5.565,-0.18));
#7165=CARTESIAN_POINT('',(2.385,5.565,-0.18));
#7166=CARTESIAN_POINT('',(2.385,5.565,-7.54147566205853E-17));
#7167=CARTESIAN_POINT('',(0.565486677646163,-0.282743338823081));
#7168=CARTESIAN_POINT('',(0.565486677646163,-1.66533453693773E-16));
#7169=CARTESIAN_POINT('',(2.385,5.565,5.55111512312578E-17));
#7170=CARTESIAN_POINT('',(2.385,5.745,0.));
#7171=CARTESIAN_POINT('',(2.565,5.745,5.55111512312578E-17));
#7172=CARTESIAN_POINT('',(2.745,5.745,0.));
#7173=CARTESIAN_POINT('',(2.745,5.565,5.55111512312578E-17));
#7174=CARTESIAN_POINT('',(0.565486677646163,-1.66533453693773E-16));
#7175=CARTESIAN_POINT('',(0.,-1.66533453693773E-16));
#7176=CARTESIAN_POINT('',(2.745,5.565,-7.54147566205853E-17));
#7177=CARTESIAN_POINT('',(2.745,5.565,-0.18));
#7178=CARTESIAN_POINT('',(2.565,5.565,-0.18));
#7179=CARTESIAN_POINT('',(0.,-1.66533453693773E-16));
#7180=CARTESIAN_POINT('',(0.,-0.282743338823081));
#7181=CARTESIAN_POINT('',(4.05294463719411,7.30699614855058));
#7182=CARTESIAN_POINT('',(4.05294463719411,7.48699614855058));
#7183=CARTESIAN_POINT('',(4.23294463719411,7.48699614855058));
#7184=CARTESIAN_POINT('',(4.41294463719411,7.48699614855058));
#7185=CARTESIAN_POINT('',(4.41294463719411,7.30699614855058));
#7186=CARTESIAN_POINT('',(2.385,5.565,5.55111512312578E-17));
#7187=CARTESIAN_POINT('',(2.385,5.385,0.));
#7188=CARTESIAN_POINT('',(2.565,5.385,5.55111512312578E-17));
#7189=CARTESIAN_POINT('',(2.745,5.385,0.));
#7190=CARTESIAN_POINT('',(2.745,5.565,5.55111512312578E-17));
#7191=CARTESIAN_POINT('',(4.05294463719411,7.30699614855058));
#7192=CARTESIAN_POINT('',(4.05294463719411,7.12699614855058));
#7193=CARTESIAN_POINT('',(4.23294463719411,7.12699614855058));
#7194=CARTESIAN_POINT('',(4.41294463719411,7.12699614855058));
#7195=CARTESIAN_POINT('',(4.41294463719411,7.30699614855058));
#7196=CARTESIAN_POINT('',(1.13097335529233,-1.66533453693773E-16));
#7197=CARTESIAN_POINT('',(1.13097335529233,-0.282743338823081));
#7198=CARTESIAN_POINT('',(0.565486677646163,-1.66533453693773E-16));
#7199=CARTESIAN_POINT('',(1.13097335529233,-1.66533453693773E-16));
#7200=CARTESIAN_POINT('',(0.565486677646163,-0.282743338823081));
#7201=CARTESIAN_POINT('',(0.565486677646163,-1.66533453693773E-16));
#7202=CARTESIAN_POINT('',(3.565,5.565,-0.18));
#7203=CARTESIAN_POINT('',(3.745,5.565,-0.18));
#7204=CARTESIAN_POINT('',(3.745,5.565,4.44893300389316E-17));
#7205=CARTESIAN_POINT('',(3.745,5.565,0.18));
#7206=CARTESIAN_POINT('',(3.565,5.565,0.18));
#7207=CARTESIAN_POINT('',(3.565,5.565,-0.18));
#7208=CARTESIAN_POINT('',(3.745,5.745,-0.18));
#7209=CARTESIAN_POINT('',(3.745,5.745,4.44893300389316E-17));
#7210=CARTESIAN_POINT('',(3.745,5.745,0.18));
#7211=CARTESIAN_POINT('',(3.565,5.565,0.18));
#7212=CARTESIAN_POINT('',(3.565,5.565,-0.18));
#7213=CARTESIAN_POINT('',(3.565,5.745,-0.18));
#7214=CARTESIAN_POINT('',(3.565,5.745,4.44893300389316E-17));
#7215=CARTESIAN_POINT('',(3.565,5.745,0.18));
#7216=CARTESIAN_POINT('',(3.565,5.565,0.18));
#7217=CARTESIAN_POINT('',(3.565,5.565,-0.18));
#7218=CARTESIAN_POINT('',(3.385,5.745,-0.18));
#7219=CARTESIAN_POINT('',(3.385,5.745,4.44893300389316E-17));
#7220=CARTESIAN_POINT('',(3.385,5.745,0.18));
#7221=CARTESIAN_POINT('',(3.565,5.565,0.18));
#7222=CARTESIAN_POINT('',(3.565,5.565,-0.18));
#7223=CARTESIAN_POINT('',(3.385,5.565,-0.18));
#7224=CARTESIAN_POINT('',(3.385,5.565,4.44893300389316E-17));
#7225=CARTESIAN_POINT('',(3.385,5.565,0.18));
#7226=CARTESIAN_POINT('',(3.565,5.565,0.18));
#7227=CARTESIAN_POINT('',(-1.66794463719411,-1.74199614855058,0.));
#7228=CARTESIAN_POINT('',(-1.66794463719411,7.64188715467203,0.));
#7229=CARTESIAN_POINT('',(7.85193697477085,-1.74199614855058,0.));
#7230=CARTESIAN_POINT('',(7.85193697477085,7.64188715467203,0.));
#7231=CARTESIAN_POINT('',(3.565,5.565,-0.18));
#7232=CARTESIAN_POINT('',(3.385,5.565,-0.18));
#7233=CARTESIAN_POINT('',(3.385,5.565,4.44893300389316E-17));
#7234=CARTESIAN_POINT('',(3.385,5.565,0.18));
#7235=CARTESIAN_POINT('',(3.565,5.565,0.18));
#7236=CARTESIAN_POINT('',(3.565,5.565,-0.18));
#7237=CARTESIAN_POINT('',(3.385,5.385,-0.18));
#7238=CARTESIAN_POINT('',(3.385,5.385,4.44893300389316E-17));
#7239=CARTESIAN_POINT('',(3.385,5.385,0.18));
#7240=CARTESIAN_POINT('',(3.565,5.565,0.18));
#7241=CARTESIAN_POINT('',(3.565,5.565,-0.18));
#7242=CARTESIAN_POINT('',(3.565,5.385,-0.18));
#7243=CARTESIAN_POINT('',(3.565,5.385,4.44893300389316E-17));
#7244=CARTESIAN_POINT('',(3.565,5.385,0.18));
#7245=CARTESIAN_POINT('',(3.565,5.565,0.18));
#7246=CARTESIAN_POINT('',(3.565,5.565,-0.18));
#7247=CARTESIAN_POINT('',(3.745,5.385,-0.18));
#7248=CARTESIAN_POINT('',(3.745,5.385,4.44893300389316E-17));
#7249=CARTESIAN_POINT('',(3.745,5.385,0.18));
#7250=CARTESIAN_POINT('',(3.565,5.565,0.18));
#7251=CARTESIAN_POINT('',(3.565,5.565,-0.18));
#7252=CARTESIAN_POINT('',(3.745,5.565,-0.18));
#7253=CARTESIAN_POINT('',(3.745,5.565,4.44893300389316E-17));
#7254=CARTESIAN_POINT('',(3.745,5.565,0.18));
#7255=CARTESIAN_POINT('',(3.565,5.565,0.18));
#7256=CARTESIAN_POINT('',(3.565,5.565,-0.18));
#7257=CARTESIAN_POINT('',(3.745,5.565,-3.77073783102926E-17));
#7258=CARTESIAN_POINT('',(3.385,5.565,5.55111512312578E-17));
#7259=CARTESIAN_POINT('',(3.565,5.565,-0.18));
#7260=CARTESIAN_POINT('',(3.385,5.565,-0.18));
#7261=CARTESIAN_POINT('',(3.385,5.565,-7.54147566205853E-17));
#7262=CARTESIAN_POINT('',(0.565486677646163,-0.282743338823081));
#7263=CARTESIAN_POINT('',(0.565486677646163,-1.66533453693773E-16));
#7264=CARTESIAN_POINT('',(3.385,5.565,5.55111512312578E-17));
#7265=CARTESIAN_POINT('',(3.385,5.745,0.));
#7266=CARTESIAN_POINT('',(3.565,5.745,5.55111512312578E-17));
#7267=CARTESIAN_POINT('',(3.745,5.745,0.));
#7268=CARTESIAN_POINT('',(3.745,5.565,5.55111512312578E-17));
#7269=CARTESIAN_POINT('',(0.565486677646163,-1.66533453693773E-16));
#7270=CARTESIAN_POINT('',(0.,-1.66533453693773E-16));
#7271=CARTESIAN_POINT('',(3.745,5.565,-7.54147566205853E-17));
#7272=CARTESIAN_POINT('',(3.745,5.565,-0.18));
#7273=CARTESIAN_POINT('',(3.565,5.565,-0.18));
#7274=CARTESIAN_POINT('',(0.,-1.66533453693773E-16));
#7275=CARTESIAN_POINT('',(0.,-0.282743338823081));
#7276=CARTESIAN_POINT('',(5.05294463719411,7.30699614855058));
#7277=CARTESIAN_POINT('',(5.05294463719411,7.48699614855058));
#7278=CARTESIAN_POINT('',(5.23294463719411,7.48699614855058));
#7279=CARTESIAN_POINT('',(5.41294463719411,7.48699614855058));
#7280=CARTESIAN_POINT('',(5.41294463719411,7.30699614855058));
#7281=CARTESIAN_POINT('',(3.385,5.565,5.55111512312578E-17));
#7282=CARTESIAN_POINT('',(3.385,5.385,0.));
#7283=CARTESIAN_POINT('',(3.565,5.385,5.55111512312578E-17));
#7284=CARTESIAN_POINT('',(3.745,5.385,0.));
#7285=CARTESIAN_POINT('',(3.745,5.565,5.55111512312578E-17));
#7286=CARTESIAN_POINT('',(5.05294463719411,7.30699614855058));
#7287=CARTESIAN_POINT('',(5.05294463719411,7.12699614855058));
#7288=CARTESIAN_POINT('',(5.23294463719411,7.12699614855058));
#7289=CARTESIAN_POINT('',(5.41294463719411,7.12699614855058));
#7290=CARTESIAN_POINT('',(5.41294463719411,7.30699614855058));
#7291=CARTESIAN_POINT('',(1.13097335529233,-1.66533453693773E-16));
#7292=CARTESIAN_POINT('',(1.13097335529233,-0.282743338823081));
#7293=CARTESIAN_POINT('',(0.565486677646163,-1.66533453693773E-16));
#7294=CARTESIAN_POINT('',(1.13097335529233,-1.66533453693773E-16));
#7295=CARTESIAN_POINT('',(0.565486677646163,-0.282743338823081));
#7296=CARTESIAN_POINT('',(0.565486677646163,-1.66533453693773E-16));
#7297=CARTESIAN_POINT('',(4.565,5.565,-0.18));
#7298=CARTESIAN_POINT('',(4.745,5.565,-0.18));
#7299=CARTESIAN_POINT('',(4.745,5.565,4.44893300389316E-17));
#7300=CARTESIAN_POINT('',(4.745,5.565,0.18));
#7301=CARTESIAN_POINT('',(4.565,5.565,0.18));
#7302=CARTESIAN_POINT('',(4.565,5.565,-0.18));
#7303=CARTESIAN_POINT('',(4.745,5.745,-0.18));
#7304=CARTESIAN_POINT('',(4.745,5.745,4.44893300389316E-17));
#7305=CARTESIAN_POINT('',(4.745,5.745,0.18));
#7306=CARTESIAN_POINT('',(4.565,5.565,0.18));
#7307=CARTESIAN_POINT('',(4.565,5.565,-0.18));
#7308=CARTESIAN_POINT('',(4.565,5.745,-0.18));
#7309=CARTESIAN_POINT('',(4.565,5.745,4.44893300389316E-17));
#7310=CARTESIAN_POINT('',(4.565,5.745,0.18));
#7311=CARTESIAN_POINT('',(4.565,5.565,0.18));
#7312=CARTESIAN_POINT('',(4.565,5.565,-0.18));
#7313=CARTESIAN_POINT('',(4.385,5.745,-0.18));
#7314=CARTESIAN_POINT('',(4.385,5.745,4.44893300389316E-17));
#7315=CARTESIAN_POINT('',(4.385,5.745,0.18));
#7316=CARTESIAN_POINT('',(4.565,5.565,0.18));
#7317=CARTESIAN_POINT('',(4.565,5.565,-0.18));
#7318=CARTESIAN_POINT('',(4.385,5.565,-0.18));
#7319=CARTESIAN_POINT('',(4.385,5.565,4.44893300389316E-17));
#7320=CARTESIAN_POINT('',(4.385,5.565,0.18));
#7321=CARTESIAN_POINT('',(4.565,5.565,0.18));
#7322=CARTESIAN_POINT('',(-1.66794463719411,-1.74199614855058,0.));
#7323=CARTESIAN_POINT('',(-1.66794463719411,7.64188715467203,0.));
#7324=CARTESIAN_POINT('',(7.85193697477085,-1.74199614855058,0.));
#7325=CARTESIAN_POINT('',(7.85193697477085,7.64188715467203,0.));
#7326=CARTESIAN_POINT('',(4.565,5.565,-0.18));
#7327=CARTESIAN_POINT('',(4.385,5.565,-0.18));
#7328=CARTESIAN_POINT('',(4.385,5.565,4.44893300389316E-17));
#7329=CARTESIAN_POINT('',(4.385,5.565,0.18));
#7330=CARTESIAN_POINT('',(4.565,5.565,0.18));
#7331=CARTESIAN_POINT('',(4.565,5.565,-0.18));
#7332=CARTESIAN_POINT('',(4.385,5.385,-0.18));
#7333=CARTESIAN_POINT('',(4.385,5.385,4.44893300389316E-17));
#7334=CARTESIAN_POINT('',(4.385,5.385,0.18));
#7335=CARTESIAN_POINT('',(4.565,5.565,0.18));
#7336=CARTESIAN_POINT('',(4.565,5.565,-0.18));
#7337=CARTESIAN_POINT('',(4.565,5.385,-0.18));
#7338=CARTESIAN_POINT('',(4.565,5.385,4.44893300389316E-17));
#7339=CARTESIAN_POINT('',(4.565,5.385,0.18));
#7340=CARTESIAN_POINT('',(4.565,5.565,0.18));
#7341=CARTESIAN_POINT('',(4.565,5.565,-0.18));
#7342=CARTESIAN_POINT('',(4.745,5.385,-0.18));
#7343=CARTESIAN_POINT('',(4.745,5.385,4.44893300389316E-17));
#7344=CARTESIAN_POINT('',(4.745,5.385,0.18));
#7345=CARTESIAN_POINT('',(4.565,5.565,0.18));
#7346=CARTESIAN_POINT('',(4.565,5.565,-0.18));
#7347=CARTESIAN_POINT('',(4.745,5.565,-0.18));
#7348=CARTESIAN_POINT('',(4.745,5.565,4.44893300389316E-17));
#7349=CARTESIAN_POINT('',(4.745,5.565,0.18));
#7350=CARTESIAN_POINT('',(4.565,5.565,0.18));
#7351=CARTESIAN_POINT('',(4.565,5.565,-0.18));
#7352=CARTESIAN_POINT('',(4.745,5.565,-3.77073783102926E-17));
#7353=CARTESIAN_POINT('',(4.385,5.565,5.55111512312578E-17));
#7354=CARTESIAN_POINT('',(4.565,5.565,-0.18));
#7355=CARTESIAN_POINT('',(4.385,5.565,-0.18));
#7356=CARTESIAN_POINT('',(4.385,5.565,-7.54147566205853E-17));
#7357=CARTESIAN_POINT('',(0.565486677646163,-0.282743338823081));
#7358=CARTESIAN_POINT('',(0.565486677646163,-1.66533453693773E-16));
#7359=CARTESIAN_POINT('',(4.385,5.565,5.55111512312578E-17));
#7360=CARTESIAN_POINT('',(4.385,5.745,0.));
#7361=CARTESIAN_POINT('',(4.565,5.745,5.55111512312578E-17));
#7362=CARTESIAN_POINT('',(4.745,5.745,0.));
#7363=CARTESIAN_POINT('',(4.745,5.565,5.55111512312578E-17));
#7364=CARTESIAN_POINT('',(0.565486677646163,-1.66533453693773E-16));
#7365=CARTESIAN_POINT('',(0.,-1.66533453693773E-16));
#7366=CARTESIAN_POINT('',(4.745,5.565,-7.54147566205853E-17));
#7367=CARTESIAN_POINT('',(4.745,5.565,-0.18));
#7368=CARTESIAN_POINT('',(4.565,5.565,-0.18));
#7369=CARTESIAN_POINT('',(0.,-1.66533453693773E-16));
#7370=CARTESIAN_POINT('',(0.,-0.282743338823081));
#7371=CARTESIAN_POINT('',(6.05294463719411,7.30699614855058));
#7372=CARTESIAN_POINT('',(6.05294463719411,7.48699614855058));
#7373=CARTESIAN_POINT('',(6.23294463719411,7.48699614855058));
#7374=CARTESIAN_POINT('',(6.41294463719411,7.48699614855058));
#7375=CARTESIAN_POINT('',(6.41294463719411,7.30699614855058));
#7376=CARTESIAN_POINT('',(4.385,5.565,5.55111512312578E-17));
#7377=CARTESIAN_POINT('',(4.385,5.385,0.));
#7378=CARTESIAN_POINT('',(4.565,5.385,5.55111512312578E-17));
#7379=CARTESIAN_POINT('',(4.745,5.385,0.));
#7380=CARTESIAN_POINT('',(4.745,5.565,5.55111512312578E-17));
#7381=CARTESIAN_POINT('',(6.05294463719411,7.30699614855058));
#7382=CARTESIAN_POINT('',(6.05294463719411,7.12699614855058));
#7383=CARTESIAN_POINT('',(6.23294463719411,7.12699614855058));
#7384=CARTESIAN_POINT('',(6.41294463719411,7.12699614855058));
#7385=CARTESIAN_POINT('',(6.41294463719411,7.30699614855058));
#7386=CARTESIAN_POINT('',(1.13097335529233,-1.66533453693773E-16));
#7387=CARTESIAN_POINT('',(1.13097335529233,-0.282743338823081));
#7388=CARTESIAN_POINT('',(0.565486677646163,-1.66533453693773E-16));
#7389=CARTESIAN_POINT('',(1.13097335529233,-1.66533453693773E-16));
#7390=CARTESIAN_POINT('',(0.565486677646163,-0.282743338823081));
#7391=CARTESIAN_POINT('',(0.565486677646163,-1.66533453693773E-16));
#7392=CARTESIAN_POINT('',(5.565,5.565,-0.18));
#7393=CARTESIAN_POINT('',(5.745,5.565,-0.18));
#7394=CARTESIAN_POINT('',(5.745,5.565,4.44893300389316E-17));
#7395=CARTESIAN_POINT('',(5.745,5.565,0.18));
#7396=CARTESIAN_POINT('',(5.565,5.565,0.18));
#7397=CARTESIAN_POINT('',(5.565,5.565,-0.18));
#7398=CARTESIAN_POINT('',(5.745,5.745,-0.18));
#7399=CARTESIAN_POINT('',(5.745,5.745,4.44893300389316E-17));
#7400=CARTESIAN_POINT('',(5.745,5.745,0.18));
#7401=CARTESIAN_POINT('',(5.565,5.565,0.18));
#7402=CARTESIAN_POINT('',(5.565,5.565,-0.18));
#7403=CARTESIAN_POINT('',(5.565,5.745,-0.18));
#7404=CARTESIAN_POINT('',(5.565,5.745,4.44893300389316E-17));
#7405=CARTESIAN_POINT('',(5.565,5.745,0.18));
#7406=CARTESIAN_POINT('',(5.565,5.565,0.18));
#7407=CARTESIAN_POINT('',(5.565,5.565,-0.18));
#7408=CARTESIAN_POINT('',(5.385,5.745,-0.18));
#7409=CARTESIAN_POINT('',(5.385,5.745,4.44893300389316E-17));
#7410=CARTESIAN_POINT('',(5.385,5.745,0.18));
#7411=CARTESIAN_POINT('',(5.565,5.565,0.18));
#7412=CARTESIAN_POINT('',(5.565,5.565,-0.18));
#7413=CARTESIAN_POINT('',(5.385,5.565,-0.18));
#7414=CARTESIAN_POINT('',(5.385,5.565,4.44893300389316E-17));
#7415=CARTESIAN_POINT('',(5.385,5.565,0.18));
#7416=CARTESIAN_POINT('',(5.565,5.565,0.18));
#7417=CARTESIAN_POINT('',(-1.66794463719411,-1.74199614855058,0.));
#7418=CARTESIAN_POINT('',(-1.66794463719411,7.64188715467203,0.));
#7419=CARTESIAN_POINT('',(7.85193697477085,-1.74199614855058,0.));
#7420=CARTESIAN_POINT('',(7.85193697477085,7.64188715467203,0.));
#7421=CARTESIAN_POINT('',(5.565,5.565,-0.18));
#7422=CARTESIAN_POINT('',(5.385,5.565,-0.18));
#7423=CARTESIAN_POINT('',(5.385,5.565,4.44893300389316E-17));
#7424=CARTESIAN_POINT('',(5.385,5.565,0.18));
#7425=CARTESIAN_POINT('',(5.565,5.565,0.18));
#7426=CARTESIAN_POINT('',(5.565,5.565,-0.18));
#7427=CARTESIAN_POINT('',(5.385,5.385,-0.18));
#7428=CARTESIAN_POINT('',(5.385,5.385,4.44893300389316E-17));
#7429=CARTESIAN_POINT('',(5.385,5.385,0.18));
#7430=CARTESIAN_POINT('',(5.565,5.565,0.18));
#7431=CARTESIAN_POINT('',(5.565,5.565,-0.18));
#7432=CARTESIAN_POINT('',(5.565,5.385,-0.18));
#7433=CARTESIAN_POINT('',(5.565,5.385,4.44893300389316E-17));
#7434=CARTESIAN_POINT('',(5.565,5.385,0.18));
#7435=CARTESIAN_POINT('',(5.565,5.565,0.18));
#7436=CARTESIAN_POINT('',(5.565,5.565,-0.18));
#7437=CARTESIAN_POINT('',(5.745,5.385,-0.18));
#7438=CARTESIAN_POINT('',(5.745,5.385,4.44893300389316E-17));
#7439=CARTESIAN_POINT('',(5.745,5.385,0.18));
#7440=CARTESIAN_POINT('',(5.565,5.565,0.18));
#7441=CARTESIAN_POINT('',(5.565,5.565,-0.18));
#7442=CARTESIAN_POINT('',(5.745,5.565,-0.18));
#7443=CARTESIAN_POINT('',(5.745,5.565,4.44893300389316E-17));
#7444=CARTESIAN_POINT('',(5.745,5.565,0.18));
#7445=CARTESIAN_POINT('',(5.565,5.565,0.18));
#7446=CARTESIAN_POINT('',(5.565,5.565,-0.18));
#7447=CARTESIAN_POINT('',(5.745,5.565,-3.77073783102926E-17));
#7448=CARTESIAN_POINT('',(5.385,5.565,5.55111512312578E-17));
#7449=CARTESIAN_POINT('',(5.565,5.565,-0.18));
#7450=CARTESIAN_POINT('',(5.385,5.565,-0.18));
#7451=CARTESIAN_POINT('',(5.385,5.565,-7.54147566205853E-17));
#7452=CARTESIAN_POINT('',(0.565486677646163,-0.282743338823081));
#7453=CARTESIAN_POINT('',(0.565486677646163,-1.66533453693773E-16));
#7454=CARTESIAN_POINT('',(5.385,5.565,5.55111512312578E-17));
#7455=CARTESIAN_POINT('',(5.385,5.745,0.));
#7456=CARTESIAN_POINT('',(5.565,5.745,5.55111512312578E-17));
#7457=CARTESIAN_POINT('',(5.745,5.745,0.));
#7458=CARTESIAN_POINT('',(5.745,5.565,5.55111512312578E-17));
#7459=CARTESIAN_POINT('',(0.565486677646163,-1.66533453693773E-16));
#7460=CARTESIAN_POINT('',(0.,-1.66533453693773E-16));
#7461=CARTESIAN_POINT('',(5.745,5.565,-7.54147566205853E-17));
#7462=CARTESIAN_POINT('',(5.745,5.565,-0.18));
#7463=CARTESIAN_POINT('',(5.565,5.565,-0.18));
#7464=CARTESIAN_POINT('',(0.,-1.66533453693773E-16));
#7465=CARTESIAN_POINT('',(0.,-0.282743338823081));
#7466=CARTESIAN_POINT('',(7.05294463719411,7.30699614855058));
#7467=CARTESIAN_POINT('',(7.05294463719411,7.48699614855058));
#7468=CARTESIAN_POINT('',(7.23294463719411,7.48699614855058));
#7469=CARTESIAN_POINT('',(7.41294463719411,7.48699614855058));
#7470=CARTESIAN_POINT('',(7.41294463719411,7.30699614855058));
#7471=CARTESIAN_POINT('',(5.385,5.565,5.55111512312578E-17));
#7472=CARTESIAN_POINT('',(5.385,5.385,0.));
#7473=CARTESIAN_POINT('',(5.565,5.385,5.55111512312578E-17));
#7474=CARTESIAN_POINT('',(5.745,5.385,0.));
#7475=CARTESIAN_POINT('',(5.745,5.565,5.55111512312578E-17));
#7476=CARTESIAN_POINT('',(7.05294463719411,7.30699614855058));
#7477=CARTESIAN_POINT('',(7.05294463719411,7.12699614855058));
#7478=CARTESIAN_POINT('',(7.23294463719411,7.12699614855058));
#7479=CARTESIAN_POINT('',(7.41294463719411,7.12699614855058));
#7480=CARTESIAN_POINT('',(7.41294463719411,7.30699614855058));
#7481=CARTESIAN_POINT('',(1.13097335529233,-1.66533453693773E-16));
#7482=CARTESIAN_POINT('',(1.13097335529233,-0.282743338823081));
#7483=CARTESIAN_POINT('',(0.565486677646163,-1.66533453693773E-16));
#7484=CARTESIAN_POINT('',(1.13097335529233,-1.66533453693773E-16));
#7485=CARTESIAN_POINT('',(0.565486677646163,-0.282743338823081));
#7486=CARTESIAN_POINT('',(0.565486677646163,-1.66533453693773E-16));
#7487=CARTESIAN_POINT('',(0.,3.,0.));
#7488=CARTESIAN_POINT('',(0.,3.,0.12));
#7489=CARTESIAN_POINT('',(6.13,3.,0.));
#7490=CARTESIAN_POINT('',(6.13,3.,0.12));
#7491=CARTESIAN_POINT('',(6.13,3.,0.));
#7492=CARTESIAN_POINT('',(6.13,3.,0.12));
#7493=CARTESIAN_POINT('',(6.13,3.05,0.));
#7494=CARTESIAN_POINT('',(6.13,3.05,0.12));
#7495=CARTESIAN_POINT('',(6.13,3.05,0.));
#7496=CARTESIAN_POINT('',(6.13,3.05,0.12));
#7497=CARTESIAN_POINT('',(0.,3.05,0.));
#7498=CARTESIAN_POINT('',(0.,3.05,0.12));
#7499=CARTESIAN_POINT('',(0.,3.05,0.));
#7500=CARTESIAN_POINT('',(0.,3.05,0.12));
#7501=CARTESIAN_POINT('',(0.,3.,0.));
#7502=CARTESIAN_POINT('',(0.,3.,0.12));
#7503=CARTESIAN_POINT('',(0.,3.,0.));
#7504=CARTESIAN_POINT('',(6.13,3.,0.));
#7505=CARTESIAN_POINT('',(0.,3.05,0.));
#7506=CARTESIAN_POINT('',(6.13,3.05,0.));
#7507=CARTESIAN_POINT('',(0.,3.,0.12));
#7508=CARTESIAN_POINT('',(0.,3.05,0.12));
#7509=CARTESIAN_POINT('',(6.13,3.,0.12));
#7510=CARTESIAN_POINT('',(6.13,3.05,0.12));
#7511=CARTESIAN_POINT('',(0.,3.,0.));
#7512=CARTESIAN_POINT('',(6.13,3.,0.));
#7513=CARTESIAN_POINT('',(6.13,3.,0.12));
#7514=CARTESIAN_POINT('',(0.,3.,0.12));
#7515=CARTESIAN_POINT('',(6.13,3.05,0.));
#7516=CARTESIAN_POINT('',(6.13,3.05,0.12));
#7517=CARTESIAN_POINT('',(0.,3.05,0.));
#7518=CARTESIAN_POINT('',(0.,3.05,0.12));
#7519=CARTESIAN_POINT('',(0.,3.,0.));
#7520=CARTESIAN_POINT('',(6.13,3.,0.));
#7521=CARTESIAN_POINT('',(0.,0.));
#7522=CARTESIAN_POINT('',(6.13,0.));
#7523=CARTESIAN_POINT('',(6.13,3.,0.));
#7524=CARTESIAN_POINT('',(6.13,3.,0.12));
#7525=CARTESIAN_POINT('',(6.13,0.));
#7526=CARTESIAN_POINT('',(6.13,0.12));
#7527=CARTESIAN_POINT('',(6.13,3.,0.12));
#7528=CARTESIAN_POINT('',(0.,3.,0.12));
#7529=CARTESIAN_POINT('',(6.13,0.12));
#7530=CARTESIAN_POINT('',(0.,0.12));
#7531=CARTESIAN_POINT('',(0.,3.,0.12));
#7532=CARTESIAN_POINT('',(0.,3.,0.));
#7533=CARTESIAN_POINT('',(0.,0.12));
#7534=CARTESIAN_POINT('',(0.,0.));
#7535=CARTESIAN_POINT('',(6.13,3.,0.));
#7536=CARTESIAN_POINT('',(6.13,3.05,0.));
#7537=CARTESIAN_POINT('',(6.13,0.));
#7538=CARTESIAN_POINT('',(6.18,0.));
#7539=CARTESIAN_POINT('',(6.13,3.05,0.));
#7540=CARTESIAN_POINT('',(6.13,3.05,0.12));
#7541=CARTESIAN_POINT('',(6.18,0.));
#7542=CARTESIAN_POINT('',(6.18,0.12));
#7543=CARTESIAN_POINT('',(6.13,3.05,0.12));
#7544=CARTESIAN_POINT('',(6.13,3.,0.12));
#7545=CARTESIAN_POINT('',(6.18,0.12));
#7546=CARTESIAN_POINT('',(6.13,0.12));
#7547=CARTESIAN_POINT('',(6.13,0.));
#7548=CARTESIAN_POINT('',(6.13,0.12));
#7549=CARTESIAN_POINT('',(6.13,3.05,0.));
#7550=CARTESIAN_POINT('',(0.,3.05,0.));
#7551=CARTESIAN_POINT('',(6.18,0.));
#7552=CARTESIAN_POINT('',(12.31,0.));
#7553=CARTESIAN_POINT('',(0.,3.05,0.));
#7554=CARTESIAN_POINT('',(0.,3.05,0.12));
#7555=CARTESIAN_POINT('',(12.31,0.));
#7556=CARTESIAN_POINT('',(12.31,0.12));
#7557=CARTESIAN_POINT('',(0.,3.05,0.12));
#7558=CARTESIAN_POINT('',(6.13,3.05,0.12));
#7559=CARTESIAN_POINT('',(12.31,0.12));
#7560=CARTESIAN_POINT('',(6.18,0.12));
#7561=CARTESIAN_POINT('',(6.18,0.));
#7562=CARTESIAN_POINT('',(6.18,0.12));
#7563=CARTESIAN_POINT('',(0.,3.05,0.));
#7564=CARTESIAN_POINT('',(0.,3.,0.));
#7565=CARTESIAN_POINT('',(12.31,0.));
#7566=CARTESIAN_POINT('',(12.36,0.));
#7567=CARTESIAN_POINT('',(12.36,0.12));
#7568=CARTESIAN_POINT('',(12.36,0.));
#7569=CARTESIAN_POINT('',(0.,3.,0.12));
#7570=CARTESIAN_POINT('',(0.,3.05,0.12));
#7571=CARTESIAN_POINT('',(12.36,0.12));
#7572=CARTESIAN_POINT('',(12.31,0.12));
#7573=CARTESIAN_POINT('',(12.31,0.));
#7574=CARTESIAN_POINT('',(12.31,0.12));
#7575=CARTESIAN_POINT('',(0.0499999999999998,0.));
#7576=CARTESIAN_POINT('',(0.,0.));
#7577=CARTESIAN_POINT('',(0.0499999999999998,6.13));
#7578=CARTESIAN_POINT('',(0.0499999999999998,0.));
#7579=CARTESIAN_POINT('',(0.,6.13));
#7580=CARTESIAN_POINT('',(0.0499999999999998,6.13));
#7581=CARTESIAN_POINT('',(0.,0.));
#7582=CARTESIAN_POINT('',(0.,6.13));
#7583=CARTESIAN_POINT('',(6.13,0.));
#7584=CARTESIAN_POINT('',(0.,0.));
#7585=CARTESIAN_POINT('',(6.13,0.0499999999999998));
#7586=CARTESIAN_POINT('',(6.13,0.));
#7587=CARTESIAN_POINT('',(0.,0.0499999999999998));
#7588=CARTESIAN_POINT('',(6.13,0.0499999999999998));
#7589=CARTESIAN_POINT('',(0.,0.));
#7590=CARTESIAN_POINT('',(0.,0.0499999999999998));
#7591=CARTESIAN_POINT('',(0.,0.,0.));
#7592=(
GEOMETRIC_REPRESENTATION_CONTEXT(2)
PARAMETRIC_REPRESENTATION_CONTEXT()
REPRESENTATION_CONTEXT('pspace','')
);
ENDSEC;
END-ISO-10303-21;
