ISO-10303-21;
HEADER;
/* Generated by software containing ST-Developer
 * from STEP Tools, Inc. (www.steptools.com) 
 */
/* OPTION: using custom schema-name function */

FILE_DESCRIPTION(
/* description */ (''),
/* implementation_level */ '2;1');

FILE_NAME(
/* name */ 'MICROFJ_60035',
/* time_stamp */ '2026-02-05T16:21:00+01:00',
/* author */ (''),
/* organization */ (''),
/* preprocessor_version */ 'ST-DEVELOPER v16.5',
/* originating_system */ '',
/* authorisation */ '');

FILE_SCHEMA (('AUTOMOTIVE_DESIGN'));
ENDSEC;

DATA;
#10=SHAPE_REPRESENTATION_RELATIONSHIP('','',#3563,#700);
#11=(
BOUNDED_CURVE()
B_SPLINE_CURVE(2,(#3732,#3733,#3734),.UNSPECIFIED.,.F.,.F.)
B_SPLINE_CURVE_WITH_KNOTS((3,3),(-0.282743338823081,-1.11022302462516E-16),
 .UNSPECIFIED.)
CURVE()
GEOMETRIC_REPRESENTATION_ITEM()
RATIONAL_B_SPLINE_CURVE((1.,0.707106781186548,1.))
REPRESENTATION_ITEM('')
);
#12=(
BOUNDED_CURVE()
B_SPLINE_CURVE(2,(#3737,#3738,#3739,#3740,#3741),.UNSPECIFIED.,.F.,.F.)
B_SPLINE_CURVE_WITH_KNOTS((3,2,3),(-0.565486677646163,-0.282743338823081,
0.),.UNSPECIFIED.)
CURVE()
GEOMETRIC_REPRESENTATION_ITEM()
RATIONAL_B_SPLINE_CURVE((1.,0.707106781186548,1.,0.707106781186548,1.))
REPRESENTATION_ITEM('')
);
#13=(
BOUNDED_CURVE()
B_SPLINE_CURVE(2,(#3744,#3745,#3746),.UNSPECIFIED.,.F.,.F.)
B_SPLINE_CURVE_WITH_KNOTS((3,3),(1.11022302462516E-16,0.282743338823081),
 .UNSPECIFIED.)
CURVE()
GEOMETRIC_REPRESENTATION_ITEM()
RATIONAL_B_SPLINE_CURVE((1.,0.707106781186548,1.))
REPRESENTATION_ITEM('')
);
#14=(
BOUNDED_CURVE()
B_SPLINE_CURVE(2,(#3749,#3750,#3751,#3752,#3753),.UNSPECIFIED.,.F.,.F.)
B_SPLINE_CURVE_WITH_KNOTS((3,2,3),(-0.565486677646163,-0.282743338823081,
0.),.UNSPECIFIED.)
CURVE()
GEOMETRIC_REPRESENTATION_ITEM()
RATIONAL_B_SPLINE_CURVE((1.,0.707106781186548,1.,0.707106781186548,1.))
REPRESENTATION_ITEM('')
);
#15=(
BOUNDED_CURVE()
B_SPLINE_CURVE(2,(#3754,#3755,#3756,#3757,#3758),.UNSPECIFIED.,.F.,.F.)
B_SPLINE_CURVE_WITH_KNOTS((3,2,3),(0.565486677646163,0.848230016469244,
1.13097335529233),.UNSPECIFIED.)
CURVE()
GEOMETRIC_REPRESENTATION_ITEM()
RATIONAL_B_SPLINE_CURVE((1.,0.707106781186548,1.,0.707106781186548,1.))
REPRESENTATION_ITEM('')
);
#16=(
BOUNDED_CURVE()
B_SPLINE_CURVE(2,(#3759,#3760,#3761,#3762,#3763),.UNSPECIFIED.,.F.,.F.)
B_SPLINE_CURVE_WITH_KNOTS((3,2,3),(0.565486677646163,0.848230016469244,
1.13097335529233),.UNSPECIFIED.)
CURVE()
GEOMETRIC_REPRESENTATION_ITEM()
RATIONAL_B_SPLINE_CURVE((1.,0.707106781186548,1.,0.707106781186548,1.))
REPRESENTATION_ITEM('')
);
#17=(
BOUNDED_CURVE()
B_SPLINE_CURVE(2,(#3827,#3828,#3829),.UNSPECIFIED.,.F.,.F.)
B_SPLINE_CURVE_WITH_KNOTS((3,3),(-0.282743338823081,-1.11022302462516E-16),
 .UNSPECIFIED.)
CURVE()
GEOMETRIC_REPRESENTATION_ITEM()
RATIONAL_B_SPLINE_CURVE((1.,0.707106781186548,1.))
REPRESENTATION_ITEM('')
);
#18=(
BOUNDED_CURVE()
B_SPLINE_CURVE(2,(#3832,#3833,#3834,#3835,#3836),.UNSPECIFIED.,.F.,.F.)
B_SPLINE_CURVE_WITH_KNOTS((3,2,3),(-0.565486677646163,-0.282743338823081,
0.),.UNSPECIFIED.)
CURVE()
GEOMETRIC_REPRESENTATION_ITEM()
RATIONAL_B_SPLINE_CURVE((1.,0.707106781186548,1.,0.707106781186548,1.))
REPRESENTATION_ITEM('')
);
#19=(
BOUNDED_CURVE()
B_SPLINE_CURVE(2,(#3839,#3840,#3841),.UNSPECIFIED.,.F.,.F.)
B_SPLINE_CURVE_WITH_KNOTS((3,3),(1.11022302462516E-16,0.282743338823081),
 .UNSPECIFIED.)
CURVE()
GEOMETRIC_REPRESENTATION_ITEM()
RATIONAL_B_SPLINE_CURVE((1.,0.707106781186548,1.))
REPRESENTATION_ITEM('')
);
#20=(
BOUNDED_CURVE()
B_SPLINE_CURVE(2,(#3844,#3845,#3846,#3847,#3848),.UNSPECIFIED.,.F.,.F.)
B_SPLINE_CURVE_WITH_KNOTS((3,2,3),(-0.565486677646163,-0.282743338823081,
0.),.UNSPECIFIED.)
CURVE()
GEOMETRIC_REPRESENTATION_ITEM()
RATIONAL_B_SPLINE_CURVE((1.,0.707106781186548,1.,0.707106781186548,1.))
REPRESENTATION_ITEM('')
);
#21=(
BOUNDED_CURVE()
B_SPLINE_CURVE(2,(#3849,#3850,#3851,#3852,#3853),.UNSPECIFIED.,.F.,.F.)
B_SPLINE_CURVE_WITH_KNOTS((3,2,3),(0.565486677646163,0.848230016469244,
1.13097335529233),.UNSPECIFIED.)
CURVE()
GEOMETRIC_REPRESENTATION_ITEM()
RATIONAL_B_SPLINE_CURVE((1.,0.707106781186548,1.,0.707106781186548,1.))
REPRESENTATION_ITEM('')
);
#22=(
BOUNDED_CURVE()
B_SPLINE_CURVE(2,(#3854,#3855,#3856,#3857,#3858),.UNSPECIFIED.,.F.,.F.)
B_SPLINE_CURVE_WITH_KNOTS((3,2,3),(0.565486677646163,0.848230016469244,
1.13097335529233),.UNSPECIFIED.)
CURVE()
GEOMETRIC_REPRESENTATION_ITEM()
RATIONAL_B_SPLINE_CURVE((1.,0.707106781186548,1.,0.707106781186548,1.))
REPRESENTATION_ITEM('')
);
#23=(
BOUNDED_CURVE()
B_SPLINE_CURVE(2,(#3922,#3923,#3924),.UNSPECIFIED.,.F.,.F.)
B_SPLINE_CURVE_WITH_KNOTS((3,3),(-0.282743338823081,-1.11022302462516E-16),
 .UNSPECIFIED.)
CURVE()
GEOMETRIC_REPRESENTATION_ITEM()
RATIONAL_B_SPLINE_CURVE((1.,0.707106781186548,1.))
REPRESENTATION_ITEM('')
);
#24=(
BOUNDED_CURVE()
B_SPLINE_CURVE(2,(#3927,#3928,#3929,#3930,#3931),.UNSPECIFIED.,.F.,.F.)
B_SPLINE_CURVE_WITH_KNOTS((3,2,3),(-0.565486677646163,-0.282743338823081,
0.),.UNSPECIFIED.)
CURVE()
GEOMETRIC_REPRESENTATION_ITEM()
RATIONAL_B_SPLINE_CURVE((1.,0.707106781186548,1.,0.707106781186548,1.))
REPRESENTATION_ITEM('')
);
#25=(
BOUNDED_CURVE()
B_SPLINE_CURVE(2,(#3934,#3935,#3936),.UNSPECIFIED.,.F.,.F.)
B_SPLINE_CURVE_WITH_KNOTS((3,3),(1.11022302462516E-16,0.282743338823081),
 .UNSPECIFIED.)
CURVE()
GEOMETRIC_REPRESENTATION_ITEM()
RATIONAL_B_SPLINE_CURVE((1.,0.707106781186548,1.))
REPRESENTATION_ITEM('')
);
#26=(
BOUNDED_CURVE()
B_SPLINE_CURVE(2,(#3939,#3940,#3941,#3942,#3943),.UNSPECIFIED.,.F.,.F.)
B_SPLINE_CURVE_WITH_KNOTS((3,2,3),(-0.565486677646163,-0.282743338823081,
0.),.UNSPECIFIED.)
CURVE()
GEOMETRIC_REPRESENTATION_ITEM()
RATIONAL_B_SPLINE_CURVE((1.,0.707106781186548,1.,0.707106781186548,1.))
REPRESENTATION_ITEM('')
);
#27=(
BOUNDED_CURVE()
B_SPLINE_CURVE(2,(#3944,#3945,#3946,#3947,#3948),.UNSPECIFIED.,.F.,.F.)
B_SPLINE_CURVE_WITH_KNOTS((3,2,3),(0.565486677646163,0.848230016469244,
1.13097335529233),.UNSPECIFIED.)
CURVE()
GEOMETRIC_REPRESENTATION_ITEM()
RATIONAL_B_SPLINE_CURVE((1.,0.707106781186548,1.,0.707106781186548,1.))
REPRESENTATION_ITEM('')
);
#28=(
BOUNDED_CURVE()
B_SPLINE_CURVE(2,(#3949,#3950,#3951,#3952,#3953),.UNSPECIFIED.,.F.,.F.)
B_SPLINE_CURVE_WITH_KNOTS((3,2,3),(0.565486677646163,0.848230016469244,
1.13097335529233),.UNSPECIFIED.)
CURVE()
GEOMETRIC_REPRESENTATION_ITEM()
RATIONAL_B_SPLINE_CURVE((1.,0.707106781186548,1.,0.707106781186548,1.))
REPRESENTATION_ITEM('')
);
#29=(
BOUNDED_CURVE()
B_SPLINE_CURVE(2,(#4017,#4018,#4019),.UNSPECIFIED.,.F.,.F.)
B_SPLINE_CURVE_WITH_KNOTS((3,3),(-0.282743338823081,-1.11022302462516E-16),
 .UNSPECIFIED.)
CURVE()
GEOMETRIC_REPRESENTATION_ITEM()
RATIONAL_B_SPLINE_CURVE((1.,0.707106781186548,1.))
REPRESENTATION_ITEM('')
);
#30=(
BOUNDED_CURVE()
B_SPLINE_CURVE(2,(#4022,#4023,#4024,#4025,#4026),.UNSPECIFIED.,.F.,.F.)
B_SPLINE_CURVE_WITH_KNOTS((3,2,3),(-0.565486677646163,-0.282743338823081,
0.),.UNSPECIFIED.)
CURVE()
GEOMETRIC_REPRESENTATION_ITEM()
RATIONAL_B_SPLINE_CURVE((1.,0.707106781186548,1.,0.707106781186548,1.))
REPRESENTATION_ITEM('')
);
#31=(
BOUNDED_CURVE()
B_SPLINE_CURVE(2,(#4029,#4030,#4031),.UNSPECIFIED.,.F.,.F.)
B_SPLINE_CURVE_WITH_KNOTS((3,3),(1.11022302462516E-16,0.282743338823081),
 .UNSPECIFIED.)
CURVE()
GEOMETRIC_REPRESENTATION_ITEM()
RATIONAL_B_SPLINE_CURVE((1.,0.707106781186548,1.))
REPRESENTATION_ITEM('')
);
#32=(
BOUNDED_CURVE()
B_SPLINE_CURVE(2,(#4034,#4035,#4036,#4037,#4038),.UNSPECIFIED.,.F.,.F.)
B_SPLINE_CURVE_WITH_KNOTS((3,2,3),(-0.565486677646163,-0.282743338823081,
0.),.UNSPECIFIED.)
CURVE()
GEOMETRIC_REPRESENTATION_ITEM()
RATIONAL_B_SPLINE_CURVE((1.,0.707106781186548,1.,0.707106781186548,1.))
REPRESENTATION_ITEM('')
);
#33=(
BOUNDED_CURVE()
B_SPLINE_CURVE(2,(#4039,#4040,#4041,#4042,#4043),.UNSPECIFIED.,.F.,.F.)
B_SPLINE_CURVE_WITH_KNOTS((3,2,3),(0.565486677646163,0.848230016469244,
1.13097335529233),.UNSPECIFIED.)
CURVE()
GEOMETRIC_REPRESENTATION_ITEM()
RATIONAL_B_SPLINE_CURVE((1.,0.707106781186548,1.,0.707106781186548,1.))
REPRESENTATION_ITEM('')
);
#34=(
BOUNDED_CURVE()
B_SPLINE_CURVE(2,(#4044,#4045,#4046,#4047,#4048),.UNSPECIFIED.,.F.,.F.)
B_SPLINE_CURVE_WITH_KNOTS((3,2,3),(0.565486677646163,0.848230016469244,
1.13097335529233),.UNSPECIFIED.)
CURVE()
GEOMETRIC_REPRESENTATION_ITEM()
RATIONAL_B_SPLINE_CURVE((1.,0.707106781186548,1.,0.707106781186548,1.))
REPRESENTATION_ITEM('')
);
#35=(
BOUNDED_CURVE()
B_SPLINE_CURVE(2,(#4112,#4113,#4114),.UNSPECIFIED.,.F.,.F.)
B_SPLINE_CURVE_WITH_KNOTS((3,3),(-0.282743338823081,-1.11022302462516E-16),
 .UNSPECIFIED.)
CURVE()
GEOMETRIC_REPRESENTATION_ITEM()
RATIONAL_B_SPLINE_CURVE((1.,0.707106781186548,1.))
REPRESENTATION_ITEM('')
);
#36=(
BOUNDED_CURVE()
B_SPLINE_CURVE(2,(#4117,#4118,#4119,#4120,#4121),.UNSPECIFIED.,.F.,.F.)
B_SPLINE_CURVE_WITH_KNOTS((3,2,3),(-0.565486677646163,-0.282743338823081,
0.),.UNSPECIFIED.)
CURVE()
GEOMETRIC_REPRESENTATION_ITEM()
RATIONAL_B_SPLINE_CURVE((1.,0.707106781186548,1.,0.707106781186548,1.))
REPRESENTATION_ITEM('')
);
#37=(
BOUNDED_CURVE()
B_SPLINE_CURVE(2,(#4124,#4125,#4126),.UNSPECIFIED.,.F.,.F.)
B_SPLINE_CURVE_WITH_KNOTS((3,3),(1.11022302462516E-16,0.282743338823081),
 .UNSPECIFIED.)
CURVE()
GEOMETRIC_REPRESENTATION_ITEM()
RATIONAL_B_SPLINE_CURVE((1.,0.707106781186548,1.))
REPRESENTATION_ITEM('')
);
#38=(
BOUNDED_CURVE()
B_SPLINE_CURVE(2,(#4129,#4130,#4131,#4132,#4133),.UNSPECIFIED.,.F.,.F.)
B_SPLINE_CURVE_WITH_KNOTS((3,2,3),(-0.565486677646163,-0.282743338823081,
0.),.UNSPECIFIED.)
CURVE()
GEOMETRIC_REPRESENTATION_ITEM()
RATIONAL_B_SPLINE_CURVE((1.,0.707106781186548,1.,0.707106781186548,1.))
REPRESENTATION_ITEM('')
);
#39=(
BOUNDED_CURVE()
B_SPLINE_CURVE(2,(#4134,#4135,#4136,#4137,#4138),.UNSPECIFIED.,.F.,.F.)
B_SPLINE_CURVE_WITH_KNOTS((3,2,3),(0.565486677646163,0.848230016469244,
1.13097335529233),.UNSPECIFIED.)
CURVE()
GEOMETRIC_REPRESENTATION_ITEM()
RATIONAL_B_SPLINE_CURVE((1.,0.707106781186548,1.,0.707106781186548,1.))
REPRESENTATION_ITEM('')
);
#40=(
BOUNDED_CURVE()
B_SPLINE_CURVE(2,(#4139,#4140,#4141,#4142,#4143),.UNSPECIFIED.,.F.,.F.)
B_SPLINE_CURVE_WITH_KNOTS((3,2,3),(0.565486677646163,0.848230016469244,
1.13097335529233),.UNSPECIFIED.)
CURVE()
GEOMETRIC_REPRESENTATION_ITEM()
RATIONAL_B_SPLINE_CURVE((1.,0.707106781186548,1.,0.707106781186548,1.))
REPRESENTATION_ITEM('')
);
#41=(
BOUNDED_CURVE()
B_SPLINE_CURVE(2,(#4207,#4208,#4209),.UNSPECIFIED.,.F.,.F.)
B_SPLINE_CURVE_WITH_KNOTS((3,3),(-0.282743338823081,-1.11022302462516E-16),
 .UNSPECIFIED.)
CURVE()
GEOMETRIC_REPRESENTATION_ITEM()
RATIONAL_B_SPLINE_CURVE((1.,0.707106781186548,1.))
REPRESENTATION_ITEM('')
);
#42=(
BOUNDED_CURVE()
B_SPLINE_CURVE(2,(#4212,#4213,#4214,#4215,#4216),.UNSPECIFIED.,.F.,.F.)
B_SPLINE_CURVE_WITH_KNOTS((3,2,3),(-0.565486677646163,-0.282743338823081,
0.),.UNSPECIFIED.)
CURVE()
GEOMETRIC_REPRESENTATION_ITEM()
RATIONAL_B_SPLINE_CURVE((1.,0.707106781186548,1.,0.707106781186548,1.))
REPRESENTATION_ITEM('')
);
#43=(
BOUNDED_CURVE()
B_SPLINE_CURVE(2,(#4219,#4220,#4221),.UNSPECIFIED.,.F.,.F.)
B_SPLINE_CURVE_WITH_KNOTS((3,3),(1.11022302462516E-16,0.282743338823081),
 .UNSPECIFIED.)
CURVE()
GEOMETRIC_REPRESENTATION_ITEM()
RATIONAL_B_SPLINE_CURVE((1.,0.707106781186548,1.))
REPRESENTATION_ITEM('')
);
#44=(
BOUNDED_CURVE()
B_SPLINE_CURVE(2,(#4224,#4225,#4226,#4227,#4228),.UNSPECIFIED.,.F.,.F.)
B_SPLINE_CURVE_WITH_KNOTS((3,2,3),(-0.565486677646163,-0.282743338823081,
0.),.UNSPECIFIED.)
CURVE()
GEOMETRIC_REPRESENTATION_ITEM()
RATIONAL_B_SPLINE_CURVE((1.,0.707106781186548,1.,0.707106781186548,1.))
REPRESENTATION_ITEM('')
);
#45=(
BOUNDED_CURVE()
B_SPLINE_CURVE(2,(#4229,#4230,#4231,#4232,#4233),.UNSPECIFIED.,.F.,.F.)
B_SPLINE_CURVE_WITH_KNOTS((3,2,3),(0.565486677646163,0.848230016469244,
1.13097335529233),.UNSPECIFIED.)
CURVE()
GEOMETRIC_REPRESENTATION_ITEM()
RATIONAL_B_SPLINE_CURVE((1.,0.707106781186548,1.,0.707106781186548,1.))
REPRESENTATION_ITEM('')
);
#46=(
BOUNDED_CURVE()
B_SPLINE_CURVE(2,(#4234,#4235,#4236,#4237,#4238),.UNSPECIFIED.,.F.,.F.)
B_SPLINE_CURVE_WITH_KNOTS((3,2,3),(0.565486677646163,0.848230016469244,
1.13097335529233),.UNSPECIFIED.)
CURVE()
GEOMETRIC_REPRESENTATION_ITEM()
RATIONAL_B_SPLINE_CURVE((1.,0.707106781186548,1.,0.707106781186548,1.))
REPRESENTATION_ITEM('')
);
#47=(
BOUNDED_CURVE()
B_SPLINE_CURVE(2,(#4302,#4303,#4304),.UNSPECIFIED.,.F.,.F.)
B_SPLINE_CURVE_WITH_KNOTS((3,3),(-0.282743338823081,-1.11022302462516E-16),
 .UNSPECIFIED.)
CURVE()
GEOMETRIC_REPRESENTATION_ITEM()
RATIONAL_B_SPLINE_CURVE((1.,0.707106781186548,1.))
REPRESENTATION_ITEM('')
);
#48=(
BOUNDED_CURVE()
B_SPLINE_CURVE(2,(#4307,#4308,#4309,#4310,#4311),.UNSPECIFIED.,.F.,.F.)
B_SPLINE_CURVE_WITH_KNOTS((3,2,3),(-0.565486677646163,-0.282743338823081,
0.),.UNSPECIFIED.)
CURVE()
GEOMETRIC_REPRESENTATION_ITEM()
RATIONAL_B_SPLINE_CURVE((1.,0.707106781186548,1.,0.707106781186548,1.))
REPRESENTATION_ITEM('')
);
#49=(
BOUNDED_CURVE()
B_SPLINE_CURVE(2,(#4314,#4315,#4316),.UNSPECIFIED.,.F.,.F.)
B_SPLINE_CURVE_WITH_KNOTS((3,3),(1.11022302462516E-16,0.282743338823081),
 .UNSPECIFIED.)
CURVE()
GEOMETRIC_REPRESENTATION_ITEM()
RATIONAL_B_SPLINE_CURVE((1.,0.707106781186548,1.))
REPRESENTATION_ITEM('')
);
#50=(
BOUNDED_CURVE()
B_SPLINE_CURVE(2,(#4319,#4320,#4321,#4322,#4323),.UNSPECIFIED.,.F.,.F.)
B_SPLINE_CURVE_WITH_KNOTS((3,2,3),(-0.565486677646163,-0.282743338823081,
0.),.UNSPECIFIED.)
CURVE()
GEOMETRIC_REPRESENTATION_ITEM()
RATIONAL_B_SPLINE_CURVE((1.,0.707106781186548,1.,0.707106781186548,1.))
REPRESENTATION_ITEM('')
);
#51=(
BOUNDED_CURVE()
B_SPLINE_CURVE(2,(#4324,#4325,#4326,#4327,#4328),.UNSPECIFIED.,.F.,.F.)
B_SPLINE_CURVE_WITH_KNOTS((3,2,3),(0.565486677646163,0.848230016469244,
1.13097335529233),.UNSPECIFIED.)
CURVE()
GEOMETRIC_REPRESENTATION_ITEM()
RATIONAL_B_SPLINE_CURVE((1.,0.707106781186548,1.,0.707106781186548,1.))
REPRESENTATION_ITEM('')
);
#52=(
BOUNDED_CURVE()
B_SPLINE_CURVE(2,(#4329,#4330,#4331,#4332,#4333),.UNSPECIFIED.,.F.,.F.)
B_SPLINE_CURVE_WITH_KNOTS((3,2,3),(0.565486677646163,0.848230016469244,
1.13097335529233),.UNSPECIFIED.)
CURVE()
GEOMETRIC_REPRESENTATION_ITEM()
RATIONAL_B_SPLINE_CURVE((1.,0.707106781186548,1.,0.707106781186548,1.))
REPRESENTATION_ITEM('')
);
#53=(
BOUNDED_CURVE()
B_SPLINE_CURVE(2,(#4397,#4398,#4399),.UNSPECIFIED.,.F.,.F.)
B_SPLINE_CURVE_WITH_KNOTS((3,3),(-0.282743338823081,-1.11022302462516E-16),
 .UNSPECIFIED.)
CURVE()
GEOMETRIC_REPRESENTATION_ITEM()
RATIONAL_B_SPLINE_CURVE((1.,0.707106781186548,1.))
REPRESENTATION_ITEM('')
);
#54=(
BOUNDED_CURVE()
B_SPLINE_CURVE(2,(#4402,#4403,#4404,#4405,#4406),.UNSPECIFIED.,.F.,.F.)
B_SPLINE_CURVE_WITH_KNOTS((3,2,3),(-0.565486677646163,-0.282743338823081,
0.),.UNSPECIFIED.)
CURVE()
GEOMETRIC_REPRESENTATION_ITEM()
RATIONAL_B_SPLINE_CURVE((1.,0.707106781186548,1.,0.707106781186548,1.))
REPRESENTATION_ITEM('')
);
#55=(
BOUNDED_CURVE()
B_SPLINE_CURVE(2,(#4409,#4410,#4411),.UNSPECIFIED.,.F.,.F.)
B_SPLINE_CURVE_WITH_KNOTS((3,3),(1.11022302462516E-16,0.282743338823081),
 .UNSPECIFIED.)
CURVE()
GEOMETRIC_REPRESENTATION_ITEM()
RATIONAL_B_SPLINE_CURVE((1.,0.707106781186548,1.))
REPRESENTATION_ITEM('')
);
#56=(
BOUNDED_CURVE()
B_SPLINE_CURVE(2,(#4414,#4415,#4416,#4417,#4418),.UNSPECIFIED.,.F.,.F.)
B_SPLINE_CURVE_WITH_KNOTS((3,2,3),(-0.565486677646163,-0.282743338823081,
0.),.UNSPECIFIED.)
CURVE()
GEOMETRIC_REPRESENTATION_ITEM()
RATIONAL_B_SPLINE_CURVE((1.,0.707106781186548,1.,0.707106781186548,1.))
REPRESENTATION_ITEM('')
);
#57=(
BOUNDED_CURVE()
B_SPLINE_CURVE(2,(#4419,#4420,#4421,#4422,#4423),.UNSPECIFIED.,.F.,.F.)
B_SPLINE_CURVE_WITH_KNOTS((3,2,3),(0.565486677646163,0.848230016469244,
1.13097335529233),.UNSPECIFIED.)
CURVE()
GEOMETRIC_REPRESENTATION_ITEM()
RATIONAL_B_SPLINE_CURVE((1.,0.707106781186548,1.,0.707106781186548,1.))
REPRESENTATION_ITEM('')
);
#58=(
BOUNDED_CURVE()
B_SPLINE_CURVE(2,(#4424,#4425,#4426,#4427,#4428),.UNSPECIFIED.,.F.,.F.)
B_SPLINE_CURVE_WITH_KNOTS((3,2,3),(0.565486677646163,0.848230016469244,
1.13097335529233),.UNSPECIFIED.)
CURVE()
GEOMETRIC_REPRESENTATION_ITEM()
RATIONAL_B_SPLINE_CURVE((1.,0.707106781186548,1.,0.707106781186548,1.))
REPRESENTATION_ITEM('')
);
#59=(
BOUNDED_CURVE()
B_SPLINE_CURVE(2,(#4492,#4493,#4494),.UNSPECIFIED.,.F.,.F.)
B_SPLINE_CURVE_WITH_KNOTS((3,3),(-0.282743338823081,-1.11022302462516E-16),
 .UNSPECIFIED.)
CURVE()
GEOMETRIC_REPRESENTATION_ITEM()
RATIONAL_B_SPLINE_CURVE((1.,0.707106781186548,1.))
REPRESENTATION_ITEM('')
);
#60=(
BOUNDED_CURVE()
B_SPLINE_CURVE(2,(#4497,#4498,#4499,#4500,#4501),.UNSPECIFIED.,.F.,.F.)
B_SPLINE_CURVE_WITH_KNOTS((3,2,3),(-0.565486677646163,-0.282743338823081,
0.),.UNSPECIFIED.)
CURVE()
GEOMETRIC_REPRESENTATION_ITEM()
RATIONAL_B_SPLINE_CURVE((1.,0.707106781186548,1.,0.707106781186548,1.))
REPRESENTATION_ITEM('')
);
#61=(
BOUNDED_CURVE()
B_SPLINE_CURVE(2,(#4504,#4505,#4506),.UNSPECIFIED.,.F.,.F.)
B_SPLINE_CURVE_WITH_KNOTS((3,3),(1.11022302462516E-16,0.282743338823081),
 .UNSPECIFIED.)
CURVE()
GEOMETRIC_REPRESENTATION_ITEM()
RATIONAL_B_SPLINE_CURVE((1.,0.707106781186548,1.))
REPRESENTATION_ITEM('')
);
#62=(
BOUNDED_CURVE()
B_SPLINE_CURVE(2,(#4509,#4510,#4511,#4512,#4513),.UNSPECIFIED.,.F.,.F.)
B_SPLINE_CURVE_WITH_KNOTS((3,2,3),(-0.565486677646163,-0.282743338823081,
0.),.UNSPECIFIED.)
CURVE()
GEOMETRIC_REPRESENTATION_ITEM()
RATIONAL_B_SPLINE_CURVE((1.,0.707106781186548,1.,0.707106781186548,1.))
REPRESENTATION_ITEM('')
);
#63=(
BOUNDED_CURVE()
B_SPLINE_CURVE(2,(#4514,#4515,#4516,#4517,#4518),.UNSPECIFIED.,.F.,.F.)
B_SPLINE_CURVE_WITH_KNOTS((3,2,3),(0.565486677646163,0.848230016469244,
1.13097335529233),.UNSPECIFIED.)
CURVE()
GEOMETRIC_REPRESENTATION_ITEM()
RATIONAL_B_SPLINE_CURVE((1.,0.707106781186548,1.,0.707106781186548,1.))
REPRESENTATION_ITEM('')
);
#64=(
BOUNDED_CURVE()
B_SPLINE_CURVE(2,(#4519,#4520,#4521,#4522,#4523),.UNSPECIFIED.,.F.,.F.)
B_SPLINE_CURVE_WITH_KNOTS((3,2,3),(0.565486677646163,0.848230016469244,
1.13097335529233),.UNSPECIFIED.)
CURVE()
GEOMETRIC_REPRESENTATION_ITEM()
RATIONAL_B_SPLINE_CURVE((1.,0.707106781186548,1.,0.707106781186548,1.))
REPRESENTATION_ITEM('')
);
#65=(
BOUNDED_CURVE()
B_SPLINE_CURVE(2,(#4587,#4588,#4589),.UNSPECIFIED.,.F.,.F.)
B_SPLINE_CURVE_WITH_KNOTS((3,3),(-0.282743338823081,-1.11022302462516E-16),
 .UNSPECIFIED.)
CURVE()
GEOMETRIC_REPRESENTATION_ITEM()
RATIONAL_B_SPLINE_CURVE((1.,0.707106781186548,1.))
REPRESENTATION_ITEM('')
);
#66=(
BOUNDED_CURVE()
B_SPLINE_CURVE(2,(#4592,#4593,#4594,#4595,#4596),.UNSPECIFIED.,.F.,.F.)
B_SPLINE_CURVE_WITH_KNOTS((3,2,3),(-0.565486677646163,-0.282743338823081,
0.),.UNSPECIFIED.)
CURVE()
GEOMETRIC_REPRESENTATION_ITEM()
RATIONAL_B_SPLINE_CURVE((1.,0.707106781186548,1.,0.707106781186548,1.))
REPRESENTATION_ITEM('')
);
#67=(
BOUNDED_CURVE()
B_SPLINE_CURVE(2,(#4599,#4600,#4601),.UNSPECIFIED.,.F.,.F.)
B_SPLINE_CURVE_WITH_KNOTS((3,3),(1.11022302462516E-16,0.282743338823081),
 .UNSPECIFIED.)
CURVE()
GEOMETRIC_REPRESENTATION_ITEM()
RATIONAL_B_SPLINE_CURVE((1.,0.707106781186548,1.))
REPRESENTATION_ITEM('')
);
#68=(
BOUNDED_CURVE()
B_SPLINE_CURVE(2,(#4604,#4605,#4606,#4607,#4608),.UNSPECIFIED.,.F.,.F.)
B_SPLINE_CURVE_WITH_KNOTS((3,2,3),(-0.565486677646163,-0.282743338823081,
0.),.UNSPECIFIED.)
CURVE()
GEOMETRIC_REPRESENTATION_ITEM()
RATIONAL_B_SPLINE_CURVE((1.,0.707106781186548,1.,0.707106781186548,1.))
REPRESENTATION_ITEM('')
);
#69=(
BOUNDED_CURVE()
B_SPLINE_CURVE(2,(#4609,#4610,#4611,#4612,#4613),.UNSPECIFIED.,.F.,.F.)
B_SPLINE_CURVE_WITH_KNOTS((3,2,3),(0.565486677646163,0.848230016469244,
1.13097335529233),.UNSPECIFIED.)
CURVE()
GEOMETRIC_REPRESENTATION_ITEM()
RATIONAL_B_SPLINE_CURVE((1.,0.707106781186548,1.,0.707106781186548,1.))
REPRESENTATION_ITEM('')
);
#70=(
BOUNDED_CURVE()
B_SPLINE_CURVE(2,(#4614,#4615,#4616,#4617,#4618),.UNSPECIFIED.,.F.,.F.)
B_SPLINE_CURVE_WITH_KNOTS((3,2,3),(0.565486677646163,0.848230016469244,
1.13097335529233),.UNSPECIFIED.)
CURVE()
GEOMETRIC_REPRESENTATION_ITEM()
RATIONAL_B_SPLINE_CURVE((1.,0.707106781186548,1.,0.707106781186548,1.))
REPRESENTATION_ITEM('')
);
#71=(
BOUNDED_CURVE()
B_SPLINE_CURVE(2,(#4682,#4683,#4684),.UNSPECIFIED.,.F.,.F.)
B_SPLINE_CURVE_WITH_KNOTS((3,3),(-0.282743338823081,-1.11022302462516E-16),
 .UNSPECIFIED.)
CURVE()
GEOMETRIC_REPRESENTATION_ITEM()
RATIONAL_B_SPLINE_CURVE((1.,0.707106781186548,1.))
REPRESENTATION_ITEM('')
);
#72=(
BOUNDED_CURVE()
B_SPLINE_CURVE(2,(#4687,#4688,#4689,#4690,#4691),.UNSPECIFIED.,.F.,.F.)
B_SPLINE_CURVE_WITH_KNOTS((3,2,3),(-0.565486677646163,-0.282743338823081,
0.),.UNSPECIFIED.)
CURVE()
GEOMETRIC_REPRESENTATION_ITEM()
RATIONAL_B_SPLINE_CURVE((1.,0.707106781186548,1.,0.707106781186548,1.))
REPRESENTATION_ITEM('')
);
#73=(
BOUNDED_CURVE()
B_SPLINE_CURVE(2,(#4694,#4695,#4696),.UNSPECIFIED.,.F.,.F.)
B_SPLINE_CURVE_WITH_KNOTS((3,3),(1.11022302462516E-16,0.282743338823081),
 .UNSPECIFIED.)
CURVE()
GEOMETRIC_REPRESENTATION_ITEM()
RATIONAL_B_SPLINE_CURVE((1.,0.707106781186548,1.))
REPRESENTATION_ITEM('')
);
#74=(
BOUNDED_CURVE()
B_SPLINE_CURVE(2,(#4699,#4700,#4701,#4702,#4703),.UNSPECIFIED.,.F.,.F.)
B_SPLINE_CURVE_WITH_KNOTS((3,2,3),(-0.565486677646163,-0.282743338823081,
0.),.UNSPECIFIED.)
CURVE()
GEOMETRIC_REPRESENTATION_ITEM()
RATIONAL_B_SPLINE_CURVE((1.,0.707106781186548,1.,0.707106781186548,1.))
REPRESENTATION_ITEM('')
);
#75=(
BOUNDED_CURVE()
B_SPLINE_CURVE(2,(#4704,#4705,#4706,#4707,#4708),.UNSPECIFIED.,.F.,.F.)
B_SPLINE_CURVE_WITH_KNOTS((3,2,3),(0.565486677646163,0.848230016469244,
1.13097335529233),.UNSPECIFIED.)
CURVE()
GEOMETRIC_REPRESENTATION_ITEM()
RATIONAL_B_SPLINE_CURVE((1.,0.707106781186548,1.,0.707106781186548,1.))
REPRESENTATION_ITEM('')
);
#76=(
BOUNDED_CURVE()
B_SPLINE_CURVE(2,(#4709,#4710,#4711,#4712,#4713),.UNSPECIFIED.,.F.,.F.)
B_SPLINE_CURVE_WITH_KNOTS((3,2,3),(0.565486677646163,0.848230016469244,
1.13097335529233),.UNSPECIFIED.)
CURVE()
GEOMETRIC_REPRESENTATION_ITEM()
RATIONAL_B_SPLINE_CURVE((1.,0.707106781186548,1.,0.707106781186548,1.))
REPRESENTATION_ITEM('')
);
#77=(
BOUNDED_CURVE()
B_SPLINE_CURVE(2,(#4777,#4778,#4779),.UNSPECIFIED.,.F.,.F.)
B_SPLINE_CURVE_WITH_KNOTS((3,3),(-0.282743338823081,-1.11022302462516E-16),
 .UNSPECIFIED.)
CURVE()
GEOMETRIC_REPRESENTATION_ITEM()
RATIONAL_B_SPLINE_CURVE((1.,0.707106781186548,1.))
REPRESENTATION_ITEM('')
);
#78=(
BOUNDED_CURVE()
B_SPLINE_CURVE(2,(#4782,#4783,#4784,#4785,#4786),.UNSPECIFIED.,.F.,.F.)
B_SPLINE_CURVE_WITH_KNOTS((3,2,3),(-0.565486677646163,-0.282743338823081,
0.),.UNSPECIFIED.)
CURVE()
GEOMETRIC_REPRESENTATION_ITEM()
RATIONAL_B_SPLINE_CURVE((1.,0.707106781186548,1.,0.707106781186548,1.))
REPRESENTATION_ITEM('')
);
#79=(
BOUNDED_CURVE()
B_SPLINE_CURVE(2,(#4789,#4790,#4791),.UNSPECIFIED.,.F.,.F.)
B_SPLINE_CURVE_WITH_KNOTS((3,3),(1.11022302462516E-16,0.282743338823081),
 .UNSPECIFIED.)
CURVE()
GEOMETRIC_REPRESENTATION_ITEM()
RATIONAL_B_SPLINE_CURVE((1.,0.707106781186548,1.))
REPRESENTATION_ITEM('')
);
#80=(
BOUNDED_CURVE()
B_SPLINE_CURVE(2,(#4794,#4795,#4796,#4797,#4798),.UNSPECIFIED.,.F.,.F.)
B_SPLINE_CURVE_WITH_KNOTS((3,2,3),(-0.565486677646163,-0.282743338823081,
0.),.UNSPECIFIED.)
CURVE()
GEOMETRIC_REPRESENTATION_ITEM()
RATIONAL_B_SPLINE_CURVE((1.,0.707106781186548,1.,0.707106781186548,1.))
REPRESENTATION_ITEM('')
);
#81=(
BOUNDED_CURVE()
B_SPLINE_CURVE(2,(#4799,#4800,#4801,#4802,#4803),.UNSPECIFIED.,.F.,.F.)
B_SPLINE_CURVE_WITH_KNOTS((3,2,3),(0.565486677646163,0.848230016469244,
1.13097335529233),.UNSPECIFIED.)
CURVE()
GEOMETRIC_REPRESENTATION_ITEM()
RATIONAL_B_SPLINE_CURVE((1.,0.707106781186548,1.,0.707106781186548,1.))
REPRESENTATION_ITEM('')
);
#82=(
BOUNDED_CURVE()
B_SPLINE_CURVE(2,(#4804,#4805,#4806,#4807,#4808),.UNSPECIFIED.,.F.,.F.)
B_SPLINE_CURVE_WITH_KNOTS((3,2,3),(0.565486677646163,0.848230016469244,
1.13097335529233),.UNSPECIFIED.)
CURVE()
GEOMETRIC_REPRESENTATION_ITEM()
RATIONAL_B_SPLINE_CURVE((1.,0.707106781186548,1.,0.707106781186548,1.))
REPRESENTATION_ITEM('')
);
#83=(
BOUNDED_CURVE()
B_SPLINE_CURVE(2,(#4872,#4873,#4874),.UNSPECIFIED.,.F.,.F.)
B_SPLINE_CURVE_WITH_KNOTS((3,3),(-0.282743338823081,-1.11022302462516E-16),
 .UNSPECIFIED.)
CURVE()
GEOMETRIC_REPRESENTATION_ITEM()
RATIONAL_B_SPLINE_CURVE((1.,0.707106781186548,1.))
REPRESENTATION_ITEM('')
);
#84=(
BOUNDED_CURVE()
B_SPLINE_CURVE(2,(#4877,#4878,#4879,#4880,#4881),.UNSPECIFIED.,.F.,.F.)
B_SPLINE_CURVE_WITH_KNOTS((3,2,3),(-0.565486677646163,-0.282743338823081,
0.),.UNSPECIFIED.)
CURVE()
GEOMETRIC_REPRESENTATION_ITEM()
RATIONAL_B_SPLINE_CURVE((1.,0.707106781186548,1.,0.707106781186548,1.))
REPRESENTATION_ITEM('')
);
#85=(
BOUNDED_CURVE()
B_SPLINE_CURVE(2,(#4884,#4885,#4886),.UNSPECIFIED.,.F.,.F.)
B_SPLINE_CURVE_WITH_KNOTS((3,3),(1.11022302462516E-16,0.282743338823081),
 .UNSPECIFIED.)
CURVE()
GEOMETRIC_REPRESENTATION_ITEM()
RATIONAL_B_SPLINE_CURVE((1.,0.707106781186548,1.))
REPRESENTATION_ITEM('')
);
#86=(
BOUNDED_CURVE()
B_SPLINE_CURVE(2,(#4889,#4890,#4891,#4892,#4893),.UNSPECIFIED.,.F.,.F.)
B_SPLINE_CURVE_WITH_KNOTS((3,2,3),(-0.565486677646163,-0.282743338823081,
0.),.UNSPECIFIED.)
CURVE()
GEOMETRIC_REPRESENTATION_ITEM()
RATIONAL_B_SPLINE_CURVE((1.,0.707106781186548,1.,0.707106781186548,1.))
REPRESENTATION_ITEM('')
);
#87=(
BOUNDED_CURVE()
B_SPLINE_CURVE(2,(#4894,#4895,#4896,#4897,#4898),.UNSPECIFIED.,.F.,.F.)
B_SPLINE_CURVE_WITH_KNOTS((3,2,3),(0.565486677646163,0.848230016469244,
1.13097335529233),.UNSPECIFIED.)
CURVE()
GEOMETRIC_REPRESENTATION_ITEM()
RATIONAL_B_SPLINE_CURVE((1.,0.707106781186548,1.,0.707106781186548,1.))
REPRESENTATION_ITEM('')
);
#88=(
BOUNDED_CURVE()
B_SPLINE_CURVE(2,(#4899,#4900,#4901,#4902,#4903),.UNSPECIFIED.,.F.,.F.)
B_SPLINE_CURVE_WITH_KNOTS((3,2,3),(0.565486677646163,0.848230016469244,
1.13097335529233),.UNSPECIFIED.)
CURVE()
GEOMETRIC_REPRESENTATION_ITEM()
RATIONAL_B_SPLINE_CURVE((1.,0.707106781186548,1.,0.707106781186548,1.))
REPRESENTATION_ITEM('')
);
#89=(
BOUNDED_CURVE()
B_SPLINE_CURVE(2,(#4967,#4968,#4969),.UNSPECIFIED.,.F.,.F.)
B_SPLINE_CURVE_WITH_KNOTS((3,3),(-0.282743338823081,-1.11022302462516E-16),
 .UNSPECIFIED.)
CURVE()
GEOMETRIC_REPRESENTATION_ITEM()
RATIONAL_B_SPLINE_CURVE((1.,0.707106781186548,1.))
REPRESENTATION_ITEM('')
);
#90=(
BOUNDED_CURVE()
B_SPLINE_CURVE(2,(#4972,#4973,#4974,#4975,#4976),.UNSPECIFIED.,.F.,.F.)
B_SPLINE_CURVE_WITH_KNOTS((3,2,3),(-0.565486677646163,-0.282743338823081,
0.),.UNSPECIFIED.)
CURVE()
GEOMETRIC_REPRESENTATION_ITEM()
RATIONAL_B_SPLINE_CURVE((1.,0.707106781186548,1.,0.707106781186548,1.))
REPRESENTATION_ITEM('')
);
#91=(
BOUNDED_CURVE()
B_SPLINE_CURVE(2,(#4979,#4980,#4981),.UNSPECIFIED.,.F.,.F.)
B_SPLINE_CURVE_WITH_KNOTS((3,3),(1.11022302462516E-16,0.282743338823081),
 .UNSPECIFIED.)
CURVE()
GEOMETRIC_REPRESENTATION_ITEM()
RATIONAL_B_SPLINE_CURVE((1.,0.707106781186548,1.))
REPRESENTATION_ITEM('')
);
#92=(
BOUNDED_CURVE()
B_SPLINE_CURVE(2,(#4984,#4985,#4986,#4987,#4988),.UNSPECIFIED.,.F.,.F.)
B_SPLINE_CURVE_WITH_KNOTS((3,2,3),(-0.565486677646163,-0.282743338823081,
0.),.UNSPECIFIED.)
CURVE()
GEOMETRIC_REPRESENTATION_ITEM()
RATIONAL_B_SPLINE_CURVE((1.,0.707106781186548,1.,0.707106781186548,1.))
REPRESENTATION_ITEM('')
);
#93=(
BOUNDED_CURVE()
B_SPLINE_CURVE(2,(#4989,#4990,#4991,#4992,#4993),.UNSPECIFIED.,.F.,.F.)
B_SPLINE_CURVE_WITH_KNOTS((3,2,3),(0.565486677646163,0.848230016469244,
1.13097335529233),.UNSPECIFIED.)
CURVE()
GEOMETRIC_REPRESENTATION_ITEM()
RATIONAL_B_SPLINE_CURVE((1.,0.707106781186548,1.,0.707106781186548,1.))
REPRESENTATION_ITEM('')
);
#94=(
BOUNDED_CURVE()
B_SPLINE_CURVE(2,(#4994,#4995,#4996,#4997,#4998),.UNSPECIFIED.,.F.,.F.)
B_SPLINE_CURVE_WITH_KNOTS((3,2,3),(0.565486677646163,0.848230016469244,
1.13097335529233),.UNSPECIFIED.)
CURVE()
GEOMETRIC_REPRESENTATION_ITEM()
RATIONAL_B_SPLINE_CURVE((1.,0.707106781186548,1.,0.707106781186548,1.))
REPRESENTATION_ITEM('')
);
#95=(
BOUNDED_CURVE()
B_SPLINE_CURVE(2,(#5062,#5063,#5064),.UNSPECIFIED.,.F.,.F.)
B_SPLINE_CURVE_WITH_KNOTS((3,3),(-0.282743338823081,-1.11022302462516E-16),
 .UNSPECIFIED.)
CURVE()
GEOMETRIC_REPRESENTATION_ITEM()
RATIONAL_B_SPLINE_CURVE((1.,0.707106781186548,1.))
REPRESENTATION_ITEM('')
);
#96=(
BOUNDED_CURVE()
B_SPLINE_CURVE(2,(#5067,#5068,#5069,#5070,#5071),.UNSPECIFIED.,.F.,.F.)
B_SPLINE_CURVE_WITH_KNOTS((3,2,3),(-0.565486677646163,-0.282743338823081,
0.),.UNSPECIFIED.)
CURVE()
GEOMETRIC_REPRESENTATION_ITEM()
RATIONAL_B_SPLINE_CURVE((1.,0.707106781186548,1.,0.707106781186548,1.))
REPRESENTATION_ITEM('')
);
#97=(
BOUNDED_CURVE()
B_SPLINE_CURVE(2,(#5074,#5075,#5076),.UNSPECIFIED.,.F.,.F.)
B_SPLINE_CURVE_WITH_KNOTS((3,3),(1.11022302462516E-16,0.282743338823081),
 .UNSPECIFIED.)
CURVE()
GEOMETRIC_REPRESENTATION_ITEM()
RATIONAL_B_SPLINE_CURVE((1.,0.707106781186548,1.))
REPRESENTATION_ITEM('')
);
#98=(
BOUNDED_CURVE()
B_SPLINE_CURVE(2,(#5079,#5080,#5081,#5082,#5083),.UNSPECIFIED.,.F.,.F.)
B_SPLINE_CURVE_WITH_KNOTS((3,2,3),(-0.565486677646163,-0.282743338823081,
0.),.UNSPECIFIED.)
CURVE()
GEOMETRIC_REPRESENTATION_ITEM()
RATIONAL_B_SPLINE_CURVE((1.,0.707106781186548,1.,0.707106781186548,1.))
REPRESENTATION_ITEM('')
);
#99=(
BOUNDED_CURVE()
B_SPLINE_CURVE(2,(#5084,#5085,#5086,#5087,#5088),.UNSPECIFIED.,.F.,.F.)
B_SPLINE_CURVE_WITH_KNOTS((3,2,3),(0.565486677646163,0.848230016469244,
1.13097335529233),.UNSPECIFIED.)
CURVE()
GEOMETRIC_REPRESENTATION_ITEM()
RATIONAL_B_SPLINE_CURVE((1.,0.707106781186548,1.,0.707106781186548,1.))
REPRESENTATION_ITEM('')
);
#100=(
BOUNDED_CURVE()
B_SPLINE_CURVE(2,(#5089,#5090,#5091,#5092,#5093),.UNSPECIFIED.,.F.,.F.)
B_SPLINE_CURVE_WITH_KNOTS((3,2,3),(0.565486677646163,0.848230016469244,
1.13097335529233),.UNSPECIFIED.)
CURVE()
GEOMETRIC_REPRESENTATION_ITEM()
RATIONAL_B_SPLINE_CURVE((1.,0.707106781186548,1.,0.707106781186548,1.))
REPRESENTATION_ITEM('')
);
#101=(
BOUNDED_CURVE()
B_SPLINE_CURVE(2,(#5157,#5158,#5159),.UNSPECIFIED.,.F.,.F.)
B_SPLINE_CURVE_WITH_KNOTS((3,3),(-0.282743338823081,-1.11022302462516E-16),
 .UNSPECIFIED.)
CURVE()
GEOMETRIC_REPRESENTATION_ITEM()
RATIONAL_B_SPLINE_CURVE((1.,0.707106781186548,1.))
REPRESENTATION_ITEM('')
);
#102=(
BOUNDED_CURVE()
B_SPLINE_CURVE(2,(#5162,#5163,#5164,#5165,#5166),.UNSPECIFIED.,.F.,.F.)
B_SPLINE_CURVE_WITH_KNOTS((3,2,3),(-0.565486677646163,-0.282743338823081,
0.),.UNSPECIFIED.)
CURVE()
GEOMETRIC_REPRESENTATION_ITEM()
RATIONAL_B_SPLINE_CURVE((1.,0.707106781186548,1.,0.707106781186548,1.))
REPRESENTATION_ITEM('')
);
#103=(
BOUNDED_CURVE()
B_SPLINE_CURVE(2,(#5169,#5170,#5171),.UNSPECIFIED.,.F.,.F.)
B_SPLINE_CURVE_WITH_KNOTS((3,3),(1.11022302462516E-16,0.282743338823081),
 .UNSPECIFIED.)
CURVE()
GEOMETRIC_REPRESENTATION_ITEM()
RATIONAL_B_SPLINE_CURVE((1.,0.707106781186548,1.))
REPRESENTATION_ITEM('')
);
#104=(
BOUNDED_CURVE()
B_SPLINE_CURVE(2,(#5174,#5175,#5176,#5177,#5178),.UNSPECIFIED.,.F.,.F.)
B_SPLINE_CURVE_WITH_KNOTS((3,2,3),(-0.565486677646163,-0.282743338823081,
0.),.UNSPECIFIED.)
CURVE()
GEOMETRIC_REPRESENTATION_ITEM()
RATIONAL_B_SPLINE_CURVE((1.,0.707106781186548,1.,0.707106781186548,1.))
REPRESENTATION_ITEM('')
);
#105=(
BOUNDED_CURVE()
B_SPLINE_CURVE(2,(#5179,#5180,#5181,#5182,#5183),.UNSPECIFIED.,.F.,.F.)
B_SPLINE_CURVE_WITH_KNOTS((3,2,3),(0.565486677646163,0.848230016469244,
1.13097335529233),.UNSPECIFIED.)
CURVE()
GEOMETRIC_REPRESENTATION_ITEM()
RATIONAL_B_SPLINE_CURVE((1.,0.707106781186548,1.,0.707106781186548,1.))
REPRESENTATION_ITEM('')
);
#106=(
BOUNDED_CURVE()
B_SPLINE_CURVE(2,(#5184,#5185,#5186,#5187,#5188),.UNSPECIFIED.,.F.,.F.)
B_SPLINE_CURVE_WITH_KNOTS((3,2,3),(0.565486677646163,0.848230016469244,
1.13097335529233),.UNSPECIFIED.)
CURVE()
GEOMETRIC_REPRESENTATION_ITEM()
RATIONAL_B_SPLINE_CURVE((1.,0.707106781186548,1.,0.707106781186548,1.))
REPRESENTATION_ITEM('')
);
#107=(
BOUNDED_CURVE()
B_SPLINE_CURVE(2,(#5252,#5253,#5254),.UNSPECIFIED.,.F.,.F.)
B_SPLINE_CURVE_WITH_KNOTS((3,3),(-0.282743338823081,-1.11022302462516E-16),
 .UNSPECIFIED.)
CURVE()
GEOMETRIC_REPRESENTATION_ITEM()
RATIONAL_B_SPLINE_CURVE((1.,0.707106781186548,1.))
REPRESENTATION_ITEM('')
);
#108=(
BOUNDED_CURVE()
B_SPLINE_CURVE(2,(#5257,#5258,#5259,#5260,#5261),.UNSPECIFIED.,.F.,.F.)
B_SPLINE_CURVE_WITH_KNOTS((3,2,3),(-0.565486677646163,-0.282743338823081,
0.),.UNSPECIFIED.)
CURVE()
GEOMETRIC_REPRESENTATION_ITEM()
RATIONAL_B_SPLINE_CURVE((1.,0.707106781186548,1.,0.707106781186548,1.))
REPRESENTATION_ITEM('')
);
#109=(
BOUNDED_CURVE()
B_SPLINE_CURVE(2,(#5264,#5265,#5266),.UNSPECIFIED.,.F.,.F.)
B_SPLINE_CURVE_WITH_KNOTS((3,3),(1.11022302462516E-16,0.282743338823081),
 .UNSPECIFIED.)
CURVE()
GEOMETRIC_REPRESENTATION_ITEM()
RATIONAL_B_SPLINE_CURVE((1.,0.707106781186548,1.))
REPRESENTATION_ITEM('')
);
#110=(
BOUNDED_CURVE()
B_SPLINE_CURVE(2,(#5269,#5270,#5271,#5272,#5273),.UNSPECIFIED.,.F.,.F.)
B_SPLINE_CURVE_WITH_KNOTS((3,2,3),(-0.565486677646163,-0.282743338823081,
0.),.UNSPECIFIED.)
CURVE()
GEOMETRIC_REPRESENTATION_ITEM()
RATIONAL_B_SPLINE_CURVE((1.,0.707106781186548,1.,0.707106781186548,1.))
REPRESENTATION_ITEM('')
);
#111=(
BOUNDED_CURVE()
B_SPLINE_CURVE(2,(#5274,#5275,#5276,#5277,#5278),.UNSPECIFIED.,.F.,.F.)
B_SPLINE_CURVE_WITH_KNOTS((3,2,3),(0.565486677646163,0.848230016469244,
1.13097335529233),.UNSPECIFIED.)
CURVE()
GEOMETRIC_REPRESENTATION_ITEM()
RATIONAL_B_SPLINE_CURVE((1.,0.707106781186548,1.,0.707106781186548,1.))
REPRESENTATION_ITEM('')
);
#112=(
BOUNDED_CURVE()
B_SPLINE_CURVE(2,(#5279,#5280,#5281,#5282,#5283),.UNSPECIFIED.,.F.,.F.)
B_SPLINE_CURVE_WITH_KNOTS((3,2,3),(0.565486677646163,0.848230016469244,
1.13097335529233),.UNSPECIFIED.)
CURVE()
GEOMETRIC_REPRESENTATION_ITEM()
RATIONAL_B_SPLINE_CURVE((1.,0.707106781186548,1.,0.707106781186548,1.))
REPRESENTATION_ITEM('')
);
#113=(
BOUNDED_CURVE()
B_SPLINE_CURVE(2,(#5347,#5348,#5349),.UNSPECIFIED.,.F.,.F.)
B_SPLINE_CURVE_WITH_KNOTS((3,3),(-0.282743338823081,-1.11022302462516E-16),
 .UNSPECIFIED.)
CURVE()
GEOMETRIC_REPRESENTATION_ITEM()
RATIONAL_B_SPLINE_CURVE((1.,0.707106781186548,1.))
REPRESENTATION_ITEM('')
);
#114=(
BOUNDED_CURVE()
B_SPLINE_CURVE(2,(#5352,#5353,#5354,#5355,#5356),.UNSPECIFIED.,.F.,.F.)
B_SPLINE_CURVE_WITH_KNOTS((3,2,3),(-0.565486677646163,-0.282743338823081,
0.),.UNSPECIFIED.)
CURVE()
GEOMETRIC_REPRESENTATION_ITEM()
RATIONAL_B_SPLINE_CURVE((1.,0.707106781186548,1.,0.707106781186548,1.))
REPRESENTATION_ITEM('')
);
#115=(
BOUNDED_CURVE()
B_SPLINE_CURVE(2,(#5359,#5360,#5361),.UNSPECIFIED.,.F.,.F.)
B_SPLINE_CURVE_WITH_KNOTS((3,3),(1.11022302462516E-16,0.282743338823081),
 .UNSPECIFIED.)
CURVE()
GEOMETRIC_REPRESENTATION_ITEM()
RATIONAL_B_SPLINE_CURVE((1.,0.707106781186548,1.))
REPRESENTATION_ITEM('')
);
#116=(
BOUNDED_CURVE()
B_SPLINE_CURVE(2,(#5364,#5365,#5366,#5367,#5368),.UNSPECIFIED.,.F.,.F.)
B_SPLINE_CURVE_WITH_KNOTS((3,2,3),(-0.565486677646163,-0.282743338823081,
0.),.UNSPECIFIED.)
CURVE()
GEOMETRIC_REPRESENTATION_ITEM()
RATIONAL_B_SPLINE_CURVE((1.,0.707106781186548,1.,0.707106781186548,1.))
REPRESENTATION_ITEM('')
);
#117=(
BOUNDED_CURVE()
B_SPLINE_CURVE(2,(#5369,#5370,#5371,#5372,#5373),.UNSPECIFIED.,.F.,.F.)
B_SPLINE_CURVE_WITH_KNOTS((3,2,3),(0.565486677646163,0.848230016469244,
1.13097335529233),.UNSPECIFIED.)
CURVE()
GEOMETRIC_REPRESENTATION_ITEM()
RATIONAL_B_SPLINE_CURVE((1.,0.707106781186548,1.,0.707106781186548,1.))
REPRESENTATION_ITEM('')
);
#118=(
BOUNDED_CURVE()
B_SPLINE_CURVE(2,(#5374,#5375,#5376,#5377,#5378),.UNSPECIFIED.,.F.,.F.)
B_SPLINE_CURVE_WITH_KNOTS((3,2,3),(0.565486677646163,0.848230016469244,
1.13097335529233),.UNSPECIFIED.)
CURVE()
GEOMETRIC_REPRESENTATION_ITEM()
RATIONAL_B_SPLINE_CURVE((1.,0.707106781186548,1.,0.707106781186548,1.))
REPRESENTATION_ITEM('')
);
#119=(
BOUNDED_CURVE()
B_SPLINE_CURVE(2,(#5442,#5443,#5444),.UNSPECIFIED.,.F.,.F.)
B_SPLINE_CURVE_WITH_KNOTS((3,3),(-0.282743338823081,-1.11022302462516E-16),
 .UNSPECIFIED.)
CURVE()
GEOMETRIC_REPRESENTATION_ITEM()
RATIONAL_B_SPLINE_CURVE((1.,0.707106781186548,1.))
REPRESENTATION_ITEM('')
);
#120=(
BOUNDED_CURVE()
B_SPLINE_CURVE(2,(#5447,#5448,#5449,#5450,#5451),.UNSPECIFIED.,.F.,.F.)
B_SPLINE_CURVE_WITH_KNOTS((3,2,3),(-0.565486677646163,-0.282743338823081,
0.),.UNSPECIFIED.)
CURVE()
GEOMETRIC_REPRESENTATION_ITEM()
RATIONAL_B_SPLINE_CURVE((1.,0.707106781186548,1.,0.707106781186548,1.))
REPRESENTATION_ITEM('')
);
#121=(
BOUNDED_CURVE()
B_SPLINE_CURVE(2,(#5454,#5455,#5456),.UNSPECIFIED.,.F.,.F.)
B_SPLINE_CURVE_WITH_KNOTS((3,3),(1.11022302462516E-16,0.282743338823081),
 .UNSPECIFIED.)
CURVE()
GEOMETRIC_REPRESENTATION_ITEM()
RATIONAL_B_SPLINE_CURVE((1.,0.707106781186548,1.))
REPRESENTATION_ITEM('')
);
#122=(
BOUNDED_CURVE()
B_SPLINE_CURVE(2,(#5459,#5460,#5461,#5462,#5463),.UNSPECIFIED.,.F.,.F.)
B_SPLINE_CURVE_WITH_KNOTS((3,2,3),(-0.565486677646163,-0.282743338823081,
0.),.UNSPECIFIED.)
CURVE()
GEOMETRIC_REPRESENTATION_ITEM()
RATIONAL_B_SPLINE_CURVE((1.,0.707106781186548,1.,0.707106781186548,1.))
REPRESENTATION_ITEM('')
);
#123=(
BOUNDED_CURVE()
B_SPLINE_CURVE(2,(#5464,#5465,#5466,#5467,#5468),.UNSPECIFIED.,.F.,.F.)
B_SPLINE_CURVE_WITH_KNOTS((3,2,3),(0.565486677646163,0.848230016469244,
1.13097335529233),.UNSPECIFIED.)
CURVE()
GEOMETRIC_REPRESENTATION_ITEM()
RATIONAL_B_SPLINE_CURVE((1.,0.707106781186548,1.,0.707106781186548,1.))
REPRESENTATION_ITEM('')
);
#124=(
BOUNDED_CURVE()
B_SPLINE_CURVE(2,(#5469,#5470,#5471,#5472,#5473),.UNSPECIFIED.,.F.,.F.)
B_SPLINE_CURVE_WITH_KNOTS((3,2,3),(0.565486677646163,0.848230016469244,
1.13097335529233),.UNSPECIFIED.)
CURVE()
GEOMETRIC_REPRESENTATION_ITEM()
RATIONAL_B_SPLINE_CURVE((1.,0.707106781186548,1.,0.707106781186548,1.))
REPRESENTATION_ITEM('')
);
#125=(
BOUNDED_CURVE()
B_SPLINE_CURVE(2,(#5537,#5538,#5539),.UNSPECIFIED.,.F.,.F.)
B_SPLINE_CURVE_WITH_KNOTS((3,3),(-0.282743338823081,-1.11022302462516E-16),
 .UNSPECIFIED.)
CURVE()
GEOMETRIC_REPRESENTATION_ITEM()
RATIONAL_B_SPLINE_CURVE((1.,0.707106781186548,1.))
REPRESENTATION_ITEM('')
);
#126=(
BOUNDED_CURVE()
B_SPLINE_CURVE(2,(#5542,#5543,#5544,#5545,#5546),.UNSPECIFIED.,.F.,.F.)
B_SPLINE_CURVE_WITH_KNOTS((3,2,3),(-0.565486677646163,-0.282743338823081,
0.),.UNSPECIFIED.)
CURVE()
GEOMETRIC_REPRESENTATION_ITEM()
RATIONAL_B_SPLINE_CURVE((1.,0.707106781186548,1.,0.707106781186548,1.))
REPRESENTATION_ITEM('')
);
#127=(
BOUNDED_CURVE()
B_SPLINE_CURVE(2,(#5549,#5550,#5551),.UNSPECIFIED.,.F.,.F.)
B_SPLINE_CURVE_WITH_KNOTS((3,3),(1.11022302462516E-16,0.282743338823081),
 .UNSPECIFIED.)
CURVE()
GEOMETRIC_REPRESENTATION_ITEM()
RATIONAL_B_SPLINE_CURVE((1.,0.707106781186548,1.))
REPRESENTATION_ITEM('')
);
#128=(
BOUNDED_CURVE()
B_SPLINE_CURVE(2,(#5554,#5555,#5556,#5557,#5558),.UNSPECIFIED.,.F.,.F.)
B_SPLINE_CURVE_WITH_KNOTS((3,2,3),(-0.565486677646163,-0.282743338823081,
0.),.UNSPECIFIED.)
CURVE()
GEOMETRIC_REPRESENTATION_ITEM()
RATIONAL_B_SPLINE_CURVE((1.,0.707106781186548,1.,0.707106781186548,1.))
REPRESENTATION_ITEM('')
);
#129=(
BOUNDED_CURVE()
B_SPLINE_CURVE(2,(#5559,#5560,#5561,#5562,#5563),.UNSPECIFIED.,.F.,.F.)
B_SPLINE_CURVE_WITH_KNOTS((3,2,3),(0.565486677646163,0.848230016469244,
1.13097335529233),.UNSPECIFIED.)
CURVE()
GEOMETRIC_REPRESENTATION_ITEM()
RATIONAL_B_SPLINE_CURVE((1.,0.707106781186548,1.,0.707106781186548,1.))
REPRESENTATION_ITEM('')
);
#130=(
BOUNDED_CURVE()
B_SPLINE_CURVE(2,(#5564,#5565,#5566,#5567,#5568),.UNSPECIFIED.,.F.,.F.)
B_SPLINE_CURVE_WITH_KNOTS((3,2,3),(0.565486677646163,0.848230016469244,
1.13097335529233),.UNSPECIFIED.)
CURVE()
GEOMETRIC_REPRESENTATION_ITEM()
RATIONAL_B_SPLINE_CURVE((1.,0.707106781186548,1.,0.707106781186548,1.))
REPRESENTATION_ITEM('')
);
#131=(
BOUNDED_CURVE()
B_SPLINE_CURVE(2,(#5632,#5633,#5634),.UNSPECIFIED.,.F.,.F.)
B_SPLINE_CURVE_WITH_KNOTS((3,3),(-0.282743338823081,-1.11022302462516E-16),
 .UNSPECIFIED.)
CURVE()
GEOMETRIC_REPRESENTATION_ITEM()
RATIONAL_B_SPLINE_CURVE((1.,0.707106781186548,1.))
REPRESENTATION_ITEM('')
);
#132=(
BOUNDED_CURVE()
B_SPLINE_CURVE(2,(#5637,#5638,#5639,#5640,#5641),.UNSPECIFIED.,.F.,.F.)
B_SPLINE_CURVE_WITH_KNOTS((3,2,3),(-0.565486677646163,-0.282743338823081,
0.),.UNSPECIFIED.)
CURVE()
GEOMETRIC_REPRESENTATION_ITEM()
RATIONAL_B_SPLINE_CURVE((1.,0.707106781186548,1.,0.707106781186548,1.))
REPRESENTATION_ITEM('')
);
#133=(
BOUNDED_CURVE()
B_SPLINE_CURVE(2,(#5644,#5645,#5646),.UNSPECIFIED.,.F.,.F.)
B_SPLINE_CURVE_WITH_KNOTS((3,3),(1.11022302462516E-16,0.282743338823081),
 .UNSPECIFIED.)
CURVE()
GEOMETRIC_REPRESENTATION_ITEM()
RATIONAL_B_SPLINE_CURVE((1.,0.707106781186548,1.))
REPRESENTATION_ITEM('')
);
#134=(
BOUNDED_CURVE()
B_SPLINE_CURVE(2,(#5649,#5650,#5651,#5652,#5653),.UNSPECIFIED.,.F.,.F.)
B_SPLINE_CURVE_WITH_KNOTS((3,2,3),(-0.565486677646163,-0.282743338823081,
0.),.UNSPECIFIED.)
CURVE()
GEOMETRIC_REPRESENTATION_ITEM()
RATIONAL_B_SPLINE_CURVE((1.,0.707106781186548,1.,0.707106781186548,1.))
REPRESENTATION_ITEM('')
);
#135=(
BOUNDED_CURVE()
B_SPLINE_CURVE(2,(#5654,#5655,#5656,#5657,#5658),.UNSPECIFIED.,.F.,.F.)
B_SPLINE_CURVE_WITH_KNOTS((3,2,3),(0.565486677646163,0.848230016469244,
1.13097335529233),.UNSPECIFIED.)
CURVE()
GEOMETRIC_REPRESENTATION_ITEM()
RATIONAL_B_SPLINE_CURVE((1.,0.707106781186548,1.,0.707106781186548,1.))
REPRESENTATION_ITEM('')
);
#136=(
BOUNDED_CURVE()
B_SPLINE_CURVE(2,(#5659,#5660,#5661,#5662,#5663),.UNSPECIFIED.,.F.,.F.)
B_SPLINE_CURVE_WITH_KNOTS((3,2,3),(0.565486677646163,0.848230016469244,
1.13097335529233),.UNSPECIFIED.)
CURVE()
GEOMETRIC_REPRESENTATION_ITEM()
RATIONAL_B_SPLINE_CURVE((1.,0.707106781186548,1.,0.707106781186548,1.))
REPRESENTATION_ITEM('')
);
#137=(
BOUNDED_CURVE()
B_SPLINE_CURVE(2,(#5727,#5728,#5729),.UNSPECIFIED.,.F.,.F.)
B_SPLINE_CURVE_WITH_KNOTS((3,3),(-0.282743338823081,-1.11022302462516E-16),
 .UNSPECIFIED.)
CURVE()
GEOMETRIC_REPRESENTATION_ITEM()
RATIONAL_B_SPLINE_CURVE((1.,0.707106781186548,1.))
REPRESENTATION_ITEM('')
);
#138=(
BOUNDED_CURVE()
B_SPLINE_CURVE(2,(#5732,#5733,#5734,#5735,#5736),.UNSPECIFIED.,.F.,.F.)
B_SPLINE_CURVE_WITH_KNOTS((3,2,3),(-0.565486677646163,-0.282743338823081,
0.),.UNSPECIFIED.)
CURVE()
GEOMETRIC_REPRESENTATION_ITEM()
RATIONAL_B_SPLINE_CURVE((1.,0.707106781186548,1.,0.707106781186548,1.))
REPRESENTATION_ITEM('')
);
#139=(
BOUNDED_CURVE()
B_SPLINE_CURVE(2,(#5739,#5740,#5741),.UNSPECIFIED.,.F.,.F.)
B_SPLINE_CURVE_WITH_KNOTS((3,3),(1.11022302462516E-16,0.282743338823081),
 .UNSPECIFIED.)
CURVE()
GEOMETRIC_REPRESENTATION_ITEM()
RATIONAL_B_SPLINE_CURVE((1.,0.707106781186548,1.))
REPRESENTATION_ITEM('')
);
#140=(
BOUNDED_CURVE()
B_SPLINE_CURVE(2,(#5744,#5745,#5746,#5747,#5748),.UNSPECIFIED.,.F.,.F.)
B_SPLINE_CURVE_WITH_KNOTS((3,2,3),(-0.565486677646163,-0.282743338823081,
0.),.UNSPECIFIED.)
CURVE()
GEOMETRIC_REPRESENTATION_ITEM()
RATIONAL_B_SPLINE_CURVE((1.,0.707106781186548,1.,0.707106781186548,1.))
REPRESENTATION_ITEM('')
);
#141=(
BOUNDED_CURVE()
B_SPLINE_CURVE(2,(#5749,#5750,#5751,#5752,#5753),.UNSPECIFIED.,.F.,.F.)
B_SPLINE_CURVE_WITH_KNOTS((3,2,3),(0.565486677646163,0.848230016469244,
1.13097335529233),.UNSPECIFIED.)
CURVE()
GEOMETRIC_REPRESENTATION_ITEM()
RATIONAL_B_SPLINE_CURVE((1.,0.707106781186548,1.,0.707106781186548,1.))
REPRESENTATION_ITEM('')
);
#142=(
BOUNDED_CURVE()
B_SPLINE_CURVE(2,(#5754,#5755,#5756,#5757,#5758),.UNSPECIFIED.,.F.,.F.)
B_SPLINE_CURVE_WITH_KNOTS((3,2,3),(0.565486677646163,0.848230016469244,
1.13097335529233),.UNSPECIFIED.)
CURVE()
GEOMETRIC_REPRESENTATION_ITEM()
RATIONAL_B_SPLINE_CURVE((1.,0.707106781186548,1.,0.707106781186548,1.))
REPRESENTATION_ITEM('')
);
#143=(
BOUNDED_CURVE()
B_SPLINE_CURVE(2,(#5822,#5823,#5824),.UNSPECIFIED.,.F.,.F.)
B_SPLINE_CURVE_WITH_KNOTS((3,3),(-0.282743338823081,-1.11022302462516E-16),
 .UNSPECIFIED.)
CURVE()
GEOMETRIC_REPRESENTATION_ITEM()
RATIONAL_B_SPLINE_CURVE((1.,0.707106781186548,1.))
REPRESENTATION_ITEM('')
);
#144=(
BOUNDED_CURVE()
B_SPLINE_CURVE(2,(#5827,#5828,#5829,#5830,#5831),.UNSPECIFIED.,.F.,.F.)
B_SPLINE_CURVE_WITH_KNOTS((3,2,3),(-0.565486677646163,-0.282743338823081,
0.),.UNSPECIFIED.)
CURVE()
GEOMETRIC_REPRESENTATION_ITEM()
RATIONAL_B_SPLINE_CURVE((1.,0.707106781186548,1.,0.707106781186548,1.))
REPRESENTATION_ITEM('')
);
#145=(
BOUNDED_CURVE()
B_SPLINE_CURVE(2,(#5834,#5835,#5836),.UNSPECIFIED.,.F.,.F.)
B_SPLINE_CURVE_WITH_KNOTS((3,3),(1.11022302462516E-16,0.282743338823081),
 .UNSPECIFIED.)
CURVE()
GEOMETRIC_REPRESENTATION_ITEM()
RATIONAL_B_SPLINE_CURVE((1.,0.707106781186548,1.))
REPRESENTATION_ITEM('')
);
#146=(
BOUNDED_CURVE()
B_SPLINE_CURVE(2,(#5839,#5840,#5841,#5842,#5843),.UNSPECIFIED.,.F.,.F.)
B_SPLINE_CURVE_WITH_KNOTS((3,2,3),(-0.565486677646163,-0.282743338823081,
0.),.UNSPECIFIED.)
CURVE()
GEOMETRIC_REPRESENTATION_ITEM()
RATIONAL_B_SPLINE_CURVE((1.,0.707106781186548,1.,0.707106781186548,1.))
REPRESENTATION_ITEM('')
);
#147=(
BOUNDED_CURVE()
B_SPLINE_CURVE(2,(#5844,#5845,#5846,#5847,#5848),.UNSPECIFIED.,.F.,.F.)
B_SPLINE_CURVE_WITH_KNOTS((3,2,3),(0.565486677646163,0.848230016469244,
1.13097335529233),.UNSPECIFIED.)
CURVE()
GEOMETRIC_REPRESENTATION_ITEM()
RATIONAL_B_SPLINE_CURVE((1.,0.707106781186548,1.,0.707106781186548,1.))
REPRESENTATION_ITEM('')
);
#148=(
BOUNDED_CURVE()
B_SPLINE_CURVE(2,(#5849,#5850,#5851,#5852,#5853),.UNSPECIFIED.,.F.,.F.)
B_SPLINE_CURVE_WITH_KNOTS((3,2,3),(0.565486677646163,0.848230016469244,
1.13097335529233),.UNSPECIFIED.)
CURVE()
GEOMETRIC_REPRESENTATION_ITEM()
RATIONAL_B_SPLINE_CURVE((1.,0.707106781186548,1.,0.707106781186548,1.))
REPRESENTATION_ITEM('')
);
#149=(
BOUNDED_CURVE()
B_SPLINE_CURVE(2,(#5917,#5918,#5919),.UNSPECIFIED.,.F.,.F.)
B_SPLINE_CURVE_WITH_KNOTS((3,3),(-0.282743338823081,-1.11022302462516E-16),
 .UNSPECIFIED.)
CURVE()
GEOMETRIC_REPRESENTATION_ITEM()
RATIONAL_B_SPLINE_CURVE((1.,0.707106781186548,1.))
REPRESENTATION_ITEM('')
);
#150=(
BOUNDED_CURVE()
B_SPLINE_CURVE(2,(#5922,#5923,#5924,#5925,#5926),.UNSPECIFIED.,.F.,.F.)
B_SPLINE_CURVE_WITH_KNOTS((3,2,3),(-0.565486677646163,-0.282743338823081,
0.),.UNSPECIFIED.)
CURVE()
GEOMETRIC_REPRESENTATION_ITEM()
RATIONAL_B_SPLINE_CURVE((1.,0.707106781186548,1.,0.707106781186548,1.))
REPRESENTATION_ITEM('')
);
#151=(
BOUNDED_CURVE()
B_SPLINE_CURVE(2,(#5929,#5930,#5931),.UNSPECIFIED.,.F.,.F.)
B_SPLINE_CURVE_WITH_KNOTS((3,3),(1.11022302462516E-16,0.282743338823081),
 .UNSPECIFIED.)
CURVE()
GEOMETRIC_REPRESENTATION_ITEM()
RATIONAL_B_SPLINE_CURVE((1.,0.707106781186548,1.))
REPRESENTATION_ITEM('')
);
#152=(
BOUNDED_CURVE()
B_SPLINE_CURVE(2,(#5934,#5935,#5936,#5937,#5938),.UNSPECIFIED.,.F.,.F.)
B_SPLINE_CURVE_WITH_KNOTS((3,2,3),(-0.565486677646163,-0.282743338823081,
0.),.UNSPECIFIED.)
CURVE()
GEOMETRIC_REPRESENTATION_ITEM()
RATIONAL_B_SPLINE_CURVE((1.,0.707106781186548,1.,0.707106781186548,1.))
REPRESENTATION_ITEM('')
);
#153=(
BOUNDED_CURVE()
B_SPLINE_CURVE(2,(#5939,#5940,#5941,#5942,#5943),.UNSPECIFIED.,.F.,.F.)
B_SPLINE_CURVE_WITH_KNOTS((3,2,3),(0.565486677646163,0.848230016469244,
1.13097335529233),.UNSPECIFIED.)
CURVE()
GEOMETRIC_REPRESENTATION_ITEM()
RATIONAL_B_SPLINE_CURVE((1.,0.707106781186548,1.,0.707106781186548,1.))
REPRESENTATION_ITEM('')
);
#154=(
BOUNDED_CURVE()
B_SPLINE_CURVE(2,(#5944,#5945,#5946,#5947,#5948),.UNSPECIFIED.,.F.,.F.)
B_SPLINE_CURVE_WITH_KNOTS((3,2,3),(0.565486677646163,0.848230016469244,
1.13097335529233),.UNSPECIFIED.)
CURVE()
GEOMETRIC_REPRESENTATION_ITEM()
RATIONAL_B_SPLINE_CURVE((1.,0.707106781186548,1.,0.707106781186548,1.))
REPRESENTATION_ITEM('')
);
#155=(
BOUNDED_CURVE()
B_SPLINE_CURVE(2,(#6012,#6013,#6014),.UNSPECIFIED.,.F.,.F.)
B_SPLINE_CURVE_WITH_KNOTS((3,3),(-0.282743338823081,-1.11022302462516E-16),
 .UNSPECIFIED.)
CURVE()
GEOMETRIC_REPRESENTATION_ITEM()
RATIONAL_B_SPLINE_CURVE((1.,0.707106781186548,1.))
REPRESENTATION_ITEM('')
);
#156=(
BOUNDED_CURVE()
B_SPLINE_CURVE(2,(#6017,#6018,#6019,#6020,#6021),.UNSPECIFIED.,.F.,.F.)
B_SPLINE_CURVE_WITH_KNOTS((3,2,3),(-0.565486677646163,-0.282743338823081,
0.),.UNSPECIFIED.)
CURVE()
GEOMETRIC_REPRESENTATION_ITEM()
RATIONAL_B_SPLINE_CURVE((1.,0.707106781186548,1.,0.707106781186548,1.))
REPRESENTATION_ITEM('')
);
#157=(
BOUNDED_CURVE()
B_SPLINE_CURVE(2,(#6024,#6025,#6026),.UNSPECIFIED.,.F.,.F.)
B_SPLINE_CURVE_WITH_KNOTS((3,3),(1.11022302462516E-16,0.282743338823081),
 .UNSPECIFIED.)
CURVE()
GEOMETRIC_REPRESENTATION_ITEM()
RATIONAL_B_SPLINE_CURVE((1.,0.707106781186548,1.))
REPRESENTATION_ITEM('')
);
#158=(
BOUNDED_CURVE()
B_SPLINE_CURVE(2,(#6029,#6030,#6031,#6032,#6033),.UNSPECIFIED.,.F.,.F.)
B_SPLINE_CURVE_WITH_KNOTS((3,2,3),(-0.565486677646163,-0.282743338823081,
0.),.UNSPECIFIED.)
CURVE()
GEOMETRIC_REPRESENTATION_ITEM()
RATIONAL_B_SPLINE_CURVE((1.,0.707106781186548,1.,0.707106781186548,1.))
REPRESENTATION_ITEM('')
);
#159=(
BOUNDED_CURVE()
B_SPLINE_CURVE(2,(#6034,#6035,#6036,#6037,#6038),.UNSPECIFIED.,.F.,.F.)
B_SPLINE_CURVE_WITH_KNOTS((3,2,3),(0.565486677646163,0.848230016469244,
1.13097335529233),.UNSPECIFIED.)
CURVE()
GEOMETRIC_REPRESENTATION_ITEM()
RATIONAL_B_SPLINE_CURVE((1.,0.707106781186548,1.,0.707106781186548,1.))
REPRESENTATION_ITEM('')
);
#160=(
BOUNDED_CURVE()
B_SPLINE_CURVE(2,(#6039,#6040,#6041,#6042,#6043),.UNSPECIFIED.,.F.,.F.)
B_SPLINE_CURVE_WITH_KNOTS((3,2,3),(0.565486677646163,0.848230016469244,
1.13097335529233),.UNSPECIFIED.)
CURVE()
GEOMETRIC_REPRESENTATION_ITEM()
RATIONAL_B_SPLINE_CURVE((1.,0.707106781186548,1.,0.707106781186548,1.))
REPRESENTATION_ITEM('')
);
#161=(
BOUNDED_CURVE()
B_SPLINE_CURVE(2,(#6107,#6108,#6109),.UNSPECIFIED.,.F.,.F.)
B_SPLINE_CURVE_WITH_KNOTS((3,3),(-0.282743338823081,-1.11022302462516E-16),
 .UNSPECIFIED.)
CURVE()
GEOMETRIC_REPRESENTATION_ITEM()
RATIONAL_B_SPLINE_CURVE((1.,0.707106781186548,1.))
REPRESENTATION_ITEM('')
);
#162=(
BOUNDED_CURVE()
B_SPLINE_CURVE(2,(#6112,#6113,#6114,#6115,#6116),.UNSPECIFIED.,.F.,.F.)
B_SPLINE_CURVE_WITH_KNOTS((3,2,3),(-0.565486677646163,-0.282743338823081,
0.),.UNSPECIFIED.)
CURVE()
GEOMETRIC_REPRESENTATION_ITEM()
RATIONAL_B_SPLINE_CURVE((1.,0.707106781186548,1.,0.707106781186548,1.))
REPRESENTATION_ITEM('')
);
#163=(
BOUNDED_CURVE()
B_SPLINE_CURVE(2,(#6119,#6120,#6121),.UNSPECIFIED.,.F.,.F.)
B_SPLINE_CURVE_WITH_KNOTS((3,3),(1.11022302462516E-16,0.282743338823081),
 .UNSPECIFIED.)
CURVE()
GEOMETRIC_REPRESENTATION_ITEM()
RATIONAL_B_SPLINE_CURVE((1.,0.707106781186548,1.))
REPRESENTATION_ITEM('')
);
#164=(
BOUNDED_CURVE()
B_SPLINE_CURVE(2,(#6124,#6125,#6126,#6127,#6128),.UNSPECIFIED.,.F.,.F.)
B_SPLINE_CURVE_WITH_KNOTS((3,2,3),(-0.565486677646163,-0.282743338823081,
0.),.UNSPECIFIED.)
CURVE()
GEOMETRIC_REPRESENTATION_ITEM()
RATIONAL_B_SPLINE_CURVE((1.,0.707106781186548,1.,0.707106781186548,1.))
REPRESENTATION_ITEM('')
);
#165=(
BOUNDED_CURVE()
B_SPLINE_CURVE(2,(#6129,#6130,#6131,#6132,#6133),.UNSPECIFIED.,.F.,.F.)
B_SPLINE_CURVE_WITH_KNOTS((3,2,3),(0.565486677646163,0.848230016469244,
1.13097335529233),.UNSPECIFIED.)
CURVE()
GEOMETRIC_REPRESENTATION_ITEM()
RATIONAL_B_SPLINE_CURVE((1.,0.707106781186548,1.,0.707106781186548,1.))
REPRESENTATION_ITEM('')
);
#166=(
BOUNDED_CURVE()
B_SPLINE_CURVE(2,(#6134,#6135,#6136,#6137,#6138),.UNSPECIFIED.,.F.,.F.)
B_SPLINE_CURVE_WITH_KNOTS((3,2,3),(0.565486677646163,0.848230016469244,
1.13097335529233),.UNSPECIFIED.)
CURVE()
GEOMETRIC_REPRESENTATION_ITEM()
RATIONAL_B_SPLINE_CURVE((1.,0.707106781186548,1.,0.707106781186548,1.))
REPRESENTATION_ITEM('')
);
#167=(
BOUNDED_CURVE()
B_SPLINE_CURVE(2,(#6202,#6203,#6204),.UNSPECIFIED.,.F.,.F.)
B_SPLINE_CURVE_WITH_KNOTS((3,3),(-0.282743338823081,-1.11022302462516E-16),
 .UNSPECIFIED.)
CURVE()
GEOMETRIC_REPRESENTATION_ITEM()
RATIONAL_B_SPLINE_CURVE((1.,0.707106781186548,1.))
REPRESENTATION_ITEM('')
);
#168=(
BOUNDED_CURVE()
B_SPLINE_CURVE(2,(#6207,#6208,#6209,#6210,#6211),.UNSPECIFIED.,.F.,.F.)
B_SPLINE_CURVE_WITH_KNOTS((3,2,3),(-0.565486677646163,-0.282743338823081,
0.),.UNSPECIFIED.)
CURVE()
GEOMETRIC_REPRESENTATION_ITEM()
RATIONAL_B_SPLINE_CURVE((1.,0.707106781186548,1.,0.707106781186548,1.))
REPRESENTATION_ITEM('')
);
#169=(
BOUNDED_CURVE()
B_SPLINE_CURVE(2,(#6214,#6215,#6216),.UNSPECIFIED.,.F.,.F.)
B_SPLINE_CURVE_WITH_KNOTS((3,3),(1.11022302462516E-16,0.282743338823081),
 .UNSPECIFIED.)
CURVE()
GEOMETRIC_REPRESENTATION_ITEM()
RATIONAL_B_SPLINE_CURVE((1.,0.707106781186548,1.))
REPRESENTATION_ITEM('')
);
#170=(
BOUNDED_CURVE()
B_SPLINE_CURVE(2,(#6219,#6220,#6221,#6222,#6223),.UNSPECIFIED.,.F.,.F.)
B_SPLINE_CURVE_WITH_KNOTS((3,2,3),(-0.565486677646163,-0.282743338823081,
0.),.UNSPECIFIED.)
CURVE()
GEOMETRIC_REPRESENTATION_ITEM()
RATIONAL_B_SPLINE_CURVE((1.,0.707106781186548,1.,0.707106781186548,1.))
REPRESENTATION_ITEM('')
);
#171=(
BOUNDED_CURVE()
B_SPLINE_CURVE(2,(#6224,#6225,#6226,#6227,#6228),.UNSPECIFIED.,.F.,.F.)
B_SPLINE_CURVE_WITH_KNOTS((3,2,3),(0.565486677646163,0.848230016469244,
1.13097335529233),.UNSPECIFIED.)
CURVE()
GEOMETRIC_REPRESENTATION_ITEM()
RATIONAL_B_SPLINE_CURVE((1.,0.707106781186548,1.,0.707106781186548,1.))
REPRESENTATION_ITEM('')
);
#172=(
BOUNDED_CURVE()
B_SPLINE_CURVE(2,(#6229,#6230,#6231,#6232,#6233),.UNSPECIFIED.,.F.,.F.)
B_SPLINE_CURVE_WITH_KNOTS((3,2,3),(0.565486677646163,0.848230016469244,
1.13097335529233),.UNSPECIFIED.)
CURVE()
GEOMETRIC_REPRESENTATION_ITEM()
RATIONAL_B_SPLINE_CURVE((1.,0.707106781186548,1.,0.707106781186548,1.))
REPRESENTATION_ITEM('')
);
#173=(
BOUNDED_CURVE()
B_SPLINE_CURVE(2,(#6297,#6298,#6299),.UNSPECIFIED.,.F.,.F.)
B_SPLINE_CURVE_WITH_KNOTS((3,3),(-0.282743338823081,-1.11022302462516E-16),
 .UNSPECIFIED.)
CURVE()
GEOMETRIC_REPRESENTATION_ITEM()
RATIONAL_B_SPLINE_CURVE((1.,0.707106781186548,1.))
REPRESENTATION_ITEM('')
);
#174=(
BOUNDED_CURVE()
B_SPLINE_CURVE(2,(#6302,#6303,#6304,#6305,#6306),.UNSPECIFIED.,.F.,.F.)
B_SPLINE_CURVE_WITH_KNOTS((3,2,3),(-0.565486677646163,-0.282743338823081,
0.),.UNSPECIFIED.)
CURVE()
GEOMETRIC_REPRESENTATION_ITEM()
RATIONAL_B_SPLINE_CURVE((1.,0.707106781186548,1.,0.707106781186548,1.))
REPRESENTATION_ITEM('')
);
#175=(
BOUNDED_CURVE()
B_SPLINE_CURVE(2,(#6309,#6310,#6311),.UNSPECIFIED.,.F.,.F.)
B_SPLINE_CURVE_WITH_KNOTS((3,3),(1.11022302462516E-16,0.282743338823081),
 .UNSPECIFIED.)
CURVE()
GEOMETRIC_REPRESENTATION_ITEM()
RATIONAL_B_SPLINE_CURVE((1.,0.707106781186548,1.))
REPRESENTATION_ITEM('')
);
#176=(
BOUNDED_CURVE()
B_SPLINE_CURVE(2,(#6314,#6315,#6316,#6317,#6318),.UNSPECIFIED.,.F.,.F.)
B_SPLINE_CURVE_WITH_KNOTS((3,2,3),(-0.565486677646163,-0.282743338823081,
0.),.UNSPECIFIED.)
CURVE()
GEOMETRIC_REPRESENTATION_ITEM()
RATIONAL_B_SPLINE_CURVE((1.,0.707106781186548,1.,0.707106781186548,1.))
REPRESENTATION_ITEM('')
);
#177=(
BOUNDED_CURVE()
B_SPLINE_CURVE(2,(#6319,#6320,#6321,#6322,#6323),.UNSPECIFIED.,.F.,.F.)
B_SPLINE_CURVE_WITH_KNOTS((3,2,3),(0.565486677646163,0.848230016469244,
1.13097335529233),.UNSPECIFIED.)
CURVE()
GEOMETRIC_REPRESENTATION_ITEM()
RATIONAL_B_SPLINE_CURVE((1.,0.707106781186548,1.,0.707106781186548,1.))
REPRESENTATION_ITEM('')
);
#178=(
BOUNDED_CURVE()
B_SPLINE_CURVE(2,(#6324,#6325,#6326,#6327,#6328),.UNSPECIFIED.,.F.,.F.)
B_SPLINE_CURVE_WITH_KNOTS((3,2,3),(0.565486677646163,0.848230016469244,
1.13097335529233),.UNSPECIFIED.)
CURVE()
GEOMETRIC_REPRESENTATION_ITEM()
RATIONAL_B_SPLINE_CURVE((1.,0.707106781186548,1.,0.707106781186548,1.))
REPRESENTATION_ITEM('')
);
#179=(
BOUNDED_CURVE()
B_SPLINE_CURVE(2,(#6392,#6393,#6394),.UNSPECIFIED.,.F.,.F.)
B_SPLINE_CURVE_WITH_KNOTS((3,3),(-0.282743338823081,-1.11022302462516E-16),
 .UNSPECIFIED.)
CURVE()
GEOMETRIC_REPRESENTATION_ITEM()
RATIONAL_B_SPLINE_CURVE((1.,0.707106781186548,1.))
REPRESENTATION_ITEM('')
);
#180=(
BOUNDED_CURVE()
B_SPLINE_CURVE(2,(#6397,#6398,#6399,#6400,#6401),.UNSPECIFIED.,.F.,.F.)
B_SPLINE_CURVE_WITH_KNOTS((3,2,3),(-0.565486677646163,-0.282743338823081,
0.),.UNSPECIFIED.)
CURVE()
GEOMETRIC_REPRESENTATION_ITEM()
RATIONAL_B_SPLINE_CURVE((1.,0.707106781186548,1.,0.707106781186548,1.))
REPRESENTATION_ITEM('')
);
#181=(
BOUNDED_CURVE()
B_SPLINE_CURVE(2,(#6404,#6405,#6406),.UNSPECIFIED.,.F.,.F.)
B_SPLINE_CURVE_WITH_KNOTS((3,3),(1.11022302462516E-16,0.282743338823081),
 .UNSPECIFIED.)
CURVE()
GEOMETRIC_REPRESENTATION_ITEM()
RATIONAL_B_SPLINE_CURVE((1.,0.707106781186548,1.))
REPRESENTATION_ITEM('')
);
#182=(
BOUNDED_CURVE()
B_SPLINE_CURVE(2,(#6409,#6410,#6411,#6412,#6413),.UNSPECIFIED.,.F.,.F.)
B_SPLINE_CURVE_WITH_KNOTS((3,2,3),(-0.565486677646163,-0.282743338823081,
0.),.UNSPECIFIED.)
CURVE()
GEOMETRIC_REPRESENTATION_ITEM()
RATIONAL_B_SPLINE_CURVE((1.,0.707106781186548,1.,0.707106781186548,1.))
REPRESENTATION_ITEM('')
);
#183=(
BOUNDED_CURVE()
B_SPLINE_CURVE(2,(#6414,#6415,#6416,#6417,#6418),.UNSPECIFIED.,.F.,.F.)
B_SPLINE_CURVE_WITH_KNOTS((3,2,3),(0.565486677646163,0.848230016469244,
1.13097335529233),.UNSPECIFIED.)
CURVE()
GEOMETRIC_REPRESENTATION_ITEM()
RATIONAL_B_SPLINE_CURVE((1.,0.707106781186548,1.,0.707106781186548,1.))
REPRESENTATION_ITEM('')
);
#184=(
BOUNDED_CURVE()
B_SPLINE_CURVE(2,(#6419,#6420,#6421,#6422,#6423),.UNSPECIFIED.,.F.,.F.)
B_SPLINE_CURVE_WITH_KNOTS((3,2,3),(0.565486677646163,0.848230016469244,
1.13097335529233),.UNSPECIFIED.)
CURVE()
GEOMETRIC_REPRESENTATION_ITEM()
RATIONAL_B_SPLINE_CURVE((1.,0.707106781186548,1.,0.707106781186548,1.))
REPRESENTATION_ITEM('')
);
#185=(
BOUNDED_CURVE()
B_SPLINE_CURVE(2,(#6487,#6488,#6489),.UNSPECIFIED.,.F.,.F.)
B_SPLINE_CURVE_WITH_KNOTS((3,3),(-0.282743338823081,-1.11022302462516E-16),
 .UNSPECIFIED.)
CURVE()
GEOMETRIC_REPRESENTATION_ITEM()
RATIONAL_B_SPLINE_CURVE((1.,0.707106781186548,1.))
REPRESENTATION_ITEM('')
);
#186=(
BOUNDED_CURVE()
B_SPLINE_CURVE(2,(#6492,#6493,#6494,#6495,#6496),.UNSPECIFIED.,.F.,.F.)
B_SPLINE_CURVE_WITH_KNOTS((3,2,3),(-0.565486677646163,-0.282743338823081,
0.),.UNSPECIFIED.)
CURVE()
GEOMETRIC_REPRESENTATION_ITEM()
RATIONAL_B_SPLINE_CURVE((1.,0.707106781186548,1.,0.707106781186548,1.))
REPRESENTATION_ITEM('')
);
#187=(
BOUNDED_CURVE()
B_SPLINE_CURVE(2,(#6499,#6500,#6501),.UNSPECIFIED.,.F.,.F.)
B_SPLINE_CURVE_WITH_KNOTS((3,3),(1.11022302462516E-16,0.282743338823081),
 .UNSPECIFIED.)
CURVE()
GEOMETRIC_REPRESENTATION_ITEM()
RATIONAL_B_SPLINE_CURVE((1.,0.707106781186548,1.))
REPRESENTATION_ITEM('')
);
#188=(
BOUNDED_CURVE()
B_SPLINE_CURVE(2,(#6504,#6505,#6506,#6507,#6508),.UNSPECIFIED.,.F.,.F.)
B_SPLINE_CURVE_WITH_KNOTS((3,2,3),(-0.565486677646163,-0.282743338823081,
0.),.UNSPECIFIED.)
CURVE()
GEOMETRIC_REPRESENTATION_ITEM()
RATIONAL_B_SPLINE_CURVE((1.,0.707106781186548,1.,0.707106781186548,1.))
REPRESENTATION_ITEM('')
);
#189=(
BOUNDED_CURVE()
B_SPLINE_CURVE(2,(#6509,#6510,#6511,#6512,#6513),.UNSPECIFIED.,.F.,.F.)
B_SPLINE_CURVE_WITH_KNOTS((3,2,3),(0.565486677646163,0.848230016469244,
1.13097335529233),.UNSPECIFIED.)
CURVE()
GEOMETRIC_REPRESENTATION_ITEM()
RATIONAL_B_SPLINE_CURVE((1.,0.707106781186548,1.,0.707106781186548,1.))
REPRESENTATION_ITEM('')
);
#190=(
BOUNDED_CURVE()
B_SPLINE_CURVE(2,(#6514,#6515,#6516,#6517,#6518),.UNSPECIFIED.,.F.,.F.)
B_SPLINE_CURVE_WITH_KNOTS((3,2,3),(0.565486677646163,0.848230016469244,
1.13097335529233),.UNSPECIFIED.)
CURVE()
GEOMETRIC_REPRESENTATION_ITEM()
RATIONAL_B_SPLINE_CURVE((1.,0.707106781186548,1.,0.707106781186548,1.))
REPRESENTATION_ITEM('')
);
#191=(
BOUNDED_CURVE()
B_SPLINE_CURVE(2,(#6582,#6583,#6584),.UNSPECIFIED.,.F.,.F.)
B_SPLINE_CURVE_WITH_KNOTS((3,3),(-0.282743338823081,-1.11022302462516E-16),
 .UNSPECIFIED.)
CURVE()
GEOMETRIC_REPRESENTATION_ITEM()
RATIONAL_B_SPLINE_CURVE((1.,0.707106781186548,1.))
REPRESENTATION_ITEM('')
);
#192=(
BOUNDED_CURVE()
B_SPLINE_CURVE(2,(#6587,#6588,#6589,#6590,#6591),.UNSPECIFIED.,.F.,.F.)
B_SPLINE_CURVE_WITH_KNOTS((3,2,3),(-0.565486677646163,-0.282743338823081,
0.),.UNSPECIFIED.)
CURVE()
GEOMETRIC_REPRESENTATION_ITEM()
RATIONAL_B_SPLINE_CURVE((1.,0.707106781186548,1.,0.707106781186548,1.))
REPRESENTATION_ITEM('')
);
#193=(
BOUNDED_CURVE()
B_SPLINE_CURVE(2,(#6594,#6595,#6596),.UNSPECIFIED.,.F.,.F.)
B_SPLINE_CURVE_WITH_KNOTS((3,3),(1.11022302462516E-16,0.282743338823081),
 .UNSPECIFIED.)
CURVE()
GEOMETRIC_REPRESENTATION_ITEM()
RATIONAL_B_SPLINE_CURVE((1.,0.707106781186548,1.))
REPRESENTATION_ITEM('')
);
#194=(
BOUNDED_CURVE()
B_SPLINE_CURVE(2,(#6599,#6600,#6601,#6602,#6603),.UNSPECIFIED.,.F.,.F.)
B_SPLINE_CURVE_WITH_KNOTS((3,2,3),(-0.565486677646163,-0.282743338823081,
0.),.UNSPECIFIED.)
CURVE()
GEOMETRIC_REPRESENTATION_ITEM()
RATIONAL_B_SPLINE_CURVE((1.,0.707106781186548,1.,0.707106781186548,1.))
REPRESENTATION_ITEM('')
);
#195=(
BOUNDED_CURVE()
B_SPLINE_CURVE(2,(#6604,#6605,#6606,#6607,#6608),.UNSPECIFIED.,.F.,.F.)
B_SPLINE_CURVE_WITH_KNOTS((3,2,3),(0.565486677646163,0.848230016469244,
1.13097335529233),.UNSPECIFIED.)
CURVE()
GEOMETRIC_REPRESENTATION_ITEM()
RATIONAL_B_SPLINE_CURVE((1.,0.707106781186548,1.,0.707106781186548,1.))
REPRESENTATION_ITEM('')
);
#196=(
BOUNDED_CURVE()
B_SPLINE_CURVE(2,(#6609,#6610,#6611,#6612,#6613),.UNSPECIFIED.,.F.,.F.)
B_SPLINE_CURVE_WITH_KNOTS((3,2,3),(0.565486677646163,0.848230016469244,
1.13097335529233),.UNSPECIFIED.)
CURVE()
GEOMETRIC_REPRESENTATION_ITEM()
RATIONAL_B_SPLINE_CURVE((1.,0.707106781186548,1.,0.707106781186548,1.))
REPRESENTATION_ITEM('')
);
#197=(
BOUNDED_CURVE()
B_SPLINE_CURVE(2,(#6677,#6678,#6679),.UNSPECIFIED.,.F.,.F.)
B_SPLINE_CURVE_WITH_KNOTS((3,3),(-0.282743338823081,-1.11022302462516E-16),
 .UNSPECIFIED.)
CURVE()
GEOMETRIC_REPRESENTATION_ITEM()
RATIONAL_B_SPLINE_CURVE((1.,0.707106781186548,1.))
REPRESENTATION_ITEM('')
);
#198=(
BOUNDED_CURVE()
B_SPLINE_CURVE(2,(#6682,#6683,#6684,#6685,#6686),.UNSPECIFIED.,.F.,.F.)
B_SPLINE_CURVE_WITH_KNOTS((3,2,3),(-0.565486677646163,-0.282743338823081,
0.),.UNSPECIFIED.)
CURVE()
GEOMETRIC_REPRESENTATION_ITEM()
RATIONAL_B_SPLINE_CURVE((1.,0.707106781186548,1.,0.707106781186548,1.))
REPRESENTATION_ITEM('')
);
#199=(
BOUNDED_CURVE()
B_SPLINE_CURVE(2,(#6689,#6690,#6691),.UNSPECIFIED.,.F.,.F.)
B_SPLINE_CURVE_WITH_KNOTS((3,3),(1.11022302462516E-16,0.282743338823081),
 .UNSPECIFIED.)
CURVE()
GEOMETRIC_REPRESENTATION_ITEM()
RATIONAL_B_SPLINE_CURVE((1.,0.707106781186548,1.))
REPRESENTATION_ITEM('')
);
#200=(
BOUNDED_CURVE()
B_SPLINE_CURVE(2,(#6694,#6695,#6696,#6697,#6698),.UNSPECIFIED.,.F.,.F.)
B_SPLINE_CURVE_WITH_KNOTS((3,2,3),(-0.565486677646163,-0.282743338823081,
0.),.UNSPECIFIED.)
CURVE()
GEOMETRIC_REPRESENTATION_ITEM()
RATIONAL_B_SPLINE_CURVE((1.,0.707106781186548,1.,0.707106781186548,1.))
REPRESENTATION_ITEM('')
);
#201=(
BOUNDED_CURVE()
B_SPLINE_CURVE(2,(#6699,#6700,#6701,#6702,#6703),.UNSPECIFIED.,.F.,.F.)
B_SPLINE_CURVE_WITH_KNOTS((3,2,3),(0.565486677646163,0.848230016469244,
1.13097335529233),.UNSPECIFIED.)
CURVE()
GEOMETRIC_REPRESENTATION_ITEM()
RATIONAL_B_SPLINE_CURVE((1.,0.707106781186548,1.,0.707106781186548,1.))
REPRESENTATION_ITEM('')
);
#202=(
BOUNDED_CURVE()
B_SPLINE_CURVE(2,(#6704,#6705,#6706,#6707,#6708),.UNSPECIFIED.,.F.,.F.)
B_SPLINE_CURVE_WITH_KNOTS((3,2,3),(0.565486677646163,0.848230016469244,
1.13097335529233),.UNSPECIFIED.)
CURVE()
GEOMETRIC_REPRESENTATION_ITEM()
RATIONAL_B_SPLINE_CURVE((1.,0.707106781186548,1.,0.707106781186548,1.))
REPRESENTATION_ITEM('')
);
#203=(
BOUNDED_CURVE()
B_SPLINE_CURVE(2,(#6772,#6773,#6774),.UNSPECIFIED.,.F.,.F.)
B_SPLINE_CURVE_WITH_KNOTS((3,3),(-0.282743338823081,-1.11022302462516E-16),
 .UNSPECIFIED.)
CURVE()
GEOMETRIC_REPRESENTATION_ITEM()
RATIONAL_B_SPLINE_CURVE((1.,0.707106781186548,1.))
REPRESENTATION_ITEM('')
);
#204=(
BOUNDED_CURVE()
B_SPLINE_CURVE(2,(#6777,#6778,#6779,#6780,#6781),.UNSPECIFIED.,.F.,.F.)
B_SPLINE_CURVE_WITH_KNOTS((3,2,3),(-0.565486677646163,-0.282743338823081,
0.),.UNSPECIFIED.)
CURVE()
GEOMETRIC_REPRESENTATION_ITEM()
RATIONAL_B_SPLINE_CURVE((1.,0.707106781186548,1.,0.707106781186548,1.))
REPRESENTATION_ITEM('')
);
#205=(
BOUNDED_CURVE()
B_SPLINE_CURVE(2,(#6784,#6785,#6786),.UNSPECIFIED.,.F.,.F.)
B_SPLINE_CURVE_WITH_KNOTS((3,3),(1.11022302462516E-16,0.282743338823081),
 .UNSPECIFIED.)
CURVE()
GEOMETRIC_REPRESENTATION_ITEM()
RATIONAL_B_SPLINE_CURVE((1.,0.707106781186548,1.))
REPRESENTATION_ITEM('')
);
#206=(
BOUNDED_CURVE()
B_SPLINE_CURVE(2,(#6789,#6790,#6791,#6792,#6793),.UNSPECIFIED.,.F.,.F.)
B_SPLINE_CURVE_WITH_KNOTS((3,2,3),(-0.565486677646163,-0.282743338823081,
0.),.UNSPECIFIED.)
CURVE()
GEOMETRIC_REPRESENTATION_ITEM()
RATIONAL_B_SPLINE_CURVE((1.,0.707106781186548,1.,0.707106781186548,1.))
REPRESENTATION_ITEM('')
);
#207=(
BOUNDED_CURVE()
B_SPLINE_CURVE(2,(#6794,#6795,#6796,#6797,#6798),.UNSPECIFIED.,.F.,.F.)
B_SPLINE_CURVE_WITH_KNOTS((3,2,3),(0.565486677646163,0.848230016469244,
1.13097335529233),.UNSPECIFIED.)
CURVE()
GEOMETRIC_REPRESENTATION_ITEM()
RATIONAL_B_SPLINE_CURVE((1.,0.707106781186548,1.,0.707106781186548,1.))
REPRESENTATION_ITEM('')
);
#208=(
BOUNDED_CURVE()
B_SPLINE_CURVE(2,(#6799,#6800,#6801,#6802,#6803),.UNSPECIFIED.,.F.,.F.)
B_SPLINE_CURVE_WITH_KNOTS((3,2,3),(0.565486677646163,0.848230016469244,
1.13097335529233),.UNSPECIFIED.)
CURVE()
GEOMETRIC_REPRESENTATION_ITEM()
RATIONAL_B_SPLINE_CURVE((1.,0.707106781186548,1.,0.707106781186548,1.))
REPRESENTATION_ITEM('')
);
#209=(
BOUNDED_CURVE()
B_SPLINE_CURVE(2,(#6867,#6868,#6869),.UNSPECIFIED.,.F.,.F.)
B_SPLINE_CURVE_WITH_KNOTS((3,3),(-0.282743338823081,-1.11022302462516E-16),
 .UNSPECIFIED.)
CURVE()
GEOMETRIC_REPRESENTATION_ITEM()
RATIONAL_B_SPLINE_CURVE((1.,0.707106781186548,1.))
REPRESENTATION_ITEM('')
);
#210=(
BOUNDED_CURVE()
B_SPLINE_CURVE(2,(#6872,#6873,#6874,#6875,#6876),.UNSPECIFIED.,.F.,.F.)
B_SPLINE_CURVE_WITH_KNOTS((3,2,3),(-0.565486677646163,-0.282743338823081,
0.),.UNSPECIFIED.)
CURVE()
GEOMETRIC_REPRESENTATION_ITEM()
RATIONAL_B_SPLINE_CURVE((1.,0.707106781186548,1.,0.707106781186548,1.))
REPRESENTATION_ITEM('')
);
#211=(
BOUNDED_CURVE()
B_SPLINE_CURVE(2,(#6879,#6880,#6881),.UNSPECIFIED.,.F.,.F.)
B_SPLINE_CURVE_WITH_KNOTS((3,3),(1.11022302462516E-16,0.282743338823081),
 .UNSPECIFIED.)
CURVE()
GEOMETRIC_REPRESENTATION_ITEM()
RATIONAL_B_SPLINE_CURVE((1.,0.707106781186548,1.))
REPRESENTATION_ITEM('')
);
#212=(
BOUNDED_CURVE()
B_SPLINE_CURVE(2,(#6884,#6885,#6886,#6887,#6888),.UNSPECIFIED.,.F.,.F.)
B_SPLINE_CURVE_WITH_KNOTS((3,2,3),(-0.565486677646163,-0.282743338823081,
0.),.UNSPECIFIED.)
CURVE()
GEOMETRIC_REPRESENTATION_ITEM()
RATIONAL_B_SPLINE_CURVE((1.,0.707106781186548,1.,0.707106781186548,1.))
REPRESENTATION_ITEM('')
);
#213=(
BOUNDED_CURVE()
B_SPLINE_CURVE(2,(#6889,#6890,#6891,#6892,#6893),.UNSPECIFIED.,.F.,.F.)
B_SPLINE_CURVE_WITH_KNOTS((3,2,3),(0.565486677646163,0.848230016469244,
1.13097335529233),.UNSPECIFIED.)
CURVE()
GEOMETRIC_REPRESENTATION_ITEM()
RATIONAL_B_SPLINE_CURVE((1.,0.707106781186548,1.,0.707106781186548,1.))
REPRESENTATION_ITEM('')
);
#214=(
BOUNDED_CURVE()
B_SPLINE_CURVE(2,(#6894,#6895,#6896,#6897,#6898),.UNSPECIFIED.,.F.,.F.)
B_SPLINE_CURVE_WITH_KNOTS((3,2,3),(0.565486677646163,0.848230016469244,
1.13097335529233),.UNSPECIFIED.)
CURVE()
GEOMETRIC_REPRESENTATION_ITEM()
RATIONAL_B_SPLINE_CURVE((1.,0.707106781186548,1.,0.707106781186548,1.))
REPRESENTATION_ITEM('')
);
#215=(
BOUNDED_CURVE()
B_SPLINE_CURVE(2,(#6962,#6963,#6964),.UNSPECIFIED.,.F.,.F.)
B_SPLINE_CURVE_WITH_KNOTS((3,3),(-0.282743338823081,-1.11022302462516E-16),
 .UNSPECIFIED.)
CURVE()
GEOMETRIC_REPRESENTATION_ITEM()
RATIONAL_B_SPLINE_CURVE((1.,0.707106781186548,1.))
REPRESENTATION_ITEM('')
);
#216=(
BOUNDED_CURVE()
B_SPLINE_CURVE(2,(#6967,#6968,#6969,#6970,#6971),.UNSPECIFIED.,.F.,.F.)
B_SPLINE_CURVE_WITH_KNOTS((3,2,3),(-0.565486677646163,-0.282743338823081,
0.),.UNSPECIFIED.)
CURVE()
GEOMETRIC_REPRESENTATION_ITEM()
RATIONAL_B_SPLINE_CURVE((1.,0.707106781186548,1.,0.707106781186548,1.))
REPRESENTATION_ITEM('')
);
#217=(
BOUNDED_CURVE()
B_SPLINE_CURVE(2,(#6974,#6975,#6976),.UNSPECIFIED.,.F.,.F.)
B_SPLINE_CURVE_WITH_KNOTS((3,3),(1.11022302462516E-16,0.282743338823081),
 .UNSPECIFIED.)
CURVE()
GEOMETRIC_REPRESENTATION_ITEM()
RATIONAL_B_SPLINE_CURVE((1.,0.707106781186548,1.))
REPRESENTATION_ITEM('')
);
#218=(
BOUNDED_CURVE()
B_SPLINE_CURVE(2,(#6979,#6980,#6981,#6982,#6983),.UNSPECIFIED.,.F.,.F.)
B_SPLINE_CURVE_WITH_KNOTS((3,2,3),(-0.565486677646163,-0.282743338823081,
0.),.UNSPECIFIED.)
CURVE()
GEOMETRIC_REPRESENTATION_ITEM()
RATIONAL_B_SPLINE_CURVE((1.,0.707106781186548,1.,0.707106781186548,1.))
REPRESENTATION_ITEM('')
);
#219=(
BOUNDED_CURVE()
B_SPLINE_CURVE(2,(#6984,#6985,#6986,#6987,#6988),.UNSPECIFIED.,.F.,.F.)
B_SPLINE_CURVE_WITH_KNOTS((3,2,3),(0.565486677646163,0.848230016469244,
1.13097335529233),.UNSPECIFIED.)
CURVE()
GEOMETRIC_REPRESENTATION_ITEM()
RATIONAL_B_SPLINE_CURVE((1.,0.707106781186548,1.,0.707106781186548,1.))
REPRESENTATION_ITEM('')
);
#220=(
BOUNDED_CURVE()
B_SPLINE_CURVE(2,(#6989,#6990,#6991,#6992,#6993),.UNSPECIFIED.,.F.,.F.)
B_SPLINE_CURVE_WITH_KNOTS((3,2,3),(0.565486677646163,0.848230016469244,
1.13097335529233),.UNSPECIFIED.)
CURVE()
GEOMETRIC_REPRESENTATION_ITEM()
RATIONAL_B_SPLINE_CURVE((1.,0.707106781186548,1.,0.707106781186548,1.))
REPRESENTATION_ITEM('')
);
#221=(
BOUNDED_CURVE()
B_SPLINE_CURVE(2,(#7057,#7058,#7059),.UNSPECIFIED.,.F.,.F.)
B_SPLINE_CURVE_WITH_KNOTS((3,3),(-0.282743338823081,-1.11022302462516E-16),
 .UNSPECIFIED.)
CURVE()
GEOMETRIC_REPRESENTATION_ITEM()
RATIONAL_B_SPLINE_CURVE((1.,0.707106781186548,1.))
REPRESENTATION_ITEM('')
);
#222=(
BOUNDED_CURVE()
B_SPLINE_CURVE(2,(#7062,#7063,#7064,#7065,#7066),.UNSPECIFIED.,.F.,.F.)
B_SPLINE_CURVE_WITH_KNOTS((3,2,3),(-0.565486677646163,-0.282743338823081,
0.),.UNSPECIFIED.)
CURVE()
GEOMETRIC_REPRESENTATION_ITEM()
RATIONAL_B_SPLINE_CURVE((1.,0.707106781186548,1.,0.707106781186548,1.))
REPRESENTATION_ITEM('')
);
#223=(
BOUNDED_CURVE()
B_SPLINE_CURVE(2,(#7069,#7070,#7071),.UNSPECIFIED.,.F.,.F.)
B_SPLINE_CURVE_WITH_KNOTS((3,3),(1.11022302462516E-16,0.282743338823081),
 .UNSPECIFIED.)
CURVE()
GEOMETRIC_REPRESENTATION_ITEM()
RATIONAL_B_SPLINE_CURVE((1.,0.707106781186548,1.))
REPRESENTATION_ITEM('')
);
#224=(
BOUNDED_CURVE()
B_SPLINE_CURVE(2,(#7074,#7075,#7076,#7077,#7078),.UNSPECIFIED.,.F.,.F.)
B_SPLINE_CURVE_WITH_KNOTS((3,2,3),(-0.565486677646163,-0.282743338823081,
0.),.UNSPECIFIED.)
CURVE()
GEOMETRIC_REPRESENTATION_ITEM()
RATIONAL_B_SPLINE_CURVE((1.,0.707106781186548,1.,0.707106781186548,1.))
REPRESENTATION_ITEM('')
);
#225=(
BOUNDED_CURVE()
B_SPLINE_CURVE(2,(#7079,#7080,#7081,#7082,#7083),.UNSPECIFIED.,.F.,.F.)
B_SPLINE_CURVE_WITH_KNOTS((3,2,3),(0.565486677646163,0.848230016469244,
1.13097335529233),.UNSPECIFIED.)
CURVE()
GEOMETRIC_REPRESENTATION_ITEM()
RATIONAL_B_SPLINE_CURVE((1.,0.707106781186548,1.,0.707106781186548,1.))
REPRESENTATION_ITEM('')
);
#226=(
BOUNDED_CURVE()
B_SPLINE_CURVE(2,(#7084,#7085,#7086,#7087,#7088),.UNSPECIFIED.,.F.,.F.)
B_SPLINE_CURVE_WITH_KNOTS((3,2,3),(0.565486677646163,0.848230016469244,
1.13097335529233),.UNSPECIFIED.)
CURVE()
GEOMETRIC_REPRESENTATION_ITEM()
RATIONAL_B_SPLINE_CURVE((1.,0.707106781186548,1.,0.707106781186548,1.))
REPRESENTATION_ITEM('')
);
#227=(
BOUNDED_SURFACE()
B_SPLINE_SURFACE(2,2,((#3675,#3676,#3677,#3678,#3679),(#3680,#3681,#3682,
#3683,#3684),(#3685,#3686,#3687,#3688,#3689),(#3690,#3691,#3692,#3693,#3694),
(#3695,#3696,#3697,#3698,#3699)),.UNSPECIFIED.,.F.,.F.,.F.)
B_SPLINE_SURFACE_WITH_KNOTS((3,2,3),(3,2,3),(0.,0.282743338823081,0.565486677646163),
(-0.282743338823081,0.,0.282743338823081),.UNSPECIFIED.)
GEOMETRIC_REPRESENTATION_ITEM()
RATIONAL_B_SPLINE_SURFACE(((1.,0.707106781186548,1.,0.707106781186548,1.),
(0.707106781186548,0.5,0.707106781186548,0.5,0.707106781186548),(1.,0.707106781186548,
1.,0.707106781186548,1.),(0.707106781186548,0.5,0.707106781186548,0.5,0.707106781186548),
(1.,0.707106781186548,1.,0.707106781186548,1.)))
REPRESENTATION_ITEM('')
SURFACE()
);
#228=(
BOUNDED_SURFACE()
B_SPLINE_SURFACE(2,2,((#3704,#3705,#3706,#3707,#3708),(#3709,#3710,#3711,
#3712,#3713),(#3714,#3715,#3716,#3717,#3718),(#3719,#3720,#3721,#3722,#3723),
(#3724,#3725,#3726,#3727,#3728)),.UNSPECIFIED.,.F.,.F.,.F.)
B_SPLINE_SURFACE_WITH_KNOTS((3,2,3),(3,2,3),(0.565486677646163,0.848230016469244,
1.13097335529233),(-0.282743338823081,0.,0.282743338823081),
 .UNSPECIFIED.)
GEOMETRIC_REPRESENTATION_ITEM()
RATIONAL_B_SPLINE_SURFACE(((1.,0.707106781186548,1.,0.707106781186548,1.),
(0.707106781186548,0.5,0.707106781186548,0.5,0.707106781186548),(1.,0.707106781186548,
1.,0.707106781186548,1.),(0.707106781186548,0.5,0.707106781186548,0.5,0.707106781186548),
(1.,0.707106781186548,1.,0.707106781186548,1.)))
REPRESENTATION_ITEM('')
SURFACE()
);
#229=(
BOUNDED_SURFACE()
B_SPLINE_SURFACE(2,2,((#3770,#3771,#3772,#3773,#3774),(#3775,#3776,#3777,
#3778,#3779),(#3780,#3781,#3782,#3783,#3784),(#3785,#3786,#3787,#3788,#3789),
(#3790,#3791,#3792,#3793,#3794)),.UNSPECIFIED.,.F.,.F.,.F.)
B_SPLINE_SURFACE_WITH_KNOTS((3,2,3),(3,2,3),(0.,0.282743338823081,0.565486677646163),
(-0.282743338823081,0.,0.282743338823081),.UNSPECIFIED.)
GEOMETRIC_REPRESENTATION_ITEM()
RATIONAL_B_SPLINE_SURFACE(((1.,0.707106781186548,1.,0.707106781186548,1.),
(0.707106781186548,0.5,0.707106781186548,0.5,0.707106781186548),(1.,0.707106781186548,
1.,0.707106781186548,1.),(0.707106781186548,0.5,0.707106781186548,0.5,0.707106781186548),
(1.,0.707106781186548,1.,0.707106781186548,1.)))
REPRESENTATION_ITEM('')
SURFACE()
);
#230=(
BOUNDED_SURFACE()
B_SPLINE_SURFACE(2,2,((#3799,#3800,#3801,#3802,#3803),(#3804,#3805,#3806,
#3807,#3808),(#3809,#3810,#3811,#3812,#3813),(#3814,#3815,#3816,#3817,#3818),
(#3819,#3820,#3821,#3822,#3823)),.UNSPECIFIED.,.F.,.F.,.F.)
B_SPLINE_SURFACE_WITH_KNOTS((3,2,3),(3,2,3),(0.565486677646163,0.848230016469244,
1.13097335529233),(-0.282743338823081,0.,0.282743338823081),
 .UNSPECIFIED.)
GEOMETRIC_REPRESENTATION_ITEM()
RATIONAL_B_SPLINE_SURFACE(((1.,0.707106781186548,1.,0.707106781186548,1.),
(0.707106781186548,0.5,0.707106781186548,0.5,0.707106781186548),(1.,0.707106781186548,
1.,0.707106781186548,1.),(0.707106781186548,0.5,0.707106781186548,0.5,0.707106781186548),
(1.,0.707106781186548,1.,0.707106781186548,1.)))
REPRESENTATION_ITEM('')
SURFACE()
);
#231=(
BOUNDED_SURFACE()
B_SPLINE_SURFACE(2,2,((#3865,#3866,#3867,#3868,#3869),(#3870,#3871,#3872,
#3873,#3874),(#3875,#3876,#3877,#3878,#3879),(#3880,#3881,#3882,#3883,#3884),
(#3885,#3886,#3887,#3888,#3889)),.UNSPECIFIED.,.F.,.F.,.F.)
B_SPLINE_SURFACE_WITH_KNOTS((3,2,3),(3,2,3),(0.,0.282743338823081,0.565486677646163),
(-0.282743338823081,0.,0.282743338823081),.UNSPECIFIED.)
GEOMETRIC_REPRESENTATION_ITEM()
RATIONAL_B_SPLINE_SURFACE(((1.,0.707106781186548,1.,0.707106781186548,1.),
(0.707106781186548,0.5,0.707106781186548,0.5,0.707106781186548),(1.,0.707106781186548,
1.,0.707106781186548,1.),(0.707106781186548,0.5,0.707106781186548,0.5,0.707106781186548),
(1.,0.707106781186548,1.,0.707106781186548,1.)))
REPRESENTATION_ITEM('')
SURFACE()
);
#232=(
BOUNDED_SURFACE()
B_SPLINE_SURFACE(2,2,((#3894,#3895,#3896,#3897,#3898),(#3899,#3900,#3901,
#3902,#3903),(#3904,#3905,#3906,#3907,#3908),(#3909,#3910,#3911,#3912,#3913),
(#3914,#3915,#3916,#3917,#3918)),.UNSPECIFIED.,.F.,.F.,.F.)
B_SPLINE_SURFACE_WITH_KNOTS((3,2,3),(3,2,3),(0.565486677646163,0.848230016469244,
1.13097335529233),(-0.282743338823081,0.,0.282743338823081),
 .UNSPECIFIED.)
GEOMETRIC_REPRESENTATION_ITEM()
RATIONAL_B_SPLINE_SURFACE(((1.,0.707106781186548,1.,0.707106781186548,1.),
(0.707106781186548,0.5,0.707106781186548,0.5,0.707106781186548),(1.,0.707106781186548,
1.,0.707106781186548,1.),(0.707106781186548,0.5,0.707106781186548,0.5,0.707106781186548),
(1.,0.707106781186548,1.,0.707106781186548,1.)))
REPRESENTATION_ITEM('')
SURFACE()
);
#233=(
BOUNDED_SURFACE()
B_SPLINE_SURFACE(2,2,((#3960,#3961,#3962,#3963,#3964),(#3965,#3966,#3967,
#3968,#3969),(#3970,#3971,#3972,#3973,#3974),(#3975,#3976,#3977,#3978,#3979),
(#3980,#3981,#3982,#3983,#3984)),.UNSPECIFIED.,.F.,.F.,.F.)
B_SPLINE_SURFACE_WITH_KNOTS((3,2,3),(3,2,3),(0.,0.282743338823081,0.565486677646163),
(-0.282743338823081,0.,0.282743338823081),.UNSPECIFIED.)
GEOMETRIC_REPRESENTATION_ITEM()
RATIONAL_B_SPLINE_SURFACE(((1.,0.707106781186548,1.,0.707106781186548,1.),
(0.707106781186548,0.5,0.707106781186548,0.5,0.707106781186548),(1.,0.707106781186548,
1.,0.707106781186548,1.),(0.707106781186548,0.5,0.707106781186548,0.5,0.707106781186548),
(1.,0.707106781186548,1.,0.707106781186548,1.)))
REPRESENTATION_ITEM('')
SURFACE()
);
#234=(
BOUNDED_SURFACE()
B_SPLINE_SURFACE(2,2,((#3989,#3990,#3991,#3992,#3993),(#3994,#3995,#3996,
#3997,#3998),(#3999,#4000,#4001,#4002,#4003),(#4004,#4005,#4006,#4007,#4008),
(#4009,#4010,#4011,#4012,#4013)),.UNSPECIFIED.,.F.,.F.,.F.)
B_SPLINE_SURFACE_WITH_KNOTS((3,2,3),(3,2,3),(0.565486677646163,0.848230016469244,
1.13097335529233),(-0.282743338823081,0.,0.282743338823081),
 .UNSPECIFIED.)
GEOMETRIC_REPRESENTATION_ITEM()
RATIONAL_B_SPLINE_SURFACE(((1.,0.707106781186548,1.,0.707106781186548,1.),
(0.707106781186548,0.5,0.707106781186548,0.5,0.707106781186548),(1.,0.707106781186548,
1.,0.707106781186548,1.),(0.707106781186548,0.5,0.707106781186548,0.5,0.707106781186548),
(1.,0.707106781186548,1.,0.707106781186548,1.)))
REPRESENTATION_ITEM('')
SURFACE()
);
#235=(
BOUNDED_SURFACE()
B_SPLINE_SURFACE(2,2,((#4055,#4056,#4057,#4058,#4059),(#4060,#4061,#4062,
#4063,#4064),(#4065,#4066,#4067,#4068,#4069),(#4070,#4071,#4072,#4073,#4074),
(#4075,#4076,#4077,#4078,#4079)),.UNSPECIFIED.,.F.,.F.,.F.)
B_SPLINE_SURFACE_WITH_KNOTS((3,2,3),(3,2,3),(0.,0.282743338823081,0.565486677646163),
(-0.282743338823081,0.,0.282743338823081),.UNSPECIFIED.)
GEOMETRIC_REPRESENTATION_ITEM()
RATIONAL_B_SPLINE_SURFACE(((1.,0.707106781186548,1.,0.707106781186548,1.),
(0.707106781186548,0.5,0.707106781186548,0.5,0.707106781186548),(1.,0.707106781186548,
1.,0.707106781186548,1.),(0.707106781186548,0.5,0.707106781186548,0.5,0.707106781186548),
(1.,0.707106781186548,1.,0.707106781186548,1.)))
REPRESENTATION_ITEM('')
SURFACE()
);
#236=(
BOUNDED_SURFACE()
B_SPLINE_SURFACE(2,2,((#4084,#4085,#4086,#4087,#4088),(#4089,#4090,#4091,
#4092,#4093),(#4094,#4095,#4096,#4097,#4098),(#4099,#4100,#4101,#4102,#4103),
(#4104,#4105,#4106,#4107,#4108)),.UNSPECIFIED.,.F.,.F.,.F.)
B_SPLINE_SURFACE_WITH_KNOTS((3,2,3),(3,2,3),(0.565486677646163,0.848230016469244,
1.13097335529233),(-0.282743338823081,0.,0.282743338823081),
 .UNSPECIFIED.)
GEOMETRIC_REPRESENTATION_ITEM()
RATIONAL_B_SPLINE_SURFACE(((1.,0.707106781186548,1.,0.707106781186548,1.),
(0.707106781186548,0.5,0.707106781186548,0.5,0.707106781186548),(1.,0.707106781186548,
1.,0.707106781186548,1.),(0.707106781186548,0.5,0.707106781186548,0.5,0.707106781186548),
(1.,0.707106781186548,1.,0.707106781186548,1.)))
REPRESENTATION_ITEM('')
SURFACE()
);
#237=(
BOUNDED_SURFACE()
B_SPLINE_SURFACE(2,2,((#4150,#4151,#4152,#4153,#4154),(#4155,#4156,#4157,
#4158,#4159),(#4160,#4161,#4162,#4163,#4164),(#4165,#4166,#4167,#4168,#4169),
(#4170,#4171,#4172,#4173,#4174)),.UNSPECIFIED.,.F.,.F.,.F.)
B_SPLINE_SURFACE_WITH_KNOTS((3,2,3),(3,2,3),(0.,0.282743338823081,0.565486677646163),
(-0.282743338823081,0.,0.282743338823081),.UNSPECIFIED.)
GEOMETRIC_REPRESENTATION_ITEM()
RATIONAL_B_SPLINE_SURFACE(((1.,0.707106781186548,1.,0.707106781186548,1.),
(0.707106781186548,0.5,0.707106781186548,0.5,0.707106781186548),(1.,0.707106781186548,
1.,0.707106781186548,1.),(0.707106781186548,0.5,0.707106781186548,0.5,0.707106781186548),
(1.,0.707106781186548,1.,0.707106781186548,1.)))
REPRESENTATION_ITEM('')
SURFACE()
);
#238=(
BOUNDED_SURFACE()
B_SPLINE_SURFACE(2,2,((#4179,#4180,#4181,#4182,#4183),(#4184,#4185,#4186,
#4187,#4188),(#4189,#4190,#4191,#4192,#4193),(#4194,#4195,#4196,#4197,#4198),
(#4199,#4200,#4201,#4202,#4203)),.UNSPECIFIED.,.F.,.F.,.F.)
B_SPLINE_SURFACE_WITH_KNOTS((3,2,3),(3,2,3),(0.565486677646163,0.848230016469244,
1.13097335529233),(-0.282743338823081,0.,0.282743338823081),
 .UNSPECIFIED.)
GEOMETRIC_REPRESENTATION_ITEM()
RATIONAL_B_SPLINE_SURFACE(((1.,0.707106781186548,1.,0.707106781186548,1.),
(0.707106781186548,0.5,0.707106781186548,0.5,0.707106781186548),(1.,0.707106781186548,
1.,0.707106781186548,1.),(0.707106781186548,0.5,0.707106781186548,0.5,0.707106781186548),
(1.,0.707106781186548,1.,0.707106781186548,1.)))
REPRESENTATION_ITEM('')
SURFACE()
);
#239=(
BOUNDED_SURFACE()
B_SPLINE_SURFACE(2,2,((#4245,#4246,#4247,#4248,#4249),(#4250,#4251,#4252,
#4253,#4254),(#4255,#4256,#4257,#4258,#4259),(#4260,#4261,#4262,#4263,#4264),
(#4265,#4266,#4267,#4268,#4269)),.UNSPECIFIED.,.F.,.F.,.F.)
B_SPLINE_SURFACE_WITH_KNOTS((3,2,3),(3,2,3),(0.,0.282743338823081,0.565486677646163),
(-0.282743338823081,0.,0.282743338823081),.UNSPECIFIED.)
GEOMETRIC_REPRESENTATION_ITEM()
RATIONAL_B_SPLINE_SURFACE(((1.,0.707106781186548,1.,0.707106781186548,1.),
(0.707106781186548,0.5,0.707106781186548,0.5,0.707106781186548),(1.,0.707106781186548,
1.,0.707106781186548,1.),(0.707106781186548,0.5,0.707106781186548,0.5,0.707106781186548),
(1.,0.707106781186548,1.,0.707106781186548,1.)))
REPRESENTATION_ITEM('')
SURFACE()
);
#240=(
BOUNDED_SURFACE()
B_SPLINE_SURFACE(2,2,((#4274,#4275,#4276,#4277,#4278),(#4279,#4280,#4281,
#4282,#4283),(#4284,#4285,#4286,#4287,#4288),(#4289,#4290,#4291,#4292,#4293),
(#4294,#4295,#4296,#4297,#4298)),.UNSPECIFIED.,.F.,.F.,.F.)
B_SPLINE_SURFACE_WITH_KNOTS((3,2,3),(3,2,3),(0.565486677646163,0.848230016469244,
1.13097335529233),(-0.282743338823081,0.,0.282743338823081),
 .UNSPECIFIED.)
GEOMETRIC_REPRESENTATION_ITEM()
RATIONAL_B_SPLINE_SURFACE(((1.,0.707106781186548,1.,0.707106781186548,1.),
(0.707106781186548,0.5,0.707106781186548,0.5,0.707106781186548),(1.,0.707106781186548,
1.,0.707106781186548,1.),(0.707106781186548,0.5,0.707106781186548,0.5,0.707106781186548),
(1.,0.707106781186548,1.,0.707106781186548,1.)))
REPRESENTATION_ITEM('')
SURFACE()
);
#241=(
BOUNDED_SURFACE()
B_SPLINE_SURFACE(2,2,((#4340,#4341,#4342,#4343,#4344),(#4345,#4346,#4347,
#4348,#4349),(#4350,#4351,#4352,#4353,#4354),(#4355,#4356,#4357,#4358,#4359),
(#4360,#4361,#4362,#4363,#4364)),.UNSPECIFIED.,.F.,.F.,.F.)
B_SPLINE_SURFACE_WITH_KNOTS((3,2,3),(3,2,3),(0.,0.282743338823081,0.565486677646163),
(-0.282743338823081,0.,0.282743338823081),.UNSPECIFIED.)
GEOMETRIC_REPRESENTATION_ITEM()
RATIONAL_B_SPLINE_SURFACE(((1.,0.707106781186548,1.,0.707106781186548,1.),
(0.707106781186548,0.5,0.707106781186548,0.5,0.707106781186548),(1.,0.707106781186548,
1.,0.707106781186548,1.),(0.707106781186548,0.5,0.707106781186548,0.5,0.707106781186548),
(1.,0.707106781186548,1.,0.707106781186548,1.)))
REPRESENTATION_ITEM('')
SURFACE()
);
#242=(
BOUNDED_SURFACE()
B_SPLINE_SURFACE(2,2,((#4369,#4370,#4371,#4372,#4373),(#4374,#4375,#4376,
#4377,#4378),(#4379,#4380,#4381,#4382,#4383),(#4384,#4385,#4386,#4387,#4388),
(#4389,#4390,#4391,#4392,#4393)),.UNSPECIFIED.,.F.,.F.,.F.)
B_SPLINE_SURFACE_WITH_KNOTS((3,2,3),(3,2,3),(0.565486677646163,0.848230016469244,
1.13097335529233),(-0.282743338823081,0.,0.282743338823081),
 .UNSPECIFIED.)
GEOMETRIC_REPRESENTATION_ITEM()
RATIONAL_B_SPLINE_SURFACE(((1.,0.707106781186548,1.,0.707106781186548,1.),
(0.707106781186548,0.5,0.707106781186548,0.5,0.707106781186548),(1.,0.707106781186548,
1.,0.707106781186548,1.),(0.707106781186548,0.5,0.707106781186548,0.5,0.707106781186548),
(1.,0.707106781186548,1.,0.707106781186548,1.)))
REPRESENTATION_ITEM('')
SURFACE()
);
#243=(
BOUNDED_SURFACE()
B_SPLINE_SURFACE(2,2,((#4435,#4436,#4437,#4438,#4439),(#4440,#4441,#4442,
#4443,#4444),(#4445,#4446,#4447,#4448,#4449),(#4450,#4451,#4452,#4453,#4454),
(#4455,#4456,#4457,#4458,#4459)),.UNSPECIFIED.,.F.,.F.,.F.)
B_SPLINE_SURFACE_WITH_KNOTS((3,2,3),(3,2,3),(0.,0.282743338823081,0.565486677646163),
(-0.282743338823081,0.,0.282743338823081),.UNSPECIFIED.)
GEOMETRIC_REPRESENTATION_ITEM()
RATIONAL_B_SPLINE_SURFACE(((1.,0.707106781186548,1.,0.707106781186548,1.),
(0.707106781186548,0.5,0.707106781186548,0.5,0.707106781186548),(1.,0.707106781186548,
1.,0.707106781186548,1.),(0.707106781186548,0.5,0.707106781186548,0.5,0.707106781186548),
(1.,0.707106781186548,1.,0.707106781186548,1.)))
REPRESENTATION_ITEM('')
SURFACE()
);
#244=(
BOUNDED_SURFACE()
B_SPLINE_SURFACE(2,2,((#4464,#4465,#4466,#4467,#4468),(#4469,#4470,#4471,
#4472,#4473),(#4474,#4475,#4476,#4477,#4478),(#4479,#4480,#4481,#4482,#4483),
(#4484,#4485,#4486,#4487,#4488)),.UNSPECIFIED.,.F.,.F.,.F.)
B_SPLINE_SURFACE_WITH_KNOTS((3,2,3),(3,2,3),(0.565486677646163,0.848230016469244,
1.13097335529233),(-0.282743338823081,0.,0.282743338823081),
 .UNSPECIFIED.)
GEOMETRIC_REPRESENTATION_ITEM()
RATIONAL_B_SPLINE_SURFACE(((1.,0.707106781186548,1.,0.707106781186548,1.),
(0.707106781186548,0.5,0.707106781186548,0.5,0.707106781186548),(1.,0.707106781186548,
1.,0.707106781186548,1.),(0.707106781186548,0.5,0.707106781186548,0.5,0.707106781186548),
(1.,0.707106781186548,1.,0.707106781186548,1.)))
REPRESENTATION_ITEM('')
SURFACE()
);
#245=(
BOUNDED_SURFACE()
B_SPLINE_SURFACE(2,2,((#4530,#4531,#4532,#4533,#4534),(#4535,#4536,#4537,
#4538,#4539),(#4540,#4541,#4542,#4543,#4544),(#4545,#4546,#4547,#4548,#4549),
(#4550,#4551,#4552,#4553,#4554)),.UNSPECIFIED.,.F.,.F.,.F.)
B_SPLINE_SURFACE_WITH_KNOTS((3,2,3),(3,2,3),(0.,0.282743338823081,0.565486677646163),
(-0.282743338823081,0.,0.282743338823081),.UNSPECIFIED.)
GEOMETRIC_REPRESENTATION_ITEM()
RATIONAL_B_SPLINE_SURFACE(((1.,0.707106781186548,1.,0.707106781186548,1.),
(0.707106781186548,0.5,0.707106781186548,0.5,0.707106781186548),(1.,0.707106781186548,
1.,0.707106781186548,1.),(0.707106781186548,0.5,0.707106781186548,0.5,0.707106781186548),
(1.,0.707106781186548,1.,0.707106781186548,1.)))
REPRESENTATION_ITEM('')
SURFACE()
);
#246=(
BOUNDED_SURFACE()
B_SPLINE_SURFACE(2,2,((#4559,#4560,#4561,#4562,#4563),(#4564,#4565,#4566,
#4567,#4568),(#4569,#4570,#4571,#4572,#4573),(#4574,#4575,#4576,#4577,#4578),
(#4579,#4580,#4581,#4582,#4583)),.UNSPECIFIED.,.F.,.F.,.F.)
B_SPLINE_SURFACE_WITH_KNOTS((3,2,3),(3,2,3),(0.565486677646163,0.848230016469244,
1.13097335529233),(-0.282743338823081,0.,0.282743338823081),
 .UNSPECIFIED.)
GEOMETRIC_REPRESENTATION_ITEM()
RATIONAL_B_SPLINE_SURFACE(((1.,0.707106781186548,1.,0.707106781186548,1.),
(0.707106781186548,0.5,0.707106781186548,0.5,0.707106781186548),(1.,0.707106781186548,
1.,0.707106781186548,1.),(0.707106781186548,0.5,0.707106781186548,0.5,0.707106781186548),
(1.,0.707106781186548,1.,0.707106781186548,1.)))
REPRESENTATION_ITEM('')
SURFACE()
);
#247=(
BOUNDED_SURFACE()
B_SPLINE_SURFACE(2,2,((#4625,#4626,#4627,#4628,#4629),(#4630,#4631,#4632,
#4633,#4634),(#4635,#4636,#4637,#4638,#4639),(#4640,#4641,#4642,#4643,#4644),
(#4645,#4646,#4647,#4648,#4649)),.UNSPECIFIED.,.F.,.F.,.F.)
B_SPLINE_SURFACE_WITH_KNOTS((3,2,3),(3,2,3),(0.,0.282743338823081,0.565486677646163),
(-0.282743338823081,0.,0.282743338823081),.UNSPECIFIED.)
GEOMETRIC_REPRESENTATION_ITEM()
RATIONAL_B_SPLINE_SURFACE(((1.,0.707106781186548,1.,0.707106781186548,1.),
(0.707106781186548,0.5,0.707106781186548,0.5,0.707106781186548),(1.,0.707106781186548,
1.,0.707106781186548,1.),(0.707106781186548,0.5,0.707106781186548,0.5,0.707106781186548),
(1.,0.707106781186548,1.,0.707106781186548,1.)))
REPRESENTATION_ITEM('')
SURFACE()
);
#248=(
BOUNDED_SURFACE()
B_SPLINE_SURFACE(2,2,((#4654,#4655,#4656,#4657,#4658),(#4659,#4660,#4661,
#4662,#4663),(#4664,#4665,#4666,#4667,#4668),(#4669,#4670,#4671,#4672,#4673),
(#4674,#4675,#4676,#4677,#4678)),.UNSPECIFIED.,.F.,.F.,.F.)
B_SPLINE_SURFACE_WITH_KNOTS((3,2,3),(3,2,3),(0.565486677646163,0.848230016469244,
1.13097335529233),(-0.282743338823081,0.,0.282743338823081),
 .UNSPECIFIED.)
GEOMETRIC_REPRESENTATION_ITEM()
RATIONAL_B_SPLINE_SURFACE(((1.,0.707106781186548,1.,0.707106781186548,1.),
(0.707106781186548,0.5,0.707106781186548,0.5,0.707106781186548),(1.,0.707106781186548,
1.,0.707106781186548,1.),(0.707106781186548,0.5,0.707106781186548,0.5,0.707106781186548),
(1.,0.707106781186548,1.,0.707106781186548,1.)))
REPRESENTATION_ITEM('')
SURFACE()
);
#249=(
BOUNDED_SURFACE()
B_SPLINE_SURFACE(2,2,((#4720,#4721,#4722,#4723,#4724),(#4725,#4726,#4727,
#4728,#4729),(#4730,#4731,#4732,#4733,#4734),(#4735,#4736,#4737,#4738,#4739),
(#4740,#4741,#4742,#4743,#4744)),.UNSPECIFIED.,.F.,.F.,.F.)
B_SPLINE_SURFACE_WITH_KNOTS((3,2,3),(3,2,3),(0.,0.282743338823081,0.565486677646163),
(-0.282743338823081,0.,0.282743338823081),.UNSPECIFIED.)
GEOMETRIC_REPRESENTATION_ITEM()
RATIONAL_B_SPLINE_SURFACE(((1.,0.707106781186548,1.,0.707106781186548,1.),
(0.707106781186548,0.5,0.707106781186548,0.5,0.707106781186548),(1.,0.707106781186548,
1.,0.707106781186548,1.),(0.707106781186548,0.5,0.707106781186548,0.5,0.707106781186548),
(1.,0.707106781186548,1.,0.707106781186548,1.)))
REPRESENTATION_ITEM('')
SURFACE()
);
#250=(
BOUNDED_SURFACE()
B_SPLINE_SURFACE(2,2,((#4749,#4750,#4751,#4752,#4753),(#4754,#4755,#4756,
#4757,#4758),(#4759,#4760,#4761,#4762,#4763),(#4764,#4765,#4766,#4767,#4768),
(#4769,#4770,#4771,#4772,#4773)),.UNSPECIFIED.,.F.,.F.,.F.)
B_SPLINE_SURFACE_WITH_KNOTS((3,2,3),(3,2,3),(0.565486677646163,0.848230016469244,
1.13097335529233),(-0.282743338823081,0.,0.282743338823081),
 .UNSPECIFIED.)
GEOMETRIC_REPRESENTATION_ITEM()
RATIONAL_B_SPLINE_SURFACE(((1.,0.707106781186548,1.,0.707106781186548,1.),
(0.707106781186548,0.5,0.707106781186548,0.5,0.707106781186548),(1.,0.707106781186548,
1.,0.707106781186548,1.),(0.707106781186548,0.5,0.707106781186548,0.5,0.707106781186548),
(1.,0.707106781186548,1.,0.707106781186548,1.)))
REPRESENTATION_ITEM('')
SURFACE()
);
#251=(
BOUNDED_SURFACE()
B_SPLINE_SURFACE(2,2,((#4815,#4816,#4817,#4818,#4819),(#4820,#4821,#4822,
#4823,#4824),(#4825,#4826,#4827,#4828,#4829),(#4830,#4831,#4832,#4833,#4834),
(#4835,#4836,#4837,#4838,#4839)),.UNSPECIFIED.,.F.,.F.,.F.)
B_SPLINE_SURFACE_WITH_KNOTS((3,2,3),(3,2,3),(0.,0.282743338823081,0.565486677646163),
(-0.282743338823081,0.,0.282743338823081),.UNSPECIFIED.)
GEOMETRIC_REPRESENTATION_ITEM()
RATIONAL_B_SPLINE_SURFACE(((1.,0.707106781186548,1.,0.707106781186548,1.),
(0.707106781186548,0.5,0.707106781186548,0.5,0.707106781186548),(1.,0.707106781186548,
1.,0.707106781186548,1.),(0.707106781186548,0.5,0.707106781186548,0.5,0.707106781186548),
(1.,0.707106781186548,1.,0.707106781186548,1.)))
REPRESENTATION_ITEM('')
SURFACE()
);
#252=(
BOUNDED_SURFACE()
B_SPLINE_SURFACE(2,2,((#4844,#4845,#4846,#4847,#4848),(#4849,#4850,#4851,
#4852,#4853),(#4854,#4855,#4856,#4857,#4858),(#4859,#4860,#4861,#4862,#4863),
(#4864,#4865,#4866,#4867,#4868)),.UNSPECIFIED.,.F.,.F.,.F.)
B_SPLINE_SURFACE_WITH_KNOTS((3,2,3),(3,2,3),(0.565486677646163,0.848230016469244,
1.13097335529233),(-0.282743338823081,0.,0.282743338823081),
 .UNSPECIFIED.)
GEOMETRIC_REPRESENTATION_ITEM()
RATIONAL_B_SPLINE_SURFACE(((1.,0.707106781186548,1.,0.707106781186548,1.),
(0.707106781186548,0.5,0.707106781186548,0.5,0.707106781186548),(1.,0.707106781186548,
1.,0.707106781186548,1.),(0.707106781186548,0.5,0.707106781186548,0.5,0.707106781186548),
(1.,0.707106781186548,1.,0.707106781186548,1.)))
REPRESENTATION_ITEM('')
SURFACE()
);
#253=(
BOUNDED_SURFACE()
B_SPLINE_SURFACE(2,2,((#4910,#4911,#4912,#4913,#4914),(#4915,#4916,#4917,
#4918,#4919),(#4920,#4921,#4922,#4923,#4924),(#4925,#4926,#4927,#4928,#4929),
(#4930,#4931,#4932,#4933,#4934)),.UNSPECIFIED.,.F.,.F.,.F.)
B_SPLINE_SURFACE_WITH_KNOTS((3,2,3),(3,2,3),(0.,0.282743338823081,0.565486677646163),
(-0.282743338823081,0.,0.282743338823081),.UNSPECIFIED.)
GEOMETRIC_REPRESENTATION_ITEM()
RATIONAL_B_SPLINE_SURFACE(((1.,0.707106781186548,1.,0.707106781186548,1.),
(0.707106781186548,0.5,0.707106781186548,0.5,0.707106781186548),(1.,0.707106781186548,
1.,0.707106781186548,1.),(0.707106781186548,0.5,0.707106781186548,0.5,0.707106781186548),
(1.,0.707106781186548,1.,0.707106781186548,1.)))
REPRESENTATION_ITEM('')
SURFACE()
);
#254=(
BOUNDED_SURFACE()
B_SPLINE_SURFACE(2,2,((#4939,#4940,#4941,#4942,#4943),(#4944,#4945,#4946,
#4947,#4948),(#4949,#4950,#4951,#4952,#4953),(#4954,#4955,#4956,#4957,#4958),
(#4959,#4960,#4961,#4962,#4963)),.UNSPECIFIED.,.F.,.F.,.F.)
B_SPLINE_SURFACE_WITH_KNOTS((3,2,3),(3,2,3),(0.565486677646163,0.848230016469244,
1.13097335529233),(-0.282743338823081,0.,0.282743338823081),
 .UNSPECIFIED.)
GEOMETRIC_REPRESENTATION_ITEM()
RATIONAL_B_SPLINE_SURFACE(((1.,0.707106781186548,1.,0.707106781186548,1.),
(0.707106781186548,0.5,0.707106781186548,0.5,0.707106781186548),(1.,0.707106781186548,
1.,0.707106781186548,1.),(0.707106781186548,0.5,0.707106781186548,0.5,0.707106781186548),
(1.,0.707106781186548,1.,0.707106781186548,1.)))
REPRESENTATION_ITEM('')
SURFACE()
);
#255=(
BOUNDED_SURFACE()
B_SPLINE_SURFACE(2,2,((#5005,#5006,#5007,#5008,#5009),(#5010,#5011,#5012,
#5013,#5014),(#5015,#5016,#5017,#5018,#5019),(#5020,#5021,#5022,#5023,#5024),
(#5025,#5026,#5027,#5028,#5029)),.UNSPECIFIED.,.F.,.F.,.F.)
B_SPLINE_SURFACE_WITH_KNOTS((3,2,3),(3,2,3),(0.,0.282743338823081,0.565486677646163),
(-0.282743338823081,0.,0.282743338823081),.UNSPECIFIED.)
GEOMETRIC_REPRESENTATION_ITEM()
RATIONAL_B_SPLINE_SURFACE(((1.,0.707106781186548,1.,0.707106781186548,1.),
(0.707106781186548,0.5,0.707106781186548,0.5,0.707106781186548),(1.,0.707106781186548,
1.,0.707106781186548,1.),(0.707106781186548,0.5,0.707106781186548,0.5,0.707106781186548),
(1.,0.707106781186548,1.,0.707106781186548,1.)))
REPRESENTATION_ITEM('')
SURFACE()
);
#256=(
BOUNDED_SURFACE()
B_SPLINE_SURFACE(2,2,((#5034,#5035,#5036,#5037,#5038),(#5039,#5040,#5041,
#5042,#5043),(#5044,#5045,#5046,#5047,#5048),(#5049,#5050,#5051,#5052,#5053),
(#5054,#5055,#5056,#5057,#5058)),.UNSPECIFIED.,.F.,.F.,.F.)
B_SPLINE_SURFACE_WITH_KNOTS((3,2,3),(3,2,3),(0.565486677646163,0.848230016469244,
1.13097335529233),(-0.282743338823081,0.,0.282743338823081),
 .UNSPECIFIED.)
GEOMETRIC_REPRESENTATION_ITEM()
RATIONAL_B_SPLINE_SURFACE(((1.,0.707106781186548,1.,0.707106781186548,1.),
(0.707106781186548,0.5,0.707106781186548,0.5,0.707106781186548),(1.,0.707106781186548,
1.,0.707106781186548,1.),(0.707106781186548,0.5,0.707106781186548,0.5,0.707106781186548),
(1.,0.707106781186548,1.,0.707106781186548,1.)))
REPRESENTATION_ITEM('')
SURFACE()
);
#257=(
BOUNDED_SURFACE()
B_SPLINE_SURFACE(2,2,((#5100,#5101,#5102,#5103,#5104),(#5105,#5106,#5107,
#5108,#5109),(#5110,#5111,#5112,#5113,#5114),(#5115,#5116,#5117,#5118,#5119),
(#5120,#5121,#5122,#5123,#5124)),.UNSPECIFIED.,.F.,.F.,.F.)
B_SPLINE_SURFACE_WITH_KNOTS((3,2,3),(3,2,3),(0.,0.282743338823081,0.565486677646163),
(-0.282743338823081,0.,0.282743338823081),.UNSPECIFIED.)
GEOMETRIC_REPRESENTATION_ITEM()
RATIONAL_B_SPLINE_SURFACE(((1.,0.707106781186548,1.,0.707106781186548,1.),
(0.707106781186548,0.5,0.707106781186548,0.5,0.707106781186548),(1.,0.707106781186548,
1.,0.707106781186548,1.),(0.707106781186548,0.5,0.707106781186548,0.5,0.707106781186548),
(1.,0.707106781186548,1.,0.707106781186548,1.)))
REPRESENTATION_ITEM('')
SURFACE()
);
#258=(
BOUNDED_SURFACE()
B_SPLINE_SURFACE(2,2,((#5129,#5130,#5131,#5132,#5133),(#5134,#5135,#5136,
#5137,#5138),(#5139,#5140,#5141,#5142,#5143),(#5144,#5145,#5146,#5147,#5148),
(#5149,#5150,#5151,#5152,#5153)),.UNSPECIFIED.,.F.,.F.,.F.)
B_SPLINE_SURFACE_WITH_KNOTS((3,2,3),(3,2,3),(0.565486677646163,0.848230016469244,
1.13097335529233),(-0.282743338823081,0.,0.282743338823081),
 .UNSPECIFIED.)
GEOMETRIC_REPRESENTATION_ITEM()
RATIONAL_B_SPLINE_SURFACE(((1.,0.707106781186548,1.,0.707106781186548,1.),
(0.707106781186548,0.5,0.707106781186548,0.5,0.707106781186548),(1.,0.707106781186548,
1.,0.707106781186548,1.),(0.707106781186548,0.5,0.707106781186548,0.5,0.707106781186548),
(1.,0.707106781186548,1.,0.707106781186548,1.)))
REPRESENTATION_ITEM('')
SURFACE()
);
#259=(
BOUNDED_SURFACE()
B_SPLINE_SURFACE(2,2,((#5195,#5196,#5197,#5198,#5199),(#5200,#5201,#5202,
#5203,#5204),(#5205,#5206,#5207,#5208,#5209),(#5210,#5211,#5212,#5213,#5214),
(#5215,#5216,#5217,#5218,#5219)),.UNSPECIFIED.,.F.,.F.,.F.)
B_SPLINE_SURFACE_WITH_KNOTS((3,2,3),(3,2,3),(0.,0.282743338823081,0.565486677646163),
(-0.282743338823081,0.,0.282743338823081),.UNSPECIFIED.)
GEOMETRIC_REPRESENTATION_ITEM()
RATIONAL_B_SPLINE_SURFACE(((1.,0.707106781186548,1.,0.707106781186548,1.),
(0.707106781186548,0.5,0.707106781186548,0.5,0.707106781186548),(1.,0.707106781186548,
1.,0.707106781186548,1.),(0.707106781186548,0.5,0.707106781186548,0.5,0.707106781186548),
(1.,0.707106781186548,1.,0.707106781186548,1.)))
REPRESENTATION_ITEM('')
SURFACE()
);
#260=(
BOUNDED_SURFACE()
B_SPLINE_SURFACE(2,2,((#5224,#5225,#5226,#5227,#5228),(#5229,#5230,#5231,
#5232,#5233),(#5234,#5235,#5236,#5237,#5238),(#5239,#5240,#5241,#5242,#5243),
(#5244,#5245,#5246,#5247,#5248)),.UNSPECIFIED.,.F.,.F.,.F.)
B_SPLINE_SURFACE_WITH_KNOTS((3,2,3),(3,2,3),(0.565486677646163,0.848230016469244,
1.13097335529233),(-0.282743338823081,0.,0.282743338823081),
 .UNSPECIFIED.)
GEOMETRIC_REPRESENTATION_ITEM()
RATIONAL_B_SPLINE_SURFACE(((1.,0.707106781186548,1.,0.707106781186548,1.),
(0.707106781186548,0.5,0.707106781186548,0.5,0.707106781186548),(1.,0.707106781186548,
1.,0.707106781186548,1.),(0.707106781186548,0.5,0.707106781186548,0.5,0.707106781186548),
(1.,0.707106781186548,1.,0.707106781186548,1.)))
REPRESENTATION_ITEM('')
SURFACE()
);
#261=(
BOUNDED_SURFACE()
B_SPLINE_SURFACE(2,2,((#5290,#5291,#5292,#5293,#5294),(#5295,#5296,#5297,
#5298,#5299),(#5300,#5301,#5302,#5303,#5304),(#5305,#5306,#5307,#5308,#5309),
(#5310,#5311,#5312,#5313,#5314)),.UNSPECIFIED.,.F.,.F.,.F.)
B_SPLINE_SURFACE_WITH_KNOTS((3,2,3),(3,2,3),(0.,0.282743338823081,0.565486677646163),
(-0.282743338823081,0.,0.282743338823081),.UNSPECIFIED.)
GEOMETRIC_REPRESENTATION_ITEM()
RATIONAL_B_SPLINE_SURFACE(((1.,0.707106781186548,1.,0.707106781186548,1.),
(0.707106781186548,0.5,0.707106781186548,0.5,0.707106781186548),(1.,0.707106781186548,
1.,0.707106781186548,1.),(0.707106781186548,0.5,0.707106781186548,0.5,0.707106781186548),
(1.,0.707106781186548,1.,0.707106781186548,1.)))
REPRESENTATION_ITEM('')
SURFACE()
);
#262=(
BOUNDED_SURFACE()
B_SPLINE_SURFACE(2,2,((#5319,#5320,#5321,#5322,#5323),(#5324,#5325,#5326,
#5327,#5328),(#5329,#5330,#5331,#5332,#5333),(#5334,#5335,#5336,#5337,#5338),
(#5339,#5340,#5341,#5342,#5343)),.UNSPECIFIED.,.F.,.F.,.F.)
B_SPLINE_SURFACE_WITH_KNOTS((3,2,3),(3,2,3),(0.565486677646163,0.848230016469244,
1.13097335529233),(-0.282743338823081,0.,0.282743338823081),
 .UNSPECIFIED.)
GEOMETRIC_REPRESENTATION_ITEM()
RATIONAL_B_SPLINE_SURFACE(((1.,0.707106781186548,1.,0.707106781186548,1.),
(0.707106781186548,0.5,0.707106781186548,0.5,0.707106781186548),(1.,0.707106781186548,
1.,0.707106781186548,1.),(0.707106781186548,0.5,0.707106781186548,0.5,0.707106781186548),
(1.,0.707106781186548,1.,0.707106781186548,1.)))
REPRESENTATION_ITEM('')
SURFACE()
);
#263=(
BOUNDED_SURFACE()
B_SPLINE_SURFACE(2,2,((#5385,#5386,#5387,#5388,#5389),(#5390,#5391,#5392,
#5393,#5394),(#5395,#5396,#5397,#5398,#5399),(#5400,#5401,#5402,#5403,#5404),
(#5405,#5406,#5407,#5408,#5409)),.UNSPECIFIED.,.F.,.F.,.F.)
B_SPLINE_SURFACE_WITH_KNOTS((3,2,3),(3,2,3),(0.,0.282743338823081,0.565486677646163),
(-0.282743338823081,0.,0.282743338823081),.UNSPECIFIED.)
GEOMETRIC_REPRESENTATION_ITEM()
RATIONAL_B_SPLINE_SURFACE(((1.,0.707106781186548,1.,0.707106781186548,1.),
(0.707106781186548,0.5,0.707106781186548,0.5,0.707106781186548),(1.,0.707106781186548,
1.,0.707106781186548,1.),(0.707106781186548,0.5,0.707106781186548,0.5,0.707106781186548),
(1.,0.707106781186548,1.,0.707106781186548,1.)))
REPRESENTATION_ITEM('')
SURFACE()
);
#264=(
BOUNDED_SURFACE()
B_SPLINE_SURFACE(2,2,((#5414,#5415,#5416,#5417,#5418),(#5419,#5420,#5421,
#5422,#5423),(#5424,#5425,#5426,#5427,#5428),(#5429,#5430,#5431,#5432,#5433),
(#5434,#5435,#5436,#5437,#5438)),.UNSPECIFIED.,.F.,.F.,.F.)
B_SPLINE_SURFACE_WITH_KNOTS((3,2,3),(3,2,3),(0.565486677646163,0.848230016469244,
1.13097335529233),(-0.282743338823081,0.,0.282743338823081),
 .UNSPECIFIED.)
GEOMETRIC_REPRESENTATION_ITEM()
RATIONAL_B_SPLINE_SURFACE(((1.,0.707106781186548,1.,0.707106781186548,1.),
(0.707106781186548,0.5,0.707106781186548,0.5,0.707106781186548),(1.,0.707106781186548,
1.,0.707106781186548,1.),(0.707106781186548,0.5,0.707106781186548,0.5,0.707106781186548),
(1.,0.707106781186548,1.,0.707106781186548,1.)))
REPRESENTATION_ITEM('')
SURFACE()
);
#265=(
BOUNDED_SURFACE()
B_SPLINE_SURFACE(2,2,((#5480,#5481,#5482,#5483,#5484),(#5485,#5486,#5487,
#5488,#5489),(#5490,#5491,#5492,#5493,#5494),(#5495,#5496,#5497,#5498,#5499),
(#5500,#5501,#5502,#5503,#5504)),.UNSPECIFIED.,.F.,.F.,.F.)
B_SPLINE_SURFACE_WITH_KNOTS((3,2,3),(3,2,3),(0.,0.282743338823081,0.565486677646163),
(-0.282743338823081,0.,0.282743338823081),.UNSPECIFIED.)
GEOMETRIC_REPRESENTATION_ITEM()
RATIONAL_B_SPLINE_SURFACE(((1.,0.707106781186548,1.,0.707106781186548,1.),
(0.707106781186548,0.5,0.707106781186548,0.5,0.707106781186548),(1.,0.707106781186548,
1.,0.707106781186548,1.),(0.707106781186548,0.5,0.707106781186548,0.5,0.707106781186548),
(1.,0.707106781186548,1.,0.707106781186548,1.)))
REPRESENTATION_ITEM('')
SURFACE()
);
#266=(
BOUNDED_SURFACE()
B_SPLINE_SURFACE(2,2,((#5509,#5510,#5511,#5512,#5513),(#5514,#5515,#5516,
#5517,#5518),(#5519,#5520,#5521,#5522,#5523),(#5524,#5525,#5526,#5527,#5528),
(#5529,#5530,#5531,#5532,#5533)),.UNSPECIFIED.,.F.,.F.,.F.)
B_SPLINE_SURFACE_WITH_KNOTS((3,2,3),(3,2,3),(0.565486677646163,0.848230016469244,
1.13097335529233),(-0.282743338823081,0.,0.282743338823081),
 .UNSPECIFIED.)
GEOMETRIC_REPRESENTATION_ITEM()
RATIONAL_B_SPLINE_SURFACE(((1.,0.707106781186548,1.,0.707106781186548,1.),
(0.707106781186548,0.5,0.707106781186548,0.5,0.707106781186548),(1.,0.707106781186548,
1.,0.707106781186548,1.),(0.707106781186548,0.5,0.707106781186548,0.5,0.707106781186548),
(1.,0.707106781186548,1.,0.707106781186548,1.)))
REPRESENTATION_ITEM('')
SURFACE()
);
#267=(
BOUNDED_SURFACE()
B_SPLINE_SURFACE(2,2,((#5575,#5576,#5577,#5578,#5579),(#5580,#5581,#5582,
#5583,#5584),(#5585,#5586,#5587,#5588,#5589),(#5590,#5591,#5592,#5593,#5594),
(#5595,#5596,#5597,#5598,#5599)),.UNSPECIFIED.,.F.,.F.,.F.)
B_SPLINE_SURFACE_WITH_KNOTS((3,2,3),(3,2,3),(0.,0.282743338823081,0.565486677646163),
(-0.282743338823081,0.,0.282743338823081),.UNSPECIFIED.)
GEOMETRIC_REPRESENTATION_ITEM()
RATIONAL_B_SPLINE_SURFACE(((1.,0.707106781186548,1.,0.707106781186548,1.),
(0.707106781186548,0.5,0.707106781186548,0.5,0.707106781186548),(1.,0.707106781186548,
1.,0.707106781186548,1.),(0.707106781186548,0.5,0.707106781186548,0.5,0.707106781186548),
(1.,0.707106781186548,1.,0.707106781186548,1.)))
REPRESENTATION_ITEM('')
SURFACE()
);
#268=(
BOUNDED_SURFACE()
B_SPLINE_SURFACE(2,2,((#5604,#5605,#5606,#5607,#5608),(#5609,#5610,#5611,
#5612,#5613),(#5614,#5615,#5616,#5617,#5618),(#5619,#5620,#5621,#5622,#5623),
(#5624,#5625,#5626,#5627,#5628)),.UNSPECIFIED.,.F.,.F.,.F.)
B_SPLINE_SURFACE_WITH_KNOTS((3,2,3),(3,2,3),(0.565486677646163,0.848230016469244,
1.13097335529233),(-0.282743338823081,0.,0.282743338823081),
 .UNSPECIFIED.)
GEOMETRIC_REPRESENTATION_ITEM()
RATIONAL_B_SPLINE_SURFACE(((1.,0.707106781186548,1.,0.707106781186548,1.),
(0.707106781186548,0.5,0.707106781186548,0.5,0.707106781186548),(1.,0.707106781186548,
1.,0.707106781186548,1.),(0.707106781186548,0.5,0.707106781186548,0.5,0.707106781186548),
(1.,0.707106781186548,1.,0.707106781186548,1.)))
REPRESENTATION_ITEM('')
SURFACE()
);
#269=(
BOUNDED_SURFACE()
B_SPLINE_SURFACE(2,2,((#5670,#5671,#5672,#5673,#5674),(#5675,#5676,#5677,
#5678,#5679),(#5680,#5681,#5682,#5683,#5684),(#5685,#5686,#5687,#5688,#5689),
(#5690,#5691,#5692,#5693,#5694)),.UNSPECIFIED.,.F.,.F.,.F.)
B_SPLINE_SURFACE_WITH_KNOTS((3,2,3),(3,2,3),(0.,0.282743338823081,0.565486677646163),
(-0.282743338823081,0.,0.282743338823081),.UNSPECIFIED.)
GEOMETRIC_REPRESENTATION_ITEM()
RATIONAL_B_SPLINE_SURFACE(((1.,0.707106781186548,1.,0.707106781186548,1.),
(0.707106781186548,0.5,0.707106781186548,0.5,0.707106781186548),(1.,0.707106781186548,
1.,0.707106781186548,1.),(0.707106781186548,0.5,0.707106781186548,0.5,0.707106781186548),
(1.,0.707106781186548,1.,0.707106781186548,1.)))
REPRESENTATION_ITEM('')
SURFACE()
);
#270=(
BOUNDED_SURFACE()
B_SPLINE_SURFACE(2,2,((#5699,#5700,#5701,#5702,#5703),(#5704,#5705,#5706,
#5707,#5708),(#5709,#5710,#5711,#5712,#5713),(#5714,#5715,#5716,#5717,#5718),
(#5719,#5720,#5721,#5722,#5723)),.UNSPECIFIED.,.F.,.F.,.F.)
B_SPLINE_SURFACE_WITH_KNOTS((3,2,3),(3,2,3),(0.565486677646163,0.848230016469244,
1.13097335529233),(-0.282743338823081,0.,0.282743338823081),
 .UNSPECIFIED.)
GEOMETRIC_REPRESENTATION_ITEM()
RATIONAL_B_SPLINE_SURFACE(((1.,0.707106781186548,1.,0.707106781186548,1.),
(0.707106781186548,0.5,0.707106781186548,0.5,0.707106781186548),(1.,0.707106781186548,
1.,0.707106781186548,1.),(0.707106781186548,0.5,0.707106781186548,0.5,0.707106781186548),
(1.,0.707106781186548,1.,0.707106781186548,1.)))
REPRESENTATION_ITEM('')
SURFACE()
);
#271=(
BOUNDED_SURFACE()
B_SPLINE_SURFACE(2,2,((#5765,#5766,#5767,#5768,#5769),(#5770,#5771,#5772,
#5773,#5774),(#5775,#5776,#5777,#5778,#5779),(#5780,#5781,#5782,#5783,#5784),
(#5785,#5786,#5787,#5788,#5789)),.UNSPECIFIED.,.F.,.F.,.F.)
B_SPLINE_SURFACE_WITH_KNOTS((3,2,3),(3,2,3),(0.,0.282743338823081,0.565486677646163),
(-0.282743338823081,0.,0.282743338823081),.UNSPECIFIED.)
GEOMETRIC_REPRESENTATION_ITEM()
RATIONAL_B_SPLINE_SURFACE(((1.,0.707106781186548,1.,0.707106781186548,1.),
(0.707106781186548,0.5,0.707106781186548,0.5,0.707106781186548),(1.,0.707106781186548,
1.,0.707106781186548,1.),(0.707106781186548,0.5,0.707106781186548,0.5,0.707106781186548),
(1.,0.707106781186548,1.,0.707106781186548,1.)))
REPRESENTATION_ITEM('')
SURFACE()
);
#272=(
BOUNDED_SURFACE()
B_SPLINE_SURFACE(2,2,((#5794,#5795,#5796,#5797,#5798),(#5799,#5800,#5801,
#5802,#5803),(#5804,#5805,#5806,#5807,#5808),(#5809,#5810,#5811,#5812,#5813),
(#5814,#5815,#5816,#5817,#5818)),.UNSPECIFIED.,.F.,.F.,.F.)
B_SPLINE_SURFACE_WITH_KNOTS((3,2,3),(3,2,3),(0.565486677646163,0.848230016469244,
1.13097335529233),(-0.282743338823081,0.,0.282743338823081),
 .UNSPECIFIED.)
GEOMETRIC_REPRESENTATION_ITEM()
RATIONAL_B_SPLINE_SURFACE(((1.,0.707106781186548,1.,0.707106781186548,1.),
(0.707106781186548,0.5,0.707106781186548,0.5,0.707106781186548),(1.,0.707106781186548,
1.,0.707106781186548,1.),(0.707106781186548,0.5,0.707106781186548,0.5,0.707106781186548),
(1.,0.707106781186548,1.,0.707106781186548,1.)))
REPRESENTATION_ITEM('')
SURFACE()
);
#273=(
BOUNDED_SURFACE()
B_SPLINE_SURFACE(2,2,((#5860,#5861,#5862,#5863,#5864),(#5865,#5866,#5867,
#5868,#5869),(#5870,#5871,#5872,#5873,#5874),(#5875,#5876,#5877,#5878,#5879),
(#5880,#5881,#5882,#5883,#5884)),.UNSPECIFIED.,.F.,.F.,.F.)
B_SPLINE_SURFACE_WITH_KNOTS((3,2,3),(3,2,3),(0.,0.282743338823081,0.565486677646163),
(-0.282743338823081,0.,0.282743338823081),.UNSPECIFIED.)
GEOMETRIC_REPRESENTATION_ITEM()
RATIONAL_B_SPLINE_SURFACE(((1.,0.707106781186548,1.,0.707106781186548,1.),
(0.707106781186548,0.5,0.707106781186548,0.5,0.707106781186548),(1.,0.707106781186548,
1.,0.707106781186548,1.),(0.707106781186548,0.5,0.707106781186548,0.5,0.707106781186548),
(1.,0.707106781186548,1.,0.707106781186548,1.)))
REPRESENTATION_ITEM('')
SURFACE()
);
#274=(
BOUNDED_SURFACE()
B_SPLINE_SURFACE(2,2,((#5889,#5890,#5891,#5892,#5893),(#5894,#5895,#5896,
#5897,#5898),(#5899,#5900,#5901,#5902,#5903),(#5904,#5905,#5906,#5907,#5908),
(#5909,#5910,#5911,#5912,#5913)),.UNSPECIFIED.,.F.,.F.,.F.)
B_SPLINE_SURFACE_WITH_KNOTS((3,2,3),(3,2,3),(0.565486677646163,0.848230016469244,
1.13097335529233),(-0.282743338823081,0.,0.282743338823081),
 .UNSPECIFIED.)
GEOMETRIC_REPRESENTATION_ITEM()
RATIONAL_B_SPLINE_SURFACE(((1.,0.707106781186548,1.,0.707106781186548,1.),
(0.707106781186548,0.5,0.707106781186548,0.5,0.707106781186548),(1.,0.707106781186548,
1.,0.707106781186548,1.),(0.707106781186548,0.5,0.707106781186548,0.5,0.707106781186548),
(1.,0.707106781186548,1.,0.707106781186548,1.)))
REPRESENTATION_ITEM('')
SURFACE()
);
#275=(
BOUNDED_SURFACE()
B_SPLINE_SURFACE(2,2,((#5955,#5956,#5957,#5958,#5959),(#5960,#5961,#5962,
#5963,#5964),(#5965,#5966,#5967,#5968,#5969),(#5970,#5971,#5972,#5973,#5974),
(#5975,#5976,#5977,#5978,#5979)),.UNSPECIFIED.,.F.,.F.,.F.)
B_SPLINE_SURFACE_WITH_KNOTS((3,2,3),(3,2,3),(0.,0.282743338823081,0.565486677646163),
(-0.282743338823081,0.,0.282743338823081),.UNSPECIFIED.)
GEOMETRIC_REPRESENTATION_ITEM()
RATIONAL_B_SPLINE_SURFACE(((1.,0.707106781186548,1.,0.707106781186548,1.),
(0.707106781186548,0.5,0.707106781186548,0.5,0.707106781186548),(1.,0.707106781186548,
1.,0.707106781186548,1.),(0.707106781186548,0.5,0.707106781186548,0.5,0.707106781186548),
(1.,0.707106781186548,1.,0.707106781186548,1.)))
REPRESENTATION_ITEM('')
SURFACE()
);
#276=(
BOUNDED_SURFACE()
B_SPLINE_SURFACE(2,2,((#5984,#5985,#5986,#5987,#5988),(#5989,#5990,#5991,
#5992,#5993),(#5994,#5995,#5996,#5997,#5998),(#5999,#6000,#6001,#6002,#6003),
(#6004,#6005,#6006,#6007,#6008)),.UNSPECIFIED.,.F.,.F.,.F.)
B_SPLINE_SURFACE_WITH_KNOTS((3,2,3),(3,2,3),(0.565486677646163,0.848230016469244,
1.13097335529233),(-0.282743338823081,0.,0.282743338823081),
 .UNSPECIFIED.)
GEOMETRIC_REPRESENTATION_ITEM()
RATIONAL_B_SPLINE_SURFACE(((1.,0.707106781186548,1.,0.707106781186548,1.),
(0.707106781186548,0.5,0.707106781186548,0.5,0.707106781186548),(1.,0.707106781186548,
1.,0.707106781186548,1.),(0.707106781186548,0.5,0.707106781186548,0.5,0.707106781186548),
(1.,0.707106781186548,1.,0.707106781186548,1.)))
REPRESENTATION_ITEM('')
SURFACE()
);
#277=(
BOUNDED_SURFACE()
B_SPLINE_SURFACE(2,2,((#6050,#6051,#6052,#6053,#6054),(#6055,#6056,#6057,
#6058,#6059),(#6060,#6061,#6062,#6063,#6064),(#6065,#6066,#6067,#6068,#6069),
(#6070,#6071,#6072,#6073,#6074)),.UNSPECIFIED.,.F.,.F.,.F.)
B_SPLINE_SURFACE_WITH_KNOTS((3,2,3),(3,2,3),(0.,0.282743338823081,0.565486677646163),
(-0.282743338823081,0.,0.282743338823081),.UNSPECIFIED.)
GEOMETRIC_REPRESENTATION_ITEM()
RATIONAL_B_SPLINE_SURFACE(((1.,0.707106781186548,1.,0.707106781186548,1.),
(0.707106781186548,0.5,0.707106781186548,0.5,0.707106781186548),(1.,0.707106781186548,
1.,0.707106781186548,1.),(0.707106781186548,0.5,0.707106781186548,0.5,0.707106781186548),
(1.,0.707106781186548,1.,0.707106781186548,1.)))
REPRESENTATION_ITEM('')
SURFACE()
);
#278=(
BOUNDED_SURFACE()
B_SPLINE_SURFACE(2,2,((#6079,#6080,#6081,#6082,#6083),(#6084,#6085,#6086,
#6087,#6088),(#6089,#6090,#6091,#6092,#6093),(#6094,#6095,#6096,#6097,#6098),
(#6099,#6100,#6101,#6102,#6103)),.UNSPECIFIED.,.F.,.F.,.F.)
B_SPLINE_SURFACE_WITH_KNOTS((3,2,3),(3,2,3),(0.565486677646163,0.848230016469244,
1.13097335529233),(-0.282743338823081,0.,0.282743338823081),
 .UNSPECIFIED.)
GEOMETRIC_REPRESENTATION_ITEM()
RATIONAL_B_SPLINE_SURFACE(((1.,0.707106781186548,1.,0.707106781186548,1.),
(0.707106781186548,0.5,0.707106781186548,0.5,0.707106781186548),(1.,0.707106781186548,
1.,0.707106781186548,1.),(0.707106781186548,0.5,0.707106781186548,0.5,0.707106781186548),
(1.,0.707106781186548,1.,0.707106781186548,1.)))
REPRESENTATION_ITEM('')
SURFACE()
);
#279=(
BOUNDED_SURFACE()
B_SPLINE_SURFACE(2,2,((#6145,#6146,#6147,#6148,#6149),(#6150,#6151,#6152,
#6153,#6154),(#6155,#6156,#6157,#6158,#6159),(#6160,#6161,#6162,#6163,#6164),
(#6165,#6166,#6167,#6168,#6169)),.UNSPECIFIED.,.F.,.F.,.F.)
B_SPLINE_SURFACE_WITH_KNOTS((3,2,3),(3,2,3),(0.,0.282743338823081,0.565486677646163),
(-0.282743338823081,0.,0.282743338823081),.UNSPECIFIED.)
GEOMETRIC_REPRESENTATION_ITEM()
RATIONAL_B_SPLINE_SURFACE(((1.,0.707106781186548,1.,0.707106781186548,1.),
(0.707106781186548,0.5,0.707106781186548,0.5,0.707106781186548),(1.,0.707106781186548,
1.,0.707106781186548,1.),(0.707106781186548,0.5,0.707106781186548,0.5,0.707106781186548),
(1.,0.707106781186548,1.,0.707106781186548,1.)))
REPRESENTATION_ITEM('')
SURFACE()
);
#280=(
BOUNDED_SURFACE()
B_SPLINE_SURFACE(2,2,((#6174,#6175,#6176,#6177,#6178),(#6179,#6180,#6181,
#6182,#6183),(#6184,#6185,#6186,#6187,#6188),(#6189,#6190,#6191,#6192,#6193),
(#6194,#6195,#6196,#6197,#6198)),.UNSPECIFIED.,.F.,.F.,.F.)
B_SPLINE_SURFACE_WITH_KNOTS((3,2,3),(3,2,3),(0.565486677646163,0.848230016469244,
1.13097335529233),(-0.282743338823081,0.,0.282743338823081),
 .UNSPECIFIED.)
GEOMETRIC_REPRESENTATION_ITEM()
RATIONAL_B_SPLINE_SURFACE(((1.,0.707106781186548,1.,0.707106781186548,1.),
(0.707106781186548,0.5,0.707106781186548,0.5,0.707106781186548),(1.,0.707106781186548,
1.,0.707106781186548,1.),(0.707106781186548,0.5,0.707106781186548,0.5,0.707106781186548),
(1.,0.707106781186548,1.,0.707106781186548,1.)))
REPRESENTATION_ITEM('')
SURFACE()
);
#281=(
BOUNDED_SURFACE()
B_SPLINE_SURFACE(2,2,((#6240,#6241,#6242,#6243,#6244),(#6245,#6246,#6247,
#6248,#6249),(#6250,#6251,#6252,#6253,#6254),(#6255,#6256,#6257,#6258,#6259),
(#6260,#6261,#6262,#6263,#6264)),.UNSPECIFIED.,.F.,.F.,.F.)
B_SPLINE_SURFACE_WITH_KNOTS((3,2,3),(3,2,3),(0.,0.282743338823081,0.565486677646163),
(-0.282743338823081,0.,0.282743338823081),.UNSPECIFIED.)
GEOMETRIC_REPRESENTATION_ITEM()
RATIONAL_B_SPLINE_SURFACE(((1.,0.707106781186548,1.,0.707106781186548,1.),
(0.707106781186548,0.5,0.707106781186548,0.5,0.707106781186548),(1.,0.707106781186548,
1.,0.707106781186548,1.),(0.707106781186548,0.5,0.707106781186548,0.5,0.707106781186548),
(1.,0.707106781186548,1.,0.707106781186548,1.)))
REPRESENTATION_ITEM('')
SURFACE()
);
#282=(
BOUNDED_SURFACE()
B_SPLINE_SURFACE(2,2,((#6269,#6270,#6271,#6272,#6273),(#6274,#6275,#6276,
#6277,#6278),(#6279,#6280,#6281,#6282,#6283),(#6284,#6285,#6286,#6287,#6288),
(#6289,#6290,#6291,#6292,#6293)),.UNSPECIFIED.,.F.,.F.,.F.)
B_SPLINE_SURFACE_WITH_KNOTS((3,2,3),(3,2,3),(0.565486677646163,0.848230016469244,
1.13097335529233),(-0.282743338823081,0.,0.282743338823081),
 .UNSPECIFIED.)
GEOMETRIC_REPRESENTATION_ITEM()
RATIONAL_B_SPLINE_SURFACE(((1.,0.707106781186548,1.,0.707106781186548,1.),
(0.707106781186548,0.5,0.707106781186548,0.5,0.707106781186548),(1.,0.707106781186548,
1.,0.707106781186548,1.),(0.707106781186548,0.5,0.707106781186548,0.5,0.707106781186548),
(1.,0.707106781186548,1.,0.707106781186548,1.)))
REPRESENTATION_ITEM('')
SURFACE()
);
#283=(
BOUNDED_SURFACE()
B_SPLINE_SURFACE(2,2,((#6335,#6336,#6337,#6338,#6339),(#6340,#6341,#6342,
#6343,#6344),(#6345,#6346,#6347,#6348,#6349),(#6350,#6351,#6352,#6353,#6354),
(#6355,#6356,#6357,#6358,#6359)),.UNSPECIFIED.,.F.,.F.,.F.)
B_SPLINE_SURFACE_WITH_KNOTS((3,2,3),(3,2,3),(0.,0.282743338823081,0.565486677646163),
(-0.282743338823081,0.,0.282743338823081),.UNSPECIFIED.)
GEOMETRIC_REPRESENTATION_ITEM()
RATIONAL_B_SPLINE_SURFACE(((1.,0.707106781186548,1.,0.707106781186548,1.),
(0.707106781186548,0.5,0.707106781186548,0.5,0.707106781186548),(1.,0.707106781186548,
1.,0.707106781186548,1.),(0.707106781186548,0.5,0.707106781186548,0.5,0.707106781186548),
(1.,0.707106781186548,1.,0.707106781186548,1.)))
REPRESENTATION_ITEM('')
SURFACE()
);
#284=(
BOUNDED_SURFACE()
B_SPLINE_SURFACE(2,2,((#6364,#6365,#6366,#6367,#6368),(#6369,#6370,#6371,
#6372,#6373),(#6374,#6375,#6376,#6377,#6378),(#6379,#6380,#6381,#6382,#6383),
(#6384,#6385,#6386,#6387,#6388)),.UNSPECIFIED.,.F.,.F.,.F.)
B_SPLINE_SURFACE_WITH_KNOTS((3,2,3),(3,2,3),(0.565486677646163,0.848230016469244,
1.13097335529233),(-0.282743338823081,0.,0.282743338823081),
 .UNSPECIFIED.)
GEOMETRIC_REPRESENTATION_ITEM()
RATIONAL_B_SPLINE_SURFACE(((1.,0.707106781186548,1.,0.707106781186548,1.),
(0.707106781186548,0.5,0.707106781186548,0.5,0.707106781186548),(1.,0.707106781186548,
1.,0.707106781186548,1.),(0.707106781186548,0.5,0.707106781186548,0.5,0.707106781186548),
(1.,0.707106781186548,1.,0.707106781186548,1.)))
REPRESENTATION_ITEM('')
SURFACE()
);
#285=(
BOUNDED_SURFACE()
B_SPLINE_SURFACE(2,2,((#6430,#6431,#6432,#6433,#6434),(#6435,#6436,#6437,
#6438,#6439),(#6440,#6441,#6442,#6443,#6444),(#6445,#6446,#6447,#6448,#6449),
(#6450,#6451,#6452,#6453,#6454)),.UNSPECIFIED.,.F.,.F.,.F.)
B_SPLINE_SURFACE_WITH_KNOTS((3,2,3),(3,2,3),(0.,0.282743338823081,0.565486677646163),
(-0.282743338823081,0.,0.282743338823081),.UNSPECIFIED.)
GEOMETRIC_REPRESENTATION_ITEM()
RATIONAL_B_SPLINE_SURFACE(((1.,0.707106781186548,1.,0.707106781186548,1.),
(0.707106781186548,0.5,0.707106781186548,0.5,0.707106781186548),(1.,0.707106781186548,
1.,0.707106781186548,1.),(0.707106781186548,0.5,0.707106781186548,0.5,0.707106781186548),
(1.,0.707106781186548,1.,0.707106781186548,1.)))
REPRESENTATION_ITEM('')
SURFACE()
);
#286=(
BOUNDED_SURFACE()
B_SPLINE_SURFACE(2,2,((#6459,#6460,#6461,#6462,#6463),(#6464,#6465,#6466,
#6467,#6468),(#6469,#6470,#6471,#6472,#6473),(#6474,#6475,#6476,#6477,#6478),
(#6479,#6480,#6481,#6482,#6483)),.UNSPECIFIED.,.F.,.F.,.F.)
B_SPLINE_SURFACE_WITH_KNOTS((3,2,3),(3,2,3),(0.565486677646163,0.848230016469244,
1.13097335529233),(-0.282743338823081,0.,0.282743338823081),
 .UNSPECIFIED.)
GEOMETRIC_REPRESENTATION_ITEM()
RATIONAL_B_SPLINE_SURFACE(((1.,0.707106781186548,1.,0.707106781186548,1.),
(0.707106781186548,0.5,0.707106781186548,0.5,0.707106781186548),(1.,0.707106781186548,
1.,0.707106781186548,1.),(0.707106781186548,0.5,0.707106781186548,0.5,0.707106781186548),
(1.,0.707106781186548,1.,0.707106781186548,1.)))
REPRESENTATION_ITEM('')
SURFACE()
);
#287=(
BOUNDED_SURFACE()
B_SPLINE_SURFACE(2,2,((#6525,#6526,#6527,#6528,#6529),(#6530,#6531,#6532,
#6533,#6534),(#6535,#6536,#6537,#6538,#6539),(#6540,#6541,#6542,#6543,#6544),
(#6545,#6546,#6547,#6548,#6549)),.UNSPECIFIED.,.F.,.F.,.F.)
B_SPLINE_SURFACE_WITH_KNOTS((3,2,3),(3,2,3),(0.,0.282743338823081,0.565486677646163),
(-0.282743338823081,0.,0.282743338823081),.UNSPECIFIED.)
GEOMETRIC_REPRESENTATION_ITEM()
RATIONAL_B_SPLINE_SURFACE(((1.,0.707106781186548,1.,0.707106781186548,1.),
(0.707106781186548,0.5,0.707106781186548,0.5,0.707106781186548),(1.,0.707106781186548,
1.,0.707106781186548,1.),(0.707106781186548,0.5,0.707106781186548,0.5,0.707106781186548),
(1.,0.707106781186548,1.,0.707106781186548,1.)))
REPRESENTATION_ITEM('')
SURFACE()
);
#288=(
BOUNDED_SURFACE()
B_SPLINE_SURFACE(2,2,((#6554,#6555,#6556,#6557,#6558),(#6559,#6560,#6561,
#6562,#6563),(#6564,#6565,#6566,#6567,#6568),(#6569,#6570,#6571,#6572,#6573),
(#6574,#6575,#6576,#6577,#6578)),.UNSPECIFIED.,.F.,.F.,.F.)
B_SPLINE_SURFACE_WITH_KNOTS((3,2,3),(3,2,3),(0.565486677646163,0.848230016469244,
1.13097335529233),(-0.282743338823081,0.,0.282743338823081),
 .UNSPECIFIED.)
GEOMETRIC_REPRESENTATION_ITEM()
RATIONAL_B_SPLINE_SURFACE(((1.,0.707106781186548,1.,0.707106781186548,1.),
(0.707106781186548,0.5,0.707106781186548,0.5,0.707106781186548),(1.,0.707106781186548,
1.,0.707106781186548,1.),(0.707106781186548,0.5,0.707106781186548,0.5,0.707106781186548),
(1.,0.707106781186548,1.,0.707106781186548,1.)))
REPRESENTATION_ITEM('')
SURFACE()
);
#289=(
BOUNDED_SURFACE()
B_SPLINE_SURFACE(2,2,((#6620,#6621,#6622,#6623,#6624),(#6625,#6626,#6627,
#6628,#6629),(#6630,#6631,#6632,#6633,#6634),(#6635,#6636,#6637,#6638,#6639),
(#6640,#6641,#6642,#6643,#6644)),.UNSPECIFIED.,.F.,.F.,.F.)
B_SPLINE_SURFACE_WITH_KNOTS((3,2,3),(3,2,3),(0.,0.282743338823081,0.565486677646163),
(-0.282743338823081,0.,0.282743338823081),.UNSPECIFIED.)
GEOMETRIC_REPRESENTATION_ITEM()
RATIONAL_B_SPLINE_SURFACE(((1.,0.707106781186548,1.,0.707106781186548,1.),
(0.707106781186548,0.5,0.707106781186548,0.5,0.707106781186548),(1.,0.707106781186548,
1.,0.707106781186548,1.),(0.707106781186548,0.5,0.707106781186548,0.5,0.707106781186548),
(1.,0.707106781186548,1.,0.707106781186548,1.)))
REPRESENTATION_ITEM('')
SURFACE()
);
#290=(
BOUNDED_SURFACE()
B_SPLINE_SURFACE(2,2,((#6649,#6650,#6651,#6652,#6653),(#6654,#6655,#6656,
#6657,#6658),(#6659,#6660,#6661,#6662,#6663),(#6664,#6665,#6666,#6667,#6668),
(#6669,#6670,#6671,#6672,#6673)),.UNSPECIFIED.,.F.,.F.,.F.)
B_SPLINE_SURFACE_WITH_KNOTS((3,2,3),(3,2,3),(0.565486677646163,0.848230016469244,
1.13097335529233),(-0.282743338823081,0.,0.282743338823081),
 .UNSPECIFIED.)
GEOMETRIC_REPRESENTATION_ITEM()
RATIONAL_B_SPLINE_SURFACE(((1.,0.707106781186548,1.,0.707106781186548,1.),
(0.707106781186548,0.5,0.707106781186548,0.5,0.707106781186548),(1.,0.707106781186548,
1.,0.707106781186548,1.),(0.707106781186548,0.5,0.707106781186548,0.5,0.707106781186548),
(1.,0.707106781186548,1.,0.707106781186548,1.)))
REPRESENTATION_ITEM('')
SURFACE()
);
#291=(
BOUNDED_SURFACE()
B_SPLINE_SURFACE(2,2,((#6715,#6716,#6717,#6718,#6719),(#6720,#6721,#6722,
#6723,#6724),(#6725,#6726,#6727,#6728,#6729),(#6730,#6731,#6732,#6733,#6734),
(#6735,#6736,#6737,#6738,#6739)),.UNSPECIFIED.,.F.,.F.,.F.)
B_SPLINE_SURFACE_WITH_KNOTS((3,2,3),(3,2,3),(0.,0.282743338823081,0.565486677646163),
(-0.282743338823081,0.,0.282743338823081),.UNSPECIFIED.)
GEOMETRIC_REPRESENTATION_ITEM()
RATIONAL_B_SPLINE_SURFACE(((1.,0.707106781186548,1.,0.707106781186548,1.),
(0.707106781186548,0.5,0.707106781186548,0.5,0.707106781186548),(1.,0.707106781186548,
1.,0.707106781186548,1.),(0.707106781186548,0.5,0.707106781186548,0.5,0.707106781186548),
(1.,0.707106781186548,1.,0.707106781186548,1.)))
REPRESENTATION_ITEM('')
SURFACE()
);
#292=(
BOUNDED_SURFACE()
B_SPLINE_SURFACE(2,2,((#6744,#6745,#6746,#6747,#6748),(#6749,#6750,#6751,
#6752,#6753),(#6754,#6755,#6756,#6757,#6758),(#6759,#6760,#6761,#6762,#6763),
(#6764,#6765,#6766,#6767,#6768)),.UNSPECIFIED.,.F.,.F.,.F.)
B_SPLINE_SURFACE_WITH_KNOTS((3,2,3),(3,2,3),(0.565486677646163,0.848230016469244,
1.13097335529233),(-0.282743338823081,0.,0.282743338823081),
 .UNSPECIFIED.)
GEOMETRIC_REPRESENTATION_ITEM()
RATIONAL_B_SPLINE_SURFACE(((1.,0.707106781186548,1.,0.707106781186548,1.),
(0.707106781186548,0.5,0.707106781186548,0.5,0.707106781186548),(1.,0.707106781186548,
1.,0.707106781186548,1.),(0.707106781186548,0.5,0.707106781186548,0.5,0.707106781186548),
(1.,0.707106781186548,1.,0.707106781186548,1.)))
REPRESENTATION_ITEM('')
SURFACE()
);
#293=(
BOUNDED_SURFACE()
B_SPLINE_SURFACE(2,2,((#6810,#6811,#6812,#6813,#6814),(#6815,#6816,#6817,
#6818,#6819),(#6820,#6821,#6822,#6823,#6824),(#6825,#6826,#6827,#6828,#6829),
(#6830,#6831,#6832,#6833,#6834)),.UNSPECIFIED.,.F.,.F.,.F.)
B_SPLINE_SURFACE_WITH_KNOTS((3,2,3),(3,2,3),(0.,0.282743338823081,0.565486677646163),
(-0.282743338823081,0.,0.282743338823081),.UNSPECIFIED.)
GEOMETRIC_REPRESENTATION_ITEM()
RATIONAL_B_SPLINE_SURFACE(((1.,0.707106781186548,1.,0.707106781186548,1.),
(0.707106781186548,0.5,0.707106781186548,0.5,0.707106781186548),(1.,0.707106781186548,
1.,0.707106781186548,1.),(0.707106781186548,0.5,0.707106781186548,0.5,0.707106781186548),
(1.,0.707106781186548,1.,0.707106781186548,1.)))
REPRESENTATION_ITEM('')
SURFACE()
);
#294=(
BOUNDED_SURFACE()
B_SPLINE_SURFACE(2,2,((#6839,#6840,#6841,#6842,#6843),(#6844,#6845,#6846,
#6847,#6848),(#6849,#6850,#6851,#6852,#6853),(#6854,#6855,#6856,#6857,#6858),
(#6859,#6860,#6861,#6862,#6863)),.UNSPECIFIED.,.F.,.F.,.F.)
B_SPLINE_SURFACE_WITH_KNOTS((3,2,3),(3,2,3),(0.565486677646163,0.848230016469244,
1.13097335529233),(-0.282743338823081,0.,0.282743338823081),
 .UNSPECIFIED.)
GEOMETRIC_REPRESENTATION_ITEM()
RATIONAL_B_SPLINE_SURFACE(((1.,0.707106781186548,1.,0.707106781186548,1.),
(0.707106781186548,0.5,0.707106781186548,0.5,0.707106781186548),(1.,0.707106781186548,
1.,0.707106781186548,1.),(0.707106781186548,0.5,0.707106781186548,0.5,0.707106781186548),
(1.,0.707106781186548,1.,0.707106781186548,1.)))
REPRESENTATION_ITEM('')
SURFACE()
);
#295=(
BOUNDED_SURFACE()
B_SPLINE_SURFACE(2,2,((#6905,#6906,#6907,#6908,#6909),(#6910,#6911,#6912,
#6913,#6914),(#6915,#6916,#6917,#6918,#6919),(#6920,#6921,#6922,#6923,#6924),
(#6925,#6926,#6927,#6928,#6929)),.UNSPECIFIED.,.F.,.F.,.F.)
B_SPLINE_SURFACE_WITH_KNOTS((3,2,3),(3,2,3),(0.,0.282743338823081,0.565486677646163),
(-0.282743338823081,0.,0.282743338823081),.UNSPECIFIED.)
GEOMETRIC_REPRESENTATION_ITEM()
RATIONAL_B_SPLINE_SURFACE(((1.,0.707106781186548,1.,0.707106781186548,1.),
(0.707106781186548,0.5,0.707106781186548,0.5,0.707106781186548),(1.,0.707106781186548,
1.,0.707106781186548,1.),(0.707106781186548,0.5,0.707106781186548,0.5,0.707106781186548),
(1.,0.707106781186548,1.,0.707106781186548,1.)))
REPRESENTATION_ITEM('')
SURFACE()
);
#296=(
BOUNDED_SURFACE()
B_SPLINE_SURFACE(2,2,((#6934,#6935,#6936,#6937,#6938),(#6939,#6940,#6941,
#6942,#6943),(#6944,#6945,#6946,#6947,#6948),(#6949,#6950,#6951,#6952,#6953),
(#6954,#6955,#6956,#6957,#6958)),.UNSPECIFIED.,.F.,.F.,.F.)
B_SPLINE_SURFACE_WITH_KNOTS((3,2,3),(3,2,3),(0.565486677646163,0.848230016469244,
1.13097335529233),(-0.282743338823081,0.,0.282743338823081),
 .UNSPECIFIED.)
GEOMETRIC_REPRESENTATION_ITEM()
RATIONAL_B_SPLINE_SURFACE(((1.,0.707106781186548,1.,0.707106781186548,1.),
(0.707106781186548,0.5,0.707106781186548,0.5,0.707106781186548),(1.,0.707106781186548,
1.,0.707106781186548,1.),(0.707106781186548,0.5,0.707106781186548,0.5,0.707106781186548),
(1.,0.707106781186548,1.,0.707106781186548,1.)))
REPRESENTATION_ITEM('')
SURFACE()
);
#297=(
BOUNDED_SURFACE()
B_SPLINE_SURFACE(2,2,((#7000,#7001,#7002,#7003,#7004),(#7005,#7006,#7007,
#7008,#7009),(#7010,#7011,#7012,#7013,#7014),(#7015,#7016,#7017,#7018,#7019),
(#7020,#7021,#7022,#7023,#7024)),.UNSPECIFIED.,.F.,.F.,.F.)
B_SPLINE_SURFACE_WITH_KNOTS((3,2,3),(3,2,3),(0.,0.282743338823081,0.565486677646163),
(-0.282743338823081,0.,0.282743338823081),.UNSPECIFIED.)
GEOMETRIC_REPRESENTATION_ITEM()
RATIONAL_B_SPLINE_SURFACE(((1.,0.707106781186548,1.,0.707106781186548,1.),
(0.707106781186548,0.5,0.707106781186548,0.5,0.707106781186548),(1.,0.707106781186548,
1.,0.707106781186548,1.),(0.707106781186548,0.5,0.707106781186548,0.5,0.707106781186548),
(1.,0.707106781186548,1.,0.707106781186548,1.)))
REPRESENTATION_ITEM('')
SURFACE()
);
#298=(
BOUNDED_SURFACE()
B_SPLINE_SURFACE(2,2,((#7029,#7030,#7031,#7032,#7033),(#7034,#7035,#7036,
#7037,#7038),(#7039,#7040,#7041,#7042,#7043),(#7044,#7045,#7046,#7047,#7048),
(#7049,#7050,#7051,#7052,#7053)),.UNSPECIFIED.,.F.,.F.,.F.)
B_SPLINE_SURFACE_WITH_KNOTS((3,2,3),(3,2,3),(0.565486677646163,0.848230016469244,
1.13097335529233),(-0.282743338823081,0.,0.282743338823081),
 .UNSPECIFIED.)
GEOMETRIC_REPRESENTATION_ITEM()
RATIONAL_B_SPLINE_SURFACE(((1.,0.707106781186548,1.,0.707106781186548,1.),
(0.707106781186548,0.5,0.707106781186548,0.5,0.707106781186548),(1.,0.707106781186548,
1.,0.707106781186548,1.),(0.707106781186548,0.5,0.707106781186548,0.5,0.707106781186548),
(1.,0.707106781186548,1.,0.707106781186548,1.)))
REPRESENTATION_ITEM('')
SURFACE()
);
#299=COLOUR_RGB('',0.490196078431373,0.149019607843137,0.803921568627451);
#300=COLOUR_RGB('',0.,0.,1.);
#301=COLOUR_RGB('',0.,0.,1.);
#302=COLOUR_RGB('',0.,0.,1.);
#303=COLOUR_RGB('',0.,0.,1.);
#304=COLOUR_RGB('',0.,0.,1.);
#305=COLOUR_RGB('',0.,0.,1.);
#306=COLOUR_RGB('',0.,0.,1.);
#307=COLOUR_RGB('',0.,0.,1.);
#308=COLOUR_RGB('',0.,0.,1.);
#309=COLOUR_RGB('',0.,0.,1.);
#310=COLOUR_RGB('',0.,0.,1.);
#311=COLOUR_RGB('',0.,0.,1.);
#312=COLOUR_RGB('',0.,0.,1.);
#313=COLOUR_RGB('',0.,0.,1.);
#314=COLOUR_RGB('',0.,0.,1.);
#315=COLOUR_RGB('',0.,0.,1.);
#316=COLOUR_RGB('',0.,0.,1.);
#317=COLOUR_RGB('',0.,0.,1.);
#318=COLOUR_RGB('',0.,0.,1.);
#319=COLOUR_RGB('',0.,0.,1.);
#320=COLOUR_RGB('',0.,0.,1.);
#321=COLOUR_RGB('',0.,0.,1.);
#322=COLOUR_RGB('',0.,0.,1.);
#323=COLOUR_RGB('',0.,0.,1.);
#324=COLOUR_RGB('',0.,0.,1.);
#325=COLOUR_RGB('',0.,0.,1.);
#326=COLOUR_RGB('',0.,0.,1.);
#327=COLOUR_RGB('',0.,0.,1.);
#328=COLOUR_RGB('',0.,0.,1.);
#329=COLOUR_RGB('',0.,0.,1.);
#330=COLOUR_RGB('',0.,0.,1.);
#331=COLOUR_RGB('',0.,0.,1.);
#332=COLOUR_RGB('',0.,0.,1.);
#333=COLOUR_RGB('',0.,0.,1.);
#334=COLOUR_RGB('',0.,0.,1.);
#335=COLOUR_RGB('',0.,0.,1.);
#336=COLOUR_RGB('',0.784313725490196,0.,0.);
#337=COLOUR_RGB('',0.490196078431373,0.149019607843137,0.803921568627451);
#338=COLOUR_RGB('',0.,0.498039215686275,0.);
#339=FILL_AREA_STYLE_COLOUR('',#299);
#340=FILL_AREA_STYLE_COLOUR('',#300);
#341=FILL_AREA_STYLE_COLOUR('',#301);
#342=FILL_AREA_STYLE_COLOUR('',#302);
#343=FILL_AREA_STYLE_COLOUR('',#303);
#344=FILL_AREA_STYLE_COLOUR('',#304);
#345=FILL_AREA_STYLE_COLOUR('',#305);
#346=FILL_AREA_STYLE_COLOUR('',#306);
#347=FILL_AREA_STYLE_COLOUR('',#307);
#348=FILL_AREA_STYLE_COLOUR('',#308);
#349=FILL_AREA_STYLE_COLOUR('',#309);
#350=FILL_AREA_STYLE_COLOUR('',#310);
#351=FILL_AREA_STYLE_COLOUR('',#311);
#352=FILL_AREA_STYLE_COLOUR('',#312);
#353=FILL_AREA_STYLE_COLOUR('',#313);
#354=FILL_AREA_STYLE_COLOUR('',#314);
#355=FILL_AREA_STYLE_COLOUR('',#315);
#356=FILL_AREA_STYLE_COLOUR('',#316);
#357=FILL_AREA_STYLE_COLOUR('',#317);
#358=FILL_AREA_STYLE_COLOUR('',#318);
#359=FILL_AREA_STYLE_COLOUR('',#319);
#360=FILL_AREA_STYLE_COLOUR('',#320);
#361=FILL_AREA_STYLE_COLOUR('',#321);
#362=FILL_AREA_STYLE_COLOUR('',#322);
#363=FILL_AREA_STYLE_COLOUR('',#323);
#364=FILL_AREA_STYLE_COLOUR('',#324);
#365=FILL_AREA_STYLE_COLOUR('',#325);
#366=FILL_AREA_STYLE_COLOUR('',#326);
#367=FILL_AREA_STYLE_COLOUR('',#327);
#368=FILL_AREA_STYLE_COLOUR('',#328);
#369=FILL_AREA_STYLE_COLOUR('',#329);
#370=FILL_AREA_STYLE_COLOUR('',#330);
#371=FILL_AREA_STYLE_COLOUR('',#331);
#372=FILL_AREA_STYLE_COLOUR('',#332);
#373=FILL_AREA_STYLE_COLOUR('',#333);
#374=FILL_AREA_STYLE_COLOUR('',#334);
#375=FILL_AREA_STYLE_COLOUR('',#335);
#376=FILL_AREA_STYLE_COLOUR('',#336);
#377=FILL_AREA_STYLE_COLOUR('',#337);
#378=FILL_AREA_STYLE_COLOUR('',#338);
#379=FILL_AREA_STYLE('',(#339));
#380=FILL_AREA_STYLE('',(#340));
#381=FILL_AREA_STYLE('',(#341));
#382=FILL_AREA_STYLE('',(#342));
#383=FILL_AREA_STYLE('',(#343));
#384=FILL_AREA_STYLE('',(#344));
#385=FILL_AREA_STYLE('',(#345));
#386=FILL_AREA_STYLE('',(#346));
#387=FILL_AREA_STYLE('',(#347));
#388=FILL_AREA_STYLE('',(#348));
#389=FILL_AREA_STYLE('',(#349));
#390=FILL_AREA_STYLE('',(#350));
#391=FILL_AREA_STYLE('',(#351));
#392=FILL_AREA_STYLE('',(#352));
#393=FILL_AREA_STYLE('',(#353));
#394=FILL_AREA_STYLE('',(#354));
#395=FILL_AREA_STYLE('',(#355));
#396=FILL_AREA_STYLE('',(#356));
#397=FILL_AREA_STYLE('',(#357));
#398=FILL_AREA_STYLE('',(#358));
#399=FILL_AREA_STYLE('',(#359));
#400=FILL_AREA_STYLE('',(#360));
#401=FILL_AREA_STYLE('',(#361));
#402=FILL_AREA_STYLE('',(#362));
#403=FILL_AREA_STYLE('',(#363));
#404=FILL_AREA_STYLE('',(#364));
#405=FILL_AREA_STYLE('',(#365));
#406=FILL_AREA_STYLE('',(#366));
#407=FILL_AREA_STYLE('',(#367));
#408=FILL_AREA_STYLE('',(#368));
#409=FILL_AREA_STYLE('',(#369));
#410=FILL_AREA_STYLE('',(#370));
#411=FILL_AREA_STYLE('',(#371));
#412=FILL_AREA_STYLE('',(#372));
#413=FILL_AREA_STYLE('',(#373));
#414=FILL_AREA_STYLE('',(#374));
#415=FILL_AREA_STYLE('',(#375));
#416=FILL_AREA_STYLE('',(#376));
#417=FILL_AREA_STYLE('',(#377));
#418=FILL_AREA_STYLE('',(#378));
#419=SURFACE_STYLE_FILL_AREA(#379);
#420=SURFACE_STYLE_FILL_AREA(#380);
#421=SURFACE_STYLE_FILL_AREA(#381);
#422=SURFACE_STYLE_FILL_AREA(#382);
#423=SURFACE_STYLE_FILL_AREA(#383);
#424=SURFACE_STYLE_FILL_AREA(#384);
#425=SURFACE_STYLE_FILL_AREA(#385);
#426=SURFACE_STYLE_FILL_AREA(#386);
#427=SURFACE_STYLE_FILL_AREA(#387);
#428=SURFACE_STYLE_FILL_AREA(#388);
#429=SURFACE_STYLE_FILL_AREA(#389);
#430=SURFACE_STYLE_FILL_AREA(#390);
#431=SURFACE_STYLE_FILL_AREA(#391);
#432=SURFACE_STYLE_FILL_AREA(#392);
#433=SURFACE_STYLE_FILL_AREA(#393);
#434=SURFACE_STYLE_FILL_AREA(#394);
#435=SURFACE_STYLE_FILL_AREA(#395);
#436=SURFACE_STYLE_FILL_AREA(#396);
#437=SURFACE_STYLE_FILL_AREA(#397);
#438=SURFACE_STYLE_FILL_AREA(#398);
#439=SURFACE_STYLE_FILL_AREA(#399);
#440=SURFACE_STYLE_FILL_AREA(#400);
#441=SURFACE_STYLE_FILL_AREA(#401);
#442=SURFACE_STYLE_FILL_AREA(#402);
#443=SURFACE_STYLE_FILL_AREA(#403);
#444=SURFACE_STYLE_FILL_AREA(#404);
#445=SURFACE_STYLE_FILL_AREA(#405);
#446=SURFACE_STYLE_FILL_AREA(#406);
#447=SURFACE_STYLE_FILL_AREA(#407);
#448=SURFACE_STYLE_FILL_AREA(#408);
#449=SURFACE_STYLE_FILL_AREA(#409);
#450=SURFACE_STYLE_FILL_AREA(#410);
#451=SURFACE_STYLE_FILL_AREA(#411);
#452=SURFACE_STYLE_FILL_AREA(#412);
#453=SURFACE_STYLE_FILL_AREA(#413);
#454=SURFACE_STYLE_FILL_AREA(#414);
#455=SURFACE_STYLE_FILL_AREA(#415);
#456=SURFACE_STYLE_FILL_AREA(#416);
#457=SURFACE_STYLE_FILL_AREA(#417);
#458=SURFACE_STYLE_FILL_AREA(#418);
#459=SURFACE_SIDE_STYLE('',(#419));
#460=SURFACE_SIDE_STYLE('',(#420));
#461=SURFACE_SIDE_STYLE('',(#421));
#462=SURFACE_SIDE_STYLE('',(#422));
#463=SURFACE_SIDE_STYLE('',(#423));
#464=SURFACE_SIDE_STYLE('',(#424));
#465=SURFACE_SIDE_STYLE('',(#425));
#466=SURFACE_SIDE_STYLE('',(#426));
#467=SURFACE_SIDE_STYLE('',(#427));
#468=SURFACE_SIDE_STYLE('',(#428));
#469=SURFACE_SIDE_STYLE('',(#429));
#470=SURFACE_SIDE_STYLE('',(#430));
#471=SURFACE_SIDE_STYLE('',(#431));
#472=SURFACE_SIDE_STYLE('',(#432));
#473=SURFACE_SIDE_STYLE('',(#433));
#474=SURFACE_SIDE_STYLE('',(#434));
#475=SURFACE_SIDE_STYLE('',(#435));
#476=SURFACE_SIDE_STYLE('',(#436));
#477=SURFACE_SIDE_STYLE('',(#437));
#478=SURFACE_SIDE_STYLE('',(#438));
#479=SURFACE_SIDE_STYLE('',(#439));
#480=SURFACE_SIDE_STYLE('',(#440));
#481=SURFACE_SIDE_STYLE('',(#441));
#482=SURFACE_SIDE_STYLE('',(#442));
#483=SURFACE_SIDE_STYLE('',(#443));
#484=SURFACE_SIDE_STYLE('',(#444));
#485=SURFACE_SIDE_STYLE('',(#445));
#486=SURFACE_SIDE_STYLE('',(#446));
#487=SURFACE_SIDE_STYLE('',(#447));
#488=SURFACE_SIDE_STYLE('',(#448));
#489=SURFACE_SIDE_STYLE('',(#449));
#490=SURFACE_SIDE_STYLE('',(#450));
#491=SURFACE_SIDE_STYLE('',(#451));
#492=SURFACE_SIDE_STYLE('',(#452));
#493=SURFACE_SIDE_STYLE('',(#453));
#494=SURFACE_SIDE_STYLE('',(#454));
#495=SURFACE_SIDE_STYLE('',(#455));
#496=SURFACE_SIDE_STYLE('',(#456));
#497=SURFACE_SIDE_STYLE('',(#457));
#498=SURFACE_SIDE_STYLE('',(#458));
#499=SURFACE_STYLE_USAGE(.BOTH.,#459);
#500=SURFACE_STYLE_USAGE(.BOTH.,#460);
#501=SURFACE_STYLE_USAGE(.BOTH.,#461);
#502=SURFACE_STYLE_USAGE(.BOTH.,#462);
#503=SURFACE_STYLE_USAGE(.BOTH.,#463);
#504=SURFACE_STYLE_USAGE(.BOTH.,#464);
#505=SURFACE_STYLE_USAGE(.BOTH.,#465);
#506=SURFACE_STYLE_USAGE(.BOTH.,#466);
#507=SURFACE_STYLE_USAGE(.BOTH.,#467);
#508=SURFACE_STYLE_USAGE(.BOTH.,#468);
#509=SURFACE_STYLE_USAGE(.BOTH.,#469);
#510=SURFACE_STYLE_USAGE(.BOTH.,#470);
#511=SURFACE_STYLE_USAGE(.BOTH.,#471);
#512=SURFACE_STYLE_USAGE(.BOTH.,#472);
#513=SURFACE_STYLE_USAGE(.BOTH.,#473);
#514=SURFACE_STYLE_USAGE(.BOTH.,#474);
#515=SURFACE_STYLE_USAGE(.BOTH.,#475);
#516=SURFACE_STYLE_USAGE(.BOTH.,#476);
#517=SURFACE_STYLE_USAGE(.BOTH.,#477);
#518=SURFACE_STYLE_USAGE(.BOTH.,#478);
#519=SURFACE_STYLE_USAGE(.BOTH.,#479);
#520=SURFACE_STYLE_USAGE(.BOTH.,#480);
#521=SURFACE_STYLE_USAGE(.BOTH.,#481);
#522=SURFACE_STYLE_USAGE(.BOTH.,#482);
#523=SURFACE_STYLE_USAGE(.BOTH.,#483);
#524=SURFACE_STYLE_USAGE(.BOTH.,#484);
#525=SURFACE_STYLE_USAGE(.BOTH.,#485);
#526=SURFACE_STYLE_USAGE(.BOTH.,#486);
#527=SURFACE_STYLE_USAGE(.BOTH.,#487);
#528=SURFACE_STYLE_USAGE(.BOTH.,#488);
#529=SURFACE_STYLE_USAGE(.BOTH.,#489);
#530=SURFACE_STYLE_USAGE(.BOTH.,#490);
#531=SURFACE_STYLE_USAGE(.BOTH.,#491);
#532=SURFACE_STYLE_USAGE(.BOTH.,#492);
#533=SURFACE_STYLE_USAGE(.BOTH.,#493);
#534=SURFACE_STYLE_USAGE(.BOTH.,#494);
#535=SURFACE_STYLE_USAGE(.BOTH.,#495);
#536=SURFACE_STYLE_USAGE(.BOTH.,#496);
#537=SURFACE_STYLE_USAGE(.BOTH.,#497);
#538=SURFACE_STYLE_USAGE(.BOTH.,#498);
#539=MECHANICAL_DESIGN_GEOMETRIC_PRESENTATION_REPRESENTATION('',(#580,#581,
#582,#583,#584,#585,#586,#587,#588,#589,#590,#591,#592,#593,#594,#595,#596,
#597,#598,#599,#600,#601,#602,#603,#604,#605,#606,#607,#608,#609,#610,#611,
#612,#613,#614,#615,#616,#617,#618,#619),#3562);
#540=PRESENTATION_STYLE_ASSIGNMENT((#499));
#541=PRESENTATION_STYLE_ASSIGNMENT((#500));
#542=PRESENTATION_STYLE_ASSIGNMENT((#501));
#543=PRESENTATION_STYLE_ASSIGNMENT((#502));
#544=PRESENTATION_STYLE_ASSIGNMENT((#503));
#545=PRESENTATION_STYLE_ASSIGNMENT((#504));
#546=PRESENTATION_STYLE_ASSIGNMENT((#505));
#547=PRESENTATION_STYLE_ASSIGNMENT((#506));
#548=PRESENTATION_STYLE_ASSIGNMENT((#507));
#549=PRESENTATION_STYLE_ASSIGNMENT((#508));
#550=PRESENTATION_STYLE_ASSIGNMENT((#509));
#551=PRESENTATION_STYLE_ASSIGNMENT((#510));
#552=PRESENTATION_STYLE_ASSIGNMENT((#511));
#553=PRESENTATION_STYLE_ASSIGNMENT((#512));
#554=PRESENTATION_STYLE_ASSIGNMENT((#513));
#555=PRESENTATION_STYLE_ASSIGNMENT((#514));
#556=PRESENTATION_STYLE_ASSIGNMENT((#515));
#557=PRESENTATION_STYLE_ASSIGNMENT((#516));
#558=PRESENTATION_STYLE_ASSIGNMENT((#517));
#559=PRESENTATION_STYLE_ASSIGNMENT((#518));
#560=PRESENTATION_STYLE_ASSIGNMENT((#519));
#561=PRESENTATION_STYLE_ASSIGNMENT((#520));
#562=PRESENTATION_STYLE_ASSIGNMENT((#521));
#563=PRESENTATION_STYLE_ASSIGNMENT((#522));
#564=PRESENTATION_STYLE_ASSIGNMENT((#523));
#565=PRESENTATION_STYLE_ASSIGNMENT((#524));
#566=PRESENTATION_STYLE_ASSIGNMENT((#525));
#567=PRESENTATION_STYLE_ASSIGNMENT((#526));
#568=PRESENTATION_STYLE_ASSIGNMENT((#527));
#569=PRESENTATION_STYLE_ASSIGNMENT((#528));
#570=PRESENTATION_STYLE_ASSIGNMENT((#529));
#571=PRESENTATION_STYLE_ASSIGNMENT((#530));
#572=PRESENTATION_STYLE_ASSIGNMENT((#531));
#573=PRESENTATION_STYLE_ASSIGNMENT((#532));
#574=PRESENTATION_STYLE_ASSIGNMENT((#533));
#575=PRESENTATION_STYLE_ASSIGNMENT((#534));
#576=PRESENTATION_STYLE_ASSIGNMENT((#535));
#577=PRESENTATION_STYLE_ASSIGNMENT((#536));
#578=PRESENTATION_STYLE_ASSIGNMENT((#537));
#579=PRESENTATION_STYLE_ASSIGNMENT((#538));
#580=STYLED_ITEM('',(#540),#660);
#581=STYLED_ITEM('',(#541),#661);
#582=STYLED_ITEM('',(#542),#662);
#583=STYLED_ITEM('',(#543),#663);
#584=STYLED_ITEM('',(#544),#664);
#585=STYLED_ITEM('',(#545),#665);
#586=STYLED_ITEM('',(#546),#666);
#587=STYLED_ITEM('',(#547),#667);
#588=STYLED_ITEM('',(#548),#668);
#589=STYLED_ITEM('',(#549),#669);
#590=STYLED_ITEM('',(#550),#670);
#591=STYLED_ITEM('',(#551),#671);
#592=STYLED_ITEM('',(#552),#672);
#593=STYLED_ITEM('',(#553),#673);
#594=STYLED_ITEM('',(#554),#674);
#595=STYLED_ITEM('',(#555),#675);
#596=STYLED_ITEM('',(#556),#676);
#597=STYLED_ITEM('',(#557),#677);
#598=STYLED_ITEM('',(#558),#678);
#599=STYLED_ITEM('',(#559),#679);
#600=STYLED_ITEM('',(#560),#680);
#601=STYLED_ITEM('',(#561),#681);
#602=STYLED_ITEM('',(#562),#682);
#603=STYLED_ITEM('',(#563),#683);
#604=STYLED_ITEM('',(#564),#684);
#605=STYLED_ITEM('',(#565),#685);
#606=STYLED_ITEM('',(#566),#686);
#607=STYLED_ITEM('',(#567),#687);
#608=STYLED_ITEM('',(#568),#688);
#609=STYLED_ITEM('',(#569),#689);
#610=STYLED_ITEM('',(#570),#690);
#611=STYLED_ITEM('',(#571),#691);
#612=STYLED_ITEM('',(#572),#692);
#613=STYLED_ITEM('',(#573),#693);
#614=STYLED_ITEM('',(#574),#694);
#615=STYLED_ITEM('',(#575),#695);
#616=STYLED_ITEM('',(#576),#696);
#617=STYLED_ITEM('',(#577),#697);
#618=STYLED_ITEM('',(#578),#698);
#619=STYLED_ITEM('',(#579),#699);
#620=PRESENTATION_LAYER_ASSIGNMENT('Calque 02','',(#660));
#621=PRESENTATION_LAYER_ASSIGNMENT('Calque 03','',(#661));
#622=PRESENTATION_LAYER_ASSIGNMENT('Calque 03','',(#662));
#623=PRESENTATION_LAYER_ASSIGNMENT('Calque 03','',(#663));
#624=PRESENTATION_LAYER_ASSIGNMENT('Calque 03','',(#664));
#625=PRESENTATION_LAYER_ASSIGNMENT('Calque 03','',(#665));
#626=PRESENTATION_LAYER_ASSIGNMENT('Calque 03','',(#666));
#627=PRESENTATION_LAYER_ASSIGNMENT('Calque 03','',(#667));
#628=PRESENTATION_LAYER_ASSIGNMENT('Calque 03','',(#668));
#629=PRESENTATION_LAYER_ASSIGNMENT('Calque 03','',(#669));
#630=PRESENTATION_LAYER_ASSIGNMENT('Calque 03','',(#670));
#631=PRESENTATION_LAYER_ASSIGNMENT('Calque 03','',(#671));
#632=PRESENTATION_LAYER_ASSIGNMENT('Calque 03','',(#672));
#633=PRESENTATION_LAYER_ASSIGNMENT('Calque 03','',(#673));
#634=PRESENTATION_LAYER_ASSIGNMENT('Calque 03','',(#674));
#635=PRESENTATION_LAYER_ASSIGNMENT('Calque 03','',(#675));
#636=PRESENTATION_LAYER_ASSIGNMENT('Calque 03','',(#676));
#637=PRESENTATION_LAYER_ASSIGNMENT('Calque 03','',(#677));
#638=PRESENTATION_LAYER_ASSIGNMENT('Calque 03','',(#678));
#639=PRESENTATION_LAYER_ASSIGNMENT('Calque 03','',(#679));
#640=PRESENTATION_LAYER_ASSIGNMENT('Calque 03','',(#680));
#641=PRESENTATION_LAYER_ASSIGNMENT('Calque 03','',(#681));
#642=PRESENTATION_LAYER_ASSIGNMENT('Calque 03','',(#682));
#643=PRESENTATION_LAYER_ASSIGNMENT('Calque 03','',(#683));
#644=PRESENTATION_LAYER_ASSIGNMENT('Calque 03','',(#684));
#645=PRESENTATION_LAYER_ASSIGNMENT('Calque 03','',(#685));
#646=PRESENTATION_LAYER_ASSIGNMENT('Calque 03','',(#686));
#647=PRESENTATION_LAYER_ASSIGNMENT('Calque 03','',(#687));
#648=PRESENTATION_LAYER_ASSIGNMENT('Calque 03','',(#688));
#649=PRESENTATION_LAYER_ASSIGNMENT('Calque 03','',(#689));
#650=PRESENTATION_LAYER_ASSIGNMENT('Calque 03','',(#690));
#651=PRESENTATION_LAYER_ASSIGNMENT('Calque 03','',(#691));
#652=PRESENTATION_LAYER_ASSIGNMENT('Calque 03','',(#692));
#653=PRESENTATION_LAYER_ASSIGNMENT('Calque 03','',(#693));
#654=PRESENTATION_LAYER_ASSIGNMENT('Calque 03','',(#694));
#655=PRESENTATION_LAYER_ASSIGNMENT('Calque 03','',(#695));
#656=PRESENTATION_LAYER_ASSIGNMENT('Calque 03','',(#696));
#657=PRESENTATION_LAYER_ASSIGNMENT('Calque 01','',(#697));
#658=PRESENTATION_LAYER_ASSIGNMENT('Calque 02','',(#698));
#659=PRESENTATION_LAYER_ASSIGNMENT('Calque 04','',(#699));
#660=MANIFOLD_SOLID_BREP('brep_1',#701);
#661=MANIFOLD_SOLID_BREP('brep_2',#702);
#662=MANIFOLD_SOLID_BREP('brep_3',#703);
#663=MANIFOLD_SOLID_BREP('brep_4',#704);
#664=MANIFOLD_SOLID_BREP('brep_5',#705);
#665=MANIFOLD_SOLID_BREP('brep_6',#706);
#666=MANIFOLD_SOLID_BREP('brep_7',#707);
#667=MANIFOLD_SOLID_BREP('brep_8',#708);
#668=MANIFOLD_SOLID_BREP('brep_9',#709);
#669=MANIFOLD_SOLID_BREP('brep_10',#710);
#670=MANIFOLD_SOLID_BREP('brep_11',#711);
#671=MANIFOLD_SOLID_BREP('brep_12',#712);
#672=MANIFOLD_SOLID_BREP('brep_13',#713);
#673=MANIFOLD_SOLID_BREP('brep_14',#714);
#674=MANIFOLD_SOLID_BREP('brep_15',#715);
#675=MANIFOLD_SOLID_BREP('brep_16',#716);
#676=MANIFOLD_SOLID_BREP('brep_17',#717);
#677=MANIFOLD_SOLID_BREP('brep_18',#718);
#678=MANIFOLD_SOLID_BREP('brep_19',#719);
#679=MANIFOLD_SOLID_BREP('brep_20',#720);
#680=MANIFOLD_SOLID_BREP('brep_21',#721);
#681=MANIFOLD_SOLID_BREP('brep_22',#722);
#682=MANIFOLD_SOLID_BREP('brep_23',#723);
#683=MANIFOLD_SOLID_BREP('brep_24',#724);
#684=MANIFOLD_SOLID_BREP('brep_25',#725);
#685=MANIFOLD_SOLID_BREP('brep_26',#726);
#686=MANIFOLD_SOLID_BREP('brep_27',#727);
#687=MANIFOLD_SOLID_BREP('brep_28',#728);
#688=MANIFOLD_SOLID_BREP('brep_29',#729);
#689=MANIFOLD_SOLID_BREP('brep_30',#730);
#690=MANIFOLD_SOLID_BREP('brep_31',#731);
#691=MANIFOLD_SOLID_BREP('brep_32',#732);
#692=MANIFOLD_SOLID_BREP('brep_33',#733);
#693=MANIFOLD_SOLID_BREP('brep_34',#734);
#694=MANIFOLD_SOLID_BREP('brep_35',#735);
#695=MANIFOLD_SOLID_BREP('brep_36',#736);
#696=MANIFOLD_SOLID_BREP('brep_37',#737);
#697=MANIFOLD_SOLID_BREP('brep_38',#738);
#698=MANIFOLD_SOLID_BREP('brep_39',#739);
#699=MANIFOLD_SOLID_BREP('brep_40',#740);
#700=ADVANCED_BREP_SHAPE_REPRESENTATION('brep_rep_0',(#660,#661,#662,#663,
#664,#665,#666,#667,#668,#669,#670,#671,#672,#673,#674,#675,#676,#677,#678,
#679,#680,#681,#682,#683,#684,#685,#686,#687,#688,#689,#690,#691,#692,#693,
#694,#695,#696,#697,#698,#699,#3565),#3562);
#701=CLOSED_SHELL('',(#741,#742,#743,#744,#745,#746));
#702=CLOSED_SHELL('',(#747,#748,#749));
#703=CLOSED_SHELL('',(#750,#751,#752));
#704=CLOSED_SHELL('',(#753,#754,#755));
#705=CLOSED_SHELL('',(#756,#757,#758));
#706=CLOSED_SHELL('',(#759,#760,#761));
#707=CLOSED_SHELL('',(#762,#763,#764));
#708=CLOSED_SHELL('',(#765,#766,#767));
#709=CLOSED_SHELL('',(#768,#769,#770));
#710=CLOSED_SHELL('',(#771,#772,#773));
#711=CLOSED_SHELL('',(#774,#775,#776));
#712=CLOSED_SHELL('',(#777,#778,#779));
#713=CLOSED_SHELL('',(#780,#781,#782));
#714=CLOSED_SHELL('',(#783,#784,#785));
#715=CLOSED_SHELL('',(#786,#787,#788));
#716=CLOSED_SHELL('',(#789,#790,#791));
#717=CLOSED_SHELL('',(#792,#793,#794));
#718=CLOSED_SHELL('',(#795,#796,#797));
#719=CLOSED_SHELL('',(#798,#799,#800));
#720=CLOSED_SHELL('',(#801,#802,#803));
#721=CLOSED_SHELL('',(#804,#805,#806));
#722=CLOSED_SHELL('',(#807,#808,#809));
#723=CLOSED_SHELL('',(#810,#811,#812));
#724=CLOSED_SHELL('',(#813,#814,#815));
#725=CLOSED_SHELL('',(#816,#817,#818));
#726=CLOSED_SHELL('',(#819,#820,#821));
#727=CLOSED_SHELL('',(#822,#823,#824));
#728=CLOSED_SHELL('',(#825,#826,#827));
#729=CLOSED_SHELL('',(#828,#829,#830));
#730=CLOSED_SHELL('',(#831,#832,#833));
#731=CLOSED_SHELL('',(#834,#835,#836));
#732=CLOSED_SHELL('',(#837,#838,#839));
#733=CLOSED_SHELL('',(#840,#841,#842));
#734=CLOSED_SHELL('',(#843,#844,#845));
#735=CLOSED_SHELL('',(#846,#847,#848));
#736=CLOSED_SHELL('',(#849,#850,#851));
#737=CLOSED_SHELL('',(#852,#853,#854));
#738=CLOSED_SHELL('',(#855,#856,#857,#858,#859,#860));
#739=CLOSED_SHELL('',(#861,#862,#863,#864,#865,#866));
#740=CLOSED_SHELL('',(#867,#868,#869,#870,#871,#872,#873,#874,#875,#876,
#877,#878,#879,#880));
#741=ADVANCED_FACE('',(#881),#3477,.T.);
#742=ADVANCED_FACE('',(#882),#3478,.T.);
#743=ADVANCED_FACE('',(#883),#3479,.T.);
#744=ADVANCED_FACE('',(#884),#3480,.T.);
#745=ADVANCED_FACE('',(#885),#3481,.T.);
#746=ADVANCED_FACE('',(#886),#3482,.T.);
#747=ADVANCED_FACE('',(#887),#227,.T.);
#748=ADVANCED_FACE('',(#888),#3483,.T.);
#749=ADVANCED_FACE('',(#889),#228,.T.);
#750=ADVANCED_FACE('',(#890),#229,.T.);
#751=ADVANCED_FACE('',(#891),#3484,.T.);
#752=ADVANCED_FACE('',(#892),#230,.T.);
#753=ADVANCED_FACE('',(#893),#231,.T.);
#754=ADVANCED_FACE('',(#894),#3485,.T.);
#755=ADVANCED_FACE('',(#895),#232,.T.);
#756=ADVANCED_FACE('',(#896),#233,.T.);
#757=ADVANCED_FACE('',(#897),#3486,.T.);
#758=ADVANCED_FACE('',(#898),#234,.T.);
#759=ADVANCED_FACE('',(#899),#235,.T.);
#760=ADVANCED_FACE('',(#900),#3487,.T.);
#761=ADVANCED_FACE('',(#901),#236,.T.);
#762=ADVANCED_FACE('',(#902),#237,.T.);
#763=ADVANCED_FACE('',(#903),#3488,.T.);
#764=ADVANCED_FACE('',(#904),#238,.T.);
#765=ADVANCED_FACE('',(#905),#239,.T.);
#766=ADVANCED_FACE('',(#906),#3489,.T.);
#767=ADVANCED_FACE('',(#907),#240,.T.);
#768=ADVANCED_FACE('',(#908),#241,.T.);
#769=ADVANCED_FACE('',(#909),#3490,.T.);
#770=ADVANCED_FACE('',(#910),#242,.T.);
#771=ADVANCED_FACE('',(#911),#243,.T.);
#772=ADVANCED_FACE('',(#912),#3491,.T.);
#773=ADVANCED_FACE('',(#913),#244,.T.);
#774=ADVANCED_FACE('',(#914),#245,.T.);
#775=ADVANCED_FACE('',(#915),#3492,.T.);
#776=ADVANCED_FACE('',(#916),#246,.T.);
#777=ADVANCED_FACE('',(#917),#247,.T.);
#778=ADVANCED_FACE('',(#918),#3493,.T.);
#779=ADVANCED_FACE('',(#919),#248,.T.);
#780=ADVANCED_FACE('',(#920),#249,.T.);
#781=ADVANCED_FACE('',(#921),#3494,.T.);
#782=ADVANCED_FACE('',(#922),#250,.T.);
#783=ADVANCED_FACE('',(#923),#251,.T.);
#784=ADVANCED_FACE('',(#924),#3495,.T.);
#785=ADVANCED_FACE('',(#925),#252,.T.);
#786=ADVANCED_FACE('',(#926),#253,.T.);
#787=ADVANCED_FACE('',(#927),#3496,.T.);
#788=ADVANCED_FACE('',(#928),#254,.T.);
#789=ADVANCED_FACE('',(#929),#255,.T.);
#790=ADVANCED_FACE('',(#930),#3497,.T.);
#791=ADVANCED_FACE('',(#931),#256,.T.);
#792=ADVANCED_FACE('',(#932),#257,.T.);
#793=ADVANCED_FACE('',(#933),#3498,.T.);
#794=ADVANCED_FACE('',(#934),#258,.T.);
#795=ADVANCED_FACE('',(#935),#259,.T.);
#796=ADVANCED_FACE('',(#936),#3499,.T.);
#797=ADVANCED_FACE('',(#937),#260,.T.);
#798=ADVANCED_FACE('',(#938),#261,.T.);
#799=ADVANCED_FACE('',(#939),#3500,.T.);
#800=ADVANCED_FACE('',(#940),#262,.T.);
#801=ADVANCED_FACE('',(#941),#263,.T.);
#802=ADVANCED_FACE('',(#942),#3501,.T.);
#803=ADVANCED_FACE('',(#943),#264,.T.);
#804=ADVANCED_FACE('',(#944),#265,.T.);
#805=ADVANCED_FACE('',(#945),#3502,.T.);
#806=ADVANCED_FACE('',(#946),#266,.T.);
#807=ADVANCED_FACE('',(#947),#267,.T.);
#808=ADVANCED_FACE('',(#948),#3503,.T.);
#809=ADVANCED_FACE('',(#949),#268,.T.);
#810=ADVANCED_FACE('',(#950),#269,.T.);
#811=ADVANCED_FACE('',(#951),#3504,.T.);
#812=ADVANCED_FACE('',(#952),#270,.T.);
#813=ADVANCED_FACE('',(#953),#271,.T.);
#814=ADVANCED_FACE('',(#954),#3505,.T.);
#815=ADVANCED_FACE('',(#955),#272,.T.);
#816=ADVANCED_FACE('',(#956),#273,.T.);
#817=ADVANCED_FACE('',(#957),#3506,.T.);
#818=ADVANCED_FACE('',(#958),#274,.T.);
#819=ADVANCED_FACE('',(#959),#275,.T.);
#820=ADVANCED_FACE('',(#960),#3507,.T.);
#821=ADVANCED_FACE('',(#961),#276,.T.);
#822=ADVANCED_FACE('',(#962),#277,.T.);
#823=ADVANCED_FACE('',(#963),#3508,.T.);
#824=ADVANCED_FACE('',(#964),#278,.T.);
#825=ADVANCED_FACE('',(#965),#279,.T.);
#826=ADVANCED_FACE('',(#966),#3509,.T.);
#827=ADVANCED_FACE('',(#967),#280,.T.);
#828=ADVANCED_FACE('',(#968),#281,.T.);
#829=ADVANCED_FACE('',(#969),#3510,.T.);
#830=ADVANCED_FACE('',(#970),#282,.T.);
#831=ADVANCED_FACE('',(#971),#283,.T.);
#832=ADVANCED_FACE('',(#972),#3511,.T.);
#833=ADVANCED_FACE('',(#973),#284,.T.);
#834=ADVANCED_FACE('',(#974),#285,.T.);
#835=ADVANCED_FACE('',(#975),#3512,.T.);
#836=ADVANCED_FACE('',(#976),#286,.T.);
#837=ADVANCED_FACE('',(#977),#287,.T.);
#838=ADVANCED_FACE('',(#978),#3513,.T.);
#839=ADVANCED_FACE('',(#979),#288,.T.);
#840=ADVANCED_FACE('',(#980),#289,.T.);
#841=ADVANCED_FACE('',(#981),#3514,.T.);
#842=ADVANCED_FACE('',(#982),#290,.T.);
#843=ADVANCED_FACE('',(#983),#291,.T.);
#844=ADVANCED_FACE('',(#984),#3515,.T.);
#845=ADVANCED_FACE('',(#985),#292,.T.);
#846=ADVANCED_FACE('',(#986),#293,.T.);
#847=ADVANCED_FACE('',(#987),#3516,.T.);
#848=ADVANCED_FACE('',(#988),#294,.T.);
#849=ADVANCED_FACE('',(#989),#295,.T.);
#850=ADVANCED_FACE('',(#990),#3517,.T.);
#851=ADVANCED_FACE('',(#991),#296,.T.);
#852=ADVANCED_FACE('',(#992),#297,.T.);
#853=ADVANCED_FACE('',(#993),#3518,.T.);
#854=ADVANCED_FACE('',(#994),#298,.T.);
#855=ADVANCED_FACE('',(#995),#3519,.T.);
#856=ADVANCED_FACE('',(#996),#3520,.T.);
#857=ADVANCED_FACE('',(#997),#3521,.T.);
#858=ADVANCED_FACE('',(#998),#3522,.T.);
#859=ADVANCED_FACE('',(#999),#3523,.T.);
#860=ADVANCED_FACE('',(#1000),#3524,.T.);
#861=ADVANCED_FACE('',(#1001),#3525,.T.);
#862=ADVANCED_FACE('',(#1002),#3526,.T.);
#863=ADVANCED_FACE('',(#1003),#3527,.T.);
#864=ADVANCED_FACE('',(#1004),#3528,.T.);
#865=ADVANCED_FACE('',(#1005),#3529,.T.);
#866=ADVANCED_FACE('',(#1006),#3530,.T.);
#867=ADVANCED_FACE('',(#1007),#3531,.T.);
#868=ADVANCED_FACE('',(#1008),#3532,.T.);
#869=ADVANCED_FACE('',(#1009),#3533,.T.);
#870=ADVANCED_FACE('',(#1010),#3534,.T.);
#871=ADVANCED_FACE('',(#1011),#3535,.T.);
#872=ADVANCED_FACE('',(#1012),#3536,.T.);
#873=ADVANCED_FACE('',(#1013),#3537,.T.);
#874=ADVANCED_FACE('',(#1014),#3538,.T.);
#875=ADVANCED_FACE('',(#1015),#3539,.T.);
#876=ADVANCED_FACE('',(#1016),#3540,.T.);
#877=ADVANCED_FACE('',(#1017),#3541,.T.);
#878=ADVANCED_FACE('',(#1018),#3542,.T.);
#879=ADVANCED_FACE('',(#1019),#3543,.T.);
#880=ADVANCED_FACE('',(#1020),#3544,.T.);
#881=FACE_OUTER_BOUND('',#1021,.T.);
#882=FACE_OUTER_BOUND('',#1022,.T.);
#883=FACE_OUTER_BOUND('',#1023,.T.);
#884=FACE_OUTER_BOUND('',#1024,.T.);
#885=FACE_OUTER_BOUND('',#1025,.T.);
#886=FACE_OUTER_BOUND('',#1026,.T.);
#887=FACE_OUTER_BOUND('',#1027,.T.);
#888=FACE_OUTER_BOUND('',#1028,.T.);
#889=FACE_OUTER_BOUND('',#1029,.T.);
#890=FACE_OUTER_BOUND('',#1030,.T.);
#891=FACE_OUTER_BOUND('',#1031,.T.);
#892=FACE_OUTER_BOUND('',#1032,.T.);
#893=FACE_OUTER_BOUND('',#1033,.T.);
#894=FACE_OUTER_BOUND('',#1034,.T.);
#895=FACE_OUTER_BOUND('',#1035,.T.);
#896=FACE_OUTER_BOUND('',#1036,.T.);
#897=FACE_OUTER_BOUND('',#1037,.T.);
#898=FACE_OUTER_BOUND('',#1038,.T.);
#899=FACE_OUTER_BOUND('',#1039,.T.);
#900=FACE_OUTER_BOUND('',#1040,.T.);
#901=FACE_OUTER_BOUND('',#1041,.T.);
#902=FACE_OUTER_BOUND('',#1042,.T.);
#903=FACE_OUTER_BOUND('',#1043,.T.);
#904=FACE_OUTER_BOUND('',#1044,.T.);
#905=FACE_OUTER_BOUND('',#1045,.T.);
#906=FACE_OUTER_BOUND('',#1046,.T.);
#907=FACE_OUTER_BOUND('',#1047,.T.);
#908=FACE_OUTER_BOUND('',#1048,.T.);
#909=FACE_OUTER_BOUND('',#1049,.T.);
#910=FACE_OUTER_BOUND('',#1050,.T.);
#911=FACE_OUTER_BOUND('',#1051,.T.);
#912=FACE_OUTER_BOUND('',#1052,.T.);
#913=FACE_OUTER_BOUND('',#1053,.T.);
#914=FACE_OUTER_BOUND('',#1054,.T.);
#915=FACE_OUTER_BOUND('',#1055,.T.);
#916=FACE_OUTER_BOUND('',#1056,.T.);
#917=FACE_OUTER_BOUND('',#1057,.T.);
#918=FACE_OUTER_BOUND('',#1058,.T.);
#919=FACE_OUTER_BOUND('',#1059,.T.);
#920=FACE_OUTER_BOUND('',#1060,.T.);
#921=FACE_OUTER_BOUND('',#1061,.T.);
#922=FACE_OUTER_BOUND('',#1062,.T.);
#923=FACE_OUTER_BOUND('',#1063,.T.);
#924=FACE_OUTER_BOUND('',#1064,.T.);
#925=FACE_OUTER_BOUND('',#1065,.T.);
#926=FACE_OUTER_BOUND('',#1066,.T.);
#927=FACE_OUTER_BOUND('',#1067,.T.);
#928=FACE_OUTER_BOUND('',#1068,.T.);
#929=FACE_OUTER_BOUND('',#1069,.T.);
#930=FACE_OUTER_BOUND('',#1070,.T.);
#931=FACE_OUTER_BOUND('',#1071,.T.);
#932=FACE_OUTER_BOUND('',#1072,.T.);
#933=FACE_OUTER_BOUND('',#1073,.T.);
#934=FACE_OUTER_BOUND('',#1074,.T.);
#935=FACE_OUTER_BOUND('',#1075,.T.);
#936=FACE_OUTER_BOUND('',#1076,.T.);
#937=FACE_OUTER_BOUND('',#1077,.T.);
#938=FACE_OUTER_BOUND('',#1078,.T.);
#939=FACE_OUTER_BOUND('',#1079,.T.);
#940=FACE_OUTER_BOUND('',#1080,.T.);
#941=FACE_OUTER_BOUND('',#1081,.T.);
#942=FACE_OUTER_BOUND('',#1082,.T.);
#943=FACE_OUTER_BOUND('',#1083,.T.);
#944=FACE_OUTER_BOUND('',#1084,.T.);
#945=FACE_OUTER_BOUND('',#1085,.T.);
#946=FACE_OUTER_BOUND('',#1086,.T.);
#947=FACE_OUTER_BOUND('',#1087,.T.);
#948=FACE_OUTER_BOUND('',#1088,.T.);
#949=FACE_OUTER_BOUND('',#1089,.T.);
#950=FACE_OUTER_BOUND('',#1090,.T.);
#951=FACE_OUTER_BOUND('',#1091,.T.);
#952=FACE_OUTER_BOUND('',#1092,.T.);
#953=FACE_OUTER_BOUND('',#1093,.T.);
#954=FACE_OUTER_BOUND('',#1094,.T.);
#955=FACE_OUTER_BOUND('',#1095,.T.);
#956=FACE_OUTER_BOUND('',#1096,.T.);
#957=FACE_OUTER_BOUND('',#1097,.T.);
#958=FACE_OUTER_BOUND('',#1098,.T.);
#959=FACE_OUTER_BOUND('',#1099,.T.);
#960=FACE_OUTER_BOUND('',#1100,.T.);
#961=FACE_OUTER_BOUND('',#1101,.T.);
#962=FACE_OUTER_BOUND('',#1102,.T.);
#963=FACE_OUTER_BOUND('',#1103,.T.);
#964=FACE_OUTER_BOUND('',#1104,.T.);
#965=FACE_OUTER_BOUND('',#1105,.T.);
#966=FACE_OUTER_BOUND('',#1106,.T.);
#967=FACE_OUTER_BOUND('',#1107,.T.);
#968=FACE_OUTER_BOUND('',#1108,.T.);
#969=FACE_OUTER_BOUND('',#1109,.T.);
#970=FACE_OUTER_BOUND('',#1110,.T.);
#971=FACE_OUTER_BOUND('',#1111,.T.);
#972=FACE_OUTER_BOUND('',#1112,.T.);
#973=FACE_OUTER_BOUND('',#1113,.T.);
#974=FACE_OUTER_BOUND('',#1114,.T.);
#975=FACE_OUTER_BOUND('',#1115,.T.);
#976=FACE_OUTER_BOUND('',#1116,.T.);
#977=FACE_OUTER_BOUND('',#1117,.T.);
#978=FACE_OUTER_BOUND('',#1118,.T.);
#979=FACE_OUTER_BOUND('',#1119,.T.);
#980=FACE_OUTER_BOUND('',#1120,.T.);
#981=FACE_OUTER_BOUND('',#1121,.T.);
#982=FACE_OUTER_BOUND('',#1122,.T.);
#983=FACE_OUTER_BOUND('',#1123,.T.);
#984=FACE_OUTER_BOUND('',#1124,.T.);
#985=FACE_OUTER_BOUND('',#1125,.T.);
#986=FACE_OUTER_BOUND('',#1126,.T.);
#987=FACE_OUTER_BOUND('',#1127,.T.);
#988=FACE_OUTER_BOUND('',#1128,.T.);
#989=FACE_OUTER_BOUND('',#1129,.T.);
#990=FACE_OUTER_BOUND('',#1130,.T.);
#991=FACE_OUTER_BOUND('',#1131,.T.);
#992=FACE_OUTER_BOUND('',#1132,.T.);
#993=FACE_OUTER_BOUND('',#1133,.T.);
#994=FACE_OUTER_BOUND('',#1134,.T.);
#995=FACE_OUTER_BOUND('',#1135,.T.);
#996=FACE_OUTER_BOUND('',#1136,.T.);
#997=FACE_OUTER_BOUND('',#1137,.T.);
#998=FACE_OUTER_BOUND('',#1138,.T.);
#999=FACE_OUTER_BOUND('',#1139,.T.);
#1000=FACE_OUTER_BOUND('',#1140,.T.);
#1001=FACE_OUTER_BOUND('',#1141,.T.);
#1002=FACE_OUTER_BOUND('',#1142,.T.);
#1003=FACE_OUTER_BOUND('',#1143,.T.);
#1004=FACE_OUTER_BOUND('',#1144,.T.);
#1005=FACE_OUTER_BOUND('',#1145,.T.);
#1006=FACE_OUTER_BOUND('',#1146,.T.);
#1007=FACE_OUTER_BOUND('',#1147,.T.);
#1008=FACE_OUTER_BOUND('',#1148,.T.);
#1009=FACE_OUTER_BOUND('',#1149,.T.);
#1010=FACE_OUTER_BOUND('',#1150,.T.);
#1011=FACE_OUTER_BOUND('',#1151,.T.);
#1012=FACE_OUTER_BOUND('',#1152,.T.);
#1013=FACE_OUTER_BOUND('',#1153,.T.);
#1014=FACE_OUTER_BOUND('',#1154,.T.);
#1015=FACE_OUTER_BOUND('',#1155,.T.);
#1016=FACE_OUTER_BOUND('',#1156,.T.);
#1017=FACE_OUTER_BOUND('',#1157,.T.);
#1018=FACE_OUTER_BOUND('',#1158,.T.);
#1019=FACE_OUTER_BOUND('',#1159,.T.);
#1020=FACE_OUTER_BOUND('',#1160,.T.);
#1021=EDGE_LOOP('',(#1161,#1162,#1163,#1164));
#1022=EDGE_LOOP('',(#1165,#1166,#1167,#1168));
#1023=EDGE_LOOP('',(#1169,#1170,#1171,#1172));
#1024=EDGE_LOOP('',(#1173,#1174,#1175,#1176));
#1025=EDGE_LOOP('',(#1177,#1178,#1179,#1180));
#1026=EDGE_LOOP('',(#1181,#1182,#1183,#1184));
#1027=EDGE_LOOP('',(#1185,#1186,#1187));
#1028=EDGE_LOOP('',(#1188,#1189));
#1029=EDGE_LOOP('',(#1190,#1191,#1192));
#1030=EDGE_LOOP('',(#1193,#1194,#1195));
#1031=EDGE_LOOP('',(#1196,#1197));
#1032=EDGE_LOOP('',(#1198,#1199,#1200));
#1033=EDGE_LOOP('',(#1201,#1202,#1203));
#1034=EDGE_LOOP('',(#1204,#1205));
#1035=EDGE_LOOP('',(#1206,#1207,#1208));
#1036=EDGE_LOOP('',(#1209,#1210,#1211));
#1037=EDGE_LOOP('',(#1212,#1213));
#1038=EDGE_LOOP('',(#1214,#1215,#1216));
#1039=EDGE_LOOP('',(#1217,#1218,#1219));
#1040=EDGE_LOOP('',(#1220,#1221));
#1041=EDGE_LOOP('',(#1222,#1223,#1224));
#1042=EDGE_LOOP('',(#1225,#1226,#1227));
#1043=EDGE_LOOP('',(#1228,#1229));
#1044=EDGE_LOOP('',(#1230,#1231,#1232));
#1045=EDGE_LOOP('',(#1233,#1234,#1235));
#1046=EDGE_LOOP('',(#1236,#1237));
#1047=EDGE_LOOP('',(#1238,#1239,#1240));
#1048=EDGE_LOOP('',(#1241,#1242,#1243));
#1049=EDGE_LOOP('',(#1244,#1245));
#1050=EDGE_LOOP('',(#1246,#1247,#1248));
#1051=EDGE_LOOP('',(#1249,#1250,#1251));
#1052=EDGE_LOOP('',(#1252,#1253));
#1053=EDGE_LOOP('',(#1254,#1255,#1256));
#1054=EDGE_LOOP('',(#1257,#1258,#1259));
#1055=EDGE_LOOP('',(#1260,#1261));
#1056=EDGE_LOOP('',(#1262,#1263,#1264));
#1057=EDGE_LOOP('',(#1265,#1266,#1267));
#1058=EDGE_LOOP('',(#1268,#1269));
#1059=EDGE_LOOP('',(#1270,#1271,#1272));
#1060=EDGE_LOOP('',(#1273,#1274,#1275));
#1061=EDGE_LOOP('',(#1276,#1277));
#1062=EDGE_LOOP('',(#1278,#1279,#1280));
#1063=EDGE_LOOP('',(#1281,#1282,#1283));
#1064=EDGE_LOOP('',(#1284,#1285));
#1065=EDGE_LOOP('',(#1286,#1287,#1288));
#1066=EDGE_LOOP('',(#1289,#1290,#1291));
#1067=EDGE_LOOP('',(#1292,#1293));
#1068=EDGE_LOOP('',(#1294,#1295,#1296));
#1069=EDGE_LOOP('',(#1297,#1298,#1299));
#1070=EDGE_LOOP('',(#1300,#1301));
#1071=EDGE_LOOP('',(#1302,#1303,#1304));
#1072=EDGE_LOOP('',(#1305,#1306,#1307));
#1073=EDGE_LOOP('',(#1308,#1309));
#1074=EDGE_LOOP('',(#1310,#1311,#1312));
#1075=EDGE_LOOP('',(#1313,#1314,#1315));
#1076=EDGE_LOOP('',(#1316,#1317));
#1077=EDGE_LOOP('',(#1318,#1319,#1320));
#1078=EDGE_LOOP('',(#1321,#1322,#1323));
#1079=EDGE_LOOP('',(#1324,#1325));
#1080=EDGE_LOOP('',(#1326,#1327,#1328));
#1081=EDGE_LOOP('',(#1329,#1330,#1331));
#1082=EDGE_LOOP('',(#1332,#1333));
#1083=EDGE_LOOP('',(#1334,#1335,#1336));
#1084=EDGE_LOOP('',(#1337,#1338,#1339));
#1085=EDGE_LOOP('',(#1340,#1341));
#1086=EDGE_LOOP('',(#1342,#1343,#1344));
#1087=EDGE_LOOP('',(#1345,#1346,#1347));
#1088=EDGE_LOOP('',(#1348,#1349));
#1089=EDGE_LOOP('',(#1350,#1351,#1352));
#1090=EDGE_LOOP('',(#1353,#1354,#1355));
#1091=EDGE_LOOP('',(#1356,#1357));
#1092=EDGE_LOOP('',(#1358,#1359,#1360));
#1093=EDGE_LOOP('',(#1361,#1362,#1363));
#1094=EDGE_LOOP('',(#1364,#1365));
#1095=EDGE_LOOP('',(#1366,#1367,#1368));
#1096=EDGE_LOOP('',(#1369,#1370,#1371));
#1097=EDGE_LOOP('',(#1372,#1373));
#1098=EDGE_LOOP('',(#1374,#1375,#1376));
#1099=EDGE_LOOP('',(#1377,#1378,#1379));
#1100=EDGE_LOOP('',(#1380,#1381));
#1101=EDGE_LOOP('',(#1382,#1383,#1384));
#1102=EDGE_LOOP('',(#1385,#1386,#1387));
#1103=EDGE_LOOP('',(#1388,#1389));
#1104=EDGE_LOOP('',(#1390,#1391,#1392));
#1105=EDGE_LOOP('',(#1393,#1394,#1395));
#1106=EDGE_LOOP('',(#1396,#1397));
#1107=EDGE_LOOP('',(#1398,#1399,#1400));
#1108=EDGE_LOOP('',(#1401,#1402,#1403));
#1109=EDGE_LOOP('',(#1404,#1405));
#1110=EDGE_LOOP('',(#1406,#1407,#1408));
#1111=EDGE_LOOP('',(#1409,#1410,#1411));
#1112=EDGE_LOOP('',(#1412,#1413));
#1113=EDGE_LOOP('',(#1414,#1415,#1416));
#1114=EDGE_LOOP('',(#1417,#1418,#1419));
#1115=EDGE_LOOP('',(#1420,#1421));
#1116=EDGE_LOOP('',(#1422,#1423,#1424));
#1117=EDGE_LOOP('',(#1425,#1426,#1427));
#1118=EDGE_LOOP('',(#1428,#1429));
#1119=EDGE_LOOP('',(#1430,#1431,#1432));
#1120=EDGE_LOOP('',(#1433,#1434,#1435));
#1121=EDGE_LOOP('',(#1436,#1437));
#1122=EDGE_LOOP('',(#1438,#1439,#1440));
#1123=EDGE_LOOP('',(#1441,#1442,#1443));
#1124=EDGE_LOOP('',(#1444,#1445));
#1125=EDGE_LOOP('',(#1446,#1447,#1448));
#1126=EDGE_LOOP('',(#1449,#1450,#1451));
#1127=EDGE_LOOP('',(#1452,#1453));
#1128=EDGE_LOOP('',(#1454,#1455,#1456));
#1129=EDGE_LOOP('',(#1457,#1458,#1459));
#1130=EDGE_LOOP('',(#1460,#1461));
#1131=EDGE_LOOP('',(#1462,#1463,#1464));
#1132=EDGE_LOOP('',(#1465,#1466,#1467));
#1133=EDGE_LOOP('',(#1468,#1469));
#1134=EDGE_LOOP('',(#1470,#1471,#1472));
#1135=EDGE_LOOP('',(#1473,#1474,#1475,#1476));
#1136=EDGE_LOOP('',(#1477,#1478,#1479,#1480));
#1137=EDGE_LOOP('',(#1481,#1482,#1483,#1484));
#1138=EDGE_LOOP('',(#1485,#1486,#1487,#1488));
#1139=EDGE_LOOP('',(#1489,#1490,#1491,#1492));
#1140=EDGE_LOOP('',(#1493,#1494,#1495,#1496));
#1141=EDGE_LOOP('',(#1497,#1498,#1499,#1500));
#1142=EDGE_LOOP('',(#1501,#1502,#1503,#1504));
#1143=EDGE_LOOP('',(#1505,#1506,#1507,#1508));
#1144=EDGE_LOOP('',(#1509,#1510,#1511,#1512));
#1145=EDGE_LOOP('',(#1513,#1514,#1515,#1516));
#1146=EDGE_LOOP('',(#1517,#1518,#1519,#1520));
#1147=EDGE_LOOP('',(#1521,#1522,#1523,#1524));
#1148=EDGE_LOOP('',(#1525,#1526,#1527,#1528));
#1149=EDGE_LOOP('',(#1529,#1530,#1531,#1532));
#1150=EDGE_LOOP('',(#1533,#1534,#1535,#1536));
#1151=EDGE_LOOP('',(#1537,#1538,#1539,#1540));
#1152=EDGE_LOOP('',(#1541,#1542,#1543,#1544));
#1153=EDGE_LOOP('',(#1545,#1546,#1547,#1548));
#1154=EDGE_LOOP('',(#1549,#1550,#1551,#1552));
#1155=EDGE_LOOP('',(#1553,#1554,#1555,#1556));
#1156=EDGE_LOOP('',(#1557,#1558,#1559,#1560));
#1157=EDGE_LOOP('',(#1561,#1562,#1563,#1564));
#1158=EDGE_LOOP('',(#1565,#1566,#1567,#1568));
#1159=EDGE_LOOP('',(#1569,#1570,#1571,#1572,#1573,#1574,#1575,#1576,#1577,
#1578,#1579,#1580));
#1160=EDGE_LOOP('',(#1581,#1582,#1583,#1584,#1585,#1586,#1587,#1588,#1589,
#1590,#1591,#1592));
#1161=ORIENTED_EDGE('',*,*,#2673,.T.);
#1162=ORIENTED_EDGE('',*,*,#2674,.T.);
#1163=ORIENTED_EDGE('',*,*,#2675,.T.);
#1164=ORIENTED_EDGE('',*,*,#2676,.T.);
#1165=ORIENTED_EDGE('',*,*,#2677,.T.);
#1166=ORIENTED_EDGE('',*,*,#2678,.T.);
#1167=ORIENTED_EDGE('',*,*,#2679,.T.);
#1168=ORIENTED_EDGE('',*,*,#2674,.F.);
#1169=ORIENTED_EDGE('',*,*,#2680,.T.);
#1170=ORIENTED_EDGE('',*,*,#2681,.T.);
#1171=ORIENTED_EDGE('',*,*,#2682,.T.);
#1172=ORIENTED_EDGE('',*,*,#2678,.F.);
#1173=ORIENTED_EDGE('',*,*,#2683,.T.);
#1174=ORIENTED_EDGE('',*,*,#2676,.F.);
#1175=ORIENTED_EDGE('',*,*,#2684,.T.);
#1176=ORIENTED_EDGE('',*,*,#2681,.F.);
#1177=ORIENTED_EDGE('',*,*,#2683,.F.);
#1178=ORIENTED_EDGE('',*,*,#2680,.F.);
#1179=ORIENTED_EDGE('',*,*,#2677,.F.);
#1180=ORIENTED_EDGE('',*,*,#2673,.F.);
#1181=ORIENTED_EDGE('',*,*,#2675,.F.);
#1182=ORIENTED_EDGE('',*,*,#2679,.F.);
#1183=ORIENTED_EDGE('',*,*,#2682,.F.);
#1184=ORIENTED_EDGE('',*,*,#2684,.F.);
#1185=ORIENTED_EDGE('',*,*,#2685,.T.);
#1186=ORIENTED_EDGE('',*,*,#2686,.T.);
#1187=ORIENTED_EDGE('',*,*,#2687,.T.);
#1188=ORIENTED_EDGE('',*,*,#2686,.F.);
#1189=ORIENTED_EDGE('',*,*,#2688,.T.);
#1190=ORIENTED_EDGE('',*,*,#2687,.F.);
#1191=ORIENTED_EDGE('',*,*,#2688,.F.);
#1192=ORIENTED_EDGE('',*,*,#2685,.F.);
#1193=ORIENTED_EDGE('',*,*,#2689,.T.);
#1194=ORIENTED_EDGE('',*,*,#2690,.T.);
#1195=ORIENTED_EDGE('',*,*,#2691,.T.);
#1196=ORIENTED_EDGE('',*,*,#2690,.F.);
#1197=ORIENTED_EDGE('',*,*,#2692,.T.);
#1198=ORIENTED_EDGE('',*,*,#2691,.F.);
#1199=ORIENTED_EDGE('',*,*,#2692,.F.);
#1200=ORIENTED_EDGE('',*,*,#2689,.F.);
#1201=ORIENTED_EDGE('',*,*,#2693,.T.);
#1202=ORIENTED_EDGE('',*,*,#2694,.T.);
#1203=ORIENTED_EDGE('',*,*,#2695,.T.);
#1204=ORIENTED_EDGE('',*,*,#2694,.F.);
#1205=ORIENTED_EDGE('',*,*,#2696,.T.);
#1206=ORIENTED_EDGE('',*,*,#2695,.F.);
#1207=ORIENTED_EDGE('',*,*,#2696,.F.);
#1208=ORIENTED_EDGE('',*,*,#2693,.F.);
#1209=ORIENTED_EDGE('',*,*,#2697,.T.);
#1210=ORIENTED_EDGE('',*,*,#2698,.T.);
#1211=ORIENTED_EDGE('',*,*,#2699,.T.);
#1212=ORIENTED_EDGE('',*,*,#2698,.F.);
#1213=ORIENTED_EDGE('',*,*,#2700,.T.);
#1214=ORIENTED_EDGE('',*,*,#2699,.F.);
#1215=ORIENTED_EDGE('',*,*,#2700,.F.);
#1216=ORIENTED_EDGE('',*,*,#2697,.F.);
#1217=ORIENTED_EDGE('',*,*,#2701,.T.);
#1218=ORIENTED_EDGE('',*,*,#2702,.T.);
#1219=ORIENTED_EDGE('',*,*,#2703,.T.);
#1220=ORIENTED_EDGE('',*,*,#2702,.F.);
#1221=ORIENTED_EDGE('',*,*,#2704,.T.);
#1222=ORIENTED_EDGE('',*,*,#2703,.F.);
#1223=ORIENTED_EDGE('',*,*,#2704,.F.);
#1224=ORIENTED_EDGE('',*,*,#2701,.F.);
#1225=ORIENTED_EDGE('',*,*,#2705,.T.);
#1226=ORIENTED_EDGE('',*,*,#2706,.T.);
#1227=ORIENTED_EDGE('',*,*,#2707,.T.);
#1228=ORIENTED_EDGE('',*,*,#2706,.F.);
#1229=ORIENTED_EDGE('',*,*,#2708,.T.);
#1230=ORIENTED_EDGE('',*,*,#2707,.F.);
#1231=ORIENTED_EDGE('',*,*,#2708,.F.);
#1232=ORIENTED_EDGE('',*,*,#2705,.F.);
#1233=ORIENTED_EDGE('',*,*,#2709,.T.);
#1234=ORIENTED_EDGE('',*,*,#2710,.T.);
#1235=ORIENTED_EDGE('',*,*,#2711,.T.);
#1236=ORIENTED_EDGE('',*,*,#2710,.F.);
#1237=ORIENTED_EDGE('',*,*,#2712,.T.);
#1238=ORIENTED_EDGE('',*,*,#2711,.F.);
#1239=ORIENTED_EDGE('',*,*,#2712,.F.);
#1240=ORIENTED_EDGE('',*,*,#2709,.F.);
#1241=ORIENTED_EDGE('',*,*,#2713,.T.);
#1242=ORIENTED_EDGE('',*,*,#2714,.T.);
#1243=ORIENTED_EDGE('',*,*,#2715,.T.);
#1244=ORIENTED_EDGE('',*,*,#2714,.F.);
#1245=ORIENTED_EDGE('',*,*,#2716,.T.);
#1246=ORIENTED_EDGE('',*,*,#2715,.F.);
#1247=ORIENTED_EDGE('',*,*,#2716,.F.);
#1248=ORIENTED_EDGE('',*,*,#2713,.F.);
#1249=ORIENTED_EDGE('',*,*,#2717,.T.);
#1250=ORIENTED_EDGE('',*,*,#2718,.T.);
#1251=ORIENTED_EDGE('',*,*,#2719,.T.);
#1252=ORIENTED_EDGE('',*,*,#2718,.F.);
#1253=ORIENTED_EDGE('',*,*,#2720,.T.);
#1254=ORIENTED_EDGE('',*,*,#2719,.F.);
#1255=ORIENTED_EDGE('',*,*,#2720,.F.);
#1256=ORIENTED_EDGE('',*,*,#2717,.F.);
#1257=ORIENTED_EDGE('',*,*,#2721,.T.);
#1258=ORIENTED_EDGE('',*,*,#2722,.T.);
#1259=ORIENTED_EDGE('',*,*,#2723,.T.);
#1260=ORIENTED_EDGE('',*,*,#2722,.F.);
#1261=ORIENTED_EDGE('',*,*,#2724,.T.);
#1262=ORIENTED_EDGE('',*,*,#2723,.F.);
#1263=ORIENTED_EDGE('',*,*,#2724,.F.);
#1264=ORIENTED_EDGE('',*,*,#2721,.F.);
#1265=ORIENTED_EDGE('',*,*,#2725,.T.);
#1266=ORIENTED_EDGE('',*,*,#2726,.T.);
#1267=ORIENTED_EDGE('',*,*,#2727,.T.);
#1268=ORIENTED_EDGE('',*,*,#2726,.F.);
#1269=ORIENTED_EDGE('',*,*,#2728,.T.);
#1270=ORIENTED_EDGE('',*,*,#2727,.F.);
#1271=ORIENTED_EDGE('',*,*,#2728,.F.);
#1272=ORIENTED_EDGE('',*,*,#2725,.F.);
#1273=ORIENTED_EDGE('',*,*,#2729,.T.);
#1274=ORIENTED_EDGE('',*,*,#2730,.T.);
#1275=ORIENTED_EDGE('',*,*,#2731,.T.);
#1276=ORIENTED_EDGE('',*,*,#2730,.F.);
#1277=ORIENTED_EDGE('',*,*,#2732,.T.);
#1278=ORIENTED_EDGE('',*,*,#2731,.F.);
#1279=ORIENTED_EDGE('',*,*,#2732,.F.);
#1280=ORIENTED_EDGE('',*,*,#2729,.F.);
#1281=ORIENTED_EDGE('',*,*,#2733,.T.);
#1282=ORIENTED_EDGE('',*,*,#2734,.T.);
#1283=ORIENTED_EDGE('',*,*,#2735,.T.);
#1284=ORIENTED_EDGE('',*,*,#2734,.F.);
#1285=ORIENTED_EDGE('',*,*,#2736,.T.);
#1286=ORIENTED_EDGE('',*,*,#2735,.F.);
#1287=ORIENTED_EDGE('',*,*,#2736,.F.);
#1288=ORIENTED_EDGE('',*,*,#2733,.F.);
#1289=ORIENTED_EDGE('',*,*,#2737,.T.);
#1290=ORIENTED_EDGE('',*,*,#2738,.T.);
#1291=ORIENTED_EDGE('',*,*,#2739,.T.);
#1292=ORIENTED_EDGE('',*,*,#2738,.F.);
#1293=ORIENTED_EDGE('',*,*,#2740,.T.);
#1294=ORIENTED_EDGE('',*,*,#2739,.F.);
#1295=ORIENTED_EDGE('',*,*,#2740,.F.);
#1296=ORIENTED_EDGE('',*,*,#2737,.F.);
#1297=ORIENTED_EDGE('',*,*,#2741,.T.);
#1298=ORIENTED_EDGE('',*,*,#2742,.T.);
#1299=ORIENTED_EDGE('',*,*,#2743,.T.);
#1300=ORIENTED_EDGE('',*,*,#2742,.F.);
#1301=ORIENTED_EDGE('',*,*,#2744,.T.);
#1302=ORIENTED_EDGE('',*,*,#2743,.F.);
#1303=ORIENTED_EDGE('',*,*,#2744,.F.);
#1304=ORIENTED_EDGE('',*,*,#2741,.F.);
#1305=ORIENTED_EDGE('',*,*,#2745,.T.);
#1306=ORIENTED_EDGE('',*,*,#2746,.T.);
#1307=ORIENTED_EDGE('',*,*,#2747,.T.);
#1308=ORIENTED_EDGE('',*,*,#2746,.F.);
#1309=ORIENTED_EDGE('',*,*,#2748,.T.);
#1310=ORIENTED_EDGE('',*,*,#2747,.F.);
#1311=ORIENTED_EDGE('',*,*,#2748,.F.);
#1312=ORIENTED_EDGE('',*,*,#2745,.F.);
#1313=ORIENTED_EDGE('',*,*,#2749,.T.);
#1314=ORIENTED_EDGE('',*,*,#2750,.T.);
#1315=ORIENTED_EDGE('',*,*,#2751,.T.);
#1316=ORIENTED_EDGE('',*,*,#2750,.F.);
#1317=ORIENTED_EDGE('',*,*,#2752,.T.);
#1318=ORIENTED_EDGE('',*,*,#2751,.F.);
#1319=ORIENTED_EDGE('',*,*,#2752,.F.);
#1320=ORIENTED_EDGE('',*,*,#2749,.F.);
#1321=ORIENTED_EDGE('',*,*,#2753,.T.);
#1322=ORIENTED_EDGE('',*,*,#2754,.T.);
#1323=ORIENTED_EDGE('',*,*,#2755,.T.);
#1324=ORIENTED_EDGE('',*,*,#2754,.F.);
#1325=ORIENTED_EDGE('',*,*,#2756,.T.);
#1326=ORIENTED_EDGE('',*,*,#2755,.F.);
#1327=ORIENTED_EDGE('',*,*,#2756,.F.);
#1328=ORIENTED_EDGE('',*,*,#2753,.F.);
#1329=ORIENTED_EDGE('',*,*,#2757,.T.);
#1330=ORIENTED_EDGE('',*,*,#2758,.T.);
#1331=ORIENTED_EDGE('',*,*,#2759,.T.);
#1332=ORIENTED_EDGE('',*,*,#2758,.F.);
#1333=ORIENTED_EDGE('',*,*,#2760,.T.);
#1334=ORIENTED_EDGE('',*,*,#2759,.F.);
#1335=ORIENTED_EDGE('',*,*,#2760,.F.);
#1336=ORIENTED_EDGE('',*,*,#2757,.F.);
#1337=ORIENTED_EDGE('',*,*,#2761,.T.);
#1338=ORIENTED_EDGE('',*,*,#2762,.T.);
#1339=ORIENTED_EDGE('',*,*,#2763,.T.);
#1340=ORIENTED_EDGE('',*,*,#2762,.F.);
#1341=ORIENTED_EDGE('',*,*,#2764,.T.);
#1342=ORIENTED_EDGE('',*,*,#2763,.F.);
#1343=ORIENTED_EDGE('',*,*,#2764,.F.);
#1344=ORIENTED_EDGE('',*,*,#2761,.F.);
#1345=ORIENTED_EDGE('',*,*,#2765,.T.);
#1346=ORIENTED_EDGE('',*,*,#2766,.T.);
#1347=ORIENTED_EDGE('',*,*,#2767,.T.);
#1348=ORIENTED_EDGE('',*,*,#2766,.F.);
#1349=ORIENTED_EDGE('',*,*,#2768,.T.);
#1350=ORIENTED_EDGE('',*,*,#2767,.F.);
#1351=ORIENTED_EDGE('',*,*,#2768,.F.);
#1352=ORIENTED_EDGE('',*,*,#2765,.F.);
#1353=ORIENTED_EDGE('',*,*,#2769,.T.);
#1354=ORIENTED_EDGE('',*,*,#2770,.T.);
#1355=ORIENTED_EDGE('',*,*,#2771,.T.);
#1356=ORIENTED_EDGE('',*,*,#2770,.F.);
#1357=ORIENTED_EDGE('',*,*,#2772,.T.);
#1358=ORIENTED_EDGE('',*,*,#2771,.F.);
#1359=ORIENTED_EDGE('',*,*,#2772,.F.);
#1360=ORIENTED_EDGE('',*,*,#2769,.F.);
#1361=ORIENTED_EDGE('',*,*,#2773,.T.);
#1362=ORIENTED_EDGE('',*,*,#2774,.T.);
#1363=ORIENTED_EDGE('',*,*,#2775,.T.);
#1364=ORIENTED_EDGE('',*,*,#2774,.F.);
#1365=ORIENTED_EDGE('',*,*,#2776,.T.);
#1366=ORIENTED_EDGE('',*,*,#2775,.F.);
#1367=ORIENTED_EDGE('',*,*,#2776,.F.);
#1368=ORIENTED_EDGE('',*,*,#2773,.F.);
#1369=ORIENTED_EDGE('',*,*,#2777,.T.);
#1370=ORIENTED_EDGE('',*,*,#2778,.T.);
#1371=ORIENTED_EDGE('',*,*,#2779,.T.);
#1372=ORIENTED_EDGE('',*,*,#2778,.F.);
#1373=ORIENTED_EDGE('',*,*,#2780,.T.);
#1374=ORIENTED_EDGE('',*,*,#2779,.F.);
#1375=ORIENTED_EDGE('',*,*,#2780,.F.);
#1376=ORIENTED_EDGE('',*,*,#2777,.F.);
#1377=ORIENTED_EDGE('',*,*,#2781,.T.);
#1378=ORIENTED_EDGE('',*,*,#2782,.T.);
#1379=ORIENTED_EDGE('',*,*,#2783,.T.);
#1380=ORIENTED_EDGE('',*,*,#2782,.F.);
#1381=ORIENTED_EDGE('',*,*,#2784,.T.);
#1382=ORIENTED_EDGE('',*,*,#2783,.F.);
#1383=ORIENTED_EDGE('',*,*,#2784,.F.);
#1384=ORIENTED_EDGE('',*,*,#2781,.F.);
#1385=ORIENTED_EDGE('',*,*,#2785,.T.);
#1386=ORIENTED_EDGE('',*,*,#2786,.T.);
#1387=ORIENTED_EDGE('',*,*,#2787,.T.);
#1388=ORIENTED_EDGE('',*,*,#2786,.F.);
#1389=ORIENTED_EDGE('',*,*,#2788,.T.);
#1390=ORIENTED_EDGE('',*,*,#2787,.F.);
#1391=ORIENTED_EDGE('',*,*,#2788,.F.);
#1392=ORIENTED_EDGE('',*,*,#2785,.F.);
#1393=ORIENTED_EDGE('',*,*,#2789,.T.);
#1394=ORIENTED_EDGE('',*,*,#2790,.T.);
#1395=ORIENTED_EDGE('',*,*,#2791,.T.);
#1396=ORIENTED_EDGE('',*,*,#2790,.F.);
#1397=ORIENTED_EDGE('',*,*,#2792,.T.);
#1398=ORIENTED_EDGE('',*,*,#2791,.F.);
#1399=ORIENTED_EDGE('',*,*,#2792,.F.);
#1400=ORIENTED_EDGE('',*,*,#2789,.F.);
#1401=ORIENTED_EDGE('',*,*,#2793,.T.);
#1402=ORIENTED_EDGE('',*,*,#2794,.T.);
#1403=ORIENTED_EDGE('',*,*,#2795,.T.);
#1404=ORIENTED_EDGE('',*,*,#2794,.F.);
#1405=ORIENTED_EDGE('',*,*,#2796,.T.);
#1406=ORIENTED_EDGE('',*,*,#2795,.F.);
#1407=ORIENTED_EDGE('',*,*,#2796,.F.);
#1408=ORIENTED_EDGE('',*,*,#2793,.F.);
#1409=ORIENTED_EDGE('',*,*,#2797,.T.);
#1410=ORIENTED_EDGE('',*,*,#2798,.T.);
#1411=ORIENTED_EDGE('',*,*,#2799,.T.);
#1412=ORIENTED_EDGE('',*,*,#2798,.F.);
#1413=ORIENTED_EDGE('',*,*,#2800,.T.);
#1414=ORIENTED_EDGE('',*,*,#2799,.F.);
#1415=ORIENTED_EDGE('',*,*,#2800,.F.);
#1416=ORIENTED_EDGE('',*,*,#2797,.F.);
#1417=ORIENTED_EDGE('',*,*,#2801,.T.);
#1418=ORIENTED_EDGE('',*,*,#2802,.T.);
#1419=ORIENTED_EDGE('',*,*,#2803,.T.);
#1420=ORIENTED_EDGE('',*,*,#2802,.F.);
#1421=ORIENTED_EDGE('',*,*,#2804,.T.);
#1422=ORIENTED_EDGE('',*,*,#2803,.F.);
#1423=ORIENTED_EDGE('',*,*,#2804,.F.);
#1424=ORIENTED_EDGE('',*,*,#2801,.F.);
#1425=ORIENTED_EDGE('',*,*,#2805,.T.);
#1426=ORIENTED_EDGE('',*,*,#2806,.T.);
#1427=ORIENTED_EDGE('',*,*,#2807,.T.);
#1428=ORIENTED_EDGE('',*,*,#2806,.F.);
#1429=ORIENTED_EDGE('',*,*,#2808,.T.);
#1430=ORIENTED_EDGE('',*,*,#2807,.F.);
#1431=ORIENTED_EDGE('',*,*,#2808,.F.);
#1432=ORIENTED_EDGE('',*,*,#2805,.F.);
#1433=ORIENTED_EDGE('',*,*,#2809,.T.);
#1434=ORIENTED_EDGE('',*,*,#2810,.T.);
#1435=ORIENTED_EDGE('',*,*,#2811,.T.);
#1436=ORIENTED_EDGE('',*,*,#2810,.F.);
#1437=ORIENTED_EDGE('',*,*,#2812,.T.);
#1438=ORIENTED_EDGE('',*,*,#2811,.F.);
#1439=ORIENTED_EDGE('',*,*,#2812,.F.);
#1440=ORIENTED_EDGE('',*,*,#2809,.F.);
#1441=ORIENTED_EDGE('',*,*,#2813,.T.);
#1442=ORIENTED_EDGE('',*,*,#2814,.T.);
#1443=ORIENTED_EDGE('',*,*,#2815,.T.);
#1444=ORIENTED_EDGE('',*,*,#2814,.F.);
#1445=ORIENTED_EDGE('',*,*,#2816,.T.);
#1446=ORIENTED_EDGE('',*,*,#2815,.F.);
#1447=ORIENTED_EDGE('',*,*,#2816,.F.);
#1448=ORIENTED_EDGE('',*,*,#2813,.F.);
#1449=ORIENTED_EDGE('',*,*,#2817,.T.);
#1450=ORIENTED_EDGE('',*,*,#2818,.T.);
#1451=ORIENTED_EDGE('',*,*,#2819,.T.);
#1452=ORIENTED_EDGE('',*,*,#2818,.F.);
#1453=ORIENTED_EDGE('',*,*,#2820,.T.);
#1454=ORIENTED_EDGE('',*,*,#2819,.F.);
#1455=ORIENTED_EDGE('',*,*,#2820,.F.);
#1456=ORIENTED_EDGE('',*,*,#2817,.F.);
#1457=ORIENTED_EDGE('',*,*,#2821,.T.);
#1458=ORIENTED_EDGE('',*,*,#2822,.T.);
#1459=ORIENTED_EDGE('',*,*,#2823,.T.);
#1460=ORIENTED_EDGE('',*,*,#2822,.F.);
#1461=ORIENTED_EDGE('',*,*,#2824,.T.);
#1462=ORIENTED_EDGE('',*,*,#2823,.F.);
#1463=ORIENTED_EDGE('',*,*,#2824,.F.);
#1464=ORIENTED_EDGE('',*,*,#2821,.F.);
#1465=ORIENTED_EDGE('',*,*,#2825,.T.);
#1466=ORIENTED_EDGE('',*,*,#2826,.T.);
#1467=ORIENTED_EDGE('',*,*,#2827,.T.);
#1468=ORIENTED_EDGE('',*,*,#2826,.F.);
#1469=ORIENTED_EDGE('',*,*,#2828,.T.);
#1470=ORIENTED_EDGE('',*,*,#2827,.F.);
#1471=ORIENTED_EDGE('',*,*,#2828,.F.);
#1472=ORIENTED_EDGE('',*,*,#2825,.F.);
#1473=ORIENTED_EDGE('',*,*,#2829,.T.);
#1474=ORIENTED_EDGE('',*,*,#2830,.T.);
#1475=ORIENTED_EDGE('',*,*,#2831,.T.);
#1476=ORIENTED_EDGE('',*,*,#2832,.T.);
#1477=ORIENTED_EDGE('',*,*,#2833,.T.);
#1478=ORIENTED_EDGE('',*,*,#2834,.T.);
#1479=ORIENTED_EDGE('',*,*,#2835,.T.);
#1480=ORIENTED_EDGE('',*,*,#2830,.F.);
#1481=ORIENTED_EDGE('',*,*,#2836,.T.);
#1482=ORIENTED_EDGE('',*,*,#2837,.T.);
#1483=ORIENTED_EDGE('',*,*,#2838,.T.);
#1484=ORIENTED_EDGE('',*,*,#2834,.F.);
#1485=ORIENTED_EDGE('',*,*,#2839,.T.);
#1486=ORIENTED_EDGE('',*,*,#2832,.F.);
#1487=ORIENTED_EDGE('',*,*,#2840,.T.);
#1488=ORIENTED_EDGE('',*,*,#2837,.F.);
#1489=ORIENTED_EDGE('',*,*,#2839,.F.);
#1490=ORIENTED_EDGE('',*,*,#2836,.F.);
#1491=ORIENTED_EDGE('',*,*,#2833,.F.);
#1492=ORIENTED_EDGE('',*,*,#2829,.F.);
#1493=ORIENTED_EDGE('',*,*,#2831,.F.);
#1494=ORIENTED_EDGE('',*,*,#2835,.F.);
#1495=ORIENTED_EDGE('',*,*,#2838,.F.);
#1496=ORIENTED_EDGE('',*,*,#2840,.F.);
#1497=ORIENTED_EDGE('',*,*,#2841,.T.);
#1498=ORIENTED_EDGE('',*,*,#2842,.T.);
#1499=ORIENTED_EDGE('',*,*,#2843,.T.);
#1500=ORIENTED_EDGE('',*,*,#2844,.T.);
#1501=ORIENTED_EDGE('',*,*,#2845,.T.);
#1502=ORIENTED_EDGE('',*,*,#2846,.T.);
#1503=ORIENTED_EDGE('',*,*,#2847,.T.);
#1504=ORIENTED_EDGE('',*,*,#2842,.F.);
#1505=ORIENTED_EDGE('',*,*,#2848,.T.);
#1506=ORIENTED_EDGE('',*,*,#2849,.T.);
#1507=ORIENTED_EDGE('',*,*,#2850,.T.);
#1508=ORIENTED_EDGE('',*,*,#2846,.F.);
#1509=ORIENTED_EDGE('',*,*,#2851,.T.);
#1510=ORIENTED_EDGE('',*,*,#2844,.F.);
#1511=ORIENTED_EDGE('',*,*,#2852,.T.);
#1512=ORIENTED_EDGE('',*,*,#2849,.F.);
#1513=ORIENTED_EDGE('',*,*,#2851,.F.);
#1514=ORIENTED_EDGE('',*,*,#2848,.F.);
#1515=ORIENTED_EDGE('',*,*,#2845,.F.);
#1516=ORIENTED_EDGE('',*,*,#2841,.F.);
#1517=ORIENTED_EDGE('',*,*,#2843,.F.);
#1518=ORIENTED_EDGE('',*,*,#2847,.F.);
#1519=ORIENTED_EDGE('',*,*,#2850,.F.);
#1520=ORIENTED_EDGE('',*,*,#2852,.F.);
#1521=ORIENTED_EDGE('',*,*,#2853,.T.);
#1522=ORIENTED_EDGE('',*,*,#2854,.T.);
#1523=ORIENTED_EDGE('',*,*,#2855,.T.);
#1524=ORIENTED_EDGE('',*,*,#2856,.T.);
#1525=ORIENTED_EDGE('',*,*,#2857,.T.);
#1526=ORIENTED_EDGE('',*,*,#2858,.T.);
#1527=ORIENTED_EDGE('',*,*,#2859,.T.);
#1528=ORIENTED_EDGE('',*,*,#2854,.F.);
#1529=ORIENTED_EDGE('',*,*,#2860,.T.);
#1530=ORIENTED_EDGE('',*,*,#2861,.T.);
#1531=ORIENTED_EDGE('',*,*,#2862,.T.);
#1532=ORIENTED_EDGE('',*,*,#2858,.F.);
#1533=ORIENTED_EDGE('',*,*,#2863,.T.);
#1534=ORIENTED_EDGE('',*,*,#2864,.T.);
#1535=ORIENTED_EDGE('',*,*,#2865,.T.);
#1536=ORIENTED_EDGE('',*,*,#2861,.F.);
#1537=ORIENTED_EDGE('',*,*,#2866,.T.);
#1538=ORIENTED_EDGE('',*,*,#2867,.T.);
#1539=ORIENTED_EDGE('',*,*,#2868,.T.);
#1540=ORIENTED_EDGE('',*,*,#2864,.F.);
#1541=ORIENTED_EDGE('',*,*,#2869,.T.);
#1542=ORIENTED_EDGE('',*,*,#2870,.T.);
#1543=ORIENTED_EDGE('',*,*,#2871,.T.);
#1544=ORIENTED_EDGE('',*,*,#2867,.F.);
#1545=ORIENTED_EDGE('',*,*,#2872,.T.);
#1546=ORIENTED_EDGE('',*,*,#2873,.T.);
#1547=ORIENTED_EDGE('',*,*,#2874,.T.);
#1548=ORIENTED_EDGE('',*,*,#2870,.F.);
#1549=ORIENTED_EDGE('',*,*,#2875,.T.);
#1550=ORIENTED_EDGE('',*,*,#2876,.T.);
#1551=ORIENTED_EDGE('',*,*,#2877,.T.);
#1552=ORIENTED_EDGE('',*,*,#2873,.F.);
#1553=ORIENTED_EDGE('',*,*,#2878,.T.);
#1554=ORIENTED_EDGE('',*,*,#2879,.T.);
#1555=ORIENTED_EDGE('',*,*,#2880,.T.);
#1556=ORIENTED_EDGE('',*,*,#2876,.F.);
#1557=ORIENTED_EDGE('',*,*,#2881,.T.);
#1558=ORIENTED_EDGE('',*,*,#2882,.T.);
#1559=ORIENTED_EDGE('',*,*,#2883,.T.);
#1560=ORIENTED_EDGE('',*,*,#2879,.F.);
#1561=ORIENTED_EDGE('',*,*,#2884,.T.);
#1562=ORIENTED_EDGE('',*,*,#2885,.T.);
#1563=ORIENTED_EDGE('',*,*,#2886,.T.);
#1564=ORIENTED_EDGE('',*,*,#2882,.F.);
#1565=ORIENTED_EDGE('',*,*,#2887,.T.);
#1566=ORIENTED_EDGE('',*,*,#2856,.F.);
#1567=ORIENTED_EDGE('',*,*,#2888,.T.);
#1568=ORIENTED_EDGE('',*,*,#2885,.F.);
#1569=ORIENTED_EDGE('',*,*,#2887,.F.);
#1570=ORIENTED_EDGE('',*,*,#2884,.F.);
#1571=ORIENTED_EDGE('',*,*,#2881,.F.);
#1572=ORIENTED_EDGE('',*,*,#2878,.F.);
#1573=ORIENTED_EDGE('',*,*,#2875,.F.);
#1574=ORIENTED_EDGE('',*,*,#2872,.F.);
#1575=ORIENTED_EDGE('',*,*,#2869,.F.);
#1576=ORIENTED_EDGE('',*,*,#2866,.F.);
#1577=ORIENTED_EDGE('',*,*,#2863,.F.);
#1578=ORIENTED_EDGE('',*,*,#2860,.F.);
#1579=ORIENTED_EDGE('',*,*,#2857,.F.);
#1580=ORIENTED_EDGE('',*,*,#2853,.F.);
#1581=ORIENTED_EDGE('',*,*,#2855,.F.);
#1582=ORIENTED_EDGE('',*,*,#2859,.F.);
#1583=ORIENTED_EDGE('',*,*,#2862,.F.);
#1584=ORIENTED_EDGE('',*,*,#2865,.F.);
#1585=ORIENTED_EDGE('',*,*,#2868,.F.);
#1586=ORIENTED_EDGE('',*,*,#2871,.F.);
#1587=ORIENTED_EDGE('',*,*,#2874,.F.);
#1588=ORIENTED_EDGE('',*,*,#2877,.F.);
#1589=ORIENTED_EDGE('',*,*,#2880,.F.);
#1590=ORIENTED_EDGE('',*,*,#2883,.F.);
#1591=ORIENTED_EDGE('',*,*,#2886,.F.);
#1592=ORIENTED_EDGE('',*,*,#2888,.F.);
#1593=PCURVE('',#3477,#2025);
#1594=PCURVE('',#3477,#2026);
#1595=PCURVE('',#3477,#2027);
#1596=PCURVE('',#3477,#2028);
#1597=PCURVE('',#3478,#2029);
#1598=PCURVE('',#3478,#2030);
#1599=PCURVE('',#3478,#2031);
#1600=PCURVE('',#3478,#2032);
#1601=PCURVE('',#3479,#2033);
#1602=PCURVE('',#3479,#2034);
#1603=PCURVE('',#3479,#2035);
#1604=PCURVE('',#3479,#2036);
#1605=PCURVE('',#3480,#2037);
#1606=PCURVE('',#3480,#2038);
#1607=PCURVE('',#3480,#2039);
#1608=PCURVE('',#3480,#2040);
#1609=PCURVE('',#3481,#2041);
#1610=PCURVE('',#3481,#2042);
#1611=PCURVE('',#3481,#2043);
#1612=PCURVE('',#3481,#2044);
#1613=PCURVE('',#3482,#2045);
#1614=PCURVE('',#3482,#2046);
#1615=PCURVE('',#3482,#2047);
#1616=PCURVE('',#3482,#2048);
#1617=PCURVE('',#227,#2049);
#1618=PCURVE('',#227,#2050);
#1619=PCURVE('',#227,#2051);
#1620=PCURVE('',#3483,#2052);
#1621=PCURVE('',#3483,#2053);
#1622=PCURVE('',#228,#2054);
#1623=PCURVE('',#228,#2055);
#1624=PCURVE('',#228,#2056);
#1625=PCURVE('',#229,#2057);
#1626=PCURVE('',#229,#2058);
#1627=PCURVE('',#229,#2059);
#1628=PCURVE('',#3484,#2060);
#1629=PCURVE('',#3484,#2061);
#1630=PCURVE('',#230,#2062);
#1631=PCURVE('',#230,#2063);
#1632=PCURVE('',#230,#2064);
#1633=PCURVE('',#231,#2065);
#1634=PCURVE('',#231,#2066);
#1635=PCURVE('',#231,#2067);
#1636=PCURVE('',#3485,#2068);
#1637=PCURVE('',#3485,#2069);
#1638=PCURVE('',#232,#2070);
#1639=PCURVE('',#232,#2071);
#1640=PCURVE('',#232,#2072);
#1641=PCURVE('',#233,#2073);
#1642=PCURVE('',#233,#2074);
#1643=PCURVE('',#233,#2075);
#1644=PCURVE('',#3486,#2076);
#1645=PCURVE('',#3486,#2077);
#1646=PCURVE('',#234,#2078);
#1647=PCURVE('',#234,#2079);
#1648=PCURVE('',#234,#2080);
#1649=PCURVE('',#235,#2081);
#1650=PCURVE('',#235,#2082);
#1651=PCURVE('',#235,#2083);
#1652=PCURVE('',#3487,#2084);
#1653=PCURVE('',#3487,#2085);
#1654=PCURVE('',#236,#2086);
#1655=PCURVE('',#236,#2087);
#1656=PCURVE('',#236,#2088);
#1657=PCURVE('',#237,#2089);
#1658=PCURVE('',#237,#2090);
#1659=PCURVE('',#237,#2091);
#1660=PCURVE('',#3488,#2092);
#1661=PCURVE('',#3488,#2093);
#1662=PCURVE('',#238,#2094);
#1663=PCURVE('',#238,#2095);
#1664=PCURVE('',#238,#2096);
#1665=PCURVE('',#239,#2097);
#1666=PCURVE('',#239,#2098);
#1667=PCURVE('',#239,#2099);
#1668=PCURVE('',#3489,#2100);
#1669=PCURVE('',#3489,#2101);
#1670=PCURVE('',#240,#2102);
#1671=PCURVE('',#240,#2103);
#1672=PCURVE('',#240,#2104);
#1673=PCURVE('',#241,#2105);
#1674=PCURVE('',#241,#2106);
#1675=PCURVE('',#241,#2107);
#1676=PCURVE('',#3490,#2108);
#1677=PCURVE('',#3490,#2109);
#1678=PCURVE('',#242,#2110);
#1679=PCURVE('',#242,#2111);
#1680=PCURVE('',#242,#2112);
#1681=PCURVE('',#243,#2113);
#1682=PCURVE('',#243,#2114);
#1683=PCURVE('',#243,#2115);
#1684=PCURVE('',#3491,#2116);
#1685=PCURVE('',#3491,#2117);
#1686=PCURVE('',#244,#2118);
#1687=PCURVE('',#244,#2119);
#1688=PCURVE('',#244,#2120);
#1689=PCURVE('',#245,#2121);
#1690=PCURVE('',#245,#2122);
#1691=PCURVE('',#245,#2123);
#1692=PCURVE('',#3492,#2124);
#1693=PCURVE('',#3492,#2125);
#1694=PCURVE('',#246,#2126);
#1695=PCURVE('',#246,#2127);
#1696=PCURVE('',#246,#2128);
#1697=PCURVE('',#247,#2129);
#1698=PCURVE('',#247,#2130);
#1699=PCURVE('',#247,#2131);
#1700=PCURVE('',#3493,#2132);
#1701=PCURVE('',#3493,#2133);
#1702=PCURVE('',#248,#2134);
#1703=PCURVE('',#248,#2135);
#1704=PCURVE('',#248,#2136);
#1705=PCURVE('',#249,#2137);
#1706=PCURVE('',#249,#2138);
#1707=PCURVE('',#249,#2139);
#1708=PCURVE('',#3494,#2140);
#1709=PCURVE('',#3494,#2141);
#1710=PCURVE('',#250,#2142);
#1711=PCURVE('',#250,#2143);
#1712=PCURVE('',#250,#2144);
#1713=PCURVE('',#251,#2145);
#1714=PCURVE('',#251,#2146);
#1715=PCURVE('',#251,#2147);
#1716=PCURVE('',#3495,#2148);
#1717=PCURVE('',#3495,#2149);
#1718=PCURVE('',#252,#2150);
#1719=PCURVE('',#252,#2151);
#1720=PCURVE('',#252,#2152);
#1721=PCURVE('',#253,#2153);
#1722=PCURVE('',#253,#2154);
#1723=PCURVE('',#253,#2155);
#1724=PCURVE('',#3496,#2156);
#1725=PCURVE('',#3496,#2157);
#1726=PCURVE('',#254,#2158);
#1727=PCURVE('',#254,#2159);
#1728=PCURVE('',#254,#2160);
#1729=PCURVE('',#255,#2161);
#1730=PCURVE('',#255,#2162);
#1731=PCURVE('',#255,#2163);
#1732=PCURVE('',#3497,#2164);
#1733=PCURVE('',#3497,#2165);
#1734=PCURVE('',#256,#2166);
#1735=PCURVE('',#256,#2167);
#1736=PCURVE('',#256,#2168);
#1737=PCURVE('',#257,#2169);
#1738=PCURVE('',#257,#2170);
#1739=PCURVE('',#257,#2171);
#1740=PCURVE('',#3498,#2172);
#1741=PCURVE('',#3498,#2173);
#1742=PCURVE('',#258,#2174);
#1743=PCURVE('',#258,#2175);
#1744=PCURVE('',#258,#2176);
#1745=PCURVE('',#259,#2177);
#1746=PCURVE('',#259,#2178);
#1747=PCURVE('',#259,#2179);
#1748=PCURVE('',#3499,#2180);
#1749=PCURVE('',#3499,#2181);
#1750=PCURVE('',#260,#2182);
#1751=PCURVE('',#260,#2183);
#1752=PCURVE('',#260,#2184);
#1753=PCURVE('',#261,#2185);
#1754=PCURVE('',#261,#2186);
#1755=PCURVE('',#261,#2187);
#1756=PCURVE('',#3500,#2188);
#1757=PCURVE('',#3500,#2189);
#1758=PCURVE('',#262,#2190);
#1759=PCURVE('',#262,#2191);
#1760=PCURVE('',#262,#2192);
#1761=PCURVE('',#263,#2193);
#1762=PCURVE('',#263,#2194);
#1763=PCURVE('',#263,#2195);
#1764=PCURVE('',#3501,#2196);
#1765=PCURVE('',#3501,#2197);
#1766=PCURVE('',#264,#2198);
#1767=PCURVE('',#264,#2199);
#1768=PCURVE('',#264,#2200);
#1769=PCURVE('',#265,#2201);
#1770=PCURVE('',#265,#2202);
#1771=PCURVE('',#265,#2203);
#1772=PCURVE('',#3502,#2204);
#1773=PCURVE('',#3502,#2205);
#1774=PCURVE('',#266,#2206);
#1775=PCURVE('',#266,#2207);
#1776=PCURVE('',#266,#2208);
#1777=PCURVE('',#267,#2209);
#1778=PCURVE('',#267,#2210);
#1779=PCURVE('',#267,#2211);
#1780=PCURVE('',#3503,#2212);
#1781=PCURVE('',#3503,#2213);
#1782=PCURVE('',#268,#2214);
#1783=PCURVE('',#268,#2215);
#1784=PCURVE('',#268,#2216);
#1785=PCURVE('',#269,#2217);
#1786=PCURVE('',#269,#2218);
#1787=PCURVE('',#269,#2219);
#1788=PCURVE('',#3504,#2220);
#1789=PCURVE('',#3504,#2221);
#1790=PCURVE('',#270,#2222);
#1791=PCURVE('',#270,#2223);
#1792=PCURVE('',#270,#2224);
#1793=PCURVE('',#271,#2225);
#1794=PCURVE('',#271,#2226);
#1795=PCURVE('',#271,#2227);
#1796=PCURVE('',#3505,#2228);
#1797=PCURVE('',#3505,#2229);
#1798=PCURVE('',#272,#2230);
#1799=PCURVE('',#272,#2231);
#1800=PCURVE('',#272,#2232);
#1801=PCURVE('',#273,#2233);
#1802=PCURVE('',#273,#2234);
#1803=PCURVE('',#273,#2235);
#1804=PCURVE('',#3506,#2236);
#1805=PCURVE('',#3506,#2237);
#1806=PCURVE('',#274,#2238);
#1807=PCURVE('',#274,#2239);
#1808=PCURVE('',#274,#2240);
#1809=PCURVE('',#275,#2241);
#1810=PCURVE('',#275,#2242);
#1811=PCURVE('',#275,#2243);
#1812=PCURVE('',#3507,#2244);
#1813=PCURVE('',#3507,#2245);
#1814=PCURVE('',#276,#2246);
#1815=PCURVE('',#276,#2247);
#1816=PCURVE('',#276,#2248);
#1817=PCURVE('',#277,#2249);
#1818=PCURVE('',#277,#2250);
#1819=PCURVE('',#277,#2251);
#1820=PCURVE('',#3508,#2252);
#1821=PCURVE('',#3508,#2253);
#1822=PCURVE('',#278,#2254);
#1823=PCURVE('',#278,#2255);
#1824=PCURVE('',#278,#2256);
#1825=PCURVE('',#279,#2257);
#1826=PCURVE('',#279,#2258);
#1827=PCURVE('',#279,#2259);
#1828=PCURVE('',#3509,#2260);
#1829=PCURVE('',#3509,#2261);
#1830=PCURVE('',#280,#2262);
#1831=PCURVE('',#280,#2263);
#1832=PCURVE('',#280,#2264);
#1833=PCURVE('',#281,#2265);
#1834=PCURVE('',#281,#2266);
#1835=PCURVE('',#281,#2267);
#1836=PCURVE('',#3510,#2268);
#1837=PCURVE('',#3510,#2269);
#1838=PCURVE('',#282,#2270);
#1839=PCURVE('',#282,#2271);
#1840=PCURVE('',#282,#2272);
#1841=PCURVE('',#283,#2273);
#1842=PCURVE('',#283,#2274);
#1843=PCURVE('',#283,#2275);
#1844=PCURVE('',#3511,#2276);
#1845=PCURVE('',#3511,#2277);
#1846=PCURVE('',#284,#2278);
#1847=PCURVE('',#284,#2279);
#1848=PCURVE('',#284,#2280);
#1849=PCURVE('',#285,#2281);
#1850=PCURVE('',#285,#2282);
#1851=PCURVE('',#285,#2283);
#1852=PCURVE('',#3512,#2284);
#1853=PCURVE('',#3512,#2285);
#1854=PCURVE('',#286,#2286);
#1855=PCURVE('',#286,#2287);
#1856=PCURVE('',#286,#2288);
#1857=PCURVE('',#287,#2289);
#1858=PCURVE('',#287,#2290);
#1859=PCURVE('',#287,#2291);
#1860=PCURVE('',#3513,#2292);
#1861=PCURVE('',#3513,#2293);
#1862=PCURVE('',#288,#2294);
#1863=PCURVE('',#288,#2295);
#1864=PCURVE('',#288,#2296);
#1865=PCURVE('',#289,#2297);
#1866=PCURVE('',#289,#2298);
#1867=PCURVE('',#289,#2299);
#1868=PCURVE('',#3514,#2300);
#1869=PCURVE('',#3514,#2301);
#1870=PCURVE('',#290,#2302);
#1871=PCURVE('',#290,#2303);
#1872=PCURVE('',#290,#2304);
#1873=PCURVE('',#291,#2305);
#1874=PCURVE('',#291,#2306);
#1875=PCURVE('',#291,#2307);
#1876=PCURVE('',#3515,#2308);
#1877=PCURVE('',#3515,#2309);
#1878=PCURVE('',#292,#2310);
#1879=PCURVE('',#292,#2311);
#1880=PCURVE('',#292,#2312);
#1881=PCURVE('',#293,#2313);
#1882=PCURVE('',#293,#2314);
#1883=PCURVE('',#293,#2315);
#1884=PCURVE('',#3516,#2316);
#1885=PCURVE('',#3516,#2317);
#1886=PCURVE('',#294,#2318);
#1887=PCURVE('',#294,#2319);
#1888=PCURVE('',#294,#2320);
#1889=PCURVE('',#295,#2321);
#1890=PCURVE('',#295,#2322);
#1891=PCURVE('',#295,#2323);
#1892=PCURVE('',#3517,#2324);
#1893=PCURVE('',#3517,#2325);
#1894=PCURVE('',#296,#2326);
#1895=PCURVE('',#296,#2327);
#1896=PCURVE('',#296,#2328);
#1897=PCURVE('',#297,#2329);
#1898=PCURVE('',#297,#2330);
#1899=PCURVE('',#297,#2331);
#1900=PCURVE('',#3518,#2332);
#1901=PCURVE('',#3518,#2333);
#1902=PCURVE('',#298,#2334);
#1903=PCURVE('',#298,#2335);
#1904=PCURVE('',#298,#2336);
#1905=PCURVE('',#3519,#2337);
#1906=PCURVE('',#3519,#2338);
#1907=PCURVE('',#3519,#2339);
#1908=PCURVE('',#3519,#2340);
#1909=PCURVE('',#3520,#2341);
#1910=PCURVE('',#3520,#2342);
#1911=PCURVE('',#3520,#2343);
#1912=PCURVE('',#3520,#2344);
#1913=PCURVE('',#3521,#2345);
#1914=PCURVE('',#3521,#2346);
#1915=PCURVE('',#3521,#2347);
#1916=PCURVE('',#3521,#2348);
#1917=PCURVE('',#3522,#2349);
#1918=PCURVE('',#3522,#2350);
#1919=PCURVE('',#3522,#2351);
#1920=PCURVE('',#3522,#2352);
#1921=PCURVE('',#3523,#2353);
#1922=PCURVE('',#3523,#2354);
#1923=PCURVE('',#3523,#2355);
#1924=PCURVE('',#3523,#2356);
#1925=PCURVE('',#3524,#2357);
#1926=PCURVE('',#3524,#2358);
#1927=PCURVE('',#3524,#2359);
#1928=PCURVE('',#3524,#2360);
#1929=PCURVE('',#3525,#2361);
#1930=PCURVE('',#3525,#2362);
#1931=PCURVE('',#3525,#2363);
#1932=PCURVE('',#3525,#2364);
#1933=PCURVE('',#3526,#2365);
#1934=PCURVE('',#3526,#2366);
#1935=PCURVE('',#3526,#2367);
#1936=PCURVE('',#3526,#2368);
#1937=PCURVE('',#3527,#2369);
#1938=PCURVE('',#3527,#2370);
#1939=PCURVE('',#3527,#2371);
#1940=PCURVE('',#3527,#2372);
#1941=PCURVE('',#3528,#2373);
#1942=PCURVE('',#3528,#2374);
#1943=PCURVE('',#3528,#2375);
#1944=PCURVE('',#3528,#2376);
#1945=PCURVE('',#3529,#2377);
#1946=PCURVE('',#3529,#2378);
#1947=PCURVE('',#3529,#2379);
#1948=PCURVE('',#3529,#2380);
#1949=PCURVE('',#3530,#2381);
#1950=PCURVE('',#3530,#2382);
#1951=PCURVE('',#3530,#2383);
#1952=PCURVE('',#3530,#2384);
#1953=PCURVE('',#3531,#2385);
#1954=PCURVE('',#3531,#2386);
#1955=PCURVE('',#3531,#2387);
#1956=PCURVE('',#3531,#2388);
#1957=PCURVE('',#3532,#2389);
#1958=PCURVE('',#3532,#2390);
#1959=PCURVE('',#3532,#2391);
#1960=PCURVE('',#3532,#2392);
#1961=PCURVE('',#3533,#2393);
#1962=PCURVE('',#3533,#2394);
#1963=PCURVE('',#3533,#2395);
#1964=PCURVE('',#3533,#2396);
#1965=PCURVE('',#3534,#2397);
#1966=PCURVE('',#3534,#2398);
#1967=PCURVE('',#3534,#2399);
#1968=PCURVE('',#3534,#2400);
#1969=PCURVE('',#3535,#2401);
#1970=PCURVE('',#3535,#2402);
#1971=PCURVE('',#3535,#2403);
#1972=PCURVE('',#3535,#2404);
#1973=PCURVE('',#3536,#2405);
#1974=PCURVE('',#3536,#2406);
#1975=PCURVE('',#3536,#2407);
#1976=PCURVE('',#3536,#2408);
#1977=PCURVE('',#3537,#2409);
#1978=PCURVE('',#3537,#2410);
#1979=PCURVE('',#3537,#2411);
#1980=PCURVE('',#3537,#2412);
#1981=PCURVE('',#3538,#2413);
#1982=PCURVE('',#3538,#2414);
#1983=PCURVE('',#3538,#2415);
#1984=PCURVE('',#3538,#2416);
#1985=PCURVE('',#3539,#2417);
#1986=PCURVE('',#3539,#2418);
#1987=PCURVE('',#3539,#2419);
#1988=PCURVE('',#3539,#2420);
#1989=PCURVE('',#3540,#2421);
#1990=PCURVE('',#3540,#2422);
#1991=PCURVE('',#3540,#2423);
#1992=PCURVE('',#3540,#2424);
#1993=PCURVE('',#3541,#2425);
#1994=PCURVE('',#3541,#2426);
#1995=PCURVE('',#3541,#2427);
#1996=PCURVE('',#3541,#2428);
#1997=PCURVE('',#3542,#2429);
#1998=PCURVE('',#3542,#2430);
#1999=PCURVE('',#3542,#2431);
#2000=PCURVE('',#3542,#2432);
#2001=PCURVE('',#3543,#2433);
#2002=PCURVE('',#3543,#2434);
#2003=PCURVE('',#3543,#2435);
#2004=PCURVE('',#3543,#2436);
#2005=PCURVE('',#3543,#2437);
#2006=PCURVE('',#3543,#2438);
#2007=PCURVE('',#3543,#2439);
#2008=PCURVE('',#3543,#2440);
#2009=PCURVE('',#3543,#2441);
#2010=PCURVE('',#3543,#2442);
#2011=PCURVE('',#3543,#2443);
#2012=PCURVE('',#3543,#2444);
#2013=PCURVE('',#3544,#2445);
#2014=PCURVE('',#3544,#2446);
#2015=PCURVE('',#3544,#2447);
#2016=PCURVE('',#3544,#2448);
#2017=PCURVE('',#3544,#2449);
#2018=PCURVE('',#3544,#2450);
#2019=PCURVE('',#3544,#2451);
#2020=PCURVE('',#3544,#2452);
#2021=PCURVE('',#3544,#2453);
#2022=PCURVE('',#3544,#2454);
#2023=PCURVE('',#3544,#2455);
#2024=PCURVE('',#3544,#2456);
#2025=DEFINITIONAL_REPRESENTATION('',(#2890),#7600);
#2026=DEFINITIONAL_REPRESENTATION('',(#2892),#7600);
#2027=DEFINITIONAL_REPRESENTATION('',(#2894),#7600);
#2028=DEFINITIONAL_REPRESENTATION('',(#2896),#7600);
#2029=DEFINITIONAL_REPRESENTATION('',(#2898),#7600);
#2030=DEFINITIONAL_REPRESENTATION('',(#2900),#7600);
#2031=DEFINITIONAL_REPRESENTATION('',(#2902),#7600);
#2032=DEFINITIONAL_REPRESENTATION('',(#2903),#7600);
#2033=DEFINITIONAL_REPRESENTATION('',(#2905),#7600);
#2034=DEFINITIONAL_REPRESENTATION('',(#2907),#7600);
#2035=DEFINITIONAL_REPRESENTATION('',(#2909),#7600);
#2036=DEFINITIONAL_REPRESENTATION('',(#2910),#7600);
#2037=DEFINITIONAL_REPRESENTATION('',(#2912),#7600);
#2038=DEFINITIONAL_REPRESENTATION('',(#2913),#7600);
#2039=DEFINITIONAL_REPRESENTATION('',(#2915),#7600);
#2040=DEFINITIONAL_REPRESENTATION('',(#2916),#7600);
#2041=DEFINITIONAL_REPRESENTATION('',(#2917),#7600);
#2042=DEFINITIONAL_REPRESENTATION('',(#2918),#7600);
#2043=DEFINITIONAL_REPRESENTATION('',(#2919),#7600);
#2044=DEFINITIONAL_REPRESENTATION('',(#2920),#7600);
#2045=DEFINITIONAL_REPRESENTATION('',(#2921),#7600);
#2046=DEFINITIONAL_REPRESENTATION('',(#2922),#7600);
#2047=DEFINITIONAL_REPRESENTATION('',(#2923),#7600);
#2048=DEFINITIONAL_REPRESENTATION('',(#2924),#7600);
#2049=DEFINITIONAL_REPRESENTATION('',(#2925),#7600);
#2050=DEFINITIONAL_REPRESENTATION('',(#2926),#7600);
#2051=DEFINITIONAL_REPRESENTATION('',(#2927),#7600);
#2052=DEFINITIONAL_REPRESENTATION('',(#14),#7600);
#2053=DEFINITIONAL_REPRESENTATION('',(#16),#7600);
#2054=DEFINITIONAL_REPRESENTATION('',(#2928),#7600);
#2055=DEFINITIONAL_REPRESENTATION('',(#2929),#7600);
#2056=DEFINITIONAL_REPRESENTATION('',(#2930),#7600);
#2057=DEFINITIONAL_REPRESENTATION('',(#2931),#7600);
#2058=DEFINITIONAL_REPRESENTATION('',(#2932),#7600);
#2059=DEFINITIONAL_REPRESENTATION('',(#2933),#7600);
#2060=DEFINITIONAL_REPRESENTATION('',(#20),#7600);
#2061=DEFINITIONAL_REPRESENTATION('',(#22),#7600);
#2062=DEFINITIONAL_REPRESENTATION('',(#2934),#7600);
#2063=DEFINITIONAL_REPRESENTATION('',(#2935),#7600);
#2064=DEFINITIONAL_REPRESENTATION('',(#2936),#7600);
#2065=DEFINITIONAL_REPRESENTATION('',(#2937),#7600);
#2066=DEFINITIONAL_REPRESENTATION('',(#2938),#7600);
#2067=DEFINITIONAL_REPRESENTATION('',(#2939),#7600);
#2068=DEFINITIONAL_REPRESENTATION('',(#26),#7600);
#2069=DEFINITIONAL_REPRESENTATION('',(#28),#7600);
#2070=DEFINITIONAL_REPRESENTATION('',(#2940),#7600);
#2071=DEFINITIONAL_REPRESENTATION('',(#2941),#7600);
#2072=DEFINITIONAL_REPRESENTATION('',(#2942),#7600);
#2073=DEFINITIONAL_REPRESENTATION('',(#2943),#7600);
#2074=DEFINITIONAL_REPRESENTATION('',(#2944),#7600);
#2075=DEFINITIONAL_REPRESENTATION('',(#2945),#7600);
#2076=DEFINITIONAL_REPRESENTATION('',(#32),#7600);
#2077=DEFINITIONAL_REPRESENTATION('',(#34),#7600);
#2078=DEFINITIONAL_REPRESENTATION('',(#2946),#7600);
#2079=DEFINITIONAL_REPRESENTATION('',(#2947),#7600);
#2080=DEFINITIONAL_REPRESENTATION('',(#2948),#7600);
#2081=DEFINITIONAL_REPRESENTATION('',(#2949),#7600);
#2082=DEFINITIONAL_REPRESENTATION('',(#2950),#7600);
#2083=DEFINITIONAL_REPRESENTATION('',(#2951),#7600);
#2084=DEFINITIONAL_REPRESENTATION('',(#38),#7600);
#2085=DEFINITIONAL_REPRESENTATION('',(#40),#7600);
#2086=DEFINITIONAL_REPRESENTATION('',(#2952),#7600);
#2087=DEFINITIONAL_REPRESENTATION('',(#2953),#7600);
#2088=DEFINITIONAL_REPRESENTATION('',(#2954),#7600);
#2089=DEFINITIONAL_REPRESENTATION('',(#2955),#7600);
#2090=DEFINITIONAL_REPRESENTATION('',(#2956),#7600);
#2091=DEFINITIONAL_REPRESENTATION('',(#2957),#7600);
#2092=DEFINITIONAL_REPRESENTATION('',(#44),#7600);
#2093=DEFINITIONAL_REPRESENTATION('',(#46),#7600);
#2094=DEFINITIONAL_REPRESENTATION('',(#2958),#7600);
#2095=DEFINITIONAL_REPRESENTATION('',(#2959),#7600);
#2096=DEFINITIONAL_REPRESENTATION('',(#2960),#7600);
#2097=DEFINITIONAL_REPRESENTATION('',(#2961),#7600);
#2098=DEFINITIONAL_REPRESENTATION('',(#2962),#7600);
#2099=DEFINITIONAL_REPRESENTATION('',(#2963),#7600);
#2100=DEFINITIONAL_REPRESENTATION('',(#50),#7600);
#2101=DEFINITIONAL_REPRESENTATION('',(#52),#7600);
#2102=DEFINITIONAL_REPRESENTATION('',(#2964),#7600);
#2103=DEFINITIONAL_REPRESENTATION('',(#2965),#7600);
#2104=DEFINITIONAL_REPRESENTATION('',(#2966),#7600);
#2105=DEFINITIONAL_REPRESENTATION('',(#2967),#7600);
#2106=DEFINITIONAL_REPRESENTATION('',(#2968),#7600);
#2107=DEFINITIONAL_REPRESENTATION('',(#2969),#7600);
#2108=DEFINITIONAL_REPRESENTATION('',(#56),#7600);
#2109=DEFINITIONAL_REPRESENTATION('',(#58),#7600);
#2110=DEFINITIONAL_REPRESENTATION('',(#2970),#7600);
#2111=DEFINITIONAL_REPRESENTATION('',(#2971),#7600);
#2112=DEFINITIONAL_REPRESENTATION('',(#2972),#7600);
#2113=DEFINITIONAL_REPRESENTATION('',(#2973),#7600);
#2114=DEFINITIONAL_REPRESENTATION('',(#2974),#7600);
#2115=DEFINITIONAL_REPRESENTATION('',(#2975),#7600);
#2116=DEFINITIONAL_REPRESENTATION('',(#62),#7600);
#2117=DEFINITIONAL_REPRESENTATION('',(#64),#7600);
#2118=DEFINITIONAL_REPRESENTATION('',(#2976),#7600);
#2119=DEFINITIONAL_REPRESENTATION('',(#2977),#7600);
#2120=DEFINITIONAL_REPRESENTATION('',(#2978),#7600);
#2121=DEFINITIONAL_REPRESENTATION('',(#2979),#7600);
#2122=DEFINITIONAL_REPRESENTATION('',(#2980),#7600);
#2123=DEFINITIONAL_REPRESENTATION('',(#2981),#7600);
#2124=DEFINITIONAL_REPRESENTATION('',(#68),#7600);
#2125=DEFINITIONAL_REPRESENTATION('',(#70),#7600);
#2126=DEFINITIONAL_REPRESENTATION('',(#2982),#7600);
#2127=DEFINITIONAL_REPRESENTATION('',(#2983),#7600);
#2128=DEFINITIONAL_REPRESENTATION('',(#2984),#7600);
#2129=DEFINITIONAL_REPRESENTATION('',(#2985),#7600);
#2130=DEFINITIONAL_REPRESENTATION('',(#2986),#7600);
#2131=DEFINITIONAL_REPRESENTATION('',(#2987),#7600);
#2132=DEFINITIONAL_REPRESENTATION('',(#74),#7600);
#2133=DEFINITIONAL_REPRESENTATION('',(#76),#7600);
#2134=DEFINITIONAL_REPRESENTATION('',(#2988),#7600);
#2135=DEFINITIONAL_REPRESENTATION('',(#2989),#7600);
#2136=DEFINITIONAL_REPRESENTATION('',(#2990),#7600);
#2137=DEFINITIONAL_REPRESENTATION('',(#2991),#7600);
#2138=DEFINITIONAL_REPRESENTATION('',(#2992),#7600);
#2139=DEFINITIONAL_REPRESENTATION('',(#2993),#7600);
#2140=DEFINITIONAL_REPRESENTATION('',(#80),#7600);
#2141=DEFINITIONAL_REPRESENTATION('',(#82),#7600);
#2142=DEFINITIONAL_REPRESENTATION('',(#2994),#7600);
#2143=DEFINITIONAL_REPRESENTATION('',(#2995),#7600);
#2144=DEFINITIONAL_REPRESENTATION('',(#2996),#7600);
#2145=DEFINITIONAL_REPRESENTATION('',(#2997),#7600);
#2146=DEFINITIONAL_REPRESENTATION('',(#2998),#7600);
#2147=DEFINITIONAL_REPRESENTATION('',(#2999),#7600);
#2148=DEFINITIONAL_REPRESENTATION('',(#86),#7600);
#2149=DEFINITIONAL_REPRESENTATION('',(#88),#7600);
#2150=DEFINITIONAL_REPRESENTATION('',(#3000),#7600);
#2151=DEFINITIONAL_REPRESENTATION('',(#3001),#7600);
#2152=DEFINITIONAL_REPRESENTATION('',(#3002),#7600);
#2153=DEFINITIONAL_REPRESENTATION('',(#3003),#7600);
#2154=DEFINITIONAL_REPRESENTATION('',(#3004),#7600);
#2155=DEFINITIONAL_REPRESENTATION('',(#3005),#7600);
#2156=DEFINITIONAL_REPRESENTATION('',(#92),#7600);
#2157=DEFINITIONAL_REPRESENTATION('',(#94),#7600);
#2158=DEFINITIONAL_REPRESENTATION('',(#3006),#7600);
#2159=DEFINITIONAL_REPRESENTATION('',(#3007),#7600);
#2160=DEFINITIONAL_REPRESENTATION('',(#3008),#7600);
#2161=DEFINITIONAL_REPRESENTATION('',(#3009),#7600);
#2162=DEFINITIONAL_REPRESENTATION('',(#3010),#7600);
#2163=DEFINITIONAL_REPRESENTATION('',(#3011),#7600);
#2164=DEFINITIONAL_REPRESENTATION('',(#98),#7600);
#2165=DEFINITIONAL_REPRESENTATION('',(#100),#7600);
#2166=DEFINITIONAL_REPRESENTATION('',(#3012),#7600);
#2167=DEFINITIONAL_REPRESENTATION('',(#3013),#7600);
#2168=DEFINITIONAL_REPRESENTATION('',(#3014),#7600);
#2169=DEFINITIONAL_REPRESENTATION('',(#3015),#7600);
#2170=DEFINITIONAL_REPRESENTATION('',(#3016),#7600);
#2171=DEFINITIONAL_REPRESENTATION('',(#3017),#7600);
#2172=DEFINITIONAL_REPRESENTATION('',(#104),#7600);
#2173=DEFINITIONAL_REPRESENTATION('',(#106),#7600);
#2174=DEFINITIONAL_REPRESENTATION('',(#3018),#7600);
#2175=DEFINITIONAL_REPRESENTATION('',(#3019),#7600);
#2176=DEFINITIONAL_REPRESENTATION('',(#3020),#7600);
#2177=DEFINITIONAL_REPRESENTATION('',(#3021),#7600);
#2178=DEFINITIONAL_REPRESENTATION('',(#3022),#7600);
#2179=DEFINITIONAL_REPRESENTATION('',(#3023),#7600);
#2180=DEFINITIONAL_REPRESENTATION('',(#110),#7600);
#2181=DEFINITIONAL_REPRESENTATION('',(#112),#7600);
#2182=DEFINITIONAL_REPRESENTATION('',(#3024),#7600);
#2183=DEFINITIONAL_REPRESENTATION('',(#3025),#7600);
#2184=DEFINITIONAL_REPRESENTATION('',(#3026),#7600);
#2185=DEFINITIONAL_REPRESENTATION('',(#3027),#7600);
#2186=DEFINITIONAL_REPRESENTATION('',(#3028),#7600);
#2187=DEFINITIONAL_REPRESENTATION('',(#3029),#7600);
#2188=DEFINITIONAL_REPRESENTATION('',(#116),#7600);
#2189=DEFINITIONAL_REPRESENTATION('',(#118),#7600);
#2190=DEFINITIONAL_REPRESENTATION('',(#3030),#7600);
#2191=DEFINITIONAL_REPRESENTATION('',(#3031),#7600);
#2192=DEFINITIONAL_REPRESENTATION('',(#3032),#7600);
#2193=DEFINITIONAL_REPRESENTATION('',(#3033),#7600);
#2194=DEFINITIONAL_REPRESENTATION('',(#3034),#7600);
#2195=DEFINITIONAL_REPRESENTATION('',(#3035),#7600);
#2196=DEFINITIONAL_REPRESENTATION('',(#122),#7600);
#2197=DEFINITIONAL_REPRESENTATION('',(#124),#7600);
#2198=DEFINITIONAL_REPRESENTATION('',(#3036),#7600);
#2199=DEFINITIONAL_REPRESENTATION('',(#3037),#7600);
#2200=DEFINITIONAL_REPRESENTATION('',(#3038),#7600);
#2201=DEFINITIONAL_REPRESENTATION('',(#3039),#7600);
#2202=DEFINITIONAL_REPRESENTATION('',(#3040),#7600);
#2203=DEFINITIONAL_REPRESENTATION('',(#3041),#7600);
#2204=DEFINITIONAL_REPRESENTATION('',(#128),#7600);
#2205=DEFINITIONAL_REPRESENTATION('',(#130),#7600);
#2206=DEFINITIONAL_REPRESENTATION('',(#3042),#7600);
#2207=DEFINITIONAL_REPRESENTATION('',(#3043),#7600);
#2208=DEFINITIONAL_REPRESENTATION('',(#3044),#7600);
#2209=DEFINITIONAL_REPRESENTATION('',(#3045),#7600);
#2210=DEFINITIONAL_REPRESENTATION('',(#3046),#7600);
#2211=DEFINITIONAL_REPRESENTATION('',(#3047),#7600);
#2212=DEFINITIONAL_REPRESENTATION('',(#134),#7600);
#2213=DEFINITIONAL_REPRESENTATION('',(#136),#7600);
#2214=DEFINITIONAL_REPRESENTATION('',(#3048),#7600);
#2215=DEFINITIONAL_REPRESENTATION('',(#3049),#7600);
#2216=DEFINITIONAL_REPRESENTATION('',(#3050),#7600);
#2217=DEFINITIONAL_REPRESENTATION('',(#3051),#7600);
#2218=DEFINITIONAL_REPRESENTATION('',(#3052),#7600);
#2219=DEFINITIONAL_REPRESENTATION('',(#3053),#7600);
#2220=DEFINITIONAL_REPRESENTATION('',(#140),#7600);
#2221=DEFINITIONAL_REPRESENTATION('',(#142),#7600);
#2222=DEFINITIONAL_REPRESENTATION('',(#3054),#7600);
#2223=DEFINITIONAL_REPRESENTATION('',(#3055),#7600);
#2224=DEFINITIONAL_REPRESENTATION('',(#3056),#7600);
#2225=DEFINITIONAL_REPRESENTATION('',(#3057),#7600);
#2226=DEFINITIONAL_REPRESENTATION('',(#3058),#7600);
#2227=DEFINITIONAL_REPRESENTATION('',(#3059),#7600);
#2228=DEFINITIONAL_REPRESENTATION('',(#146),#7600);
#2229=DEFINITIONAL_REPRESENTATION('',(#148),#7600);
#2230=DEFINITIONAL_REPRESENTATION('',(#3060),#7600);
#2231=DEFINITIONAL_REPRESENTATION('',(#3061),#7600);
#2232=DEFINITIONAL_REPRESENTATION('',(#3062),#7600);
#2233=DEFINITIONAL_REPRESENTATION('',(#3063),#7600);
#2234=DEFINITIONAL_REPRESENTATION('',(#3064),#7600);
#2235=DEFINITIONAL_REPRESENTATION('',(#3065),#7600);
#2236=DEFINITIONAL_REPRESENTATION('',(#152),#7600);
#2237=DEFINITIONAL_REPRESENTATION('',(#154),#7600);
#2238=DEFINITIONAL_REPRESENTATION('',(#3066),#7600);
#2239=DEFINITIONAL_REPRESENTATION('',(#3067),#7600);
#2240=DEFINITIONAL_REPRESENTATION('',(#3068),#7600);
#2241=DEFINITIONAL_REPRESENTATION('',(#3069),#7600);
#2242=DEFINITIONAL_REPRESENTATION('',(#3070),#7600);
#2243=DEFINITIONAL_REPRESENTATION('',(#3071),#7600);
#2244=DEFINITIONAL_REPRESENTATION('',(#158),#7600);
#2245=DEFINITIONAL_REPRESENTATION('',(#160),#7600);
#2246=DEFINITIONAL_REPRESENTATION('',(#3072),#7600);
#2247=DEFINITIONAL_REPRESENTATION('',(#3073),#7600);
#2248=DEFINITIONAL_REPRESENTATION('',(#3074),#7600);
#2249=DEFINITIONAL_REPRESENTATION('',(#3075),#7600);
#2250=DEFINITIONAL_REPRESENTATION('',(#3076),#7600);
#2251=DEFINITIONAL_REPRESENTATION('',(#3077),#7600);
#2252=DEFINITIONAL_REPRESENTATION('',(#164),#7600);
#2253=DEFINITIONAL_REPRESENTATION('',(#166),#7600);
#2254=DEFINITIONAL_REPRESENTATION('',(#3078),#7600);
#2255=DEFINITIONAL_REPRESENTATION('',(#3079),#7600);
#2256=DEFINITIONAL_REPRESENTATION('',(#3080),#7600);
#2257=DEFINITIONAL_REPRESENTATION('',(#3081),#7600);
#2258=DEFINITIONAL_REPRESENTATION('',(#3082),#7600);
#2259=DEFINITIONAL_REPRESENTATION('',(#3083),#7600);
#2260=DEFINITIONAL_REPRESENTATION('',(#170),#7600);
#2261=DEFINITIONAL_REPRESENTATION('',(#172),#7600);
#2262=DEFINITIONAL_REPRESENTATION('',(#3084),#7600);
#2263=DEFINITIONAL_REPRESENTATION('',(#3085),#7600);
#2264=DEFINITIONAL_REPRESENTATION('',(#3086),#7600);
#2265=DEFINITIONAL_REPRESENTATION('',(#3087),#7600);
#2266=DEFINITIONAL_REPRESENTATION('',(#3088),#7600);
#2267=DEFINITIONAL_REPRESENTATION('',(#3089),#7600);
#2268=DEFINITIONAL_REPRESENTATION('',(#176),#7600);
#2269=DEFINITIONAL_REPRESENTATION('',(#178),#7600);
#2270=DEFINITIONAL_REPRESENTATION('',(#3090),#7600);
#2271=DEFINITIONAL_REPRESENTATION('',(#3091),#7600);
#2272=DEFINITIONAL_REPRESENTATION('',(#3092),#7600);
#2273=DEFINITIONAL_REPRESENTATION('',(#3093),#7600);
#2274=DEFINITIONAL_REPRESENTATION('',(#3094),#7600);
#2275=DEFINITIONAL_REPRESENTATION('',(#3095),#7600);
#2276=DEFINITIONAL_REPRESENTATION('',(#182),#7600);
#2277=DEFINITIONAL_REPRESENTATION('',(#184),#7600);
#2278=DEFINITIONAL_REPRESENTATION('',(#3096),#7600);
#2279=DEFINITIONAL_REPRESENTATION('',(#3097),#7600);
#2280=DEFINITIONAL_REPRESENTATION('',(#3098),#7600);
#2281=DEFINITIONAL_REPRESENTATION('',(#3099),#7600);
#2282=DEFINITIONAL_REPRESENTATION('',(#3100),#7600);
#2283=DEFINITIONAL_REPRESENTATION('',(#3101),#7600);
#2284=DEFINITIONAL_REPRESENTATION('',(#188),#7600);
#2285=DEFINITIONAL_REPRESENTATION('',(#190),#7600);
#2286=DEFINITIONAL_REPRESENTATION('',(#3102),#7600);
#2287=DEFINITIONAL_REPRESENTATION('',(#3103),#7600);
#2288=DEFINITIONAL_REPRESENTATION('',(#3104),#7600);
#2289=DEFINITIONAL_REPRESENTATION('',(#3105),#7600);
#2290=DEFINITIONAL_REPRESENTATION('',(#3106),#7600);
#2291=DEFINITIONAL_REPRESENTATION('',(#3107),#7600);
#2292=DEFINITIONAL_REPRESENTATION('',(#194),#7600);
#2293=DEFINITIONAL_REPRESENTATION('',(#196),#7600);
#2294=DEFINITIONAL_REPRESENTATION('',(#3108),#7600);
#2295=DEFINITIONAL_REPRESENTATION('',(#3109),#7600);
#2296=DEFINITIONAL_REPRESENTATION('',(#3110),#7600);
#2297=DEFINITIONAL_REPRESENTATION('',(#3111),#7600);
#2298=DEFINITIONAL_REPRESENTATION('',(#3112),#7600);
#2299=DEFINITIONAL_REPRESENTATION('',(#3113),#7600);
#2300=DEFINITIONAL_REPRESENTATION('',(#200),#7600);
#2301=DEFINITIONAL_REPRESENTATION('',(#202),#7600);
#2302=DEFINITIONAL_REPRESENTATION('',(#3114),#7600);
#2303=DEFINITIONAL_REPRESENTATION('',(#3115),#7600);
#2304=DEFINITIONAL_REPRESENTATION('',(#3116),#7600);
#2305=DEFINITIONAL_REPRESENTATION('',(#3117),#7600);
#2306=DEFINITIONAL_REPRESENTATION('',(#3118),#7600);
#2307=DEFINITIONAL_REPRESENTATION('',(#3119),#7600);
#2308=DEFINITIONAL_REPRESENTATION('',(#206),#7600);
#2309=DEFINITIONAL_REPRESENTATION('',(#208),#7600);
#2310=DEFINITIONAL_REPRESENTATION('',(#3120),#7600);
#2311=DEFINITIONAL_REPRESENTATION('',(#3121),#7600);
#2312=DEFINITIONAL_REPRESENTATION('',(#3122),#7600);
#2313=DEFINITIONAL_REPRESENTATION('',(#3123),#7600);
#2314=DEFINITIONAL_REPRESENTATION('',(#3124),#7600);
#2315=DEFINITIONAL_REPRESENTATION('',(#3125),#7600);
#2316=DEFINITIONAL_REPRESENTATION('',(#212),#7600);
#2317=DEFINITIONAL_REPRESENTATION('',(#214),#7600);
#2318=DEFINITIONAL_REPRESENTATION('',(#3126),#7600);
#2319=DEFINITIONAL_REPRESENTATION('',(#3127),#7600);
#2320=DEFINITIONAL_REPRESENTATION('',(#3128),#7600);
#2321=DEFINITIONAL_REPRESENTATION('',(#3129),#7600);
#2322=DEFINITIONAL_REPRESENTATION('',(#3130),#7600);
#2323=DEFINITIONAL_REPRESENTATION('',(#3131),#7600);
#2324=DEFINITIONAL_REPRESENTATION('',(#218),#7600);
#2325=DEFINITIONAL_REPRESENTATION('',(#220),#7600);
#2326=DEFINITIONAL_REPRESENTATION('',(#3132),#7600);
#2327=DEFINITIONAL_REPRESENTATION('',(#3133),#7600);
#2328=DEFINITIONAL_REPRESENTATION('',(#3134),#7600);
#2329=DEFINITIONAL_REPRESENTATION('',(#3135),#7600);
#2330=DEFINITIONAL_REPRESENTATION('',(#3136),#7600);
#2331=DEFINITIONAL_REPRESENTATION('',(#3137),#7600);
#2332=DEFINITIONAL_REPRESENTATION('',(#224),#7600);
#2333=DEFINITIONAL_REPRESENTATION('',(#226),#7600);
#2334=DEFINITIONAL_REPRESENTATION('',(#3138),#7600);
#2335=DEFINITIONAL_REPRESENTATION('',(#3139),#7600);
#2336=DEFINITIONAL_REPRESENTATION('',(#3140),#7600);
#2337=DEFINITIONAL_REPRESENTATION('',(#3142),#7600);
#2338=DEFINITIONAL_REPRESENTATION('',(#3144),#7600);
#2339=DEFINITIONAL_REPRESENTATION('',(#3146),#7600);
#2340=DEFINITIONAL_REPRESENTATION('',(#3148),#7600);
#2341=DEFINITIONAL_REPRESENTATION('',(#3150),#7600);
#2342=DEFINITIONAL_REPRESENTATION('',(#3152),#7600);
#2343=DEFINITIONAL_REPRESENTATION('',(#3154),#7600);
#2344=DEFINITIONAL_REPRESENTATION('',(#3155),#7600);
#2345=DEFINITIONAL_REPRESENTATION('',(#3157),#7600);
#2346=DEFINITIONAL_REPRESENTATION('',(#3159),#7600);
#2347=DEFINITIONAL_REPRESENTATION('',(#3161),#7600);
#2348=DEFINITIONAL_REPRESENTATION('',(#3162),#7600);
#2349=DEFINITIONAL_REPRESENTATION('',(#3164),#7600);
#2350=DEFINITIONAL_REPRESENTATION('',(#3165),#7600);
#2351=DEFINITIONAL_REPRESENTATION('',(#3167),#7600);
#2352=DEFINITIONAL_REPRESENTATION('',(#3168),#7600);
#2353=DEFINITIONAL_REPRESENTATION('',(#3169),#7600);
#2354=DEFINITIONAL_REPRESENTATION('',(#3170),#7600);
#2355=DEFINITIONAL_REPRESENTATION('',(#3171),#7600);
#2356=DEFINITIONAL_REPRESENTATION('',(#3172),#7600);
#2357=DEFINITIONAL_REPRESENTATION('',(#3173),#7600);
#2358=DEFINITIONAL_REPRESENTATION('',(#3174),#7600);
#2359=DEFINITIONAL_REPRESENTATION('',(#3175),#7600);
#2360=DEFINITIONAL_REPRESENTATION('',(#3176),#7600);
#2361=DEFINITIONAL_REPRESENTATION('',(#3178),#7600);
#2362=DEFINITIONAL_REPRESENTATION('',(#3180),#7600);
#2363=DEFINITIONAL_REPRESENTATION('',(#3182),#7600);
#2364=DEFINITIONAL_REPRESENTATION('',(#3184),#7600);
#2365=DEFINITIONAL_REPRESENTATION('',(#3186),#7600);
#2366=DEFINITIONAL_REPRESENTATION('',(#3188),#7600);
#2367=DEFINITIONAL_REPRESENTATION('',(#3190),#7600);
#2368=DEFINITIONAL_REPRESENTATION('',(#3191),#7600);
#2369=DEFINITIONAL_REPRESENTATION('',(#3193),#7600);
#2370=DEFINITIONAL_REPRESENTATION('',(#3195),#7600);
#2371=DEFINITIONAL_REPRESENTATION('',(#3197),#7600);
#2372=DEFINITIONAL_REPRESENTATION('',(#3198),#7600);
#2373=DEFINITIONAL_REPRESENTATION('',(#3200),#7600);
#2374=DEFINITIONAL_REPRESENTATION('',(#3201),#7600);
#2375=DEFINITIONAL_REPRESENTATION('',(#3203),#7600);
#2376=DEFINITIONAL_REPRESENTATION('',(#3204),#7600);
#2377=DEFINITIONAL_REPRESENTATION('',(#3205),#7600);
#2378=DEFINITIONAL_REPRESENTATION('',(#3206),#7600);
#2379=DEFINITIONAL_REPRESENTATION('',(#3207),#7600);
#2380=DEFINITIONAL_REPRESENTATION('',(#3208),#7600);
#2381=DEFINITIONAL_REPRESENTATION('',(#3209),#7600);
#2382=DEFINITIONAL_REPRESENTATION('',(#3210),#7600);
#2383=DEFINITIONAL_REPRESENTATION('',(#3211),#7600);
#2384=DEFINITIONAL_REPRESENTATION('',(#3212),#7600);
#2385=DEFINITIONAL_REPRESENTATION('',(#3214),#7600);
#2386=DEFINITIONAL_REPRESENTATION('',(#3216),#7600);
#2387=DEFINITIONAL_REPRESENTATION('',(#3218),#7600);
#2388=DEFINITIONAL_REPRESENTATION('',(#3220),#7600);
#2389=DEFINITIONAL_REPRESENTATION('',(#3222),#7600);
#2390=DEFINITIONAL_REPRESENTATION('',(#3224),#7600);
#2391=DEFINITIONAL_REPRESENTATION('',(#3226),#7600);
#2392=DEFINITIONAL_REPRESENTATION('',(#3227),#7600);
#2393=DEFINITIONAL_REPRESENTATION('',(#3229),#7600);
#2394=DEFINITIONAL_REPRESENTATION('',(#3231),#7600);
#2395=DEFINITIONAL_REPRESENTATION('',(#3233),#7600);
#2396=DEFINITIONAL_REPRESENTATION('',(#3234),#7600);
#2397=DEFINITIONAL_REPRESENTATION('',(#3236),#7600);
#2398=DEFINITIONAL_REPRESENTATION('',(#3238),#7600);
#2399=DEFINITIONAL_REPRESENTATION('',(#3240),#7600);
#2400=DEFINITIONAL_REPRESENTATION('',(#3241),#7600);
#2401=DEFINITIONAL_REPRESENTATION('',(#3243),#7600);
#2402=DEFINITIONAL_REPRESENTATION('',(#3245),#7600);
#2403=DEFINITIONAL_REPRESENTATION('',(#3247),#7600);
#2404=DEFINITIONAL_REPRESENTATION('',(#3248),#7600);
#2405=DEFINITIONAL_REPRESENTATION('',(#3250),#7600);
#2406=DEFINITIONAL_REPRESENTATION('',(#3252),#7600);
#2407=DEFINITIONAL_REPRESENTATION('',(#3254),#7600);
#2408=DEFINITIONAL_REPRESENTATION('',(#3255),#7600);
#2409=DEFINITIONAL_REPRESENTATION('',(#3257),#7600);
#2410=DEFINITIONAL_REPRESENTATION('',(#3259),#7600);
#2411=DEFINITIONAL_REPRESENTATION('',(#3261),#7600);
#2412=DEFINITIONAL_REPRESENTATION('',(#3262),#7600);
#2413=DEFINITIONAL_REPRESENTATION('',(#3264),#7600);
#2414=DEFINITIONAL_REPRESENTATION('',(#3266),#7600);
#2415=DEFINITIONAL_REPRESENTATION('',(#3268),#7600);
#2416=DEFINITIONAL_REPRESENTATION('',(#3269),#7600);
#2417=DEFINITIONAL_REPRESENTATION('',(#3271),#7600);
#2418=DEFINITIONAL_REPRESENTATION('',(#3273),#7600);
#2419=DEFINITIONAL_REPRESENTATION('',(#3275),#7600);
#2420=DEFINITIONAL_REPRESENTATION('',(#3276),#7600);
#2421=DEFINITIONAL_REPRESENTATION('',(#3278),#7600);
#2422=DEFINITIONAL_REPRESENTATION('',(#3280),#7600);
#2423=DEFINITIONAL_REPRESENTATION('',(#3282),#7600);
#2424=DEFINITIONAL_REPRESENTATION('',(#3283),#7600);
#2425=DEFINITIONAL_REPRESENTATION('',(#3285),#7600);
#2426=DEFINITIONAL_REPRESENTATION('',(#3287),#7600);
#2427=DEFINITIONAL_REPRESENTATION('',(#3289),#7600);
#2428=DEFINITIONAL_REPRESENTATION('',(#3290),#7600);
#2429=DEFINITIONAL_REPRESENTATION('',(#3292),#7600);
#2430=DEFINITIONAL_REPRESENTATION('',(#3293),#7600);
#2431=DEFINITIONAL_REPRESENTATION('',(#3295),#7600);
#2432=DEFINITIONAL_REPRESENTATION('',(#3296),#7600);
#2433=DEFINITIONAL_REPRESENTATION('',(#3297),#7600);
#2434=DEFINITIONAL_REPRESENTATION('',(#3298),#7600);
#2435=DEFINITIONAL_REPRESENTATION('',(#3299),#7600);
#2436=DEFINITIONAL_REPRESENTATION('',(#3300),#7600);
#2437=DEFINITIONAL_REPRESENTATION('',(#3301),#7600);
#2438=DEFINITIONAL_REPRESENTATION('',(#3302),#7600);
#2439=DEFINITIONAL_REPRESENTATION('',(#3303),#7600);
#2440=DEFINITIONAL_REPRESENTATION('',(#3304),#7600);
#2441=DEFINITIONAL_REPRESENTATION('',(#3305),#7600);
#2442=DEFINITIONAL_REPRESENTATION('',(#3306),#7600);
#2443=DEFINITIONAL_REPRESENTATION('',(#3307),#7600);
#2444=DEFINITIONAL_REPRESENTATION('',(#3308),#7600);
#2445=DEFINITIONAL_REPRESENTATION('',(#3309),#7600);
#2446=DEFINITIONAL_REPRESENTATION('',(#3310),#7600);
#2447=DEFINITIONAL_REPRESENTATION('',(#3311),#7600);
#2448=DEFINITIONAL_REPRESENTATION('',(#3312),#7600);
#2449=DEFINITIONAL_REPRESENTATION('',(#3313),#7600);
#2450=DEFINITIONAL_REPRESENTATION('',(#3314),#7600);
#2451=DEFINITIONAL_REPRESENTATION('',(#3315),#7600);
#2452=DEFINITIONAL_REPRESENTATION('',(#3316),#7600);
#2453=DEFINITIONAL_REPRESENTATION('',(#3317),#7600);
#2454=DEFINITIONAL_REPRESENTATION('',(#3318),#7600);
#2455=DEFINITIONAL_REPRESENTATION('',(#3319),#7600);
#2456=DEFINITIONAL_REPRESENTATION('',(#3320),#7600);
#2457=SURFACE_CURVE('',#2889,(#1593,#1612),.PCURVE_S1.);
#2458=SURFACE_CURVE('',#2891,(#1594,#1600),.PCURVE_S1.);
#2459=SURFACE_CURVE('',#2893,(#1595,#1613),.PCURVE_S1.);
#2460=SURFACE_CURVE('',#2895,(#1596,#1606),.PCURVE_S1.);
#2461=SURFACE_CURVE('',#2897,(#1597,#1611),.PCURVE_S1.);
#2462=SURFACE_CURVE('',#2899,(#1598,#1604),.PCURVE_S1.);
#2463=SURFACE_CURVE('',#2901,(#1599,#1614),.PCURVE_S1.);
#2464=SURFACE_CURVE('',#2904,(#1601,#1610),.PCURVE_S1.);
#2465=SURFACE_CURVE('',#2906,(#1602,#1608),.PCURVE_S1.);
#2466=SURFACE_CURVE('',#2908,(#1603,#1615),.PCURVE_S1.);
#2467=SURFACE_CURVE('',#2911,(#1605,#1609),.PCURVE_S1.);
#2468=SURFACE_CURVE('',#2914,(#1607,#1616),.PCURVE_S1.);
#2469=SURFACE_CURVE('',#11,(#1617,#1624),.PCURVE_S1.);
#2470=SURFACE_CURVE('',#12,(#1618,#1620),.PCURVE_S1.);
#2471=SURFACE_CURVE('',#13,(#1619,#1622),.PCURVE_S1.);
#2472=SURFACE_CURVE('',#15,(#1621,#1623),.PCURVE_S1.);
#2473=SURFACE_CURVE('',#17,(#1625,#1632),.PCURVE_S1.);
#2474=SURFACE_CURVE('',#18,(#1626,#1628),.PCURVE_S1.);
#2475=SURFACE_CURVE('',#19,(#1627,#1630),.PCURVE_S1.);
#2476=SURFACE_CURVE('',#21,(#1629,#1631),.PCURVE_S1.);
#2477=SURFACE_CURVE('',#23,(#1633,#1640),.PCURVE_S1.);
#2478=SURFACE_CURVE('',#24,(#1634,#1636),.PCURVE_S1.);
#2479=SURFACE_CURVE('',#25,(#1635,#1638),.PCURVE_S1.);
#2480=SURFACE_CURVE('',#27,(#1637,#1639),.PCURVE_S1.);
#2481=SURFACE_CURVE('',#29,(#1641,#1648),.PCURVE_S1.);
#2482=SURFACE_CURVE('',#30,(#1642,#1644),.PCURVE_S1.);
#2483=SURFACE_CURVE('',#31,(#1643,#1646),.PCURVE_S1.);
#2484=SURFACE_CURVE('',#33,(#1645,#1647),.PCURVE_S1.);
#2485=SURFACE_CURVE('',#35,(#1649,#1656),.PCURVE_S1.);
#2486=SURFACE_CURVE('',#36,(#1650,#1652),.PCURVE_S1.);
#2487=SURFACE_CURVE('',#37,(#1651,#1654),.PCURVE_S1.);
#2488=SURFACE_CURVE('',#39,(#1653,#1655),.PCURVE_S1.);
#2489=SURFACE_CURVE('',#41,(#1657,#1664),.PCURVE_S1.);
#2490=SURFACE_CURVE('',#42,(#1658,#1660),.PCURVE_S1.);
#2491=SURFACE_CURVE('',#43,(#1659,#1662),.PCURVE_S1.);
#2492=SURFACE_CURVE('',#45,(#1661,#1663),.PCURVE_S1.);
#2493=SURFACE_CURVE('',#47,(#1665,#1672),.PCURVE_S1.);
#2494=SURFACE_CURVE('',#48,(#1666,#1668),.PCURVE_S1.);
#2495=SURFACE_CURVE('',#49,(#1667,#1670),.PCURVE_S1.);
#2496=SURFACE_CURVE('',#51,(#1669,#1671),.PCURVE_S1.);
#2497=SURFACE_CURVE('',#53,(#1673,#1680),.PCURVE_S1.);
#2498=SURFACE_CURVE('',#54,(#1674,#1676),.PCURVE_S1.);
#2499=SURFACE_CURVE('',#55,(#1675,#1678),.PCURVE_S1.);
#2500=SURFACE_CURVE('',#57,(#1677,#1679),.PCURVE_S1.);
#2501=SURFACE_CURVE('',#59,(#1681,#1688),.PCURVE_S1.);
#2502=SURFACE_CURVE('',#60,(#1682,#1684),.PCURVE_S1.);
#2503=SURFACE_CURVE('',#61,(#1683,#1686),.PCURVE_S1.);
#2504=SURFACE_CURVE('',#63,(#1685,#1687),.PCURVE_S1.);
#2505=SURFACE_CURVE('',#65,(#1689,#1696),.PCURVE_S1.);
#2506=SURFACE_CURVE('',#66,(#1690,#1692),.PCURVE_S1.);
#2507=SURFACE_CURVE('',#67,(#1691,#1694),.PCURVE_S1.);
#2508=SURFACE_CURVE('',#69,(#1693,#1695),.PCURVE_S1.);
#2509=SURFACE_CURVE('',#71,(#1697,#1704),.PCURVE_S1.);
#2510=SURFACE_CURVE('',#72,(#1698,#1700),.PCURVE_S1.);
#2511=SURFACE_CURVE('',#73,(#1699,#1702),.PCURVE_S1.);
#2512=SURFACE_CURVE('',#75,(#1701,#1703),.PCURVE_S1.);
#2513=SURFACE_CURVE('',#77,(#1705,#1712),.PCURVE_S1.);
#2514=SURFACE_CURVE('',#78,(#1706,#1708),.PCURVE_S1.);
#2515=SURFACE_CURVE('',#79,(#1707,#1710),.PCURVE_S1.);
#2516=SURFACE_CURVE('',#81,(#1709,#1711),.PCURVE_S1.);
#2517=SURFACE_CURVE('',#83,(#1713,#1720),.PCURVE_S1.);
#2518=SURFACE_CURVE('',#84,(#1714,#1716),.PCURVE_S1.);
#2519=SURFACE_CURVE('',#85,(#1715,#1718),.PCURVE_S1.);
#2520=SURFACE_CURVE('',#87,(#1717,#1719),.PCURVE_S1.);
#2521=SURFACE_CURVE('',#89,(#1721,#1728),.PCURVE_S1.);
#2522=SURFACE_CURVE('',#90,(#1722,#1724),.PCURVE_S1.);
#2523=SURFACE_CURVE('',#91,(#1723,#1726),.PCURVE_S1.);
#2524=SURFACE_CURVE('',#93,(#1725,#1727),.PCURVE_S1.);
#2525=SURFACE_CURVE('',#95,(#1729,#1736),.PCURVE_S1.);
#2526=SURFACE_CURVE('',#96,(#1730,#1732),.PCURVE_S1.);
#2527=SURFACE_CURVE('',#97,(#1731,#1734),.PCURVE_S1.);
#2528=SURFACE_CURVE('',#99,(#1733,#1735),.PCURVE_S1.);
#2529=SURFACE_CURVE('',#101,(#1737,#1744),.PCURVE_S1.);
#2530=SURFACE_CURVE('',#102,(#1738,#1740),.PCURVE_S1.);
#2531=SURFACE_CURVE('',#103,(#1739,#1742),.PCURVE_S1.);
#2532=SURFACE_CURVE('',#105,(#1741,#1743),.PCURVE_S1.);
#2533=SURFACE_CURVE('',#107,(#1745,#1752),.PCURVE_S1.);
#2534=SURFACE_CURVE('',#108,(#1746,#1748),.PCURVE_S1.);
#2535=SURFACE_CURVE('',#109,(#1747,#1750),.PCURVE_S1.);
#2536=SURFACE_CURVE('',#111,(#1749,#1751),.PCURVE_S1.);
#2537=SURFACE_CURVE('',#113,(#1753,#1760),.PCURVE_S1.);
#2538=SURFACE_CURVE('',#114,(#1754,#1756),.PCURVE_S1.);
#2539=SURFACE_CURVE('',#115,(#1755,#1758),.PCURVE_S1.);
#2540=SURFACE_CURVE('',#117,(#1757,#1759),.PCURVE_S1.);
#2541=SURFACE_CURVE('',#119,(#1761,#1768),.PCURVE_S1.);
#2542=SURFACE_CURVE('',#120,(#1762,#1764),.PCURVE_S1.);
#2543=SURFACE_CURVE('',#121,(#1763,#1766),.PCURVE_S1.);
#2544=SURFACE_CURVE('',#123,(#1765,#1767),.PCURVE_S1.);
#2545=SURFACE_CURVE('',#125,(#1769,#1776),.PCURVE_S1.);
#2546=SURFACE_CURVE('',#126,(#1770,#1772),.PCURVE_S1.);
#2547=SURFACE_CURVE('',#127,(#1771,#1774),.PCURVE_S1.);
#2548=SURFACE_CURVE('',#129,(#1773,#1775),.PCURVE_S1.);
#2549=SURFACE_CURVE('',#131,(#1777,#1784),.PCURVE_S1.);
#2550=SURFACE_CURVE('',#132,(#1778,#1780),.PCURVE_S1.);
#2551=SURFACE_CURVE('',#133,(#1779,#1782),.PCURVE_S1.);
#2552=SURFACE_CURVE('',#135,(#1781,#1783),.PCURVE_S1.);
#2553=SURFACE_CURVE('',#137,(#1785,#1792),.PCURVE_S1.);
#2554=SURFACE_CURVE('',#138,(#1786,#1788),.PCURVE_S1.);
#2555=SURFACE_CURVE('',#139,(#1787,#1790),.PCURVE_S1.);
#2556=SURFACE_CURVE('',#141,(#1789,#1791),.PCURVE_S1.);
#2557=SURFACE_CURVE('',#143,(#1793,#1800),.PCURVE_S1.);
#2558=SURFACE_CURVE('',#144,(#1794,#1796),.PCURVE_S1.);
#2559=SURFACE_CURVE('',#145,(#1795,#1798),.PCURVE_S1.);
#2560=SURFACE_CURVE('',#147,(#1797,#1799),.PCURVE_S1.);
#2561=SURFACE_CURVE('',#149,(#1801,#1808),.PCURVE_S1.);
#2562=SURFACE_CURVE('',#150,(#1802,#1804),.PCURVE_S1.);
#2563=SURFACE_CURVE('',#151,(#1803,#1806),.PCURVE_S1.);
#2564=SURFACE_CURVE('',#153,(#1805,#1807),.PCURVE_S1.);
#2565=SURFACE_CURVE('',#155,(#1809,#1816),.PCURVE_S1.);
#2566=SURFACE_CURVE('',#156,(#1810,#1812),.PCURVE_S1.);
#2567=SURFACE_CURVE('',#157,(#1811,#1814),.PCURVE_S1.);
#2568=SURFACE_CURVE('',#159,(#1813,#1815),.PCURVE_S1.);
#2569=SURFACE_CURVE('',#161,(#1817,#1824),.PCURVE_S1.);
#2570=SURFACE_CURVE('',#162,(#1818,#1820),.PCURVE_S1.);
#2571=SURFACE_CURVE('',#163,(#1819,#1822),.PCURVE_S1.);
#2572=SURFACE_CURVE('',#165,(#1821,#1823),.PCURVE_S1.);
#2573=SURFACE_CURVE('',#167,(#1825,#1832),.PCURVE_S1.);
#2574=SURFACE_CURVE('',#168,(#1826,#1828),.PCURVE_S1.);
#2575=SURFACE_CURVE('',#169,(#1827,#1830),.PCURVE_S1.);
#2576=SURFACE_CURVE('',#171,(#1829,#1831),.PCURVE_S1.);
#2577=SURFACE_CURVE('',#173,(#1833,#1840),.PCURVE_S1.);
#2578=SURFACE_CURVE('',#174,(#1834,#1836),.PCURVE_S1.);
#2579=SURFACE_CURVE('',#175,(#1835,#1838),.PCURVE_S1.);
#2580=SURFACE_CURVE('',#177,(#1837,#1839),.PCURVE_S1.);
#2581=SURFACE_CURVE('',#179,(#1841,#1848),.PCURVE_S1.);
#2582=SURFACE_CURVE('',#180,(#1842,#1844),.PCURVE_S1.);
#2583=SURFACE_CURVE('',#181,(#1843,#1846),.PCURVE_S1.);
#2584=SURFACE_CURVE('',#183,(#1845,#1847),.PCURVE_S1.);
#2585=SURFACE_CURVE('',#185,(#1849,#1856),.PCURVE_S1.);
#2586=SURFACE_CURVE('',#186,(#1850,#1852),.PCURVE_S1.);
#2587=SURFACE_CURVE('',#187,(#1851,#1854),.PCURVE_S1.);
#2588=SURFACE_CURVE('',#189,(#1853,#1855),.PCURVE_S1.);
#2589=SURFACE_CURVE('',#191,(#1857,#1864),.PCURVE_S1.);
#2590=SURFACE_CURVE('',#192,(#1858,#1860),.PCURVE_S1.);
#2591=SURFACE_CURVE('',#193,(#1859,#1862),.PCURVE_S1.);
#2592=SURFACE_CURVE('',#195,(#1861,#1863),.PCURVE_S1.);
#2593=SURFACE_CURVE('',#197,(#1865,#1872),.PCURVE_S1.);
#2594=SURFACE_CURVE('',#198,(#1866,#1868),.PCURVE_S1.);
#2595=SURFACE_CURVE('',#199,(#1867,#1870),.PCURVE_S1.);
#2596=SURFACE_CURVE('',#201,(#1869,#1871),.PCURVE_S1.);
#2597=SURFACE_CURVE('',#203,(#1873,#1880),.PCURVE_S1.);
#2598=SURFACE_CURVE('',#204,(#1874,#1876),.PCURVE_S1.);
#2599=SURFACE_CURVE('',#205,(#1875,#1878),.PCURVE_S1.);
#2600=SURFACE_CURVE('',#207,(#1877,#1879),.PCURVE_S1.);
#2601=SURFACE_CURVE('',#209,(#1881,#1888),.PCURVE_S1.);
#2602=SURFACE_CURVE('',#210,(#1882,#1884),.PCURVE_S1.);
#2603=SURFACE_CURVE('',#211,(#1883,#1886),.PCURVE_S1.);
#2604=SURFACE_CURVE('',#213,(#1885,#1887),.PCURVE_S1.);
#2605=SURFACE_CURVE('',#215,(#1889,#1896),.PCURVE_S1.);
#2606=SURFACE_CURVE('',#216,(#1890,#1892),.PCURVE_S1.);
#2607=SURFACE_CURVE('',#217,(#1891,#1894),.PCURVE_S1.);
#2608=SURFACE_CURVE('',#219,(#1893,#1895),.PCURVE_S1.);
#2609=SURFACE_CURVE('',#221,(#1897,#1904),.PCURVE_S1.);
#2610=SURFACE_CURVE('',#222,(#1898,#1900),.PCURVE_S1.);
#2611=SURFACE_CURVE('',#223,(#1899,#1902),.PCURVE_S1.);
#2612=SURFACE_CURVE('',#225,(#1901,#1903),.PCURVE_S1.);
#2613=SURFACE_CURVE('',#3141,(#1905,#1924),.PCURVE_S1.);
#2614=SURFACE_CURVE('',#3143,(#1906,#1912),.PCURVE_S1.);
#2615=SURFACE_CURVE('',#3145,(#1907,#1925),.PCURVE_S1.);
#2616=SURFACE_CURVE('',#3147,(#1908,#1918),.PCURVE_S1.);
#2617=SURFACE_CURVE('',#3149,(#1909,#1923),.PCURVE_S1.);
#2618=SURFACE_CURVE('',#3151,(#1910,#1916),.PCURVE_S1.);
#2619=SURFACE_CURVE('',#3153,(#1911,#1926),.PCURVE_S1.);
#2620=SURFACE_CURVE('',#3156,(#1913,#1922),.PCURVE_S1.);
#2621=SURFACE_CURVE('',#3158,(#1914,#1920),.PCURVE_S1.);
#2622=SURFACE_CURVE('',#3160,(#1915,#1927),.PCURVE_S1.);
#2623=SURFACE_CURVE('',#3163,(#1917,#1921),.PCURVE_S1.);
#2624=SURFACE_CURVE('',#3166,(#1919,#1928),.PCURVE_S1.);
#2625=SURFACE_CURVE('',#3177,(#1929,#1948),.PCURVE_S1.);
#2626=SURFACE_CURVE('',#3179,(#1930,#1936),.PCURVE_S1.);
#2627=SURFACE_CURVE('',#3181,(#1931,#1949),.PCURVE_S1.);
#2628=SURFACE_CURVE('',#3183,(#1932,#1942),.PCURVE_S1.);
#2629=SURFACE_CURVE('',#3185,(#1933,#1947),.PCURVE_S1.);
#2630=SURFACE_CURVE('',#3187,(#1934,#1940),.PCURVE_S1.);
#2631=SURFACE_CURVE('',#3189,(#1935,#1950),.PCURVE_S1.);
#2632=SURFACE_CURVE('',#3192,(#1937,#1946),.PCURVE_S1.);
#2633=SURFACE_CURVE('',#3194,(#1938,#1944),.PCURVE_S1.);
#2634=SURFACE_CURVE('',#3196,(#1939,#1951),.PCURVE_S1.);
#2635=SURFACE_CURVE('',#3199,(#1941,#1945),.PCURVE_S1.);
#2636=SURFACE_CURVE('',#3202,(#1943,#1952),.PCURVE_S1.);
#2637=SURFACE_CURVE('',#3213,(#1953,#2012),.PCURVE_S1.);
#2638=SURFACE_CURVE('',#3215,(#1954,#1960),.PCURVE_S1.);
#2639=SURFACE_CURVE('',#3217,(#1955,#2013),.PCURVE_S1.);
#2640=SURFACE_CURVE('',#3219,(#1956,#1998),.PCURVE_S1.);
#2641=SURFACE_CURVE('',#3221,(#1957,#2011),.PCURVE_S1.);
#2642=SURFACE_CURVE('',#3223,(#1958,#1964),.PCURVE_S1.);
#2643=SURFACE_CURVE('',#3225,(#1959,#2014),.PCURVE_S1.);
#2644=SURFACE_CURVE('',#3228,(#1961,#2010),.PCURVE_S1.);
#2645=SURFACE_CURVE('',#3230,(#1962,#1968),.PCURVE_S1.);
#2646=SURFACE_CURVE('',#3232,(#1963,#2015),.PCURVE_S1.);
#2647=SURFACE_CURVE('',#3235,(#1965,#2009),.PCURVE_S1.);
#2648=SURFACE_CURVE('',#3237,(#1966,#1972),.PCURVE_S1.);
#2649=SURFACE_CURVE('',#3239,(#1967,#2016),.PCURVE_S1.);
#2650=SURFACE_CURVE('',#3242,(#1969,#2008),.PCURVE_S1.);
#2651=SURFACE_CURVE('',#3244,(#1970,#1976),.PCURVE_S1.);
#2652=SURFACE_CURVE('',#3246,(#1971,#2017),.PCURVE_S1.);
#2653=SURFACE_CURVE('',#3249,(#1973,#2007),.PCURVE_S1.);
#2654=SURFACE_CURVE('',#3251,(#1974,#1980),.PCURVE_S1.);
#2655=SURFACE_CURVE('',#3253,(#1975,#2018),.PCURVE_S1.);
#2656=SURFACE_CURVE('',#3256,(#1977,#2006),.PCURVE_S1.);
#2657=SURFACE_CURVE('',#3258,(#1978,#1984),.PCURVE_S1.);
#2658=SURFACE_CURVE('',#3260,(#1979,#2019),.PCURVE_S1.);
#2659=SURFACE_CURVE('',#3263,(#1981,#2005),.PCURVE_S1.);
#2660=SURFACE_CURVE('',#3265,(#1982,#1988),.PCURVE_S1.);
#2661=SURFACE_CURVE('',#3267,(#1983,#2020),.PCURVE_S1.);
#2662=SURFACE_CURVE('',#3270,(#1985,#2004),.PCURVE_S1.);
#2663=SURFACE_CURVE('',#3272,(#1986,#1992),.PCURVE_S1.);
#2664=SURFACE_CURVE('',#3274,(#1987,#2021),.PCURVE_S1.);
#2665=SURFACE_CURVE('',#3277,(#1989,#2003),.PCURVE_S1.);
#2666=SURFACE_CURVE('',#3279,(#1990,#1996),.PCURVE_S1.);
#2667=SURFACE_CURVE('',#3281,(#1991,#2022),.PCURVE_S1.);
#2668=SURFACE_CURVE('',#3284,(#1993,#2002),.PCURVE_S1.);
#2669=SURFACE_CURVE('',#3286,(#1994,#2000),.PCURVE_S1.);
#2670=SURFACE_CURVE('',#3288,(#1995,#2023),.PCURVE_S1.);
#2671=SURFACE_CURVE('',#3291,(#1997,#2001),.PCURVE_S1.);
#2672=SURFACE_CURVE('',#3294,(#1999,#2024),.PCURVE_S1.);
#2673=EDGE_CURVE('',#3321,#3322,#2457,.T.);
#2674=EDGE_CURVE('',#3322,#3323,#2458,.T.);
#2675=EDGE_CURVE('',#3323,#3324,#2459,.T.);
#2676=EDGE_CURVE('',#3324,#3321,#2460,.T.);
#2677=EDGE_CURVE('',#3322,#3325,#2461,.T.);
#2678=EDGE_CURVE('',#3325,#3326,#2462,.T.);
#2679=EDGE_CURVE('',#3326,#3323,#2463,.T.);
#2680=EDGE_CURVE('',#3325,#3327,#2464,.T.);
#2681=EDGE_CURVE('',#3327,#3328,#2465,.T.);
#2682=EDGE_CURVE('',#3328,#3326,#2466,.T.);
#2683=EDGE_CURVE('',#3327,#3321,#2467,.T.);
#2684=EDGE_CURVE('',#3324,#3328,#2468,.T.);
#2685=EDGE_CURVE('',#3329,#3331,#2469,.T.);
#2686=EDGE_CURVE('',#3331,#3330,#2470,.T.);
#2687=EDGE_CURVE('',#3330,#3329,#2471,.T.);
#2688=EDGE_CURVE('',#3331,#3330,#2472,.T.);
#2689=EDGE_CURVE('',#3332,#3334,#2473,.T.);
#2690=EDGE_CURVE('',#3334,#3333,#2474,.T.);
#2691=EDGE_CURVE('',#3333,#3332,#2475,.T.);
#2692=EDGE_CURVE('',#3334,#3333,#2476,.T.);
#2693=EDGE_CURVE('',#3335,#3337,#2477,.T.);
#2694=EDGE_CURVE('',#3337,#3336,#2478,.T.);
#2695=EDGE_CURVE('',#3336,#3335,#2479,.T.);
#2696=EDGE_CURVE('',#3337,#3336,#2480,.T.);
#2697=EDGE_CURVE('',#3338,#3340,#2481,.T.);
#2698=EDGE_CURVE('',#3340,#3339,#2482,.T.);
#2699=EDGE_CURVE('',#3339,#3338,#2483,.T.);
#2700=EDGE_CURVE('',#3340,#3339,#2484,.T.);
#2701=EDGE_CURVE('',#3341,#3343,#2485,.T.);
#2702=EDGE_CURVE('',#3343,#3342,#2486,.T.);
#2703=EDGE_CURVE('',#3342,#3341,#2487,.T.);
#2704=EDGE_CURVE('',#3343,#3342,#2488,.T.);
#2705=EDGE_CURVE('',#3344,#3346,#2489,.T.);
#2706=EDGE_CURVE('',#3346,#3345,#2490,.T.);
#2707=EDGE_CURVE('',#3345,#3344,#2491,.T.);
#2708=EDGE_CURVE('',#3346,#3345,#2492,.T.);
#2709=EDGE_CURVE('',#3347,#3349,#2493,.T.);
#2710=EDGE_CURVE('',#3349,#3348,#2494,.T.);
#2711=EDGE_CURVE('',#3348,#3347,#2495,.T.);
#2712=EDGE_CURVE('',#3349,#3348,#2496,.T.);
#2713=EDGE_CURVE('',#3350,#3352,#2497,.T.);
#2714=EDGE_CURVE('',#3352,#3351,#2498,.T.);
#2715=EDGE_CURVE('',#3351,#3350,#2499,.T.);
#2716=EDGE_CURVE('',#3352,#3351,#2500,.T.);
#2717=EDGE_CURVE('',#3353,#3355,#2501,.T.);
#2718=EDGE_CURVE('',#3355,#3354,#2502,.T.);
#2719=EDGE_CURVE('',#3354,#3353,#2503,.T.);
#2720=EDGE_CURVE('',#3355,#3354,#2504,.T.);
#2721=EDGE_CURVE('',#3356,#3358,#2505,.T.);
#2722=EDGE_CURVE('',#3358,#3357,#2506,.T.);
#2723=EDGE_CURVE('',#3357,#3356,#2507,.T.);
#2724=EDGE_CURVE('',#3358,#3357,#2508,.T.);
#2725=EDGE_CURVE('',#3359,#3361,#2509,.T.);
#2726=EDGE_CURVE('',#3361,#3360,#2510,.T.);
#2727=EDGE_CURVE('',#3360,#3359,#2511,.T.);
#2728=EDGE_CURVE('',#3361,#3360,#2512,.T.);
#2729=EDGE_CURVE('',#3362,#3364,#2513,.T.);
#2730=EDGE_CURVE('',#3364,#3363,#2514,.T.);
#2731=EDGE_CURVE('',#3363,#3362,#2515,.T.);
#2732=EDGE_CURVE('',#3364,#3363,#2516,.T.);
#2733=EDGE_CURVE('',#3365,#3367,#2517,.T.);
#2734=EDGE_CURVE('',#3367,#3366,#2518,.T.);
#2735=EDGE_CURVE('',#3366,#3365,#2519,.T.);
#2736=EDGE_CURVE('',#3367,#3366,#2520,.T.);
#2737=EDGE_CURVE('',#3368,#3370,#2521,.T.);
#2738=EDGE_CURVE('',#3370,#3369,#2522,.T.);
#2739=EDGE_CURVE('',#3369,#3368,#2523,.T.);
#2740=EDGE_CURVE('',#3370,#3369,#2524,.T.);
#2741=EDGE_CURVE('',#3371,#3373,#2525,.T.);
#2742=EDGE_CURVE('',#3373,#3372,#2526,.T.);
#2743=EDGE_CURVE('',#3372,#3371,#2527,.T.);
#2744=EDGE_CURVE('',#3373,#3372,#2528,.T.);
#2745=EDGE_CURVE('',#3374,#3376,#2529,.T.);
#2746=EDGE_CURVE('',#3376,#3375,#2530,.T.);
#2747=EDGE_CURVE('',#3375,#3374,#2531,.T.);
#2748=EDGE_CURVE('',#3376,#3375,#2532,.T.);
#2749=EDGE_CURVE('',#3377,#3379,#2533,.T.);
#2750=EDGE_CURVE('',#3379,#3378,#2534,.T.);
#2751=EDGE_CURVE('',#3378,#3377,#2535,.T.);
#2752=EDGE_CURVE('',#3379,#3378,#2536,.T.);
#2753=EDGE_CURVE('',#3380,#3382,#2537,.T.);
#2754=EDGE_CURVE('',#3382,#3381,#2538,.T.);
#2755=EDGE_CURVE('',#3381,#3380,#2539,.T.);
#2756=EDGE_CURVE('',#3382,#3381,#2540,.T.);
#2757=EDGE_CURVE('',#3383,#3385,#2541,.T.);
#2758=EDGE_CURVE('',#3385,#3384,#2542,.T.);
#2759=EDGE_CURVE('',#3384,#3383,#2543,.T.);
#2760=EDGE_CURVE('',#3385,#3384,#2544,.T.);
#2761=EDGE_CURVE('',#3386,#3388,#2545,.T.);
#2762=EDGE_CURVE('',#3388,#3387,#2546,.T.);
#2763=EDGE_CURVE('',#3387,#3386,#2547,.T.);
#2764=EDGE_CURVE('',#3388,#3387,#2548,.T.);
#2765=EDGE_CURVE('',#3389,#3391,#2549,.T.);
#2766=EDGE_CURVE('',#3391,#3390,#2550,.T.);
#2767=EDGE_CURVE('',#3390,#3389,#2551,.T.);
#2768=EDGE_CURVE('',#3391,#3390,#2552,.T.);
#2769=EDGE_CURVE('',#3392,#3394,#2553,.T.);
#2770=EDGE_CURVE('',#3394,#3393,#2554,.T.);
#2771=EDGE_CURVE('',#3393,#3392,#2555,.T.);
#2772=EDGE_CURVE('',#3394,#3393,#2556,.T.);
#2773=EDGE_CURVE('',#3395,#3397,#2557,.T.);
#2774=EDGE_CURVE('',#3397,#3396,#2558,.T.);
#2775=EDGE_CURVE('',#3396,#3395,#2559,.T.);
#2776=EDGE_CURVE('',#3397,#3396,#2560,.T.);
#2777=EDGE_CURVE('',#3398,#3400,#2561,.T.);
#2778=EDGE_CURVE('',#3400,#3399,#2562,.T.);
#2779=EDGE_CURVE('',#3399,#3398,#2563,.T.);
#2780=EDGE_CURVE('',#3400,#3399,#2564,.T.);
#2781=EDGE_CURVE('',#3401,#3403,#2565,.T.);
#2782=EDGE_CURVE('',#3403,#3402,#2566,.T.);
#2783=EDGE_CURVE('',#3402,#3401,#2567,.T.);
#2784=EDGE_CURVE('',#3403,#3402,#2568,.T.);
#2785=EDGE_CURVE('',#3404,#3406,#2569,.T.);
#2786=EDGE_CURVE('',#3406,#3405,#2570,.T.);
#2787=EDGE_CURVE('',#3405,#3404,#2571,.T.);
#2788=EDGE_CURVE('',#3406,#3405,#2572,.T.);
#2789=EDGE_CURVE('',#3407,#3409,#2573,.T.);
#2790=EDGE_CURVE('',#3409,#3408,#2574,.T.);
#2791=EDGE_CURVE('',#3408,#3407,#2575,.T.);
#2792=EDGE_CURVE('',#3409,#3408,#2576,.T.);
#2793=EDGE_CURVE('',#3410,#3412,#2577,.T.);
#2794=EDGE_CURVE('',#3412,#3411,#2578,.T.);
#2795=EDGE_CURVE('',#3411,#3410,#2579,.T.);
#2796=EDGE_CURVE('',#3412,#3411,#2580,.T.);
#2797=EDGE_CURVE('',#3413,#3415,#2581,.T.);
#2798=EDGE_CURVE('',#3415,#3414,#2582,.T.);
#2799=EDGE_CURVE('',#3414,#3413,#2583,.T.);
#2800=EDGE_CURVE('',#3415,#3414,#2584,.T.);
#2801=EDGE_CURVE('',#3416,#3418,#2585,.T.);
#2802=EDGE_CURVE('',#3418,#3417,#2586,.T.);
#2803=EDGE_CURVE('',#3417,#3416,#2587,.T.);
#2804=EDGE_CURVE('',#3418,#3417,#2588,.T.);
#2805=EDGE_CURVE('',#3419,#3421,#2589,.T.);
#2806=EDGE_CURVE('',#3421,#3420,#2590,.T.);
#2807=EDGE_CURVE('',#3420,#3419,#2591,.T.);
#2808=EDGE_CURVE('',#3421,#3420,#2592,.T.);
#2809=EDGE_CURVE('',#3422,#3424,#2593,.T.);
#2810=EDGE_CURVE('',#3424,#3423,#2594,.T.);
#2811=EDGE_CURVE('',#3423,#3422,#2595,.T.);
#2812=EDGE_CURVE('',#3424,#3423,#2596,.T.);
#2813=EDGE_CURVE('',#3425,#3427,#2597,.T.);
#2814=EDGE_CURVE('',#3427,#3426,#2598,.T.);
#2815=EDGE_CURVE('',#3426,#3425,#2599,.T.);
#2816=EDGE_CURVE('',#3427,#3426,#2600,.T.);
#2817=EDGE_CURVE('',#3428,#3430,#2601,.T.);
#2818=EDGE_CURVE('',#3430,#3429,#2602,.T.);
#2819=EDGE_CURVE('',#3429,#3428,#2603,.T.);
#2820=EDGE_CURVE('',#3430,#3429,#2604,.T.);
#2821=EDGE_CURVE('',#3431,#3433,#2605,.T.);
#2822=EDGE_CURVE('',#3433,#3432,#2606,.T.);
#2823=EDGE_CURVE('',#3432,#3431,#2607,.T.);
#2824=EDGE_CURVE('',#3433,#3432,#2608,.T.);
#2825=EDGE_CURVE('',#3434,#3436,#2609,.T.);
#2826=EDGE_CURVE('',#3436,#3435,#2610,.T.);
#2827=EDGE_CURVE('',#3435,#3434,#2611,.T.);
#2828=EDGE_CURVE('',#3436,#3435,#2612,.T.);
#2829=EDGE_CURVE('',#3437,#3438,#2613,.T.);
#2830=EDGE_CURVE('',#3438,#3439,#2614,.T.);
#2831=EDGE_CURVE('',#3439,#3440,#2615,.T.);
#2832=EDGE_CURVE('',#3440,#3437,#2616,.T.);
#2833=EDGE_CURVE('',#3438,#3441,#2617,.T.);
#2834=EDGE_CURVE('',#3441,#3442,#2618,.T.);
#2835=EDGE_CURVE('',#3442,#3439,#2619,.T.);
#2836=EDGE_CURVE('',#3441,#3443,#2620,.T.);
#2837=EDGE_CURVE('',#3443,#3444,#2621,.T.);
#2838=EDGE_CURVE('',#3444,#3442,#2622,.T.);
#2839=EDGE_CURVE('',#3443,#3437,#2623,.T.);
#2840=EDGE_CURVE('',#3440,#3444,#2624,.T.);
#2841=EDGE_CURVE('',#3445,#3446,#2625,.T.);
#2842=EDGE_CURVE('',#3446,#3447,#2626,.T.);
#2843=EDGE_CURVE('',#3447,#3448,#2627,.T.);
#2844=EDGE_CURVE('',#3448,#3445,#2628,.T.);
#2845=EDGE_CURVE('',#3446,#3449,#2629,.T.);
#2846=EDGE_CURVE('',#3449,#3450,#2630,.T.);
#2847=EDGE_CURVE('',#3450,#3447,#2631,.T.);
#2848=EDGE_CURVE('',#3449,#3451,#2632,.T.);
#2849=EDGE_CURVE('',#3451,#3452,#2633,.T.);
#2850=EDGE_CURVE('',#3452,#3450,#2634,.T.);
#2851=EDGE_CURVE('',#3451,#3445,#2635,.T.);
#2852=EDGE_CURVE('',#3448,#3452,#2636,.T.);
#2853=EDGE_CURVE('',#3453,#3454,#2637,.T.);
#2854=EDGE_CURVE('',#3454,#3455,#2638,.T.);
#2855=EDGE_CURVE('',#3455,#3456,#2639,.T.);
#2856=EDGE_CURVE('',#3456,#3453,#2640,.T.);
#2857=EDGE_CURVE('',#3454,#3457,#2641,.T.);
#2858=EDGE_CURVE('',#3457,#3458,#2642,.T.);
#2859=EDGE_CURVE('',#3458,#3455,#2643,.T.);
#2860=EDGE_CURVE('',#3457,#3459,#2644,.T.);
#2861=EDGE_CURVE('',#3459,#3460,#2645,.T.);
#2862=EDGE_CURVE('',#3460,#3458,#2646,.T.);
#2863=EDGE_CURVE('',#3459,#3461,#2647,.T.);
#2864=EDGE_CURVE('',#3461,#3462,#2648,.T.);
#2865=EDGE_CURVE('',#3462,#3460,#2649,.T.);
#2866=EDGE_CURVE('',#3461,#3463,#2650,.T.);
#2867=EDGE_CURVE('',#3463,#3464,#2651,.T.);
#2868=EDGE_CURVE('',#3464,#3462,#2652,.T.);
#2869=EDGE_CURVE('',#3463,#3465,#2653,.T.);
#2870=EDGE_CURVE('',#3465,#3466,#2654,.T.);
#2871=EDGE_CURVE('',#3466,#3464,#2655,.T.);
#2872=EDGE_CURVE('',#3465,#3467,#2656,.T.);
#2873=EDGE_CURVE('',#3467,#3468,#2657,.T.);
#2874=EDGE_CURVE('',#3468,#3466,#2658,.T.);
#2875=EDGE_CURVE('',#3467,#3469,#2659,.T.);
#2876=EDGE_CURVE('',#3469,#3470,#2660,.T.);
#2877=EDGE_CURVE('',#3470,#3468,#2661,.T.);
#2878=EDGE_CURVE('',#3469,#3471,#2662,.T.);
#2879=EDGE_CURVE('',#3471,#3472,#2663,.T.);
#2880=EDGE_CURVE('',#3472,#3470,#2664,.T.);
#2881=EDGE_CURVE('',#3471,#3473,#2665,.T.);
#2882=EDGE_CURVE('',#3473,#3474,#2666,.T.);
#2883=EDGE_CURVE('',#3474,#3472,#2667,.T.);
#2884=EDGE_CURVE('',#3473,#3475,#2668,.T.);
#2885=EDGE_CURVE('',#3475,#3476,#2669,.T.);
#2886=EDGE_CURVE('',#3476,#3474,#2670,.T.);
#2887=EDGE_CURVE('',#3475,#3453,#2671,.T.);
#2888=EDGE_CURVE('',#3456,#3476,#2672,.T.);
#2889=B_SPLINE_CURVE_WITH_KNOTS('',1,(#3603,#3604),.UNSPECIFIED.,.F.,.F.,
(2,2),(0.,6.13),.UNSPECIFIED.);
#2890=B_SPLINE_CURVE_WITH_KNOTS('',1,(#3605,#3606),.UNSPECIFIED.,.F.,.F.,
(2,2),(0.,6.13),.UNSPECIFIED.);
#2891=B_SPLINE_CURVE_WITH_KNOTS('',1,(#3607,#3608),.UNSPECIFIED.,.F.,.F.,
(2,2),(0.,0.12),.UNSPECIFIED.);
#2892=B_SPLINE_CURVE_WITH_KNOTS('',1,(#3609,#3610),.UNSPECIFIED.,.F.,.F.,
(2,2),(0.,0.12),.UNSPECIFIED.);
#2893=B_SPLINE_CURVE_WITH_KNOTS('',1,(#3611,#3612),.UNSPECIFIED.,.F.,.F.,
(2,2),(-6.13,0.),.UNSPECIFIED.);
#2894=B_SPLINE_CURVE_WITH_KNOTS('',1,(#3613,#3614),.UNSPECIFIED.,.F.,.F.,
(2,2),(-6.13,0.),.UNSPECIFIED.);
#2895=B_SPLINE_CURVE_WITH_KNOTS('',1,(#3615,#3616),.UNSPECIFIED.,.F.,.F.,
(2,2),(-0.12,0.),.UNSPECIFIED.);
#2896=B_SPLINE_CURVE_WITH_KNOTS('',1,(#3617,#3618),.UNSPECIFIED.,.F.,.F.,
(2,2),(-0.12,0.),.UNSPECIFIED.);
#2897=B_SPLINE_CURVE_WITH_KNOTS('',1,(#3619,#3620),.UNSPECIFIED.,.F.,.F.,
(2,2),(6.13,6.18),.UNSPECIFIED.);
#2898=B_SPLINE_CURVE_WITH_KNOTS('',1,(#3621,#3622),.UNSPECIFIED.,.F.,.F.,
(2,2),(6.13,6.18),.UNSPECIFIED.);
#2899=B_SPLINE_CURVE_WITH_KNOTS('',1,(#3623,#3624),.UNSPECIFIED.,.F.,.F.,
(2,2),(0.,0.12),.UNSPECIFIED.);
#2900=B_SPLINE_CURVE_WITH_KNOTS('',1,(#3625,#3626),.UNSPECIFIED.,.F.,.F.,
(2,2),(0.,0.12),.UNSPECIFIED.);
#2901=B_SPLINE_CURVE_WITH_KNOTS('',1,(#3627,#3628),.UNSPECIFIED.,.F.,.F.,
(2,2),(-6.18,-6.13),.UNSPECIFIED.);
#2902=B_SPLINE_CURVE_WITH_KNOTS('',1,(#3629,#3630),.UNSPECIFIED.,.F.,.F.,
(2,2),(-6.18,-6.13),.UNSPECIFIED.);
#2903=B_SPLINE_CURVE_WITH_KNOTS('',1,(#3631,#3632),.UNSPECIFIED.,.F.,.F.,
(2,2),(0.,0.12),.UNSPECIFIED.);
#2904=B_SPLINE_CURVE_WITH_KNOTS('',1,(#3633,#3634),.UNSPECIFIED.,.F.,.F.,
(2,2),(6.18,12.31),.UNSPECIFIED.);
#2905=B_SPLINE_CURVE_WITH_KNOTS('',1,(#3635,#3636),.UNSPECIFIED.,.F.,.F.,
(2,2),(6.18,12.31),.UNSPECIFIED.);
#2906=B_SPLINE_CURVE_WITH_KNOTS('',1,(#3637,#3638),.UNSPECIFIED.,.F.,.F.,
(2,2),(0.,0.12),.UNSPECIFIED.);
#2907=B_SPLINE_CURVE_WITH_KNOTS('',1,(#3639,#3640),.UNSPECIFIED.,.F.,.F.,
(2,2),(0.,0.12),.UNSPECIFIED.);
#2908=B_SPLINE_CURVE_WITH_KNOTS('',1,(#3641,#3642),.UNSPECIFIED.,.F.,.F.,
(2,2),(-12.31,-6.18),.UNSPECIFIED.);
#2909=B_SPLINE_CURVE_WITH_KNOTS('',1,(#3643,#3644),.UNSPECIFIED.,.F.,.F.,
(2,2),(-12.31,-6.18),.UNSPECIFIED.);
#2910=B_SPLINE_CURVE_WITH_KNOTS('',1,(#3645,#3646),.UNSPECIFIED.,.F.,.F.,
(2,2),(0.,0.12),.UNSPECIFIED.);
#2911=B_SPLINE_CURVE_WITH_KNOTS('',1,(#3647,#3648),.UNSPECIFIED.,.F.,.F.,
(2,2),(12.31,12.36),.UNSPECIFIED.);
#2912=B_SPLINE_CURVE_WITH_KNOTS('',1,(#3649,#3650),.UNSPECIFIED.,.F.,.F.,
(2,2),(12.31,12.36),.UNSPECIFIED.);
#2913=B_SPLINE_CURVE_WITH_KNOTS('',1,(#3651,#3652),.UNSPECIFIED.,.F.,.F.,
(2,2),(-0.12,0.),.UNSPECIFIED.);
#2914=B_SPLINE_CURVE_WITH_KNOTS('',1,(#3653,#3654),.UNSPECIFIED.,.F.,.F.,
(2,2),(-12.36,-12.31),.UNSPECIFIED.);
#2915=B_SPLINE_CURVE_WITH_KNOTS('',1,(#3655,#3656),.UNSPECIFIED.,.F.,.F.,
(2,2),(-12.36,-12.31),.UNSPECIFIED.);
#2916=B_SPLINE_CURVE_WITH_KNOTS('',1,(#3657,#3658),.UNSPECIFIED.,.F.,.F.,
(2,2),(0.,0.12),.UNSPECIFIED.);
#2917=B_SPLINE_CURVE_WITH_KNOTS('',1,(#3659,#3660),.UNSPECIFIED.,.F.,.F.,
(2,2),(12.31,12.36),.UNSPECIFIED.);
#2918=B_SPLINE_CURVE_WITH_KNOTS('',1,(#3661,#3662),.UNSPECIFIED.,.F.,.F.,
(2,2),(6.18,12.31),.UNSPECIFIED.);
#2919=B_SPLINE_CURVE_WITH_KNOTS('',1,(#3663,#3664),.UNSPECIFIED.,.F.,.F.,
(2,2),(6.13,6.18),.UNSPECIFIED.);
#2920=B_SPLINE_CURVE_WITH_KNOTS('',1,(#3665,#3666),.UNSPECIFIED.,.F.,.F.,
(2,2),(0.,6.13),.UNSPECIFIED.);
#2921=B_SPLINE_CURVE_WITH_KNOTS('',1,(#3667,#3668),.UNSPECIFIED.,.F.,.F.,
(2,2),(-6.13,0.),.UNSPECIFIED.);
#2922=B_SPLINE_CURVE_WITH_KNOTS('',1,(#3669,#3670),.UNSPECIFIED.,.F.,.F.,
(2,2),(-6.18,-6.13),.UNSPECIFIED.);
#2923=B_SPLINE_CURVE_WITH_KNOTS('',1,(#3671,#3672),.UNSPECIFIED.,.F.,.F.,
(2,2),(-12.31,-6.18),.UNSPECIFIED.);
#2924=B_SPLINE_CURVE_WITH_KNOTS('',1,(#3673,#3674),.UNSPECIFIED.,.F.,.F.,
(2,2),(-12.36,-12.31),.UNSPECIFIED.);
#2925=B_SPLINE_CURVE_WITH_KNOTS('',1,(#3735,#3736),.UNSPECIFIED.,.F.,.F.,
(2,2),(-0.282743338823081,-1.11022302462516E-16),.UNSPECIFIED.);
#2926=B_SPLINE_CURVE_WITH_KNOTS('',1,(#3742,#3743),.UNSPECIFIED.,.F.,.F.,
(2,2),(-0.565486677646163,0.),.UNSPECIFIED.);
#2927=B_SPLINE_CURVE_WITH_KNOTS('',1,(#3747,#3748),.UNSPECIFIED.,.F.,.F.,
(2,2),(1.11022302462516E-16,0.282743338823081),.UNSPECIFIED.);
#2928=B_SPLINE_CURVE_WITH_KNOTS('',1,(#3764,#3765),.UNSPECIFIED.,.F.,.F.,
(2,2),(1.11022302462516E-16,0.282743338823081),.UNSPECIFIED.);
#2929=B_SPLINE_CURVE_WITH_KNOTS('',1,(#3766,#3767),.UNSPECIFIED.,.F.,.F.,
(2,2),(0.565486677646163,1.13097335529233),.UNSPECIFIED.);
#2930=B_SPLINE_CURVE_WITH_KNOTS('',1,(#3768,#3769),.UNSPECIFIED.,.F.,.F.,
(2,2),(-0.282743338823081,-1.11022302462516E-16),.UNSPECIFIED.);
#2931=B_SPLINE_CURVE_WITH_KNOTS('',1,(#3830,#3831),.UNSPECIFIED.,.F.,.F.,
(2,2),(-0.282743338823081,-1.11022302462516E-16),.UNSPECIFIED.);
#2932=B_SPLINE_CURVE_WITH_KNOTS('',1,(#3837,#3838),.UNSPECIFIED.,.F.,.F.,
(2,2),(-0.565486677646163,0.),.UNSPECIFIED.);
#2933=B_SPLINE_CURVE_WITH_KNOTS('',1,(#3842,#3843),.UNSPECIFIED.,.F.,.F.,
(2,2),(1.11022302462516E-16,0.282743338823081),.UNSPECIFIED.);
#2934=B_SPLINE_CURVE_WITH_KNOTS('',1,(#3859,#3860),.UNSPECIFIED.,.F.,.F.,
(2,2),(1.11022302462516E-16,0.282743338823081),.UNSPECIFIED.);
#2935=B_SPLINE_CURVE_WITH_KNOTS('',1,(#3861,#3862),.UNSPECIFIED.,.F.,.F.,
(2,2),(0.565486677646163,1.13097335529233),.UNSPECIFIED.);
#2936=B_SPLINE_CURVE_WITH_KNOTS('',1,(#3863,#3864),.UNSPECIFIED.,.F.,.F.,
(2,2),(-0.282743338823081,-1.11022302462516E-16),.UNSPECIFIED.);
#2937=B_SPLINE_CURVE_WITH_KNOTS('',1,(#3925,#3926),.UNSPECIFIED.,.F.,.F.,
(2,2),(-0.282743338823081,-1.11022302462516E-16),.UNSPECIFIED.);
#2938=B_SPLINE_CURVE_WITH_KNOTS('',1,(#3932,#3933),.UNSPECIFIED.,.F.,.F.,
(2,2),(-0.565486677646163,0.),.UNSPECIFIED.);
#2939=B_SPLINE_CURVE_WITH_KNOTS('',1,(#3937,#3938),.UNSPECIFIED.,.F.,.F.,
(2,2),(1.11022302462516E-16,0.282743338823081),.UNSPECIFIED.);
#2940=B_SPLINE_CURVE_WITH_KNOTS('',1,(#3954,#3955),.UNSPECIFIED.,.F.,.F.,
(2,2),(1.11022302462516E-16,0.282743338823081),.UNSPECIFIED.);
#2941=B_SPLINE_CURVE_WITH_KNOTS('',1,(#3956,#3957),.UNSPECIFIED.,.F.,.F.,
(2,2),(0.565486677646163,1.13097335529233),.UNSPECIFIED.);
#2942=B_SPLINE_CURVE_WITH_KNOTS('',1,(#3958,#3959),.UNSPECIFIED.,.F.,.F.,
(2,2),(-0.282743338823081,-1.11022302462516E-16),.UNSPECIFIED.);
#2943=B_SPLINE_CURVE_WITH_KNOTS('',1,(#4020,#4021),.UNSPECIFIED.,.F.,.F.,
(2,2),(-0.282743338823081,-1.11022302462516E-16),.UNSPECIFIED.);
#2944=B_SPLINE_CURVE_WITH_KNOTS('',1,(#4027,#4028),.UNSPECIFIED.,.F.,.F.,
(2,2),(-0.565486677646163,0.),.UNSPECIFIED.);
#2945=B_SPLINE_CURVE_WITH_KNOTS('',1,(#4032,#4033),.UNSPECIFIED.,.F.,.F.,
(2,2),(1.11022302462516E-16,0.282743338823081),.UNSPECIFIED.);
#2946=B_SPLINE_CURVE_WITH_KNOTS('',1,(#4049,#4050),.UNSPECIFIED.,.F.,.F.,
(2,2),(1.11022302462516E-16,0.282743338823081),.UNSPECIFIED.);
#2947=B_SPLINE_CURVE_WITH_KNOTS('',1,(#4051,#4052),.UNSPECIFIED.,.F.,.F.,
(2,2),(0.565486677646163,1.13097335529233),.UNSPECIFIED.);
#2948=B_SPLINE_CURVE_WITH_KNOTS('',1,(#4053,#4054),.UNSPECIFIED.,.F.,.F.,
(2,2),(-0.282743338823081,-1.11022302462516E-16),.UNSPECIFIED.);
#2949=B_SPLINE_CURVE_WITH_KNOTS('',1,(#4115,#4116),.UNSPECIFIED.,.F.,.F.,
(2,2),(-0.282743338823081,-1.11022302462516E-16),.UNSPECIFIED.);
#2950=B_SPLINE_CURVE_WITH_KNOTS('',1,(#4122,#4123),.UNSPECIFIED.,.F.,.F.,
(2,2),(-0.565486677646163,0.),.UNSPECIFIED.);
#2951=B_SPLINE_CURVE_WITH_KNOTS('',1,(#4127,#4128),.UNSPECIFIED.,.F.,.F.,
(2,2),(1.11022302462516E-16,0.282743338823081),.UNSPECIFIED.);
#2952=B_SPLINE_CURVE_WITH_KNOTS('',1,(#4144,#4145),.UNSPECIFIED.,.F.,.F.,
(2,2),(1.11022302462516E-16,0.282743338823081),.UNSPECIFIED.);
#2953=B_SPLINE_CURVE_WITH_KNOTS('',1,(#4146,#4147),.UNSPECIFIED.,.F.,.F.,
(2,2),(0.565486677646163,1.13097335529233),.UNSPECIFIED.);
#2954=B_SPLINE_CURVE_WITH_KNOTS('',1,(#4148,#4149),.UNSPECIFIED.,.F.,.F.,
(2,2),(-0.282743338823081,-1.11022302462516E-16),.UNSPECIFIED.);
#2955=B_SPLINE_CURVE_WITH_KNOTS('',1,(#4210,#4211),.UNSPECIFIED.,.F.,.F.,
(2,2),(-0.282743338823081,-1.11022302462516E-16),.UNSPECIFIED.);
#2956=B_SPLINE_CURVE_WITH_KNOTS('',1,(#4217,#4218),.UNSPECIFIED.,.F.,.F.,
(2,2),(-0.565486677646163,0.),.UNSPECIFIED.);
#2957=B_SPLINE_CURVE_WITH_KNOTS('',1,(#4222,#4223),.UNSPECIFIED.,.F.,.F.,
(2,2),(1.11022302462516E-16,0.282743338823081),.UNSPECIFIED.);
#2958=B_SPLINE_CURVE_WITH_KNOTS('',1,(#4239,#4240),.UNSPECIFIED.,.F.,.F.,
(2,2),(1.11022302462516E-16,0.282743338823081),.UNSPECIFIED.);
#2959=B_SPLINE_CURVE_WITH_KNOTS('',1,(#4241,#4242),.UNSPECIFIED.,.F.,.F.,
(2,2),(0.565486677646163,1.13097335529233),.UNSPECIFIED.);
#2960=B_SPLINE_CURVE_WITH_KNOTS('',1,(#4243,#4244),.UNSPECIFIED.,.F.,.F.,
(2,2),(-0.282743338823081,-1.11022302462516E-16),.UNSPECIFIED.);
#2961=B_SPLINE_CURVE_WITH_KNOTS('',1,(#4305,#4306),.UNSPECIFIED.,.F.,.F.,
(2,2),(-0.282743338823081,-1.11022302462516E-16),.UNSPECIFIED.);
#2962=B_SPLINE_CURVE_WITH_KNOTS('',1,(#4312,#4313),.UNSPECIFIED.,.F.,.F.,
(2,2),(-0.565486677646163,0.),.UNSPECIFIED.);
#2963=B_SPLINE_CURVE_WITH_KNOTS('',1,(#4317,#4318),.UNSPECIFIED.,.F.,.F.,
(2,2),(1.11022302462516E-16,0.282743338823081),.UNSPECIFIED.);
#2964=B_SPLINE_CURVE_WITH_KNOTS('',1,(#4334,#4335),.UNSPECIFIED.,.F.,.F.,
(2,2),(1.11022302462516E-16,0.282743338823081),.UNSPECIFIED.);
#2965=B_SPLINE_CURVE_WITH_KNOTS('',1,(#4336,#4337),.UNSPECIFIED.,.F.,.F.,
(2,2),(0.565486677646163,1.13097335529233),.UNSPECIFIED.);
#2966=B_SPLINE_CURVE_WITH_KNOTS('',1,(#4338,#4339),.UNSPECIFIED.,.F.,.F.,
(2,2),(-0.282743338823081,-1.11022302462516E-16),.UNSPECIFIED.);
#2967=B_SPLINE_CURVE_WITH_KNOTS('',1,(#4400,#4401),.UNSPECIFIED.,.F.,.F.,
(2,2),(-0.282743338823081,-1.11022302462516E-16),.UNSPECIFIED.);
#2968=B_SPLINE_CURVE_WITH_KNOTS('',1,(#4407,#4408),.UNSPECIFIED.,.F.,.F.,
(2,2),(-0.565486677646163,0.),.UNSPECIFIED.);
#2969=B_SPLINE_CURVE_WITH_KNOTS('',1,(#4412,#4413),.UNSPECIFIED.,.F.,.F.,
(2,2),(1.11022302462516E-16,0.282743338823081),.UNSPECIFIED.);
#2970=B_SPLINE_CURVE_WITH_KNOTS('',1,(#4429,#4430),.UNSPECIFIED.,.F.,.F.,
(2,2),(1.11022302462516E-16,0.282743338823081),.UNSPECIFIED.);
#2971=B_SPLINE_CURVE_WITH_KNOTS('',1,(#4431,#4432),.UNSPECIFIED.,.F.,.F.,
(2,2),(0.565486677646163,1.13097335529233),.UNSPECIFIED.);
#2972=B_SPLINE_CURVE_WITH_KNOTS('',1,(#4433,#4434),.UNSPECIFIED.,.F.,.F.,
(2,2),(-0.282743338823081,-1.11022302462516E-16),.UNSPECIFIED.);
#2973=B_SPLINE_CURVE_WITH_KNOTS('',1,(#4495,#4496),.UNSPECIFIED.,.F.,.F.,
(2,2),(-0.282743338823081,-1.11022302462516E-16),.UNSPECIFIED.);
#2974=B_SPLINE_CURVE_WITH_KNOTS('',1,(#4502,#4503),.UNSPECIFIED.,.F.,.F.,
(2,2),(-0.565486677646163,0.),.UNSPECIFIED.);
#2975=B_SPLINE_CURVE_WITH_KNOTS('',1,(#4507,#4508),.UNSPECIFIED.,.F.,.F.,
(2,2),(1.11022302462516E-16,0.282743338823081),.UNSPECIFIED.);
#2976=B_SPLINE_CURVE_WITH_KNOTS('',1,(#4524,#4525),.UNSPECIFIED.,.F.,.F.,
(2,2),(1.11022302462516E-16,0.282743338823081),.UNSPECIFIED.);
#2977=B_SPLINE_CURVE_WITH_KNOTS('',1,(#4526,#4527),.UNSPECIFIED.,.F.,.F.,
(2,2),(0.565486677646163,1.13097335529233),.UNSPECIFIED.);
#2978=B_SPLINE_CURVE_WITH_KNOTS('',1,(#4528,#4529),.UNSPECIFIED.,.F.,.F.,
(2,2),(-0.282743338823081,-1.11022302462516E-16),.UNSPECIFIED.);
#2979=B_SPLINE_CURVE_WITH_KNOTS('',1,(#4590,#4591),.UNSPECIFIED.,.F.,.F.,
(2,2),(-0.282743338823081,-1.11022302462516E-16),.UNSPECIFIED.);
#2980=B_SPLINE_CURVE_WITH_KNOTS('',1,(#4597,#4598),.UNSPECIFIED.,.F.,.F.,
(2,2),(-0.565486677646163,0.),.UNSPECIFIED.);
#2981=B_SPLINE_CURVE_WITH_KNOTS('',1,(#4602,#4603),.UNSPECIFIED.,.F.,.F.,
(2,2),(1.11022302462516E-16,0.282743338823081),.UNSPECIFIED.);
#2982=B_SPLINE_CURVE_WITH_KNOTS('',1,(#4619,#4620),.UNSPECIFIED.,.F.,.F.,
(2,2),(1.11022302462516E-16,0.282743338823081),.UNSPECIFIED.);
#2983=B_SPLINE_CURVE_WITH_KNOTS('',1,(#4621,#4622),.UNSPECIFIED.,.F.,.F.,
(2,2),(0.565486677646163,1.13097335529233),.UNSPECIFIED.);
#2984=B_SPLINE_CURVE_WITH_KNOTS('',1,(#4623,#4624),.UNSPECIFIED.,.F.,.F.,
(2,2),(-0.282743338823081,-1.11022302462516E-16),.UNSPECIFIED.);
#2985=B_SPLINE_CURVE_WITH_KNOTS('',1,(#4685,#4686),.UNSPECIFIED.,.F.,.F.,
(2,2),(-0.282743338823081,-1.11022302462516E-16),.UNSPECIFIED.);
#2986=B_SPLINE_CURVE_WITH_KNOTS('',1,(#4692,#4693),.UNSPECIFIED.,.F.,.F.,
(2,2),(-0.565486677646163,0.),.UNSPECIFIED.);
#2987=B_SPLINE_CURVE_WITH_KNOTS('',1,(#4697,#4698),.UNSPECIFIED.,.F.,.F.,
(2,2),(1.11022302462516E-16,0.282743338823081),.UNSPECIFIED.);
#2988=B_SPLINE_CURVE_WITH_KNOTS('',1,(#4714,#4715),.UNSPECIFIED.,.F.,.F.,
(2,2),(1.11022302462516E-16,0.282743338823081),.UNSPECIFIED.);
#2989=B_SPLINE_CURVE_WITH_KNOTS('',1,(#4716,#4717),.UNSPECIFIED.,.F.,.F.,
(2,2),(0.565486677646163,1.13097335529233),.UNSPECIFIED.);
#2990=B_SPLINE_CURVE_WITH_KNOTS('',1,(#4718,#4719),.UNSPECIFIED.,.F.,.F.,
(2,2),(-0.282743338823081,-1.11022302462516E-16),.UNSPECIFIED.);
#2991=B_SPLINE_CURVE_WITH_KNOTS('',1,(#4780,#4781),.UNSPECIFIED.,.F.,.F.,
(2,2),(-0.282743338823081,-1.11022302462516E-16),.UNSPECIFIED.);
#2992=B_SPLINE_CURVE_WITH_KNOTS('',1,(#4787,#4788),.UNSPECIFIED.,.F.,.F.,
(2,2),(-0.565486677646163,0.),.UNSPECIFIED.);
#2993=B_SPLINE_CURVE_WITH_KNOTS('',1,(#4792,#4793),.UNSPECIFIED.,.F.,.F.,
(2,2),(1.11022302462516E-16,0.282743338823081),.UNSPECIFIED.);
#2994=B_SPLINE_CURVE_WITH_KNOTS('',1,(#4809,#4810),.UNSPECIFIED.,.F.,.F.,
(2,2),(1.11022302462516E-16,0.282743338823081),.UNSPECIFIED.);
#2995=B_SPLINE_CURVE_WITH_KNOTS('',1,(#4811,#4812),.UNSPECIFIED.,.F.,.F.,
(2,2),(0.565486677646163,1.13097335529233),.UNSPECIFIED.);
#2996=B_SPLINE_CURVE_WITH_KNOTS('',1,(#4813,#4814),.UNSPECIFIED.,.F.,.F.,
(2,2),(-0.282743338823081,-1.11022302462516E-16),.UNSPECIFIED.);
#2997=B_SPLINE_CURVE_WITH_KNOTS('',1,(#4875,#4876),.UNSPECIFIED.,.F.,.F.,
(2,2),(-0.282743338823081,-1.11022302462516E-16),.UNSPECIFIED.);
#2998=B_SPLINE_CURVE_WITH_KNOTS('',1,(#4882,#4883),.UNSPECIFIED.,.F.,.F.,
(2,2),(-0.565486677646163,0.),.UNSPECIFIED.);
#2999=B_SPLINE_CURVE_WITH_KNOTS('',1,(#4887,#4888),.UNSPECIFIED.,.F.,.F.,
(2,2),(1.11022302462516E-16,0.282743338823081),.UNSPECIFIED.);
#3000=B_SPLINE_CURVE_WITH_KNOTS('',1,(#4904,#4905),.UNSPECIFIED.,.F.,.F.,
(2,2),(1.11022302462516E-16,0.282743338823081),.UNSPECIFIED.);
#3001=B_SPLINE_CURVE_WITH_KNOTS('',1,(#4906,#4907),.UNSPECIFIED.,.F.,.F.,
(2,2),(0.565486677646163,1.13097335529233),.UNSPECIFIED.);
#3002=B_SPLINE_CURVE_WITH_KNOTS('',1,(#4908,#4909),.UNSPECIFIED.,.F.,.F.,
(2,2),(-0.282743338823081,-1.11022302462516E-16),.UNSPECIFIED.);
#3003=B_SPLINE_CURVE_WITH_KNOTS('',1,(#4970,#4971),.UNSPECIFIED.,.F.,.F.,
(2,2),(-0.282743338823081,-1.11022302462516E-16),.UNSPECIFIED.);
#3004=B_SPLINE_CURVE_WITH_KNOTS('',1,(#4977,#4978),.UNSPECIFIED.,.F.,.F.,
(2,2),(-0.565486677646163,0.),.UNSPECIFIED.);
#3005=B_SPLINE_CURVE_WITH_KNOTS('',1,(#4982,#4983),.UNSPECIFIED.,.F.,.F.,
(2,2),(1.11022302462516E-16,0.282743338823081),.UNSPECIFIED.);
#3006=B_SPLINE_CURVE_WITH_KNOTS('',1,(#4999,#5000),.UNSPECIFIED.,.F.,.F.,
(2,2),(1.11022302462516E-16,0.282743338823081),.UNSPECIFIED.);
#3007=B_SPLINE_CURVE_WITH_KNOTS('',1,(#5001,#5002),.UNSPECIFIED.,.F.,.F.,
(2,2),(0.565486677646163,1.13097335529233),.UNSPECIFIED.);
#3008=B_SPLINE_CURVE_WITH_KNOTS('',1,(#5003,#5004),.UNSPECIFIED.,.F.,.F.,
(2,2),(-0.282743338823081,-1.11022302462516E-16),.UNSPECIFIED.);
#3009=B_SPLINE_CURVE_WITH_KNOTS('',1,(#5065,#5066),.UNSPECIFIED.,.F.,.F.,
(2,2),(-0.282743338823081,-1.11022302462516E-16),.UNSPECIFIED.);
#3010=B_SPLINE_CURVE_WITH_KNOTS('',1,(#5072,#5073),.UNSPECIFIED.,.F.,.F.,
(2,2),(-0.565486677646163,0.),.UNSPECIFIED.);
#3011=B_SPLINE_CURVE_WITH_KNOTS('',1,(#5077,#5078),.UNSPECIFIED.,.F.,.F.,
(2,2),(1.11022302462516E-16,0.282743338823081),.UNSPECIFIED.);
#3012=B_SPLINE_CURVE_WITH_KNOTS('',1,(#5094,#5095),.UNSPECIFIED.,.F.,.F.,
(2,2),(1.11022302462516E-16,0.282743338823081),.UNSPECIFIED.);
#3013=B_SPLINE_CURVE_WITH_KNOTS('',1,(#5096,#5097),.UNSPECIFIED.,.F.,.F.,
(2,2),(0.565486677646163,1.13097335529233),.UNSPECIFIED.);
#3014=B_SPLINE_CURVE_WITH_KNOTS('',1,(#5098,#5099),.UNSPECIFIED.,.F.,.F.,
(2,2),(-0.282743338823081,-1.11022302462516E-16),.UNSPECIFIED.);
#3015=B_SPLINE_CURVE_WITH_KNOTS('',1,(#5160,#5161),.UNSPECIFIED.,.F.,.F.,
(2,2),(-0.282743338823081,-1.11022302462516E-16),.UNSPECIFIED.);
#3016=B_SPLINE_CURVE_WITH_KNOTS('',1,(#5167,#5168),.UNSPECIFIED.,.F.,.F.,
(2,2),(-0.565486677646163,0.),.UNSPECIFIED.);
#3017=B_SPLINE_CURVE_WITH_KNOTS('',1,(#5172,#5173),.UNSPECIFIED.,.F.,.F.,
(2,2),(1.11022302462516E-16,0.282743338823081),.UNSPECIFIED.);
#3018=B_SPLINE_CURVE_WITH_KNOTS('',1,(#5189,#5190),.UNSPECIFIED.,.F.,.F.,
(2,2),(1.11022302462516E-16,0.282743338823081),.UNSPECIFIED.);
#3019=B_SPLINE_CURVE_WITH_KNOTS('',1,(#5191,#5192),.UNSPECIFIED.,.F.,.F.,
(2,2),(0.565486677646163,1.13097335529233),.UNSPECIFIED.);
#3020=B_SPLINE_CURVE_WITH_KNOTS('',1,(#5193,#5194),.UNSPECIFIED.,.F.,.F.,
(2,2),(-0.282743338823081,-1.11022302462516E-16),.UNSPECIFIED.);
#3021=B_SPLINE_CURVE_WITH_KNOTS('',1,(#5255,#5256),.UNSPECIFIED.,.F.,.F.,
(2,2),(-0.282743338823081,-1.11022302462516E-16),.UNSPECIFIED.);
#3022=B_SPLINE_CURVE_WITH_KNOTS('',1,(#5262,#5263),.UNSPECIFIED.,.F.,.F.,
(2,2),(-0.565486677646163,0.),.UNSPECIFIED.);
#3023=B_SPLINE_CURVE_WITH_KNOTS('',1,(#5267,#5268),.UNSPECIFIED.,.F.,.F.,
(2,2),(1.11022302462516E-16,0.282743338823081),.UNSPECIFIED.);
#3024=B_SPLINE_CURVE_WITH_KNOTS('',1,(#5284,#5285),.UNSPECIFIED.,.F.,.F.,
(2,2),(1.11022302462516E-16,0.282743338823081),.UNSPECIFIED.);
#3025=B_SPLINE_CURVE_WITH_KNOTS('',1,(#5286,#5287),.UNSPECIFIED.,.F.,.F.,
(2,2),(0.565486677646163,1.13097335529233),.UNSPECIFIED.);
#3026=B_SPLINE_CURVE_WITH_KNOTS('',1,(#5288,#5289),.UNSPECIFIED.,.F.,.F.,
(2,2),(-0.282743338823081,-1.11022302462516E-16),.UNSPECIFIED.);
#3027=B_SPLINE_CURVE_WITH_KNOTS('',1,(#5350,#5351),.UNSPECIFIED.,.F.,.F.,
(2,2),(-0.282743338823081,-1.11022302462516E-16),.UNSPECIFIED.);
#3028=B_SPLINE_CURVE_WITH_KNOTS('',1,(#5357,#5358),.UNSPECIFIED.,.F.,.F.,
(2,2),(-0.565486677646163,0.),.UNSPECIFIED.);
#3029=B_SPLINE_CURVE_WITH_KNOTS('',1,(#5362,#5363),.UNSPECIFIED.,.F.,.F.,
(2,2),(1.11022302462516E-16,0.282743338823081),.UNSPECIFIED.);
#3030=B_SPLINE_CURVE_WITH_KNOTS('',1,(#5379,#5380),.UNSPECIFIED.,.F.,.F.,
(2,2),(1.11022302462516E-16,0.282743338823081),.UNSPECIFIED.);
#3031=B_SPLINE_CURVE_WITH_KNOTS('',1,(#5381,#5382),.UNSPECIFIED.,.F.,.F.,
(2,2),(0.565486677646163,1.13097335529233),.UNSPECIFIED.);
#3032=B_SPLINE_CURVE_WITH_KNOTS('',1,(#5383,#5384),.UNSPECIFIED.,.F.,.F.,
(2,2),(-0.282743338823081,-1.11022302462516E-16),.UNSPECIFIED.);
#3033=B_SPLINE_CURVE_WITH_KNOTS('',1,(#5445,#5446),.UNSPECIFIED.,.F.,.F.,
(2,2),(-0.282743338823081,-1.11022302462516E-16),.UNSPECIFIED.);
#3034=B_SPLINE_CURVE_WITH_KNOTS('',1,(#5452,#5453),.UNSPECIFIED.,.F.,.F.,
(2,2),(-0.565486677646163,0.),.UNSPECIFIED.);
#3035=B_SPLINE_CURVE_WITH_KNOTS('',1,(#5457,#5458),.UNSPECIFIED.,.F.,.F.,
(2,2),(1.11022302462516E-16,0.282743338823081),.UNSPECIFIED.);
#3036=B_SPLINE_CURVE_WITH_KNOTS('',1,(#5474,#5475),.UNSPECIFIED.,.F.,.F.,
(2,2),(1.11022302462516E-16,0.282743338823081),.UNSPECIFIED.);
#3037=B_SPLINE_CURVE_WITH_KNOTS('',1,(#5476,#5477),.UNSPECIFIED.,.F.,.F.,
(2,2),(0.565486677646163,1.13097335529233),.UNSPECIFIED.);
#3038=B_SPLINE_CURVE_WITH_KNOTS('',1,(#5478,#5479),.UNSPECIFIED.,.F.,.F.,
(2,2),(-0.282743338823081,-1.11022302462516E-16),.UNSPECIFIED.);
#3039=B_SPLINE_CURVE_WITH_KNOTS('',1,(#5540,#5541),.UNSPECIFIED.,.F.,.F.,
(2,2),(-0.282743338823081,-1.11022302462516E-16),.UNSPECIFIED.);
#3040=B_SPLINE_CURVE_WITH_KNOTS('',1,(#5547,#5548),.UNSPECIFIED.,.F.,.F.,
(2,2),(-0.565486677646163,0.),.UNSPECIFIED.);
#3041=B_SPLINE_CURVE_WITH_KNOTS('',1,(#5552,#5553),.UNSPECIFIED.,.F.,.F.,
(2,2),(1.11022302462516E-16,0.282743338823081),.UNSPECIFIED.);
#3042=B_SPLINE_CURVE_WITH_KNOTS('',1,(#5569,#5570),.UNSPECIFIED.,.F.,.F.,
(2,2),(1.11022302462516E-16,0.282743338823081),.UNSPECIFIED.);
#3043=B_SPLINE_CURVE_WITH_KNOTS('',1,(#5571,#5572),.UNSPECIFIED.,.F.,.F.,
(2,2),(0.565486677646163,1.13097335529233),.UNSPECIFIED.);
#3044=B_SPLINE_CURVE_WITH_KNOTS('',1,(#5573,#5574),.UNSPECIFIED.,.F.,.F.,
(2,2),(-0.282743338823081,-1.11022302462516E-16),.UNSPECIFIED.);
#3045=B_SPLINE_CURVE_WITH_KNOTS('',1,(#5635,#5636),.UNSPECIFIED.,.F.,.F.,
(2,2),(-0.282743338823081,-1.11022302462516E-16),.UNSPECIFIED.);
#3046=B_SPLINE_CURVE_WITH_KNOTS('',1,(#5642,#5643),.UNSPECIFIED.,.F.,.F.,
(2,2),(-0.565486677646163,0.),.UNSPECIFIED.);
#3047=B_SPLINE_CURVE_WITH_KNOTS('',1,(#5647,#5648),.UNSPECIFIED.,.F.,.F.,
(2,2),(1.11022302462516E-16,0.282743338823081),.UNSPECIFIED.);
#3048=B_SPLINE_CURVE_WITH_KNOTS('',1,(#5664,#5665),.UNSPECIFIED.,.F.,.F.,
(2,2),(1.11022302462516E-16,0.282743338823081),.UNSPECIFIED.);
#3049=B_SPLINE_CURVE_WITH_KNOTS('',1,(#5666,#5667),.UNSPECIFIED.,.F.,.F.,
(2,2),(0.565486677646163,1.13097335529233),.UNSPECIFIED.);
#3050=B_SPLINE_CURVE_WITH_KNOTS('',1,(#5668,#5669),.UNSPECIFIED.,.F.,.F.,
(2,2),(-0.282743338823081,-1.11022302462516E-16),.UNSPECIFIED.);
#3051=B_SPLINE_CURVE_WITH_KNOTS('',1,(#5730,#5731),.UNSPECIFIED.,.F.,.F.,
(2,2),(-0.282743338823081,-1.11022302462516E-16),.UNSPECIFIED.);
#3052=B_SPLINE_CURVE_WITH_KNOTS('',1,(#5737,#5738),.UNSPECIFIED.,.F.,.F.,
(2,2),(-0.565486677646163,0.),.UNSPECIFIED.);
#3053=B_SPLINE_CURVE_WITH_KNOTS('',1,(#5742,#5743),.UNSPECIFIED.,.F.,.F.,
(2,2),(1.11022302462516E-16,0.282743338823081),.UNSPECIFIED.);
#3054=B_SPLINE_CURVE_WITH_KNOTS('',1,(#5759,#5760),.UNSPECIFIED.,.F.,.F.,
(2,2),(1.11022302462516E-16,0.282743338823081),.UNSPECIFIED.);
#3055=B_SPLINE_CURVE_WITH_KNOTS('',1,(#5761,#5762),.UNSPECIFIED.,.F.,.F.,
(2,2),(0.565486677646163,1.13097335529233),.UNSPECIFIED.);
#3056=B_SPLINE_CURVE_WITH_KNOTS('',1,(#5763,#5764),.UNSPECIFIED.,.F.,.F.,
(2,2),(-0.282743338823081,-1.11022302462516E-16),.UNSPECIFIED.);
#3057=B_SPLINE_CURVE_WITH_KNOTS('',1,(#5825,#5826),.UNSPECIFIED.,.F.,.F.,
(2,2),(-0.282743338823081,-1.11022302462516E-16),.UNSPECIFIED.);
#3058=B_SPLINE_CURVE_WITH_KNOTS('',1,(#5832,#5833),.UNSPECIFIED.,.F.,.F.,
(2,2),(-0.565486677646163,0.),.UNSPECIFIED.);
#3059=B_SPLINE_CURVE_WITH_KNOTS('',1,(#5837,#5838),.UNSPECIFIED.,.F.,.F.,
(2,2),(1.11022302462516E-16,0.282743338823081),.UNSPECIFIED.);
#3060=B_SPLINE_CURVE_WITH_KNOTS('',1,(#5854,#5855),.UNSPECIFIED.,.F.,.F.,
(2,2),(1.11022302462516E-16,0.282743338823081),.UNSPECIFIED.);
#3061=B_SPLINE_CURVE_WITH_KNOTS('',1,(#5856,#5857),.UNSPECIFIED.,.F.,.F.,
(2,2),(0.565486677646163,1.13097335529233),.UNSPECIFIED.);
#3062=B_SPLINE_CURVE_WITH_KNOTS('',1,(#5858,#5859),.UNSPECIFIED.,.F.,.F.,
(2,2),(-0.282743338823081,-1.11022302462516E-16),.UNSPECIFIED.);
#3063=B_SPLINE_CURVE_WITH_KNOTS('',1,(#5920,#5921),.UNSPECIFIED.,.F.,.F.,
(2,2),(-0.282743338823081,-1.11022302462516E-16),.UNSPECIFIED.);
#3064=B_SPLINE_CURVE_WITH_KNOTS('',1,(#5927,#5928),.UNSPECIFIED.,.F.,.F.,
(2,2),(-0.565486677646163,0.),.UNSPECIFIED.);
#3065=B_SPLINE_CURVE_WITH_KNOTS('',1,(#5932,#5933),.UNSPECIFIED.,.F.,.F.,
(2,2),(1.11022302462516E-16,0.282743338823081),.UNSPECIFIED.);
#3066=B_SPLINE_CURVE_WITH_KNOTS('',1,(#5949,#5950),.UNSPECIFIED.,.F.,.F.,
(2,2),(1.11022302462516E-16,0.282743338823081),.UNSPECIFIED.);
#3067=B_SPLINE_CURVE_WITH_KNOTS('',1,(#5951,#5952),.UNSPECIFIED.,.F.,.F.,
(2,2),(0.565486677646163,1.13097335529233),.UNSPECIFIED.);
#3068=B_SPLINE_CURVE_WITH_KNOTS('',1,(#5953,#5954),.UNSPECIFIED.,.F.,.F.,
(2,2),(-0.282743338823081,-1.11022302462516E-16),.UNSPECIFIED.);
#3069=B_SPLINE_CURVE_WITH_KNOTS('',1,(#6015,#6016),.UNSPECIFIED.,.F.,.F.,
(2,2),(-0.282743338823081,-1.11022302462516E-16),.UNSPECIFIED.);
#3070=B_SPLINE_CURVE_WITH_KNOTS('',1,(#6022,#6023),.UNSPECIFIED.,.F.,.F.,
(2,2),(-0.565486677646163,0.),.UNSPECIFIED.);
#3071=B_SPLINE_CURVE_WITH_KNOTS('',1,(#6027,#6028),.UNSPECIFIED.,.F.,.F.,
(2,2),(1.11022302462516E-16,0.282743338823081),.UNSPECIFIED.);
#3072=B_SPLINE_CURVE_WITH_KNOTS('',1,(#6044,#6045),.UNSPECIFIED.,.F.,.F.,
(2,2),(1.11022302462516E-16,0.282743338823081),.UNSPECIFIED.);
#3073=B_SPLINE_CURVE_WITH_KNOTS('',1,(#6046,#6047),.UNSPECIFIED.,.F.,.F.,
(2,2),(0.565486677646163,1.13097335529233),.UNSPECIFIED.);
#3074=B_SPLINE_CURVE_WITH_KNOTS('',1,(#6048,#6049),.UNSPECIFIED.,.F.,.F.,
(2,2),(-0.282743338823081,-1.11022302462516E-16),.UNSPECIFIED.);
#3075=B_SPLINE_CURVE_WITH_KNOTS('',1,(#6110,#6111),.UNSPECIFIED.,.F.,.F.,
(2,2),(-0.282743338823081,-1.11022302462516E-16),.UNSPECIFIED.);
#3076=B_SPLINE_CURVE_WITH_KNOTS('',1,(#6117,#6118),.UNSPECIFIED.,.F.,.F.,
(2,2),(-0.565486677646163,0.),.UNSPECIFIED.);
#3077=B_SPLINE_CURVE_WITH_KNOTS('',1,(#6122,#6123),.UNSPECIFIED.,.F.,.F.,
(2,2),(1.11022302462516E-16,0.282743338823081),.UNSPECIFIED.);
#3078=B_SPLINE_CURVE_WITH_KNOTS('',1,(#6139,#6140),.UNSPECIFIED.,.F.,.F.,
(2,2),(1.11022302462516E-16,0.282743338823081),.UNSPECIFIED.);
#3079=B_SPLINE_CURVE_WITH_KNOTS('',1,(#6141,#6142),.UNSPECIFIED.,.F.,.F.,
(2,2),(0.565486677646163,1.13097335529233),.UNSPECIFIED.);
#3080=B_SPLINE_CURVE_WITH_KNOTS('',1,(#6143,#6144),.UNSPECIFIED.,.F.,.F.,
(2,2),(-0.282743338823081,-1.11022302462516E-16),.UNSPECIFIED.);
#3081=B_SPLINE_CURVE_WITH_KNOTS('',1,(#6205,#6206),.UNSPECIFIED.,.F.,.F.,
(2,2),(-0.282743338823081,-1.11022302462516E-16),.UNSPECIFIED.);
#3082=B_SPLINE_CURVE_WITH_KNOTS('',1,(#6212,#6213),.UNSPECIFIED.,.F.,.F.,
(2,2),(-0.565486677646163,0.),.UNSPECIFIED.);
#3083=B_SPLINE_CURVE_WITH_KNOTS('',1,(#6217,#6218),.UNSPECIFIED.,.F.,.F.,
(2,2),(1.11022302462516E-16,0.282743338823081),.UNSPECIFIED.);
#3084=B_SPLINE_CURVE_WITH_KNOTS('',1,(#6234,#6235),.UNSPECIFIED.,.F.,.F.,
(2,2),(1.11022302462516E-16,0.282743338823081),.UNSPECIFIED.);
#3085=B_SPLINE_CURVE_WITH_KNOTS('',1,(#6236,#6237),.UNSPECIFIED.,.F.,.F.,
(2,2),(0.565486677646163,1.13097335529233),.UNSPECIFIED.);
#3086=B_SPLINE_CURVE_WITH_KNOTS('',1,(#6238,#6239),.UNSPECIFIED.,.F.,.F.,
(2,2),(-0.282743338823081,-1.11022302462516E-16),.UNSPECIFIED.);
#3087=B_SPLINE_CURVE_WITH_KNOTS('',1,(#6300,#6301),.UNSPECIFIED.,.F.,.F.,
(2,2),(-0.282743338823081,-1.11022302462516E-16),.UNSPECIFIED.);
#3088=B_SPLINE_CURVE_WITH_KNOTS('',1,(#6307,#6308),.UNSPECIFIED.,.F.,.F.,
(2,2),(-0.565486677646163,0.),.UNSPECIFIED.);
#3089=B_SPLINE_CURVE_WITH_KNOTS('',1,(#6312,#6313),.UNSPECIFIED.,.F.,.F.,
(2,2),(1.11022302462516E-16,0.282743338823081),.UNSPECIFIED.);
#3090=B_SPLINE_CURVE_WITH_KNOTS('',1,(#6329,#6330),.UNSPECIFIED.,.F.,.F.,
(2,2),(1.11022302462516E-16,0.282743338823081),.UNSPECIFIED.);
#3091=B_SPLINE_CURVE_WITH_KNOTS('',1,(#6331,#6332),.UNSPECIFIED.,.F.,.F.,
(2,2),(0.565486677646163,1.13097335529233),.UNSPECIFIED.);
#3092=B_SPLINE_CURVE_WITH_KNOTS('',1,(#6333,#6334),.UNSPECIFIED.,.F.,.F.,
(2,2),(-0.282743338823081,-1.11022302462516E-16),.UNSPECIFIED.);
#3093=B_SPLINE_CURVE_WITH_KNOTS('',1,(#6395,#6396),.UNSPECIFIED.,.F.,.F.,
(2,2),(-0.282743338823081,-1.11022302462516E-16),.UNSPECIFIED.);
#3094=B_SPLINE_CURVE_WITH_KNOTS('',1,(#6402,#6403),.UNSPECIFIED.,.F.,.F.,
(2,2),(-0.565486677646163,0.),.UNSPECIFIED.);
#3095=B_SPLINE_CURVE_WITH_KNOTS('',1,(#6407,#6408),.UNSPECIFIED.,.F.,.F.,
(2,2),(1.11022302462516E-16,0.282743338823081),.UNSPECIFIED.);
#3096=B_SPLINE_CURVE_WITH_KNOTS('',1,(#6424,#6425),.UNSPECIFIED.,.F.,.F.,
(2,2),(1.11022302462516E-16,0.282743338823081),.UNSPECIFIED.);
#3097=B_SPLINE_CURVE_WITH_KNOTS('',1,(#6426,#6427),.UNSPECIFIED.,.F.,.F.,
(2,2),(0.565486677646163,1.13097335529233),.UNSPECIFIED.);
#3098=B_SPLINE_CURVE_WITH_KNOTS('',1,(#6428,#6429),.UNSPECIFIED.,.F.,.F.,
(2,2),(-0.282743338823081,-1.11022302462516E-16),.UNSPECIFIED.);
#3099=B_SPLINE_CURVE_WITH_KNOTS('',1,(#6490,#6491),.UNSPECIFIED.,.F.,.F.,
(2,2),(-0.282743338823081,-1.11022302462516E-16),.UNSPECIFIED.);
#3100=B_SPLINE_CURVE_WITH_KNOTS('',1,(#6497,#6498),.UNSPECIFIED.,.F.,.F.,
(2,2),(-0.565486677646163,0.),.UNSPECIFIED.);
#3101=B_SPLINE_CURVE_WITH_KNOTS('',1,(#6502,#6503),.UNSPECIFIED.,.F.,.F.,
(2,2),(1.11022302462516E-16,0.282743338823081),.UNSPECIFIED.);
#3102=B_SPLINE_CURVE_WITH_KNOTS('',1,(#6519,#6520),.UNSPECIFIED.,.F.,.F.,
(2,2),(1.11022302462516E-16,0.282743338823081),.UNSPECIFIED.);
#3103=B_SPLINE_CURVE_WITH_KNOTS('',1,(#6521,#6522),.UNSPECIFIED.,.F.,.F.,
(2,2),(0.565486677646163,1.13097335529233),.UNSPECIFIED.);
#3104=B_SPLINE_CURVE_WITH_KNOTS('',1,(#6523,#6524),.UNSPECIFIED.,.F.,.F.,
(2,2),(-0.282743338823081,-1.11022302462516E-16),.UNSPECIFIED.);
#3105=B_SPLINE_CURVE_WITH_KNOTS('',1,(#6585,#6586),.UNSPECIFIED.,.F.,.F.,
(2,2),(-0.282743338823081,-1.11022302462516E-16),.UNSPECIFIED.);
#3106=B_SPLINE_CURVE_WITH_KNOTS('',1,(#6592,#6593),.UNSPECIFIED.,.F.,.F.,
(2,2),(-0.565486677646163,0.),.UNSPECIFIED.);
#3107=B_SPLINE_CURVE_WITH_KNOTS('',1,(#6597,#6598),.UNSPECIFIED.,.F.,.F.,
(2,2),(1.11022302462516E-16,0.282743338823081),.UNSPECIFIED.);
#3108=B_SPLINE_CURVE_WITH_KNOTS('',1,(#6614,#6615),.UNSPECIFIED.,.F.,.F.,
(2,2),(1.11022302462516E-16,0.282743338823081),.UNSPECIFIED.);
#3109=B_SPLINE_CURVE_WITH_KNOTS('',1,(#6616,#6617),.UNSPECIFIED.,.F.,.F.,
(2,2),(0.565486677646163,1.13097335529233),.UNSPECIFIED.);
#3110=B_SPLINE_CURVE_WITH_KNOTS('',1,(#6618,#6619),.UNSPECIFIED.,.F.,.F.,
(2,2),(-0.282743338823081,-1.11022302462516E-16),.UNSPECIFIED.);
#3111=B_SPLINE_CURVE_WITH_KNOTS('',1,(#6680,#6681),.UNSPECIFIED.,.F.,.F.,
(2,2),(-0.282743338823081,-1.11022302462516E-16),.UNSPECIFIED.);
#3112=B_SPLINE_CURVE_WITH_KNOTS('',1,(#6687,#6688),.UNSPECIFIED.,.F.,.F.,
(2,2),(-0.565486677646163,0.),.UNSPECIFIED.);
#3113=B_SPLINE_CURVE_WITH_KNOTS('',1,(#6692,#6693),.UNSPECIFIED.,.F.,.F.,
(2,2),(1.11022302462516E-16,0.282743338823081),.UNSPECIFIED.);
#3114=B_SPLINE_CURVE_WITH_KNOTS('',1,(#6709,#6710),.UNSPECIFIED.,.F.,.F.,
(2,2),(1.11022302462516E-16,0.282743338823081),.UNSPECIFIED.);
#3115=B_SPLINE_CURVE_WITH_KNOTS('',1,(#6711,#6712),.UNSPECIFIED.,.F.,.F.,
(2,2),(0.565486677646163,1.13097335529233),.UNSPECIFIED.);
#3116=B_SPLINE_CURVE_WITH_KNOTS('',1,(#6713,#6714),.UNSPECIFIED.,.F.,.F.,
(2,2),(-0.282743338823081,-1.11022302462516E-16),.UNSPECIFIED.);
#3117=B_SPLINE_CURVE_WITH_KNOTS('',1,(#6775,#6776),.UNSPECIFIED.,.F.,.F.,
(2,2),(-0.282743338823081,-1.11022302462516E-16),.UNSPECIFIED.);
#3118=B_SPLINE_CURVE_WITH_KNOTS('',1,(#6782,#6783),.UNSPECIFIED.,.F.,.F.,
(2,2),(-0.565486677646163,0.),.UNSPECIFIED.);
#3119=B_SPLINE_CURVE_WITH_KNOTS('',1,(#6787,#6788),.UNSPECIFIED.,.F.,.F.,
(2,2),(1.11022302462516E-16,0.282743338823081),.UNSPECIFIED.);
#3120=B_SPLINE_CURVE_WITH_KNOTS('',1,(#6804,#6805),.UNSPECIFIED.,.F.,.F.,
(2,2),(1.11022302462516E-16,0.282743338823081),.UNSPECIFIED.);
#3121=B_SPLINE_CURVE_WITH_KNOTS('',1,(#6806,#6807),.UNSPECIFIED.,.F.,.F.,
(2,2),(0.565486677646163,1.13097335529233),.UNSPECIFIED.);
#3122=B_SPLINE_CURVE_WITH_KNOTS('',1,(#6808,#6809),.UNSPECIFIED.,.F.,.F.,
(2,2),(-0.282743338823081,-1.11022302462516E-16),.UNSPECIFIED.);
#3123=B_SPLINE_CURVE_WITH_KNOTS('',1,(#6870,#6871),.UNSPECIFIED.,.F.,.F.,
(2,2),(-0.282743338823081,-1.11022302462516E-16),.UNSPECIFIED.);
#3124=B_SPLINE_CURVE_WITH_KNOTS('',1,(#6877,#6878),.UNSPECIFIED.,.F.,.F.,
(2,2),(-0.565486677646163,0.),.UNSPECIFIED.);
#3125=B_SPLINE_CURVE_WITH_KNOTS('',1,(#6882,#6883),.UNSPECIFIED.,.F.,.F.,
(2,2),(1.11022302462516E-16,0.282743338823081),.UNSPECIFIED.);
#3126=B_SPLINE_CURVE_WITH_KNOTS('',1,(#6899,#6900),.UNSPECIFIED.,.F.,.F.,
(2,2),(1.11022302462516E-16,0.282743338823081),.UNSPECIFIED.);
#3127=B_SPLINE_CURVE_WITH_KNOTS('',1,(#6901,#6902),.UNSPECIFIED.,.F.,.F.,
(2,2),(0.565486677646163,1.13097335529233),.UNSPECIFIED.);
#3128=B_SPLINE_CURVE_WITH_KNOTS('',1,(#6903,#6904),.UNSPECIFIED.,.F.,.F.,
(2,2),(-0.282743338823081,-1.11022302462516E-16),.UNSPECIFIED.);
#3129=B_SPLINE_CURVE_WITH_KNOTS('',1,(#6965,#6966),.UNSPECIFIED.,.F.,.F.,
(2,2),(-0.282743338823081,-1.11022302462516E-16),.UNSPECIFIED.);
#3130=B_SPLINE_CURVE_WITH_KNOTS('',1,(#6972,#6973),.UNSPECIFIED.,.F.,.F.,
(2,2),(-0.565486677646163,0.),.UNSPECIFIED.);
#3131=B_SPLINE_CURVE_WITH_KNOTS('',1,(#6977,#6978),.UNSPECIFIED.,.F.,.F.,
(2,2),(1.11022302462516E-16,0.282743338823081),.UNSPECIFIED.);
#3132=B_SPLINE_CURVE_WITH_KNOTS('',1,(#6994,#6995),.UNSPECIFIED.,.F.,.F.,
(2,2),(1.11022302462516E-16,0.282743338823081),.UNSPECIFIED.);
#3133=B_SPLINE_CURVE_WITH_KNOTS('',1,(#6996,#6997),.UNSPECIFIED.,.F.,.F.,
(2,2),(0.565486677646163,1.13097335529233),.UNSPECIFIED.);
#3134=B_SPLINE_CURVE_WITH_KNOTS('',1,(#6998,#6999),.UNSPECIFIED.,.F.,.F.,
(2,2),(-0.282743338823081,-1.11022302462516E-16),.UNSPECIFIED.);
#3135=B_SPLINE_CURVE_WITH_KNOTS('',1,(#7060,#7061),.UNSPECIFIED.,.F.,.F.,
(2,2),(-0.282743338823081,-1.11022302462516E-16),.UNSPECIFIED.);
#3136=B_SPLINE_CURVE_WITH_KNOTS('',1,(#7067,#7068),.UNSPECIFIED.,.F.,.F.,
(2,2),(-0.565486677646163,0.),.UNSPECIFIED.);
#3137=B_SPLINE_CURVE_WITH_KNOTS('',1,(#7072,#7073),.UNSPECIFIED.,.F.,.F.,
(2,2),(1.11022302462516E-16,0.282743338823081),.UNSPECIFIED.);
#3138=B_SPLINE_CURVE_WITH_KNOTS('',1,(#7089,#7090),.UNSPECIFIED.,.F.,.F.,
(2,2),(1.11022302462516E-16,0.282743338823081),.UNSPECIFIED.);
#3139=B_SPLINE_CURVE_WITH_KNOTS('',1,(#7091,#7092),.UNSPECIFIED.,.F.,.F.,
(2,2),(0.565486677646163,1.13097335529233),.UNSPECIFIED.);
#3140=B_SPLINE_CURVE_WITH_KNOTS('',1,(#7093,#7094),.UNSPECIFIED.,.F.,.F.,
(2,2),(-0.282743338823081,-1.11022302462516E-16),.UNSPECIFIED.);
#3141=B_SPLINE_CURVE_WITH_KNOTS('',1,(#7127,#7128),.UNSPECIFIED.,.F.,.F.,
(2,2),(0.,6.13),.UNSPECIFIED.);
#3142=B_SPLINE_CURVE_WITH_KNOTS('',1,(#7129,#7130),.UNSPECIFIED.,.F.,.F.,
(2,2),(0.,6.13),.UNSPECIFIED.);
#3143=B_SPLINE_CURVE_WITH_KNOTS('',1,(#7131,#7132),.UNSPECIFIED.,.F.,.F.,
(2,2),(0.,0.46),.UNSPECIFIED.);
#3144=B_SPLINE_CURVE_WITH_KNOTS('',1,(#7133,#7134),.UNSPECIFIED.,.F.,.F.,
(2,2),(0.,0.46),.UNSPECIFIED.);
#3145=B_SPLINE_CURVE_WITH_KNOTS('',1,(#7135,#7136),.UNSPECIFIED.,.F.,.F.,
(2,2),(-6.13,0.),.UNSPECIFIED.);
#3146=B_SPLINE_CURVE_WITH_KNOTS('',1,(#7137,#7138),.UNSPECIFIED.,.F.,.F.,
(2,2),(-6.13,0.),.UNSPECIFIED.);
#3147=B_SPLINE_CURVE_WITH_KNOTS('',1,(#7139,#7140),.UNSPECIFIED.,.F.,.F.,
(2,2),(-0.46,0.),.UNSPECIFIED.);
#3148=B_SPLINE_CURVE_WITH_KNOTS('',1,(#7141,#7142),.UNSPECIFIED.,.F.,.F.,
(2,2),(-0.46,0.),.UNSPECIFIED.);
#3149=B_SPLINE_CURVE_WITH_KNOTS('',1,(#7143,#7144),.UNSPECIFIED.,.F.,.F.,
(2,2),(6.13,12.26),.UNSPECIFIED.);
#3150=B_SPLINE_CURVE_WITH_KNOTS('',1,(#7145,#7146),.UNSPECIFIED.,.F.,.F.,
(2,2),(6.13,12.26),.UNSPECIFIED.);
#3151=B_SPLINE_CURVE_WITH_KNOTS('',1,(#7147,#7148),.UNSPECIFIED.,.F.,.F.,
(2,2),(0.,0.46),.UNSPECIFIED.);
#3152=B_SPLINE_CURVE_WITH_KNOTS('',1,(#7149,#7150),.UNSPECIFIED.,.F.,.F.,
(2,2),(0.,0.46),.UNSPECIFIED.);
#3153=B_SPLINE_CURVE_WITH_KNOTS('',1,(#7151,#7152),.UNSPECIFIED.,.F.,.F.,
(2,2),(-12.26,-6.13),.UNSPECIFIED.);
#3154=B_SPLINE_CURVE_WITH_KNOTS('',1,(#7153,#7154),.UNSPECIFIED.,.F.,.F.,
(2,2),(-12.26,-6.13),.UNSPECIFIED.);
#3155=B_SPLINE_CURVE_WITH_KNOTS('',1,(#7155,#7156),.UNSPECIFIED.,.F.,.F.,
(2,2),(0.,0.46),.UNSPECIFIED.);
#3156=B_SPLINE_CURVE_WITH_KNOTS('',1,(#7157,#7158),.UNSPECIFIED.,.F.,.F.,
(2,2),(12.26,18.39),.UNSPECIFIED.);
#3157=B_SPLINE_CURVE_WITH_KNOTS('',1,(#7159,#7160),.UNSPECIFIED.,.F.,.F.,
(2,2),(12.26,18.39),.UNSPECIFIED.);
#3158=B_SPLINE_CURVE_WITH_KNOTS('',1,(#7161,#7162),.UNSPECIFIED.,.F.,.F.,
(2,2),(0.,0.46),.UNSPECIFIED.);
#3159=B_SPLINE_CURVE_WITH_KNOTS('',1,(#7163,#7164),.UNSPECIFIED.,.F.,.F.,
(2,2),(0.,0.46),.UNSPECIFIED.);
#3160=B_SPLINE_CURVE_WITH_KNOTS('',1,(#7165,#7166),.UNSPECIFIED.,.F.,.F.,
(2,2),(-18.39,-12.26),.UNSPECIFIED.);
#3161=B_SPLINE_CURVE_WITH_KNOTS('',1,(#7167,#7168),.UNSPECIFIED.,.F.,.F.,
(2,2),(-18.39,-12.26),.UNSPECIFIED.);
#3162=B_SPLINE_CURVE_WITH_KNOTS('',1,(#7169,#7170),.UNSPECIFIED.,.F.,.F.,
(2,2),(0.,0.46),.UNSPECIFIED.);
#3163=B_SPLINE_CURVE_WITH_KNOTS('',1,(#7171,#7172),.UNSPECIFIED.,.F.,.F.,
(2,2),(18.39,24.52),.UNSPECIFIED.);
#3164=B_SPLINE_CURVE_WITH_KNOTS('',1,(#7173,#7174),.UNSPECIFIED.,.F.,.F.,
(2,2),(18.39,24.52),.UNSPECIFIED.);
#3165=B_SPLINE_CURVE_WITH_KNOTS('',1,(#7175,#7176),.UNSPECIFIED.,.F.,.F.,
(2,2),(-0.46,0.),.UNSPECIFIED.);
#3166=B_SPLINE_CURVE_WITH_KNOTS('',1,(#7177,#7178),.UNSPECIFIED.,.F.,.F.,
(2,2),(-24.52,-18.39),.UNSPECIFIED.);
#3167=B_SPLINE_CURVE_WITH_KNOTS('',1,(#7179,#7180),.UNSPECIFIED.,.F.,.F.,
(2,2),(-24.52,-18.39),.UNSPECIFIED.);
#3168=B_SPLINE_CURVE_WITH_KNOTS('',1,(#7181,#7182),.UNSPECIFIED.,.F.,.F.,
(2,2),(0.,0.46),.UNSPECIFIED.);
#3169=B_SPLINE_CURVE_WITH_KNOTS('',1,(#7183,#7184),.UNSPECIFIED.,.F.,.F.,
(2,2),(18.39,24.52),.UNSPECIFIED.);
#3170=B_SPLINE_CURVE_WITH_KNOTS('',1,(#7185,#7186),.UNSPECIFIED.,.F.,.F.,
(2,2),(12.26,18.39),.UNSPECIFIED.);
#3171=B_SPLINE_CURVE_WITH_KNOTS('',1,(#7187,#7188),.UNSPECIFIED.,.F.,.F.,
(2,2),(6.13,12.26),.UNSPECIFIED.);
#3172=B_SPLINE_CURVE_WITH_KNOTS('',1,(#7189,#7190),.UNSPECIFIED.,.F.,.F.,
(2,2),(0.,6.13),.UNSPECIFIED.);
#3173=B_SPLINE_CURVE_WITH_KNOTS('',1,(#7191,#7192),.UNSPECIFIED.,.F.,.F.,
(2,2),(-6.13,0.),.UNSPECIFIED.);
#3174=B_SPLINE_CURVE_WITH_KNOTS('',1,(#7193,#7194),.UNSPECIFIED.,.F.,.F.,
(2,2),(-12.26,-6.13),.UNSPECIFIED.);
#3175=B_SPLINE_CURVE_WITH_KNOTS('',1,(#7195,#7196),.UNSPECIFIED.,.F.,.F.,
(2,2),(-18.39,-12.26),.UNSPECIFIED.);
#3176=B_SPLINE_CURVE_WITH_KNOTS('',1,(#7197,#7198),.UNSPECIFIED.,.F.,.F.,
(2,2),(-24.52,-18.39),.UNSPECIFIED.);
#3177=B_SPLINE_CURVE_WITH_KNOTS('',1,(#7231,#7232),.UNSPECIFIED.,.F.,.F.,
(2,2),(0.,6.13),.UNSPECIFIED.);
#3178=B_SPLINE_CURVE_WITH_KNOTS('',1,(#7233,#7234),.UNSPECIFIED.,.F.,.F.,
(2,2),(0.,6.13),.UNSPECIFIED.);
#3179=B_SPLINE_CURVE_WITH_KNOTS('',1,(#7235,#7236),.UNSPECIFIED.,.F.,.F.,
(2,2),(0.,0.09),.UNSPECIFIED.);
#3180=B_SPLINE_CURVE_WITH_KNOTS('',1,(#7237,#7238),.UNSPECIFIED.,.F.,.F.,
(2,2),(0.,0.09),.UNSPECIFIED.);
#3181=B_SPLINE_CURVE_WITH_KNOTS('',1,(#7239,#7240),.UNSPECIFIED.,.F.,.F.,
(2,2),(-6.13,0.),.UNSPECIFIED.);
#3182=B_SPLINE_CURVE_WITH_KNOTS('',1,(#7241,#7242),.UNSPECIFIED.,.F.,.F.,
(2,2),(-6.13,0.),.UNSPECIFIED.);
#3183=B_SPLINE_CURVE_WITH_KNOTS('',1,(#7243,#7244),.UNSPECIFIED.,.F.,.F.,
(2,2),(-0.09,0.),.UNSPECIFIED.);
#3184=B_SPLINE_CURVE_WITH_KNOTS('',1,(#7245,#7246),.UNSPECIFIED.,.F.,.F.,
(2,2),(-0.09,0.),.UNSPECIFIED.);
#3185=B_SPLINE_CURVE_WITH_KNOTS('',1,(#7247,#7248),.UNSPECIFIED.,.F.,.F.,
(2,2),(6.13,12.26),.UNSPECIFIED.);
#3186=B_SPLINE_CURVE_WITH_KNOTS('',1,(#7249,#7250),.UNSPECIFIED.,.F.,.F.,
(2,2),(6.13,12.26),.UNSPECIFIED.);
#3187=B_SPLINE_CURVE_WITH_KNOTS('',1,(#7251,#7252),.UNSPECIFIED.,.F.,.F.,
(2,2),(0.,0.09),.UNSPECIFIED.);
#3188=B_SPLINE_CURVE_WITH_KNOTS('',1,(#7253,#7254),.UNSPECIFIED.,.F.,.F.,
(2,2),(0.,0.09),.UNSPECIFIED.);
#3189=B_SPLINE_CURVE_WITH_KNOTS('',1,(#7255,#7256),.UNSPECIFIED.,.F.,.F.,
(2,2),(-12.26,-6.13),.UNSPECIFIED.);
#3190=B_SPLINE_CURVE_WITH_KNOTS('',1,(#7257,#7258),.UNSPECIFIED.,.F.,.F.,
(2,2),(-12.26,-6.13),.UNSPECIFIED.);
#3191=B_SPLINE_CURVE_WITH_KNOTS('',1,(#7259,#7260),.UNSPECIFIED.,.F.,.F.,
(2,2),(0.,0.09),.UNSPECIFIED.);
#3192=B_SPLINE_CURVE_WITH_KNOTS('',1,(#7261,#7262),.UNSPECIFIED.,.F.,.F.,
(2,2),(12.26,18.39),.UNSPECIFIED.);
#3193=B_SPLINE_CURVE_WITH_KNOTS('',1,(#7263,#7264),.UNSPECIFIED.,.F.,.F.,
(2,2),(12.26,18.39),.UNSPECIFIED.);
#3194=B_SPLINE_CURVE_WITH_KNOTS('',1,(#7265,#7266),.UNSPECIFIED.,.F.,.F.,
(2,2),(0.,0.09),.UNSPECIFIED.);
#3195=B_SPLINE_CURVE_WITH_KNOTS('',1,(#7267,#7268),.UNSPECIFIED.,.F.,.F.,
(2,2),(0.,0.09),.UNSPECIFIED.);
#3196=B_SPLINE_CURVE_WITH_KNOTS('',1,(#7269,#7270),.UNSPECIFIED.,.F.,.F.,
(2,2),(-18.39,-12.26),.UNSPECIFIED.);
#3197=B_SPLINE_CURVE_WITH_KNOTS('',1,(#7271,#7272),.UNSPECIFIED.,.F.,.F.,
(2,2),(-18.39,-12.26),.UNSPECIFIED.);
#3198=B_SPLINE_CURVE_WITH_KNOTS('',1,(#7273,#7274),.UNSPECIFIED.,.F.,.F.,
(2,2),(0.,0.09),.UNSPECIFIED.);
#3199=B_SPLINE_CURVE_WITH_KNOTS('',1,(#7275,#7276),.UNSPECIFIED.,.F.,.F.,
(2,2),(18.39,24.52),.UNSPECIFIED.);
#3200=B_SPLINE_CURVE_WITH_KNOTS('',1,(#7277,#7278),.UNSPECIFIED.,.F.,.F.,
(2,2),(18.39,24.52),.UNSPECIFIED.);
#3201=B_SPLINE_CURVE_WITH_KNOTS('',1,(#7279,#7280),.UNSPECIFIED.,.F.,.F.,
(2,2),(-0.09,0.),.UNSPECIFIED.);
#3202=B_SPLINE_CURVE_WITH_KNOTS('',1,(#7281,#7282),.UNSPECIFIED.,.F.,.F.,
(2,2),(-24.52,-18.39),.UNSPECIFIED.);
#3203=B_SPLINE_CURVE_WITH_KNOTS('',1,(#7283,#7284),.UNSPECIFIED.,.F.,.F.,
(2,2),(-24.52,-18.39),.UNSPECIFIED.);
#3204=B_SPLINE_CURVE_WITH_KNOTS('',1,(#7285,#7286),.UNSPECIFIED.,.F.,.F.,
(2,2),(0.,0.09),.UNSPECIFIED.);
#3205=B_SPLINE_CURVE_WITH_KNOTS('',1,(#7287,#7288),.UNSPECIFIED.,.F.,.F.,
(2,2),(18.39,24.52),.UNSPECIFIED.);
#3206=B_SPLINE_CURVE_WITH_KNOTS('',1,(#7289,#7290),.UNSPECIFIED.,.F.,.F.,
(2,2),(12.26,18.39),.UNSPECIFIED.);
#3207=B_SPLINE_CURVE_WITH_KNOTS('',1,(#7291,#7292),.UNSPECIFIED.,.F.,.F.,
(2,2),(6.13,12.26),.UNSPECIFIED.);
#3208=B_SPLINE_CURVE_WITH_KNOTS('',1,(#7293,#7294),.UNSPECIFIED.,.F.,.F.,
(2,2),(0.,6.13),.UNSPECIFIED.);
#3209=B_SPLINE_CURVE_WITH_KNOTS('',1,(#7295,#7296),.UNSPECIFIED.,.F.,.F.,
(2,2),(-6.13,0.),.UNSPECIFIED.);
#3210=B_SPLINE_CURVE_WITH_KNOTS('',1,(#7297,#7298),.UNSPECIFIED.,.F.,.F.,
(2,2),(-12.26,-6.13),.UNSPECIFIED.);
#3211=B_SPLINE_CURVE_WITH_KNOTS('',1,(#7299,#7300),.UNSPECIFIED.,.F.,.F.,
(2,2),(-18.39,-12.26),.UNSPECIFIED.);
#3212=B_SPLINE_CURVE_WITH_KNOTS('',1,(#7301,#7302),.UNSPECIFIED.,.F.,.F.,
(2,2),(-24.52,-18.39),.UNSPECIFIED.);
#3213=B_SPLINE_CURVE_WITH_KNOTS('',1,(#7383,#7384),.UNSPECIFIED.,.F.,.F.,
(2,2),(-12.,-11.),.UNSPECIFIED.);
#3214=B_SPLINE_CURVE_WITH_KNOTS('',1,(#7385,#7386),.UNSPECIFIED.,.F.,.F.,
(2,2),(-12.,-11.),.UNSPECIFIED.);
#3215=B_SPLINE_CURVE_WITH_KNOTS('',1,(#7387,#7388),.UNSPECIFIED.,.F.,.F.,
(2,2),(0.,0.596083465945391),.UNSPECIFIED.);
#3216=B_SPLINE_CURVE_WITH_KNOTS('',1,(#7389,#7390),.UNSPECIFIED.,.F.,.F.,
(2,2),(0.,0.596083465945391),.UNSPECIFIED.);
#3217=B_SPLINE_CURVE_WITH_KNOTS('',1,(#7391,#7392),.UNSPECIFIED.,.F.,.F.,
(2,2),(11.,12.),.UNSPECIFIED.);
#3218=B_SPLINE_CURVE_WITH_KNOTS('',1,(#7393,#7394),.UNSPECIFIED.,.F.,.F.,
(2,2),(11.,12.),.UNSPECIFIED.);
#3219=B_SPLINE_CURVE_WITH_KNOTS('',1,(#7395,#7396),.UNSPECIFIED.,.F.,.F.,
(2,2),(-0.596083465945391,0.),.UNSPECIFIED.);
#3220=B_SPLINE_CURVE_WITH_KNOTS('',1,(#7397,#7398),.UNSPECIFIED.,.F.,.F.,
(2,2),(-0.596083465945391,0.),.UNSPECIFIED.);
#3221=B_SPLINE_CURVE_WITH_KNOTS('',1,(#7399,#7400),.UNSPECIFIED.,.F.,.F.,
(2,2),(-11.,-10.),.UNSPECIFIED.);
#3222=B_SPLINE_CURVE_WITH_KNOTS('',1,(#7401,#7402),.UNSPECIFIED.,.F.,.F.,
(2,2),(-11.,-10.),.UNSPECIFIED.);
#3223=B_SPLINE_CURVE_WITH_KNOTS('',1,(#7403,#7404),.UNSPECIFIED.,.F.,.F.,
(2,2),(0.,0.596083465945391),.UNSPECIFIED.);
#3224=B_SPLINE_CURVE_WITH_KNOTS('',1,(#7405,#7406),.UNSPECIFIED.,.F.,.F.,
(2,2),(0.,0.596083465945391),.UNSPECIFIED.);
#3225=B_SPLINE_CURVE_WITH_KNOTS('',1,(#7407,#7408),.UNSPECIFIED.,.F.,.F.,
(2,2),(10.,11.),.UNSPECIFIED.);
#3226=B_SPLINE_CURVE_WITH_KNOTS('',1,(#7409,#7410),.UNSPECIFIED.,.F.,.F.,
(2,2),(10.,11.),.UNSPECIFIED.);
#3227=B_SPLINE_CURVE_WITH_KNOTS('',1,(#7411,#7412),.UNSPECIFIED.,.F.,.F.,
(2,2),(0.,0.596083465945391),.UNSPECIFIED.);
#3228=B_SPLINE_CURVE_WITH_KNOTS('',1,(#7413,#7414),.UNSPECIFIED.,.F.,.F.,
(2,2),(-10.,-9.),.UNSPECIFIED.);
#3229=B_SPLINE_CURVE_WITH_KNOTS('',1,(#7415,#7416),.UNSPECIFIED.,.F.,.F.,
(2,2),(-10.,-9.),.UNSPECIFIED.);
#3230=B_SPLINE_CURVE_WITH_KNOTS('',1,(#7417,#7418),.UNSPECIFIED.,.F.,.F.,
(2,2),(0.,0.596083465945391),.UNSPECIFIED.);
#3231=B_SPLINE_CURVE_WITH_KNOTS('',1,(#7419,#7420),.UNSPECIFIED.,.F.,.F.,
(2,2),(0.,0.596083465945391),.UNSPECIFIED.);
#3232=B_SPLINE_CURVE_WITH_KNOTS('',1,(#7421,#7422),.UNSPECIFIED.,.F.,.F.,
(2,2),(9.,10.),.UNSPECIFIED.);
#3233=B_SPLINE_CURVE_WITH_KNOTS('',1,(#7423,#7424),.UNSPECIFIED.,.F.,.F.,
(2,2),(9.,10.),.UNSPECIFIED.);
#3234=B_SPLINE_CURVE_WITH_KNOTS('',1,(#7425,#7426),.UNSPECIFIED.,.F.,.F.,
(2,2),(0.,0.596083465945391),.UNSPECIFIED.);
#3235=B_SPLINE_CURVE_WITH_KNOTS('',1,(#7427,#7428),.UNSPECIFIED.,.F.,.F.,
(2,2),(-9.,-8.),.UNSPECIFIED.);
#3236=B_SPLINE_CURVE_WITH_KNOTS('',1,(#7429,#7430),.UNSPECIFIED.,.F.,.F.,
(2,2),(-9.,-8.),.UNSPECIFIED.);
#3237=B_SPLINE_CURVE_WITH_KNOTS('',1,(#7431,#7432),.UNSPECIFIED.,.F.,.F.,
(2,2),(0.,0.596083465945391),.UNSPECIFIED.);
#3238=B_SPLINE_CURVE_WITH_KNOTS('',1,(#7433,#7434),.UNSPECIFIED.,.F.,.F.,
(2,2),(0.,0.596083465945391),.UNSPECIFIED.);
#3239=B_SPLINE_CURVE_WITH_KNOTS('',1,(#7435,#7436),.UNSPECIFIED.,.F.,.F.,
(2,2),(8.,9.),.UNSPECIFIED.);
#3240=B_SPLINE_CURVE_WITH_KNOTS('',1,(#7437,#7438),.UNSPECIFIED.,.F.,.F.,
(2,2),(8.,9.),.UNSPECIFIED.);
#3241=B_SPLINE_CURVE_WITH_KNOTS('',1,(#7439,#7440),.UNSPECIFIED.,.F.,.F.,
(2,2),(0.,0.596083465945391),.UNSPECIFIED.);
#3242=B_SPLINE_CURVE_WITH_KNOTS('',1,(#7441,#7442),.UNSPECIFIED.,.F.,.F.,
(2,2),(-8.,-7.),.UNSPECIFIED.);
#3243=B_SPLINE_CURVE_WITH_KNOTS('',1,(#7443,#7444),.UNSPECIFIED.,.F.,.F.,
(2,2),(-8.,-7.),.UNSPECIFIED.);
#3244=B_SPLINE_CURVE_WITH_KNOTS('',1,(#7445,#7446),.UNSPECIFIED.,.F.,.F.,
(2,2),(0.,0.596083465945391),.UNSPECIFIED.);
#3245=B_SPLINE_CURVE_WITH_KNOTS('',1,(#7447,#7448),.UNSPECIFIED.,.F.,.F.,
(2,2),(0.,0.596083465945391),.UNSPECIFIED.);
#3246=B_SPLINE_CURVE_WITH_KNOTS('',1,(#7449,#7450),.UNSPECIFIED.,.F.,.F.,
(2,2),(7.,8.),.UNSPECIFIED.);
#3247=B_SPLINE_CURVE_WITH_KNOTS('',1,(#7451,#7452),.UNSPECIFIED.,.F.,.F.,
(2,2),(7.,8.),.UNSPECIFIED.);
#3248=B_SPLINE_CURVE_WITH_KNOTS('',1,(#7453,#7454),.UNSPECIFIED.,.F.,.F.,
(2,2),(0.,0.596083465945391),.UNSPECIFIED.);
#3249=B_SPLINE_CURVE_WITH_KNOTS('',1,(#7455,#7456),.UNSPECIFIED.,.F.,.F.,
(2,2),(-7.,-6.),.UNSPECIFIED.);
#3250=B_SPLINE_CURVE_WITH_KNOTS('',1,(#7457,#7458),.UNSPECIFIED.,.F.,.F.,
(2,2),(-7.,-6.),.UNSPECIFIED.);
#3251=B_SPLINE_CURVE_WITH_KNOTS('',1,(#7459,#7460),.UNSPECIFIED.,.F.,.F.,
(2,2),(0.,0.596083465945391),.UNSPECIFIED.);
#3252=B_SPLINE_CURVE_WITH_KNOTS('',1,(#7461,#7462),.UNSPECIFIED.,.F.,.F.,
(2,2),(0.,0.596083465945391),.UNSPECIFIED.);
#3253=B_SPLINE_CURVE_WITH_KNOTS('',1,(#7463,#7464),.UNSPECIFIED.,.F.,.F.,
(2,2),(6.,7.),.UNSPECIFIED.);
#3254=B_SPLINE_CURVE_WITH_KNOTS('',1,(#7465,#7466),.UNSPECIFIED.,.F.,.F.,
(2,2),(6.,7.),.UNSPECIFIED.);
#3255=B_SPLINE_CURVE_WITH_KNOTS('',1,(#7467,#7468),.UNSPECIFIED.,.F.,.F.,
(2,2),(0.,0.596083465945391),.UNSPECIFIED.);
#3256=B_SPLINE_CURVE_WITH_KNOTS('',1,(#7469,#7470),.UNSPECIFIED.,.F.,.F.,
(2,2),(-6.,-5.),.UNSPECIFIED.);
#3257=B_SPLINE_CURVE_WITH_KNOTS('',1,(#7471,#7472),.UNSPECIFIED.,.F.,.F.,
(2,2),(-6.,-5.),.UNSPECIFIED.);
#3258=B_SPLINE_CURVE_WITH_KNOTS('',1,(#7473,#7474),.UNSPECIFIED.,.F.,.F.,
(2,2),(0.,0.596083465945391),.UNSPECIFIED.);
#3259=B_SPLINE_CURVE_WITH_KNOTS('',1,(#7475,#7476),.UNSPECIFIED.,.F.,.F.,
(2,2),(0.,0.596083465945391),.UNSPECIFIED.);
#3260=B_SPLINE_CURVE_WITH_KNOTS('',1,(#7477,#7478),.UNSPECIFIED.,.F.,.F.,
(2,2),(5.,6.),.UNSPECIFIED.);
#3261=B_SPLINE_CURVE_WITH_KNOTS('',1,(#7479,#7480),.UNSPECIFIED.,.F.,.F.,
(2,2),(5.,6.),.UNSPECIFIED.);
#3262=B_SPLINE_CURVE_WITH_KNOTS('',1,(#7481,#7482),.UNSPECIFIED.,.F.,.F.,
(2,2),(0.,0.596083465945391),.UNSPECIFIED.);
#3263=B_SPLINE_CURVE_WITH_KNOTS('',1,(#7483,#7484),.UNSPECIFIED.,.F.,.F.,
(2,2),(-5.,-4.),.UNSPECIFIED.);
#3264=B_SPLINE_CURVE_WITH_KNOTS('',1,(#7485,#7486),.UNSPECIFIED.,.F.,.F.,
(2,2),(-5.,-4.),.UNSPECIFIED.);
#3265=B_SPLINE_CURVE_WITH_KNOTS('',1,(#7487,#7488),.UNSPECIFIED.,.F.,.F.,
(2,2),(0.,0.596083465945391),.UNSPECIFIED.);
#3266=B_SPLINE_CURVE_WITH_KNOTS('',1,(#7489,#7490),.UNSPECIFIED.,.F.,.F.,
(2,2),(0.,0.596083465945391),.UNSPECIFIED.);
#3267=B_SPLINE_CURVE_WITH_KNOTS('',1,(#7491,#7492),.UNSPECIFIED.,.F.,.F.,
(2,2),(4.,5.),.UNSPECIFIED.);
#3268=B_SPLINE_CURVE_WITH_KNOTS('',1,(#7493,#7494),.UNSPECIFIED.,.F.,.F.,
(2,2),(4.,5.),.UNSPECIFIED.);
#3269=B_SPLINE_CURVE_WITH_KNOTS('',1,(#7495,#7496),.UNSPECIFIED.,.F.,.F.,
(2,2),(0.,0.596083465945391),.UNSPECIFIED.);
#3270=B_SPLINE_CURVE_WITH_KNOTS('',1,(#7497,#7498),.UNSPECIFIED.,.F.,.F.,
(2,2),(-4.,-3.),.UNSPECIFIED.);
#3271=B_SPLINE_CURVE_WITH_KNOTS('',1,(#7499,#7500),.UNSPECIFIED.,.F.,.F.,
(2,2),(-4.,-3.),.UNSPECIFIED.);
#3272=B_SPLINE_CURVE_WITH_KNOTS('',1,(#7501,#7502),.UNSPECIFIED.,.F.,.F.,
(2,2),(0.,0.596083465945391),.UNSPECIFIED.);
#3273=B_SPLINE_CURVE_WITH_KNOTS('',1,(#7503,#7504),.UNSPECIFIED.,.F.,.F.,
(2,2),(0.,0.596083465945391),.UNSPECIFIED.);
#3274=B_SPLINE_CURVE_WITH_KNOTS('',1,(#7505,#7506),.UNSPECIFIED.,.F.,.F.,
(2,2),(3.,4.),.UNSPECIFIED.);
#3275=B_SPLINE_CURVE_WITH_KNOTS('',1,(#7507,#7508),.UNSPECIFIED.,.F.,.F.,
(2,2),(3.,4.),.UNSPECIFIED.);
#3276=B_SPLINE_CURVE_WITH_KNOTS('',1,(#7509,#7510),.UNSPECIFIED.,.F.,.F.,
(2,2),(0.,0.596083465945391),.UNSPECIFIED.);
#3277=B_SPLINE_CURVE_WITH_KNOTS('',1,(#7511,#7512),.UNSPECIFIED.,.F.,.F.,
(2,2),(-3.,-2.),.UNSPECIFIED.);
#3278=B_SPLINE_CURVE_WITH_KNOTS('',1,(#7513,#7514),.UNSPECIFIED.,.F.,.F.,
(2,2),(-3.,-2.),.UNSPECIFIED.);
#3279=B_SPLINE_CURVE_WITH_KNOTS('',1,(#7515,#7516),.UNSPECIFIED.,.F.,.F.,
(2,2),(0.,0.596083465945391),.UNSPECIFIED.);
#3280=B_SPLINE_CURVE_WITH_KNOTS('',1,(#7517,#7518),.UNSPECIFIED.,.F.,.F.,
(2,2),(0.,0.596083465945391),.UNSPECIFIED.);
#3281=B_SPLINE_CURVE_WITH_KNOTS('',1,(#7519,#7520),.UNSPECIFIED.,.F.,.F.,
(2,2),(2.,3.),.UNSPECIFIED.);
#3282=B_SPLINE_CURVE_WITH_KNOTS('',1,(#7521,#7522),.UNSPECIFIED.,.F.,.F.,
(2,2),(2.,3.),.UNSPECIFIED.);
#3283=B_SPLINE_CURVE_WITH_KNOTS('',1,(#7523,#7524),.UNSPECIFIED.,.F.,.F.,
(2,2),(0.,0.596083465945391),.UNSPECIFIED.);
#3284=B_SPLINE_CURVE_WITH_KNOTS('',1,(#7525,#7526),.UNSPECIFIED.,.F.,.F.,
(2,2),(-2.,-1.),.UNSPECIFIED.);
#3285=B_SPLINE_CURVE_WITH_KNOTS('',1,(#7527,#7528),.UNSPECIFIED.,.F.,.F.,
(2,2),(-2.,-1.),.UNSPECIFIED.);
#3286=B_SPLINE_CURVE_WITH_KNOTS('',1,(#7529,#7530),.UNSPECIFIED.,.F.,.F.,
(2,2),(0.,0.596083465945391),.UNSPECIFIED.);
#3287=B_SPLINE_CURVE_WITH_KNOTS('',1,(#7531,#7532),.UNSPECIFIED.,.F.,.F.,
(2,2),(0.,0.596083465945391),.UNSPECIFIED.);
#3288=B_SPLINE_CURVE_WITH_KNOTS('',1,(#7533,#7534),.UNSPECIFIED.,.F.,.F.,
(2,2),(1.,2.),.UNSPECIFIED.);
#3289=B_SPLINE_CURVE_WITH_KNOTS('',1,(#7535,#7536),.UNSPECIFIED.,.F.,.F.,
(2,2),(1.,2.),.UNSPECIFIED.);
#3290=B_SPLINE_CURVE_WITH_KNOTS('',1,(#7537,#7538),.UNSPECIFIED.,.F.,.F.,
(2,2),(0.,0.596083465945391),.UNSPECIFIED.);
#3291=B_SPLINE_CURVE_WITH_KNOTS('',1,(#7539,#7540),.UNSPECIFIED.,.F.,.F.,
(2,2),(-1.,0.),.UNSPECIFIED.);
#3292=B_SPLINE_CURVE_WITH_KNOTS('',1,(#7541,#7542),.UNSPECIFIED.,.F.,.F.,
(2,2),(-1.,0.),.UNSPECIFIED.);
#3293=B_SPLINE_CURVE_WITH_KNOTS('',1,(#7543,#7544),.UNSPECIFIED.,.F.,.F.,
(2,2),(-0.596083465945391,0.),.UNSPECIFIED.);
#3294=B_SPLINE_CURVE_WITH_KNOTS('',1,(#7545,#7546),.UNSPECIFIED.,.F.,.F.,
(2,2),(0.,1.),.UNSPECIFIED.);
#3295=B_SPLINE_CURVE_WITH_KNOTS('',1,(#7547,#7548),.UNSPECIFIED.,.F.,.F.,
(2,2),(0.,1.),.UNSPECIFIED.);
#3296=B_SPLINE_CURVE_WITH_KNOTS('',1,(#7549,#7550),.UNSPECIFIED.,.F.,.F.,
(2,2),(0.,0.596083465945391),.UNSPECIFIED.);
#3297=B_SPLINE_CURVE_WITH_KNOTS('',1,(#7551,#7552),.UNSPECIFIED.,.F.,.F.,
(2,2),(-1.,0.),.UNSPECIFIED.);
#3298=B_SPLINE_CURVE_WITH_KNOTS('',1,(#7553,#7554),.UNSPECIFIED.,.F.,.F.,
(2,2),(-2.,-1.),.UNSPECIFIED.);
#3299=B_SPLINE_CURVE_WITH_KNOTS('',1,(#7555,#7556),.UNSPECIFIED.,.F.,.F.,
(2,2),(-3.,-2.),.UNSPECIFIED.);
#3300=B_SPLINE_CURVE_WITH_KNOTS('',1,(#7557,#7558),.UNSPECIFIED.,.F.,.F.,
(2,2),(-4.,-3.),.UNSPECIFIED.);
#3301=B_SPLINE_CURVE_WITH_KNOTS('',1,(#7559,#7560),.UNSPECIFIED.,.F.,.F.,
(2,2),(-5.,-4.),.UNSPECIFIED.);
#3302=B_SPLINE_CURVE_WITH_KNOTS('',1,(#7561,#7562),.UNSPECIFIED.,.F.,.F.,
(2,2),(-6.,-5.),.UNSPECIFIED.);
#3303=B_SPLINE_CURVE_WITH_KNOTS('',1,(#7563,#7564),.UNSPECIFIED.,.F.,.F.,
(2,2),(-7.,-6.),.UNSPECIFIED.);
#3304=B_SPLINE_CURVE_WITH_KNOTS('',1,(#7565,#7566),.UNSPECIFIED.,.F.,.F.,
(2,2),(-8.,-7.),.UNSPECIFIED.);
#3305=B_SPLINE_CURVE_WITH_KNOTS('',1,(#7567,#7568),.UNSPECIFIED.,.F.,.F.,
(2,2),(-9.,-8.),.UNSPECIFIED.);
#3306=B_SPLINE_CURVE_WITH_KNOTS('',1,(#7569,#7570),.UNSPECIFIED.,.F.,.F.,
(2,2),(-10.,-9.),.UNSPECIFIED.);
#3307=B_SPLINE_CURVE_WITH_KNOTS('',1,(#7571,#7572),.UNSPECIFIED.,.F.,.F.,
(2,2),(-11.,-10.),.UNSPECIFIED.);
#3308=B_SPLINE_CURVE_WITH_KNOTS('',1,(#7573,#7574),.UNSPECIFIED.,.F.,.F.,
(2,2),(-12.,-11.),.UNSPECIFIED.);
#3309=B_SPLINE_CURVE_WITH_KNOTS('',1,(#7575,#7576),.UNSPECIFIED.,.F.,.F.,
(2,2),(11.,12.),.UNSPECIFIED.);
#3310=B_SPLINE_CURVE_WITH_KNOTS('',1,(#7577,#7578),.UNSPECIFIED.,.F.,.F.,
(2,2),(10.,11.),.UNSPECIFIED.);
#3311=B_SPLINE_CURVE_WITH_KNOTS('',1,(#7579,#7580),.UNSPECIFIED.,.F.,.F.,
(2,2),(9.,10.),.UNSPECIFIED.);
#3312=B_SPLINE_CURVE_WITH_KNOTS('',1,(#7581,#7582),.UNSPECIFIED.,.F.,.F.,
(2,2),(8.,9.),.UNSPECIFIED.);
#3313=B_SPLINE_CURVE_WITH_KNOTS('',1,(#7583,#7584),.UNSPECIFIED.,.F.,.F.,
(2,2),(7.,8.),.UNSPECIFIED.);
#3314=B_SPLINE_CURVE_WITH_KNOTS('',1,(#7585,#7586),.UNSPECIFIED.,.F.,.F.,
(2,2),(6.,7.),.UNSPECIFIED.);
#3315=B_SPLINE_CURVE_WITH_KNOTS('',1,(#7587,#7588),.UNSPECIFIED.,.F.,.F.,
(2,2),(5.,6.),.UNSPECIFIED.);
#3316=B_SPLINE_CURVE_WITH_KNOTS('',1,(#7589,#7590),.UNSPECIFIED.,.F.,.F.,
(2,2),(4.,5.),.UNSPECIFIED.);
#3317=B_SPLINE_CURVE_WITH_KNOTS('',1,(#7591,#7592),.UNSPECIFIED.,.F.,.F.,
(2,2),(3.,4.),.UNSPECIFIED.);
#3318=B_SPLINE_CURVE_WITH_KNOTS('',1,(#7593,#7594),.UNSPECIFIED.,.F.,.F.,
(2,2),(2.,3.),.UNSPECIFIED.);
#3319=B_SPLINE_CURVE_WITH_KNOTS('',1,(#7595,#7596),.UNSPECIFIED.,.F.,.F.,
(2,2),(1.,2.),.UNSPECIFIED.);
#3320=B_SPLINE_CURVE_WITH_KNOTS('',1,(#7597,#7598),.UNSPECIFIED.,.F.,.F.,
(2,2),(0.,1.),.UNSPECIFIED.);
#3321=VERTEX_POINT('',#3595);
#3322=VERTEX_POINT('',#3596);
#3323=VERTEX_POINT('',#3597);
#3324=VERTEX_POINT('',#3598);
#3325=VERTEX_POINT('',#3599);
#3326=VERTEX_POINT('',#3600);
#3327=VERTEX_POINT('',#3601);
#3328=VERTEX_POINT('',#3602);
#3329=VERTEX_POINT('',#3729);
#3330=VERTEX_POINT('',#3730);
#3331=VERTEX_POINT('',#3731);
#3332=VERTEX_POINT('',#3824);
#3333=VERTEX_POINT('',#3825);
#3334=VERTEX_POINT('',#3826);
#3335=VERTEX_POINT('',#3919);
#3336=VERTEX_POINT('',#3920);
#3337=VERTEX_POINT('',#3921);
#3338=VERTEX_POINT('',#4014);
#3339=VERTEX_POINT('',#4015);
#3340=VERTEX_POINT('',#4016);
#3341=VERTEX_POINT('',#4109);
#3342=VERTEX_POINT('',#4110);
#3343=VERTEX_POINT('',#4111);
#3344=VERTEX_POINT('',#4204);
#3345=VERTEX_POINT('',#4205);
#3346=VERTEX_POINT('',#4206);
#3347=VERTEX_POINT('',#4299);
#3348=VERTEX_POINT('',#4300);
#3349=VERTEX_POINT('',#4301);
#3350=VERTEX_POINT('',#4394);
#3351=VERTEX_POINT('',#4395);
#3352=VERTEX_POINT('',#4396);
#3353=VERTEX_POINT('',#4489);
#3354=VERTEX_POINT('',#4490);
#3355=VERTEX_POINT('',#4491);
#3356=VERTEX_POINT('',#4584);
#3357=VERTEX_POINT('',#4585);
#3358=VERTEX_POINT('',#4586);
#3359=VERTEX_POINT('',#4679);
#3360=VERTEX_POINT('',#4680);
#3361=VERTEX_POINT('',#4681);
#3362=VERTEX_POINT('',#4774);
#3363=VERTEX_POINT('',#4775);
#3364=VERTEX_POINT('',#4776);
#3365=VERTEX_POINT('',#4869);
#3366=VERTEX_POINT('',#4870);
#3367=VERTEX_POINT('',#4871);
#3368=VERTEX_POINT('',#4964);
#3369=VERTEX_POINT('',#4965);
#3370=VERTEX_POINT('',#4966);
#3371=VERTEX_POINT('',#5059);
#3372=VERTEX_POINT('',#5060);
#3373=VERTEX_POINT('',#5061);
#3374=VERTEX_POINT('',#5154);
#3375=VERTEX_POINT('',#5155);
#3376=VERTEX_POINT('',#5156);
#3377=VERTEX_POINT('',#5249);
#3378=VERTEX_POINT('',#5250);
#3379=VERTEX_POINT('',#5251);
#3380=VERTEX_POINT('',#5344);
#3381=VERTEX_POINT('',#5345);
#3382=VERTEX_POINT('',#5346);
#3383=VERTEX_POINT('',#5439);
#3384=VERTEX_POINT('',#5440);
#3385=VERTEX_POINT('',#5441);
#3386=VERTEX_POINT('',#5534);
#3387=VERTEX_POINT('',#5535);
#3388=VERTEX_POINT('',#5536);
#3389=VERTEX_POINT('',#5629);
#3390=VERTEX_POINT('',#5630);
#3391=VERTEX_POINT('',#5631);
#3392=VERTEX_POINT('',#5724);
#3393=VERTEX_POINT('',#5725);
#3394=VERTEX_POINT('',#5726);
#3395=VERTEX_POINT('',#5819);
#3396=VERTEX_POINT('',#5820);
#3397=VERTEX_POINT('',#5821);
#3398=VERTEX_POINT('',#5914);
#3399=VERTEX_POINT('',#5915);
#3400=VERTEX_POINT('',#5916);
#3401=VERTEX_POINT('',#6009);
#3402=VERTEX_POINT('',#6010);
#3403=VERTEX_POINT('',#6011);
#3404=VERTEX_POINT('',#6104);
#3405=VERTEX_POINT('',#6105);
#3406=VERTEX_POINT('',#6106);
#3407=VERTEX_POINT('',#6199);
#3408=VERTEX_POINT('',#6200);
#3409=VERTEX_POINT('',#6201);
#3410=VERTEX_POINT('',#6294);
#3411=VERTEX_POINT('',#6295);
#3412=VERTEX_POINT('',#6296);
#3413=VERTEX_POINT('',#6389);
#3414=VERTEX_POINT('',#6390);
#3415=VERTEX_POINT('',#6391);
#3416=VERTEX_POINT('',#6484);
#3417=VERTEX_POINT('',#6485);
#3418=VERTEX_POINT('',#6486);
#3419=VERTEX_POINT('',#6579);
#3420=VERTEX_POINT('',#6580);
#3421=VERTEX_POINT('',#6581);
#3422=VERTEX_POINT('',#6674);
#3423=VERTEX_POINT('',#6675);
#3424=VERTEX_POINT('',#6676);
#3425=VERTEX_POINT('',#6769);
#3426=VERTEX_POINT('',#6770);
#3427=VERTEX_POINT('',#6771);
#3428=VERTEX_POINT('',#6864);
#3429=VERTEX_POINT('',#6865);
#3430=VERTEX_POINT('',#6866);
#3431=VERTEX_POINT('',#6959);
#3432=VERTEX_POINT('',#6960);
#3433=VERTEX_POINT('',#6961);
#3434=VERTEX_POINT('',#7054);
#3435=VERTEX_POINT('',#7055);
#3436=VERTEX_POINT('',#7056);
#3437=VERTEX_POINT('',#7119);
#3438=VERTEX_POINT('',#7120);
#3439=VERTEX_POINT('',#7121);
#3440=VERTEX_POINT('',#7122);
#3441=VERTEX_POINT('',#7123);
#3442=VERTEX_POINT('',#7124);
#3443=VERTEX_POINT('',#7125);
#3444=VERTEX_POINT('',#7126);
#3445=VERTEX_POINT('',#7223);
#3446=VERTEX_POINT('',#7224);
#3447=VERTEX_POINT('',#7225);
#3448=VERTEX_POINT('',#7226);
#3449=VERTEX_POINT('',#7227);
#3450=VERTEX_POINT('',#7228);
#3451=VERTEX_POINT('',#7229);
#3452=VERTEX_POINT('',#7230);
#3453=VERTEX_POINT('',#7359);
#3454=VERTEX_POINT('',#7360);
#3455=VERTEX_POINT('',#7361);
#3456=VERTEX_POINT('',#7362);
#3457=VERTEX_POINT('',#7363);
#3458=VERTEX_POINT('',#7364);
#3459=VERTEX_POINT('',#7365);
#3460=VERTEX_POINT('',#7366);
#3461=VERTEX_POINT('',#7367);
#3462=VERTEX_POINT('',#7368);
#3463=VERTEX_POINT('',#7369);
#3464=VERTEX_POINT('',#7370);
#3465=VERTEX_POINT('',#7371);
#3466=VERTEX_POINT('',#7372);
#3467=VERTEX_POINT('',#7373);
#3468=VERTEX_POINT('',#7374);
#3469=VERTEX_POINT('',#7375);
#3470=VERTEX_POINT('',#7376);
#3471=VERTEX_POINT('',#7377);
#3472=VERTEX_POINT('',#7378);
#3473=VERTEX_POINT('',#7379);
#3474=VERTEX_POINT('',#7380);
#3475=VERTEX_POINT('',#7381);
#3476=VERTEX_POINT('',#7382);
#3477=B_SPLINE_SURFACE_WITH_KNOTS('',1,1,((#3571,#3572),(#3573,#3574)),
 .UNSPECIFIED.,.F.,.F.,.F.,(2,2),(2,2),(0.,6.13),(0.,0.12),
 .UNSPECIFIED.);
#3478=B_SPLINE_SURFACE_WITH_KNOTS('',1,1,((#3575,#3576),(#3577,#3578)),
 .UNSPECIFIED.,.F.,.F.,.F.,(2,2),(2,2),(6.13,6.18),(0.,0.12),
 .UNSPECIFIED.);
#3479=B_SPLINE_SURFACE_WITH_KNOTS('',1,1,((#3579,#3580),(#3581,#3582)),
 .UNSPECIFIED.,.F.,.F.,.F.,(2,2),(2,2),(6.18,12.31),(0.,0.12),
 .UNSPECIFIED.);
#3480=B_SPLINE_SURFACE_WITH_KNOTS('',1,1,((#3583,#3584),(#3585,#3586)),
 .UNSPECIFIED.,.F.,.F.,.F.,(2,2),(2,2),(12.31,12.36),(0.,0.12),
 .UNSPECIFIED.);
#3481=B_SPLINE_SURFACE_WITH_KNOTS('',1,1,((#3587,#3588),(#3589,#3590)),
 .UNSPECIFIED.,.F.,.F.,.F.,(2,2),(2,2),(0.,0.0499999999999998),(0.,6.13),
 .UNSPECIFIED.);
#3482=B_SPLINE_SURFACE_WITH_KNOTS('',1,1,((#3591,#3592),(#3593,#3594)),
 .UNSPECIFIED.,.F.,.F.,.F.,(2,2),(2,2),(0.,6.13),(0.,0.0499999999999998),
 .UNSPECIFIED.);
#3483=B_SPLINE_SURFACE_WITH_KNOTS('',1,1,((#3700,#3701),(#3702,#3703)),
 .UNSPECIFIED.,.F.,.F.,.F.,(2,2),(2,2),(0.,9.51988161196497),(0.,9.38388330322261),
 .UNSPECIFIED.);
#3484=B_SPLINE_SURFACE_WITH_KNOTS('',1,1,((#3795,#3796),(#3797,#3798)),
 .UNSPECIFIED.,.F.,.F.,.F.,(2,2),(2,2),(0.,9.51988161196497),(0.,9.38388330322261),
 .UNSPECIFIED.);
#3485=B_SPLINE_SURFACE_WITH_KNOTS('',1,1,((#3890,#3891),(#3892,#3893)),
 .UNSPECIFIED.,.F.,.F.,.F.,(2,2),(2,2),(0.,9.51988161196497),(0.,9.38388330322261),
 .UNSPECIFIED.);
#3486=B_SPLINE_SURFACE_WITH_KNOTS('',1,1,((#3985,#3986),(#3987,#3988)),
 .UNSPECIFIED.,.F.,.F.,.F.,(2,2),(2,2),(0.,9.51988161196497),(0.,9.38388330322261),
 .UNSPECIFIED.);
#3487=B_SPLINE_SURFACE_WITH_KNOTS('',1,1,((#4080,#4081),(#4082,#4083)),
 .UNSPECIFIED.,.F.,.F.,.F.,(2,2),(2,2),(0.,9.51988161196497),(0.,9.38388330322261),
 .UNSPECIFIED.);
#3488=B_SPLINE_SURFACE_WITH_KNOTS('',1,1,((#4175,#4176),(#4177,#4178)),
 .UNSPECIFIED.,.F.,.F.,.F.,(2,2),(2,2),(0.,9.51988161196497),(0.,9.38388330322261),
 .UNSPECIFIED.);
#3489=B_SPLINE_SURFACE_WITH_KNOTS('',1,1,((#4270,#4271),(#4272,#4273)),
 .UNSPECIFIED.,.F.,.F.,.F.,(2,2),(2,2),(0.,9.51988161196497),(0.,9.38388330322261),
 .UNSPECIFIED.);
#3490=B_SPLINE_SURFACE_WITH_KNOTS('',1,1,((#4365,#4366),(#4367,#4368)),
 .UNSPECIFIED.,.F.,.F.,.F.,(2,2),(2,2),(0.,9.51988161196497),(0.,9.38388330322261),
 .UNSPECIFIED.);
#3491=B_SPLINE_SURFACE_WITH_KNOTS('',1,1,((#4460,#4461),(#4462,#4463)),
 .UNSPECIFIED.,.F.,.F.,.F.,(2,2),(2,2),(0.,9.51988161196497),(0.,9.38388330322261),
 .UNSPECIFIED.);
#3492=B_SPLINE_SURFACE_WITH_KNOTS('',1,1,((#4555,#4556),(#4557,#4558)),
 .UNSPECIFIED.,.F.,.F.,.F.,(2,2),(2,2),(0.,9.51988161196497),(0.,9.38388330322261),
 .UNSPECIFIED.);
#3493=B_SPLINE_SURFACE_WITH_KNOTS('',1,1,((#4650,#4651),(#4652,#4653)),
 .UNSPECIFIED.,.F.,.F.,.F.,(2,2),(2,2),(0.,9.51988161196497),(0.,9.38388330322261),
 .UNSPECIFIED.);
#3494=B_SPLINE_SURFACE_WITH_KNOTS('',1,1,((#4745,#4746),(#4747,#4748)),
 .UNSPECIFIED.,.F.,.F.,.F.,(2,2),(2,2),(0.,9.51988161196497),(0.,9.38388330322261),
 .UNSPECIFIED.);
#3495=B_SPLINE_SURFACE_WITH_KNOTS('',1,1,((#4840,#4841),(#4842,#4843)),
 .UNSPECIFIED.,.F.,.F.,.F.,(2,2),(2,2),(0.,9.51988161196497),(0.,9.38388330322261),
 .UNSPECIFIED.);
#3496=B_SPLINE_SURFACE_WITH_KNOTS('',1,1,((#4935,#4936),(#4937,#4938)),
 .UNSPECIFIED.,.F.,.F.,.F.,(2,2),(2,2),(0.,9.51988161196497),(0.,9.38388330322261),
 .UNSPECIFIED.);
#3497=B_SPLINE_SURFACE_WITH_KNOTS('',1,1,((#5030,#5031),(#5032,#5033)),
 .UNSPECIFIED.,.F.,.F.,.F.,(2,2),(2,2),(0.,9.51988161196497),(0.,9.38388330322261),
 .UNSPECIFIED.);
#3498=B_SPLINE_SURFACE_WITH_KNOTS('',1,1,((#5125,#5126),(#5127,#5128)),
 .UNSPECIFIED.,.F.,.F.,.F.,(2,2),(2,2),(0.,9.51988161196497),(0.,9.38388330322261),
 .UNSPECIFIED.);
#3499=B_SPLINE_SURFACE_WITH_KNOTS('',1,1,((#5220,#5221),(#5222,#5223)),
 .UNSPECIFIED.,.F.,.F.,.F.,(2,2),(2,2),(0.,9.51988161196497),(0.,9.38388330322261),
 .UNSPECIFIED.);
#3500=B_SPLINE_SURFACE_WITH_KNOTS('',1,1,((#5315,#5316),(#5317,#5318)),
 .UNSPECIFIED.,.F.,.F.,.F.,(2,2),(2,2),(0.,9.51988161196497),(0.,9.38388330322261),
 .UNSPECIFIED.);
#3501=B_SPLINE_SURFACE_WITH_KNOTS('',1,1,((#5410,#5411),(#5412,#5413)),
 .UNSPECIFIED.,.F.,.F.,.F.,(2,2),(2,2),(0.,9.51988161196497),(0.,9.38388330322261),
 .UNSPECIFIED.);
#3502=B_SPLINE_SURFACE_WITH_KNOTS('',1,1,((#5505,#5506),(#5507,#5508)),
 .UNSPECIFIED.,.F.,.F.,.F.,(2,2),(2,2),(0.,9.51988161196497),(0.,9.38388330322261),
 .UNSPECIFIED.);
#3503=B_SPLINE_SURFACE_WITH_KNOTS('',1,1,((#5600,#5601),(#5602,#5603)),
 .UNSPECIFIED.,.F.,.F.,.F.,(2,2),(2,2),(0.,9.51988161196497),(0.,9.38388330322261),
 .UNSPECIFIED.);
#3504=B_SPLINE_SURFACE_WITH_KNOTS('',1,1,((#5695,#5696),(#5697,#5698)),
 .UNSPECIFIED.,.F.,.F.,.F.,(2,2),(2,2),(0.,9.51988161196497),(0.,9.38388330322261),
 .UNSPECIFIED.);
#3505=B_SPLINE_SURFACE_WITH_KNOTS('',1,1,((#5790,#5791),(#5792,#5793)),
 .UNSPECIFIED.,.F.,.F.,.F.,(2,2),(2,2),(0.,9.51988161196497),(0.,9.38388330322261),
 .UNSPECIFIED.);
#3506=B_SPLINE_SURFACE_WITH_KNOTS('',1,1,((#5885,#5886),(#5887,#5888)),
 .UNSPECIFIED.,.F.,.F.,.F.,(2,2),(2,2),(0.,9.51988161196497),(0.,9.38388330322261),
 .UNSPECIFIED.);
#3507=B_SPLINE_SURFACE_WITH_KNOTS('',1,1,((#5980,#5981),(#5982,#5983)),
 .UNSPECIFIED.,.F.,.F.,.F.,(2,2),(2,2),(0.,9.51988161196497),(0.,9.38388330322261),
 .UNSPECIFIED.);
#3508=B_SPLINE_SURFACE_WITH_KNOTS('',1,1,((#6075,#6076),(#6077,#6078)),
 .UNSPECIFIED.,.F.,.F.,.F.,(2,2),(2,2),(0.,9.51988161196497),(0.,9.38388330322261),
 .UNSPECIFIED.);
#3509=B_SPLINE_SURFACE_WITH_KNOTS('',1,1,((#6170,#6171),(#6172,#6173)),
 .UNSPECIFIED.,.F.,.F.,.F.,(2,2),(2,2),(0.,9.51988161196497),(0.,9.38388330322261),
 .UNSPECIFIED.);
#3510=B_SPLINE_SURFACE_WITH_KNOTS('',1,1,((#6265,#6266),(#6267,#6268)),
 .UNSPECIFIED.,.F.,.F.,.F.,(2,2),(2,2),(0.,9.51988161196497),(0.,9.38388330322261),
 .UNSPECIFIED.);
#3511=B_SPLINE_SURFACE_WITH_KNOTS('',1,1,((#6360,#6361),(#6362,#6363)),
 .UNSPECIFIED.,.F.,.F.,.F.,(2,2),(2,2),(0.,9.51988161196497),(0.,9.38388330322261),
 .UNSPECIFIED.);
#3512=B_SPLINE_SURFACE_WITH_KNOTS('',1,1,((#6455,#6456),(#6457,#6458)),
 .UNSPECIFIED.,.F.,.F.,.F.,(2,2),(2,2),(0.,9.51988161196497),(0.,9.38388330322261),
 .UNSPECIFIED.);
#3513=B_SPLINE_SURFACE_WITH_KNOTS('',1,1,((#6550,#6551),(#6552,#6553)),
 .UNSPECIFIED.,.F.,.F.,.F.,(2,2),(2,2),(0.,9.51988161196497),(0.,9.38388330322261),
 .UNSPECIFIED.);
#3514=B_SPLINE_SURFACE_WITH_KNOTS('',1,1,((#6645,#6646),(#6647,#6648)),
 .UNSPECIFIED.,.F.,.F.,.F.,(2,2),(2,2),(0.,9.51988161196497),(0.,9.38388330322261),
 .UNSPECIFIED.);
#3515=B_SPLINE_SURFACE_WITH_KNOTS('',1,1,((#6740,#6741),(#6742,#6743)),
 .UNSPECIFIED.,.F.,.F.,.F.,(2,2),(2,2),(0.,9.51988161196497),(0.,9.38388330322261),
 .UNSPECIFIED.);
#3516=B_SPLINE_SURFACE_WITH_KNOTS('',1,1,((#6835,#6836),(#6837,#6838)),
 .UNSPECIFIED.,.F.,.F.,.F.,(2,2),(2,2),(0.,9.51988161196497),(0.,9.38388330322261),
 .UNSPECIFIED.);
#3517=B_SPLINE_SURFACE_WITH_KNOTS('',1,1,((#6930,#6931),(#6932,#6933)),
 .UNSPECIFIED.,.F.,.F.,.F.,(2,2),(2,2),(0.,9.51988161196497),(0.,9.38388330322261),
 .UNSPECIFIED.);
#3518=B_SPLINE_SURFACE_WITH_KNOTS('',1,1,((#7025,#7026),(#7027,#7028)),
 .UNSPECIFIED.,.F.,.F.,.F.,(2,2),(2,2),(0.,9.51988161196497),(0.,9.38388330322261),
 .UNSPECIFIED.);
#3519=B_SPLINE_SURFACE_WITH_KNOTS('',1,1,((#7095,#7096),(#7097,#7098)),
 .UNSPECIFIED.,.F.,.F.,.F.,(2,2),(2,2),(0.,6.13),(0.,0.46),
 .UNSPECIFIED.);
#3520=B_SPLINE_SURFACE_WITH_KNOTS('',1,1,((#7099,#7100),(#7101,#7102)),
 .UNSPECIFIED.,.F.,.F.,.F.,(2,2),(2,2),(6.13,12.26),(0.,0.46),
 .UNSPECIFIED.);
#3521=B_SPLINE_SURFACE_WITH_KNOTS('',1,1,((#7103,#7104),(#7105,#7106)),
 .UNSPECIFIED.,.F.,.F.,.F.,(2,2),(2,2),(12.26,18.39),(0.,0.46),
 .UNSPECIFIED.);
#3522=B_SPLINE_SURFACE_WITH_KNOTS('',1,1,((#7107,#7108),(#7109,#7110)),
 .UNSPECIFIED.,.F.,.F.,.F.,(2,2),(2,2),(18.39,24.52),(0.,0.46),
 .UNSPECIFIED.);
#3523=B_SPLINE_SURFACE_WITH_KNOTS('',1,1,((#7111,#7112),(#7113,#7114)),
 .UNSPECIFIED.,.F.,.F.,.F.,(2,2),(2,2),(0.,6.13),(0.,6.13),
 .UNSPECIFIED.);
#3524=B_SPLINE_SURFACE_WITH_KNOTS('',1,1,((#7115,#7116),(#7117,#7118)),
 .UNSPECIFIED.,.F.,.F.,.F.,(2,2),(2,2),(0.,6.13),(0.,6.13),
 .UNSPECIFIED.);
#3525=B_SPLINE_SURFACE_WITH_KNOTS('',1,1,((#7199,#7200),(#7201,#7202)),
 .UNSPECIFIED.,.F.,.F.,.F.,(2,2),(2,2),(0.,6.13),(0.,0.09),
 .UNSPECIFIED.);
#3526=B_SPLINE_SURFACE_WITH_KNOTS('',1,1,((#7203,#7204),(#7205,#7206)),
 .UNSPECIFIED.,.F.,.F.,.F.,(2,2),(2,2),(6.13,12.26),(0.,0.09),
 .UNSPECIFIED.);
#3527=B_SPLINE_SURFACE_WITH_KNOTS('',1,1,((#7207,#7208),(#7209,#7210)),
 .UNSPECIFIED.,.F.,.F.,.F.,(2,2),(2,2),(12.26,18.39),(0.,0.09),
 .UNSPECIFIED.);
#3528=B_SPLINE_SURFACE_WITH_KNOTS('',1,1,((#7211,#7212),(#7213,#7214)),
 .UNSPECIFIED.,.F.,.F.,.F.,(2,2),(2,2),(18.39,24.52),(0.,0.09),
 .UNSPECIFIED.);
#3529=B_SPLINE_SURFACE_WITH_KNOTS('',1,1,((#7215,#7216),(#7217,#7218)),
 .UNSPECIFIED.,.F.,.F.,.F.,(2,2),(2,2),(0.,6.13),(0.,6.13),
 .UNSPECIFIED.);
#3530=B_SPLINE_SURFACE_WITH_KNOTS('',1,1,((#7219,#7220),(#7221,#7222)),
 .UNSPECIFIED.,.F.,.F.,.F.,(2,2),(2,2),(0.,6.13),(0.,6.13),
 .UNSPECIFIED.);
#3531=B_SPLINE_SURFACE_WITH_KNOTS('',1,1,((#7303,#7304),(#7305,#7306)),
 .UNSPECIFIED.,.F.,.F.,.F.,(2,2),(2,2),(-12.,-11.),(0.,0.596083465945391),
 .UNSPECIFIED.);
#3532=B_SPLINE_SURFACE_WITH_KNOTS('',1,1,((#7307,#7308),(#7309,#7310)),
 .UNSPECIFIED.,.F.,.F.,.F.,(2,2),(2,2),(-11.,-10.),(0.,0.596083465945391),
 .UNSPECIFIED.);
#3533=B_SPLINE_SURFACE_WITH_KNOTS('',1,1,((#7311,#7312),(#7313,#7314)),
 .UNSPECIFIED.,.F.,.F.,.F.,(2,2),(2,2),(-10.,-9.),(0.,0.596083465945391),
 .UNSPECIFIED.);
#3534=B_SPLINE_SURFACE_WITH_KNOTS('',1,1,((#7315,#7316),(#7317,#7318)),
 .UNSPECIFIED.,.F.,.F.,.F.,(2,2),(2,2),(-9.,-8.),(0.,0.596083465945391),
 .UNSPECIFIED.);
#3535=B_SPLINE_SURFACE_WITH_KNOTS('',1,1,((#7319,#7320),(#7321,#7322)),
 .UNSPECIFIED.,.F.,.F.,.F.,(2,2),(2,2),(-8.,-7.),(0.,0.596083465945391),
 .UNSPECIFIED.);
#3536=B_SPLINE_SURFACE_WITH_KNOTS('',1,1,((#7323,#7324),(#7325,#7326)),
 .UNSPECIFIED.,.F.,.F.,.F.,(2,2),(2,2),(-7.,-6.),(0.,0.596083465945391),
 .UNSPECIFIED.);
#3537=B_SPLINE_SURFACE_WITH_KNOTS('',1,1,((#7327,#7328),(#7329,#7330)),
 .UNSPECIFIED.,.F.,.F.,.F.,(2,2),(2,2),(-6.,-5.),(0.,0.596083465945391),
 .UNSPECIFIED.);
#3538=B_SPLINE_SURFACE_WITH_KNOTS('',1,1,((#7331,#7332),(#7333,#7334)),
 .UNSPECIFIED.,.F.,.F.,.F.,(2,2),(2,2),(-5.,-4.),(0.,0.596083465945391),
 .UNSPECIFIED.);
#3539=B_SPLINE_SURFACE_WITH_KNOTS('',1,1,((#7335,#7336),(#7337,#7338)),
 .UNSPECIFIED.,.F.,.F.,.F.,(2,2),(2,2),(-4.,-3.),(0.,0.596083465945391),
 .UNSPECIFIED.);
#3540=B_SPLINE_SURFACE_WITH_KNOTS('',1,1,((#7339,#7340),(#7341,#7342)),
 .UNSPECIFIED.,.F.,.F.,.F.,(2,2),(2,2),(-3.,-2.),(0.,0.596083465945391),
 .UNSPECIFIED.);
#3541=B_SPLINE_SURFACE_WITH_KNOTS('',1,1,((#7343,#7344),(#7345,#7346)),
 .UNSPECIFIED.,.F.,.F.,.F.,(2,2),(2,2),(-2.,-1.),(0.,0.596083465945391),
 .UNSPECIFIED.);
#3542=B_SPLINE_SURFACE_WITH_KNOTS('',1,1,((#7347,#7348),(#7349,#7350)),
 .UNSPECIFIED.,.F.,.F.,.F.,(2,2),(2,2),(-1.,0.),(0.,0.596083465945391),
 .UNSPECIFIED.);
#3543=B_SPLINE_SURFACE_WITH_KNOTS('',1,1,((#7351,#7352),(#7353,#7354)),
 .UNSPECIFIED.,.F.,.F.,.F.,(2,2),(2,2),(0.,0.696695950475903),(-0.261006092666094,
0.435689857809808),.UNSPECIFIED.);
#3544=B_SPLINE_SURFACE_WITH_KNOTS('',1,1,((#7355,#7356),(#7357,#7358)),
 .UNSPECIFIED.,.F.,.F.,.F.,(2,2),(2,2),(-0.261006092666094,0.435689857809808),
(0.,0.696695950475903),.UNSPECIFIED.);
#3545=SHAPE_DEFINITION_REPRESENTATION(#3546,#3563);
#3546=PRODUCT_DEFINITION_SHAPE('Document','',#3548);
#3547=PRODUCT_DEFINITION_CONTEXT('3D Mechanical Parts',#3552,'design');
#3548=PRODUCT_DEFINITION('A','First version',#3549,#3547);
#3549=PRODUCT_DEFINITION_FORMATION_WITH_SPECIFIED_SOURCE('A',
'First version',#3554,.MADE.);
#3550=PRODUCT_RELATED_PRODUCT_CATEGORY('tool','tool',(#3554));
#3551=APPLICATION_PROTOCOL_DEFINITION('Draft International Standard',
'automotive_design',1999,#3552);
#3552=APPLICATION_CONTEXT(
'data for automotive mechanical design processes');
#3553=PRODUCT_CONTEXT('3D Mechanical Parts',#3552,'mechanical');
#3554=PRODUCT('Document','Document','',(#3553));
#3555=(
LENGTH_UNIT()
NAMED_UNIT(*)
SI_UNIT(.MILLI.,.METRE.)
);
#3556=(
NAMED_UNIT(*)
PLANE_ANGLE_UNIT()
SI_UNIT($,.RADIAN.)
);
#3557=DIMENSIONAL_EXPONENTS(0.,0.,0.,0.,0.,0.,0.);
#3558=PLANE_ANGLE_MEASURE_WITH_UNIT(PLANE_ANGLE_MEASURE(0.01745329252),
#3556);
#3559=(
CONVERSION_BASED_UNIT('DEGREES',#3558)
NAMED_UNIT(#3557)
PLANE_ANGLE_UNIT()
);
#3560=(
NAMED_UNIT(*)
SI_UNIT($,.STERADIAN.)
SOLID_ANGLE_UNIT()
);
#3561=UNCERTAINTY_MEASURE_WITH_UNIT(LENGTH_MEASURE(0.001),#3555,
'DISTANCE_ACCURACY_VALUE',
'Maximum model space distance between geometric entities at asserted c
onnectivities');
#3562=(
GEOMETRIC_REPRESENTATION_CONTEXT(3)
GLOBAL_UNCERTAINTY_ASSIGNED_CONTEXT((#3561))
GLOBAL_UNIT_ASSIGNED_CONTEXT((#3560,#3559,#3555))
REPRESENTATION_CONTEXT('ID1','3D')
);
#3563=SHAPE_REPRESENTATION('Document',(#3564,#3565),#3562);
#3564=AXIS2_PLACEMENT_3D('',#3570,#3566,#3567);
#3565=AXIS2_PLACEMENT_3D('',#7599,#3568,#3569);
#3566=DIRECTION('',(0.,0.,1.));
#3567=DIRECTION('',(1.,0.,0.));
#3568=DIRECTION('',(0.,0.,1.));
#3569=DIRECTION('',(1.,0.,0.));
#3570=CARTESIAN_POINT('',(0.,0.,0.));
#3571=CARTESIAN_POINT('',(0.,3.,0.));
#3572=CARTESIAN_POINT('',(0.,3.,0.12));
#3573=CARTESIAN_POINT('',(6.13,3.,0.));
#3574=CARTESIAN_POINT('',(6.13,3.,0.12));
#3575=CARTESIAN_POINT('',(6.13,3.,0.));
#3576=CARTESIAN_POINT('',(6.13,3.,0.12));
#3577=CARTESIAN_POINT('',(6.13,3.05,0.));
#3578=CARTESIAN_POINT('',(6.13,3.05,0.12));
#3579=CARTESIAN_POINT('',(6.13,3.05,0.));
#3580=CARTESIAN_POINT('',(6.13,3.05,0.12));
#3581=CARTESIAN_POINT('',(0.,3.05,0.));
#3582=CARTESIAN_POINT('',(0.,3.05,0.12));
#3583=CARTESIAN_POINT('',(0.,3.05,0.));
#3584=CARTESIAN_POINT('',(0.,3.05,0.12));
#3585=CARTESIAN_POINT('',(0.,3.,0.));
#3586=CARTESIAN_POINT('',(0.,3.,0.12));
#3587=CARTESIAN_POINT('',(0.,3.,0.));
#3588=CARTESIAN_POINT('',(6.13,3.,0.));
#3589=CARTESIAN_POINT('',(0.,3.05,0.));
#3590=CARTESIAN_POINT('',(6.13,3.05,0.));
#3591=CARTESIAN_POINT('',(0.,3.,0.12));
#3592=CARTESIAN_POINT('',(0.,3.05,0.12));
#3593=CARTESIAN_POINT('',(6.13,3.,0.12));
#3594=CARTESIAN_POINT('',(6.13,3.05,0.12));
#3595=CARTESIAN_POINT('',(0.,3.,0.));
#3596=CARTESIAN_POINT('',(6.13,3.,0.));
#3597=CARTESIAN_POINT('',(6.13,3.,0.12));
#3598=CARTESIAN_POINT('',(0.,3.,0.12));
#3599=CARTESIAN_POINT('',(6.13,3.05,0.));
#3600=CARTESIAN_POINT('',(6.13,3.05,0.12));
#3601=CARTESIAN_POINT('',(0.,3.05,0.));
#3602=CARTESIAN_POINT('',(0.,3.05,0.12));
#3603=CARTESIAN_POINT('',(0.,3.,0.));
#3604=CARTESIAN_POINT('',(6.13,3.,0.));
#3605=CARTESIAN_POINT('',(0.,0.));
#3606=CARTESIAN_POINT('',(6.13,0.));
#3607=CARTESIAN_POINT('',(6.13,3.,0.));
#3608=CARTESIAN_POINT('',(6.13,3.,0.12));
#3609=CARTESIAN_POINT('',(6.13,0.));
#3610=CARTESIAN_POINT('',(6.13,0.12));
#3611=CARTESIAN_POINT('',(6.13,3.,0.12));
#3612=CARTESIAN_POINT('',(0.,3.,0.12));
#3613=CARTESIAN_POINT('',(6.13,0.12));
#3614=CARTESIAN_POINT('',(0.,0.12));
#3615=CARTESIAN_POINT('',(0.,3.,0.12));
#3616=CARTESIAN_POINT('',(0.,3.,0.));
#3617=CARTESIAN_POINT('',(0.,0.12));
#3618=CARTESIAN_POINT('',(0.,0.));
#3619=CARTESIAN_POINT('',(6.13,3.,0.));
#3620=CARTESIAN_POINT('',(6.13,3.05,0.));
#3621=CARTESIAN_POINT('',(6.13,0.));
#3622=CARTESIAN_POINT('',(6.18,0.));
#3623=CARTESIAN_POINT('',(6.13,3.05,0.));
#3624=CARTESIAN_POINT('',(6.13,3.05,0.12));
#3625=CARTESIAN_POINT('',(6.18,0.));
#3626=CARTESIAN_POINT('',(6.18,0.12));
#3627=CARTESIAN_POINT('',(6.13,3.05,0.12));
#3628=CARTESIAN_POINT('',(6.13,3.,0.12));
#3629=CARTESIAN_POINT('',(6.18,0.12));
#3630=CARTESIAN_POINT('',(6.13,0.12));
#3631=CARTESIAN_POINT('',(6.13,0.));
#3632=CARTESIAN_POINT('',(6.13,0.12));
#3633=CARTESIAN_POINT('',(6.13,3.05,0.));
#3634=CARTESIAN_POINT('',(0.,3.05,0.));
#3635=CARTESIAN_POINT('',(6.18,0.));
#3636=CARTESIAN_POINT('',(12.31,0.));
#3637=CARTESIAN_POINT('',(0.,3.05,0.));
#3638=CARTESIAN_POINT('',(0.,3.05,0.12));
#3639=CARTESIAN_POINT('',(12.31,0.));
#3640=CARTESIAN_POINT('',(12.31,0.12));
#3641=CARTESIAN_POINT('',(0.,3.05,0.12));
#3642=CARTESIAN_POINT('',(6.13,3.05,0.12));
#3643=CARTESIAN_POINT('',(12.31,0.12));
#3644=CARTESIAN_POINT('',(6.18,0.12));
#3645=CARTESIAN_POINT('',(6.18,0.));
#3646=CARTESIAN_POINT('',(6.18,0.12));
#3647=CARTESIAN_POINT('',(0.,3.05,0.));
#3648=CARTESIAN_POINT('',(0.,3.,0.));
#3649=CARTESIAN_POINT('',(12.31,0.));
#3650=CARTESIAN_POINT('',(12.36,0.));
#3651=CARTESIAN_POINT('',(12.36,0.12));
#3652=CARTESIAN_POINT('',(12.36,0.));
#3653=CARTESIAN_POINT('',(0.,3.,0.12));
#3654=CARTESIAN_POINT('',(0.,3.05,0.12));
#3655=CARTESIAN_POINT('',(12.36,0.12));
#3656=CARTESIAN_POINT('',(12.31,0.12));
#3657=CARTESIAN_POINT('',(12.31,0.));
#3658=CARTESIAN_POINT('',(12.31,0.12));
#3659=CARTESIAN_POINT('',(0.0499999999999998,0.));
#3660=CARTESIAN_POINT('',(0.,0.));
#3661=CARTESIAN_POINT('',(0.0499999999999998,6.13));
#3662=CARTESIAN_POINT('',(0.0499999999999998,0.));
#3663=CARTESIAN_POINT('',(0.,6.13));
#3664=CARTESIAN_POINT('',(0.0499999999999998,6.13));
#3665=CARTESIAN_POINT('',(0.,0.));
#3666=CARTESIAN_POINT('',(0.,6.13));
#3667=CARTESIAN_POINT('',(6.13,0.));
#3668=CARTESIAN_POINT('',(0.,0.));
#3669=CARTESIAN_POINT('',(6.13,0.0499999999999998));
#3670=CARTESIAN_POINT('',(6.13,0.));
#3671=CARTESIAN_POINT('',(0.,0.0499999999999998));
#3672=CARTESIAN_POINT('',(6.13,0.0499999999999998));
#3673=CARTESIAN_POINT('',(0.,0.));
#3674=CARTESIAN_POINT('',(0.,0.0499999999999998));
#3675=CARTESIAN_POINT('',(5.565,5.565,-0.18));
#3676=CARTESIAN_POINT('',(5.745,5.565,-0.18));
#3677=CARTESIAN_POINT('',(5.745,5.565,4.44893300389316E-17));
#3678=CARTESIAN_POINT('',(5.745,5.565,0.18));
#3679=CARTESIAN_POINT('',(5.565,5.565,0.18));
#3680=CARTESIAN_POINT('',(5.565,5.565,-0.18));
#3681=CARTESIAN_POINT('',(5.745,5.745,-0.18));
#3682=CARTESIAN_POINT('',(5.745,5.745,4.44893300389316E-17));
#3683=CARTESIAN_POINT('',(5.745,5.745,0.18));
#3684=CARTESIAN_POINT('',(5.565,5.565,0.18));
#3685=CARTESIAN_POINT('',(5.565,5.565,-0.18));
#3686=CARTESIAN_POINT('',(5.565,5.745,-0.18));
#3687=CARTESIAN_POINT('',(5.565,5.745,4.44893300389316E-17));
#3688=CARTESIAN_POINT('',(5.565,5.745,0.18));
#3689=CARTESIAN_POINT('',(5.565,5.565,0.18));
#3690=CARTESIAN_POINT('',(5.565,5.565,-0.18));
#3691=CARTESIAN_POINT('',(5.385,5.745,-0.18));
#3692=CARTESIAN_POINT('',(5.385,5.745,4.44893300389316E-17));
#3693=CARTESIAN_POINT('',(5.385,5.745,0.18));
#3694=CARTESIAN_POINT('',(5.565,5.565,0.18));
#3695=CARTESIAN_POINT('',(5.565,5.565,-0.18));
#3696=CARTESIAN_POINT('',(5.385,5.565,-0.18));
#3697=CARTESIAN_POINT('',(5.385,5.565,4.44893300389316E-17));
#3698=CARTESIAN_POINT('',(5.385,5.565,0.18));
#3699=CARTESIAN_POINT('',(5.565,5.565,0.18));
#3700=CARTESIAN_POINT('',(-1.66794463719411,-1.74199614855058,0.));
#3701=CARTESIAN_POINT('',(-1.66794463719411,7.64188715467203,0.));
#3702=CARTESIAN_POINT('',(7.85193697477085,-1.74199614855058,0.));
#3703=CARTESIAN_POINT('',(7.85193697477085,7.64188715467203,0.));
#3704=CARTESIAN_POINT('',(5.565,5.565,-0.18));
#3705=CARTESIAN_POINT('',(5.385,5.565,-0.18));
#3706=CARTESIAN_POINT('',(5.385,5.565,4.44893300389316E-17));
#3707=CARTESIAN_POINT('',(5.385,5.565,0.18));
#3708=CARTESIAN_POINT('',(5.565,5.565,0.18));
#3709=CARTESIAN_POINT('',(5.565,5.565,-0.18));
#3710=CARTESIAN_POINT('',(5.385,5.385,-0.18));
#3711=CARTESIAN_POINT('',(5.385,5.385,4.44893300389316E-17));
#3712=CARTESIAN_POINT('',(5.385,5.385,0.18));
#3713=CARTESIAN_POINT('',(5.565,5.565,0.18));
#3714=CARTESIAN_POINT('',(5.565,5.565,-0.18));
#3715=CARTESIAN_POINT('',(5.565,5.385,-0.18));
#3716=CARTESIAN_POINT('',(5.565,5.385,4.44893300389316E-17));
#3717=CARTESIAN_POINT('',(5.565,5.385,0.18));
#3718=CARTESIAN_POINT('',(5.565,5.565,0.18));
#3719=CARTESIAN_POINT('',(5.565,5.565,-0.18));
#3720=CARTESIAN_POINT('',(5.745,5.385,-0.18));
#3721=CARTESIAN_POINT('',(5.745,5.385,4.44893300389316E-17));
#3722=CARTESIAN_POINT('',(5.745,5.385,0.18));
#3723=CARTESIAN_POINT('',(5.565,5.565,0.18));
#3724=CARTESIAN_POINT('',(5.565,5.565,-0.18));
#3725=CARTESIAN_POINT('',(5.745,5.565,-0.18));
#3726=CARTESIAN_POINT('',(5.745,5.565,4.44893300389316E-17));
#3727=CARTESIAN_POINT('',(5.745,5.565,0.18));
#3728=CARTESIAN_POINT('',(5.565,5.565,0.18));
#3729=CARTESIAN_POINT('',(5.565,5.565,-0.18));
#3730=CARTESIAN_POINT('',(5.745,5.565,-3.77073783102926E-17));
#3731=CARTESIAN_POINT('',(5.385,5.565,5.55111512312578E-17));
#3732=CARTESIAN_POINT('',(5.565,5.565,-0.18));
#3733=CARTESIAN_POINT('',(5.385,5.565,-0.18));
#3734=CARTESIAN_POINT('',(5.385,5.565,-7.54147566205853E-17));
#3735=CARTESIAN_POINT('',(0.565486677646163,-0.282743338823081));
#3736=CARTESIAN_POINT('',(0.565486677646163,-1.66533453693773E-16));
#3737=CARTESIAN_POINT('',(5.385,5.565,5.55111512312578E-17));
#3738=CARTESIAN_POINT('',(5.385,5.745,0.));
#3739=CARTESIAN_POINT('',(5.565,5.745,5.55111512312578E-17));
#3740=CARTESIAN_POINT('',(5.745,5.745,0.));
#3741=CARTESIAN_POINT('',(5.745,5.565,5.55111512312578E-17));
#3742=CARTESIAN_POINT('',(0.565486677646163,-1.66533453693773E-16));
#3743=CARTESIAN_POINT('',(0.,-1.66533453693773E-16));
#3744=CARTESIAN_POINT('',(5.745,5.565,-7.54147566205853E-17));
#3745=CARTESIAN_POINT('',(5.745,5.565,-0.18));
#3746=CARTESIAN_POINT('',(5.565,5.565,-0.18));
#3747=CARTESIAN_POINT('',(0.,-1.66533453693773E-16));
#3748=CARTESIAN_POINT('',(0.,-0.282743338823081));
#3749=CARTESIAN_POINT('',(7.05294463719411,7.30699614855058));
#3750=CARTESIAN_POINT('',(7.05294463719411,7.48699614855058));
#3751=CARTESIAN_POINT('',(7.23294463719411,7.48699614855058));
#3752=CARTESIAN_POINT('',(7.41294463719411,7.48699614855058));
#3753=CARTESIAN_POINT('',(7.41294463719411,7.30699614855058));
#3754=CARTESIAN_POINT('',(5.385,5.565,5.55111512312578E-17));
#3755=CARTESIAN_POINT('',(5.385,5.385,0.));
#3756=CARTESIAN_POINT('',(5.565,5.385,5.55111512312578E-17));
#3757=CARTESIAN_POINT('',(5.745,5.385,0.));
#3758=CARTESIAN_POINT('',(5.745,5.565,5.55111512312578E-17));
#3759=CARTESIAN_POINT('',(7.05294463719411,7.30699614855058));
#3760=CARTESIAN_POINT('',(7.05294463719411,7.12699614855058));
#3761=CARTESIAN_POINT('',(7.23294463719411,7.12699614855058));
#3762=CARTESIAN_POINT('',(7.41294463719411,7.12699614855058));
#3763=CARTESIAN_POINT('',(7.41294463719411,7.30699614855058));
#3764=CARTESIAN_POINT('',(1.13097335529233,-1.66533453693773E-16));
#3765=CARTESIAN_POINT('',(1.13097335529233,-0.282743338823081));
#3766=CARTESIAN_POINT('',(0.565486677646163,-1.66533453693773E-16));
#3767=CARTESIAN_POINT('',(1.13097335529233,-1.66533453693773E-16));
#3768=CARTESIAN_POINT('',(0.565486677646163,-0.282743338823081));
#3769=CARTESIAN_POINT('',(0.565486677646163,-1.66533453693773E-16));
#3770=CARTESIAN_POINT('',(4.565,5.565,-0.18));
#3771=CARTESIAN_POINT('',(4.745,5.565,-0.18));
#3772=CARTESIAN_POINT('',(4.745,5.565,4.44893300389316E-17));
#3773=CARTESIAN_POINT('',(4.745,5.565,0.18));
#3774=CARTESIAN_POINT('',(4.565,5.565,0.18));
#3775=CARTESIAN_POINT('',(4.565,5.565,-0.18));
#3776=CARTESIAN_POINT('',(4.745,5.745,-0.18));
#3777=CARTESIAN_POINT('',(4.745,5.745,4.44893300389316E-17));
#3778=CARTESIAN_POINT('',(4.745,5.745,0.18));
#3779=CARTESIAN_POINT('',(4.565,5.565,0.18));
#3780=CARTESIAN_POINT('',(4.565,5.565,-0.18));
#3781=CARTESIAN_POINT('',(4.565,5.745,-0.18));
#3782=CARTESIAN_POINT('',(4.565,5.745,4.44893300389316E-17));
#3783=CARTESIAN_POINT('',(4.565,5.745,0.18));
#3784=CARTESIAN_POINT('',(4.565,5.565,0.18));
#3785=CARTESIAN_POINT('',(4.565,5.565,-0.18));
#3786=CARTESIAN_POINT('',(4.385,5.745,-0.18));
#3787=CARTESIAN_POINT('',(4.385,5.745,4.44893300389316E-17));
#3788=CARTESIAN_POINT('',(4.385,5.745,0.18));
#3789=CARTESIAN_POINT('',(4.565,5.565,0.18));
#3790=CARTESIAN_POINT('',(4.565,5.565,-0.18));
#3791=CARTESIAN_POINT('',(4.385,5.565,-0.18));
#3792=CARTESIAN_POINT('',(4.385,5.565,4.44893300389316E-17));
#3793=CARTESIAN_POINT('',(4.385,5.565,0.18));
#3794=CARTESIAN_POINT('',(4.565,5.565,0.18));
#3795=CARTESIAN_POINT('',(-1.66794463719411,-1.74199614855058,0.));
#3796=CARTESIAN_POINT('',(-1.66794463719411,7.64188715467203,0.));
#3797=CARTESIAN_POINT('',(7.85193697477085,-1.74199614855058,0.));
#3798=CARTESIAN_POINT('',(7.85193697477085,7.64188715467203,0.));
#3799=CARTESIAN_POINT('',(4.565,5.565,-0.18));
#3800=CARTESIAN_POINT('',(4.385,5.565,-0.18));
#3801=CARTESIAN_POINT('',(4.385,5.565,4.44893300389316E-17));
#3802=CARTESIAN_POINT('',(4.385,5.565,0.18));
#3803=CARTESIAN_POINT('',(4.565,5.565,0.18));
#3804=CARTESIAN_POINT('',(4.565,5.565,-0.18));
#3805=CARTESIAN_POINT('',(4.385,5.385,-0.18));
#3806=CARTESIAN_POINT('',(4.385,5.385,4.44893300389316E-17));
#3807=CARTESIAN_POINT('',(4.385,5.385,0.18));
#3808=CARTESIAN_POINT('',(4.565,5.565,0.18));
#3809=CARTESIAN_POINT('',(4.565,5.565,-0.18));
#3810=CARTESIAN_POINT('',(4.565,5.385,-0.18));
#3811=CARTESIAN_POINT('',(4.565,5.385,4.44893300389316E-17));
#3812=CARTESIAN_POINT('',(4.565,5.385,0.18));
#3813=CARTESIAN_POINT('',(4.565,5.565,0.18));
#3814=CARTESIAN_POINT('',(4.565,5.565,-0.18));
#3815=CARTESIAN_POINT('',(4.745,5.385,-0.18));
#3816=CARTESIAN_POINT('',(4.745,5.385,4.44893300389316E-17));
#3817=CARTESIAN_POINT('',(4.745,5.385,0.18));
#3818=CARTESIAN_POINT('',(4.565,5.565,0.18));
#3819=CARTESIAN_POINT('',(4.565,5.565,-0.18));
#3820=CARTESIAN_POINT('',(4.745,5.565,-0.18));
#3821=CARTESIAN_POINT('',(4.745,5.565,4.44893300389316E-17));
#3822=CARTESIAN_POINT('',(4.745,5.565,0.18));
#3823=CARTESIAN_POINT('',(4.565,5.565,0.18));
#3824=CARTESIAN_POINT('',(4.565,5.565,-0.18));
#3825=CARTESIAN_POINT('',(4.745,5.565,-3.77073783102926E-17));
#3826=CARTESIAN_POINT('',(4.385,5.565,5.55111512312578E-17));
#3827=CARTESIAN_POINT('',(4.565,5.565,-0.18));
#3828=CARTESIAN_POINT('',(4.385,5.565,-0.18));
#3829=CARTESIAN_POINT('',(4.385,5.565,-7.54147566205853E-17));
#3830=CARTESIAN_POINT('',(0.565486677646163,-0.282743338823081));
#3831=CARTESIAN_POINT('',(0.565486677646163,-1.66533453693773E-16));
#3832=CARTESIAN_POINT('',(4.385,5.565,5.55111512312578E-17));
#3833=CARTESIAN_POINT('',(4.385,5.745,0.));
#3834=CARTESIAN_POINT('',(4.565,5.745,5.55111512312578E-17));
#3835=CARTESIAN_POINT('',(4.745,5.745,0.));
#3836=CARTESIAN_POINT('',(4.745,5.565,5.55111512312578E-17));
#3837=CARTESIAN_POINT('',(0.565486677646163,-1.66533453693773E-16));
#3838=CARTESIAN_POINT('',(0.,-1.66533453693773E-16));
#3839=CARTESIAN_POINT('',(4.745,5.565,-7.54147566205853E-17));
#3840=CARTESIAN_POINT('',(4.745,5.565,-0.18));
#3841=CARTESIAN_POINT('',(4.565,5.565,-0.18));
#3842=CARTESIAN_POINT('',(0.,-1.66533453693773E-16));
#3843=CARTESIAN_POINT('',(0.,-0.282743338823081));
#3844=CARTESIAN_POINT('',(6.05294463719411,7.30699614855058));
#3845=CARTESIAN_POINT('',(6.05294463719411,7.48699614855058));
#3846=CARTESIAN_POINT('',(6.23294463719411,7.48699614855058));
#3847=CARTESIAN_POINT('',(6.41294463719411,7.48699614855058));
#3848=CARTESIAN_POINT('',(6.41294463719411,7.30699614855058));
#3849=CARTESIAN_POINT('',(4.385,5.565,5.55111512312578E-17));
#3850=CARTESIAN_POINT('',(4.385,5.385,0.));
#3851=CARTESIAN_POINT('',(4.565,5.385,5.55111512312578E-17));
#3852=CARTESIAN_POINT('',(4.745,5.385,0.));
#3853=CARTESIAN_POINT('',(4.745,5.565,5.55111512312578E-17));
#3854=CARTESIAN_POINT('',(6.05294463719411,7.30699614855058));
#3855=CARTESIAN_POINT('',(6.05294463719411,7.12699614855058));
#3856=CARTESIAN_POINT('',(6.23294463719411,7.12699614855058));
#3857=CARTESIAN_POINT('',(6.41294463719411,7.12699614855058));
#3858=CARTESIAN_POINT('',(6.41294463719411,7.30699614855058));
#3859=CARTESIAN_POINT('',(1.13097335529233,-1.66533453693773E-16));
#3860=CARTESIAN_POINT('',(1.13097335529233,-0.282743338823081));
#3861=CARTESIAN_POINT('',(0.565486677646163,-1.66533453693773E-16));
#3862=CARTESIAN_POINT('',(1.13097335529233,-1.66533453693773E-16));
#3863=CARTESIAN_POINT('',(0.565486677646163,-0.282743338823081));
#3864=CARTESIAN_POINT('',(0.565486677646163,-1.66533453693773E-16));
#3865=CARTESIAN_POINT('',(3.565,5.565,-0.18));
#3866=CARTESIAN_POINT('',(3.745,5.565,-0.18));
#3867=CARTESIAN_POINT('',(3.745,5.565,4.44893300389316E-17));
#3868=CARTESIAN_POINT('',(3.745,5.565,0.18));
#3869=CARTESIAN_POINT('',(3.565,5.565,0.18));
#3870=CARTESIAN_POINT('',(3.565,5.565,-0.18));
#3871=CARTESIAN_POINT('',(3.745,5.745,-0.18));
#3872=CARTESIAN_POINT('',(3.745,5.745,4.44893300389316E-17));
#3873=CARTESIAN_POINT('',(3.745,5.745,0.18));
#3874=CARTESIAN_POINT('',(3.565,5.565,0.18));
#3875=CARTESIAN_POINT('',(3.565,5.565,-0.18));
#3876=CARTESIAN_POINT('',(3.565,5.745,-0.18));
#3877=CARTESIAN_POINT('',(3.565,5.745,4.44893300389316E-17));
#3878=CARTESIAN_POINT('',(3.565,5.745,0.18));
#3879=CARTESIAN_POINT('',(3.565,5.565,0.18));
#3880=CARTESIAN_POINT('',(3.565,5.565,-0.18));
#3881=CARTESIAN_POINT('',(3.385,5.745,-0.18));
#3882=CARTESIAN_POINT('',(3.385,5.745,4.44893300389316E-17));
#3883=CARTESIAN_POINT('',(3.385,5.745,0.18));
#3884=CARTESIAN_POINT('',(3.565,5.565,0.18));
#3885=CARTESIAN_POINT('',(3.565,5.565,-0.18));
#3886=CARTESIAN_POINT('',(3.385,5.565,-0.18));
#3887=CARTESIAN_POINT('',(3.385,5.565,4.44893300389316E-17));
#3888=CARTESIAN_POINT('',(3.385,5.565,0.18));
#3889=CARTESIAN_POINT('',(3.565,5.565,0.18));
#3890=CARTESIAN_POINT('',(-1.66794463719411,-1.74199614855058,0.));
#3891=CARTESIAN_POINT('',(-1.66794463719411,7.64188715467203,0.));
#3892=CARTESIAN_POINT('',(7.85193697477085,-1.74199614855058,0.));
#3893=CARTESIAN_POINT('',(7.85193697477085,7.64188715467203,0.));
#3894=CARTESIAN_POINT('',(3.565,5.565,-0.18));
#3895=CARTESIAN_POINT('',(3.385,5.565,-0.18));
#3896=CARTESIAN_POINT('',(3.385,5.565,4.44893300389316E-17));
#3897=CARTESIAN_POINT('',(3.385,5.565,0.18));
#3898=CARTESIAN_POINT('',(3.565,5.565,0.18));
#3899=CARTESIAN_POINT('',(3.565,5.565,-0.18));
#3900=CARTESIAN_POINT('',(3.385,5.385,-0.18));
#3901=CARTESIAN_POINT('',(3.385,5.385,4.44893300389316E-17));
#3902=CARTESIAN_POINT('',(3.385,5.385,0.18));
#3903=CARTESIAN_POINT('',(3.565,5.565,0.18));
#3904=CARTESIAN_POINT('',(3.565,5.565,-0.18));
#3905=CARTESIAN_POINT('',(3.565,5.385,-0.18));
#3906=CARTESIAN_POINT('',(3.565,5.385,4.44893300389316E-17));
#3907=CARTESIAN_POINT('',(3.565,5.385,0.18));
#3908=CARTESIAN_POINT('',(3.565,5.565,0.18));
#3909=CARTESIAN_POINT('',(3.565,5.565,-0.18));
#3910=CARTESIAN_POINT('',(3.745,5.385,-0.18));
#3911=CARTESIAN_POINT('',(3.745,5.385,4.44893300389316E-17));
#3912=CARTESIAN_POINT('',(3.745,5.385,0.18));
#3913=CARTESIAN_POINT('',(3.565,5.565,0.18));
#3914=CARTESIAN_POINT('',(3.565,5.565,-0.18));
#3915=CARTESIAN_POINT('',(3.745,5.565,-0.18));
#3916=CARTESIAN_POINT('',(3.745,5.565,4.44893300389316E-17));
#3917=CARTESIAN_POINT('',(3.745,5.565,0.18));
#3918=CARTESIAN_POINT('',(3.565,5.565,0.18));
#3919=CARTESIAN_POINT('',(3.565,5.565,-0.18));
#3920=CARTESIAN_POINT('',(3.745,5.565,-3.77073783102926E-17));
#3921=CARTESIAN_POINT('',(3.385,5.565,5.55111512312578E-17));
#3922=CARTESIAN_POINT('',(3.565,5.565,-0.18));
#3923=CARTESIAN_POINT('',(3.385,5.565,-0.18));
#3924=CARTESIAN_POINT('',(3.385,5.565,-7.54147566205853E-17));
#3925=CARTESIAN_POINT('',(0.565486677646163,-0.282743338823081));
#3926=CARTESIAN_POINT('',(0.565486677646163,-1.66533453693773E-16));
#3927=CARTESIAN_POINT('',(3.385,5.565,5.55111512312578E-17));
#3928=CARTESIAN_POINT('',(3.385,5.745,0.));
#3929=CARTESIAN_POINT('',(3.565,5.745,5.55111512312578E-17));
#3930=CARTESIAN_POINT('',(3.745,5.745,0.));
#3931=CARTESIAN_POINT('',(3.745,5.565,5.55111512312578E-17));
#3932=CARTESIAN_POINT('',(0.565486677646163,-1.66533453693773E-16));
#3933=CARTESIAN_POINT('',(0.,-1.66533453693773E-16));
#3934=CARTESIAN_POINT('',(3.745,5.565,-7.54147566205853E-17));
#3935=CARTESIAN_POINT('',(3.745,5.565,-0.18));
#3936=CARTESIAN_POINT('',(3.565,5.565,-0.18));
#3937=CARTESIAN_POINT('',(0.,-1.66533453693773E-16));
#3938=CARTESIAN_POINT('',(0.,-0.282743338823081));
#3939=CARTESIAN_POINT('',(5.05294463719411,7.30699614855058));
#3940=CARTESIAN_POINT('',(5.05294463719411,7.48699614855058));
#3941=CARTESIAN_POINT('',(5.23294463719411,7.48699614855058));
#3942=CARTESIAN_POINT('',(5.41294463719411,7.48699614855058));
#3943=CARTESIAN_POINT('',(5.41294463719411,7.30699614855058));
#3944=CARTESIAN_POINT('',(3.385,5.565,5.55111512312578E-17));
#3945=CARTESIAN_POINT('',(3.385,5.385,0.));
#3946=CARTESIAN_POINT('',(3.565,5.385,5.55111512312578E-17));
#3947=CARTESIAN_POINT('',(3.745,5.385,0.));
#3948=CARTESIAN_POINT('',(3.745,5.565,5.55111512312578E-17));
#3949=CARTESIAN_POINT('',(5.05294463719411,7.30699614855058));
#3950=CARTESIAN_POINT('',(5.05294463719411,7.12699614855058));
#3951=CARTESIAN_POINT('',(5.23294463719411,7.12699614855058));
#3952=CARTESIAN_POINT('',(5.41294463719411,7.12699614855058));
#3953=CARTESIAN_POINT('',(5.41294463719411,7.30699614855058));
#3954=CARTESIAN_POINT('',(1.13097335529233,-1.66533453693773E-16));
#3955=CARTESIAN_POINT('',(1.13097335529233,-0.282743338823081));
#3956=CARTESIAN_POINT('',(0.565486677646163,-1.66533453693773E-16));
#3957=CARTESIAN_POINT('',(1.13097335529233,-1.66533453693773E-16));
#3958=CARTESIAN_POINT('',(0.565486677646163,-0.282743338823081));
#3959=CARTESIAN_POINT('',(0.565486677646163,-1.66533453693773E-16));
#3960=CARTESIAN_POINT('',(2.565,5.565,-0.18));
#3961=CARTESIAN_POINT('',(2.745,5.565,-0.18));
#3962=CARTESIAN_POINT('',(2.745,5.565,4.44893300389316E-17));
#3963=CARTESIAN_POINT('',(2.745,5.565,0.18));
#3964=CARTESIAN_POINT('',(2.565,5.565,0.18));
#3965=CARTESIAN_POINT('',(2.565,5.565,-0.18));
#3966=CARTESIAN_POINT('',(2.745,5.745,-0.18));
#3967=CARTESIAN_POINT('',(2.745,5.745,4.44893300389316E-17));
#3968=CARTESIAN_POINT('',(2.745,5.745,0.18));
#3969=CARTESIAN_POINT('',(2.565,5.565,0.18));
#3970=CARTESIAN_POINT('',(2.565,5.565,-0.18));
#3971=CARTESIAN_POINT('',(2.565,5.745,-0.18));
#3972=CARTESIAN_POINT('',(2.565,5.745,4.44893300389316E-17));
#3973=CARTESIAN_POINT('',(2.565,5.745,0.18));
#3974=CARTESIAN_POINT('',(2.565,5.565,0.18));
#3975=CARTESIAN_POINT('',(2.565,5.565,-0.18));
#3976=CARTESIAN_POINT('',(2.385,5.745,-0.18));
#3977=CARTESIAN_POINT('',(2.385,5.745,4.44893300389316E-17));
#3978=CARTESIAN_POINT('',(2.385,5.745,0.18));
#3979=CARTESIAN_POINT('',(2.565,5.565,0.18));
#3980=CARTESIAN_POINT('',(2.565,5.565,-0.18));
#3981=CARTESIAN_POINT('',(2.385,5.565,-0.18));
#3982=CARTESIAN_POINT('',(2.385,5.565,4.44893300389316E-17));
#3983=CARTESIAN_POINT('',(2.385,5.565,0.18));
#3984=CARTESIAN_POINT('',(2.565,5.565,0.18));
#3985=CARTESIAN_POINT('',(-1.66794463719411,-1.74199614855058,0.));
#3986=CARTESIAN_POINT('',(-1.66794463719411,7.64188715467203,0.));
#3987=CARTESIAN_POINT('',(7.85193697477085,-1.74199614855058,0.));
#3988=CARTESIAN_POINT('',(7.85193697477085,7.64188715467203,0.));
#3989=CARTESIAN_POINT('',(2.565,5.565,-0.18));
#3990=CARTESIAN_POINT('',(2.385,5.565,-0.18));
#3991=CARTESIAN_POINT('',(2.385,5.565,4.44893300389316E-17));
#3992=CARTESIAN_POINT('',(2.385,5.565,0.18));
#3993=CARTESIAN_POINT('',(2.565,5.565,0.18));
#3994=CARTESIAN_POINT('',(2.565,5.565,-0.18));
#3995=CARTESIAN_POINT('',(2.385,5.385,-0.18));
#3996=CARTESIAN_POINT('',(2.385,5.385,4.44893300389316E-17));
#3997=CARTESIAN_POINT('',(2.385,5.385,0.18));
#3998=CARTESIAN_POINT('',(2.565,5.565,0.18));
#3999=CARTESIAN_POINT('',(2.565,5.565,-0.18));
#4000=CARTESIAN_POINT('',(2.565,5.385,-0.18));
#4001=CARTESIAN_POINT('',(2.565,5.385,4.44893300389316E-17));
#4002=CARTESIAN_POINT('',(2.565,5.385,0.18));
#4003=CARTESIAN_POINT('',(2.565,5.565,0.18));
#4004=CARTESIAN_POINT('',(2.565,5.565,-0.18));
#4005=CARTESIAN_POINT('',(2.745,5.385,-0.18));
#4006=CARTESIAN_POINT('',(2.745,5.385,4.44893300389316E-17));
#4007=CARTESIAN_POINT('',(2.745,5.385,0.18));
#4008=CARTESIAN_POINT('',(2.565,5.565,0.18));
#4009=CARTESIAN_POINT('',(2.565,5.565,-0.18));
#4010=CARTESIAN_POINT('',(2.745,5.565,-0.18));
#4011=CARTESIAN_POINT('',(2.745,5.565,4.44893300389316E-17));
#4012=CARTESIAN_POINT('',(2.745,5.565,0.18));
#4013=CARTESIAN_POINT('',(2.565,5.565,0.18));
#4014=CARTESIAN_POINT('',(2.565,5.565,-0.18));
#4015=CARTESIAN_POINT('',(2.745,5.565,-3.77073783102926E-17));
#4016=CARTESIAN_POINT('',(2.385,5.565,5.55111512312578E-17));
#4017=CARTESIAN_POINT('',(2.565,5.565,-0.18));
#4018=CARTESIAN_POINT('',(2.385,5.565,-0.18));
#4019=CARTESIAN_POINT('',(2.385,5.565,-7.54147566205853E-17));
#4020=CARTESIAN_POINT('',(0.565486677646163,-0.282743338823081));
#4021=CARTESIAN_POINT('',(0.565486677646163,-1.66533453693773E-16));
#4022=CARTESIAN_POINT('',(2.385,5.565,5.55111512312578E-17));
#4023=CARTESIAN_POINT('',(2.385,5.745,0.));
#4024=CARTESIAN_POINT('',(2.565,5.745,5.55111512312578E-17));
#4025=CARTESIAN_POINT('',(2.745,5.745,0.));
#4026=CARTESIAN_POINT('',(2.745,5.565,5.55111512312578E-17));
#4027=CARTESIAN_POINT('',(0.565486677646163,-1.66533453693773E-16));
#4028=CARTESIAN_POINT('',(0.,-1.66533453693773E-16));
#4029=CARTESIAN_POINT('',(2.745,5.565,-7.54147566205853E-17));
#4030=CARTESIAN_POINT('',(2.745,5.565,-0.18));
#4031=CARTESIAN_POINT('',(2.565,5.565,-0.18));
#4032=CARTESIAN_POINT('',(0.,-1.66533453693773E-16));
#4033=CARTESIAN_POINT('',(0.,-0.282743338823081));
#4034=CARTESIAN_POINT('',(4.05294463719411,7.30699614855058));
#4035=CARTESIAN_POINT('',(4.05294463719411,7.48699614855058));
#4036=CARTESIAN_POINT('',(4.23294463719411,7.48699614855058));
#4037=CARTESIAN_POINT('',(4.41294463719411,7.48699614855058));
#4038=CARTESIAN_POINT('',(4.41294463719411,7.30699614855058));
#4039=CARTESIAN_POINT('',(2.385,5.565,5.55111512312578E-17));
#4040=CARTESIAN_POINT('',(2.385,5.385,0.));
#4041=CARTESIAN_POINT('',(2.565,5.385,5.55111512312578E-17));
#4042=CARTESIAN_POINT('',(2.745,5.385,0.));
#4043=CARTESIAN_POINT('',(2.745,5.565,5.55111512312578E-17));
#4044=CARTESIAN_POINT('',(4.05294463719411,7.30699614855058));
#4045=CARTESIAN_POINT('',(4.05294463719411,7.12699614855058));
#4046=CARTESIAN_POINT('',(4.23294463719411,7.12699614855058));
#4047=CARTESIAN_POINT('',(4.41294463719411,7.12699614855058));
#4048=CARTESIAN_POINT('',(4.41294463719411,7.30699614855058));
#4049=CARTESIAN_POINT('',(1.13097335529233,-1.66533453693773E-16));
#4050=CARTESIAN_POINT('',(1.13097335529233,-0.282743338823081));
#4051=CARTESIAN_POINT('',(0.565486677646163,-1.66533453693773E-16));
#4052=CARTESIAN_POINT('',(1.13097335529233,-1.66533453693773E-16));
#4053=CARTESIAN_POINT('',(0.565486677646163,-0.282743338823081));
#4054=CARTESIAN_POINT('',(0.565486677646163,-1.66533453693773E-16));
#4055=CARTESIAN_POINT('',(1.565,5.565,-0.18));
#4056=CARTESIAN_POINT('',(1.745,5.565,-0.18));
#4057=CARTESIAN_POINT('',(1.745,5.565,4.44893300389316E-17));
#4058=CARTESIAN_POINT('',(1.745,5.565,0.18));
#4059=CARTESIAN_POINT('',(1.565,5.565,0.18));
#4060=CARTESIAN_POINT('',(1.565,5.565,-0.18));
#4061=CARTESIAN_POINT('',(1.745,5.745,-0.18));
#4062=CARTESIAN_POINT('',(1.745,5.745,4.44893300389316E-17));
#4063=CARTESIAN_POINT('',(1.745,5.745,0.18));
#4064=CARTESIAN_POINT('',(1.565,5.565,0.18));
#4065=CARTESIAN_POINT('',(1.565,5.565,-0.18));
#4066=CARTESIAN_POINT('',(1.565,5.745,-0.18));
#4067=CARTESIAN_POINT('',(1.565,5.745,4.44893300389316E-17));
#4068=CARTESIAN_POINT('',(1.565,5.745,0.18));
#4069=CARTESIAN_POINT('',(1.565,5.565,0.18));
#4070=CARTESIAN_POINT('',(1.565,5.565,-0.18));
#4071=CARTESIAN_POINT('',(1.385,5.745,-0.18));
#4072=CARTESIAN_POINT('',(1.385,5.745,4.44893300389316E-17));
#4073=CARTESIAN_POINT('',(1.385,5.745,0.18));
#4074=CARTESIAN_POINT('',(1.565,5.565,0.18));
#4075=CARTESIAN_POINT('',(1.565,5.565,-0.18));
#4076=CARTESIAN_POINT('',(1.385,5.565,-0.18));
#4077=CARTESIAN_POINT('',(1.385,5.565,4.44893300389316E-17));
#4078=CARTESIAN_POINT('',(1.385,5.565,0.18));
#4079=CARTESIAN_POINT('',(1.565,5.565,0.18));
#4080=CARTESIAN_POINT('',(-1.66794463719411,-1.74199614855058,0.));
#4081=CARTESIAN_POINT('',(-1.66794463719411,7.64188715467203,0.));
#4082=CARTESIAN_POINT('',(7.85193697477085,-1.74199614855058,0.));
#4083=CARTESIAN_POINT('',(7.85193697477085,7.64188715467203,0.));
#4084=CARTESIAN_POINT('',(1.565,5.565,-0.18));
#4085=CARTESIAN_POINT('',(1.385,5.565,-0.18));
#4086=CARTESIAN_POINT('',(1.385,5.565,4.44893300389316E-17));
#4087=CARTESIAN_POINT('',(1.385,5.565,0.18));
#4088=CARTESIAN_POINT('',(1.565,5.565,0.18));
#4089=CARTESIAN_POINT('',(1.565,5.565,-0.18));
#4090=CARTESIAN_POINT('',(1.385,5.385,-0.18));
#4091=CARTESIAN_POINT('',(1.385,5.385,4.44893300389316E-17));
#4092=CARTESIAN_POINT('',(1.385,5.385,0.18));
#4093=CARTESIAN_POINT('',(1.565,5.565,0.18));
#4094=CARTESIAN_POINT('',(1.565,5.565,-0.18));
#4095=CARTESIAN_POINT('',(1.565,5.385,-0.18));
#4096=CARTESIAN_POINT('',(1.565,5.385,4.44893300389316E-17));
#4097=CARTESIAN_POINT('',(1.565,5.385,0.18));
#4098=CARTESIAN_POINT('',(1.565,5.565,0.18));
#4099=CARTESIAN_POINT('',(1.565,5.565,-0.18));
#4100=CARTESIAN_POINT('',(1.745,5.385,-0.18));
#4101=CARTESIAN_POINT('',(1.745,5.385,4.44893300389316E-17));
#4102=CARTESIAN_POINT('',(1.745,5.385,0.18));
#4103=CARTESIAN_POINT('',(1.565,5.565,0.18));
#4104=CARTESIAN_POINT('',(1.565,5.565,-0.18));
#4105=CARTESIAN_POINT('',(1.745,5.565,-0.18));
#4106=CARTESIAN_POINT('',(1.745,5.565,4.44893300389316E-17));
#4107=CARTESIAN_POINT('',(1.745,5.565,0.18));
#4108=CARTESIAN_POINT('',(1.565,5.565,0.18));
#4109=CARTESIAN_POINT('',(1.565,5.565,-0.18));
#4110=CARTESIAN_POINT('',(1.745,5.565,-3.77073783102926E-17));
#4111=CARTESIAN_POINT('',(1.385,5.565,5.55111512312578E-17));
#4112=CARTESIAN_POINT('',(1.565,5.565,-0.18));
#4113=CARTESIAN_POINT('',(1.385,5.565,-0.18));
#4114=CARTESIAN_POINT('',(1.385,5.565,-7.54147566205853E-17));
#4115=CARTESIAN_POINT('',(0.565486677646163,-0.282743338823081));
#4116=CARTESIAN_POINT('',(0.565486677646163,-1.66533453693773E-16));
#4117=CARTESIAN_POINT('',(1.385,5.565,5.55111512312578E-17));
#4118=CARTESIAN_POINT('',(1.385,5.745,0.));
#4119=CARTESIAN_POINT('',(1.565,5.745,5.55111512312578E-17));
#4120=CARTESIAN_POINT('',(1.745,5.745,0.));
#4121=CARTESIAN_POINT('',(1.745,5.565,5.55111512312578E-17));
#4122=CARTESIAN_POINT('',(0.565486677646163,-1.66533453693773E-16));
#4123=CARTESIAN_POINT('',(0.,-1.66533453693773E-16));
#4124=CARTESIAN_POINT('',(1.745,5.565,-7.54147566205853E-17));
#4125=CARTESIAN_POINT('',(1.745,5.565,-0.18));
#4126=CARTESIAN_POINT('',(1.565,5.565,-0.18));
#4127=CARTESIAN_POINT('',(0.,-1.66533453693773E-16));
#4128=CARTESIAN_POINT('',(0.,-0.282743338823081));
#4129=CARTESIAN_POINT('',(3.05294463719411,7.30699614855058));
#4130=CARTESIAN_POINT('',(3.05294463719411,7.48699614855058));
#4131=CARTESIAN_POINT('',(3.23294463719411,7.48699614855058));
#4132=CARTESIAN_POINT('',(3.41294463719411,7.48699614855058));
#4133=CARTESIAN_POINT('',(3.41294463719411,7.30699614855058));
#4134=CARTESIAN_POINT('',(1.385,5.565,5.55111512312578E-17));
#4135=CARTESIAN_POINT('',(1.385,5.385,0.));
#4136=CARTESIAN_POINT('',(1.565,5.385,5.55111512312578E-17));
#4137=CARTESIAN_POINT('',(1.745,5.385,0.));
#4138=CARTESIAN_POINT('',(1.745,5.565,5.55111512312578E-17));
#4139=CARTESIAN_POINT('',(3.05294463719411,7.30699614855058));
#4140=CARTESIAN_POINT('',(3.05294463719411,7.12699614855058));
#4141=CARTESIAN_POINT('',(3.23294463719411,7.12699614855058));
#4142=CARTESIAN_POINT('',(3.41294463719411,7.12699614855058));
#4143=CARTESIAN_POINT('',(3.41294463719411,7.30699614855058));
#4144=CARTESIAN_POINT('',(1.13097335529233,-1.66533453693773E-16));
#4145=CARTESIAN_POINT('',(1.13097335529233,-0.282743338823081));
#4146=CARTESIAN_POINT('',(0.565486677646163,-1.66533453693773E-16));
#4147=CARTESIAN_POINT('',(1.13097335529233,-1.66533453693773E-16));
#4148=CARTESIAN_POINT('',(0.565486677646163,-0.282743338823081));
#4149=CARTESIAN_POINT('',(0.565486677646163,-1.66533453693773E-16));
#4150=CARTESIAN_POINT('',(0.565,5.565,-0.18));
#4151=CARTESIAN_POINT('',(0.745,5.565,-0.18));
#4152=CARTESIAN_POINT('',(0.745,5.565,4.44893300389316E-17));
#4153=CARTESIAN_POINT('',(0.745,5.565,0.18));
#4154=CARTESIAN_POINT('',(0.565,5.565,0.18));
#4155=CARTESIAN_POINT('',(0.565,5.565,-0.18));
#4156=CARTESIAN_POINT('',(0.745,5.745,-0.18));
#4157=CARTESIAN_POINT('',(0.745,5.745,4.44893300389316E-17));
#4158=CARTESIAN_POINT('',(0.745,5.745,0.18));
#4159=CARTESIAN_POINT('',(0.565,5.565,0.18));
#4160=CARTESIAN_POINT('',(0.565,5.565,-0.18));
#4161=CARTESIAN_POINT('',(0.565,5.745,-0.18));
#4162=CARTESIAN_POINT('',(0.565,5.745,4.44893300389316E-17));
#4163=CARTESIAN_POINT('',(0.565,5.745,0.18));
#4164=CARTESIAN_POINT('',(0.565,5.565,0.18));
#4165=CARTESIAN_POINT('',(0.565,5.565,-0.18));
#4166=CARTESIAN_POINT('',(0.385,5.745,-0.18));
#4167=CARTESIAN_POINT('',(0.385,5.745,4.44893300389316E-17));
#4168=CARTESIAN_POINT('',(0.385,5.745,0.18));
#4169=CARTESIAN_POINT('',(0.565,5.565,0.18));
#4170=CARTESIAN_POINT('',(0.565,5.565,-0.18));
#4171=CARTESIAN_POINT('',(0.385,5.565,-0.18));
#4172=CARTESIAN_POINT('',(0.385,5.565,4.44893300389316E-17));
#4173=CARTESIAN_POINT('',(0.385,5.565,0.18));
#4174=CARTESIAN_POINT('',(0.565,5.565,0.18));
#4175=CARTESIAN_POINT('',(-1.66794463719411,-1.74199614855058,0.));
#4176=CARTESIAN_POINT('',(-1.66794463719411,7.64188715467203,0.));
#4177=CARTESIAN_POINT('',(7.85193697477085,-1.74199614855058,0.));
#4178=CARTESIAN_POINT('',(7.85193697477085,7.64188715467203,0.));
#4179=CARTESIAN_POINT('',(0.565,5.565,-0.18));
#4180=CARTESIAN_POINT('',(0.385,5.565,-0.18));
#4181=CARTESIAN_POINT('',(0.385,5.565,4.44893300389316E-17));
#4182=CARTESIAN_POINT('',(0.385,5.565,0.18));
#4183=CARTESIAN_POINT('',(0.565,5.565,0.18));
#4184=CARTESIAN_POINT('',(0.565,5.565,-0.18));
#4185=CARTESIAN_POINT('',(0.385,5.385,-0.18));
#4186=CARTESIAN_POINT('',(0.385,5.385,4.44893300389316E-17));
#4187=CARTESIAN_POINT('',(0.385,5.385,0.18));
#4188=CARTESIAN_POINT('',(0.565,5.565,0.18));
#4189=CARTESIAN_POINT('',(0.565,5.565,-0.18));
#4190=CARTESIAN_POINT('',(0.565,5.385,-0.18));
#4191=CARTESIAN_POINT('',(0.565,5.385,4.44893300389316E-17));
#4192=CARTESIAN_POINT('',(0.565,5.385,0.18));
#4193=CARTESIAN_POINT('',(0.565,5.565,0.18));
#4194=CARTESIAN_POINT('',(0.565,5.565,-0.18));
#4195=CARTESIAN_POINT('',(0.745,5.385,-0.18));
#4196=CARTESIAN_POINT('',(0.745,5.385,4.44893300389316E-17));
#4197=CARTESIAN_POINT('',(0.745,5.385,0.18));
#4198=CARTESIAN_POINT('',(0.565,5.565,0.18));
#4199=CARTESIAN_POINT('',(0.565,5.565,-0.18));
#4200=CARTESIAN_POINT('',(0.745,5.565,-0.18));
#4201=CARTESIAN_POINT('',(0.745,5.565,4.44893300389316E-17));
#4202=CARTESIAN_POINT('',(0.745,5.565,0.18));
#4203=CARTESIAN_POINT('',(0.565,5.565,0.18));
#4204=CARTESIAN_POINT('',(0.565,5.565,-0.18));
#4205=CARTESIAN_POINT('',(0.745,5.565,-3.77073783102926E-17));
#4206=CARTESIAN_POINT('',(0.385,5.565,5.55111512312578E-17));
#4207=CARTESIAN_POINT('',(0.565,5.565,-0.18));
#4208=CARTESIAN_POINT('',(0.385,5.565,-0.18));
#4209=CARTESIAN_POINT('',(0.385,5.565,-7.54147566205853E-17));
#4210=CARTESIAN_POINT('',(0.565486677646163,-0.282743338823081));
#4211=CARTESIAN_POINT('',(0.565486677646163,-1.66533453693773E-16));
#4212=CARTESIAN_POINT('',(0.385,5.565,5.55111512312578E-17));
#4213=CARTESIAN_POINT('',(0.385,5.745,0.));
#4214=CARTESIAN_POINT('',(0.565,5.745,5.55111512312578E-17));
#4215=CARTESIAN_POINT('',(0.745,5.745,0.));
#4216=CARTESIAN_POINT('',(0.745,5.565,5.55111512312578E-17));
#4217=CARTESIAN_POINT('',(0.565486677646163,-1.66533453693773E-16));
#4218=CARTESIAN_POINT('',(0.,-1.66533453693773E-16));
#4219=CARTESIAN_POINT('',(0.745,5.565,-7.54147566205853E-17));
#4220=CARTESIAN_POINT('',(0.745,5.565,-0.18));
#4221=CARTESIAN_POINT('',(0.565,5.565,-0.18));
#4222=CARTESIAN_POINT('',(0.,-1.66533453693773E-16));
#4223=CARTESIAN_POINT('',(0.,-0.282743338823081));
#4224=CARTESIAN_POINT('',(2.05294463719411,7.30699614855058));
#4225=CARTESIAN_POINT('',(2.05294463719411,7.48699614855058));
#4226=CARTESIAN_POINT('',(2.23294463719411,7.48699614855058));
#4227=CARTESIAN_POINT('',(2.41294463719411,7.48699614855058));
#4228=CARTESIAN_POINT('',(2.41294463719412,7.30699614855058));
#4229=CARTESIAN_POINT('',(0.385,5.565,5.55111512312578E-17));
#4230=CARTESIAN_POINT('',(0.385,5.385,0.));
#4231=CARTESIAN_POINT('',(0.565,5.385,5.55111512312578E-17));
#4232=CARTESIAN_POINT('',(0.745,5.385,0.));
#4233=CARTESIAN_POINT('',(0.745,5.565,5.55111512312578E-17));
#4234=CARTESIAN_POINT('',(2.05294463719411,7.30699614855058));
#4235=CARTESIAN_POINT('',(2.05294463719411,7.12699614855058));
#4236=CARTESIAN_POINT('',(2.23294463719411,7.12699614855058));
#4237=CARTESIAN_POINT('',(2.41294463719411,7.12699614855058));
#4238=CARTESIAN_POINT('',(2.41294463719412,7.30699614855058));
#4239=CARTESIAN_POINT('',(1.13097335529233,-1.66533453693773E-16));
#4240=CARTESIAN_POINT('',(1.13097335529233,-0.282743338823081));
#4241=CARTESIAN_POINT('',(0.565486677646163,-1.66533453693773E-16));
#4242=CARTESIAN_POINT('',(1.13097335529233,-1.66533453693773E-16));
#4243=CARTESIAN_POINT('',(0.565486677646163,-0.282743338823081));
#4244=CARTESIAN_POINT('',(0.565486677646163,-1.66533453693773E-16));
#4245=CARTESIAN_POINT('',(5.565,4.565,-0.18));
#4246=CARTESIAN_POINT('',(5.745,4.565,-0.18));
#4247=CARTESIAN_POINT('',(5.745,4.565,4.44893300389316E-17));
#4248=CARTESIAN_POINT('',(5.745,4.565,0.18));
#4249=CARTESIAN_POINT('',(5.565,4.565,0.18));
#4250=CARTESIAN_POINT('',(5.565,4.565,-0.18));
#4251=CARTESIAN_POINT('',(5.745,4.745,-0.18));
#4252=CARTESIAN_POINT('',(5.745,4.745,4.44893300389316E-17));
#4253=CARTESIAN_POINT('',(5.745,4.745,0.18));
#4254=CARTESIAN_POINT('',(5.565,4.565,0.18));
#4255=CARTESIAN_POINT('',(5.565,4.565,-0.18));
#4256=CARTESIAN_POINT('',(5.565,4.745,-0.18));
#4257=CARTESIAN_POINT('',(5.565,4.745,4.44893300389316E-17));
#4258=CARTESIAN_POINT('',(5.565,4.745,0.18));
#4259=CARTESIAN_POINT('',(5.565,4.565,0.18));
#4260=CARTESIAN_POINT('',(5.565,4.565,-0.18));
#4261=CARTESIAN_POINT('',(5.385,4.745,-0.18));
#4262=CARTESIAN_POINT('',(5.385,4.745,4.44893300389316E-17));
#4263=CARTESIAN_POINT('',(5.385,4.745,0.18));
#4264=CARTESIAN_POINT('',(5.565,4.565,0.18));
#4265=CARTESIAN_POINT('',(5.565,4.565,-0.18));
#4266=CARTESIAN_POINT('',(5.385,4.565,-0.18));
#4267=CARTESIAN_POINT('',(5.385,4.565,4.44893300389316E-17));
#4268=CARTESIAN_POINT('',(5.385,4.565,0.18));
#4269=CARTESIAN_POINT('',(5.565,4.565,0.18));
#4270=CARTESIAN_POINT('',(-1.66794463719411,-1.74199614855058,0.));
#4271=CARTESIAN_POINT('',(-1.66794463719411,7.64188715467203,0.));
#4272=CARTESIAN_POINT('',(7.85193697477085,-1.74199614855058,0.));
#4273=CARTESIAN_POINT('',(7.85193697477085,7.64188715467203,0.));
#4274=CARTESIAN_POINT('',(5.565,4.565,-0.18));
#4275=CARTESIAN_POINT('',(5.385,4.565,-0.18));
#4276=CARTESIAN_POINT('',(5.385,4.565,4.44893300389316E-17));
#4277=CARTESIAN_POINT('',(5.385,4.565,0.18));
#4278=CARTESIAN_POINT('',(5.565,4.565,0.18));
#4279=CARTESIAN_POINT('',(5.565,4.565,-0.18));
#4280=CARTESIAN_POINT('',(5.385,4.385,-0.18));
#4281=CARTESIAN_POINT('',(5.385,4.385,4.44893300389316E-17));
#4282=CARTESIAN_POINT('',(5.385,4.385,0.18));
#4283=CARTESIAN_POINT('',(5.565,4.565,0.18));
#4284=CARTESIAN_POINT('',(5.565,4.565,-0.18));
#4285=CARTESIAN_POINT('',(5.565,4.385,-0.18));
#4286=CARTESIAN_POINT('',(5.565,4.385,4.44893300389316E-17));
#4287=CARTESIAN_POINT('',(5.565,4.385,0.18));
#4288=CARTESIAN_POINT('',(5.565,4.565,0.18));
#4289=CARTESIAN_POINT('',(5.565,4.565,-0.18));
#4290=CARTESIAN_POINT('',(5.745,4.385,-0.18));
#4291=CARTESIAN_POINT('',(5.745,4.385,4.44893300389316E-17));
#4292=CARTESIAN_POINT('',(5.745,4.385,0.18));
#4293=CARTESIAN_POINT('',(5.565,4.565,0.18));
#4294=CARTESIAN_POINT('',(5.565,4.565,-0.18));
#4295=CARTESIAN_POINT('',(5.745,4.565,-0.18));
#4296=CARTESIAN_POINT('',(5.745,4.565,4.44893300389316E-17));
#4297=CARTESIAN_POINT('',(5.745,4.565,0.18));
#4298=CARTESIAN_POINT('',(5.565,4.565,0.18));
#4299=CARTESIAN_POINT('',(5.565,4.565,-0.18));
#4300=CARTESIAN_POINT('',(5.745,4.565,-3.77073783102926E-17));
#4301=CARTESIAN_POINT('',(5.385,4.565,5.55111512312578E-17));
#4302=CARTESIAN_POINT('',(5.565,4.565,-0.18));
#4303=CARTESIAN_POINT('',(5.385,4.565,-0.18));
#4304=CARTESIAN_POINT('',(5.385,4.565,-7.54147566205853E-17));
#4305=CARTESIAN_POINT('',(0.565486677646163,-0.282743338823081));
#4306=CARTESIAN_POINT('',(0.565486677646163,-1.66533453693773E-16));
#4307=CARTESIAN_POINT('',(5.385,4.565,5.55111512312578E-17));
#4308=CARTESIAN_POINT('',(5.385,4.745,0.));
#4309=CARTESIAN_POINT('',(5.565,4.745,5.55111512312578E-17));
#4310=CARTESIAN_POINT('',(5.745,4.745,0.));
#4311=CARTESIAN_POINT('',(5.745,4.565,5.55111512312578E-17));
#4312=CARTESIAN_POINT('',(0.565486677646163,-1.66533453693773E-16));
#4313=CARTESIAN_POINT('',(0.,-1.66533453693773E-16));
#4314=CARTESIAN_POINT('',(5.745,4.565,-7.54147566205853E-17));
#4315=CARTESIAN_POINT('',(5.745,4.565,-0.18));
#4316=CARTESIAN_POINT('',(5.565,4.565,-0.18));
#4317=CARTESIAN_POINT('',(0.,-1.66533453693773E-16));
#4318=CARTESIAN_POINT('',(0.,-0.282743338823081));
#4319=CARTESIAN_POINT('',(7.05294463719411,6.30699614855058));
#4320=CARTESIAN_POINT('',(7.05294463719411,6.48699614855058));
#4321=CARTESIAN_POINT('',(7.23294463719411,6.48699614855058));
#4322=CARTESIAN_POINT('',(7.41294463719411,6.48699614855058));
#4323=CARTESIAN_POINT('',(7.41294463719411,6.30699614855058));
#4324=CARTESIAN_POINT('',(5.385,4.565,5.55111512312578E-17));
#4325=CARTESIAN_POINT('',(5.385,4.385,0.));
#4326=CARTESIAN_POINT('',(5.565,4.385,5.55111512312578E-17));
#4327=CARTESIAN_POINT('',(5.745,4.385,0.));
#4328=CARTESIAN_POINT('',(5.745,4.565,5.55111512312578E-17));
#4329=CARTESIAN_POINT('',(7.05294463719411,6.30699614855058));
#4330=CARTESIAN_POINT('',(7.05294463719411,6.12699614855058));
#4331=CARTESIAN_POINT('',(7.23294463719411,6.12699614855058));
#4332=CARTESIAN_POINT('',(7.41294463719411,6.12699614855058));
#4333=CARTESIAN_POINT('',(7.41294463719411,6.30699614855058));
#4334=CARTESIAN_POINT('',(1.13097335529233,-1.66533453693773E-16));
#4335=CARTESIAN_POINT('',(1.13097335529233,-0.282743338823081));
#4336=CARTESIAN_POINT('',(0.565486677646163,-1.66533453693773E-16));
#4337=CARTESIAN_POINT('',(1.13097335529233,-1.66533453693773E-16));
#4338=CARTESIAN_POINT('',(0.565486677646163,-0.282743338823081));
#4339=CARTESIAN_POINT('',(0.565486677646163,-1.66533453693773E-16));
#4340=CARTESIAN_POINT('',(4.565,4.565,-0.18));
#4341=CARTESIAN_POINT('',(4.745,4.565,-0.18));
#4342=CARTESIAN_POINT('',(4.745,4.565,4.44893300389316E-17));
#4343=CARTESIAN_POINT('',(4.745,4.565,0.18));
#4344=CARTESIAN_POINT('',(4.565,4.565,0.18));
#4345=CARTESIAN_POINT('',(4.565,4.565,-0.18));
#4346=CARTESIAN_POINT('',(4.745,4.745,-0.18));
#4347=CARTESIAN_POINT('',(4.745,4.745,4.44893300389316E-17));
#4348=CARTESIAN_POINT('',(4.745,4.745,0.18));
#4349=CARTESIAN_POINT('',(4.565,4.565,0.18));
#4350=CARTESIAN_POINT('',(4.565,4.565,-0.18));
#4351=CARTESIAN_POINT('',(4.565,4.745,-0.18));
#4352=CARTESIAN_POINT('',(4.565,4.745,4.44893300389316E-17));
#4353=CARTESIAN_POINT('',(4.565,4.745,0.18));
#4354=CARTESIAN_POINT('',(4.565,4.565,0.18));
#4355=CARTESIAN_POINT('',(4.565,4.565,-0.18));
#4356=CARTESIAN_POINT('',(4.385,4.745,-0.18));
#4357=CARTESIAN_POINT('',(4.385,4.745,4.44893300389316E-17));
#4358=CARTESIAN_POINT('',(4.385,4.745,0.18));
#4359=CARTESIAN_POINT('',(4.565,4.565,0.18));
#4360=CARTESIAN_POINT('',(4.565,4.565,-0.18));
#4361=CARTESIAN_POINT('',(4.385,4.565,-0.18));
#4362=CARTESIAN_POINT('',(4.385,4.565,4.44893300389316E-17));
#4363=CARTESIAN_POINT('',(4.385,4.565,0.18));
#4364=CARTESIAN_POINT('',(4.565,4.565,0.18));
#4365=CARTESIAN_POINT('',(-1.66794463719411,-1.74199614855058,0.));
#4366=CARTESIAN_POINT('',(-1.66794463719411,7.64188715467203,0.));
#4367=CARTESIAN_POINT('',(7.85193697477085,-1.74199614855058,0.));
#4368=CARTESIAN_POINT('',(7.85193697477085,7.64188715467203,0.));
#4369=CARTESIAN_POINT('',(4.565,4.565,-0.18));
#4370=CARTESIAN_POINT('',(4.385,4.565,-0.18));
#4371=CARTESIAN_POINT('',(4.385,4.565,4.44893300389316E-17));
#4372=CARTESIAN_POINT('',(4.385,4.565,0.18));
#4373=CARTESIAN_POINT('',(4.565,4.565,0.18));
#4374=CARTESIAN_POINT('',(4.565,4.565,-0.18));
#4375=CARTESIAN_POINT('',(4.385,4.385,-0.18));
#4376=CARTESIAN_POINT('',(4.385,4.385,4.44893300389316E-17));
#4377=CARTESIAN_POINT('',(4.385,4.385,0.18));
#4378=CARTESIAN_POINT('',(4.565,4.565,0.18));
#4379=CARTESIAN_POINT('',(4.565,4.565,-0.18));
#4380=CARTESIAN_POINT('',(4.565,4.385,-0.18));
#4381=CARTESIAN_POINT('',(4.565,4.385,4.44893300389316E-17));
#4382=CARTESIAN_POINT('',(4.565,4.385,0.18));
#4383=CARTESIAN_POINT('',(4.565,4.565,0.18));
#4384=CARTESIAN_POINT('',(4.565,4.565,-0.18));
#4385=CARTESIAN_POINT('',(4.745,4.385,-0.18));
#4386=CARTESIAN_POINT('',(4.745,4.385,4.44893300389316E-17));
#4387=CARTESIAN_POINT('',(4.745,4.385,0.18));
#4388=CARTESIAN_POINT('',(4.565,4.565,0.18));
#4389=CARTESIAN_POINT('',(4.565,4.565,-0.18));
#4390=CARTESIAN_POINT('',(4.745,4.565,-0.18));
#4391=CARTESIAN_POINT('',(4.745,4.565,4.44893300389316E-17));
#4392=CARTESIAN_POINT('',(4.745,4.565,0.18));
#4393=CARTESIAN_POINT('',(4.565,4.565,0.18));
#4394=CARTESIAN_POINT('',(4.565,4.565,-0.18));
#4395=CARTESIAN_POINT('',(4.745,4.565,-3.77073783102926E-17));
#4396=CARTESIAN_POINT('',(4.385,4.565,5.55111512312578E-17));
#4397=CARTESIAN_POINT('',(4.565,4.565,-0.18));
#4398=CARTESIAN_POINT('',(4.385,4.565,-0.18));
#4399=CARTESIAN_POINT('',(4.385,4.565,-7.54147566205853E-17));
#4400=CARTESIAN_POINT('',(0.565486677646163,-0.282743338823081));
#4401=CARTESIAN_POINT('',(0.565486677646163,-1.66533453693773E-16));
#4402=CARTESIAN_POINT('',(4.385,4.565,5.55111512312578E-17));
#4403=CARTESIAN_POINT('',(4.385,4.745,0.));
#4404=CARTESIAN_POINT('',(4.565,4.745,5.55111512312578E-17));
#4405=CARTESIAN_POINT('',(4.745,4.745,0.));
#4406=CARTESIAN_POINT('',(4.745,4.565,5.55111512312578E-17));
#4407=CARTESIAN_POINT('',(0.565486677646163,-1.66533453693773E-16));
#4408=CARTESIAN_POINT('',(0.,-1.66533453693773E-16));
#4409=CARTESIAN_POINT('',(4.745,4.565,-7.54147566205853E-17));
#4410=CARTESIAN_POINT('',(4.745,4.565,-0.18));
#4411=CARTESIAN_POINT('',(4.565,4.565,-0.18));
#4412=CARTESIAN_POINT('',(0.,-1.66533453693773E-16));
#4413=CARTESIAN_POINT('',(0.,-0.282743338823081));
#4414=CARTESIAN_POINT('',(6.05294463719411,6.30699614855058));
#4415=CARTESIAN_POINT('',(6.05294463719411,6.48699614855058));
#4416=CARTESIAN_POINT('',(6.23294463719411,6.48699614855058));
#4417=CARTESIAN_POINT('',(6.41294463719411,6.48699614855058));
#4418=CARTESIAN_POINT('',(6.41294463719411,6.30699614855058));
#4419=CARTESIAN_POINT('',(4.385,4.565,5.55111512312578E-17));
#4420=CARTESIAN_POINT('',(4.385,4.385,0.));
#4421=CARTESIAN_POINT('',(4.565,4.385,5.55111512312578E-17));
#4422=CARTESIAN_POINT('',(4.745,4.385,0.));
#4423=CARTESIAN_POINT('',(4.745,4.565,5.55111512312578E-17));
#4424=CARTESIAN_POINT('',(6.05294463719411,6.30699614855058));
#4425=CARTESIAN_POINT('',(6.05294463719411,6.12699614855058));
#4426=CARTESIAN_POINT('',(6.23294463719411,6.12699614855058));
#4427=CARTESIAN_POINT('',(6.41294463719411,6.12699614855058));
#4428=CARTESIAN_POINT('',(6.41294463719411,6.30699614855058));
#4429=CARTESIAN_POINT('',(1.13097335529233,-1.66533453693773E-16));
#4430=CARTESIAN_POINT('',(1.13097335529233,-0.282743338823081));
#4431=CARTESIAN_POINT('',(0.565486677646163,-1.66533453693773E-16));
#4432=CARTESIAN_POINT('',(1.13097335529233,-1.66533453693773E-16));
#4433=CARTESIAN_POINT('',(0.565486677646163,-0.282743338823081));
#4434=CARTESIAN_POINT('',(0.565486677646163,-1.66533453693773E-16));
#4435=CARTESIAN_POINT('',(3.565,4.565,-0.18));
#4436=CARTESIAN_POINT('',(3.745,4.565,-0.18));
#4437=CARTESIAN_POINT('',(3.745,4.565,4.44893300389316E-17));
#4438=CARTESIAN_POINT('',(3.745,4.565,0.18));
#4439=CARTESIAN_POINT('',(3.565,4.565,0.18));
#4440=CARTESIAN_POINT('',(3.565,4.565,-0.18));
#4441=CARTESIAN_POINT('',(3.745,4.745,-0.18));
#4442=CARTESIAN_POINT('',(3.745,4.745,4.44893300389316E-17));
#4443=CARTESIAN_POINT('',(3.745,4.745,0.18));
#4444=CARTESIAN_POINT('',(3.565,4.565,0.18));
#4445=CARTESIAN_POINT('',(3.565,4.565,-0.18));
#4446=CARTESIAN_POINT('',(3.565,4.745,-0.18));
#4447=CARTESIAN_POINT('',(3.565,4.745,4.44893300389316E-17));
#4448=CARTESIAN_POINT('',(3.565,4.745,0.18));
#4449=CARTESIAN_POINT('',(3.565,4.565,0.18));
#4450=CARTESIAN_POINT('',(3.565,4.565,-0.18));
#4451=CARTESIAN_POINT('',(3.385,4.745,-0.18));
#4452=CARTESIAN_POINT('',(3.385,4.745,4.44893300389316E-17));
#4453=CARTESIAN_POINT('',(3.385,4.745,0.18));
#4454=CARTESIAN_POINT('',(3.565,4.565,0.18));
#4455=CARTESIAN_POINT('',(3.565,4.565,-0.18));
#4456=CARTESIAN_POINT('',(3.385,4.565,-0.18));
#4457=CARTESIAN_POINT('',(3.385,4.565,4.44893300389316E-17));
#4458=CARTESIAN_POINT('',(3.385,4.565,0.18));
#4459=CARTESIAN_POINT('',(3.565,4.565,0.18));
#4460=CARTESIAN_POINT('',(-1.66794463719411,-1.74199614855058,0.));
#4461=CARTESIAN_POINT('',(-1.66794463719411,7.64188715467203,0.));
#4462=CARTESIAN_POINT('',(7.85193697477085,-1.74199614855058,0.));
#4463=CARTESIAN_POINT('',(7.85193697477085,7.64188715467203,0.));
#4464=CARTESIAN_POINT('',(3.565,4.565,-0.18));
#4465=CARTESIAN_POINT('',(3.385,4.565,-0.18));
#4466=CARTESIAN_POINT('',(3.385,4.565,4.44893300389316E-17));
#4467=CARTESIAN_POINT('',(3.385,4.565,0.18));
#4468=CARTESIAN_POINT('',(3.565,4.565,0.18));
#4469=CARTESIAN_POINT('',(3.565,4.565,-0.18));
#4470=CARTESIAN_POINT('',(3.385,4.385,-0.18));
#4471=CARTESIAN_POINT('',(3.385,4.385,4.44893300389316E-17));
#4472=CARTESIAN_POINT('',(3.385,4.385,0.18));
#4473=CARTESIAN_POINT('',(3.565,4.565,0.18));
#4474=CARTESIAN_POINT('',(3.565,4.565,-0.18));
#4475=CARTESIAN_POINT('',(3.565,4.385,-0.18));
#4476=CARTESIAN_POINT('',(3.565,4.385,4.44893300389316E-17));
#4477=CARTESIAN_POINT('',(3.565,4.385,0.18));
#4478=CARTESIAN_POINT('',(3.565,4.565,0.18));
#4479=CARTESIAN_POINT('',(3.565,4.565,-0.18));
#4480=CARTESIAN_POINT('',(3.745,4.385,-0.18));
#4481=CARTESIAN_POINT('',(3.745,4.385,4.44893300389316E-17));
#4482=CARTESIAN_POINT('',(3.745,4.385,0.18));
#4483=CARTESIAN_POINT('',(3.565,4.565,0.18));
#4484=CARTESIAN_POINT('',(3.565,4.565,-0.18));
#4485=CARTESIAN_POINT('',(3.745,4.565,-0.18));
#4486=CARTESIAN_POINT('',(3.745,4.565,4.44893300389316E-17));
#4487=CARTESIAN_POINT('',(3.745,4.565,0.18));
#4488=CARTESIAN_POINT('',(3.565,4.565,0.18));
#4489=CARTESIAN_POINT('',(3.565,4.565,-0.18));
#4490=CARTESIAN_POINT('',(3.745,4.565,-3.77073783102926E-17));
#4491=CARTESIAN_POINT('',(3.385,4.565,5.55111512312578E-17));
#4492=CARTESIAN_POINT('',(3.565,4.565,-0.18));
#4493=CARTESIAN_POINT('',(3.385,4.565,-0.18));
#4494=CARTESIAN_POINT('',(3.385,4.565,-7.54147566205853E-17));
#4495=CARTESIAN_POINT('',(0.565486677646163,-0.282743338823081));
#4496=CARTESIAN_POINT('',(0.565486677646163,-1.66533453693773E-16));
#4497=CARTESIAN_POINT('',(3.385,4.565,5.55111512312578E-17));
#4498=CARTESIAN_POINT('',(3.385,4.745,0.));
#4499=CARTESIAN_POINT('',(3.565,4.745,5.55111512312578E-17));
#4500=CARTESIAN_POINT('',(3.745,4.745,0.));
#4501=CARTESIAN_POINT('',(3.745,4.565,5.55111512312578E-17));
#4502=CARTESIAN_POINT('',(0.565486677646163,-1.66533453693773E-16));
#4503=CARTESIAN_POINT('',(0.,-1.66533453693773E-16));
#4504=CARTESIAN_POINT('',(3.745,4.565,-7.54147566205853E-17));
#4505=CARTESIAN_POINT('',(3.745,4.565,-0.18));
#4506=CARTESIAN_POINT('',(3.565,4.565,-0.18));
#4507=CARTESIAN_POINT('',(0.,-1.66533453693773E-16));
#4508=CARTESIAN_POINT('',(0.,-0.282743338823081));
#4509=CARTESIAN_POINT('',(5.05294463719411,6.30699614855058));
#4510=CARTESIAN_POINT('',(5.05294463719411,6.48699614855058));
#4511=CARTESIAN_POINT('',(5.23294463719411,6.48699614855058));
#4512=CARTESIAN_POINT('',(5.41294463719411,6.48699614855058));
#4513=CARTESIAN_POINT('',(5.41294463719411,6.30699614855058));
#4514=CARTESIAN_POINT('',(3.385,4.565,5.55111512312578E-17));
#4515=CARTESIAN_POINT('',(3.385,4.385,0.));
#4516=CARTESIAN_POINT('',(3.565,4.385,5.55111512312578E-17));
#4517=CARTESIAN_POINT('',(3.745,4.385,0.));
#4518=CARTESIAN_POINT('',(3.745,4.565,5.55111512312578E-17));
#4519=CARTESIAN_POINT('',(5.05294463719411,6.30699614855058));
#4520=CARTESIAN_POINT('',(5.05294463719411,6.12699614855058));
#4521=CARTESIAN_POINT('',(5.23294463719411,6.12699614855058));
#4522=CARTESIAN_POINT('',(5.41294463719411,6.12699614855058));
#4523=CARTESIAN_POINT('',(5.41294463719411,6.30699614855058));
#4524=CARTESIAN_POINT('',(1.13097335529233,-1.66533453693773E-16));
#4525=CARTESIAN_POINT('',(1.13097335529233,-0.282743338823081));
#4526=CARTESIAN_POINT('',(0.565486677646163,-1.66533453693773E-16));
#4527=CARTESIAN_POINT('',(1.13097335529233,-1.66533453693773E-16));
#4528=CARTESIAN_POINT('',(0.565486677646163,-0.282743338823081));
#4529=CARTESIAN_POINT('',(0.565486677646163,-1.66533453693773E-16));
#4530=CARTESIAN_POINT('',(2.565,4.565,-0.18));
#4531=CARTESIAN_POINT('',(2.745,4.565,-0.18));
#4532=CARTESIAN_POINT('',(2.745,4.565,4.44893300389316E-17));
#4533=CARTESIAN_POINT('',(2.745,4.565,0.18));
#4534=CARTESIAN_POINT('',(2.565,4.565,0.18));
#4535=CARTESIAN_POINT('',(2.565,4.565,-0.18));
#4536=CARTESIAN_POINT('',(2.745,4.745,-0.18));
#4537=CARTESIAN_POINT('',(2.745,4.745,4.44893300389316E-17));
#4538=CARTESIAN_POINT('',(2.745,4.745,0.18));
#4539=CARTESIAN_POINT('',(2.565,4.565,0.18));
#4540=CARTESIAN_POINT('',(2.565,4.565,-0.18));
#4541=CARTESIAN_POINT('',(2.565,4.745,-0.18));
#4542=CARTESIAN_POINT('',(2.565,4.745,4.44893300389316E-17));
#4543=CARTESIAN_POINT('',(2.565,4.745,0.18));
#4544=CARTESIAN_POINT('',(2.565,4.565,0.18));
#4545=CARTESIAN_POINT('',(2.565,4.565,-0.18));
#4546=CARTESIAN_POINT('',(2.385,4.745,-0.18));
#4547=CARTESIAN_POINT('',(2.385,4.745,4.44893300389316E-17));
#4548=CARTESIAN_POINT('',(2.385,4.745,0.18));
#4549=CARTESIAN_POINT('',(2.565,4.565,0.18));
#4550=CARTESIAN_POINT('',(2.565,4.565,-0.18));
#4551=CARTESIAN_POINT('',(2.385,4.565,-0.18));
#4552=CARTESIAN_POINT('',(2.385,4.565,4.44893300389316E-17));
#4553=CARTESIAN_POINT('',(2.385,4.565,0.18));
#4554=CARTESIAN_POINT('',(2.565,4.565,0.18));
#4555=CARTESIAN_POINT('',(-1.66794463719411,-1.74199614855058,0.));
#4556=CARTESIAN_POINT('',(-1.66794463719411,7.64188715467203,0.));
#4557=CARTESIAN_POINT('',(7.85193697477085,-1.74199614855058,0.));
#4558=CARTESIAN_POINT('',(7.85193697477085,7.64188715467203,0.));
#4559=CARTESIAN_POINT('',(2.565,4.565,-0.18));
#4560=CARTESIAN_POINT('',(2.385,4.565,-0.18));
#4561=CARTESIAN_POINT('',(2.385,4.565,4.44893300389316E-17));
#4562=CARTESIAN_POINT('',(2.385,4.565,0.18));
#4563=CARTESIAN_POINT('',(2.565,4.565,0.18));
#4564=CARTESIAN_POINT('',(2.565,4.565,-0.18));
#4565=CARTESIAN_POINT('',(2.385,4.385,-0.18));
#4566=CARTESIAN_POINT('',(2.385,4.385,4.44893300389316E-17));
#4567=CARTESIAN_POINT('',(2.385,4.385,0.18));
#4568=CARTESIAN_POINT('',(2.565,4.565,0.18));
#4569=CARTESIAN_POINT('',(2.565,4.565,-0.18));
#4570=CARTESIAN_POINT('',(2.565,4.385,-0.18));
#4571=CARTESIAN_POINT('',(2.565,4.385,4.44893300389316E-17));
#4572=CARTESIAN_POINT('',(2.565,4.385,0.18));
#4573=CARTESIAN_POINT('',(2.565,4.565,0.18));
#4574=CARTESIAN_POINT('',(2.565,4.565,-0.18));
#4575=CARTESIAN_POINT('',(2.745,4.385,-0.18));
#4576=CARTESIAN_POINT('',(2.745,4.385,4.44893300389316E-17));
#4577=CARTESIAN_POINT('',(2.745,4.385,0.18));
#4578=CARTESIAN_POINT('',(2.565,4.565,0.18));
#4579=CARTESIAN_POINT('',(2.565,4.565,-0.18));
#4580=CARTESIAN_POINT('',(2.745,4.565,-0.18));
#4581=CARTESIAN_POINT('',(2.745,4.565,4.44893300389316E-17));
#4582=CARTESIAN_POINT('',(2.745,4.565,0.18));
#4583=CARTESIAN_POINT('',(2.565,4.565,0.18));
#4584=CARTESIAN_POINT('',(2.565,4.565,-0.18));
#4585=CARTESIAN_POINT('',(2.745,4.565,-3.77073783102926E-17));
#4586=CARTESIAN_POINT('',(2.385,4.565,5.55111512312578E-17));
#4587=CARTESIAN_POINT('',(2.565,4.565,-0.18));
#4588=CARTESIAN_POINT('',(2.385,4.565,-0.18));
#4589=CARTESIAN_POINT('',(2.385,4.565,-7.54147566205853E-17));
#4590=CARTESIAN_POINT('',(0.565486677646163,-0.282743338823081));
#4591=CARTESIAN_POINT('',(0.565486677646163,-1.66533453693773E-16));
#4592=CARTESIAN_POINT('',(2.385,4.565,5.55111512312578E-17));
#4593=CARTESIAN_POINT('',(2.385,4.745,0.));
#4594=CARTESIAN_POINT('',(2.565,4.745,5.55111512312578E-17));
#4595=CARTESIAN_POINT('',(2.745,4.745,0.));
#4596=CARTESIAN_POINT('',(2.745,4.565,5.55111512312578E-17));
#4597=CARTESIAN_POINT('',(0.565486677646163,-1.66533453693773E-16));
#4598=CARTESIAN_POINT('',(0.,-1.66533453693773E-16));
#4599=CARTESIAN_POINT('',(2.745,4.565,-7.54147566205853E-17));
#4600=CARTESIAN_POINT('',(2.745,4.565,-0.18));
#4601=CARTESIAN_POINT('',(2.565,4.565,-0.18));
#4602=CARTESIAN_POINT('',(0.,-1.66533453693773E-16));
#4603=CARTESIAN_POINT('',(0.,-0.282743338823081));
#4604=CARTESIAN_POINT('',(4.05294463719411,6.30699614855058));
#4605=CARTESIAN_POINT('',(4.05294463719411,6.48699614855058));
#4606=CARTESIAN_POINT('',(4.23294463719411,6.48699614855058));
#4607=CARTESIAN_POINT('',(4.41294463719411,6.48699614855058));
#4608=CARTESIAN_POINT('',(4.41294463719411,6.30699614855058));
#4609=CARTESIAN_POINT('',(2.385,4.565,5.55111512312578E-17));
#4610=CARTESIAN_POINT('',(2.385,4.385,0.));
#4611=CARTESIAN_POINT('',(2.565,4.385,5.55111512312578E-17));
#4612=CARTESIAN_POINT('',(2.745,4.385,0.));
#4613=CARTESIAN_POINT('',(2.745,4.565,5.55111512312578E-17));
#4614=CARTESIAN_POINT('',(4.05294463719411,6.30699614855058));
#4615=CARTESIAN_POINT('',(4.05294463719411,6.12699614855058));
#4616=CARTESIAN_POINT('',(4.23294463719411,6.12699614855058));
#4617=CARTESIAN_POINT('',(4.41294463719411,6.12699614855058));
#4618=CARTESIAN_POINT('',(4.41294463719411,6.30699614855058));
#4619=CARTESIAN_POINT('',(1.13097335529233,-1.66533453693773E-16));
#4620=CARTESIAN_POINT('',(1.13097335529233,-0.282743338823081));
#4621=CARTESIAN_POINT('',(0.565486677646163,-1.66533453693773E-16));
#4622=CARTESIAN_POINT('',(1.13097335529233,-1.66533453693773E-16));
#4623=CARTESIAN_POINT('',(0.565486677646163,-0.282743338823081));
#4624=CARTESIAN_POINT('',(0.565486677646163,-1.66533453693773E-16));
#4625=CARTESIAN_POINT('',(1.565,4.565,-0.18));
#4626=CARTESIAN_POINT('',(1.745,4.565,-0.18));
#4627=CARTESIAN_POINT('',(1.745,4.565,4.44893300389316E-17));
#4628=CARTESIAN_POINT('',(1.745,4.565,0.18));
#4629=CARTESIAN_POINT('',(1.565,4.565,0.18));
#4630=CARTESIAN_POINT('',(1.565,4.565,-0.18));
#4631=CARTESIAN_POINT('',(1.745,4.745,-0.18));
#4632=CARTESIAN_POINT('',(1.745,4.745,4.44893300389316E-17));
#4633=CARTESIAN_POINT('',(1.745,4.745,0.18));
#4634=CARTESIAN_POINT('',(1.565,4.565,0.18));
#4635=CARTESIAN_POINT('',(1.565,4.565,-0.18));
#4636=CARTESIAN_POINT('',(1.565,4.745,-0.18));
#4637=CARTESIAN_POINT('',(1.565,4.745,4.44893300389316E-17));
#4638=CARTESIAN_POINT('',(1.565,4.745,0.18));
#4639=CARTESIAN_POINT('',(1.565,4.565,0.18));
#4640=CARTESIAN_POINT('',(1.565,4.565,-0.18));
#4641=CARTESIAN_POINT('',(1.385,4.745,-0.18));
#4642=CARTESIAN_POINT('',(1.385,4.745,4.44893300389316E-17));
#4643=CARTESIAN_POINT('',(1.385,4.745,0.18));
#4644=CARTESIAN_POINT('',(1.565,4.565,0.18));
#4645=CARTESIAN_POINT('',(1.565,4.565,-0.18));
#4646=CARTESIAN_POINT('',(1.385,4.565,-0.18));
#4647=CARTESIAN_POINT('',(1.385,4.565,4.44893300389316E-17));
#4648=CARTESIAN_POINT('',(1.385,4.565,0.18));
#4649=CARTESIAN_POINT('',(1.565,4.565,0.18));
#4650=CARTESIAN_POINT('',(-1.66794463719411,-1.74199614855058,0.));
#4651=CARTESIAN_POINT('',(-1.66794463719411,7.64188715467203,0.));
#4652=CARTESIAN_POINT('',(7.85193697477085,-1.74199614855058,0.));
#4653=CARTESIAN_POINT('',(7.85193697477085,7.64188715467203,0.));
#4654=CARTESIAN_POINT('',(1.565,4.565,-0.18));
#4655=CARTESIAN_POINT('',(1.385,4.565,-0.18));
#4656=CARTESIAN_POINT('',(1.385,4.565,4.44893300389316E-17));
#4657=CARTESIAN_POINT('',(1.385,4.565,0.18));
#4658=CARTESIAN_POINT('',(1.565,4.565,0.18));
#4659=CARTESIAN_POINT('',(1.565,4.565,-0.18));
#4660=CARTESIAN_POINT('',(1.385,4.385,-0.18));
#4661=CARTESIAN_POINT('',(1.385,4.385,4.44893300389316E-17));
#4662=CARTESIAN_POINT('',(1.385,4.385,0.18));
#4663=CARTESIAN_POINT('',(1.565,4.565,0.18));
#4664=CARTESIAN_POINT('',(1.565,4.565,-0.18));
#4665=CARTESIAN_POINT('',(1.565,4.385,-0.18));
#4666=CARTESIAN_POINT('',(1.565,4.385,4.44893300389316E-17));
#4667=CARTESIAN_POINT('',(1.565,4.385,0.18));
#4668=CARTESIAN_POINT('',(1.565,4.565,0.18));
#4669=CARTESIAN_POINT('',(1.565,4.565,-0.18));
#4670=CARTESIAN_POINT('',(1.745,4.385,-0.18));
#4671=CARTESIAN_POINT('',(1.745,4.385,4.44893300389316E-17));
#4672=CARTESIAN_POINT('',(1.745,4.385,0.18));
#4673=CARTESIAN_POINT('',(1.565,4.565,0.18));
#4674=CARTESIAN_POINT('',(1.565,4.565,-0.18));
#4675=CARTESIAN_POINT('',(1.745,4.565,-0.18));
#4676=CARTESIAN_POINT('',(1.745,4.565,4.44893300389316E-17));
#4677=CARTESIAN_POINT('',(1.745,4.565,0.18));
#4678=CARTESIAN_POINT('',(1.565,4.565,0.18));
#4679=CARTESIAN_POINT('',(1.565,4.565,-0.18));
#4680=CARTESIAN_POINT('',(1.745,4.565,-3.77073783102926E-17));
#4681=CARTESIAN_POINT('',(1.385,4.565,5.55111512312578E-17));
#4682=CARTESIAN_POINT('',(1.565,4.565,-0.18));
#4683=CARTESIAN_POINT('',(1.385,4.565,-0.18));
#4684=CARTESIAN_POINT('',(1.385,4.565,-7.54147566205853E-17));
#4685=CARTESIAN_POINT('',(0.565486677646163,-0.282743338823081));
#4686=CARTESIAN_POINT('',(0.565486677646163,-1.66533453693773E-16));
#4687=CARTESIAN_POINT('',(1.385,4.565,5.55111512312578E-17));
#4688=CARTESIAN_POINT('',(1.385,4.745,0.));
#4689=CARTESIAN_POINT('',(1.565,4.745,5.55111512312578E-17));
#4690=CARTESIAN_POINT('',(1.745,4.745,0.));
#4691=CARTESIAN_POINT('',(1.745,4.565,5.55111512312578E-17));
#4692=CARTESIAN_POINT('',(0.565486677646163,-1.66533453693773E-16));
#4693=CARTESIAN_POINT('',(0.,-1.66533453693773E-16));
#4694=CARTESIAN_POINT('',(1.745,4.565,-7.54147566205853E-17));
#4695=CARTESIAN_POINT('',(1.745,4.565,-0.18));
#4696=CARTESIAN_POINT('',(1.565,4.565,-0.18));
#4697=CARTESIAN_POINT('',(0.,-1.66533453693773E-16));
#4698=CARTESIAN_POINT('',(0.,-0.282743338823081));
#4699=CARTESIAN_POINT('',(3.05294463719411,6.30699614855058));
#4700=CARTESIAN_POINT('',(3.05294463719411,6.48699614855058));
#4701=CARTESIAN_POINT('',(3.23294463719411,6.48699614855058));
#4702=CARTESIAN_POINT('',(3.41294463719411,6.48699614855058));
#4703=CARTESIAN_POINT('',(3.41294463719411,6.30699614855058));
#4704=CARTESIAN_POINT('',(1.385,4.565,5.55111512312578E-17));
#4705=CARTESIAN_POINT('',(1.385,4.385,0.));
#4706=CARTESIAN_POINT('',(1.565,4.385,5.55111512312578E-17));
#4707=CARTESIAN_POINT('',(1.745,4.385,0.));
#4708=CARTESIAN_POINT('',(1.745,4.565,5.55111512312578E-17));
#4709=CARTESIAN_POINT('',(3.05294463719411,6.30699614855058));
#4710=CARTESIAN_POINT('',(3.05294463719411,6.12699614855058));
#4711=CARTESIAN_POINT('',(3.23294463719411,6.12699614855058));
#4712=CARTESIAN_POINT('',(3.41294463719411,6.12699614855058));
#4713=CARTESIAN_POINT('',(3.41294463719411,6.30699614855058));
#4714=CARTESIAN_POINT('',(1.13097335529233,-1.66533453693773E-16));
#4715=CARTESIAN_POINT('',(1.13097335529233,-0.282743338823081));
#4716=CARTESIAN_POINT('',(0.565486677646163,-1.66533453693773E-16));
#4717=CARTESIAN_POINT('',(1.13097335529233,-1.66533453693773E-16));
#4718=CARTESIAN_POINT('',(0.565486677646163,-0.282743338823081));
#4719=CARTESIAN_POINT('',(0.565486677646163,-1.66533453693773E-16));
#4720=CARTESIAN_POINT('',(0.565,4.565,-0.18));
#4721=CARTESIAN_POINT('',(0.745,4.565,-0.18));
#4722=CARTESIAN_POINT('',(0.745,4.565,4.44893300389316E-17));
#4723=CARTESIAN_POINT('',(0.745,4.565,0.18));
#4724=CARTESIAN_POINT('',(0.565,4.565,0.18));
#4725=CARTESIAN_POINT('',(0.565,4.565,-0.18));
#4726=CARTESIAN_POINT('',(0.745,4.745,-0.18));
#4727=CARTESIAN_POINT('',(0.745,4.745,4.44893300389316E-17));
#4728=CARTESIAN_POINT('',(0.745,4.745,0.18));
#4729=CARTESIAN_POINT('',(0.565,4.565,0.18));
#4730=CARTESIAN_POINT('',(0.565,4.565,-0.18));
#4731=CARTESIAN_POINT('',(0.565,4.745,-0.18));
#4732=CARTESIAN_POINT('',(0.565,4.745,4.44893300389316E-17));
#4733=CARTESIAN_POINT('',(0.565,4.745,0.18));
#4734=CARTESIAN_POINT('',(0.565,4.565,0.18));
#4735=CARTESIAN_POINT('',(0.565,4.565,-0.18));
#4736=CARTESIAN_POINT('',(0.385,4.745,-0.18));
#4737=CARTESIAN_POINT('',(0.385,4.745,4.44893300389316E-17));
#4738=CARTESIAN_POINT('',(0.385,4.745,0.18));
#4739=CARTESIAN_POINT('',(0.565,4.565,0.18));
#4740=CARTESIAN_POINT('',(0.565,4.565,-0.18));
#4741=CARTESIAN_POINT('',(0.385,4.565,-0.18));
#4742=CARTESIAN_POINT('',(0.385,4.565,4.44893300389316E-17));
#4743=CARTESIAN_POINT('',(0.385,4.565,0.18));
#4744=CARTESIAN_POINT('',(0.565,4.565,0.18));
#4745=CARTESIAN_POINT('',(-1.66794463719411,-1.74199614855058,0.));
#4746=CARTESIAN_POINT('',(-1.66794463719411,7.64188715467203,0.));
#4747=CARTESIAN_POINT('',(7.85193697477085,-1.74199614855058,0.));
#4748=CARTESIAN_POINT('',(7.85193697477085,7.64188715467203,0.));
#4749=CARTESIAN_POINT('',(0.565,4.565,-0.18));
#4750=CARTESIAN_POINT('',(0.385,4.565,-0.18));
#4751=CARTESIAN_POINT('',(0.385,4.565,4.44893300389316E-17));
#4752=CARTESIAN_POINT('',(0.385,4.565,0.18));
#4753=CARTESIAN_POINT('',(0.565,4.565,0.18));
#4754=CARTESIAN_POINT('',(0.565,4.565,-0.18));
#4755=CARTESIAN_POINT('',(0.385,4.385,-0.18));
#4756=CARTESIAN_POINT('',(0.385,4.385,4.44893300389316E-17));
#4757=CARTESIAN_POINT('',(0.385,4.385,0.18));
#4758=CARTESIAN_POINT('',(0.565,4.565,0.18));
#4759=CARTESIAN_POINT('',(0.565,4.565,-0.18));
#4760=CARTESIAN_POINT('',(0.565,4.385,-0.18));
#4761=CARTESIAN_POINT('',(0.565,4.385,4.44893300389316E-17));
#4762=CARTESIAN_POINT('',(0.565,4.385,0.18));
#4763=CARTESIAN_POINT('',(0.565,4.565,0.18));
#4764=CARTESIAN_POINT('',(0.565,4.565,-0.18));
#4765=CARTESIAN_POINT('',(0.745,4.385,-0.18));
#4766=CARTESIAN_POINT('',(0.745,4.385,4.44893300389316E-17));
#4767=CARTESIAN_POINT('',(0.745,4.385,0.18));
#4768=CARTESIAN_POINT('',(0.565,4.565,0.18));
#4769=CARTESIAN_POINT('',(0.565,4.565,-0.18));
#4770=CARTESIAN_POINT('',(0.745,4.565,-0.18));
#4771=CARTESIAN_POINT('',(0.745,4.565,4.44893300389316E-17));
#4772=CARTESIAN_POINT('',(0.745,4.565,0.18));
#4773=CARTESIAN_POINT('',(0.565,4.565,0.18));
#4774=CARTESIAN_POINT('',(0.565,4.565,-0.18));
#4775=CARTESIAN_POINT('',(0.745,4.565,-3.77073783102926E-17));
#4776=CARTESIAN_POINT('',(0.385,4.565,5.55111512312578E-17));
#4777=CARTESIAN_POINT('',(0.565,4.565,-0.18));
#4778=CARTESIAN_POINT('',(0.385,4.565,-0.18));
#4779=CARTESIAN_POINT('',(0.385,4.565,-7.54147566205853E-17));
#4780=CARTESIAN_POINT('',(0.565486677646163,-0.282743338823081));
#4781=CARTESIAN_POINT('',(0.565486677646163,-1.66533453693773E-16));
#4782=CARTESIAN_POINT('',(0.385,4.565,5.55111512312578E-17));
#4783=CARTESIAN_POINT('',(0.385,4.745,0.));
#4784=CARTESIAN_POINT('',(0.565,4.745,5.55111512312578E-17));
#4785=CARTESIAN_POINT('',(0.745,4.745,0.));
#4786=CARTESIAN_POINT('',(0.745,4.565,5.55111512312578E-17));
#4787=CARTESIAN_POINT('',(0.565486677646163,-1.66533453693773E-16));
#4788=CARTESIAN_POINT('',(0.,-1.66533453693773E-16));
#4789=CARTESIAN_POINT('',(0.745,4.565,-7.54147566205853E-17));
#4790=CARTESIAN_POINT('',(0.745,4.565,-0.18));
#4791=CARTESIAN_POINT('',(0.565,4.565,-0.18));
#4792=CARTESIAN_POINT('',(0.,-1.66533453693773E-16));
#4793=CARTESIAN_POINT('',(0.,-0.282743338823081));
#4794=CARTESIAN_POINT('',(2.05294463719411,6.30699614855058));
#4795=CARTESIAN_POINT('',(2.05294463719411,6.48699614855058));
#4796=CARTESIAN_POINT('',(2.23294463719411,6.48699614855058));
#4797=CARTESIAN_POINT('',(2.41294463719411,6.48699614855058));
#4798=CARTESIAN_POINT('',(2.41294463719412,6.30699614855058));
#4799=CARTESIAN_POINT('',(0.385,4.565,5.55111512312578E-17));
#4800=CARTESIAN_POINT('',(0.385,4.385,0.));
#4801=CARTESIAN_POINT('',(0.565,4.385,5.55111512312578E-17));
#4802=CARTESIAN_POINT('',(0.745,4.385,0.));
#4803=CARTESIAN_POINT('',(0.745,4.565,5.55111512312578E-17));
#4804=CARTESIAN_POINT('',(2.05294463719411,6.30699614855058));
#4805=CARTESIAN_POINT('',(2.05294463719411,6.12699614855058));
#4806=CARTESIAN_POINT('',(2.23294463719411,6.12699614855058));
#4807=CARTESIAN_POINT('',(2.41294463719411,6.12699614855058));
#4808=CARTESIAN_POINT('',(2.41294463719412,6.30699614855058));
#4809=CARTESIAN_POINT('',(1.13097335529233,-1.66533453693773E-16));
#4810=CARTESIAN_POINT('',(1.13097335529233,-0.282743338823081));
#4811=CARTESIAN_POINT('',(0.565486677646163,-1.66533453693773E-16));
#4812=CARTESIAN_POINT('',(1.13097335529233,-1.66533453693773E-16));
#4813=CARTESIAN_POINT('',(0.565486677646163,-0.282743338823081));
#4814=CARTESIAN_POINT('',(0.565486677646163,-1.66533453693773E-16));
#4815=CARTESIAN_POINT('',(5.565,3.565,-0.18));
#4816=CARTESIAN_POINT('',(5.745,3.565,-0.18));
#4817=CARTESIAN_POINT('',(5.745,3.565,4.44893300389316E-17));
#4818=CARTESIAN_POINT('',(5.745,3.565,0.18));
#4819=CARTESIAN_POINT('',(5.565,3.565,0.18));
#4820=CARTESIAN_POINT('',(5.565,3.565,-0.18));
#4821=CARTESIAN_POINT('',(5.745,3.745,-0.18));
#4822=CARTESIAN_POINT('',(5.745,3.745,4.44893300389316E-17));
#4823=CARTESIAN_POINT('',(5.745,3.745,0.18));
#4824=CARTESIAN_POINT('',(5.565,3.565,0.18));
#4825=CARTESIAN_POINT('',(5.565,3.565,-0.18));
#4826=CARTESIAN_POINT('',(5.565,3.745,-0.18));
#4827=CARTESIAN_POINT('',(5.565,3.745,4.44893300389316E-17));
#4828=CARTESIAN_POINT('',(5.565,3.745,0.18));
#4829=CARTESIAN_POINT('',(5.565,3.565,0.18));
#4830=CARTESIAN_POINT('',(5.565,3.565,-0.18));
#4831=CARTESIAN_POINT('',(5.385,3.745,-0.18));
#4832=CARTESIAN_POINT('',(5.385,3.745,4.44893300389316E-17));
#4833=CARTESIAN_POINT('',(5.385,3.745,0.18));
#4834=CARTESIAN_POINT('',(5.565,3.565,0.18));
#4835=CARTESIAN_POINT('',(5.565,3.565,-0.18));
#4836=CARTESIAN_POINT('',(5.385,3.565,-0.18));
#4837=CARTESIAN_POINT('',(5.385,3.565,4.44893300389316E-17));
#4838=CARTESIAN_POINT('',(5.385,3.565,0.18));
#4839=CARTESIAN_POINT('',(5.565,3.565,0.18));
#4840=CARTESIAN_POINT('',(-1.66794463719411,-1.74199614855058,0.));
#4841=CARTESIAN_POINT('',(-1.66794463719411,7.64188715467203,0.));
#4842=CARTESIAN_POINT('',(7.85193697477085,-1.74199614855058,0.));
#4843=CARTESIAN_POINT('',(7.85193697477085,7.64188715467203,0.));
#4844=CARTESIAN_POINT('',(5.565,3.565,-0.18));
#4845=CARTESIAN_POINT('',(5.385,3.565,-0.18));
#4846=CARTESIAN_POINT('',(5.385,3.565,4.44893300389316E-17));
#4847=CARTESIAN_POINT('',(5.385,3.565,0.18));
#4848=CARTESIAN_POINT('',(5.565,3.565,0.18));
#4849=CARTESIAN_POINT('',(5.565,3.565,-0.18));
#4850=CARTESIAN_POINT('',(5.385,3.385,-0.18));
#4851=CARTESIAN_POINT('',(5.385,3.385,4.44893300389316E-17));
#4852=CARTESIAN_POINT('',(5.385,3.385,0.18));
#4853=CARTESIAN_POINT('',(5.565,3.565,0.18));
#4854=CARTESIAN_POINT('',(5.565,3.565,-0.18));
#4855=CARTESIAN_POINT('',(5.565,3.385,-0.18));
#4856=CARTESIAN_POINT('',(5.565,3.385,4.44893300389316E-17));
#4857=CARTESIAN_POINT('',(5.565,3.385,0.18));
#4858=CARTESIAN_POINT('',(5.565,3.565,0.18));
#4859=CARTESIAN_POINT('',(5.565,3.565,-0.18));
#4860=CARTESIAN_POINT('',(5.745,3.385,-0.18));
#4861=CARTESIAN_POINT('',(5.745,3.385,4.44893300389316E-17));
#4862=CARTESIAN_POINT('',(5.745,3.385,0.18));
#4863=CARTESIAN_POINT('',(5.565,3.565,0.18));
#4864=CARTESIAN_POINT('',(5.565,3.565,-0.18));
#4865=CARTESIAN_POINT('',(5.745,3.565,-0.18));
#4866=CARTESIAN_POINT('',(5.745,3.565,4.44893300389316E-17));
#4867=CARTESIAN_POINT('',(5.745,3.565,0.18));
#4868=CARTESIAN_POINT('',(5.565,3.565,0.18));
#4869=CARTESIAN_POINT('',(5.565,3.565,-0.18));
#4870=CARTESIAN_POINT('',(5.745,3.565,-3.77073783102926E-17));
#4871=CARTESIAN_POINT('',(5.385,3.565,5.55111512312578E-17));
#4872=CARTESIAN_POINT('',(5.565,3.565,-0.18));
#4873=CARTESIAN_POINT('',(5.385,3.565,-0.18));
#4874=CARTESIAN_POINT('',(5.385,3.565,-7.54147566205853E-17));
#4875=CARTESIAN_POINT('',(0.565486677646163,-0.282743338823081));
#4876=CARTESIAN_POINT('',(0.565486677646163,-1.66533453693773E-16));
#4877=CARTESIAN_POINT('',(5.385,3.565,5.55111512312578E-17));
#4878=CARTESIAN_POINT('',(5.385,3.745,0.));
#4879=CARTESIAN_POINT('',(5.565,3.745,5.55111512312578E-17));
#4880=CARTESIAN_POINT('',(5.745,3.745,0.));
#4881=CARTESIAN_POINT('',(5.745,3.565,5.55111512312578E-17));
#4882=CARTESIAN_POINT('',(0.565486677646163,-1.66533453693773E-16));
#4883=CARTESIAN_POINT('',(0.,-1.66533453693773E-16));
#4884=CARTESIAN_POINT('',(5.745,3.565,-7.54147566205853E-17));
#4885=CARTESIAN_POINT('',(5.745,3.565,-0.18));
#4886=CARTESIAN_POINT('',(5.565,3.565,-0.18));
#4887=CARTESIAN_POINT('',(0.,-1.66533453693773E-16));
#4888=CARTESIAN_POINT('',(0.,-0.282743338823081));
#4889=CARTESIAN_POINT('',(7.05294463719411,5.30699614855058));
#4890=CARTESIAN_POINT('',(7.05294463719411,5.48699614855058));
#4891=CARTESIAN_POINT('',(7.23294463719411,5.48699614855058));
#4892=CARTESIAN_POINT('',(7.41294463719411,5.48699614855058));
#4893=CARTESIAN_POINT('',(7.41294463719411,5.30699614855058));
#4894=CARTESIAN_POINT('',(5.385,3.565,5.55111512312578E-17));
#4895=CARTESIAN_POINT('',(5.385,3.385,0.));
#4896=CARTESIAN_POINT('',(5.565,3.385,5.55111512312578E-17));
#4897=CARTESIAN_POINT('',(5.745,3.385,0.));
#4898=CARTESIAN_POINT('',(5.745,3.565,5.55111512312578E-17));
#4899=CARTESIAN_POINT('',(7.05294463719411,5.30699614855058));
#4900=CARTESIAN_POINT('',(7.05294463719411,5.12699614855058));
#4901=CARTESIAN_POINT('',(7.23294463719411,5.12699614855058));
#4902=CARTESIAN_POINT('',(7.41294463719411,5.12699614855058));
#4903=CARTESIAN_POINT('',(7.41294463719411,5.30699614855058));
#4904=CARTESIAN_POINT('',(1.13097335529233,-1.66533453693773E-16));
#4905=CARTESIAN_POINT('',(1.13097335529233,-0.282743338823081));
#4906=CARTESIAN_POINT('',(0.565486677646163,-1.66533453693773E-16));
#4907=CARTESIAN_POINT('',(1.13097335529233,-1.66533453693773E-16));
#4908=CARTESIAN_POINT('',(0.565486677646163,-0.282743338823081));
#4909=CARTESIAN_POINT('',(0.565486677646163,-1.66533453693773E-16));
#4910=CARTESIAN_POINT('',(4.565,3.565,-0.18));
#4911=CARTESIAN_POINT('',(4.745,3.565,-0.18));
#4912=CARTESIAN_POINT('',(4.745,3.565,4.44893300389316E-17));
#4913=CARTESIAN_POINT('',(4.745,3.565,0.18));
#4914=CARTESIAN_POINT('',(4.565,3.565,0.18));
#4915=CARTESIAN_POINT('',(4.565,3.565,-0.18));
#4916=CARTESIAN_POINT('',(4.745,3.745,-0.18));
#4917=CARTESIAN_POINT('',(4.745,3.745,4.44893300389316E-17));
#4918=CARTESIAN_POINT('',(4.745,3.745,0.18));
#4919=CARTESIAN_POINT('',(4.565,3.565,0.18));
#4920=CARTESIAN_POINT('',(4.565,3.565,-0.18));
#4921=CARTESIAN_POINT('',(4.565,3.745,-0.18));
#4922=CARTESIAN_POINT('',(4.565,3.745,4.44893300389316E-17));
#4923=CARTESIAN_POINT('',(4.565,3.745,0.18));
#4924=CARTESIAN_POINT('',(4.565,3.565,0.18));
#4925=CARTESIAN_POINT('',(4.565,3.565,-0.18));
#4926=CARTESIAN_POINT('',(4.385,3.745,-0.18));
#4927=CARTESIAN_POINT('',(4.385,3.745,4.44893300389316E-17));
#4928=CARTESIAN_POINT('',(4.385,3.745,0.18));
#4929=CARTESIAN_POINT('',(4.565,3.565,0.18));
#4930=CARTESIAN_POINT('',(4.565,3.565,-0.18));
#4931=CARTESIAN_POINT('',(4.385,3.565,-0.18));
#4932=CARTESIAN_POINT('',(4.385,3.565,4.44893300389316E-17));
#4933=CARTESIAN_POINT('',(4.385,3.565,0.18));
#4934=CARTESIAN_POINT('',(4.565,3.565,0.18));
#4935=CARTESIAN_POINT('',(-1.66794463719411,-1.74199614855058,0.));
#4936=CARTESIAN_POINT('',(-1.66794463719411,7.64188715467203,0.));
#4937=CARTESIAN_POINT('',(7.85193697477085,-1.74199614855058,0.));
#4938=CARTESIAN_POINT('',(7.85193697477085,7.64188715467203,0.));
#4939=CARTESIAN_POINT('',(4.565,3.565,-0.18));
#4940=CARTESIAN_POINT('',(4.385,3.565,-0.18));
#4941=CARTESIAN_POINT('',(4.385,3.565,4.44893300389316E-17));
#4942=CARTESIAN_POINT('',(4.385,3.565,0.18));
#4943=CARTESIAN_POINT('',(4.565,3.565,0.18));
#4944=CARTESIAN_POINT('',(4.565,3.565,-0.18));
#4945=CARTESIAN_POINT('',(4.385,3.385,-0.18));
#4946=CARTESIAN_POINT('',(4.385,3.385,4.44893300389316E-17));
#4947=CARTESIAN_POINT('',(4.385,3.385,0.18));
#4948=CARTESIAN_POINT('',(4.565,3.565,0.18));
#4949=CARTESIAN_POINT('',(4.565,3.565,-0.18));
#4950=CARTESIAN_POINT('',(4.565,3.385,-0.18));
#4951=CARTESIAN_POINT('',(4.565,3.385,4.44893300389316E-17));
#4952=CARTESIAN_POINT('',(4.565,3.385,0.18));
#4953=CARTESIAN_POINT('',(4.565,3.565,0.18));
#4954=CARTESIAN_POINT('',(4.565,3.565,-0.18));
#4955=CARTESIAN_POINT('',(4.745,3.385,-0.18));
#4956=CARTESIAN_POINT('',(4.745,3.385,4.44893300389316E-17));
#4957=CARTESIAN_POINT('',(4.745,3.385,0.18));
#4958=CARTESIAN_POINT('',(4.565,3.565,0.18));
#4959=CARTESIAN_POINT('',(4.565,3.565,-0.18));
#4960=CARTESIAN_POINT('',(4.745,3.565,-0.18));
#4961=CARTESIAN_POINT('',(4.745,3.565,4.44893300389316E-17));
#4962=CARTESIAN_POINT('',(4.745,3.565,0.18));
#4963=CARTESIAN_POINT('',(4.565,3.565,0.18));
#4964=CARTESIAN_POINT('',(4.565,3.565,-0.18));
#4965=CARTESIAN_POINT('',(4.745,3.565,-3.77073783102926E-17));
#4966=CARTESIAN_POINT('',(4.385,3.565,5.55111512312578E-17));
#4967=CARTESIAN_POINT('',(4.565,3.565,-0.18));
#4968=CARTESIAN_POINT('',(4.385,3.565,-0.18));
#4969=CARTESIAN_POINT('',(4.385,3.565,-7.54147566205853E-17));
#4970=CARTESIAN_POINT('',(0.565486677646163,-0.282743338823081));
#4971=CARTESIAN_POINT('',(0.565486677646163,-1.66533453693773E-16));
#4972=CARTESIAN_POINT('',(4.385,3.565,5.55111512312578E-17));
#4973=CARTESIAN_POINT('',(4.385,3.745,0.));
#4974=CARTESIAN_POINT('',(4.565,3.745,5.55111512312578E-17));
#4975=CARTESIAN_POINT('',(4.745,3.745,0.));
#4976=CARTESIAN_POINT('',(4.745,3.565,5.55111512312578E-17));
#4977=CARTESIAN_POINT('',(0.565486677646163,-1.66533453693773E-16));
#4978=CARTESIAN_POINT('',(0.,-1.66533453693773E-16));
#4979=CARTESIAN_POINT('',(4.745,3.565,-7.54147566205853E-17));
#4980=CARTESIAN_POINT('',(4.745,3.565,-0.18));
#4981=CARTESIAN_POINT('',(4.565,3.565,-0.18));
#4982=CARTESIAN_POINT('',(0.,-1.66533453693773E-16));
#4983=CARTESIAN_POINT('',(0.,-0.282743338823081));
#4984=CARTESIAN_POINT('',(6.05294463719411,5.30699614855058));
#4985=CARTESIAN_POINT('',(6.05294463719411,5.48699614855058));
#4986=CARTESIAN_POINT('',(6.23294463719411,5.48699614855058));
#4987=CARTESIAN_POINT('',(6.41294463719411,5.48699614855058));
#4988=CARTESIAN_POINT('',(6.41294463719411,5.30699614855058));
#4989=CARTESIAN_POINT('',(4.385,3.565,5.55111512312578E-17));
#4990=CARTESIAN_POINT('',(4.385,3.385,0.));
#4991=CARTESIAN_POINT('',(4.565,3.385,5.55111512312578E-17));
#4992=CARTESIAN_POINT('',(4.745,3.385,0.));
#4993=CARTESIAN_POINT('',(4.745,3.565,5.55111512312578E-17));
#4994=CARTESIAN_POINT('',(6.05294463719411,5.30699614855058));
#4995=CARTESIAN_POINT('',(6.05294463719411,5.12699614855058));
#4996=CARTESIAN_POINT('',(6.23294463719411,5.12699614855058));
#4997=CARTESIAN_POINT('',(6.41294463719411,5.12699614855058));
#4998=CARTESIAN_POINT('',(6.41294463719411,5.30699614855058));
#4999=CARTESIAN_POINT('',(1.13097335529233,-1.66533453693773E-16));
#5000=CARTESIAN_POINT('',(1.13097335529233,-0.282743338823081));
#5001=CARTESIAN_POINT('',(0.565486677646163,-1.66533453693773E-16));
#5002=CARTESIAN_POINT('',(1.13097335529233,-1.66533453693773E-16));
#5003=CARTESIAN_POINT('',(0.565486677646163,-0.282743338823081));
#5004=CARTESIAN_POINT('',(0.565486677646163,-1.66533453693773E-16));
#5005=CARTESIAN_POINT('',(3.565,3.565,-0.18));
#5006=CARTESIAN_POINT('',(3.745,3.565,-0.18));
#5007=CARTESIAN_POINT('',(3.745,3.565,4.44893300389316E-17));
#5008=CARTESIAN_POINT('',(3.745,3.565,0.18));
#5009=CARTESIAN_POINT('',(3.565,3.565,0.18));
#5010=CARTESIAN_POINT('',(3.565,3.565,-0.18));
#5011=CARTESIAN_POINT('',(3.745,3.745,-0.18));
#5012=CARTESIAN_POINT('',(3.745,3.745,4.44893300389316E-17));
#5013=CARTESIAN_POINT('',(3.745,3.745,0.18));
#5014=CARTESIAN_POINT('',(3.565,3.565,0.18));
#5015=CARTESIAN_POINT('',(3.565,3.565,-0.18));
#5016=CARTESIAN_POINT('',(3.565,3.745,-0.18));
#5017=CARTESIAN_POINT('',(3.565,3.745,4.44893300389316E-17));
#5018=CARTESIAN_POINT('',(3.565,3.745,0.18));
#5019=CARTESIAN_POINT('',(3.565,3.565,0.18));
#5020=CARTESIAN_POINT('',(3.565,3.565,-0.18));
#5021=CARTESIAN_POINT('',(3.385,3.745,-0.18));
#5022=CARTESIAN_POINT('',(3.385,3.745,4.44893300389316E-17));
#5023=CARTESIAN_POINT('',(3.385,3.745,0.18));
#5024=CARTESIAN_POINT('',(3.565,3.565,0.18));
#5025=CARTESIAN_POINT('',(3.565,3.565,-0.18));
#5026=CARTESIAN_POINT('',(3.385,3.565,-0.18));
#5027=CARTESIAN_POINT('',(3.385,3.565,4.44893300389316E-17));
#5028=CARTESIAN_POINT('',(3.385,3.565,0.18));
#5029=CARTESIAN_POINT('',(3.565,3.565,0.18));
#5030=CARTESIAN_POINT('',(-1.66794463719411,-1.74199614855058,0.));
#5031=CARTESIAN_POINT('',(-1.66794463719411,7.64188715467203,0.));
#5032=CARTESIAN_POINT('',(7.85193697477085,-1.74199614855058,0.));
#5033=CARTESIAN_POINT('',(7.85193697477085,7.64188715467203,0.));
#5034=CARTESIAN_POINT('',(3.565,3.565,-0.18));
#5035=CARTESIAN_POINT('',(3.385,3.565,-0.18));
#5036=CARTESIAN_POINT('',(3.385,3.565,4.44893300389316E-17));
#5037=CARTESIAN_POINT('',(3.385,3.565,0.18));
#5038=CARTESIAN_POINT('',(3.565,3.565,0.18));
#5039=CARTESIAN_POINT('',(3.565,3.565,-0.18));
#5040=CARTESIAN_POINT('',(3.385,3.385,-0.18));
#5041=CARTESIAN_POINT('',(3.385,3.385,4.44893300389316E-17));
#5042=CARTESIAN_POINT('',(3.385,3.385,0.18));
#5043=CARTESIAN_POINT('',(3.565,3.565,0.18));
#5044=CARTESIAN_POINT('',(3.565,3.565,-0.18));
#5045=CARTESIAN_POINT('',(3.565,3.385,-0.18));
#5046=CARTESIAN_POINT('',(3.565,3.385,4.44893300389316E-17));
#5047=CARTESIAN_POINT('',(3.565,3.385,0.18));
#5048=CARTESIAN_POINT('',(3.565,3.565,0.18));
#5049=CARTESIAN_POINT('',(3.565,3.565,-0.18));
#5050=CARTESIAN_POINT('',(3.745,3.385,-0.18));
#5051=CARTESIAN_POINT('',(3.745,3.385,4.44893300389316E-17));
#5052=CARTESIAN_POINT('',(3.745,3.385,0.18));
#5053=CARTESIAN_POINT('',(3.565,3.565,0.18));
#5054=CARTESIAN_POINT('',(3.565,3.565,-0.18));
#5055=CARTESIAN_POINT('',(3.745,3.565,-0.18));
#5056=CARTESIAN_POINT('',(3.745,3.565,4.44893300389316E-17));
#5057=CARTESIAN_POINT('',(3.745,3.565,0.18));
#5058=CARTESIAN_POINT('',(3.565,3.565,0.18));
#5059=CARTESIAN_POINT('',(3.565,3.565,-0.18));
#5060=CARTESIAN_POINT('',(3.745,3.565,-3.77073783102926E-17));
#5061=CARTESIAN_POINT('',(3.385,3.565,5.55111512312578E-17));
#5062=CARTESIAN_POINT('',(3.565,3.565,-0.18));
#5063=CARTESIAN_POINT('',(3.385,3.565,-0.18));
#5064=CARTESIAN_POINT('',(3.385,3.565,-7.54147566205853E-17));
#5065=CARTESIAN_POINT('',(0.565486677646163,-0.282743338823081));
#5066=CARTESIAN_POINT('',(0.565486677646163,-1.66533453693773E-16));
#5067=CARTESIAN_POINT('',(3.385,3.565,5.55111512312578E-17));
#5068=CARTESIAN_POINT('',(3.385,3.745,0.));
#5069=CARTESIAN_POINT('',(3.565,3.745,5.55111512312578E-17));
#5070=CARTESIAN_POINT('',(3.745,3.745,0.));
#5071=CARTESIAN_POINT('',(3.745,3.565,5.55111512312578E-17));
#5072=CARTESIAN_POINT('',(0.565486677646163,-1.66533453693773E-16));
#5073=CARTESIAN_POINT('',(0.,-1.66533453693773E-16));
#5074=CARTESIAN_POINT('',(3.745,3.565,-7.54147566205853E-17));
#5075=CARTESIAN_POINT('',(3.745,3.565,-0.18));
#5076=CARTESIAN_POINT('',(3.565,3.565,-0.18));
#5077=CARTESIAN_POINT('',(0.,-1.66533453693773E-16));
#5078=CARTESIAN_POINT('',(0.,-0.282743338823081));
#5079=CARTESIAN_POINT('',(5.05294463719411,5.30699614855058));
#5080=CARTESIAN_POINT('',(5.05294463719411,5.48699614855058));
#5081=CARTESIAN_POINT('',(5.23294463719411,5.48699614855058));
#5082=CARTESIAN_POINT('',(5.41294463719411,5.48699614855058));
#5083=CARTESIAN_POINT('',(5.41294463719411,5.30699614855058));
#5084=CARTESIAN_POINT('',(3.385,3.565,5.55111512312578E-17));
#5085=CARTESIAN_POINT('',(3.385,3.385,0.));
#5086=CARTESIAN_POINT('',(3.565,3.385,5.55111512312578E-17));
#5087=CARTESIAN_POINT('',(3.745,3.385,0.));
#5088=CARTESIAN_POINT('',(3.745,3.565,5.55111512312578E-17));
#5089=CARTESIAN_POINT('',(5.05294463719411,5.30699614855058));
#5090=CARTESIAN_POINT('',(5.05294463719411,5.12699614855058));
#5091=CARTESIAN_POINT('',(5.23294463719411,5.12699614855058));
#5092=CARTESIAN_POINT('',(5.41294463719411,5.12699614855058));
#5093=CARTESIAN_POINT('',(5.41294463719411,5.30699614855058));
#5094=CARTESIAN_POINT('',(1.13097335529233,-1.66533453693773E-16));
#5095=CARTESIAN_POINT('',(1.13097335529233,-0.282743338823081));
#5096=CARTESIAN_POINT('',(0.565486677646163,-1.66533453693773E-16));
#5097=CARTESIAN_POINT('',(1.13097335529233,-1.66533453693773E-16));
#5098=CARTESIAN_POINT('',(0.565486677646163,-0.282743338823081));
#5099=CARTESIAN_POINT('',(0.565486677646163,-1.66533453693773E-16));
#5100=CARTESIAN_POINT('',(2.565,3.565,-0.18));
#5101=CARTESIAN_POINT('',(2.745,3.565,-0.18));
#5102=CARTESIAN_POINT('',(2.745,3.565,4.44893300389316E-17));
#5103=CARTESIAN_POINT('',(2.745,3.565,0.18));
#5104=CARTESIAN_POINT('',(2.565,3.565,0.18));
#5105=CARTESIAN_POINT('',(2.565,3.565,-0.18));
#5106=CARTESIAN_POINT('',(2.745,3.745,-0.18));
#5107=CARTESIAN_POINT('',(2.745,3.745,4.44893300389316E-17));
#5108=CARTESIAN_POINT('',(2.745,3.745,0.18));
#5109=CARTESIAN_POINT('',(2.565,3.565,0.18));
#5110=CARTESIAN_POINT('',(2.565,3.565,-0.18));
#5111=CARTESIAN_POINT('',(2.565,3.745,-0.18));
#5112=CARTESIAN_POINT('',(2.565,3.745,4.44893300389316E-17));
#5113=CARTESIAN_POINT('',(2.565,3.745,0.18));
#5114=CARTESIAN_POINT('',(2.565,3.565,0.18));
#5115=CARTESIAN_POINT('',(2.565,3.565,-0.18));
#5116=CARTESIAN_POINT('',(2.385,3.745,-0.18));
#5117=CARTESIAN_POINT('',(2.385,3.745,4.44893300389316E-17));
#5118=CARTESIAN_POINT('',(2.385,3.745,0.18));
#5119=CARTESIAN_POINT('',(2.565,3.565,0.18));
#5120=CARTESIAN_POINT('',(2.565,3.565,-0.18));
#5121=CARTESIAN_POINT('',(2.385,3.565,-0.18));
#5122=CARTESIAN_POINT('',(2.385,3.565,4.44893300389316E-17));
#5123=CARTESIAN_POINT('',(2.385,3.565,0.18));
#5124=CARTESIAN_POINT('',(2.565,3.565,0.18));
#5125=CARTESIAN_POINT('',(-1.66794463719411,-1.74199614855058,0.));
#5126=CARTESIAN_POINT('',(-1.66794463719411,7.64188715467203,0.));
#5127=CARTESIAN_POINT('',(7.85193697477085,-1.74199614855058,0.));
#5128=CARTESIAN_POINT('',(7.85193697477085,7.64188715467203,0.));
#5129=CARTESIAN_POINT('',(2.565,3.565,-0.18));
#5130=CARTESIAN_POINT('',(2.385,3.565,-0.18));
#5131=CARTESIAN_POINT('',(2.385,3.565,4.44893300389316E-17));
#5132=CARTESIAN_POINT('',(2.385,3.565,0.18));
#5133=CARTESIAN_POINT('',(2.565,3.565,0.18));
#5134=CARTESIAN_POINT('',(2.565,3.565,-0.18));
#5135=CARTESIAN_POINT('',(2.385,3.385,-0.18));
#5136=CARTESIAN_POINT('',(2.385,3.385,4.44893300389316E-17));
#5137=CARTESIAN_POINT('',(2.385,3.385,0.18));
#5138=CARTESIAN_POINT('',(2.565,3.565,0.18));
#5139=CARTESIAN_POINT('',(2.565,3.565,-0.18));
#5140=CARTESIAN_POINT('',(2.565,3.385,-0.18));
#5141=CARTESIAN_POINT('',(2.565,3.385,4.44893300389316E-17));
#5142=CARTESIAN_POINT('',(2.565,3.385,0.18));
#5143=CARTESIAN_POINT('',(2.565,3.565,0.18));
#5144=CARTESIAN_POINT('',(2.565,3.565,-0.18));
#5145=CARTESIAN_POINT('',(2.745,3.385,-0.18));
#5146=CARTESIAN_POINT('',(2.745,3.385,4.44893300389316E-17));
#5147=CARTESIAN_POINT('',(2.745,3.385,0.18));
#5148=CARTESIAN_POINT('',(2.565,3.565,0.18));
#5149=CARTESIAN_POINT('',(2.565,3.565,-0.18));
#5150=CARTESIAN_POINT('',(2.745,3.565,-0.18));
#5151=CARTESIAN_POINT('',(2.745,3.565,4.44893300389316E-17));
#5152=CARTESIAN_POINT('',(2.745,3.565,0.18));
#5153=CARTESIAN_POINT('',(2.565,3.565,0.18));
#5154=CARTESIAN_POINT('',(2.565,3.565,-0.18));
#5155=CARTESIAN_POINT('',(2.745,3.565,-3.77073783102926E-17));
#5156=CARTESIAN_POINT('',(2.385,3.565,5.55111512312578E-17));
#5157=CARTESIAN_POINT('',(2.565,3.565,-0.18));
#5158=CARTESIAN_POINT('',(2.385,3.565,-0.18));
#5159=CARTESIAN_POINT('',(2.385,3.565,-7.54147566205853E-17));
#5160=CARTESIAN_POINT('',(0.565486677646163,-0.282743338823081));
#5161=CARTESIAN_POINT('',(0.565486677646163,-1.66533453693773E-16));
#5162=CARTESIAN_POINT('',(2.385,3.565,5.55111512312578E-17));
#5163=CARTESIAN_POINT('',(2.385,3.745,0.));
#5164=CARTESIAN_POINT('',(2.565,3.745,5.55111512312578E-17));
#5165=CARTESIAN_POINT('',(2.745,3.745,0.));
#5166=CARTESIAN_POINT('',(2.745,3.565,5.55111512312578E-17));
#5167=CARTESIAN_POINT('',(0.565486677646163,-1.66533453693773E-16));
#5168=CARTESIAN_POINT('',(0.,-1.66533453693773E-16));
#5169=CARTESIAN_POINT('',(2.745,3.565,-7.54147566205853E-17));
#5170=CARTESIAN_POINT('',(2.745,3.565,-0.18));
#5171=CARTESIAN_POINT('',(2.565,3.565,-0.18));
#5172=CARTESIAN_POINT('',(0.,-1.66533453693773E-16));
#5173=CARTESIAN_POINT('',(0.,-0.282743338823081));
#5174=CARTESIAN_POINT('',(4.05294463719411,5.30699614855058));
#5175=CARTESIAN_POINT('',(4.05294463719411,5.48699614855058));
#5176=CARTESIAN_POINT('',(4.23294463719411,5.48699614855058));
#5177=CARTESIAN_POINT('',(4.41294463719411,5.48699614855058));
#5178=CARTESIAN_POINT('',(4.41294463719411,5.30699614855058));
#5179=CARTESIAN_POINT('',(2.385,3.565,5.55111512312578E-17));
#5180=CARTESIAN_POINT('',(2.385,3.385,0.));
#5181=CARTESIAN_POINT('',(2.565,3.385,5.55111512312578E-17));
#5182=CARTESIAN_POINT('',(2.745,3.385,0.));
#5183=CARTESIAN_POINT('',(2.745,3.565,5.55111512312578E-17));
#5184=CARTESIAN_POINT('',(4.05294463719411,5.30699614855058));
#5185=CARTESIAN_POINT('',(4.05294463719411,5.12699614855058));
#5186=CARTESIAN_POINT('',(4.23294463719411,5.12699614855058));
#5187=CARTESIAN_POINT('',(4.41294463719411,5.12699614855058));
#5188=CARTESIAN_POINT('',(4.41294463719411,5.30699614855058));
#5189=CARTESIAN_POINT('',(1.13097335529233,-1.66533453693773E-16));
#5190=CARTESIAN_POINT('',(1.13097335529233,-0.282743338823081));
#5191=CARTESIAN_POINT('',(0.565486677646163,-1.66533453693773E-16));
#5192=CARTESIAN_POINT('',(1.13097335529233,-1.66533453693773E-16));
#5193=CARTESIAN_POINT('',(0.565486677646163,-0.282743338823081));
#5194=CARTESIAN_POINT('',(0.565486677646163,-1.66533453693773E-16));
#5195=CARTESIAN_POINT('',(1.565,3.565,-0.18));
#5196=CARTESIAN_POINT('',(1.745,3.565,-0.18));
#5197=CARTESIAN_POINT('',(1.745,3.565,4.44893300389316E-17));
#5198=CARTESIAN_POINT('',(1.745,3.565,0.18));
#5199=CARTESIAN_POINT('',(1.565,3.565,0.18));
#5200=CARTESIAN_POINT('',(1.565,3.565,-0.18));
#5201=CARTESIAN_POINT('',(1.745,3.745,-0.18));
#5202=CARTESIAN_POINT('',(1.745,3.745,4.44893300389316E-17));
#5203=CARTESIAN_POINT('',(1.745,3.745,0.18));
#5204=CARTESIAN_POINT('',(1.565,3.565,0.18));
#5205=CARTESIAN_POINT('',(1.565,3.565,-0.18));
#5206=CARTESIAN_POINT('',(1.565,3.745,-0.18));
#5207=CARTESIAN_POINT('',(1.565,3.745,4.44893300389316E-17));
#5208=CARTESIAN_POINT('',(1.565,3.745,0.18));
#5209=CARTESIAN_POINT('',(1.565,3.565,0.18));
#5210=CARTESIAN_POINT('',(1.565,3.565,-0.18));
#5211=CARTESIAN_POINT('',(1.385,3.745,-0.18));
#5212=CARTESIAN_POINT('',(1.385,3.745,4.44893300389316E-17));
#5213=CARTESIAN_POINT('',(1.385,3.745,0.18));
#5214=CARTESIAN_POINT('',(1.565,3.565,0.18));
#5215=CARTESIAN_POINT('',(1.565,3.565,-0.18));
#5216=CARTESIAN_POINT('',(1.385,3.565,-0.18));
#5217=CARTESIAN_POINT('',(1.385,3.565,4.44893300389316E-17));
#5218=CARTESIAN_POINT('',(1.385,3.565,0.18));
#5219=CARTESIAN_POINT('',(1.565,3.565,0.18));
#5220=CARTESIAN_POINT('',(-1.66794463719411,-1.74199614855058,0.));
#5221=CARTESIAN_POINT('',(-1.66794463719411,7.64188715467203,0.));
#5222=CARTESIAN_POINT('',(7.85193697477085,-1.74199614855058,0.));
#5223=CARTESIAN_POINT('',(7.85193697477085,7.64188715467203,0.));
#5224=CARTESIAN_POINT('',(1.565,3.565,-0.18));
#5225=CARTESIAN_POINT('',(1.385,3.565,-0.18));
#5226=CARTESIAN_POINT('',(1.385,3.565,4.44893300389316E-17));
#5227=CARTESIAN_POINT('',(1.385,3.565,0.18));
#5228=CARTESIAN_POINT('',(1.565,3.565,0.18));
#5229=CARTESIAN_POINT('',(1.565,3.565,-0.18));
#5230=CARTESIAN_POINT('',(1.385,3.385,-0.18));
#5231=CARTESIAN_POINT('',(1.385,3.385,4.44893300389316E-17));
#5232=CARTESIAN_POINT('',(1.385,3.385,0.18));
#5233=CARTESIAN_POINT('',(1.565,3.565,0.18));
#5234=CARTESIAN_POINT('',(1.565,3.565,-0.18));
#5235=CARTESIAN_POINT('',(1.565,3.385,-0.18));
#5236=CARTESIAN_POINT('',(1.565,3.385,4.44893300389316E-17));
#5237=CARTESIAN_POINT('',(1.565,3.385,0.18));
#5238=CARTESIAN_POINT('',(1.565,3.565,0.18));
#5239=CARTESIAN_POINT('',(1.565,3.565,-0.18));
#5240=CARTESIAN_POINT('',(1.745,3.385,-0.18));
#5241=CARTESIAN_POINT('',(1.745,3.385,4.44893300389316E-17));
#5242=CARTESIAN_POINT('',(1.745,3.385,0.18));
#5243=CARTESIAN_POINT('',(1.565,3.565,0.18));
#5244=CARTESIAN_POINT('',(1.565,3.565,-0.18));
#5245=CARTESIAN_POINT('',(1.745,3.565,-0.18));
#5246=CARTESIAN_POINT('',(1.745,3.565,4.44893300389316E-17));
#5247=CARTESIAN_POINT('',(1.745,3.565,0.18));
#5248=CARTESIAN_POINT('',(1.565,3.565,0.18));
#5249=CARTESIAN_POINT('',(1.565,3.565,-0.18));
#5250=CARTESIAN_POINT('',(1.745,3.565,-3.77073783102926E-17));
#5251=CARTESIAN_POINT('',(1.385,3.565,5.55111512312578E-17));
#5252=CARTESIAN_POINT('',(1.565,3.565,-0.18));
#5253=CARTESIAN_POINT('',(1.385,3.565,-0.18));
#5254=CARTESIAN_POINT('',(1.385,3.565,-7.54147566205853E-17));
#5255=CARTESIAN_POINT('',(0.565486677646163,-0.282743338823081));
#5256=CARTESIAN_POINT('',(0.565486677646163,-1.66533453693773E-16));
#5257=CARTESIAN_POINT('',(1.385,3.565,5.55111512312578E-17));
#5258=CARTESIAN_POINT('',(1.385,3.745,0.));
#5259=CARTESIAN_POINT('',(1.565,3.745,5.55111512312578E-17));
#5260=CARTESIAN_POINT('',(1.745,3.745,0.));
#5261=CARTESIAN_POINT('',(1.745,3.565,5.55111512312578E-17));
#5262=CARTESIAN_POINT('',(0.565486677646163,-1.66533453693773E-16));
#5263=CARTESIAN_POINT('',(0.,-1.66533453693773E-16));
#5264=CARTESIAN_POINT('',(1.745,3.565,-7.54147566205853E-17));
#5265=CARTESIAN_POINT('',(1.745,3.565,-0.18));
#5266=CARTESIAN_POINT('',(1.565,3.565,-0.18));
#5267=CARTESIAN_POINT('',(0.,-1.66533453693773E-16));
#5268=CARTESIAN_POINT('',(0.,-0.282743338823081));
#5269=CARTESIAN_POINT('',(3.05294463719411,5.30699614855058));
#5270=CARTESIAN_POINT('',(3.05294463719411,5.48699614855058));
#5271=CARTESIAN_POINT('',(3.23294463719411,5.48699614855058));
#5272=CARTESIAN_POINT('',(3.41294463719411,5.48699614855058));
#5273=CARTESIAN_POINT('',(3.41294463719411,5.30699614855058));
#5274=CARTESIAN_POINT('',(1.385,3.565,5.55111512312578E-17));
#5275=CARTESIAN_POINT('',(1.385,3.385,0.));
#5276=CARTESIAN_POINT('',(1.565,3.385,5.55111512312578E-17));
#5277=CARTESIAN_POINT('',(1.745,3.385,0.));
#5278=CARTESIAN_POINT('',(1.745,3.565,5.55111512312578E-17));
#5279=CARTESIAN_POINT('',(3.05294463719411,5.30699614855058));
#5280=CARTESIAN_POINT('',(3.05294463719411,5.12699614855058));
#5281=CARTESIAN_POINT('',(3.23294463719411,5.12699614855058));
#5282=CARTESIAN_POINT('',(3.41294463719411,5.12699614855058));
#5283=CARTESIAN_POINT('',(3.41294463719411,5.30699614855058));
#5284=CARTESIAN_POINT('',(1.13097335529233,-1.66533453693773E-16));
#5285=CARTESIAN_POINT('',(1.13097335529233,-0.282743338823081));
#5286=CARTESIAN_POINT('',(0.565486677646163,-1.66533453693773E-16));
#5287=CARTESIAN_POINT('',(1.13097335529233,-1.66533453693773E-16));
#5288=CARTESIAN_POINT('',(0.565486677646163,-0.282743338823081));
#5289=CARTESIAN_POINT('',(0.565486677646163,-1.66533453693773E-16));
#5290=CARTESIAN_POINT('',(0.565,3.565,-0.18));
#5291=CARTESIAN_POINT('',(0.745,3.565,-0.18));
#5292=CARTESIAN_POINT('',(0.745,3.565,4.44893300389316E-17));
#5293=CARTESIAN_POINT('',(0.745,3.565,0.18));
#5294=CARTESIAN_POINT('',(0.565,3.565,0.18));
#5295=CARTESIAN_POINT('',(0.565,3.565,-0.18));
#5296=CARTESIAN_POINT('',(0.745,3.745,-0.18));
#5297=CARTESIAN_POINT('',(0.745,3.745,4.44893300389316E-17));
#5298=CARTESIAN_POINT('',(0.745,3.745,0.18));
#5299=CARTESIAN_POINT('',(0.565,3.565,0.18));
#5300=CARTESIAN_POINT('',(0.565,3.565,-0.18));
#5301=CARTESIAN_POINT('',(0.565,3.745,-0.18));
#5302=CARTESIAN_POINT('',(0.565,3.745,4.44893300389316E-17));
#5303=CARTESIAN_POINT('',(0.565,3.745,0.18));
#5304=CARTESIAN_POINT('',(0.565,3.565,0.18));
#5305=CARTESIAN_POINT('',(0.565,3.565,-0.18));
#5306=CARTESIAN_POINT('',(0.385,3.745,-0.18));
#5307=CARTESIAN_POINT('',(0.385,3.745,4.44893300389316E-17));
#5308=CARTESIAN_POINT('',(0.385,3.745,0.18));
#5309=CARTESIAN_POINT('',(0.565,3.565,0.18));
#5310=CARTESIAN_POINT('',(0.565,3.565,-0.18));
#5311=CARTESIAN_POINT('',(0.385,3.565,-0.18));
#5312=CARTESIAN_POINT('',(0.385,3.565,4.44893300389316E-17));
#5313=CARTESIAN_POINT('',(0.385,3.565,0.18));
#5314=CARTESIAN_POINT('',(0.565,3.565,0.18));
#5315=CARTESIAN_POINT('',(-1.66794463719411,-1.74199614855058,0.));
#5316=CARTESIAN_POINT('',(-1.66794463719411,7.64188715467203,0.));
#5317=CARTESIAN_POINT('',(7.85193697477085,-1.74199614855058,0.));
#5318=CARTESIAN_POINT('',(7.85193697477085,7.64188715467203,0.));
#5319=CARTESIAN_POINT('',(0.565,3.565,-0.18));
#5320=CARTESIAN_POINT('',(0.385,3.565,-0.18));
#5321=CARTESIAN_POINT('',(0.385,3.565,4.44893300389316E-17));
#5322=CARTESIAN_POINT('',(0.385,3.565,0.18));
#5323=CARTESIAN_POINT('',(0.565,3.565,0.18));
#5324=CARTESIAN_POINT('',(0.565,3.565,-0.18));
#5325=CARTESIAN_POINT('',(0.385,3.385,-0.18));
#5326=CARTESIAN_POINT('',(0.385,3.385,4.44893300389316E-17));
#5327=CARTESIAN_POINT('',(0.385,3.385,0.18));
#5328=CARTESIAN_POINT('',(0.565,3.565,0.18));
#5329=CARTESIAN_POINT('',(0.565,3.565,-0.18));
#5330=CARTESIAN_POINT('',(0.565,3.385,-0.18));
#5331=CARTESIAN_POINT('',(0.565,3.385,4.44893300389316E-17));
#5332=CARTESIAN_POINT('',(0.565,3.385,0.18));
#5333=CARTESIAN_POINT('',(0.565,3.565,0.18));
#5334=CARTESIAN_POINT('',(0.565,3.565,-0.18));
#5335=CARTESIAN_POINT('',(0.745,3.385,-0.18));
#5336=CARTESIAN_POINT('',(0.745,3.385,4.44893300389316E-17));
#5337=CARTESIAN_POINT('',(0.745,3.385,0.18));
#5338=CARTESIAN_POINT('',(0.565,3.565,0.18));
#5339=CARTESIAN_POINT('',(0.565,3.565,-0.18));
#5340=CARTESIAN_POINT('',(0.745,3.565,-0.18));
#5341=CARTESIAN_POINT('',(0.745,3.565,4.44893300389316E-17));
#5342=CARTESIAN_POINT('',(0.745,3.565,0.18));
#5343=CARTESIAN_POINT('',(0.565,3.565,0.18));
#5344=CARTESIAN_POINT('',(0.565,3.565,-0.18));
#5345=CARTESIAN_POINT('',(0.745,3.565,-3.77073783102926E-17));
#5346=CARTESIAN_POINT('',(0.385,3.565,5.55111512312578E-17));
#5347=CARTESIAN_POINT('',(0.565,3.565,-0.18));
#5348=CARTESIAN_POINT('',(0.385,3.565,-0.18));
#5349=CARTESIAN_POINT('',(0.385,3.565,-7.54147566205853E-17));
#5350=CARTESIAN_POINT('',(0.565486677646163,-0.282743338823081));
#5351=CARTESIAN_POINT('',(0.565486677646163,-1.66533453693773E-16));
#5352=CARTESIAN_POINT('',(0.385,3.565,5.55111512312578E-17));
#5353=CARTESIAN_POINT('',(0.385,3.745,0.));
#5354=CARTESIAN_POINT('',(0.565,3.745,5.55111512312578E-17));
#5355=CARTESIAN_POINT('',(0.745,3.745,0.));
#5356=CARTESIAN_POINT('',(0.745,3.565,5.55111512312578E-17));
#5357=CARTESIAN_POINT('',(0.565486677646163,-1.66533453693773E-16));
#5358=CARTESIAN_POINT('',(0.,-1.66533453693773E-16));
#5359=CARTESIAN_POINT('',(0.745,3.565,-7.54147566205853E-17));
#5360=CARTESIAN_POINT('',(0.745,3.565,-0.18));
#5361=CARTESIAN_POINT('',(0.565,3.565,-0.18));
#5362=CARTESIAN_POINT('',(0.,-1.66533453693773E-16));
#5363=CARTESIAN_POINT('',(0.,-0.282743338823081));
#5364=CARTESIAN_POINT('',(2.05294463719411,5.30699614855058));
#5365=CARTESIAN_POINT('',(2.05294463719411,5.48699614855058));
#5366=CARTESIAN_POINT('',(2.23294463719411,5.48699614855058));
#5367=CARTESIAN_POINT('',(2.41294463719411,5.48699614855058));
#5368=CARTESIAN_POINT('',(2.41294463719412,5.30699614855058));
#5369=CARTESIAN_POINT('',(0.385,3.565,5.55111512312578E-17));
#5370=CARTESIAN_POINT('',(0.385,3.385,0.));
#5371=CARTESIAN_POINT('',(0.565,3.385,5.55111512312578E-17));
#5372=CARTESIAN_POINT('',(0.745,3.385,0.));
#5373=CARTESIAN_POINT('',(0.745,3.565,5.55111512312578E-17));
#5374=CARTESIAN_POINT('',(2.05294463719411,5.30699614855058));
#5375=CARTESIAN_POINT('',(2.05294463719411,5.12699614855058));
#5376=CARTESIAN_POINT('',(2.23294463719411,5.12699614855058));
#5377=CARTESIAN_POINT('',(2.41294463719411,5.12699614855058));
#5378=CARTESIAN_POINT('',(2.41294463719412,5.30699614855058));
#5379=CARTESIAN_POINT('',(1.13097335529233,-1.66533453693773E-16));
#5380=CARTESIAN_POINT('',(1.13097335529233,-0.282743338823081));
#5381=CARTESIAN_POINT('',(0.565486677646163,-1.66533453693773E-16));
#5382=CARTESIAN_POINT('',(1.13097335529233,-1.66533453693773E-16));
#5383=CARTESIAN_POINT('',(0.565486677646163,-0.282743338823081));
#5384=CARTESIAN_POINT('',(0.565486677646163,-1.66533453693773E-16));
#5385=CARTESIAN_POINT('',(5.565,2.565,-0.18));
#5386=CARTESIAN_POINT('',(5.745,2.565,-0.18));
#5387=CARTESIAN_POINT('',(5.745,2.565,4.44893300389316E-17));
#5388=CARTESIAN_POINT('',(5.745,2.565,0.18));
#5389=CARTESIAN_POINT('',(5.565,2.565,0.18));
#5390=CARTESIAN_POINT('',(5.565,2.565,-0.18));
#5391=CARTESIAN_POINT('',(5.745,2.745,-0.18));
#5392=CARTESIAN_POINT('',(5.745,2.745,4.44893300389316E-17));
#5393=CARTESIAN_POINT('',(5.745,2.745,0.18));
#5394=CARTESIAN_POINT('',(5.565,2.565,0.18));
#5395=CARTESIAN_POINT('',(5.565,2.565,-0.18));
#5396=CARTESIAN_POINT('',(5.565,2.745,-0.18));
#5397=CARTESIAN_POINT('',(5.565,2.745,4.44893300389316E-17));
#5398=CARTESIAN_POINT('',(5.565,2.745,0.18));
#5399=CARTESIAN_POINT('',(5.565,2.565,0.18));
#5400=CARTESIAN_POINT('',(5.565,2.565,-0.18));
#5401=CARTESIAN_POINT('',(5.385,2.745,-0.18));
#5402=CARTESIAN_POINT('',(5.385,2.745,4.44893300389316E-17));
#5403=CARTESIAN_POINT('',(5.385,2.745,0.18));
#5404=CARTESIAN_POINT('',(5.565,2.565,0.18));
#5405=CARTESIAN_POINT('',(5.565,2.565,-0.18));
#5406=CARTESIAN_POINT('',(5.385,2.565,-0.18));
#5407=CARTESIAN_POINT('',(5.385,2.565,4.44893300389316E-17));
#5408=CARTESIAN_POINT('',(5.385,2.565,0.18));
#5409=CARTESIAN_POINT('',(5.565,2.565,0.18));
#5410=CARTESIAN_POINT('',(-1.66794463719411,-1.74199614855058,0.));
#5411=CARTESIAN_POINT('',(-1.66794463719411,7.64188715467203,0.));
#5412=CARTESIAN_POINT('',(7.85193697477085,-1.74199614855058,0.));
#5413=CARTESIAN_POINT('',(7.85193697477085,7.64188715467203,0.));
#5414=CARTESIAN_POINT('',(5.565,2.565,-0.18));
#5415=CARTESIAN_POINT('',(5.385,2.565,-0.18));
#5416=CARTESIAN_POINT('',(5.385,2.565,4.44893300389316E-17));
#5417=CARTESIAN_POINT('',(5.385,2.565,0.18));
#5418=CARTESIAN_POINT('',(5.565,2.565,0.18));
#5419=CARTESIAN_POINT('',(5.565,2.565,-0.18));
#5420=CARTESIAN_POINT('',(5.385,2.385,-0.18));
#5421=CARTESIAN_POINT('',(5.385,2.385,4.44893300389316E-17));
#5422=CARTESIAN_POINT('',(5.385,2.385,0.18));
#5423=CARTESIAN_POINT('',(5.565,2.565,0.18));
#5424=CARTESIAN_POINT('',(5.565,2.565,-0.18));
#5425=CARTESIAN_POINT('',(5.565,2.385,-0.18));
#5426=CARTESIAN_POINT('',(5.565,2.385,4.44893300389316E-17));
#5427=CARTESIAN_POINT('',(5.565,2.385,0.18));
#5428=CARTESIAN_POINT('',(5.565,2.565,0.18));
#5429=CARTESIAN_POINT('',(5.565,2.565,-0.18));
#5430=CARTESIAN_POINT('',(5.745,2.385,-0.18));
#5431=CARTESIAN_POINT('',(5.745,2.385,4.44893300389316E-17));
#5432=CARTESIAN_POINT('',(5.745,2.385,0.18));
#5433=CARTESIAN_POINT('',(5.565,2.565,0.18));
#5434=CARTESIAN_POINT('',(5.565,2.565,-0.18));
#5435=CARTESIAN_POINT('',(5.745,2.565,-0.18));
#5436=CARTESIAN_POINT('',(5.745,2.565,4.44893300389316E-17));
#5437=CARTESIAN_POINT('',(5.745,2.565,0.18));
#5438=CARTESIAN_POINT('',(5.565,2.565,0.18));
#5439=CARTESIAN_POINT('',(5.565,2.565,-0.18));
#5440=CARTESIAN_POINT('',(5.745,2.565,-3.77073783102926E-17));
#5441=CARTESIAN_POINT('',(5.385,2.565,5.55111512312578E-17));
#5442=CARTESIAN_POINT('',(5.565,2.565,-0.18));
#5443=CARTESIAN_POINT('',(5.385,2.565,-0.18));
#5444=CARTESIAN_POINT('',(5.385,2.565,-7.54147566205853E-17));
#5445=CARTESIAN_POINT('',(0.565486677646163,-0.282743338823081));
#5446=CARTESIAN_POINT('',(0.565486677646163,-1.66533453693773E-16));
#5447=CARTESIAN_POINT('',(5.385,2.565,5.55111512312578E-17));
#5448=CARTESIAN_POINT('',(5.385,2.745,0.));
#5449=CARTESIAN_POINT('',(5.565,2.745,5.55111512312578E-17));
#5450=CARTESIAN_POINT('',(5.745,2.745,0.));
#5451=CARTESIAN_POINT('',(5.745,2.565,5.55111512312578E-17));
#5452=CARTESIAN_POINT('',(0.565486677646163,-1.66533453693773E-16));
#5453=CARTESIAN_POINT('',(0.,-1.66533453693773E-16));
#5454=CARTESIAN_POINT('',(5.745,2.565,-7.54147566205853E-17));
#5455=CARTESIAN_POINT('',(5.745,2.565,-0.18));
#5456=CARTESIAN_POINT('',(5.565,2.565,-0.18));
#5457=CARTESIAN_POINT('',(0.,-1.66533453693773E-16));
#5458=CARTESIAN_POINT('',(0.,-0.282743338823081));
#5459=CARTESIAN_POINT('',(7.05294463719411,4.30699614855058));
#5460=CARTESIAN_POINT('',(7.05294463719411,4.48699614855057));
#5461=CARTESIAN_POINT('',(7.23294463719411,4.48699614855058));
#5462=CARTESIAN_POINT('',(7.41294463719411,4.48699614855057));
#5463=CARTESIAN_POINT('',(7.41294463719411,4.30699614855058));
#5464=CARTESIAN_POINT('',(5.385,2.565,5.55111512312578E-17));
#5465=CARTESIAN_POINT('',(5.385,2.385,0.));
#5466=CARTESIAN_POINT('',(5.565,2.385,5.55111512312578E-17));
#5467=CARTESIAN_POINT('',(5.745,2.385,0.));
#5468=CARTESIAN_POINT('',(5.745,2.565,5.55111512312578E-17));
#5469=CARTESIAN_POINT('',(7.05294463719411,4.30699614855058));
#5470=CARTESIAN_POINT('',(7.05294463719411,4.12699614855058));
#5471=CARTESIAN_POINT('',(7.23294463719411,4.12699614855058));
#5472=CARTESIAN_POINT('',(7.41294463719411,4.12699614855058));
#5473=CARTESIAN_POINT('',(7.41294463719411,4.30699614855058));
#5474=CARTESIAN_POINT('',(1.13097335529233,-1.66533453693773E-16));
#5475=CARTESIAN_POINT('',(1.13097335529233,-0.282743338823081));
#5476=CARTESIAN_POINT('',(0.565486677646163,-1.66533453693773E-16));
#5477=CARTESIAN_POINT('',(1.13097335529233,-1.66533453693773E-16));
#5478=CARTESIAN_POINT('',(0.565486677646163,-0.282743338823081));
#5479=CARTESIAN_POINT('',(0.565486677646163,-1.66533453693773E-16));
#5480=CARTESIAN_POINT('',(4.565,2.565,-0.18));
#5481=CARTESIAN_POINT('',(4.745,2.565,-0.18));
#5482=CARTESIAN_POINT('',(4.745,2.565,4.44893300389316E-17));
#5483=CARTESIAN_POINT('',(4.745,2.565,0.18));
#5484=CARTESIAN_POINT('',(4.565,2.565,0.18));
#5485=CARTESIAN_POINT('',(4.565,2.565,-0.18));
#5486=CARTESIAN_POINT('',(4.745,2.745,-0.18));
#5487=CARTESIAN_POINT('',(4.745,2.745,4.44893300389316E-17));
#5488=CARTESIAN_POINT('',(4.745,2.745,0.18));
#5489=CARTESIAN_POINT('',(4.565,2.565,0.18));
#5490=CARTESIAN_POINT('',(4.565,2.565,-0.18));
#5491=CARTESIAN_POINT('',(4.565,2.745,-0.18));
#5492=CARTESIAN_POINT('',(4.565,2.745,4.44893300389316E-17));
#5493=CARTESIAN_POINT('',(4.565,2.745,0.18));
#5494=CARTESIAN_POINT('',(4.565,2.565,0.18));
#5495=CARTESIAN_POINT('',(4.565,2.565,-0.18));
#5496=CARTESIAN_POINT('',(4.385,2.745,-0.18));
#5497=CARTESIAN_POINT('',(4.385,2.745,4.44893300389316E-17));
#5498=CARTESIAN_POINT('',(4.385,2.745,0.18));
#5499=CARTESIAN_POINT('',(4.565,2.565,0.18));
#5500=CARTESIAN_POINT('',(4.565,2.565,-0.18));
#5501=CARTESIAN_POINT('',(4.385,2.565,-0.18));
#5502=CARTESIAN_POINT('',(4.385,2.565,4.44893300389316E-17));
#5503=CARTESIAN_POINT('',(4.385,2.565,0.18));
#5504=CARTESIAN_POINT('',(4.565,2.565,0.18));
#5505=CARTESIAN_POINT('',(-1.66794463719411,-1.74199614855058,0.));
#5506=CARTESIAN_POINT('',(-1.66794463719411,7.64188715467203,0.));
#5507=CARTESIAN_POINT('',(7.85193697477085,-1.74199614855058,0.));
#5508=CARTESIAN_POINT('',(7.85193697477085,7.64188715467203,0.));
#5509=CARTESIAN_POINT('',(4.565,2.565,-0.18));
#5510=CARTESIAN_POINT('',(4.385,2.565,-0.18));
#5511=CARTESIAN_POINT('',(4.385,2.565,4.44893300389316E-17));
#5512=CARTESIAN_POINT('',(4.385,2.565,0.18));
#5513=CARTESIAN_POINT('',(4.565,2.565,0.18));
#5514=CARTESIAN_POINT('',(4.565,2.565,-0.18));
#5515=CARTESIAN_POINT('',(4.385,2.385,-0.18));
#5516=CARTESIAN_POINT('',(4.385,2.385,4.44893300389316E-17));
#5517=CARTESIAN_POINT('',(4.385,2.385,0.18));
#5518=CARTESIAN_POINT('',(4.565,2.565,0.18));
#5519=CARTESIAN_POINT('',(4.565,2.565,-0.18));
#5520=CARTESIAN_POINT('',(4.565,2.385,-0.18));
#5521=CARTESIAN_POINT('',(4.565,2.385,4.44893300389316E-17));
#5522=CARTESIAN_POINT('',(4.565,2.385,0.18));
#5523=CARTESIAN_POINT('',(4.565,2.565,0.18));
#5524=CARTESIAN_POINT('',(4.565,2.565,-0.18));
#5525=CARTESIAN_POINT('',(4.745,2.385,-0.18));
#5526=CARTESIAN_POINT('',(4.745,2.385,4.44893300389316E-17));
#5527=CARTESIAN_POINT('',(4.745,2.385,0.18));
#5528=CARTESIAN_POINT('',(4.565,2.565,0.18));
#5529=CARTESIAN_POINT('',(4.565,2.565,-0.18));
#5530=CARTESIAN_POINT('',(4.745,2.565,-0.18));
#5531=CARTESIAN_POINT('',(4.745,2.565,4.44893300389316E-17));
#5532=CARTESIAN_POINT('',(4.745,2.565,0.18));
#5533=CARTESIAN_POINT('',(4.565,2.565,0.18));
#5534=CARTESIAN_POINT('',(4.565,2.565,-0.18));
#5535=CARTESIAN_POINT('',(4.745,2.565,-3.77073783102926E-17));
#5536=CARTESIAN_POINT('',(4.385,2.565,5.55111512312578E-17));
#5537=CARTESIAN_POINT('',(4.565,2.565,-0.18));
#5538=CARTESIAN_POINT('',(4.385,2.565,-0.18));
#5539=CARTESIAN_POINT('',(4.385,2.565,-7.54147566205853E-17));
#5540=CARTESIAN_POINT('',(0.565486677646163,-0.282743338823081));
#5541=CARTESIAN_POINT('',(0.565486677646163,-1.66533453693773E-16));
#5542=CARTESIAN_POINT('',(4.385,2.565,5.55111512312578E-17));
#5543=CARTESIAN_POINT('',(4.385,2.745,0.));
#5544=CARTESIAN_POINT('',(4.565,2.745,5.55111512312578E-17));
#5545=CARTESIAN_POINT('',(4.745,2.745,0.));
#5546=CARTESIAN_POINT('',(4.745,2.565,5.55111512312578E-17));
#5547=CARTESIAN_POINT('',(0.565486677646163,-1.66533453693773E-16));
#5548=CARTESIAN_POINT('',(0.,-1.66533453693773E-16));
#5549=CARTESIAN_POINT('',(4.745,2.565,-7.54147566205853E-17));
#5550=CARTESIAN_POINT('',(4.745,2.565,-0.18));
#5551=CARTESIAN_POINT('',(4.565,2.565,-0.18));
#5552=CARTESIAN_POINT('',(0.,-1.66533453693773E-16));
#5553=CARTESIAN_POINT('',(0.,-0.282743338823081));
#5554=CARTESIAN_POINT('',(6.05294463719411,4.30699614855058));
#5555=CARTESIAN_POINT('',(6.05294463719411,4.48699614855057));
#5556=CARTESIAN_POINT('',(6.23294463719411,4.48699614855058));
#5557=CARTESIAN_POINT('',(6.41294463719411,4.48699614855057));
#5558=CARTESIAN_POINT('',(6.41294463719411,4.30699614855058));
#5559=CARTESIAN_POINT('',(4.385,2.565,5.55111512312578E-17));
#5560=CARTESIAN_POINT('',(4.385,2.385,0.));
#5561=CARTESIAN_POINT('',(4.565,2.385,5.55111512312578E-17));
#5562=CARTESIAN_POINT('',(4.745,2.385,0.));
#5563=CARTESIAN_POINT('',(4.745,2.565,5.55111512312578E-17));
#5564=CARTESIAN_POINT('',(6.05294463719411,4.30699614855058));
#5565=CARTESIAN_POINT('',(6.05294463719411,4.12699614855058));
#5566=CARTESIAN_POINT('',(6.23294463719411,4.12699614855058));
#5567=CARTESIAN_POINT('',(6.41294463719411,4.12699614855058));
#5568=CARTESIAN_POINT('',(6.41294463719411,4.30699614855058));
#5569=CARTESIAN_POINT('',(1.13097335529233,-1.66533453693773E-16));
#5570=CARTESIAN_POINT('',(1.13097335529233,-0.282743338823081));
#5571=CARTESIAN_POINT('',(0.565486677646163,-1.66533453693773E-16));
#5572=CARTESIAN_POINT('',(1.13097335529233,-1.66533453693773E-16));
#5573=CARTESIAN_POINT('',(0.565486677646163,-0.282743338823081));
#5574=CARTESIAN_POINT('',(0.565486677646163,-1.66533453693773E-16));
#5575=CARTESIAN_POINT('',(3.565,2.565,-0.18));
#5576=CARTESIAN_POINT('',(3.745,2.565,-0.18));
#5577=CARTESIAN_POINT('',(3.745,2.565,4.44893300389316E-17));
#5578=CARTESIAN_POINT('',(3.745,2.565,0.18));
#5579=CARTESIAN_POINT('',(3.565,2.565,0.18));
#5580=CARTESIAN_POINT('',(3.565,2.565,-0.18));
#5581=CARTESIAN_POINT('',(3.745,2.745,-0.18));
#5582=CARTESIAN_POINT('',(3.745,2.745,4.44893300389316E-17));
#5583=CARTESIAN_POINT('',(3.745,2.745,0.18));
#5584=CARTESIAN_POINT('',(3.565,2.565,0.18));
#5585=CARTESIAN_POINT('',(3.565,2.565,-0.18));
#5586=CARTESIAN_POINT('',(3.565,2.745,-0.18));
#5587=CARTESIAN_POINT('',(3.565,2.745,4.44893300389316E-17));
#5588=CARTESIAN_POINT('',(3.565,2.745,0.18));
#5589=CARTESIAN_POINT('',(3.565,2.565,0.18));
#5590=CARTESIAN_POINT('',(3.565,2.565,-0.18));
#5591=CARTESIAN_POINT('',(3.385,2.745,-0.18));
#5592=CARTESIAN_POINT('',(3.385,2.745,4.44893300389316E-17));
#5593=CARTESIAN_POINT('',(3.385,2.745,0.18));
#5594=CARTESIAN_POINT('',(3.565,2.565,0.18));
#5595=CARTESIAN_POINT('',(3.565,2.565,-0.18));
#5596=CARTESIAN_POINT('',(3.385,2.565,-0.18));
#5597=CARTESIAN_POINT('',(3.385,2.565,4.44893300389316E-17));
#5598=CARTESIAN_POINT('',(3.385,2.565,0.18));
#5599=CARTESIAN_POINT('',(3.565,2.565,0.18));
#5600=CARTESIAN_POINT('',(-1.66794463719411,-1.74199614855058,0.));
#5601=CARTESIAN_POINT('',(-1.66794463719411,7.64188715467203,0.));
#5602=CARTESIAN_POINT('',(7.85193697477085,-1.74199614855058,0.));
#5603=CARTESIAN_POINT('',(7.85193697477085,7.64188715467203,0.));
#5604=CARTESIAN_POINT('',(3.565,2.565,-0.18));
#5605=CARTESIAN_POINT('',(3.385,2.565,-0.18));
#5606=CARTESIAN_POINT('',(3.385,2.565,4.44893300389316E-17));
#5607=CARTESIAN_POINT('',(3.385,2.565,0.18));
#5608=CARTESIAN_POINT('',(3.565,2.565,0.18));
#5609=CARTESIAN_POINT('',(3.565,2.565,-0.18));
#5610=CARTESIAN_POINT('',(3.385,2.385,-0.18));
#5611=CARTESIAN_POINT('',(3.385,2.385,4.44893300389316E-17));
#5612=CARTESIAN_POINT('',(3.385,2.385,0.18));
#5613=CARTESIAN_POINT('',(3.565,2.565,0.18));
#5614=CARTESIAN_POINT('',(3.565,2.565,-0.18));
#5615=CARTESIAN_POINT('',(3.565,2.385,-0.18));
#5616=CARTESIAN_POINT('',(3.565,2.385,4.44893300389316E-17));
#5617=CARTESIAN_POINT('',(3.565,2.385,0.18));
#5618=CARTESIAN_POINT('',(3.565,2.565,0.18));
#5619=CARTESIAN_POINT('',(3.565,2.565,-0.18));
#5620=CARTESIAN_POINT('',(3.745,2.385,-0.18));
#5621=CARTESIAN_POINT('',(3.745,2.385,4.44893300389316E-17));
#5622=CARTESIAN_POINT('',(3.745,2.385,0.18));
#5623=CARTESIAN_POINT('',(3.565,2.565,0.18));
#5624=CARTESIAN_POINT('',(3.565,2.565,-0.18));
#5625=CARTESIAN_POINT('',(3.745,2.565,-0.18));
#5626=CARTESIAN_POINT('',(3.745,2.565,4.44893300389316E-17));
#5627=CARTESIAN_POINT('',(3.745,2.565,0.18));
#5628=CARTESIAN_POINT('',(3.565,2.565,0.18));
#5629=CARTESIAN_POINT('',(3.565,2.565,-0.18));
#5630=CARTESIAN_POINT('',(3.745,2.565,-3.77073783102926E-17));
#5631=CARTESIAN_POINT('',(3.385,2.565,5.55111512312578E-17));
#5632=CARTESIAN_POINT('',(3.565,2.565,-0.18));
#5633=CARTESIAN_POINT('',(3.385,2.565,-0.18));
#5634=CARTESIAN_POINT('',(3.385,2.565,-7.54147566205853E-17));
#5635=CARTESIAN_POINT('',(0.565486677646163,-0.282743338823081));
#5636=CARTESIAN_POINT('',(0.565486677646163,-1.66533453693773E-16));
#5637=CARTESIAN_POINT('',(3.385,2.565,5.55111512312578E-17));
#5638=CARTESIAN_POINT('',(3.385,2.745,0.));
#5639=CARTESIAN_POINT('',(3.565,2.745,5.55111512312578E-17));
#5640=CARTESIAN_POINT('',(3.745,2.745,0.));
#5641=CARTESIAN_POINT('',(3.745,2.565,5.55111512312578E-17));
#5642=CARTESIAN_POINT('',(0.565486677646163,-1.66533453693773E-16));
#5643=CARTESIAN_POINT('',(0.,-1.66533453693773E-16));
#5644=CARTESIAN_POINT('',(3.745,2.565,-7.54147566205853E-17));
#5645=CARTESIAN_POINT('',(3.745,2.565,-0.18));
#5646=CARTESIAN_POINT('',(3.565,2.565,-0.18));
#5647=CARTESIAN_POINT('',(0.,-1.66533453693773E-16));
#5648=CARTESIAN_POINT('',(0.,-0.282743338823081));
#5649=CARTESIAN_POINT('',(5.05294463719411,4.30699614855058));
#5650=CARTESIAN_POINT('',(5.05294463719411,4.48699614855058));
#5651=CARTESIAN_POINT('',(5.23294463719411,4.48699614855058));
#5652=CARTESIAN_POINT('',(5.41294463719411,4.48699614855058));
#5653=CARTESIAN_POINT('',(5.41294463719411,4.30699614855058));
#5654=CARTESIAN_POINT('',(3.385,2.565,5.55111512312578E-17));
#5655=CARTESIAN_POINT('',(3.385,2.385,0.));
#5656=CARTESIAN_POINT('',(3.565,2.385,5.55111512312578E-17));
#5657=CARTESIAN_POINT('',(3.745,2.385,0.));
#5658=CARTESIAN_POINT('',(3.745,2.565,5.55111512312578E-17));
#5659=CARTESIAN_POINT('',(5.05294463719411,4.30699614855058));
#5660=CARTESIAN_POINT('',(5.05294463719411,4.12699614855058));
#5661=CARTESIAN_POINT('',(5.23294463719411,4.12699614855058));
#5662=CARTESIAN_POINT('',(5.41294463719411,4.12699614855058));
#5663=CARTESIAN_POINT('',(5.41294463719411,4.30699614855058));
#5664=CARTESIAN_POINT('',(1.13097335529233,-1.66533453693773E-16));
#5665=CARTESIAN_POINT('',(1.13097335529233,-0.282743338823081));
#5666=CARTESIAN_POINT('',(0.565486677646163,-1.66533453693773E-16));
#5667=CARTESIAN_POINT('',(1.13097335529233,-1.66533453693773E-16));
#5668=CARTESIAN_POINT('',(0.565486677646163,-0.282743338823081));
#5669=CARTESIAN_POINT('',(0.565486677646163,-1.66533453693773E-16));
#5670=CARTESIAN_POINT('',(2.565,2.565,-0.18));
#5671=CARTESIAN_POINT('',(2.745,2.565,-0.18));
#5672=CARTESIAN_POINT('',(2.745,2.565,4.44893300389316E-17));
#5673=CARTESIAN_POINT('',(2.745,2.565,0.18));
#5674=CARTESIAN_POINT('',(2.565,2.565,0.18));
#5675=CARTESIAN_POINT('',(2.565,2.565,-0.18));
#5676=CARTESIAN_POINT('',(2.745,2.745,-0.18));
#5677=CARTESIAN_POINT('',(2.745,2.745,4.44893300389316E-17));
#5678=CARTESIAN_POINT('',(2.745,2.745,0.18));
#5679=CARTESIAN_POINT('',(2.565,2.565,0.18));
#5680=CARTESIAN_POINT('',(2.565,2.565,-0.18));
#5681=CARTESIAN_POINT('',(2.565,2.745,-0.18));
#5682=CARTESIAN_POINT('',(2.565,2.745,4.44893300389316E-17));
#5683=CARTESIAN_POINT('',(2.565,2.745,0.18));
#5684=CARTESIAN_POINT('',(2.565,2.565,0.18));
#5685=CARTESIAN_POINT('',(2.565,2.565,-0.18));
#5686=CARTESIAN_POINT('',(2.385,2.745,-0.18));
#5687=CARTESIAN_POINT('',(2.385,2.745,4.44893300389316E-17));
#5688=CARTESIAN_POINT('',(2.385,2.745,0.18));
#5689=CARTESIAN_POINT('',(2.565,2.565,0.18));
#5690=CARTESIAN_POINT('',(2.565,2.565,-0.18));
#5691=CARTESIAN_POINT('',(2.385,2.565,-0.18));
#5692=CARTESIAN_POINT('',(2.385,2.565,4.44893300389316E-17));
#5693=CARTESIAN_POINT('',(2.385,2.565,0.18));
#5694=CARTESIAN_POINT('',(2.565,2.565,0.18));
#5695=CARTESIAN_POINT('',(-1.66794463719411,-1.74199614855058,0.));
#5696=CARTESIAN_POINT('',(-1.66794463719411,7.64188715467203,0.));
#5697=CARTESIAN_POINT('',(7.85193697477085,-1.74199614855058,0.));
#5698=CARTESIAN_POINT('',(7.85193697477085,7.64188715467203,0.));
#5699=CARTESIAN_POINT('',(2.565,2.565,-0.18));
#5700=CARTESIAN_POINT('',(2.385,2.565,-0.18));
#5701=CARTESIAN_POINT('',(2.385,2.565,4.44893300389316E-17));
#5702=CARTESIAN_POINT('',(2.385,2.565,0.18));
#5703=CARTESIAN_POINT('',(2.565,2.565,0.18));
#5704=CARTESIAN_POINT('',(2.565,2.565,-0.18));
#5705=CARTESIAN_POINT('',(2.385,2.385,-0.18));
#5706=CARTESIAN_POINT('',(2.385,2.385,4.44893300389316E-17));
#5707=CARTESIAN_POINT('',(2.385,2.385,0.18));
#5708=CARTESIAN_POINT('',(2.565,2.565,0.18));
#5709=CARTESIAN_POINT('',(2.565,2.565,-0.18));
#5710=CARTESIAN_POINT('',(2.565,2.385,-0.18));
#5711=CARTESIAN_POINT('',(2.565,2.385,4.44893300389316E-17));
#5712=CARTESIAN_POINT('',(2.565,2.385,0.18));
#5713=CARTESIAN_POINT('',(2.565,2.565,0.18));
#5714=CARTESIAN_POINT('',(2.565,2.565,-0.18));
#5715=CARTESIAN_POINT('',(2.745,2.385,-0.18));
#5716=CARTESIAN_POINT('',(2.745,2.385,4.44893300389316E-17));
#5717=CARTESIAN_POINT('',(2.745,2.385,0.18));
#5718=CARTESIAN_POINT('',(2.565,2.565,0.18));
#5719=CARTESIAN_POINT('',(2.565,2.565,-0.18));
#5720=CARTESIAN_POINT('',(2.745,2.565,-0.18));
#5721=CARTESIAN_POINT('',(2.745,2.565,4.44893300389316E-17));
#5722=CARTESIAN_POINT('',(2.745,2.565,0.18));
#5723=CARTESIAN_POINT('',(2.565,2.565,0.18));
#5724=CARTESIAN_POINT('',(2.565,2.565,-0.18));
#5725=CARTESIAN_POINT('',(2.745,2.565,-3.77073783102926E-17));
#5726=CARTESIAN_POINT('',(2.385,2.565,5.55111512312578E-17));
#5727=CARTESIAN_POINT('',(2.565,2.565,-0.18));
#5728=CARTESIAN_POINT('',(2.385,2.565,-0.18));
#5729=CARTESIAN_POINT('',(2.385,2.565,-7.54147566205853E-17));
#5730=CARTESIAN_POINT('',(0.565486677646163,-0.282743338823081));
#5731=CARTESIAN_POINT('',(0.565486677646163,-1.66533453693773E-16));
#5732=CARTESIAN_POINT('',(2.385,2.565,5.55111512312578E-17));
#5733=CARTESIAN_POINT('',(2.385,2.745,0.));
#5734=CARTESIAN_POINT('',(2.565,2.745,5.55111512312578E-17));
#5735=CARTESIAN_POINT('',(2.745,2.745,0.));
#5736=CARTESIAN_POINT('',(2.745,2.565,5.55111512312578E-17));
#5737=CARTESIAN_POINT('',(0.565486677646163,-1.66533453693773E-16));
#5738=CARTESIAN_POINT('',(0.,-1.66533453693773E-16));
#5739=CARTESIAN_POINT('',(2.745,2.565,-7.54147566205853E-17));
#5740=CARTESIAN_POINT('',(2.745,2.565,-0.18));
#5741=CARTESIAN_POINT('',(2.565,2.565,-0.18));
#5742=CARTESIAN_POINT('',(0.,-1.66533453693773E-16));
#5743=CARTESIAN_POINT('',(0.,-0.282743338823081));
#5744=CARTESIAN_POINT('',(4.05294463719411,4.30699614855058));
#5745=CARTESIAN_POINT('',(4.05294463719411,4.48699614855058));
#5746=CARTESIAN_POINT('',(4.23294463719411,4.48699614855058));
#5747=CARTESIAN_POINT('',(4.41294463719411,4.48699614855058));
#5748=CARTESIAN_POINT('',(4.41294463719411,4.30699614855058));
#5749=CARTESIAN_POINT('',(2.385,2.565,5.55111512312578E-17));
#5750=CARTESIAN_POINT('',(2.385,2.385,0.));
#5751=CARTESIAN_POINT('',(2.565,2.385,5.55111512312578E-17));
#5752=CARTESIAN_POINT('',(2.745,2.385,0.));
#5753=CARTESIAN_POINT('',(2.745,2.565,5.55111512312578E-17));
#5754=CARTESIAN_POINT('',(4.05294463719411,4.30699614855058));
#5755=CARTESIAN_POINT('',(4.05294463719411,4.12699614855058));
#5756=CARTESIAN_POINT('',(4.23294463719411,4.12699614855058));
#5757=CARTESIAN_POINT('',(4.41294463719411,4.12699614855058));
#5758=CARTESIAN_POINT('',(4.41294463719411,4.30699614855058));
#5759=CARTESIAN_POINT('',(1.13097335529233,-1.66533453693773E-16));
#5760=CARTESIAN_POINT('',(1.13097335529233,-0.282743338823081));
#5761=CARTESIAN_POINT('',(0.565486677646163,-1.66533453693773E-16));
#5762=CARTESIAN_POINT('',(1.13097335529233,-1.66533453693773E-16));
#5763=CARTESIAN_POINT('',(0.565486677646163,-0.282743338823081));
#5764=CARTESIAN_POINT('',(0.565486677646163,-1.66533453693773E-16));
#5765=CARTESIAN_POINT('',(1.565,2.565,-0.18));
#5766=CARTESIAN_POINT('',(1.745,2.565,-0.18));
#5767=CARTESIAN_POINT('',(1.745,2.565,4.44893300389316E-17));
#5768=CARTESIAN_POINT('',(1.745,2.565,0.18));
#5769=CARTESIAN_POINT('',(1.565,2.565,0.18));
#5770=CARTESIAN_POINT('',(1.565,2.565,-0.18));
#5771=CARTESIAN_POINT('',(1.745,2.745,-0.18));
#5772=CARTESIAN_POINT('',(1.745,2.745,4.44893300389316E-17));
#5773=CARTESIAN_POINT('',(1.745,2.745,0.18));
#5774=CARTESIAN_POINT('',(1.565,2.565,0.18));
#5775=CARTESIAN_POINT('',(1.565,2.565,-0.18));
#5776=CARTESIAN_POINT('',(1.565,2.745,-0.18));
#5777=CARTESIAN_POINT('',(1.565,2.745,4.44893300389316E-17));
#5778=CARTESIAN_POINT('',(1.565,2.745,0.18));
#5779=CARTESIAN_POINT('',(1.565,2.565,0.18));
#5780=CARTESIAN_POINT('',(1.565,2.565,-0.18));
#5781=CARTESIAN_POINT('',(1.385,2.745,-0.18));
#5782=CARTESIAN_POINT('',(1.385,2.745,4.44893300389316E-17));
#5783=CARTESIAN_POINT('',(1.385,2.745,0.18));
#5784=CARTESIAN_POINT('',(1.565,2.565,0.18));
#5785=CARTESIAN_POINT('',(1.565,2.565,-0.18));
#5786=CARTESIAN_POINT('',(1.385,2.565,-0.18));
#5787=CARTESIAN_POINT('',(1.385,2.565,4.44893300389316E-17));
#5788=CARTESIAN_POINT('',(1.385,2.565,0.18));
#5789=CARTESIAN_POINT('',(1.565,2.565,0.18));
#5790=CARTESIAN_POINT('',(-1.66794463719411,-1.74199614855058,0.));
#5791=CARTESIAN_POINT('',(-1.66794463719411,7.64188715467203,0.));
#5792=CARTESIAN_POINT('',(7.85193697477085,-1.74199614855058,0.));
#5793=CARTESIAN_POINT('',(7.85193697477085,7.64188715467203,0.));
#5794=CARTESIAN_POINT('',(1.565,2.565,-0.18));
#5795=CARTESIAN_POINT('',(1.385,2.565,-0.18));
#5796=CARTESIAN_POINT('',(1.385,2.565,4.44893300389316E-17));
#5797=CARTESIAN_POINT('',(1.385,2.565,0.18));
#5798=CARTESIAN_POINT('',(1.565,2.565,0.18));
#5799=CARTESIAN_POINT('',(1.565,2.565,-0.18));
#5800=CARTESIAN_POINT('',(1.385,2.385,-0.18));
#5801=CARTESIAN_POINT('',(1.385,2.385,4.44893300389316E-17));
#5802=CARTESIAN_POINT('',(1.385,2.385,0.18));
#5803=CARTESIAN_POINT('',(1.565,2.565,0.18));
#5804=CARTESIAN_POINT('',(1.565,2.565,-0.18));
#5805=CARTESIAN_POINT('',(1.565,2.385,-0.18));
#5806=CARTESIAN_POINT('',(1.565,2.385,4.44893300389316E-17));
#5807=CARTESIAN_POINT('',(1.565,2.385,0.18));
#5808=CARTESIAN_POINT('',(1.565,2.565,0.18));
#5809=CARTESIAN_POINT('',(1.565,2.565,-0.18));
#5810=CARTESIAN_POINT('',(1.745,2.385,-0.18));
#5811=CARTESIAN_POINT('',(1.745,2.385,4.44893300389316E-17));
#5812=CARTESIAN_POINT('',(1.745,2.385,0.18));
#5813=CARTESIAN_POINT('',(1.565,2.565,0.18));
#5814=CARTESIAN_POINT('',(1.565,2.565,-0.18));
#5815=CARTESIAN_POINT('',(1.745,2.565,-0.18));
#5816=CARTESIAN_POINT('',(1.745,2.565,4.44893300389316E-17));
#5817=CARTESIAN_POINT('',(1.745,2.565,0.18));
#5818=CARTESIAN_POINT('',(1.565,2.565,0.18));
#5819=CARTESIAN_POINT('',(1.565,2.565,-0.18));
#5820=CARTESIAN_POINT('',(1.745,2.565,-3.77073783102926E-17));
#5821=CARTESIAN_POINT('',(1.385,2.565,5.55111512312578E-17));
#5822=CARTESIAN_POINT('',(1.565,2.565,-0.18));
#5823=CARTESIAN_POINT('',(1.385,2.565,-0.18));
#5824=CARTESIAN_POINT('',(1.385,2.565,-7.54147566205853E-17));
#5825=CARTESIAN_POINT('',(0.565486677646163,-0.282743338823081));
#5826=CARTESIAN_POINT('',(0.565486677646163,-1.66533453693773E-16));
#5827=CARTESIAN_POINT('',(1.385,2.565,5.55111512312578E-17));
#5828=CARTESIAN_POINT('',(1.385,2.745,0.));
#5829=CARTESIAN_POINT('',(1.565,2.745,5.55111512312578E-17));
#5830=CARTESIAN_POINT('',(1.745,2.745,0.));
#5831=CARTESIAN_POINT('',(1.745,2.565,5.55111512312578E-17));
#5832=CARTESIAN_POINT('',(0.565486677646163,-1.66533453693773E-16));
#5833=CARTESIAN_POINT('',(0.,-1.66533453693773E-16));
#5834=CARTESIAN_POINT('',(1.745,2.565,-7.54147566205853E-17));
#5835=CARTESIAN_POINT('',(1.745,2.565,-0.18));
#5836=CARTESIAN_POINT('',(1.565,2.565,-0.18));
#5837=CARTESIAN_POINT('',(0.,-1.66533453693773E-16));
#5838=CARTESIAN_POINT('',(0.,-0.282743338823081));
#5839=CARTESIAN_POINT('',(3.05294463719411,4.30699614855058));
#5840=CARTESIAN_POINT('',(3.05294463719411,4.48699614855058));
#5841=CARTESIAN_POINT('',(3.23294463719411,4.48699614855058));
#5842=CARTESIAN_POINT('',(3.41294463719411,4.48699614855058));
#5843=CARTESIAN_POINT('',(3.41294463719411,4.30699614855058));
#5844=CARTESIAN_POINT('',(1.385,2.565,5.55111512312578E-17));
#5845=CARTESIAN_POINT('',(1.385,2.385,0.));
#5846=CARTESIAN_POINT('',(1.565,2.385,5.55111512312578E-17));
#5847=CARTESIAN_POINT('',(1.745,2.385,0.));
#5848=CARTESIAN_POINT('',(1.745,2.565,5.55111512312578E-17));
#5849=CARTESIAN_POINT('',(3.05294463719411,4.30699614855058));
#5850=CARTESIAN_POINT('',(3.05294463719411,4.12699614855058));
#5851=CARTESIAN_POINT('',(3.23294463719411,4.12699614855058));
#5852=CARTESIAN_POINT('',(3.41294463719411,4.12699614855058));
#5853=CARTESIAN_POINT('',(3.41294463719411,4.30699614855058));
#5854=CARTESIAN_POINT('',(1.13097335529233,-1.66533453693773E-16));
#5855=CARTESIAN_POINT('',(1.13097335529233,-0.282743338823081));
#5856=CARTESIAN_POINT('',(0.565486677646163,-1.66533453693773E-16));
#5857=CARTESIAN_POINT('',(1.13097335529233,-1.66533453693773E-16));
#5858=CARTESIAN_POINT('',(0.565486677646163,-0.282743338823081));
#5859=CARTESIAN_POINT('',(0.565486677646163,-1.66533453693773E-16));
#5860=CARTESIAN_POINT('',(0.565,2.565,-0.18));
#5861=CARTESIAN_POINT('',(0.745,2.565,-0.18));
#5862=CARTESIAN_POINT('',(0.745,2.565,4.44893300389316E-17));
#5863=CARTESIAN_POINT('',(0.745,2.565,0.18));
#5864=CARTESIAN_POINT('',(0.565,2.565,0.18));
#5865=CARTESIAN_POINT('',(0.565,2.565,-0.18));
#5866=CARTESIAN_POINT('',(0.745,2.745,-0.18));
#5867=CARTESIAN_POINT('',(0.745,2.745,4.44893300389316E-17));
#5868=CARTESIAN_POINT('',(0.745,2.745,0.18));
#5869=CARTESIAN_POINT('',(0.565,2.565,0.18));
#5870=CARTESIAN_POINT('',(0.565,2.565,-0.18));
#5871=CARTESIAN_POINT('',(0.565,2.745,-0.18));
#5872=CARTESIAN_POINT('',(0.565,2.745,4.44893300389316E-17));
#5873=CARTESIAN_POINT('',(0.565,2.745,0.18));
#5874=CARTESIAN_POINT('',(0.565,2.565,0.18));
#5875=CARTESIAN_POINT('',(0.565,2.565,-0.18));
#5876=CARTESIAN_POINT('',(0.385,2.745,-0.18));
#5877=CARTESIAN_POINT('',(0.385,2.745,4.44893300389316E-17));
#5878=CARTESIAN_POINT('',(0.385,2.745,0.18));
#5879=CARTESIAN_POINT('',(0.565,2.565,0.18));
#5880=CARTESIAN_POINT('',(0.565,2.565,-0.18));
#5881=CARTESIAN_POINT('',(0.385,2.565,-0.18));
#5882=CARTESIAN_POINT('',(0.385,2.565,4.44893300389316E-17));
#5883=CARTESIAN_POINT('',(0.385,2.565,0.18));
#5884=CARTESIAN_POINT('',(0.565,2.565,0.18));
#5885=CARTESIAN_POINT('',(-1.66794463719411,-1.74199614855058,0.));
#5886=CARTESIAN_POINT('',(-1.66794463719411,7.64188715467203,0.));
#5887=CARTESIAN_POINT('',(7.85193697477085,-1.74199614855058,0.));
#5888=CARTESIAN_POINT('',(7.85193697477085,7.64188715467203,0.));
#5889=CARTESIAN_POINT('',(0.565,2.565,-0.18));
#5890=CARTESIAN_POINT('',(0.385,2.565,-0.18));
#5891=CARTESIAN_POINT('',(0.385,2.565,4.44893300389316E-17));
#5892=CARTESIAN_POINT('',(0.385,2.565,0.18));
#5893=CARTESIAN_POINT('',(0.565,2.565,0.18));
#5894=CARTESIAN_POINT('',(0.565,2.565,-0.18));
#5895=CARTESIAN_POINT('',(0.385,2.385,-0.18));
#5896=CARTESIAN_POINT('',(0.385,2.385,4.44893300389316E-17));
#5897=CARTESIAN_POINT('',(0.385,2.385,0.18));
#5898=CARTESIAN_POINT('',(0.565,2.565,0.18));
#5899=CARTESIAN_POINT('',(0.565,2.565,-0.18));
#5900=CARTESIAN_POINT('',(0.565,2.385,-0.18));
#5901=CARTESIAN_POINT('',(0.565,2.385,4.44893300389316E-17));
#5902=CARTESIAN_POINT('',(0.565,2.385,0.18));
#5903=CARTESIAN_POINT('',(0.565,2.565,0.18));
#5904=CARTESIAN_POINT('',(0.565,2.565,-0.18));
#5905=CARTESIAN_POINT('',(0.745,2.385,-0.18));
#5906=CARTESIAN_POINT('',(0.745,2.385,4.44893300389316E-17));
#5907=CARTESIAN_POINT('',(0.745,2.385,0.18));
#5908=CARTESIAN_POINT('',(0.565,2.565,0.18));
#5909=CARTESIAN_POINT('',(0.565,2.565,-0.18));
#5910=CARTESIAN_POINT('',(0.745,2.565,-0.18));
#5911=CARTESIAN_POINT('',(0.745,2.565,4.44893300389316E-17));
#5912=CARTESIAN_POINT('',(0.745,2.565,0.18));
#5913=CARTESIAN_POINT('',(0.565,2.565,0.18));
#5914=CARTESIAN_POINT('',(0.565,2.565,-0.18));
#5915=CARTESIAN_POINT('',(0.745,2.565,-3.77073783102926E-17));
#5916=CARTESIAN_POINT('',(0.385,2.565,5.55111512312578E-17));
#5917=CARTESIAN_POINT('',(0.565,2.565,-0.18));
#5918=CARTESIAN_POINT('',(0.385,2.565,-0.18));
#5919=CARTESIAN_POINT('',(0.385,2.565,-7.54147566205853E-17));
#5920=CARTESIAN_POINT('',(0.565486677646163,-0.282743338823081));
#5921=CARTESIAN_POINT('',(0.565486677646163,-1.66533453693773E-16));
#5922=CARTESIAN_POINT('',(0.385,2.565,5.55111512312578E-17));
#5923=CARTESIAN_POINT('',(0.385,2.745,0.));
#5924=CARTESIAN_POINT('',(0.565,2.745,5.55111512312578E-17));
#5925=CARTESIAN_POINT('',(0.745,2.745,0.));
#5926=CARTESIAN_POINT('',(0.745,2.565,5.55111512312578E-17));
#5927=CARTESIAN_POINT('',(0.565486677646163,-1.66533453693773E-16));
#5928=CARTESIAN_POINT('',(0.,-1.66533453693773E-16));
#5929=CARTESIAN_POINT('',(0.745,2.565,-7.54147566205853E-17));
#5930=CARTESIAN_POINT('',(0.745,2.565,-0.18));
#5931=CARTESIAN_POINT('',(0.565,2.565,-0.18));
#5932=CARTESIAN_POINT('',(0.,-1.66533453693773E-16));
#5933=CARTESIAN_POINT('',(0.,-0.282743338823081));
#5934=CARTESIAN_POINT('',(2.05294463719411,4.30699614855058));
#5935=CARTESIAN_POINT('',(2.05294463719411,4.48699614855058));
#5936=CARTESIAN_POINT('',(2.23294463719411,4.48699614855058));
#5937=CARTESIAN_POINT('',(2.41294463719411,4.48699614855058));
#5938=CARTESIAN_POINT('',(2.41294463719412,4.30699614855058));
#5939=CARTESIAN_POINT('',(0.385,2.565,5.55111512312578E-17));
#5940=CARTESIAN_POINT('',(0.385,2.385,0.));
#5941=CARTESIAN_POINT('',(0.565,2.385,5.55111512312578E-17));
#5942=CARTESIAN_POINT('',(0.745,2.385,0.));
#5943=CARTESIAN_POINT('',(0.745,2.565,5.55111512312578E-17));
#5944=CARTESIAN_POINT('',(2.05294463719411,4.30699614855058));
#5945=CARTESIAN_POINT('',(2.05294463719411,4.12699614855058));
#5946=CARTESIAN_POINT('',(2.23294463719411,4.12699614855058));
#5947=CARTESIAN_POINT('',(2.41294463719411,4.12699614855058));
#5948=CARTESIAN_POINT('',(2.41294463719412,4.30699614855058));
#5949=CARTESIAN_POINT('',(1.13097335529233,-1.66533453693773E-16));
#5950=CARTESIAN_POINT('',(1.13097335529233,-0.282743338823081));
#5951=CARTESIAN_POINT('',(0.565486677646163,-1.66533453693773E-16));
#5952=CARTESIAN_POINT('',(1.13097335529233,-1.66533453693773E-16));
#5953=CARTESIAN_POINT('',(0.565486677646163,-0.282743338823081));
#5954=CARTESIAN_POINT('',(0.565486677646163,-1.66533453693773E-16));
#5955=CARTESIAN_POINT('',(5.565,1.565,-0.18));
#5956=CARTESIAN_POINT('',(5.745,1.565,-0.18));
#5957=CARTESIAN_POINT('',(5.745,1.565,4.44893300389316E-17));
#5958=CARTESIAN_POINT('',(5.745,1.565,0.18));
#5959=CARTESIAN_POINT('',(5.565,1.565,0.18));
#5960=CARTESIAN_POINT('',(5.565,1.565,-0.18));
#5961=CARTESIAN_POINT('',(5.745,1.745,-0.18));
#5962=CARTESIAN_POINT('',(5.745,1.745,4.44893300389316E-17));
#5963=CARTESIAN_POINT('',(5.745,1.745,0.18));
#5964=CARTESIAN_POINT('',(5.565,1.565,0.18));
#5965=CARTESIAN_POINT('',(5.565,1.565,-0.18));
#5966=CARTESIAN_POINT('',(5.565,1.745,-0.18));
#5967=CARTESIAN_POINT('',(5.565,1.745,4.44893300389316E-17));
#5968=CARTESIAN_POINT('',(5.565,1.745,0.18));
#5969=CARTESIAN_POINT('',(5.565,1.565,0.18));
#5970=CARTESIAN_POINT('',(5.565,1.565,-0.18));
#5971=CARTESIAN_POINT('',(5.385,1.745,-0.18));
#5972=CARTESIAN_POINT('',(5.385,1.745,4.44893300389316E-17));
#5973=CARTESIAN_POINT('',(5.385,1.745,0.18));
#5974=CARTESIAN_POINT('',(5.565,1.565,0.18));
#5975=CARTESIAN_POINT('',(5.565,1.565,-0.18));
#5976=CARTESIAN_POINT('',(5.385,1.565,-0.18));
#5977=CARTESIAN_POINT('',(5.385,1.565,4.44893300389316E-17));
#5978=CARTESIAN_POINT('',(5.385,1.565,0.18));
#5979=CARTESIAN_POINT('',(5.565,1.565,0.18));
#5980=CARTESIAN_POINT('',(-1.66794463719411,-1.74199614855058,0.));
#5981=CARTESIAN_POINT('',(-1.66794463719411,7.64188715467203,0.));
#5982=CARTESIAN_POINT('',(7.85193697477085,-1.74199614855058,0.));
#5983=CARTESIAN_POINT('',(7.85193697477085,7.64188715467203,0.));
#5984=CARTESIAN_POINT('',(5.565,1.565,-0.18));
#5985=CARTESIAN_POINT('',(5.385,1.565,-0.18));
#5986=CARTESIAN_POINT('',(5.385,1.565,4.44893300389316E-17));
#5987=CARTESIAN_POINT('',(5.385,1.565,0.18));
#5988=CARTESIAN_POINT('',(5.565,1.565,0.18));
#5989=CARTESIAN_POINT('',(5.565,1.565,-0.18));
#5990=CARTESIAN_POINT('',(5.385,1.385,-0.18));
#5991=CARTESIAN_POINT('',(5.385,1.385,4.44893300389316E-17));
#5992=CARTESIAN_POINT('',(5.385,1.385,0.18));
#5993=CARTESIAN_POINT('',(5.565,1.565,0.18));
#5994=CARTESIAN_POINT('',(5.565,1.565,-0.18));
#5995=CARTESIAN_POINT('',(5.565,1.385,-0.18));
#5996=CARTESIAN_POINT('',(5.565,1.385,4.44893300389316E-17));
#5997=CARTESIAN_POINT('',(5.565,1.385,0.18));
#5998=CARTESIAN_POINT('',(5.565,1.565,0.18));
#5999=CARTESIAN_POINT('',(5.565,1.565,-0.18));
#6000=CARTESIAN_POINT('',(5.745,1.385,-0.18));
#6001=CARTESIAN_POINT('',(5.745,1.385,4.44893300389316E-17));
#6002=CARTESIAN_POINT('',(5.745,1.385,0.18));
#6003=CARTESIAN_POINT('',(5.565,1.565,0.18));
#6004=CARTESIAN_POINT('',(5.565,1.565,-0.18));
#6005=CARTESIAN_POINT('',(5.745,1.565,-0.18));
#6006=CARTESIAN_POINT('',(5.745,1.565,4.44893300389316E-17));
#6007=CARTESIAN_POINT('',(5.745,1.565,0.18));
#6008=CARTESIAN_POINT('',(5.565,1.565,0.18));
#6009=CARTESIAN_POINT('',(5.565,1.565,-0.18));
#6010=CARTESIAN_POINT('',(5.745,1.565,-3.77073783102926E-17));
#6011=CARTESIAN_POINT('',(5.385,1.565,5.55111512312578E-17));
#6012=CARTESIAN_POINT('',(5.565,1.565,-0.18));
#6013=CARTESIAN_POINT('',(5.385,1.565,-0.18));
#6014=CARTESIAN_POINT('',(5.385,1.565,-7.54147566205853E-17));
#6015=CARTESIAN_POINT('',(0.565486677646163,-0.282743338823081));
#6016=CARTESIAN_POINT('',(0.565486677646163,-1.66533453693773E-16));
#6017=CARTESIAN_POINT('',(5.385,1.565,5.55111512312578E-17));
#6018=CARTESIAN_POINT('',(5.385,1.745,0.));
#6019=CARTESIAN_POINT('',(5.565,1.745,5.55111512312578E-17));
#6020=CARTESIAN_POINT('',(5.745,1.745,0.));
#6021=CARTESIAN_POINT('',(5.745,1.565,5.55111512312578E-17));
#6022=CARTESIAN_POINT('',(0.565486677646163,-1.66533453693773E-16));
#6023=CARTESIAN_POINT('',(0.,-1.66533453693773E-16));
#6024=CARTESIAN_POINT('',(5.745,1.565,-7.54147566205853E-17));
#6025=CARTESIAN_POINT('',(5.745,1.565,-0.18));
#6026=CARTESIAN_POINT('',(5.565,1.565,-0.18));
#6027=CARTESIAN_POINT('',(0.,-1.66533453693773E-16));
#6028=CARTESIAN_POINT('',(0.,-0.282743338823081));
#6029=CARTESIAN_POINT('',(7.05294463719411,3.30699614855058));
#6030=CARTESIAN_POINT('',(7.05294463719411,3.48699614855058));
#6031=CARTESIAN_POINT('',(7.23294463719411,3.48699614855058));
#6032=CARTESIAN_POINT('',(7.41294463719411,3.48699614855058));
#6033=CARTESIAN_POINT('',(7.41294463719411,3.30699614855058));
#6034=CARTESIAN_POINT('',(5.385,1.565,5.55111512312578E-17));
#6035=CARTESIAN_POINT('',(5.385,1.385,0.));
#6036=CARTESIAN_POINT('',(5.565,1.385,5.55111512312578E-17));
#6037=CARTESIAN_POINT('',(5.745,1.385,0.));
#6038=CARTESIAN_POINT('',(5.745,1.565,5.55111512312578E-17));
#6039=CARTESIAN_POINT('',(7.05294463719411,3.30699614855058));
#6040=CARTESIAN_POINT('',(7.05294463719411,3.12699614855058));
#6041=CARTESIAN_POINT('',(7.23294463719411,3.12699614855058));
#6042=CARTESIAN_POINT('',(7.41294463719411,3.12699614855058));
#6043=CARTESIAN_POINT('',(7.41294463719411,3.30699614855058));
#6044=CARTESIAN_POINT('',(1.13097335529233,-1.66533453693773E-16));
#6045=CARTESIAN_POINT('',(1.13097335529233,-0.282743338823081));
#6046=CARTESIAN_POINT('',(0.565486677646163,-1.66533453693773E-16));
#6047=CARTESIAN_POINT('',(1.13097335529233,-1.66533453693773E-16));
#6048=CARTESIAN_POINT('',(0.565486677646163,-0.282743338823081));
#6049=CARTESIAN_POINT('',(0.565486677646163,-1.66533453693773E-16));
#6050=CARTESIAN_POINT('',(4.565,1.565,-0.18));
#6051=CARTESIAN_POINT('',(4.745,1.565,-0.18));
#6052=CARTESIAN_POINT('',(4.745,1.565,4.44893300389316E-17));
#6053=CARTESIAN_POINT('',(4.745,1.565,0.18));
#6054=CARTESIAN_POINT('',(4.565,1.565,0.18));
#6055=CARTESIAN_POINT('',(4.565,1.565,-0.18));
#6056=CARTESIAN_POINT('',(4.745,1.745,-0.18));
#6057=CARTESIAN_POINT('',(4.745,1.745,4.44893300389316E-17));
#6058=CARTESIAN_POINT('',(4.745,1.745,0.18));
#6059=CARTESIAN_POINT('',(4.565,1.565,0.18));
#6060=CARTESIAN_POINT('',(4.565,1.565,-0.18));
#6061=CARTESIAN_POINT('',(4.565,1.745,-0.18));
#6062=CARTESIAN_POINT('',(4.565,1.745,4.44893300389316E-17));
#6063=CARTESIAN_POINT('',(4.565,1.745,0.18));
#6064=CARTESIAN_POINT('',(4.565,1.565,0.18));
#6065=CARTESIAN_POINT('',(4.565,1.565,-0.18));
#6066=CARTESIAN_POINT('',(4.385,1.745,-0.18));
#6067=CARTESIAN_POINT('',(4.385,1.745,4.44893300389316E-17));
#6068=CARTESIAN_POINT('',(4.385,1.745,0.18));
#6069=CARTESIAN_POINT('',(4.565,1.565,0.18));
#6070=CARTESIAN_POINT('',(4.565,1.565,-0.18));
#6071=CARTESIAN_POINT('',(4.385,1.565,-0.18));
#6072=CARTESIAN_POINT('',(4.385,1.565,4.44893300389316E-17));
#6073=CARTESIAN_POINT('',(4.385,1.565,0.18));
#6074=CARTESIAN_POINT('',(4.565,1.565,0.18));
#6075=CARTESIAN_POINT('',(-1.66794463719411,-1.74199614855058,0.));
#6076=CARTESIAN_POINT('',(-1.66794463719411,7.64188715467203,0.));
#6077=CARTESIAN_POINT('',(7.85193697477085,-1.74199614855058,0.));
#6078=CARTESIAN_POINT('',(7.85193697477085,7.64188715467203,0.));
#6079=CARTESIAN_POINT('',(4.565,1.565,-0.18));
#6080=CARTESIAN_POINT('',(4.385,1.565,-0.18));
#6081=CARTESIAN_POINT('',(4.385,1.565,4.44893300389316E-17));
#6082=CARTESIAN_POINT('',(4.385,1.565,0.18));
#6083=CARTESIAN_POINT('',(4.565,1.565,0.18));
#6084=CARTESIAN_POINT('',(4.565,1.565,-0.18));
#6085=CARTESIAN_POINT('',(4.385,1.385,-0.18));
#6086=CARTESIAN_POINT('',(4.385,1.385,4.44893300389316E-17));
#6087=CARTESIAN_POINT('',(4.385,1.385,0.18));
#6088=CARTESIAN_POINT('',(4.565,1.565,0.18));
#6089=CARTESIAN_POINT('',(4.565,1.565,-0.18));
#6090=CARTESIAN_POINT('',(4.565,1.385,-0.18));
#6091=CARTESIAN_POINT('',(4.565,1.385,4.44893300389316E-17));
#6092=CARTESIAN_POINT('',(4.565,1.385,0.18));
#6093=CARTESIAN_POINT('',(4.565,1.565,0.18));
#6094=CARTESIAN_POINT('',(4.565,1.565,-0.18));
#6095=CARTESIAN_POINT('',(4.745,1.385,-0.18));
#6096=CARTESIAN_POINT('',(4.745,1.385,4.44893300389316E-17));
#6097=CARTESIAN_POINT('',(4.745,1.385,0.18));
#6098=CARTESIAN_POINT('',(4.565,1.565,0.18));
#6099=CARTESIAN_POINT('',(4.565,1.565,-0.18));
#6100=CARTESIAN_POINT('',(4.745,1.565,-0.18));
#6101=CARTESIAN_POINT('',(4.745,1.565,4.44893300389316E-17));
#6102=CARTESIAN_POINT('',(4.745,1.565,0.18));
#6103=CARTESIAN_POINT('',(4.565,1.565,0.18));
#6104=CARTESIAN_POINT('',(4.565,1.565,-0.18));
#6105=CARTESIAN_POINT('',(4.745,1.565,-3.77073783102926E-17));
#6106=CARTESIAN_POINT('',(4.385,1.565,5.55111512312578E-17));
#6107=CARTESIAN_POINT('',(4.565,1.565,-0.18));
#6108=CARTESIAN_POINT('',(4.385,1.565,-0.18));
#6109=CARTESIAN_POINT('',(4.385,1.565,-7.54147566205853E-17));
#6110=CARTESIAN_POINT('',(0.565486677646163,-0.282743338823081));
#6111=CARTESIAN_POINT('',(0.565486677646163,-1.66533453693773E-16));
#6112=CARTESIAN_POINT('',(4.385,1.565,5.55111512312578E-17));
#6113=CARTESIAN_POINT('',(4.385,1.745,0.));
#6114=CARTESIAN_POINT('',(4.565,1.745,5.55111512312578E-17));
#6115=CARTESIAN_POINT('',(4.745,1.745,0.));
#6116=CARTESIAN_POINT('',(4.745,1.565,5.55111512312578E-17));
#6117=CARTESIAN_POINT('',(0.565486677646163,-1.66533453693773E-16));
#6118=CARTESIAN_POINT('',(0.,-1.66533453693773E-16));
#6119=CARTESIAN_POINT('',(4.745,1.565,-7.54147566205853E-17));
#6120=CARTESIAN_POINT('',(4.745,1.565,-0.18));
#6121=CARTESIAN_POINT('',(4.565,1.565,-0.18));
#6122=CARTESIAN_POINT('',(0.,-1.66533453693773E-16));
#6123=CARTESIAN_POINT('',(0.,-0.282743338823081));
#6124=CARTESIAN_POINT('',(6.05294463719411,3.30699614855058));
#6125=CARTESIAN_POINT('',(6.05294463719411,3.48699614855058));
#6126=CARTESIAN_POINT('',(6.23294463719411,3.48699614855058));
#6127=CARTESIAN_POINT('',(6.41294463719411,3.48699614855058));
#6128=CARTESIAN_POINT('',(6.41294463719411,3.30699614855058));
#6129=CARTESIAN_POINT('',(4.385,1.565,5.55111512312578E-17));
#6130=CARTESIAN_POINT('',(4.385,1.385,0.));
#6131=CARTESIAN_POINT('',(4.565,1.385,5.55111512312578E-17));
#6132=CARTESIAN_POINT('',(4.745,1.385,0.));
#6133=CARTESIAN_POINT('',(4.745,1.565,5.55111512312578E-17));
#6134=CARTESIAN_POINT('',(6.05294463719411,3.30699614855058));
#6135=CARTESIAN_POINT('',(6.05294463719411,3.12699614855058));
#6136=CARTESIAN_POINT('',(6.23294463719411,3.12699614855058));
#6137=CARTESIAN_POINT('',(6.41294463719411,3.12699614855058));
#6138=CARTESIAN_POINT('',(6.41294463719411,3.30699614855058));
#6139=CARTESIAN_POINT('',(1.13097335529233,-1.66533453693773E-16));
#6140=CARTESIAN_POINT('',(1.13097335529233,-0.282743338823081));
#6141=CARTESIAN_POINT('',(0.565486677646163,-1.66533453693773E-16));
#6142=CARTESIAN_POINT('',(1.13097335529233,-1.66533453693773E-16));
#6143=CARTESIAN_POINT('',(0.565486677646163,-0.282743338823081));
#6144=CARTESIAN_POINT('',(0.565486677646163,-1.66533453693773E-16));
#6145=CARTESIAN_POINT('',(3.565,1.565,-0.18));
#6146=CARTESIAN_POINT('',(3.745,1.565,-0.18));
#6147=CARTESIAN_POINT('',(3.745,1.565,4.44893300389316E-17));
#6148=CARTESIAN_POINT('',(3.745,1.565,0.18));
#6149=CARTESIAN_POINT('',(3.565,1.565,0.18));
#6150=CARTESIAN_POINT('',(3.565,1.565,-0.18));
#6151=CARTESIAN_POINT('',(3.745,1.745,-0.18));
#6152=CARTESIAN_POINT('',(3.745,1.745,4.44893300389316E-17));
#6153=CARTESIAN_POINT('',(3.745,1.745,0.18));
#6154=CARTESIAN_POINT('',(3.565,1.565,0.18));
#6155=CARTESIAN_POINT('',(3.565,1.565,-0.18));
#6156=CARTESIAN_POINT('',(3.565,1.745,-0.18));
#6157=CARTESIAN_POINT('',(3.565,1.745,4.44893300389316E-17));
#6158=CARTESIAN_POINT('',(3.565,1.745,0.18));
#6159=CARTESIAN_POINT('',(3.565,1.565,0.18));
#6160=CARTESIAN_POINT('',(3.565,1.565,-0.18));
#6161=CARTESIAN_POINT('',(3.385,1.745,-0.18));
#6162=CARTESIAN_POINT('',(3.385,1.745,4.44893300389316E-17));
#6163=CARTESIAN_POINT('',(3.385,1.745,0.18));
#6164=CARTESIAN_POINT('',(3.565,1.565,0.18));
#6165=CARTESIAN_POINT('',(3.565,1.565,-0.18));
#6166=CARTESIAN_POINT('',(3.385,1.565,-0.18));
#6167=CARTESIAN_POINT('',(3.385,1.565,4.44893300389316E-17));
#6168=CARTESIAN_POINT('',(3.385,1.565,0.18));
#6169=CARTESIAN_POINT('',(3.565,1.565,0.18));
#6170=CARTESIAN_POINT('',(-1.66794463719411,-1.74199614855058,0.));
#6171=CARTESIAN_POINT('',(-1.66794463719411,7.64188715467203,0.));
#6172=CARTESIAN_POINT('',(7.85193697477085,-1.74199614855058,0.));
#6173=CARTESIAN_POINT('',(7.85193697477085,7.64188715467203,0.));
#6174=CARTESIAN_POINT('',(3.565,1.565,-0.18));
#6175=CARTESIAN_POINT('',(3.385,1.565,-0.18));
#6176=CARTESIAN_POINT('',(3.385,1.565,4.44893300389316E-17));
#6177=CARTESIAN_POINT('',(3.385,1.565,0.18));
#6178=CARTESIAN_POINT('',(3.565,1.565,0.18));
#6179=CARTESIAN_POINT('',(3.565,1.565,-0.18));
#6180=CARTESIAN_POINT('',(3.385,1.385,-0.18));
#6181=CARTESIAN_POINT('',(3.385,1.385,4.44893300389316E-17));
#6182=CARTESIAN_POINT('',(3.385,1.385,0.18));
#6183=CARTESIAN_POINT('',(3.565,1.565,0.18));
#6184=CARTESIAN_POINT('',(3.565,1.565,-0.18));
#6185=CARTESIAN_POINT('',(3.565,1.385,-0.18));
#6186=CARTESIAN_POINT('',(3.565,1.385,4.44893300389316E-17));
#6187=CARTESIAN_POINT('',(3.565,1.385,0.18));
#6188=CARTESIAN_POINT('',(3.565,1.565,0.18));
#6189=CARTESIAN_POINT('',(3.565,1.565,-0.18));
#6190=CARTESIAN_POINT('',(3.745,1.385,-0.18));
#6191=CARTESIAN_POINT('',(3.745,1.385,4.44893300389316E-17));
#6192=CARTESIAN_POINT('',(3.745,1.385,0.18));
#6193=CARTESIAN_POINT('',(3.565,1.565,0.18));
#6194=CARTESIAN_POINT('',(3.565,1.565,-0.18));
#6195=CARTESIAN_POINT('',(3.745,1.565,-0.18));
#6196=CARTESIAN_POINT('',(3.745,1.565,4.44893300389316E-17));
#6197=CARTESIAN_POINT('',(3.745,1.565,0.18));
#6198=CARTESIAN_POINT('',(3.565,1.565,0.18));
#6199=CARTESIAN_POINT('',(3.565,1.565,-0.18));
#6200=CARTESIAN_POINT('',(3.745,1.565,-3.77073783102926E-17));
#6201=CARTESIAN_POINT('',(3.385,1.565,5.55111512312578E-17));
#6202=CARTESIAN_POINT('',(3.565,1.565,-0.18));
#6203=CARTESIAN_POINT('',(3.385,1.565,-0.18));
#6204=CARTESIAN_POINT('',(3.385,1.565,-7.54147566205853E-17));
#6205=CARTESIAN_POINT('',(0.565486677646163,-0.282743338823081));
#6206=CARTESIAN_POINT('',(0.565486677646163,-1.66533453693773E-16));
#6207=CARTESIAN_POINT('',(3.385,1.565,5.55111512312578E-17));
#6208=CARTESIAN_POINT('',(3.385,1.745,0.));
#6209=CARTESIAN_POINT('',(3.565,1.745,5.55111512312578E-17));
#6210=CARTESIAN_POINT('',(3.745,1.745,0.));
#6211=CARTESIAN_POINT('',(3.745,1.565,5.55111512312578E-17));
#6212=CARTESIAN_POINT('',(0.565486677646163,-1.66533453693773E-16));
#6213=CARTESIAN_POINT('',(0.,-1.66533453693773E-16));
#6214=CARTESIAN_POINT('',(3.745,1.565,-7.54147566205853E-17));
#6215=CARTESIAN_POINT('',(3.745,1.565,-0.18));
#6216=CARTESIAN_POINT('',(3.565,1.565,-0.18));
#6217=CARTESIAN_POINT('',(0.,-1.66533453693773E-16));
#6218=CARTESIAN_POINT('',(0.,-0.282743338823081));
#6219=CARTESIAN_POINT('',(5.05294463719411,3.30699614855058));
#6220=CARTESIAN_POINT('',(5.05294463719411,3.48699614855058));
#6221=CARTESIAN_POINT('',(5.23294463719411,3.48699614855058));
#6222=CARTESIAN_POINT('',(5.41294463719411,3.48699614855058));
#6223=CARTESIAN_POINT('',(5.41294463719411,3.30699614855058));
#6224=CARTESIAN_POINT('',(3.385,1.565,5.55111512312578E-17));
#6225=CARTESIAN_POINT('',(3.385,1.385,0.));
#6226=CARTESIAN_POINT('',(3.565,1.385,5.55111512312578E-17));
#6227=CARTESIAN_POINT('',(3.745,1.385,0.));
#6228=CARTESIAN_POINT('',(3.745,1.565,5.55111512312578E-17));
#6229=CARTESIAN_POINT('',(5.05294463719411,3.30699614855058));
#6230=CARTESIAN_POINT('',(5.05294463719411,3.12699614855058));
#6231=CARTESIAN_POINT('',(5.23294463719411,3.12699614855058));
#6232=CARTESIAN_POINT('',(5.41294463719411,3.12699614855058));
#6233=CARTESIAN_POINT('',(5.41294463719411,3.30699614855058));
#6234=CARTESIAN_POINT('',(1.13097335529233,-1.66533453693773E-16));
#6235=CARTESIAN_POINT('',(1.13097335529233,-0.282743338823081));
#6236=CARTESIAN_POINT('',(0.565486677646163,-1.66533453693773E-16));
#6237=CARTESIAN_POINT('',(1.13097335529233,-1.66533453693773E-16));
#6238=CARTESIAN_POINT('',(0.565486677646163,-0.282743338823081));
#6239=CARTESIAN_POINT('',(0.565486677646163,-1.66533453693773E-16));
#6240=CARTESIAN_POINT('',(2.565,1.565,-0.18));
#6241=CARTESIAN_POINT('',(2.745,1.565,-0.18));
#6242=CARTESIAN_POINT('',(2.745,1.565,4.44893300389316E-17));
#6243=CARTESIAN_POINT('',(2.745,1.565,0.18));
#6244=CARTESIAN_POINT('',(2.565,1.565,0.18));
#6245=CARTESIAN_POINT('',(2.565,1.565,-0.18));
#6246=CARTESIAN_POINT('',(2.745,1.745,-0.18));
#6247=CARTESIAN_POINT('',(2.745,1.745,4.44893300389316E-17));
#6248=CARTESIAN_POINT('',(2.745,1.745,0.18));
#6249=CARTESIAN_POINT('',(2.565,1.565,0.18));
#6250=CARTESIAN_POINT('',(2.565,1.565,-0.18));
#6251=CARTESIAN_POINT('',(2.565,1.745,-0.18));
#6252=CARTESIAN_POINT('',(2.565,1.745,4.44893300389316E-17));
#6253=CARTESIAN_POINT('',(2.565,1.745,0.18));
#6254=CARTESIAN_POINT('',(2.565,1.565,0.18));
#6255=CARTESIAN_POINT('',(2.565,1.565,-0.18));
#6256=CARTESIAN_POINT('',(2.385,1.745,-0.18));
#6257=CARTESIAN_POINT('',(2.385,1.745,4.44893300389316E-17));
#6258=CARTESIAN_POINT('',(2.385,1.745,0.18));
#6259=CARTESIAN_POINT('',(2.565,1.565,0.18));
#6260=CARTESIAN_POINT('',(2.565,1.565,-0.18));
#6261=CARTESIAN_POINT('',(2.385,1.565,-0.18));
#6262=CARTESIAN_POINT('',(2.385,1.565,4.44893300389316E-17));
#6263=CARTESIAN_POINT('',(2.385,1.565,0.18));
#6264=CARTESIAN_POINT('',(2.565,1.565,0.18));
#6265=CARTESIAN_POINT('',(-1.66794463719411,-1.74199614855058,0.));
#6266=CARTESIAN_POINT('',(-1.66794463719411,7.64188715467203,0.));
#6267=CARTESIAN_POINT('',(7.85193697477085,-1.74199614855058,0.));
#6268=CARTESIAN_POINT('',(7.85193697477085,7.64188715467203,0.));
#6269=CARTESIAN_POINT('',(2.565,1.565,-0.18));
#6270=CARTESIAN_POINT('',(2.385,1.565,-0.18));
#6271=CARTESIAN_POINT('',(2.385,1.565,4.44893300389316E-17));
#6272=CARTESIAN_POINT('',(2.385,1.565,0.18));
#6273=CARTESIAN_POINT('',(2.565,1.565,0.18));
#6274=CARTESIAN_POINT('',(2.565,1.565,-0.18));
#6275=CARTESIAN_POINT('',(2.385,1.385,-0.18));
#6276=CARTESIAN_POINT('',(2.385,1.385,4.44893300389316E-17));
#6277=CARTESIAN_POINT('',(2.385,1.385,0.18));
#6278=CARTESIAN_POINT('',(2.565,1.565,0.18));
#6279=CARTESIAN_POINT('',(2.565,1.565,-0.18));
#6280=CARTESIAN_POINT('',(2.565,1.385,-0.18));
#6281=CARTESIAN_POINT('',(2.565,1.385,4.44893300389316E-17));
#6282=CARTESIAN_POINT('',(2.565,1.385,0.18));
#6283=CARTESIAN_POINT('',(2.565,1.565,0.18));
#6284=CARTESIAN_POINT('',(2.565,1.565,-0.18));
#6285=CARTESIAN_POINT('',(2.745,1.385,-0.18));
#6286=CARTESIAN_POINT('',(2.745,1.385,4.44893300389316E-17));
#6287=CARTESIAN_POINT('',(2.745,1.385,0.18));
#6288=CARTESIAN_POINT('',(2.565,1.565,0.18));
#6289=CARTESIAN_POINT('',(2.565,1.565,-0.18));
#6290=CARTESIAN_POINT('',(2.745,1.565,-0.18));
#6291=CARTESIAN_POINT('',(2.745,1.565,4.44893300389316E-17));
#6292=CARTESIAN_POINT('',(2.745,1.565,0.18));
#6293=CARTESIAN_POINT('',(2.565,1.565,0.18));
#6294=CARTESIAN_POINT('',(2.565,1.565,-0.18));
#6295=CARTESIAN_POINT('',(2.745,1.565,-3.77073783102926E-17));
#6296=CARTESIAN_POINT('',(2.385,1.565,5.55111512312578E-17));
#6297=CARTESIAN_POINT('',(2.565,1.565,-0.18));
#6298=CARTESIAN_POINT('',(2.385,1.565,-0.18));
#6299=CARTESIAN_POINT('',(2.385,1.565,-7.54147566205853E-17));
#6300=CARTESIAN_POINT('',(0.565486677646163,-0.282743338823081));
#6301=CARTESIAN_POINT('',(0.565486677646163,-1.66533453693773E-16));
#6302=CARTESIAN_POINT('',(2.385,1.565,5.55111512312578E-17));
#6303=CARTESIAN_POINT('',(2.385,1.745,0.));
#6304=CARTESIAN_POINT('',(2.565,1.745,5.55111512312578E-17));
#6305=CARTESIAN_POINT('',(2.745,1.745,0.));
#6306=CARTESIAN_POINT('',(2.745,1.565,5.55111512312578E-17));
#6307=CARTESIAN_POINT('',(0.565486677646163,-1.66533453693773E-16));
#6308=CARTESIAN_POINT('',(0.,-1.66533453693773E-16));
#6309=CARTESIAN_POINT('',(2.745,1.565,-7.54147566205853E-17));
#6310=CARTESIAN_POINT('',(2.745,1.565,-0.18));
#6311=CARTESIAN_POINT('',(2.565,1.565,-0.18));
#6312=CARTESIAN_POINT('',(0.,-1.66533453693773E-16));
#6313=CARTESIAN_POINT('',(0.,-0.282743338823081));
#6314=CARTESIAN_POINT('',(4.05294463719411,3.30699614855058));
#6315=CARTESIAN_POINT('',(4.05294463719411,3.48699614855058));
#6316=CARTESIAN_POINT('',(4.23294463719411,3.48699614855058));
#6317=CARTESIAN_POINT('',(4.41294463719411,3.48699614855058));
#6318=CARTESIAN_POINT('',(4.41294463719411,3.30699614855058));
#6319=CARTESIAN_POINT('',(2.385,1.565,5.55111512312578E-17));
#6320=CARTESIAN_POINT('',(2.385,1.385,0.));
#6321=CARTESIAN_POINT('',(2.565,1.385,5.55111512312578E-17));
#6322=CARTESIAN_POINT('',(2.745,1.385,0.));
#6323=CARTESIAN_POINT('',(2.745,1.565,5.55111512312578E-17));
#6324=CARTESIAN_POINT('',(4.05294463719411,3.30699614855058));
#6325=CARTESIAN_POINT('',(4.05294463719411,3.12699614855058));
#6326=CARTESIAN_POINT('',(4.23294463719411,3.12699614855058));
#6327=CARTESIAN_POINT('',(4.41294463719411,3.12699614855058));
#6328=CARTESIAN_POINT('',(4.41294463719411,3.30699614855058));
#6329=CARTESIAN_POINT('',(1.13097335529233,-1.66533453693773E-16));
#6330=CARTESIAN_POINT('',(1.13097335529233,-0.282743338823081));
#6331=CARTESIAN_POINT('',(0.565486677646163,-1.66533453693773E-16));
#6332=CARTESIAN_POINT('',(1.13097335529233,-1.66533453693773E-16));
#6333=CARTESIAN_POINT('',(0.565486677646163,-0.282743338823081));
#6334=CARTESIAN_POINT('',(0.565486677646163,-1.66533453693773E-16));
#6335=CARTESIAN_POINT('',(1.565,1.565,-0.18));
#6336=CARTESIAN_POINT('',(1.745,1.565,-0.18));
#6337=CARTESIAN_POINT('',(1.745,1.565,4.44893300389316E-17));
#6338=CARTESIAN_POINT('',(1.745,1.565,0.18));
#6339=CARTESIAN_POINT('',(1.565,1.565,0.18));
#6340=CARTESIAN_POINT('',(1.565,1.565,-0.18));
#6341=CARTESIAN_POINT('',(1.745,1.745,-0.18));
#6342=CARTESIAN_POINT('',(1.745,1.745,4.44893300389316E-17));
#6343=CARTESIAN_POINT('',(1.745,1.745,0.18));
#6344=CARTESIAN_POINT('',(1.565,1.565,0.18));
#6345=CARTESIAN_POINT('',(1.565,1.565,-0.18));
#6346=CARTESIAN_POINT('',(1.565,1.745,-0.18));
#6347=CARTESIAN_POINT('',(1.565,1.745,4.44893300389316E-17));
#6348=CARTESIAN_POINT('',(1.565,1.745,0.18));
#6349=CARTESIAN_POINT('',(1.565,1.565,0.18));
#6350=CARTESIAN_POINT('',(1.565,1.565,-0.18));
#6351=CARTESIAN_POINT('',(1.385,1.745,-0.18));
#6352=CARTESIAN_POINT('',(1.385,1.745,4.44893300389316E-17));
#6353=CARTESIAN_POINT('',(1.385,1.745,0.18));
#6354=CARTESIAN_POINT('',(1.565,1.565,0.18));
#6355=CARTESIAN_POINT('',(1.565,1.565,-0.18));
#6356=CARTESIAN_POINT('',(1.385,1.565,-0.18));
#6357=CARTESIAN_POINT('',(1.385,1.565,4.44893300389316E-17));
#6358=CARTESIAN_POINT('',(1.385,1.565,0.18));
#6359=CARTESIAN_POINT('',(1.565,1.565,0.18));
#6360=CARTESIAN_POINT('',(-1.66794463719411,-1.74199614855058,0.));
#6361=CARTESIAN_POINT('',(-1.66794463719411,7.64188715467203,0.));
#6362=CARTESIAN_POINT('',(7.85193697477085,-1.74199614855058,0.));
#6363=CARTESIAN_POINT('',(7.85193697477085,7.64188715467203,0.));
#6364=CARTESIAN_POINT('',(1.565,1.565,-0.18));
#6365=CARTESIAN_POINT('',(1.385,1.565,-0.18));
#6366=CARTESIAN_POINT('',(1.385,1.565,4.44893300389316E-17));
#6367=CARTESIAN_POINT('',(1.385,1.565,0.18));
#6368=CARTESIAN_POINT('',(1.565,1.565,0.18));
#6369=CARTESIAN_POINT('',(1.565,1.565,-0.18));
#6370=CARTESIAN_POINT('',(1.385,1.385,-0.18));
#6371=CARTESIAN_POINT('',(1.385,1.385,4.44893300389316E-17));
#6372=CARTESIAN_POINT('',(1.385,1.385,0.18));
#6373=CARTESIAN_POINT('',(1.565,1.565,0.18));
#6374=CARTESIAN_POINT('',(1.565,1.565,-0.18));
#6375=CARTESIAN_POINT('',(1.565,1.385,-0.18));
#6376=CARTESIAN_POINT('',(1.565,1.385,4.44893300389316E-17));
#6377=CARTESIAN_POINT('',(1.565,1.385,0.18));
#6378=CARTESIAN_POINT('',(1.565,1.565,0.18));
#6379=CARTESIAN_POINT('',(1.565,1.565,-0.18));
#6380=CARTESIAN_POINT('',(1.745,1.385,-0.18));
#6381=CARTESIAN_POINT('',(1.745,1.385,4.44893300389316E-17));
#6382=CARTESIAN_POINT('',(1.745,1.385,0.18));
#6383=CARTESIAN_POINT('',(1.565,1.565,0.18));
#6384=CARTESIAN_POINT('',(1.565,1.565,-0.18));
#6385=CARTESIAN_POINT('',(1.745,1.565,-0.18));
#6386=CARTESIAN_POINT('',(1.745,1.565,4.44893300389316E-17));
#6387=CARTESIAN_POINT('',(1.745,1.565,0.18));
#6388=CARTESIAN_POINT('',(1.565,1.565,0.18));
#6389=CARTESIAN_POINT('',(1.565,1.565,-0.18));
#6390=CARTESIAN_POINT('',(1.745,1.565,-3.77073783102926E-17));
#6391=CARTESIAN_POINT('',(1.385,1.565,5.55111512312578E-17));
#6392=CARTESIAN_POINT('',(1.565,1.565,-0.18));
#6393=CARTESIAN_POINT('',(1.385,1.565,-0.18));
#6394=CARTESIAN_POINT('',(1.385,1.565,-7.54147566205853E-17));
#6395=CARTESIAN_POINT('',(0.565486677646163,-0.282743338823081));
#6396=CARTESIAN_POINT('',(0.565486677646163,-1.66533453693773E-16));
#6397=CARTESIAN_POINT('',(1.385,1.565,5.55111512312578E-17));
#6398=CARTESIAN_POINT('',(1.385,1.745,0.));
#6399=CARTESIAN_POINT('',(1.565,1.745,5.55111512312578E-17));
#6400=CARTESIAN_POINT('',(1.745,1.745,0.));
#6401=CARTESIAN_POINT('',(1.745,1.565,5.55111512312578E-17));
#6402=CARTESIAN_POINT('',(0.565486677646163,-1.66533453693773E-16));
#6403=CARTESIAN_POINT('',(0.,-1.66533453693773E-16));
#6404=CARTESIAN_POINT('',(1.745,1.565,-7.54147566205853E-17));
#6405=CARTESIAN_POINT('',(1.745,1.565,-0.18));
#6406=CARTESIAN_POINT('',(1.565,1.565,-0.18));
#6407=CARTESIAN_POINT('',(0.,-1.66533453693773E-16));
#6408=CARTESIAN_POINT('',(0.,-0.282743338823081));
#6409=CARTESIAN_POINT('',(3.05294463719411,3.30699614855058));
#6410=CARTESIAN_POINT('',(3.05294463719411,3.48699614855058));
#6411=CARTESIAN_POINT('',(3.23294463719411,3.48699614855058));
#6412=CARTESIAN_POINT('',(3.41294463719411,3.48699614855058));
#6413=CARTESIAN_POINT('',(3.41294463719411,3.30699614855058));
#6414=CARTESIAN_POINT('',(1.385,1.565,5.55111512312578E-17));
#6415=CARTESIAN_POINT('',(1.385,1.385,0.));
#6416=CARTESIAN_POINT('',(1.565,1.385,5.55111512312578E-17));
#6417=CARTESIAN_POINT('',(1.745,1.385,0.));
#6418=CARTESIAN_POINT('',(1.745,1.565,5.55111512312578E-17));
#6419=CARTESIAN_POINT('',(3.05294463719411,3.30699614855058));
#6420=CARTESIAN_POINT('',(3.05294463719411,3.12699614855058));
#6421=CARTESIAN_POINT('',(3.23294463719411,3.12699614855058));
#6422=CARTESIAN_POINT('',(3.41294463719411,3.12699614855058));
#6423=CARTESIAN_POINT('',(3.41294463719411,3.30699614855058));
#6424=CARTESIAN_POINT('',(1.13097335529233,-1.66533453693773E-16));
#6425=CARTESIAN_POINT('',(1.13097335529233,-0.282743338823081));
#6426=CARTESIAN_POINT('',(0.565486677646163,-1.66533453693773E-16));
#6427=CARTESIAN_POINT('',(1.13097335529233,-1.66533453693773E-16));
#6428=CARTESIAN_POINT('',(0.565486677646163,-0.282743338823081));
#6429=CARTESIAN_POINT('',(0.565486677646163,-1.66533453693773E-16));
#6430=CARTESIAN_POINT('',(0.565,1.565,-0.18));
#6431=CARTESIAN_POINT('',(0.745,1.565,-0.18));
#6432=CARTESIAN_POINT('',(0.745,1.565,4.44893300389316E-17));
#6433=CARTESIAN_POINT('',(0.745,1.565,0.18));
#6434=CARTESIAN_POINT('',(0.565,1.565,0.18));
#6435=CARTESIAN_POINT('',(0.565,1.565,-0.18));
#6436=CARTESIAN_POINT('',(0.745,1.745,-0.18));
#6437=CARTESIAN_POINT('',(0.745,1.745,4.44893300389316E-17));
#6438=CARTESIAN_POINT('',(0.745,1.745,0.18));
#6439=CARTESIAN_POINT('',(0.565,1.565,0.18));
#6440=CARTESIAN_POINT('',(0.565,1.565,-0.18));
#6441=CARTESIAN_POINT('',(0.565,1.745,-0.18));
#6442=CARTESIAN_POINT('',(0.565,1.745,4.44893300389316E-17));
#6443=CARTESIAN_POINT('',(0.565,1.745,0.18));
#6444=CARTESIAN_POINT('',(0.565,1.565,0.18));
#6445=CARTESIAN_POINT('',(0.565,1.565,-0.18));
#6446=CARTESIAN_POINT('',(0.385,1.745,-0.18));
#6447=CARTESIAN_POINT('',(0.385,1.745,4.44893300389316E-17));
#6448=CARTESIAN_POINT('',(0.385,1.745,0.18));
#6449=CARTESIAN_POINT('',(0.565,1.565,0.18));
#6450=CARTESIAN_POINT('',(0.565,1.565,-0.18));
#6451=CARTESIAN_POINT('',(0.385,1.565,-0.18));
#6452=CARTESIAN_POINT('',(0.385,1.565,4.44893300389316E-17));
#6453=CARTESIAN_POINT('',(0.385,1.565,0.18));
#6454=CARTESIAN_POINT('',(0.565,1.565,0.18));
#6455=CARTESIAN_POINT('',(-1.66794463719411,-1.74199614855058,0.));
#6456=CARTESIAN_POINT('',(-1.66794463719411,7.64188715467203,0.));
#6457=CARTESIAN_POINT('',(7.85193697477085,-1.74199614855058,0.));
#6458=CARTESIAN_POINT('',(7.85193697477085,7.64188715467203,0.));
#6459=CARTESIAN_POINT('',(0.565,1.565,-0.18));
#6460=CARTESIAN_POINT('',(0.385,1.565,-0.18));
#6461=CARTESIAN_POINT('',(0.385,1.565,4.44893300389316E-17));
#6462=CARTESIAN_POINT('',(0.385,1.565,0.18));
#6463=CARTESIAN_POINT('',(0.565,1.565,0.18));
#6464=CARTESIAN_POINT('',(0.565,1.565,-0.18));
#6465=CARTESIAN_POINT('',(0.385,1.385,-0.18));
#6466=CARTESIAN_POINT('',(0.385,1.385,4.44893300389316E-17));
#6467=CARTESIAN_POINT('',(0.385,1.385,0.18));
#6468=CARTESIAN_POINT('',(0.565,1.565,0.18));
#6469=CARTESIAN_POINT('',(0.565,1.565,-0.18));
#6470=CARTESIAN_POINT('',(0.565,1.385,-0.18));
#6471=CARTESIAN_POINT('',(0.565,1.385,4.44893300389316E-17));
#6472=CARTESIAN_POINT('',(0.565,1.385,0.18));
#6473=CARTESIAN_POINT('',(0.565,1.565,0.18));
#6474=CARTESIAN_POINT('',(0.565,1.565,-0.18));
#6475=CARTESIAN_POINT('',(0.745,1.385,-0.18));
#6476=CARTESIAN_POINT('',(0.745,1.385,4.44893300389316E-17));
#6477=CARTESIAN_POINT('',(0.745,1.385,0.18));
#6478=CARTESIAN_POINT('',(0.565,1.565,0.18));
#6479=CARTESIAN_POINT('',(0.565,1.565,-0.18));
#6480=CARTESIAN_POINT('',(0.745,1.565,-0.18));
#6481=CARTESIAN_POINT('',(0.745,1.565,4.44893300389316E-17));
#6482=CARTESIAN_POINT('',(0.745,1.565,0.18));
#6483=CARTESIAN_POINT('',(0.565,1.565,0.18));
#6484=CARTESIAN_POINT('',(0.565,1.565,-0.18));
#6485=CARTESIAN_POINT('',(0.745,1.565,-3.77073783102926E-17));
#6486=CARTESIAN_POINT('',(0.385,1.565,5.55111512312578E-17));
#6487=CARTESIAN_POINT('',(0.565,1.565,-0.18));
#6488=CARTESIAN_POINT('',(0.385,1.565,-0.18));
#6489=CARTESIAN_POINT('',(0.385,1.565,-7.54147566205853E-17));
#6490=CARTESIAN_POINT('',(0.565486677646163,-0.282743338823081));
#6491=CARTESIAN_POINT('',(0.565486677646163,-1.66533453693773E-16));
#6492=CARTESIAN_POINT('',(0.385,1.565,5.55111512312578E-17));
#6493=CARTESIAN_POINT('',(0.385,1.745,0.));
#6494=CARTESIAN_POINT('',(0.565,1.745,5.55111512312578E-17));
#6495=CARTESIAN_POINT('',(0.745,1.745,0.));
#6496=CARTESIAN_POINT('',(0.745,1.565,5.55111512312578E-17));
#6497=CARTESIAN_POINT('',(0.565486677646163,-1.66533453693773E-16));
#6498=CARTESIAN_POINT('',(0.,-1.66533453693773E-16));
#6499=CARTESIAN_POINT('',(0.745,1.565,-7.54147566205853E-17));
#6500=CARTESIAN_POINT('',(0.745,1.565,-0.18));
#6501=CARTESIAN_POINT('',(0.565,1.565,-0.18));
#6502=CARTESIAN_POINT('',(0.,-1.66533453693773E-16));
#6503=CARTESIAN_POINT('',(0.,-0.282743338823081));
#6504=CARTESIAN_POINT('',(2.05294463719411,3.30699614855058));
#6505=CARTESIAN_POINT('',(2.05294463719411,3.48699614855058));
#6506=CARTESIAN_POINT('',(2.23294463719411,3.48699614855058));
#6507=CARTESIAN_POINT('',(2.41294463719411,3.48699614855058));
#6508=CARTESIAN_POINT('',(2.41294463719412,3.30699614855058));
#6509=CARTESIAN_POINT('',(0.385,1.565,5.55111512312578E-17));
#6510=CARTESIAN_POINT('',(0.385,1.385,0.));
#6511=CARTESIAN_POINT('',(0.565,1.385,5.55111512312578E-17));
#6512=CARTESIAN_POINT('',(0.745,1.385,0.));
#6513=CARTESIAN_POINT('',(0.745,1.565,5.55111512312578E-17));
#6514=CARTESIAN_POINT('',(2.05294463719411,3.30699614855058));
#6515=CARTESIAN_POINT('',(2.05294463719411,3.12699614855058));
#6516=CARTESIAN_POINT('',(2.23294463719411,3.12699614855058));
#6517=CARTESIAN_POINT('',(2.41294463719411,3.12699614855058));
#6518=CARTESIAN_POINT('',(2.41294463719412,3.30699614855058));
#6519=CARTESIAN_POINT('',(1.13097335529233,-1.66533453693773E-16));
#6520=CARTESIAN_POINT('',(1.13097335529233,-0.282743338823081));
#6521=CARTESIAN_POINT('',(0.565486677646163,-1.66533453693773E-16));
#6522=CARTESIAN_POINT('',(1.13097335529233,-1.66533453693773E-16));
#6523=CARTESIAN_POINT('',(0.565486677646163,-0.282743338823081));
#6524=CARTESIAN_POINT('',(0.565486677646163,-1.66533453693773E-16));
#6525=CARTESIAN_POINT('',(5.565,0.565,-0.18));
#6526=CARTESIAN_POINT('',(5.745,0.565,-0.18));
#6527=CARTESIAN_POINT('',(5.745,0.565,4.44893300389316E-17));
#6528=CARTESIAN_POINT('',(5.745,0.565,0.18));
#6529=CARTESIAN_POINT('',(5.565,0.565,0.18));
#6530=CARTESIAN_POINT('',(5.565,0.565,-0.18));
#6531=CARTESIAN_POINT('',(5.745,0.745,-0.18));
#6532=CARTESIAN_POINT('',(5.745,0.745,4.44893300389316E-17));
#6533=CARTESIAN_POINT('',(5.745,0.745,0.18));
#6534=CARTESIAN_POINT('',(5.565,0.565,0.18));
#6535=CARTESIAN_POINT('',(5.565,0.565,-0.18));
#6536=CARTESIAN_POINT('',(5.565,0.745,-0.18));
#6537=CARTESIAN_POINT('',(5.565,0.745,4.44893300389316E-17));
#6538=CARTESIAN_POINT('',(5.565,0.745,0.18));
#6539=CARTESIAN_POINT('',(5.565,0.565,0.18));
#6540=CARTESIAN_POINT('',(5.565,0.565,-0.18));
#6541=CARTESIAN_POINT('',(5.385,0.745,-0.18));
#6542=CARTESIAN_POINT('',(5.385,0.745,4.44893300389316E-17));
#6543=CARTESIAN_POINT('',(5.385,0.745,0.18));
#6544=CARTESIAN_POINT('',(5.565,0.565,0.18));
#6545=CARTESIAN_POINT('',(5.565,0.565,-0.18));
#6546=CARTESIAN_POINT('',(5.385,0.565,-0.18));
#6547=CARTESIAN_POINT('',(5.385,0.565,4.44893300389316E-17));
#6548=CARTESIAN_POINT('',(5.385,0.565,0.18));
#6549=CARTESIAN_POINT('',(5.565,0.565,0.18));
#6550=CARTESIAN_POINT('',(-1.66794463719411,-1.74199614855058,0.));
#6551=CARTESIAN_POINT('',(-1.66794463719411,7.64188715467203,0.));
#6552=CARTESIAN_POINT('',(7.85193697477085,-1.74199614855058,0.));
#6553=CARTESIAN_POINT('',(7.85193697477085,7.64188715467203,0.));
#6554=CARTESIAN_POINT('',(5.565,0.565,-0.18));
#6555=CARTESIAN_POINT('',(5.385,0.565,-0.18));
#6556=CARTESIAN_POINT('',(5.385,0.565,4.44893300389316E-17));
#6557=CARTESIAN_POINT('',(5.385,0.565,0.18));
#6558=CARTESIAN_POINT('',(5.565,0.565,0.18));
#6559=CARTESIAN_POINT('',(5.565,0.565,-0.18));
#6560=CARTESIAN_POINT('',(5.385,0.385,-0.18));
#6561=CARTESIAN_POINT('',(5.385,0.385,4.44893300389316E-17));
#6562=CARTESIAN_POINT('',(5.385,0.385,0.18));
#6563=CARTESIAN_POINT('',(5.565,0.565,0.18));
#6564=CARTESIAN_POINT('',(5.565,0.565,-0.18));
#6565=CARTESIAN_POINT('',(5.565,0.385,-0.18));
#6566=CARTESIAN_POINT('',(5.565,0.385,4.44893300389316E-17));
#6567=CARTESIAN_POINT('',(5.565,0.385,0.18));
#6568=CARTESIAN_POINT('',(5.565,0.565,0.18));
#6569=CARTESIAN_POINT('',(5.565,0.565,-0.18));
#6570=CARTESIAN_POINT('',(5.745,0.385,-0.18));
#6571=CARTESIAN_POINT('',(5.745,0.385,4.44893300389316E-17));
#6572=CARTESIAN_POINT('',(5.745,0.385,0.18));
#6573=CARTESIAN_POINT('',(5.565,0.565,0.18));
#6574=CARTESIAN_POINT('',(5.565,0.565,-0.18));
#6575=CARTESIAN_POINT('',(5.745,0.565,-0.18));
#6576=CARTESIAN_POINT('',(5.745,0.565,4.44893300389316E-17));
#6577=CARTESIAN_POINT('',(5.745,0.565,0.18));
#6578=CARTESIAN_POINT('',(5.565,0.565,0.18));
#6579=CARTESIAN_POINT('',(5.565,0.565,-0.18));
#6580=CARTESIAN_POINT('',(5.745,0.565,-3.77073783102926E-17));
#6581=CARTESIAN_POINT('',(5.385,0.565,5.55111512312578E-17));
#6582=CARTESIAN_POINT('',(5.565,0.565,-0.18));
#6583=CARTESIAN_POINT('',(5.385,0.565,-0.18));
#6584=CARTESIAN_POINT('',(5.385,0.565,-7.54147566205853E-17));
#6585=CARTESIAN_POINT('',(0.565486677646163,-0.282743338823081));
#6586=CARTESIAN_POINT('',(0.565486677646163,-1.66533453693773E-16));
#6587=CARTESIAN_POINT('',(5.385,0.565,5.55111512312578E-17));
#6588=CARTESIAN_POINT('',(5.385,0.745,0.));
#6589=CARTESIAN_POINT('',(5.565,0.745,5.55111512312578E-17));
#6590=CARTESIAN_POINT('',(5.745,0.745,0.));
#6591=CARTESIAN_POINT('',(5.745,0.565,5.55111512312578E-17));
#6592=CARTESIAN_POINT('',(0.565486677646163,-1.66533453693773E-16));
#6593=CARTESIAN_POINT('',(0.,-1.66533453693773E-16));
#6594=CARTESIAN_POINT('',(5.745,0.565,-7.54147566205853E-17));
#6595=CARTESIAN_POINT('',(5.745,0.565,-0.18));
#6596=CARTESIAN_POINT('',(5.565,0.565,-0.18));
#6597=CARTESIAN_POINT('',(0.,-1.66533453693773E-16));
#6598=CARTESIAN_POINT('',(0.,-0.282743338823081));
#6599=CARTESIAN_POINT('',(7.05294463719411,2.30699614855058));
#6600=CARTESIAN_POINT('',(7.05294463719411,2.48699614855058));
#6601=CARTESIAN_POINT('',(7.23294463719411,2.48699614855058));
#6602=CARTESIAN_POINT('',(7.41294463719411,2.48699614855058));
#6603=CARTESIAN_POINT('',(7.41294463719411,2.30699614855058));
#6604=CARTESIAN_POINT('',(5.385,0.565,5.55111512312578E-17));
#6605=CARTESIAN_POINT('',(5.385,0.385,0.));
#6606=CARTESIAN_POINT('',(5.565,0.385,5.55111512312578E-17));
#6607=CARTESIAN_POINT('',(5.745,0.385,0.));
#6608=CARTESIAN_POINT('',(5.745,0.565,5.55111512312578E-17));
#6609=CARTESIAN_POINT('',(7.05294463719411,2.30699614855058));
#6610=CARTESIAN_POINT('',(7.05294463719411,2.12699614855058));
#6611=CARTESIAN_POINT('',(7.23294463719411,2.12699614855058));
#6612=CARTESIAN_POINT('',(7.41294463719411,2.12699614855058));
#6613=CARTESIAN_POINT('',(7.41294463719411,2.30699614855058));
#6614=CARTESIAN_POINT('',(1.13097335529233,-1.66533453693773E-16));
#6615=CARTESIAN_POINT('',(1.13097335529233,-0.282743338823081));
#6616=CARTESIAN_POINT('',(0.565486677646163,-1.66533453693773E-16));
#6617=CARTESIAN_POINT('',(1.13097335529233,-1.66533453693773E-16));
#6618=CARTESIAN_POINT('',(0.565486677646163,-0.282743338823081));
#6619=CARTESIAN_POINT('',(0.565486677646163,-1.66533453693773E-16));
#6620=CARTESIAN_POINT('',(4.565,0.565,-0.18));
#6621=CARTESIAN_POINT('',(4.745,0.565,-0.18));
#6622=CARTESIAN_POINT('',(4.745,0.565,4.44893300389316E-17));
#6623=CARTESIAN_POINT('',(4.745,0.565,0.18));
#6624=CARTESIAN_POINT('',(4.565,0.565,0.18));
#6625=CARTESIAN_POINT('',(4.565,0.565,-0.18));
#6626=CARTESIAN_POINT('',(4.745,0.745000000000001,-0.18));
#6627=CARTESIAN_POINT('',(4.745,0.745,4.44893300389316E-17));
#6628=CARTESIAN_POINT('',(4.745,0.745000000000001,0.18));
#6629=CARTESIAN_POINT('',(4.565,0.565,0.18));
#6630=CARTESIAN_POINT('',(4.565,0.565,-0.18));
#6631=CARTESIAN_POINT('',(4.565,0.745,-0.18));
#6632=CARTESIAN_POINT('',(4.565,0.745,4.44893300389316E-17));
#6633=CARTESIAN_POINT('',(4.565,0.745,0.18));
#6634=CARTESIAN_POINT('',(4.565,0.565,0.18));
#6635=CARTESIAN_POINT('',(4.565,0.565,-0.18));
#6636=CARTESIAN_POINT('',(4.385,0.745000000000001,-0.18));
#6637=CARTESIAN_POINT('',(4.385,0.745,4.44893300389316E-17));
#6638=CARTESIAN_POINT('',(4.385,0.745000000000001,0.18));
#6639=CARTESIAN_POINT('',(4.565,0.565,0.18));
#6640=CARTESIAN_POINT('',(4.565,0.565,-0.18));
#6641=CARTESIAN_POINT('',(4.385,0.565,-0.18));
#6642=CARTESIAN_POINT('',(4.385,0.565,4.44893300389316E-17));
#6643=CARTESIAN_POINT('',(4.385,0.565,0.18));
#6644=CARTESIAN_POINT('',(4.565,0.565,0.18));
#6645=CARTESIAN_POINT('',(-1.66794463719411,-1.74199614855058,0.));
#6646=CARTESIAN_POINT('',(-1.66794463719411,7.64188715467203,0.));
#6647=CARTESIAN_POINT('',(7.85193697477085,-1.74199614855058,0.));
#6648=CARTESIAN_POINT('',(7.85193697477085,7.64188715467203,0.));
#6649=CARTESIAN_POINT('',(4.565,0.565,-0.18));
#6650=CARTESIAN_POINT('',(4.385,0.565,-0.18));
#6651=CARTESIAN_POINT('',(4.385,0.565,4.44893300389316E-17));
#6652=CARTESIAN_POINT('',(4.385,0.565,0.18));
#6653=CARTESIAN_POINT('',(4.565,0.565,0.18));
#6654=CARTESIAN_POINT('',(4.565,0.565,-0.18));
#6655=CARTESIAN_POINT('',(4.385,0.385,-0.18));
#6656=CARTESIAN_POINT('',(4.385,0.385,4.44893300389316E-17));
#6657=CARTESIAN_POINT('',(4.385,0.385,0.18));
#6658=CARTESIAN_POINT('',(4.565,0.565,0.18));
#6659=CARTESIAN_POINT('',(4.565,0.565,-0.18));
#6660=CARTESIAN_POINT('',(4.565,0.385,-0.18));
#6661=CARTESIAN_POINT('',(4.565,0.385,4.44893300389316E-17));
#6662=CARTESIAN_POINT('',(4.565,0.385,0.18));
#6663=CARTESIAN_POINT('',(4.565,0.565,0.18));
#6664=CARTESIAN_POINT('',(4.565,0.565,-0.18));
#6665=CARTESIAN_POINT('',(4.745,0.385,-0.18));
#6666=CARTESIAN_POINT('',(4.745,0.385,4.44893300389316E-17));
#6667=CARTESIAN_POINT('',(4.745,0.385,0.18));
#6668=CARTESIAN_POINT('',(4.565,0.565,0.18));
#6669=CARTESIAN_POINT('',(4.565,0.565,-0.18));
#6670=CARTESIAN_POINT('',(4.745,0.565,-0.18));
#6671=CARTESIAN_POINT('',(4.745,0.565,4.44893300389316E-17));
#6672=CARTESIAN_POINT('',(4.745,0.565,0.18));
#6673=CARTESIAN_POINT('',(4.565,0.565,0.18));
#6674=CARTESIAN_POINT('',(4.565,0.565,-0.18));
#6675=CARTESIAN_POINT('',(4.745,0.565,-3.77073783102926E-17));
#6676=CARTESIAN_POINT('',(4.385,0.565,5.55111512312578E-17));
#6677=CARTESIAN_POINT('',(4.565,0.565,-0.18));
#6678=CARTESIAN_POINT('',(4.385,0.565,-0.18));
#6679=CARTESIAN_POINT('',(4.385,0.565,-7.54147566205853E-17));
#6680=CARTESIAN_POINT('',(0.565486677646163,-0.282743338823081));
#6681=CARTESIAN_POINT('',(0.565486677646163,-1.66533453693773E-16));
#6682=CARTESIAN_POINT('',(4.385,0.565,5.55111512312578E-17));
#6683=CARTESIAN_POINT('',(4.385,0.745,0.));
#6684=CARTESIAN_POINT('',(4.565,0.745,5.55111512312578E-17));
#6685=CARTESIAN_POINT('',(4.745,0.745,0.));
#6686=CARTESIAN_POINT('',(4.745,0.565,5.55111512312578E-17));
#6687=CARTESIAN_POINT('',(0.565486677646163,-1.66533453693773E-16));
#6688=CARTESIAN_POINT('',(0.,-1.66533453693773E-16));
#6689=CARTESIAN_POINT('',(4.745,0.565,-7.54147566205853E-17));
#6690=CARTESIAN_POINT('',(4.745,0.565,-0.18));
#6691=CARTESIAN_POINT('',(4.565,0.565,-0.18));
#6692=CARTESIAN_POINT('',(0.,-1.66533453693773E-16));
#6693=CARTESIAN_POINT('',(0.,-0.282743338823081));
#6694=CARTESIAN_POINT('',(6.05294463719411,2.30699614855058));
#6695=CARTESIAN_POINT('',(6.05294463719411,2.48699614855058));
#6696=CARTESIAN_POINT('',(6.23294463719411,2.48699614855058));
#6697=CARTESIAN_POINT('',(6.41294463719411,2.48699614855058));
#6698=CARTESIAN_POINT('',(6.41294463719411,2.30699614855058));
#6699=CARTESIAN_POINT('',(4.385,0.565,5.55111512312578E-17));
#6700=CARTESIAN_POINT('',(4.385,0.385,0.));
#6701=CARTESIAN_POINT('',(4.565,0.385,5.55111512312578E-17));
#6702=CARTESIAN_POINT('',(4.745,0.385,0.));
#6703=CARTESIAN_POINT('',(4.745,0.565,5.55111512312578E-17));
#6704=CARTESIAN_POINT('',(6.05294463719411,2.30699614855058));
#6705=CARTESIAN_POINT('',(6.05294463719411,2.12699614855058));
#6706=CARTESIAN_POINT('',(6.23294463719411,2.12699614855058));
#6707=CARTESIAN_POINT('',(6.41294463719411,2.12699614855058));
#6708=CARTESIAN_POINT('',(6.41294463719411,2.30699614855058));
#6709=CARTESIAN_POINT('',(1.13097335529233,-1.66533453693773E-16));
#6710=CARTESIAN_POINT('',(1.13097335529233,-0.282743338823081));
#6711=CARTESIAN_POINT('',(0.565486677646163,-1.66533453693773E-16));
#6712=CARTESIAN_POINT('',(1.13097335529233,-1.66533453693773E-16));
#6713=CARTESIAN_POINT('',(0.565486677646163,-0.282743338823081));
#6714=CARTESIAN_POINT('',(0.565486677646163,-1.66533453693773E-16));
#6715=CARTESIAN_POINT('',(3.565,0.565,-0.18));
#6716=CARTESIAN_POINT('',(3.745,0.565,-0.18));
#6717=CARTESIAN_POINT('',(3.745,0.565,4.44893300389316E-17));
#6718=CARTESIAN_POINT('',(3.745,0.565,0.18));
#6719=CARTESIAN_POINT('',(3.565,0.565,0.18));
#6720=CARTESIAN_POINT('',(3.565,0.565,-0.18));
#6721=CARTESIAN_POINT('',(3.745,0.745,-0.18));
#6722=CARTESIAN_POINT('',(3.745,0.745,4.44893300389316E-17));
#6723=CARTESIAN_POINT('',(3.745,0.745,0.18));
#6724=CARTESIAN_POINT('',(3.565,0.565,0.18));
#6725=CARTESIAN_POINT('',(3.565,0.565,-0.18));
#6726=CARTESIAN_POINT('',(3.565,0.745,-0.18));
#6727=CARTESIAN_POINT('',(3.565,0.745,4.44893300389316E-17));
#6728=CARTESIAN_POINT('',(3.565,0.745,0.18));
#6729=CARTESIAN_POINT('',(3.565,0.565,0.18));
#6730=CARTESIAN_POINT('',(3.565,0.565,-0.18));
#6731=CARTESIAN_POINT('',(3.385,0.745,-0.18));
#6732=CARTESIAN_POINT('',(3.385,0.745,4.44893300389316E-17));
#6733=CARTESIAN_POINT('',(3.385,0.745,0.18));
#6734=CARTESIAN_POINT('',(3.565,0.565,0.18));
#6735=CARTESIAN_POINT('',(3.565,0.565,-0.18));
#6736=CARTESIAN_POINT('',(3.385,0.565,-0.18));
#6737=CARTESIAN_POINT('',(3.385,0.565,4.44893300389316E-17));
#6738=CARTESIAN_POINT('',(3.385,0.565,0.18));
#6739=CARTESIAN_POINT('',(3.565,0.565,0.18));
#6740=CARTESIAN_POINT('',(-1.66794463719411,-1.74199614855058,0.));
#6741=CARTESIAN_POINT('',(-1.66794463719411,7.64188715467203,0.));
#6742=CARTESIAN_POINT('',(7.85193697477085,-1.74199614855058,0.));
#6743=CARTESIAN_POINT('',(7.85193697477085,7.64188715467203,0.));
#6744=CARTESIAN_POINT('',(3.565,0.565,-0.18));
#6745=CARTESIAN_POINT('',(3.385,0.565,-0.18));
#6746=CARTESIAN_POINT('',(3.385,0.565,4.44893300389316E-17));
#6747=CARTESIAN_POINT('',(3.385,0.565,0.18));
#6748=CARTESIAN_POINT('',(3.565,0.565,0.18));
#6749=CARTESIAN_POINT('',(3.565,0.565,-0.18));
#6750=CARTESIAN_POINT('',(3.385,0.385,-0.18));
#6751=CARTESIAN_POINT('',(3.385,0.385,4.44893300389316E-17));
#6752=CARTESIAN_POINT('',(3.385,0.385,0.18));
#6753=CARTESIAN_POINT('',(3.565,0.565,0.18));
#6754=CARTESIAN_POINT('',(3.565,0.565,-0.18));
#6755=CARTESIAN_POINT('',(3.565,0.385,-0.18));
#6756=CARTESIAN_POINT('',(3.565,0.385,4.44893300389316E-17));
#6757=CARTESIAN_POINT('',(3.565,0.385,0.18));
#6758=CARTESIAN_POINT('',(3.565,0.565,0.18));
#6759=CARTESIAN_POINT('',(3.565,0.565,-0.18));
#6760=CARTESIAN_POINT('',(3.745,0.385,-0.18));
#6761=CARTESIAN_POINT('',(3.745,0.385,4.44893300389316E-17));
#6762=CARTESIAN_POINT('',(3.745,0.385,0.18));
#6763=CARTESIAN_POINT('',(3.565,0.565,0.18));
#6764=CARTESIAN_POINT('',(3.565,0.565,-0.18));
#6765=CARTESIAN_POINT('',(3.745,0.565,-0.18));
#6766=CARTESIAN_POINT('',(3.745,0.565,4.44893300389316E-17));
#6767=CARTESIAN_POINT('',(3.745,0.565,0.18));
#6768=CARTESIAN_POINT('',(3.565,0.565,0.18));
#6769=CARTESIAN_POINT('',(3.565,0.565,-0.18));
#6770=CARTESIAN_POINT('',(3.745,0.565,-3.77073783102926E-17));
#6771=CARTESIAN_POINT('',(3.385,0.565,5.55111512312578E-17));
#6772=CARTESIAN_POINT('',(3.565,0.565,-0.18));
#6773=CARTESIAN_POINT('',(3.385,0.565,-0.18));
#6774=CARTESIAN_POINT('',(3.385,0.565,-7.54147566205853E-17));
#6775=CARTESIAN_POINT('',(0.565486677646163,-0.282743338823081));
#6776=CARTESIAN_POINT('',(0.565486677646163,-1.66533453693773E-16));
#6777=CARTESIAN_POINT('',(3.385,0.565,5.55111512312578E-17));
#6778=CARTESIAN_POINT('',(3.385,0.745,0.));
#6779=CARTESIAN_POINT('',(3.565,0.745,5.55111512312578E-17));
#6780=CARTESIAN_POINT('',(3.745,0.745,0.));
#6781=CARTESIAN_POINT('',(3.745,0.565,5.55111512312578E-17));
#6782=CARTESIAN_POINT('',(0.565486677646163,-1.66533453693773E-16));
#6783=CARTESIAN_POINT('',(0.,-1.66533453693773E-16));
#6784=CARTESIAN_POINT('',(3.745,0.565,-7.54147566205853E-17));
#6785=CARTESIAN_POINT('',(3.745,0.565,-0.18));
#6786=CARTESIAN_POINT('',(3.565,0.565,-0.18));
#6787=CARTESIAN_POINT('',(0.,-1.66533453693773E-16));
#6788=CARTESIAN_POINT('',(0.,-0.282743338823081));
#6789=CARTESIAN_POINT('',(5.05294463719411,2.30699614855058));
#6790=CARTESIAN_POINT('',(5.05294463719411,2.48699614855058));
#6791=CARTESIAN_POINT('',(5.23294463719411,2.48699614855058));
#6792=CARTESIAN_POINT('',(5.41294463719411,2.48699614855058));
#6793=CARTESIAN_POINT('',(5.41294463719411,2.30699614855058));
#6794=CARTESIAN_POINT('',(3.385,0.565,5.55111512312578E-17));
#6795=CARTESIAN_POINT('',(3.385,0.385,0.));
#6796=CARTESIAN_POINT('',(3.565,0.385,5.55111512312578E-17));
#6797=CARTESIAN_POINT('',(3.745,0.385,0.));
#6798=CARTESIAN_POINT('',(3.745,0.565,5.55111512312578E-17));
#6799=CARTESIAN_POINT('',(5.05294463719411,2.30699614855058));
#6800=CARTESIAN_POINT('',(5.05294463719411,2.12699614855058));
#6801=CARTESIAN_POINT('',(5.23294463719411,2.12699614855058));
#6802=CARTESIAN_POINT('',(5.41294463719411,2.12699614855058));
#6803=CARTESIAN_POINT('',(5.41294463719411,2.30699614855058));
#6804=CARTESIAN_POINT('',(1.13097335529233,-1.66533453693773E-16));
#6805=CARTESIAN_POINT('',(1.13097335529233,-0.282743338823081));
#6806=CARTESIAN_POINT('',(0.565486677646163,-1.66533453693773E-16));
#6807=CARTESIAN_POINT('',(1.13097335529233,-1.66533453693773E-16));
#6808=CARTESIAN_POINT('',(0.565486677646163,-0.282743338823081));
#6809=CARTESIAN_POINT('',(0.565486677646163,-1.66533453693773E-16));
#6810=CARTESIAN_POINT('',(2.565,0.565,-0.18));
#6811=CARTESIAN_POINT('',(2.745,0.565,-0.18));
#6812=CARTESIAN_POINT('',(2.745,0.565,4.44893300389316E-17));
#6813=CARTESIAN_POINT('',(2.745,0.565,0.18));
#6814=CARTESIAN_POINT('',(2.565,0.565,0.18));
#6815=CARTESIAN_POINT('',(2.565,0.565,-0.18));
#6816=CARTESIAN_POINT('',(2.745,0.745,-0.18));
#6817=CARTESIAN_POINT('',(2.745,0.745,4.44893300389316E-17));
#6818=CARTESIAN_POINT('',(2.745,0.745,0.18));
#6819=CARTESIAN_POINT('',(2.565,0.565,0.18));
#6820=CARTESIAN_POINT('',(2.565,0.565,-0.18));
#6821=CARTESIAN_POINT('',(2.565,0.745,-0.18));
#6822=CARTESIAN_POINT('',(2.565,0.745,4.44893300389316E-17));
#6823=CARTESIAN_POINT('',(2.565,0.745,0.18));
#6824=CARTESIAN_POINT('',(2.565,0.565,0.18));
#6825=CARTESIAN_POINT('',(2.565,0.565,-0.18));
#6826=CARTESIAN_POINT('',(2.385,0.745,-0.18));
#6827=CARTESIAN_POINT('',(2.385,0.745,4.44893300389316E-17));
#6828=CARTESIAN_POINT('',(2.385,0.745,0.18));
#6829=CARTESIAN_POINT('',(2.565,0.565,0.18));
#6830=CARTESIAN_POINT('',(2.565,0.565,-0.18));
#6831=CARTESIAN_POINT('',(2.385,0.565,-0.18));
#6832=CARTESIAN_POINT('',(2.385,0.565,4.44893300389316E-17));
#6833=CARTESIAN_POINT('',(2.385,0.565,0.18));
#6834=CARTESIAN_POINT('',(2.565,0.565,0.18));
#6835=CARTESIAN_POINT('',(-1.66794463719411,-1.74199614855058,0.));
#6836=CARTESIAN_POINT('',(-1.66794463719411,7.64188715467203,0.));
#6837=CARTESIAN_POINT('',(7.85193697477085,-1.74199614855058,0.));
#6838=CARTESIAN_POINT('',(7.85193697477085,7.64188715467203,0.));
#6839=CARTESIAN_POINT('',(2.565,0.565,-0.18));
#6840=CARTESIAN_POINT('',(2.385,0.565,-0.18));
#6841=CARTESIAN_POINT('',(2.385,0.565,4.44893300389316E-17));
#6842=CARTESIAN_POINT('',(2.385,0.565,0.18));
#6843=CARTESIAN_POINT('',(2.565,0.565,0.18));
#6844=CARTESIAN_POINT('',(2.565,0.565,-0.18));
#6845=CARTESIAN_POINT('',(2.385,0.385,-0.18));
#6846=CARTESIAN_POINT('',(2.385,0.385,4.44893300389316E-17));
#6847=CARTESIAN_POINT('',(2.385,0.385,0.18));
#6848=CARTESIAN_POINT('',(2.565,0.565,0.18));
#6849=CARTESIAN_POINT('',(2.565,0.565,-0.18));
#6850=CARTESIAN_POINT('',(2.565,0.385,-0.18));
#6851=CARTESIAN_POINT('',(2.565,0.385,4.44893300389316E-17));
#6852=CARTESIAN_POINT('',(2.565,0.385,0.18));
#6853=CARTESIAN_POINT('',(2.565,0.565,0.18));
#6854=CARTESIAN_POINT('',(2.565,0.565,-0.18));
#6855=CARTESIAN_POINT('',(2.745,0.385,-0.18));
#6856=CARTESIAN_POINT('',(2.745,0.385,4.44893300389316E-17));
#6857=CARTESIAN_POINT('',(2.745,0.385,0.18));
#6858=CARTESIAN_POINT('',(2.565,0.565,0.18));
#6859=CARTESIAN_POINT('',(2.565,0.565,-0.18));
#6860=CARTESIAN_POINT('',(2.745,0.565,-0.18));
#6861=CARTESIAN_POINT('',(2.745,0.565,4.44893300389316E-17));
#6862=CARTESIAN_POINT('',(2.745,0.565,0.18));
#6863=CARTESIAN_POINT('',(2.565,0.565,0.18));
#6864=CARTESIAN_POINT('',(2.565,0.565,-0.18));
#6865=CARTESIAN_POINT('',(2.745,0.565,-3.77073783102926E-17));
#6866=CARTESIAN_POINT('',(2.385,0.565,5.55111512312578E-17));
#6867=CARTESIAN_POINT('',(2.565,0.565,-0.18));
#6868=CARTESIAN_POINT('',(2.385,0.565,-0.18));
#6869=CARTESIAN_POINT('',(2.385,0.565,-7.54147566205853E-17));
#6870=CARTESIAN_POINT('',(0.565486677646163,-0.282743338823081));
#6871=CARTESIAN_POINT('',(0.565486677646163,-1.66533453693773E-16));
#6872=CARTESIAN_POINT('',(2.385,0.565,5.55111512312578E-17));
#6873=CARTESIAN_POINT('',(2.385,0.745,0.));
#6874=CARTESIAN_POINT('',(2.565,0.745,5.55111512312578E-17));
#6875=CARTESIAN_POINT('',(2.745,0.745,0.));
#6876=CARTESIAN_POINT('',(2.745,0.565,5.55111512312578E-17));
#6877=CARTESIAN_POINT('',(0.565486677646163,-1.66533453693773E-16));
#6878=CARTESIAN_POINT('',(0.,-1.66533453693773E-16));
#6879=CARTESIAN_POINT('',(2.745,0.565,-7.54147566205853E-17));
#6880=CARTESIAN_POINT('',(2.745,0.565,-0.18));
#6881=CARTESIAN_POINT('',(2.565,0.565,-0.18));
#6882=CARTESIAN_POINT('',(0.,-1.66533453693773E-16));
#6883=CARTESIAN_POINT('',(0.,-0.282743338823081));
#6884=CARTESIAN_POINT('',(4.05294463719411,2.30699614855058));
#6885=CARTESIAN_POINT('',(4.05294463719411,2.48699614855058));
#6886=CARTESIAN_POINT('',(4.23294463719411,2.48699614855058));
#6887=CARTESIAN_POINT('',(4.41294463719411,2.48699614855058));
#6888=CARTESIAN_POINT('',(4.41294463719411,2.30699614855058));
#6889=CARTESIAN_POINT('',(2.385,0.565,5.55111512312578E-17));
#6890=CARTESIAN_POINT('',(2.385,0.385,0.));
#6891=CARTESIAN_POINT('',(2.565,0.385,5.55111512312578E-17));
#6892=CARTESIAN_POINT('',(2.745,0.385,0.));
#6893=CARTESIAN_POINT('',(2.745,0.565,5.55111512312578E-17));
#6894=CARTESIAN_POINT('',(4.05294463719411,2.30699614855058));
#6895=CARTESIAN_POINT('',(4.05294463719411,2.12699614855058));
#6896=CARTESIAN_POINT('',(4.23294463719411,2.12699614855058));
#6897=CARTESIAN_POINT('',(4.41294463719411,2.12699614855058));
#6898=CARTESIAN_POINT('',(4.41294463719411,2.30699614855058));
#6899=CARTESIAN_POINT('',(1.13097335529233,-1.66533453693773E-16));
#6900=CARTESIAN_POINT('',(1.13097335529233,-0.282743338823081));
#6901=CARTESIAN_POINT('',(0.565486677646163,-1.66533453693773E-16));
#6902=CARTESIAN_POINT('',(1.13097335529233,-1.66533453693773E-16));
#6903=CARTESIAN_POINT('',(0.565486677646163,-0.282743338823081));
#6904=CARTESIAN_POINT('',(0.565486677646163,-1.66533453693773E-16));
#6905=CARTESIAN_POINT('',(1.565,0.565,-0.18));
#6906=CARTESIAN_POINT('',(1.745,0.565,-0.18));
#6907=CARTESIAN_POINT('',(1.745,0.565,4.44893300389316E-17));
#6908=CARTESIAN_POINT('',(1.745,0.565,0.18));
#6909=CARTESIAN_POINT('',(1.565,0.565,0.18));
#6910=CARTESIAN_POINT('',(1.565,0.565,-0.18));
#6911=CARTESIAN_POINT('',(1.745,0.745,-0.18));
#6912=CARTESIAN_POINT('',(1.745,0.745,4.44893300389316E-17));
#6913=CARTESIAN_POINT('',(1.745,0.745,0.18));
#6914=CARTESIAN_POINT('',(1.565,0.565,0.18));
#6915=CARTESIAN_POINT('',(1.565,0.565,-0.18));
#6916=CARTESIAN_POINT('',(1.565,0.745,-0.18));
#6917=CARTESIAN_POINT('',(1.565,0.745,4.44893300389316E-17));
#6918=CARTESIAN_POINT('',(1.565,0.745,0.18));
#6919=CARTESIAN_POINT('',(1.565,0.565,0.18));
#6920=CARTESIAN_POINT('',(1.565,0.565,-0.18));
#6921=CARTESIAN_POINT('',(1.385,0.745,-0.18));
#6922=CARTESIAN_POINT('',(1.385,0.745,4.44893300389316E-17));
#6923=CARTESIAN_POINT('',(1.385,0.745,0.18));
#6924=CARTESIAN_POINT('',(1.565,0.565,0.18));
#6925=CARTESIAN_POINT('',(1.565,0.565,-0.18));
#6926=CARTESIAN_POINT('',(1.385,0.565,-0.18));
#6927=CARTESIAN_POINT('',(1.385,0.565,4.44893300389316E-17));
#6928=CARTESIAN_POINT('',(1.385,0.565,0.18));
#6929=CARTESIAN_POINT('',(1.565,0.565,0.18));
#6930=CARTESIAN_POINT('',(-1.66794463719411,-1.74199614855058,0.));
#6931=CARTESIAN_POINT('',(-1.66794463719411,7.64188715467203,0.));
#6932=CARTESIAN_POINT('',(7.85193697477085,-1.74199614855058,0.));
#6933=CARTESIAN_POINT('',(7.85193697477085,7.64188715467203,0.));
#6934=CARTESIAN_POINT('',(1.565,0.565,-0.18));
#6935=CARTESIAN_POINT('',(1.385,0.565,-0.18));
#6936=CARTESIAN_POINT('',(1.385,0.565,4.44893300389316E-17));
#6937=CARTESIAN_POINT('',(1.385,0.565,0.18));
#6938=CARTESIAN_POINT('',(1.565,0.565,0.18));
#6939=CARTESIAN_POINT('',(1.565,0.565,-0.18));
#6940=CARTESIAN_POINT('',(1.385,0.385,-0.18));
#6941=CARTESIAN_POINT('',(1.385,0.385,4.44893300389316E-17));
#6942=CARTESIAN_POINT('',(1.385,0.385,0.18));
#6943=CARTESIAN_POINT('',(1.565,0.565,0.18));
#6944=CARTESIAN_POINT('',(1.565,0.565,-0.18));
#6945=CARTESIAN_POINT('',(1.565,0.385,-0.18));
#6946=CARTESIAN_POINT('',(1.565,0.385,4.44893300389316E-17));
#6947=CARTESIAN_POINT('',(1.565,0.385,0.18));
#6948=CARTESIAN_POINT('',(1.565,0.565,0.18));
#6949=CARTESIAN_POINT('',(1.565,0.565,-0.18));
#6950=CARTESIAN_POINT('',(1.745,0.385,-0.18));
#6951=CARTESIAN_POINT('',(1.745,0.385,4.44893300389316E-17));
#6952=CARTESIAN_POINT('',(1.745,0.385,0.18));
#6953=CARTESIAN_POINT('',(1.565,0.565,0.18));
#6954=CARTESIAN_POINT('',(1.565,0.565,-0.18));
#6955=CARTESIAN_POINT('',(1.745,0.565,-0.18));
#6956=CARTESIAN_POINT('',(1.745,0.565,4.44893300389316E-17));
#6957=CARTESIAN_POINT('',(1.745,0.565,0.18));
#6958=CARTESIAN_POINT('',(1.565,0.565,0.18));
#6959=CARTESIAN_POINT('',(1.565,0.565,-0.18));
#6960=CARTESIAN_POINT('',(1.745,0.565,-3.77073783102926E-17));
#6961=CARTESIAN_POINT('',(1.385,0.565,5.55111512312578E-17));
#6962=CARTESIAN_POINT('',(1.565,0.565,-0.18));
#6963=CARTESIAN_POINT('',(1.385,0.565,-0.18));
#6964=CARTESIAN_POINT('',(1.385,0.565,-7.54147566205853E-17));
#6965=CARTESIAN_POINT('',(0.565486677646163,-0.282743338823081));
#6966=CARTESIAN_POINT('',(0.565486677646163,-1.66533453693773E-16));
#6967=CARTESIAN_POINT('',(1.385,0.565,5.55111512312578E-17));
#6968=CARTESIAN_POINT('',(1.385,0.745,0.));
#6969=CARTESIAN_POINT('',(1.565,0.745,5.55111512312578E-17));
#6970=CARTESIAN_POINT('',(1.745,0.745,0.));
#6971=CARTESIAN_POINT('',(1.745,0.565,5.55111512312578E-17));
#6972=CARTESIAN_POINT('',(0.565486677646163,-1.66533453693773E-16));
#6973=CARTESIAN_POINT('',(0.,-1.66533453693773E-16));
#6974=CARTESIAN_POINT('',(1.745,0.565,-7.54147566205853E-17));
#6975=CARTESIAN_POINT('',(1.745,0.565,-0.18));
#6976=CARTESIAN_POINT('',(1.565,0.565,-0.18));
#6977=CARTESIAN_POINT('',(0.,-1.66533453693773E-16));
#6978=CARTESIAN_POINT('',(0.,-0.282743338823081));
#6979=CARTESIAN_POINT('',(3.05294463719411,2.30699614855058));
#6980=CARTESIAN_POINT('',(3.05294463719411,2.48699614855058));
#6981=CARTESIAN_POINT('',(3.23294463719411,2.48699614855058));
#6982=CARTESIAN_POINT('',(3.41294463719411,2.48699614855058));
#6983=CARTESIAN_POINT('',(3.41294463719411,2.30699614855058));
#6984=CARTESIAN_POINT('',(1.385,0.565,5.55111512312578E-17));
#6985=CARTESIAN_POINT('',(1.385,0.385,0.));
#6986=CARTESIAN_POINT('',(1.565,0.385,5.55111512312578E-17));
#6987=CARTESIAN_POINT('',(1.745,0.385,0.));
#6988=CARTESIAN_POINT('',(1.745,0.565,5.55111512312578E-17));
#6989=CARTESIAN_POINT('',(3.05294463719411,2.30699614855058));
#6990=CARTESIAN_POINT('',(3.05294463719411,2.12699614855058));
#6991=CARTESIAN_POINT('',(3.23294463719411,2.12699614855058));
#6992=CARTESIAN_POINT('',(3.41294463719411,2.12699614855058));
#6993=CARTESIAN_POINT('',(3.41294463719411,2.30699614855058));
#6994=CARTESIAN_POINT('',(1.13097335529233,-1.66533453693773E-16));
#6995=CARTESIAN_POINT('',(1.13097335529233,-0.282743338823081));
#6996=CARTESIAN_POINT('',(0.565486677646163,-1.66533453693773E-16));
#6997=CARTESIAN_POINT('',(1.13097335529233,-1.66533453693773E-16));
#6998=CARTESIAN_POINT('',(0.565486677646163,-0.282743338823081));
#6999=CARTESIAN_POINT('',(0.565486677646163,-1.66533453693773E-16));
#7000=CARTESIAN_POINT('',(0.565,0.565,-0.18));
#7001=CARTESIAN_POINT('',(0.745,0.565,-0.18));
#7002=CARTESIAN_POINT('',(0.745,0.565,4.44893300389316E-17));
#7003=CARTESIAN_POINT('',(0.745,0.565,0.18));
#7004=CARTESIAN_POINT('',(0.565,0.565,0.18));
#7005=CARTESIAN_POINT('',(0.565,0.565,-0.18));
#7006=CARTESIAN_POINT('',(0.745,0.745,-0.18));
#7007=CARTESIAN_POINT('',(0.745,0.745,4.44893300389316E-17));
#7008=CARTESIAN_POINT('',(0.745,0.745,0.18));
#7009=CARTESIAN_POINT('',(0.565,0.565,0.18));
#7010=CARTESIAN_POINT('',(0.565,0.565,-0.18));
#7011=CARTESIAN_POINT('',(0.565,0.745,-0.18));
#7012=CARTESIAN_POINT('',(0.565,0.745,4.44893300389316E-17));
#7013=CARTESIAN_POINT('',(0.565,0.745,0.18));
#7014=CARTESIAN_POINT('',(0.565,0.565,0.18));
#7015=CARTESIAN_POINT('',(0.565,0.565,-0.18));
#7016=CARTESIAN_POINT('',(0.385,0.745,-0.18));
#7017=CARTESIAN_POINT('',(0.385,0.745,4.44893300389316E-17));
#7018=CARTESIAN_POINT('',(0.385,0.745,0.18));
#7019=CARTESIAN_POINT('',(0.565,0.565,0.18));
#7020=CARTESIAN_POINT('',(0.565,0.565,-0.18));
#7021=CARTESIAN_POINT('',(0.385,0.565,-0.18));
#7022=CARTESIAN_POINT('',(0.385,0.565,4.44893300389316E-17));
#7023=CARTESIAN_POINT('',(0.385,0.565,0.18));
#7024=CARTESIAN_POINT('',(0.565,0.565,0.18));
#7025=CARTESIAN_POINT('',(-1.66794463719411,-1.74199614855058,0.));
#7026=CARTESIAN_POINT('',(-1.66794463719411,7.64188715467203,0.));
#7027=CARTESIAN_POINT('',(7.85193697477085,-1.74199614855058,0.));
#7028=CARTESIAN_POINT('',(7.85193697477085,7.64188715467203,0.));
#7029=CARTESIAN_POINT('',(0.565,0.565,-0.18));
#7030=CARTESIAN_POINT('',(0.385,0.565,-0.18));
#7031=CARTESIAN_POINT('',(0.385,0.565,4.44893300389316E-17));
#7032=CARTESIAN_POINT('',(0.385,0.565,0.18));
#7033=CARTESIAN_POINT('',(0.565,0.565,0.18));
#7034=CARTESIAN_POINT('',(0.565,0.565,-0.18));
#7035=CARTESIAN_POINT('',(0.385,0.385,-0.18));
#7036=CARTESIAN_POINT('',(0.385,0.385,4.44893300389316E-17));
#7037=CARTESIAN_POINT('',(0.385,0.385,0.18));
#7038=CARTESIAN_POINT('',(0.565,0.565,0.18));
#7039=CARTESIAN_POINT('',(0.565,0.565,-0.18));
#7040=CARTESIAN_POINT('',(0.565,0.385,-0.18));
#7041=CARTESIAN_POINT('',(0.565,0.385,4.44893300389316E-17));
#7042=CARTESIAN_POINT('',(0.565,0.385,0.18));
#7043=CARTESIAN_POINT('',(0.565,0.565,0.18));
#7044=CARTESIAN_POINT('',(0.565,0.565,-0.18));
#7045=CARTESIAN_POINT('',(0.745,0.385,-0.18));
#7046=CARTESIAN_POINT('',(0.745,0.385,4.44893300389316E-17));
#7047=CARTESIAN_POINT('',(0.745,0.385,0.18));
#7048=CARTESIAN_POINT('',(0.565,0.565,0.18));
#7049=CARTESIAN_POINT('',(0.565,0.565,-0.18));
#7050=CARTESIAN_POINT('',(0.745,0.565,-0.18));
#7051=CARTESIAN_POINT('',(0.745,0.565,4.44893300389316E-17));
#7052=CARTESIAN_POINT('',(0.745,0.565,0.18));
#7053=CARTESIAN_POINT('',(0.565,0.565,0.18));
#7054=CARTESIAN_POINT('',(0.565,0.565,-0.18));
#7055=CARTESIAN_POINT('',(0.745,0.565,-3.77073783102926E-17));
#7056=CARTESIAN_POINT('',(0.385,0.565,5.55111512312578E-17));
#7057=CARTESIAN_POINT('',(0.565,0.565,-0.18));
#7058=CARTESIAN_POINT('',(0.385,0.565,-0.18));
#7059=CARTESIAN_POINT('',(0.385,0.565,-7.54147566205853E-17));
#7060=CARTESIAN_POINT('',(0.565486677646163,-0.282743338823081));
#7061=CARTESIAN_POINT('',(0.565486677646163,-1.66533453693773E-16));
#7062=CARTESIAN_POINT('',(0.385,0.565,5.55111512312578E-17));
#7063=CARTESIAN_POINT('',(0.385,0.745,0.));
#7064=CARTESIAN_POINT('',(0.565,0.745,5.55111512312578E-17));
#7065=CARTESIAN_POINT('',(0.745,0.745,0.));
#7066=CARTESIAN_POINT('',(0.745,0.565,5.55111512312578E-17));
#7067=CARTESIAN_POINT('',(0.565486677646163,-1.66533453693773E-16));
#7068=CARTESIAN_POINT('',(0.,-1.66533453693773E-16));
#7069=CARTESIAN_POINT('',(0.745,0.565,-7.54147566205853E-17));
#7070=CARTESIAN_POINT('',(0.745,0.565,-0.18));
#7071=CARTESIAN_POINT('',(0.565,0.565,-0.18));
#7072=CARTESIAN_POINT('',(0.,-1.66533453693773E-16));
#7073=CARTESIAN_POINT('',(0.,-0.282743338823081));
#7074=CARTESIAN_POINT('',(2.05294463719411,2.30699614855058));
#7075=CARTESIAN_POINT('',(2.05294463719411,2.48699614855058));
#7076=CARTESIAN_POINT('',(2.23294463719411,2.48699614855058));
#7077=CARTESIAN_POINT('',(2.41294463719411,2.48699614855058));
#7078=CARTESIAN_POINT('',(2.41294463719412,2.30699614855058));
#7079=CARTESIAN_POINT('',(0.385,0.565,5.55111512312578E-17));
#7080=CARTESIAN_POINT('',(0.385,0.385,0.));
#7081=CARTESIAN_POINT('',(0.565,0.385,5.55111512312578E-17));
#7082=CARTESIAN_POINT('',(0.745,0.385,0.));
#7083=CARTESIAN_POINT('',(0.745,0.565,5.55111512312578E-17));
#7084=CARTESIAN_POINT('',(2.05294463719411,2.30699614855058));
#7085=CARTESIAN_POINT('',(2.05294463719411,2.12699614855058));
#7086=CARTESIAN_POINT('',(2.23294463719411,2.12699614855058));
#7087=CARTESIAN_POINT('',(2.41294463719411,2.12699614855058));
#7088=CARTESIAN_POINT('',(2.41294463719412,2.30699614855058));
#7089=CARTESIAN_POINT('',(1.13097335529233,-1.66533453693773E-16));
#7090=CARTESIAN_POINT('',(1.13097335529233,-0.282743338823081));
#7091=CARTESIAN_POINT('',(0.565486677646163,-1.66533453693773E-16));
#7092=CARTESIAN_POINT('',(1.13097335529233,-1.66533453693773E-16));
#7093=CARTESIAN_POINT('',(0.565486677646163,-0.282743338823081));
#7094=CARTESIAN_POINT('',(0.565486677646163,-1.66533453693773E-16));
#7095=CARTESIAN_POINT('',(0.,0.,0.));
#7096=CARTESIAN_POINT('',(0.,0.,0.46));
#7097=CARTESIAN_POINT('',(6.13,0.,0.));
#7098=CARTESIAN_POINT('',(6.13,0.,0.46));
#7099=CARTESIAN_POINT('',(6.13,0.,0.));
#7100=CARTESIAN_POINT('',(6.13,0.,0.46));
#7101=CARTESIAN_POINT('',(6.13,6.13,0.));
#7102=CARTESIAN_POINT('',(6.13,6.13,0.46));
#7103=CARTESIAN_POINT('',(6.13,6.13,0.));
#7104=CARTESIAN_POINT('',(6.13,6.13,0.46));
#7105=CARTESIAN_POINT('',(0.,6.13,0.));
#7106=CARTESIAN_POINT('',(0.,6.13,0.46));
#7107=CARTESIAN_POINT('',(0.,6.13,0.));
#7108=CARTESIAN_POINT('',(0.,6.13,0.46));
#7109=CARTESIAN_POINT('',(0.,0.,0.));
#7110=CARTESIAN_POINT('',(0.,0.,0.46));
#7111=CARTESIAN_POINT('',(0.,0.,0.));
#7112=CARTESIAN_POINT('',(6.13,0.,0.));
#7113=CARTESIAN_POINT('',(0.,6.13,0.));
#7114=CARTESIAN_POINT('',(6.13,6.13,0.));
#7115=CARTESIAN_POINT('',(0.,0.,0.46));
#7116=CARTESIAN_POINT('',(0.,6.13,0.46));
#7117=CARTESIAN_POINT('',(6.13,0.,0.46));
#7118=CARTESIAN_POINT('',(6.13,6.13,0.46));
#7119=CARTESIAN_POINT('',(0.,0.,0.));
#7120=CARTESIAN_POINT('',(6.13,0.,0.));
#7121=CARTESIAN_POINT('',(6.13,0.,0.46));
#7122=CARTESIAN_POINT('',(0.,0.,0.46));
#7123=CARTESIAN_POINT('',(6.13,6.13,0.));
#7124=CARTESIAN_POINT('',(6.13,6.13,0.46));
#7125=CARTESIAN_POINT('',(0.,6.13,0.));
#7126=CARTESIAN_POINT('',(0.,6.13,0.46));
#7127=CARTESIAN_POINT('',(0.,0.,0.));
#7128=CARTESIAN_POINT('',(6.13,0.,0.));
#7129=CARTESIAN_POINT('',(0.,0.));
#7130=CARTESIAN_POINT('',(6.13,0.));
#7131=CARTESIAN_POINT('',(6.13,0.,0.));
#7132=CARTESIAN_POINT('',(6.13,0.,0.46));
#7133=CARTESIAN_POINT('',(6.13,0.));
#7134=CARTESIAN_POINT('',(6.13,0.46));
#7135=CARTESIAN_POINT('',(6.13,0.,0.46));
#7136=CARTESIAN_POINT('',(0.,0.,0.46));
#7137=CARTESIAN_POINT('',(6.13,0.46));
#7138=CARTESIAN_POINT('',(0.,0.46));
#7139=CARTESIAN_POINT('',(0.,0.,0.46));
#7140=CARTESIAN_POINT('',(0.,0.,0.));
#7141=CARTESIAN_POINT('',(0.,0.46));
#7142=CARTESIAN_POINT('',(0.,0.));
#7143=CARTESIAN_POINT('',(6.13,0.,0.));
#7144=CARTESIAN_POINT('',(6.13,6.13,0.));
#7145=CARTESIAN_POINT('',(6.13,0.));
#7146=CARTESIAN_POINT('',(12.26,0.));
#7147=CARTESIAN_POINT('',(6.13,6.13,0.));
#7148=CARTESIAN_POINT('',(6.13,6.13,0.46));
#7149=CARTESIAN_POINT('',(12.26,0.));
#7150=CARTESIAN_POINT('',(12.26,0.46));
#7151=CARTESIAN_POINT('',(6.13,6.13,0.46));
#7152=CARTESIAN_POINT('',(6.13,0.,0.46));
#7153=CARTESIAN_POINT('',(12.26,0.46));
#7154=CARTESIAN_POINT('',(6.13,0.46));
#7155=CARTESIAN_POINT('',(6.13,0.));
#7156=CARTESIAN_POINT('',(6.13,0.46));
#7157=CARTESIAN_POINT('',(6.13,6.13,0.));
#7158=CARTESIAN_POINT('',(0.,6.13,0.));
#7159=CARTESIAN_POINT('',(12.26,0.));
#7160=CARTESIAN_POINT('',(18.39,0.));
#7161=CARTESIAN_POINT('',(0.,6.13,0.));
#7162=CARTESIAN_POINT('',(0.,6.13,0.46));
#7163=CARTESIAN_POINT('',(18.39,0.));
#7164=CARTESIAN_POINT('',(18.39,0.46));
#7165=CARTESIAN_POINT('',(0.,6.13,0.46));
#7166=CARTESIAN_POINT('',(6.13,6.13,0.46));
#7167=CARTESIAN_POINT('',(18.39,0.46));
#7168=CARTESIAN_POINT('',(12.26,0.46));
#7169=CARTESIAN_POINT('',(12.26,0.));
#7170=CARTESIAN_POINT('',(12.26,0.46));
#7171=CARTESIAN_POINT('',(0.,6.13,0.));
#7172=CARTESIAN_POINT('',(0.,0.,0.));
#7173=CARTESIAN_POINT('',(18.39,0.));
#7174=CARTESIAN_POINT('',(24.52,0.));
#7175=CARTESIAN_POINT('',(24.52,0.46));
#7176=CARTESIAN_POINT('',(24.52,0.));
#7177=CARTESIAN_POINT('',(0.,0.,0.46));
#7178=CARTESIAN_POINT('',(0.,6.13,0.46));
#7179=CARTESIAN_POINT('',(24.52,0.46));
#7180=CARTESIAN_POINT('',(18.39,0.46));
#7181=CARTESIAN_POINT('',(18.39,0.));
#7182=CARTESIAN_POINT('',(18.39,0.46));
#7183=CARTESIAN_POINT('',(6.13,0.));
#7184=CARTESIAN_POINT('',(0.,0.));
#7185=CARTESIAN_POINT('',(6.13,6.13));
#7186=CARTESIAN_POINT('',(6.13,0.));
#7187=CARTESIAN_POINT('',(0.,6.13));
#7188=CARTESIAN_POINT('',(6.13,6.13));
#7189=CARTESIAN_POINT('',(0.,0.));
#7190=CARTESIAN_POINT('',(0.,6.13));
#7191=CARTESIAN_POINT('',(6.13,0.));
#7192=CARTESIAN_POINT('',(0.,0.));
#7193=CARTESIAN_POINT('',(6.13,6.13));
#7194=CARTESIAN_POINT('',(6.13,0.));
#7195=CARTESIAN_POINT('',(0.,6.13));
#7196=CARTESIAN_POINT('',(6.13,6.13));
#7197=CARTESIAN_POINT('',(0.,0.));
#7198=CARTESIAN_POINT('',(0.,6.13));
#7199=CARTESIAN_POINT('',(0.,0.,5.55111512312578E-17));
#7200=CARTESIAN_POINT('',(0.,0.,0.0900000000000001));
#7201=CARTESIAN_POINT('',(6.13,0.,5.55111512312578E-17));
#7202=CARTESIAN_POINT('',(6.13,0.,0.0900000000000001));
#7203=CARTESIAN_POINT('',(6.13,0.,5.55111512312578E-17));
#7204=CARTESIAN_POINT('',(6.13,0.,0.0900000000000001));
#7205=CARTESIAN_POINT('',(6.13,6.13,5.55111512312578E-17));
#7206=CARTESIAN_POINT('',(6.13,6.13,0.0900000000000001));
#7207=CARTESIAN_POINT('',(6.13,6.13,5.55111512312578E-17));
#7208=CARTESIAN_POINT('',(6.13,6.13,0.0900000000000001));
#7209=CARTESIAN_POINT('',(0.,6.13,5.55111512312578E-17));
#7210=CARTESIAN_POINT('',(0.,6.13,0.0900000000000001));
#7211=CARTESIAN_POINT('',(0.,6.13,5.55111512312578E-17));
#7212=CARTESIAN_POINT('',(0.,6.13,0.0900000000000001));
#7213=CARTESIAN_POINT('',(0.,0.,5.55111512312578E-17));
#7214=CARTESIAN_POINT('',(0.,0.,0.0900000000000001));
#7215=CARTESIAN_POINT('',(0.,0.,5.55111512312578E-17));
#7216=CARTESIAN_POINT('',(6.13,0.,5.55111512312578E-17));
#7217=CARTESIAN_POINT('',(0.,6.13,5.55111512312578E-17));
#7218=CARTESIAN_POINT('',(6.13,6.13,5.55111512312578E-17));
#7219=CARTESIAN_POINT('',(0.,0.,0.0900000000000001));
#7220=CARTESIAN_POINT('',(0.,6.13,0.0900000000000001));
#7221=CARTESIAN_POINT('',(6.13,0.,0.0900000000000001));
#7222=CARTESIAN_POINT('',(6.13,6.13,0.0900000000000001));
#7223=CARTESIAN_POINT('',(0.,0.,5.55111512312578E-17));
#7224=CARTESIAN_POINT('',(6.13,0.,5.55111512312578E-17));
#7225=CARTESIAN_POINT('',(6.13,0.,0.0900000000000001));
#7226=CARTESIAN_POINT('',(0.,0.,0.0900000000000001));
#7227=CARTESIAN_POINT('',(6.13,6.13,5.55111512312578E-17));
#7228=CARTESIAN_POINT('',(6.13,6.13,0.0900000000000001));
#7229=CARTESIAN_POINT('',(0.,6.13,5.55111512312578E-17));
#7230=CARTESIAN_POINT('',(0.,6.13,0.0900000000000001));
#7231=CARTESIAN_POINT('',(0.,0.,5.55111512312578E-17));
#7232=CARTESIAN_POINT('',(6.13,0.,5.55111512312578E-17));
#7233=CARTESIAN_POINT('',(0.,0.));
#7234=CARTESIAN_POINT('',(6.13,0.));
#7235=CARTESIAN_POINT('',(6.13,0.,5.55111512312578E-17));
#7236=CARTESIAN_POINT('',(6.13,0.,0.0900000000000001));
#7237=CARTESIAN_POINT('',(6.13,0.));
#7238=CARTESIAN_POINT('',(6.13,0.09));
#7239=CARTESIAN_POINT('',(6.13,0.,0.0900000000000001));
#7240=CARTESIAN_POINT('',(0.,0.,0.0900000000000001));
#7241=CARTESIAN_POINT('',(6.13,0.09));
#7242=CARTESIAN_POINT('',(0.,0.09));
#7243=CARTESIAN_POINT('',(0.,0.,0.0900000000000001));
#7244=CARTESIAN_POINT('',(0.,0.,5.55111512312578E-17));
#7245=CARTESIAN_POINT('',(0.,0.09));
#7246=CARTESIAN_POINT('',(0.,0.));
#7247=CARTESIAN_POINT('',(6.13,0.,5.55111512312578E-17));
#7248=CARTESIAN_POINT('',(6.13,6.13,5.55111512312578E-17));
#7249=CARTESIAN_POINT('',(6.13,0.));
#7250=CARTESIAN_POINT('',(12.26,0.));
#7251=CARTESIAN_POINT('',(6.13,6.13,5.55111512312578E-17));
#7252=CARTESIAN_POINT('',(6.13,6.13,0.0900000000000001));
#7253=CARTESIAN_POINT('',(12.26,0.));
#7254=CARTESIAN_POINT('',(12.26,0.09));
#7255=CARTESIAN_POINT('',(6.13,6.13,0.0900000000000001));
#7256=CARTESIAN_POINT('',(6.13,0.,0.0900000000000001));
#7257=CARTESIAN_POINT('',(12.26,0.09));
#7258=CARTESIAN_POINT('',(6.13,0.09));
#7259=CARTESIAN_POINT('',(6.13,0.));
#7260=CARTESIAN_POINT('',(6.13,0.09));
#7261=CARTESIAN_POINT('',(6.13,6.13,5.55111512312578E-17));
#7262=CARTESIAN_POINT('',(0.,6.13,5.55111512312578E-17));
#7263=CARTESIAN_POINT('',(12.26,0.));
#7264=CARTESIAN_POINT('',(18.39,0.));
#7265=CARTESIAN_POINT('',(0.,6.13,5.55111512312578E-17));
#7266=CARTESIAN_POINT('',(0.,6.13,0.0900000000000001));
#7267=CARTESIAN_POINT('',(18.39,0.));
#7268=CARTESIAN_POINT('',(18.39,0.09));
#7269=CARTESIAN_POINT('',(0.,6.13,0.0900000000000001));
#7270=CARTESIAN_POINT('',(6.13,6.13,0.0900000000000001));
#7271=CARTESIAN_POINT('',(18.39,0.09));
#7272=CARTESIAN_POINT('',(12.26,0.09));
#7273=CARTESIAN_POINT('',(12.26,0.));
#7274=CARTESIAN_POINT('',(12.26,0.09));
#7275=CARTESIAN_POINT('',(0.,6.13,5.55111512312578E-17));
#7276=CARTESIAN_POINT('',(0.,0.,5.55111512312578E-17));
#7277=CARTESIAN_POINT('',(18.39,0.));
#7278=CARTESIAN_POINT('',(24.52,0.));
#7279=CARTESIAN_POINT('',(24.52,0.09));
#7280=CARTESIAN_POINT('',(24.52,0.));
#7281=CARTESIAN_POINT('',(0.,0.,0.0900000000000001));
#7282=CARTESIAN_POINT('',(0.,6.13,0.0900000000000001));
#7283=CARTESIAN_POINT('',(24.52,0.09));
#7284=CARTESIAN_POINT('',(18.39,0.09));
#7285=CARTESIAN_POINT('',(18.39,0.));
#7286=CARTESIAN_POINT('',(18.39,0.09));
#7287=CARTESIAN_POINT('',(6.13,0.));
#7288=CARTESIAN_POINT('',(0.,0.));
#7289=CARTESIAN_POINT('',(6.13,6.13));
#7290=CARTESIAN_POINT('',(6.13,0.));
#7291=CARTESIAN_POINT('',(0.,6.13));
#7292=CARTESIAN_POINT('',(6.13,6.13));
#7293=CARTESIAN_POINT('',(0.,0.));
#7294=CARTESIAN_POINT('',(0.,6.13));
#7295=CARTESIAN_POINT('',(6.13,0.));
#7296=CARTESIAN_POINT('',(0.,0.));
#7297=CARTESIAN_POINT('',(6.13,6.13));
#7298=CARTESIAN_POINT('',(6.13,0.));
#7299=CARTESIAN_POINT('',(0.,6.13));
#7300=CARTESIAN_POINT('',(6.13,6.13));
#7301=CARTESIAN_POINT('',(0.,0.));
#7302=CARTESIAN_POINT('',(0.,6.13));
#7303=CARTESIAN_POINT('',(5.47100798851368,0.213446567725762,0.));
#7304=CARTESIAN_POINT('',(5.47100798851368,0.213446567725762,0.596083465945391));
#7305=CARTESIAN_POINT('',(5.64501205029107,0.213446567725762,0.));
#7306=CARTESIAN_POINT('',(5.64501205029107,0.213446567725762,0.596083465945391));
#7307=CARTESIAN_POINT('',(5.64501205029107,0.213446567725762,0.));
#7308=CARTESIAN_POINT('',(5.64501205029107,0.213446567725762,0.596083465945391));
#7309=CARTESIAN_POINT('',(5.64501205029107,0.472413550292902,0.));
#7310=CARTESIAN_POINT('',(5.64501205029107,0.472413550292902,0.596083465945391));
#7311=CARTESIAN_POINT('',(5.64501205029107,0.472413550292902,0.));
#7312=CARTESIAN_POINT('',(5.64501205029107,0.472413550292902,0.596083465945391));
#7313=CARTESIAN_POINT('',(5.90669784632348,0.472413550292902,0.));
#7314=CARTESIAN_POINT('',(5.90669784632348,0.472413550292902,0.596083465945391));
#7315=CARTESIAN_POINT('',(5.90669784632348,0.472413550292902,0.));
#7316=CARTESIAN_POINT('',(5.90669784632348,0.472413550292902,0.596083465945391));
#7317=CARTESIAN_POINT('',(5.90669784632348,0.651175535634524,0.));
#7318=CARTESIAN_POINT('',(5.90669784632348,0.651175535634524,0.596083465945391));
#7319=CARTESIAN_POINT('',(5.90669784632348,0.651175535634524,0.));
#7320=CARTESIAN_POINT('',(5.90669784632348,0.651175535634524,0.596083465945391));
#7321=CARTESIAN_POINT('',(5.64501205029107,0.651175535634524,0.));
#7322=CARTESIAN_POINT('',(5.64501205029107,0.651175535634524,0.596083465945391));
#7323=CARTESIAN_POINT('',(5.64501205029107,0.651175535634524,0.));
#7324=CARTESIAN_POINT('',(5.64501205029107,0.651175535634524,0.596083465945391));
#7325=CARTESIAN_POINT('',(5.64501205029107,0.910142518201665,0.));
#7326=CARTESIAN_POINT('',(5.64501205029107,0.910142518201665,0.596083465945391));
#7327=CARTESIAN_POINT('',(5.64501205029107,0.910142518201665,0.));
#7328=CARTESIAN_POINT('',(5.64501205029107,0.910142518201665,0.596083465945391));
#7329=CARTESIAN_POINT('',(5.47100798851368,0.910142518201665,0.));
#7330=CARTESIAN_POINT('',(5.47100798851368,0.910142518201665,0.596083465945391));
#7331=CARTESIAN_POINT('',(5.47100798851368,0.910142518201665,0.));
#7332=CARTESIAN_POINT('',(5.47100798851368,0.910142518201665,0.596083465945391));
#7333=CARTESIAN_POINT('',(5.47100798851368,0.651175535634524,0.));
#7334=CARTESIAN_POINT('',(5.47100798851368,0.651175535634524,0.596083465945391));
#7335=CARTESIAN_POINT('',(5.47100798851368,0.651175535634524,0.));
#7336=CARTESIAN_POINT('',(5.47100798851368,0.651175535634524,0.596083465945391));
#7337=CARTESIAN_POINT('',(5.21000189584758,0.651175535634524,0.));
#7338=CARTESIAN_POINT('',(5.21000189584758,0.651175535634524,0.596083465945391));
#7339=CARTESIAN_POINT('',(5.21000189584758,0.651175535634524,0.));
#7340=CARTESIAN_POINT('',(5.21000189584758,0.651175535634524,0.596083465945391));
#7341=CARTESIAN_POINT('',(5.21000189584758,0.472413550292902,0.));
#7342=CARTESIAN_POINT('',(5.21000189584758,0.472413550292902,0.596083465945391));
#7343=CARTESIAN_POINT('',(5.21000189584758,0.472413550292902,0.));
#7344=CARTESIAN_POINT('',(5.21000189584758,0.472413550292902,0.596083465945391));
#7345=CARTESIAN_POINT('',(5.47100798851368,0.472413550292902,0.));
#7346=CARTESIAN_POINT('',(5.47100798851368,0.472413550292902,0.596083465945391));
#7347=CARTESIAN_POINT('',(5.47100798851368,0.472413550292902,0.));
#7348=CARTESIAN_POINT('',(5.47100798851368,0.472413550292902,0.596083465945391));
#7349=CARTESIAN_POINT('',(5.47100798851368,0.213446567725762,0.));
#7350=CARTESIAN_POINT('',(5.47100798851368,0.213446567725762,0.596083465945391));
#7351=CARTESIAN_POINT('',(5.21000189584758,0.213446567725762,0.));
#7352=CARTESIAN_POINT('',(5.90669784632348,0.213446567725762,0.));
#7353=CARTESIAN_POINT('',(5.21000189584758,0.910142518201665,0.));
#7354=CARTESIAN_POINT('',(5.90669784632348,0.910142518201665,0.));
#7355=CARTESIAN_POINT('',(5.21000189584758,0.213446567725762,0.596083465945391));
#7356=CARTESIAN_POINT('',(5.21000189584758,0.910142518201665,0.596083465945391));
#7357=CARTESIAN_POINT('',(5.90669784632348,0.213446567725762,0.596083465945391));
#7358=CARTESIAN_POINT('',(5.90669784632348,0.910142518201665,0.596083465945391));
#7359=CARTESIAN_POINT('',(5.47100798851368,0.213446567725762,0.));
#7360=CARTESIAN_POINT('',(5.64501205029107,0.213446567725762,0.));
#7361=CARTESIAN_POINT('',(5.64501205029107,0.213446567725762,0.596083465945391));
#7362=CARTESIAN_POINT('',(5.47100798851368,0.213446567725762,0.596083465945391));
#7363=CARTESIAN_POINT('',(5.64501205029107,0.472413550292902,0.));
#7364=CARTESIAN_POINT('',(5.64501205029107,0.472413550292902,0.596083465945391));
#7365=CARTESIAN_POINT('',(5.90669784632348,0.472413550292902,0.));
#7366=CARTESIAN_POINT('',(5.90669784632348,0.472413550292902,0.596083465945391));
#7367=CARTESIAN_POINT('',(5.90669784632348,0.651175535634524,0.));
#7368=CARTESIAN_POINT('',(5.90669784632348,0.651175535634524,0.596083465945391));
#7369=CARTESIAN_POINT('',(5.64501205029107,0.651175535634524,0.));
#7370=CARTESIAN_POINT('',(5.64501205029107,0.651175535634524,0.596083465945391));
#7371=CARTESIAN_POINT('',(5.64501205029107,0.910142518201665,0.));
#7372=CARTESIAN_POINT('',(5.64501205029107,0.910142518201665,0.596083465945391));
#7373=CARTESIAN_POINT('',(5.47100798851368,0.910142518201665,0.));
#7374=CARTESIAN_POINT('',(5.47100798851368,0.910142518201665,0.596083465945391));
#7375=CARTESIAN_POINT('',(5.47100798851368,0.651175535634524,0.));
#7376=CARTESIAN_POINT('',(5.47100798851368,0.651175535634524,0.596083465945391));
#7377=CARTESIAN_POINT('',(5.21000189584758,0.651175535634524,0.));
#7378=CARTESIAN_POINT('',(5.21000189584758,0.651175535634524,0.596083465945391));
#7379=CARTESIAN_POINT('',(5.21000189584758,0.472413550292902,0.));
#7380=CARTESIAN_POINT('',(5.21000189584758,0.472413550292902,0.596083465945391));
#7381=CARTESIAN_POINT('',(5.47100798851368,0.472413550292902,0.));
#7382=CARTESIAN_POINT('',(5.47100798851368,0.472413550292902,0.596083465945391));
#7383=CARTESIAN_POINT('',(5.47100798851368,0.213446567725762,0.));
#7384=CARTESIAN_POINT('',(5.64501205029107,0.213446567725762,0.));
#7385=CARTESIAN_POINT('',(-12.,0.));
#7386=CARTESIAN_POINT('',(-11.,0.));
#7387=CARTESIAN_POINT('',(5.64501205029107,0.213446567725762,0.));
#7388=CARTESIAN_POINT('',(5.64501205029107,0.213446567725762,0.596083465945391));
#7389=CARTESIAN_POINT('',(-11.,0.));
#7390=CARTESIAN_POINT('',(-11.,0.596083465945391));
#7391=CARTESIAN_POINT('',(5.64501205029107,0.213446567725762,0.596083465945391));
#7392=CARTESIAN_POINT('',(5.47100798851368,0.213446567725762,0.596083465945391));
#7393=CARTESIAN_POINT('',(-11.,0.596083465945391));
#7394=CARTESIAN_POINT('',(-12.,0.596083465945391));
#7395=CARTESIAN_POINT('',(5.47100798851368,0.213446567725762,0.596083465945391));
#7396=CARTESIAN_POINT('',(5.47100798851368,0.213446567725762,0.));
#7397=CARTESIAN_POINT('',(-12.,0.596083465945391));
#7398=CARTESIAN_POINT('',(-12.,0.));
#7399=CARTESIAN_POINT('',(5.64501205029107,0.213446567725762,0.));
#7400=CARTESIAN_POINT('',(5.64501205029107,0.472413550292902,0.));
#7401=CARTESIAN_POINT('',(-11.,0.));
#7402=CARTESIAN_POINT('',(-10.,0.));
#7403=CARTESIAN_POINT('',(5.64501205029107,0.472413550292902,0.));
#7404=CARTESIAN_POINT('',(5.64501205029107,0.472413550292902,0.596083465945391));
#7405=CARTESIAN_POINT('',(-10.,0.));
#7406=CARTESIAN_POINT('',(-10.,0.596083465945391));
#7407=CARTESIAN_POINT('',(5.64501205029107,0.472413550292902,0.596083465945391));
#7408=CARTESIAN_POINT('',(5.64501205029107,0.213446567725762,0.596083465945391));
#7409=CARTESIAN_POINT('',(-10.,0.596083465945391));
#7410=CARTESIAN_POINT('',(-11.,0.596083465945391));
#7411=CARTESIAN_POINT('',(-11.,0.));
#7412=CARTESIAN_POINT('',(-11.,0.596083465945391));
#7413=CARTESIAN_POINT('',(5.64501205029107,0.472413550292902,0.));
#7414=CARTESIAN_POINT('',(5.90669784632348,0.472413550292902,0.));
#7415=CARTESIAN_POINT('',(-10.,0.));
#7416=CARTESIAN_POINT('',(-9.,0.));
#7417=CARTESIAN_POINT('',(5.90669784632348,0.472413550292902,0.));
#7418=CARTESIAN_POINT('',(5.90669784632348,0.472413550292902,0.596083465945391));
#7419=CARTESIAN_POINT('',(-9.,0.));
#7420=CARTESIAN_POINT('',(-9.,0.596083465945391));
#7421=CARTESIAN_POINT('',(5.90669784632348,0.472413550292902,0.596083465945391));
#7422=CARTESIAN_POINT('',(5.64501205029107,0.472413550292902,0.596083465945391));
#7423=CARTESIAN_POINT('',(-9.,0.596083465945391));
#7424=CARTESIAN_POINT('',(-10.,0.596083465945391));
#7425=CARTESIAN_POINT('',(-10.,0.));
#7426=CARTESIAN_POINT('',(-10.,0.596083465945391));
#7427=CARTESIAN_POINT('',(5.90669784632348,0.472413550292902,0.));
#7428=CARTESIAN_POINT('',(5.90669784632348,0.651175535634524,0.));
#7429=CARTESIAN_POINT('',(-9.,0.));
#7430=CARTESIAN_POINT('',(-8.,0.));
#7431=CARTESIAN_POINT('',(5.90669784632348,0.651175535634524,0.));
#7432=CARTESIAN_POINT('',(5.90669784632348,0.651175535634524,0.596083465945391));
#7433=CARTESIAN_POINT('',(-8.,0.));
#7434=CARTESIAN_POINT('',(-8.,0.596083465945391));
#7435=CARTESIAN_POINT('',(5.90669784632348,0.651175535634524,0.596083465945391));
#7436=CARTESIAN_POINT('',(5.90669784632348,0.472413550292902,0.596083465945391));
#7437=CARTESIAN_POINT('',(-8.,0.596083465945391));
#7438=CARTESIAN_POINT('',(-9.,0.596083465945391));
#7439=CARTESIAN_POINT('',(-9.,0.));
#7440=CARTESIAN_POINT('',(-9.,0.596083465945391));
#7441=CARTESIAN_POINT('',(5.90669784632348,0.651175535634524,0.));
#7442=CARTESIAN_POINT('',(5.64501205029107,0.651175535634524,0.));
#7443=CARTESIAN_POINT('',(-8.,0.));
#7444=CARTESIAN_POINT('',(-7.,0.));
#7445=CARTESIAN_POINT('',(5.64501205029107,0.651175535634524,0.));
#7446=CARTESIAN_POINT('',(5.64501205029107,0.651175535634524,0.596083465945391));
#7447=CARTESIAN_POINT('',(-7.,0.));
#7448=CARTESIAN_POINT('',(-7.,0.596083465945391));
#7449=CARTESIAN_POINT('',(5.64501205029107,0.651175535634524,0.596083465945391));
#7450=CARTESIAN_POINT('',(5.90669784632348,0.651175535634524,0.596083465945391));
#7451=CARTESIAN_POINT('',(-7.,0.596083465945391));
#7452=CARTESIAN_POINT('',(-8.,0.596083465945391));
#7453=CARTESIAN_POINT('',(-8.,0.));
#7454=CARTESIAN_POINT('',(-8.,0.596083465945391));
#7455=CARTESIAN_POINT('',(5.64501205029107,0.651175535634524,0.));
#7456=CARTESIAN_POINT('',(5.64501205029107,0.910142518201665,0.));
#7457=CARTESIAN_POINT('',(-7.,0.));
#7458=CARTESIAN_POINT('',(-6.,0.));
#7459=CARTESIAN_POINT('',(5.64501205029107,0.910142518201665,0.));
#7460=CARTESIAN_POINT('',(5.64501205029107,0.910142518201665,0.596083465945391));
#7461=CARTESIAN_POINT('',(-6.,0.));
#7462=CARTESIAN_POINT('',(-6.,0.596083465945391));
#7463=CARTESIAN_POINT('',(5.64501205029107,0.910142518201665,0.596083465945391));
#7464=CARTESIAN_POINT('',(5.64501205029107,0.651175535634524,0.596083465945391));
#7465=CARTESIAN_POINT('',(-6.,0.596083465945391));
#7466=CARTESIAN_POINT('',(-7.,0.596083465945391));
#7467=CARTESIAN_POINT('',(-7.,0.));
#7468=CARTESIAN_POINT('',(-7.,0.596083465945391));
#7469=CARTESIAN_POINT('',(5.64501205029107,0.910142518201665,0.));
#7470=CARTESIAN_POINT('',(5.47100798851368,0.910142518201665,0.));
#7471=CARTESIAN_POINT('',(-6.,0.));
#7472=CARTESIAN_POINT('',(-5.,0.));
#7473=CARTESIAN_POINT('',(5.47100798851368,0.910142518201665,0.));
#7474=CARTESIAN_POINT('',(5.47100798851368,0.910142518201665,0.596083465945391));
#7475=CARTESIAN_POINT('',(-5.,0.));
#7476=CARTESIAN_POINT('',(-5.,0.596083465945391));
#7477=CARTESIAN_POINT('',(5.47100798851368,0.910142518201665,0.596083465945391));
#7478=CARTESIAN_POINT('',(5.64501205029107,0.910142518201665,0.596083465945391));
#7479=CARTESIAN_POINT('',(-5.,0.596083465945391));
#7480=CARTESIAN_POINT('',(-6.,0.596083465945391));
#7481=CARTESIAN_POINT('',(-6.,0.));
#7482=CARTESIAN_POINT('',(-6.,0.596083465945391));
#7483=CARTESIAN_POINT('',(5.47100798851368,0.910142518201665,0.));
#7484=CARTESIAN_POINT('',(5.47100798851368,0.651175535634524,0.));
#7485=CARTESIAN_POINT('',(-5.,0.));
#7486=CARTESIAN_POINT('',(-4.,0.));
#7487=CARTESIAN_POINT('',(5.47100798851368,0.651175535634524,0.));
#7488=CARTESIAN_POINT('',(5.47100798851368,0.651175535634524,0.596083465945391));
#7489=CARTESIAN_POINT('',(-4.,0.));
#7490=CARTESIAN_POINT('',(-4.,0.596083465945391));
#7491=CARTESIAN_POINT('',(5.47100798851368,0.651175535634524,0.596083465945391));
#7492=CARTESIAN_POINT('',(5.47100798851368,0.910142518201665,0.596083465945391));
#7493=CARTESIAN_POINT('',(-4.,0.596083465945391));
#7494=CARTESIAN_POINT('',(-5.,0.596083465945391));
#7495=CARTESIAN_POINT('',(-5.,0.));
#7496=CARTESIAN_POINT('',(-5.,0.596083465945391));
#7497=CARTESIAN_POINT('',(5.47100798851368,0.651175535634524,0.));
#7498=CARTESIAN_POINT('',(5.21000189584758,0.651175535634524,0.));
#7499=CARTESIAN_POINT('',(-4.,0.));
#7500=CARTESIAN_POINT('',(-3.,0.));
#7501=CARTESIAN_POINT('',(5.21000189584758,0.651175535634524,0.));
#7502=CARTESIAN_POINT('',(5.21000189584758,0.651175535634524,0.596083465945391));
#7503=CARTESIAN_POINT('',(-3.,0.));
#7504=CARTESIAN_POINT('',(-3.,0.596083465945391));
#7505=CARTESIAN_POINT('',(5.21000189584758,0.651175535634524,0.596083465945391));
#7506=CARTESIAN_POINT('',(5.47100798851368,0.651175535634524,0.596083465945391));
#7507=CARTESIAN_POINT('',(-3.,0.596083465945391));
#7508=CARTESIAN_POINT('',(-4.,0.596083465945391));
#7509=CARTESIAN_POINT('',(-4.,0.));
#7510=CARTESIAN_POINT('',(-4.,0.596083465945391));
#7511=CARTESIAN_POINT('',(5.21000189584758,0.651175535634524,0.));
#7512=CARTESIAN_POINT('',(5.21000189584758,0.472413550292902,0.));
#7513=CARTESIAN_POINT('',(-3.,0.));
#7514=CARTESIAN_POINT('',(-2.,0.));
#7515=CARTESIAN_POINT('',(5.21000189584758,0.472413550292902,0.));
#7516=CARTESIAN_POINT('',(5.21000189584758,0.472413550292902,0.596083465945391));
#7517=CARTESIAN_POINT('',(-2.,0.));
#7518=CARTESIAN_POINT('',(-2.,0.596083465945391));
#7519=CARTESIAN_POINT('',(5.21000189584758,0.472413550292902,0.596083465945391));
#7520=CARTESIAN_POINT('',(5.21000189584758,0.651175535634524,0.596083465945391));
#7521=CARTESIAN_POINT('',(-2.,0.596083465945391));
#7522=CARTESIAN_POINT('',(-3.,0.596083465945391));
#7523=CARTESIAN_POINT('',(-3.,0.));
#7524=CARTESIAN_POINT('',(-3.,0.596083465945391));
#7525=CARTESIAN_POINT('',(5.21000189584758,0.472413550292902,0.));
#7526=CARTESIAN_POINT('',(5.47100798851368,0.472413550292902,0.));
#7527=CARTESIAN_POINT('',(-2.,0.));
#7528=CARTESIAN_POINT('',(-1.,0.));
#7529=CARTESIAN_POINT('',(5.47100798851368,0.472413550292902,0.));
#7530=CARTESIAN_POINT('',(5.47100798851368,0.472413550292902,0.596083465945391));
#7531=CARTESIAN_POINT('',(-1.,0.));
#7532=CARTESIAN_POINT('',(-1.,0.596083465945391));
#7533=CARTESIAN_POINT('',(5.47100798851368,0.472413550292902,0.596083465945391));
#7534=CARTESIAN_POINT('',(5.21000189584758,0.472413550292902,0.596083465945391));
#7535=CARTESIAN_POINT('',(-1.,0.596083465945391));
#7536=CARTESIAN_POINT('',(-2.,0.596083465945391));
#7537=CARTESIAN_POINT('',(-2.,0.));
#7538=CARTESIAN_POINT('',(-2.,0.596083465945391));
#7539=CARTESIAN_POINT('',(5.47100798851368,0.472413550292902,0.));
#7540=CARTESIAN_POINT('',(5.47100798851368,0.213446567725762,0.));
#7541=CARTESIAN_POINT('',(-1.,0.));
#7542=CARTESIAN_POINT('',(0.,0.));
#7543=CARTESIAN_POINT('',(0.,0.596083465945391));
#7544=CARTESIAN_POINT('',(0.,0.));
#7545=CARTESIAN_POINT('',(5.47100798851368,0.213446567725762,0.596083465945391));
#7546=CARTESIAN_POINT('',(5.47100798851368,0.472413550292902,0.596083465945391));
#7547=CARTESIAN_POINT('',(0.,0.596083465945391));
#7548=CARTESIAN_POINT('',(-1.,0.596083465945391));
#7549=CARTESIAN_POINT('',(-1.,0.));
#7550=CARTESIAN_POINT('',(-1.,0.596083465945391));
#7551=CARTESIAN_POINT('',(0.258966982567141,0.));
#7552=CARTESIAN_POINT('',(0.,0.));
#7553=CARTESIAN_POINT('',(0.258966982567141,-0.261006092666094));
#7554=CARTESIAN_POINT('',(0.258966982567141,0.));
#7555=CARTESIAN_POINT('',(0.437728967908763,-0.261006092666094));
#7556=CARTESIAN_POINT('',(0.258966982567141,-0.261006092666094));
#7557=CARTESIAN_POINT('',(0.437728967908763,0.));
#7558=CARTESIAN_POINT('',(0.437728967908763,-0.261006092666094));
#7559=CARTESIAN_POINT('',(0.696695950475903,0.));
#7560=CARTESIAN_POINT('',(0.437728967908763,0.));
#7561=CARTESIAN_POINT('',(0.696695950475903,0.174004061777396));
#7562=CARTESIAN_POINT('',(0.696695950475903,0.));
#7563=CARTESIAN_POINT('',(0.437728967908763,0.174004061777396));
#7564=CARTESIAN_POINT('',(0.696695950475903,0.174004061777396));
#7565=CARTESIAN_POINT('',(0.437728967908763,0.435689857809808));
#7566=CARTESIAN_POINT('',(0.437728967908763,0.174004061777396));
#7567=CARTESIAN_POINT('',(0.258966982567141,0.435689857809808));
#7568=CARTESIAN_POINT('',(0.437728967908763,0.435689857809808));
#7569=CARTESIAN_POINT('',(0.258966982567141,0.174004061777396));
#7570=CARTESIAN_POINT('',(0.258966982567141,0.435689857809808));
#7571=CARTESIAN_POINT('',(0.,0.174004061777396));
#7572=CARTESIAN_POINT('',(0.258966982567141,0.174004061777396));
#7573=CARTESIAN_POINT('',(0.,0.));
#7574=CARTESIAN_POINT('',(0.,0.174004061777396));
#7575=CARTESIAN_POINT('',(0.174004061777396,0.));
#7576=CARTESIAN_POINT('',(0.,0.));
#7577=CARTESIAN_POINT('',(0.174004061777396,0.258966982567141));
#7578=CARTESIAN_POINT('',(0.174004061777396,0.));
#7579=CARTESIAN_POINT('',(0.435689857809808,0.258966982567141));
#7580=CARTESIAN_POINT('',(0.174004061777396,0.258966982567141));
#7581=CARTESIAN_POINT('',(0.435689857809808,0.437728967908763));
#7582=CARTESIAN_POINT('',(0.435689857809808,0.258966982567141));
#7583=CARTESIAN_POINT('',(0.174004061777396,0.437728967908763));
#7584=CARTESIAN_POINT('',(0.435689857809808,0.437728967908763));
#7585=CARTESIAN_POINT('',(0.174004061777396,0.696695950475903));
#7586=CARTESIAN_POINT('',(0.174004061777396,0.437728967908763));
#7587=CARTESIAN_POINT('',(0.,0.696695950475903));
#7588=CARTESIAN_POINT('',(0.174004061777396,0.696695950475903));
#7589=CARTESIAN_POINT('',(0.,0.437728967908763));
#7590=CARTESIAN_POINT('',(0.,0.696695950475903));
#7591=CARTESIAN_POINT('',(-0.261006092666094,0.437728967908763));
#7592=CARTESIAN_POINT('',(0.,0.437728967908763));
#7593=CARTESIAN_POINT('',(-0.261006092666094,0.258966982567141));
#7594=CARTESIAN_POINT('',(-0.261006092666094,0.437728967908763));
#7595=CARTESIAN_POINT('',(0.,0.258966982567141));
#7596=CARTESIAN_POINT('',(-0.261006092666094,0.258966982567141));
#7597=CARTESIAN_POINT('',(0.,0.));
#7598=CARTESIAN_POINT('',(0.,0.258966982567141));
#7599=CARTESIAN_POINT('',(0.,0.,0.));
#7600=(
GEOMETRIC_REPRESENTATION_CONTEXT(2)
PARAMETRIC_REPRESENTATION_CONTEXT()
REPRESENTATION_CONTEXT('pspace','')
);
ENDSEC;
END-ISO-10303-21;
