ISO-10303-21;
HEADER;
/* Generated by software containing ST-Developer
 * from STEP Tools, Inc. (www.steptools.com) 
 */
/* OPTION: strings as raw bytes, not using required /X/ escapes */

FILE_DESCRIPTION(
/* description */ ('Unknown'),
/* implementation_level */ '2;1');

FILE_NAME(
/* name */ '626008210201',
/* time_stamp */ '2023-11-15T08:59:00+01:00',
/* author */ ('Unknown'),
/* organization */ ('Unknown'),
/* preprocessor_version */ 'ST-DEVELOPER v18.102',
/* originating_system */ 'Solid Edge',
/* authorisation */ 'Unknown');

FILE_SCHEMA (('AUTOMOTIVE_DESIGN {1 0 10303 214 3 1 1}'));
ENDSEC;

DATA;
#10=PROPERTY_DEFINITION_REPRESENTATION(#14,#12);
#11=PROPERTY_DEFINITION_REPRESENTATION(#15,#13);
#12=REPRESENTATION('',(#16),#6875);
#13=REPRESENTATION('',(#17),#6875);
#14=PROPERTY_DEFINITION('pmi validation property','',#6886);
#15=PROPERTY_DEFINITION('pmi validation property','',#6886);
#16=VALUE_REPRESENTATION_ITEM('number of annotations',COUNT_MEASURE(0.));
#17=VALUE_REPRESENTATION_ITEM('number of views',COUNT_MEASURE(0.));
#18=COLOUR_RGB('',0.645180702209473,0.678915679454803,0.699999988079071);
#19=CONTEXT_DEPENDENT_SHAPE_REPRESENTATION(#37,#6888);
#20=CONTEXT_DEPENDENT_SHAPE_REPRESENTATION(#38,#6890);
#21=CONTEXT_DEPENDENT_SHAPE_REPRESENTATION(#39,#6892);
#22=CONTEXT_DEPENDENT_SHAPE_REPRESENTATION(#40,#6893);
#23=CONTEXT_DEPENDENT_SHAPE_REPRESENTATION(#41,#6894);
#24=CONTEXT_DEPENDENT_SHAPE_REPRESENTATION(#42,#6895);
#25=CONTEXT_DEPENDENT_SHAPE_REPRESENTATION(#43,#6896);
#26=CONTEXT_DEPENDENT_SHAPE_REPRESENTATION(#44,#6897);
#27=CONTEXT_DEPENDENT_SHAPE_REPRESENTATION(#45,#6898);
#28=NEXT_ASSEMBLY_USAGE_OCCURRENCE('626008210201','626008210201',
'626008210201',#6899,#6900,'');
#29=NEXT_ASSEMBLY_USAGE_OCCURRENCE('6260xx210201_Pin short',
'6260xx210201_Pin short','6260xx210201_Pin short',#6899,#6901,'');
#30=NEXT_ASSEMBLY_USAGE_OCCURRENCE('6260xx210201_Pin long',
'6260xx210201_Pin long','6260xx210201_Pin long',#6899,#6902,'');
#31=NEXT_ASSEMBLY_USAGE_OCCURRENCE('6260xx210201_Pin long',
'6260xx210201_Pin long','6260xx210201_Pin long',#6899,#6902,'');
#32=NEXT_ASSEMBLY_USAGE_OCCURRENCE('6260xx210201_Pin short',
'6260xx210201_Pin short','6260xx210201_Pin short',#6899,#6901,'');
#33=NEXT_ASSEMBLY_USAGE_OCCURRENCE('6260xx210201_Pin long',
'6260xx210201_Pin long','6260xx210201_Pin long',#6899,#6902,'');
#34=NEXT_ASSEMBLY_USAGE_OCCURRENCE('6260xx210201_Pin short',
'6260xx210201_Pin short','6260xx210201_Pin short',#6899,#6901,'');
#35=NEXT_ASSEMBLY_USAGE_OCCURRENCE('6260xx210201_Pin long',
'6260xx210201_Pin long','6260xx210201_Pin long',#6899,#6902,'');
#36=NEXT_ASSEMBLY_USAGE_OCCURRENCE('6260xx210201_Pin short',
'6260xx210201_Pin short','6260xx210201_Pin short',#6899,#6901,'');
#37=(
REPRESENTATION_RELATIONSHIP(' ',' ',#4259,#4260)
REPRESENTATION_RELATIONSHIP_WITH_TRANSFORMATION(#46)
SHAPE_REPRESENTATION_RELATIONSHIP()
);
#38=(
REPRESENTATION_RELATIONSHIP(' ',' ',#4261,#4260)
REPRESENTATION_RELATIONSHIP_WITH_TRANSFORMATION(#47)
SHAPE_REPRESENTATION_RELATIONSHIP()
);
#39=(
REPRESENTATION_RELATIONSHIP(' ',' ',#4262,#4260)
REPRESENTATION_RELATIONSHIP_WITH_TRANSFORMATION(#48)
SHAPE_REPRESENTATION_RELATIONSHIP()
);
#40=(
REPRESENTATION_RELATIONSHIP(' ',' ',#4262,#4260)
REPRESENTATION_RELATIONSHIP_WITH_TRANSFORMATION(#49)
SHAPE_REPRESENTATION_RELATIONSHIP()
);
#41=(
REPRESENTATION_RELATIONSHIP(' ',' ',#4261,#4260)
REPRESENTATION_RELATIONSHIP_WITH_TRANSFORMATION(#50)
SHAPE_REPRESENTATION_RELATIONSHIP()
);
#42=(
REPRESENTATION_RELATIONSHIP(' ',' ',#4262,#4260)
REPRESENTATION_RELATIONSHIP_WITH_TRANSFORMATION(#51)
SHAPE_REPRESENTATION_RELATIONSHIP()
);
#43=(
REPRESENTATION_RELATIONSHIP(' ',' ',#4261,#4260)
REPRESENTATION_RELATIONSHIP_WITH_TRANSFORMATION(#52)
SHAPE_REPRESENTATION_RELATIONSHIP()
);
#44=(
REPRESENTATION_RELATIONSHIP(' ',' ',#4262,#4260)
REPRESENTATION_RELATIONSHIP_WITH_TRANSFORMATION(#53)
SHAPE_REPRESENTATION_RELATIONSHIP()
);
#45=(
REPRESENTATION_RELATIONSHIP(' ',' ',#4261,#4260)
REPRESENTATION_RELATIONSHIP_WITH_TRANSFORMATION(#54)
SHAPE_REPRESENTATION_RELATIONSHIP()
);
#46=ITEM_DEFINED_TRANSFORMATION(' ',' ',#4263,#4499);
#47=ITEM_DEFINED_TRANSFORMATION(' ',' ',#4263,#4522);
#48=ITEM_DEFINED_TRANSFORMATION(' ',' ',#4263,#4545);
#49=ITEM_DEFINED_TRANSFORMATION(' ',' ',#4263,#4546);
#50=ITEM_DEFINED_TRANSFORMATION(' ',' ',#4263,#4547);
#51=ITEM_DEFINED_TRANSFORMATION(' ',' ',#4263,#4548);
#52=ITEM_DEFINED_TRANSFORMATION(' ',' ',#4263,#4549);
#53=ITEM_DEFINED_TRANSFORMATION(' ',' ',#4263,#4550);
#54=ITEM_DEFINED_TRANSFORMATION(' ',' ',#4263,#4551);
#55=SHAPE_REPRESENTATION_RELATIONSHIP('','',#4259,#58);
#56=SHAPE_REPRESENTATION_RELATIONSHIP('','',#4261,#59);
#57=SHAPE_REPRESENTATION_RELATIONSHIP('','',#4262,#60);
#58=ADVANCED_BREP_SHAPE_REPRESENTATION('',(#4252),#6876);
#59=ADVANCED_BREP_SHAPE_REPRESENTATION('',(#4253),#6877);
#60=ADVANCED_BREP_SHAPE_REPRESENTATION('',(#4254),#6878);
#61=CONICAL_SURFACE('',#4316,0.65,0.358770670270572);
#62=CONICAL_SURFACE('',#4317,0.65,0.358770670270571);
#63=CONICAL_SURFACE('',#4318,0.65,0.358770670270571);
#64=CONICAL_SURFACE('',#4319,0.65,0.358770670270571);
#65=CONICAL_SURFACE('',#4329,0.65,0.358770670270572);
#66=CONICAL_SURFACE('',#4332,0.65,0.358770670270571);
#67=CONICAL_SURFACE('',#4335,0.65,0.358770670270571);
#68=CONICAL_SURFACE('',#4344,0.65,0.358770670270571);
#69=B_SPLINE_CURVE_WITH_KNOTS('',3,(#5992,#5993,#5994,#5995),
 .UNSPECIFIED.,.F.,.F.,(4,4),(0.,0.000429391237264713),.UNSPECIFIED.);
#70=B_SPLINE_CURVE_WITH_KNOTS('',3,(#6005,#6006,#6007,#6008),
 .UNSPECIFIED.,.F.,.F.,(4,4),(0.,0.000429391237264713),.UNSPECIFIED.);
#71=B_SPLINE_CURVE_WITH_KNOTS('',3,(#6018,#6019,#6020,#6021),
 .UNSPECIFIED.,.F.,.F.,(4,4),(0.,0.000429391237264713),.UNSPECIFIED.);
#72=B_SPLINE_CURVE_WITH_KNOTS('',3,(#6031,#6032,#6033,#6034),
 .UNSPECIFIED.,.F.,.F.,(4,4),(0.,0.000429391237264713),.UNSPECIFIED.);
#73=B_SPLINE_CURVE_WITH_KNOTS('',3,(#6044,#6045,#6046,#6047),
 .UNSPECIFIED.,.F.,.F.,(4,4),(0.,0.000429391237264713),.UNSPECIFIED.);
#74=B_SPLINE_CURVE_WITH_KNOTS('',3,(#6057,#6058,#6059,#6060),
 .UNSPECIFIED.,.F.,.F.,(4,4),(0.,0.000429391237264712),.UNSPECIFIED.);
#75=B_SPLINE_CURVE_WITH_KNOTS('',3,(#6070,#6071,#6072,#6073),
 .UNSPECIFIED.,.F.,.F.,(4,4),(0.,0.000429391237264713),.UNSPECIFIED.);
#76=B_SPLINE_CURVE_WITH_KNOTS('',3,(#6081,#6082,#6083,#6084),
 .UNSPECIFIED.,.F.,.F.,(4,4),(0.,0.000429391237264713),.UNSPECIFIED.);
#77=B_SPLINE_CURVE_WITH_KNOTS('',3,(#6135,#6136,#6137,#6138),
 .UNSPECIFIED.,.F.,.F.,(4,4),(0.,0.000429391237264713),.UNSPECIFIED.);
#78=B_SPLINE_CURVE_WITH_KNOTS('',3,(#6143,#6144,#6145,#6146),
 .UNSPECIFIED.,.F.,.F.,(4,4),(0.,0.000429391237264713),.UNSPECIFIED.);
#79=B_SPLINE_CURVE_WITH_KNOTS('',3,(#6150,#6151,#6152,#6153),
 .UNSPECIFIED.,.F.,.F.,(4,4),(0.,0.000429391237264713),.UNSPECIFIED.);
#80=B_SPLINE_CURVE_WITH_KNOTS('',3,(#6158,#6159,#6160,#6161),
 .UNSPECIFIED.,.F.,.F.,(4,4),(0.,0.000429391237264713),.UNSPECIFIED.);
#81=B_SPLINE_CURVE_WITH_KNOTS('',3,(#6165,#6166,#6167,#6168),
 .UNSPECIFIED.,.F.,.F.,(4,4),(0.,0.000429391237264712),.UNSPECIFIED.);
#82=B_SPLINE_CURVE_WITH_KNOTS('',3,(#6173,#6174,#6175,#6176),
 .UNSPECIFIED.,.F.,.F.,(4,4),(0.,0.000429391237264713),.UNSPECIFIED.);
#83=B_SPLINE_CURVE_WITH_KNOTS('',3,(#6204,#6205,#6206,#6207),
 .UNSPECIFIED.,.F.,.F.,(4,4),(0.,0.000429391237264713),.UNSPECIFIED.);
#84=B_SPLINE_CURVE_WITH_KNOTS('',3,(#6211,#6212,#6213,#6214),
 .UNSPECIFIED.,.F.,.F.,(4,4),(0.,0.000429391237264713),.UNSPECIFIED.);
#85=CYLINDRICAL_SURFACE('',#4287,0.8);
#86=CYLINDRICAL_SURFACE('',#4290,0.1);
#87=CYLINDRICAL_SURFACE('',#4293,0.8);
#88=CYLINDRICAL_SURFACE('',#4296,0.1);
#89=CYLINDRICAL_SURFACE('',#4299,0.8);
#90=CYLINDRICAL_SURFACE('',#4302,0.1);
#91=CYLINDRICAL_SURFACE('',#4305,0.8);
#92=CYLINDRICAL_SURFACE('',#4308,0.1);
#93=CYLINDRICAL_SURFACE('',#4324,0.751407788876308);
#94=CYLINDRICAL_SURFACE('',#4353,0.1);
#95=CYLINDRICAL_SURFACE('',#4355,0.8);
#96=CYLINDRICAL_SURFACE('',#4357,0.1);
#97=CYLINDRICAL_SURFACE('',#4359,0.8);
#98=CYLINDRICAL_SURFACE('',#4361,0.1);
#99=CYLINDRICAL_SURFACE('',#4363,0.8);
#100=CYLINDRICAL_SURFACE('',#4365,0.1);
#101=CYLINDRICAL_SURFACE('',#4367,0.8);
#102=CYLINDRICAL_SURFACE('',#4502,0.94);
#103=CYLINDRICAL_SURFACE('',#4508,0.299999999999999);
#104=CYLINDRICAL_SURFACE('',#4525,0.94);
#105=CYLINDRICAL_SURFACE('',#4531,0.299999999999999);
#106=CIRCLE('',#4270,0.8);
#107=CIRCLE('',#4271,0.1);
#108=CIRCLE('',#4272,0.8);
#109=CIRCLE('',#4273,0.1);
#110=CIRCLE('',#4274,0.8);
#111=CIRCLE('',#4275,0.1);
#112=CIRCLE('',#4276,0.8);
#113=CIRCLE('',#4277,0.1);
#114=CIRCLE('',#4278,0.8);
#115=CIRCLE('',#4279,0.1);
#116=CIRCLE('',#4280,0.8);
#117=CIRCLE('',#4281,0.1);
#118=CIRCLE('',#4282,0.8);
#119=CIRCLE('',#4283,0.1);
#120=CIRCLE('',#4284,0.8);
#121=CIRCLE('',#4285,0.1);
#122=CIRCLE('',#4288,0.8);
#123=CIRCLE('',#4291,0.1);
#124=CIRCLE('',#4294,0.8);
#125=CIRCLE('',#4297,0.1);
#126=CIRCLE('',#4300,0.8);
#127=CIRCLE('',#4303,0.1);
#128=CIRCLE('',#4306,0.8);
#129=CIRCLE('',#4309,0.1);
#130=CIRCLE('',#4312,0.65);
#131=CIRCLE('',#4313,0.650000000000001);
#132=CIRCLE('',#4314,0.650000000000001);
#133=CIRCLE('',#4315,0.65);
#134=CIRCLE('',#4323,0.751407788876308);
#135=CIRCLE('',#4325,0.751407788876308);
#136=CIRCLE('',#4330,0.8);
#137=CIRCLE('',#4331,0.65);
#138=CIRCLE('',#4333,0.8);
#139=CIRCLE('',#4334,0.650000000000001);
#140=CIRCLE('',#4336,0.8);
#141=CIRCLE('',#4337,0.650000000000001);
#142=CIRCLE('',#4339,0.1);
#143=CIRCLE('',#4340,0.65);
#144=CIRCLE('',#4341,0.1);
#145=CIRCLE('',#4342,0.1);
#146=CIRCLE('',#4343,0.1);
#147=CIRCLE('',#4345,0.8);
#148=CIRCLE('',#4503,0.94);
#149=CIRCLE('',#4504,0.94);
#150=CIRCLE('',#4509,0.299999999999999);
#151=CIRCLE('',#4510,0.299999999999999);
#152=CIRCLE('',#4526,0.94);
#153=CIRCLE('',#4527,0.94);
#154=CIRCLE('',#4532,0.299999999999999);
#155=CIRCLE('',#4533,0.299999999999999);
#156=ORIENTED_EDGE('',*,*,#1310,.T.);
#157=ORIENTED_EDGE('',*,*,#1311,.T.);
#158=ORIENTED_EDGE('',*,*,#1312,.T.);
#159=ORIENTED_EDGE('',*,*,#1313,.T.);
#160=ORIENTED_EDGE('',*,*,#1314,.T.);
#161=ORIENTED_EDGE('',*,*,#1315,.T.);
#162=ORIENTED_EDGE('',*,*,#1316,.T.);
#163=ORIENTED_EDGE('',*,*,#1317,.T.);
#164=ORIENTED_EDGE('',*,*,#1318,.T.);
#165=ORIENTED_EDGE('',*,*,#1319,.T.);
#166=ORIENTED_EDGE('',*,*,#1320,.T.);
#167=ORIENTED_EDGE('',*,*,#1321,.T.);
#168=ORIENTED_EDGE('',*,*,#1322,.F.);
#169=ORIENTED_EDGE('',*,*,#1323,.T.);
#170=ORIENTED_EDGE('',*,*,#1324,.T.);
#171=ORIENTED_EDGE('',*,*,#1325,.T.);
#172=ORIENTED_EDGE('',*,*,#1326,.T.);
#173=ORIENTED_EDGE('',*,*,#1327,.T.);
#174=ORIENTED_EDGE('',*,*,#1328,.T.);
#175=ORIENTED_EDGE('',*,*,#1329,.T.);
#176=ORIENTED_EDGE('',*,*,#1330,.T.);
#177=ORIENTED_EDGE('',*,*,#1331,.T.);
#178=ORIENTED_EDGE('',*,*,#1332,.T.);
#179=ORIENTED_EDGE('',*,*,#1333,.T.);
#180=ORIENTED_EDGE('',*,*,#1334,.F.);
#181=ORIENTED_EDGE('',*,*,#1335,.F.);
#182=ORIENTED_EDGE('',*,*,#1336,.F.);
#183=ORIENTED_EDGE('',*,*,#1337,.F.);
#184=ORIENTED_EDGE('',*,*,#1338,.F.);
#185=ORIENTED_EDGE('',*,*,#1339,.F.);
#186=ORIENTED_EDGE('',*,*,#1340,.F.);
#187=ORIENTED_EDGE('',*,*,#1341,.F.);
#188=ORIENTED_EDGE('',*,*,#1342,.T.);
#189=ORIENTED_EDGE('',*,*,#1343,.T.);
#190=ORIENTED_EDGE('',*,*,#1344,.T.);
#191=ORIENTED_EDGE('',*,*,#1345,.T.);
#192=ORIENTED_EDGE('',*,*,#1346,.T.);
#193=ORIENTED_EDGE('',*,*,#1347,.T.);
#194=ORIENTED_EDGE('',*,*,#1348,.T.);
#195=ORIENTED_EDGE('',*,*,#1349,.T.);
#196=ORIENTED_EDGE('',*,*,#1350,.F.);
#197=ORIENTED_EDGE('',*,*,#1351,.T.);
#198=ORIENTED_EDGE('',*,*,#1352,.T.);
#199=ORIENTED_EDGE('',*,*,#1353,.T.);
#200=ORIENTED_EDGE('',*,*,#1354,.T.);
#201=ORIENTED_EDGE('',*,*,#1355,.T.);
#202=ORIENTED_EDGE('',*,*,#1356,.T.);
#203=ORIENTED_EDGE('',*,*,#1357,.T.);
#204=ORIENTED_EDGE('',*,*,#1358,.T.);
#205=ORIENTED_EDGE('',*,*,#1359,.T.);
#206=ORIENTED_EDGE('',*,*,#1360,.T.);
#207=ORIENTED_EDGE('',*,*,#1361,.T.);
#208=ORIENTED_EDGE('',*,*,#1362,.F.);
#209=ORIENTED_EDGE('',*,*,#1363,.T.);
#210=ORIENTED_EDGE('',*,*,#1364,.T.);
#211=ORIENTED_EDGE('',*,*,#1365,.T.);
#212=ORIENTED_EDGE('',*,*,#1366,.F.);
#213=ORIENTED_EDGE('',*,*,#1367,.F.);
#214=ORIENTED_EDGE('',*,*,#1368,.F.);
#215=ORIENTED_EDGE('',*,*,#1369,.F.);
#216=ORIENTED_EDGE('',*,*,#1370,.F.);
#217=ORIENTED_EDGE('',*,*,#1371,.F.);
#218=ORIENTED_EDGE('',*,*,#1372,.F.);
#219=ORIENTED_EDGE('',*,*,#1373,.F.);
#220=ORIENTED_EDGE('',*,*,#1374,.T.);
#221=ORIENTED_EDGE('',*,*,#1375,.T.);
#222=ORIENTED_EDGE('',*,*,#1376,.T.);
#223=ORIENTED_EDGE('',*,*,#1377,.T.);
#224=ORIENTED_EDGE('',*,*,#1378,.T.);
#225=ORIENTED_EDGE('',*,*,#1379,.T.);
#226=ORIENTED_EDGE('',*,*,#1380,.T.);
#227=ORIENTED_EDGE('',*,*,#1381,.T.);
#228=ORIENTED_EDGE('',*,*,#1382,.T.);
#229=ORIENTED_EDGE('',*,*,#1383,.T.);
#230=ORIENTED_EDGE('',*,*,#1384,.T.);
#231=ORIENTED_EDGE('',*,*,#1385,.T.);
#232=ORIENTED_EDGE('',*,*,#1386,.T.);
#233=ORIENTED_EDGE('',*,*,#1387,.T.);
#234=ORIENTED_EDGE('',*,*,#1388,.T.);
#235=ORIENTED_EDGE('',*,*,#1389,.T.);
#236=ORIENTED_EDGE('',*,*,#1390,.T.);
#237=ORIENTED_EDGE('',*,*,#1391,.T.);
#238=ORIENTED_EDGE('',*,*,#1392,.T.);
#239=ORIENTED_EDGE('',*,*,#1393,.T.);
#240=ORIENTED_EDGE('',*,*,#1394,.T.);
#241=ORIENTED_EDGE('',*,*,#1395,.T.);
#242=ORIENTED_EDGE('',*,*,#1396,.T.);
#243=ORIENTED_EDGE('',*,*,#1397,.T.);
#244=ORIENTED_EDGE('',*,*,#1398,.T.);
#245=ORIENTED_EDGE('',*,*,#1399,.T.);
#246=ORIENTED_EDGE('',*,*,#1400,.T.);
#247=ORIENTED_EDGE('',*,*,#1401,.T.);
#248=ORIENTED_EDGE('',*,*,#1402,.T.);
#249=ORIENTED_EDGE('',*,*,#1403,.T.);
#250=ORIENTED_EDGE('',*,*,#1404,.T.);
#251=ORIENTED_EDGE('',*,*,#1405,.T.);
#252=ORIENTED_EDGE('',*,*,#1406,.T.);
#253=ORIENTED_EDGE('',*,*,#1407,.T.);
#254=ORIENTED_EDGE('',*,*,#1408,.T.);
#255=ORIENTED_EDGE('',*,*,#1409,.T.);
#256=ORIENTED_EDGE('',*,*,#1410,.F.);
#257=ORIENTED_EDGE('',*,*,#1411,.F.);
#258=ORIENTED_EDGE('',*,*,#1412,.F.);
#259=ORIENTED_EDGE('',*,*,#1413,.F.);
#260=ORIENTED_EDGE('',*,*,#1414,.F.);
#261=ORIENTED_EDGE('',*,*,#1415,.F.);
#262=ORIENTED_EDGE('',*,*,#1416,.F.);
#263=ORIENTED_EDGE('',*,*,#1417,.F.);
#264=ORIENTED_EDGE('',*,*,#1418,.F.);
#265=ORIENTED_EDGE('',*,*,#1419,.F.);
#266=ORIENTED_EDGE('',*,*,#1420,.F.);
#267=ORIENTED_EDGE('',*,*,#1421,.F.);
#268=ORIENTED_EDGE('',*,*,#1422,.F.);
#269=ORIENTED_EDGE('',*,*,#1423,.F.);
#270=ORIENTED_EDGE('',*,*,#1424,.F.);
#271=ORIENTED_EDGE('',*,*,#1425,.F.);
#272=ORIENTED_EDGE('',*,*,#1426,.F.);
#273=ORIENTED_EDGE('',*,*,#1374,.F.);
#274=ORIENTED_EDGE('',*,*,#1427,.T.);
#275=ORIENTED_EDGE('',*,*,#1428,.T.);
#276=ORIENTED_EDGE('',*,*,#1429,.F.);
#277=ORIENTED_EDGE('',*,*,#1430,.T.);
#278=ORIENTED_EDGE('',*,*,#1431,.T.);
#279=ORIENTED_EDGE('',*,*,#1337,.T.);
#280=ORIENTED_EDGE('',*,*,#1432,.F.);
#281=ORIENTED_EDGE('',*,*,#1433,.F.);
#282=ORIENTED_EDGE('',*,*,#1434,.F.);
#283=ORIENTED_EDGE('',*,*,#1435,.F.);
#284=ORIENTED_EDGE('',*,*,#1436,.F.);
#285=ORIENTED_EDGE('',*,*,#1437,.F.);
#286=ORIENTED_EDGE('',*,*,#1438,.F.);
#287=ORIENTED_EDGE('',*,*,#1439,.F.);
#288=ORIENTED_EDGE('',*,*,#1440,.F.);
#289=ORIENTED_EDGE('',*,*,#1441,.F.);
#290=ORIENTED_EDGE('',*,*,#1442,.F.);
#291=ORIENTED_EDGE('',*,*,#1443,.F.);
#292=ORIENTED_EDGE('',*,*,#1444,.F.);
#293=ORIENTED_EDGE('',*,*,#1445,.F.);
#294=ORIENTED_EDGE('',*,*,#1446,.F.);
#295=ORIENTED_EDGE('',*,*,#1447,.F.);
#296=ORIENTED_EDGE('',*,*,#1448,.F.);
#297=ORIENTED_EDGE('',*,*,#1449,.F.);
#298=ORIENTED_EDGE('',*,*,#1450,.F.);
#299=ORIENTED_EDGE('',*,*,#1451,.F.);
#300=ORIENTED_EDGE('',*,*,#1452,.F.);
#301=ORIENTED_EDGE('',*,*,#1453,.F.);
#302=ORIENTED_EDGE('',*,*,#1454,.F.);
#303=ORIENTED_EDGE('',*,*,#1455,.F.);
#304=ORIENTED_EDGE('',*,*,#1456,.F.);
#305=ORIENTED_EDGE('',*,*,#1457,.F.);
#306=ORIENTED_EDGE('',*,*,#1458,.F.);
#307=ORIENTED_EDGE('',*,*,#1459,.F.);
#308=ORIENTED_EDGE('',*,*,#1460,.F.);
#309=ORIENTED_EDGE('',*,*,#1461,.F.);
#310=ORIENTED_EDGE('',*,*,#1462,.F.);
#311=ORIENTED_EDGE('',*,*,#1463,.F.);
#312=ORIENTED_EDGE('',*,*,#1464,.F.);
#313=ORIENTED_EDGE('',*,*,#1465,.F.);
#314=ORIENTED_EDGE('',*,*,#1466,.F.);
#315=ORIENTED_EDGE('',*,*,#1467,.F.);
#316=ORIENTED_EDGE('',*,*,#1468,.F.);
#317=ORIENTED_EDGE('',*,*,#1469,.F.);
#318=ORIENTED_EDGE('',*,*,#1470,.F.);
#319=ORIENTED_EDGE('',*,*,#1471,.F.);
#320=ORIENTED_EDGE('',*,*,#1472,.F.);
#321=ORIENTED_EDGE('',*,*,#1473,.F.);
#322=ORIENTED_EDGE('',*,*,#1474,.F.);
#323=ORIENTED_EDGE('',*,*,#1475,.F.);
#324=ORIENTED_EDGE('',*,*,#1476,.F.);
#325=ORIENTED_EDGE('',*,*,#1477,.T.);
#326=ORIENTED_EDGE('',*,*,#1453,.T.);
#327=ORIENTED_EDGE('',*,*,#1478,.F.);
#328=ORIENTED_EDGE('',*,*,#1479,.F.);
#329=ORIENTED_EDGE('',*,*,#1480,.T.);
#330=ORIENTED_EDGE('',*,*,#1481,.T.);
#331=ORIENTED_EDGE('',*,*,#1454,.T.);
#332=ORIENTED_EDGE('',*,*,#1477,.F.);
#333=ORIENTED_EDGE('',*,*,#1482,.F.);
#334=ORIENTED_EDGE('',*,*,#1455,.T.);
#335=ORIENTED_EDGE('',*,*,#1481,.F.);
#336=ORIENTED_EDGE('',*,*,#1483,.T.);
#337=ORIENTED_EDGE('',*,*,#1484,.T.);
#338=ORIENTED_EDGE('',*,*,#1485,.T.);
#339=ORIENTED_EDGE('',*,*,#1456,.T.);
#340=ORIENTED_EDGE('',*,*,#1484,.F.);
#341=ORIENTED_EDGE('',*,*,#1486,.T.);
#342=ORIENTED_EDGE('',*,*,#1487,.F.);
#343=ORIENTED_EDGE('',*,*,#1488,.T.);
#344=ORIENTED_EDGE('',*,*,#1457,.T.);
#345=ORIENTED_EDGE('',*,*,#1485,.F.);
#346=ORIENTED_EDGE('',*,*,#1489,.F.);
#347=ORIENTED_EDGE('',*,*,#1490,.T.);
#348=ORIENTED_EDGE('',*,*,#1491,.T.);
#349=ORIENTED_EDGE('',*,*,#1458,.T.);
#350=ORIENTED_EDGE('',*,*,#1488,.F.);
#351=ORIENTED_EDGE('',*,*,#1492,.F.);
#352=ORIENTED_EDGE('',*,*,#1459,.T.);
#353=ORIENTED_EDGE('',*,*,#1491,.F.);
#354=ORIENTED_EDGE('',*,*,#1493,.T.);
#355=ORIENTED_EDGE('',*,*,#1494,.T.);
#356=ORIENTED_EDGE('',*,*,#1495,.T.);
#357=ORIENTED_EDGE('',*,*,#1460,.T.);
#358=ORIENTED_EDGE('',*,*,#1494,.F.);
#359=ORIENTED_EDGE('',*,*,#1496,.T.);
#360=ORIENTED_EDGE('',*,*,#1497,.F.);
#361=ORIENTED_EDGE('',*,*,#1498,.T.);
#362=ORIENTED_EDGE('',*,*,#1461,.T.);
#363=ORIENTED_EDGE('',*,*,#1495,.F.);
#364=ORIENTED_EDGE('',*,*,#1499,.F.);
#365=ORIENTED_EDGE('',*,*,#1500,.T.);
#366=ORIENTED_EDGE('',*,*,#1501,.T.);
#367=ORIENTED_EDGE('',*,*,#1462,.T.);
#368=ORIENTED_EDGE('',*,*,#1498,.F.);
#369=ORIENTED_EDGE('',*,*,#1502,.F.);
#370=ORIENTED_EDGE('',*,*,#1463,.T.);
#371=ORIENTED_EDGE('',*,*,#1501,.F.);
#372=ORIENTED_EDGE('',*,*,#1503,.T.);
#373=ORIENTED_EDGE('',*,*,#1504,.T.);
#374=ORIENTED_EDGE('',*,*,#1505,.T.);
#375=ORIENTED_EDGE('',*,*,#1464,.T.);
#376=ORIENTED_EDGE('',*,*,#1504,.F.);
#377=ORIENTED_EDGE('',*,*,#1506,.T.);
#378=ORIENTED_EDGE('',*,*,#1507,.F.);
#379=ORIENTED_EDGE('',*,*,#1508,.T.);
#380=ORIENTED_EDGE('',*,*,#1465,.T.);
#381=ORIENTED_EDGE('',*,*,#1505,.F.);
#382=ORIENTED_EDGE('',*,*,#1509,.F.);
#383=ORIENTED_EDGE('',*,*,#1510,.T.);
#384=ORIENTED_EDGE('',*,*,#1511,.T.);
#385=ORIENTED_EDGE('',*,*,#1466,.T.);
#386=ORIENTED_EDGE('',*,*,#1508,.F.);
#387=ORIENTED_EDGE('',*,*,#1512,.F.);
#388=ORIENTED_EDGE('',*,*,#1467,.T.);
#389=ORIENTED_EDGE('',*,*,#1511,.F.);
#390=ORIENTED_EDGE('',*,*,#1513,.T.);
#391=ORIENTED_EDGE('',*,*,#1514,.T.);
#392=ORIENTED_EDGE('',*,*,#1478,.T.);
#393=ORIENTED_EDGE('',*,*,#1468,.T.);
#394=ORIENTED_EDGE('',*,*,#1514,.F.);
#395=ORIENTED_EDGE('',*,*,#1515,.T.);
#396=ORIENTED_EDGE('',*,*,#1516,.F.);
#397=ORIENTED_EDGE('',*,*,#1486,.F.);
#398=ORIENTED_EDGE('',*,*,#1483,.F.);
#399=ORIENTED_EDGE('',*,*,#1480,.F.);
#400=ORIENTED_EDGE('',*,*,#1517,.F.);
#401=ORIENTED_EDGE('',*,*,#1515,.F.);
#402=ORIENTED_EDGE('',*,*,#1513,.F.);
#403=ORIENTED_EDGE('',*,*,#1510,.F.);
#404=ORIENTED_EDGE('',*,*,#1518,.F.);
#405=ORIENTED_EDGE('',*,*,#1506,.F.);
#406=ORIENTED_EDGE('',*,*,#1503,.F.);
#407=ORIENTED_EDGE('',*,*,#1500,.F.);
#408=ORIENTED_EDGE('',*,*,#1519,.F.);
#409=ORIENTED_EDGE('',*,*,#1496,.F.);
#410=ORIENTED_EDGE('',*,*,#1493,.F.);
#411=ORIENTED_EDGE('',*,*,#1490,.F.);
#412=ORIENTED_EDGE('',*,*,#1520,.F.);
#413=ORIENTED_EDGE('',*,*,#1487,.T.);
#414=ORIENTED_EDGE('',*,*,#1520,.T.);
#415=ORIENTED_EDGE('',*,*,#1492,.T.);
#416=ORIENTED_EDGE('',*,*,#1489,.T.);
#417=ORIENTED_EDGE('',*,*,#1497,.T.);
#418=ORIENTED_EDGE('',*,*,#1519,.T.);
#419=ORIENTED_EDGE('',*,*,#1502,.T.);
#420=ORIENTED_EDGE('',*,*,#1499,.T.);
#421=ORIENTED_EDGE('',*,*,#1507,.T.);
#422=ORIENTED_EDGE('',*,*,#1518,.T.);
#423=ORIENTED_EDGE('',*,*,#1512,.T.);
#424=ORIENTED_EDGE('',*,*,#1509,.T.);
#425=ORIENTED_EDGE('',*,*,#1516,.T.);
#426=ORIENTED_EDGE('',*,*,#1517,.T.);
#427=ORIENTED_EDGE('',*,*,#1482,.T.);
#428=ORIENTED_EDGE('',*,*,#1479,.T.);
#429=ORIENTED_EDGE('',*,*,#1521,.T.);
#430=ORIENTED_EDGE('',*,*,#1522,.F.);
#431=ORIENTED_EDGE('',*,*,#1523,.F.);
#432=ORIENTED_EDGE('',*,*,#1524,.T.);
#433=ORIENTED_EDGE('',*,*,#1525,.T.);
#434=ORIENTED_EDGE('',*,*,#1524,.F.);
#435=ORIENTED_EDGE('',*,*,#1526,.F.);
#436=ORIENTED_EDGE('',*,*,#1527,.T.);
#437=ORIENTED_EDGE('',*,*,#1528,.F.);
#438=ORIENTED_EDGE('',*,*,#1529,.F.);
#439=ORIENTED_EDGE('',*,*,#1521,.F.);
#440=ORIENTED_EDGE('',*,*,#1525,.F.);
#441=ORIENTED_EDGE('',*,*,#1530,.F.);
#442=ORIENTED_EDGE('',*,*,#1529,.T.);
#443=ORIENTED_EDGE('',*,*,#1531,.F.);
#444=ORIENTED_EDGE('',*,*,#1532,.F.);
#445=ORIENTED_EDGE('',*,*,#1522,.T.);
#446=ORIENTED_EDGE('',*,*,#1533,.T.);
#447=ORIENTED_EDGE('',*,*,#1534,.T.);
#448=ORIENTED_EDGE('',*,*,#1526,.T.);
#449=ORIENTED_EDGE('',*,*,#1523,.T.);
#450=ORIENTED_EDGE('',*,*,#1532,.T.);
#451=ORIENTED_EDGE('',*,*,#1530,.T.);
#452=ORIENTED_EDGE('',*,*,#1527,.F.);
#453=ORIENTED_EDGE('',*,*,#1534,.F.);
#454=ORIENTED_EDGE('',*,*,#1535,.T.);
#455=ORIENTED_EDGE('',*,*,#1536,.T.);
#456=ORIENTED_EDGE('',*,*,#1537,.T.);
#457=ORIENTED_EDGE('',*,*,#1538,.T.);
#458=ORIENTED_EDGE('',*,*,#1539,.T.);
#459=ORIENTED_EDGE('',*,*,#1540,.F.);
#460=ORIENTED_EDGE('',*,*,#1541,.F.);
#461=ORIENTED_EDGE('',*,*,#1542,.F.);
#462=ORIENTED_EDGE('',*,*,#1543,.F.);
#463=ORIENTED_EDGE('',*,*,#1544,.F.);
#464=ORIENTED_EDGE('',*,*,#1545,.F.);
#465=ORIENTED_EDGE('',*,*,#1546,.F.);
#466=ORIENTED_EDGE('',*,*,#1547,.F.);
#467=ORIENTED_EDGE('',*,*,#1548,.F.);
#468=ORIENTED_EDGE('',*,*,#1549,.F.);
#469=ORIENTED_EDGE('',*,*,#1550,.F.);
#470=ORIENTED_EDGE('',*,*,#1551,.F.);
#471=ORIENTED_EDGE('',*,*,#1552,.T.);
#472=ORIENTED_EDGE('',*,*,#1551,.T.);
#473=ORIENTED_EDGE('',*,*,#1553,.T.);
#474=ORIENTED_EDGE('',*,*,#1554,.T.);
#475=ORIENTED_EDGE('',*,*,#1555,.T.);
#476=ORIENTED_EDGE('',*,*,#1556,.T.);
#477=ORIENTED_EDGE('',*,*,#1557,.T.);
#478=ORIENTED_EDGE('',*,*,#1558,.T.);
#479=ORIENTED_EDGE('',*,*,#1559,.T.);
#480=ORIENTED_EDGE('',*,*,#1543,.T.);
#481=ORIENTED_EDGE('',*,*,#1560,.T.);
#482=ORIENTED_EDGE('',*,*,#1561,.T.);
#483=ORIENTED_EDGE('',*,*,#1562,.T.);
#484=ORIENTED_EDGE('',*,*,#1547,.T.);
#485=ORIENTED_EDGE('',*,*,#1563,.T.);
#486=ORIENTED_EDGE('',*,*,#1564,.T.);
#487=ORIENTED_EDGE('',*,*,#1565,.F.);
#488=ORIENTED_EDGE('',*,*,#1566,.F.);
#489=ORIENTED_EDGE('',*,*,#1567,.F.);
#490=ORIENTED_EDGE('',*,*,#1556,.F.);
#491=ORIENTED_EDGE('',*,*,#1335,.T.);
#492=ORIENTED_EDGE('',*,*,#1568,.F.);
#493=ORIENTED_EDGE('',*,*,#1376,.F.);
#494=ORIENTED_EDGE('',*,*,#1569,.T.);
#495=ORIENTED_EDGE('',*,*,#1535,.F.);
#496=ORIENTED_EDGE('',*,*,#1533,.F.);
#497=ORIENTED_EDGE('',*,*,#1531,.T.);
#498=ORIENTED_EDGE('',*,*,#1528,.T.);
#499=ORIENTED_EDGE('',*,*,#1436,.T.);
#500=ORIENTED_EDGE('',*,*,#1570,.F.);
#501=ORIENTED_EDGE('',*,*,#1537,.F.);
#502=ORIENTED_EDGE('',*,*,#1571,.T.);
#503=ORIENTED_EDGE('',*,*,#1435,.T.);
#504=ORIENTED_EDGE('',*,*,#1434,.T.);
#505=ORIENTED_EDGE('',*,*,#1572,.F.);
#506=ORIENTED_EDGE('',*,*,#1538,.F.);
#507=ORIENTED_EDGE('',*,*,#1570,.T.);
#508=ORIENTED_EDGE('',*,*,#1433,.T.);
#509=ORIENTED_EDGE('',*,*,#1573,.F.);
#510=ORIENTED_EDGE('',*,*,#1539,.F.);
#511=ORIENTED_EDGE('',*,*,#1572,.T.);
#512=ORIENTED_EDGE('',*,*,#1336,.T.);
#513=ORIENTED_EDGE('',*,*,#1569,.F.);
#514=ORIENTED_EDGE('',*,*,#1375,.F.);
#515=ORIENTED_EDGE('',*,*,#1426,.T.);
#516=ORIENTED_EDGE('',*,*,#1571,.F.);
#517=ORIENTED_EDGE('',*,*,#1536,.F.);
#518=ORIENTED_EDGE('',*,*,#1573,.T.);
#519=ORIENTED_EDGE('',*,*,#1432,.T.);
#520=ORIENTED_EDGE('',*,*,#1334,.T.);
#521=ORIENTED_EDGE('',*,*,#1431,.F.);
#522=ORIENTED_EDGE('',*,*,#1574,.F.);
#523=ORIENTED_EDGE('',*,*,#1575,.T.);
#524=ORIENTED_EDGE('',*,*,#1576,.T.);
#525=ORIENTED_EDGE('',*,*,#1427,.F.);
#526=ORIENTED_EDGE('',*,*,#1377,.F.);
#527=ORIENTED_EDGE('',*,*,#1568,.T.);
#528=ORIENTED_EDGE('',*,*,#1557,.F.);
#529=ORIENTED_EDGE('',*,*,#1567,.T.);
#530=ORIENTED_EDGE('',*,*,#1577,.T.);
#531=ORIENTED_EDGE('',*,*,#1448,.T.);
#532=ORIENTED_EDGE('',*,*,#1578,.F.);
#533=ORIENTED_EDGE('',*,*,#1447,.T.);
#534=ORIENTED_EDGE('',*,*,#1579,.F.);
#535=ORIENTED_EDGE('',*,*,#1558,.F.);
#536=ORIENTED_EDGE('',*,*,#1578,.T.);
#537=ORIENTED_EDGE('',*,*,#1580,.F.);
#538=ORIENTED_EDGE('',*,*,#1540,.T.);
#539=ORIENTED_EDGE('',*,*,#1559,.F.);
#540=ORIENTED_EDGE('',*,*,#1579,.T.);
#541=ORIENTED_EDGE('',*,*,#1446,.T.);
#542=ORIENTED_EDGE('',*,*,#1581,.F.);
#543=ORIENTED_EDGE('',*,*,#1541,.T.);
#544=ORIENTED_EDGE('',*,*,#1580,.T.);
#545=ORIENTED_EDGE('',*,*,#1445,.T.);
#546=ORIENTED_EDGE('',*,*,#1560,.F.);
#547=ORIENTED_EDGE('',*,*,#1542,.T.);
#548=ORIENTED_EDGE('',*,*,#1581,.T.);
#549=ORIENTED_EDGE('',*,*,#1444,.T.);
#550=ORIENTED_EDGE('',*,*,#1582,.F.);
#551=ORIENTED_EDGE('',*,*,#1443,.T.);
#552=ORIENTED_EDGE('',*,*,#1583,.F.);
#553=ORIENTED_EDGE('',*,*,#1561,.F.);
#554=ORIENTED_EDGE('',*,*,#1582,.T.);
#555=ORIENTED_EDGE('',*,*,#1584,.F.);
#556=ORIENTED_EDGE('',*,*,#1544,.T.);
#557=ORIENTED_EDGE('',*,*,#1562,.F.);
#558=ORIENTED_EDGE('',*,*,#1583,.T.);
#559=ORIENTED_EDGE('',*,*,#1442,.T.);
#560=ORIENTED_EDGE('',*,*,#1585,.F.);
#561=ORIENTED_EDGE('',*,*,#1545,.T.);
#562=ORIENTED_EDGE('',*,*,#1584,.T.);
#563=ORIENTED_EDGE('',*,*,#1441,.T.);
#564=ORIENTED_EDGE('',*,*,#1563,.F.);
#565=ORIENTED_EDGE('',*,*,#1546,.T.);
#566=ORIENTED_EDGE('',*,*,#1585,.T.);
#567=ORIENTED_EDGE('',*,*,#1440,.T.);
#568=ORIENTED_EDGE('',*,*,#1586,.F.);
#569=ORIENTED_EDGE('',*,*,#1439,.T.);
#570=ORIENTED_EDGE('',*,*,#1587,.F.);
#571=ORIENTED_EDGE('',*,*,#1564,.F.);
#572=ORIENTED_EDGE('',*,*,#1586,.T.);
#573=ORIENTED_EDGE('',*,*,#1438,.T.);
#574=ORIENTED_EDGE('',*,*,#1588,.F.);
#575=ORIENTED_EDGE('',*,*,#1548,.T.);
#576=ORIENTED_EDGE('',*,*,#1552,.F.);
#577=ORIENTED_EDGE('',*,*,#1587,.T.);
#578=ORIENTED_EDGE('',*,*,#1589,.F.);
#579=ORIENTED_EDGE('',*,*,#1549,.T.);
#580=ORIENTED_EDGE('',*,*,#1588,.T.);
#581=ORIENTED_EDGE('',*,*,#1437,.T.);
#582=ORIENTED_EDGE('',*,*,#1590,.F.);
#583=ORIENTED_EDGE('',*,*,#1553,.F.);
#584=ORIENTED_EDGE('',*,*,#1550,.T.);
#585=ORIENTED_EDGE('',*,*,#1589,.T.);
#586=ORIENTED_EDGE('',*,*,#1452,.T.);
#587=ORIENTED_EDGE('',*,*,#1451,.T.);
#588=ORIENTED_EDGE('',*,*,#1591,.F.);
#589=ORIENTED_EDGE('',*,*,#1554,.F.);
#590=ORIENTED_EDGE('',*,*,#1590,.T.);
#591=ORIENTED_EDGE('',*,*,#1592,.F.);
#592=ORIENTED_EDGE('',*,*,#1565,.T.);
#593=ORIENTED_EDGE('',*,*,#1555,.F.);
#594=ORIENTED_EDGE('',*,*,#1591,.T.);
#595=ORIENTED_EDGE('',*,*,#1450,.T.);
#596=ORIENTED_EDGE('',*,*,#1577,.F.);
#597=ORIENTED_EDGE('',*,*,#1566,.T.);
#598=ORIENTED_EDGE('',*,*,#1592,.T.);
#599=ORIENTED_EDGE('',*,*,#1449,.T.);
#600=ORIENTED_EDGE('',*,*,#1575,.F.);
#601=ORIENTED_EDGE('',*,*,#1593,.F.);
#602=ORIENTED_EDGE('',*,*,#1594,.F.);
#603=ORIENTED_EDGE('',*,*,#1595,.F.);
#604=ORIENTED_EDGE('',*,*,#1430,.F.);
#605=ORIENTED_EDGE('',*,*,#1596,.F.);
#606=ORIENTED_EDGE('',*,*,#1593,.T.);
#607=ORIENTED_EDGE('',*,*,#1574,.T.);
#608=ORIENTED_EDGE('',*,*,#1429,.T.);
#609=ORIENTED_EDGE('',*,*,#1597,.F.);
#610=ORIENTED_EDGE('',*,*,#1594,.T.);
#611=ORIENTED_EDGE('',*,*,#1596,.T.);
#612=ORIENTED_EDGE('',*,*,#1428,.F.);
#613=ORIENTED_EDGE('',*,*,#1576,.F.);
#614=ORIENTED_EDGE('',*,*,#1595,.T.);
#615=ORIENTED_EDGE('',*,*,#1597,.T.);
#616=ORIENTED_EDGE('',*,*,#1598,.F.);
#617=ORIENTED_EDGE('',*,*,#1599,.F.);
#618=ORIENTED_EDGE('',*,*,#1472,.T.);
#619=ORIENTED_EDGE('',*,*,#1600,.T.);
#620=ORIENTED_EDGE('',*,*,#1383,.F.);
#621=ORIENTED_EDGE('',*,*,#1601,.F.);
#622=ORIENTED_EDGE('',*,*,#1602,.F.);
#623=ORIENTED_EDGE('',*,*,#1384,.F.);
#624=ORIENTED_EDGE('',*,*,#1600,.F.);
#625=ORIENTED_EDGE('',*,*,#1471,.T.);
#626=ORIENTED_EDGE('',*,*,#1603,.T.);
#627=ORIENTED_EDGE('',*,*,#1385,.F.);
#628=ORIENTED_EDGE('',*,*,#1603,.F.);
#629=ORIENTED_EDGE('',*,*,#1470,.T.);
#630=ORIENTED_EDGE('',*,*,#1604,.T.);
#631=ORIENTED_EDGE('',*,*,#1605,.T.);
#632=ORIENTED_EDGE('',*,*,#1606,.T.);
#633=ORIENTED_EDGE('',*,*,#1607,.T.);
#634=ORIENTED_EDGE('',*,*,#1608,.T.);
#635=ORIENTED_EDGE('',*,*,#1609,.F.);
#636=ORIENTED_EDGE('',*,*,#1610,.F.);
#637=ORIENTED_EDGE('',*,*,#1611,.F.);
#638=ORIENTED_EDGE('',*,*,#1612,.F.);
#639=ORIENTED_EDGE('',*,*,#1613,.T.);
#640=ORIENTED_EDGE('',*,*,#1379,.F.);
#641=ORIENTED_EDGE('',*,*,#1614,.F.);
#642=ORIENTED_EDGE('',*,*,#1612,.T.);
#643=ORIENTED_EDGE('',*,*,#1380,.F.);
#644=ORIENTED_EDGE('',*,*,#1613,.F.);
#645=ORIENTED_EDGE('',*,*,#1611,.T.);
#646=ORIENTED_EDGE('',*,*,#1615,.T.);
#647=ORIENTED_EDGE('',*,*,#1616,.F.);
#648=ORIENTED_EDGE('',*,*,#1617,.F.);
#649=ORIENTED_EDGE('',*,*,#1618,.F.);
#650=ORIENTED_EDGE('',*,*,#1381,.F.);
#651=ORIENTED_EDGE('',*,*,#1615,.F.);
#652=ORIENTED_EDGE('',*,*,#1610,.T.);
#653=ORIENTED_EDGE('',*,*,#1619,.T.);
#654=ORIENTED_EDGE('',*,*,#1614,.T.);
#655=ORIENTED_EDGE('',*,*,#1378,.F.);
#656=ORIENTED_EDGE('',*,*,#1604,.F.);
#657=ORIENTED_EDGE('',*,*,#1469,.T.);
#658=ORIENTED_EDGE('',*,*,#1599,.T.);
#659=ORIENTED_EDGE('',*,*,#1620,.F.);
#660=ORIENTED_EDGE('',*,*,#1619,.F.);
#661=ORIENTED_EDGE('',*,*,#1609,.T.);
#662=ORIENTED_EDGE('',*,*,#1621,.T.);
#663=ORIENTED_EDGE('',*,*,#1622,.T.);
#664=ORIENTED_EDGE('',*,*,#1623,.F.);
#665=ORIENTED_EDGE('',*,*,#1473,.T.);
#666=ORIENTED_EDGE('',*,*,#1624,.T.);
#667=ORIENTED_EDGE('',*,*,#1625,.T.);
#668=ORIENTED_EDGE('',*,*,#1621,.F.);
#669=ORIENTED_EDGE('',*,*,#1476,.T.);
#670=ORIENTED_EDGE('',*,*,#1626,.T.);
#671=ORIENTED_EDGE('',*,*,#1627,.T.);
#672=ORIENTED_EDGE('',*,*,#1624,.F.);
#673=ORIENTED_EDGE('',*,*,#1475,.T.);
#674=ORIENTED_EDGE('',*,*,#1623,.T.);
#675=ORIENTED_EDGE('',*,*,#1628,.T.);
#676=ORIENTED_EDGE('',*,*,#1626,.F.);
#677=ORIENTED_EDGE('',*,*,#1474,.T.);
#678=ORIENTED_EDGE('',*,*,#1629,.T.);
#679=ORIENTED_EDGE('',*,*,#1630,.T.);
#680=ORIENTED_EDGE('',*,*,#1631,.F.);
#681=ORIENTED_EDGE('',*,*,#1606,.F.);
#682=ORIENTED_EDGE('',*,*,#1631,.T.);
#683=ORIENTED_EDGE('',*,*,#1632,.T.);
#684=ORIENTED_EDGE('',*,*,#1633,.F.);
#685=ORIENTED_EDGE('',*,*,#1607,.F.);
#686=ORIENTED_EDGE('',*,*,#1633,.T.);
#687=ORIENTED_EDGE('',*,*,#1634,.T.);
#688=ORIENTED_EDGE('',*,*,#1635,.F.);
#689=ORIENTED_EDGE('',*,*,#1608,.F.);
#690=ORIENTED_EDGE('',*,*,#1635,.T.);
#691=ORIENTED_EDGE('',*,*,#1636,.T.);
#692=ORIENTED_EDGE('',*,*,#1629,.F.);
#693=ORIENTED_EDGE('',*,*,#1605,.F.);
#694=ORIENTED_EDGE('',*,*,#1637,.F.);
#695=ORIENTED_EDGE('',*,*,#1638,.T.);
#696=ORIENTED_EDGE('',*,*,#1639,.F.);
#697=ORIENTED_EDGE('',*,*,#1640,.F.);
#698=ORIENTED_EDGE('',*,*,#1351,.F.);
#699=ORIENTED_EDGE('',*,*,#1641,.F.);
#700=ORIENTED_EDGE('',*,*,#1637,.T.);
#701=ORIENTED_EDGE('',*,*,#1642,.T.);
#702=ORIENTED_EDGE('',*,*,#1352,.F.);
#703=ORIENTED_EDGE('',*,*,#1642,.F.);
#704=ORIENTED_EDGE('',*,*,#1640,.T.);
#705=ORIENTED_EDGE('',*,*,#1643,.T.);
#706=ORIENTED_EDGE('',*,*,#1353,.F.);
#707=ORIENTED_EDGE('',*,*,#1643,.F.);
#708=ORIENTED_EDGE('',*,*,#1639,.T.);
#709=ORIENTED_EDGE('',*,*,#1644,.T.);
#710=ORIENTED_EDGE('',*,*,#1645,.T.);
#711=ORIENTED_EDGE('',*,*,#1646,.T.);
#712=ORIENTED_EDGE('',*,*,#1647,.T.);
#713=ORIENTED_EDGE('',*,*,#1648,.T.);
#714=ORIENTED_EDGE('',*,*,#1339,.T.);
#715=ORIENTED_EDGE('',*,*,#1649,.F.);
#716=ORIENTED_EDGE('',*,*,#1646,.F.);
#717=ORIENTED_EDGE('',*,*,#1650,.T.);
#718=ORIENTED_EDGE('',*,*,#1338,.T.);
#719=ORIENTED_EDGE('',*,*,#1651,.F.);
#720=ORIENTED_EDGE('',*,*,#1647,.F.);
#721=ORIENTED_EDGE('',*,*,#1649,.T.);
#722=ORIENTED_EDGE('',*,*,#1341,.T.);
#723=ORIENTED_EDGE('',*,*,#1652,.F.);
#724=ORIENTED_EDGE('',*,*,#1648,.F.);
#725=ORIENTED_EDGE('',*,*,#1651,.T.);
#726=ORIENTED_EDGE('',*,*,#1340,.T.);
#727=ORIENTED_EDGE('',*,*,#1650,.F.);
#728=ORIENTED_EDGE('',*,*,#1645,.F.);
#729=ORIENTED_EDGE('',*,*,#1652,.T.);
#730=ORIENTED_EDGE('',*,*,#1653,.F.);
#731=ORIENTED_EDGE('',*,*,#1349,.F.);
#732=ORIENTED_EDGE('',*,*,#1654,.F.);
#733=ORIENTED_EDGE('',*,*,#1630,.F.);
#734=ORIENTED_EDGE('',*,*,#1654,.T.);
#735=ORIENTED_EDGE('',*,*,#1348,.F.);
#736=ORIENTED_EDGE('',*,*,#1655,.F.);
#737=ORIENTED_EDGE('',*,*,#1632,.F.);
#738=ORIENTED_EDGE('',*,*,#1653,.T.);
#739=ORIENTED_EDGE('',*,*,#1636,.F.);
#740=ORIENTED_EDGE('',*,*,#1656,.F.);
#741=ORIENTED_EDGE('',*,*,#1346,.F.);
#742=ORIENTED_EDGE('',*,*,#1655,.T.);
#743=ORIENTED_EDGE('',*,*,#1347,.F.);
#744=ORIENTED_EDGE('',*,*,#1656,.T.);
#745=ORIENTED_EDGE('',*,*,#1634,.F.);
#746=ORIENTED_EDGE('',*,*,#1657,.F.);
#747=ORIENTED_EDGE('',*,*,#1627,.F.);
#748=ORIENTED_EDGE('',*,*,#1658,.F.);
#749=ORIENTED_EDGE('',*,*,#1345,.F.);
#750=ORIENTED_EDGE('',*,*,#1658,.T.);
#751=ORIENTED_EDGE('',*,*,#1628,.F.);
#752=ORIENTED_EDGE('',*,*,#1659,.F.);
#753=ORIENTED_EDGE('',*,*,#1342,.F.);
#754=ORIENTED_EDGE('',*,*,#1657,.T.);
#755=ORIENTED_EDGE('',*,*,#1344,.F.);
#756=ORIENTED_EDGE('',*,*,#1660,.F.);
#757=ORIENTED_EDGE('',*,*,#1625,.F.);
#758=ORIENTED_EDGE('',*,*,#1659,.T.);
#759=ORIENTED_EDGE('',*,*,#1622,.F.);
#760=ORIENTED_EDGE('',*,*,#1660,.T.);
#761=ORIENTED_EDGE('',*,*,#1343,.F.);
#762=ORIENTED_EDGE('',*,*,#1617,.T.);
#763=ORIENTED_EDGE('',*,*,#1661,.T.);
#764=ORIENTED_EDGE('',*,*,#1602,.T.);
#765=ORIENTED_EDGE('',*,*,#1662,.F.);
#766=ORIENTED_EDGE('',*,*,#1618,.T.);
#767=ORIENTED_EDGE('',*,*,#1662,.T.);
#768=ORIENTED_EDGE('',*,*,#1601,.T.);
#769=ORIENTED_EDGE('',*,*,#1382,.F.);
#770=ORIENTED_EDGE('',*,*,#1616,.T.);
#771=ORIENTED_EDGE('',*,*,#1620,.T.);
#772=ORIENTED_EDGE('',*,*,#1598,.T.);
#773=ORIENTED_EDGE('',*,*,#1661,.F.);
#774=ORIENTED_EDGE('',*,*,#1387,.F.);
#775=ORIENTED_EDGE('',*,*,#1663,.F.);
#776=ORIENTED_EDGE('',*,*,#1418,.T.);
#777=ORIENTED_EDGE('',*,*,#1664,.T.);
#778=ORIENTED_EDGE('',*,*,#1388,.F.);
#779=ORIENTED_EDGE('',*,*,#1664,.F.);
#780=ORIENTED_EDGE('',*,*,#1421,.T.);
#781=ORIENTED_EDGE('',*,*,#1665,.T.);
#782=ORIENTED_EDGE('',*,*,#1389,.F.);
#783=ORIENTED_EDGE('',*,*,#1665,.F.);
#784=ORIENTED_EDGE('',*,*,#1420,.T.);
#785=ORIENTED_EDGE('',*,*,#1666,.T.);
#786=ORIENTED_EDGE('',*,*,#1386,.F.);
#787=ORIENTED_EDGE('',*,*,#1666,.F.);
#788=ORIENTED_EDGE('',*,*,#1419,.T.);
#789=ORIENTED_EDGE('',*,*,#1663,.T.);
#790=ORIENTED_EDGE('',*,*,#1667,.T.);
#791=ORIENTED_EDGE('',*,*,#1668,.T.);
#792=ORIENTED_EDGE('',*,*,#1669,.T.);
#793=ORIENTED_EDGE('',*,*,#1670,.T.);
#794=ORIENTED_EDGE('',*,*,#1671,.F.);
#795=ORIENTED_EDGE('',*,*,#1672,.F.);
#796=ORIENTED_EDGE('',*,*,#1673,.F.);
#797=ORIENTED_EDGE('',*,*,#1674,.F.);
#798=ORIENTED_EDGE('',*,*,#1391,.F.);
#799=ORIENTED_EDGE('',*,*,#1675,.F.);
#800=ORIENTED_EDGE('',*,*,#1674,.T.);
#801=ORIENTED_EDGE('',*,*,#1676,.T.);
#802=ORIENTED_EDGE('',*,*,#1392,.F.);
#803=ORIENTED_EDGE('',*,*,#1676,.F.);
#804=ORIENTED_EDGE('',*,*,#1673,.T.);
#805=ORIENTED_EDGE('',*,*,#1677,.T.);
#806=ORIENTED_EDGE('',*,*,#1393,.F.);
#807=ORIENTED_EDGE('',*,*,#1677,.F.);
#808=ORIENTED_EDGE('',*,*,#1672,.T.);
#809=ORIENTED_EDGE('',*,*,#1678,.T.);
#810=ORIENTED_EDGE('',*,*,#1390,.F.);
#811=ORIENTED_EDGE('',*,*,#1678,.F.);
#812=ORIENTED_EDGE('',*,*,#1671,.T.);
#813=ORIENTED_EDGE('',*,*,#1675,.T.);
#814=ORIENTED_EDGE('',*,*,#1679,.T.);
#815=ORIENTED_EDGE('',*,*,#1680,.T.);
#816=ORIENTED_EDGE('',*,*,#1681,.F.);
#817=ORIENTED_EDGE('',*,*,#1422,.T.);
#818=ORIENTED_EDGE('',*,*,#1682,.T.);
#819=ORIENTED_EDGE('',*,*,#1683,.T.);
#820=ORIENTED_EDGE('',*,*,#1679,.F.);
#821=ORIENTED_EDGE('',*,*,#1425,.T.);
#822=ORIENTED_EDGE('',*,*,#1684,.T.);
#823=ORIENTED_EDGE('',*,*,#1685,.T.);
#824=ORIENTED_EDGE('',*,*,#1682,.F.);
#825=ORIENTED_EDGE('',*,*,#1424,.T.);
#826=ORIENTED_EDGE('',*,*,#1681,.T.);
#827=ORIENTED_EDGE('',*,*,#1686,.T.);
#828=ORIENTED_EDGE('',*,*,#1684,.F.);
#829=ORIENTED_EDGE('',*,*,#1423,.T.);
#830=ORIENTED_EDGE('',*,*,#1687,.T.);
#831=ORIENTED_EDGE('',*,*,#1688,.T.);
#832=ORIENTED_EDGE('',*,*,#1689,.F.);
#833=ORIENTED_EDGE('',*,*,#1668,.F.);
#834=ORIENTED_EDGE('',*,*,#1689,.T.);
#835=ORIENTED_EDGE('',*,*,#1690,.T.);
#836=ORIENTED_EDGE('',*,*,#1691,.F.);
#837=ORIENTED_EDGE('',*,*,#1669,.F.);
#838=ORIENTED_EDGE('',*,*,#1691,.T.);
#839=ORIENTED_EDGE('',*,*,#1692,.T.);
#840=ORIENTED_EDGE('',*,*,#1693,.F.);
#841=ORIENTED_EDGE('',*,*,#1670,.F.);
#842=ORIENTED_EDGE('',*,*,#1693,.T.);
#843=ORIENTED_EDGE('',*,*,#1694,.T.);
#844=ORIENTED_EDGE('',*,*,#1687,.F.);
#845=ORIENTED_EDGE('',*,*,#1667,.F.);
#846=ORIENTED_EDGE('',*,*,#1695,.F.);
#847=ORIENTED_EDGE('',*,*,#1696,.T.);
#848=ORIENTED_EDGE('',*,*,#1697,.F.);
#849=ORIENTED_EDGE('',*,*,#1698,.F.);
#850=ORIENTED_EDGE('',*,*,#1323,.F.);
#851=ORIENTED_EDGE('',*,*,#1699,.F.);
#852=ORIENTED_EDGE('',*,*,#1695,.T.);
#853=ORIENTED_EDGE('',*,*,#1700,.T.);
#854=ORIENTED_EDGE('',*,*,#1324,.F.);
#855=ORIENTED_EDGE('',*,*,#1700,.F.);
#856=ORIENTED_EDGE('',*,*,#1698,.T.);
#857=ORIENTED_EDGE('',*,*,#1701,.T.);
#858=ORIENTED_EDGE('',*,*,#1325,.F.);
#859=ORIENTED_EDGE('',*,*,#1701,.F.);
#860=ORIENTED_EDGE('',*,*,#1697,.T.);
#861=ORIENTED_EDGE('',*,*,#1702,.T.);
#862=ORIENTED_EDGE('',*,*,#1350,.T.);
#863=ORIENTED_EDGE('',*,*,#1644,.F.);
#864=ORIENTED_EDGE('',*,*,#1638,.F.);
#865=ORIENTED_EDGE('',*,*,#1641,.T.);
#866=ORIENTED_EDGE('',*,*,#1703,.F.);
#867=ORIENTED_EDGE('',*,*,#1329,.F.);
#868=ORIENTED_EDGE('',*,*,#1704,.F.);
#869=ORIENTED_EDGE('',*,*,#1688,.F.);
#870=ORIENTED_EDGE('',*,*,#1704,.T.);
#871=ORIENTED_EDGE('',*,*,#1328,.F.);
#872=ORIENTED_EDGE('',*,*,#1705,.F.);
#873=ORIENTED_EDGE('',*,*,#1690,.F.);
#874=ORIENTED_EDGE('',*,*,#1703,.T.);
#875=ORIENTED_EDGE('',*,*,#1694,.F.);
#876=ORIENTED_EDGE('',*,*,#1706,.F.);
#877=ORIENTED_EDGE('',*,*,#1326,.F.);
#878=ORIENTED_EDGE('',*,*,#1705,.T.);
#879=ORIENTED_EDGE('',*,*,#1327,.F.);
#880=ORIENTED_EDGE('',*,*,#1706,.T.);
#881=ORIENTED_EDGE('',*,*,#1692,.F.);
#882=ORIENTED_EDGE('',*,*,#1707,.F.);
#883=ORIENTED_EDGE('',*,*,#1685,.F.);
#884=ORIENTED_EDGE('',*,*,#1708,.F.);
#885=ORIENTED_EDGE('',*,*,#1333,.F.);
#886=ORIENTED_EDGE('',*,*,#1708,.T.);
#887=ORIENTED_EDGE('',*,*,#1686,.F.);
#888=ORIENTED_EDGE('',*,*,#1709,.F.);
#889=ORIENTED_EDGE('',*,*,#1330,.F.);
#890=ORIENTED_EDGE('',*,*,#1707,.T.);
#891=ORIENTED_EDGE('',*,*,#1332,.F.);
#892=ORIENTED_EDGE('',*,*,#1710,.F.);
#893=ORIENTED_EDGE('',*,*,#1683,.F.);
#894=ORIENTED_EDGE('',*,*,#1709,.T.);
#895=ORIENTED_EDGE('',*,*,#1680,.F.);
#896=ORIENTED_EDGE('',*,*,#1710,.T.);
#897=ORIENTED_EDGE('',*,*,#1331,.F.);
#898=ORIENTED_EDGE('',*,*,#1395,.F.);
#899=ORIENTED_EDGE('',*,*,#1711,.F.);
#900=ORIENTED_EDGE('',*,*,#1410,.T.);
#901=ORIENTED_EDGE('',*,*,#1712,.T.);
#902=ORIENTED_EDGE('',*,*,#1396,.F.);
#903=ORIENTED_EDGE('',*,*,#1712,.F.);
#904=ORIENTED_EDGE('',*,*,#1413,.T.);
#905=ORIENTED_EDGE('',*,*,#1713,.T.);
#906=ORIENTED_EDGE('',*,*,#1397,.F.);
#907=ORIENTED_EDGE('',*,*,#1713,.F.);
#908=ORIENTED_EDGE('',*,*,#1412,.T.);
#909=ORIENTED_EDGE('',*,*,#1714,.T.);
#910=ORIENTED_EDGE('',*,*,#1394,.F.);
#911=ORIENTED_EDGE('',*,*,#1714,.F.);
#912=ORIENTED_EDGE('',*,*,#1411,.T.);
#913=ORIENTED_EDGE('',*,*,#1711,.T.);
#914=ORIENTED_EDGE('',*,*,#1715,.T.);
#915=ORIENTED_EDGE('',*,*,#1716,.T.);
#916=ORIENTED_EDGE('',*,*,#1717,.T.);
#917=ORIENTED_EDGE('',*,*,#1718,.T.);
#918=ORIENTED_EDGE('',*,*,#1719,.F.);
#919=ORIENTED_EDGE('',*,*,#1720,.F.);
#920=ORIENTED_EDGE('',*,*,#1721,.F.);
#921=ORIENTED_EDGE('',*,*,#1722,.F.);
#922=ORIENTED_EDGE('',*,*,#1399,.F.);
#923=ORIENTED_EDGE('',*,*,#1723,.F.);
#924=ORIENTED_EDGE('',*,*,#1722,.T.);
#925=ORIENTED_EDGE('',*,*,#1724,.T.);
#926=ORIENTED_EDGE('',*,*,#1400,.F.);
#927=ORIENTED_EDGE('',*,*,#1724,.F.);
#928=ORIENTED_EDGE('',*,*,#1721,.T.);
#929=ORIENTED_EDGE('',*,*,#1725,.T.);
#930=ORIENTED_EDGE('',*,*,#1401,.F.);
#931=ORIENTED_EDGE('',*,*,#1725,.F.);
#932=ORIENTED_EDGE('',*,*,#1720,.T.);
#933=ORIENTED_EDGE('',*,*,#1726,.T.);
#934=ORIENTED_EDGE('',*,*,#1398,.F.);
#935=ORIENTED_EDGE('',*,*,#1726,.F.);
#936=ORIENTED_EDGE('',*,*,#1719,.T.);
#937=ORIENTED_EDGE('',*,*,#1723,.T.);
#938=ORIENTED_EDGE('',*,*,#1727,.T.);
#939=ORIENTED_EDGE('',*,*,#1728,.T.);
#940=ORIENTED_EDGE('',*,*,#1729,.F.);
#941=ORIENTED_EDGE('',*,*,#1414,.T.);
#942=ORIENTED_EDGE('',*,*,#1730,.T.);
#943=ORIENTED_EDGE('',*,*,#1731,.T.);
#944=ORIENTED_EDGE('',*,*,#1727,.F.);
#945=ORIENTED_EDGE('',*,*,#1417,.T.);
#946=ORIENTED_EDGE('',*,*,#1732,.T.);
#947=ORIENTED_EDGE('',*,*,#1733,.T.);
#948=ORIENTED_EDGE('',*,*,#1730,.F.);
#949=ORIENTED_EDGE('',*,*,#1416,.T.);
#950=ORIENTED_EDGE('',*,*,#1729,.T.);
#951=ORIENTED_EDGE('',*,*,#1734,.T.);
#952=ORIENTED_EDGE('',*,*,#1732,.F.);
#953=ORIENTED_EDGE('',*,*,#1415,.T.);
#954=ORIENTED_EDGE('',*,*,#1735,.T.);
#955=ORIENTED_EDGE('',*,*,#1736,.T.);
#956=ORIENTED_EDGE('',*,*,#1737,.F.);
#957=ORIENTED_EDGE('',*,*,#1716,.F.);
#958=ORIENTED_EDGE('',*,*,#1737,.T.);
#959=ORIENTED_EDGE('',*,*,#1738,.T.);
#960=ORIENTED_EDGE('',*,*,#1739,.F.);
#961=ORIENTED_EDGE('',*,*,#1717,.F.);
#962=ORIENTED_EDGE('',*,*,#1739,.T.);
#963=ORIENTED_EDGE('',*,*,#1740,.T.);
#964=ORIENTED_EDGE('',*,*,#1741,.F.);
#965=ORIENTED_EDGE('',*,*,#1718,.F.);
#966=ORIENTED_EDGE('',*,*,#1741,.T.);
#967=ORIENTED_EDGE('',*,*,#1742,.T.);
#968=ORIENTED_EDGE('',*,*,#1735,.F.);
#969=ORIENTED_EDGE('',*,*,#1715,.F.);
#970=ORIENTED_EDGE('',*,*,#1743,.F.);
#971=ORIENTED_EDGE('',*,*,#1744,.T.);
#972=ORIENTED_EDGE('',*,*,#1745,.F.);
#973=ORIENTED_EDGE('',*,*,#1746,.F.);
#974=ORIENTED_EDGE('',*,*,#1363,.F.);
#975=ORIENTED_EDGE('',*,*,#1747,.F.);
#976=ORIENTED_EDGE('',*,*,#1743,.T.);
#977=ORIENTED_EDGE('',*,*,#1748,.T.);
#978=ORIENTED_EDGE('',*,*,#1364,.F.);
#979=ORIENTED_EDGE('',*,*,#1748,.F.);
#980=ORIENTED_EDGE('',*,*,#1746,.T.);
#981=ORIENTED_EDGE('',*,*,#1749,.T.);
#982=ORIENTED_EDGE('',*,*,#1365,.F.);
#983=ORIENTED_EDGE('',*,*,#1749,.F.);
#984=ORIENTED_EDGE('',*,*,#1745,.T.);
#985=ORIENTED_EDGE('',*,*,#1750,.T.);
#986=ORIENTED_EDGE('',*,*,#1322,.T.);
#987=ORIENTED_EDGE('',*,*,#1702,.F.);
#988=ORIENTED_EDGE('',*,*,#1696,.F.);
#989=ORIENTED_EDGE('',*,*,#1699,.T.);
#990=ORIENTED_EDGE('',*,*,#1751,.F.);
#991=ORIENTED_EDGE('',*,*,#1361,.F.);
#992=ORIENTED_EDGE('',*,*,#1752,.F.);
#993=ORIENTED_EDGE('',*,*,#1736,.F.);
#994=ORIENTED_EDGE('',*,*,#1752,.T.);
#995=ORIENTED_EDGE('',*,*,#1360,.F.);
#996=ORIENTED_EDGE('',*,*,#1753,.F.);
#997=ORIENTED_EDGE('',*,*,#1738,.F.);
#998=ORIENTED_EDGE('',*,*,#1751,.T.);
#999=ORIENTED_EDGE('',*,*,#1742,.F.);
#1000=ORIENTED_EDGE('',*,*,#1754,.F.);
#1001=ORIENTED_EDGE('',*,*,#1358,.F.);
#1002=ORIENTED_EDGE('',*,*,#1753,.T.);
#1003=ORIENTED_EDGE('',*,*,#1359,.F.);
#1004=ORIENTED_EDGE('',*,*,#1754,.T.);
#1005=ORIENTED_EDGE('',*,*,#1740,.F.);
#1006=ORIENTED_EDGE('',*,*,#1755,.F.);
#1007=ORIENTED_EDGE('',*,*,#1733,.F.);
#1008=ORIENTED_EDGE('',*,*,#1756,.F.);
#1009=ORIENTED_EDGE('',*,*,#1357,.F.);
#1010=ORIENTED_EDGE('',*,*,#1756,.T.);
#1011=ORIENTED_EDGE('',*,*,#1734,.F.);
#1012=ORIENTED_EDGE('',*,*,#1757,.F.);
#1013=ORIENTED_EDGE('',*,*,#1354,.F.);
#1014=ORIENTED_EDGE('',*,*,#1755,.T.);
#1015=ORIENTED_EDGE('',*,*,#1356,.F.);
#1016=ORIENTED_EDGE('',*,*,#1758,.F.);
#1017=ORIENTED_EDGE('',*,*,#1731,.F.);
#1018=ORIENTED_EDGE('',*,*,#1757,.T.);
#1019=ORIENTED_EDGE('',*,*,#1728,.F.);
#1020=ORIENTED_EDGE('',*,*,#1758,.T.);
#1021=ORIENTED_EDGE('',*,*,#1355,.F.);
#1022=ORIENTED_EDGE('',*,*,#1403,.F.);
#1023=ORIENTED_EDGE('',*,*,#1759,.F.);
#1024=ORIENTED_EDGE('',*,*,#1366,.T.);
#1025=ORIENTED_EDGE('',*,*,#1760,.T.);
#1026=ORIENTED_EDGE('',*,*,#1404,.F.);
#1027=ORIENTED_EDGE('',*,*,#1760,.F.);
#1028=ORIENTED_EDGE('',*,*,#1369,.T.);
#1029=ORIENTED_EDGE('',*,*,#1761,.T.);
#1030=ORIENTED_EDGE('',*,*,#1405,.F.);
#1031=ORIENTED_EDGE('',*,*,#1761,.F.);
#1032=ORIENTED_EDGE('',*,*,#1368,.T.);
#1033=ORIENTED_EDGE('',*,*,#1762,.T.);
#1034=ORIENTED_EDGE('',*,*,#1402,.F.);
#1035=ORIENTED_EDGE('',*,*,#1762,.F.);
#1036=ORIENTED_EDGE('',*,*,#1367,.T.);
#1037=ORIENTED_EDGE('',*,*,#1759,.T.);
#1038=ORIENTED_EDGE('',*,*,#1763,.T.);
#1039=ORIENTED_EDGE('',*,*,#1764,.T.);
#1040=ORIENTED_EDGE('',*,*,#1765,.T.);
#1041=ORIENTED_EDGE('',*,*,#1766,.T.);
#1042=ORIENTED_EDGE('',*,*,#1767,.F.);
#1043=ORIENTED_EDGE('',*,*,#1768,.F.);
#1044=ORIENTED_EDGE('',*,*,#1769,.F.);
#1045=ORIENTED_EDGE('',*,*,#1770,.F.);
#1046=ORIENTED_EDGE('',*,*,#1407,.F.);
#1047=ORIENTED_EDGE('',*,*,#1771,.F.);
#1048=ORIENTED_EDGE('',*,*,#1770,.T.);
#1049=ORIENTED_EDGE('',*,*,#1772,.T.);
#1050=ORIENTED_EDGE('',*,*,#1408,.F.);
#1051=ORIENTED_EDGE('',*,*,#1772,.F.);
#1052=ORIENTED_EDGE('',*,*,#1769,.T.);
#1053=ORIENTED_EDGE('',*,*,#1773,.T.);
#1054=ORIENTED_EDGE('',*,*,#1409,.F.);
#1055=ORIENTED_EDGE('',*,*,#1773,.F.);
#1056=ORIENTED_EDGE('',*,*,#1768,.T.);
#1057=ORIENTED_EDGE('',*,*,#1774,.T.);
#1058=ORIENTED_EDGE('',*,*,#1406,.F.);
#1059=ORIENTED_EDGE('',*,*,#1774,.F.);
#1060=ORIENTED_EDGE('',*,*,#1767,.T.);
#1061=ORIENTED_EDGE('',*,*,#1771,.T.);
#1062=ORIENTED_EDGE('',*,*,#1775,.T.);
#1063=ORIENTED_EDGE('',*,*,#1776,.T.);
#1064=ORIENTED_EDGE('',*,*,#1777,.F.);
#1065=ORIENTED_EDGE('',*,*,#1370,.T.);
#1066=ORIENTED_EDGE('',*,*,#1778,.T.);
#1067=ORIENTED_EDGE('',*,*,#1779,.T.);
#1068=ORIENTED_EDGE('',*,*,#1775,.F.);
#1069=ORIENTED_EDGE('',*,*,#1373,.T.);
#1070=ORIENTED_EDGE('',*,*,#1780,.T.);
#1071=ORIENTED_EDGE('',*,*,#1781,.T.);
#1072=ORIENTED_EDGE('',*,*,#1778,.F.);
#1073=ORIENTED_EDGE('',*,*,#1372,.T.);
#1074=ORIENTED_EDGE('',*,*,#1777,.T.);
#1075=ORIENTED_EDGE('',*,*,#1782,.T.);
#1076=ORIENTED_EDGE('',*,*,#1780,.F.);
#1077=ORIENTED_EDGE('',*,*,#1371,.T.);
#1078=ORIENTED_EDGE('',*,*,#1783,.T.);
#1079=ORIENTED_EDGE('',*,*,#1784,.T.);
#1080=ORIENTED_EDGE('',*,*,#1785,.F.);
#1081=ORIENTED_EDGE('',*,*,#1764,.F.);
#1082=ORIENTED_EDGE('',*,*,#1785,.T.);
#1083=ORIENTED_EDGE('',*,*,#1786,.T.);
#1084=ORIENTED_EDGE('',*,*,#1787,.F.);
#1085=ORIENTED_EDGE('',*,*,#1765,.F.);
#1086=ORIENTED_EDGE('',*,*,#1787,.T.);
#1087=ORIENTED_EDGE('',*,*,#1788,.T.);
#1088=ORIENTED_EDGE('',*,*,#1789,.F.);
#1089=ORIENTED_EDGE('',*,*,#1766,.F.);
#1090=ORIENTED_EDGE('',*,*,#1789,.T.);
#1091=ORIENTED_EDGE('',*,*,#1790,.T.);
#1092=ORIENTED_EDGE('',*,*,#1783,.F.);
#1093=ORIENTED_EDGE('',*,*,#1763,.F.);
#1094=ORIENTED_EDGE('',*,*,#1791,.F.);
#1095=ORIENTED_EDGE('',*,*,#1792,.F.);
#1096=ORIENTED_EDGE('',*,*,#1793,.F.);
#1097=ORIENTED_EDGE('',*,*,#1794,.F.);
#1098=ORIENTED_EDGE('',*,*,#1318,.F.);
#1099=ORIENTED_EDGE('',*,*,#1795,.F.);
#1100=ORIENTED_EDGE('',*,*,#1791,.T.);
#1101=ORIENTED_EDGE('',*,*,#1796,.T.);
#1102=ORIENTED_EDGE('',*,*,#1319,.F.);
#1103=ORIENTED_EDGE('',*,*,#1796,.F.);
#1104=ORIENTED_EDGE('',*,*,#1794,.T.);
#1105=ORIENTED_EDGE('',*,*,#1797,.T.);
#1106=ORIENTED_EDGE('',*,*,#1320,.F.);
#1107=ORIENTED_EDGE('',*,*,#1797,.F.);
#1108=ORIENTED_EDGE('',*,*,#1793,.T.);
#1109=ORIENTED_EDGE('',*,*,#1798,.T.);
#1110=ORIENTED_EDGE('',*,*,#1321,.F.);
#1111=ORIENTED_EDGE('',*,*,#1798,.F.);
#1112=ORIENTED_EDGE('',*,*,#1792,.T.);
#1113=ORIENTED_EDGE('',*,*,#1795,.T.);
#1114=ORIENTED_EDGE('',*,*,#1362,.T.);
#1115=ORIENTED_EDGE('',*,*,#1750,.F.);
#1116=ORIENTED_EDGE('',*,*,#1744,.F.);
#1117=ORIENTED_EDGE('',*,*,#1747,.T.);
#1118=ORIENTED_EDGE('',*,*,#1799,.F.);
#1119=ORIENTED_EDGE('',*,*,#1313,.F.);
#1120=ORIENTED_EDGE('',*,*,#1800,.F.);
#1121=ORIENTED_EDGE('',*,*,#1784,.F.);
#1122=ORIENTED_EDGE('',*,*,#1800,.T.);
#1123=ORIENTED_EDGE('',*,*,#1312,.F.);
#1124=ORIENTED_EDGE('',*,*,#1801,.F.);
#1125=ORIENTED_EDGE('',*,*,#1786,.F.);
#1126=ORIENTED_EDGE('',*,*,#1799,.T.);
#1127=ORIENTED_EDGE('',*,*,#1790,.F.);
#1128=ORIENTED_EDGE('',*,*,#1802,.F.);
#1129=ORIENTED_EDGE('',*,*,#1310,.F.);
#1130=ORIENTED_EDGE('',*,*,#1801,.T.);
#1131=ORIENTED_EDGE('',*,*,#1311,.F.);
#1132=ORIENTED_EDGE('',*,*,#1802,.T.);
#1133=ORIENTED_EDGE('',*,*,#1788,.F.);
#1134=ORIENTED_EDGE('',*,*,#1803,.F.);
#1135=ORIENTED_EDGE('',*,*,#1781,.F.);
#1136=ORIENTED_EDGE('',*,*,#1804,.F.);
#1137=ORIENTED_EDGE('',*,*,#1317,.F.);
#1138=ORIENTED_EDGE('',*,*,#1804,.T.);
#1139=ORIENTED_EDGE('',*,*,#1782,.F.);
#1140=ORIENTED_EDGE('',*,*,#1805,.F.);
#1141=ORIENTED_EDGE('',*,*,#1314,.F.);
#1142=ORIENTED_EDGE('',*,*,#1803,.T.);
#1143=ORIENTED_EDGE('',*,*,#1316,.F.);
#1144=ORIENTED_EDGE('',*,*,#1806,.F.);
#1145=ORIENTED_EDGE('',*,*,#1779,.F.);
#1146=ORIENTED_EDGE('',*,*,#1805,.T.);
#1147=ORIENTED_EDGE('',*,*,#1776,.F.);
#1148=ORIENTED_EDGE('',*,*,#1806,.T.);
#1149=ORIENTED_EDGE('',*,*,#1315,.F.);
#1150=ORIENTED_EDGE('',*,*,#1807,.T.);
#1151=ORIENTED_EDGE('',*,*,#1808,.T.);
#1152=ORIENTED_EDGE('',*,*,#1809,.T.);
#1153=ORIENTED_EDGE('',*,*,#1810,.T.);
#1154=ORIENTED_EDGE('',*,*,#1811,.F.);
#1155=ORIENTED_EDGE('',*,*,#1812,.T.);
#1156=ORIENTED_EDGE('',*,*,#1813,.T.);
#1157=ORIENTED_EDGE('',*,*,#1814,.F.);
#1158=ORIENTED_EDGE('',*,*,#1815,.T.);
#1159=ORIENTED_EDGE('',*,*,#1816,.F.);
#1160=ORIENTED_EDGE('',*,*,#1817,.F.);
#1161=ORIENTED_EDGE('',*,*,#1814,.T.);
#1162=ORIENTED_EDGE('',*,*,#1818,.T.);
#1163=ORIENTED_EDGE('',*,*,#1819,.T.);
#1164=ORIENTED_EDGE('',*,*,#1820,.F.);
#1165=ORIENTED_EDGE('',*,*,#1816,.T.);
#1166=ORIENTED_EDGE('',*,*,#1821,.T.);
#1167=ORIENTED_EDGE('',*,*,#1822,.T.);
#1168=ORIENTED_EDGE('',*,*,#1823,.T.);
#1169=ORIENTED_EDGE('',*,*,#1824,.T.);
#1170=ORIENTED_EDGE('',*,*,#1825,.F.);
#1171=ORIENTED_EDGE('',*,*,#1826,.T.);
#1172=ORIENTED_EDGE('',*,*,#1827,.T.);
#1173=ORIENTED_EDGE('',*,*,#1828,.F.);
#1174=ORIENTED_EDGE('',*,*,#1829,.T.);
#1175=ORIENTED_EDGE('',*,*,#1830,.F.);
#1176=ORIENTED_EDGE('',*,*,#1831,.F.);
#1177=ORIENTED_EDGE('',*,*,#1828,.T.);
#1178=ORIENTED_EDGE('',*,*,#1832,.T.);
#1179=ORIENTED_EDGE('',*,*,#1833,.T.);
#1180=ORIENTED_EDGE('',*,*,#1834,.F.);
#1181=ORIENTED_EDGE('',*,*,#1830,.T.);
#1182=ORIENTED_EDGE('',*,*,#1820,.T.);
#1183=ORIENTED_EDGE('',*,*,#1835,.T.);
#1184=ORIENTED_EDGE('',*,*,#1825,.T.);
#1185=ORIENTED_EDGE('',*,*,#1831,.T.);
#1186=ORIENTED_EDGE('',*,*,#1834,.T.);
#1187=ORIENTED_EDGE('',*,*,#1836,.T.);
#1188=ORIENTED_EDGE('',*,*,#1811,.T.);
#1189=ORIENTED_EDGE('',*,*,#1817,.T.);
#1190=ORIENTED_EDGE('',*,*,#1827,.F.);
#1191=ORIENTED_EDGE('',*,*,#1837,.T.);
#1192=ORIENTED_EDGE('',*,*,#1818,.F.);
#1193=ORIENTED_EDGE('',*,*,#1815,.F.);
#1194=ORIENTED_EDGE('',*,*,#1813,.F.);
#1195=ORIENTED_EDGE('',*,*,#1838,.T.);
#1196=ORIENTED_EDGE('',*,*,#1832,.F.);
#1197=ORIENTED_EDGE('',*,*,#1829,.F.);
#1198=ORIENTED_EDGE('',*,*,#1839,.F.);
#1199=ORIENTED_EDGE('',*,*,#1824,.F.);
#1200=ORIENTED_EDGE('',*,*,#1840,.F.);
#1201=ORIENTED_EDGE('',*,*,#1837,.F.);
#1202=ORIENTED_EDGE('',*,*,#1840,.T.);
#1203=ORIENTED_EDGE('',*,*,#1823,.F.);
#1204=ORIENTED_EDGE('',*,*,#1841,.F.);
#1205=ORIENTED_EDGE('',*,*,#1819,.F.);
#1206=ORIENTED_EDGE('',*,*,#1839,.T.);
#1207=ORIENTED_EDGE('',*,*,#1826,.F.);
#1208=ORIENTED_EDGE('',*,*,#1842,.F.);
#1209=ORIENTED_EDGE('',*,*,#1821,.F.);
#1210=ORIENTED_EDGE('',*,*,#1841,.T.);
#1211=ORIENTED_EDGE('',*,*,#1822,.F.);
#1212=ORIENTED_EDGE('',*,*,#1842,.T.);
#1213=ORIENTED_EDGE('',*,*,#1835,.F.);
#1214=ORIENTED_EDGE('',*,*,#1843,.F.);
#1215=ORIENTED_EDGE('',*,*,#1812,.F.);
#1216=ORIENTED_EDGE('',*,*,#1844,.F.);
#1217=ORIENTED_EDGE('',*,*,#1810,.F.);
#1218=ORIENTED_EDGE('',*,*,#1844,.T.);
#1219=ORIENTED_EDGE('',*,*,#1836,.F.);
#1220=ORIENTED_EDGE('',*,*,#1845,.F.);
#1221=ORIENTED_EDGE('',*,*,#1807,.F.);
#1222=ORIENTED_EDGE('',*,*,#1843,.T.);
#1223=ORIENTED_EDGE('',*,*,#1809,.F.);
#1224=ORIENTED_EDGE('',*,*,#1846,.F.);
#1225=ORIENTED_EDGE('',*,*,#1838,.F.);
#1226=ORIENTED_EDGE('',*,*,#1845,.T.);
#1227=ORIENTED_EDGE('',*,*,#1833,.F.);
#1228=ORIENTED_EDGE('',*,*,#1846,.T.);
#1229=ORIENTED_EDGE('',*,*,#1808,.F.);
#1230=ORIENTED_EDGE('',*,*,#1847,.T.);
#1231=ORIENTED_EDGE('',*,*,#1848,.T.);
#1232=ORIENTED_EDGE('',*,*,#1849,.T.);
#1233=ORIENTED_EDGE('',*,*,#1850,.T.);
#1234=ORIENTED_EDGE('',*,*,#1851,.F.);
#1235=ORIENTED_EDGE('',*,*,#1852,.T.);
#1236=ORIENTED_EDGE('',*,*,#1853,.T.);
#1237=ORIENTED_EDGE('',*,*,#1854,.F.);
#1238=ORIENTED_EDGE('',*,*,#1855,.T.);
#1239=ORIENTED_EDGE('',*,*,#1856,.F.);
#1240=ORIENTED_EDGE('',*,*,#1857,.F.);
#1241=ORIENTED_EDGE('',*,*,#1854,.T.);
#1242=ORIENTED_EDGE('',*,*,#1858,.T.);
#1243=ORIENTED_EDGE('',*,*,#1859,.T.);
#1244=ORIENTED_EDGE('',*,*,#1860,.F.);
#1245=ORIENTED_EDGE('',*,*,#1856,.T.);
#1246=ORIENTED_EDGE('',*,*,#1861,.T.);
#1247=ORIENTED_EDGE('',*,*,#1862,.T.);
#1248=ORIENTED_EDGE('',*,*,#1863,.T.);
#1249=ORIENTED_EDGE('',*,*,#1864,.T.);
#1250=ORIENTED_EDGE('',*,*,#1865,.F.);
#1251=ORIENTED_EDGE('',*,*,#1866,.T.);
#1252=ORIENTED_EDGE('',*,*,#1867,.T.);
#1253=ORIENTED_EDGE('',*,*,#1868,.F.);
#1254=ORIENTED_EDGE('',*,*,#1869,.T.);
#1255=ORIENTED_EDGE('',*,*,#1870,.F.);
#1256=ORIENTED_EDGE('',*,*,#1871,.F.);
#1257=ORIENTED_EDGE('',*,*,#1868,.T.);
#1258=ORIENTED_EDGE('',*,*,#1872,.T.);
#1259=ORIENTED_EDGE('',*,*,#1873,.T.);
#1260=ORIENTED_EDGE('',*,*,#1874,.F.);
#1261=ORIENTED_EDGE('',*,*,#1870,.T.);
#1262=ORIENTED_EDGE('',*,*,#1860,.T.);
#1263=ORIENTED_EDGE('',*,*,#1875,.T.);
#1264=ORIENTED_EDGE('',*,*,#1865,.T.);
#1265=ORIENTED_EDGE('',*,*,#1871,.T.);
#1266=ORIENTED_EDGE('',*,*,#1874,.T.);
#1267=ORIENTED_EDGE('',*,*,#1876,.T.);
#1268=ORIENTED_EDGE('',*,*,#1851,.T.);
#1269=ORIENTED_EDGE('',*,*,#1857,.T.);
#1270=ORIENTED_EDGE('',*,*,#1867,.F.);
#1271=ORIENTED_EDGE('',*,*,#1877,.T.);
#1272=ORIENTED_EDGE('',*,*,#1858,.F.);
#1273=ORIENTED_EDGE('',*,*,#1855,.F.);
#1274=ORIENTED_EDGE('',*,*,#1853,.F.);
#1275=ORIENTED_EDGE('',*,*,#1878,.T.);
#1276=ORIENTED_EDGE('',*,*,#1872,.F.);
#1277=ORIENTED_EDGE('',*,*,#1869,.F.);
#1278=ORIENTED_EDGE('',*,*,#1879,.F.);
#1279=ORIENTED_EDGE('',*,*,#1864,.F.);
#1280=ORIENTED_EDGE('',*,*,#1880,.F.);
#1281=ORIENTED_EDGE('',*,*,#1877,.F.);
#1282=ORIENTED_EDGE('',*,*,#1880,.T.);
#1283=ORIENTED_EDGE('',*,*,#1863,.F.);
#1284=ORIENTED_EDGE('',*,*,#1881,.F.);
#1285=ORIENTED_EDGE('',*,*,#1859,.F.);
#1286=ORIENTED_EDGE('',*,*,#1879,.T.);
#1287=ORIENTED_EDGE('',*,*,#1866,.F.);
#1288=ORIENTED_EDGE('',*,*,#1882,.F.);
#1289=ORIENTED_EDGE('',*,*,#1861,.F.);
#1290=ORIENTED_EDGE('',*,*,#1881,.T.);
#1291=ORIENTED_EDGE('',*,*,#1862,.F.);
#1292=ORIENTED_EDGE('',*,*,#1882,.T.);
#1293=ORIENTED_EDGE('',*,*,#1875,.F.);
#1294=ORIENTED_EDGE('',*,*,#1883,.F.);
#1295=ORIENTED_EDGE('',*,*,#1852,.F.);
#1296=ORIENTED_EDGE('',*,*,#1884,.F.);
#1297=ORIENTED_EDGE('',*,*,#1850,.F.);
#1298=ORIENTED_EDGE('',*,*,#1884,.T.);
#1299=ORIENTED_EDGE('',*,*,#1876,.F.);
#1300=ORIENTED_EDGE('',*,*,#1885,.F.);
#1301=ORIENTED_EDGE('',*,*,#1847,.F.);
#1302=ORIENTED_EDGE('',*,*,#1883,.T.);
#1303=ORIENTED_EDGE('',*,*,#1849,.F.);
#1304=ORIENTED_EDGE('',*,*,#1886,.F.);
#1305=ORIENTED_EDGE('',*,*,#1878,.F.);
#1306=ORIENTED_EDGE('',*,*,#1885,.T.);
#1307=ORIENTED_EDGE('',*,*,#1873,.F.);
#1308=ORIENTED_EDGE('',*,*,#1886,.T.);
#1309=ORIENTED_EDGE('',*,*,#1848,.F.);
#1310=EDGE_CURVE('',#1887,#1888,#2256,.T.);
#1311=EDGE_CURVE('',#1888,#1889,#2257,.T.);
#1312=EDGE_CURVE('',#1889,#1890,#2258,.T.);
#1313=EDGE_CURVE('',#1890,#1887,#2259,.T.);
#1314=EDGE_CURVE('',#1891,#1892,#2260,.T.);
#1315=EDGE_CURVE('',#1892,#1893,#2261,.T.);
#1316=EDGE_CURVE('',#1893,#1894,#2262,.T.);
#1317=EDGE_CURVE('',#1894,#1891,#2263,.T.);
#1318=EDGE_CURVE('',#1895,#1896,#2264,.T.);
#1319=EDGE_CURVE('',#1896,#1897,#2265,.T.);
#1320=EDGE_CURVE('',#1897,#1898,#2266,.T.);
#1321=EDGE_CURVE('',#1898,#1895,#2267,.T.);
#1322=EDGE_CURVE('',#1899,#1900,#2268,.T.);
#1323=EDGE_CURVE('',#1899,#1901,#2269,.T.);
#1324=EDGE_CURVE('',#1901,#1902,#2270,.T.);
#1325=EDGE_CURVE('',#1902,#1900,#2271,.T.);
#1326=EDGE_CURVE('',#1903,#1904,#2272,.T.);
#1327=EDGE_CURVE('',#1904,#1905,#2273,.T.);
#1328=EDGE_CURVE('',#1905,#1906,#2274,.T.);
#1329=EDGE_CURVE('',#1906,#1903,#2275,.T.);
#1330=EDGE_CURVE('',#1907,#1908,#2276,.T.);
#1331=EDGE_CURVE('',#1908,#1909,#2277,.T.);
#1332=EDGE_CURVE('',#1909,#1910,#2278,.T.);
#1333=EDGE_CURVE('',#1910,#1907,#2279,.T.);
#1334=EDGE_CURVE('',#1911,#1912,#2280,.T.);
#1335=EDGE_CURVE('',#1913,#1911,#2281,.T.);
#1336=EDGE_CURVE('',#1914,#1913,#2282,.T.);
#1337=EDGE_CURVE('',#1912,#1914,#2283,.T.);
#1338=EDGE_CURVE('',#1915,#1916,#2284,.T.);
#1339=EDGE_CURVE('',#1917,#1915,#2285,.T.);
#1340=EDGE_CURVE('',#1918,#1917,#2286,.T.);
#1341=EDGE_CURVE('',#1916,#1918,#2287,.T.);
#1342=EDGE_CURVE('',#1919,#1920,#2288,.T.);
#1343=EDGE_CURVE('',#1920,#1921,#2289,.T.);
#1344=EDGE_CURVE('',#1921,#1922,#2290,.T.);
#1345=EDGE_CURVE('',#1922,#1919,#2291,.T.);
#1346=EDGE_CURVE('',#1923,#1924,#2292,.T.);
#1347=EDGE_CURVE('',#1924,#1925,#2293,.T.);
#1348=EDGE_CURVE('',#1925,#1926,#2294,.T.);
#1349=EDGE_CURVE('',#1926,#1923,#2295,.T.);
#1350=EDGE_CURVE('',#1927,#1928,#2296,.T.);
#1351=EDGE_CURVE('',#1927,#1929,#2297,.T.);
#1352=EDGE_CURVE('',#1929,#1930,#2298,.T.);
#1353=EDGE_CURVE('',#1930,#1928,#2299,.T.);
#1354=EDGE_CURVE('',#1931,#1932,#2300,.T.);
#1355=EDGE_CURVE('',#1932,#1933,#2301,.T.);
#1356=EDGE_CURVE('',#1933,#1934,#2302,.T.);
#1357=EDGE_CURVE('',#1934,#1931,#2303,.T.);
#1358=EDGE_CURVE('',#1935,#1936,#2304,.T.);
#1359=EDGE_CURVE('',#1936,#1937,#2305,.T.);
#1360=EDGE_CURVE('',#1937,#1938,#2306,.T.);
#1361=EDGE_CURVE('',#1938,#1935,#2307,.T.);
#1362=EDGE_CURVE('',#1939,#1940,#2308,.T.);
#1363=EDGE_CURVE('',#1939,#1941,#2309,.T.);
#1364=EDGE_CURVE('',#1941,#1942,#2310,.T.);
#1365=EDGE_CURVE('',#1942,#1940,#2311,.T.);
#1366=EDGE_CURVE('',#1943,#1944,#2312,.T.);
#1367=EDGE_CURVE('',#1945,#1943,#2313,.T.);
#1368=EDGE_CURVE('',#1946,#1945,#2314,.T.);
#1369=EDGE_CURVE('',#1944,#1946,#2315,.T.);
#1370=EDGE_CURVE('',#1947,#1948,#2316,.T.);
#1371=EDGE_CURVE('',#1949,#1947,#2317,.T.);
#1372=EDGE_CURVE('',#1950,#1949,#2318,.T.);
#1373=EDGE_CURVE('',#1948,#1950,#2319,.T.);
#1374=EDGE_CURVE('',#1951,#1952,#2320,.T.);
#1375=EDGE_CURVE('',#1952,#1953,#2321,.T.);
#1376=EDGE_CURVE('',#1953,#1954,#2322,.T.);
#1377=EDGE_CURVE('',#1954,#1951,#2323,.T.);
#1378=EDGE_CURVE('',#1955,#1956,#2324,.T.);
#1379=EDGE_CURVE('',#1956,#1957,#2325,.T.);
#1380=EDGE_CURVE('',#1957,#1958,#2326,.T.);
#1381=EDGE_CURVE('',#1958,#1959,#2327,.T.);
#1382=EDGE_CURVE('',#1959,#1960,#2328,.T.);
#1383=EDGE_CURVE('',#1960,#1961,#2329,.T.);
#1384=EDGE_CURVE('',#1961,#1962,#2330,.T.);
#1385=EDGE_CURVE('',#1962,#1955,#2331,.T.);
#1386=EDGE_CURVE('',#1963,#1964,#2332,.T.);
#1387=EDGE_CURVE('',#1964,#1965,#2333,.T.);
#1388=EDGE_CURVE('',#1965,#1966,#2334,.T.);
#1389=EDGE_CURVE('',#1966,#1963,#2335,.T.);
#1390=EDGE_CURVE('',#1967,#1968,#2336,.T.);
#1391=EDGE_CURVE('',#1968,#1969,#2337,.T.);
#1392=EDGE_CURVE('',#1969,#1970,#2338,.T.);
#1393=EDGE_CURVE('',#1970,#1967,#2339,.T.);
#1394=EDGE_CURVE('',#1971,#1972,#2340,.T.);
#1395=EDGE_CURVE('',#1972,#1973,#2341,.T.);
#1396=EDGE_CURVE('',#1973,#1974,#2342,.T.);
#1397=EDGE_CURVE('',#1974,#1971,#2343,.T.);
#1398=EDGE_CURVE('',#1975,#1976,#2344,.T.);
#1399=EDGE_CURVE('',#1976,#1977,#2345,.T.);
#1400=EDGE_CURVE('',#1977,#1978,#2346,.T.);
#1401=EDGE_CURVE('',#1978,#1975,#2347,.T.);
#1402=EDGE_CURVE('',#1979,#1980,#2348,.T.);
#1403=EDGE_CURVE('',#1980,#1981,#2349,.T.);
#1404=EDGE_CURVE('',#1981,#1982,#2350,.T.);
#1405=EDGE_CURVE('',#1982,#1979,#2351,.T.);
#1406=EDGE_CURVE('',#1983,#1984,#2352,.T.);
#1407=EDGE_CURVE('',#1984,#1985,#2353,.T.);
#1408=EDGE_CURVE('',#1985,#1986,#2354,.T.);
#1409=EDGE_CURVE('',#1986,#1983,#2355,.T.);
#1410=EDGE_CURVE('',#1987,#1988,#2356,.T.);
#1411=EDGE_CURVE('',#1989,#1987,#2357,.T.);
#1412=EDGE_CURVE('',#1990,#1989,#2358,.T.);
#1413=EDGE_CURVE('',#1988,#1990,#2359,.T.);
#1414=EDGE_CURVE('',#1991,#1992,#2360,.T.);
#1415=EDGE_CURVE('',#1993,#1991,#2361,.T.);
#1416=EDGE_CURVE('',#1994,#1993,#2362,.T.);
#1417=EDGE_CURVE('',#1992,#1994,#2363,.T.);
#1418=EDGE_CURVE('',#1995,#1996,#2364,.T.);
#1419=EDGE_CURVE('',#1997,#1995,#2365,.T.);
#1420=EDGE_CURVE('',#1998,#1997,#2366,.T.);
#1421=EDGE_CURVE('',#1996,#1998,#2367,.T.);
#1422=EDGE_CURVE('',#1999,#2000,#2368,.T.);
#1423=EDGE_CURVE('',#2001,#1999,#2369,.T.);
#1424=EDGE_CURVE('',#2002,#2001,#2370,.T.);
#1425=EDGE_CURVE('',#2000,#2002,#2371,.T.);
#1426=EDGE_CURVE('',#1952,#2003,#2372,.T.);
#1427=EDGE_CURVE('',#1951,#2004,#2373,.T.);
#1428=EDGE_CURVE('',#2004,#2005,#2374,.T.);
#1429=EDGE_CURVE('',#2006,#2005,#2375,.T.);
#1430=EDGE_CURVE('',#2006,#2007,#2376,.T.);
#1431=EDGE_CURVE('',#2007,#1912,#2377,.T.);
#1432=EDGE_CURVE('',#2008,#1914,#2378,.T.);
#1433=EDGE_CURVE('',#2009,#2008,#2379,.T.);
#1434=EDGE_CURVE('',#2010,#2009,#2380,.F.);
#1435=EDGE_CURVE('',#2011,#2010,#2381,.F.);
#1436=EDGE_CURVE('',#2003,#2011,#2382,.T.);
#1437=EDGE_CURVE('',#2012,#2013,#106,.T.);
#1438=EDGE_CURVE('',#2014,#2012,#2383,.T.);
#1439=EDGE_CURVE('',#2015,#2014,#107,.T.);
#1440=EDGE_CURVE('',#2016,#2015,#2384,.T.);
#1441=EDGE_CURVE('',#2017,#2016,#108,.T.);
#1442=EDGE_CURVE('',#2018,#2017,#2385,.T.);
#1443=EDGE_CURVE('',#2019,#2018,#109,.T.);
#1444=EDGE_CURVE('',#2020,#2019,#2386,.T.);
#1445=EDGE_CURVE('',#2021,#2020,#110,.T.);
#1446=EDGE_CURVE('',#2022,#2021,#2387,.T.);
#1447=EDGE_CURVE('',#2023,#2022,#111,.T.);
#1448=EDGE_CURVE('',#2024,#2023,#2388,.T.);
#1449=EDGE_CURVE('',#2025,#2024,#112,.T.);
#1450=EDGE_CURVE('',#2026,#2025,#2389,.T.);
#1451=EDGE_CURVE('',#2027,#2026,#113,.T.);
#1452=EDGE_CURVE('',#2013,#2027,#2390,.T.);
#1453=EDGE_CURVE('',#2028,#2029,#114,.F.);
#1454=EDGE_CURVE('',#2030,#2028,#2391,.T.);
#1455=EDGE_CURVE('',#2031,#2030,#115,.T.);
#1456=EDGE_CURVE('',#2032,#2031,#2392,.T.);
#1457=EDGE_CURVE('',#2033,#2032,#116,.F.);
#1458=EDGE_CURVE('',#2034,#2033,#2393,.T.);
#1459=EDGE_CURVE('',#2035,#2034,#117,.T.);
#1460=EDGE_CURVE('',#2036,#2035,#2394,.T.);
#1461=EDGE_CURVE('',#2037,#2036,#118,.F.);
#1462=EDGE_CURVE('',#2038,#2037,#2395,.T.);
#1463=EDGE_CURVE('',#2039,#2038,#119,.T.);
#1464=EDGE_CURVE('',#2040,#2039,#2396,.T.);
#1465=EDGE_CURVE('',#2041,#2040,#120,.F.);
#1466=EDGE_CURVE('',#2042,#2041,#2397,.T.);
#1467=EDGE_CURVE('',#2043,#2042,#121,.T.);
#1468=EDGE_CURVE('',#2029,#2043,#2398,.T.);
#1469=EDGE_CURVE('',#2044,#2045,#2399,.T.);
#1470=EDGE_CURVE('',#2046,#2044,#2400,.T.);
#1471=EDGE_CURVE('',#2047,#2046,#2401,.T.);
#1472=EDGE_CURVE('',#2045,#2047,#2402,.T.);
#1473=EDGE_CURVE('',#2048,#2049,#2403,.T.);
#1474=EDGE_CURVE('',#2050,#2048,#2404,.T.);
#1475=EDGE_CURVE('',#2051,#2050,#2405,.T.);
#1476=EDGE_CURVE('',#2049,#2051,#2406,.T.);
#1477=EDGE_CURVE('',#2052,#2028,#2407,.T.);
#1478=EDGE_CURVE('',#2053,#2029,#2408,.T.);
#1479=EDGE_CURVE('',#2052,#2053,#122,.F.);
#1480=EDGE_CURVE('',#2054,#2055,#2409,.T.);
#1481=EDGE_CURVE('',#2055,#2030,#2410,.T.);
#1482=EDGE_CURVE('',#2054,#2052,#69,.T.);
#1483=EDGE_CURVE('',#2055,#2056,#123,.T.);
#1484=EDGE_CURVE('',#2056,#2031,#2411,.T.);
#1485=EDGE_CURVE('',#2057,#2032,#2412,.T.);
#1486=EDGE_CURVE('',#2056,#2058,#2413,.T.);
#1487=EDGE_CURVE('',#2057,#2058,#70,.T.);
#1488=EDGE_CURVE('',#2059,#2033,#2414,.T.);
#1489=EDGE_CURVE('',#2059,#2057,#124,.F.);
#1490=EDGE_CURVE('',#2060,#2061,#2415,.T.);
#1491=EDGE_CURVE('',#2061,#2034,#2416,.T.);
#1492=EDGE_CURVE('',#2060,#2059,#71,.T.);
#1493=EDGE_CURVE('',#2061,#2062,#125,.T.);
#1494=EDGE_CURVE('',#2062,#2035,#2417,.T.);
#1495=EDGE_CURVE('',#2063,#2036,#2418,.T.);
#1496=EDGE_CURVE('',#2062,#2064,#2419,.T.);
#1497=EDGE_CURVE('',#2063,#2064,#72,.T.);
#1498=EDGE_CURVE('',#2065,#2037,#2420,.T.);
#1499=EDGE_CURVE('',#2065,#2063,#126,.F.);
#1500=EDGE_CURVE('',#2066,#2067,#2421,.T.);
#1501=EDGE_CURVE('',#2067,#2038,#2422,.T.);
#1502=EDGE_CURVE('',#2066,#2065,#73,.T.);
#1503=EDGE_CURVE('',#2067,#2068,#127,.T.);
#1504=EDGE_CURVE('',#2068,#2039,#2423,.T.);
#1505=EDGE_CURVE('',#2069,#2040,#2424,.T.);
#1506=EDGE_CURVE('',#2068,#2070,#2425,.T.);
#1507=EDGE_CURVE('',#2069,#2070,#74,.T.);
#1508=EDGE_CURVE('',#2071,#2041,#2426,.T.);
#1509=EDGE_CURVE('',#2071,#2069,#128,.F.);
#1510=EDGE_CURVE('',#2072,#2073,#2427,.T.);
#1511=EDGE_CURVE('',#2073,#2042,#2428,.T.);
#1512=EDGE_CURVE('',#2072,#2071,#75,.T.);
#1513=EDGE_CURVE('',#2073,#2074,#129,.T.);
#1514=EDGE_CURVE('',#2074,#2043,#2429,.T.);
#1515=EDGE_CURVE('',#2074,#2075,#2430,.T.);
#1516=EDGE_CURVE('',#2053,#2075,#76,.T.);
#1517=EDGE_CURVE('',#2075,#2054,#130,.T.);
#1518=EDGE_CURVE('',#2070,#2072,#131,.T.);
#1519=EDGE_CURVE('',#2064,#2066,#132,.T.);
#1520=EDGE_CURVE('',#2058,#2060,#133,.T.);
#1521=EDGE_CURVE('',#2076,#2077,#2431,.T.);
#1522=EDGE_CURVE('',#2078,#2077,#2432,.T.);
#1523=EDGE_CURVE('',#2079,#2078,#2433,.T.);
#1524=EDGE_CURVE('',#2079,#2076,#2434,.T.);
#1525=EDGE_CURVE('',#2080,#2076,#2435,.T.);
#1526=EDGE_CURVE('',#2081,#2079,#2436,.T.);
#1527=EDGE_CURVE('',#2081,#2080,#2437,.T.);
#1528=EDGE_CURVE('',#2082,#2083,#2438,.T.);
#1529=EDGE_CURVE('',#2077,#2082,#134,.T.);
#1530=EDGE_CURVE('',#2083,#2080,#2439,.T.);
#1531=EDGE_CURVE('',#2084,#2082,#2440,.T.);
#1532=EDGE_CURVE('',#2078,#2084,#135,.T.);
#1533=EDGE_CURVE('',#2084,#2085,#2441,.T.);
#1534=EDGE_CURVE('',#2085,#2081,#2442,.T.);
#1535=EDGE_CURVE('',#2085,#2083,#2443,.T.);
#1536=EDGE_CURVE('',#2086,#2087,#2444,.T.);
#1537=EDGE_CURVE('',#2087,#2088,#2445,.T.);
#1538=EDGE_CURVE('',#2088,#2089,#2446,.T.);
#1539=EDGE_CURVE('',#2089,#2086,#2447,.T.);
#1540=EDGE_CURVE('',#2090,#2091,#77,.T.);
#1541=EDGE_CURVE('',#2092,#2090,#136,.F.);
#1542=EDGE_CURVE('',#2093,#2092,#78,.T.);
#1543=EDGE_CURVE('',#2091,#2093,#137,.T.);
#1544=EDGE_CURVE('',#2094,#2095,#79,.T.);
#1545=EDGE_CURVE('',#2096,#2094,#138,.F.);
#1546=EDGE_CURVE('',#2097,#2096,#80,.T.);
#1547=EDGE_CURVE('',#2095,#2097,#139,.T.);
#1548=EDGE_CURVE('',#2098,#2099,#81,.T.);
#1549=EDGE_CURVE('',#2100,#2098,#140,.F.);
#1550=EDGE_CURVE('',#2101,#2100,#82,.T.);
#1551=EDGE_CURVE('',#2099,#2101,#141,.T.);
#1552=EDGE_CURVE('',#2102,#2099,#2448,.T.);
#1553=EDGE_CURVE('',#2101,#2103,#2449,.T.);
#1554=EDGE_CURVE('',#2103,#2104,#142,.T.);
#1555=EDGE_CURVE('',#2104,#2105,#2450,.T.);
#1556=EDGE_CURVE('',#2105,#2106,#143,.T.);
#1557=EDGE_CURVE('',#2106,#2107,#2451,.T.);
#1558=EDGE_CURVE('',#2107,#2108,#144,.T.);
#1559=EDGE_CURVE('',#2108,#2091,#2452,.T.);
#1560=EDGE_CURVE('',#2093,#2109,#2453,.T.);
#1561=EDGE_CURVE('',#2109,#2110,#145,.T.);
#1562=EDGE_CURVE('',#2110,#2095,#2454,.T.);
#1563=EDGE_CURVE('',#2097,#2111,#2455,.T.);
#1564=EDGE_CURVE('',#2111,#2102,#146,.T.);
#1565=EDGE_CURVE('',#2112,#2105,#83,.T.);
#1566=EDGE_CURVE('',#2113,#2112,#147,.F.);
#1567=EDGE_CURVE('',#2106,#2113,#84,.T.);
#1568=EDGE_CURVE('',#1954,#1911,#2456,.T.);
#1569=EDGE_CURVE('',#1953,#1913,#2457,.T.);
#1570=EDGE_CURVE('',#2088,#2011,#2458,.T.);
#1571=EDGE_CURVE('',#2087,#2003,#2459,.T.);
#1572=EDGE_CURVE('',#2089,#2009,#2460,.T.);
#1573=EDGE_CURVE('',#2086,#2008,#2461,.T.);
#1574=EDGE_CURVE('',#2114,#2007,#2462,.T.);
#1575=EDGE_CURVE('',#2114,#2115,#2463,.T.);
#1576=EDGE_CURVE('',#2115,#2004,#2464,.T.);
#1577=EDGE_CURVE('',#2113,#2024,#2465,.T.);
#1578=EDGE_CURVE('',#2107,#2023,#2466,.T.);
#1579=EDGE_CURVE('',#2108,#2022,#2467,.T.);
#1580=EDGE_CURVE('',#2090,#2021,#2468,.T.);
#1581=EDGE_CURVE('',#2092,#2020,#2469,.T.);
#1582=EDGE_CURVE('',#2109,#2019,#2470,.T.);
#1583=EDGE_CURVE('',#2110,#2018,#2471,.T.);
#1584=EDGE_CURVE('',#2094,#2017,#2472,.T.);
#1585=EDGE_CURVE('',#2096,#2016,#2473,.T.);
#1586=EDGE_CURVE('',#2111,#2015,#2474,.T.);
#1587=EDGE_CURVE('',#2102,#2014,#2475,.T.);
#1588=EDGE_CURVE('',#2098,#2012,#2476,.T.);
#1589=EDGE_CURVE('',#2100,#2013,#2477,.T.);
#1590=EDGE_CURVE('',#2103,#2027,#2478,.T.);
#1591=EDGE_CURVE('',#2104,#2026,#2479,.T.);
#1592=EDGE_CURVE('',#2112,#2025,#2480,.T.);
#1593=EDGE_CURVE('',#2116,#2114,#2481,.T.);
#1594=EDGE_CURVE('',#2117,#2116,#2482,.T.);
#1595=EDGE_CURVE('',#2115,#2117,#2483,.T.);
#1596=EDGE_CURVE('',#2116,#2006,#2484,.T.);
#1597=EDGE_CURVE('',#2117,#2005,#2485,.T.);
#1598=EDGE_CURVE('',#2118,#2119,#2486,.T.);
#1599=EDGE_CURVE('',#2045,#2118,#2487,.T.);
#1600=EDGE_CURVE('',#2047,#1961,#2488,.T.);
#1601=EDGE_CURVE('',#2120,#1960,#2489,.T.);
#1602=EDGE_CURVE('',#2119,#2120,#2490,.T.);
#1603=EDGE_CURVE('',#2046,#1962,#2491,.T.);
#1604=EDGE_CURVE('',#2044,#1955,#2492,.T.);
#1605=EDGE_CURVE('',#2121,#2122,#2493,.T.);
#1606=EDGE_CURVE('',#2122,#2123,#2494,.T.);
#1607=EDGE_CURVE('',#2123,#2124,#2495,.T.);
#1608=EDGE_CURVE('',#2124,#2121,#2496,.T.);
#1609=EDGE_CURVE('',#2125,#2126,#2497,.T.);
#1610=EDGE_CURVE('',#2127,#2125,#2498,.T.);
#1611=EDGE_CURVE('',#2128,#2127,#2499,.T.);
#1612=EDGE_CURVE('',#2126,#2128,#2500,.T.);
#1613=EDGE_CURVE('',#2128,#1957,#2501,.T.);
#1614=EDGE_CURVE('',#2126,#1956,#2502,.T.);
#1615=EDGE_CURVE('',#2127,#1958,#2503,.T.);
#1616=EDGE_CURVE('',#2129,#2130,#2504,.T.);
#1617=EDGE_CURVE('',#2131,#2129,#2505,.T.);
#1618=EDGE_CURVE('',#1959,#2131,#2506,.T.);
#1619=EDGE_CURVE('',#2125,#2130,#2507,.T.);
#1620=EDGE_CURVE('',#2130,#2118,#2508,.T.);
#1621=EDGE_CURVE('',#2049,#2132,#2509,.T.);
#1622=EDGE_CURVE('',#2132,#2133,#2510,.T.);
#1623=EDGE_CURVE('',#2048,#2133,#2511,.T.);
#1624=EDGE_CURVE('',#2051,#2134,#2512,.T.);
#1625=EDGE_CURVE('',#2134,#2132,#2513,.T.);
#1626=EDGE_CURVE('',#2050,#2135,#2514,.T.);
#1627=EDGE_CURVE('',#2135,#2134,#2515,.T.);
#1628=EDGE_CURVE('',#2133,#2135,#2516,.T.);
#1629=EDGE_CURVE('',#2122,#2136,#2517,.T.);
#1630=EDGE_CURVE('',#2136,#2137,#2518,.T.);
#1631=EDGE_CURVE('',#2123,#2137,#2519,.T.);
#1632=EDGE_CURVE('',#2137,#2138,#2520,.T.);
#1633=EDGE_CURVE('',#2124,#2138,#2521,.T.);
#1634=EDGE_CURVE('',#2138,#2139,#2522,.T.);
#1635=EDGE_CURVE('',#2121,#2139,#2523,.T.);
#1636=EDGE_CURVE('',#2139,#2136,#2524,.T.);
#1637=EDGE_CURVE('',#2140,#2141,#2525,.T.);
#1638=EDGE_CURVE('',#2140,#2142,#2526,.T.);
#1639=EDGE_CURVE('',#2143,#2142,#2527,.T.);
#1640=EDGE_CURVE('',#2141,#2143,#2528,.T.);
#1641=EDGE_CURVE('',#2140,#1927,#2529,.T.);
#1642=EDGE_CURVE('',#2141,#1929,#2530,.T.);
#1643=EDGE_CURVE('',#2143,#1930,#2531,.T.);
#1644=EDGE_CURVE('',#2142,#1928,#2532,.T.);
#1645=EDGE_CURVE('',#2144,#2145,#2533,.T.);
#1646=EDGE_CURVE('',#2145,#2146,#2534,.T.);
#1647=EDGE_CURVE('',#2146,#2147,#2535,.T.);
#1648=EDGE_CURVE('',#2147,#2144,#2536,.T.);
#1649=EDGE_CURVE('',#2146,#1915,#2537,.T.);
#1650=EDGE_CURVE('',#2145,#1917,#2538,.T.);
#1651=EDGE_CURVE('',#2147,#1916,#2539,.T.);
#1652=EDGE_CURVE('',#2144,#1918,#2540,.T.);
#1653=EDGE_CURVE('',#1923,#2136,#2541,.T.);
#1654=EDGE_CURVE('',#2137,#1926,#2542,.F.);
#1655=EDGE_CURVE('',#2138,#1925,#2543,.F.);
#1656=EDGE_CURVE('',#1924,#2139,#2544,.F.);
#1657=EDGE_CURVE('',#2134,#1922,#2545,.T.);
#1658=EDGE_CURVE('',#1919,#2135,#2546,.F.);
#1659=EDGE_CURVE('',#1920,#2133,#2547,.F.);
#1660=EDGE_CURVE('',#2132,#1921,#2548,.F.);
#1661=EDGE_CURVE('',#2129,#2119,#2549,.T.);
#1662=EDGE_CURVE('',#2131,#2120,#2550,.T.);
#1663=EDGE_CURVE('',#1995,#1964,#2551,.T.);
#1664=EDGE_CURVE('',#1996,#1965,#2552,.T.);
#1665=EDGE_CURVE('',#1998,#1966,#2553,.T.);
#1666=EDGE_CURVE('',#1997,#1963,#2554,.T.);
#1667=EDGE_CURVE('',#2148,#2149,#2555,.T.);
#1668=EDGE_CURVE('',#2149,#2150,#2556,.T.);
#1669=EDGE_CURVE('',#2150,#2151,#2557,.T.);
#1670=EDGE_CURVE('',#2151,#2148,#2558,.T.);
#1671=EDGE_CURVE('',#2152,#2153,#2559,.T.);
#1672=EDGE_CURVE('',#2154,#2152,#2560,.T.);
#1673=EDGE_CURVE('',#2155,#2154,#2561,.T.);
#1674=EDGE_CURVE('',#2153,#2155,#2562,.T.);
#1675=EDGE_CURVE('',#2153,#1968,#2563,.T.);
#1676=EDGE_CURVE('',#2155,#1969,#2564,.T.);
#1677=EDGE_CURVE('',#2154,#1970,#2565,.T.);
#1678=EDGE_CURVE('',#2152,#1967,#2566,.T.);
#1679=EDGE_CURVE('',#2000,#2156,#2567,.T.);
#1680=EDGE_CURVE('',#2156,#2157,#2568,.T.);
#1681=EDGE_CURVE('',#1999,#2157,#2569,.T.);
#1682=EDGE_CURVE('',#2002,#2158,#2570,.T.);
#1683=EDGE_CURVE('',#2158,#2156,#2571,.T.);
#1684=EDGE_CURVE('',#2001,#2159,#2572,.T.);
#1685=EDGE_CURVE('',#2159,#2158,#2573,.T.);
#1686=EDGE_CURVE('',#2157,#2159,#2574,.T.);
#1687=EDGE_CURVE('',#2149,#2160,#2575,.T.);
#1688=EDGE_CURVE('',#2160,#2161,#2576,.T.);
#1689=EDGE_CURVE('',#2150,#2161,#2577,.T.);
#1690=EDGE_CURVE('',#2161,#2162,#2578,.T.);
#1691=EDGE_CURVE('',#2151,#2162,#2579,.T.);
#1692=EDGE_CURVE('',#2162,#2163,#2580,.T.);
#1693=EDGE_CURVE('',#2148,#2163,#2581,.T.);
#1694=EDGE_CURVE('',#2163,#2160,#2582,.T.);
#1695=EDGE_CURVE('',#2164,#2165,#2583,.T.);
#1696=EDGE_CURVE('',#2164,#2166,#2584,.T.);
#1697=EDGE_CURVE('',#2167,#2166,#2585,.T.);
#1698=EDGE_CURVE('',#2165,#2167,#2586,.T.);
#1699=EDGE_CURVE('',#2164,#1899,#2587,.T.);
#1700=EDGE_CURVE('',#2165,#1901,#2588,.T.);
#1701=EDGE_CURVE('',#2167,#1902,#2589,.T.);
#1702=EDGE_CURVE('',#2166,#1900,#2590,.T.);
#1703=EDGE_CURVE('',#1903,#2160,#2591,.T.);
#1704=EDGE_CURVE('',#2161,#1906,#2592,.F.);
#1705=EDGE_CURVE('',#2162,#1905,#2593,.F.);
#1706=EDGE_CURVE('',#1904,#2163,#2594,.F.);
#1707=EDGE_CURVE('',#2158,#1910,#2595,.T.);
#1708=EDGE_CURVE('',#1907,#2159,#2596,.F.);
#1709=EDGE_CURVE('',#1908,#2157,#2597,.F.);
#1710=EDGE_CURVE('',#2156,#1909,#2598,.F.);
#1711=EDGE_CURVE('',#1987,#1972,#2599,.T.);
#1712=EDGE_CURVE('',#1988,#1973,#2600,.T.);
#1713=EDGE_CURVE('',#1990,#1974,#2601,.T.);
#1714=EDGE_CURVE('',#1989,#1971,#2602,.T.);
#1715=EDGE_CURVE('',#2168,#2169,#2603,.T.);
#1716=EDGE_CURVE('',#2169,#2170,#2604,.T.);
#1717=EDGE_CURVE('',#2170,#2171,#2605,.T.);
#1718=EDGE_CURVE('',#2171,#2168,#2606,.T.);
#1719=EDGE_CURVE('',#2172,#2173,#2607,.T.);
#1720=EDGE_CURVE('',#2174,#2172,#2608,.T.);
#1721=EDGE_CURVE('',#2175,#2174,#2609,.T.);
#1722=EDGE_CURVE('',#2173,#2175,#2610,.T.);
#1723=EDGE_CURVE('',#2173,#1976,#2611,.T.);
#1724=EDGE_CURVE('',#2175,#1977,#2612,.T.);
#1725=EDGE_CURVE('',#2174,#1978,#2613,.T.);
#1726=EDGE_CURVE('',#2172,#1975,#2614,.T.);
#1727=EDGE_CURVE('',#1992,#2176,#2615,.T.);
#1728=EDGE_CURVE('',#2176,#2177,#2616,.T.);
#1729=EDGE_CURVE('',#1991,#2177,#2617,.T.);
#1730=EDGE_CURVE('',#1994,#2178,#2618,.T.);
#1731=EDGE_CURVE('',#2178,#2176,#2619,.T.);
#1732=EDGE_CURVE('',#1993,#2179,#2620,.T.);
#1733=EDGE_CURVE('',#2179,#2178,#2621,.T.);
#1734=EDGE_CURVE('',#2177,#2179,#2622,.T.);
#1735=EDGE_CURVE('',#2169,#2180,#2623,.T.);
#1736=EDGE_CURVE('',#2180,#2181,#2624,.T.);
#1737=EDGE_CURVE('',#2170,#2181,#2625,.T.);
#1738=EDGE_CURVE('',#2181,#2182,#2626,.T.);
#1739=EDGE_CURVE('',#2171,#2182,#2627,.T.);
#1740=EDGE_CURVE('',#2182,#2183,#2628,.T.);
#1741=EDGE_CURVE('',#2168,#2183,#2629,.T.);
#1742=EDGE_CURVE('',#2183,#2180,#2630,.T.);
#1743=EDGE_CURVE('',#2184,#2185,#2631,.T.);
#1744=EDGE_CURVE('',#2184,#2186,#2632,.T.);
#1745=EDGE_CURVE('',#2187,#2186,#2633,.T.);
#1746=EDGE_CURVE('',#2185,#2187,#2634,.T.);
#1747=EDGE_CURVE('',#2184,#1939,#2635,.T.);
#1748=EDGE_CURVE('',#2185,#1941,#2636,.T.);
#1749=EDGE_CURVE('',#2187,#1942,#2637,.T.);
#1750=EDGE_CURVE('',#2186,#1940,#2638,.T.);
#1751=EDGE_CURVE('',#1935,#2180,#2639,.T.);
#1752=EDGE_CURVE('',#2181,#1938,#2640,.F.);
#1753=EDGE_CURVE('',#2182,#1937,#2641,.F.);
#1754=EDGE_CURVE('',#1936,#2183,#2642,.F.);
#1755=EDGE_CURVE('',#2178,#1934,#2643,.T.);
#1756=EDGE_CURVE('',#1931,#2179,#2644,.F.);
#1757=EDGE_CURVE('',#1932,#2177,#2645,.F.);
#1758=EDGE_CURVE('',#2176,#1933,#2646,.F.);
#1759=EDGE_CURVE('',#1943,#1980,#2647,.T.);
#1760=EDGE_CURVE('',#1944,#1981,#2648,.T.);
#1761=EDGE_CURVE('',#1946,#1982,#2649,.T.);
#1762=EDGE_CURVE('',#1945,#1979,#2650,.T.);
#1763=EDGE_CURVE('',#2188,#2189,#2651,.T.);
#1764=EDGE_CURVE('',#2189,#2190,#2652,.T.);
#1765=EDGE_CURVE('',#2190,#2191,#2653,.T.);
#1766=EDGE_CURVE('',#2191,#2188,#2654,.T.);
#1767=EDGE_CURVE('',#2192,#2193,#2655,.T.);
#1768=EDGE_CURVE('',#2194,#2192,#2656,.T.);
#1769=EDGE_CURVE('',#2195,#2194,#2657,.T.);
#1770=EDGE_CURVE('',#2193,#2195,#2658,.T.);
#1771=EDGE_CURVE('',#2193,#1984,#2659,.T.);
#1772=EDGE_CURVE('',#2195,#1985,#2660,.T.);
#1773=EDGE_CURVE('',#2194,#1986,#2661,.T.);
#1774=EDGE_CURVE('',#2192,#1983,#2662,.T.);
#1775=EDGE_CURVE('',#1948,#2196,#2663,.T.);
#1776=EDGE_CURVE('',#2196,#2197,#2664,.T.);
#1777=EDGE_CURVE('',#1947,#2197,#2665,.T.);
#1778=EDGE_CURVE('',#1950,#2198,#2666,.T.);
#1779=EDGE_CURVE('',#2198,#2196,#2667,.T.);
#1780=EDGE_CURVE('',#1949,#2199,#2668,.T.);
#1781=EDGE_CURVE('',#2199,#2198,#2669,.T.);
#1782=EDGE_CURVE('',#2197,#2199,#2670,.T.);
#1783=EDGE_CURVE('',#2189,#2200,#2671,.T.);
#1784=EDGE_CURVE('',#2200,#2201,#2672,.T.);
#1785=EDGE_CURVE('',#2190,#2201,#2673,.T.);
#1786=EDGE_CURVE('',#2201,#2202,#2674,.T.);
#1787=EDGE_CURVE('',#2191,#2202,#2675,.T.);
#1788=EDGE_CURVE('',#2202,#2203,#2676,.T.);
#1789=EDGE_CURVE('',#2188,#2203,#2677,.T.);
#1790=EDGE_CURVE('',#2203,#2200,#2678,.T.);
#1791=EDGE_CURVE('',#2204,#2205,#2679,.T.);
#1792=EDGE_CURVE('',#2206,#2204,#2680,.T.);
#1793=EDGE_CURVE('',#2207,#2206,#2681,.T.);
#1794=EDGE_CURVE('',#2205,#2207,#2682,.T.);
#1795=EDGE_CURVE('',#2204,#1895,#2683,.T.);
#1796=EDGE_CURVE('',#2205,#1896,#2684,.T.);
#1797=EDGE_CURVE('',#2207,#1897,#2685,.T.);
#1798=EDGE_CURVE('',#2206,#1898,#2686,.T.);
#1799=EDGE_CURVE('',#1887,#2200,#2687,.T.);
#1800=EDGE_CURVE('',#2201,#1890,#2688,.F.);
#1801=EDGE_CURVE('',#2202,#1889,#2689,.F.);
#1802=EDGE_CURVE('',#1888,#2203,#2690,.F.);
#1803=EDGE_CURVE('',#2198,#1894,#2691,.T.);
#1804=EDGE_CURVE('',#1891,#2199,#2692,.F.);
#1805=EDGE_CURVE('',#1892,#2197,#2693,.F.);
#1806=EDGE_CURVE('',#2196,#1893,#2694,.F.);
#1807=EDGE_CURVE('',#2208,#2209,#2695,.T.);
#1808=EDGE_CURVE('',#2209,#2210,#2696,.T.);
#1809=EDGE_CURVE('',#2210,#2211,#2697,.T.);
#1810=EDGE_CURVE('',#2211,#2208,#2698,.T.);
#1811=EDGE_CURVE('',#2212,#2213,#2699,.T.);
#1812=EDGE_CURVE('',#2212,#2214,#2700,.T.);
#1813=EDGE_CURVE('',#2214,#2215,#2701,.T.);
#1814=EDGE_CURVE('',#2213,#2215,#2702,.T.);
#1815=EDGE_CURVE('',#2215,#2216,#148,.T.);
#1816=EDGE_CURVE('',#2217,#2216,#2703,.T.);
#1817=EDGE_CURVE('',#2213,#2217,#149,.T.);
#1818=EDGE_CURVE('',#2216,#2218,#2704,.T.);
#1819=EDGE_CURVE('',#2218,#2219,#2705,.T.);
#1820=EDGE_CURVE('',#2217,#2219,#2706,.T.);
#1821=EDGE_CURVE('',#2220,#2221,#2707,.T.);
#1822=EDGE_CURVE('',#2221,#2222,#2708,.T.);
#1823=EDGE_CURVE('',#2222,#2223,#2709,.T.);
#1824=EDGE_CURVE('',#2223,#2220,#2710,.T.);
#1825=EDGE_CURVE('',#2224,#2225,#2711,.T.);
#1826=EDGE_CURVE('',#2224,#2226,#2712,.T.);
#1827=EDGE_CURVE('',#2226,#2227,#2713,.T.);
#1828=EDGE_CURVE('',#2225,#2227,#2714,.T.);
#1829=EDGE_CURVE('',#2227,#2228,#150,.T.);
#1830=EDGE_CURVE('',#2229,#2228,#2715,.T.);
#1831=EDGE_CURVE('',#2225,#2229,#151,.T.);
#1832=EDGE_CURVE('',#2228,#2230,#2716,.T.);
#1833=EDGE_CURVE('',#2230,#2231,#2717,.T.);
#1834=EDGE_CURVE('',#2229,#2231,#2718,.T.);
#1835=EDGE_CURVE('',#2219,#2224,#2719,.T.);
#1836=EDGE_CURVE('',#2231,#2212,#2720,.T.);
#1837=EDGE_CURVE('',#2226,#2218,#2721,.T.);
#1838=EDGE_CURVE('',#2214,#2230,#2722,.T.);
#1839=EDGE_CURVE('',#2220,#2226,#2723,.T.);
#1840=EDGE_CURVE('',#2218,#2223,#2724,.F.);
#1841=EDGE_CURVE('',#2219,#2222,#2725,.T.);
#1842=EDGE_CURVE('',#2221,#2224,#2726,.T.);
#1843=EDGE_CURVE('',#2214,#2211,#2727,.F.);
#1844=EDGE_CURVE('',#2208,#2212,#2728,.F.);
#1845=EDGE_CURVE('',#2209,#2231,#2729,.T.);
#1846=EDGE_CURVE('',#2230,#2210,#2730,.F.);
#1847=EDGE_CURVE('',#2232,#2233,#2731,.T.);
#1848=EDGE_CURVE('',#2233,#2234,#2732,.T.);
#1849=EDGE_CURVE('',#2234,#2235,#2733,.T.);
#1850=EDGE_CURVE('',#2235,#2232,#2734,.T.);
#1851=EDGE_CURVE('',#2236,#2237,#2735,.T.);
#1852=EDGE_CURVE('',#2236,#2238,#2736,.T.);
#1853=EDGE_CURVE('',#2238,#2239,#2737,.T.);
#1854=EDGE_CURVE('',#2237,#2239,#2738,.T.);
#1855=EDGE_CURVE('',#2239,#2240,#152,.T.);
#1856=EDGE_CURVE('',#2241,#2240,#2739,.T.);
#1857=EDGE_CURVE('',#2237,#2241,#153,.T.);
#1858=EDGE_CURVE('',#2240,#2242,#2740,.T.);
#1859=EDGE_CURVE('',#2242,#2243,#2741,.T.);
#1860=EDGE_CURVE('',#2241,#2243,#2742,.T.);
#1861=EDGE_CURVE('',#2244,#2245,#2743,.T.);
#1862=EDGE_CURVE('',#2245,#2246,#2744,.T.);
#1863=EDGE_CURVE('',#2246,#2247,#2745,.T.);
#1864=EDGE_CURVE('',#2247,#2244,#2746,.T.);
#1865=EDGE_CURVE('',#2248,#2249,#2747,.T.);
#1866=EDGE_CURVE('',#2248,#2250,#2748,.T.);
#1867=EDGE_CURVE('',#2250,#2251,#2749,.T.);
#1868=EDGE_CURVE('',#2249,#2251,#2750,.T.);
#1869=EDGE_CURVE('',#2251,#2252,#154,.T.);
#1870=EDGE_CURVE('',#2253,#2252,#2751,.T.);
#1871=EDGE_CURVE('',#2249,#2253,#155,.T.);
#1872=EDGE_CURVE('',#2252,#2254,#2752,.T.);
#1873=EDGE_CURVE('',#2254,#2255,#2753,.T.);
#1874=EDGE_CURVE('',#2253,#2255,#2754,.T.);
#1875=EDGE_CURVE('',#2243,#2248,#2755,.T.);
#1876=EDGE_CURVE('',#2255,#2236,#2756,.T.);
#1877=EDGE_CURVE('',#2250,#2242,#2757,.T.);
#1878=EDGE_CURVE('',#2238,#2254,#2758,.T.);
#1879=EDGE_CURVE('',#2244,#2250,#2759,.T.);
#1880=EDGE_CURVE('',#2242,#2247,#2760,.F.);
#1881=EDGE_CURVE('',#2243,#2246,#2761,.T.);
#1882=EDGE_CURVE('',#2245,#2248,#2762,.T.);
#1883=EDGE_CURVE('',#2238,#2235,#2763,.F.);
#1884=EDGE_CURVE('',#2232,#2236,#2764,.F.);
#1885=EDGE_CURVE('',#2233,#2255,#2765,.T.);
#1886=EDGE_CURVE('',#2254,#2234,#2766,.F.);
#1887=VERTEX_POINT('',#5644);
#1888=VERTEX_POINT('',#5645);
#1889=VERTEX_POINT('',#5647);
#1890=VERTEX_POINT('',#5649);
#1891=VERTEX_POINT('',#5652);
#1892=VERTEX_POINT('',#5653);
#1893=VERTEX_POINT('',#5655);
#1894=VERTEX_POINT('',#5657);
#1895=VERTEX_POINT('',#5660);
#1896=VERTEX_POINT('',#5661);
#1897=VERTEX_POINT('',#5663);
#1898=VERTEX_POINT('',#5665);
#1899=VERTEX_POINT('',#5668);
#1900=VERTEX_POINT('',#5669);
#1901=VERTEX_POINT('',#5671);
#1902=VERTEX_POINT('',#5673);
#1903=VERTEX_POINT('',#5676);
#1904=VERTEX_POINT('',#5677);
#1905=VERTEX_POINT('',#5679);
#1906=VERTEX_POINT('',#5681);
#1907=VERTEX_POINT('',#5684);
#1908=VERTEX_POINT('',#5685);
#1909=VERTEX_POINT('',#5687);
#1910=VERTEX_POINT('',#5689);
#1911=VERTEX_POINT('',#5692);
#1912=VERTEX_POINT('',#5693);
#1913=VERTEX_POINT('',#5695);
#1914=VERTEX_POINT('',#5697);
#1915=VERTEX_POINT('',#5700);
#1916=VERTEX_POINT('',#5701);
#1917=VERTEX_POINT('',#5703);
#1918=VERTEX_POINT('',#5705);
#1919=VERTEX_POINT('',#5708);
#1920=VERTEX_POINT('',#5709);
#1921=VERTEX_POINT('',#5711);
#1922=VERTEX_POINT('',#5713);
#1923=VERTEX_POINT('',#5716);
#1924=VERTEX_POINT('',#5717);
#1925=VERTEX_POINT('',#5719);
#1926=VERTEX_POINT('',#5721);
#1927=VERTEX_POINT('',#5724);
#1928=VERTEX_POINT('',#5725);
#1929=VERTEX_POINT('',#5727);
#1930=VERTEX_POINT('',#5729);
#1931=VERTEX_POINT('',#5732);
#1932=VERTEX_POINT('',#5733);
#1933=VERTEX_POINT('',#5735);
#1934=VERTEX_POINT('',#5737);
#1935=VERTEX_POINT('',#5740);
#1936=VERTEX_POINT('',#5741);
#1937=VERTEX_POINT('',#5743);
#1938=VERTEX_POINT('',#5745);
#1939=VERTEX_POINT('',#5748);
#1940=VERTEX_POINT('',#5749);
#1941=VERTEX_POINT('',#5751);
#1942=VERTEX_POINT('',#5753);
#1943=VERTEX_POINT('',#5757);
#1944=VERTEX_POINT('',#5758);
#1945=VERTEX_POINT('',#5760);
#1946=VERTEX_POINT('',#5762);
#1947=VERTEX_POINT('',#5765);
#1948=VERTEX_POINT('',#5766);
#1949=VERTEX_POINT('',#5768);
#1950=VERTEX_POINT('',#5770);
#1951=VERTEX_POINT('',#5774);
#1952=VERTEX_POINT('',#5775);
#1953=VERTEX_POINT('',#5777);
#1954=VERTEX_POINT('',#5779);
#1955=VERTEX_POINT('',#5782);
#1956=VERTEX_POINT('',#5783);
#1957=VERTEX_POINT('',#5785);
#1958=VERTEX_POINT('',#5787);
#1959=VERTEX_POINT('',#5789);
#1960=VERTEX_POINT('',#5791);
#1961=VERTEX_POINT('',#5793);
#1962=VERTEX_POINT('',#5795);
#1963=VERTEX_POINT('',#5798);
#1964=VERTEX_POINT('',#5799);
#1965=VERTEX_POINT('',#5801);
#1966=VERTEX_POINT('',#5803);
#1967=VERTEX_POINT('',#5806);
#1968=VERTEX_POINT('',#5807);
#1969=VERTEX_POINT('',#5809);
#1970=VERTEX_POINT('',#5811);
#1971=VERTEX_POINT('',#5814);
#1972=VERTEX_POINT('',#5815);
#1973=VERTEX_POINT('',#5817);
#1974=VERTEX_POINT('',#5819);
#1975=VERTEX_POINT('',#5822);
#1976=VERTEX_POINT('',#5823);
#1977=VERTEX_POINT('',#5825);
#1978=VERTEX_POINT('',#5827);
#1979=VERTEX_POINT('',#5830);
#1980=VERTEX_POINT('',#5831);
#1981=VERTEX_POINT('',#5833);
#1982=VERTEX_POINT('',#5835);
#1983=VERTEX_POINT('',#5838);
#1984=VERTEX_POINT('',#5839);
#1985=VERTEX_POINT('',#5841);
#1986=VERTEX_POINT('',#5843);
#1987=VERTEX_POINT('',#5847);
#1988=VERTEX_POINT('',#5848);
#1989=VERTEX_POINT('',#5850);
#1990=VERTEX_POINT('',#5852);
#1991=VERTEX_POINT('',#5855);
#1992=VERTEX_POINT('',#5856);
#1993=VERTEX_POINT('',#5858);
#1994=VERTEX_POINT('',#5860);
#1995=VERTEX_POINT('',#5864);
#1996=VERTEX_POINT('',#5865);
#1997=VERTEX_POINT('',#5867);
#1998=VERTEX_POINT('',#5869);
#1999=VERTEX_POINT('',#5872);
#2000=VERTEX_POINT('',#5873);
#2001=VERTEX_POINT('',#5875);
#2002=VERTEX_POINT('',#5877);
#2003=VERTEX_POINT('',#5881);
#2004=VERTEX_POINT('',#5883);
#2005=VERTEX_POINT('',#5885);
#2006=VERTEX_POINT('',#5887);
#2007=VERTEX_POINT('',#5889);
#2008=VERTEX_POINT('',#5892);
#2009=VERTEX_POINT('',#5894);
#2010=VERTEX_POINT('',#5896);
#2011=VERTEX_POINT('',#5898);
#2012=VERTEX_POINT('',#5901);
#2013=VERTEX_POINT('',#5902);
#2014=VERTEX_POINT('',#5904);
#2015=VERTEX_POINT('',#5906);
#2016=VERTEX_POINT('',#5908);
#2017=VERTEX_POINT('',#5910);
#2018=VERTEX_POINT('',#5912);
#2019=VERTEX_POINT('',#5914);
#2020=VERTEX_POINT('',#5916);
#2021=VERTEX_POINT('',#5918);
#2022=VERTEX_POINT('',#5920);
#2023=VERTEX_POINT('',#5922);
#2024=VERTEX_POINT('',#5924);
#2025=VERTEX_POINT('',#5926);
#2026=VERTEX_POINT('',#5928);
#2027=VERTEX_POINT('',#5930);
#2028=VERTEX_POINT('',#5933);
#2029=VERTEX_POINT('',#5934);
#2030=VERTEX_POINT('',#5936);
#2031=VERTEX_POINT('',#5938);
#2032=VERTEX_POINT('',#5940);
#2033=VERTEX_POINT('',#5942);
#2034=VERTEX_POINT('',#5944);
#2035=VERTEX_POINT('',#5946);
#2036=VERTEX_POINT('',#5948);
#2037=VERTEX_POINT('',#5950);
#2038=VERTEX_POINT('',#5952);
#2039=VERTEX_POINT('',#5954);
#2040=VERTEX_POINT('',#5956);
#2041=VERTEX_POINT('',#5958);
#2042=VERTEX_POINT('',#5960);
#2043=VERTEX_POINT('',#5962);
#2044=VERTEX_POINT('',#5966);
#2045=VERTEX_POINT('',#5967);
#2046=VERTEX_POINT('',#5969);
#2047=VERTEX_POINT('',#5971);
#2048=VERTEX_POINT('',#5974);
#2049=VERTEX_POINT('',#5975);
#2050=VERTEX_POINT('',#5977);
#2051=VERTEX_POINT('',#5979);
#2052=VERTEX_POINT('',#5983);
#2053=VERTEX_POINT('',#5985);
#2054=VERTEX_POINT('',#5989);
#2055=VERTEX_POINT('',#5990);
#2056=VERTEX_POINT('',#5998);
#2057=VERTEX_POINT('',#6002);
#2058=VERTEX_POINT('',#6004);
#2059=VERTEX_POINT('',#6011);
#2060=VERTEX_POINT('',#6015);
#2061=VERTEX_POINT('',#6016);
#2062=VERTEX_POINT('',#6024);
#2063=VERTEX_POINT('',#6028);
#2064=VERTEX_POINT('',#6030);
#2065=VERTEX_POINT('',#6037);
#2066=VERTEX_POINT('',#6041);
#2067=VERTEX_POINT('',#6042);
#2068=VERTEX_POINT('',#6050);
#2069=VERTEX_POINT('',#6054);
#2070=VERTEX_POINT('',#6056);
#2071=VERTEX_POINT('',#6063);
#2072=VERTEX_POINT('',#6067);
#2073=VERTEX_POINT('',#6068);
#2074=VERTEX_POINT('',#6076);
#2075=VERTEX_POINT('',#6080);
#2076=VERTEX_POINT('',#6096);
#2077=VERTEX_POINT('',#6097);
#2078=VERTEX_POINT('',#6099);
#2079=VERTEX_POINT('',#6101);
#2080=VERTEX_POINT('',#6105);
#2081=VERTEX_POINT('',#6107);
#2082=VERTEX_POINT('',#6111);
#2083=VERTEX_POINT('',#6112);
#2084=VERTEX_POINT('',#6117);
#2085=VERTEX_POINT('',#6121);
#2086=VERTEX_POINT('',#6127);
#2087=VERTEX_POINT('',#6128);
#2088=VERTEX_POINT('',#6130);
#2089=VERTEX_POINT('',#6132);
#2090=VERTEX_POINT('',#6139);
#2091=VERTEX_POINT('',#6140);
#2092=VERTEX_POINT('',#6142);
#2093=VERTEX_POINT('',#6147);
#2094=VERTEX_POINT('',#6154);
#2095=VERTEX_POINT('',#6155);
#2096=VERTEX_POINT('',#6157);
#2097=VERTEX_POINT('',#6162);
#2098=VERTEX_POINT('',#6169);
#2099=VERTEX_POINT('',#6170);
#2100=VERTEX_POINT('',#6172);
#2101=VERTEX_POINT('',#6177);
#2102=VERTEX_POINT('',#6181);
#2103=VERTEX_POINT('',#6183);
#2104=VERTEX_POINT('',#6185);
#2105=VERTEX_POINT('',#6187);
#2106=VERTEX_POINT('',#6189);
#2107=VERTEX_POINT('',#6191);
#2108=VERTEX_POINT('',#6193);
#2109=VERTEX_POINT('',#6196);
#2110=VERTEX_POINT('',#6198);
#2111=VERTEX_POINT('',#6201);
#2112=VERTEX_POINT('',#6208);
#2113=VERTEX_POINT('',#6210);
#2114=VERTEX_POINT('',#6228);
#2115=VERTEX_POINT('',#6230);
#2116=VERTEX_POINT('',#6266);
#2117=VERTEX_POINT('',#6268);
#2118=VERTEX_POINT('',#6277);
#2119=VERTEX_POINT('',#6278);
#2120=VERTEX_POINT('',#6282);
#2121=VERTEX_POINT('',#6290);
#2122=VERTEX_POINT('',#6291);
#2123=VERTEX_POINT('',#6293);
#2124=VERTEX_POINT('',#6295);
#2125=VERTEX_POINT('',#6298);
#2126=VERTEX_POINT('',#6299);
#2127=VERTEX_POINT('',#6301);
#2128=VERTEX_POINT('',#6303);
#2129=VERTEX_POINT('',#6312);
#2130=VERTEX_POINT('',#6313);
#2131=VERTEX_POINT('',#6315);
#2132=VERTEX_POINT('',#6322);
#2133=VERTEX_POINT('',#6324);
#2134=VERTEX_POINT('',#6328);
#2135=VERTEX_POINT('',#6332);
#2136=VERTEX_POINT('',#6338);
#2137=VERTEX_POINT('',#6340);
#2138=VERTEX_POINT('',#6344);
#2139=VERTEX_POINT('',#6348);
#2140=VERTEX_POINT('',#6354);
#2141=VERTEX_POINT('',#6355);
#2142=VERTEX_POINT('',#6357);
#2143=VERTEX_POINT('',#6359);
#2144=VERTEX_POINT('',#6370);
#2145=VERTEX_POINT('',#6371);
#2146=VERTEX_POINT('',#6373);
#2147=VERTEX_POINT('',#6375);
#2148=VERTEX_POINT('',#6416);
#2149=VERTEX_POINT('',#6417);
#2150=VERTEX_POINT('',#6419);
#2151=VERTEX_POINT('',#6421);
#2152=VERTEX_POINT('',#6424);
#2153=VERTEX_POINT('',#6425);
#2154=VERTEX_POINT('',#6427);
#2155=VERTEX_POINT('',#6429);
#2156=VERTEX_POINT('',#6441);
#2157=VERTEX_POINT('',#6443);
#2158=VERTEX_POINT('',#6447);
#2159=VERTEX_POINT('',#6451);
#2160=VERTEX_POINT('',#6457);
#2161=VERTEX_POINT('',#6459);
#2162=VERTEX_POINT('',#6463);
#2163=VERTEX_POINT('',#6467);
#2164=VERTEX_POINT('',#6473);
#2165=VERTEX_POINT('',#6474);
#2166=VERTEX_POINT('',#6476);
#2167=VERTEX_POINT('',#6478);
#2168=VERTEX_POINT('',#6514);
#2169=VERTEX_POINT('',#6515);
#2170=VERTEX_POINT('',#6517);
#2171=VERTEX_POINT('',#6519);
#2172=VERTEX_POINT('',#6522);
#2173=VERTEX_POINT('',#6523);
#2174=VERTEX_POINT('',#6525);
#2175=VERTEX_POINT('',#6527);
#2176=VERTEX_POINT('',#6539);
#2177=VERTEX_POINT('',#6541);
#2178=VERTEX_POINT('',#6545);
#2179=VERTEX_POINT('',#6549);
#2180=VERTEX_POINT('',#6555);
#2181=VERTEX_POINT('',#6557);
#2182=VERTEX_POINT('',#6561);
#2183=VERTEX_POINT('',#6565);
#2184=VERTEX_POINT('',#6571);
#2185=VERTEX_POINT('',#6572);
#2186=VERTEX_POINT('',#6574);
#2187=VERTEX_POINT('',#6576);
#2188=VERTEX_POINT('',#6612);
#2189=VERTEX_POINT('',#6613);
#2190=VERTEX_POINT('',#6615);
#2191=VERTEX_POINT('',#6617);
#2192=VERTEX_POINT('',#6620);
#2193=VERTEX_POINT('',#6621);
#2194=VERTEX_POINT('',#6623);
#2195=VERTEX_POINT('',#6625);
#2196=VERTEX_POINT('',#6637);
#2197=VERTEX_POINT('',#6639);
#2198=VERTEX_POINT('',#6643);
#2199=VERTEX_POINT('',#6647);
#2200=VERTEX_POINT('',#6653);
#2201=VERTEX_POINT('',#6655);
#2202=VERTEX_POINT('',#6659);
#2203=VERTEX_POINT('',#6663);
#2204=VERTEX_POINT('',#6669);
#2205=VERTEX_POINT('',#6670);
#2206=VERTEX_POINT('',#6672);
#2207=VERTEX_POINT('',#6674);
#2208=VERTEX_POINT('',#6704);
#2209=VERTEX_POINT('',#6705);
#2210=VERTEX_POINT('',#6707);
#2211=VERTEX_POINT('',#6709);
#2212=VERTEX_POINT('',#6713);
#2213=VERTEX_POINT('',#6714);
#2214=VERTEX_POINT('',#6716);
#2215=VERTEX_POINT('',#6718);
#2216=VERTEX_POINT('',#6722);
#2217=VERTEX_POINT('',#6724);
#2218=VERTEX_POINT('',#6728);
#2219=VERTEX_POINT('',#6730);
#2220=VERTEX_POINT('',#6734);
#2221=VERTEX_POINT('',#6735);
#2222=VERTEX_POINT('',#6737);
#2223=VERTEX_POINT('',#6739);
#2224=VERTEX_POINT('',#6743);
#2225=VERTEX_POINT('',#6744);
#2226=VERTEX_POINT('',#6746);
#2227=VERTEX_POINT('',#6748);
#2228=VERTEX_POINT('',#6752);
#2229=VERTEX_POINT('',#6754);
#2230=VERTEX_POINT('',#6758);
#2231=VERTEX_POINT('',#6760);
#2232=VERTEX_POINT('',#6787);
#2233=VERTEX_POINT('',#6788);
#2234=VERTEX_POINT('',#6790);
#2235=VERTEX_POINT('',#6792);
#2236=VERTEX_POINT('',#6796);
#2237=VERTEX_POINT('',#6797);
#2238=VERTEX_POINT('',#6799);
#2239=VERTEX_POINT('',#6801);
#2240=VERTEX_POINT('',#6805);
#2241=VERTEX_POINT('',#6807);
#2242=VERTEX_POINT('',#6811);
#2243=VERTEX_POINT('',#6813);
#2244=VERTEX_POINT('',#6817);
#2245=VERTEX_POINT('',#6818);
#2246=VERTEX_POINT('',#6820);
#2247=VERTEX_POINT('',#6822);
#2248=VERTEX_POINT('',#6826);
#2249=VERTEX_POINT('',#6827);
#2250=VERTEX_POINT('',#6829);
#2251=VERTEX_POINT('',#6831);
#2252=VERTEX_POINT('',#6835);
#2253=VERTEX_POINT('',#6837);
#2254=VERTEX_POINT('',#6841);
#2255=VERTEX_POINT('',#6843);
#2256=LINE('',#5643,#2767);
#2257=LINE('',#5646,#2768);
#2258=LINE('',#5648,#2769);
#2259=LINE('',#5650,#2770);
#2260=LINE('',#5651,#2771);
#2261=LINE('',#5654,#2772);
#2262=LINE('',#5656,#2773);
#2263=LINE('',#5658,#2774);
#2264=LINE('',#5659,#2775);
#2265=LINE('',#5662,#2776);
#2266=LINE('',#5664,#2777);
#2267=LINE('',#5666,#2778);
#2268=LINE('',#5667,#2779);
#2269=LINE('',#5670,#2780);
#2270=LINE('',#5672,#2781);
#2271=LINE('',#5674,#2782);
#2272=LINE('',#5675,#2783);
#2273=LINE('',#5678,#2784);
#2274=LINE('',#5680,#2785);
#2275=LINE('',#5682,#2786);
#2276=LINE('',#5683,#2787);
#2277=LINE('',#5686,#2788);
#2278=LINE('',#5688,#2789);
#2279=LINE('',#5690,#2790);
#2280=LINE('',#5691,#2791);
#2281=LINE('',#5694,#2792);
#2282=LINE('',#5696,#2793);
#2283=LINE('',#5698,#2794);
#2284=LINE('',#5699,#2795);
#2285=LINE('',#5702,#2796);
#2286=LINE('',#5704,#2797);
#2287=LINE('',#5706,#2798);
#2288=LINE('',#5707,#2799);
#2289=LINE('',#5710,#2800);
#2290=LINE('',#5712,#2801);
#2291=LINE('',#5714,#2802);
#2292=LINE('',#5715,#2803);
#2293=LINE('',#5718,#2804);
#2294=LINE('',#5720,#2805);
#2295=LINE('',#5722,#2806);
#2296=LINE('',#5723,#2807);
#2297=LINE('',#5726,#2808);
#2298=LINE('',#5728,#2809);
#2299=LINE('',#5730,#2810);
#2300=LINE('',#5731,#2811);
#2301=LINE('',#5734,#2812);
#2302=LINE('',#5736,#2813);
#2303=LINE('',#5738,#2814);
#2304=LINE('',#5739,#2815);
#2305=LINE('',#5742,#2816);
#2306=LINE('',#5744,#2817);
#2307=LINE('',#5746,#2818);
#2308=LINE('',#5747,#2819);
#2309=LINE('',#5750,#2820);
#2310=LINE('',#5752,#2821);
#2311=LINE('',#5754,#2822);
#2312=LINE('',#5756,#2823);
#2313=LINE('',#5759,#2824);
#2314=LINE('',#5761,#2825);
#2315=LINE('',#5763,#2826);
#2316=LINE('',#5764,#2827);
#2317=LINE('',#5767,#2828);
#2318=LINE('',#5769,#2829);
#2319=LINE('',#5771,#2830);
#2320=LINE('',#5773,#2831);
#2321=LINE('',#5776,#2832);
#2322=LINE('',#5778,#2833);
#2323=LINE('',#5780,#2834);
#2324=LINE('',#5781,#2835);
#2325=LINE('',#5784,#2836);
#2326=LINE('',#5786,#2837);
#2327=LINE('',#5788,#2838);
#2328=LINE('',#5790,#2839);
#2329=LINE('',#5792,#2840);
#2330=LINE('',#5794,#2841);
#2331=LINE('',#5796,#2842);
#2332=LINE('',#5797,#2843);
#2333=LINE('',#5800,#2844);
#2334=LINE('',#5802,#2845);
#2335=LINE('',#5804,#2846);
#2336=LINE('',#5805,#2847);
#2337=LINE('',#5808,#2848);
#2338=LINE('',#5810,#2849);
#2339=LINE('',#5812,#2850);
#2340=LINE('',#5813,#2851);
#2341=LINE('',#5816,#2852);
#2342=LINE('',#5818,#2853);
#2343=LINE('',#5820,#2854);
#2344=LINE('',#5821,#2855);
#2345=LINE('',#5824,#2856);
#2346=LINE('',#5826,#2857);
#2347=LINE('',#5828,#2858);
#2348=LINE('',#5829,#2859);
#2349=LINE('',#5832,#2860);
#2350=LINE('',#5834,#2861);
#2351=LINE('',#5836,#2862);
#2352=LINE('',#5837,#2863);
#2353=LINE('',#5840,#2864);
#2354=LINE('',#5842,#2865);
#2355=LINE('',#5844,#2866);
#2356=LINE('',#5846,#2867);
#2357=LINE('',#5849,#2868);
#2358=LINE('',#5851,#2869);
#2359=LINE('',#5853,#2870);
#2360=LINE('',#5854,#2871);
#2361=LINE('',#5857,#2872);
#2362=LINE('',#5859,#2873);
#2363=LINE('',#5861,#2874);
#2364=LINE('',#5863,#2875);
#2365=LINE('',#5866,#2876);
#2366=LINE('',#5868,#2877);
#2367=LINE('',#5870,#2878);
#2368=LINE('',#5871,#2879);
#2369=LINE('',#5874,#2880);
#2370=LINE('',#5876,#2881);
#2371=LINE('',#5878,#2882);
#2372=LINE('',#5880,#2883);
#2373=LINE('',#5882,#2884);
#2374=LINE('',#5884,#2885);
#2375=LINE('',#5886,#2886);
#2376=LINE('',#5888,#2887);
#2377=LINE('',#5890,#2888);
#2378=LINE('',#5891,#2889);
#2379=LINE('',#5893,#2890);
#2380=LINE('',#5895,#2891);
#2381=LINE('',#5897,#2892);
#2382=LINE('',#5899,#2893);
#2383=LINE('',#5903,#2894);
#2384=LINE('',#5907,#2895);
#2385=LINE('',#5911,#2896);
#2386=LINE('',#5915,#2897);
#2387=LINE('',#5919,#2898);
#2388=LINE('',#5923,#2899);
#2389=LINE('',#5927,#2900);
#2390=LINE('',#5931,#2901);
#2391=LINE('',#5935,#2902);
#2392=LINE('',#5939,#2903);
#2393=LINE('',#5943,#2904);
#2394=LINE('',#5947,#2905);
#2395=LINE('',#5951,#2906);
#2396=LINE('',#5955,#2907);
#2397=LINE('',#5959,#2908);
#2398=LINE('',#5963,#2909);
#2399=LINE('',#5965,#2910);
#2400=LINE('',#5968,#2911);
#2401=LINE('',#5970,#2912);
#2402=LINE('',#5972,#2913);
#2403=LINE('',#5973,#2914);
#2404=LINE('',#5976,#2915);
#2405=LINE('',#5978,#2916);
#2406=LINE('',#5980,#2917);
#2407=LINE('',#5982,#2918);
#2408=LINE('',#5984,#2919);
#2409=LINE('',#5988,#2920);
#2410=LINE('',#5991,#2921);
#2411=LINE('',#5999,#2922);
#2412=LINE('',#6001,#2923);
#2413=LINE('',#6003,#2924);
#2414=LINE('',#6010,#2925);
#2415=LINE('',#6014,#2926);
#2416=LINE('',#6017,#2927);
#2417=LINE('',#6025,#2928);
#2418=LINE('',#6027,#2929);
#2419=LINE('',#6029,#2930);
#2420=LINE('',#6036,#2931);
#2421=LINE('',#6040,#2932);
#2422=LINE('',#6043,#2933);
#2423=LINE('',#6051,#2934);
#2424=LINE('',#6053,#2935);
#2425=LINE('',#6055,#2936);
#2426=LINE('',#6062,#2937);
#2427=LINE('',#6066,#2938);
#2428=LINE('',#6069,#2939);
#2429=LINE('',#6077,#2940);
#2430=LINE('',#6079,#2941);
#2431=LINE('',#6095,#2942);
#2432=LINE('',#6098,#2943);
#2433=LINE('',#6100,#2944);
#2434=LINE('',#6102,#2945);
#2435=LINE('',#6104,#2946);
#2436=LINE('',#6106,#2947);
#2437=LINE('',#6108,#2948);
#2438=LINE('',#6110,#2949);
#2439=LINE('',#6114,#2950);
#2440=LINE('',#6116,#2951);
#2441=LINE('',#6120,#2952);
#2442=LINE('',#6122,#2953);
#2443=LINE('',#6124,#2954);
#2444=LINE('',#6126,#2955);
#2445=LINE('',#6129,#2956);
#2446=LINE('',#6131,#2957);
#2447=LINE('',#6133,#2958);
#2448=LINE('',#6180,#2959);
#2449=LINE('',#6182,#2960);
#2450=LINE('',#6186,#2961);
#2451=LINE('',#6190,#2962);
#2452=LINE('',#6194,#2963);
#2453=LINE('',#6195,#2964);
#2454=LINE('',#6199,#2965);
#2455=LINE('',#6200,#2966);
#2456=LINE('',#6216,#2967);
#2457=LINE('',#6217,#2968);
#2458=LINE('',#6219,#2969);
#2459=LINE('',#6220,#2970);
#2460=LINE('',#6222,#2971);
#2461=LINE('',#6224,#2972);
#2462=LINE('',#6227,#2973);
#2463=LINE('',#6229,#2974);
#2464=LINE('',#6231,#2975);
#2465=LINE('',#6233,#2976);
#2466=LINE('',#6234,#2977);
#2467=LINE('',#6236,#2978);
#2468=LINE('',#6238,#2979);
#2469=LINE('',#6240,#2980);
#2470=LINE('',#6242,#2981);
#2471=LINE('',#6244,#2982);
#2472=LINE('',#6246,#2983);
#2473=LINE('',#6248,#2984);
#2474=LINE('',#6250,#2985);
#2475=LINE('',#6252,#2986);
#2476=LINE('',#6254,#2987);
#2477=LINE('',#6256,#2988);
#2478=LINE('',#6258,#2989);
#2479=LINE('',#6260,#2990);
#2480=LINE('',#6262,#2991);
#2481=LINE('',#6265,#2992);
#2482=LINE('',#6267,#2993);
#2483=LINE('',#6269,#2994);
#2484=LINE('',#6271,#2995);
#2485=LINE('',#6273,#2996);
#2486=LINE('',#6276,#2997);
#2487=LINE('',#6279,#2998);
#2488=LINE('',#6280,#2999);
#2489=LINE('',#6281,#3000);
#2490=LINE('',#6283,#3001);
#2491=LINE('',#6285,#3002);
#2492=LINE('',#6287,#3003);
#2493=LINE('',#6289,#3004);
#2494=LINE('',#6292,#3005);
#2495=LINE('',#6294,#3006);
#2496=LINE('',#6296,#3007);
#2497=LINE('',#6297,#3008);
#2498=LINE('',#6300,#3009);
#2499=LINE('',#6302,#3010);
#2500=LINE('',#6304,#3011);
#2501=LINE('',#6306,#3012);
#2502=LINE('',#6307,#3013);
#2503=LINE('',#6309,#3014);
#2504=LINE('',#6311,#3015);
#2505=LINE('',#6314,#3016);
#2506=LINE('',#6316,#3017);
#2507=LINE('',#6317,#3018);
#2508=LINE('',#6319,#3019);
#2509=LINE('',#6321,#3020);
#2510=LINE('',#6323,#3021);
#2511=LINE('',#6325,#3022);
#2512=LINE('',#6327,#3023);
#2513=LINE('',#6329,#3024);
#2514=LINE('',#6331,#3025);
#2515=LINE('',#6333,#3026);
#2516=LINE('',#6335,#3027);
#2517=LINE('',#6337,#3028);
#2518=LINE('',#6339,#3029);
#2519=LINE('',#6341,#3030);
#2520=LINE('',#6343,#3031);
#2521=LINE('',#6345,#3032);
#2522=LINE('',#6347,#3033);
#2523=LINE('',#6349,#3034);
#2524=LINE('',#6351,#3035);
#2525=LINE('',#6353,#3036);
#2526=LINE('',#6356,#3037);
#2527=LINE('',#6358,#3038);
#2528=LINE('',#6360,#3039);
#2529=LINE('',#6362,#3040);
#2530=LINE('',#6363,#3041);
#2531=LINE('',#6365,#3042);
#2532=LINE('',#6367,#3043);
#2533=LINE('',#6369,#3044);
#2534=LINE('',#6372,#3045);
#2535=LINE('',#6374,#3046);
#2536=LINE('',#6376,#3047);
#2537=LINE('',#6378,#3048);
#2538=LINE('',#6379,#3049);
#2539=LINE('',#6381,#3050);
#2540=LINE('',#6383,#3051);
#2541=LINE('',#6386,#3052);
#2542=LINE('',#6387,#3053);
#2543=LINE('',#6389,#3054);
#2544=LINE('',#6391,#3055);
#2545=LINE('',#6394,#3056);
#2546=LINE('',#6395,#3057);
#2547=LINE('',#6397,#3058);
#2548=LINE('',#6399,#3059);
#2549=LINE('',#6402,#3060);
#2550=LINE('',#6403,#3061);
#2551=LINE('',#6407,#3062);
#2552=LINE('',#6408,#3063);
#2553=LINE('',#6410,#3064);
#2554=LINE('',#6412,#3065);
#2555=LINE('',#6415,#3066);
#2556=LINE('',#6418,#3067);
#2557=LINE('',#6420,#3068);
#2558=LINE('',#6422,#3069);
#2559=LINE('',#6423,#3070);
#2560=LINE('',#6426,#3071);
#2561=LINE('',#6428,#3072);
#2562=LINE('',#6430,#3073);
#2563=LINE('',#6432,#3074);
#2564=LINE('',#6433,#3075);
#2565=LINE('',#6435,#3076);
#2566=LINE('',#6437,#3077);
#2567=LINE('',#6440,#3078);
#2568=LINE('',#6442,#3079);
#2569=LINE('',#6444,#3080);
#2570=LINE('',#6446,#3081);
#2571=LINE('',#6448,#3082);
#2572=LINE('',#6450,#3083);
#2573=LINE('',#6452,#3084);
#2574=LINE('',#6454,#3085);
#2575=LINE('',#6456,#3086);
#2576=LINE('',#6458,#3087);
#2577=LINE('',#6460,#3088);
#2578=LINE('',#6462,#3089);
#2579=LINE('',#6464,#3090);
#2580=LINE('',#6466,#3091);
#2581=LINE('',#6468,#3092);
#2582=LINE('',#6470,#3093);
#2583=LINE('',#6472,#3094);
#2584=LINE('',#6475,#3095);
#2585=LINE('',#6477,#3096);
#2586=LINE('',#6479,#3097);
#2587=LINE('',#6481,#3098);
#2588=LINE('',#6482,#3099);
#2589=LINE('',#6484,#3100);
#2590=LINE('',#6486,#3101);
#2591=LINE('',#6489,#3102);
#2592=LINE('',#6490,#3103);
#2593=LINE('',#6492,#3104);
#2594=LINE('',#6494,#3105);
#2595=LINE('',#6497,#3106);
#2596=LINE('',#6498,#3107);
#2597=LINE('',#6500,#3108);
#2598=LINE('',#6502,#3109);
#2599=LINE('',#6505,#3110);
#2600=LINE('',#6506,#3111);
#2601=LINE('',#6508,#3112);
#2602=LINE('',#6510,#3113);
#2603=LINE('',#6513,#3114);
#2604=LINE('',#6516,#3115);
#2605=LINE('',#6518,#3116);
#2606=LINE('',#6520,#3117);
#2607=LINE('',#6521,#3118);
#2608=LINE('',#6524,#3119);
#2609=LINE('',#6526,#3120);
#2610=LINE('',#6528,#3121);
#2611=LINE('',#6530,#3122);
#2612=LINE('',#6531,#3123);
#2613=LINE('',#6533,#3124);
#2614=LINE('',#6535,#3125);
#2615=LINE('',#6538,#3126);
#2616=LINE('',#6540,#3127);
#2617=LINE('',#6542,#3128);
#2618=LINE('',#6544,#3129);
#2619=LINE('',#6546,#3130);
#2620=LINE('',#6548,#3131);
#2621=LINE('',#6550,#3132);
#2622=LINE('',#6552,#3133);
#2623=LINE('',#6554,#3134);
#2624=LINE('',#6556,#3135);
#2625=LINE('',#6558,#3136);
#2626=LINE('',#6560,#3137);
#2627=LINE('',#6562,#3138);
#2628=LINE('',#6564,#3139);
#2629=LINE('',#6566,#3140);
#2630=LINE('',#6568,#3141);
#2631=LINE('',#6570,#3142);
#2632=LINE('',#6573,#3143);
#2633=LINE('',#6575,#3144);
#2634=LINE('',#6577,#3145);
#2635=LINE('',#6579,#3146);
#2636=LINE('',#6580,#3147);
#2637=LINE('',#6582,#3148);
#2638=LINE('',#6584,#3149);
#2639=LINE('',#6587,#3150);
#2640=LINE('',#6588,#3151);
#2641=LINE('',#6590,#3152);
#2642=LINE('',#6592,#3153);
#2643=LINE('',#6595,#3154);
#2644=LINE('',#6596,#3155);
#2645=LINE('',#6598,#3156);
#2646=LINE('',#6600,#3157);
#2647=LINE('',#6603,#3158);
#2648=LINE('',#6604,#3159);
#2649=LINE('',#6606,#3160);
#2650=LINE('',#6608,#3161);
#2651=LINE('',#6611,#3162);
#2652=LINE('',#6614,#3163);
#2653=LINE('',#6616,#3164);
#2654=LINE('',#6618,#3165);
#2655=LINE('',#6619,#3166);
#2656=LINE('',#6622,#3167);
#2657=LINE('',#6624,#3168);
#2658=LINE('',#6626,#3169);
#2659=LINE('',#6628,#3170);
#2660=LINE('',#6629,#3171);
#2661=LINE('',#6631,#3172);
#2662=LINE('',#6633,#3173);
#2663=LINE('',#6636,#3174);
#2664=LINE('',#6638,#3175);
#2665=LINE('',#6640,#3176);
#2666=LINE('',#6642,#3177);
#2667=LINE('',#6644,#3178);
#2668=LINE('',#6646,#3179);
#2669=LINE('',#6648,#3180);
#2670=LINE('',#6650,#3181);
#2671=LINE('',#6652,#3182);
#2672=LINE('',#6654,#3183);
#2673=LINE('',#6656,#3184);
#2674=LINE('',#6658,#3185);
#2675=LINE('',#6660,#3186);
#2676=LINE('',#6662,#3187);
#2677=LINE('',#6664,#3188);
#2678=LINE('',#6666,#3189);
#2679=LINE('',#6668,#3190);
#2680=LINE('',#6671,#3191);
#2681=LINE('',#6673,#3192);
#2682=LINE('',#6675,#3193);
#2683=LINE('',#6677,#3194);
#2684=LINE('',#6678,#3195);
#2685=LINE('',#6680,#3196);
#2686=LINE('',#6682,#3197);
#2687=LINE('',#6686,#3198);
#2688=LINE('',#6687,#3199);
#2689=LINE('',#6689,#3200);
#2690=LINE('',#6691,#3201);
#2691=LINE('',#6694,#3202);
#2692=LINE('',#6695,#3203);
#2693=LINE('',#6697,#3204);
#2694=LINE('',#6699,#3205);
#2695=LINE('',#6703,#3206);
#2696=LINE('',#6706,#3207);
#2697=LINE('',#6708,#3208);
#2698=LINE('',#6710,#3209);
#2699=LINE('',#6712,#3210);
#2700=LINE('',#6715,#3211);
#2701=LINE('',#6717,#3212);
#2702=LINE('',#6719,#3213);
#2703=LINE('',#6723,#3214);
#2704=LINE('',#6727,#3215);
#2705=LINE('',#6729,#3216);
#2706=LINE('',#6731,#3217);
#2707=LINE('',#6733,#3218);
#2708=LINE('',#6736,#3219);
#2709=LINE('',#6738,#3220);
#2710=LINE('',#6740,#3221);
#2711=LINE('',#6742,#3222);
#2712=LINE('',#6745,#3223);
#2713=LINE('',#6747,#3224);
#2714=LINE('',#6749,#3225);
#2715=LINE('',#6753,#3226);
#2716=LINE('',#6757,#3227);
#2717=LINE('',#6759,#3228);
#2718=LINE('',#6761,#3229);
#2719=LINE('',#6763,#3230);
#2720=LINE('',#6764,#3231);
#2721=LINE('',#6766,#3232);
#2722=LINE('',#6767,#3233);
#2723=LINE('',#6769,#3234);
#2724=LINE('',#6770,#3235);
#2725=LINE('',#6772,#3236);
#2726=LINE('',#6774,#3237);
#2727=LINE('',#6777,#3238);
#2728=LINE('',#6778,#3239);
#2729=LINE('',#6780,#3240);
#2730=LINE('',#6782,#3241);
#2731=LINE('',#6786,#3242);
#2732=LINE('',#6789,#3243);
#2733=LINE('',#6791,#3244);
#2734=LINE('',#6793,#3245);
#2735=LINE('',#6795,#3246);
#2736=LINE('',#6798,#3247);
#2737=LINE('',#6800,#3248);
#2738=LINE('',#6802,#3249);
#2739=LINE('',#6806,#3250);
#2740=LINE('',#6810,#3251);
#2741=LINE('',#6812,#3252);
#2742=LINE('',#6814,#3253);
#2743=LINE('',#6816,#3254);
#2744=LINE('',#6819,#3255);
#2745=LINE('',#6821,#3256);
#2746=LINE('',#6823,#3257);
#2747=LINE('',#6825,#3258);
#2748=LINE('',#6828,#3259);
#2749=LINE('',#6830,#3260);
#2750=LINE('',#6832,#3261);
#2751=LINE('',#6836,#3262);
#2752=LINE('',#6840,#3263);
#2753=LINE('',#6842,#3264);
#2754=LINE('',#6844,#3265);
#2755=LINE('',#6846,#3266);
#2756=LINE('',#6847,#3267);
#2757=LINE('',#6849,#3268);
#2758=LINE('',#6850,#3269);
#2759=LINE('',#6852,#3270);
#2760=LINE('',#6853,#3271);
#2761=LINE('',#6855,#3272);
#2762=LINE('',#6857,#3273);
#2763=LINE('',#6860,#3274);
#2764=LINE('',#6861,#3275);
#2765=LINE('',#6863,#3276);
#2766=LINE('',#6865,#3277);
#2767=VECTOR('',#4556,1000.);
#2768=VECTOR('',#4557,1000.);
#2769=VECTOR('',#4558,1000.);
#2770=VECTOR('',#4559,1000.);
#2771=VECTOR('',#4560,1000.);
#2772=VECTOR('',#4561,1000.);
#2773=VECTOR('',#4562,1000.);
#2774=VECTOR('',#4563,1000.);
#2775=VECTOR('',#4564,1000.);
#2776=VECTOR('',#4565,1000.);
#2777=VECTOR('',#4566,1000.);
#2778=VECTOR('',#4567,1000.);
#2779=VECTOR('',#4568,1000.);
#2780=VECTOR('',#4569,1000.);
#2781=VECTOR('',#4570,1000.);
#2782=VECTOR('',#4571,1000.);
#2783=VECTOR('',#4572,1000.);
#2784=VECTOR('',#4573,1000.);
#2785=VECTOR('',#4574,1000.);
#2786=VECTOR('',#4575,1000.);
#2787=VECTOR('',#4576,1000.);
#2788=VECTOR('',#4577,1000.);
#2789=VECTOR('',#4578,1000.);
#2790=VECTOR('',#4579,1000.);
#2791=VECTOR('',#4580,1000.);
#2792=VECTOR('',#4581,1000.);
#2793=VECTOR('',#4582,1000.);
#2794=VECTOR('',#4583,1000.);
#2795=VECTOR('',#4584,1000.);
#2796=VECTOR('',#4585,1000.);
#2797=VECTOR('',#4586,1000.);
#2798=VECTOR('',#4587,1000.);
#2799=VECTOR('',#4588,1000.);
#2800=VECTOR('',#4589,1000.);
#2801=VECTOR('',#4590,1000.);
#2802=VECTOR('',#4591,1000.);
#2803=VECTOR('',#4592,1000.);
#2804=VECTOR('',#4593,1000.);
#2805=VECTOR('',#4594,1000.);
#2806=VECTOR('',#4595,1000.);
#2807=VECTOR('',#4596,1000.);
#2808=VECTOR('',#4597,1000.);
#2809=VECTOR('',#4598,1000.);
#2810=VECTOR('',#4599,1000.);
#2811=VECTOR('',#4600,1000.);
#2812=VECTOR('',#4601,1000.);
#2813=VECTOR('',#4602,1000.);
#2814=VECTOR('',#4603,1000.);
#2815=VECTOR('',#4604,1000.);
#2816=VECTOR('',#4605,1000.);
#2817=VECTOR('',#4606,1000.);
#2818=VECTOR('',#4607,1000.);
#2819=VECTOR('',#4608,1000.);
#2820=VECTOR('',#4609,1000.);
#2821=VECTOR('',#4610,1000.);
#2822=VECTOR('',#4611,1000.);
#2823=VECTOR('',#4614,1000.);
#2824=VECTOR('',#4615,1000.);
#2825=VECTOR('',#4616,1000.);
#2826=VECTOR('',#4617,1000.);
#2827=VECTOR('',#4618,1000.);
#2828=VECTOR('',#4619,1000.);
#2829=VECTOR('',#4620,1000.);
#2830=VECTOR('',#4621,1000.);
#2831=VECTOR('',#4624,1000.);
#2832=VECTOR('',#4625,1000.);
#2833=VECTOR('',#4626,1000.);
#2834=VECTOR('',#4627,1000.);
#2835=VECTOR('',#4628,1000.);
#2836=VECTOR('',#4629,1000.);
#2837=VECTOR('',#4630,1000.);
#2838=VECTOR('',#4631,1000.);
#2839=VECTOR('',#4632,1000.);
#2840=VECTOR('',#4633,1000.);
#2841=VECTOR('',#4634,1000.);
#2842=VECTOR('',#4635,1000.);
#2843=VECTOR('',#4636,1000.);
#2844=VECTOR('',#4637,1000.);
#2845=VECTOR('',#4638,1000.);
#2846=VECTOR('',#4639,1000.);
#2847=VECTOR('',#4640,1000.);
#2848=VECTOR('',#4641,1000.);
#2849=VECTOR('',#4642,1000.);
#2850=VECTOR('',#4643,1000.);
#2851=VECTOR('',#4644,1000.);
#2852=VECTOR('',#4645,1000.);
#2853=VECTOR('',#4646,1000.);
#2854=VECTOR('',#4647,1000.);
#2855=VECTOR('',#4648,1000.);
#2856=VECTOR('',#4649,1000.);
#2857=VECTOR('',#4650,1000.);
#2858=VECTOR('',#4651,1000.);
#2859=VECTOR('',#4652,1000.);
#2860=VECTOR('',#4653,1000.);
#2861=VECTOR('',#4654,1000.);
#2862=VECTOR('',#4655,1000.);
#2863=VECTOR('',#4656,1000.);
#2864=VECTOR('',#4657,1000.);
#2865=VECTOR('',#4658,1000.);
#2866=VECTOR('',#4659,1000.);
#2867=VECTOR('',#4662,1000.);
#2868=VECTOR('',#4663,1000.);
#2869=VECTOR('',#4664,1000.);
#2870=VECTOR('',#4665,1000.);
#2871=VECTOR('',#4666,1000.);
#2872=VECTOR('',#4667,1000.);
#2873=VECTOR('',#4668,1000.);
#2874=VECTOR('',#4669,1000.);
#2875=VECTOR('',#4672,1000.);
#2876=VECTOR('',#4673,1000.);
#2877=VECTOR('',#4674,1000.);
#2878=VECTOR('',#4675,1000.);
#2879=VECTOR('',#4676,1000.);
#2880=VECTOR('',#4677,1000.);
#2881=VECTOR('',#4678,1000.);
#2882=VECTOR('',#4679,1000.);
#2883=VECTOR('',#4682,1000.);
#2884=VECTOR('',#4683,1000.);
#2885=VECTOR('',#4684,1000.);
#2886=VECTOR('',#4685,1000.);
#2887=VECTOR('',#4686,1000.);
#2888=VECTOR('',#4687,1000.);
#2889=VECTOR('',#4688,1000.);
#2890=VECTOR('',#4689,1000.);
#2891=VECTOR('',#4690,1000.);
#2892=VECTOR('',#4691,1000.);
#2893=VECTOR('',#4692,1000.);
#2894=VECTOR('',#4695,1000.);
#2895=VECTOR('',#4698,1000.);
#2896=VECTOR('',#4701,1000.);
#2897=VECTOR('',#4704,1000.);
#2898=VECTOR('',#4707,1000.);
#2899=VECTOR('',#4710,1000.);
#2900=VECTOR('',#4713,1000.);
#2901=VECTOR('',#4716,1000.);
#2902=VECTOR('',#4719,1000.);
#2903=VECTOR('',#4722,1000.);
#2904=VECTOR('',#4725,1000.);
#2905=VECTOR('',#4728,1000.);
#2906=VECTOR('',#4731,1000.);
#2907=VECTOR('',#4734,1000.);
#2908=VECTOR('',#4737,1000.);
#2909=VECTOR('',#4740,1000.);
#2910=VECTOR('',#4743,1000.);
#2911=VECTOR('',#4744,1000.);
#2912=VECTOR('',#4745,1000.);
#2913=VECTOR('',#4746,1000.);
#2914=VECTOR('',#4747,1000.);
#2915=VECTOR('',#4748,1000.);
#2916=VECTOR('',#4749,1000.);
#2917=VECTOR('',#4750,1000.);
#2918=VECTOR('',#4753,1000.);
#2919=VECTOR('',#4754,1000.);
#2920=VECTOR('',#4759,1000.);
#2921=VECTOR('',#4760,1000.);
#2922=VECTOR('',#4765,1000.);
#2923=VECTOR('',#4768,1000.);
#2924=VECTOR('',#4769,1000.);
#2925=VECTOR('',#4772,1000.);
#2926=VECTOR('',#4777,1000.);
#2927=VECTOR('',#4778,1000.);
#2928=VECTOR('',#4783,1000.);
#2929=VECTOR('',#4786,1000.);
#2930=VECTOR('',#4787,1000.);
#2931=VECTOR('',#4790,1000.);
#2932=VECTOR('',#4795,1000.);
#2933=VECTOR('',#4796,1000.);
#2934=VECTOR('',#4801,1000.);
#2935=VECTOR('',#4804,1000.);
#2936=VECTOR('',#4805,1000.);
#2937=VECTOR('',#4808,1000.);
#2938=VECTOR('',#4813,1000.);
#2939=VECTOR('',#4814,1000.);
#2940=VECTOR('',#4819,1000.);
#2941=VECTOR('',#4822,1000.);
#2942=VECTOR('',#4843,1000.);
#2943=VECTOR('',#4844,1000.);
#2944=VECTOR('',#4845,1000.);
#2945=VECTOR('',#4846,1000.);
#2946=VECTOR('',#4849,1000.);
#2947=VECTOR('',#4850,1000.);
#2948=VECTOR('',#4851,1000.);
#2949=VECTOR('',#4854,1000.);
#2950=VECTOR('',#4857,1000.);
#2951=VECTOR('',#4860,1000.);
#2952=VECTOR('',#4865,1000.);
#2953=VECTOR('',#4866,1000.);
#2954=VECTOR('',#4869,1000.);
#2955=VECTOR('',#4872,1000.);
#2956=VECTOR('',#4873,1000.);
#2957=VECTOR('',#4874,1000.);
#2958=VECTOR('',#4875,1000.);
#2959=VECTOR('',#4896,1000.);
#2960=VECTOR('',#4897,1000.);
#2961=VECTOR('',#4900,1000.);
#2962=VECTOR('',#4903,1000.);
#2963=VECTOR('',#4906,1000.);
#2964=VECTOR('',#4907,1000.);
#2965=VECTOR('',#4910,1000.);
#2966=VECTOR('',#4911,1000.);
#2967=VECTOR('',#4920,1000.);
#2968=VECTOR('',#4921,1000.);
#2969=VECTOR('',#4924,1000.);
#2970=VECTOR('',#4925,1000.);
#2971=VECTOR('',#4928,1000.);
#2972=VECTOR('',#4931,1000.);
#2973=VECTOR('',#4936,1000.);
#2974=VECTOR('',#4937,1000.);
#2975=VECTOR('',#4938,1000.);
#2976=VECTOR('',#4941,1000.);
#2977=VECTOR('',#4942,1000.);
#2978=VECTOR('',#4945,1000.);
#2979=VECTOR('',#4948,1000.);
#2980=VECTOR('',#4951,1000.);
#2981=VECTOR('',#4954,1000.);
#2982=VECTOR('',#4957,1000.);
#2983=VECTOR('',#4960,1000.);
#2984=VECTOR('',#4963,1000.);
#2985=VECTOR('',#4966,1000.);
#2986=VECTOR('',#4969,1000.);
#2987=VECTOR('',#4972,1000.);
#2988=VECTOR('',#4975,1000.);
#2989=VECTOR('',#4978,1000.);
#2990=VECTOR('',#4981,1000.);
#2991=VECTOR('',#4984,1000.);
#2992=VECTOR('',#4989,1000.);
#2993=VECTOR('',#4990,1000.);
#2994=VECTOR('',#4991,1000.);
#2995=VECTOR('',#4994,1000.);
#2996=VECTOR('',#4997,1000.);
#2997=VECTOR('',#5002,1000.);
#2998=VECTOR('',#5003,1000.);
#2999=VECTOR('',#5004,1000.);
#3000=VECTOR('',#5005,1000.);
#3001=VECTOR('',#5006,1000.);
#3002=VECTOR('',#5009,1000.);
#3003=VECTOR('',#5012,1000.);
#3004=VECTOR('',#5015,1000.);
#3005=VECTOR('',#5016,1000.);
#3006=VECTOR('',#5017,1000.);
#3007=VECTOR('',#5018,1000.);
#3008=VECTOR('',#5019,1000.);
#3009=VECTOR('',#5020,1000.);
#3010=VECTOR('',#5021,1000.);
#3011=VECTOR('',#5022,1000.);
#3012=VECTOR('',#5025,1000.);
#3013=VECTOR('',#5026,1000.);
#3014=VECTOR('',#5029,1000.);
#3015=VECTOR('',#5032,1000.);
#3016=VECTOR('',#5033,1000.);
#3017=VECTOR('',#5034,1000.);
#3018=VECTOR('',#5035,1000.);
#3019=VECTOR('',#5038,1000.);
#3020=VECTOR('',#5041,1000.);
#3021=VECTOR('',#5042,1000.);
#3022=VECTOR('',#5043,1000.);
#3023=VECTOR('',#5046,1000.);
#3024=VECTOR('',#5047,1000.);
#3025=VECTOR('',#5050,1000.);
#3026=VECTOR('',#5051,1000.);
#3027=VECTOR('',#5054,1000.);
#3028=VECTOR('',#5057,1000.);
#3029=VECTOR('',#5058,1000.);
#3030=VECTOR('',#5059,1000.);
#3031=VECTOR('',#5062,1000.);
#3032=VECTOR('',#5063,1000.);
#3033=VECTOR('',#5066,1000.);
#3034=VECTOR('',#5067,1000.);
#3035=VECTOR('',#5070,1000.);
#3036=VECTOR('',#5073,1000.);
#3037=VECTOR('',#5074,1000.);
#3038=VECTOR('',#5075,1000.);
#3039=VECTOR('',#5076,1000.);
#3040=VECTOR('',#5079,1000.);
#3041=VECTOR('',#5080,1000.);
#3042=VECTOR('',#5083,1000.);
#3043=VECTOR('',#5086,1000.);
#3044=VECTOR('',#5089,1000.);
#3045=VECTOR('',#5090,1000.);
#3046=VECTOR('',#5091,1000.);
#3047=VECTOR('',#5092,1000.);
#3048=VECTOR('',#5095,1000.);
#3049=VECTOR('',#5096,1000.);
#3050=VECTOR('',#5099,1000.);
#3051=VECTOR('',#5102,1000.);
#3052=VECTOR('',#5107,1000.);
#3053=VECTOR('',#5108,1000.);
#3054=VECTOR('',#5111,1000.);
#3055=VECTOR('',#5114,1000.);
#3056=VECTOR('',#5119,1000.);
#3057=VECTOR('',#5120,1000.);
#3058=VECTOR('',#5123,1000.);
#3059=VECTOR('',#5126,1000.);
#3060=VECTOR('',#5131,1000.);
#3061=VECTOR('',#5132,1000.);
#3062=VECTOR('',#5139,1000.);
#3063=VECTOR('',#5140,1000.);
#3064=VECTOR('',#5143,1000.);
#3065=VECTOR('',#5146,1000.);
#3066=VECTOR('',#5151,1000.);
#3067=VECTOR('',#5152,1000.);
#3068=VECTOR('',#5153,1000.);
#3069=VECTOR('',#5154,1000.);
#3070=VECTOR('',#5155,1000.);
#3071=VECTOR('',#5156,1000.);
#3072=VECTOR('',#5157,1000.);
#3073=VECTOR('',#5158,1000.);
#3074=VECTOR('',#5161,1000.);
#3075=VECTOR('',#5162,1000.);
#3076=VECTOR('',#5165,1000.);
#3077=VECTOR('',#5168,1000.);
#3078=VECTOR('',#5173,1000.);
#3079=VECTOR('',#5174,1000.);
#3080=VECTOR('',#5175,1000.);
#3081=VECTOR('',#5178,1000.);
#3082=VECTOR('',#5179,1000.);
#3083=VECTOR('',#5182,1000.);
#3084=VECTOR('',#5183,1000.);
#3085=VECTOR('',#5186,1000.);
#3086=VECTOR('',#5189,1000.);
#3087=VECTOR('',#5190,1000.);
#3088=VECTOR('',#5191,1000.);
#3089=VECTOR('',#5194,1000.);
#3090=VECTOR('',#5195,1000.);
#3091=VECTOR('',#5198,1000.);
#3092=VECTOR('',#5199,1000.);
#3093=VECTOR('',#5202,1000.);
#3094=VECTOR('',#5205,1000.);
#3095=VECTOR('',#5206,1000.);
#3096=VECTOR('',#5207,1000.);
#3097=VECTOR('',#5208,1000.);
#3098=VECTOR('',#5211,1000.);
#3099=VECTOR('',#5212,1000.);
#3100=VECTOR('',#5215,1000.);
#3101=VECTOR('',#5218,1000.);
#3102=VECTOR('',#5223,1000.);
#3103=VECTOR('',#5224,1000.);
#3104=VECTOR('',#5227,1000.);
#3105=VECTOR('',#5230,1000.);
#3106=VECTOR('',#5235,1000.);
#3107=VECTOR('',#5236,1000.);
#3108=VECTOR('',#5239,1000.);
#3109=VECTOR('',#5242,1000.);
#3110=VECTOR('',#5247,1000.);
#3111=VECTOR('',#5248,1000.);
#3112=VECTOR('',#5251,1000.);
#3113=VECTOR('',#5254,1000.);
#3114=VECTOR('',#5259,1000.);
#3115=VECTOR('',#5260,1000.);
#3116=VECTOR('',#5261,1000.);
#3117=VECTOR('',#5262,1000.);
#3118=VECTOR('',#5263,1000.);
#3119=VECTOR('',#5264,1000.);
#3120=VECTOR('',#5265,1000.);
#3121=VECTOR('',#5266,1000.);
#3122=VECTOR('',#5269,1000.);
#3123=VECTOR('',#5270,1000.);
#3124=VECTOR('',#5273,1000.);
#3125=VECTOR('',#5276,1000.);
#3126=VECTOR('',#5281,1000.);
#3127=VECTOR('',#5282,1000.);
#3128=VECTOR('',#5283,1000.);
#3129=VECTOR('',#5286,1000.);
#3130=VECTOR('',#5287,1000.);
#3131=VECTOR('',#5290,1000.);
#3132=VECTOR('',#5291,1000.);
#3133=VECTOR('',#5294,1000.);
#3134=VECTOR('',#5297,1000.);
#3135=VECTOR('',#5298,1000.);
#3136=VECTOR('',#5299,1000.);
#3137=VECTOR('',#5302,1000.);
#3138=VECTOR('',#5303,1000.);
#3139=VECTOR('',#5306,1000.);
#3140=VECTOR('',#5307,1000.);
#3141=VECTOR('',#5310,1000.);
#3142=VECTOR('',#5313,1000.);
#3143=VECTOR('',#5314,1000.);
#3144=VECTOR('',#5315,1000.);
#3145=VECTOR('',#5316,1000.);
#3146=VECTOR('',#5319,1000.);
#3147=VECTOR('',#5320,1000.);
#3148=VECTOR('',#5323,1000.);
#3149=VECTOR('',#5326,1000.);
#3150=VECTOR('',#5331,1000.);
#3151=VECTOR('',#5332,1000.);
#3152=VECTOR('',#5335,1000.);
#3153=VECTOR('',#5338,1000.);
#3154=VECTOR('',#5343,1000.);
#3155=VECTOR('',#5344,1000.);
#3156=VECTOR('',#5347,1000.);
#3157=VECTOR('',#5350,1000.);
#3158=VECTOR('',#5355,1000.);
#3159=VECTOR('',#5356,1000.);
#3160=VECTOR('',#5359,1000.);
#3161=VECTOR('',#5362,1000.);
#3162=VECTOR('',#5367,1000.);
#3163=VECTOR('',#5368,1000.);
#3164=VECTOR('',#5369,1000.);
#3165=VECTOR('',#5370,1000.);
#3166=VECTOR('',#5371,1000.);
#3167=VECTOR('',#5372,1000.);
#3168=VECTOR('',#5373,1000.);
#3169=VECTOR('',#5374,1000.);
#3170=VECTOR('',#5377,1000.);
#3171=VECTOR('',#5378,1000.);
#3172=VECTOR('',#5381,1000.);
#3173=VECTOR('',#5384,1000.);
#3174=VECTOR('',#5389,1000.);
#3175=VECTOR('',#5390,1000.);
#3176=VECTOR('',#5391,1000.);
#3177=VECTOR('',#5394,1000.);
#3178=VECTOR('',#5395,1000.);
#3179=VECTOR('',#5398,1000.);
#3180=VECTOR('',#5399,1000.);
#3181=VECTOR('',#5402,1000.);
#3182=VECTOR('',#5405,1000.);
#3183=VECTOR('',#5406,1000.);
#3184=VECTOR('',#5407,1000.);
#3185=VECTOR('',#5410,1000.);
#3186=VECTOR('',#5411,1000.);
#3187=VECTOR('',#5414,1000.);
#3188=VECTOR('',#5415,1000.);
#3189=VECTOR('',#5418,1000.);
#3190=VECTOR('',#5421,1000.);
#3191=VECTOR('',#5422,1000.);
#3192=VECTOR('',#5423,1000.);
#3193=VECTOR('',#5424,1000.);
#3194=VECTOR('',#5427,1000.);
#3195=VECTOR('',#5428,1000.);
#3196=VECTOR('',#5431,1000.);
#3197=VECTOR('',#5434,1000.);
#3198=VECTOR('',#5441,1000.);
#3199=VECTOR('',#5442,1000.);
#3200=VECTOR('',#5445,1000.);
#3201=VECTOR('',#5448,1000.);
#3202=VECTOR('',#5453,1000.);
#3203=VECTOR('',#5454,1000.);
#3204=VECTOR('',#5457,1000.);
#3205=VECTOR('',#5460,1000.);
#3206=VECTOR('',#5467,1000.);
#3207=VECTOR('',#5468,1000.);
#3208=VECTOR('',#5469,1000.);
#3209=VECTOR('',#5470,1000.);
#3210=VECTOR('',#5473,1000.);
#3211=VECTOR('',#5474,1000.);
#3212=VECTOR('',#5475,1000.);
#3213=VECTOR('',#5476,1000.);
#3214=VECTOR('',#5481,1000.);
#3215=VECTOR('',#5486,1000.);
#3216=VECTOR('',#5487,1000.);
#3217=VECTOR('',#5488,1000.);
#3218=VECTOR('',#5491,1000.);
#3219=VECTOR('',#5492,1000.);
#3220=VECTOR('',#5493,1000.);
#3221=VECTOR('',#5494,1000.);
#3222=VECTOR('',#5497,1000.);
#3223=VECTOR('',#5498,1000.);
#3224=VECTOR('',#5499,1000.);
#3225=VECTOR('',#5500,1000.);
#3226=VECTOR('',#5505,1000.);
#3227=VECTOR('',#5510,1000.);
#3228=VECTOR('',#5511,1000.);
#3229=VECTOR('',#5512,1000.);
#3230=VECTOR('',#5515,1000.);
#3231=VECTOR('',#5516,1000.);
#3232=VECTOR('',#5519,1000.);
#3233=VECTOR('',#5520,1000.);
#3234=VECTOR('',#5523,1000.);
#3235=VECTOR('',#5524,1000.);
#3236=VECTOR('',#5527,1000.);
#3237=VECTOR('',#5530,1000.);
#3238=VECTOR('',#5535,1000.);
#3239=VECTOR('',#5536,1000.);
#3240=VECTOR('',#5539,1000.);
#3241=VECTOR('',#5542,1000.);
#3242=VECTOR('',#5549,1000.);
#3243=VECTOR('',#5550,1000.);
#3244=VECTOR('',#5551,1000.);
#3245=VECTOR('',#5552,1000.);
#3246=VECTOR('',#5555,1000.);
#3247=VECTOR('',#5556,1000.);
#3248=VECTOR('',#5557,1000.);
#3249=VECTOR('',#5558,1000.);
#3250=VECTOR('',#5563,1000.);
#3251=VECTOR('',#5568,1000.);
#3252=VECTOR('',#5569,1000.);
#3253=VECTOR('',#5570,1000.);
#3254=VECTOR('',#5573,1000.);
#3255=VECTOR('',#5574,1000.);
#3256=VECTOR('',#5575,1000.);
#3257=VECTOR('',#5576,1000.);
#3258=VECTOR('',#5579,1000.);
#3259=VECTOR('',#5580,1000.);
#3260=VECTOR('',#5581,1000.);
#3261=VECTOR('',#5582,1000.);
#3262=VECTOR('',#5587,1000.);
#3263=VECTOR('',#5592,1000.);
#3264=VECTOR('',#5593,1000.);
#3265=VECTOR('',#5594,1000.);
#3266=VECTOR('',#5597,1000.);
#3267=VECTOR('',#5598,1000.);
#3268=VECTOR('',#5601,1000.);
#3269=VECTOR('',#5602,1000.);
#3270=VECTOR('',#5605,1000.);
#3271=VECTOR('',#5606,1000.);
#3272=VECTOR('',#5609,1000.);
#3273=VECTOR('',#5612,1000.);
#3274=VECTOR('',#5617,1000.);
#3275=VECTOR('',#5618,1000.);
#3276=VECTOR('',#5621,1000.);
#3277=VECTOR('',#5624,1000.);
#3278=EDGE_LOOP('',(#156,#157,#158,#159));
#3279=EDGE_LOOP('',(#160,#161,#162,#163));
#3280=EDGE_LOOP('',(#164,#165,#166,#167));
#3281=EDGE_LOOP('',(#168,#169,#170,#171));
#3282=EDGE_LOOP('',(#172,#173,#174,#175));
#3283=EDGE_LOOP('',(#176,#177,#178,#179));
#3284=EDGE_LOOP('',(#180,#181,#182,#183));
#3285=EDGE_LOOP('',(#184,#185,#186,#187));
#3286=EDGE_LOOP('',(#188,#189,#190,#191));
#3287=EDGE_LOOP('',(#192,#193,#194,#195));
#3288=EDGE_LOOP('',(#196,#197,#198,#199));
#3289=EDGE_LOOP('',(#200,#201,#202,#203));
#3290=EDGE_LOOP('',(#204,#205,#206,#207));
#3291=EDGE_LOOP('',(#208,#209,#210,#211));
#3292=EDGE_LOOP('',(#212,#213,#214,#215));
#3293=EDGE_LOOP('',(#216,#217,#218,#219));
#3294=EDGE_LOOP('',(#220,#221,#222,#223));
#3295=EDGE_LOOP('',(#224,#225,#226,#227,#228,#229,#230,#231));
#3296=EDGE_LOOP('',(#232,#233,#234,#235));
#3297=EDGE_LOOP('',(#236,#237,#238,#239));
#3298=EDGE_LOOP('',(#240,#241,#242,#243));
#3299=EDGE_LOOP('',(#244,#245,#246,#247));
#3300=EDGE_LOOP('',(#248,#249,#250,#251));
#3301=EDGE_LOOP('',(#252,#253,#254,#255));
#3302=EDGE_LOOP('',(#256,#257,#258,#259));
#3303=EDGE_LOOP('',(#260,#261,#262,#263));
#3304=EDGE_LOOP('',(#264,#265,#266,#267));
#3305=EDGE_LOOP('',(#268,#269,#270,#271));
#3306=EDGE_LOOP('',(#272,#273,#274,#275,#276,#277,#278,#279,#280,#281,#282,
#283,#284));
#3307=EDGE_LOOP('',(#285,#286,#287,#288,#289,#290,#291,#292,#293,#294,#295,
#296,#297,#298,#299,#300));
#3308=EDGE_LOOP('',(#301,#302,#303,#304,#305,#306,#307,#308,#309,#310,#311,
#312,#313,#314,#315,#316));
#3309=EDGE_LOOP('',(#317,#318,#319,#320));
#3310=EDGE_LOOP('',(#321,#322,#323,#324));
#3311=EDGE_LOOP('',(#325,#326,#327,#328));
#3312=EDGE_LOOP('',(#329,#330,#331,#332,#333));
#3313=EDGE_LOOP('',(#334,#335,#336,#337));
#3314=EDGE_LOOP('',(#338,#339,#340,#341,#342));
#3315=EDGE_LOOP('',(#343,#344,#345,#346));
#3316=EDGE_LOOP('',(#347,#348,#349,#350,#351));
#3317=EDGE_LOOP('',(#352,#353,#354,#355));
#3318=EDGE_LOOP('',(#356,#357,#358,#359,#360));
#3319=EDGE_LOOP('',(#361,#362,#363,#364));
#3320=EDGE_LOOP('',(#365,#366,#367,#368,#369));
#3321=EDGE_LOOP('',(#370,#371,#372,#373));
#3322=EDGE_LOOP('',(#374,#375,#376,#377,#378));
#3323=EDGE_LOOP('',(#379,#380,#381,#382));
#3324=EDGE_LOOP('',(#383,#384,#385,#386,#387));
#3325=EDGE_LOOP('',(#388,#389,#390,#391));
#3326=EDGE_LOOP('',(#392,#393,#394,#395,#396));
#3327=EDGE_LOOP('',(#397,#398,#399,#400,#401,#402,#403,#404,#405,#406,#407,
#408,#409,#410,#411,#412));
#3328=EDGE_LOOP('',(#413,#414,#415,#416));
#3329=EDGE_LOOP('',(#417,#418,#419,#420));
#3330=EDGE_LOOP('',(#421,#422,#423,#424));
#3331=EDGE_LOOP('',(#425,#426,#427,#428));
#3332=EDGE_LOOP('',(#429,#430,#431,#432));
#3333=EDGE_LOOP('',(#433,#434,#435,#436));
#3334=EDGE_LOOP('',(#437,#438,#439,#440,#441));
#3335=EDGE_LOOP('',(#442,#443,#444,#445));
#3336=EDGE_LOOP('',(#446,#447,#448,#449,#450));
#3337=EDGE_LOOP('',(#451,#452,#453,#454));
#3338=EDGE_LOOP('',(#455,#456,#457,#458));
#3339=EDGE_LOOP('',(#459,#460,#461,#462));
#3340=EDGE_LOOP('',(#463,#464,#465,#466));
#3341=EDGE_LOOP('',(#467,#468,#469,#470));
#3342=EDGE_LOOP('',(#471,#472,#473,#474,#475,#476,#477,#478,#479,#480,#481,
#482,#483,#484,#485,#486));
#3343=EDGE_LOOP('',(#487,#488,#489,#490));
#3344=EDGE_LOOP('',(#491,#492,#493,#494));
#3345=EDGE_LOOP('',(#495,#496,#497,#498));
#3346=EDGE_LOOP('',(#499,#500,#501,#502));
#3347=EDGE_LOOP('',(#503,#504,#505,#506,#507));
#3348=EDGE_LOOP('',(#508,#509,#510,#511));
#3349=EDGE_LOOP('',(#512,#513,#514,#515,#516,#517,#518,#519));
#3350=EDGE_LOOP('',(#520,#521,#522,#523,#524,#525,#526,#527));
#3351=EDGE_LOOP('',(#528,#529,#530,#531,#532));
#3352=EDGE_LOOP('',(#533,#534,#535,#536));
#3353=EDGE_LOOP('',(#537,#538,#539,#540,#541));
#3354=EDGE_LOOP('',(#542,#543,#544,#545));
#3355=EDGE_LOOP('',(#546,#547,#548,#549,#550));
#3356=EDGE_LOOP('',(#551,#552,#553,#554));
#3357=EDGE_LOOP('',(#555,#556,#557,#558,#559));
#3358=EDGE_LOOP('',(#560,#561,#562,#563));
#3359=EDGE_LOOP('',(#564,#565,#566,#567,#568));
#3360=EDGE_LOOP('',(#569,#570,#571,#572));
#3361=EDGE_LOOP('',(#573,#574,#575,#576,#577));
#3362=EDGE_LOOP('',(#578,#579,#580,#581));
#3363=EDGE_LOOP('',(#582,#583,#584,#585,#586));
#3364=EDGE_LOOP('',(#587,#588,#589,#590));
#3365=EDGE_LOOP('',(#591,#592,#593,#594,#595));
#3366=EDGE_LOOP('',(#596,#597,#598,#599));
#3367=EDGE_LOOP('',(#600,#601,#602,#603));
#3368=EDGE_LOOP('',(#604,#605,#606,#607));
#3369=EDGE_LOOP('',(#608,#609,#610,#611));
#3370=EDGE_LOOP('',(#612,#613,#614,#615));
#3371=EDGE_LOOP('',(#616,#617,#618,#619,#620,#621,#622));
#3372=EDGE_LOOP('',(#623,#624,#625,#626));
#3373=EDGE_LOOP('',(#627,#628,#629,#630));
#3374=EDGE_LOOP('',(#631,#632,#633,#634));
#3375=EDGE_LOOP('',(#635,#636,#637,#638));
#3376=EDGE_LOOP('',(#639,#640,#641,#642));
#3377=EDGE_LOOP('',(#643,#644,#645,#646));
#3378=EDGE_LOOP('',(#647,#648,#649,#650,#651,#652,#653));
#3379=EDGE_LOOP('',(#654,#655,#656,#657,#658,#659,#660,#661));
#3380=EDGE_LOOP('',(#662,#663,#664,#665));
#3381=EDGE_LOOP('',(#666,#667,#668,#669));
#3382=EDGE_LOOP('',(#670,#671,#672,#673));
#3383=EDGE_LOOP('',(#674,#675,#676,#677));
#3384=EDGE_LOOP('',(#678,#679,#680,#681));
#3385=EDGE_LOOP('',(#682,#683,#684,#685));
#3386=EDGE_LOOP('',(#686,#687,#688,#689));
#3387=EDGE_LOOP('',(#690,#691,#692,#693));
#3388=EDGE_LOOP('',(#694,#695,#696,#697));
#3389=EDGE_LOOP('',(#698,#699,#700,#701));
#3390=EDGE_LOOP('',(#702,#703,#704,#705));
#3391=EDGE_LOOP('',(#706,#707,#708,#709));
#3392=EDGE_LOOP('',(#710,#711,#712,#713));
#3393=EDGE_LOOP('',(#714,#715,#716,#717));
#3394=EDGE_LOOP('',(#718,#719,#720,#721));
#3395=EDGE_LOOP('',(#722,#723,#724,#725));
#3396=EDGE_LOOP('',(#726,#727,#728,#729));
#3397=EDGE_LOOP('',(#730,#731,#732,#733));
#3398=EDGE_LOOP('',(#734,#735,#736,#737));
#3399=EDGE_LOOP('',(#738,#739,#740,#741));
#3400=EDGE_LOOP('',(#742,#743,#744,#745));
#3401=EDGE_LOOP('',(#746,#747,#748,#749));
#3402=EDGE_LOOP('',(#750,#751,#752,#753));
#3403=EDGE_LOOP('',(#754,#755,#756,#757));
#3404=EDGE_LOOP('',(#758,#759,#760,#761));
#3405=EDGE_LOOP('',(#762,#763,#764,#765));
#3406=EDGE_LOOP('',(#766,#767,#768,#769));
#3407=EDGE_LOOP('',(#770,#771,#772,#773));
#3408=EDGE_LOOP('',(#774,#775,#776,#777));
#3409=EDGE_LOOP('',(#778,#779,#780,#781));
#3410=EDGE_LOOP('',(#782,#783,#784,#785));
#3411=EDGE_LOOP('',(#786,#787,#788,#789));
#3412=EDGE_LOOP('',(#790,#791,#792,#793));
#3413=EDGE_LOOP('',(#794,#795,#796,#797));
#3414=EDGE_LOOP('',(#798,#799,#800,#801));
#3415=EDGE_LOOP('',(#802,#803,#804,#805));
#3416=EDGE_LOOP('',(#806,#807,#808,#809));
#3417=EDGE_LOOP('',(#810,#811,#812,#813));
#3418=EDGE_LOOP('',(#814,#815,#816,#817));
#3419=EDGE_LOOP('',(#818,#819,#820,#821));
#3420=EDGE_LOOP('',(#822,#823,#824,#825));
#3421=EDGE_LOOP('',(#826,#827,#828,#829));
#3422=EDGE_LOOP('',(#830,#831,#832,#833));
#3423=EDGE_LOOP('',(#834,#835,#836,#837));
#3424=EDGE_LOOP('',(#838,#839,#840,#841));
#3425=EDGE_LOOP('',(#842,#843,#844,#845));
#3426=EDGE_LOOP('',(#846,#847,#848,#849));
#3427=EDGE_LOOP('',(#850,#851,#852,#853));
#3428=EDGE_LOOP('',(#854,#855,#856,#857));
#3429=EDGE_LOOP('',(#858,#859,#860,#861));
#3430=EDGE_LOOP('',(#862,#863,#864,#865));
#3431=EDGE_LOOP('',(#866,#867,#868,#869));
#3432=EDGE_LOOP('',(#870,#871,#872,#873));
#3433=EDGE_LOOP('',(#874,#875,#876,#877));
#3434=EDGE_LOOP('',(#878,#879,#880,#881));
#3435=EDGE_LOOP('',(#882,#883,#884,#885));
#3436=EDGE_LOOP('',(#886,#887,#888,#889));
#3437=EDGE_LOOP('',(#890,#891,#892,#893));
#3438=EDGE_LOOP('',(#894,#895,#896,#897));
#3439=EDGE_LOOP('',(#898,#899,#900,#901));
#3440=EDGE_LOOP('',(#902,#903,#904,#905));
#3441=EDGE_LOOP('',(#906,#907,#908,#909));
#3442=EDGE_LOOP('',(#910,#911,#912,#913));
#3443=EDGE_LOOP('',(#914,#915,#916,#917));
#3444=EDGE_LOOP('',(#918,#919,#920,#921));
#3445=EDGE_LOOP('',(#922,#923,#924,#925));
#3446=EDGE_LOOP('',(#926,#927,#928,#929));
#3447=EDGE_LOOP('',(#930,#931,#932,#933));
#3448=EDGE_LOOP('',(#934,#935,#936,#937));
#3449=EDGE_LOOP('',(#938,#939,#940,#941));
#3450=EDGE_LOOP('',(#942,#943,#944,#945));
#3451=EDGE_LOOP('',(#946,#947,#948,#949));
#3452=EDGE_LOOP('',(#950,#951,#952,#953));
#3453=EDGE_LOOP('',(#954,#955,#956,#957));
#3454=EDGE_LOOP('',(#958,#959,#960,#961));
#3455=EDGE_LOOP('',(#962,#963,#964,#965));
#3456=EDGE_LOOP('',(#966,#967,#968,#969));
#3457=EDGE_LOOP('',(#970,#971,#972,#973));
#3458=EDGE_LOOP('',(#974,#975,#976,#977));
#3459=EDGE_LOOP('',(#978,#979,#980,#981));
#3460=EDGE_LOOP('',(#982,#983,#984,#985));
#3461=EDGE_LOOP('',(#986,#987,#988,#989));
#3462=EDGE_LOOP('',(#990,#991,#992,#993));
#3463=EDGE_LOOP('',(#994,#995,#996,#997));
#3464=EDGE_LOOP('',(#998,#999,#1000,#1001));
#3465=EDGE_LOOP('',(#1002,#1003,#1004,#1005));
#3466=EDGE_LOOP('',(#1006,#1007,#1008,#1009));
#3467=EDGE_LOOP('',(#1010,#1011,#1012,#1013));
#3468=EDGE_LOOP('',(#1014,#1015,#1016,#1017));
#3469=EDGE_LOOP('',(#1018,#1019,#1020,#1021));
#3470=EDGE_LOOP('',(#1022,#1023,#1024,#1025));
#3471=EDGE_LOOP('',(#1026,#1027,#1028,#1029));
#3472=EDGE_LOOP('',(#1030,#1031,#1032,#1033));
#3473=EDGE_LOOP('',(#1034,#1035,#1036,#1037));
#3474=EDGE_LOOP('',(#1038,#1039,#1040,#1041));
#3475=EDGE_LOOP('',(#1042,#1043,#1044,#1045));
#3476=EDGE_LOOP('',(#1046,#1047,#1048,#1049));
#3477=EDGE_LOOP('',(#1050,#1051,#1052,#1053));
#3478=EDGE_LOOP('',(#1054,#1055,#1056,#1057));
#3479=EDGE_LOOP('',(#1058,#1059,#1060,#1061));
#3480=EDGE_LOOP('',(#1062,#1063,#1064,#1065));
#3481=EDGE_LOOP('',(#1066,#1067,#1068,#1069));
#3482=EDGE_LOOP('',(#1070,#1071,#1072,#1073));
#3483=EDGE_LOOP('',(#1074,#1075,#1076,#1077));
#3484=EDGE_LOOP('',(#1078,#1079,#1080,#1081));
#3485=EDGE_LOOP('',(#1082,#1083,#1084,#1085));
#3486=EDGE_LOOP('',(#1086,#1087,#1088,#1089));
#3487=EDGE_LOOP('',(#1090,#1091,#1092,#1093));
#3488=EDGE_LOOP('',(#1094,#1095,#1096,#1097));
#3489=EDGE_LOOP('',(#1098,#1099,#1100,#1101));
#3490=EDGE_LOOP('',(#1102,#1103,#1104,#1105));
#3491=EDGE_LOOP('',(#1106,#1107,#1108,#1109));
#3492=EDGE_LOOP('',(#1110,#1111,#1112,#1113));
#3493=EDGE_LOOP('',(#1114,#1115,#1116,#1117));
#3494=EDGE_LOOP('',(#1118,#1119,#1120,#1121));
#3495=EDGE_LOOP('',(#1122,#1123,#1124,#1125));
#3496=EDGE_LOOP('',(#1126,#1127,#1128,#1129));
#3497=EDGE_LOOP('',(#1130,#1131,#1132,#1133));
#3498=EDGE_LOOP('',(#1134,#1135,#1136,#1137));
#3499=EDGE_LOOP('',(#1138,#1139,#1140,#1141));
#3500=EDGE_LOOP('',(#1142,#1143,#1144,#1145));
#3501=EDGE_LOOP('',(#1146,#1147,#1148,#1149));
#3502=EDGE_LOOP('',(#1150,#1151,#1152,#1153));
#3503=EDGE_LOOP('',(#1154,#1155,#1156,#1157));
#3504=EDGE_LOOP('',(#1158,#1159,#1160,#1161));
#3505=EDGE_LOOP('',(#1162,#1163,#1164,#1165));
#3506=EDGE_LOOP('',(#1166,#1167,#1168,#1169));
#3507=EDGE_LOOP('',(#1170,#1171,#1172,#1173));
#3508=EDGE_LOOP('',(#1174,#1175,#1176,#1177));
#3509=EDGE_LOOP('',(#1178,#1179,#1180,#1181));
#3510=EDGE_LOOP('',(#1182,#1183,#1184,#1185,#1186,#1187,#1188,#1189));
#3511=EDGE_LOOP('',(#1190,#1191,#1192,#1193,#1194,#1195,#1196,#1197));
#3512=EDGE_LOOP('',(#1198,#1199,#1200,#1201));
#3513=EDGE_LOOP('',(#1202,#1203,#1204,#1205));
#3514=EDGE_LOOP('',(#1206,#1207,#1208,#1209));
#3515=EDGE_LOOP('',(#1210,#1211,#1212,#1213));
#3516=EDGE_LOOP('',(#1214,#1215,#1216,#1217));
#3517=EDGE_LOOP('',(#1218,#1219,#1220,#1221));
#3518=EDGE_LOOP('',(#1222,#1223,#1224,#1225));
#3519=EDGE_LOOP('',(#1226,#1227,#1228,#1229));
#3520=EDGE_LOOP('',(#1230,#1231,#1232,#1233));
#3521=EDGE_LOOP('',(#1234,#1235,#1236,#1237));
#3522=EDGE_LOOP('',(#1238,#1239,#1240,#1241));
#3523=EDGE_LOOP('',(#1242,#1243,#1244,#1245));
#3524=EDGE_LOOP('',(#1246,#1247,#1248,#1249));
#3525=EDGE_LOOP('',(#1250,#1251,#1252,#1253));
#3526=EDGE_LOOP('',(#1254,#1255,#1256,#1257));
#3527=EDGE_LOOP('',(#1258,#1259,#1260,#1261));
#3528=EDGE_LOOP('',(#1262,#1263,#1264,#1265,#1266,#1267,#1268,#1269));
#3529=EDGE_LOOP('',(#1270,#1271,#1272,#1273,#1274,#1275,#1276,#1277));
#3530=EDGE_LOOP('',(#1278,#1279,#1280,#1281));
#3531=EDGE_LOOP('',(#1282,#1283,#1284,#1285));
#3532=EDGE_LOOP('',(#1286,#1287,#1288,#1289));
#3533=EDGE_LOOP('',(#1290,#1291,#1292,#1293));
#3534=EDGE_LOOP('',(#1294,#1295,#1296,#1297));
#3535=EDGE_LOOP('',(#1298,#1299,#1300,#1301));
#3536=EDGE_LOOP('',(#1302,#1303,#1304,#1305));
#3537=EDGE_LOOP('',(#1306,#1307,#1308,#1309));
#3538=FACE_BOUND('',#3278,.T.);
#3539=FACE_BOUND('',#3279,.T.);
#3540=FACE_BOUND('',#3280,.T.);
#3541=FACE_BOUND('',#3281,.T.);
#3542=FACE_BOUND('',#3282,.T.);
#3543=FACE_BOUND('',#3283,.T.);
#3544=FACE_BOUND('',#3284,.T.);
#3545=FACE_BOUND('',#3285,.T.);
#3546=FACE_BOUND('',#3286,.T.);
#3547=FACE_BOUND('',#3287,.T.);
#3548=FACE_BOUND('',#3288,.T.);
#3549=FACE_BOUND('',#3289,.T.);
#3550=FACE_BOUND('',#3290,.T.);
#3551=FACE_BOUND('',#3291,.T.);
#3552=FACE_BOUND('',#3292,.T.);
#3553=FACE_BOUND('',#3293,.T.);
#3554=FACE_BOUND('',#3294,.T.);
#3555=FACE_BOUND('',#3295,.T.);
#3556=FACE_BOUND('',#3296,.T.);
#3557=FACE_BOUND('',#3297,.T.);
#3558=FACE_BOUND('',#3298,.T.);
#3559=FACE_BOUND('',#3299,.T.);
#3560=FACE_BOUND('',#3300,.T.);
#3561=FACE_BOUND('',#3301,.T.);
#3562=FACE_BOUND('',#3302,.T.);
#3563=FACE_BOUND('',#3303,.T.);
#3564=FACE_BOUND('',#3304,.T.);
#3565=FACE_BOUND('',#3305,.T.);
#3566=FACE_BOUND('',#3306,.T.);
#3567=FACE_BOUND('',#3307,.T.);
#3568=FACE_BOUND('',#3308,.T.);
#3569=FACE_BOUND('',#3309,.T.);
#3570=FACE_BOUND('',#3310,.T.);
#3571=FACE_BOUND('',#3311,.T.);
#3572=FACE_BOUND('',#3312,.T.);
#3573=FACE_BOUND('',#3313,.T.);
#3574=FACE_BOUND('',#3314,.T.);
#3575=FACE_BOUND('',#3315,.T.);
#3576=FACE_BOUND('',#3316,.T.);
#3577=FACE_BOUND('',#3317,.T.);
#3578=FACE_BOUND('',#3318,.T.);
#3579=FACE_BOUND('',#3319,.T.);
#3580=FACE_BOUND('',#3320,.T.);
#3581=FACE_BOUND('',#3321,.T.);
#3582=FACE_BOUND('',#3322,.T.);
#3583=FACE_BOUND('',#3323,.T.);
#3584=FACE_BOUND('',#3324,.T.);
#3585=FACE_BOUND('',#3325,.T.);
#3586=FACE_BOUND('',#3326,.T.);
#3587=FACE_BOUND('',#3327,.T.);
#3588=FACE_BOUND('',#3328,.T.);
#3589=FACE_BOUND('',#3329,.T.);
#3590=FACE_BOUND('',#3330,.T.);
#3591=FACE_BOUND('',#3331,.T.);
#3592=FACE_BOUND('',#3332,.T.);
#3593=FACE_BOUND('',#3333,.T.);
#3594=FACE_BOUND('',#3334,.T.);
#3595=FACE_BOUND('',#3335,.T.);
#3596=FACE_BOUND('',#3336,.T.);
#3597=FACE_BOUND('',#3337,.T.);
#3598=FACE_BOUND('',#3338,.T.);
#3599=FACE_BOUND('',#3339,.T.);
#3600=FACE_BOUND('',#3340,.T.);
#3601=FACE_BOUND('',#3341,.T.);
#3602=FACE_BOUND('',#3342,.T.);
#3603=FACE_BOUND('',#3343,.T.);
#3604=FACE_BOUND('',#3344,.T.);
#3605=FACE_BOUND('',#3345,.T.);
#3606=FACE_BOUND('',#3346,.T.);
#3607=FACE_BOUND('',#3347,.T.);
#3608=FACE_BOUND('',#3348,.T.);
#3609=FACE_BOUND('',#3349,.T.);
#3610=FACE_BOUND('',#3350,.T.);
#3611=FACE_BOUND('',#3351,.T.);
#3612=FACE_BOUND('',#3352,.T.);
#3613=FACE_BOUND('',#3353,.T.);
#3614=FACE_BOUND('',#3354,.T.);
#3615=FACE_BOUND('',#3355,.T.);
#3616=FACE_BOUND('',#3356,.T.);
#3617=FACE_BOUND('',#3357,.T.);
#3618=FACE_BOUND('',#3358,.T.);
#3619=FACE_BOUND('',#3359,.T.);
#3620=FACE_BOUND('',#3360,.T.);
#3621=FACE_BOUND('',#3361,.T.);
#3622=FACE_BOUND('',#3362,.T.);
#3623=FACE_BOUND('',#3363,.T.);
#3624=FACE_BOUND('',#3364,.T.);
#3625=FACE_BOUND('',#3365,.T.);
#3626=FACE_BOUND('',#3366,.T.);
#3627=FACE_BOUND('',#3367,.T.);
#3628=FACE_BOUND('',#3368,.T.);
#3629=FACE_BOUND('',#3369,.T.);
#3630=FACE_BOUND('',#3370,.T.);
#3631=FACE_BOUND('',#3371,.T.);
#3632=FACE_BOUND('',#3372,.T.);
#3633=FACE_BOUND('',#3373,.T.);
#3634=FACE_BOUND('',#3374,.T.);
#3635=FACE_BOUND('',#3375,.T.);
#3636=FACE_BOUND('',#3376,.T.);
#3637=FACE_BOUND('',#3377,.T.);
#3638=FACE_BOUND('',#3378,.T.);
#3639=FACE_BOUND('',#3379,.T.);
#3640=FACE_BOUND('',#3380,.T.);
#3641=FACE_BOUND('',#3381,.T.);
#3642=FACE_BOUND('',#3382,.T.);
#3643=FACE_BOUND('',#3383,.T.);
#3644=FACE_BOUND('',#3384,.T.);
#3645=FACE_BOUND('',#3385,.T.);
#3646=FACE_BOUND('',#3386,.T.);
#3647=FACE_BOUND('',#3387,.T.);
#3648=FACE_BOUND('',#3388,.T.);
#3649=FACE_BOUND('',#3389,.T.);
#3650=FACE_BOUND('',#3390,.T.);
#3651=FACE_BOUND('',#3391,.T.);
#3652=FACE_BOUND('',#3392,.T.);
#3653=FACE_BOUND('',#3393,.T.);
#3654=FACE_BOUND('',#3394,.T.);
#3655=FACE_BOUND('',#3395,.T.);
#3656=FACE_BOUND('',#3396,.T.);
#3657=FACE_BOUND('',#3397,.T.);
#3658=FACE_BOUND('',#3398,.T.);
#3659=FACE_BOUND('',#3399,.T.);
#3660=FACE_BOUND('',#3400,.T.);
#3661=FACE_BOUND('',#3401,.T.);
#3662=FACE_BOUND('',#3402,.T.);
#3663=FACE_BOUND('',#3403,.T.);
#3664=FACE_BOUND('',#3404,.T.);
#3665=FACE_BOUND('',#3405,.T.);
#3666=FACE_BOUND('',#3406,.T.);
#3667=FACE_BOUND('',#3407,.T.);
#3668=FACE_BOUND('',#3408,.T.);
#3669=FACE_BOUND('',#3409,.T.);
#3670=FACE_BOUND('',#3410,.T.);
#3671=FACE_BOUND('',#3411,.T.);
#3672=FACE_BOUND('',#3412,.T.);
#3673=FACE_BOUND('',#3413,.T.);
#3674=FACE_BOUND('',#3414,.T.);
#3675=FACE_BOUND('',#3415,.T.);
#3676=FACE_BOUND('',#3416,.T.);
#3677=FACE_BOUND('',#3417,.T.);
#3678=FACE_BOUND('',#3418,.T.);
#3679=FACE_BOUND('',#3419,.T.);
#3680=FACE_BOUND('',#3420,.T.);
#3681=FACE_BOUND('',#3421,.T.);
#3682=FACE_BOUND('',#3422,.T.);
#3683=FACE_BOUND('',#3423,.T.);
#3684=FACE_BOUND('',#3424,.T.);
#3685=FACE_BOUND('',#3425,.T.);
#3686=FACE_BOUND('',#3426,.T.);
#3687=FACE_BOUND('',#3427,.T.);
#3688=FACE_BOUND('',#3428,.T.);
#3689=FACE_BOUND('',#3429,.T.);
#3690=FACE_BOUND('',#3430,.T.);
#3691=FACE_BOUND('',#3431,.T.);
#3692=FACE_BOUND('',#3432,.T.);
#3693=FACE_BOUND('',#3433,.T.);
#3694=FACE_BOUND('',#3434,.T.);
#3695=FACE_BOUND('',#3435,.T.);
#3696=FACE_BOUND('',#3436,.T.);
#3697=FACE_BOUND('',#3437,.T.);
#3698=FACE_BOUND('',#3438,.T.);
#3699=FACE_BOUND('',#3439,.T.);
#3700=FACE_BOUND('',#3440,.T.);
#3701=FACE_BOUND('',#3441,.T.);
#3702=FACE_BOUND('',#3442,.T.);
#3703=FACE_BOUND('',#3443,.T.);
#3704=FACE_BOUND('',#3444,.T.);
#3705=FACE_BOUND('',#3445,.T.);
#3706=FACE_BOUND('',#3446,.T.);
#3707=FACE_BOUND('',#3447,.T.);
#3708=FACE_BOUND('',#3448,.T.);
#3709=FACE_BOUND('',#3449,.T.);
#3710=FACE_BOUND('',#3450,.T.);
#3711=FACE_BOUND('',#3451,.T.);
#3712=FACE_BOUND('',#3452,.T.);
#3713=FACE_BOUND('',#3453,.T.);
#3714=FACE_BOUND('',#3454,.T.);
#3715=FACE_BOUND('',#3455,.T.);
#3716=FACE_BOUND('',#3456,.T.);
#3717=FACE_BOUND('',#3457,.T.);
#3718=FACE_BOUND('',#3458,.T.);
#3719=FACE_BOUND('',#3459,.T.);
#3720=FACE_BOUND('',#3460,.T.);
#3721=FACE_BOUND('',#3461,.T.);
#3722=FACE_BOUND('',#3462,.T.);
#3723=FACE_BOUND('',#3463,.T.);
#3724=FACE_BOUND('',#3464,.T.);
#3725=FACE_BOUND('',#3465,.T.);
#3726=FACE_BOUND('',#3466,.T.);
#3727=FACE_BOUND('',#3467,.T.);
#3728=FACE_BOUND('',#3468,.T.);
#3729=FACE_BOUND('',#3469,.T.);
#3730=FACE_BOUND('',#3470,.T.);
#3731=FACE_BOUND('',#3471,.T.);
#3732=FACE_BOUND('',#3472,.T.);
#3733=FACE_BOUND('',#3473,.T.);
#3734=FACE_BOUND('',#3474,.T.);
#3735=FACE_BOUND('',#3475,.T.);
#3736=FACE_BOUND('',#3476,.T.);
#3737=FACE_BOUND('',#3477,.T.);
#3738=FACE_BOUND('',#3478,.T.);
#3739=FACE_BOUND('',#3479,.T.);
#3740=FACE_BOUND('',#3480,.T.);
#3741=FACE_BOUND('',#3481,.T.);
#3742=FACE_BOUND('',#3482,.T.);
#3743=FACE_BOUND('',#3483,.T.);
#3744=FACE_BOUND('',#3484,.T.);
#3745=FACE_BOUND('',#3485,.T.);
#3746=FACE_BOUND('',#3486,.T.);
#3747=FACE_BOUND('',#3487,.T.);
#3748=FACE_BOUND('',#3488,.T.);
#3749=FACE_BOUND('',#3489,.T.);
#3750=FACE_BOUND('',#3490,.T.);
#3751=FACE_BOUND('',#3491,.T.);
#3752=FACE_BOUND('',#3492,.T.);
#3753=FACE_BOUND('',#3493,.T.);
#3754=FACE_BOUND('',#3494,.T.);
#3755=FACE_BOUND('',#3495,.T.);
#3756=FACE_BOUND('',#3496,.T.);
#3757=FACE_BOUND('',#3497,.T.);
#3758=FACE_BOUND('',#3498,.T.);
#3759=FACE_BOUND('',#3499,.T.);
#3760=FACE_BOUND('',#3500,.T.);
#3761=FACE_BOUND('',#3501,.T.);
#3762=FACE_BOUND('',#3502,.T.);
#3763=FACE_BOUND('',#3503,.T.);
#3764=FACE_BOUND('',#3504,.T.);
#3765=FACE_BOUND('',#3505,.T.);
#3766=FACE_BOUND('',#3506,.T.);
#3767=FACE_BOUND('',#3507,.T.);
#3768=FACE_BOUND('',#3508,.T.);
#3769=FACE_BOUND('',#3509,.T.);
#3770=FACE_BOUND('',#3510,.T.);
#3771=FACE_BOUND('',#3511,.T.);
#3772=FACE_BOUND('',#3512,.T.);
#3773=FACE_BOUND('',#3513,.T.);
#3774=FACE_BOUND('',#3514,.T.);
#3775=FACE_BOUND('',#3515,.T.);
#3776=FACE_BOUND('',#3516,.T.);
#3777=FACE_BOUND('',#3517,.T.);
#3778=FACE_BOUND('',#3518,.T.);
#3779=FACE_BOUND('',#3519,.T.);
#3780=FACE_BOUND('',#3520,.T.);
#3781=FACE_BOUND('',#3521,.T.);
#3782=FACE_BOUND('',#3522,.T.);
#3783=FACE_BOUND('',#3523,.T.);
#3784=FACE_BOUND('',#3524,.T.);
#3785=FACE_BOUND('',#3525,.T.);
#3786=FACE_BOUND('',#3526,.T.);
#3787=FACE_BOUND('',#3527,.T.);
#3788=FACE_BOUND('',#3528,.T.);
#3789=FACE_BOUND('',#3529,.T.);
#3790=FACE_BOUND('',#3530,.T.);
#3791=FACE_BOUND('',#3531,.T.);
#3792=FACE_BOUND('',#3532,.T.);
#3793=FACE_BOUND('',#3533,.T.);
#3794=FACE_BOUND('',#3534,.T.);
#3795=FACE_BOUND('',#3535,.T.);
#3796=FACE_BOUND('',#3536,.T.);
#3797=FACE_BOUND('',#3537,.T.);
#3798=PLANE('',#4264);
#3799=PLANE('',#4265);
#3800=PLANE('',#4266);
#3801=PLANE('',#4267);
#3802=PLANE('',#4268);
#3803=PLANE('',#4269);
#3804=PLANE('',#4286);
#3805=PLANE('',#4289);
#3806=PLANE('',#4292);
#3807=PLANE('',#4295);
#3808=PLANE('',#4298);
#3809=PLANE('',#4301);
#3810=PLANE('',#4304);
#3811=PLANE('',#4307);
#3812=PLANE('',#4310);
#3813=PLANE('',#4311);
#3814=PLANE('',#4320);
#3815=PLANE('',#4321);
#3816=PLANE('',#4322);
#3817=PLANE('',#4326);
#3818=PLANE('',#4327);
#3819=PLANE('',#4328);
#3820=PLANE('',#4338);
#3821=PLANE('',#4346);
#3822=PLANE('',#4347);
#3823=PLANE('',#4348);
#3824=PLANE('',#4349);
#3825=PLANE('',#4350);
#3826=PLANE('',#4351);
#3827=PLANE('',#4352);
#3828=PLANE('',#4354);
#3829=PLANE('',#4356);
#3830=PLANE('',#4358);
#3831=PLANE('',#4360);
#3832=PLANE('',#4362);
#3833=PLANE('',#4364);
#3834=PLANE('',#4366);
#3835=PLANE('',#4368);
#3836=PLANE('',#4369);
#3837=PLANE('',#4370);
#3838=PLANE('',#4371);
#3839=PLANE('',#4372);
#3840=PLANE('',#4373);
#3841=PLANE('',#4374);
#3842=PLANE('',#4375);
#3843=PLANE('',#4376);
#3844=PLANE('',#4377);
#3845=PLANE('',#4378);
#3846=PLANE('',#4379);
#3847=PLANE('',#4380);
#3848=PLANE('',#4381);
#3849=PLANE('',#4382);
#3850=PLANE('',#4383);
#3851=PLANE('',#4384);
#3852=PLANE('',#4385);
#3853=PLANE('',#4386);
#3854=PLANE('',#4387);
#3855=PLANE('',#4388);
#3856=PLANE('',#4389);
#3857=PLANE('',#4390);
#3858=PLANE('',#4391);
#3859=PLANE('',#4392);
#3860=PLANE('',#4393);
#3861=PLANE('',#4394);
#3862=PLANE('',#4395);
#3863=PLANE('',#4396);
#3864=PLANE('',#4397);
#3865=PLANE('',#4398);
#3866=PLANE('',#4399);
#3867=PLANE('',#4400);
#3868=PLANE('',#4401);
#3869=PLANE('',#4402);
#3870=PLANE('',#4403);
#3871=PLANE('',#4404);
#3872=PLANE('',#4405);
#3873=PLANE('',#4406);
#3874=PLANE('',#4407);
#3875=PLANE('',#4408);
#3876=PLANE('',#4409);
#3877=PLANE('',#4410);
#3878=PLANE('',#4411);
#3879=PLANE('',#4412);
#3880=PLANE('',#4413);
#3881=PLANE('',#4414);
#3882=PLANE('',#4415);
#3883=PLANE('',#4416);
#3884=PLANE('',#4417);
#3885=PLANE('',#4418);
#3886=PLANE('',#4419);
#3887=PLANE('',#4420);
#3888=PLANE('',#4421);
#3889=PLANE('',#4422);
#3890=PLANE('',#4423);
#3891=PLANE('',#4424);
#3892=PLANE('',#4425);
#3893=PLANE('',#4426);
#3894=PLANE('',#4427);
#3895=PLANE('',#4428);
#3896=PLANE('',#4429);
#3897=PLANE('',#4430);
#3898=PLANE('',#4431);
#3899=PLANE('',#4432);
#3900=PLANE('',#4433);
#3901=PLANE('',#4434);
#3902=PLANE('',#4435);
#3903=PLANE('',#4436);
#3904=PLANE('',#4437);
#3905=PLANE('',#4438);
#3906=PLANE('',#4439);
#3907=PLANE('',#4440);
#3908=PLANE('',#4441);
#3909=PLANE('',#4442);
#3910=PLANE('',#4443);
#3911=PLANE('',#4444);
#3912=PLANE('',#4445);
#3913=PLANE('',#4446);
#3914=PLANE('',#4447);
#3915=PLANE('',#4448);
#3916=PLANE('',#4449);
#3917=PLANE('',#4450);
#3918=PLANE('',#4451);
#3919=PLANE('',#4452);
#3920=PLANE('',#4453);
#3921=PLANE('',#4454);
#3922=PLANE('',#4455);
#3923=PLANE('',#4456);
#3924=PLANE('',#4457);
#3925=PLANE('',#4458);
#3926=PLANE('',#4459);
#3927=PLANE('',#4460);
#3928=PLANE('',#4461);
#3929=PLANE('',#4462);
#3930=PLANE('',#4463);
#3931=PLANE('',#4464);
#3932=PLANE('',#4465);
#3933=PLANE('',#4466);
#3934=PLANE('',#4467);
#3935=PLANE('',#4468);
#3936=PLANE('',#4469);
#3937=PLANE('',#4470);
#3938=PLANE('',#4471);
#3939=PLANE('',#4472);
#3940=PLANE('',#4473);
#3941=PLANE('',#4474);
#3942=PLANE('',#4475);
#3943=PLANE('',#4476);
#3944=PLANE('',#4477);
#3945=PLANE('',#4478);
#3946=PLANE('',#4479);
#3947=PLANE('',#4480);
#3948=PLANE('',#4481);
#3949=PLANE('',#4482);
#3950=PLANE('',#4483);
#3951=PLANE('',#4484);
#3952=PLANE('',#4485);
#3953=PLANE('',#4486);
#3954=PLANE('',#4487);
#3955=PLANE('',#4488);
#3956=PLANE('',#4489);
#3957=PLANE('',#4490);
#3958=PLANE('',#4491);
#3959=PLANE('',#4492);
#3960=PLANE('',#4493);
#3961=PLANE('',#4494);
#3962=PLANE('',#4495);
#3963=PLANE('',#4496);
#3964=PLANE('',#4497);
#3965=PLANE('',#4498);
#3966=PLANE('',#4500);
#3967=PLANE('',#4501);
#3968=PLANE('',#4505);
#3969=PLANE('',#4506);
#3970=PLANE('',#4507);
#3971=PLANE('',#4511);
#3972=PLANE('',#4512);
#3973=PLANE('',#4513);
#3974=PLANE('',#4514);
#3975=PLANE('',#4515);
#3976=PLANE('',#4516);
#3977=PLANE('',#4517);
#3978=PLANE('',#4518);
#3979=PLANE('',#4519);
#3980=PLANE('',#4520);
#3981=PLANE('',#4521);
#3982=PLANE('',#4523);
#3983=PLANE('',#4524);
#3984=PLANE('',#4528);
#3985=PLANE('',#4529);
#3986=PLANE('',#4530);
#3987=PLANE('',#4534);
#3988=PLANE('',#4535);
#3989=PLANE('',#4536);
#3990=PLANE('',#4537);
#3991=PLANE('',#4538);
#3992=PLANE('',#4539);
#3993=PLANE('',#4540);
#3994=PLANE('',#4541);
#3995=PLANE('',#4542);
#3996=PLANE('',#4543);
#3997=PLANE('',#4544);
#3998=ADVANCED_FACE('',(#3538,#3539,#3540,#3541,#3542,#3543,#3544,#3545,
#3546,#3547,#3548,#3549,#3550,#3551),#3798,.F.);
#3999=ADVANCED_FACE('',(#3552,#3553),#3799,.F.);
#4000=ADVANCED_FACE('',(#3554,#3555,#3556,#3557,#3558,#3559,#3560,#3561),
#3800,.T.);
#4001=ADVANCED_FACE('',(#3562,#3563),#3801,.F.);
#4002=ADVANCED_FACE('',(#3564,#3565),#3802,.F.);
#4003=ADVANCED_FACE('',(#3566,#3567,#3568),#3803,.F.);
#4004=ADVANCED_FACE('',(#3569,#3570),#3804,.F.);
#4005=ADVANCED_FACE('',(#3571),#85,.T.);
#4006=ADVANCED_FACE('',(#3572),#3805,.F.);
#4007=ADVANCED_FACE('',(#3573),#86,.F.);
#4008=ADVANCED_FACE('',(#3574),#3806,.F.);
#4009=ADVANCED_FACE('',(#3575),#87,.T.);
#4010=ADVANCED_FACE('',(#3576),#3807,.F.);
#4011=ADVANCED_FACE('',(#3577),#88,.F.);
#4012=ADVANCED_FACE('',(#3578),#3808,.F.);
#4013=ADVANCED_FACE('',(#3579),#89,.T.);
#4014=ADVANCED_FACE('',(#3580),#3809,.F.);
#4015=ADVANCED_FACE('',(#3581),#90,.F.);
#4016=ADVANCED_FACE('',(#3582),#3810,.F.);
#4017=ADVANCED_FACE('',(#3583),#91,.T.);
#4018=ADVANCED_FACE('',(#3584),#3811,.F.);
#4019=ADVANCED_FACE('',(#3585),#92,.F.);
#4020=ADVANCED_FACE('',(#3586),#3812,.F.);
#4021=ADVANCED_FACE('',(#3587),#3813,.T.);
#4022=ADVANCED_FACE('',(#3588),#61,.T.);
#4023=ADVANCED_FACE('',(#3589),#62,.T.);
#4024=ADVANCED_FACE('',(#3590),#63,.T.);
#4025=ADVANCED_FACE('',(#3591),#64,.T.);
#4026=ADVANCED_FACE('',(#3592),#3814,.F.);
#4027=ADVANCED_FACE('',(#3593),#3815,.F.);
#4028=ADVANCED_FACE('',(#3594),#3816,.T.);
#4029=ADVANCED_FACE('',(#3595),#93,.F.);
#4030=ADVANCED_FACE('',(#3596),#3817,.F.);
#4031=ADVANCED_FACE('',(#3597),#3818,.F.);
#4032=ADVANCED_FACE('',(#3598),#3819,.T.);
#4033=ADVANCED_FACE('',(#3599),#65,.T.);
#4034=ADVANCED_FACE('',(#3600),#66,.T.);
#4035=ADVANCED_FACE('',(#3601),#67,.T.);
#4036=ADVANCED_FACE('',(#3602),#3820,.T.);
#4037=ADVANCED_FACE('',(#3603),#68,.T.);
#4038=ADVANCED_FACE('',(#3604,#3605),#3821,.F.);
#4039=ADVANCED_FACE('',(#3606),#3822,.F.);
#4040=ADVANCED_FACE('',(#3607),#3823,.F.);
#4041=ADVANCED_FACE('',(#3608),#3824,.F.);
#4042=ADVANCED_FACE('',(#3609),#3825,.F.);
#4043=ADVANCED_FACE('',(#3610),#3826,.F.);
#4044=ADVANCED_FACE('',(#3611),#3827,.F.);
#4045=ADVANCED_FACE('',(#3612),#94,.F.);
#4046=ADVANCED_FACE('',(#3613),#3828,.F.);
#4047=ADVANCED_FACE('',(#3614),#95,.T.);
#4048=ADVANCED_FACE('',(#3615),#3829,.F.);
#4049=ADVANCED_FACE('',(#3616),#96,.F.);
#4050=ADVANCED_FACE('',(#3617),#3830,.F.);
#4051=ADVANCED_FACE('',(#3618),#97,.T.);
#4052=ADVANCED_FACE('',(#3619),#3831,.F.);
#4053=ADVANCED_FACE('',(#3620),#98,.F.);
#4054=ADVANCED_FACE('',(#3621),#3832,.F.);
#4055=ADVANCED_FACE('',(#3622),#99,.T.);
#4056=ADVANCED_FACE('',(#3623),#3833,.F.);
#4057=ADVANCED_FACE('',(#3624),#100,.F.);
#4058=ADVANCED_FACE('',(#3625),#3834,.F.);
#4059=ADVANCED_FACE('',(#3626),#101,.T.);
#4060=ADVANCED_FACE('',(#3627),#3835,.T.);
#4061=ADVANCED_FACE('',(#3628),#3836,.F.);
#4062=ADVANCED_FACE('',(#3629),#3837,.F.);
#4063=ADVANCED_FACE('',(#3630),#3838,.F.);
#4064=ADVANCED_FACE('',(#3631),#3839,.T.);
#4065=ADVANCED_FACE('',(#3632),#3840,.T.);
#4066=ADVANCED_FACE('',(#3633),#3841,.T.);
#4067=ADVANCED_FACE('',(#3634,#3635),#3842,.F.);
#4068=ADVANCED_FACE('',(#3636),#3843,.T.);
#4069=ADVANCED_FACE('',(#3637),#3844,.T.);
#4070=ADVANCED_FACE('',(#3638),#3845,.T.);
#4071=ADVANCED_FACE('',(#3639),#3846,.T.);
#4072=ADVANCED_FACE('',(#3640),#3847,.T.);
#4073=ADVANCED_FACE('',(#3641),#3848,.T.);
#4074=ADVANCED_FACE('',(#3642),#3849,.T.);
#4075=ADVANCED_FACE('',(#3643),#3850,.T.);
#4076=ADVANCED_FACE('',(#3644),#3851,.F.);
#4077=ADVANCED_FACE('',(#3645),#3852,.F.);
#4078=ADVANCED_FACE('',(#3646),#3853,.F.);
#4079=ADVANCED_FACE('',(#3647),#3854,.F.);
#4080=ADVANCED_FACE('',(#3648),#3855,.F.);
#4081=ADVANCED_FACE('',(#3649),#3856,.T.);
#4082=ADVANCED_FACE('',(#3650),#3857,.T.);
#4083=ADVANCED_FACE('',(#3651),#3858,.T.);
#4084=ADVANCED_FACE('',(#3652),#3859,.T.);
#4085=ADVANCED_FACE('',(#3653),#3860,.F.);
#4086=ADVANCED_FACE('',(#3654),#3861,.F.);
#4087=ADVANCED_FACE('',(#3655),#3862,.F.);
#4088=ADVANCED_FACE('',(#3656),#3863,.F.);
#4089=ADVANCED_FACE('',(#3657),#3864,.F.);
#4090=ADVANCED_FACE('',(#3658),#3865,.F.);
#4091=ADVANCED_FACE('',(#3659),#3866,.F.);
#4092=ADVANCED_FACE('',(#3660),#3867,.F.);
#4093=ADVANCED_FACE('',(#3661),#3868,.T.);
#4094=ADVANCED_FACE('',(#3662),#3869,.T.);
#4095=ADVANCED_FACE('',(#3663),#3870,.T.);
#4096=ADVANCED_FACE('',(#3664),#3871,.T.);
#4097=ADVANCED_FACE('',(#3665),#3872,.F.);
#4098=ADVANCED_FACE('',(#3666),#3873,.F.);
#4099=ADVANCED_FACE('',(#3667),#3874,.F.);
#4100=ADVANCED_FACE('',(#3668),#3875,.T.);
#4101=ADVANCED_FACE('',(#3669),#3876,.T.);
#4102=ADVANCED_FACE('',(#3670),#3877,.T.);
#4103=ADVANCED_FACE('',(#3671),#3878,.T.);
#4104=ADVANCED_FACE('',(#3672,#3673),#3879,.F.);
#4105=ADVANCED_FACE('',(#3674),#3880,.T.);
#4106=ADVANCED_FACE('',(#3675),#3881,.T.);
#4107=ADVANCED_FACE('',(#3676),#3882,.T.);
#4108=ADVANCED_FACE('',(#3677),#3883,.T.);
#4109=ADVANCED_FACE('',(#3678),#3884,.T.);
#4110=ADVANCED_FACE('',(#3679),#3885,.T.);
#4111=ADVANCED_FACE('',(#3680),#3886,.T.);
#4112=ADVANCED_FACE('',(#3681),#3887,.T.);
#4113=ADVANCED_FACE('',(#3682),#3888,.F.);
#4114=ADVANCED_FACE('',(#3683),#3889,.F.);
#4115=ADVANCED_FACE('',(#3684),#3890,.F.);
#4116=ADVANCED_FACE('',(#3685),#3891,.F.);
#4117=ADVANCED_FACE('',(#3686),#3892,.F.);
#4118=ADVANCED_FACE('',(#3687),#3893,.T.);
#4119=ADVANCED_FACE('',(#3688),#3894,.T.);
#4120=ADVANCED_FACE('',(#3689),#3895,.T.);
#4121=ADVANCED_FACE('',(#3690),#3896,.F.);
#4122=ADVANCED_FACE('',(#3691),#3897,.F.);
#4123=ADVANCED_FACE('',(#3692),#3898,.F.);
#4124=ADVANCED_FACE('',(#3693),#3899,.F.);
#4125=ADVANCED_FACE('',(#3694),#3900,.F.);
#4126=ADVANCED_FACE('',(#3695),#3901,.T.);
#4127=ADVANCED_FACE('',(#3696),#3902,.T.);
#4128=ADVANCED_FACE('',(#3697),#3903,.T.);
#4129=ADVANCED_FACE('',(#3698),#3904,.T.);
#4130=ADVANCED_FACE('',(#3699),#3905,.T.);
#4131=ADVANCED_FACE('',(#3700),#3906,.T.);
#4132=ADVANCED_FACE('',(#3701),#3907,.T.);
#4133=ADVANCED_FACE('',(#3702),#3908,.T.);
#4134=ADVANCED_FACE('',(#3703,#3704),#3909,.F.);
#4135=ADVANCED_FACE('',(#3705),#3910,.T.);
#4136=ADVANCED_FACE('',(#3706),#3911,.T.);
#4137=ADVANCED_FACE('',(#3707),#3912,.T.);
#4138=ADVANCED_FACE('',(#3708),#3913,.T.);
#4139=ADVANCED_FACE('',(#3709),#3914,.T.);
#4140=ADVANCED_FACE('',(#3710),#3915,.T.);
#4141=ADVANCED_FACE('',(#3711),#3916,.T.);
#4142=ADVANCED_FACE('',(#3712),#3917,.T.);
#4143=ADVANCED_FACE('',(#3713),#3918,.F.);
#4144=ADVANCED_FACE('',(#3714),#3919,.F.);
#4145=ADVANCED_FACE('',(#3715),#3920,.F.);
#4146=ADVANCED_FACE('',(#3716),#3921,.F.);
#4147=ADVANCED_FACE('',(#3717),#3922,.F.);
#4148=ADVANCED_FACE('',(#3718),#3923,.T.);
#4149=ADVANCED_FACE('',(#3719),#3924,.T.);
#4150=ADVANCED_FACE('',(#3720),#3925,.T.);
#4151=ADVANCED_FACE('',(#3721),#3926,.F.);
#4152=ADVANCED_FACE('',(#3722),#3927,.F.);
#4153=ADVANCED_FACE('',(#3723),#3928,.F.);
#4154=ADVANCED_FACE('',(#3724),#3929,.F.);
#4155=ADVANCED_FACE('',(#3725),#3930,.F.);
#4156=ADVANCED_FACE('',(#3726),#3931,.T.);
#4157=ADVANCED_FACE('',(#3727),#3932,.T.);
#4158=ADVANCED_FACE('',(#3728),#3933,.T.);
#4159=ADVANCED_FACE('',(#3729),#3934,.T.);
#4160=ADVANCED_FACE('',(#3730),#3935,.T.);
#4161=ADVANCED_FACE('',(#3731),#3936,.T.);
#4162=ADVANCED_FACE('',(#3732),#3937,.T.);
#4163=ADVANCED_FACE('',(#3733),#3938,.T.);
#4164=ADVANCED_FACE('',(#3734,#3735),#3939,.F.);
#4165=ADVANCED_FACE('',(#3736),#3940,.T.);
#4166=ADVANCED_FACE('',(#3737),#3941,.T.);
#4167=ADVANCED_FACE('',(#3738),#3942,.T.);
#4168=ADVANCED_FACE('',(#3739),#3943,.T.);
#4169=ADVANCED_FACE('',(#3740),#3944,.T.);
#4170=ADVANCED_FACE('',(#3741),#3945,.T.);
#4171=ADVANCED_FACE('',(#3742),#3946,.T.);
#4172=ADVANCED_FACE('',(#3743),#3947,.T.);
#4173=ADVANCED_FACE('',(#3744),#3948,.F.);
#4174=ADVANCED_FACE('',(#3745),#3949,.F.);
#4175=ADVANCED_FACE('',(#3746),#3950,.F.);
#4176=ADVANCED_FACE('',(#3747),#3951,.F.);
#4177=ADVANCED_FACE('',(#3748),#3952,.F.);
#4178=ADVANCED_FACE('',(#3749),#3953,.T.);
#4179=ADVANCED_FACE('',(#3750),#3954,.T.);
#4180=ADVANCED_FACE('',(#3751),#3955,.T.);
#4181=ADVANCED_FACE('',(#3752),#3956,.T.);
#4182=ADVANCED_FACE('',(#3753),#3957,.F.);
#4183=ADVANCED_FACE('',(#3754),#3958,.F.);
#4184=ADVANCED_FACE('',(#3755),#3959,.F.);
#4185=ADVANCED_FACE('',(#3756),#3960,.F.);
#4186=ADVANCED_FACE('',(#3757),#3961,.F.);
#4187=ADVANCED_FACE('',(#3758),#3962,.T.);
#4188=ADVANCED_FACE('',(#3759),#3963,.T.);
#4189=ADVANCED_FACE('',(#3760),#3964,.T.);
#4190=ADVANCED_FACE('',(#3761),#3965,.T.);
#4191=ADVANCED_FACE('',(#3762),#3966,.F.);
#4192=ADVANCED_FACE('',(#3763),#3967,.F.);
#4193=ADVANCED_FACE('',(#3764),#102,.T.);
#4194=ADVANCED_FACE('',(#3765),#3968,.F.);
#4195=ADVANCED_FACE('',(#3766),#3969,.F.);
#4196=ADVANCED_FACE('',(#3767),#3970,.F.);
#4197=ADVANCED_FACE('',(#3768),#103,.F.);
#4198=ADVANCED_FACE('',(#3769),#3971,.F.);
#4199=ADVANCED_FACE('',(#3770),#3972,.T.);
#4200=ADVANCED_FACE('',(#3771),#3973,.F.);
#4201=ADVANCED_FACE('',(#3772),#3974,.F.);
#4202=ADVANCED_FACE('',(#3773),#3975,.F.);
#4203=ADVANCED_FACE('',(#3774),#3976,.F.);
#4204=ADVANCED_FACE('',(#3775),#3977,.T.);
#4205=ADVANCED_FACE('',(#3776),#3978,.F.);
#4206=ADVANCED_FACE('',(#3777),#3979,.T.);
#4207=ADVANCED_FACE('',(#3778),#3980,.F.);
#4208=ADVANCED_FACE('',(#3779),#3981,.F.);
#4209=ADVANCED_FACE('',(#3780),#3982,.F.);
#4210=ADVANCED_FACE('',(#3781),#3983,.F.);
#4211=ADVANCED_FACE('',(#3782),#104,.T.);
#4212=ADVANCED_FACE('',(#3783),#3984,.F.);
#4213=ADVANCED_FACE('',(#3784),#3985,.F.);
#4214=ADVANCED_FACE('',(#3785),#3986,.F.);
#4215=ADVANCED_FACE('',(#3786),#105,.F.);
#4216=ADVANCED_FACE('',(#3787),#3987,.F.);
#4217=ADVANCED_FACE('',(#3788),#3988,.T.);
#4218=ADVANCED_FACE('',(#3789),#3989,.F.);
#4219=ADVANCED_FACE('',(#3790),#3990,.F.);
#4220=ADVANCED_FACE('',(#3791),#3991,.F.);
#4221=ADVANCED_FACE('',(#3792),#3992,.F.);
#4222=ADVANCED_FACE('',(#3793),#3993,.T.);
#4223=ADVANCED_FACE('',(#3794),#3994,.F.);
#4224=ADVANCED_FACE('',(#3795),#3995,.T.);
#4225=ADVANCED_FACE('',(#3796),#3996,.F.);
#4226=ADVANCED_FACE('',(#3797),#3997,.F.);
#4227=CLOSED_SHELL('',(#3998,#3999,#4000,#4001,#4002,#4003,#4004,#4005,
#4006,#4007,#4008,#4009,#4010,#4011,#4012,#4013,#4014,#4015,#4016,#4017,
#4018,#4019,#4020,#4021,#4022,#4023,#4024,#4025,#4026,#4027,#4028,#4029,
#4030,#4031,#4032,#4033,#4034,#4035,#4036,#4037,#4038,#4039,#4040,#4041,
#4042,#4043,#4044,#4045,#4046,#4047,#4048,#4049,#4050,#4051,#4052,#4053,
#4054,#4055,#4056,#4057,#4058,#4059,#4060,#4061,#4062,#4063,#4064,#4065,
#4066,#4067,#4068,#4069,#4070,#4071,#4072,#4073,#4074,#4075,#4076,#4077,
#4078,#4079,#4080,#4081,#4082,#4083,#4084,#4085,#4086,#4087,#4088,#4089,
#4090,#4091,#4092,#4093,#4094,#4095,#4096,#4097,#4098,#4099,#4100,#4101,
#4102,#4103,#4104,#4105,#4106,#4107,#4108,#4109,#4110,#4111,#4112,#4113,
#4114,#4115,#4116,#4117,#4118,#4119,#4120,#4121,#4122,#4123,#4124,#4125,
#4126,#4127,#4128,#4129,#4130,#4131,#4132,#4133,#4134,#4135,#4136,#4137,
#4138,#4139,#4140,#4141,#4142,#4143,#4144,#4145,#4146,#4147,#4148,#4149,
#4150,#4151,#4152,#4153,#4154,#4155,#4156,#4157,#4158,#4159,#4160,#4161,
#4162,#4163,#4164,#4165,#4166,#4167,#4168,#4169,#4170,#4171,#4172,#4173,
#4174,#4175,#4176,#4177,#4178,#4179,#4180,#4181,#4182,#4183,#4184,#4185,
#4186,#4187,#4188,#4189,#4190));
#4228=CLOSED_SHELL('',(#4191,#4192,#4193,#4194,#4195,#4196,#4197,#4198,
#4199,#4200,#4201,#4202,#4203,#4204,#4205,#4206,#4207,#4208));
#4229=CLOSED_SHELL('',(#4209,#4210,#4211,#4212,#4213,#4214,#4215,#4216,
#4217,#4218,#4219,#4220,#4221,#4222,#4223,#4224,#4225,#4226));
#4230=STYLED_ITEM('',(#4233),#4252);
#4231=STYLED_ITEM('',(#4234),#4253);
#4232=STYLED_ITEM('',(#4235),#4254);
#4233=PRESENTATION_STYLE_ASSIGNMENT((#4236));
#4234=PRESENTATION_STYLE_ASSIGNMENT((#4237));
#4235=PRESENTATION_STYLE_ASSIGNMENT((#4238));
#4236=SURFACE_STYLE_USAGE(.BOTH.,#4239);
#4237=SURFACE_STYLE_USAGE(.BOTH.,#4240);
#4238=SURFACE_STYLE_USAGE(.BOTH.,#4241);
#4239=SURFACE_SIDE_STYLE('',(#4242));
#4240=SURFACE_SIDE_STYLE('',(#4243));
#4241=SURFACE_SIDE_STYLE('',(#4244));
#4242=SURFACE_STYLE_FILL_AREA(#4245);
#4243=SURFACE_STYLE_FILL_AREA(#4246);
#4244=SURFACE_STYLE_FILL_AREA(#4247);
#4245=FILL_AREA_STYLE('',(#4248));
#4246=FILL_AREA_STYLE('',(#4249));
#4247=FILL_AREA_STYLE('',(#4250));
#4248=FILL_AREA_STYLE_COLOUR('',#4251);
#4249=FILL_AREA_STYLE_COLOUR('',#18);
#4250=FILL_AREA_STYLE_COLOUR('',#18);
#4251=DRAUGHTING_PRE_DEFINED_COLOUR('black');
#4252=MANIFOLD_SOLID_BREP('',#4227);
#4253=MANIFOLD_SOLID_BREP('',#4228);
#4254=MANIFOLD_SOLID_BREP('',#4229);
#4255=SHAPE_DEFINITION_REPRESENTATION(#6887,#4259);
#4256=SHAPE_DEFINITION_REPRESENTATION(#6886,#4260);
#4257=SHAPE_DEFINITION_REPRESENTATION(#6889,#4261);
#4258=SHAPE_DEFINITION_REPRESENTATION(#6891,#4262);
#4259=SHAPE_REPRESENTATION('626008210201',(#4263),#6876);
#4260=SHAPE_REPRESENTATION('6260xx210201',(#4263,#4499,#4522,#4545,#4546,
#4547,#4548,#4549,#4550,#4551),#6875);
#4261=SHAPE_REPRESENTATION('6260xx210201_Pin short',(#4263),#6877);
#4262=SHAPE_REPRESENTATION('6260xx210201_Pin long',(#4263),#6878);
#4263=AXIS2_PLACEMENT_3D('',#5641,#4552,#4553);
#4264=AXIS2_PLACEMENT_3D('',#5642,#4554,#4555);
#4265=AXIS2_PLACEMENT_3D('',#5755,#4612,#4613);
#4266=AXIS2_PLACEMENT_3D('',#5772,#4622,#4623);
#4267=AXIS2_PLACEMENT_3D('',#5845,#4660,#4661);
#4268=AXIS2_PLACEMENT_3D('',#5862,#4670,#4671);
#4269=AXIS2_PLACEMENT_3D('',#5879,#4680,#4681);
#4270=AXIS2_PLACEMENT_3D('',#5900,#4693,#4694);
#4271=AXIS2_PLACEMENT_3D('',#5905,#4696,#4697);
#4272=AXIS2_PLACEMENT_3D('',#5909,#4699,#4700);
#4273=AXIS2_PLACEMENT_3D('',#5913,#4702,#4703);
#4274=AXIS2_PLACEMENT_3D('',#5917,#4705,#4706);
#4275=AXIS2_PLACEMENT_3D('',#5921,#4708,#4709);
#4276=AXIS2_PLACEMENT_3D('',#5925,#4711,#4712);
#4277=AXIS2_PLACEMENT_3D('',#5929,#4714,#4715);
#4278=AXIS2_PLACEMENT_3D('',#5932,#4717,#4718);
#4279=AXIS2_PLACEMENT_3D('',#5937,#4720,#4721);
#4280=AXIS2_PLACEMENT_3D('',#5941,#4723,#4724);
#4281=AXIS2_PLACEMENT_3D('',#5945,#4726,#4727);
#4282=AXIS2_PLACEMENT_3D('',#5949,#4729,#4730);
#4283=AXIS2_PLACEMENT_3D('',#5953,#4732,#4733);
#4284=AXIS2_PLACEMENT_3D('',#5957,#4735,#4736);
#4285=AXIS2_PLACEMENT_3D('',#5961,#4738,#4739);
#4286=AXIS2_PLACEMENT_3D('',#5964,#4741,#4742);
#4287=AXIS2_PLACEMENT_3D('',#5981,#4751,#4752);
#4288=AXIS2_PLACEMENT_3D('',#5986,#4755,#4756);
#4289=AXIS2_PLACEMENT_3D('',#5987,#4757,#4758);
#4290=AXIS2_PLACEMENT_3D('',#5996,#4761,#4762);
#4291=AXIS2_PLACEMENT_3D('',#5997,#4763,#4764);
#4292=AXIS2_PLACEMENT_3D('',#6000,#4766,#4767);
#4293=AXIS2_PLACEMENT_3D('',#6009,#4770,#4771);
#4294=AXIS2_PLACEMENT_3D('',#6012,#4773,#4774);
#4295=AXIS2_PLACEMENT_3D('',#6013,#4775,#4776);
#4296=AXIS2_PLACEMENT_3D('',#6022,#4779,#4780);
#4297=AXIS2_PLACEMENT_3D('',#6023,#4781,#4782);
#4298=AXIS2_PLACEMENT_3D('',#6026,#4784,#4785);
#4299=AXIS2_PLACEMENT_3D('',#6035,#4788,#4789);
#4300=AXIS2_PLACEMENT_3D('',#6038,#4791,#4792);
#4301=AXIS2_PLACEMENT_3D('',#6039,#4793,#4794);
#4302=AXIS2_PLACEMENT_3D('',#6048,#4797,#4798);
#4303=AXIS2_PLACEMENT_3D('',#6049,#4799,#4800);
#4304=AXIS2_PLACEMENT_3D('',#6052,#4802,#4803);
#4305=AXIS2_PLACEMENT_3D('',#6061,#4806,#4807);
#4306=AXIS2_PLACEMENT_3D('',#6064,#4809,#4810);
#4307=AXIS2_PLACEMENT_3D('',#6065,#4811,#4812);
#4308=AXIS2_PLACEMENT_3D('',#6074,#4815,#4816);
#4309=AXIS2_PLACEMENT_3D('',#6075,#4817,#4818);
#4310=AXIS2_PLACEMENT_3D('',#6078,#4820,#4821);
#4311=AXIS2_PLACEMENT_3D('',#6085,#4823,#4824);
#4312=AXIS2_PLACEMENT_3D('',#6086,#4825,#4826);
#4313=AXIS2_PLACEMENT_3D('',#6087,#4827,#4828);
#4314=AXIS2_PLACEMENT_3D('',#6088,#4829,#4830);
#4315=AXIS2_PLACEMENT_3D('',#6089,#4831,#4832);
#4316=AXIS2_PLACEMENT_3D('',#6090,#4833,#4834);
#4317=AXIS2_PLACEMENT_3D('',#6091,#4835,#4836);
#4318=AXIS2_PLACEMENT_3D('',#6092,#4837,#4838);
#4319=AXIS2_PLACEMENT_3D('',#6093,#4839,#4840);
#4320=AXIS2_PLACEMENT_3D('',#6094,#4841,#4842);
#4321=AXIS2_PLACEMENT_3D('',#6103,#4847,#4848);
#4322=AXIS2_PLACEMENT_3D('',#6109,#4852,#4853);
#4323=AXIS2_PLACEMENT_3D('',#6113,#4855,#4856);
#4324=AXIS2_PLACEMENT_3D('',#6115,#4858,#4859);
#4325=AXIS2_PLACEMENT_3D('',#6118,#4861,#4862);
#4326=AXIS2_PLACEMENT_3D('',#6119,#4863,#4864);
#4327=AXIS2_PLACEMENT_3D('',#6123,#4867,#4868);
#4328=AXIS2_PLACEMENT_3D('',#6125,#4870,#4871);
#4329=AXIS2_PLACEMENT_3D('',#6134,#4876,#4877);
#4330=AXIS2_PLACEMENT_3D('',#6141,#4878,#4879);
#4331=AXIS2_PLACEMENT_3D('',#6148,#4880,#4881);
#4332=AXIS2_PLACEMENT_3D('',#6149,#4882,#4883);
#4333=AXIS2_PLACEMENT_3D('',#6156,#4884,#4885);
#4334=AXIS2_PLACEMENT_3D('',#6163,#4886,#4887);
#4335=AXIS2_PLACEMENT_3D('',#6164,#4888,#4889);
#4336=AXIS2_PLACEMENT_3D('',#6171,#4890,#4891);
#4337=AXIS2_PLACEMENT_3D('',#6178,#4892,#4893);
#4338=AXIS2_PLACEMENT_3D('',#6179,#4894,#4895);
#4339=AXIS2_PLACEMENT_3D('',#6184,#4898,#4899);
#4340=AXIS2_PLACEMENT_3D('',#6188,#4901,#4902);
#4341=AXIS2_PLACEMENT_3D('',#6192,#4904,#4905);
#4342=AXIS2_PLACEMENT_3D('',#6197,#4908,#4909);
#4343=AXIS2_PLACEMENT_3D('',#6202,#4912,#4913);
#4344=AXIS2_PLACEMENT_3D('',#6203,#4914,#4915);
#4345=AXIS2_PLACEMENT_3D('',#6209,#4916,#4917);
#4346=AXIS2_PLACEMENT_3D('',#6215,#4918,#4919);
#4347=AXIS2_PLACEMENT_3D('',#6218,#4922,#4923);
#4348=AXIS2_PLACEMENT_3D('',#6221,#4926,#4927);
#4349=AXIS2_PLACEMENT_3D('',#6223,#4929,#4930);
#4350=AXIS2_PLACEMENT_3D('',#6225,#4932,#4933);
#4351=AXIS2_PLACEMENT_3D('',#6226,#4934,#4935);
#4352=AXIS2_PLACEMENT_3D('',#6232,#4939,#4940);
#4353=AXIS2_PLACEMENT_3D('',#6235,#4943,#4944);
#4354=AXIS2_PLACEMENT_3D('',#6237,#4946,#4947);
#4355=AXIS2_PLACEMENT_3D('',#6239,#4949,#4950);
#4356=AXIS2_PLACEMENT_3D('',#6241,#4952,#4953);
#4357=AXIS2_PLACEMENT_3D('',#6243,#4955,#4956);
#4358=AXIS2_PLACEMENT_3D('',#6245,#4958,#4959);
#4359=AXIS2_PLACEMENT_3D('',#6247,#4961,#4962);
#4360=AXIS2_PLACEMENT_3D('',#6249,#4964,#4965);
#4361=AXIS2_PLACEMENT_3D('',#6251,#4967,#4968);
#4362=AXIS2_PLACEMENT_3D('',#6253,#4970,#4971);
#4363=AXIS2_PLACEMENT_3D('',#6255,#4973,#4974);
#4364=AXIS2_PLACEMENT_3D('',#6257,#4976,#4977);
#4365=AXIS2_PLACEMENT_3D('',#6259,#4979,#4980);
#4366=AXIS2_PLACEMENT_3D('',#6261,#4982,#4983);
#4367=AXIS2_PLACEMENT_3D('',#6263,#4985,#4986);
#4368=AXIS2_PLACEMENT_3D('',#6264,#4987,#4988);
#4369=AXIS2_PLACEMENT_3D('',#6270,#4992,#4993);
#4370=AXIS2_PLACEMENT_3D('',#6272,#4995,#4996);
#4371=AXIS2_PLACEMENT_3D('',#6274,#4998,#4999);
#4372=AXIS2_PLACEMENT_3D('',#6275,#5000,#5001);
#4373=AXIS2_PLACEMENT_3D('',#6284,#5007,#5008);
#4374=AXIS2_PLACEMENT_3D('',#6286,#5010,#5011);
#4375=AXIS2_PLACEMENT_3D('',#6288,#5013,#5014);
#4376=AXIS2_PLACEMENT_3D('',#6305,#5023,#5024);
#4377=AXIS2_PLACEMENT_3D('',#6308,#5027,#5028);
#4378=AXIS2_PLACEMENT_3D('',#6310,#5030,#5031);
#4379=AXIS2_PLACEMENT_3D('',#6318,#5036,#5037);
#4380=AXIS2_PLACEMENT_3D('',#6320,#5039,#5040);
#4381=AXIS2_PLACEMENT_3D('',#6326,#5044,#5045);
#4382=AXIS2_PLACEMENT_3D('',#6330,#5048,#5049);
#4383=AXIS2_PLACEMENT_3D('',#6334,#5052,#5053);
#4384=AXIS2_PLACEMENT_3D('',#6336,#5055,#5056);
#4385=AXIS2_PLACEMENT_3D('',#6342,#5060,#5061);
#4386=AXIS2_PLACEMENT_3D('',#6346,#5064,#5065);
#4387=AXIS2_PLACEMENT_3D('',#6350,#5068,#5069);
#4388=AXIS2_PLACEMENT_3D('',#6352,#5071,#5072);
#4389=AXIS2_PLACEMENT_3D('',#6361,#5077,#5078);
#4390=AXIS2_PLACEMENT_3D('',#6364,#5081,#5082);
#4391=AXIS2_PLACEMENT_3D('',#6366,#5084,#5085);
#4392=AXIS2_PLACEMENT_3D('',#6368,#5087,#5088);
#4393=AXIS2_PLACEMENT_3D('',#6377,#5093,#5094);
#4394=AXIS2_PLACEMENT_3D('',#6380,#5097,#5098);
#4395=AXIS2_PLACEMENT_3D('',#6382,#5100,#5101);
#4396=AXIS2_PLACEMENT_3D('',#6384,#5103,#5104);
#4397=AXIS2_PLACEMENT_3D('',#6385,#5105,#5106);
#4398=AXIS2_PLACEMENT_3D('',#6388,#5109,#5110);
#4399=AXIS2_PLACEMENT_3D('',#6390,#5112,#5113);
#4400=AXIS2_PLACEMENT_3D('',#6392,#5115,#5116);
#4401=AXIS2_PLACEMENT_3D('',#6393,#5117,#5118);
#4402=AXIS2_PLACEMENT_3D('',#6396,#5121,#5122);
#4403=AXIS2_PLACEMENT_3D('',#6398,#5124,#5125);
#4404=AXIS2_PLACEMENT_3D('',#6400,#5127,#5128);
#4405=AXIS2_PLACEMENT_3D('',#6401,#5129,#5130);
#4406=AXIS2_PLACEMENT_3D('',#6404,#5133,#5134);
#4407=AXIS2_PLACEMENT_3D('',#6405,#5135,#5136);
#4408=AXIS2_PLACEMENT_3D('',#6406,#5137,#5138);
#4409=AXIS2_PLACEMENT_3D('',#6409,#5141,#5142);
#4410=AXIS2_PLACEMENT_3D('',#6411,#5144,#5145);
#4411=AXIS2_PLACEMENT_3D('',#6413,#5147,#5148);
#4412=AXIS2_PLACEMENT_3D('',#6414,#5149,#5150);
#4413=AXIS2_PLACEMENT_3D('',#6431,#5159,#5160);
#4414=AXIS2_PLACEMENT_3D('',#6434,#5163,#5164);
#4415=AXIS2_PLACEMENT_3D('',#6436,#5166,#5167);
#4416=AXIS2_PLACEMENT_3D('',#6438,#5169,#5170);
#4417=AXIS2_PLACEMENT_3D('',#6439,#5171,#5172);
#4418=AXIS2_PLACEMENT_3D('',#6445,#5176,#5177);
#4419=AXIS2_PLACEMENT_3D('',#6449,#5180,#5181);
#4420=AXIS2_PLACEMENT_3D('',#6453,#5184,#5185);
#4421=AXIS2_PLACEMENT_3D('',#6455,#5187,#5188);
#4422=AXIS2_PLACEMENT_3D('',#6461,#5192,#5193);
#4423=AXIS2_PLACEMENT_3D('',#6465,#5196,#5197);
#4424=AXIS2_PLACEMENT_3D('',#6469,#5200,#5201);
#4425=AXIS2_PLACEMENT_3D('',#6471,#5203,#5204);
#4426=AXIS2_PLACEMENT_3D('',#6480,#5209,#5210);
#4427=AXIS2_PLACEMENT_3D('',#6483,#5213,#5214);
#4428=AXIS2_PLACEMENT_3D('',#6485,#5216,#5217);
#4429=AXIS2_PLACEMENT_3D('',#6487,#5219,#5220);
#4430=AXIS2_PLACEMENT_3D('',#6488,#5221,#5222);
#4431=AXIS2_PLACEMENT_3D('',#6491,#5225,#5226);
#4432=AXIS2_PLACEMENT_3D('',#6493,#5228,#5229);
#4433=AXIS2_PLACEMENT_3D('',#6495,#5231,#5232);
#4434=AXIS2_PLACEMENT_3D('',#6496,#5233,#5234);
#4435=AXIS2_PLACEMENT_3D('',#6499,#5237,#5238);
#4436=AXIS2_PLACEMENT_3D('',#6501,#5240,#5241);
#4437=AXIS2_PLACEMENT_3D('',#6503,#5243,#5244);
#4438=AXIS2_PLACEMENT_3D('',#6504,#5245,#5246);
#4439=AXIS2_PLACEMENT_3D('',#6507,#5249,#5250);
#4440=AXIS2_PLACEMENT_3D('',#6509,#5252,#5253);
#4441=AXIS2_PLACEMENT_3D('',#6511,#5255,#5256);
#4442=AXIS2_PLACEMENT_3D('',#6512,#5257,#5258);
#4443=AXIS2_PLACEMENT_3D('',#6529,#5267,#5268);
#4444=AXIS2_PLACEMENT_3D('',#6532,#5271,#5272);
#4445=AXIS2_PLACEMENT_3D('',#6534,#5274,#5275);
#4446=AXIS2_PLACEMENT_3D('',#6536,#5277,#5278);
#4447=AXIS2_PLACEMENT_3D('',#6537,#5279,#5280);
#4448=AXIS2_PLACEMENT_3D('',#6543,#5284,#5285);
#4449=AXIS2_PLACEMENT_3D('',#6547,#5288,#5289);
#4450=AXIS2_PLACEMENT_3D('',#6551,#5292,#5293);
#4451=AXIS2_PLACEMENT_3D('',#6553,#5295,#5296);
#4452=AXIS2_PLACEMENT_3D('',#6559,#5300,#5301);
#4453=AXIS2_PLACEMENT_3D('',#6563,#5304,#5305);
#4454=AXIS2_PLACEMENT_3D('',#6567,#5308,#5309);
#4455=AXIS2_PLACEMENT_3D('',#6569,#5311,#5312);
#4456=AXIS2_PLACEMENT_3D('',#6578,#5317,#5318);
#4457=AXIS2_PLACEMENT_3D('',#6581,#5321,#5322);
#4458=AXIS2_PLACEMENT_3D('',#6583,#5324,#5325);
#4459=AXIS2_PLACEMENT_3D('',#6585,#5327,#5328);
#4460=AXIS2_PLACEMENT_3D('',#6586,#5329,#5330);
#4461=AXIS2_PLACEMENT_3D('',#6589,#5333,#5334);
#4462=AXIS2_PLACEMENT_3D('',#6591,#5336,#5337);
#4463=AXIS2_PLACEMENT_3D('',#6593,#5339,#5340);
#4464=AXIS2_PLACEMENT_3D('',#6594,#5341,#5342);
#4465=AXIS2_PLACEMENT_3D('',#6597,#5345,#5346);
#4466=AXIS2_PLACEMENT_3D('',#6599,#5348,#5349);
#4467=AXIS2_PLACEMENT_3D('',#6601,#5351,#5352);
#4468=AXIS2_PLACEMENT_3D('',#6602,#5353,#5354);
#4469=AXIS2_PLACEMENT_3D('',#6605,#5357,#5358);
#4470=AXIS2_PLACEMENT_3D('',#6607,#5360,#5361);
#4471=AXIS2_PLACEMENT_3D('',#6609,#5363,#5364);
#4472=AXIS2_PLACEMENT_3D('',#6610,#5365,#5366);
#4473=AXIS2_PLACEMENT_3D('',#6627,#5375,#5376);
#4474=AXIS2_PLACEMENT_3D('',#6630,#5379,#5380);
#4475=AXIS2_PLACEMENT_3D('',#6632,#5382,#5383);
#4476=AXIS2_PLACEMENT_3D('',#6634,#5385,#5386);
#4477=AXIS2_PLACEMENT_3D('',#6635,#5387,#5388);
#4478=AXIS2_PLACEMENT_3D('',#6641,#5392,#5393);
#4479=AXIS2_PLACEMENT_3D('',#6645,#5396,#5397);
#4480=AXIS2_PLACEMENT_3D('',#6649,#5400,#5401);
#4481=AXIS2_PLACEMENT_3D('',#6651,#5403,#5404);
#4482=AXIS2_PLACEMENT_3D('',#6657,#5408,#5409);
#4483=AXIS2_PLACEMENT_3D('',#6661,#5412,#5413);
#4484=AXIS2_PLACEMENT_3D('',#6665,#5416,#5417);
#4485=AXIS2_PLACEMENT_3D('',#6667,#5419,#5420);
#4486=AXIS2_PLACEMENT_3D('',#6676,#5425,#5426);
#4487=AXIS2_PLACEMENT_3D('',#6679,#5429,#5430);
#4488=AXIS2_PLACEMENT_3D('',#6681,#5432,#5433);
#4489=AXIS2_PLACEMENT_3D('',#6683,#5435,#5436);
#4490=AXIS2_PLACEMENT_3D('',#6684,#5437,#5438);
#4491=AXIS2_PLACEMENT_3D('',#6685,#5439,#5440);
#4492=AXIS2_PLACEMENT_3D('',#6688,#5443,#5444);
#4493=AXIS2_PLACEMENT_3D('',#6690,#5446,#5447);
#4494=AXIS2_PLACEMENT_3D('',#6692,#5449,#5450);
#4495=AXIS2_PLACEMENT_3D('',#6693,#5451,#5452);
#4496=AXIS2_PLACEMENT_3D('',#6696,#5455,#5456);
#4497=AXIS2_PLACEMENT_3D('',#6698,#5458,#5459);
#4498=AXIS2_PLACEMENT_3D('',#6700,#5461,#5462);
#4499=AXIS2_PLACEMENT_3D('',#6701,#5463,#5464);
#4500=AXIS2_PLACEMENT_3D('',#6702,#5465,#5466);
#4501=AXIS2_PLACEMENT_3D('',#6711,#5471,#5472);
#4502=AXIS2_PLACEMENT_3D('',#6720,#5477,#5478);
#4503=AXIS2_PLACEMENT_3D('',#6721,#5479,#5480);
#4504=AXIS2_PLACEMENT_3D('',#6725,#5482,#5483);
#4505=AXIS2_PLACEMENT_3D('',#6726,#5484,#5485);
#4506=AXIS2_PLACEMENT_3D('',#6732,#5489,#5490);
#4507=AXIS2_PLACEMENT_3D('',#6741,#5495,#5496);
#4508=AXIS2_PLACEMENT_3D('',#6750,#5501,#5502);
#4509=AXIS2_PLACEMENT_3D('',#6751,#5503,#5504);
#4510=AXIS2_PLACEMENT_3D('',#6755,#5506,#5507);
#4511=AXIS2_PLACEMENT_3D('',#6756,#5508,#5509);
#4512=AXIS2_PLACEMENT_3D('',#6762,#5513,#5514);
#4513=AXIS2_PLACEMENT_3D('',#6765,#5517,#5518);
#4514=AXIS2_PLACEMENT_3D('',#6768,#5521,#5522);
#4515=AXIS2_PLACEMENT_3D('',#6771,#5525,#5526);
#4516=AXIS2_PLACEMENT_3D('',#6773,#5528,#5529);
#4517=AXIS2_PLACEMENT_3D('',#6775,#5531,#5532);
#4518=AXIS2_PLACEMENT_3D('',#6776,#5533,#5534);
#4519=AXIS2_PLACEMENT_3D('',#6779,#5537,#5538);
#4520=AXIS2_PLACEMENT_3D('',#6781,#5540,#5541);
#4521=AXIS2_PLACEMENT_3D('',#6783,#5543,#5544);
#4522=AXIS2_PLACEMENT_3D('',#6784,#5545,#5546);
#4523=AXIS2_PLACEMENT_3D('',#6785,#5547,#5548);
#4524=AXIS2_PLACEMENT_3D('',#6794,#5553,#5554);
#4525=AXIS2_PLACEMENT_3D('',#6803,#5559,#5560);
#4526=AXIS2_PLACEMENT_3D('',#6804,#5561,#5562);
#4527=AXIS2_PLACEMENT_3D('',#6808,#5564,#5565);
#4528=AXIS2_PLACEMENT_3D('',#6809,#5566,#5567);
#4529=AXIS2_PLACEMENT_3D('',#6815,#5571,#5572);
#4530=AXIS2_PLACEMENT_3D('',#6824,#5577,#5578);
#4531=AXIS2_PLACEMENT_3D('',#6833,#5583,#5584);
#4532=AXIS2_PLACEMENT_3D('',#6834,#5585,#5586);
#4533=AXIS2_PLACEMENT_3D('',#6838,#5588,#5589);
#4534=AXIS2_PLACEMENT_3D('',#6839,#5590,#5591);
#4535=AXIS2_PLACEMENT_3D('',#6845,#5595,#5596);
#4536=AXIS2_PLACEMENT_3D('',#6848,#5599,#5600);
#4537=AXIS2_PLACEMENT_3D('',#6851,#5603,#5604);
#4538=AXIS2_PLACEMENT_3D('',#6854,#5607,#5608);
#4539=AXIS2_PLACEMENT_3D('',#6856,#5610,#5611);
#4540=AXIS2_PLACEMENT_3D('',#6858,#5613,#5614);
#4541=AXIS2_PLACEMENT_3D('',#6859,#5615,#5616);
#4542=AXIS2_PLACEMENT_3D('',#6862,#5619,#5620);
#4543=AXIS2_PLACEMENT_3D('',#6864,#5622,#5623);
#4544=AXIS2_PLACEMENT_3D('',#6866,#5625,#5626);
#4545=AXIS2_PLACEMENT_3D('',#6867,#5627,#5628);
#4546=AXIS2_PLACEMENT_3D('',#6868,#5629,#5630);
#4547=AXIS2_PLACEMENT_3D('',#6869,#5631,#5632);
#4548=AXIS2_PLACEMENT_3D('',#6870,#5633,#5634);
#4549=AXIS2_PLACEMENT_3D('',#6871,#5635,#5636);
#4550=AXIS2_PLACEMENT_3D('',#6872,#5637,#5638);
#4551=AXIS2_PLACEMENT_3D('',#6873,#5639,#5640);
#4552=DIRECTION('',(0.,0.,1.));
#4553=DIRECTION('',(1.,0.,0.));
#4554=DIRECTION('',(0.,0.,1.));
#4555=DIRECTION('',(1.,0.,0.));
#4556=DIRECTION('',(-1.,0.,0.));
#4557=DIRECTION('',(0.,-1.,0.));
#4558=DIRECTION('',(1.,0.,0.));
#4559=DIRECTION('',(0.,1.,0.));
#4560=DIRECTION('',(-1.,0.,0.));
#4561=DIRECTION('',(0.,-1.,0.));
#4562=DIRECTION('',(1.,0.,0.));
#4563=DIRECTION('',(0.,1.,0.));
#4564=DIRECTION('',(-1.05775821705903E-16,-1.,0.));
#4565=DIRECTION('',(1.,0.,0.));
#4566=DIRECTION('',(0.,1.,0.));
#4567=DIRECTION('',(-1.,5.42101086242752E-16,0.));
#4568=DIRECTION('',(0.,1.,0.));
#4569=DIRECTION('',(1.,0.,0.));
#4570=DIRECTION('',(0.,1.,0.));
#4571=DIRECTION('',(-1.,5.42101086242752E-16,0.));
#4572=DIRECTION('',(-1.,0.,0.));
#4573=DIRECTION('',(0.,-1.,0.));
#4574=DIRECTION('',(1.,0.,0.));
#4575=DIRECTION('',(0.,1.,0.));
#4576=DIRECTION('',(-1.,0.,0.));
#4577=DIRECTION('',(0.,-1.,0.));
#4578=DIRECTION('',(1.,0.,0.));
#4579=DIRECTION('',(0.,1.,0.));
#4580=DIRECTION('',(0.,-1.,0.));
#4581=DIRECTION('',(-1.,1.18925284002066E-16,0.));
#4582=DIRECTION('',(0.,1.,0.));
#4583=DIRECTION('',(1.,1.18925284002066E-16,0.));
#4584=DIRECTION('',(0.,1.,0.));
#4585=DIRECTION('',(-1.,0.,0.));
#4586=DIRECTION('',(-2.11551643411806E-16,-1.,0.));
#4587=DIRECTION('',(1.,-5.42101086242752E-16,0.));
#4588=DIRECTION('',(-1.,0.,0.));
#4589=DIRECTION('',(0.,-1.,0.));
#4590=DIRECTION('',(1.,0.,0.));
#4591=DIRECTION('',(0.,1.,0.));
#4592=DIRECTION('',(-1.,0.,0.));
#4593=DIRECTION('',(0.,-1.,0.));
#4594=DIRECTION('',(1.,0.,0.));
#4595=DIRECTION('',(0.,1.,0.));
#4596=DIRECTION('',(0.,1.,0.));
#4597=DIRECTION('',(1.,0.,0.));
#4598=DIRECTION('',(0.,1.,0.));
#4599=DIRECTION('',(-1.,5.42101086242752E-16,0.));
#4600=DIRECTION('',(-1.,0.,0.));
#4601=DIRECTION('',(0.,-1.,0.));
#4602=DIRECTION('',(1.,0.,0.));
#4603=DIRECTION('',(0.,1.,0.));
#4604=DIRECTION('',(-1.,0.,0.));
#4605=DIRECTION('',(0.,-1.,0.));
#4606=DIRECTION('',(1.,0.,0.));
#4607=DIRECTION('',(0.,1.,0.));
#4608=DIRECTION('',(0.,1.,0.));
#4609=DIRECTION('',(1.,0.,0.));
#4610=DIRECTION('',(0.,1.,0.));
#4611=DIRECTION('',(-1.,5.42101086242752E-16,0.));
#4612=DIRECTION('',(0.,0.,-1.));
#4613=DIRECTION('',(-1.,0.,0.));
#4614=DIRECTION('',(0.,-1.,0.));
#4615=DIRECTION('',(1.,-7.81406971160724E-16,0.));
#4616=DIRECTION('',(1.97127667724637E-16,1.,0.));
#4617=DIRECTION('',(-1.,1.22094839243863E-16,0.));
#4618=DIRECTION('',(0.,-1.,0.));
#4619=DIRECTION('',(-1.,0.,0.));
#4620=DIRECTION('',(0.,1.,0.));
#4621=DIRECTION('',(1.,0.,0.));
#4622=DIRECTION('',(0.,0.,1.));
#4623=DIRECTION('',(1.,0.,0.));
#4624=DIRECTION('',(1.,1.18925284002066E-16,0.));
#4625=DIRECTION('',(0.,1.,0.));
#4626=DIRECTION('',(-1.,1.18925284002066E-16,0.));
#4627=DIRECTION('',(0.,-1.,0.));
#4628=DIRECTION('',(0.,-1.,0.));
#4629=DIRECTION('',(-1.,-1.95351742790181E-16,0.));
#4630=DIRECTION('',(0.,1.,0.));
#4631=DIRECTION('',(1.,-5.86055228370543E-16,0.));
#4632=DIRECTION('',(1.22094839243863E-16,1.,0.));
#4633=DIRECTION('',(-1.,1.22094839243863E-16,0.));
#4634=DIRECTION('',(1.97127667724637E-16,1.,0.));
#4635=DIRECTION('',(1.,-7.81406971160724E-16,0.));
#4636=DIRECTION('',(1.,-7.81406971160724E-16,0.));
#4637=DIRECTION('',(0.,-1.,0.));
#4638=DIRECTION('',(-1.,1.22094839243863E-16,0.));
#4639=DIRECTION('',(1.97127667724637E-16,1.,0.));
#4640=DIRECTION('',(0.,-1.,0.));
#4641=DIRECTION('',(-1.,-1.95351742790181E-16,0.));
#4642=DIRECTION('',(0.,1.,0.));
#4643=DIRECTION('',(1.,-5.86055228370543E-16,0.));
#4644=DIRECTION('',(1.,-7.81406971160724E-16,0.));
#4645=DIRECTION('',(0.,-1.,0.));
#4646=DIRECTION('',(-1.,1.22094839243863E-16,0.));
#4647=DIRECTION('',(1.97127667724637E-16,1.,0.));
#4648=DIRECTION('',(0.,-1.,0.));
#4649=DIRECTION('',(-1.,-1.95351742790181E-16,0.));
#4650=DIRECTION('',(0.,1.,0.));
#4651=DIRECTION('',(1.,-5.86055228370543E-16,0.));
#4652=DIRECTION('',(1.,-7.81406971160724E-16,0.));
#4653=DIRECTION('',(0.,-1.,0.));
#4654=DIRECTION('',(-1.,1.22094839243863E-16,0.));
#4655=DIRECTION('',(1.97127667724637E-16,1.,0.));
#4656=DIRECTION('',(0.,-1.,0.));
#4657=DIRECTION('',(-1.,-1.95351742790181E-16,0.));
#4658=DIRECTION('',(0.,1.,0.));
#4659=DIRECTION('',(1.,-5.86055228370543E-16,0.));
#4660=DIRECTION('',(0.,0.,-1.));
#4661=DIRECTION('',(-1.,0.,0.));
#4662=DIRECTION('',(0.,-1.,0.));
#4663=DIRECTION('',(1.,-7.81406971160724E-16,0.));
#4664=DIRECTION('',(1.97127667724637E-16,1.,0.));
#4665=DIRECTION('',(-1.,1.22094839243863E-16,0.));
#4666=DIRECTION('',(0.,-1.,0.));
#4667=DIRECTION('',(-1.,0.,0.));
#4668=DIRECTION('',(0.,1.,0.));
#4669=DIRECTION('',(1.,0.,0.));
#4670=DIRECTION('',(0.,0.,-1.));
#4671=DIRECTION('',(-1.,0.,0.));
#4672=DIRECTION('',(0.,-1.,0.));
#4673=DIRECTION('',(1.,-7.81406971160724E-16,0.));
#4674=DIRECTION('',(1.97127667724637E-16,1.,0.));
#4675=DIRECTION('',(-1.,1.22094839243863E-16,0.));
#4676=DIRECTION('',(0.,-1.,0.));
#4677=DIRECTION('',(-1.,0.,0.));
#4678=DIRECTION('',(0.,1.,0.));
#4679=DIRECTION('',(1.,0.,0.));
#4680=DIRECTION('',(-1.18925284002066E-16,1.,0.));
#4681=DIRECTION('',(-1.,-1.18925284002066E-16,0.));
#4682=DIRECTION('',(0.,0.,-1.));
#4683=DIRECTION('',(0.,0.,-1.));
#4684=DIRECTION('',(1.,-1.46020494610842E-16,0.));
#4685=DIRECTION('',(0.,0.,1.));
#4686=DIRECTION('',(-1.,1.46020494610842E-16,0.));
#4687=DIRECTION('',(0.,0.,-1.));
#4688=DIRECTION('',(0.,0.,-1.));
#4689=DIRECTION('',(1.,1.46020494610842E-16,0.));
#4690=DIRECTION('',(0.,0.,1.));
#4691=DIRECTION('',(0.,0.,1.));
#4692=DIRECTION('',(-1.,-1.46020494610842E-16,0.));
#4693=DIRECTION('',(1.46020494610842E-16,-1.,0.));
#4694=DIRECTION('',(-1.,-1.46020494610842E-16,0.));
#4695=DIRECTION('',(1.,1.46020494610842E-16,2.2844706732104E-16));
#4696=DIRECTION('',(-1.46020494610842E-16,1.,0.));
#4697=DIRECTION('',(1.,1.46020494610842E-16,0.));
#4698=DIRECTION('',(0.,0.,1.));
#4699=DIRECTION('',(1.46020494610842E-16,-1.,0.));
#4700=DIRECTION('',(1.,1.46020494610842E-16,0.));
#4701=DIRECTION('',(0.,0.,-1.));
#4702=DIRECTION('',(-1.46020494610842E-16,1.,0.));
#4703=DIRECTION('',(-1.,-1.46020494610842E-16,0.));
#4704=DIRECTION('',(1.,1.46020494610842E-16,2.28447067321039E-16));
#4705=DIRECTION('',(1.46020494610842E-16,-1.,0.));
#4706=DIRECTION('',(1.,1.46020494610842E-16,0.));
#4707=DIRECTION('',(-1.,-1.46020494610842E-16,-4.56894134642079E-16));
#4708=DIRECTION('',(-1.46020494610842E-16,1.,0.));
#4709=DIRECTION('',(1.,1.46020494610842E-16,0.));
#4710=DIRECTION('',(0.,0.,-1.));
#4711=DIRECTION('',(1.46020494610842E-16,-1.,0.));
#4712=DIRECTION('',(1.,1.46020494610842E-16,0.));
#4713=DIRECTION('',(0.,0.,1.));
#4714=DIRECTION('',(-1.46020494610842E-16,1.,0.));
#4715=DIRECTION('',(1.,1.46020494610842E-16,0.));
#4716=DIRECTION('',(-1.,-1.46020494610842E-16,0.));
#4717=DIRECTION('',(-1.18925284002066E-16,1.,0.));
#4718=DIRECTION('',(-1.,-1.18925284002066E-16,0.));
#4719=DIRECTION('',(0.,0.,1.));
#4720=DIRECTION('',(-1.18925284002066E-16,1.,0.));
#4721=DIRECTION('',(-1.,-1.18925284002066E-16,0.));
#4722=DIRECTION('',(-1.,-1.18925284002066E-16,4.56894134642079E-16));
#4723=DIRECTION('',(-1.18925284002066E-16,1.,0.));
#4724=DIRECTION('',(-1.,-1.18925284002066E-16,0.));
#4725=DIRECTION('',(1.,1.18925284002066E-16,-2.28447067321039E-16));
#4726=DIRECTION('',(-1.18925284002066E-16,1.,0.));
#4727=DIRECTION('',(-1.,-1.18925284002066E-16,0.));
#4728=DIRECTION('',(0.,0.,1.));
#4729=DIRECTION('',(-1.18925284002066E-16,1.,0.));
#4730=DIRECTION('',(-1.,-1.18925284002066E-16,0.));
#4731=DIRECTION('',(0.,0.,-1.));
#4732=DIRECTION('',(-1.18925284002066E-16,1.,0.));
#4733=DIRECTION('',(-1.,-1.18925284002066E-16,0.));
#4734=DIRECTION('',(1.,1.18925284002066E-16,-2.2844706732104E-16));
#4735=DIRECTION('',(-1.18925284002066E-16,1.,0.));
#4736=DIRECTION('',(-1.,-1.18925284002066E-16,0.));
#4737=DIRECTION('',(-1.,-1.18925284002066E-16,0.));
#4738=DIRECTION('',(-1.18925284002066E-16,1.,0.));
#4739=DIRECTION('',(-1.,-1.18925284002066E-16,0.));
#4740=DIRECTION('',(0.,0.,-1.));
#4741=DIRECTION('',(0.,0.,-1.));
#4742=DIRECTION('',(-1.,0.,0.));
#4743=DIRECTION('',(0.,-1.,0.));
#4744=DIRECTION('',(1.,-7.81406971160724E-16,0.));
#4745=DIRECTION('',(1.97127667724637E-16,1.,0.));
#4746=DIRECTION('',(-1.,1.22094839243863E-16,0.));
#4747=DIRECTION('',(0.,-1.,0.));
#4748=DIRECTION('',(-1.,0.,0.));
#4749=DIRECTION('',(0.,1.,0.));
#4750=DIRECTION('',(1.,0.,0.));
#4751=DIRECTION('',(1.46020494610842E-16,1.,0.));
#4752=DIRECTION('',(1.,-1.46020494610842E-16,0.));
#4753=DIRECTION('',(1.46020494610842E-16,1.,0.));
#4754=DIRECTION('',(1.46020494610842E-16,1.,0.));
#4755=DIRECTION('',(0.,1.,0.));
#4756=DIRECTION('',(0.,0.,-1.));
#4757=DIRECTION('',(-1.,1.46020494610842E-16,0.));
#4758=DIRECTION('',(1.46020494610842E-16,1.,0.));
#4759=DIRECTION('',(0.,0.,-1.));
#4760=DIRECTION('',(1.46020494610842E-16,1.,0.));
#4761=DIRECTION('',(1.46020494610842E-16,1.,0.));
#4762=DIRECTION('',(1.,-1.46020494610842E-16,0.));
#4763=DIRECTION('',(-1.46020494610842E-16,-1.,0.));
#4764=DIRECTION('',(-1.,1.46020494610842E-16,0.));
#4765=DIRECTION('',(1.46020494610842E-16,1.,0.));
#4766=DIRECTION('',(-4.56894134642079E-16,6.67159075252292E-32,-1.));
#4767=DIRECTION('',(1.,0.,-4.56894134642079E-16));
#4768=DIRECTION('',(1.46020494610842E-16,1.,0.));
#4769=DIRECTION('',(1.,-1.46020494610842E-16,-4.56894134642079E-16));
#4770=DIRECTION('',(1.46020494610842E-16,1.,0.));
#4771=DIRECTION('',(1.,-1.46020494610842E-16,0.));
#4772=DIRECTION('',(1.46020494610842E-16,1.,0.));
#4773=DIRECTION('',(0.,1.,0.));
#4774=DIRECTION('',(0.,0.,-1.));
#4775=DIRECTION('',(2.28447067321039E-16,-3.33579537626146E-32,1.));
#4776=DIRECTION('',(-1.,0.,2.28447067321039E-16));
#4777=DIRECTION('',(-1.,1.46020494610842E-16,2.28447067321039E-16));
#4778=DIRECTION('',(1.46020494610842E-16,1.,0.));
#4779=DIRECTION('',(1.46020494610842E-16,1.,0.));
#4780=DIRECTION('',(1.,-1.46020494610842E-16,0.));
#4781=DIRECTION('',(-1.46020494610842E-16,-1.,0.));
#4782=DIRECTION('',(1.,-1.46020494610842E-16,0.));
#4783=DIRECTION('',(1.46020494610842E-16,1.,0.));
#4784=DIRECTION('',(-1.,1.46020494610842E-16,0.));
#4785=DIRECTION('',(1.46020494610842E-16,1.,0.));
#4786=DIRECTION('',(1.46020494610842E-16,1.,0.));
#4787=DIRECTION('',(0.,0.,-1.));
#4788=DIRECTION('',(1.46020494610842E-16,1.,0.));
#4789=DIRECTION('',(1.,-1.46020494610842E-16,0.));
#4790=DIRECTION('',(1.46020494610842E-16,1.,0.));
#4791=DIRECTION('',(0.,1.,0.));
#4792=DIRECTION('',(0.,0.,-1.));
#4793=DIRECTION('',(1.,-1.46020494610842E-16,0.));
#4794=DIRECTION('',(-1.46020494610842E-16,-1.,0.));
#4795=DIRECTION('',(0.,0.,1.));
#4796=DIRECTION('',(1.46020494610842E-16,1.,0.));
#4797=DIRECTION('',(1.46020494610842E-16,1.,0.));
#4798=DIRECTION('',(1.,-1.46020494610842E-16,0.));
#4799=DIRECTION('',(-1.46020494610842E-16,-1.,0.));
#4800=DIRECTION('',(-1.,1.46020494610842E-16,0.));
#4801=DIRECTION('',(1.46020494610842E-16,1.,0.));
#4802=DIRECTION('',(2.2844706732104E-16,-3.33579537626147E-32,1.));
#4803=DIRECTION('',(-1.,0.,2.2844706732104E-16));
#4804=DIRECTION('',(1.46020494610842E-16,1.,0.));
#4805=DIRECTION('',(-1.,1.46020494610842E-16,2.2844706732104E-16));
#4806=DIRECTION('',(1.46020494610842E-16,1.,0.));
#4807=DIRECTION('',(1.,-1.46020494610842E-16,0.));
#4808=DIRECTION('',(1.46020494610842E-16,1.,0.));
#4809=DIRECTION('',(0.,1.,0.));
#4810=DIRECTION('',(0.,0.,-1.));
#4811=DIRECTION('',(0.,0.,-1.));
#4812=DIRECTION('',(1.,0.,0.));
#4813=DIRECTION('',(1.,-1.46020494610842E-16,0.));
#4814=DIRECTION('',(1.46020494610842E-16,1.,0.));
#4815=DIRECTION('',(1.46020494610842E-16,1.,0.));
#4816=DIRECTION('',(1.,-1.46020494610842E-16,0.));
#4817=DIRECTION('',(-1.46020494610842E-16,-1.,0.));
#4818=DIRECTION('',(-1.,1.46020494610842E-16,0.));
#4819=DIRECTION('',(1.46020494610842E-16,1.,0.));
#4820=DIRECTION('',(1.,-1.46020494610842E-16,0.));
#4821=DIRECTION('',(-1.46020494610842E-16,-1.,0.));
#4822=DIRECTION('',(0.,0.,1.));
#4823=DIRECTION('',(-1.46020494610842E-16,-1.,0.));
#4824=DIRECTION('',(-1.,1.46020494610842E-16,0.));
#4825=DIRECTION('',(1.46020494610842E-16,1.,0.));
#4826=DIRECTION('',(-1.,1.46020494610842E-16,0.));
#4827=DIRECTION('',(1.46020494610842E-16,1.,0.));
#4828=DIRECTION('',(-1.,1.46020494610842E-16,0.));
#4829=DIRECTION('',(1.46020494610842E-16,1.,0.));
#4830=DIRECTION('',(-1.,1.46020494610842E-16,0.));
#4831=DIRECTION('',(1.46020494610842E-16,1.,0.));
#4832=DIRECTION('',(-1.,1.46020494610842E-16,0.));
#4833=DIRECTION('',(0.,1.,0.));
#4834=DIRECTION('',(0.,0.,1.));
#4835=DIRECTION('',(0.,1.,0.));
#4836=DIRECTION('',(0.,0.,1.));
#4837=DIRECTION('',(0.,1.,0.));
#4838=DIRECTION('',(0.,0.,1.));
#4839=DIRECTION('',(0.,1.,0.));
#4840=DIRECTION('',(0.,0.,1.));
#4841=DIRECTION('',(0.,0.171135052134606,0.985247580017777));
#4842=DIRECTION('',(0.,-0.985247580017777,0.171135052134606));
#4843=DIRECTION('',(0.,-0.985247580017777,0.171135052134606));
#4844=DIRECTION('',(1.,0.,0.));
#4845=DIRECTION('',(0.,-0.985247580017777,0.171135052134606));
#4846=DIRECTION('',(1.,0.,0.));
#4847=DIRECTION('',(0.,-1.,0.));
#4848=DIRECTION('',(0.,0.,-1.));
#4849=DIRECTION('',(0.,0.,-1.));
#4850=DIRECTION('',(0.,0.,-1.));
#4851=DIRECTION('',(1.,0.,0.));
#4852=DIRECTION('',(1.,0.,0.));
#4853=DIRECTION('',(0.,0.,-1.));
#4854=DIRECTION('',(0.,0.,1.));
#4855=DIRECTION('',(1.,0.,0.));
#4856=DIRECTION('',(0.,1.,0.));
#4857=DIRECTION('',(0.,0.646977448195096,-0.762509135372792));
#4858=DIRECTION('',(1.,0.,0.));
#4859=DIRECTION('',(0.,0.,-1.));
#4860=DIRECTION('',(1.,0.,0.));
#4861=DIRECTION('',(1.,0.,0.));
#4862=DIRECTION('',(0.,1.,0.));
#4863=DIRECTION('',(1.,0.,0.));
#4864=DIRECTION('',(0.,0.,-1.));
#4865=DIRECTION('',(0.,0.,1.));
#4866=DIRECTION('',(0.,0.646977448195096,-0.762509135372792));
#4867=DIRECTION('',(0.,-0.762509135372792,-0.646977448195096));
#4868=DIRECTION('',(0.,0.646977448195096,-0.762509135372792));
#4869=DIRECTION('',(1.,0.,0.));
#4870=DIRECTION('',(1.46020494610842E-16,-1.,0.));
#4871=DIRECTION('',(1.,1.46020494610842E-16,0.));
#4872=DIRECTION('',(0.,0.,1.));
#4873=DIRECTION('',(-1.,-1.46020494610842E-16,0.));
#4874=DIRECTION('',(0.,0.,-1.));
#4875=DIRECTION('',(1.,1.46020494610842E-16,0.));
#4876=DIRECTION('',(0.,1.,0.));
#4877=DIRECTION('',(0.,0.,1.));
#4878=DIRECTION('',(0.,-1.,0.));
#4879=DIRECTION('',(0.,0.,-1.));
#4880=DIRECTION('',(1.46020494610842E-16,-1.,0.));
#4881=DIRECTION('',(1.,1.46020494610842E-16,0.));
#4882=DIRECTION('',(0.,1.,0.));
#4883=DIRECTION('',(0.,0.,1.));
#4884=DIRECTION('',(0.,-1.,0.));
#4885=DIRECTION('',(0.,0.,-1.));
#4886=DIRECTION('',(1.46020494610842E-16,-1.,0.));
#4887=DIRECTION('',(1.,1.46020494610842E-16,0.));
#4888=DIRECTION('',(0.,1.,0.));
#4889=DIRECTION('',(0.,0.,1.));
#4890=DIRECTION('',(0.,-1.,0.));
#4891=DIRECTION('',(0.,0.,-1.));
#4892=DIRECTION('',(1.46020494610842E-16,-1.,0.));
#4893=DIRECTION('',(1.,1.46020494610842E-16,0.));
#4894=DIRECTION('',(1.46020494610842E-16,-1.,0.));
#4895=DIRECTION('',(1.,1.46020494610842E-16,0.));
#4896=DIRECTION('',(1.,1.46020494610842E-16,2.2844706732104E-16));
#4897=DIRECTION('',(-1.,-1.46020494610842E-16,0.));
#4898=DIRECTION('',(-1.46020494610842E-16,1.,0.));
#4899=DIRECTION('',(1.,1.46020494610842E-16,0.));
#4900=DIRECTION('',(0.,0.,1.));
#4901=DIRECTION('',(1.46020494610842E-16,-1.,0.));
#4902=DIRECTION('',(1.,1.46020494610842E-16,0.));
#4903=DIRECTION('',(0.,0.,-1.));
#4904=DIRECTION('',(-1.46020494610842E-16,1.,0.));
#4905=DIRECTION('',(1.,1.46020494610842E-16,0.));
#4906=DIRECTION('',(-1.,-1.46020494610842E-16,-4.56894134642079E-16));
#4907=DIRECTION('',(1.,1.46020494610842E-16,2.28447067321039E-16));
#4908=DIRECTION('',(-1.46020494610842E-16,1.,0.));
#4909=DIRECTION('',(-1.,-1.46020494610842E-16,0.));
#4910=DIRECTION('',(0.,0.,-1.));
#4911=DIRECTION('',(0.,0.,1.));
#4912=DIRECTION('',(-1.46020494610842E-16,1.,0.));
#4913=DIRECTION('',(1.,1.46020494610842E-16,0.));
#4914=DIRECTION('',(0.,1.,0.));
#4915=DIRECTION('',(0.,0.,1.));
#4916=DIRECTION('',(0.,-1.,0.));
#4917=DIRECTION('',(0.,0.,-1.));
#4918=DIRECTION('',(-1.18925284002066E-16,-1.,0.));
#4919=DIRECTION('',(1.,-1.18925284002066E-16,0.));
#4920=DIRECTION('',(0.,0.,-1.));
#4921=DIRECTION('',(0.,0.,-1.));
#4922=DIRECTION('',(0.,0.,-1.));
#4923=DIRECTION('',(-1.,0.,0.));
#4924=DIRECTION('',(-1.46020494610842E-16,1.,0.));
#4925=DIRECTION('',(-1.46020494610842E-16,1.,0.));
#4926=DIRECTION('',(1.,1.46020494610842E-16,0.));
#4927=DIRECTION('',(-1.46020494610842E-16,1.,0.));
#4928=DIRECTION('',(-1.46020494610842E-16,1.,0.));
#4929=DIRECTION('',(0.,0.,1.));
#4930=DIRECTION('',(1.,0.,0.));
#4931=DIRECTION('',(-1.46020494610842E-16,1.,0.));
#4932=DIRECTION('',(-1.,0.,0.));
#4933=DIRECTION('',(0.,0.,1.));
#4934=DIRECTION('',(1.,0.,0.));
#4935=DIRECTION('',(0.,0.,-1.));
#4936=DIRECTION('',(1.46020494610842E-16,1.,0.));
#4937=DIRECTION('',(0.,0.,1.));
#4938=DIRECTION('',(1.46020494610842E-16,1.,0.));
#4939=DIRECTION('',(1.,1.46020494610842E-16,0.));
#4940=DIRECTION('',(-1.46020494610842E-16,1.,0.));
#4941=DIRECTION('',(-1.46020494610842E-16,1.,0.));
#4942=DIRECTION('',(-1.46020494610842E-16,1.,0.));
#4943=DIRECTION('',(-1.46020494610842E-16,1.,0.));
#4944=DIRECTION('',(-1.,-1.46020494610842E-16,0.));
#4945=DIRECTION('',(-1.46020494610842E-16,1.,0.));
#4946=DIRECTION('',(4.56894134642079E-16,6.67159075252292E-32,-1.));
#4947=DIRECTION('',(-1.,0.,-4.56894134642079E-16));
#4948=DIRECTION('',(-1.46020494610842E-16,1.,0.));
#4949=DIRECTION('',(-1.46020494610842E-16,1.,0.));
#4950=DIRECTION('',(-1.,-1.46020494610842E-16,0.));
#4951=DIRECTION('',(-1.46020494610842E-16,1.,0.));
#4952=DIRECTION('',(-2.28447067321039E-16,-3.33579537626146E-32,1.));
#4953=DIRECTION('',(1.,0.,2.28447067321039E-16));
#4954=DIRECTION('',(-1.46020494610842E-16,1.,0.));
#4955=DIRECTION('',(-1.46020494610842E-16,1.,0.));
#4956=DIRECTION('',(-1.,-1.46020494610842E-16,0.));
#4957=DIRECTION('',(-1.46020494610842E-16,1.,0.));
#4958=DIRECTION('',(1.,1.46020494610842E-16,0.));
#4959=DIRECTION('',(-1.46020494610842E-16,1.,0.));
#4960=DIRECTION('',(-1.46020494610842E-16,1.,0.));
#4961=DIRECTION('',(-1.46020494610842E-16,1.,0.));
#4962=DIRECTION('',(-1.,-1.46020494610842E-16,0.));
#4963=DIRECTION('',(-1.46020494610842E-16,1.,0.));
#4964=DIRECTION('',(-1.,-1.46020494610842E-16,0.));
#4965=DIRECTION('',(1.46020494610842E-16,-1.,0.));
#4966=DIRECTION('',(-1.46020494610842E-16,1.,0.));
#4967=DIRECTION('',(-1.46020494610842E-16,1.,0.));
#4968=DIRECTION('',(-1.,-1.46020494610842E-16,0.));
#4969=DIRECTION('',(-1.46020494610842E-16,1.,0.));
#4970=DIRECTION('',(-2.2844706732104E-16,-3.33579537626147E-32,1.));
#4971=DIRECTION('',(1.,0.,2.2844706732104E-16));
#4972=DIRECTION('',(-1.46020494610842E-16,1.,0.));
#4973=DIRECTION('',(-1.46020494610842E-16,1.,0.));
#4974=DIRECTION('',(-1.,-1.46020494610842E-16,0.));
#4975=DIRECTION('',(-1.46020494610842E-16,1.,0.));
#4976=DIRECTION('',(0.,0.,-1.));
#4977=DIRECTION('',(-1.,0.,0.));
#4978=DIRECTION('',(-1.46020494610842E-16,1.,0.));
#4979=DIRECTION('',(-1.46020494610842E-16,1.,0.));
#4980=DIRECTION('',(-1.,-1.46020494610842E-16,0.));
#4981=DIRECTION('',(-1.46020494610842E-16,1.,0.));
#4982=DIRECTION('',(-1.,-1.46020494610842E-16,0.));
#4983=DIRECTION('',(1.46020494610842E-16,-1.,0.));
#4984=DIRECTION('',(-1.46020494610842E-16,1.,0.));
#4985=DIRECTION('',(-1.46020494610842E-16,1.,0.));
#4986=DIRECTION('',(-1.,-1.46020494610842E-16,0.));
#4987=DIRECTION('',(-1.46020494610842E-16,-1.,0.));
#4988=DIRECTION('',(-1.,1.46020494610842E-16,0.));
#4989=DIRECTION('',(-1.,1.46020494610842E-16,0.));
#4990=DIRECTION('',(0.,0.,-1.));
#4991=DIRECTION('',(1.,-1.46020494610842E-16,0.));
#4992=DIRECTION('',(0.,0.,1.));
#4993=DIRECTION('',(-1.,0.,0.));
#4994=DIRECTION('',(1.46020494610842E-16,1.,0.));
#4995=DIRECTION('',(-1.,1.46020494610842E-16,0.));
#4996=DIRECTION('',(1.46020494610842E-16,1.,0.));
#4997=DIRECTION('',(1.46020494610842E-16,1.,0.));
#4998=DIRECTION('',(0.,0.,-1.));
#4999=DIRECTION('',(1.,0.,0.));
#5000=DIRECTION('',(1.22094839243863E-16,1.,0.));
#5001=DIRECTION('',(-1.,1.22094839243863E-16,0.));
#5002=DIRECTION('',(-1.,1.22094839243863E-16,0.));
#5003=DIRECTION('',(0.,0.,1.));
#5004=DIRECTION('',(0.,0.,1.));
#5005=DIRECTION('',(-0.707106781186547,8.63340887772169E-17,0.707106781186548));
#5006=DIRECTION('',(1.20466908053945E-16,-1.47083877730516E-32,1.));
#5007=DIRECTION('',(1.,-1.97127667724637E-16,0.));
#5008=DIRECTION('',(1.97127667724637E-16,1.,0.));
#5009=DIRECTION('',(0.,0.,1.));
#5010=DIRECTION('',(-7.81406971160724E-16,-1.,0.));
#5011=DIRECTION('',(1.,-7.81406971160724E-16,0.));
#5012=DIRECTION('',(0.,0.,1.));
#5013=DIRECTION('',(0.,0.,-1.));
#5014=DIRECTION('',(-1.,0.,0.));
#5015=DIRECTION('',(1.,0.,0.));
#5016=DIRECTION('',(0.,-1.,0.));
#5017=DIRECTION('',(-1.,0.,0.));
#5018=DIRECTION('',(0.,1.,0.));
#5019=DIRECTION('',(0.,-1.,0.));
#5020=DIRECTION('',(1.,-5.86055228370543E-16,0.));
#5021=DIRECTION('',(0.,1.,0.));
#5022=DIRECTION('',(-1.,-1.95351742790181E-16,0.));
#5023=DIRECTION('',(-1.95351742790181E-16,1.,0.));
#5024=DIRECTION('',(-1.,-1.95351742790181E-16,0.));
#5025=DIRECTION('',(0.,0.,1.));
#5026=DIRECTION('',(0.,0.,1.));
#5027=DIRECTION('',(1.,0.,0.));
#5028=DIRECTION('',(0.,0.,-1.));
#5029=DIRECTION('',(0.,0.,1.));
#5030=DIRECTION('',(-5.86055228370543E-16,-1.,0.));
#5031=DIRECTION('',(1.,-5.86055228370543E-16,0.));
#5032=DIRECTION('',(1.,-5.86055228370543E-16,0.));
#5033=DIRECTION('',(-1.20466908053945E-16,7.06002613106479E-32,-1.));
#5034=DIRECTION('',(0.707106781186547,-4.14403626130641E-16,-0.707106781186548));
#5035=DIRECTION('',(0.,0.,1.));
#5036=DIRECTION('',(-1.,0.,0.));
#5037=DIRECTION('',(0.,0.,1.));
#5038=DIRECTION('',(1.22094839243863E-16,1.,0.));
#5039=DIRECTION('',(1.,0.,0.));
#5040=DIRECTION('',(0.,0.,-1.));
#5041=DIRECTION('',(0.,0.,-1.));
#5042=DIRECTION('',(0.,1.,0.));
#5043=DIRECTION('',(0.,0.,-1.));
#5044=DIRECTION('',(0.,1.,0.));
#5045=DIRECTION('',(0.,0.,1.));
#5046=DIRECTION('',(0.,0.,-1.));
#5047=DIRECTION('',(-1.,0.,0.));
#5048=DIRECTION('',(-1.,0.,0.));
#5049=DIRECTION('',(0.,0.,1.));
#5050=DIRECTION('',(0.,0.,-1.));
#5051=DIRECTION('',(0.,-1.,0.));
#5052=DIRECTION('',(0.,-1.,0.));
#5053=DIRECTION('',(0.,0.,-1.));
#5054=DIRECTION('',(1.,0.,0.));
#5055=DIRECTION('',(1.,0.,0.));
#5056=DIRECTION('',(0.,0.,-1.));
#5057=DIRECTION('',(0.,0.,-1.));
#5058=DIRECTION('',(0.,-1.,0.));
#5059=DIRECTION('',(0.,0.,-1.));
#5060=DIRECTION('',(0.,-1.,0.));
#5061=DIRECTION('',(0.,0.,-1.));
#5062=DIRECTION('',(-1.,0.,0.));
#5063=DIRECTION('',(0.,0.,-1.));
#5064=DIRECTION('',(-1.,0.,0.));
#5065=DIRECTION('',(0.,0.,1.));
#5066=DIRECTION('',(0.,1.,0.));
#5067=DIRECTION('',(0.,0.,-1.));
#5068=DIRECTION('',(0.,1.,0.));
#5069=DIRECTION('',(0.,0.,1.));
#5070=DIRECTION('',(1.,0.,0.));
#5071=DIRECTION('',(0.,0.,1.));
#5072=DIRECTION('',(1.,0.,0.));
#5073=DIRECTION('',(1.,0.,0.));
#5074=DIRECTION('',(0.,1.,0.));
#5075=DIRECTION('',(-1.,5.42101086242752E-16,0.));
#5076=DIRECTION('',(0.,1.,0.));
#5077=DIRECTION('',(0.,1.,0.));
#5078=DIRECTION('',(0.,0.,1.));
#5079=DIRECTION('',(0.,0.,-1.));
#5080=DIRECTION('',(0.,0.,-1.));
#5081=DIRECTION('',(-1.,0.,0.));
#5082=DIRECTION('',(0.,0.,1.));
#5083=DIRECTION('',(0.,0.,-1.));
#5084=DIRECTION('',(-5.42101086242752E-16,-1.,0.));
#5085=DIRECTION('',(1.,-5.42101086242752E-16,0.));
#5086=DIRECTION('',(0.,0.,-1.));
#5087=DIRECTION('',(0.,0.,-1.));
#5088=DIRECTION('',(-1.,0.,0.));
#5089=DIRECTION('',(-2.11551643411806E-16,-1.,0.));
#5090=DIRECTION('',(-1.,0.,0.));
#5091=DIRECTION('',(0.,1.,0.));
#5092=DIRECTION('',(1.,-5.42101086242752E-16,0.));
#5093=DIRECTION('',(0.,-1.,0.));
#5094=DIRECTION('',(0.,0.,-1.));
#5095=DIRECTION('',(0.,0.,-1.));
#5096=DIRECTION('',(0.,0.,-1.));
#5097=DIRECTION('',(-1.,0.,0.));
#5098=DIRECTION('',(0.,0.,1.));
#5099=DIRECTION('',(0.,0.,-1.));
#5100=DIRECTION('',(5.42101086242752E-16,1.,0.));
#5101=DIRECTION('',(-1.,5.42101086242752E-16,0.));
#5102=DIRECTION('',(0.,0.,-1.));
#5103=DIRECTION('',(1.,-2.11551643411806E-16,0.));
#5104=DIRECTION('',(2.11551643411806E-16,1.,0.));
#5105=DIRECTION('',(0.70710678118655,0.,0.707106781186546));
#5106=DIRECTION('',(0.,-1.,0.));
#5107=DIRECTION('',(-0.577350269189625,-0.577350269189625,0.577350269189628));
#5108=DIRECTION('',(-0.577350269189625,0.577350269189625,0.577350269189628));
#5109=DIRECTION('',(0.,-0.70710678118655,0.707106781186546));
#5110=DIRECTION('',(-1.,0.,0.));
#5111=DIRECTION('',(0.577350269189625,0.577350269189625,0.577350269189628));
#5112=DIRECTION('',(0.,0.70710678118655,0.707106781186546));
#5113=DIRECTION('',(1.,0.,0.));
#5114=DIRECTION('',(-0.577350269189625,0.577350269189625,-0.577350269189628));
#5115=DIRECTION('',(-0.70710678118655,0.,0.707106781186546));
#5116=DIRECTION('',(0.,1.,0.));
#5117=DIRECTION('',(-0.70710678118655,0.,-0.707106781186546));
#5118=DIRECTION('',(0.,-1.,0.));
#5119=DIRECTION('',(0.577350269189625,-0.577350269189625,-0.577350269189628));
#5120=DIRECTION('',(0.577350269189625,0.577350269189625,-0.577350269189628));
#5121=DIRECTION('',(0.,-0.70710678118655,-0.707106781186546));
#5122=DIRECTION('',(1.,0.,0.));
#5123=DIRECTION('',(-0.577350269189625,0.577350269189625,-0.577350269189628));
#5124=DIRECTION('',(0.,0.70710678118655,-0.707106781186546));
#5125=DIRECTION('',(-1.,0.,0.));
#5126=DIRECTION('',(0.577350269189625,0.577350269189625,0.577350269189628));
#5127=DIRECTION('',(0.70710678118655,0.,-0.707106781186546));
#5128=DIRECTION('',(0.,1.,0.));
#5129=DIRECTION('',(-1.,1.22094839243863E-16,1.20466908053945E-16));
#5130=DIRECTION('',(-1.22094839243863E-16,-1.,0.));
#5131=DIRECTION('',(1.22094839243863E-16,1.,0.));
#5132=DIRECTION('',(1.22094839243863E-16,1.,0.));
#5133=DIRECTION('',(-0.707106781186548,8.63340887772171E-17,-0.707106781186547));
#5134=DIRECTION('',(-0.707106781186547,0.,0.707106781186548));
#5135=DIRECTION('',(0.,0.,-1.));
#5136=DIRECTION('',(-1.,0.,0.));
#5137=DIRECTION('',(-1.,0.,0.));
#5138=DIRECTION('',(0.,0.,1.));
#5139=DIRECTION('',(0.,0.,1.));
#5140=DIRECTION('',(0.,0.,1.));
#5141=DIRECTION('',(1.22094839243863E-16,1.,0.));
#5142=DIRECTION('',(-1.,1.22094839243863E-16,0.));
#5143=DIRECTION('',(0.,0.,1.));
#5144=DIRECTION('',(1.,-1.97127667724637E-16,0.));
#5145=DIRECTION('',(1.97127667724637E-16,1.,0.));
#5146=DIRECTION('',(0.,0.,1.));
#5147=DIRECTION('',(-7.81406971160724E-16,-1.,0.));
#5148=DIRECTION('',(1.,-7.81406971160724E-16,0.));
#5149=DIRECTION('',(0.,0.,-1.));
#5150=DIRECTION('',(-1.,0.,0.));
#5151=DIRECTION('',(1.,0.,0.));
#5152=DIRECTION('',(0.,-1.,0.));
#5153=DIRECTION('',(-1.,0.,0.));
#5154=DIRECTION('',(0.,1.,0.));
#5155=DIRECTION('',(0.,-1.,0.));
#5156=DIRECTION('',(1.,-5.86055228370543E-16,0.));
#5157=DIRECTION('',(0.,1.,0.));
#5158=DIRECTION('',(-1.,-1.95351742790181E-16,0.));
#5159=DIRECTION('',(-1.95351742790181E-16,1.,0.));
#5160=DIRECTION('',(-1.,-1.95351742790181E-16,0.));
#5161=DIRECTION('',(0.,0.,1.));
#5162=DIRECTION('',(0.,0.,1.));
#5163=DIRECTION('',(1.,0.,0.));
#5164=DIRECTION('',(0.,0.,-1.));
#5165=DIRECTION('',(0.,0.,1.));
#5166=DIRECTION('',(-5.86055228370543E-16,-1.,0.));
#5167=DIRECTION('',(1.,-5.86055228370543E-16,0.));
#5168=DIRECTION('',(0.,0.,1.));
#5169=DIRECTION('',(-1.,0.,0.));
#5170=DIRECTION('',(0.,0.,1.));
#5171=DIRECTION('',(1.,0.,0.));
#5172=DIRECTION('',(0.,0.,-1.));
#5173=DIRECTION('',(0.,0.,-1.));
#5174=DIRECTION('',(0.,1.,0.));
#5175=DIRECTION('',(0.,0.,-1.));
#5176=DIRECTION('',(0.,1.,0.));
#5177=DIRECTION('',(0.,0.,1.));
#5178=DIRECTION('',(0.,0.,-1.));
#5179=DIRECTION('',(-1.,0.,0.));
#5180=DIRECTION('',(-1.,0.,0.));
#5181=DIRECTION('',(0.,0.,1.));
#5182=DIRECTION('',(0.,0.,-1.));
#5183=DIRECTION('',(0.,-1.,0.));
#5184=DIRECTION('',(0.,-1.,0.));
#5185=DIRECTION('',(0.,0.,-1.));
#5186=DIRECTION('',(1.,0.,0.));
#5187=DIRECTION('',(1.,0.,0.));
#5188=DIRECTION('',(0.,0.,-1.));
#5189=DIRECTION('',(0.,0.,-1.));
#5190=DIRECTION('',(0.,-1.,0.));
#5191=DIRECTION('',(0.,0.,-1.));
#5192=DIRECTION('',(0.,-1.,0.));
#5193=DIRECTION('',(0.,0.,-1.));
#5194=DIRECTION('',(-1.,0.,0.));
#5195=DIRECTION('',(0.,0.,-1.));
#5196=DIRECTION('',(-1.,0.,0.));
#5197=DIRECTION('',(0.,0.,1.));
#5198=DIRECTION('',(0.,1.,0.));
#5199=DIRECTION('',(0.,0.,-1.));
#5200=DIRECTION('',(0.,1.,0.));
#5201=DIRECTION('',(0.,0.,1.));
#5202=DIRECTION('',(1.,0.,0.));
#5203=DIRECTION('',(0.,0.,1.));
#5204=DIRECTION('',(1.,0.,0.));
#5205=DIRECTION('',(1.,0.,0.));
#5206=DIRECTION('',(0.,1.,0.));
#5207=DIRECTION('',(-1.,5.42101086242752E-16,0.));
#5208=DIRECTION('',(0.,1.,0.));
#5209=DIRECTION('',(0.,1.,0.));
#5210=DIRECTION('',(0.,0.,1.));
#5211=DIRECTION('',(0.,0.,-1.));
#5212=DIRECTION('',(0.,0.,-1.));
#5213=DIRECTION('',(-1.,0.,0.));
#5214=DIRECTION('',(0.,0.,1.));
#5215=DIRECTION('',(0.,0.,-1.));
#5216=DIRECTION('',(-5.42101086242752E-16,-1.,0.));
#5217=DIRECTION('',(1.,-5.42101086242752E-16,0.));
#5218=DIRECTION('',(0.,0.,-1.));
#5219=DIRECTION('',(-1.,0.,0.));
#5220=DIRECTION('',(0.,0.,1.));
#5221=DIRECTION('',(0.70710678118655,0.,0.707106781186546));
#5222=DIRECTION('',(0.,-1.,0.));
#5223=DIRECTION('',(-0.577350269189625,-0.577350269189625,0.577350269189628));
#5224=DIRECTION('',(-0.577350269189625,0.577350269189625,0.577350269189628));
#5225=DIRECTION('',(0.,-0.70710678118655,0.707106781186546));
#5226=DIRECTION('',(-1.,0.,0.));
#5227=DIRECTION('',(0.577350269189625,0.577350269189625,0.577350269189628));
#5228=DIRECTION('',(0.,0.70710678118655,0.707106781186546));
#5229=DIRECTION('',(1.,0.,0.));
#5230=DIRECTION('',(-0.577350269189625,0.577350269189625,-0.577350269189628));
#5231=DIRECTION('',(-0.70710678118655,0.,0.707106781186546));
#5232=DIRECTION('',(0.,1.,0.));
#5233=DIRECTION('',(-0.70710678118655,0.,-0.707106781186546));
#5234=DIRECTION('',(0.,-1.,0.));
#5235=DIRECTION('',(0.577350269189625,-0.577350269189625,-0.577350269189628));
#5236=DIRECTION('',(0.577350269189625,0.577350269189625,-0.577350269189628));
#5237=DIRECTION('',(0.,-0.70710678118655,-0.707106781186546));
#5238=DIRECTION('',(1.,0.,0.));
#5239=DIRECTION('',(-0.577350269189625,0.577350269189625,-0.577350269189628));
#5240=DIRECTION('',(0.,0.70710678118655,-0.707106781186546));
#5241=DIRECTION('',(-1.,0.,0.));
#5242=DIRECTION('',(0.577350269189625,0.577350269189625,0.577350269189628));
#5243=DIRECTION('',(0.70710678118655,0.,-0.707106781186546));
#5244=DIRECTION('',(0.,1.,0.));
#5245=DIRECTION('',(-1.,0.,0.));
#5246=DIRECTION('',(0.,0.,1.));
#5247=DIRECTION('',(0.,0.,1.));
#5248=DIRECTION('',(0.,0.,1.));
#5249=DIRECTION('',(1.22094839243863E-16,1.,0.));
#5250=DIRECTION('',(-1.,1.22094839243863E-16,0.));
#5251=DIRECTION('',(0.,0.,1.));
#5252=DIRECTION('',(1.,-1.97127667724637E-16,0.));
#5253=DIRECTION('',(1.97127667724637E-16,1.,0.));
#5254=DIRECTION('',(0.,0.,1.));
#5255=DIRECTION('',(-7.81406971160724E-16,-1.,0.));
#5256=DIRECTION('',(1.,-7.81406971160724E-16,0.));
#5257=DIRECTION('',(0.,0.,-1.));
#5258=DIRECTION('',(-1.,0.,0.));
#5259=DIRECTION('',(1.,0.,0.));
#5260=DIRECTION('',(0.,-1.,0.));
#5261=DIRECTION('',(-1.,0.,0.));
#5262=DIRECTION('',(0.,1.,0.));
#5263=DIRECTION('',(0.,-1.,0.));
#5264=DIRECTION('',(1.,-5.86055228370543E-16,0.));
#5265=DIRECTION('',(0.,1.,0.));
#5266=DIRECTION('',(-1.,-1.95351742790181E-16,0.));
#5267=DIRECTION('',(-1.95351742790181E-16,1.,0.));
#5268=DIRECTION('',(-1.,-1.95351742790181E-16,0.));
#5269=DIRECTION('',(0.,0.,1.));
#5270=DIRECTION('',(0.,0.,1.));
#5271=DIRECTION('',(1.,0.,0.));
#5272=DIRECTION('',(0.,0.,-1.));
#5273=DIRECTION('',(0.,0.,1.));
#5274=DIRECTION('',(-5.86055228370543E-16,-1.,0.));
#5275=DIRECTION('',(1.,-5.86055228370543E-16,0.));
#5276=DIRECTION('',(0.,0.,1.));
#5277=DIRECTION('',(-1.,0.,0.));
#5278=DIRECTION('',(0.,0.,1.));
#5279=DIRECTION('',(1.,0.,0.));
#5280=DIRECTION('',(0.,0.,-1.));
#5281=DIRECTION('',(0.,0.,-1.));
#5282=DIRECTION('',(0.,1.,0.));
#5283=DIRECTION('',(0.,0.,-1.));
#5284=DIRECTION('',(0.,1.,0.));
#5285=DIRECTION('',(0.,0.,1.));
#5286=DIRECTION('',(0.,0.,-1.));
#5287=DIRECTION('',(-1.,0.,0.));
#5288=DIRECTION('',(-1.,0.,0.));
#5289=DIRECTION('',(0.,0.,1.));
#5290=DIRECTION('',(0.,0.,-1.));
#5291=DIRECTION('',(0.,-1.,0.));
#5292=DIRECTION('',(0.,-1.,0.));
#5293=DIRECTION('',(0.,0.,-1.));
#5294=DIRECTION('',(1.,0.,0.));
#5295=DIRECTION('',(1.,0.,0.));
#5296=DIRECTION('',(0.,0.,-1.));
#5297=DIRECTION('',(0.,0.,-1.));
#5298=DIRECTION('',(0.,-1.,0.));
#5299=DIRECTION('',(0.,0.,-1.));
#5300=DIRECTION('',(0.,-1.,0.));
#5301=DIRECTION('',(0.,0.,-1.));
#5302=DIRECTION('',(-1.,0.,0.));
#5303=DIRECTION('',(0.,0.,-1.));
#5304=DIRECTION('',(-1.,0.,0.));
#5305=DIRECTION('',(0.,0.,1.));
#5306=DIRECTION('',(0.,1.,0.));
#5307=DIRECTION('',(0.,0.,-1.));
#5308=DIRECTION('',(0.,1.,0.));
#5309=DIRECTION('',(0.,0.,1.));
#5310=DIRECTION('',(1.,0.,0.));
#5311=DIRECTION('',(0.,0.,1.));
#5312=DIRECTION('',(1.,0.,0.));
#5313=DIRECTION('',(1.,0.,0.));
#5314=DIRECTION('',(0.,1.,0.));
#5315=DIRECTION('',(-1.,5.42101086242752E-16,0.));
#5316=DIRECTION('',(0.,1.,0.));
#5317=DIRECTION('',(0.,1.,0.));
#5318=DIRECTION('',(0.,0.,1.));
#5319=DIRECTION('',(0.,0.,-1.));
#5320=DIRECTION('',(0.,0.,-1.));
#5321=DIRECTION('',(-1.,0.,0.));
#5322=DIRECTION('',(0.,0.,1.));
#5323=DIRECTION('',(0.,0.,-1.));
#5324=DIRECTION('',(-5.42101086242752E-16,-1.,0.));
#5325=DIRECTION('',(1.,-5.42101086242752E-16,0.));
#5326=DIRECTION('',(0.,0.,-1.));
#5327=DIRECTION('',(-1.,0.,0.));
#5328=DIRECTION('',(0.,0.,1.));
#5329=DIRECTION('',(0.70710678118655,0.,0.707106781186546));
#5330=DIRECTION('',(0.,-1.,0.));
#5331=DIRECTION('',(-0.577350269189625,-0.577350269189625,0.577350269189628));
#5332=DIRECTION('',(-0.577350269189625,0.577350269189625,0.577350269189628));
#5333=DIRECTION('',(0.,-0.70710678118655,0.707106781186546));
#5334=DIRECTION('',(-1.,0.,0.));
#5335=DIRECTION('',(0.577350269189625,0.577350269189625,0.577350269189628));
#5336=DIRECTION('',(0.,0.70710678118655,0.707106781186546));
#5337=DIRECTION('',(1.,0.,0.));
#5338=DIRECTION('',(-0.577350269189625,0.577350269189625,-0.577350269189628));
#5339=DIRECTION('',(-0.70710678118655,0.,0.707106781186546));
#5340=DIRECTION('',(0.,1.,0.));
#5341=DIRECTION('',(-0.70710678118655,0.,-0.707106781186546));
#5342=DIRECTION('',(0.,-1.,0.));
#5343=DIRECTION('',(0.577350269189625,-0.577350269189625,-0.577350269189628));
#5344=DIRECTION('',(0.577350269189625,0.577350269189625,-0.577350269189628));
#5345=DIRECTION('',(0.,-0.70710678118655,-0.707106781186546));
#5346=DIRECTION('',(1.,0.,0.));
#5347=DIRECTION('',(-0.577350269189625,0.577350269189625,-0.577350269189628));
#5348=DIRECTION('',(0.,0.70710678118655,-0.707106781186546));
#5349=DIRECTION('',(-1.,0.,0.));
#5350=DIRECTION('',(0.577350269189625,0.577350269189625,0.577350269189628));
#5351=DIRECTION('',(0.70710678118655,0.,-0.707106781186546));
#5352=DIRECTION('',(0.,1.,0.));
#5353=DIRECTION('',(-1.,0.,0.));
#5354=DIRECTION('',(0.,0.,1.));
#5355=DIRECTION('',(0.,0.,1.));
#5356=DIRECTION('',(0.,0.,1.));
#5357=DIRECTION('',(1.22094839243863E-16,1.,0.));
#5358=DIRECTION('',(-1.,1.22094839243863E-16,0.));
#5359=DIRECTION('',(0.,0.,1.));
#5360=DIRECTION('',(1.,-1.97127667724637E-16,0.));
#5361=DIRECTION('',(1.97127667724637E-16,1.,0.));
#5362=DIRECTION('',(0.,0.,1.));
#5363=DIRECTION('',(-7.81406971160724E-16,-1.,0.));
#5364=DIRECTION('',(1.,-7.81406971160724E-16,0.));
#5365=DIRECTION('',(0.,0.,-1.));
#5366=DIRECTION('',(-1.,0.,0.));
#5367=DIRECTION('',(1.,0.,0.));
#5368=DIRECTION('',(0.,-1.,0.));
#5369=DIRECTION('',(-1.,0.,0.));
#5370=DIRECTION('',(0.,1.,0.));
#5371=DIRECTION('',(0.,-1.,0.));
#5372=DIRECTION('',(1.,-5.86055228370543E-16,0.));
#5373=DIRECTION('',(0.,1.,0.));
#5374=DIRECTION('',(-1.,-1.95351742790181E-16,0.));
#5375=DIRECTION('',(-1.95351742790181E-16,1.,0.));
#5376=DIRECTION('',(-1.,-1.95351742790181E-16,0.));
#5377=DIRECTION('',(0.,0.,1.));
#5378=DIRECTION('',(0.,0.,1.));
#5379=DIRECTION('',(1.,0.,0.));
#5380=DIRECTION('',(0.,0.,-1.));
#5381=DIRECTION('',(0.,0.,1.));
#5382=DIRECTION('',(-5.86055228370543E-16,-1.,0.));
#5383=DIRECTION('',(1.,-5.86055228370543E-16,0.));
#5384=DIRECTION('',(0.,0.,1.));
#5385=DIRECTION('',(-1.,0.,0.));
#5386=DIRECTION('',(0.,0.,1.));
#5387=DIRECTION('',(1.,0.,0.));
#5388=DIRECTION('',(0.,0.,-1.));
#5389=DIRECTION('',(0.,0.,-1.));
#5390=DIRECTION('',(0.,1.,0.));
#5391=DIRECTION('',(0.,0.,-1.));
#5392=DIRECTION('',(0.,1.,0.));
#5393=DIRECTION('',(0.,0.,1.));
#5394=DIRECTION('',(0.,0.,-1.));
#5395=DIRECTION('',(-1.,0.,0.));
#5396=DIRECTION('',(-1.,0.,0.));
#5397=DIRECTION('',(0.,0.,1.));
#5398=DIRECTION('',(0.,0.,-1.));
#5399=DIRECTION('',(0.,-1.,0.));
#5400=DIRECTION('',(0.,-1.,0.));
#5401=DIRECTION('',(0.,0.,-1.));
#5402=DIRECTION('',(1.,0.,0.));
#5403=DIRECTION('',(1.,0.,0.));
#5404=DIRECTION('',(0.,0.,-1.));
#5405=DIRECTION('',(0.,0.,-1.));
#5406=DIRECTION('',(0.,-1.,0.));
#5407=DIRECTION('',(0.,0.,-1.));
#5408=DIRECTION('',(0.,-1.,0.));
#5409=DIRECTION('',(0.,0.,-1.));
#5410=DIRECTION('',(-1.,0.,0.));
#5411=DIRECTION('',(0.,0.,-1.));
#5412=DIRECTION('',(-1.,0.,0.));
#5413=DIRECTION('',(0.,0.,1.));
#5414=DIRECTION('',(0.,1.,0.));
#5415=DIRECTION('',(0.,0.,-1.));
#5416=DIRECTION('',(0.,1.,0.));
#5417=DIRECTION('',(0.,0.,1.));
#5418=DIRECTION('',(1.,0.,0.));
#5419=DIRECTION('',(0.,0.,1.));
#5420=DIRECTION('',(1.,0.,0.));
#5421=DIRECTION('',(-1.05775821705903E-16,-1.,0.));
#5422=DIRECTION('',(-1.,5.42101086242752E-16,0.));
#5423=DIRECTION('',(0.,1.,0.));
#5424=DIRECTION('',(1.,0.,0.));
#5425=DIRECTION('',(1.,-1.05775821705903E-16,0.));
#5426=DIRECTION('',(1.05775821705903E-16,1.,0.));
#5427=DIRECTION('',(0.,0.,-1.));
#5428=DIRECTION('',(0.,0.,-1.));
#5429=DIRECTION('',(0.,1.,0.));
#5430=DIRECTION('',(0.,0.,1.));
#5431=DIRECTION('',(0.,0.,-1.));
#5432=DIRECTION('',(-1.,0.,0.));
#5433=DIRECTION('',(0.,0.,1.));
#5434=DIRECTION('',(0.,0.,-1.));
#5435=DIRECTION('',(-5.42101086242752E-16,-1.,0.));
#5436=DIRECTION('',(1.,-5.42101086242752E-16,0.));
#5437=DIRECTION('',(-1.,0.,0.));
#5438=DIRECTION('',(0.,0.,1.));
#5439=DIRECTION('',(0.70710678118655,0.,0.707106781186546));
#5440=DIRECTION('',(0.,-1.,0.));
#5441=DIRECTION('',(-0.577350269189625,-0.577350269189625,0.577350269189628));
#5442=DIRECTION('',(-0.577350269189625,0.577350269189625,0.577350269189628));
#5443=DIRECTION('',(0.,-0.70710678118655,0.707106781186546));
#5444=DIRECTION('',(-1.,0.,0.));
#5445=DIRECTION('',(0.577350269189625,0.577350269189625,0.577350269189628));
#5446=DIRECTION('',(0.,0.70710678118655,0.707106781186546));
#5447=DIRECTION('',(1.,0.,0.));
#5448=DIRECTION('',(-0.577350269189625,0.577350269189625,-0.577350269189628));
#5449=DIRECTION('',(-0.70710678118655,0.,0.707106781186546));
#5450=DIRECTION('',(0.,1.,0.));
#5451=DIRECTION('',(-0.70710678118655,0.,-0.707106781186546));
#5452=DIRECTION('',(0.,-1.,0.));
#5453=DIRECTION('',(0.577350269189625,-0.577350269189625,-0.577350269189628));
#5454=DIRECTION('',(0.577350269189625,0.577350269189625,-0.577350269189628));
#5455=DIRECTION('',(0.,-0.70710678118655,-0.707106781186546));
#5456=DIRECTION('',(1.,0.,0.));
#5457=DIRECTION('',(-0.577350269189625,0.577350269189625,-0.577350269189628));
#5458=DIRECTION('',(0.,0.70710678118655,-0.707106781186546));
#5459=DIRECTION('',(-1.,0.,0.));
#5460=DIRECTION('',(0.577350269189625,0.577350269189625,0.577350269189628));
#5461=DIRECTION('',(0.70710678118655,0.,-0.707106781186546));
#5462=DIRECTION('',(0.,1.,0.));
#5463=DIRECTION('',(-1.25165055076369E-31,-1.,-3.33066907387547E-16));
#5464=DIRECTION('',(1.,-8.43761228729622E-32,-1.22464679914735E-16));
#5465=DIRECTION('',(0.,-1.,8.470329472543E-17));
#5466=DIRECTION('',(0.,-8.470329472543E-17,-1.));
#5467=DIRECTION('',(0.,-8.470329472543E-17,-1.));
#5468=DIRECTION('',(-1.,0.,0.));
#5469=DIRECTION('',(0.,8.470329472543E-17,1.));
#5470=DIRECTION('',(1.,0.,0.));
#5471=DIRECTION('',(0.,-5.13839892173225E-17,-1.));
#5472=DIRECTION('',(0.,1.,-5.13839892173225E-17));
#5473=DIRECTION('',(0.,-1.,5.13839892173225E-17));
#5474=DIRECTION('',(-1.,0.,0.));
#5475=DIRECTION('',(0.,-1.,5.13839892173225E-17));
#5476=DIRECTION('',(-1.,0.,0.));
#5477=DIRECTION('',(-1.,0.,0.));
#5478=DIRECTION('',(0.,0.,1.));
#5479=DIRECTION('',(1.,0.,0.));
#5480=DIRECTION('',(0.,1.,0.));
#5481=DIRECTION('',(-1.,0.,0.));
#5482=DIRECTION('',(1.,0.,0.));
#5483=DIRECTION('',(0.,1.,0.));
#5484=DIRECTION('',(0.,1.,0.));
#5485=DIRECTION('',(0.,0.,1.));
#5486=DIRECTION('',(0.,0.,-1.));
#5487=DIRECTION('',(1.,0.,0.));
#5488=DIRECTION('',(0.,0.,-1.));
#5489=DIRECTION('',(0.,0.,1.));
#5490=DIRECTION('',(1.,0.,0.));
#5491=DIRECTION('',(1.,0.,0.));
#5492=DIRECTION('',(0.,-1.,0.));
#5493=DIRECTION('',(-1.,0.,0.));
#5494=DIRECTION('',(0.,1.,0.));
#5495=DIRECTION('',(0.,-1.,-3.75481271856451E-16));
#5496=DIRECTION('',(0.,3.75481271856451E-16,-1.));
#5497=DIRECTION('',(0.,-3.75481271856451E-16,1.));
#5498=DIRECTION('',(-1.,0.,0.));
#5499=DIRECTION('',(0.,-3.75481271856451E-16,1.));
#5500=DIRECTION('',(-1.,0.,0.));
#5501=DIRECTION('',(-1.,0.,0.));
#5502=DIRECTION('',(0.,0.,1.));
#5503=DIRECTION('',(-1.,0.,0.));
#5504=DIRECTION('',(0.,1.,0.));
#5505=DIRECTION('',(-1.,0.,0.));
#5506=DIRECTION('',(-1.,0.,0.));
#5507=DIRECTION('',(0.,1.,0.));
#5508=DIRECTION('',(0.,2.56919946086612E-17,1.));
#5509=DIRECTION('',(0.,-1.,2.56919946086612E-17));
#5510=DIRECTION('',(0.,1.,-2.56919946086612E-17));
#5511=DIRECTION('',(1.,0.,0.));
#5512=DIRECTION('',(0.,1.,-2.56919946086612E-17));
#5513=DIRECTION('',(1.,0.,0.));
#5514=DIRECTION('',(0.,0.,-1.));
#5515=DIRECTION('',(0.,1.,0.));
#5516=DIRECTION('',(0.,8.470329472543E-17,1.));
#5517=DIRECTION('',(1.,0.,0.));
#5518=DIRECTION('',(0.,0.,-1.));
#5519=DIRECTION('',(0.,-1.,0.));
#5520=DIRECTION('',(0.,-8.470329472543E-17,-1.));
#5521=DIRECTION('',(0.964763821237732,0.,0.263117405792109));
#5522=DIRECTION('',(0.,1.,0.));
#5523=DIRECTION('',(-0.254456678903991,0.254456678903991,0.933007822647968));
#5524=DIRECTION('',(-0.254456678903991,-0.254456678903991,0.933007822647968));
#5525=DIRECTION('',(0.,0.964763821237732,0.263117405792108));
#5526=DIRECTION('',(-1.,0.,0.));
#5527=DIRECTION('',(-0.254456678903991,0.254456678903991,-0.933007822647968));
#5528=DIRECTION('',(0.,-0.964763821237732,0.263117405792108));
#5529=DIRECTION('',(-1.,0.,0.));
#5530=DIRECTION('',(0.254456678903991,0.254456678903991,0.933007822647968));
#5531=DIRECTION('',(0.964763821237732,0.,-0.263117405792109));
#5532=DIRECTION('',(0.,-1.,0.));
#5533=DIRECTION('',(0.,-0.263117405792109,-0.964763821237732));
#5534=DIRECTION('',(-1.,0.,0.));
#5535=DIRECTION('',(-0.254456678903991,-0.933007822647968,0.254456678903991));
#5536=DIRECTION('',(-0.254456678903991,0.933007822647968,-0.254456678903991));
#5537=DIRECTION('',(0.964763821237732,0.263117405792109,-2.22869111701995E-17));
#5538=DIRECTION('',(0.,-8.470329472543E-17,-1.));
#5539=DIRECTION('',(0.254456678903991,-0.933007822647968,-0.254456678903991));
#5540=DIRECTION('',(0.964763821237732,-0.263117405792109,2.22869111701995E-17));
#5541=DIRECTION('',(0.,8.470329472543E-17,1.));
#5542=DIRECTION('',(-0.254456678903991,-0.933007822647968,-0.254456678903991));
#5543=DIRECTION('',(0.,-0.263117405792109,0.964763821237732));
#5544=DIRECTION('',(-1.,0.,0.));
#5545=DIRECTION('',(3.35686421998354E-48,-8.32667268468867E-17,1.));
#5546=DIRECTION('',(-1.,-2.79515096067457E-64,3.35686421998354E-48));
#5547=DIRECTION('',(0.,-1.,0.));
#5548=DIRECTION('',(0.,0.,-1.));
#5549=DIRECTION('',(0.,0.,-1.));
#5550=DIRECTION('',(-1.,0.,0.));
#5551=DIRECTION('',(0.,0.,1.));
#5552=DIRECTION('',(1.,0.,0.));
#5553=DIRECTION('',(0.,4.95522016675276E-18,-1.));
#5554=DIRECTION('',(0.,1.,4.95522016675276E-18));
#5555=DIRECTION('',(0.,-1.,-4.95522016675276E-18));
#5556=DIRECTION('',(-1.,0.,0.));
#5557=DIRECTION('',(0.,-1.,-4.95522016675276E-18));
#5558=DIRECTION('',(-1.,0.,0.));
#5559=DIRECTION('',(-1.,0.,0.));
#5560=DIRECTION('',(0.,0.,1.));
#5561=DIRECTION('',(1.,0.,0.));
#5562=DIRECTION('',(0.,1.,0.));
#5563=DIRECTION('',(-1.,0.,0.));
#5564=DIRECTION('',(1.,0.,0.));
#5565=DIRECTION('',(0.,1.,0.));
#5566=DIRECTION('',(0.,1.,0.));
#5567=DIRECTION('',(0.,0.,1.));
#5568=DIRECTION('',(0.,0.,-1.));
#5569=DIRECTION('',(1.,0.,0.));
#5570=DIRECTION('',(0.,0.,-1.));
#5571=DIRECTION('',(0.,0.,1.));
#5572=DIRECTION('',(1.,0.,0.));
#5573=DIRECTION('',(1.,0.,0.));
#5574=DIRECTION('',(0.,-1.,0.));
#5575=DIRECTION('',(-1.,0.,0.));
#5576=DIRECTION('',(0.,1.,0.));
#5577=DIRECTION('',(0.,-1.,0.));
#5578=DIRECTION('',(0.,0.,-1.));
#5579=DIRECTION('',(0.,0.,1.));
#5580=DIRECTION('',(-1.,0.,0.));
#5581=DIRECTION('',(0.,0.,1.));
#5582=DIRECTION('',(-1.,0.,0.));
#5583=DIRECTION('',(-1.,0.,0.));
#5584=DIRECTION('',(0.,0.,1.));
#5585=DIRECTION('',(-1.,0.,0.));
#5586=DIRECTION('',(0.,1.,0.));
#5587=DIRECTION('',(-1.,0.,0.));
#5588=DIRECTION('',(-1.,0.,0.));
#5589=DIRECTION('',(0.,1.,0.));
#5590=DIRECTION('',(0.,9.91044033350552E-18,1.));
#5591=DIRECTION('',(0.,-1.,9.91044033350552E-18));
#5592=DIRECTION('',(0.,1.,-9.91044033350552E-18));
#5593=DIRECTION('',(1.,0.,0.));
#5594=DIRECTION('',(0.,1.,-9.91044033350552E-18));
#5595=DIRECTION('',(1.,0.,0.));
#5596=DIRECTION('',(0.,0.,-1.));
#5597=DIRECTION('',(0.,1.,0.));
#5598=DIRECTION('',(0.,0.,1.));
#5599=DIRECTION('',(1.,0.,0.));
#5600=DIRECTION('',(0.,0.,-1.));
#5601=DIRECTION('',(0.,-1.,0.));
#5602=DIRECTION('',(0.,0.,-1.));
#5603=DIRECTION('',(0.964763821237732,0.,0.263117405792109));
#5604=DIRECTION('',(0.,1.,0.));
#5605=DIRECTION('',(-0.254456678903991,0.254456678903991,0.933007822647968));
#5606=DIRECTION('',(-0.254456678903991,-0.254456678903991,0.933007822647968));
#5607=DIRECTION('',(0.,0.964763821237732,0.263117405792109));
#5608=DIRECTION('',(-1.,0.,0.));
#5609=DIRECTION('',(-0.254456678903991,0.254456678903991,-0.933007822647968));
#5610=DIRECTION('',(0.,-0.964763821237732,0.263117405792109));
#5611=DIRECTION('',(-1.,0.,0.));
#5612=DIRECTION('',(0.254456678903991,0.254456678903991,0.933007822647968));
#5613=DIRECTION('',(0.964763821237732,0.,-0.263117405792109));
#5614=DIRECTION('',(0.,-1.,0.));
#5615=DIRECTION('',(0.,-0.263117405792109,-0.964763821237732));
#5616=DIRECTION('',(-1.,0.,0.));
#5617=DIRECTION('',(-0.254456678903992,-0.933007822647968,0.254456678903991));
#5618=DIRECTION('',(-0.254456678903992,0.933007822647968,-0.254456678903991));
#5619=DIRECTION('',(0.964763821237732,0.263117405792109,0.));
#5620=DIRECTION('',(0.,0.,-1.));
#5621=DIRECTION('',(0.254456678903992,-0.933007822647968,-0.254456678903992));
#5622=DIRECTION('',(0.964763821237732,-0.263117405792109,0.));
#5623=DIRECTION('',(0.,0.,1.));
#5624=DIRECTION('',(-0.254456678903991,-0.933007822647968,-0.254456678903992));
#5625=DIRECTION('',(0.,-0.263117405792109,0.964763821237732));
#5626=DIRECTION('',(-1.,0.,0.));
#5627=DIRECTION('',(-7.70371977754894E-33,-8.32667268468867E-17,1.));
#5628=DIRECTION('',(-1.,-1.49674823765163E-49,-7.70371977754894E-33));
#5629=DIRECTION('',(-7.70371977754898E-33,-8.32667268468867E-17,1.));
#5630=DIRECTION('',(-1.,-1.49674823765163E-49,-7.70371977754898E-33));
#5631=DIRECTION('',(-3.83314735872946E-47,-8.32667268468867E-17,1.));
#5632=DIRECTION('',(-1.,-2.79515096067457E-64,-3.83314735872946E-47));
#5633=DIRECTION('',(-7.70371977754898E-33,-8.32667268468867E-17,1.));
#5634=DIRECTION('',(-1.,-1.49674823765163E-49,-7.70371977754898E-33));
#5635=DIRECTION('',(-3.83314735872946E-47,-8.32667268468867E-17,1.));
#5636=DIRECTION('',(-1.,-2.79515096067457E-64,-3.83314735872946E-47));
#5637=DIRECTION('',(-7.70371977754898E-33,-8.32667268468867E-17,1.));
#5638=DIRECTION('',(-1.,-1.49674823765163E-49,-7.70371977754898E-33));
#5639=DIRECTION('',(-3.83314735872946E-47,-8.32667268468867E-17,1.));
#5640=DIRECTION('',(-1.,-2.79515096067457E-64,-3.83314735872946E-47));
#5641=CARTESIAN_POINT('',(0.,0.,0.));
#5642=CARTESIAN_POINT('',(0.,0.,0.));
#5643=CARTESIAN_POINT('',(0.,-0.780000000000001,0.));
#5644=CARTESIAN_POINT('',(-3.28,-0.780000000000001,0.));
#5645=CARTESIAN_POINT('',(-4.22,-0.780000000000001,0.));
#5646=CARTESIAN_POINT('',(-4.22,0.,0.));
#5647=CARTESIAN_POINT('',(-4.22,-1.72,0.));
#5648=CARTESIAN_POINT('',(0.,-1.72,0.));
#5649=CARTESIAN_POINT('',(-3.28,-1.72,0.));
#5650=CARTESIAN_POINT('',(-3.28,0.,0.));
#5651=CARTESIAN_POINT('',(-4.07,1.72,0.));
#5652=CARTESIAN_POINT('',(-3.28,1.72,0.));
#5653=CARTESIAN_POINT('',(-4.22,1.72,0.));
#5654=CARTESIAN_POINT('',(-4.22,0.929999999999997,0.));
#5655=CARTESIAN_POINT('',(-4.22,0.779999999999997,0.));
#5656=CARTESIAN_POINT('',(-3.43,0.779999999999997,0.));
#5657=CARTESIAN_POINT('',(-3.28,0.779999999999997,0.));
#5658=CARTESIAN_POINT('',(-3.28,1.57,0.));
#5659=CARTESIAN_POINT('',(-5.,1.9,0.));
#5660=CARTESIAN_POINT('',(-5.,1.9,0.));
#5661=CARTESIAN_POINT('',(-5.,-2.2,0.));
#5662=CARTESIAN_POINT('',(-5.,-2.2,0.));
#5663=CARTESIAN_POINT('',(-4.6,-2.2,0.));
#5664=CARTESIAN_POINT('',(-4.6,-2.2,0.));
#5665=CARTESIAN_POINT('',(-4.6,1.9,0.));
#5666=CARTESIAN_POINT('',(-4.6,1.9,0.));
#5667=CARTESIAN_POINT('',(-0.399999999999999,-2.2,0.));
#5668=CARTESIAN_POINT('',(-0.399999999999999,-2.2,0.));
#5669=CARTESIAN_POINT('',(-0.399999999999999,1.9,0.));
#5670=CARTESIAN_POINT('',(0.,-2.2,0.));
#5671=CARTESIAN_POINT('',(0.400000000000001,-2.2,0.));
#5672=CARTESIAN_POINT('',(0.400000000000001,-2.2,0.));
#5673=CARTESIAN_POINT('',(0.400000000000001,1.9,0.));
#5674=CARTESIAN_POINT('',(0.400000000000001,1.9,0.));
#5675=CARTESIAN_POINT('',(0.,-0.780000000000001,0.));
#5676=CARTESIAN_POINT('',(1.72,-0.780000000000001,0.));
#5677=CARTESIAN_POINT('',(0.780000000000001,-0.780000000000001,0.));
#5678=CARTESIAN_POINT('',(0.780000000000001,0.,0.));
#5679=CARTESIAN_POINT('',(0.780000000000001,-1.72,0.));
#5680=CARTESIAN_POINT('',(0.,-1.72,0.));
#5681=CARTESIAN_POINT('',(1.72,-1.72,0.));
#5682=CARTESIAN_POINT('',(1.72,0.,0.));
#5683=CARTESIAN_POINT('',(0.930000000000001,1.72,0.));
#5684=CARTESIAN_POINT('',(1.72,1.72,0.));
#5685=CARTESIAN_POINT('',(0.780000000000001,1.72,0.));
#5686=CARTESIAN_POINT('',(0.780000000000001,0.929999999999997,0.));
#5687=CARTESIAN_POINT('',(0.780000000000001,0.779999999999997,0.));
#5688=CARTESIAN_POINT('',(1.57,0.779999999999997,0.));
#5689=CARTESIAN_POINT('',(1.72,0.779999999999997,0.));
#5690=CARTESIAN_POINT('',(1.72,1.57,0.));
#5691=CARTESIAN_POINT('',(-5.47,2.99,0.));
#5692=CARTESIAN_POINT('',(-5.47,2.99,0.));
#5693=CARTESIAN_POINT('',(-5.47,-2.99,0.));
#5694=CARTESIAN_POINT('',(5.47,2.99,0.));
#5695=CARTESIAN_POINT('',(5.47,2.99,0.));
#5696=CARTESIAN_POINT('',(5.47,-2.99,0.));
#5697=CARTESIAN_POINT('',(5.47,-2.99,0.));
#5698=CARTESIAN_POINT('',(-5.47,-2.99,0.));
#5699=CARTESIAN_POINT('',(4.6,-2.2,0.));
#5700=CARTESIAN_POINT('',(4.6,-2.2,0.));
#5701=CARTESIAN_POINT('',(4.6,1.9,0.));
#5702=CARTESIAN_POINT('',(5.,-2.2,0.));
#5703=CARTESIAN_POINT('',(5.,-2.2,0.));
#5704=CARTESIAN_POINT('',(5.,1.9,0.));
#5705=CARTESIAN_POINT('',(5.,1.9,0.));
#5706=CARTESIAN_POINT('',(4.6,1.9,0.));
#5707=CARTESIAN_POINT('',(3.43,1.72,0.));
#5708=CARTESIAN_POINT('',(4.22,1.72,0.));
#5709=CARTESIAN_POINT('',(3.28,1.72,0.));
#5710=CARTESIAN_POINT('',(3.28,0.929999999999997,0.));
#5711=CARTESIAN_POINT('',(3.28,0.779999999999997,0.));
#5712=CARTESIAN_POINT('',(4.07,0.779999999999997,0.));
#5713=CARTESIAN_POINT('',(4.22,0.779999999999997,0.));
#5714=CARTESIAN_POINT('',(4.22,1.57,0.));
#5715=CARTESIAN_POINT('',(0.,-0.780000000000001,0.));
#5716=CARTESIAN_POINT('',(4.22,-0.780000000000001,0.));
#5717=CARTESIAN_POINT('',(3.28,-0.780000000000001,0.));
#5718=CARTESIAN_POINT('',(3.28,0.,0.));
#5719=CARTESIAN_POINT('',(3.28,-1.72,0.));
#5720=CARTESIAN_POINT('',(0.,-1.72,0.));
#5721=CARTESIAN_POINT('',(4.22,-1.72,0.));
#5722=CARTESIAN_POINT('',(4.22,0.,0.));
#5723=CARTESIAN_POINT('',(2.1,-2.2,0.));
#5724=CARTESIAN_POINT('',(2.1,-2.2,0.));
#5725=CARTESIAN_POINT('',(2.1,1.9,0.));
#5726=CARTESIAN_POINT('',(2.5,-2.2,0.));
#5727=CARTESIAN_POINT('',(2.9,-2.2,0.));
#5728=CARTESIAN_POINT('',(2.9,-2.2,0.));
#5729=CARTESIAN_POINT('',(2.9,1.9,0.));
#5730=CARTESIAN_POINT('',(2.9,1.9,0.));
#5731=CARTESIAN_POINT('',(-1.57,1.72,0.));
#5732=CARTESIAN_POINT('',(-0.779999999999999,1.72,0.));
#5733=CARTESIAN_POINT('',(-1.72,1.72,0.));
#5734=CARTESIAN_POINT('',(-1.72,0.929999999999997,0.));
#5735=CARTESIAN_POINT('',(-1.72,0.779999999999997,0.));
#5736=CARTESIAN_POINT('',(-0.929999999999998,0.779999999999997,0.));
#5737=CARTESIAN_POINT('',(-0.779999999999999,0.779999999999997,0.));
#5738=CARTESIAN_POINT('',(-0.779999999999999,1.57,0.));
#5739=CARTESIAN_POINT('',(0.,-0.780000000000001,0.));
#5740=CARTESIAN_POINT('',(-0.779999999999999,-0.780000000000001,0.));
#5741=CARTESIAN_POINT('',(-1.72,-0.780000000000001,0.));
#5742=CARTESIAN_POINT('',(-1.72,0.,0.));
#5743=CARTESIAN_POINT('',(-1.72,-1.72,0.));
#5744=CARTESIAN_POINT('',(0.,-1.72,0.));
#5745=CARTESIAN_POINT('',(-0.779999999999999,-1.72,0.));
#5746=CARTESIAN_POINT('',(-0.779999999999999,0.,0.));
#5747=CARTESIAN_POINT('',(-2.9,-2.2,0.));
#5748=CARTESIAN_POINT('',(-2.9,-2.2,0.));
#5749=CARTESIAN_POINT('',(-2.9,1.9,0.));
#5750=CARTESIAN_POINT('',(-2.5,-2.2,0.));
#5751=CARTESIAN_POINT('',(-2.1,-2.2,0.));
#5752=CARTESIAN_POINT('',(-2.1,-2.2,0.));
#5753=CARTESIAN_POINT('',(-2.1,1.9,0.));
#5754=CARTESIAN_POINT('',(-2.1,1.9,0.));
#5755=CARTESIAN_POINT('',(0.,0.,2.46));
#5756=CARTESIAN_POINT('',(-2.64,2.35,2.46));
#5757=CARTESIAN_POINT('',(-2.64,2.35,2.46));
#5758=CARTESIAN_POINT('',(-2.64,0.15,2.46));
#5759=CARTESIAN_POINT('',(-4.86,2.35,2.46));
#5760=CARTESIAN_POINT('',(-4.86,2.35,2.46));
#5761=CARTESIAN_POINT('',(-4.86,0.15,2.46));
#5762=CARTESIAN_POINT('',(-4.86,0.15,2.46));
#5763=CARTESIAN_POINT('',(-2.64,0.15,2.46));
#5764=CARTESIAN_POINT('',(-4.07,0.,2.46));
#5765=CARTESIAN_POINT('',(-4.07,1.57,2.46));
#5766=CARTESIAN_POINT('',(-4.07,0.929999999999997,2.46));
#5767=CARTESIAN_POINT('',(0.,1.57,2.46));
#5768=CARTESIAN_POINT('',(-3.43,1.57,2.46));
#5769=CARTESIAN_POINT('',(-3.43,0.,2.46));
#5770=CARTESIAN_POINT('',(-3.43,0.929999999999997,2.46));
#5771=CARTESIAN_POINT('',(0.,0.929999999999997,2.46));
#5772=CARTESIAN_POINT('',(0.,0.,8.46));
#5773=CARTESIAN_POINT('',(-5.47,-2.99,8.46));
#5774=CARTESIAN_POINT('',(-5.47,-2.99,8.46));
#5775=CARTESIAN_POINT('',(5.47,-2.99,8.46));
#5776=CARTESIAN_POINT('',(5.47,-2.99,8.46));
#5777=CARTESIAN_POINT('',(5.47,2.99,8.46));
#5778=CARTESIAN_POINT('',(5.47,2.99,8.46));
#5779=CARTESIAN_POINT('',(-5.47,2.99,8.46));
#5780=CARTESIAN_POINT('',(-5.47,2.99,8.46));
#5781=CARTESIAN_POINT('',(4.86,-0.150000000000001,8.46));
#5782=CARTESIAN_POINT('',(4.86,2.35,8.46));
#5783=CARTESIAN_POINT('',(4.86,-2.35,8.46));
#5784=CARTESIAN_POINT('',(4.86,-2.35,8.46));
#5785=CARTESIAN_POINT('',(2.64,-2.35,8.46));
#5786=CARTESIAN_POINT('',(2.64,-2.35,8.46));
#5787=CARTESIAN_POINT('',(2.64,-0.15,8.46));
#5788=CARTESIAN_POINT('',(2.64,-0.15,8.46));
#5789=CARTESIAN_POINT('',(3.76,-0.150000000000001,8.46));
#5790=CARTESIAN_POINT('',(3.76,-16.3392571087966,8.46));
#5791=CARTESIAN_POINT('',(3.76,0.15,8.46));
#5792=CARTESIAN_POINT('',(4.86,0.15,8.46));
#5793=CARTESIAN_POINT('',(2.64,0.15,8.46));
#5794=CARTESIAN_POINT('',(2.64,0.15,8.46));
#5795=CARTESIAN_POINT('',(2.64,2.35,8.46));
#5796=CARTESIAN_POINT('',(2.64,2.35,8.46));
#5797=CARTESIAN_POINT('',(0.140000000000001,2.35,8.46));
#5798=CARTESIAN_POINT('',(0.140000000000001,2.35,8.46));
#5799=CARTESIAN_POINT('',(2.36,2.35,8.46));
#5800=CARTESIAN_POINT('',(2.36,2.35,8.46));
#5801=CARTESIAN_POINT('',(2.36,0.15,8.46));
#5802=CARTESIAN_POINT('',(2.36,0.15,8.46));
#5803=CARTESIAN_POINT('',(0.140000000000001,0.15,8.46));
#5804=CARTESIAN_POINT('',(0.140000000000001,0.15,8.46));
#5805=CARTESIAN_POINT('',(2.36,-0.150000000000001,8.46));
#5806=CARTESIAN_POINT('',(2.36,-0.150000000000001,8.46));
#5807=CARTESIAN_POINT('',(2.36,-2.35,8.46));
#5808=CARTESIAN_POINT('',(2.36,-2.35,8.46));
#5809=CARTESIAN_POINT('',(0.140000000000003,-2.35,8.46));
#5810=CARTESIAN_POINT('',(0.140000000000003,-2.35,8.46));
#5811=CARTESIAN_POINT('',(0.140000000000003,-0.15,8.46));
#5812=CARTESIAN_POINT('',(0.140000000000003,-0.15,8.46));
#5813=CARTESIAN_POINT('',(-2.36,2.35,8.46));
#5814=CARTESIAN_POINT('',(-2.36,2.35,8.46));
#5815=CARTESIAN_POINT('',(-0.139999999999998,2.35,8.46));
#5816=CARTESIAN_POINT('',(-0.139999999999998,2.35,8.46));
#5817=CARTESIAN_POINT('',(-0.139999999999998,0.15,8.46));
#5818=CARTESIAN_POINT('',(-0.139999999999998,0.15,8.46));
#5819=CARTESIAN_POINT('',(-2.36,0.15,8.46));
#5820=CARTESIAN_POINT('',(-2.36,0.15,8.46));
#5821=CARTESIAN_POINT('',(-0.139999999999998,-0.150000000000001,8.46));
#5822=CARTESIAN_POINT('',(-0.139999999999998,-0.150000000000001,8.46));
#5823=CARTESIAN_POINT('',(-0.139999999999998,-2.35,8.46));
#5824=CARTESIAN_POINT('',(-0.139999999999998,-2.35,8.46));
#5825=CARTESIAN_POINT('',(-2.36,-2.35,8.46));
#5826=CARTESIAN_POINT('',(-2.36,-2.35,8.46));
#5827=CARTESIAN_POINT('',(-2.36,-0.15,8.46));
#5828=CARTESIAN_POINT('',(-2.36,-0.15,8.46));
#5829=CARTESIAN_POINT('',(-4.86,2.35,8.46));
#5830=CARTESIAN_POINT('',(-4.86,2.35,8.46));
#5831=CARTESIAN_POINT('',(-2.64,2.35,8.46));
#5832=CARTESIAN_POINT('',(-2.64,2.35,8.46));
#5833=CARTESIAN_POINT('',(-2.64,0.15,8.46));
#5834=CARTESIAN_POINT('',(-2.64,0.15,8.46));
#5835=CARTESIAN_POINT('',(-4.86,0.15,8.46));
#5836=CARTESIAN_POINT('',(-4.86,0.15,8.46));
#5837=CARTESIAN_POINT('',(-2.64,-0.150000000000001,8.46));
#5838=CARTESIAN_POINT('',(-2.64,-0.150000000000001,8.46));
#5839=CARTESIAN_POINT('',(-2.64,-2.35,8.46));
#5840=CARTESIAN_POINT('',(-2.64,-2.35,8.46));
#5841=CARTESIAN_POINT('',(-4.86,-2.35,8.46));
#5842=CARTESIAN_POINT('',(-4.86,-2.35,8.46));
#5843=CARTESIAN_POINT('',(-4.86,-0.15,8.46));
#5844=CARTESIAN_POINT('',(-4.86,-0.15,8.46));
#5845=CARTESIAN_POINT('',(0.,0.,2.46));
#5846=CARTESIAN_POINT('',(-0.139999999999998,2.35,2.46));
#5847=CARTESIAN_POINT('',(-0.139999999999998,2.35,2.46));
#5848=CARTESIAN_POINT('',(-0.139999999999998,0.15,2.46));
#5849=CARTESIAN_POINT('',(-2.36,2.35,2.46));
#5850=CARTESIAN_POINT('',(-2.36,2.35,2.46));
#5851=CARTESIAN_POINT('',(-2.36,0.15,2.46));
#5852=CARTESIAN_POINT('',(-2.36,0.15,2.46));
#5853=CARTESIAN_POINT('',(-0.139999999999998,0.15,2.46));
#5854=CARTESIAN_POINT('',(-1.57,0.,2.46));
#5855=CARTESIAN_POINT('',(-1.57,1.57,2.46));
#5856=CARTESIAN_POINT('',(-1.57,0.929999999999997,2.46));
#5857=CARTESIAN_POINT('',(0.,1.57,2.46));
#5858=CARTESIAN_POINT('',(-0.929999999999998,1.57,2.46));
#5859=CARTESIAN_POINT('',(-0.929999999999998,0.,2.46));
#5860=CARTESIAN_POINT('',(-0.929999999999998,0.929999999999997,2.46));
#5861=CARTESIAN_POINT('',(0.,0.929999999999997,2.46));
#5862=CARTESIAN_POINT('',(0.,0.,2.46));
#5863=CARTESIAN_POINT('',(2.36,2.35,2.46));
#5864=CARTESIAN_POINT('',(2.36,2.35,2.46));
#5865=CARTESIAN_POINT('',(2.36,0.15,2.46));
#5866=CARTESIAN_POINT('',(0.140000000000001,2.35,2.46));
#5867=CARTESIAN_POINT('',(0.140000000000001,2.35,2.46));
#5868=CARTESIAN_POINT('',(0.140000000000001,0.15,2.46));
#5869=CARTESIAN_POINT('',(0.140000000000001,0.15,2.46));
#5870=CARTESIAN_POINT('',(2.36,0.15,2.46));
#5871=CARTESIAN_POINT('',(0.930000000000001,0.,2.46));
#5872=CARTESIAN_POINT('',(0.930000000000001,1.57,2.46));
#5873=CARTESIAN_POINT('',(0.930000000000001,0.929999999999997,2.46));
#5874=CARTESIAN_POINT('',(0.,1.57,2.46));
#5875=CARTESIAN_POINT('',(1.57,1.57,2.46));
#5876=CARTESIAN_POINT('',(1.57,0.,2.46));
#5877=CARTESIAN_POINT('',(1.57,0.929999999999997,2.46));
#5878=CARTESIAN_POINT('',(0.,0.929999999999997,2.46));
#5879=CARTESIAN_POINT('',(-5.47,-2.99,8.46));
#5880=CARTESIAN_POINT('',(5.47,-2.99,8.46));
#5881=CARTESIAN_POINT('',(5.47,-2.99,6.87));
#5882=CARTESIAN_POINT('',(-5.47,-2.99,8.46));
#5883=CARTESIAN_POINT('',(-5.47,-2.99,6.87));
#5884=CARTESIAN_POINT('',(-5.47,-2.99,6.87));
#5885=CARTESIAN_POINT('',(-4.87,-2.99,6.87));
#5886=CARTESIAN_POINT('',(-4.87,-2.99,8.46));
#5887=CARTESIAN_POINT('',(-4.87,-2.99,1.61));
#5888=CARTESIAN_POINT('',(-4.87,-2.99,1.61));
#5889=CARTESIAN_POINT('',(-5.47,-2.99,1.61));
#5890=CARTESIAN_POINT('',(-5.47,-2.99,8.46));
#5891=CARTESIAN_POINT('',(5.47,-2.99,8.46));
#5892=CARTESIAN_POINT('',(5.47,-2.99,1.61));
#5893=CARTESIAN_POINT('',(4.87,-2.99,1.61));
#5894=CARTESIAN_POINT('',(4.87,-2.99,1.61));
#5895=CARTESIAN_POINT('',(4.87,-2.99,6.87));
#5896=CARTESIAN_POINT('',(4.87,-2.99,4.46));
#5897=CARTESIAN_POINT('',(4.87,-2.99,6.87));
#5898=CARTESIAN_POINT('',(4.8647425,-2.99,6.87));
#5899=CARTESIAN_POINT('',(5.47,-2.99,6.87));
#5900=CARTESIAN_POINT('',(3.75,-2.99,5.26));
#5901=CARTESIAN_POINT('',(4.52459666924148,-2.99,5.06));
#5902=CARTESIAN_POINT('',(4.52459666924148,-2.99,5.46));
#5903=CARTESIAN_POINT('',(4.52459666924148,-2.99,5.06));
#5904=CARTESIAN_POINT('',(4.05,-2.99,5.06));
#5905=CARTESIAN_POINT('',(4.05,-2.99,4.96));
#5906=CARTESIAN_POINT('',(3.95,-2.99,4.96));
#5907=CARTESIAN_POINT('',(3.95,-2.99,4.96));
#5908=CARTESIAN_POINT('',(3.95,-2.99,4.48540333075852));
#5909=CARTESIAN_POINT('',(3.75,-2.99,5.26));
#5910=CARTESIAN_POINT('',(3.55,-2.99,4.48540333075852));
#5911=CARTESIAN_POINT('',(3.55,-2.99,4.96));
#5912=CARTESIAN_POINT('',(3.55,-2.99,4.96));
#5913=CARTESIAN_POINT('',(3.45,-2.99,4.96));
#5914=CARTESIAN_POINT('',(3.45,-2.99,5.06));
#5915=CARTESIAN_POINT('',(2.97540333075851,-2.99,5.06));
#5916=CARTESIAN_POINT('',(2.97540333075851,-2.99,5.06));
#5917=CARTESIAN_POINT('',(3.75,-2.99,5.26));
#5918=CARTESIAN_POINT('',(2.97540333075851,-2.99,5.46));
#5919=CARTESIAN_POINT('',(3.45,-2.99,5.46));
#5920=CARTESIAN_POINT('',(3.45,-2.99,5.46));
#5921=CARTESIAN_POINT('',(3.45,-2.99,5.56));
#5922=CARTESIAN_POINT('',(3.55,-2.99,5.56));
#5923=CARTESIAN_POINT('',(3.55,-2.99,6.03459666924148));
#5924=CARTESIAN_POINT('',(3.55,-2.99,6.03459666924148));
#5925=CARTESIAN_POINT('',(3.75,-2.99,5.26));
#5926=CARTESIAN_POINT('',(3.95,-2.99,6.03459666924148));
#5927=CARTESIAN_POINT('',(3.95,-2.99,6.03459666924148));
#5928=CARTESIAN_POINT('',(3.95,-2.99,5.56));
#5929=CARTESIAN_POINT('',(4.05,-2.99,5.56));
#5930=CARTESIAN_POINT('',(4.05,-2.99,5.46));
#5931=CARTESIAN_POINT('',(4.05,-2.99,5.46));
#5932=CARTESIAN_POINT('',(-3.75,-2.99,5.26));
#5933=CARTESIAN_POINT('',(-3.55,-2.99,6.03459666924148));
#5934=CARTESIAN_POINT('',(-3.95,-2.99,6.03459666924148));
#5935=CARTESIAN_POINT('',(-3.55,-2.99,8.46));
#5936=CARTESIAN_POINT('',(-3.55,-2.99,5.56));
#5937=CARTESIAN_POINT('',(-3.45,-2.99,5.56));
#5938=CARTESIAN_POINT('',(-3.45,-2.99,5.46));
#5939=CARTESIAN_POINT('',(-5.47,-2.99,5.46));
#5940=CARTESIAN_POINT('',(-2.97540333075851,-2.99,5.46));
#5941=CARTESIAN_POINT('',(-3.75,-2.99,5.26));
#5942=CARTESIAN_POINT('',(-2.97540333075851,-2.99,5.06));
#5943=CARTESIAN_POINT('',(-5.47,-2.99,5.06));
#5944=CARTESIAN_POINT('',(-3.45,-2.99,5.06));
#5945=CARTESIAN_POINT('',(-3.45,-2.99,4.96));
#5946=CARTESIAN_POINT('',(-3.55,-2.99,4.96));
#5947=CARTESIAN_POINT('',(-3.55,-2.99,8.46));
#5948=CARTESIAN_POINT('',(-3.55,-2.99,4.48540333075852));
#5949=CARTESIAN_POINT('',(-3.75,-2.99,5.26));
#5950=CARTESIAN_POINT('',(-3.95,-2.99,4.48540333075852));
#5951=CARTESIAN_POINT('',(-3.95,-2.99,8.46));
#5952=CARTESIAN_POINT('',(-3.95,-2.99,4.96));
#5953=CARTESIAN_POINT('',(-4.05,-2.99,4.96));
#5954=CARTESIAN_POINT('',(-4.05,-2.99,5.06));
#5955=CARTESIAN_POINT('',(-5.47,-2.99,5.06));
#5956=CARTESIAN_POINT('',(-4.52459666924148,-2.99,5.06));
#5957=CARTESIAN_POINT('',(-3.75,-2.99,5.26));
#5958=CARTESIAN_POINT('',(-4.52459666924148,-2.99,5.46));
#5959=CARTESIAN_POINT('',(-5.47,-2.99,5.46));
#5960=CARTESIAN_POINT('',(-4.05,-2.99,5.46));
#5961=CARTESIAN_POINT('',(-4.05,-2.99,5.56));
#5962=CARTESIAN_POINT('',(-3.95,-2.99,5.56));
#5963=CARTESIAN_POINT('',(-3.95,-2.99,8.46));
#5964=CARTESIAN_POINT('',(0.,0.,2.46));
#5965=CARTESIAN_POINT('',(4.86,2.35,2.46));
#5966=CARTESIAN_POINT('',(4.86,2.35,2.46));
#5967=CARTESIAN_POINT('',(4.86,0.15,2.46));
#5968=CARTESIAN_POINT('',(2.64,2.35,2.46));
#5969=CARTESIAN_POINT('',(2.64,2.35,2.46));
#5970=CARTESIAN_POINT('',(2.64,0.15,2.46));
#5971=CARTESIAN_POINT('',(2.64,0.15,2.46));
#5972=CARTESIAN_POINT('',(4.86,0.15,2.46));
#5973=CARTESIAN_POINT('',(3.43,0.,2.46));
#5974=CARTESIAN_POINT('',(3.43,1.57,2.46));
#5975=CARTESIAN_POINT('',(3.43,0.929999999999997,2.46));
#5976=CARTESIAN_POINT('',(0.,1.57,2.46));
#5977=CARTESIAN_POINT('',(4.07,1.57,2.46));
#5978=CARTESIAN_POINT('',(4.07,0.,2.46));
#5979=CARTESIAN_POINT('',(4.07,0.929999999999997,2.46));
#5980=CARTESIAN_POINT('',(0.,0.929999999999997,2.46));
#5981=CARTESIAN_POINT('',(-3.75,-4.59,5.26));
#5982=CARTESIAN_POINT('',(-3.55,-4.59,6.03459666924148));
#5983=CARTESIAN_POINT('',(-3.55,-4.19,6.03459666924148));
#5984=CARTESIAN_POINT('',(-3.95,-4.59,6.03459666924148));
#5985=CARTESIAN_POINT('',(-3.95,-4.19,6.03459666924148));
#5986=CARTESIAN_POINT('',(-3.75,-4.19,5.26));
#5987=CARTESIAN_POINT('',(-3.55,-4.59,6.03459666924148));
#5988=CARTESIAN_POINT('',(-3.55,-4.59,6.03459666924148));
#5989=CARTESIAN_POINT('',(-3.55,-4.59,5.87846584384265));
#5990=CARTESIAN_POINT('',(-3.55,-4.59,5.56));
#5991=CARTESIAN_POINT('',(-3.55,-4.59,5.56));
#5992=CARTESIAN_POINT('',(-3.55,-4.59,5.87846584384265));
#5993=CARTESIAN_POINT('',(-3.55,-4.45683776417078,5.93094779625203));
#5994=CARTESIAN_POINT('',(-3.55,-4.32347025973521,5.98290385992464));
#5995=CARTESIAN_POINT('',(-3.55,-4.19,6.03459666924149));
#5996=CARTESIAN_POINT('',(-3.45,-4.59,5.56));
#5997=CARTESIAN_POINT('',(-3.45,-4.59,5.56));
#5998=CARTESIAN_POINT('',(-3.45,-4.59,5.46));
#5999=CARTESIAN_POINT('',(-3.45,-4.59,5.46));
#6000=CARTESIAN_POINT('',(-3.45,-4.59,5.46));
#6001=CARTESIAN_POINT('',(-2.97540333075852,-4.59,5.46));
#6002=CARTESIAN_POINT('',(-2.97540333075852,-4.19,5.46));
#6003=CARTESIAN_POINT('',(-3.45,-4.59,5.46));
#6004=CARTESIAN_POINT('',(-3.13153415615735,-4.59,5.46));
#6005=CARTESIAN_POINT('',(-2.97540333075852,-4.19,5.46));
#6006=CARTESIAN_POINT('',(-3.02709614007536,-4.32347025973521,5.46));
#6007=CARTESIAN_POINT('',(-3.07905220374798,-4.45683776417078,5.46));
#6008=CARTESIAN_POINT('',(-3.13153415615735,-4.59,5.46));
#6009=CARTESIAN_POINT('',(-3.75,-4.59,5.26));
#6010=CARTESIAN_POINT('',(-2.97540333075852,-4.59,5.06));
#6011=CARTESIAN_POINT('',(-2.97540333075852,-4.19,5.06));
#6012=CARTESIAN_POINT('',(-3.75,-4.19,5.26));
#6013=CARTESIAN_POINT('',(-2.97540333075852,-4.59,5.06));
#6014=CARTESIAN_POINT('',(-2.97540333075852,-4.59,5.06));
#6015=CARTESIAN_POINT('',(-3.13153415615735,-4.59,5.06));
#6016=CARTESIAN_POINT('',(-3.45,-4.59,5.06));
#6017=CARTESIAN_POINT('',(-3.45,-4.59,5.06));
#6018=CARTESIAN_POINT('',(-3.13153415615735,-4.59,5.06));
#6019=CARTESIAN_POINT('',(-3.07905220374798,-4.45683776417078,5.06));
#6020=CARTESIAN_POINT('',(-3.02709614007536,-4.32347025973521,5.06));
#6021=CARTESIAN_POINT('',(-2.97540333075852,-4.19,5.06));
#6022=CARTESIAN_POINT('',(-3.45,-4.59,4.96));
#6023=CARTESIAN_POINT('',(-3.45,-4.59,4.96));
#6024=CARTESIAN_POINT('',(-3.55,-4.59,4.96));
#6025=CARTESIAN_POINT('',(-3.55,-4.59,4.96));
#6026=CARTESIAN_POINT('',(-3.55,-4.59,4.96));
#6027=CARTESIAN_POINT('',(-3.55,-4.59,4.48540333075852));
#6028=CARTESIAN_POINT('',(-3.55,-4.19,4.48540333075852));
#6029=CARTESIAN_POINT('',(-3.55,-4.59,4.96));
#6030=CARTESIAN_POINT('',(-3.55,-4.59,4.64153415615735));
#6031=CARTESIAN_POINT('',(-3.55,-4.19,4.48540333075852));
#6032=CARTESIAN_POINT('',(-3.55,-4.32347025973521,4.53709614007536));
#6033=CARTESIAN_POINT('',(-3.55,-4.45683776417078,4.58905220374798));
#6034=CARTESIAN_POINT('',(-3.55,-4.59,4.64153415615735));
#6035=CARTESIAN_POINT('',(-3.75,-4.59,5.26));
#6036=CARTESIAN_POINT('',(-3.95,-4.59,4.48540333075852));
#6037=CARTESIAN_POINT('',(-3.95,-4.19,4.48540333075852));
#6038=CARTESIAN_POINT('',(-3.75,-4.19,5.26));
#6039=CARTESIAN_POINT('',(-3.95,-4.59,4.96));
#6040=CARTESIAN_POINT('',(-3.95,-4.59,4.96));
#6041=CARTESIAN_POINT('',(-3.95,-4.59,4.64153415615735));
#6042=CARTESIAN_POINT('',(-3.95,-4.59,4.96));
#6043=CARTESIAN_POINT('',(-3.95,-4.59,4.96));
#6044=CARTESIAN_POINT('',(-3.95,-4.59,4.64153415615735));
#6045=CARTESIAN_POINT('',(-3.95,-4.45683776417078,4.58905220374798));
#6046=CARTESIAN_POINT('',(-3.95,-4.32347025973521,4.53709614007536));
#6047=CARTESIAN_POINT('',(-3.95,-4.19,4.48540333075852));
#6048=CARTESIAN_POINT('',(-4.05,-4.59,4.96));
#6049=CARTESIAN_POINT('',(-4.05,-4.59,4.96));
#6050=CARTESIAN_POINT('',(-4.05,-4.59,5.06));
#6051=CARTESIAN_POINT('',(-4.05,-4.59,5.06));
#6052=CARTESIAN_POINT('',(-4.52459666924148,-4.59,5.06));
#6053=CARTESIAN_POINT('',(-4.52459666924148,-4.59,5.06));
#6054=CARTESIAN_POINT('',(-4.52459666924148,-4.19,5.06));
#6055=CARTESIAN_POINT('',(-4.52459666924148,-4.59,5.06));
#6056=CARTESIAN_POINT('',(-4.36846584384265,-4.59,5.06));
#6057=CARTESIAN_POINT('',(-4.52459666924148,-4.19,5.06));
#6058=CARTESIAN_POINT('',(-4.47290385992464,-4.32347025973521,5.06));
#6059=CARTESIAN_POINT('',(-4.42094779625202,-4.45683776417078,5.06));
#6060=CARTESIAN_POINT('',(-4.36846584384265,-4.59,5.06));
#6061=CARTESIAN_POINT('',(-3.75,-4.59,5.26));
#6062=CARTESIAN_POINT('',(-4.52459666924148,-4.59,5.46));
#6063=CARTESIAN_POINT('',(-4.52459666924148,-4.19,5.46));
#6064=CARTESIAN_POINT('',(-3.75,-4.19,5.26));
#6065=CARTESIAN_POINT('',(-4.05,-4.59,5.46));
#6066=CARTESIAN_POINT('',(-4.05,-4.59,5.46));
#6067=CARTESIAN_POINT('',(-4.36846584384265,-4.59,5.46));
#6068=CARTESIAN_POINT('',(-4.05,-4.59,5.46));
#6069=CARTESIAN_POINT('',(-4.05,-4.59,5.46));
#6070=CARTESIAN_POINT('',(-4.36846584384265,-4.59,5.46));
#6071=CARTESIAN_POINT('',(-4.42094779625202,-4.45683776417078,5.46));
#6072=CARTESIAN_POINT('',(-4.47290385992464,-4.32347025973521,5.46));
#6073=CARTESIAN_POINT('',(-4.52459666924148,-4.19,5.46));
#6074=CARTESIAN_POINT('',(-4.05,-4.59,5.56));
#6075=CARTESIAN_POINT('',(-4.05,-4.59,5.56));
#6076=CARTESIAN_POINT('',(-3.95,-4.59,5.56));
#6077=CARTESIAN_POINT('',(-3.95,-4.59,5.56));
#6078=CARTESIAN_POINT('',(-3.95,-4.59,6.03459666924148));
#6079=CARTESIAN_POINT('',(-3.95,-4.59,6.03459666924148));
#6080=CARTESIAN_POINT('',(-3.95,-4.59,5.87846584384265));
#6081=CARTESIAN_POINT('',(-3.95,-4.19,6.03459666924148));
#6082=CARTESIAN_POINT('',(-3.95,-4.32347025973521,5.98290385992464));
#6083=CARTESIAN_POINT('',(-3.95,-4.45683776417078,5.93094779625202));
#6084=CARTESIAN_POINT('',(-3.95,-4.59,5.87846584384265));
#6085=CARTESIAN_POINT('',(-3.75,-4.59,5.26));
#6086=CARTESIAN_POINT('',(-3.75,-4.59,5.26));
#6087=CARTESIAN_POINT('',(-3.75,-4.59,5.26));
#6088=CARTESIAN_POINT('',(-3.75,-4.59,5.26));
#6089=CARTESIAN_POINT('',(-3.75,-4.59,5.26));
#6090=CARTESIAN_POINT('',(-3.75,-4.59,5.26));
#6091=CARTESIAN_POINT('',(-3.75,-4.59,5.26));
#6092=CARTESIAN_POINT('',(-3.75,-4.59,5.26));
#6093=CARTESIAN_POINT('',(-3.75,-4.59,5.26));
#6094=CARTESIAN_POINT('',(-0.7,4.39,5.67));
#6095=CARTESIAN_POINT('',(0.7,4.39,5.67));
#6096=CARTESIAN_POINT('',(0.7,4.39,5.67));
#6097=CARTESIAN_POINT('',(0.7,3.87,5.76032270559689));
#6098=CARTESIAN_POINT('',(-0.7,3.87,5.76032270559689));
#6099=CARTESIAN_POINT('',(-0.7,3.87,5.76032270559689));
#6100=CARTESIAN_POINT('',(-0.7,4.39,5.67));
#6101=CARTESIAN_POINT('',(-0.7,4.39,5.67));
#6102=CARTESIAN_POINT('',(-0.7,4.39,5.67));
#6103=CARTESIAN_POINT('',(-0.7,4.39,6.32));
#6104=CARTESIAN_POINT('',(0.7,4.39,6.32));
#6105=CARTESIAN_POINT('',(0.7,4.39,6.32));
#6106=CARTESIAN_POINT('',(-0.7,4.39,6.32));
#6107=CARTESIAN_POINT('',(-0.7,4.39,6.32));
#6108=CARTESIAN_POINT('',(-0.7,4.39,6.32));
#6109=CARTESIAN_POINT('',(0.7,3.7414077888763,5.02));
#6110=CARTESIAN_POINT('',(0.7,2.99,5.02));
#6111=CARTESIAN_POINT('',(0.7,2.99,5.02));
#6112=CARTESIAN_POINT('',(0.7,2.99,7.97));
#6113=CARTESIAN_POINT('',(0.7,3.7414077888763,5.02));
#6114=CARTESIAN_POINT('',(0.7,2.99,7.97));
#6115=CARTESIAN_POINT('',(-0.7,3.7414077888763,5.02));
#6116=CARTESIAN_POINT('',(-0.7,2.99,5.02));
#6117=CARTESIAN_POINT('',(-0.7,2.99,5.02));
#6118=CARTESIAN_POINT('',(-0.7,3.7414077888763,5.02));
#6119=CARTESIAN_POINT('',(-0.7,3.7414077888763,5.02));
#6120=CARTESIAN_POINT('',(-0.7,2.99,5.02));
#6121=CARTESIAN_POINT('',(-0.7,2.99,7.97));
#6122=CARTESIAN_POINT('',(-0.7,2.99,7.97));
#6123=CARTESIAN_POINT('',(-0.7,2.99,7.97));
#6124=CARTESIAN_POINT('',(-0.7,2.99,7.97));
#6125=CARTESIAN_POINT('',(4.80407427269671E-16,-3.29,0.));
#6126=CARTESIAN_POINT('',(5.47,-3.29,1.61));
#6127=CARTESIAN_POINT('',(5.47,-3.29,1.61));
#6128=CARTESIAN_POINT('',(5.47,-3.29,6.87));
#6129=CARTESIAN_POINT('',(5.47,-3.29,6.87));
#6130=CARTESIAN_POINT('',(4.87,-3.29,6.87));
#6131=CARTESIAN_POINT('',(4.87,-3.29,6.87));
#6132=CARTESIAN_POINT('',(4.87,-3.29,1.61));
#6133=CARTESIAN_POINT('',(4.87,-3.29,1.61));
#6134=CARTESIAN_POINT('',(3.75,-4.59,5.26));
#6135=CARTESIAN_POINT('',(2.97540333075852,-4.19,5.46));
#6136=CARTESIAN_POINT('',(3.02709614007536,-4.32347025973521,5.46));
#6137=CARTESIAN_POINT('',(3.07905220374798,-4.45683776417078,5.46));
#6138=CARTESIAN_POINT('',(3.13153415615735,-4.59,5.46));
#6139=CARTESIAN_POINT('',(2.97540333075852,-4.19,5.46));
#6140=CARTESIAN_POINT('',(3.13153415615735,-4.59,5.46));
#6141=CARTESIAN_POINT('',(3.75,-4.19,5.26));
#6142=CARTESIAN_POINT('',(2.97540333075852,-4.19,5.06));
#6143=CARTESIAN_POINT('',(3.13153415615735,-4.59,5.06));
#6144=CARTESIAN_POINT('',(3.07905220374798,-4.45683776417078,5.06));
#6145=CARTESIAN_POINT('',(3.02709614007536,-4.32347025973521,5.06));
#6146=CARTESIAN_POINT('',(2.97540333075852,-4.19,5.06));
#6147=CARTESIAN_POINT('',(3.13153415615735,-4.59,5.06));
#6148=CARTESIAN_POINT('',(3.75,-4.59,5.26));
#6149=CARTESIAN_POINT('',(3.75,-4.59,5.26));
#6150=CARTESIAN_POINT('',(3.55,-4.19,4.48540333075852));
#6151=CARTESIAN_POINT('',(3.55,-4.32347025973521,4.53709614007536));
#6152=CARTESIAN_POINT('',(3.55,-4.45683776417078,4.58905220374798));
#6153=CARTESIAN_POINT('',(3.55,-4.59,4.64153415615735));
#6154=CARTESIAN_POINT('',(3.55,-4.19,4.48540333075852));
#6155=CARTESIAN_POINT('',(3.55,-4.59,4.64153415615735));
#6156=CARTESIAN_POINT('',(3.75,-4.19,5.26));
#6157=CARTESIAN_POINT('',(3.95,-4.19,4.48540333075852));
#6158=CARTESIAN_POINT('',(3.95,-4.59,4.64153415615735));
#6159=CARTESIAN_POINT('',(3.95,-4.45683776417078,4.58905220374798));
#6160=CARTESIAN_POINT('',(3.95,-4.32347025973521,4.53709614007536));
#6161=CARTESIAN_POINT('',(3.95,-4.19,4.48540333075852));
#6162=CARTESIAN_POINT('',(3.95,-4.59,4.64153415615735));
#6163=CARTESIAN_POINT('',(3.75,-4.59,5.26));
#6164=CARTESIAN_POINT('',(3.75,-4.59,5.26));
#6165=CARTESIAN_POINT('',(4.52459666924148,-4.19,5.06));
#6166=CARTESIAN_POINT('',(4.47290385992464,-4.32347025973521,5.06));
#6167=CARTESIAN_POINT('',(4.42094779625202,-4.45683776417078,5.06));
#6168=CARTESIAN_POINT('',(4.36846584384265,-4.59,5.06));
#6169=CARTESIAN_POINT('',(4.52459666924148,-4.19,5.06));
#6170=CARTESIAN_POINT('',(4.36846584384265,-4.59,5.06));
#6171=CARTESIAN_POINT('',(3.75,-4.19,5.26));
#6172=CARTESIAN_POINT('',(4.52459666924148,-4.19,5.46));
#6173=CARTESIAN_POINT('',(4.36846584384265,-4.59,5.46));
#6174=CARTESIAN_POINT('',(4.42094779625202,-4.45683776417078,5.46));
#6175=CARTESIAN_POINT('',(4.47290385992464,-4.32347025973521,5.46));
#6176=CARTESIAN_POINT('',(4.52459666924148,-4.19,5.46));
#6177=CARTESIAN_POINT('',(4.36846584384265,-4.59,5.46));
#6178=CARTESIAN_POINT('',(3.75,-4.59,5.26));
#6179=CARTESIAN_POINT('',(3.75,-4.59,5.26));
#6180=CARTESIAN_POINT('',(4.52459666924148,-4.59,5.06));
#6181=CARTESIAN_POINT('',(4.05,-4.59,5.06));
#6182=CARTESIAN_POINT('',(4.05,-4.59,5.46));
#6183=CARTESIAN_POINT('',(4.05,-4.59,5.46));
#6184=CARTESIAN_POINT('',(4.05,-4.59,5.56));
#6185=CARTESIAN_POINT('',(3.95,-4.59,5.56));
#6186=CARTESIAN_POINT('',(3.95,-4.59,6.03459666924148));
#6187=CARTESIAN_POINT('',(3.95,-4.59,5.87846584384265));
#6188=CARTESIAN_POINT('',(3.75,-4.59,5.26));
#6189=CARTESIAN_POINT('',(3.55,-4.59,5.87846584384265));
#6190=CARTESIAN_POINT('',(3.55,-4.59,6.03459666924148));
#6191=CARTESIAN_POINT('',(3.55,-4.59,5.56));
#6192=CARTESIAN_POINT('',(3.45,-4.59,5.56));
#6193=CARTESIAN_POINT('',(3.45,-4.59,5.46));
#6194=CARTESIAN_POINT('',(3.45,-4.59,5.46));
#6195=CARTESIAN_POINT('',(2.97540333075852,-4.59,5.06));
#6196=CARTESIAN_POINT('',(3.45,-4.59,5.06));
#6197=CARTESIAN_POINT('',(3.45,-4.59,4.96));
#6198=CARTESIAN_POINT('',(3.55,-4.59,4.96));
#6199=CARTESIAN_POINT('',(3.55,-4.59,4.96));
#6200=CARTESIAN_POINT('',(3.95,-4.59,4.96));
#6201=CARTESIAN_POINT('',(3.95,-4.59,4.96));
#6202=CARTESIAN_POINT('',(4.05,-4.59,4.96));
#6203=CARTESIAN_POINT('',(3.75,-4.59,5.26));
#6204=CARTESIAN_POINT('',(3.95,-4.19,6.03459666924148));
#6205=CARTESIAN_POINT('',(3.95,-4.32347025973521,5.98290385992464));
#6206=CARTESIAN_POINT('',(3.95,-4.45683776417078,5.93094779625202));
#6207=CARTESIAN_POINT('',(3.95,-4.59,5.87846584384265));
#6208=CARTESIAN_POINT('',(3.95,-4.19,6.03459666924148));
#6209=CARTESIAN_POINT('',(3.75,-4.19,5.26));
#6210=CARTESIAN_POINT('',(3.55,-4.19,6.03459666924148));
#6211=CARTESIAN_POINT('',(3.55,-4.59,5.87846584384265));
#6212=CARTESIAN_POINT('',(3.55,-4.45683776417078,5.93094779625203));
#6213=CARTESIAN_POINT('',(3.55,-4.32347025973521,5.98290385992464));
#6214=CARTESIAN_POINT('',(3.55,-4.19,6.03459666924149));
#6215=CARTESIAN_POINT('',(5.47,2.99,8.46));
#6216=CARTESIAN_POINT('',(-5.47,2.99,8.46));
#6217=CARTESIAN_POINT('',(5.47,2.99,8.46));
#6218=CARTESIAN_POINT('',(5.47,-3.29,6.87));
#6219=CARTESIAN_POINT('',(4.87,-3.29,6.87));
#6220=CARTESIAN_POINT('',(5.47,-3.29,6.87));
#6221=CARTESIAN_POINT('',(4.87,-3.29,6.87));
#6222=CARTESIAN_POINT('',(4.87,-3.29,1.61));
#6223=CARTESIAN_POINT('',(4.87,-3.29,1.61));
#6224=CARTESIAN_POINT('',(5.47,-3.29,1.61));
#6225=CARTESIAN_POINT('',(5.47,-2.99,8.46));
#6226=CARTESIAN_POINT('',(-5.47,2.99,8.46));
#6227=CARTESIAN_POINT('',(-5.47,-3.29,1.61));
#6228=CARTESIAN_POINT('',(-5.47,-3.29,1.61));
#6229=CARTESIAN_POINT('',(-5.47,-3.29,1.61));
#6230=CARTESIAN_POINT('',(-5.47,-3.29,6.87));
#6231=CARTESIAN_POINT('',(-5.47,-3.29,6.87));
#6232=CARTESIAN_POINT('',(3.55,-4.59,6.03459666924148));
#6233=CARTESIAN_POINT('',(3.55,-4.59,6.03459666924148));
#6234=CARTESIAN_POINT('',(3.55,-4.59,5.56));
#6235=CARTESIAN_POINT('',(3.45,-4.59,5.56));
#6236=CARTESIAN_POINT('',(3.45,-4.59,5.46));
#6237=CARTESIAN_POINT('',(3.45,-4.59,5.46));
#6238=CARTESIAN_POINT('',(2.97540333075852,-4.59,5.46));
#6239=CARTESIAN_POINT('',(3.75,-4.59,5.26));
#6240=CARTESIAN_POINT('',(2.97540333075852,-4.59,5.06));
#6241=CARTESIAN_POINT('',(2.97540333075852,-4.59,5.06));
#6242=CARTESIAN_POINT('',(3.45,-4.59,5.06));
#6243=CARTESIAN_POINT('',(3.45,-4.59,4.96));
#6244=CARTESIAN_POINT('',(3.55,-4.59,4.96));
#6245=CARTESIAN_POINT('',(3.55,-4.59,4.96));
#6246=CARTESIAN_POINT('',(3.55,-4.59,4.48540333075852));
#6247=CARTESIAN_POINT('',(3.75,-4.59,5.26));
#6248=CARTESIAN_POINT('',(3.95,-4.59,4.48540333075852));
#6249=CARTESIAN_POINT('',(3.95,-4.59,4.96));
#6250=CARTESIAN_POINT('',(3.95,-4.59,4.96));
#6251=CARTESIAN_POINT('',(4.05,-4.59,4.96));
#6252=CARTESIAN_POINT('',(4.05,-4.59,5.06));
#6253=CARTESIAN_POINT('',(4.52459666924148,-4.59,5.06));
#6254=CARTESIAN_POINT('',(4.52459666924148,-4.59,5.06));
#6255=CARTESIAN_POINT('',(3.75,-4.59,5.26));
#6256=CARTESIAN_POINT('',(4.52459666924148,-4.59,5.46));
#6257=CARTESIAN_POINT('',(4.05,-4.59,5.46));
#6258=CARTESIAN_POINT('',(4.05,-4.59,5.46));
#6259=CARTESIAN_POINT('',(4.05,-4.59,5.56));
#6260=CARTESIAN_POINT('',(3.95,-4.59,5.56));
#6261=CARTESIAN_POINT('',(3.95,-4.59,6.03459666924148));
#6262=CARTESIAN_POINT('',(3.95,-4.59,6.03459666924148));
#6263=CARTESIAN_POINT('',(3.75,-4.59,5.26));
#6264=CARTESIAN_POINT('',(-4.80407427269671E-16,-3.29,0.));
#6265=CARTESIAN_POINT('',(-4.87,-3.29,1.61));
#6266=CARTESIAN_POINT('',(-4.87,-3.29,1.61));
#6267=CARTESIAN_POINT('',(-4.87,-3.29,6.87));
#6268=CARTESIAN_POINT('',(-4.87,-3.29,6.87));
#6269=CARTESIAN_POINT('',(-5.47,-3.29,6.87));
#6270=CARTESIAN_POINT('',(-4.87,-3.29,1.61));
#6271=CARTESIAN_POINT('',(-4.87,-3.29,1.61));
#6272=CARTESIAN_POINT('',(-4.87,-3.29,6.87));
#6273=CARTESIAN_POINT('',(-4.87,-3.29,6.87));
#6274=CARTESIAN_POINT('',(-5.47,-3.29,6.87));
#6275=CARTESIAN_POINT('',(4.86,0.15,2.46));
#6276=CARTESIAN_POINT('',(4.86,0.15,4.46));
#6277=CARTESIAN_POINT('',(4.86,0.15,4.46));
#6278=CARTESIAN_POINT('',(4.16,0.15,4.46));
#6279=CARTESIAN_POINT('',(4.86,0.15,2.46));
#6280=CARTESIAN_POINT('',(2.64,0.15,2.46));
#6281=CARTESIAN_POINT('',(4.16,0.15,8.06));
#6282=CARTESIAN_POINT('',(4.16,0.15,8.06));
#6283=CARTESIAN_POINT('',(4.16,0.15,4.46));
#6284=CARTESIAN_POINT('',(2.64,0.15,2.46));
#6285=CARTESIAN_POINT('',(2.64,2.35,2.46));
#6286=CARTESIAN_POINT('',(2.64,2.35,2.46));
#6287=CARTESIAN_POINT('',(4.86,2.35,2.46));
#6288=CARTESIAN_POINT('',(0.,0.,2.46));
#6289=CARTESIAN_POINT('',(0.,-0.93,2.46));
#6290=CARTESIAN_POINT('',(3.43,-0.93,2.46));
#6291=CARTESIAN_POINT('',(4.07,-0.93,2.46));
#6292=CARTESIAN_POINT('',(4.07,0.,2.46));
#6293=CARTESIAN_POINT('',(4.07,-1.57,2.46));
#6294=CARTESIAN_POINT('',(0.,-1.57,2.46));
#6295=CARTESIAN_POINT('',(3.43,-1.57,2.46));
#6296=CARTESIAN_POINT('',(3.43,0.,2.46));
#6297=CARTESIAN_POINT('',(4.86,-0.150000000000001,2.46));
#6298=CARTESIAN_POINT('',(4.86,-0.150000000000001,2.46));
#6299=CARTESIAN_POINT('',(4.86,-2.35,2.46));
#6300=CARTESIAN_POINT('',(2.64,-0.15,2.46));
#6301=CARTESIAN_POINT('',(2.64,-0.15,2.46));
#6302=CARTESIAN_POINT('',(2.64,-2.35,2.46));
#6303=CARTESIAN_POINT('',(2.64,-2.35,2.46));
#6304=CARTESIAN_POINT('',(4.86,-2.35,2.46));
#6305=CARTESIAN_POINT('',(4.86,-2.35,2.46));
#6306=CARTESIAN_POINT('',(2.64,-2.35,2.46));
#6307=CARTESIAN_POINT('',(4.86,-2.35,2.46));
#6308=CARTESIAN_POINT('',(2.64,-2.35,2.46));
#6309=CARTESIAN_POINT('',(2.64,-0.15,2.46));
#6310=CARTESIAN_POINT('',(2.64,-0.15,2.46));
#6311=CARTESIAN_POINT('',(2.64,-0.15,4.46));
#6312=CARTESIAN_POINT('',(4.16,-0.150000000000001,4.46));
#6313=CARTESIAN_POINT('',(4.86,-0.150000000000001,4.46));
#6314=CARTESIAN_POINT('',(4.16,-0.150000000000001,2.46));
#6315=CARTESIAN_POINT('',(4.16,-0.150000000000001,8.06));
#6316=CARTESIAN_POINT('',(6.2,-0.150000000000002,6.01999999999999));
#6317=CARTESIAN_POINT('',(4.86,-0.150000000000001,2.46));
#6318=CARTESIAN_POINT('',(4.86,-0.150000000000001,2.46));
#6319=CARTESIAN_POINT('',(4.86,-16.3392571087966,4.46));
#6320=CARTESIAN_POINT('',(3.43,1.57,16.4892571087966));
#6321=CARTESIAN_POINT('',(3.43,0.929999999999997,16.4892571087966));
#6322=CARTESIAN_POINT('',(3.43,0.929999999999997,0.150000000000001));
#6323=CARTESIAN_POINT('',(3.43,1.57,0.150000000000001));
#6324=CARTESIAN_POINT('',(3.43,1.57,0.150000000000001));
#6325=CARTESIAN_POINT('',(3.43,1.57,16.4892571087966));
#6326=CARTESIAN_POINT('',(3.43,0.929999999999997,16.4892571087966));
#6327=CARTESIAN_POINT('',(4.07,0.929999999999997,16.4892571087966));
#6328=CARTESIAN_POINT('',(4.07,0.929999999999997,0.150000000000001));
#6329=CARTESIAN_POINT('',(3.43,0.929999999999997,0.150000000000001));
#6330=CARTESIAN_POINT('',(4.07,0.929999999999997,16.4892571087966));
#6331=CARTESIAN_POINT('',(4.07,1.57,16.4892571087966));
#6332=CARTESIAN_POINT('',(4.07,1.57,0.150000000000001));
#6333=CARTESIAN_POINT('',(4.07,0.929999999999997,0.150000000000001));
#6334=CARTESIAN_POINT('',(4.07,1.57,16.4892571087966));
#6335=CARTESIAN_POINT('',(4.07,1.57,0.150000000000001));
#6336=CARTESIAN_POINT('',(4.07,-0.93,16.4892571087966));
#6337=CARTESIAN_POINT('',(4.07,-0.93,16.4892571087966));
#6338=CARTESIAN_POINT('',(4.07,-0.93,0.150000000000001));
#6339=CARTESIAN_POINT('',(4.07,-0.93,0.150000000000001));
#6340=CARTESIAN_POINT('',(4.07,-1.57,0.150000000000001));
#6341=CARTESIAN_POINT('',(4.07,-1.57,16.4892571087966));
#6342=CARTESIAN_POINT('',(4.07,-1.57,16.4892571087966));
#6343=CARTESIAN_POINT('',(4.07,-1.57,0.150000000000001));
#6344=CARTESIAN_POINT('',(3.43,-1.57,0.150000000000001));
#6345=CARTESIAN_POINT('',(3.43,-1.57,16.4892571087966));
#6346=CARTESIAN_POINT('',(3.43,-1.57,16.4892571087966));
#6347=CARTESIAN_POINT('',(3.43,-1.57,0.150000000000001));
#6348=CARTESIAN_POINT('',(3.43,-0.93,0.150000000000001));
#6349=CARTESIAN_POINT('',(3.43,-0.93,16.4892571087966));
#6350=CARTESIAN_POINT('',(3.43,-0.93,16.4892571087966));
#6351=CARTESIAN_POINT('',(3.43,-0.93,0.150000000000001));
#6352=CARTESIAN_POINT('',(0.,0.,1.5));
#6353=CARTESIAN_POINT('',(2.5,-2.2,1.5));
#6354=CARTESIAN_POINT('',(2.1,-2.2,1.5));
#6355=CARTESIAN_POINT('',(2.9,-2.2,1.5));
#6356=CARTESIAN_POINT('',(2.1,-2.2,1.5));
#6357=CARTESIAN_POINT('',(2.1,1.9,1.5));
#6358=CARTESIAN_POINT('',(2.9,1.9,1.5));
#6359=CARTESIAN_POINT('',(2.9,1.9,1.5));
#6360=CARTESIAN_POINT('',(2.9,-2.2,1.5));
#6361=CARTESIAN_POINT('',(2.5,-2.2,1.5));
#6362=CARTESIAN_POINT('',(2.1,-2.2,1.5));
#6363=CARTESIAN_POINT('',(2.9,-2.2,1.5));
#6364=CARTESIAN_POINT('',(2.9,-2.2,1.5));
#6365=CARTESIAN_POINT('',(2.9,1.9,1.5));
#6366=CARTESIAN_POINT('',(2.9,1.9,1.5));
#6367=CARTESIAN_POINT('',(2.1,1.9,1.5));
#6368=CARTESIAN_POINT('',(0.,0.,1.5));
#6369=CARTESIAN_POINT('',(5.,1.9,1.5));
#6370=CARTESIAN_POINT('',(5.,1.9,1.5));
#6371=CARTESIAN_POINT('',(5.,-2.2,1.5));
#6372=CARTESIAN_POINT('',(5.,-2.2,1.5));
#6373=CARTESIAN_POINT('',(4.6,-2.2,1.5));
#6374=CARTESIAN_POINT('',(4.6,-2.2,1.5));
#6375=CARTESIAN_POINT('',(4.6,1.9,1.5));
#6376=CARTESIAN_POINT('',(4.6,1.9,1.5));
#6377=CARTESIAN_POINT('',(5.,-2.2,1.5));
#6378=CARTESIAN_POINT('',(4.6,-2.2,1.5));
#6379=CARTESIAN_POINT('',(5.,-2.2,1.5));
#6380=CARTESIAN_POINT('',(4.6,-2.2,1.5));
#6381=CARTESIAN_POINT('',(4.6,1.9,1.5));
#6382=CARTESIAN_POINT('',(4.6,1.9,1.5));
#6383=CARTESIAN_POINT('',(5.,1.9,1.5));
#6384=CARTESIAN_POINT('',(5.,1.9,1.5));
#6385=CARTESIAN_POINT('',(4.07,-0.93,0.150000000000001));
#6386=CARTESIAN_POINT('',(4.07,-0.93,0.150000000000001));
#6387=CARTESIAN_POINT('',(4.07,-1.57,0.150000000000001));
#6388=CARTESIAN_POINT('',(4.07,-1.57,0.150000000000001));
#6389=CARTESIAN_POINT('',(3.43,-1.57,0.150000000000001));
#6390=CARTESIAN_POINT('',(3.43,-0.93,0.150000000000001));
#6391=CARTESIAN_POINT('',(3.64333333333333,-1.14333333333333,0.363333333333335));
#6392=CARTESIAN_POINT('',(3.43,-1.57,0.150000000000001));
#6393=CARTESIAN_POINT('',(4.22,0.,0.));
#6394=CARTESIAN_POINT('',(4.48,0.519999999999999,-0.26));
#6395=CARTESIAN_POINT('',(2.81333333333334,0.313333333333337,1.40666666666667));
#6396=CARTESIAN_POINT('',(0.,1.72,0.));
#6397=CARTESIAN_POINT('',(3.85333333333333,1.14666666666667,0.573333333333334));
#6398=CARTESIAN_POINT('',(0.,0.779999999999997,0.));
#6399=CARTESIAN_POINT('',(3.02,0.519999999999999,-0.26));
#6400=CARTESIAN_POINT('',(3.28,0.,0.));
#6401=CARTESIAN_POINT('',(4.16,-16.3392571087966,4.46));
#6402=CARTESIAN_POINT('',(4.16,-16.3392571087966,4.46));
#6403=CARTESIAN_POINT('',(4.16,-16.3392571087966,8.06));
#6404=CARTESIAN_POINT('',(4.16,-16.3392571087966,8.06));
#6405=CARTESIAN_POINT('',(4.86,-16.3392571087966,4.46));
#6406=CARTESIAN_POINT('',(2.36,2.35,2.46));
#6407=CARTESIAN_POINT('',(2.36,2.35,2.46));
#6408=CARTESIAN_POINT('',(2.36,0.15,2.46));
#6409=CARTESIAN_POINT('',(2.36,0.15,2.46));
#6410=CARTESIAN_POINT('',(0.140000000000001,0.15,2.46));
#6411=CARTESIAN_POINT('',(0.140000000000001,0.15,2.46));
#6412=CARTESIAN_POINT('',(0.140000000000001,2.35,2.46));
#6413=CARTESIAN_POINT('',(0.140000000000001,2.35,2.46));
#6414=CARTESIAN_POINT('',(0.,0.,2.46));
#6415=CARTESIAN_POINT('',(0.,-0.93,2.46));
#6416=CARTESIAN_POINT('',(0.930000000000001,-0.93,2.46));
#6417=CARTESIAN_POINT('',(1.57,-0.93,2.46));
#6418=CARTESIAN_POINT('',(1.57,0.,2.46));
#6419=CARTESIAN_POINT('',(1.57,-1.57,2.46));
#6420=CARTESIAN_POINT('',(0.,-1.57,2.46));
#6421=CARTESIAN_POINT('',(0.930000000000001,-1.57,2.46));
#6422=CARTESIAN_POINT('',(0.930000000000001,0.,2.46));
#6423=CARTESIAN_POINT('',(2.36,-0.150000000000001,2.46));
#6424=CARTESIAN_POINT('',(2.36,-0.150000000000001,2.46));
#6425=CARTESIAN_POINT('',(2.36,-2.35,2.46));
#6426=CARTESIAN_POINT('',(0.140000000000003,-0.15,2.46));
#6427=CARTESIAN_POINT('',(0.140000000000003,-0.15,2.46));
#6428=CARTESIAN_POINT('',(0.140000000000003,-2.35,2.46));
#6429=CARTESIAN_POINT('',(0.140000000000003,-2.35,2.46));
#6430=CARTESIAN_POINT('',(2.36,-2.35,2.46));
#6431=CARTESIAN_POINT('',(2.36,-2.35,2.46));
#6432=CARTESIAN_POINT('',(2.36,-2.35,2.46));
#6433=CARTESIAN_POINT('',(0.140000000000003,-2.35,2.46));
#6434=CARTESIAN_POINT('',(0.140000000000003,-2.35,2.46));
#6435=CARTESIAN_POINT('',(0.140000000000003,-0.15,2.46));
#6436=CARTESIAN_POINT('',(0.140000000000003,-0.15,2.46));
#6437=CARTESIAN_POINT('',(2.36,-0.150000000000001,2.46));
#6438=CARTESIAN_POINT('',(2.36,-0.150000000000001,2.46));
#6439=CARTESIAN_POINT('',(0.930000000000001,1.57,16.4892736953641));
#6440=CARTESIAN_POINT('',(0.930000000000001,0.929999999999997,16.4892736953641));
#6441=CARTESIAN_POINT('',(0.930000000000001,0.929999999999997,0.150000000000001));
#6442=CARTESIAN_POINT('',(0.930000000000001,1.57,0.150000000000001));
#6443=CARTESIAN_POINT('',(0.930000000000001,1.57,0.150000000000001));
#6444=CARTESIAN_POINT('',(0.930000000000001,1.57,16.4892736953641));
#6445=CARTESIAN_POINT('',(0.930000000000001,0.929999999999997,16.4892736953641));
#6446=CARTESIAN_POINT('',(1.57,0.929999999999997,16.4892736953641));
#6447=CARTESIAN_POINT('',(1.57,0.929999999999997,0.150000000000001));
#6448=CARTESIAN_POINT('',(0.930000000000001,0.929999999999997,0.150000000000001));
#6449=CARTESIAN_POINT('',(1.57,0.929999999999997,16.4892736953641));
#6450=CARTESIAN_POINT('',(1.57,1.57,16.4892736953641));
#6451=CARTESIAN_POINT('',(1.57,1.57,0.150000000000001));
#6452=CARTESIAN_POINT('',(1.57,0.929999999999997,0.150000000000001));
#6453=CARTESIAN_POINT('',(1.57,1.57,16.4892736953641));
#6454=CARTESIAN_POINT('',(1.57,1.57,0.150000000000001));
#6455=CARTESIAN_POINT('',(1.57,-0.93,16.4892736953641));
#6456=CARTESIAN_POINT('',(1.57,-0.93,16.4892736953641));
#6457=CARTESIAN_POINT('',(1.57,-0.93,0.150000000000001));
#6458=CARTESIAN_POINT('',(1.57,-0.93,0.150000000000001));
#6459=CARTESIAN_POINT('',(1.57,-1.57,0.150000000000001));
#6460=CARTESIAN_POINT('',(1.57,-1.57,16.4892736953641));
#6461=CARTESIAN_POINT('',(1.57,-1.57,16.4892736953641));
#6462=CARTESIAN_POINT('',(1.57,-1.57,0.150000000000001));
#6463=CARTESIAN_POINT('',(0.930000000000001,-1.57,0.150000000000001));
#6464=CARTESIAN_POINT('',(0.930000000000001,-1.57,16.4892736953641));
#6465=CARTESIAN_POINT('',(0.930000000000001,-1.57,16.4892736953641));
#6466=CARTESIAN_POINT('',(0.930000000000001,-1.57,0.150000000000001));
#6467=CARTESIAN_POINT('',(0.930000000000001,-0.93,0.150000000000001));
#6468=CARTESIAN_POINT('',(0.930000000000001,-0.93,16.4892736953641));
#6469=CARTESIAN_POINT('',(0.930000000000001,-0.93,16.4892736953641));
#6470=CARTESIAN_POINT('',(0.930000000000001,-0.93,0.150000000000001));
#6471=CARTESIAN_POINT('',(0.,0.,1.5));
#6472=CARTESIAN_POINT('',(0.,-2.2,1.5));
#6473=CARTESIAN_POINT('',(-0.399999999999999,-2.2,1.5));
#6474=CARTESIAN_POINT('',(0.400000000000001,-2.2,1.5));
#6475=CARTESIAN_POINT('',(-0.399999999999999,-2.2,1.5));
#6476=CARTESIAN_POINT('',(-0.399999999999999,1.9,1.5));
#6477=CARTESIAN_POINT('',(0.400000000000001,1.9,1.5));
#6478=CARTESIAN_POINT('',(0.400000000000001,1.9,1.5));
#6479=CARTESIAN_POINT('',(0.400000000000001,-2.2,1.5));
#6480=CARTESIAN_POINT('',(0.,-2.2,1.5));
#6481=CARTESIAN_POINT('',(-0.399999999999999,-2.2,1.5));
#6482=CARTESIAN_POINT('',(0.400000000000001,-2.2,1.5));
#6483=CARTESIAN_POINT('',(0.400000000000001,-2.2,1.5));
#6484=CARTESIAN_POINT('',(0.400000000000001,1.9,1.5));
#6485=CARTESIAN_POINT('',(0.400000000000001,1.9,1.5));
#6486=CARTESIAN_POINT('',(-0.399999999999999,1.9,1.5));
#6487=CARTESIAN_POINT('',(2.1,-2.2,1.5));
#6488=CARTESIAN_POINT('',(1.57,-0.93,0.150000000000001));
#6489=CARTESIAN_POINT('',(1.57,-0.93,0.150000000000001));
#6490=CARTESIAN_POINT('',(1.57,-1.57,0.150000000000001));
#6491=CARTESIAN_POINT('',(1.57,-1.57,0.150000000000001));
#6492=CARTESIAN_POINT('',(0.930000000000001,-1.57,0.150000000000001));
#6493=CARTESIAN_POINT('',(0.930000000000001,-0.93,0.150000000000001));
#6494=CARTESIAN_POINT('',(1.14333333333333,-1.14333333333333,0.363333333333335));
#6495=CARTESIAN_POINT('',(0.930000000000001,-1.57,0.150000000000001));
#6496=CARTESIAN_POINT('',(1.72,0.,0.));
#6497=CARTESIAN_POINT('',(1.98,0.519999999999999,-0.26));
#6498=CARTESIAN_POINT('',(1.14666666666667,1.14666666666667,0.573333333333335));
#6499=CARTESIAN_POINT('',(0.,1.72,0.));
#6500=CARTESIAN_POINT('',(1.35333333333333,1.14666666666667,0.573333333333334));
#6501=CARTESIAN_POINT('',(0.,0.779999999999997,0.));
#6502=CARTESIAN_POINT('',(0.520000000000003,0.519999999999999,-0.26));
#6503=CARTESIAN_POINT('',(0.780000000000001,0.,0.));
#6504=CARTESIAN_POINT('',(-0.139999999999998,2.35,2.46));
#6505=CARTESIAN_POINT('',(-0.139999999999998,2.35,2.46));
#6506=CARTESIAN_POINT('',(-0.139999999999998,0.15,2.46));
#6507=CARTESIAN_POINT('',(-0.139999999999998,0.15,2.46));
#6508=CARTESIAN_POINT('',(-2.36,0.15,2.46));
#6509=CARTESIAN_POINT('',(-2.36,0.15,2.46));
#6510=CARTESIAN_POINT('',(-2.36,2.35,2.46));
#6511=CARTESIAN_POINT('',(-2.36,2.35,2.46));
#6512=CARTESIAN_POINT('',(0.,0.,2.46));
#6513=CARTESIAN_POINT('',(0.,-0.93,2.46));
#6514=CARTESIAN_POINT('',(-1.57,-0.93,2.46));
#6515=CARTESIAN_POINT('',(-0.929999999999998,-0.93,2.46));
#6516=CARTESIAN_POINT('',(-0.929999999999998,0.,2.46));
#6517=CARTESIAN_POINT('',(-0.929999999999998,-1.57,2.46));
#6518=CARTESIAN_POINT('',(0.,-1.57,2.46));
#6519=CARTESIAN_POINT('',(-1.57,-1.57,2.46));
#6520=CARTESIAN_POINT('',(-1.57,0.,2.46));
#6521=CARTESIAN_POINT('',(-0.139999999999998,-0.150000000000001,2.46));
#6522=CARTESIAN_POINT('',(-0.139999999999998,-0.150000000000001,2.46));
#6523=CARTESIAN_POINT('',(-0.139999999999998,-2.35,2.46));
#6524=CARTESIAN_POINT('',(-2.36,-0.15,2.46));
#6525=CARTESIAN_POINT('',(-2.36,-0.15,2.46));
#6526=CARTESIAN_POINT('',(-2.36,-2.35,2.46));
#6527=CARTESIAN_POINT('',(-2.36,-2.35,2.46));
#6528=CARTESIAN_POINT('',(-0.139999999999998,-2.35,2.46));
#6529=CARTESIAN_POINT('',(-0.139999999999998,-2.35,2.46));
#6530=CARTESIAN_POINT('',(-0.139999999999998,-2.35,2.46));
#6531=CARTESIAN_POINT('',(-2.36,-2.35,2.46));
#6532=CARTESIAN_POINT('',(-2.36,-2.35,2.46));
#6533=CARTESIAN_POINT('',(-2.36,-0.15,2.46));
#6534=CARTESIAN_POINT('',(-2.36,-0.15,2.46));
#6535=CARTESIAN_POINT('',(-0.139999999999998,-0.150000000000001,2.46));
#6536=CARTESIAN_POINT('',(-0.139999999999998,-0.150000000000001,2.46));
#6537=CARTESIAN_POINT('',(-1.57,1.57,16.4892736953641));
#6538=CARTESIAN_POINT('',(-1.57,0.929999999999997,16.4892736953641));
#6539=CARTESIAN_POINT('',(-1.57,0.929999999999997,0.150000000000001));
#6540=CARTESIAN_POINT('',(-1.57,1.57,0.150000000000001));
#6541=CARTESIAN_POINT('',(-1.57,1.57,0.150000000000001));
#6542=CARTESIAN_POINT('',(-1.57,1.57,16.4892736953641));
#6543=CARTESIAN_POINT('',(-1.57,0.929999999999997,16.4892736953641));
#6544=CARTESIAN_POINT('',(-0.929999999999998,0.929999999999997,16.4892736953641));
#6545=CARTESIAN_POINT('',(-0.929999999999998,0.929999999999997,0.150000000000001));
#6546=CARTESIAN_POINT('',(-1.57,0.929999999999997,0.150000000000001));
#6547=CARTESIAN_POINT('',(-0.929999999999998,0.929999999999997,16.4892736953641));
#6548=CARTESIAN_POINT('',(-0.929999999999998,1.57,16.4892736953641));
#6549=CARTESIAN_POINT('',(-0.929999999999998,1.57,0.150000000000001));
#6550=CARTESIAN_POINT('',(-0.929999999999998,0.929999999999997,0.150000000000001));
#6551=CARTESIAN_POINT('',(-0.929999999999998,1.57,16.4892736953641));
#6552=CARTESIAN_POINT('',(-0.929999999999998,1.57,0.150000000000001));
#6553=CARTESIAN_POINT('',(-0.929999999999998,-0.93,16.4892736953641));
#6554=CARTESIAN_POINT('',(-0.929999999999998,-0.93,16.4892736953641));
#6555=CARTESIAN_POINT('',(-0.929999999999998,-0.93,0.150000000000001));
#6556=CARTESIAN_POINT('',(-0.929999999999998,-0.93,0.150000000000001));
#6557=CARTESIAN_POINT('',(-0.929999999999998,-1.57,0.150000000000001));
#6558=CARTESIAN_POINT('',(-0.929999999999998,-1.57,16.4892736953641));
#6559=CARTESIAN_POINT('',(-0.929999999999998,-1.57,16.4892736953641));
#6560=CARTESIAN_POINT('',(-0.929999999999998,-1.57,0.150000000000001));
#6561=CARTESIAN_POINT('',(-1.57,-1.57,0.150000000000001));
#6562=CARTESIAN_POINT('',(-1.57,-1.57,16.4892736953641));
#6563=CARTESIAN_POINT('',(-1.57,-1.57,16.4892736953641));
#6564=CARTESIAN_POINT('',(-1.57,-1.57,0.150000000000001));
#6565=CARTESIAN_POINT('',(-1.57,-0.93,0.150000000000001));
#6566=CARTESIAN_POINT('',(-1.57,-0.93,16.4892736953641));
#6567=CARTESIAN_POINT('',(-1.57,-0.93,16.4892736953641));
#6568=CARTESIAN_POINT('',(-1.57,-0.93,0.150000000000001));
#6569=CARTESIAN_POINT('',(0.,0.,1.5));
#6570=CARTESIAN_POINT('',(-2.5,-2.2,1.5));
#6571=CARTESIAN_POINT('',(-2.9,-2.2,1.5));
#6572=CARTESIAN_POINT('',(-2.1,-2.2,1.5));
#6573=CARTESIAN_POINT('',(-2.9,-2.2,1.5));
#6574=CARTESIAN_POINT('',(-2.9,1.9,1.5));
#6575=CARTESIAN_POINT('',(-2.1,1.9,1.5));
#6576=CARTESIAN_POINT('',(-2.1,1.9,1.5));
#6577=CARTESIAN_POINT('',(-2.1,-2.2,1.5));
#6578=CARTESIAN_POINT('',(-2.5,-2.2,1.5));
#6579=CARTESIAN_POINT('',(-2.9,-2.2,1.5));
#6580=CARTESIAN_POINT('',(-2.1,-2.2,1.5));
#6581=CARTESIAN_POINT('',(-2.1,-2.2,1.5));
#6582=CARTESIAN_POINT('',(-2.1,1.9,1.5));
#6583=CARTESIAN_POINT('',(-2.1,1.9,1.5));
#6584=CARTESIAN_POINT('',(-2.9,1.9,1.5));
#6585=CARTESIAN_POINT('',(-0.399999999999999,-2.2,1.5));
#6586=CARTESIAN_POINT('',(-0.929999999999998,-0.93,0.150000000000001));
#6587=CARTESIAN_POINT('',(-0.929999999999998,-0.93,0.150000000000001));
#6588=CARTESIAN_POINT('',(-0.929999999999998,-1.57,0.150000000000001));
#6589=CARTESIAN_POINT('',(-0.929999999999998,-1.57,0.150000000000001));
#6590=CARTESIAN_POINT('',(-1.57,-1.57,0.150000000000001));
#6591=CARTESIAN_POINT('',(-1.57,-0.93,0.150000000000001));
#6592=CARTESIAN_POINT('',(-1.35666666666667,-1.14333333333333,0.363333333333335));
#6593=CARTESIAN_POINT('',(-1.57,-1.57,0.150000000000001));
#6594=CARTESIAN_POINT('',(-0.779999999999999,0.,0.));
#6595=CARTESIAN_POINT('',(-0.52,0.519999999999999,-0.26));
#6596=CARTESIAN_POINT('',(-0.52,1.98,-0.26));
#6597=CARTESIAN_POINT('',(0.,1.72,0.));
#6598=CARTESIAN_POINT('',(-1.14666666666667,1.14666666666667,0.573333333333334));
#6599=CARTESIAN_POINT('',(0.,0.779999999999997,0.));
#6600=CARTESIAN_POINT('',(-1.98,0.519999999999999,-0.26));
#6601=CARTESIAN_POINT('',(-1.72,0.,0.));
#6602=CARTESIAN_POINT('',(-2.64,2.35,2.46));
#6603=CARTESIAN_POINT('',(-2.64,2.35,2.46));
#6604=CARTESIAN_POINT('',(-2.64,0.15,2.46));
#6605=CARTESIAN_POINT('',(-2.64,0.15,2.46));
#6606=CARTESIAN_POINT('',(-4.86,0.15,2.46));
#6607=CARTESIAN_POINT('',(-4.86,0.15,2.46));
#6608=CARTESIAN_POINT('',(-4.86,2.35,2.46));
#6609=CARTESIAN_POINT('',(-4.86,2.35,2.46));
#6610=CARTESIAN_POINT('',(0.,0.,2.46));
#6611=CARTESIAN_POINT('',(0.,-0.93,2.46));
#6612=CARTESIAN_POINT('',(-4.07,-0.93,2.46));
#6613=CARTESIAN_POINT('',(-3.43,-0.93,2.46));
#6614=CARTESIAN_POINT('',(-3.43,0.,2.46));
#6615=CARTESIAN_POINT('',(-3.43,-1.57,2.46));
#6616=CARTESIAN_POINT('',(0.,-1.57,2.46));
#6617=CARTESIAN_POINT('',(-4.07,-1.57,2.46));
#6618=CARTESIAN_POINT('',(-4.07,0.,2.46));
#6619=CARTESIAN_POINT('',(-2.64,-0.150000000000001,2.46));
#6620=CARTESIAN_POINT('',(-2.64,-0.150000000000001,2.46));
#6621=CARTESIAN_POINT('',(-2.64,-2.35,2.46));
#6622=CARTESIAN_POINT('',(-4.86,-0.15,2.46));
#6623=CARTESIAN_POINT('',(-4.86,-0.15,2.46));
#6624=CARTESIAN_POINT('',(-4.86,-2.35,2.46));
#6625=CARTESIAN_POINT('',(-4.86,-2.35,2.46));
#6626=CARTESIAN_POINT('',(-2.64,-2.35,2.46));
#6627=CARTESIAN_POINT('',(-2.64,-2.35,2.46));
#6628=CARTESIAN_POINT('',(-2.64,-2.35,2.46));
#6629=CARTESIAN_POINT('',(-4.86,-2.35,2.46));
#6630=CARTESIAN_POINT('',(-4.86,-2.35,2.46));
#6631=CARTESIAN_POINT('',(-4.86,-0.15,2.46));
#6632=CARTESIAN_POINT('',(-4.86,-0.15,2.46));
#6633=CARTESIAN_POINT('',(-2.64,-0.150000000000001,2.46));
#6634=CARTESIAN_POINT('',(-2.64,-0.150000000000001,2.46));
#6635=CARTESIAN_POINT('',(-4.07,1.57,16.4892736953641));
#6636=CARTESIAN_POINT('',(-4.07,0.929999999999997,16.4892736953641));
#6637=CARTESIAN_POINT('',(-4.07,0.929999999999997,0.150000000000001));
#6638=CARTESIAN_POINT('',(-4.07,1.57,0.150000000000001));
#6639=CARTESIAN_POINT('',(-4.07,1.57,0.150000000000001));
#6640=CARTESIAN_POINT('',(-4.07,1.57,16.4892736953641));
#6641=CARTESIAN_POINT('',(-4.07,0.929999999999997,16.4892736953641));
#6642=CARTESIAN_POINT('',(-3.43,0.929999999999997,16.4892736953641));
#6643=CARTESIAN_POINT('',(-3.43,0.929999999999997,0.150000000000001));
#6644=CARTESIAN_POINT('',(-4.07,0.929999999999997,0.150000000000001));
#6645=CARTESIAN_POINT('',(-3.43,0.929999999999997,16.4892736953641));
#6646=CARTESIAN_POINT('',(-3.43,1.57,16.4892736953641));
#6647=CARTESIAN_POINT('',(-3.43,1.57,0.150000000000001));
#6648=CARTESIAN_POINT('',(-3.43,0.929999999999997,0.150000000000001));
#6649=CARTESIAN_POINT('',(-3.43,1.57,16.4892736953641));
#6650=CARTESIAN_POINT('',(-3.43,1.57,0.150000000000001));
#6651=CARTESIAN_POINT('',(-3.43,-0.93,16.4892736953641));
#6652=CARTESIAN_POINT('',(-3.43,-0.93,16.4892736953641));
#6653=CARTESIAN_POINT('',(-3.43,-0.93,0.150000000000001));
#6654=CARTESIAN_POINT('',(-3.43,-0.93,0.150000000000001));
#6655=CARTESIAN_POINT('',(-3.43,-1.57,0.150000000000001));
#6656=CARTESIAN_POINT('',(-3.43,-1.57,16.4892736953641));
#6657=CARTESIAN_POINT('',(-3.43,-1.57,16.4892736953641));
#6658=CARTESIAN_POINT('',(-3.43,-1.57,0.150000000000001));
#6659=CARTESIAN_POINT('',(-4.07,-1.57,0.150000000000001));
#6660=CARTESIAN_POINT('',(-4.07,-1.57,16.4892736953641));
#6661=CARTESIAN_POINT('',(-4.07,-1.57,16.4892736953641));
#6662=CARTESIAN_POINT('',(-4.07,-1.57,0.150000000000001));
#6663=CARTESIAN_POINT('',(-4.07,-0.93,0.150000000000001));
#6664=CARTESIAN_POINT('',(-4.07,-0.93,16.4892736953641));
#6665=CARTESIAN_POINT('',(-4.07,-0.93,16.4892736953641));
#6666=CARTESIAN_POINT('',(-4.07,-0.93,0.150000000000001));
#6667=CARTESIAN_POINT('',(0.,0.,1.5));
#6668=CARTESIAN_POINT('',(-5.,1.9,1.5));
#6669=CARTESIAN_POINT('',(-5.,1.9,1.5));
#6670=CARTESIAN_POINT('',(-5.,-2.2,1.5));
#6671=CARTESIAN_POINT('',(-4.6,1.9,1.5));
#6672=CARTESIAN_POINT('',(-4.6,1.9,1.5));
#6673=CARTESIAN_POINT('',(-4.6,-2.2,1.5));
#6674=CARTESIAN_POINT('',(-4.6,-2.2,1.5));
#6675=CARTESIAN_POINT('',(-5.,-2.2,1.5));
#6676=CARTESIAN_POINT('',(-5.,1.9,1.5));
#6677=CARTESIAN_POINT('',(-5.,1.9,1.5));
#6678=CARTESIAN_POINT('',(-5.,-2.2,1.5));
#6679=CARTESIAN_POINT('',(-5.,-2.2,1.5));
#6680=CARTESIAN_POINT('',(-4.6,-2.2,1.5));
#6681=CARTESIAN_POINT('',(-4.6,-2.2,1.5));
#6682=CARTESIAN_POINT('',(-4.6,1.9,1.5));
#6683=CARTESIAN_POINT('',(-4.6,1.9,1.5));
#6684=CARTESIAN_POINT('',(-2.9,-2.2,1.5));
#6685=CARTESIAN_POINT('',(-3.43,-0.93,0.150000000000001));
#6686=CARTESIAN_POINT('',(-3.43,-0.93,0.150000000000001));
#6687=CARTESIAN_POINT('',(-3.43,-1.57,0.150000000000001));
#6688=CARTESIAN_POINT('',(-3.43,-1.57,0.150000000000001));
#6689=CARTESIAN_POINT('',(-4.07,-1.57,0.150000000000001));
#6690=CARTESIAN_POINT('',(-4.07,-0.93,0.150000000000001));
#6691=CARTESIAN_POINT('',(-3.85666666666667,-1.14333333333333,0.363333333333335));
#6692=CARTESIAN_POINT('',(-4.07,-1.57,0.150000000000001));
#6693=CARTESIAN_POINT('',(-3.28,0.,0.));
#6694=CARTESIAN_POINT('',(-3.02,0.519999999999999,-0.26));
#6695=CARTESIAN_POINT('',(-2.18666666666667,2.81333333333333,-1.09333333333334));
#6696=CARTESIAN_POINT('',(0.,1.72,0.));
#6697=CARTESIAN_POINT('',(-3.64666666666667,1.14666666666667,0.573333333333334));
#6698=CARTESIAN_POINT('',(0.,0.779999999999997,0.));
#6699=CARTESIAN_POINT('',(-4.48,0.519999999999999,-0.26));
#6700=CARTESIAN_POINT('',(-4.22,0.,0.));
#6701=CARTESIAN_POINT('',(-2.29593975216293E-16,6.48446143595439,-3.56508689756951E-7));
#6702=CARTESIAN_POINT('',(0.32,4.22,2.60999999999999));
#6703=CARTESIAN_POINT('',(0.17,4.22,2.60999999999999));
#6704=CARTESIAN_POINT('',(0.17,4.22,3.1));
#6705=CARTESIAN_POINT('',(0.17,4.22,2.75999999999999));
#6706=CARTESIAN_POINT('',(0.32,4.22,2.75999999999999));
#6707=CARTESIAN_POINT('',(-0.17,4.22,2.75999999999999));
#6708=CARTESIAN_POINT('',(-0.17,4.22,2.60999999999999));
#6709=CARTESIAN_POINT('',(-0.17,4.22,3.1));
#6710=CARTESIAN_POINT('',(0.32,4.22,3.1));
#6711=CARTESIAN_POINT('',(0.32,4.22,3.25));
#6712=CARTESIAN_POINT('',(0.32,4.22,3.25));
#6713=CARTESIAN_POINT('',(0.32,3.67,3.25));
#6714=CARTESIAN_POINT('',(0.32,-4.22,3.25));
#6715=CARTESIAN_POINT('',(0.32,3.67,3.25));
#6716=CARTESIAN_POINT('',(-0.32,3.67,3.25));
#6717=CARTESIAN_POINT('',(-0.32,4.22,3.25));
#6718=CARTESIAN_POINT('',(-0.32,-4.22,3.25));
#6719=CARTESIAN_POINT('',(0.32,-4.22,3.25));
#6720=CARTESIAN_POINT('',(0.32,-4.22,2.31000000000001));
#6721=CARTESIAN_POINT('',(-0.32,-4.22,2.31000000000001));
#6722=CARTESIAN_POINT('',(-0.32,-5.16,2.31000000000001));
#6723=CARTESIAN_POINT('',(0.32,-5.16,2.31000000000001));
#6724=CARTESIAN_POINT('',(0.32,-5.16,2.31000000000001));
#6725=CARTESIAN_POINT('',(0.32,-4.22,2.31000000000001));
#6726=CARTESIAN_POINT('',(0.32,-5.16,2.31000000000001));
#6727=CARTESIAN_POINT('',(-0.32,-5.16,2.31000000000001));
#6728=CARTESIAN_POINT('',(-0.32,-5.16,-1.76));
#6729=CARTESIAN_POINT('',(0.32,-5.16,-1.76));
#6730=CARTESIAN_POINT('',(0.32,-5.16,-1.76));
#6731=CARTESIAN_POINT('',(0.32,-5.16,2.31000000000001));
#6732=CARTESIAN_POINT('',(0.32,-4.52,-2.31));
#6733=CARTESIAN_POINT('',(0.32,-4.67,-2.31));
#6734=CARTESIAN_POINT('',(-0.17,-4.67,-2.31));
#6735=CARTESIAN_POINT('',(0.17,-4.67,-2.31));
#6736=CARTESIAN_POINT('',(0.17,-5.16,-2.31));
#6737=CARTESIAN_POINT('',(0.17,-5.01,-2.31));
#6738=CARTESIAN_POINT('',(0.32,-5.01,-2.31));
#6739=CARTESIAN_POINT('',(-0.17,-5.01,-2.31));
#6740=CARTESIAN_POINT('',(-0.17,-4.52,-2.31));
#6741=CARTESIAN_POINT('',(0.32,-4.52,2.31000000000001));
#6742=CARTESIAN_POINT('',(0.32,-4.52,2.31000000000001));
#6743=CARTESIAN_POINT('',(0.32,-4.52,-1.76));
#6744=CARTESIAN_POINT('',(0.32,-4.52,2.31000000000001));
#6745=CARTESIAN_POINT('',(0.32,-4.52,-1.76));
#6746=CARTESIAN_POINT('',(-0.32,-4.52,-1.76));
#6747=CARTESIAN_POINT('',(-0.32,-4.52,2.31000000000001));
#6748=CARTESIAN_POINT('',(-0.32,-4.52,2.31000000000001));
#6749=CARTESIAN_POINT('',(0.32,-4.52,2.31000000000001));
#6750=CARTESIAN_POINT('',(0.32,-4.22,2.31000000000001));
#6751=CARTESIAN_POINT('',(-0.32,-4.22,2.31000000000001));
#6752=CARTESIAN_POINT('',(-0.32,-4.22,2.61000000000001));
#6753=CARTESIAN_POINT('',(0.32,-4.22,2.61000000000001));
#6754=CARTESIAN_POINT('',(0.32,-4.22,2.61000000000001));
#6755=CARTESIAN_POINT('',(0.32,-4.22,2.31000000000001));
#6756=CARTESIAN_POINT('',(0.32,4.22,2.60999999999999));
#6757=CARTESIAN_POINT('',(-0.32,4.22,2.60999999999999));
#6758=CARTESIAN_POINT('',(-0.32,3.67,2.60999999999999));
#6759=CARTESIAN_POINT('',(0.32,3.67,2.60999999999999));
#6760=CARTESIAN_POINT('',(0.32,3.67,2.60999999999999));
#6761=CARTESIAN_POINT('',(0.32,4.22,2.60999999999999));
#6762=CARTESIAN_POINT('',(0.32,-4.22,2.31000000000001));
#6763=CARTESIAN_POINT('',(0.32,-4.52,-1.76));
#6764=CARTESIAN_POINT('',(0.32,3.67,3.25));
#6765=CARTESIAN_POINT('',(-0.32,-4.22,2.31000000000001));
#6766=CARTESIAN_POINT('',(-0.32,-4.22,-1.76));
#6767=CARTESIAN_POINT('',(-0.32,3.67,2.31000000000001));
#6768=CARTESIAN_POINT('',(-0.17,-4.52,-2.31));
#6769=CARTESIAN_POINT('',(-0.278561151079137,-4.56143884892086,-1.91194244604317));
#6770=CARTESIAN_POINT('',(-0.138273381294964,-4.97827338129496,-2.4263309352518));
#6771=CARTESIAN_POINT('',(0.32,-5.01,-2.31));
#6772=CARTESIAN_POINT('',(0.179712230215827,-5.01971223021583,-2.27438848920864));
#6773=CARTESIAN_POINT('',(0.32,-4.52,-1.76));
#6774=CARTESIAN_POINT('',(0.32,-4.52,-1.76));
#6775=CARTESIAN_POINT('',(0.32,-4.22,-1.76));
#6776=CARTESIAN_POINT('',(0.32,3.67,3.25));
#6777=CARTESIAN_POINT('',(-0.278561151079137,3.82194244604317,3.20856115107913));
#6778=CARTESIAN_POINT('',(0.259136690647483,3.8931654676259,3.18913669064748));
#6779=CARTESIAN_POINT('',(0.32,3.67,2.31000000000001));
#6780=CARTESIAN_POINT('',(0.339424460431654,3.59877697841727,2.59057553956834));
#6781=CARTESIAN_POINT('',(-0.17,4.22,2.60999999999999));
#6782=CARTESIAN_POINT('',(-0.179712230215827,4.18438848920863,2.75028776978417));
#6783=CARTESIAN_POINT('',(0.32,4.22,2.75999999999999));
#6784=CARTESIAN_POINT('',(3.75,3.56446143595439,-4.1800003565087));
#6785=CARTESIAN_POINT('',(0.32,5.47000000000001,3.85999999999998));
#6786=CARTESIAN_POINT('',(0.17,5.47000000000001,3.85999999999998));
#6787=CARTESIAN_POINT('',(0.17,5.47000000000001,4.34999999999998));
#6788=CARTESIAN_POINT('',(0.17,5.47000000000001,4.00999999999998));
#6789=CARTESIAN_POINT('',(0.32,5.47000000000001,4.00999999999998));
#6790=CARTESIAN_POINT('',(-0.17,5.47000000000001,4.00999999999998));
#6791=CARTESIAN_POINT('',(-0.17,5.47000000000001,3.85999999999998));
#6792=CARTESIAN_POINT('',(-0.17,5.47000000000001,4.34999999999998));
#6793=CARTESIAN_POINT('',(0.32,5.47000000000001,4.34999999999998));
#6794=CARTESIAN_POINT('',(0.32,5.47000000000001,4.49999999999998));
#6795=CARTESIAN_POINT('',(0.32,5.47000000000001,4.49999999999998));
#6796=CARTESIAN_POINT('',(0.32,4.92000000000001,4.49999999999998));
#6797=CARTESIAN_POINT('',(0.32,-5.47,4.49999999999998));
#6798=CARTESIAN_POINT('',(0.32,4.92000000000001,4.49999999999998));
#6799=CARTESIAN_POINT('',(-0.32,4.92000000000001,4.49999999999998));
#6800=CARTESIAN_POINT('',(-0.32,5.47000000000001,4.49999999999998));
#6801=CARTESIAN_POINT('',(-0.32,-5.47,4.49999999999998));
#6802=CARTESIAN_POINT('',(0.32,-5.47,4.49999999999998));
#6803=CARTESIAN_POINT('',(0.32,-5.47,3.5600000000001));
#6804=CARTESIAN_POINT('',(-0.32,-5.47,3.5600000000001));
#6805=CARTESIAN_POINT('',(-0.32,-6.41,3.5600000000001));
#6806=CARTESIAN_POINT('',(0.32,-6.41,3.5600000000001));
#6807=CARTESIAN_POINT('',(0.32,-6.41,3.5600000000001));
#6808=CARTESIAN_POINT('',(0.32,-5.47,3.5600000000001));
#6809=CARTESIAN_POINT('',(0.32,-6.41,3.5600000000001));
#6810=CARTESIAN_POINT('',(-0.32,-6.41,3.5600000000001));
#6811=CARTESIAN_POINT('',(-0.32,-6.41,-3.01000000000002));
#6812=CARTESIAN_POINT('',(0.32,-6.41,-3.01000000000002));
#6813=CARTESIAN_POINT('',(0.32,-6.41,-3.01000000000002));
#6814=CARTESIAN_POINT('',(0.32,-6.41,3.5600000000001));
#6815=CARTESIAN_POINT('',(0.32,-5.77,-3.56000000000002));
#6816=CARTESIAN_POINT('',(0.32,-5.92,-3.56000000000002));
#6817=CARTESIAN_POINT('',(-0.17,-5.92,-3.56000000000002));
#6818=CARTESIAN_POINT('',(0.17,-5.92,-3.56000000000002));
#6819=CARTESIAN_POINT('',(0.17,-6.41,-3.56000000000002));
#6820=CARTESIAN_POINT('',(0.17,-6.26,-3.56000000000002));
#6821=CARTESIAN_POINT('',(0.32,-6.26,-3.56000000000002));
#6822=CARTESIAN_POINT('',(-0.17,-6.26,-3.56000000000002));
#6823=CARTESIAN_POINT('',(-0.17,-5.77,-3.56000000000002));
#6824=CARTESIAN_POINT('',(0.32,-5.77,3.5600000000001));
#6825=CARTESIAN_POINT('',(0.32,-5.77,3.5600000000001));
#6826=CARTESIAN_POINT('',(0.32,-5.77,-3.01000000000002));
#6827=CARTESIAN_POINT('',(0.32,-5.77,3.5600000000001));
#6828=CARTESIAN_POINT('',(0.32,-5.77,-3.01000000000002));
#6829=CARTESIAN_POINT('',(-0.32,-5.77,-3.01000000000002));
#6830=CARTESIAN_POINT('',(-0.32,-5.77,3.5600000000001));
#6831=CARTESIAN_POINT('',(-0.32,-5.77,3.5600000000001));
#6832=CARTESIAN_POINT('',(0.32,-5.77,3.5600000000001));
#6833=CARTESIAN_POINT('',(0.32,-5.47,3.5600000000001));
#6834=CARTESIAN_POINT('',(-0.32,-5.47,3.5600000000001));
#6835=CARTESIAN_POINT('',(-0.32,-5.47,3.8600000000001));
#6836=CARTESIAN_POINT('',(0.32,-5.47,3.8600000000001));
#6837=CARTESIAN_POINT('',(0.32,-5.47,3.8600000000001));
#6838=CARTESIAN_POINT('',(0.32,-5.47,3.5600000000001));
#6839=CARTESIAN_POINT('',(0.32,5.47000000000001,3.85999999999998));
#6840=CARTESIAN_POINT('',(-0.32,5.47000000000001,3.85999999999998));
#6841=CARTESIAN_POINT('',(-0.32,4.92000000000001,3.85999999999998));
#6842=CARTESIAN_POINT('',(0.32,4.92000000000001,3.85999999999998));
#6843=CARTESIAN_POINT('',(0.32,4.92000000000001,3.85999999999998));
#6844=CARTESIAN_POINT('',(0.32,5.47000000000001,3.85999999999998));
#6845=CARTESIAN_POINT('',(0.32,-5.47,3.5600000000001));
#6846=CARTESIAN_POINT('',(0.32,-5.77,-3.01000000000002));
#6847=CARTESIAN_POINT('',(0.32,4.92000000000001,4.49999999999998));
#6848=CARTESIAN_POINT('',(-0.32,-5.47,3.5600000000001));
#6849=CARTESIAN_POINT('',(-0.32,-5.47,-3.01000000000002));
#6850=CARTESIAN_POINT('',(-0.32,4.92000000000001,3.5600000000001));
#6851=CARTESIAN_POINT('',(-0.17,-5.77,-3.56000000000002));
#6852=CARTESIAN_POINT('',(-0.278561151079137,-5.81143884892086,-3.16194244604319));
#6853=CARTESIAN_POINT('',(-0.138273381294964,-6.22827338129496,-3.67633093525182));
#6854=CARTESIAN_POINT('',(0.32,-6.26,-3.56000000000002));
#6855=CARTESIAN_POINT('',(0.179712230215827,-6.26971223021583,-3.52438848920866));
#6856=CARTESIAN_POINT('',(0.32,-5.77,-3.01000000000002));
#6857=CARTESIAN_POINT('',(0.32,-5.77,-3.01000000000002));
#6858=CARTESIAN_POINT('',(0.32,-5.47,-3.01000000000002));
#6859=CARTESIAN_POINT('',(0.32,4.92000000000001,4.49999999999998));
#6860=CARTESIAN_POINT('',(-0.278561151079137,5.07194244604317,4.45856115107911));
#6861=CARTESIAN_POINT('',(0.25913669064749,5.14316546762587,4.43913669064746));
#6862=CARTESIAN_POINT('',(0.32,4.92000000000001,3.5600000000001));
#6863=CARTESIAN_POINT('',(0.339424460431647,4.8487769784173,3.84057553956833));
#6864=CARTESIAN_POINT('',(-0.17,5.47000000000001,3.85999999999998));
#6865=CARTESIAN_POINT('',(-0.179712230215827,5.43438848920864,4.00028776978415));
#6866=CARTESIAN_POINT('',(0.32,5.47000000000001,4.00999999999998));
#6867=CARTESIAN_POINT('',(3.75,4.81446143595439,-2.93000035650879));
#6868=CARTESIAN_POINT('',(1.25,4.8244614359544,-2.93000035650879));
#6869=CARTESIAN_POINT('',(1.25,3.57446143595439,-4.1800003565087));
#6870=CARTESIAN_POINT('',(-1.25,4.8244614359544,-2.93000035650879));
#6871=CARTESIAN_POINT('',(-1.25,3.57446143595439,-4.1800003565087));
#6872=CARTESIAN_POINT('',(-3.75,4.8244614359544,-2.93000035650879));
#6873=CARTESIAN_POINT('',(-3.75,3.57446143595439,-4.1800003565087));
#6874=MECHANICAL_DESIGN_GEOMETRIC_PRESENTATION_REPRESENTATION('',(#4230,
#4231,#4232),#6875);
#6875=(
GEOMETRIC_REPRESENTATION_CONTEXT(3)
GLOBAL_UNCERTAINTY_ASSIGNED_CONTEXT((#6879))
GLOBAL_UNIT_ASSIGNED_CONTEXT((#6885,#6884,#6883))
REPRESENTATION_CONTEXT('6260xx210201','TOP_LEVEL_ASSEMBLY_PART')
);
#6876=(
GEOMETRIC_REPRESENTATION_CONTEXT(3)
GLOBAL_UNCERTAINTY_ASSIGNED_CONTEXT((#6880))
GLOBAL_UNIT_ASSIGNED_CONTEXT((#6885,#6884,#6883))
REPRESENTATION_CONTEXT('626008210201','COMPONENT_PART')
);
#6877=(
GEOMETRIC_REPRESENTATION_CONTEXT(3)
GLOBAL_UNCERTAINTY_ASSIGNED_CONTEXT((#6881))
GLOBAL_UNIT_ASSIGNED_CONTEXT((#6885,#6884,#6883))
REPRESENTATION_CONTEXT('6260xx210201_Pin short','COMPONENT_PART')
);
#6878=(
GEOMETRIC_REPRESENTATION_CONTEXT(3)
GLOBAL_UNCERTAINTY_ASSIGNED_CONTEXT((#6882))
GLOBAL_UNIT_ASSIGNED_CONTEXT((#6885,#6884,#6883))
REPRESENTATION_CONTEXT('6260xx210201_Pin long','COMPONENT_PART')
);
#6879=UNCERTAINTY_MEASURE_WITH_UNIT(LENGTH_MEASURE(0.005),#6885,
'DISTANCE_ACCURACY_VALUE','Maximum Tolerance applied to model');
#6880=UNCERTAINTY_MEASURE_WITH_UNIT(LENGTH_MEASURE(0.005),#6885,
'DISTANCE_ACCURACY_VALUE','Maximum Tolerance applied to model');
#6881=UNCERTAINTY_MEASURE_WITH_UNIT(LENGTH_MEASURE(0.005),#6885,
'DISTANCE_ACCURACY_VALUE','Maximum Tolerance applied to model');
#6882=UNCERTAINTY_MEASURE_WITH_UNIT(LENGTH_MEASURE(0.005),#6885,
'DISTANCE_ACCURACY_VALUE','Maximum Tolerance applied to model');
#6883=(
NAMED_UNIT(*)
SI_UNIT($,.STERADIAN.)
SOLID_ANGLE_UNIT()
);
#6884=(
NAMED_UNIT(*)
PLANE_ANGLE_UNIT()
SI_UNIT($,.RADIAN.)
);
#6885=(
LENGTH_UNIT()
NAMED_UNIT(*)
SI_UNIT(.MILLI.,.METRE.)
);
#6886=PRODUCT_DEFINITION_SHAPE('','',#6899);
#6887=PRODUCT_DEFINITION_SHAPE('','',#6900);
#6888=PRODUCT_DEFINITION_SHAPE(' ','NAUO PRDDFN',#28);
#6889=PRODUCT_DEFINITION_SHAPE('','',#6901);
#6890=PRODUCT_DEFINITION_SHAPE(' ','NAUO PRDDFN',#29);
#6891=PRODUCT_DEFINITION_SHAPE('','',#6902);
#6892=PRODUCT_DEFINITION_SHAPE(' ','NAUO PRDDFN',#30);
#6893=PRODUCT_DEFINITION_SHAPE(' ','NAUO PRDDFN',#31);
#6894=PRODUCT_DEFINITION_SHAPE(' ','NAUO PRDDFN',#32);
#6895=PRODUCT_DEFINITION_SHAPE(' ','NAUO PRDDFN',#33);
#6896=PRODUCT_DEFINITION_SHAPE(' ','NAUO PRDDFN',#34);
#6897=PRODUCT_DEFINITION_SHAPE(' ','NAUO PRDDFN',#35);
#6898=PRODUCT_DEFINITION_SHAPE(' ','NAUO PRDDFN',#36);
#6899=PRODUCT_DEFINITION('','',#6907,#6903);
#6900=PRODUCT_DEFINITION('','',#6908,#6904);
#6901=PRODUCT_DEFINITION('','',#6909,#6905);
#6902=PRODUCT_DEFINITION('','',#6910,#6906);
#6903=PRODUCT_DEFINITION_CONTEXT('',#6928,'design');
#6904=PRODUCT_DEFINITION_CONTEXT('',#6928,'design');
#6905=PRODUCT_DEFINITION_CONTEXT('',#6928,'design');
#6906=PRODUCT_DEFINITION_CONTEXT('',#6928,'design');
#6907=PRODUCT_DEFINITION_FORMATION_WITH_SPECIFIED_SOURCE('','',#6915,
 .NOT_KNOWN.);
#6908=PRODUCT_DEFINITION_FORMATION_WITH_SPECIFIED_SOURCE('','',#6916,
 .NOT_KNOWN.);
#6909=PRODUCT_DEFINITION_FORMATION_WITH_SPECIFIED_SOURCE('','',#6917,
 .NOT_KNOWN.);
#6910=PRODUCT_DEFINITION_FORMATION_WITH_SPECIFIED_SOURCE('','',#6918,
 .NOT_KNOWN.);
#6911=PRODUCT_RELATED_PRODUCT_CATEGORY('','',(#6915));
#6912=PRODUCT_RELATED_PRODUCT_CATEGORY('','',(#6916));
#6913=PRODUCT_RELATED_PRODUCT_CATEGORY('','',(#6917));
#6914=PRODUCT_RELATED_PRODUCT_CATEGORY('','',(#6918));
#6915=PRODUCT('6260xx210201','6260xx210201','6260xx210201',(#6923));
#6916=PRODUCT('626008210201','626008210201','626008210201',(#6924));
#6917=PRODUCT('6260xx210201_Pin short','6260xx210201_Pin short',
'6260xx210201_Pin short',(#6925));
#6918=PRODUCT('6260xx210201_Pin long','6260xx210201_Pin long',
'6260xx210201_Pin long',(#6926));
#6919=PRODUCT_CATEGORY('','');
#6920=PRODUCT_CATEGORY('','');
#6921=PRODUCT_CATEGORY('','');
#6922=PRODUCT_CATEGORY('','');
#6923=PRODUCT_CONTEXT('',#6928,'mechanical');
#6924=PRODUCT_CONTEXT('',#6928,'mechanical');
#6925=PRODUCT_CONTEXT('',#6928,'mechanical');
#6926=PRODUCT_CONTEXT('',#6928,'mechanical');
#6927=APPLICATION_PROTOCOL_DEFINITION('international standard',
'automotive_design',2010,#6928);
#6928=APPLICATION_CONTEXT(
'core data for automotive mechanical design processes');
ENDSEC;
END-ISO-10303-21;
