ISO-10303-21;
HEADER;
FILE_DESCRIPTION (( 'STEP AP214' ),
    '1' );
FILE_NAME ('B3B-ZR-SM4-TF.STEP',
    '2023-11-03T15:12:49',
    ( '' ),
    ( '' ),
    'SwSTEP 2.0',
    'SolidWorks 2021',
    '' );
FILE_SCHEMA (( 'AUTOMOTIVE_DESIGN' ));
ENDSEC;

DATA;
#1 = AXIS2_PLACEMENT_3D ( 'NONE', #2458, #3401, #993 ) ;
#2 = CARTESIAN_POINT ( 'NONE',  ( -4.049999999799998029, 5.000000000000000000, -3.300000000200004280 ) ) ;
#3 = ORIENTED_EDGE ( 'NONE', *, *, #2741, .T. ) ;
#4 = CARTESIAN_POINT ( 'NONE',  ( -3.000000000000000888, 5.000000000000000000, -2.800000000200003836 ) ) ;
#5 = CARTESIAN_POINT ( 'NONE',  ( -3.000000000000000888, 0.000000000000000000, -0.5000000000499998931 ) ) ;
#6 = PLANE ( 'NONE',  #2238 ) ;
#7 = AXIS2_PLACEMENT_3D ( 'NONE', #1163, #334, #3356 ) ;
#8 = PRESENTATION_LAYER_ASSIGNMENT (  '', '', ( #2234 ) ) ;
#9 = SURFACE_STYLE_FILL_AREA ( #3312 ) ;
#10 = CARTESIAN_POINT ( 'NONE',  ( -9.850000000000001421, 4.100000000000000533, -0.9500000000000000666 ) ) ;
#11 = ORIENTED_EDGE ( 'NONE', *, *, #2591, .F. ) ;
#12 = AXIS2_PLACEMENT_3D ( 'NONE', #3446, #1642, #1936 ) ;
#13 = VECTOR ( 'NONE', #796, 1000.000000000000000 ) ;
#14 = CARTESIAN_POINT ( 'NONE',  ( -9.850000000000001421, 4.800000000400000744, -0.9000000000000001332 ) ) ;
#15 = DIRECTION ( 'NONE',  ( -1.000000000000000000, 0.000000000000000000, 0.000000000000000000 ) ) ;
#16 = VECTOR ( 'NONE', #162, 1000.000000000000000 ) ;
#17 = CIRCLE ( 'NONE', #2489, 0.1772059531467574112 ) ;
#18 = ORIENTED_EDGE ( 'NONE', *, *, #2190, .F. ) ;
#19 = CARTESIAN_POINT ( 'NONE',  ( -8.249999999999998224, 4.099999999999993427, -1.300000000000000266 ) ) ;
#20 = LINE ( 'NONE', #3364, #2048 ) ;
#21 = VECTOR ( 'NONE', #3566, 1000.000000000000000 ) ;
#22 = VECTOR ( 'NONE', #1090, 1000.000000000000000 ) ;
#23 = FACE_OUTER_BOUND ( 'NONE', #3728, .T. ) ;
#24 = CARTESIAN_POINT ( 'NONE',  ( -10.05000000000000249, 0.000000000000000000, -3.700000000000000178 ) ) ;
#25 = PRESENTATION_LAYER_ASSIGNMENT (  '', '', ( #2438 ) ) ;
#26 = PRODUCT_DEFINITION_CONTEXT ( 'detailed design', #3202, 'design' ) ;
#27 = SURFACE_STYLE_FILL_AREA ( #655 ) ;
#28 = ORIENTED_EDGE ( 'NONE', *, *, #1348, .F. ) ;
#29 = CARTESIAN_POINT ( 'NONE',  ( -10.50000000000000000, 0.000000000000000000, -2.600000000366667230 ) ) ;
#30 = LINE ( 'NONE', #3660, #3182 ) ;
#31 = DIRECTION ( 'NONE',  ( 1.000000000000000000, 0.000000000000000000, 0.000000000000000000 ) ) ;
#32 = LINE ( 'NONE', #3313, #2919 ) ;
#33 = EDGE_CURVE ( 'NONE', #2895, #3662, #2165, .T. ) ;
#34 = LINE ( 'NONE', #2108, #1009 ) ;
#35 = CARTESIAN_POINT ( 'NONE',  ( -10.45000000000000107, 0.000000000000000000, -1.000000000000000000 ) ) ;
#36 = FACE_OUTER_BOUND ( 'NONE', #3329, .T. ) ;
#37 = ORIENTED_EDGE ( 'NONE', *, *, #3048, .T. ) ;
#38 = EDGE_CURVE ( 'NONE', #883, #925, #69, .T. ) ;
#39 = EDGE_CURVE ( 'NONE', #1299, #1069, #3916, .T. ) ;
#40 = PLANE ( 'NONE',  #2182 ) ;
#41 = LINE ( 'NONE', #2499, #496 ) ;
#42 = CIRCLE ( 'NONE', #2264, 0.2500000000000002220 ) ;
#43 = VERTEX_POINT ( 'NONE', #341 ) ;
#44 = ADVANCED_FACE ( 'NONE', ( #2419 ), #1243, .F. ) ;
#45 = PRESENTATION_LAYER_ASSIGNMENT (  '', '', ( #3834 ) ) ;
#46 = ORIENTED_EDGE ( 'NONE', *, *, #3093, .F. ) ;
#47 = FACE_OUTER_BOUND ( 'NONE', #3164, .T. ) ;
#48 = CARTESIAN_POINT ( 'NONE',  ( -6.500000000000000888, 1.899999999999999911, -1.300000000000000266 ) ) ;
#49 = VERTEX_POINT ( 'NONE', #3036 ) ;
#50 = DIRECTION ( 'NONE',  ( -0.000000000000000000, -0.7071067811865506814, 0.7071067811865443531 ) ) ;
#51 = ADVANCED_FACE ( 'NONE', ( #36 ), #1190, .F. ) ;
#52 = CARTESIAN_POINT ( 'NONE',  ( -5.250000000000000888, 1.899999999999999911, -1.300000000000000266 ) ) ;
#53 = DIRECTION ( 'NONE',  ( 0.000000000000000000, 0.000000000000000000, -1.000000000000000000 ) ) ;
#54 = ORIENTED_EDGE ( 'NONE', *, *, #968, .F. ) ;
#55 = CYLINDRICAL_SURFACE ( 'NONE', #2473, 0.2500000000000002220 ) ;
#56 = CARTESIAN_POINT ( 'NONE',  ( -3.650000000000000355, 0.3750000000000000555, -1.000000000000000000 ) ) ;
#57 = DIRECTION ( 'NONE',  ( -1.000000000000000000, 0.000000000000000000, 0.000000000000000000 ) ) ;
#58 = EDGE_CURVE ( 'NONE', #3847, #3780, #391, .T. ) ;
#59 = EDGE_CURVE ( 'NONE', #2633, #2252, #2960, .T. ) ;
#60 = ADVANCED_FACE ( 'NONE', ( #905 ), #852, .T. ) ;
#61 = AXIS2_PLACEMENT_3D ( 'NONE', #1533, #2289, #3490 ) ;
#62 = EDGE_LOOP ( 'NONE', ( #2249, #1139, #2233, #609 ) ) ;
#63 = PLANE ( 'NONE',  #1651 ) ;
#64 = AXIS2_PLACEMENT_3D ( 'NONE', #3692, #2448, #2175 ) ;
#65 = AXIS2_PLACEMENT_3D ( 'NONE', #271, #2947, #228 ) ;
#66 = LINE ( 'NONE', #2506, #1205 ) ;
#67 = CARTESIAN_POINT ( 'NONE',  ( -4.250000000000001776, 1.750000000000000000, -1.899999999999999911 ) ) ;
#68 = VECTOR ( 'NONE', #1070, 1000.000000000000000 ) ;
#69 = LINE ( 'NONE', #1261, #303 ) ;
#70 = CARTESIAN_POINT ( 'NONE',  ( -10.05000000000000249, 5.000000000000000000, -0.5000000000500000041 ) ) ;
#71 = ORIENTED_EDGE ( 'NONE', *, *, #1636, .F. ) ;
#72 = CARTESIAN_POINT ( 'NONE',  ( -3.650000000000000355, 4.799999999799999806, -1.750000000000000222 ) ) ;
#73 = CARTESIAN_POINT ( 'NONE',  ( -10.45000000000000107, 0.2000000000000000111, -1.000000000000000000 ) ) ;
#74 = AXIS2_PLACEMENT_3D ( 'NONE', #3653, #2153, #630 ) ;
#75 = VECTOR ( 'NONE', #1280, 1000.000000000000000 ) ;
#76 = CARTESIAN_POINT ( 'NONE',  ( -9.250000000000000000, 1.600000000000000089, -3.100000000000000533 ) ) ;
#77 = DIRECTION ( 'NONE',  ( -1.000000000000000000, 0.000000000000000000, 0.000000000000000000 ) ) ;
#78 = ORIENTED_EDGE ( 'NONE', *, *, #2226, .F. ) ;
#79 = CIRCLE ( 'NONE', #395, 0.2500000000000002220 ) ;
#80 = VECTOR ( 'NONE', #142, 1000.000000000000000 ) ;
#81 = EDGE_CURVE ( 'NONE', #1662, #2957, #42, .T. ) ;
#82 = VECTOR ( 'NONE', #851, 1000.000000000000227 ) ;
#83 = DIRECTION ( 'NONE',  ( -0.000000000000000000, -0.000000000000000000, -1.000000000000000000 ) ) ;
#84 = EDGE_LOOP ( 'NONE', ( #2575, #2335, #729, #3754 ) ) ;
#85 = EDGE_CURVE ( 'NONE', #3594, #2773, #3398, .T. ) ;
#86 = CARTESIAN_POINT ( 'NONE',  ( -10.45000000199999945, 2.710505431213761085E-17, -2.500000000300000025 ) ) ;
#87 = APPLICATION_CONTEXT ( 'automotive_design' ) ;
#88 = ORIENTED_EDGE ( 'NONE', *, *, #1429, .F. ) ;
#89 = FACE_OUTER_BOUND ( 'NONE', #1191, .T. ) ;
#90 = VERTEX_POINT ( 'NONE', #646 ) ;
#91 = CARTESIAN_POINT ( 'NONE',  ( -6.750000000000000888, 0.2500000000000000000, -3.700000000000000178 ) ) ;
#92 = ORIENTED_EDGE ( 'NONE', *, *, #2868, .T. ) ;
#93 = DIRECTION ( 'NONE',  ( -1.000000000000000000, 0.000000000000000000, 0.000000000000000000 ) ) ;
#94 = ORIENTED_EDGE ( 'NONE', *, *, #677, .T. ) ;
#95 =( NAMED_UNIT ( * ) PLANE_ANGLE_UNIT ( ) SI_UNIT ( $, .RADIAN. ) );
#96 = LINE ( 'NONE', #1281, #1208 ) ;
#97 = EDGE_LOOP ( 'NONE', ( #171, #2072, #3863, #1434, #1556, #985, #2283, #3658, #351, #575, #3002, #2839 ) ) ;
#98 = EDGE_CURVE ( 'NONE', #1740, #1723, #663, .T. ) ;
#99 = DIRECTION ( 'NONE',  ( 0.000000000000000000, 1.000000000000000000, 0.000000000000000000 ) ) ;
#100 = FILL_AREA_STYLE_COLOUR ( '', #3191 ) ;
#101 = ORIENTED_EDGE ( 'NONE', *, *, #390, .T. ) ;
#102 = ORIENTED_EDGE ( 'NONE', *, *, #2226, .T. ) ;
#103 = AXIS2_PLACEMENT_3D ( 'NONE', #2334, #473, #2376 ) ;
#104 = EDGE_CURVE ( 'NONE', #1586, #3662, #543, .T. ) ;
#105 =( LENGTH_UNIT ( ) NAMED_UNIT ( * ) SI_UNIT ( .MILLI., .METRE. ) );
#106 = ORIENTED_EDGE ( 'NONE', *, *, #1387, .F. ) ;
#107 = CARTESIAN_POINT ( 'NONE',  ( -10.50000000000000000, 2.500000000000000000, -2.600000000000000533 ) ) ;
#108 = VERTEX_POINT ( 'NONE', #972 ) ;
#109 = ADVANCED_FACE ( 'NONE', ( #2129 ), #1036, .T. ) ;
#110 = DIRECTION ( 'NONE',  ( 0.000000000000000000, 0.000000000000000000, -1.000000000000000000 ) ) ;
#111 = EDGE_CURVE ( 'NONE', #2304, #960, #3414, .T. ) ;
#112 = ORIENTED_EDGE ( 'NONE', *, *, #3176, .F. ) ;
#113 = CARTESIAN_POINT ( 'NONE',  ( -10.50000000000000000, 0.000000000000000000, -2.999999999400000839 ) ) ;
#114 = LINE ( 'NONE', #394, #1542 ) ;
#115 = VERTEX_POINT ( 'NONE', #1227 ) ;
#116 = CARTESIAN_POINT ( 'NONE',  ( -10.50000000000000000, 4.800000000400000744, -0.9000000000000001332 ) ) ;
#117 = ORIENTED_EDGE ( 'NONE', *, *, #2563, .F. ) ;
#118 = SHAPE_REPRESENTATION ( 'B3B-ZR-SM4-TF', ( #592, #3012, #1821 ), #2243 ) ;
#119 = ORIENTED_EDGE ( 'NONE', *, *, #3592, .T. ) ;
#120 = SURFACE_STYLE_USAGE ( .BOTH. , #3133 ) ;
#121 = ORIENTED_EDGE ( 'NONE', *, *, #98, .T. ) ;
#122 = AXIS2_PLACEMENT_3D ( 'NONE', #3827, #2333, #1959 ) ;
#123 = ORIENTED_EDGE ( 'NONE', *, *, #3264, .T. ) ;
#124 = ORIENTED_EDGE ( 'NONE', *, *, #2701, .F. ) ;
#125 = FACE_OUTER_BOUND ( 'NONE', #2907, .T. ) ;
#126 = ORIENTED_EDGE ( 'NONE', *, *, #2146, .F. ) ;
#127 = DIRECTION ( 'NONE',  ( 0.000000000000000000, 0.000000000000000000, 1.000000000000000000 ) ) ;
#128 = ORIENTED_EDGE ( 'NONE', *, *, #85, .F. ) ;
#129 = EDGE_CURVE ( 'NONE', #2343, #1973, #1584, .T. ) ;
#130 = ADVANCED_FACE ( 'NONE', ( #681 ), #1885, .T. ) ;
#131 = AXIS2_PLACEMENT_3D ( 'NONE', #2565, #186, #495 ) ;
#132 = AXIS2_PLACEMENT_3D ( 'NONE', #2038, #2560, #231 ) ;
#133 = EDGE_LOOP ( 'NONE', ( #2386, #2430, #3088, #2262 ) ) ;
#134 = PLANE ( 'NONE',  #3690 ) ;
#135 = CIRCLE ( 'NONE', #898, 0.1772059531467556903 ) ;
#136 = CIRCLE ( 'NONE', #3560, 0.2500000000000002220 ) ;
#137 = ORIENTED_EDGE ( 'NONE', *, *, #141, .F. ) ;
#138 = VECTOR ( 'NONE', #2748, 1000.000000000000000 ) ;
#139 = EDGE_LOOP ( 'NONE', ( #2397, #1734, #2661, #2368 ) ) ;
#140 = ORIENTED_EDGE ( 'NONE', *, *, #3372, .T. ) ;
#141 = EDGE_CURVE ( 'NONE', #2883, #2195, #2728, .T. ) ;
#142 = DIRECTION ( 'NONE',  ( 0.000000000000000000, 1.000000000000000000, 0.000000000000000000 ) ) ;
#143 = ORIENTED_EDGE ( 'NONE', *, *, #205, .F. ) ;
#144 = DIRECTION ( 'NONE',  ( 1.000000000000000000, 0.000000000000000000, 0.000000000000000000 ) ) ;
#145 = FACE_OUTER_BOUND ( 'NONE', #359, .T. ) ;
#146 = VERTEX_POINT ( 'NONE', #402 ) ;
#147 = EDGE_CURVE ( 'NONE', #3722, #115, #1002, .T. ) ;
#148 = ORIENTED_EDGE ( 'NONE', *, *, #760, .F. ) ;
#149 = DIRECTION ( 'NONE',  ( 0.000000000000000000, 1.000000000000000000, 0.000000000000000000 ) ) ;
#150 = ORIENTED_EDGE ( 'NONE', *, *, #2674, .F. ) ;
#151 = EDGE_LOOP ( 'NONE', ( #1121, #3472, #11, #1908, #2308, #523, #3671, #2559, #2897, #293 ) ) ;
#152 = EDGE_CURVE ( 'NONE', #2792, #3883, #3203, .T. ) ;
#153 = DIRECTION ( 'NONE',  ( 0.000000000000000000, -1.000000000000000000, -0.000000000000000000 ) ) ;
#154 = ADVANCED_FACE ( 'NONE', ( #166 ), #2521, .T. ) ;
#155 = LINE ( 'NONE', #1389, #13 ) ;
#156 = ADVANCED_FACE ( 'NONE', ( #2564 ), #235, .T. ) ;
#157 = ORIENTED_EDGE ( 'NONE', *, *, #1710, .T. ) ;
#158 = DIRECTION ( 'NONE',  ( -0.000000000000000000, 1.000000000000000000, -0.000000000000000000 ) ) ;
#159 = ORIENTED_EDGE ( 'NONE', *, *, #738, .F. ) ;
#160 = LINE ( 'NONE', #694, #569 ) ;
#161 = ORIENTED_EDGE ( 'NONE', *, *, #1321, .T. ) ;
#162 = DIRECTION ( 'NONE',  ( -0.000000000000000000, -0.000000000000000000, -1.000000000000000000 ) ) ;
#163 = CARTESIAN_POINT ( 'NONE',  ( -6.750000000000002665, 4.099999999999993427, -1.300000000000000266 ) ) ;
#164 = DIRECTION ( 'NONE',  ( 1.000000000000000000, 0.000000000000000000, 0.000000000000000000 ) ) ;
#165 = CARTESIAN_POINT ( 'NONE',  ( -3.449999999999999734, 0.000000000000000000, -3.700000000000000178 ) ) ;
#166 = FACE_OUTER_BOUND ( 'NONE', #803, .T. ) ;
#167 = CARTESIAN_POINT ( 'NONE',  ( -13.50000000000000178, 1.899999999999999911, 0.000000000000000000 ) ) ;
#168 = VERTEX_POINT ( 'NONE', #2641 ) ;
#169 = EDGE_LOOP ( 'NONE', ( #71, #1539, #954, #3454, #381 ) ) ;
#170 = DIRECTION ( 'NONE',  ( 0.000000000000000000, 0.000000000000000000, 1.000000000000000000 ) ) ;
#171 = ORIENTED_EDGE ( 'NONE', *, *, #2065, .T. ) ;
#172 = DIRECTION ( 'NONE',  ( -0.5773502691896290617, -0.5773502691896189587, -0.5773502691896290617 ) ) ;
#173 = LINE ( 'NONE', #3793, #3389 ) ;
#174 = EDGE_CURVE ( 'NONE', #1368, #1973, #1424, .T. ) ;
#175 = CARTESIAN_POINT ( 'NONE',  ( -3.650000000000000355, 5.000000000000000000, -2.999999999400000839 ) ) ;
#176 = EDGE_LOOP ( 'NONE', ( #1487, #1500, #2425, #2037 ) ) ;
#177 = VERTEX_POINT ( 'NONE', #561 ) ;
#178 = ADVANCED_FACE ( 'NONE', ( #2018 ), #1473, .T. ) ;
#179 = EDGE_CURVE ( 'NONE', #1876, #3218, #2355, .T. ) ;
#180 = CARTESIAN_POINT ( 'NONE',  ( -9.250000000000000000, 1.899999999999999911, -1.075000000000000178 ) ) ;
#181 = ORIENTED_EDGE ( 'NONE', *, *, #1921, .T. ) ;
#182 = CARTESIAN_POINT ( 'NONE',  ( 9.250000000000000000, 1.600000000000000089, -3.100000000000000533 ) ) ;
#183 = ORIENTED_EDGE ( 'NONE', *, *, #2188, .T. ) ;
#184 = CARTESIAN_POINT ( 'NONE',  ( -10.50000000000000000, 5.000000000000000000, -0.7000000003999973242 ) ) ;
#185 = DIRECTION ( 'NONE',  ( -0.000000000000000000, -1.000000000000000000, -0.000000000000000000 ) ) ;
#186 = DIRECTION ( 'NONE',  ( -4.336808689942013299E-16, 1.000000000000000000, 0.000000000000000000 ) ) ;
#187 = AXIS2_PLACEMENT_3D ( 'NONE', #3342, #568, #3317 ) ;
#188 = ORIENTED_EDGE ( 'NONE', *, *, #438, .T. ) ;
#189 = CARTESIAN_POINT ( 'NONE',  ( -9.250000000000000000, 1.600000000000000311, -1.550000000000000266 ) ) ;
#190 = LINE ( 'NONE', #526, #193 ) ;
#191 = CONICAL_SURFACE ( 'NONE', #1716, 0.1772059531467574112, 0.3490658503988557371 ) ;
#192 = ORIENTED_EDGE ( 'NONE', *, *, #1980, .F. ) ;
#193 = VECTOR ( 'NONE', #238, 1000.000000000000000 ) ;
#194 = CARTESIAN_POINT ( 'NONE',  ( -8.250000000000000000, 0.2500000000000000000, -3.700000000000000178 ) ) ;
#195 = CARTESIAN_POINT ( 'NONE',  ( -9.850000000000001421, 3.200000000000000178, -1.350000000000000089 ) ) ;
#196 = AXIS2_PLACEMENT_3D ( 'NONE', #1077, #756, #2309 ) ;
#197 = AXIS2_PLACEMENT_3D ( 'NONE', #1478, #602, #2689 ) ;
#198 = ORIENTED_EDGE ( 'NONE', *, *, #174, .T. ) ;
#199 = VECTOR ( 'NONE', #1722, 1000.000000000000000 ) ;
#200 = AXIS2_PLACEMENT_3D ( 'NONE', #934, #2169, #3062 ) ;
#201 = ORIENTED_EDGE ( 'NONE', *, *, #3716, .T. ) ;
#202 = CARTESIAN_POINT ( 'NONE',  ( -3.449999999999999734, 0.6499999999999995781, -2.500000000700000502 ) ) ;
#203 = ORIENTED_EDGE ( 'NONE', *, *, #1136, .T. ) ;
#204 = EDGE_CURVE ( 'NONE', #2816, #168, #1772, .T. ) ;
#205 = EDGE_CURVE ( 'NONE', #353, #1291, #3558, .T. ) ;
#206 = DIRECTION ( 'NONE',  ( 1.000000000000000000, 0.000000000000000000, 0.000000000000000000 ) ) ;
#207 = ORIENTED_EDGE ( 'NONE', *, *, #1061, .F. ) ;
#208 = CARTESIAN_POINT ( 'NONE',  ( -9.850000000000001421, 3.750000000000000000, -0.5000000000500000041 ) ) ;
#209 = AXIS2_PLACEMENT_3D ( 'NONE', #167, #598, #1982 ) ;
#210 = PLANE ( 'NONE',  #2411 ) ;
#211 = CARTESIAN_POINT ( 'NONE',  ( -9.250000000000000000, 0.000000000000000000, -3.100000000000000533 ) ) ;
#212 =( GEOMETRIC_REPRESENTATION_CONTEXT ( 3 ) GLOBAL_UNCERTAINTY_ASSIGNED_CONTEXT ( ( #3406 ) ) GLOBAL_UNIT_ASSIGNED_CONTEXT ( ( #3525, #797, #483 ) ) REPRESENTATION_CONTEXT ( 'NONE', 'WORKASPACE' ) );
#213 = FACE_OUTER_BOUND ( 'NONE', #2112, .T. ) ;
#214 = EDGE_LOOP ( 'NONE', ( #553, #399, #2681, #858 ) ) ;
#215 = CARTESIAN_POINT ( 'NONE',  ( -9.450000000200002859, 5.000000000000000000, -1.750000000000000222 ) ) ;
#216 = EDGE_LOOP ( 'NONE', ( #2067, #1766, #1969, #94 ) ) ;
#217 = CARTESIAN_POINT ( 'NONE',  ( -9.850000000000001421, 5.000000000000000000, -0.5000000000500000041 ) ) ;
#218 = ORIENTED_EDGE ( 'NONE', *, *, #3652, .T. ) ;
#219 = EDGE_LOOP ( 'NONE', ( #192, #3420, #201, #2872 ) ) ;
#220 = ORIENTED_EDGE ( 'NONE', *, *, #2625, .T. ) ;
#221 = DIRECTION ( 'NONE',  ( 1.000000000000000000, 0.000000000000000000, -0.000000000000000000 ) ) ;
#222 = CARTESIAN_POINT ( 'NONE',  ( -5.072794046853245753, 0.2500000000000000000, -5.200000000000001066 ) ) ;
#223 = LINE ( 'NONE', #1485, #3328 ) ;
#224 = FILL_AREA_STYLE_COLOUR ( '', #2551 ) ;
#225 = ORIENTED_EDGE ( 'NONE', *, *, #3670, .F. ) ;
#226 = EDGE_LOOP ( 'NONE', ( #207, #1293, #3035, #1480, #3254, #2358 ) ) ;
#227 = LINE ( 'NONE', #2060, #3163 ) ;
#228 = DIRECTION ( 'NONE',  ( 0.000000000000000000, 0.000000000000000000, 1.000000000000000000 ) ) ;
#229 = CARTESIAN_POINT ( 'NONE',  ( -9.850000000000001421, 0.7500000000000001110, -0.5000000000499998931 ) ) ;
#230 = ORIENTED_EDGE ( 'NONE', *, *, #848, .F. ) ;
#231 = DIRECTION ( 'NONE',  ( -1.000000000000000000, 0.000000000000000000, 0.000000000000000000 ) ) ;
#232 = DIRECTION ( 'NONE',  ( 1.000000000000000000, 0.000000000000000000, 0.000000000000000000 ) ) ;
#233 = ADVANCED_FACE ( 'NONE', ( #2660 ), #1418, .T. ) ;
#234 = CLOSED_SHELL ( 'NONE', ( #982, #1923, #3781, #705, #2150, #3753, #2109, #3082, #2508, #567, #559, #837, #3471, #3520, #3623, #2247, #2867, #3128, #908, #3697, #596, #2058, #1521, #719, #1879, #1075, #1166, #873, #959, #1484, #1335, #1788, #311, #379, #2914, #1771, #250, #1616, #3884, #2597, #44, #437, #357, #1004, #2074, #732, #1113, #3812, #2155, #1830, #2664, #1852, #1138, #2460, #1430, #1698, #1184, #2707, #3898, #1803, #520, #2390 ) ) ;
#235 = CYLINDRICAL_SURFACE ( 'NONE', #363, 0.2500000000000002220 ) ;
#236 = CARTESIAN_POINT ( 'NONE',  ( -10.05000000000000249, 0.6499999999999995781, -2.500000000700000502 ) ) ;
#237 = ORIENTED_EDGE ( 'NONE', *, *, #2265, .F. ) ;
#238 = DIRECTION ( 'NONE',  ( -1.000000000000000000, 0.000000000000000000, 0.000000000000000000 ) ) ;
#239 = PRESENTATION_LAYER_ASSIGNMENT (  '', '', ( #2010 ) ) ;
#240 = EDGE_LOOP ( 'NONE', ( #3693, #791, #112, #1513 ) ) ;
#241 = ORIENTED_EDGE ( 'NONE', *, *, #2530, .F. ) ;
#242 = DIRECTION ( 'NONE',  ( 0.000000000000000000, 0.000000000000000000, -1.000000000000000000 ) ) ;
#243 = VERTEX_POINT ( 'NONE', #1169 ) ;
#244 = ORIENTED_EDGE ( 'NONE', *, *, #2229, .T. ) ;
#245 = PLANE ( 'NONE',  #3921 ) ;
#246 = LINE ( 'NONE', #2101, #499 ) ;
#247 = FACE_OUTER_BOUND ( 'NONE', #1783, .T. ) ;
#248 = VERTEX_POINT ( 'NONE', #806 ) ;
#249 = FACE_OUTER_BOUND ( 'NONE', #2091, .T. ) ;
#250 = ADVANCED_FACE ( 'NONE', ( #2104 ), #2602, .F. ) ;
#251 = CARTESIAN_POINT ( 'NONE',  ( -9.850000000000001421, 5.000000000000000000, -2.999999999400000839 ) ) ;
#252 = ORIENTED_EDGE ( 'NONE', *, *, #1913, .F. ) ;
#253 = CARTESIAN_POINT ( 'NONE',  ( -4.250000000000001776, 4.799999999799999806, -1.750000000000000222 ) ) ;
#254 = CARTESIAN_POINT ( 'NONE',  ( -10.10000000000000142, 0.2500000000000000000, -3.700000000000000178 ) ) ;
#255 = ADVANCED_FACE ( 'NONE', ( #494 ), #1150, .T. ) ;
#256 = ORIENTED_EDGE ( 'NONE', *, *, #3140, .F. ) ;
#257 = DIRECTION ( 'NONE',  ( -4.336808689942013299E-16, 1.000000000000000000, 0.000000000000000000 ) ) ;
#258 = EDGE_CURVE ( 'NONE', #3780, #1586, #3657, .T. ) ;
#259 = EDGE_CURVE ( 'NONE', #3405, #1276, #829, .T. ) ;
#260 = AXIS2_PLACEMENT_3D ( 'NONE', #184, #2879, #1402 ) ;
#261 = UNCERTAINTY_MEASURE_WITH_UNIT (LENGTH_MEASURE( 1.000000000000000082E-05 ), #105, 'distance_accuracy_value', 'NONE');
#262 = DIRECTION ( 'NONE',  ( -8.673617379884026597E-16, 0.000000000000000000, -1.000000000000000000 ) ) ;
#263 = PRODUCT_CONTEXT ( 'NONE', #3527, 'mechanical' ) ;
#264 = AXIS2_PLACEMENT_3D ( 'NONE', #19, #1156, #2692 ) ;
#265 = CARTESIAN_POINT ( 'NONE',  ( -3.449999999999999734, 3.750000000000000000, -2.600000000000000533 ) ) ;
#266 = ORIENTED_EDGE ( 'NONE', *, *, #1295, .T. ) ;
#267 = MECHANICAL_DESIGN_GEOMETRIC_PRESENTATION_REPRESENTATION (  '', ( #1975 ), #2114 ) ;
#268 = ORIENTED_EDGE ( 'NONE', *, *, #1760, .T. ) ;
#269 = CARTESIAN_POINT ( 'NONE',  ( -8.427205953146756912, 0.2500000000000000000, -5.200000000000001066 ) ) ;
#270 = CIRCLE ( 'NONE', #2995, 0.2500000000000000000 ) ;
#271 = CARTESIAN_POINT ( 'NONE',  ( -8.249999999999998224, 4.299999999999999822, -1.300000000000000266 ) ) ;
#272 = DIRECTION ( 'NONE',  ( -0.000000000000000000, 0.000000000000000000, 1.000000000000000000 ) ) ;
#273 = VECTOR ( 'NONE', #1619, 1000.000000000000000 ) ;
#274 = DIRECTION ( 'NONE',  ( 1.000000000000000000, -0.000000000000000000, -0.000000000000000000 ) ) ;
#275 = VECTOR ( 'NONE', #1550, 1000.000000000000000 ) ;
#276 = CARTESIAN_POINT ( 'NONE',  ( -5.250000000000002665, 4.099999999999993427, -1.300000000000000266 ) ) ;
#277 = DIRECTION ( 'NONE',  ( 1.000000000000000000, 0.000000000000000000, 0.000000000000000000 ) ) ;
#278 = ORIENTED_EDGE ( 'NONE', *, *, #3854, .F. ) ;
#279 = VECTOR ( 'NONE', #2495, 1000.000000000000000 ) ;
#280 = CARTESIAN_POINT ( 'NONE',  ( -3.000000000000000888, 2.500000000000000000, -3.700000000000000178 ) ) ;
#281 = EDGE_LOOP ( 'NONE', ( #3782, #1784, #1910, #440, #3234, #3685, #1847, #843 ) ) ;
#282 = FILL_AREA_STYLE ('',( #3605 ) ) ;
#283 = VECTOR ( 'NONE', #2426, 1000.000000000000000 ) ;
#284 = ORIENTED_EDGE ( 'NONE', *, *, #2418, .F. ) ;
#285 = EDGE_LOOP ( 'NONE', ( #1072, #3144, #1269, #1691 ) ) ;
#286 = VERTEX_POINT ( 'NONE', #366 ) ;
#287 = FACE_OUTER_BOUND ( 'NONE', #1773, .T. ) ;
#288 = CARTESIAN_POINT ( 'NONE',  ( -3.400000000000000355, 0.2500000000000000000, -2.500000000000000000 ) ) ;
#289 = CARTESIAN_POINT ( 'NONE',  ( -10.05000000000000249, 5.000000000000000000, -2.999999999400000839 ) ) ;
#290 = APPLICATION_PROTOCOL_DEFINITION ( 'draft international standard', 'automotive_design', 1998, #87 ) ;
#291 = ADVANCED_FACE ( 'NONE', ( #1520 ), #601, .F. ) ;
#292 = FACE_OUTER_BOUND ( 'NONE', #2470, .T. ) ;
#293 = ORIENTED_EDGE ( 'NONE', *, *, #688, .T. ) ;
#294 = ORIENTED_EDGE ( 'NONE', *, *, #2539, .F. ) ;
#295 = EDGE_LOOP ( 'NONE', ( #943, #3761, #1902, #3159 ) ) ;
#296 = DIRECTION ( 'NONE',  ( -8.673617379884026597E-16, 0.000000000000000000, -1.000000000000000000 ) ) ;
#297 = LINE ( 'NONE', #2412, #2742 ) ;
#298 = DIRECTION ( 'NONE',  ( -0.000000000000000000, 6.776263581422543044E-17, 1.000000000000000000 ) ) ;
#299 = EDGE_CURVE ( 'NONE', #1595, #1285, #355, .T. ) ;
#300 = DIRECTION ( 'NONE',  ( -0.000000000000000000, -1.000000000000000000, -0.000000000000000000 ) ) ;
#301 = EDGE_LOOP ( 'NONE', ( #2613, #799, #726, #1271 ) ) ;
#302 = LINE ( 'NONE', #3627, #340 ) ;
#303 = VECTOR ( 'NONE', #1553, 1000.000000000000000 ) ;
#304 = DIRECTION ( 'NONE',  ( -1.000000000000000000, 0.000000000000000000, 0.000000000000000000 ) ) ;
#305 =( GEOMETRIC_REPRESENTATION_CONTEXT ( 3 ) GLOBAL_UNCERTAINTY_ASSIGNED_CONTEXT ( ( #261 ) ) GLOBAL_UNIT_ASSIGNED_CONTEXT ( ( #105, #2251, #2504 ) ) REPRESENTATION_CONTEXT ( 'NONE', 'WORKASPACE' ) );
#306 = CARTESIAN_POINT ( 'NONE',  ( -10.50000000000000000, 5.000000000000000000, -1.950000000200003969 ) ) ;
#307 = ADVANCED_FACE ( 'NONE', ( #1185 ), #3375, .F. ) ;
#308 = UNCERTAINTY_MEASURE_WITH_UNIT (LENGTH_MEASURE( 1.000000000000000082E-05 ), #1054, 'distance_accuracy_value', 'NONE');
#309 = VERTEX_POINT ( 'NONE', #969 ) ;
#310 = DIRECTION ( 'NONE',  ( -1.000000000000000000, 0.000000000000000000, 0.000000000000000000 ) ) ;
#311 = ADVANCED_FACE ( 'NONE', ( #2721 ), #3052, .F. ) ;
#312 = ADVANCED_FACE ( 'NONE', ( #1241 ), #1171, .T. ) ;
#313 = CARTESIAN_POINT ( 'NONE',  ( -3.000000000000000888, 2.500000000000000000, -0.9000000000000001332 ) ) ;
#314 =( NAMED_UNIT ( * ) SI_UNIT ( $, .STERADIAN. ) SOLID_ANGLE_UNIT ( ) );
#315 = ORIENTED_EDGE ( 'NONE', *, *, #1396, .T. ) ;
#316 = DIRECTION ( 'NONE',  ( 0.000000000000000000, 0.000000000000000000, 1.000000000000000000 ) ) ;
#317 = MANIFOLD_SOLID_BREP ( 'Split4[1]', #3651 ) ;
#318 = CARTESIAN_POINT ( 'NONE',  ( -6.750000000000002665, 4.099999999999993427, -1.300000000000000266 ) ) ;
#319 = EDGE_LOOP ( 'NONE', ( #3797, #384, #2493, #983 ) ) ;
#320 = CARTESIAN_POINT ( 'NONE',  ( -9.649999999799996786, 5.000000000000000000, -3.199999999600004585 ) ) ;
#321 = CARTESIAN_POINT ( 'NONE',  ( -10.50000000000000000, 5.000000000000000000, -2.800000000200003836 ) ) ;
#322 = FACE_OUTER_BOUND ( 'NONE', #635, .T. ) ;
#323 = VERTEX_POINT ( 'NONE', #2558 ) ;
#324 = CARTESIAN_POINT ( 'NONE',  ( -9.850000000000001421, 0.000000000000000000, -0.5000000000499998931 ) ) ;
#325 = AXIS2_PLACEMENT_3D ( 'NONE', #3551, #2634, #2946 ) ;
#326 = FACE_OUTER_BOUND ( 'NONE', #1356, .T. ) ;
#327 = MANIFOLD_SOLID_BREP ( 'Chamfer1', #2819 ) ;
#328 = DIRECTION ( 'NONE',  ( 0.000000000000000000, -1.000000000000000000, 0.000000000000000000 ) ) ;
#329 = CARTESIAN_POINT ( 'NONE',  ( -3.650000000000000355, 3.074999999700019249, -4.924999999699998021 ) ) ;
#330 = LINE ( 'NONE', #1833, #2287 ) ;
#331 = AXIS2_PLACEMENT_3D ( 'NONE', #1592, #2797, #2727 ) ;
#332 = EDGE_LOOP ( 'NONE', ( #3787, #2478, #1769, #540 ) ) ;
#333 = AXIS2_PLACEMENT_3D ( 'NONE', #265, #2738, #2762 ) ;
#334 = DIRECTION ( 'NONE',  ( 0.000000000000000000, -0.000000000000000000, 1.000000000000000000 ) ) ;
#335 = DIRECTION ( 'NONE',  ( 0.000000000000000000, 1.000000000000000000, 0.000000000000000000 ) ) ;
#336 = EDGE_CURVE ( 'NONE', #1878, #1800, #3699, .T. ) ;
#337 = EDGE_CURVE ( 'NONE', #649, #2195, #2577, .T. ) ;
#338 = LINE ( 'NONE', #1549, #1135 ) ;
#339 = VECTOR ( 'NONE', #874, 1000.000000000000000 ) ;
#340 = VECTOR ( 'NONE', #2471, 1000.000000000000000 ) ;
#341 = CARTESIAN_POINT ( 'NONE',  ( -7.999999999999998224, 4.099999999999993427, -1.300000000000000266 ) ) ;
#342 = AXIS2_PLACEMENT_3D ( 'NONE', #2401, #3610, #3211 ) ;
#343 = VECTOR ( 'NONE', #2896, 1000.000000000000000 ) ;
#344 = DIRECTION ( 'NONE',  ( 0.000000000000000000, 0.000000000000000000, -1.000000000000000000 ) ) ;
#345 = DIRECTION ( 'NONE',  ( 0.000000000000000000, -0.7071067811865536790, 0.7071067811865414665 ) ) ;
#346 = VECTOR ( 'NONE', #1949, 1000.000000000000000 ) ;
#347 = STYLED_ITEM ( 'NONE', ( #2215 ), #2916 ) ;
#348 = MANIFOLD_SOLID_BREP ( 'Boss-Extrude2', #234 ) ;
#349 = DIRECTION ( 'NONE',  ( 0.000000000000000000, 0.000000000000000000, -1.000000000000000000 ) ) ;
#350 = LINE ( 'NONE', #1160, #999 ) ;
#351 = ORIENTED_EDGE ( 'NONE', *, *, #738, .T. ) ;
#352 = ADVANCED_FACE ( 'NONE', ( #89 ), #2874, .T. ) ;
#353 = VERTEX_POINT ( 'NONE', #1329 ) ;
#354 = DIRECTION ( 'NONE',  ( -1.000000000000000000, 0.000000000000000000, 0.000000000000000000 ) ) ;
#355 = LINE ( 'NONE', #1223, #3030 ) ;
#356 = EDGE_LOOP ( 'NONE', ( #3428, #278, #1692, #117, #2893, #2757, #1030, #1361, #1618, #2799 ) ) ;
#357 = ADVANCED_FACE ( 'NONE', ( #1603 ), #1974, .T. ) ;
#358 = DIRECTION ( 'NONE',  ( 0.000000000000000000, 0.000000000000000000, -1.000000000000000000 ) ) ;
#359 = EDGE_LOOP ( 'NONE', ( #2061, #2138, #3415, #3215 ) ) ;
#360 = ADVANCED_FACE ( 'NONE', ( #710 ), #986, .T. ) ;
#361 = PLANE ( 'NONE',  #2032 ) ;
#362 = ORIENTED_EDGE ( 'NONE', *, *, #3413, .T. ) ;
#363 = AXIS2_PLACEMENT_3D ( 'NONE', #3534, #3514, #277 ) ;
#364 = ORIENTED_EDGE ( 'NONE', *, *, #2248, .T. ) ;
#365 = DIRECTION ( 'NONE',  ( -1.000000000000000000, 0.000000000000000000, 0.000000000000000000 ) ) ;
#366 = CARTESIAN_POINT ( 'NONE',  ( -10.10000000000000142, 0.2000000000000000111, -1.000000000000000000 ) ) ;
#367 = CARTESIAN_POINT ( 'NONE',  ( -4.250000000000001776, 4.800000000400000744, -0.9500000002999998694 ) ) ;
#368 = PLANE ( 'NONE',  #3110 ) ;
#369 = DIRECTION ( 'NONE',  ( -1.000000000000000000, 0.000000000000000000, 0.000000000000000000 ) ) ;
#370 = FACE_OUTER_BOUND ( 'NONE', #2953, .T. ) ;
#371 = EDGE_CURVE ( 'NONE', #2816, #835, #160, .T. ) ;
#372 = ORIENTED_EDGE ( 'NONE', *, *, #3549, .F. ) ;
#373 = LINE ( 'NONE', #1279, #3547 ) ;
#374 = FACE_OUTER_BOUND ( 'NONE', #301, .T. ) ;
#375 = ORIENTED_EDGE ( 'NONE', *, *, #3601, .F. ) ;
#376 = CARTESIAN_POINT ( 'NONE',  ( -3.050000000000000711, 0.000000000000000000, -1.000000000000000000 ) ) ;
#377 = EDGE_LOOP ( 'NONE', ( #928, #1609 ) ) ;
#378 = FACE_OUTER_BOUND ( 'NONE', #1409, .T. ) ;
#379 = ADVANCED_FACE ( 'NONE', ( #3572 ), #245, .T. ) ;
#380 = EDGE_CURVE ( 'NONE', #2371, #2256, #2372, .T. ) ;
#381 = ORIENTED_EDGE ( 'NONE', *, *, #1654, .F. ) ;
#382 = CARTESIAN_POINT ( 'NONE',  ( -3.049999992000002269, 0.000000000000000000, -1.850000000000000089 ) ) ;
#383 = AXIS2_PLACEMENT_3D ( 'NONE', #3474, #2859, #743 ) ;
#384 = ORIENTED_EDGE ( 'NONE', *, *, #688, .F. ) ;
#385 = VECTOR ( 'NONE', #1497, 1000.000000000000000 ) ;
#386 = ORIENTED_EDGE ( 'NONE', *, *, #1797, .T. ) ;
#387 = VECTOR ( 'NONE', #1786, 1000.000000000000000 ) ;
#388 = FACE_OUTER_BOUND ( 'NONE', #2862, .T. ) ;
#389 = COLOUR_RGB ( '',0.7960784313725489669, 0.8235294117647058432, 0.9372549019607843146 ) ;
#390 = EDGE_CURVE ( 'NONE', #2087, #1723, #763, .T. ) ;
#391 = LINE ( 'NONE', #1911, #1282 ) ;
#392 = DIRECTION ( 'NONE',  ( 0.000000000000000000, 0.000000000000000000, -1.000000000000000000 ) ) ;
#393 = LINE ( 'NONE', #1008, #2172 ) ;
#394 = CARTESIAN_POINT ( 'NONE',  ( -3.449999999999999734, 5.000000000000000000, -0.5000000000500000041 ) ) ;
#395 = AXIS2_PLACEMENT_3D ( 'NONE', #1483, #3855, #2340 ) ;
#396 = AXIS2_PLACEMENT_3D ( 'NONE', #3017, #296, #2140 ) ;
#397 = VECTOR ( 'NONE', #1445, 1000.000000000000000 ) ;
#398 = EDGE_CURVE ( 'NONE', #3405, #3594, #3262, .T. ) ;
#399 = ORIENTED_EDGE ( 'NONE', *, *, #723, .F. ) ;
#400 = EDGE_CURVE ( 'NONE', #3332, #3130, #227, .T. ) ;
#401 = CARTESIAN_POINT ( 'NONE',  ( -3.000000000000000888, 5.000000000000000000, -1.950000000200003969 ) ) ;
#402 = CARTESIAN_POINT ( 'NONE',  ( -6.572794046853244865, 0.2500000000000000000, -5.200000000000001066 ) ) ;
#403 = PLANE ( 'NONE',  #1731 ) ;
#404 = DIRECTION ( 'NONE',  ( 0.000000000000000000, -1.000000000000000000, 0.000000000000000000 ) ) ;
#405 = ORIENTED_EDGE ( 'NONE', *, *, #39, .F. ) ;
#406 = DIRECTION ( 'NONE',  ( 0.000000000000000000, -1.000000000000000000, -0.000000000000000000 ) ) ;
#407 = LINE ( 'NONE', #3480, #3318 ) ;
#408 = DIRECTION ( 'NONE',  ( 1.000000000000000000, 0.000000000000000000, 0.000000000000000000 ) ) ;
#409 = EDGE_CURVE ( 'NONE', #2216, #1338, #1693, .T. ) ;
#410 = CARTESIAN_POINT ( 'NONE',  ( -4.050000000399998967, 5.000000000000000000, -0.2000000003999972409 ) ) ;
#411 = LINE ( 'NONE', #1631, #2043 ) ;
#412 = ORIENTED_EDGE ( 'NONE', *, *, #2759, .T. ) ;
#413 = ADVANCED_FACE ( 'NONE', ( #2967 ), #845, .T. ) ;
#414 = CYLINDRICAL_SURFACE ( 'NONE', #1255, 0.05000000000000012768 ) ;
#415 = LINE ( 'NONE', #1634, #3616 ) ;
#416 = ORIENTED_EDGE ( 'NONE', *, *, #2625, .F. ) ;
#417 = DIRECTION ( 'NONE',  ( 1.000000000000000000, 0.000000000000000000, 0.000000000000000000 ) ) ;
#418 = ORIENTED_EDGE ( 'NONE', *, *, #2084, .T. ) ;
#419 = EDGE_CURVE ( 'NONE', #2851, #2505, #1436, .T. ) ;
#420 = ORIENTED_EDGE ( 'NONE', *, *, #479, .T. ) ;
#421 = DIRECTION ( 'NONE',  ( 0.000000000000000000, 0.000000000000000000, 1.000000000000000000 ) ) ;
#422 = CARTESIAN_POINT ( 'NONE',  ( -3.000000000000002665, 5.000000000000000888, 0.000000000000000000 ) ) ;
#423 = CARTESIAN_POINT ( 'NONE',  ( -5.250000000000002665, 4.299999999999999822, -1.300000000000000266 ) ) ;
#424 = ORIENTED_EDGE ( 'NONE', *, *, #1775, .T. ) ;
#425 = CARTESIAN_POINT ( 'NONE',  ( -3.650000000000000355, 0.2500000000000000555, -2.500000000000000000 ) ) ;
#426 = ORIENTED_EDGE ( 'NONE', *, *, #1370, .F. ) ;
#427 = DIRECTION ( 'NONE',  ( -1.000000000000000000, 0.000000000000000000, 0.000000000000000000 ) ) ;
#428 = CARTESIAN_POINT ( 'NONE',  ( -3.366666666666663588, 4.516666666466668367, -1.466666666666663454 ) ) ;
#429 = VERTEX_POINT ( 'NONE', #3530 ) ;
#430 = AXIS2_PLACEMENT_3D ( 'NONE', #2894, #1993, #1059 ) ;
#431 = ORIENTED_EDGE ( 'NONE', *, *, #2413, .F. ) ;
#432 = ORIENTED_EDGE ( 'NONE', *, *, #1855, .F. ) ;
#433 = DIRECTION ( 'NONE',  ( 0.5773502691896290617, -0.5773502691896189587, -0.5773502691896290617 ) ) ;
#434 = VECTOR ( 'NONE', #1720, 1000.000000000000000 ) ;
#435 = VERTEX_POINT ( 'NONE', #2078 ) ;
#436 = LINE ( 'NONE', #1655, #1792 ) ;
#437 = ADVANCED_FACE ( 'NONE', ( #3219 ), #2313, .F. ) ;
#438 = EDGE_CURVE ( 'NONE', #353, #1038, #2652, .T. ) ;
#439 = CIRCLE ( 'NONE', #65, 0.1772059531467556903 ) ;
#440 = ORIENTED_EDGE ( 'NONE', *, *, #1450, .T. ) ;
#441 = ORIENTED_EDGE ( 'NONE', *, *, #2479, .F. ) ;
#442 = CIRCLE ( 'NONE', #502, 0.1772059531467556903 ) ;
#443 = CIRCLE ( 'NONE', #3683, 0.2500000000000002220 ) ;
#444 = AXIS2_PLACEMENT_3D ( 'NONE', #3460, #727, #1165 ) ;
#445 = CARTESIAN_POINT ( 'NONE',  ( -9.850000000000001421, 0.000000000000000000, -2.500000000000000000 ) ) ;
#446 = VECTOR ( 'NONE', #1046, 1000.000000000000227 ) ;
#447 = AXIS2_PLACEMENT_3D ( 'NONE', #3382, #1555, #668 ) ;
#448 = UNCERTAINTY_MEASURE_WITH_UNIT (LENGTH_MEASURE( 1.000000000000000082E-05 ), #3545, 'distance_accuracy_value', 'NONE');
#449 = PRESENTATION_STYLE_ASSIGNMENT (( #755 ) ) ;
#450 = SURFACE_STYLE_USAGE ( .BOTH. , #466 ) ;
#451 = AXIS2_PLACEMENT_3D ( 'NONE', #3831, #3536, #3206 ) ;
#452 = VERTEX_POINT ( 'NONE', #1120 ) ;
#453 = ADVANCED_FACE ( 'NONE', ( #3352 ), #1851, .T. ) ;
#454 = AXIS2_PLACEMENT_3D ( 'NONE', #3794, #2911, #1095 ) ;
#455 = ORIENTED_EDGE ( 'NONE', *, *, #2045, .F. ) ;
#456 = DIRECTION ( 'NONE',  ( 0.000000000000000000, 0.000000000000000000, -1.000000000000000000 ) ) ;
#457 = PLANE ( 'NONE',  #1667 ) ;
#458 = LINE ( 'NONE', #2318, #3543 ) ;
#459 = DIRECTION ( 'NONE',  ( 0.000000000000000000, -1.000000000000000000, 0.000000000000000000 ) ) ;
#460 = PLANE ( 'NONE',  #2915 ) ;
#461 = ADVANCED_FACE ( 'NONE', ( #2617 ), #468, .F. ) ;
#462 = ORIENTED_EDGE ( 'NONE', *, *, #2331, .F. ) ;
#463 = CARTESIAN_POINT ( 'NONE',  ( -10.05000000000000249, 0.6499999999999991340, -0.9999999993000000531 ) ) ;
#464 = EDGE_CURVE ( 'NONE', #2688, #889, #3198, .T. ) ;
#465 = CARTESIAN_POINT ( 'NONE',  ( -3.249999999799996431, 5.000000000000000000, -3.199999999600004585 ) ) ;
#466 = SURFACE_SIDE_STYLE ('',( #1288 ) ) ;
#467 = ORIENTED_EDGE ( 'NONE', *, *, #3369, .T. ) ;
#468 = PLANE ( 'NONE',  #1249 ) ;
#469 = LINE ( 'NONE', #1145, #2123 ) ;
#470 = ORIENTED_EDGE ( 'NONE', *, *, #390, .F. ) ;
#471 = CARTESIAN_POINT ( 'NONE',  ( -10.05000000000000249, 0.000000000000000000, -0.9000000000000001332 ) ) ;
#472 = FACE_OUTER_BOUND ( 'NONE', #240, .T. ) ;
#473 = DIRECTION ( 'NONE',  ( 0.000000000000000000, 1.000000000000000000, 0.000000000000000000 ) ) ;
#474 = DIRECTION ( 'NONE',  ( 0.000000000000000000, 0.000000000000000000, -1.000000000000000000 ) ) ;
#475 = ORIENTED_EDGE ( 'NONE', *, *, #484, .F. ) ;
#476 = LINE ( 'NONE', #808, #2545 ) ;
#477 = EDGE_LOOP ( 'NONE', ( #3640, #546, #3673, #3400, #3469 ) ) ;
#478 = APPLICATION_CONTEXT ( 'automotive_design' ) ;
#479 = EDGE_CURVE ( 'NONE', #1448, #286, #1789, .T. ) ;
#480 = ORIENTED_EDGE ( 'NONE', *, *, #2479, .T. ) ;
#481 = LINE ( 'NONE', #2614, #2544 ) ;
#482 = DIRECTION ( 'NONE',  ( 1.000000000000000000, 0.000000000000000000, 0.000000000000000000 ) ) ;
#483 =( NAMED_UNIT ( * ) SI_UNIT ( $, .STERADIAN. ) SOLID_ANGLE_UNIT ( ) );
#484 = EDGE_CURVE ( 'NONE', #1425, #243, #781, .T. ) ;
#485 = DIRECTION ( 'NONE',  ( -1.000000000000000000, 0.000000000000000000, 0.000000000000000000 ) ) ;
#486 = ORIENTED_EDGE ( 'NONE', *, *, #2906, .F. ) ;
#487 = ORIENTED_EDGE ( 'NONE', *, *, #1366, .F. ) ;
#488 = CARTESIAN_POINT ( 'NONE',  ( -9.850000000000001421, 0.7500000000000001110, -2.600000000000000089 ) ) ;
#489 = DIRECTION ( 'NONE',  ( -0.000000000000000000, -0.000000000000000000, 1.000000000000000000 ) ) ;
#490 = ORIENTED_EDGE ( 'NONE', *, *, #1820, .F. ) ;
#491 = CARTESIAN_POINT ( 'NONE',  ( -3.449999999999999734, 5.000000000000000000, -2.999999999400000839 ) ) ;
#492 = ORIENTED_EDGE ( 'NONE', *, *, #1423, .T. ) ;
#493 = LINE ( 'NONE', #165, #434 ) ;
#494 = FACE_OUTER_BOUND ( 'NONE', #1930, .T. ) ;
#495 = DIRECTION ( 'NONE',  ( 1.000000000000000000, 0.000000000000000000, 0.000000000000000000 ) ) ;
#496 = VECTOR ( 'NONE', #3125, 1000.000000000000227 ) ;
#497 = ORIENTED_EDGE ( 'NONE', *, *, #2369, .F. ) ;
#498 = LINE ( 'NONE', #2357, #3390 ) ;
#499 = VECTOR ( 'NONE', #3165, 1000.000000000000000 ) ;
#500 = VERTEX_POINT ( 'NONE', #2918 ) ;
#501 = VERTEX_POINT ( 'NONE', #202 ) ;
#502 = AXIS2_PLACEMENT_3D ( 'NONE', #1987, #2042, #1663 ) ;
#503 = FACE_OUTER_BOUND ( 'NONE', #1023, .T. ) ;
#504 =( GEOMETRIC_REPRESENTATION_CONTEXT ( 3 ) GLOBAL_UNCERTAINTY_ASSIGNED_CONTEXT ( ( #1236 ) ) GLOBAL_UNIT_ASSIGNED_CONTEXT ( ( #690, #3633, #2574 ) ) REPRESENTATION_CONTEXT ( 'NONE', 'WORKASPACE' ) );
#505 = ORIENTED_EDGE ( 'NONE', *, *, #848, .T. ) ;
#506 = ORIENTED_EDGE ( 'NONE', *, *, #1933, .T. ) ;
#507 = VECTOR ( 'NONE', #648, 1000.000000000000000 ) ;
#508 = VECTOR ( 'NONE', #1320, 1000.000000000000227 ) ;
#509 = EDGE_CURVE ( 'NONE', #2485, #1751, #1397, .T. ) ;
#510 = ORIENTED_EDGE ( 'NONE', *, *, #2244, .F. ) ;
#511 = DIRECTION ( 'NONE',  ( 0.000000000000000000, 0.000000000000000000, -1.000000000000000000 ) ) ;
#512 = VECTOR ( 'NONE', #257, 1000.000000000000000 ) ;
#513 = VECTOR ( 'NONE', #474, 1000.000000000000000 ) ;
#514 = ORIENTED_EDGE ( 'NONE', *, *, #2244, .T. ) ;
#515 = DIRECTION ( 'NONE',  ( 0.000000000000000000, 1.000000000000000000, 0.000000000000000000 ) ) ;
#516 = DIRECTION ( 'NONE',  ( -0.000000000000000000, -1.000000000000000000, -0.000000000000000000 ) ) ;
#517 = CARTESIAN_POINT ( 'NONE',  ( -4.250000000000001776, 3.200000000000000622, -0.9500000000749999618 ) ) ;
#518 = ORIENTED_EDGE ( 'NONE', *, *, #2772, .F. ) ;
#519 = EDGE_CURVE ( 'NONE', #1038, #1198, #686, .T. ) ;
#520 = ADVANCED_FACE ( 'NONE', ( #23 ), #361, .F. ) ;
#521 = DIRECTION ( 'NONE',  ( 0.000000000000000000, -0.7071067811865444641, 0.7071067811865505703 ) ) ;
#522 = MECHANICAL_DESIGN_GEOMETRIC_PRESENTATION_REPRESENTATION (  '', ( #3330 ), #212 ) ;
#523 = ORIENTED_EDGE ( 'NONE', *, *, #935, .T. ) ;
#524 = CARTESIAN_POINT ( 'NONE',  ( -9.850000000000001421, 0.7500000000000001110, -2.999999999400000839 ) ) ;
#525 = VERTEX_POINT ( 'NONE', #2213 ) ;
#526 = CARTESIAN_POINT ( 'NONE',  ( -9.549999999999998934, 3.200000000000000178, -1.750000000000000222 ) ) ;
#527 = ORIENTED_EDGE ( 'NONE', *, *, #179, .T. ) ;
#528 = CARTESIAN_POINT ( 'NONE',  ( -3.650000000000000355, 4.800000000400000744, -0.5000000000500000041 ) ) ;
#529 = LINE ( 'NONE', #1132, #585 ) ;
#530 = LINE ( 'NONE', #3233, #957 ) ;
#531 = ITEM_DEFINED_TRANSFORMATION ( 'NONE', 'NONE', #1821,  #1018 ) ;
#532 = ORIENTED_EDGE ( 'NONE', *, *, #337, .T. ) ;
#533 = VERTEX_POINT ( 'NONE', #1217 ) ;
#534 = EDGE_CURVE ( 'NONE', #2252, #2633, #689, .T. ) ;
#535 = CARTESIAN_POINT ( 'NONE',  ( -10.05000000000000249, 1.974999999999999867, -0.9000000000000001332 ) ) ;
#536 = ORIENTED_EDGE ( 'NONE', *, *, #1228, .F. ) ;
#537 = CARTESIAN_POINT ( 'NONE',  ( -3.650000000000000355, 0.7500000000000001110, -0.8999999999999998002 ) ) ;
#538 = DIRECTION ( 'NONE',  ( 4.188538737677060174E-17, -0.9396926207859062075, 0.3420201433256743750 ) ) ;
#539 = LINE ( 'NONE', #3220, #1544 ) ;
#540 = ORIENTED_EDGE ( 'NONE', *, *, #782, .T. ) ;
#541 = CARTESIAN_POINT ( 'NONE',  ( -8.249999999999998224, 4.299999999999999822, -1.477205953146755846 ) ) ;
#542 = CARTESIAN_POINT ( 'NONE',  ( -9.516666666400002583, 5.066666666799998886, -0.1333333335999973557 ) ) ;
#543 = CIRCLE ( 'NONE', #2767, 0.2500000000000000000 ) ;
#544 = EDGE_CURVE ( 'NONE', #2607, #1198, #654, .T. ) ;
#545 = CARTESIAN_POINT ( 'NONE',  ( -10.10000000000000142, 0.2000000002500000873, -2.500000000000000000 ) ) ;
#546 = ORIENTED_EDGE ( 'NONE', *, *, #3266, .T. ) ;
#547 = VECTOR ( 'NONE', #1953, 1000.000000000000000 ) ;
#548 = ORIENTED_EDGE ( 'NONE', *, *, #3735, .F. ) ;
#549 = ORIENTED_EDGE ( 'NONE', *, *, #3136, .F. ) ;
#550 = LINE ( 'NONE', #3585, #886 ) ;
#551 = DIRECTION ( 'NONE',  ( 0.000000000000000000, -1.000000000000000000, 0.000000000000000000 ) ) ;
#552 = CARTESIAN_POINT ( 'NONE',  ( -9.250000000000000000, 4.799999999799999806, -3.100000000000000533 ) ) ;
#553 = ORIENTED_EDGE ( 'NONE', *, *, #3497, .F. ) ;
#554 = EDGE_CURVE ( 'NONE', #3201, #2917, #41, .T. ) ;
#555 = ORIENTED_EDGE ( 'NONE', *, *, #3355, .F. ) ;
#556 = ORIENTED_EDGE ( 'NONE', *, *, #1186, .T. ) ;
#557 = CARTESIAN_POINT ( 'NONE',  ( -10.05000000000000249, 0.2500000000000002220, -2.999999999400000839 ) ) ;
#558 = PLANE ( 'NONE',  #946 ) ;
#559 = ADVANCED_FACE ( 'NONE', ( #3709 ), #3418, .F. ) ;
#560 = DIRECTION ( 'NONE',  ( 0.000000000000000000, 0.000000000000000000, -1.000000000000000000 ) ) ;
#561 = CARTESIAN_POINT ( 'NONE',  ( -7.999999999999998224, 0.2500000000000000000, -4.999999999999987566 ) ) ;
#562 = ORIENTED_EDGE ( 'NONE', *, *, #935, .F. ) ;
#563 = CARTESIAN_POINT ( 'NONE',  ( -9.449999999600002809, 5.000000000000000000, 0.000000000000000000 ) ) ;
#564 =( REPRESENTATION_RELATIONSHIP ('NONE','NONE', #118, #1863 ) REPRESENTATION_RELATIONSHIP_WITH_TRANSFORMATION ( #3613 )SHAPE_REPRESENTATION_RELATIONSHIP( ) );
#565 = FACE_OUTER_BOUND ( 'NONE', #1944, .T. ) ;
#566 = EDGE_CURVE ( 'NONE', #2159, #2461, #669, .T. ) ;
#567 = ADVANCED_FACE ( 'NONE', ( #3650 ), #3388, .F. ) ;
#568 = DIRECTION ( 'NONE',  ( -0.000000000000000000, -0.000000000000000000, -1.000000000000000000 ) ) ;
#569 = VECTOR ( 'NONE', #1373, 1000.000000000000227 ) ;
#570 = DIRECTION ( 'NONE',  ( -0.7071067811865414665, -0.7071067811865536790, -0.000000000000000000 ) ) ;
#571 = AXIS2_PLACEMENT_3D ( 'NONE', #1087, #3184, #3533 ) ;
#572 = DIRECTION ( 'NONE',  ( 0.000000000000000000, 0.000000000000000000, -1.000000000000000000 ) ) ;
#573 = CARTESIAN_POINT ( 'NONE',  ( -3.449999999999999734, 4.800000000400000744, -0.5000000000500000041 ) ) ;
#574 = AXIS2_PLACEMENT_3D ( 'NONE', #1870, #3065, #2154 ) ;
#575 = ORIENTED_EDGE ( 'NONE', *, *, #3027, .F. ) ;
#576 = VECTOR ( 'NONE', #2337, 1000.000000000000000 ) ;
#577 = PRODUCT_DEFINITION_CONTEXT ( 'detailed design', #1857, 'design' ) ;
#578 = FACE_OUTER_BOUND ( 'NONE', #151, .T. ) ;
#579 = ORIENTED_EDGE ( 'NONE', *, *, #941, .T. ) ;
#580 = CARTESIAN_POINT ( 'NONE',  ( -3.449999999999999734, 4.799999999799999806, -2.999999999400000839 ) ) ;
#581 = LINE ( 'NONE', #5, #2732 ) ;
#582 = FACE_OUTER_BOUND ( 'NONE', #295, .T. ) ;
#583 = VECTOR ( 'NONE', #3918, 1000.000000000000000 ) ;
#584 = CARTESIAN_POINT ( 'NONE',  ( -3.449999999999999734, 5.000000000000000000, -2.999999999400000839 ) ) ;
#585 = VECTOR ( 'NONE', #3281, 1000.000000000000000 ) ;
#586 = VECTOR ( 'NONE', #1045, 1000.000000000000000 ) ;
#587 = PRESENTATION_STYLE_ASSIGNMENT (( #3894 ) ) ;
#588 = ORIENTED_EDGE ( 'NONE', *, *, #3001, .F. ) ;
#589 = ADVANCED_FACE ( 'NONE', ( #378 ), #1968, .T. ) ;
#590 = DIRECTION ( 'NONE',  ( 8.673617379884026597E-16, 0.000000000000000000, -1.000000000000000000 ) ) ;
#591 = CARTESIAN_POINT ( 'NONE',  ( -10.17500000000000071, 0.000000000000000000, -2.600000000000000533 ) ) ;
#592 = AXIS2_PLACEMENT_3D ( 'NONE', #1809, #1486, #3590 ) ;
#593 = DIRECTION ( 'NONE',  ( 1.000000000000000000, 0.000000000000000000, 0.000000000000000000 ) ) ;
#594 = EDGE_CURVE ( 'NONE', #2782, #3723, #3606, .T. ) ;
#595 = CARTESIAN_POINT ( 'NONE',  ( -5.500000000000001776, 0.2499999999999999445, -3.700000000000000178 ) ) ;
#596 = ADVANCED_FACE ( 'NONE', ( #3642 ), #1172, .F. ) ;
#597 = DIRECTION ( 'NONE',  ( -1.000000000000000000, 0.000000000000000000, 0.000000000000000000 ) ) ;
#598 = DIRECTION ( 'NONE',  ( 0.000000000000000000, 1.000000000000000000, 0.000000000000000000 ) ) ;
#599 = DIRECTION ( 'NONE',  ( 0.000000000000000000, 1.000000000000000000, 0.000000000000000000 ) ) ;
#600 = LINE ( 'NONE', #1790, #2227 ) ;
#601 = PLANE ( 'NONE',  #2142 ) ;
#602 = DIRECTION ( 'NONE',  ( 0.000000000000000000, 0.000000000000000000, 1.000000000000000000 ) ) ;
#603 = LINE ( 'NONE', #2454, #2803 ) ;
#604 = CARTESIAN_POINT ( 'NONE',  ( -3.449999999999999734, 0.000000000000000000, -2.999999999400000839 ) ) ;
#605 = EDGE_CURVE ( 'NONE', #525, #43, #2088, .T. ) ;
#606 = CARTESIAN_POINT ( 'NONE',  ( -8.503000000000000114, 4.299999999999999822, -1.552999999999999936 ) ) ;
#607 = ORIENTED_EDGE ( 'NONE', *, *, #258, .F. ) ;
#608 = DIRECTION ( 'NONE',  ( 0.7071067811865414665, -0.7071067811865536790, 0.000000000000000000 ) ) ;
#609 = ORIENTED_EDGE ( 'NONE', *, *, #3259, .F. ) ;
#610 = CARTESIAN_POINT ( 'NONE',  ( -9.850000000000001421, 3.200000000000000178, -0.9499999999999999556 ) ) ;
#611 = COLOUR_RGB ( '',0.7960784313725489669, 0.8235294117647058432, 0.9372549019607843146 ) ;
#612 = CARTESIAN_POINT ( 'NONE',  ( -3.000000000000000888, 0.000000000000000000, -3.700000000000000178 ) ) ;
#613 = EDGE_CURVE ( 'NONE', #323, #2816, #623, .T. ) ;
#614 = EDGE_CURVE ( 'NONE', #3847, #2895, #1525, .T. ) ;
#615 = DIRECTION ( 'NONE',  ( 0.000000000000000000, 0.000000000000000000, -1.000000000000000000 ) ) ;
#616 = CARTESIAN_POINT ( 'NONE',  ( -9.850000000000001421, 5.000000000000000000, -2.999999999400000839 ) ) ;
#617 = DIRECTION ( 'NONE',  ( -0.000000000000000000, 0.7071067811865536790, 0.7071067811865414665 ) ) ;
#618 = LINE ( 'NONE', #3051, #138 ) ;
#619 = DIRECTION ( 'NONE',  ( 0.000000000000000000, 0.000000000000000000, -1.000000000000000000 ) ) ;
#620 = DIRECTION ( 'NONE',  ( 1.000000000000000000, -0.000000000000000000, -0.000000000000000000 ) ) ;
#621 =( NAMED_UNIT ( * ) PLANE_ANGLE_UNIT ( ) SI_UNIT ( $, .RADIAN. ) );
#622 = LINE ( 'NONE', #1859, #275 ) ;
#623 = LINE ( 'NONE', #1503, #2344 ) ;
#624 = DIRECTION ( 'NONE',  ( 0.000000000000000000, -1.000000000000000000, 0.000000000000000000 ) ) ;
#625 = LINE ( 'NONE', #1827, #3424 ) ;
#626 = DIRECTION ( 'NONE',  ( 0.000000000000000000, -1.000000000000000000, 0.000000000000000000 ) ) ;
#627 = CARTESIAN_POINT ( 'NONE',  ( -10.10000000000000142, 0.2500000000000000000, -2.500000000000000000 ) ) ;
#628 = CARTESIAN_POINT ( 'NONE',  ( -6.500000000000000888, 0.2500000000000000000, -3.700000000000000178 ) ) ;
#629 = CARTESIAN_POINT ( 'NONE',  ( -5.250000000000002665, 0.2500000000000000000, -5.200000000000001066 ) ) ;
#630 = DIRECTION ( 'NONE',  ( 1.000000000000000000, 0.000000000000000000, 0.000000000000000000 ) ) ;
#631 = CIRCLE ( 'NONE', #3481, 0.2500000000000002220 ) ;
#632 = CIRCLE ( 'NONE', #2842, 0.2500000000000002220 ) ;
#633 = CARTESIAN_POINT ( 'NONE',  ( 0.000000000000000000, 0.000000000000000000, 0.000000000000000000 ) ) ;
#634 = LINE ( 'NONE', #48, #3732 ) ;
#635 = EDGE_LOOP ( 'NONE', ( #3478, #2726, #1302, #3507 ) ) ;
#636 = EDGE_CURVE ( 'NONE', #3647, #1945, #3212, .T. ) ;
#637 = AXIS2_PLACEMENT_3D ( 'NONE', #1461, #759, #3237 ) ;
#638 = LINE ( 'NONE', #3075, #3070 ) ;
#639 = STYLED_ITEM ( 'NONE', ( #2516 ), #2944 ) ;
#640 = DIRECTION ( 'NONE',  ( 0.000000000000000000, 0.000000000000000000, -1.000000000000000000 ) ) ;
#641 = CARTESIAN_POINT ( 'NONE',  ( -3.850000000200004102, 5.000000000000000000, -1.750000000000000222 ) ) ;
#642 = CARTESIAN_POINT ( 'NONE',  ( -3.650000000000000355, 4.799999999799999806, -2.999999999400000839 ) ) ;
#643 = VERTEX_POINT ( 'NONE', #3296 ) ;
#644 = VECTOR ( 'NONE', #2513, 1000.000000000000000 ) ;
#645 = CARTESIAN_POINT ( 'NONE',  ( -9.650000000399998612, 5.000000000000000000, -0.7500000003999973686 ) ) ;
#646 = CARTESIAN_POINT ( 'NONE',  ( -9.850000000000001421, 0.2500000000000000555, -2.500000000000000000 ) ) ;
#647 = VECTOR ( 'NONE', #1242, 1000.000000000000000 ) ;
#648 = DIRECTION ( 'NONE',  ( -0.000000000000000000, -1.000000000000000000, -0.000000000000000000 ) ) ;
#649 = VERTEX_POINT ( 'NONE', #2128 ) ;
#650 = LINE ( 'NONE', #1887, #1984 ) ;
#651 = CARTESIAN_POINT ( 'NONE',  ( -3.400000000000000355, 0.2000000000000000111, -2.500000000000000000 ) ) ;
#652 = AXIS2_PLACEMENT_3D ( 'NONE', #2886, #2354, #3270 ) ;
#653 = CARTESIAN_POINT ( 'NONE',  ( -9.250000000000000000, 1.600000000000000311, -3.100000000000000533 ) ) ;
#654 = LINE ( 'NONE', #2777, #2285 ) ;
#655 = FILL_AREA_STYLE ('',( #2158 ) ) ;
#656 = ORIENTED_EDGE ( 'NONE', *, *, #1234, .F. ) ;
#657 = CARTESIAN_POINT ( 'NONE',  ( -3.000000000000000888, 0.000000000000000000, -1.850000000000000089 ) ) ;
#658 = CARTESIAN_POINT ( 'NONE',  ( -9.850000000000001421, 5.000000000000000000, -2.999999999400000839 ) ) ;
#659 = EDGE_CURVE ( 'NONE', #2917, #49, #3050, .T. ) ;
#660 = ORIENTED_EDGE ( 'NONE', *, *, #3675, .T. ) ;
#661 = EDGE_CURVE ( 'NONE', #2159, #2570, #1798, .T. ) ;
#662 = EDGE_CURVE ( 'NONE', #3906, #525, #2984, .T. ) ;
#663 = LINE ( 'NONE', #3643, #1689 ) ;
#664 = PLANE ( 'NONE',  #2303 ) ;
#665 = DIRECTION ( 'NONE',  ( -0.000000000000000000, 0.7071067811865414665, -0.7071067811865536790 ) ) ;
#666 = EDGE_LOOP ( 'NONE', ( #2667, #1137, #1141, #1229, #3861, #467, #1510, #3207 ) ) ;
#667 = CARTESIAN_POINT ( 'NONE',  ( -5.000000000000002665, 0.2500000000000000000, -4.999999999999987566 ) ) ;
#668 = DIRECTION ( 'NONE',  ( -1.000000000000000000, 0.000000000000000000, 0.000000000000000000 ) ) ;
#669 = LINE ( 'NONE', #3667, #1861 ) ;
#670 = CLOSED_SHELL ( 'NONE', ( #1705, #3190, #2769, #880, #589, #2848 ) ) ;
#671 = CARTESIAN_POINT ( 'NONE',  ( -3.000000000000000888, 0.000000000000000000, -2.600000000366667230 ) ) ;
#672 = ORIENTED_EDGE ( 'NONE', *, *, #1636, .T. ) ;
#673 = VECTOR ( 'NONE', #2901, 1000.000000000000000 ) ;
#674 = DIRECTION ( 'NONE',  ( -1.000000000000000000, 0.000000000000000000, 0.000000000000000000 ) ) ;
#675 = VERTEX_POINT ( 'NONE', #604 ) ;
#676 = PLANE ( 'NONE',  #1142 ) ;
#677 = EDGE_CURVE ( 'NONE', #2127, #2371, #2690, .T. ) ;
#678 = FILL_AREA_STYLE_COLOUR ( '', #3522 ) ;
#679 = ORIENTED_EDGE ( 'NONE', *, *, #3027, .T. ) ;
#680 = ORIENTED_EDGE ( 'NONE', *, *, #2552, .T. ) ;
#681 = FACE_OUTER_BOUND ( 'NONE', #2804, .T. ) ;
#682 = ORIENTED_EDGE ( 'NONE', *, *, #147, .T. ) ;
#683 = CARTESIAN_POINT ( 'NONE',  ( -9.850000000000001421, 0.7500000000000001110, -0.8999999999999998002 ) ) ;
#684 = CARTESIAN_POINT ( 'NONE',  ( -10.10000000000000142, 0.000000000000000000, -3.700000000000000178 ) ) ;
#685 = ADVANCED_FACE ( 'NONE', ( #2110 ), #1212, .T. ) ;
#686 = LINE ( 'NONE', #1232, #1919 ) ;
#687 = PLANE ( 'NONE',  #3799 ) ;
#688 = EDGE_CURVE ( 'NONE', #2208, #3319, #3505, .T. ) ;
#689 = CIRCLE ( 'NONE', #2841, 0.1772059531467574112 ) ;
#690 =( LENGTH_UNIT ( ) NAMED_UNIT ( * ) SI_UNIT ( .MILLI., .METRE. ) );
#691 = ORIENTED_EDGE ( 'NONE', *, *, #1211, .T. ) ;
#692 = FACE_OUTER_BOUND ( 'NONE', #2015, .T. ) ;
#693 = VECTOR ( 'NONE', #2669, 1000.000000000000000 ) ;
#694 = CARTESIAN_POINT ( 'NONE',  ( -3.650000000000000355, 4.800000000400000744, -0.9500000000000000666 ) ) ;
#695 = VERTEX_POINT ( 'NONE', #1896 ) ;
#696 = AXIS2_PLACEMENT_3D ( 'NONE', #1838, #615, #2744 ) ;
#697 = DIRECTION ( 'NONE',  ( 0.000000000000000000, 0.000000000000000000, -1.000000000000000000 ) ) ;
#698 = MECHANICAL_DESIGN_GEOMETRIC_PRESENTATION_REPRESENTATION (  '', ( #2234 ), #1537 ) ;
#699 = ORIENTED_EDGE ( 'NONE', *, *, #2135, .F. ) ;
#700 = DIRECTION ( 'NONE',  ( -1.000000000000000000, 0.000000000000000000, 0.000000000000000000 ) ) ;
#701 = AXIS2_PLACEMENT_3D ( 'NONE', #2281, #1623, #749 ) ;
#702 = VERTEX_POINT ( 'NONE', #2163 ) ;
#703 = VECTOR ( 'NONE', #1116, 1000.000000000000227 ) ;
#704 = AXIS2_PLACEMENT_3D ( 'NONE', #3751, #1032, #1340 ) ;
#705 = ADVANCED_FACE ( 'NONE', ( #1277 ), #368, .F. ) ;
#706 = VECTOR ( 'NONE', #3649, 1000.000000000000227 ) ;
#707 = EDGE_CURVE ( 'NONE', #3145, #1131, #1294, .T. ) ;
#708 = EDGE_LOOP ( 'NONE', ( #3803, #758, #679, #1332 ) ) ;
#709 = DIRECTION ( 'NONE',  ( 1.000000000000000000, 0.000000000000000000, 0.000000000000000000 ) ) ;
#710 = FACE_OUTER_BOUND ( 'NONE', #1064, .T. ) ;
#711 = DIRECTION ( 'NONE',  ( 1.000000000000000000, 0.000000000000000000, 0.000000000000000000 ) ) ;
#712 = EDGE_LOOP ( 'NONE', ( #3772, #691, #548, #2076 ) ) ;
#713 = PLANE ( 'NONE',  #3437 ) ;
#714 = VERTEX_POINT ( 'NONE', #645 ) ;
#715 = CARTESIAN_POINT ( 'NONE',  ( -3.650000000000000355, 5.000000000000000000, -2.999999999400000839 ) ) ;
#716 = LINE ( 'NONE', #1625, #346 ) ;
#717 = FACE_OUTER_BOUND ( 'NONE', #319, .T. ) ;
#718 = DIRECTION ( 'NONE',  ( -0.000000000000000000, -1.000000000000000000, -0.000000000000000000 ) ) ;
#719 = ADVANCED_FACE ( 'NONE', ( #472 ), #1026, .F. ) ;
#720 = UNCERTAINTY_MEASURE_WITH_UNIT (LENGTH_MEASURE( 1.000000000000000082E-05 ), #1823, 'distance_accuracy_value', 'NONE');
#721 = LINE ( 'NONE', #1327, #2178 ) ;
#722 = ORIENTED_EDGE ( 'NONE', *, *, #662, .T. ) ;
#723 = EDGE_CURVE ( 'NONE', #2808, #3028, #631, .T. ) ;
#724 = ADVANCED_FACE ( 'NONE', ( #2899 ), #1680, .T. ) ;
#725 =( NAMED_UNIT ( * ) PLANE_ANGLE_UNIT ( ) SI_UNIT ( $, .RADIAN. ) );
#726 = ORIENTED_EDGE ( 'NONE', *, *, #1591, .T. ) ;
#727 = DIRECTION ( 'NONE',  ( -0.7071067811865414665, -0.7071067811865536790, -0.000000000000000000 ) ) ;
#728 = CARTESIAN_POINT ( 'NONE',  ( -4.050000000399998967, 5.000000000000000000, 0.000000000000000000 ) ) ;
#729 = ORIENTED_EDGE ( 'NONE', *, *, #2866, .F. ) ;
#730 = CARTESIAN_POINT ( 'NONE',  ( -5.250000000000002665, 4.299999999999999822, -1.300000000000000266 ) ) ;
#731 = EDGE_LOOP ( 'NONE', ( #3040, #867, #3208, #3874 ) ) ;
#732 = ADVANCED_FACE ( 'NONE', ( #145 ), #1378, .T. ) ;
#733 = LINE ( 'NONE', #1612, #1874 ) ;
#734 = LINE ( 'NONE', #3434, #1390 ) ;
#735 = ORIENTED_EDGE ( 'NONE', *, *, #2833, .F. ) ;
#736 = VECTOR ( 'NONE', #2594, 1000.000000000000227 ) ;
#737 = CARTESIAN_POINT ( 'NONE',  ( -9.850000000000001421, 4.799999999799999806, -1.750000000000000222 ) ) ;
#738 = EDGE_CURVE ( 'NONE', #3145, #2242, #436, .T. ) ;
#739 = PRESENTATION_STYLE_ASSIGNMENT (( #2537 ) ) ;
#740 = CARTESIAN_POINT ( 'NONE',  ( -3.650000000000000355, 0.2500000000000002220, -2.999999999400000839 ) ) ;
#741 = VECTOR ( 'NONE', #482, 1000.000000000000000 ) ;
#742 = CARTESIAN_POINT ( 'NONE',  ( -3.050000000000000711, 0.2000000000000000111, -1.000000000000000000 ) ) ;
#743 = DIRECTION ( 'NONE',  ( 1.000000000000000000, 0.000000000000000000, 0.000000000000000000 ) ) ;
#744 = AXIS2_PLACEMENT_3D ( 'NONE', #3773, #1660, #2567 ) ;
#745 = ORIENTED_EDGE ( 'NONE', *, *, #3923, .T. ) ;
#746 = EDGE_CURVE ( 'NONE', #1945, #323, #2600, .T. ) ;
#747 = EDGE_CURVE ( 'NONE', #2208, #309, #2581, .T. ) ;
#748 = CYLINDRICAL_SURFACE ( 'NONE', #1263, 0.2500000000000002220 ) ;
#749 = DIRECTION ( 'NONE',  ( 0.000000000000000000, 0.000000000000000000, -1.000000000000000000 ) ) ;
#750 = CARTESIAN_POINT ( 'NONE',  ( -3.650000000000000355, 3.200000000000000178, -1.750000000000000444 ) ) ;
#751 = DIRECTION ( 'NONE',  ( 0.000000000000000000, 0.000000000000000000, -1.000000000000000000 ) ) ;
#752 = PLANE ( 'NONE',  #3064 ) ;
#753 = VECTOR ( 'NONE', #2724, 1000.000000000000000 ) ;
#754 = VECTOR ( 'NONE', #149, 1000.000000000000000 ) ;
#755 = SURFACE_STYLE_USAGE ( .BOTH. , #2008 ) ;
#756 = DIRECTION ( 'NONE',  ( 8.673617379884026597E-16, 0.000000000000000000, -1.000000000000000000 ) ) ;
#757 = VECTOR ( 'NONE', #1262, 1000.000000000000000 ) ;
#758 = ORIENTED_EDGE ( 'NONE', *, *, #1571, .T. ) ;
#759 = DIRECTION ( 'NONE',  ( -1.000000000000000000, 0.000000000000000000, 0.000000000000000000 ) ) ;
#760 = EDGE_CURVE ( 'NONE', #695, #1604, #3496, .T. ) ;
#761 = VECTOR ( 'NONE', #3902, 1000.000000000000000 ) ;
#762 = CARTESIAN_POINT ( 'NONE',  ( -9.800000000133339384, 5.349999999933331196, -2.300000000133340272 ) ) ;
#763 = LINE ( 'NONE', #535, #2717 ) ;
#764 = ORIENTED_EDGE ( 'NONE', *, *, #3860, .T. ) ;
#765 = DIRECTION ( 'NONE',  ( 0.000000000000000000, 0.000000000000000000, 1.000000000000000000 ) ) ;
#766 = CARTESIAN_POINT ( 'NONE',  ( -9.450000000200002859, 5.000000000000000000, -1.750000000000000222 ) ) ;
#767 = CARTESIAN_POINT ( 'NONE',  ( -3.650000000000000355, 4.800000000400000744, -0.9500000000000000666 ) ) ;
#768 = DIRECTION ( 'NONE',  ( 0.5773502691896290617, -0.5773502691896189587, 0.5773502691896290617 ) ) ;
#769 = ORIENTED_EDGE ( 'NONE', *, *, #2342, .F. ) ;
#770 = DIRECTION ( 'NONE',  ( 0.7071067811865414665, -0.7071067811865536790, 0.000000000000000000 ) ) ;
#771 = ORIENTED_EDGE ( 'NONE', *, *, #3350, .T. ) ;
#772 = PRESENTATION_STYLE_ASSIGNMENT (( #2608 ) ) ;
#773 = EDGE_CURVE ( 'NONE', #3217, #2615, #1189, .T. ) ;
#774 = EDGE_LOOP ( 'NONE', ( #2534, #2149, #1372, #3300, #3644 ) ) ;
#775 = CARTESIAN_POINT ( 'NONE',  ( -6.750000000000002665, 0.2500000000000000000, -4.999999999999987566 ) ) ;
#776 = CARTESIAN_POINT ( 'NONE',  ( -10.05000000000000249, 0.7500000000000001110, -2.999999999400000839 ) ) ;
#777 = DIRECTION ( 'NONE',  ( -1.000000000000000000, 0.000000000000000000, 0.000000000000000000 ) ) ;
#778 = SURFACE_STYLE_USAGE ( .BOTH. , #3796 ) ;
#779 = ORIENTED_EDGE ( 'NONE', *, *, #3859, .F. ) ;
#780 = ORIENTED_EDGE ( 'NONE', *, *, #98, .F. ) ;
#781 = LINE ( 'NONE', #180, #1057 ) ;
#782 = EDGE_CURVE ( 'NONE', #2371, #3594, #458, .T. ) ;
#783 = CARTESIAN_POINT ( 'NONE',  ( -3.000000000000000888, 5.000000000000000000, -0.7000000003999973242 ) ) ;
#784 = ORIENTED_EDGE ( 'NONE', *, *, #3314, .F. ) ;
#785 = DIRECTION ( 'NONE',  ( 4.188538737677060174E-17, -0.9396926207859062075, 0.3420201433256743750 ) ) ;
#786 = ORIENTED_EDGE ( 'NONE', *, *, #3223, .F. ) ;
#787 = DIRECTION ( 'NONE',  ( 0.000000000000000000, 0.000000000000000000, 1.000000000000000000 ) ) ;
#788 = CARTESIAN_POINT ( 'NONE',  ( -10.45000000799999995, 0.000000000000000000, -1.850000000000000089 ) ) ;
#789 = ORIENTED_EDGE ( 'NONE', *, *, #2976, .T. ) ;
#790 = PLANE ( 'NONE',  #1877 ) ;
#791 = ORIENTED_EDGE ( 'NONE', *, *, #1396, .F. ) ;
#792 = SURFACE_STYLE_FILL_AREA ( #1128 ) ;
#793 = EDGE_CURVE ( 'NONE', #2773, #2256, #493, .T. ) ;
#794 = DIRECTION ( 'NONE',  ( 1.000000000000000000, -0.000000000000000000, 0.000000000000000000 ) ) ;
#795 = LINE ( 'NONE', #3230, #761 ) ;
#796 = DIRECTION ( 'NONE',  ( -1.000000000000000000, 0.000000000000000000, 0.000000000000000000 ) ) ;
#797 =( NAMED_UNIT ( * ) PLANE_ANGLE_UNIT ( ) SI_UNIT ( $, .RADIAN. ) );
#798 = EDGE_CURVE ( 'NONE', #2240, #2510, #2257, .T. ) ;
#799 = ORIENTED_EDGE ( 'NONE', *, *, #39, .T. ) ;
#800 = VERTEX_POINT ( 'NONE', #2276 ) ;
#801 = CARTESIAN_POINT ( 'NONE',  ( -9.850000000000001421, 0.7500000000000001110, -0.9500000000000000666 ) ) ;
#802 = CARTESIAN_POINT ( 'NONE',  ( -6.750000000000002665, 4.099999999999993427, -1.300000000000000266 ) ) ;
#803 = EDGE_LOOP ( 'NONE', ( #375, #2202, #2219, #3154 ) ) ;
#804 = CARTESIAN_POINT ( 'NONE',  ( -10.49999999999999822, 0.000000000000000000, -0.8999999997750000036 ) ) ;
#805 = CARTESIAN_POINT ( 'NONE',  ( -3.650000000000000355, 5.000000000000000000, -0.5000000000500000041 ) ) ;
#806 = CARTESIAN_POINT ( 'NONE',  ( -10.05000000000000249, 0.000000000000000000, -2.600000000000000533 ) ) ;
#807 = AXIS2_PLACEMENT_3D ( 'NONE', #2712, #300, #1860 ) ;
#808 = CARTESIAN_POINT ( 'NONE',  ( -3.650000000000000355, 4.800000000400000744, -0.9000000000000001332 ) ) ;
#809 = CARTESIAN_POINT ( 'NONE',  ( -10.45000000000000107, 0.1000000000000000056, -2.500000000000000000 ) ) ;
#810 = VECTOR ( 'NONE', #700, 1000.000000000000000 ) ;
#811 = ORIENTED_EDGE ( 'NONE', *, *, #1256, .F. ) ;
#812 = MECHANICAL_DESIGN_GEOMETRIC_PRESENTATION_REPRESENTATION (  '', ( #1379 ), #944 ) ;
#813 = DIRECTION ( 'NONE',  ( 0.000000000000000000, 0.000000000000000000, -1.000000000000000000 ) ) ;
#814 = PLANE ( 'NONE',  #900 ) ;
#815 = PRODUCT_DEFINITION_SHAPE ( 'NONE', 'NONE',  #3926 ) ;
#816 = DIRECTION ( 'NONE',  ( 0.000000000000000000, 0.000000000000000000, -1.000000000000000000 ) ) ;
#817 = EDGE_LOOP ( 'NONE', ( #2099, #3013, #46, #3021, #1177, #3447, #844, #2864 ) ) ;
#818 = AXIS2_PLACEMENT_3D ( 'NONE', #2284, #3755, #3168 ) ;
#819 = VECTOR ( 'NONE', #2116, 1000.000000000000000 ) ;
#820 = EDGE_CURVE ( 'NONE', #3306, #921, #1358, .T. ) ;
#821 = ADVANCED_FACE ( 'NONE', ( #3245 ), #210, .T. ) ;
#822 = VECTOR ( 'NONE', #3523, 1000.000000000000227 ) ;
#823 = VECTOR ( 'NONE', #1744, 1000.000000000000000 ) ;
#824 = DIRECTION ( 'NONE',  ( 0.000000000000000000, 0.000000000000000000, 1.000000000000000000 ) ) ;
#825 = LINE ( 'NONE', #3265, #1129 ) ;
#826 = LINE ( 'NONE', #1995, #1935 ) ;
#827 = FACE_OUTER_BOUND ( 'NONE', #2985, .T. ) ;
#828 = CIRCLE ( 'NONE', #2306, 0.2500000000000000000 ) ;
#829 = LINE ( 'NONE', #3578, #1286 ) ;
#830 = ORIENTED_EDGE ( 'NONE', *, *, #438, .F. ) ;
#831 = LINE ( 'NONE', #253, #3557 ) ;
#832 = VERTEX_POINT ( 'NONE', #2950 ) ;
#833 = PLANE ( 'NONE',  #197 ) ;
#834 = EDGE_LOOP ( 'NONE', ( #2846, #3255, #3486, #3518 ) ) ;
#835 = VERTEX_POINT ( 'NONE', #767 ) ;
#836 = CARTESIAN_POINT ( 'NONE',  ( -10.05000000000000249, 5.000000000000000000, -2.999999999400000839 ) ) ;
#837 = ADVANCED_FACE ( 'NONE', ( #1311 ), #2546, .F. ) ;
#838 = ORIENTED_EDGE ( 'NONE', *, *, #3467, .T. ) ;
#839 = CARTESIAN_POINT ( 'NONE',  ( -3.000000000000002665, 0.000000000000000000, -0.8999999997750000036 ) ) ;
#840 = ORIENTED_EDGE ( 'NONE', *, *, #519, .T. ) ;
#841 = EDGE_CURVE ( 'NONE', #2127, #3583, #871, .T. ) ;
#842 = PLANE ( 'NONE',  #1606 ) ;
#843 = ORIENTED_EDGE ( 'NONE', *, *, #2045, .T. ) ;
#844 = ORIENTED_EDGE ( 'NONE', *, *, #1252, .F. ) ;
#845 = PLANE ( 'NONE',  #430 ) ;
#846 = EDGE_CURVE ( 'NONE', #3647, #925, #3335, .T. ) ;
#847 = LINE ( 'NONE', #1339, #2111 ) ;
#848 = EDGE_CURVE ( 'NONE', #975, #2836, #600, .T. ) ;
#849 = CARTESIAN_POINT ( 'NONE',  ( -9.850000000000001421, 0.6499999999999994671, -2.500000000000000000 ) ) ;
#850 = LINE ( 'NONE', #2081, #2531 ) ;
#851 = DIRECTION ( 'NONE',  ( -0.5773502691896290617, -0.5773502691896189587, 0.5773502691896290617 ) ) ;
#852 = CONICAL_SURFACE ( 'NONE', #1762, 0.1772059531467574112, 0.3490658503988557371 ) ;
#853 = DIRECTION ( 'NONE',  ( 4.336808689942013299E-16, 1.000000000000000000, 0.000000000000000000 ) ) ;
#854 = VERTEX_POINT ( 'NONE', #1840 ) ;
#855 = LINE ( 'NONE', #189, #1875 ) ;
#856 = ORIENTED_EDGE ( 'NONE', *, *, #2778, .T. ) ;
#857 = SURFACE_SIDE_STYLE ('',( #1858 ) ) ;
#858 = ORIENTED_EDGE ( 'NONE', *, *, #1349, .F. ) ;
#859 = ORIENTED_EDGE ( 'NONE', *, *, #2795, .F. ) ;
#860 = CARTESIAN_POINT ( 'NONE',  ( -8.249999999999998224, 0.2500000000000000000, -5.200000000000001066 ) ) ;
#861 = DIRECTION ( 'NONE',  ( 1.000000000000000000, 0.000000000000000000, 0.000000000000000000 ) ) ;
#862 = CARTESIAN_POINT ( 'NONE',  ( -9.850000000000001421, 4.799999999799999806, -2.600000000000000533 ) ) ;
#863 = CARTESIAN_POINT ( 'NONE',  ( -6.500000000000000888, 1.899999999999999911, -1.300000000000000266 ) ) ;
#864 = PLANE ( 'NONE',  #333 ) ;
#865 = ORIENTED_EDGE ( 'NONE', *, *, #2171, .T. ) ;
#866 = CARTESIAN_POINT ( 'NONE',  ( -4.997000000000001663, 0.5030000000000000027, -5.200000000000001066 ) ) ;
#867 = ORIENTED_EDGE ( 'NONE', *, *, #1980, .T. ) ;
#868 = CARTESIAN_POINT ( 'NONE',  ( -3.449999999999999734, 0.000000000000000000, -0.5000000000499998931 ) ) ;
#869 = PLANE ( 'NONE',  #888 ) ;
#870 = LINE ( 'NONE', #3268, #2601 ) ;
#871 = LINE ( 'NONE', #313, #3305 ) ;
#872 = CARTESIAN_POINT ( 'NONE',  ( -6.750000000000002665, 4.099999999999993427, -1.049999999999999600 ) ) ;
#873 = ADVANCED_FACE ( 'NONE', ( #1518 ), #3358, .T. ) ;
#874 = DIRECTION ( 'NONE',  ( 0.000000000000000000, 0.000000000000000000, 1.000000000000000000 ) ) ;
#875 = CARTESIAN_POINT ( 'NONE',  ( -10.50000000000000000, 5.000000000000000000, -0.7000000003999973242 ) ) ;
#876 = SURFACE_STYLE_USAGE ( .BOTH. , #2416 ) ;
#877 = DIRECTION ( 'NONE',  ( -1.000000000000000000, 0.000000000000000000, 0.000000000000000000 ) ) ;
#878 = DIRECTION ( 'NONE',  ( -1.000000000000000000, 0.000000000000000000, 0.000000000000000000 ) ) ;
#879 = EDGE_CURVE ( 'NONE', #3608, #3156, #2640, .T. ) ;
#880 = ADVANCED_FACE ( 'NONE', ( #2375 ), #1124, .T. ) ;
#881 = VECTOR ( 'NONE', #2562, 1000.000000000000000 ) ;
#882 = ORIENTED_EDGE ( 'NONE', *, *, #3055, .F. ) ;
#883 = VERTEX_POINT ( 'NONE', #2990 ) ;
#884 = FACE_OUTER_BOUND ( 'NONE', #3442, .T. ) ;
#885 = ORIENTED_EDGE ( 'NONE', *, *, #3546, .F. ) ;
#886 = VECTOR ( 'NONE', #1864, 1000.000000000000227 ) ;
#887 = CARTESIAN_POINT ( 'NONE',  ( -10.50000000000000000, 5.000000000000000000, -2.800000000200003836 ) ) ;
#888 = AXIS2_PLACEMENT_3D ( 'NONE', #580, #1962, #3698 ) ;
#889 = VERTEX_POINT ( 'NONE', #1819 ) ;
#890 = VECTOR ( 'NONE', #316, 1000.000000000000000 ) ;
#891 = EDGE_LOOP ( 'NONE', ( #3815, #3836, #784, #3368, #947, #536, #2653, #579, #3229, #588, #119, #2385, #3656, #3784, #2764, #1899 ) ) ;
#892 = APPLICATION_CONTEXT ( 'automotive_design' ) ;
#893 = CARTESIAN_POINT ( 'NONE',  ( -8.499999999999998224, 0.2500000000000000000, -4.999999999999987566 ) ) ;
#894 = AXIS2_PLACEMENT_3D ( 'NONE', #1182, #3575, #1817 ) ;
#895 = CARTESIAN_POINT ( 'NONE',  ( -9.850000000000001421, 4.799999999799999806, -2.600000000000000533 ) ) ;
#896 = PLANE ( 'NONE',  #2663 ) ;
#897 = CIRCLE ( 'NONE', #1931, 0.2500000000000002220 ) ;
#898 = AXIS2_PLACEMENT_3D ( 'NONE', #2230, #718, #1951 ) ;
#899 = CARTESIAN_POINT ( 'NONE',  ( -8.900000000000000355, 1.899999999999999911, -0.4000000000000000222 ) ) ;
#900 = AXIS2_PLACEMENT_3D ( 'NONE', #2672, #3882, #3857 ) ;
#901 = VECTOR ( 'NONE', #1794, 1000.000000000000000 ) ;
#902 = SURFACE_STYLE_FILL_AREA ( #282 ) ;
#903 = EDGE_CURVE ( 'NONE', #3816, #108, #850, .T. ) ;
#904 = CARTESIAN_POINT ( 'NONE',  ( 10.50000000000000000, 5.000000000000000000, -0.2000000003999972409 ) ) ;
#905 = FACE_OUTER_BOUND ( 'NONE', #219, .T. ) ;
#906 = ORIENTED_EDGE ( 'NONE', *, *, #3239, .T. ) ;
#907 = ORIENTED_EDGE ( 'NONE', *, *, #2205, .T. ) ;
#908 = ADVANCED_FACE ( 'NONE', ( #582 ), #1472, .T. ) ;
#909 = EDGE_CURVE ( 'NONE', #3466, #1235, #1580, .T. ) ;
#910 = LINE ( 'NONE', #2760, #706 ) ;
#911 = ORIENTED_EDGE ( 'NONE', *, *, #1034, .T. ) ;
#912 = DIRECTION ( 'NONE',  ( 0.000000000000000000, 0.000000000000000000, -1.000000000000000000 ) ) ;
#913 = DIRECTION ( 'NONE',  ( 1.000000000000000000, 0.000000000000000000, 0.000000000000000000 ) ) ;
#914 = LINE ( 'NONE', #2711, #3866 ) ;
#915 = CARTESIAN_POINT ( 'NONE',  ( -8.000000000000000000, 1.899999999999999911, -1.300000000000000266 ) ) ;
#916 = CARTESIAN_POINT ( 'NONE',  ( -3.000000000000000888, 0.000000000000000000, -0.9000000000000001332 ) ) ;
#917 = ORIENTED_EDGE ( 'NONE', *, *, #3009, .T. ) ;
#918 = CARTESIAN_POINT ( 'NONE',  ( -9.850000000000001421, 0.3750000000000000555, -2.500000000000000000 ) ) ;
#919 = FACE_OUTER_BOUND ( 'NONE', #3160, .T. ) ;
#920 = CARTESIAN_POINT ( 'NONE',  ( -3.050000000000000711, 0.2000000000625000440, -1.000000000000000000 ) ) ;
#921 = VERTEX_POINT ( 'NONE', #488 ) ;
#922 = DIRECTION ( 'NONE',  ( 0.000000000000000000, 0.000000000000000000, 1.000000000000000000 ) ) ;
#923 = CARTESIAN_POINT ( 'NONE',  ( -3.650000000000000355, 5.000000000000000000, -0.5000000000500000041 ) ) ;
#924 = DIRECTION ( 'NONE',  ( 0.000000000000000000, 1.000000000000000000, 0.000000000000000000 ) ) ;
#925 = VERTEX_POINT ( 'NONE', #1041 ) ;
#926 = EDGE_CURVE ( 'NONE', #2200, #2352, #1672, .T. ) ;
#927 = CARTESIAN_POINT ( 'NONE',  ( -3.449999999999999734, 0.7500000000000001110, -0.5000000000499998931 ) ) ;
#928 = ORIENTED_EDGE ( 'NONE', *, *, #1933, .F. ) ;
#929 = DIRECTION ( 'NONE',  ( 0.000000000000000000, 0.000000000000000000, -1.000000000000000000 ) ) ;
#930 = DIRECTION ( 'NONE',  ( -0.000000000000000000, -1.000000000000000000, -0.000000000000000000 ) ) ;
#931 = DIRECTION ( 'NONE',  ( 0.000000000000000000, 0.000000000000000000, -1.000000000000000000 ) ) ;
#932 = ORIENTED_EDGE ( 'NONE', *, *, #662, .F. ) ;
#933 = DIRECTION ( 'NONE',  ( -1.000000000000000000, 0.000000000000000000, 0.000000000000000000 ) ) ;
#934 = CARTESIAN_POINT ( 'NONE',  ( -10.50000000000000000, 0.000000000000000000, 0.000000000000000000 ) ) ;
#935 = EDGE_CURVE ( 'NONE', #500, #115, #3801, .T. ) ;
#936 = VECTOR ( 'NONE', #3864, 1000.000000000000000 ) ;
#937 = DIRECTION ( 'NONE',  ( 0.000000000000000000, 0.000000000000000000, 1.000000000000000000 ) ) ;
#938 = CARTESIAN_POINT ( 'NONE',  ( -3.449999999999999734, 3.750000000000000000, -1.750000000000000222 ) ) ;
#939 = VECTOR ( 'NONE', #878, 1000.000000000000000 ) ;
#940 = EDGE_LOOP ( 'NONE', ( #3147, #1715, #3173, #3378 ) ) ;
#941 = EDGE_CURVE ( 'NONE', #1915, #108, #415, .T. ) ;
#942 = AXIS2_PLACEMENT_3D ( 'NONE', #3346, #608, #1482 ) ;
#943 = ORIENTED_EDGE ( 'NONE', *, *, #2759, .F. ) ;
#944 =( GEOMETRIC_REPRESENTATION_CONTEXT ( 3 ) GLOBAL_UNCERTAINTY_ASSIGNED_CONTEXT ( ( #3121 ) ) GLOBAL_UNIT_ASSIGNED_CONTEXT ( ( #3403, #95, #1702 ) ) REPRESENTATION_CONTEXT ( 'NONE', 'WORKASPACE' ) );
#945 = EDGE_CURVE ( 'NONE', #2077, #2208, #3253, .T. ) ;
#946 = AXIS2_PLACEMENT_3D ( 'NONE', #3334, #272, #3890 ) ;
#947 = ORIENTED_EDGE ( 'NONE', *, *, #2520, .F. ) ;
#948 = VECTOR ( 'NONE', #2749, 1000.000000000000000 ) ;
#949 = AXIS2_PLACEMENT_3D ( 'NONE', #3320, #626, #3086 ) ;
#950 = CARTESIAN_POINT ( 'NONE',  ( -5.250000000000000888, 1.899999999999999911, -1.300000000000000266 ) ) ;
#951 = DIRECTION ( 'NONE',  ( 0.000000000000000000, 0.000000000000000000, -1.000000000000000000 ) ) ;
#952 = AXIS2_PLACEMENT_3D ( 'NONE', #163, #1355, #3806 ) ;
#953 = CARTESIAN_POINT ( 'NONE',  ( -8.500000000000000000, 0.2500000000000000000, -3.700000000000000178 ) ) ;
#954 = ORIENTED_EDGE ( 'NONE', *, *, #1546, .F. ) ;
#955 = LINE ( 'NONE', #2194, #2484 ) ;
#956 = VERTEX_POINT ( 'NONE', #2935 ) ;
#957 = VECTOR ( 'NONE', #2629, 1000.000000000000000 ) ;
#958 = FACE_OUTER_BOUND ( 'NONE', #3056, .T. ) ;
#959 = ADVANCED_FACE ( 'NONE', ( #1753 ), #1712, .T. ) ;
#960 = VERTEX_POINT ( 'NONE', #737 ) ;
#961 = PLANE ( 'NONE',  #1374 ) ;
#962 = UNCERTAINTY_MEASURE_WITH_UNIT (LENGTH_MEASURE( 1.000000000000000082E-05 ), #3341, 'distance_accuracy_value', 'NONE');
#963 = DIRECTION ( 'NONE',  ( 0.000000000000000000, 0.000000000000000000, 1.000000000000000000 ) ) ;
#964 = ORIENTED_EDGE ( 'NONE', *, *, #2952, .T. ) ;
#965 = ORIENTED_EDGE ( 'NONE', *, *, #2437, .T. ) ;
#966 = DIRECTION ( 'NONE',  ( -0.5773502691896290617, -0.5773502691896189587, 0.5773502691896290617 ) ) ;
#967 = CARTESIAN_POINT ( 'NONE',  ( -3.650000000000000355, 0.3750000000000000555, -2.500000000000000000 ) ) ;
#968 = EDGE_CURVE ( 'NONE', #1996, #2485, #1737, .T. ) ;
#969 = CARTESIAN_POINT ( 'NONE',  ( -9.250000000000000000, 1.600000000000000311, -2.050000000324999849 ) ) ;
#970 = CARTESIAN_POINT ( 'NONE',  ( -10.05000000000000249, 3.750000000000000000, -0.5000000000500000041 ) ) ;
#971 = ORIENTED_EDGE ( 'NONE', *, *, #409, .F. ) ;
#972 = CARTESIAN_POINT ( 'NONE',  ( -3.000000000000000888, 5.000000000000000000, -3.700000000000000178 ) ) ;
#973 = CARTESIAN_POINT ( 'NONE',  ( -4.050000000399998967, 5.000000000000000000, 0.000000000000000000 ) ) ;
#974 = CARTESIAN_POINT ( 'NONE',  ( -10.05000000000000249, 1.825000000300017966, 0.1750000003000085347 ) ) ;
#975 = VERTEX_POINT ( 'NONE', #269 ) ;
#976 = CARTESIAN_POINT ( 'NONE',  ( -10.50000000000000000, 0.000000000000000000, -0.5000000000499998931 ) ) ;
#977 = LINE ( 'NONE', #684, #1605 ) ;
#978 = ORIENTED_EDGE ( 'NONE', *, *, #636, .T. ) ;
#979 = CARTESIAN_POINT ( 'NONE',  ( -13.50000000000000178, 0.000000000000000000, -2.500000001199999655 ) ) ;
#980 = CARTESIAN_POINT ( 'NONE',  ( -4.250000000000001776, 1.900000000000000133, -0.3999999999500000181 ) ) ;
#981 = AXIS2_PLACEMENT_3D ( 'NONE', #211, #3873, #1089 ) ;
#982 = ADVANCED_FACE ( 'NONE', ( #47 ), #995, .F. ) ;
#983 = ORIENTED_EDGE ( 'NONE', *, *, #2342, .T. ) ;
#984 = SURFACE_STYLE_USAGE ( .BOTH. , #2435 ) ;
#985 = ORIENTED_EDGE ( 'NONE', *, *, #3150, .T. ) ;
#986 = PLANE ( 'NONE',  #2467 ) ;
#987 = ORIENTED_EDGE ( 'NONE', *, *, #2621, .T. ) ;
#988 = ORIENTED_EDGE ( 'NONE', *, *, #746, .T. ) ;
#989 = EDGE_CURVE ( 'NONE', #3512, #883, #1076, .T. ) ;
#990 = CARTESIAN_POINT ( 'NONE',  ( 10.50000000000000000, 0.000000000000000000, -3.700000000000000178 ) ) ;
#991 = CARTESIAN_POINT ( 'NONE',  ( -3.000000000000000888, 0.000000000000000000, -2.999999999400000839 ) ) ;
#992 = ORIENTED_EDGE ( 'NONE', *, *, #2520, .T. ) ;
#993 = DIRECTION ( 'NONE',  ( 1.000000000000000000, 0.000000000000000000, 0.000000000000000000 ) ) ;
#994 = CARTESIAN_POINT ( 'NONE',  ( -10.50000000000000000, 4.799999999799999806, -2.600000000000000533 ) ) ;
#995 = PLANE ( 'NONE',  #3726 ) ;
#996 = AXIS2_PLACEMENT_3D ( 'NONE', #3849, #617, #232 ) ;
#997 = FILL_AREA_STYLE ('',( #2845 ) ) ;
#998 = ORIENTED_EDGE ( 'NONE', *, *, #3457, .F. ) ;
#999 = VECTOR ( 'NONE', #924, 1000.000000000000000 ) ;
#1000 = ORIENTED_EDGE ( 'NONE', *, *, #1686, .F. ) ;
#1001 = COLOUR_RGB ( '',0.7960784313725489669, 0.8235294117647058432, 0.9372549019607843146 ) ;
#1002 = LINE ( 'NONE', #2881, #1351 ) ;
#1003 = LINE ( 'NONE', #2207, #2671 ) ;
#1004 = ADVANCED_FACE ( 'NONE', ( #3214 ), #2829, .T. ) ;
#1005 = LINE ( 'NONE', #1298, #446 ) ;
#1006 = ORIENTED_EDGE ( 'NONE', *, *, #846, .T. ) ;
#1007 = VECTOR ( 'NONE', #2019, 1000.000000000000000 ) ;
#1008 = CARTESIAN_POINT ( 'NONE',  ( -3.083333333333257542, -1.366666666866628743, 3.066666666666735708 ) ) ;
#1009 = VECTOR ( 'NONE', #1824, 1000.000000000000000 ) ;
#1010 = ORIENTED_EDGE ( 'NONE', *, *, #2083, .F. ) ;
#1011 = SURFACE_SIDE_STYLE ('',( #1589 ) ) ;
#1012 = AXIS2_PLACEMENT_3D ( 'NONE', #288, #813, #861 ) ;
#1013 = CIRCLE ( 'NONE', #952, 0.2500000000000000000 ) ;
#1014 = EDGE_CURVE ( 'NONE', #3883, #2650, #3453, .T. ) ;
#1015 = EDGE_CURVE ( 'NONE', #3077, #2584, #350, .T. ) ;
#1016 = AXIS2_PLACEMENT_3D ( 'NONE', #1540, #3712, #1199 ) ;
#1017 = CARTESIAN_POINT ( 'NONE',  ( -6.750000000000002665, 3.963647105661646686E-16, -1.850000000000002087 ) ) ;
#1018 = AXIS2_PLACEMENT_3D ( 'NONE', #633, #2214, #2157 ) ;
#1019 =( NAMED_UNIT ( * ) SI_UNIT ( $, .STERADIAN. ) SOLID_ANGLE_UNIT ( ) );
#1020 = EDGE_LOOP ( 'NONE', ( #3370, #1360, #2809, #1986 ) ) ;
#1021 = EDGE_LOOP ( 'NONE', ( #2568, #3786, #2853, #3682 ) ) ;
#1022 = DIRECTION ( 'NONE',  ( 0.000000000000000000, -1.000000000000000000, 0.000000000000000000 ) ) ;
#1023 = EDGE_LOOP ( 'NONE', ( #470, #2900, #412, #3099 ) ) ;
#1024 = FACE_OUTER_BOUND ( 'NONE', #1020, .T. ) ;
#1025 = VERTEX_POINT ( 'NONE', #86 ) ;
#1026 = PLANE ( 'NONE',  #260 ) ;
#1027 = EDGE_CURVE ( 'NONE', #3319, #3077, #330, .T. ) ;
#1028 = DIRECTION ( 'NONE',  ( 1.000000000000000000, 0.000000000000000000, 0.000000000000000000 ) ) ;
#1029 = FACE_OUTER_BOUND ( 'NONE', #332, .T. ) ;
#1030 = ORIENTED_EDGE ( 'NONE', *, *, #141, .T. ) ;
#1031 = DIRECTION ( 'NONE',  ( -1.000000000000000000, 0.000000000000000000, 0.000000000000000000 ) ) ;
#1032 = DIRECTION ( 'NONE',  ( -4.336808689942013299E-16, 1.000000000000000000, 0.000000000000000000 ) ) ;
#1033 = DIRECTION ( 'NONE',  ( 0.000000000000000000, 0.000000000000000000, 1.000000000000000000 ) ) ;
#1034 = EDGE_CURVE ( 'NONE', #1341, #1376, #2988, .T. ) ;
#1035 = CARTESIAN_POINT ( 'NONE',  ( 0.000000000000000000, 0.000000000000000000, 0.000000000000000000 ) ) ;
#1036 = CONICAL_SURFACE ( 'NONE', #1347, 0.1772059531467563287, 0.3490658503988719463 ) ;
#1037 = CARTESIAN_POINT ( 'NONE',  ( -8.249999999999998224, 4.099999999999993427, -1.300000000000000266 ) ) ;
#1038 = VERTEX_POINT ( 'NONE', #3655 ) ;
#1039 =( GEOMETRIC_REPRESENTATION_CONTEXT ( 3 ) GLOBAL_UNCERTAINTY_ASSIGNED_CONTEXT ( ( #1867 ) ) GLOBAL_UNIT_ASSIGNED_CONTEXT ( ( #1499, #3337, #314 ) ) REPRESENTATION_CONTEXT ( 'NONE', 'WORKASPACE' ) );
#1040 = EDGE_CURVE ( 'NONE', #1662, #1937, #3593, .T. ) ;
#1041 = CARTESIAN_POINT ( 'NONE',  ( -9.250000000000000000, 4.800000000400000744, -0.3999999997999998946 ) ) ;
#1042 = ORIENTED_EDGE ( 'NONE', *, *, #3634, .T. ) ;
#1043 = DIRECTION ( 'NONE',  ( 0.000000000000000000, 0.000000000000000000, 1.000000000000000000 ) ) ;
#1044 = DIRECTION ( 'NONE',  ( 0.000000000000000000, -1.000000000000000000, -0.000000000000000000 ) ) ;
#1045 = DIRECTION ( 'NONE',  ( 0.000000000000000000, 0.000000000000000000, 1.000000000000000000 ) ) ;
#1046 = DIRECTION ( 'NONE',  ( 0.5773502691896290617, -0.5773502691896189587, -0.5773502691896290617 ) ) ;
#1047 = VERTEX_POINT ( 'NONE', #1512 ) ;
#1048 = CARTESIAN_POINT ( 'NONE',  ( -9.250000000000000000, 2.500000000000000000, -0.9500000002999998694 ) ) ;
#1049 = FACE_OUTER_BOUND ( 'NONE', #2280, .T. ) ;
#1050 = CARTESIAN_POINT ( 'NONE',  ( -3.000000000000000888, 2.400000000200042560, -3.300000000200000727 ) ) ;
#1051 = ORIENTED_EDGE ( 'NONE', *, *, #2621, .F. ) ;
#1052 = CARTESIAN_POINT ( 'NONE',  ( -3.650000000000000355, 4.100000000000000533, -0.9500000000000000666 ) ) ;
#1053 = FACE_OUTER_BOUND ( 'NONE', #1583, .T. ) ;
#1054 =( LENGTH_UNIT ( ) NAMED_UNIT ( * ) SI_UNIT ( .MILLI., .METRE. ) );
#1055 = ORIENTED_EDGE ( 'NONE', *, *, #2205, .F. ) ;
#1056 = ORIENTED_EDGE ( 'NONE', *, *, #258, .T. ) ;
#1057 = VECTOR ( 'NONE', #3510, 1000.000000000000000 ) ;
#1058 = ORIENTED_EDGE ( 'NONE', *, *, #3284, .T. ) ;
#1059 = DIRECTION ( 'NONE',  ( 0.000000000000000000, 0.000000000000000000, 1.000000000000000000 ) ) ;
#1060 = ADVANCED_FACE ( 'NONE', ( #1218 ), #864, .T. ) ;
#1061 = EDGE_CURVE ( 'NONE', #2688, #1154, #3668, .T. ) ;
#1062 = AXIS2_PLACEMENT_3D ( 'NONE', #3747, #3033, #3310 ) ;
#1063 = CARTESIAN_POINT ( 'NONE',  ( -3.650000000000000355, 0.7500000000000001110, -0.5000000000499998931 ) ) ;
#1064 = EDGE_LOOP ( 'NONE', ( #220, #54, #3760, #480, #3701, #3740 ) ) ;
#1065 = PLANE ( 'NONE',  #1312 ) ;
#1066 = CARTESIAN_POINT ( 'NONE',  ( -9.850000000000001421, 3.074999999700019249, -4.924999999699998021 ) ) ;
#1067 = VECTOR ( 'NONE', #1587, 1000.000000000000000 ) ;
#1068 = FACE_OUTER_BOUND ( 'NONE', #356, .T. ) ;
#1069 = VERTEX_POINT ( 'NONE', #1782 ) ;
#1070 = DIRECTION ( 'NONE',  ( 0.000000000000000000, -1.000000000000000000, 0.000000000000000000 ) ) ;
#1071 = CIRCLE ( 'NONE', #1659, 0.2500000000000000000 ) ;
#1072 = ORIENTED_EDGE ( 'NONE', *, *, #903, .T. ) ;
#1073 = DIRECTION ( 'NONE',  ( 1.000000000000000000, 0.000000000000000000, 0.000000000000000000 ) ) ;
#1074 = CIRCLE ( 'NONE', #704, 0.2500000000000002220 ) ;
#1075 = ADVANCED_FACE ( 'NONE', ( #3025 ), #2982, .F. ) ;
#1076 = LINE ( 'NONE', #3195, #2532 ) ;
#1077 = CARTESIAN_POINT ( 'NONE',  ( -8.250000000000000000, 0.2500000000000000000, -3.700000000000000178 ) ) ;
#1078 = VECTOR ( 'NONE', #1352, 1000.000000000000000 ) ;
#1079 = VECTOR ( 'NONE', #206, 1000.000000000000000 ) ;
#1080 = ORIENTED_EDGE ( 'NONE', *, *, #3810, .F. ) ;
#1081 = CARTESIAN_POINT ( 'NONE',  ( -3.449999999999999734, 0.2500000000000002220, -2.999999999400000839 ) ) ;
#1082 = VECTOR ( 'NONE', #2094, 1000.000000000000227 ) ;
#1083 = ORIENTED_EDGE ( 'NONE', *, *, #3336, .T. ) ;
#1084 = CARTESIAN_POINT ( 'NONE',  ( -3.650000000000000355, 3.750000000000000000, -2.999999999400000839 ) ) ;
#1085 = ORIENTED_EDGE ( 'NONE', *, *, #509, .F. ) ;
#1086 = LINE ( 'NONE', #1679, #1808 ) ;
#1087 = CARTESIAN_POINT ( 'NONE',  ( -5.250000000000002665, 4.099999999999993427, -1.300000000000000266 ) ) ;
#1088 = ADVANCED_FACE ( 'NONE', ( #292 ), #2655, .T. ) ;
#1089 = DIRECTION ( 'NONE',  ( 0.000000000000000000, 0.000000000000000000, 1.000000000000000000 ) ) ;
#1090 = DIRECTION ( 'NONE',  ( 1.000000000000000000, 0.000000000000000000, 0.000000000000000000 ) ) ;
#1091 = VERTEX_POINT ( 'NONE', #671 ) ;
#1092 = PLANE ( 'NONE',  #3177 ) ;
#1093 = EDGE_LOOP ( 'NONE', ( #3492, #1971, #1745, #1755, #2524 ) ) ;
#1094 = CARTESIAN_POINT ( 'NONE',  ( -3.699999999866662392, 5.349999999933331196, -2.300000000133340272 ) ) ;
#1095 = DIRECTION ( 'NONE',  ( 1.000000000000000000, 0.000000000000000000, 0.000000000000000000 ) ) ;
#1096 = SURFACE_STYLE_FILL_AREA ( #3171 ) ;
#1097 = PRODUCT_DEFINITION ( 'UNKNOWN', '', #3393, #577 ) ;
#1098 = CARTESIAN_POINT ( 'NONE',  ( -10.50000000000000000, 5.000000000000000000, -3.149999999999999911 ) ) ;
#1099 = ORIENTED_EDGE ( 'NONE', *, *, #2446, .F. ) ;
#1100 = VECTOR ( 'NONE', #3096, 1000.000000000000227 ) ;
#1101 = DIRECTION ( 'NONE',  ( -0.000000000000000000, -1.000000000000000000, -0.000000000000000000 ) ) ;
#1102 = ORIENTED_EDGE ( 'NONE', *, *, #3670, .T. ) ;
#1103 = VECTOR ( 'NONE', #3114, 1000.000000000000000 ) ;
#1104 = DIRECTION ( 'NONE',  ( -1.249998368884279561E-09, 0.000000000000000000, 1.000000000000000000 ) ) ;
#1105 = DIRECTION ( 'NONE',  ( 8.673617379884026597E-16, -0.000000000000000000, 1.000000000000000000 ) ) ;
#1106 = MECHANICAL_DESIGN_GEOMETRIC_PRESENTATION_REPRESENTATION (  '', ( #1844 ), #3837 ) ;
#1107 = DIRECTION ( 'NONE',  ( -1.000000000000000000, 0.000000000000000000, 0.000000000000000000 ) ) ;
#1108 = CARTESIAN_POINT ( 'NONE',  ( -9.250000000000000000, 3.200000000000000622, -1.550000000000000266 ) ) ;
#1109 = ORIENTED_EDGE ( 'NONE', *, *, #111, .T. ) ;
#1110 = DIRECTION ( 'NONE',  ( 0.000000000000000000, 0.000000000000000000, -1.000000000000000000 ) ) ;
#1111 = ORIENTED_EDGE ( 'NONE', *, *, #1015, .F. ) ;
#1112 = CARTESIAN_POINT ( 'NONE',  ( -3.650000000000000355, 0.6499999999999994671, -2.500000000000000000 ) ) ;
#1113 = ADVANCED_FACE ( 'NONE', ( #1284 ), #961, .T. ) ;
#1114 = EDGE_LOOP ( 'NONE', ( #2938, #932, #2496, #1813, #3828 ) ) ;
#1115 = CARTESIAN_POINT ( 'NONE',  ( -3.650000000000000355, 3.750000000000000000, -2.175000000000000266 ) ) ;
#1116 = DIRECTION ( 'NONE',  ( -0.5773502691896290617, -0.5773502691896189587, -0.5773502691896290617 ) ) ;
#1117 = CARTESIAN_POINT ( 'NONE',  ( -3.449999999999999734, 0.7500000000000001110, -2.500000000000000000 ) ) ;
#1118 = ORIENTED_EDGE ( 'NONE', *, *, #81, .T. ) ;
#1119 = ORIENTED_EDGE ( 'NONE', *, *, #3123, .F. ) ;
#1120 = CARTESIAN_POINT ( 'NONE',  ( -10.49999999999999822, -5.421010862427522170E-17, 5.421010862427522170E-17 ) ) ;
#1121 = ORIENTED_EDGE ( 'NONE', *, *, #1027, .T. ) ;
#1122 = CARTESIAN_POINT ( 'NONE',  ( -3.050000000000000711, 0.2000000001250000492, -2.500000000000000000 ) ) ;
#1123 = DIRECTION ( 'NONE',  ( -1.000000000000000000, 0.000000000000000000, -0.000000000000000000 ) ) ;
#1124 = PLANE ( 'NONE',  #3790 ) ;
#1125 = EDGE_CURVE ( 'NONE', #1316, #2240, #625, .T. ) ;
#1126 = ORIENTED_EDGE ( 'NONE', *, *, #1957, .F. ) ;
#1127 = DIRECTION ( 'NONE',  ( 0.000000000000000000, 0.000000000000000000, -1.000000000000000000 ) ) ;
#1128 = FILL_AREA_STYLE ('',( #3852 ) ) ;
#1129 = VECTOR ( 'NONE', #538, 1000.000000000000227 ) ;
#1130 = ORIENTED_EDGE ( 'NONE', *, *, #2868, .F. ) ;
#1131 = VERTEX_POINT ( 'NONE', #3896 ) ;
#1132 = CARTESIAN_POINT ( 'NONE',  ( -10.04999999995000159, 0.7500000000000001110, -2.600000000000000089 ) ) ;
#1133 = PLANE ( 'NONE',  #2122 ) ;
#1134 = CARTESIAN_POINT ( 'NONE',  ( -6.750000000000002665, 4.099999999999993427, -1.550000000000000711 ) ) ;
#1135 = VECTOR ( 'NONE', #2750, 1000.000000000000000 ) ;
#1136 = EDGE_CURVE ( 'NONE', #1800, #675, #1779, .T. ) ;
#1137 = ORIENTED_EDGE ( 'NONE', *, *, #3484, .T. ) ;
#1138 = ADVANCED_FACE ( 'NONE', ( #919 ), #3280, .F. ) ;
#1139 = ORIENTED_EDGE ( 'NONE', *, *, #3484, .F. ) ;
#1140 = AXIS2_PLACEMENT_3D ( 'NONE', #627, #3612, #3383 ) ;
#1141 = ORIENTED_EDGE ( 'NONE', *, *, #205, .T. ) ;
#1142 = AXIS2_PLACEMENT_3D ( 'NONE', #3756, #2889, #2266 ) ;
#1143 = DIRECTION ( 'NONE',  ( 0.000000000000000000, 1.000000000000000000, 0.000000000000000000 ) ) ;
#1144 = DIRECTION ( 'NONE',  ( 0.000000000000000000, 1.000000000000000000, 0.000000000000000000 ) ) ;
#1145 = CARTESIAN_POINT ( 'NONE',  ( -9.850000000000001421, 4.800000000400000744, -0.5000000000500000041 ) ) ;
#1146 = FACE_OUTER_BOUND ( 'NONE', #1894, .T. ) ;
#1147 = VECTOR ( 'NONE', #1576, 1000.000000000000000 ) ;
#1148 = CARTESIAN_POINT ( 'NONE',  ( -9.850000000000001421, 5.000000000000000000, -3.199999999600004585 ) ) ;
#1149 = DIRECTION ( 'NONE',  ( -0.000000000000000000, -0.7071067811865506814, 0.7071067811865443531 ) ) ;
#1150 = PLANE ( 'NONE',  #3209 ) ;
#1151 = ORIENTED_EDGE ( 'NONE', *, *, #747, .F. ) ;
#1152 = DIRECTION ( 'NONE',  ( 1.000000000000000000, 0.000000000000000000, 0.000000000000000000 ) ) ;
#1153 = ORIENTED_EDGE ( 'NONE', *, *, #2626, .F. ) ;
#1154 = VERTEX_POINT ( 'NONE', #3003 ) ;
#1155 = CARTESIAN_POINT ( 'NONE',  ( -8.500000000000000000, 1.899999999999999911, -1.300000000000000266 ) ) ;
#1156 = DIRECTION ( 'NONE',  ( 0.000000000000000000, -1.000000000000000000, 0.000000000000000000 ) ) ;
#1157 = CARTESIAN_POINT ( 'NONE',  ( -3.050000000000000711, 0.6499999999999990230, -1.000000000000000000 ) ) ;
#1158 = CONTEXT_DEPENDENT_SHAPE_REPRESENTATION ( #564, #815 ) ;
#1159 = DIRECTION ( 'NONE',  ( -1.000000000000000000, 0.000000000000000000, 0.000000000000000000 ) ) ;
#1160 = CARTESIAN_POINT ( 'NONE',  ( -4.250000000000001776, 1.899999999999999911, -0.4000000000000000222 ) ) ;
#1161 = ORIENTED_EDGE ( 'NONE', *, *, #1835, .T. ) ;
#1162 = ORIENTED_EDGE ( 'NONE', *, *, #2741, .F. ) ;
#1163 = CARTESIAN_POINT ( 'NONE',  ( -9.850000000000001421, 5.000000000000000000, -2.999999999400000839 ) ) ;
#1164 = CARTESIAN_POINT ( 'NONE',  ( -10.10000000000000142, 0.2500000000000000000, -1.000000000000000000 ) ) ;
#1165 = DIRECTION ( 'NONE',  ( 0.000000000000000000, 0.000000000000000000, -1.000000000000000000 ) ) ;
#1166 = ADVANCED_FACE ( 'NONE', ( #2422 ), #2070, .F. ) ;
#1167 = DIRECTION ( 'NONE',  ( -0.7071067811865414665, -0.7071067811865536790, -0.000000000000000000 ) ) ;
#1168 = CLOSED_SHELL ( 'NONE', ( #352, #2500, #1551, #413, #312, #1287 ) ) ;
#1169 = CARTESIAN_POINT ( 'NONE',  ( -9.250000000000000000, 1.900000000000000133, -0.3999999999500000181 ) ) ;
#1170 = CARTESIAN_POINT ( 'NONE',  ( -3.000000000000000888, -2.710505431213761085E-17, -0.3999999997999994505 ) ) ;
#1171 = CONICAL_SURFACE ( 'NONE', #1502, 0.1772059531467563287, 0.3490658503988719463 ) ;
#1172 = PLANE ( 'NONE',  #2468 ) ;
#1173 = CARTESIAN_POINT ( 'NONE',  ( -8.499999999999998224, 4.099999999999993427, -1.300000000000000266 ) ) ;
#1174 = VERTEX_POINT ( 'NONE', #2148 ) ;
#1175 = ORIENTED_EDGE ( 'NONE', *, *, #2674, .T. ) ;
#1176 =( NAMED_UNIT ( * ) SI_UNIT ( $, .STERADIAN. ) SOLID_ANGLE_UNIT ( ) );
#1177 = ORIENTED_EDGE ( 'NONE', *, *, #3669, .T. ) ;
#1178 = FACE_OUTER_BOUND ( 'NONE', #2033, .T. ) ;
#1179 = ORIENTED_EDGE ( 'NONE', *, *, #2976, .F. ) ;
#1180 = EDGE_CURVE ( 'NONE', #2002, #2273, #550, .T. ) ;
#1181 = CARTESIAN_POINT ( 'NONE',  ( -4.049999999799998029, 5.000000000000000000, -1.950000000200003969 ) ) ;
#1182 = CARTESIAN_POINT ( 'NONE',  ( -3.000000000000000888, 5.000000000000000000, -1.950000000200003969 ) ) ;
#1183 = CARTESIAN_POINT ( 'NONE',  ( 0.000000000000000000, 0.000000000000000000, -3.700000000000000178 ) ) ;
#1184 = ADVANCED_FACE ( 'NONE', ( #287 ), #3060, .T. ) ;
#1185 = FACE_OUTER_BOUND ( 'NONE', #2022, .T. ) ;
#1186 = EDGE_CURVE ( 'NONE', #43, #3000, #3858, .T. ) ;
#1187 = DIRECTION ( 'NONE',  ( 0.000000000000000000, 1.000000000000000000, 0.000000000000000000 ) ) ;
#1188 = DIRECTION ( 'NONE',  ( 0.000000000000000000, 1.000000000000000000, 0.000000000000000000 ) ) ;
#1189 = CIRCLE ( 'NONE', #571, 0.2500000000000000000 ) ;
#1190 = PLANE ( 'NONE',  #3410 ) ;
#1191 = EDGE_LOOP ( 'NONE', ( #514, #362, #487, #3037, #2818 ) ) ;
#1192 = CARTESIAN_POINT ( 'NONE',  ( -4.250000000000001776, 1.600000000000000311, -2.050000000324999849 ) ) ;
#1193 = CARTESIAN_POINT ( 'NONE',  ( -7.000000000000002665, 4.099999999999993427, -1.300000000000000266 ) ) ;
#1194 = APPLICATION_PROTOCOL_DEFINITION ( 'draft international standard', 'automotive_design', 1998, #3527 ) ;
#1195 = VECTOR ( 'NONE', #2282, 1000.000000000000000 ) ;
#1196 = ORIENTED_EDGE ( 'NONE', *, *, #2923, .F. ) ;
#1197 = EDGE_CURVE ( 'NONE', #975, #3905, #2414, .T. ) ;
#1198 = VERTEX_POINT ( 'NONE', #2092 ) ;
#1199 = DIRECTION ( 'NONE',  ( -1.000000000000000000, 0.000000000000000000, 0.000000000000000000 ) ) ;
#1200 = VECTOR ( 'NONE', #2377, 1000.000000000000000 ) ;
#1201 = AXIS2_PLACEMENT_3D ( 'NONE', #1750, #3876, #1152 ) ;
#1202 = CARTESIAN_POINT ( 'NONE',  ( -10.05000000000000249, 0.000000000000000000, -0.5000000000499998931 ) ) ;
#1203 = PLANE ( 'NONE',  #1728 ) ;
#1204 = VECTOR ( 'NONE', #2908, 1000.000000000000000 ) ;
#1205 = VECTOR ( 'NONE', #3765, 1000.000000000000000 ) ;
#1206 = CARTESIAN_POINT ( 'NONE',  ( -7.000000000000000888, 1.899999999999999911, -1.300000000000000266 ) ) ;
#1207 = DIRECTION ( 'NONE',  ( 1.000000000000000000, 0.000000000000000000, 0.000000000000000000 ) ) ;
#1208 = VECTOR ( 'NONE', #2512, 1000.000000000000227 ) ;
#1209 = CARTESIAN_POINT ( 'NONE',  ( -10.50000000000000000, -2.168404344971008868E-16, -3.700000000000000178 ) ) ;
#1210 = VERTEX_POINT ( 'NONE', #321 ) ;
#1211 = EDGE_CURVE ( 'NONE', #2789, #960, #3563, .T. ) ;
#1212 = PLANE ( 'NONE',  #3373 ) ;
#1213 = DIRECTION ( 'NONE',  ( -1.000000000000000000, 0.000000000000000000, -0.000000000000000000 ) ) ;
#1214 = DIRECTION ( 'NONE',  ( 0.000000000000000000, 0.000000000000000000, 1.000000000000000000 ) ) ;
#1215 = ADVANCED_FACE ( 'NONE', ( #3301 ), #191, .T. ) ;
#1216 = EDGE_CURVE ( 'NONE', #2009, #1449, #2113, .T. ) ;
#1217 = CARTESIAN_POINT ( 'NONE',  ( -3.400000000000003908, 0.000000000000000000, -0.9999999989999993621 ) ) ;
#1218 = FACE_OUTER_BOUND ( 'NONE', #226, .T. ) ;
#1219 = PLANE ( 'NONE',  #2367 ) ;
#1220 = PLANE ( 'NONE',  #1016 ) ;
#1221 = EDGE_LOOP ( 'NONE', ( #3304, #2798, #3842, #682 ) ) ;
#1222 = DIRECTION ( 'NONE',  ( 0.000000000000000000, 0.000000000000000000, -1.000000000000000000 ) ) ;
#1223 = CARTESIAN_POINT ( 'NONE',  ( -3.650000000000000355, 4.100000000000000533, -1.750000000000000222 ) ) ;
#1224 = EDGE_CURVE ( 'NONE', #435, #452, #1900, .T. ) ;
#1225 =( NAMED_UNIT ( * ) SI_UNIT ( $, .STERADIAN. ) SOLID_ANGLE_UNIT ( ) );
#1226 = DIRECTION ( 'NONE',  ( 1.000000000000000000, 0.000000000000000000, 0.000000000000000000 ) ) ;
#1227 = CARTESIAN_POINT ( 'NONE',  ( -4.250000000000003553, 4.799999999799999806, -1.749999999899999548 ) ) ;
#1228 = EDGE_CURVE ( 'NONE', #3348, #2002, #2168, .T. ) ;
#1229 = ORIENTED_EDGE ( 'NONE', *, *, #3297, .T. ) ;
#1230 = ORIENTED_EDGE ( 'NONE', *, *, #2778, .F. ) ;
#1231 = AXIS2_PLACEMENT_3D ( 'NONE', #2622, #853, #2951 ) ;
#1232 = CARTESIAN_POINT ( 'NONE',  ( -10.05000000000000249, 4.799999999799999806, -2.600000000100000097 ) ) ;
#1233 = EDGE_CURVE ( 'NONE', #2836, #177, #1866, .T. ) ;
#1234 = EDGE_CURVE ( 'NONE', #3567, #177, #3416, .T. ) ;
#1235 = VERTEX_POINT ( 'NONE', #425 ) ;
#1236 = UNCERTAINTY_MEASURE_WITH_UNIT (LENGTH_MEASURE( 1.000000000000000082E-05 ), #690, 'distance_accuracy_value', 'NONE');
#1237 = CARTESIAN_POINT ( 'NONE',  ( 9.250000000000000000, 1.899999999999999911, -0.4000000000000000222 ) ) ;
#1238 = LINE ( 'NONE', #2482, #3430 ) ;
#1239 = VERTEX_POINT ( 'NONE', #667 ) ;
#1240 = LINE ( 'NONE', #4, #3120 ) ;
#1241 = FACE_OUTER_BOUND ( 'NONE', #2183, .T. ) ;
#1242 = DIRECTION ( 'NONE',  ( -0.000000000000000000, -1.000000000000000000, -0.000000000000000000 ) ) ;
#1243 = PLANE ( 'NONE',  #3026 ) ;
#1244 = CARTESIAN_POINT ( 'NONE',  ( -10.05000000000000249, 0.7500000000000001110, -2.500000000000000000 ) ) ;
#1245 = ORIENTED_EDGE ( 'NONE', *, *, #2645, .F. ) ;
#1246 = DIRECTION ( 'NONE',  ( 1.000000000000000000, 0.000000000000000000, 0.000000000000000000 ) ) ;
#1247 = DIRECTION ( 'NONE',  ( -0.000000000000000000, -1.000000000000000000, -0.000000000000000000 ) ) ;
#1248 = PLANE ( 'NONE',  #1932 ) ;
#1249 = AXIS2_PLACEMENT_3D ( 'NONE', #612, #2034, #2737 ) ;
#1250 = AXIS2_PLACEMENT_3D ( 'NONE', #2007, #2751, #777 ) ;
#1251 = ORIENTED_EDGE ( 'NONE', *, *, #2131, .F. ) ;
#1252 = EDGE_CURVE ( 'NONE', #3226, #1947, #3100, .T. ) ;
#1253 = VECTOR ( 'NONE', #1528, 1000.000000000000000 ) ;
#1254 = ORIENTED_EDGE ( 'NONE', *, *, #204, .T. ) ;
#1255 = AXIS2_PLACEMENT_3D ( 'NONE', #1633, #3439, #709 ) ;
#1256 = EDGE_CURVE ( 'NONE', #1878, #1848, #373, .T. ) ;
#1257 = CIRCLE ( 'NONE', #196, 0.2500000000000002220 ) ;
#1258 = VECTOR ( 'NONE', #433, 1000.000000000000227 ) ;
#1259 = AXIS2_PLACEMENT_3D ( 'NONE', #2514, #2827, #3138 ) ;
#1260 = CARTESIAN_POINT ( 'NONE',  ( -3.449999999999999734, 0.7500000000000001110, -2.999999999400000839 ) ) ;
#1261 = CARTESIAN_POINT ( 'NONE',  ( -9.250000000000000000, 4.800000000400000744, -3.100000000000000533 ) ) ;
#1262 = DIRECTION ( 'NONE',  ( -0.000000000000000000, -1.000000000000000000, -0.000000000000000000 ) ) ;
#1263 = AXIS2_PLACEMENT_3D ( 'NONE', #3598, #3187, #2100 ) ;
#1264 = ORIENTED_EDGE ( 'NONE', *, *, #3395, .T. ) ;
#1265 = CARTESIAN_POINT ( 'NONE',  ( -6.750000000000000888, 1.899999999999999911, -1.300000000000000266 ) ) ;
#1266 = DIRECTION ( 'NONE',  ( -1.000000000000000000, -0.000000000000000000, -0.000000000000000000 ) ) ;
#1267 = ORIENTED_EDGE ( 'NONE', *, *, #613, .F. ) ;
#1268 =( GEOMETRIC_REPRESENTATION_CONTEXT ( 3 ) GLOBAL_UNCERTAINTY_ASSIGNED_CONTEXT ( ( #2407 ) ) GLOBAL_UNIT_ASSIGNED_CONTEXT ( ( #1303, #2199, #2179 ) ) REPRESENTATION_CONTEXT ( 'NONE', 'WORKASPACE' ) );
#1269 = ORIENTED_EDGE ( 'NONE', *, *, #1940, .T. ) ;
#1270 = CARTESIAN_POINT ( 'NONE',  ( -3.850000000200004102, 5.000000000000000000, -1.950000000200003969 ) ) ;
#1271 = ORIENTED_EDGE ( 'NONE', *, *, #2833, .T. ) ;
#1272 = EDGE_CURVE ( 'NONE', #429, #2851, #1622, .T. ) ;
#1273 = CARTESIAN_POINT ( 'NONE',  ( -3.449999999999999734, 5.000000000000000000, -2.999999999400000839 ) ) ;
#1274 = ORIENTED_EDGE ( 'NONE', *, *, #2449, .F. ) ;
#1275 = CARTESIAN_POINT ( 'NONE',  ( -9.850000000000001421, 0.6499999999999993561, -2.500000000000000000 ) ) ;
#1276 = VERTEX_POINT ( 'NONE', #2790 ) ;
#1277 = FACE_OUTER_BOUND ( 'NONE', #3327, .T. ) ;
#1278 = ORIENTED_EDGE ( 'NONE', *, *, #566, .F. ) ;
#1279 = CARTESIAN_POINT ( 'NONE',  ( -3.650000000000000355, 4.799999999799999806, -2.600000000000000533 ) ) ;
#1280 = DIRECTION ( 'NONE',  ( 1.000000000000000000, 0.000000000000000000, 0.000000000000000000 ) ) ;
#1281 = CARTESIAN_POINT ( 'NONE',  ( -5.427205953146760464, 0.2500000000000000000, -5.200000000000001066 ) ) ;
#1282 = VECTOR ( 'NONE', #3680, 1000.000000000000227 ) ;
#1283 = LINE ( 'NONE', #1922, #644 ) ;
#1284 = FACE_OUTER_BOUND ( 'NONE', #1905, .T. ) ;
#1285 = VERTEX_POINT ( 'NONE', #72 ) ;
#1286 = VECTOR ( 'NONE', #1880, 1000.000000000000000 ) ;
#1287 = ADVANCED_FACE ( 'NONE', ( #2774 ), #55, .T. ) ;
#1288 = SURFACE_STYLE_FILL_AREA ( #997 ) ;
#1289 = VERTEX_POINT ( 'NONE', #1916 ) ;
#1290 = DIRECTION ( 'NONE',  ( -1.000000000000000000, 0.000000000000000000, 0.000000000000000000 ) ) ;
#1291 = VERTEX_POINT ( 'NONE', #3117 ) ;
#1292 = CARTESIAN_POINT ( 'NONE',  ( -6.750000000000000888, 1.899999999999999911, -1.300000000000000266 ) ) ;
#1293 = ORIENTED_EDGE ( 'NONE', *, *, #464, .T. ) ;
#1294 = LINE ( 'NONE', #1260, #1442 ) ;
#1295 = EDGE_CURVE ( 'NONE', #2650, #2316, #393, .T. ) ;
#1296 = EDGE_CURVE ( 'NONE', #1174, #1291, #2823, .T. ) ;
#1297 = CARTESIAN_POINT ( 'NONE',  ( -9.450000000200002859, 5.000000000000000000, -3.300000000200004280 ) ) ;
#1298 = CARTESIAN_POINT ( 'NONE',  ( -9.350000000199994332, 4.100000000600005023, -1.599999999800008732 ) ) ;
#1299 = VERTEX_POINT ( 'NONE', #1300 ) ;
#1300 = CARTESIAN_POINT ( 'NONE',  ( -10.45000000000000107, 0.2000000000625000440, -1.000000000000000000 ) ) ;
#1301 = DIRECTION ( 'NONE',  ( 0.000000000000000000, -1.000000000000000000, -0.000000000000000000 ) ) ;
#1302 = ORIENTED_EDGE ( 'NONE', *, *, #1664, .F. ) ;
#1303 =( LENGTH_UNIT ( ) NAMED_UNIT ( * ) SI_UNIT ( .MILLI., .METRE. ) );
#1304 = VECTOR ( 'NONE', #1704, 1000.000000000000000 ) ;
#1305 = CARTESIAN_POINT ( 'NONE',  ( -5.500000000000001776, 1.899999999999999911, -1.300000000000000266 ) ) ;
#1306 = ORIENTED_EDGE ( 'NONE', *, *, #2156, .F. ) ;
#1307 = ADVANCED_FACE ( 'NONE', ( #2525 ), #3729, .F. ) ;
#1308 = AXIS2_PLACEMENT_3D ( 'NONE', #306, #2095, #3303 ) ;
#1309 = FILL_AREA_STYLE ('',( #3742 ) ) ;
#1310 = ORIENTED_EDGE ( 'NONE', *, *, #3350, .F. ) ;
#1311 = FACE_OUTER_BOUND ( 'NONE', #891, .T. ) ;
#1312 = AXIS2_PLACEMENT_3D ( 'NONE', #1653, #2274, #164 ) ;
#1313 = DIRECTION ( 'NONE',  ( -8.673617379884026597E-16, 0.000000000000000000, -1.000000000000000000 ) ) ;
#1314 = CARTESIAN_POINT ( 'NONE',  ( -10.04999999995000159, 0.6499999999999990230, -1.000000000000000000 ) ) ;
#1315 = DIRECTION ( 'NONE',  ( -0.000000000000000000, 0.7071067811865505703, 0.7071067811865444641 ) ) ;
#1316 = VERTEX_POINT ( 'NONE', #1644 ) ;
#1317 = VECTOR ( 'NONE', #2326, 1000.000000000000000 ) ;
#1318 = LINE ( 'NONE', #1816, #3792 ) ;
#1319 = VECTOR ( 'NONE', #1588, 1000.000000000000000 ) ;
#1320 = DIRECTION ( 'NONE',  ( 0.000000000000000000, -0.9396926207859062075, -0.3420201433256743750 ) ) ;
#1321 = EDGE_CURVE ( 'NONE', #3226, #2273, #246, .T. ) ;
#1322 = FACE_OUTER_BOUND ( 'NONE', #1456, .T. ) ;
#1323 = VECTOR ( 'NONE', #3115, 1000.000000000000000 ) ;
#1324 = DIRECTION ( 'NONE',  ( -1.000000000000000000, -0.000000000000000000, -0.000000000000000000 ) ) ;
#1325 = SURFACE_STYLE_FILL_AREA ( #2780 ) ;
#1326 = PRODUCT_DEFINITION_FORMATION_WITH_SPECIFIED_SOURCE ( 'ANY', '', #1417, .NOT_KNOWN. ) ;
#1327 = CARTESIAN_POINT ( 'NONE',  ( -10.50000000000000000, 0.000000000000000000, -0.4500000000000000666 ) ) ;
#1328 = ORIENTED_EDGE ( 'NONE', *, *, #3664, .T. ) ;
#1329 = CARTESIAN_POINT ( 'NONE',  ( -9.850000000000001421, 4.799999999799999806, -2.999999999400000839 ) ) ;
#1330 = ORIENTED_EDGE ( 'NONE', *, *, #336, .T. ) ;
#1331 = DIRECTION ( 'NONE',  ( 0.000000000000000000, 0.000000000000000000, -1.000000000000000000 ) ) ;
#1332 = ORIENTED_EDGE ( 'NONE', *, *, #1370, .T. ) ;
#1333 = FACE_OUTER_BOUND ( 'NONE', #3392, .T. ) ;
#1334 = CARTESIAN_POINT ( 'NONE',  ( 0.000000000000000000, 1.600000000000000089, -2.049999999999999822 ) ) ;
#1335 = ADVANCED_FACE ( 'NONE', ( #3889 ), #2654, .T. ) ;
#1336 = CYLINDRICAL_SURFACE ( 'NONE', #131, 0.2500000000000002220 ) ;
#1337 = LINE ( 'NONE', #2821, #1385 ) ;
#1338 = VERTEX_POINT ( 'NONE', #3750 ) ;
#1339 = CARTESIAN_POINT ( 'NONE',  ( -9.250000000000000000, 3.299999999999999822, -3.100000000000000533 ) ) ;
#1340 = DIRECTION ( 'NONE',  ( 1.000000000000000000, 0.000000000000000000, 0.000000000000000000 ) ) ;
#1341 = VERTEX_POINT ( 'NONE', #3242 ) ;
#1342 = LINE ( 'NONE', #1050, #1195 ) ;
#1343 = EDGE_CURVE ( 'NONE', #2700, #695, #2723, .T. ) ;
#1344 = ORIENTED_EDGE ( 'NONE', *, *, #3467, .F. ) ;
#1345 = ORIENTED_EDGE ( 'NONE', *, *, #3715, .F. ) ;
#1346 = DIRECTION ( 'NONE',  ( 0.000000000000000000, 0.000000000000000000, -1.000000000000000000 ) ) ;
#1347 = AXIS2_PLACEMENT_3D ( 'NONE', #1897, #624, #2206 ) ;
#1348 = EDGE_CURVE ( 'NONE', #883, #3617, #3845, .T. ) ;
#1349 = EDGE_CURVE ( 'NONE', #2542, #1239, #3235, .T. ) ;
#1350 = ORIENTED_EDGE ( 'NONE', *, *, #3093, .T. ) ;
#1351 = VECTOR ( 'NONE', #421, 1000.000000000000000 ) ;
#1352 = DIRECTION ( 'NONE',  ( 1.000000000000000000, 0.000000000000000000, 0.000000000000000000 ) ) ;
#1353 = ORIENTED_EDGE ( 'NONE', *, *, #1921, .F. ) ;
#1354 = CARTESIAN_POINT ( 'NONE',  ( -9.850000000000001421, 5.000000000000000000, -0.5000000000500000041 ) ) ;
#1355 = DIRECTION ( 'NONE',  ( 0.000000000000000000, 1.000000000000000000, 0.000000000000000000 ) ) ;
#1356 = EDGE_LOOP ( 'NONE', ( #1251, #315, #101, #780 ) ) ;
#1357 = DIRECTION ( 'NONE',  ( -4.336808689942013299E-16, 1.000000000000000000, 0.000000000000000000 ) ) ;
#1358 = LINE ( 'NONE', #1066, #3856 ) ;
#1359 = LINE ( 'NONE', #2296, #3005 ) ;
#1360 = ORIENTED_EDGE ( 'NONE', *, *, #3923, .F. ) ;
#1361 = ORIENTED_EDGE ( 'NONE', *, *, #337, .F. ) ;
#1362 = DIRECTION ( 'NONE',  ( 0.000000000000000000, -1.000000000000000000, 0.000000000000000000 ) ) ;
#1363 = EDGE_CURVE ( 'NONE', #2298, #1876, #439, .T. ) ;
#1364 = CARTESIAN_POINT ( 'NONE',  ( -9.850000000000001421, 3.750000000000000000, -0.9000000000000001332 ) ) ;
#1365 = LINE ( 'NONE', #3818, #3625 ) ;
#1366 = EDGE_CURVE ( 'NONE', #3662, #3614, #1530, .T. ) ;
#1367 =( NAMED_UNIT ( * ) PLANE_ANGLE_UNIT ( ) SI_UNIT ( $, .RADIAN. ) );
#1368 = VERTEX_POINT ( 'NONE', #1419 ) ;
#1369 = ORIENTED_EDGE ( 'NONE', *, *, #1820, .T. ) ;
#1370 = EDGE_CURVE ( 'NONE', #2242, #1460, #3553, .T. ) ;
#1371 = VECTOR ( 'NONE', #785, 1000.000000000000227 ) ;
#1372 = ORIENTED_EDGE ( 'NONE', *, *, #1186, .F. ) ;
#1373 = DIRECTION ( 'NONE',  ( 0.5773502691896290617, -0.5773502691896189587, -0.5773502691896290617 ) ) ;
#1374 = AXIS2_PLACEMENT_3D ( 'NONE', #528, #1756, #1073 ) ;
#1375 = LINE ( 'NONE', #783, #1079 ) ;
#1376 = VERTEX_POINT ( 'NONE', #2636 ) ;
#1377 = EDGE_CURVE ( 'NONE', #3107, #2216, #632, .T. ) ;
#1378 = PLANE ( 'NONE',  #122 ) ;
#1379 = STYLED_ITEM ( 'NONE', ( #2810 ), #1545 ) ;
#1380 = ORIENTED_EDGE ( 'NONE', *, *, #336, .F. ) ;
#1381 = DIRECTION ( 'NONE',  ( 0.000000000000000000, 0.000000000000000000, 1.000000000000000000 ) ) ;
#1382 = ORIENTED_EDGE ( 'NONE', *, *, #3664, .F. ) ;
#1383 =( NAMED_UNIT ( * ) PLANE_ANGLE_UNIT ( ) SI_UNIT ( $, .RADIAN. ) );
#1384 = MECHANICAL_DESIGN_GEOMETRIC_PRESENTATION_REPRESENTATION (  '', ( #3795 ), #2119 ) ;
#1385 = VECTOR ( 'NONE', #3098, 1000.000000000000000 ) ;
#1386 = VECTOR ( 'NONE', #2080, 1000.000000000000000 ) ;
#1387 = EDGE_CURVE ( 'NONE', #2298, #3000, #825, .T. ) ;
#1388 = LINE ( 'NONE', #1094, #822 ) ;
#1389 = CARTESIAN_POINT ( 'NONE',  ( -3.650000000000000355, 4.800000000400000744, -0.9500000000000000666 ) ) ;
#1390 = VECTOR ( 'NONE', #427, 1000.000000000000000 ) ;
#1391 = DIRECTION ( 'NONE',  ( 1.000000000000000000, 0.000000000000000000, 0.000000000000000000 ) ) ;
#1392 = DIRECTION ( 'NONE',  ( 0.000000000000000000, 0.000000000000000000, 1.000000000000000000 ) ) ;
#1393 = AXIS2_PLACEMENT_3D ( 'NONE', #2962, #3900, #3257 ) ;
#1394 = VECTOR ( 'NONE', #1582, 1000.000000000000000 ) ;
#1395 = ORIENTED_EDGE ( 'NONE', *, *, #1296, .F. ) ;
#1396 = EDGE_CURVE ( 'NONE', #2930, #2087, #1318, .T. ) ;
#1397 = LINE ( 'NONE', #3822, #3166 ) ;
#1398 = ORIENTED_EDGE ( 'NONE', *, *, #3266, .F. ) ;
#1399 = DIRECTION ( 'NONE',  ( -1.000000000000000000, 0.000000000000000000, 0.000000000000000000 ) ) ;
#1400 = VERTEX_POINT ( 'NONE', #3867 ) ;
#1401 = DIRECTION ( 'NONE',  ( -1.000000000000000000, 0.000000000000000000, 0.000000000000000000 ) ) ;
#1402 = DIRECTION ( 'NONE',  ( -1.000000000000000000, 0.000000000000000000, 0.000000000000000000 ) ) ;
#1403 = EDGE_CURVE ( 'NONE', #3666, #2316, #847, .T. ) ;
#1404 = CARTESIAN_POINT ( 'NONE',  ( -9.850000000000001421, 0.6499999999999994671, -2.500000000000000000 ) ) ;
#1405 = ORIENTED_EDGE ( 'NONE', *, *, #1664, .T. ) ;
#1406 = CARTESIAN_POINT ( 'NONE',  ( -4.049999999799998029, 5.000000000000000000, -1.750000000000000222 ) ) ;
#1407 = ORIENTED_EDGE ( 'NONE', *, *, #2003, .F. ) ;
#1408 = ORIENTED_EDGE ( 'NONE', *, *, #3826, .F. ) ;
#1409 = EDGE_LOOP ( 'NONE', ( #148, #2697, #244, #1514, #2361 ) ) ;
#1410 = CARTESIAN_POINT ( 'NONE',  ( -3.983333333599998749, 5.066666666799998886, -0.1333333335999973557 ) ) ;
#1411 = FACE_OUTER_BOUND ( 'NONE', #2030, .T. ) ;
#1412 = LINE ( 'NONE', #289, #283 ) ;
#1413 = CYLINDRICAL_SURFACE ( 'NONE', #2800, 0.04999999999999969746 ) ;
#1414 = ORIENTED_EDGE ( 'NONE', *, *, #1571, .F. ) ;
#1415 = ORIENTED_EDGE ( 'NONE', *, *, #1234, .T. ) ;
#1416 = CARTESIAN_POINT ( 'NONE',  ( -4.283333333116677188, 3.966666667283338388, -1.333333333166676793 ) ) ;
#1417 = PRODUCT ( 'BxB-ZR-SM4 pins_3', 'BxB-ZR-SM4 pins_3', '', ( #263 ) ) ;
#1418 = CONICAL_SURFACE ( 'NONE', #2887, 0.1772059531467574112, 0.3490658503988557371 ) ;
#1419 = CARTESIAN_POINT ( 'NONE',  ( -10.05000000000000249, 0.7500000000000001110, -2.600000000000000089 ) ) ;
#1420 = DIRECTION ( 'NONE',  ( 0.000000000000000000, 1.000000000000000000, 0.000000000000000000 ) ) ;
#1421 = ORIENTED_EDGE ( 'NONE', *, *, #2395, .F. ) ;
#1422 = CARTESIAN_POINT ( 'NONE',  ( -8.249999999999998224, 4.299999999999999822, -1.300000000000000266 ) ) ;
#1423 = EDGE_CURVE ( 'NONE', #2200, #1448, #3573, .T. ) ;
#1424 = LINE ( 'NONE', #1441, #673 ) ;
#1425 = VERTEX_POINT ( 'NONE', #2987 ) ;
#1426 = FACE_OUTER_BOUND ( 'NONE', #3178, .T. ) ;
#1427 = DIRECTION ( 'NONE',  ( 0.000000000000000000, 0.000000000000000000, 1.000000000000000000 ) ) ;
#1428 = CARTESIAN_POINT ( 'NONE',  ( -10.05000000000000249, 4.800000000400000744, -0.9000000000000001332 ) ) ;
#1429 = EDGE_CURVE ( 'NONE', #168, #3405, #2683, .T. ) ;
#1430 = ADVANCED_FACE ( 'NONE', ( #3463 ), #869, .T. ) ;
#1431 = ORIENTED_EDGE ( 'NONE', *, *, #989, .T. ) ;
#1432 = DIRECTION ( 'NONE',  ( 8.673617379884026597E-16, 0.000000000000000000, -1.000000000000000000 ) ) ;
#1433 = FACE_OUTER_BOUND ( 'NONE', #2451, .T. ) ;
#1434 = ORIENTED_EDGE ( 'NONE', *, *, #798, .F. ) ;
#1435 = ORIENTED_EDGE ( 'NONE', *, *, #3199, .F. ) ;
#1436 = LINE ( 'NONE', #801, #2029 ) ;
#1437 = EDGE_CURVE ( 'NONE', #1915, #3348, #1240, .T. ) ;
#1438 = DIRECTION ( 'NONE',  ( 1.000000000000000000, 0.000000000000000000, 0.000000000000000000 ) ) ;
#1439 = FACE_OUTER_BOUND ( 'NONE', #1764, .T. ) ;
#1440 = DIRECTION ( 'NONE',  ( -1.000000000000000000, 0.000000000000000000, 0.000000000000000000 ) ) ;
#1441 = CARTESIAN_POINT ( 'NONE',  ( -10.05000000000000249, 0.7500000000000001110, -2.550000000000000266 ) ) ;
#1442 = VECTOR ( 'NONE', #3663, 1000.000000000000000 ) ;
#1443 = CARTESIAN_POINT ( 'NONE',  ( -3.650000000000000355, 4.799999999799999806, -0.9000000000000001332 ) ) ;
#1444 = EDGE_LOOP ( 'NONE', ( #1886, #1637, #3287, #420, #256, #2041, #3408, #2517 ) ) ;
#1445 = DIRECTION ( 'NONE',  ( 0.000000000000000000, -1.000000000000000000, 0.000000000000000000 ) ) ;
#1446 = DIRECTION ( 'NONE',  ( 0.000000000000000000, 1.000000000000000000, -1.694065894508600678E-17 ) ) ;
#1447 = AXIS2_PLACEMENT_3D ( 'NONE', #2978, #1849, #3879 ) ;
#1448 = VERTEX_POINT ( 'NONE', #3091 ) ;
#1449 = VERTEX_POINT ( 'NONE', #1202 ) ;
#1450 = EDGE_CURVE ( 'NONE', #90, #2349, #1532, .T. ) ;
#1451 = CARTESIAN_POINT ( 'NONE',  ( -3.650000000000000355, 0.6499999999999989120, -1.000000000000000000 ) ) ;
#1452 = CARTESIAN_POINT ( 'NONE',  ( -3.449999999999999734, 0.000000000000000000, -3.700000000000000178 ) ) ;
#1453 = DIRECTION ( 'NONE',  ( 1.000000000000000000, 0.000000000000000000, 0.000000000000000000 ) ) ;
#1454 = VECTOR ( 'NONE', #3672, 1000.000000000000000 ) ;
#1455 = APPLICATION_PROTOCOL_DEFINITION ( 'draft international standard', 'automotive_design', 1998, #1857 ) ;
#1456 = EDGE_LOOP ( 'NONE', ( #3717, #364, #2465, #2089, #88, #1749, #1267, #2992, #3678, #3412, #1650, #3014, #3770, #2130, #1683, #486 ) ) ;
#1457 = DIRECTION ( 'NONE',  ( 0.000000000000000000, 0.000000000000000000, 1.000000000000000000 ) ) ;
#1458 = ADVANCED_FACE ( 'NONE', ( #1853 ), #63, .F. ) ;
#1459 = EDGE_CURVE ( 'NONE', #3156, #353, #2486, .T. ) ;
#1460 = VERTEX_POINT ( 'NONE', #3409 ) ;
#1461 = CARTESIAN_POINT ( 'NONE',  ( -10.50000000000000000, 0.000000000000000000, -0.9000000000000001332 ) ) ;
#1462 = VECTOR ( 'NONE', #1534, 1000.000000000000114 ) ;
#1463 = VECTOR ( 'NONE', #1324, 1000.000000000000000 ) ;
#1464 = ORIENTED_EDGE ( 'NONE', *, *, #1597, .F. ) ;
#1465 = VECTOR ( 'NONE', #3016, 1000.000000000000227 ) ;
#1466 = AXIS2_PLACEMENT_3D ( 'NONE', #1620, #1898, #3445 ) ;
#1467 = ORIENTED_EDGE ( 'NONE', *, *, #1233, .T. ) ;
#1468 = LINE ( 'NONE', #3225, #513 ) ;
#1469 = DIRECTION ( 'NONE',  ( 0.000000000000000000, 1.000000000000000000, 0.000000000000000000 ) ) ;
#1470 = CARTESIAN_POINT ( 'NONE',  ( -3.000000000000000888, 5.000000000000000000, -0.7000000003999973242 ) ) ;
#1471 = VECTOR ( 'NONE', #2082, 1000.000000000000000 ) ;
#1472 = PLANE ( 'NONE',  #2651 ) ;
#1473 = CYLINDRICAL_SURFACE ( 'NONE', #1231, 0.2500000000000002220 ) ;
#1474 = PRESENTATION_LAYER_ASSIGNMENT (  '', '', ( #3330 ) ) ;
#1475 = VERTEX_POINT ( 'NONE', #29 ) ;
#1476 = DIRECTION ( 'NONE',  ( 0.000000000000000000, 0.000000000000000000, -1.000000000000000000 ) ) ;
#1477 = ORIENTED_EDGE ( 'NONE', *, *, #398, .T. ) ;
#1478 = CARTESIAN_POINT ( 'NONE',  ( -6.497000000000000774, 0.5030000000000000027, -5.200000000000001066 ) ) ;
#1479 = DIRECTION ( 'NONE',  ( 0.000000000000000000, 0.000000000000000000, -1.000000000000000000 ) ) ;
#1480 = ORIENTED_EDGE ( 'NONE', *, *, #3150, .F. ) ;
#1481 = EDGE_LOOP ( 'NONE', ( #3691, #1671, #2314, #2677 ) ) ;
#1482 = DIRECTION ( 'NONE',  ( 0.000000000000000000, 0.000000000000000000, -1.000000000000000000 ) ) ;
#1483 = CARTESIAN_POINT ( 'NONE',  ( -3.400000000000000355, 0.2500000000000000000, -2.500000000000000000 ) ) ;
#1484 = ADVANCED_FACE ( 'NONE', ( #3659 ), #1494, .F. ) ;
#1485 = CARTESIAN_POINT ( 'NONE',  ( 0.000000000000000000, 5.000000000000000000, 0.000000000000000000 ) ) ;
#1486 = DIRECTION ( 'NONE',  ( 0.000000000000000000, 0.000000000000000000, 1.000000000000000000 ) ) ;
#1487 = ORIENTED_EDGE ( 'NONE', *, *, #2952, .F. ) ;
#1488 = EDGE_LOOP ( 'NONE', ( #2784, #3331, #1793, #1345 ) ) ;
#1489 = EDGE_CURVE ( 'NONE', #3777, #2579, #2125, .T. ) ;
#1490 = DIRECTION ( 'NONE',  ( 0.000000000000000000, 0.000000000000000000, 1.000000000000000000 ) ) ;
#1491 = EDGE_LOOP ( 'NONE', ( #2000, #885, #2635, #266 ) ) ;
#1492 = FACE_OUTER_BOUND ( 'NONE', #2187, .T. ) ;
#1493 = LINE ( 'NONE', #657, #2857 ) ;
#1494 = PLANE ( 'NONE',  #2231 ) ;
#1495 = CARTESIAN_POINT ( 'NONE',  ( -10.05000000000000249, 3.074999999700019249, -4.924999999699998021 ) ) ;
#1496 = PLANE ( 'NONE',  #3800 ) ;
#1497 = DIRECTION ( 'NONE',  ( 1.000000000000000000, 0.000000000000000000, -0.000000000000000000 ) ) ;
#1498 = VECTOR ( 'NONE', #1846, 1000.000000000000227 ) ;
#1499 =( LENGTH_UNIT ( ) NAMED_UNIT ( * ) SI_UNIT ( .MILLI., .METRE. ) );
#1500 = ORIENTED_EDGE ( 'NONE', *, *, #1272, .F. ) ;
#1501 = FACE_OUTER_BOUND ( 'NONE', #2680, .T. ) ;
#1502 = AXIS2_PLACEMENT_3D ( 'NONE', #2490, #2143, #619 ) ;
#1503 = CARTESIAN_POINT ( 'NONE',  ( -3.000000000000000888, 5.000000000000000000, -0.7500000003999973686 ) ) ;
#1504 = ORIENTED_EDGE ( 'NONE', *, *, #1343, .F. ) ;
#1505 = EDGE_LOOP ( 'NONE', ( #971, #92, #3263, #3179, #1055, #3139, #3455, #441, #424, #1635, #2277, #964 ) ) ;
#1506 = DIRECTION ( 'NONE',  ( 0.000000000000000000, -1.000000000000000000, 0.000000000000000000 ) ) ;
#1507 = ORIENTED_EDGE ( 'NONE', *, *, #659, .T. ) ;
#1508 = ADVANCED_FACE ( 'NONE', ( #692 ), #414, .F. ) ;
#1509 = FACE_OUTER_BOUND ( 'NONE', #2049, .T. ) ;
#1510 = ORIENTED_EDGE ( 'NONE', *, *, #2462, .T. ) ;
#1511 = DIRECTION ( 'NONE',  ( 0.000000000000000000, 0.000000000000000000, -1.000000000000000000 ) ) ;
#1512 = CARTESIAN_POINT ( 'NONE',  ( -9.850000000000001421, 3.750000000000000000, -0.9000000000000001332 ) ) ;
#1513 = ORIENTED_EDGE ( 'NONE', *, *, #2475, .F. ) ;
#1514 = ORIENTED_EDGE ( 'NONE', *, *, #773, .T. ) ;
#1515 = EDGE_CURVE ( 'NONE', #1738, #2739, #2832, .T. ) ;
#1516 = DIRECTION ( 'NONE',  ( -1.666665940261099667E-09, 0.000000000000000000, 1.000000000000000000 ) ) ;
#1517 = PLANE ( 'NONE',  #894 ) ;
#1518 = FACE_OUTER_BOUND ( 'NONE', #2024, .T. ) ;
#1519 = PLANE ( 'NONE',  #2189 ) ;
#1520 = FACE_OUTER_BOUND ( 'NONE', #2406, .T. ) ;
#1521 = ADVANCED_FACE ( 'NONE', ( #3468 ), #2031, .T. ) ;
#1522 = DIRECTION ( 'NONE',  ( -1.000000000000000000, 0.000000000000000000, 0.000000000000000000 ) ) ;
#1523 = EDGE_LOOP ( 'NONE', ( #3851, #1405, #2834, #2177, #2057 ) ) ;
#1524 = PRESENTATION_STYLE_ASSIGNMENT (( #876 ) ) ;
#1525 = CIRCLE ( 'NONE', #807, 0.1772059531467556903 ) ;
#1526 = DIRECTION ( 'NONE',  ( 0.000000000000000000, 1.000000000000000000, 0.000000000000000000 ) ) ;
#1527 = ORIENTED_EDGE ( 'NONE', *, *, #3076, .F. ) ;
#1528 = DIRECTION ( 'NONE',  ( -1.000000000000000000, 0.000000000000000000, 0.000000000000000000 ) ) ;
#1529 = PLANE ( 'NONE',  #447 ) ;
#1530 = CIRCLE ( 'NONE', #3308, 0.2500000000000000000 ) ;
#1531 = EDGE_CURVE ( 'NONE', #3112, #2966, #3798, .T. ) ;
#1532 = CIRCLE ( 'NONE', #696, 0.2500000000000002220 ) ;
#1533 = CARTESIAN_POINT ( 'NONE',  ( -10.10000000000000142, 0.2500000000000000000, -1.000000000000000000 ) ) ;
#1534 = DIRECTION ( 'NONE',  ( -0.000000000000000000, 0.7071067811865506814, -0.7071067811865443531 ) ) ;
#1535 = CARTESIAN_POINT ( 'NONE',  ( -5.000000000000000888, 1.899999999999999911, -1.300000000000000266 ) ) ;
#1536 = ORIENTED_EDGE ( 'NONE', *, *, #1437, .T. ) ;
#1537 =( GEOMETRIC_REPRESENTATION_CONTEXT ( 3 ) GLOBAL_UNCERTAINTY_ASSIGNED_CONTEXT ( ( #720 ) ) GLOBAL_UNIT_ASSIGNED_CONTEXT ( ( #1823, #621, #3057 ) ) REPRESENTATION_CONTEXT ( 'NONE', 'WORKASPACE' ) );
#1538 = ADVANCED_BREP_SHAPE_REPRESENTATION ( '', ( #348, #1018 ), #1268 ) ;
#1539 = ORIENTED_EDGE ( 'NONE', *, *, #841, .F. ) ;
#1540 = CARTESIAN_POINT ( 'NONE',  ( -9.250000000000000000, 3.200000000000000178, -1.750000000000000222 ) ) ;
#1541 = VECTOR ( 'NONE', #3838, 1000.000000000000000 ) ;
#1542 = VECTOR ( 'NONE', #1301, 1000.000000000000000 ) ;
#1543 = CARTESIAN_POINT ( 'NONE',  ( -10.54999999980000958, 4.100000000000004086, -2.299999999599992240 ) ) ;
#1544 = VECTOR ( 'NONE', #2969, 1000.000000000000227 ) ;
#1545 = MANIFOLD_SOLID_BREP ( 'LPattern1[2]', #1168 ) ;
#1546 = EDGE_CURVE ( 'NONE', #2590, #2127, #1342, .T. ) ;
#1547 = CARTESIAN_POINT ( 'NONE',  ( -3.650000000000000355, 3.200000000000000178, -1.350000000000000089 ) ) ;
#1548 = VECTOR ( 'NONE', #2120, 1000.000000000000000 ) ;
#1549 = CARTESIAN_POINT ( 'NONE',  ( -10.50000000000000000, 5.000000000000000000, -1.950000000200003969 ) ) ;
#1550 = DIRECTION ( 'NONE',  ( -1.000000000000000000, 0.000000000000000000, 0.000000000000000000 ) ) ;
#1551 = ADVANCED_FACE ( 'NONE', ( #2528 ), #1685, .F. ) ;
#1552 = EDGE_CURVE ( 'NONE', #1289, #2009, #2569, .T. ) ;
#1553 = DIRECTION ( 'NONE',  ( 0.000000000000000000, 0.000000000000000000, 1.000000000000000000 ) ) ;
#1554 = CARTESIAN_POINT ( 'NONE',  ( -9.250000000000000000, 4.799999999799999806, -1.750000000000000222 ) ) ;
#1555 = DIRECTION ( 'NONE',  ( 0.000000000000000000, -0.7071067811865536790, 0.7071067811865414665 ) ) ;
#1556 = ORIENTED_EDGE ( 'NONE', *, *, #1125, .F. ) ;
#1557 = LINE ( 'NONE', #3920, #3246 ) ;
#1558 = DIRECTION ( 'NONE',  ( -4.336808689942013299E-16, 1.000000000000000000, 0.000000000000000000 ) ) ;
#1559 = CARTESIAN_POINT ( 'NONE',  ( -4.250000000000001776, 3.299999999999999822, -3.100000000000000533 ) ) ;
#1560 = ORIENTED_EDGE ( 'NONE', *, *, #1180, .T. ) ;
#1561 = LINE ( 'NONE', #2050, #3436 ) ;
#1562 = ORIENTED_EDGE ( 'NONE', *, *, #3502, .T. ) ;
#1563 = ORIENTED_EDGE ( 'NONE', *, *, #2028, .F. ) ;
#1564 = DIRECTION ( 'NONE',  ( 0.000000000000000000, 0.000000000000000000, 1.000000000000000000 ) ) ;
#1565 = EDGE_CURVE ( 'NONE', #2570, #832, #3833, .T. ) ;
#1566 = CLOSED_SHELL ( 'NONE', ( #724, #233, #291, #3881, #60, #1869 ) ) ;
#1567 = DIRECTION ( 'NONE',  ( 0.000000000000000000, 0.000000000000000000, 1.000000000000000000 ) ) ;
#1568 = LINE ( 'NONE', #918, #507 ) ;
#1569 = CARTESIAN_POINT ( 'NONE',  ( -8.000000000000000000, 0.2500000000000000555, -3.700000000000000178 ) ) ;
#1570 = SURFACE_STYLE_USAGE ( .BOTH. , #1011 ) ;
#1571 = EDGE_CURVE ( 'NONE', #501, #3466, #3775, .T. ) ;
#1572 = DIRECTION ( 'NONE',  ( 0.000000000000000000, 0.000000000000000000, -1.000000000000000000 ) ) ;
#1573 = PRODUCT ( 'BxB-ZR-SM4_3', 'BxB-ZR-SM4_3', '', ( #1829 ) ) ;
#1574 = CARTESIAN_POINT ( 'NONE',  ( -4.250000000000001776, 3.200000000000000178, -1.750000000000000222 ) ) ;
#1575 = ORIENTED_EDGE ( 'NONE', *, *, #2837, .T. ) ;
#1576 = DIRECTION ( 'NONE',  ( 0.000000000000000000, 1.000000000000000000, 0.000000000000000000 ) ) ;
#1577 = ORIENTED_EDGE ( 'NONE', *, *, #2817, .F. ) ;
#1578 = DIRECTION ( 'NONE',  ( 0.000000000000000000, 0.000000000000000000, 1.000000000000000000 ) ) ;
#1579 = DIRECTION ( 'NONE',  ( 0.000000000000000000, 0.000000000000000000, 1.000000000000000000 ) ) ;
#1580 = LINE ( 'NONE', #967, #3423 ) ;
#1581 = ORIENTED_EDGE ( 'NONE', *, *, #2339, .F. ) ;
#1582 = DIRECTION ( 'NONE',  ( -1.000000000000000000, 0.000000000000000000, 0.000000000000000000 ) ) ;
#1583 = EDGE_LOOP ( 'NONE', ( #2055, #2121, #1527, #735 ) ) ;
#1584 = LINE ( 'NONE', #3343, #2704 ) ;
#1585 = CARTESIAN_POINT ( 'NONE',  ( -9.849999999333334699, 3.750000000000000000, -2.600000000133333877 ) ) ;
#1586 = VERTEX_POINT ( 'NONE', #1725 ) ;
#1587 = DIRECTION ( 'NONE',  ( 1.000000000000000000, 0.000000000000000000, -0.000000000000000000 ) ) ;
#1588 = DIRECTION ( 'NONE',  ( -1.000000000000000000, 0.000000000000000000, 0.000000000000000000 ) ) ;
#1589 = SURFACE_STYLE_FILL_AREA ( #3719 ) ;
#1590 = DIRECTION ( 'NONE',  ( -1.000000000000000000, 0.000000000000000000, 0.000000000000000000 ) ) ;
#1591 = EDGE_CURVE ( 'NONE', #1069, #1025, #3538, .T. ) ;
#1592 = CARTESIAN_POINT ( 'NONE',  ( -5.250000000000002665, 4.299999999999999822, -1.300000000000000266 ) ) ;
#1593 = CARTESIAN_POINT ( 'NONE',  ( -6.750000000000002665, 0.2500000000000000000, -5.200000000000001066 ) ) ;
#1594 = VECTOR ( 'NONE', #3891, 1000.000000000000227 ) ;
#1595 = VERTEX_POINT ( 'NONE', #750 ) ;
#1596 = VECTOR ( 'NONE', #3289, 1000.000000000000000 ) ;
#1597 = EDGE_CURVE ( 'NONE', #695, #2700, #442, .T. ) ;
#1598 = EDGE_CURVE ( 'NONE', #3607, #2782, #190, .T. ) ;
#1599 = ORIENTED_EDGE ( 'NONE', *, *, #1180, .F. ) ;
#1600 = COLOUR_RGB ( '',0.7960784313725489669, 0.8235294117647058432, 0.9372549019607843146 ) ;
#1601 = DIRECTION ( 'NONE',  ( 0.000000000000000000, -1.000000000000000000, -0.000000000000000000 ) ) ;
#1602 = AXIS2_PLACEMENT_3D ( 'NONE', #3903, #1392, #1159 ) ;
#1603 = FACE_OUTER_BOUND ( 'NONE', #3438, .T. ) ;
#1604 = VERTEX_POINT ( 'NONE', #3228 ) ;
#1605 = VECTOR ( 'NONE', #1917, 1000.000000000000000 ) ;
#1606 = AXIS2_PLACEMENT_3D ( 'NONE', #866, #2678, #3885 ) ;
#1607 = DIRECTION ( 'NONE',  ( 0.000000000000000000, -1.000000000000000000, 0.000000000000000000 ) ) ;
#1608 = VECTOR ( 'NONE', #1110, 1000.000000000000000 ) ;
#1609 = ORIENTED_EDGE ( 'NONE', *, *, #614, .F. ) ;
#1610 = FACE_OUTER_BOUND ( 'NONE', #2421, .T. ) ;
#1611 = CARTESIAN_POINT ( 'NONE',  ( -3.650000000000000355, 5.000000000000000000, -2.999999999400000839 ) ) ;
#1612 = CARTESIAN_POINT ( 'NONE',  ( -3.449999999999999734, 0.7500000000000001110, -2.550000000000000266 ) ) ;
#1613 = DIRECTION ( 'NONE',  ( 0.000000000000000000, 0.000000000000000000, 1.000000000000000000 ) ) ;
#1614 = CARTESIAN_POINT ( 'NONE',  ( -7.000000000000002665, 0.2500000000000000000, -4.999999999999987566 ) ) ;
#1615 = ORIENTED_EDGE ( 'NONE', *, *, #1940, .F. ) ;
#1616 = ADVANCED_FACE ( 'NONE', ( #3189 ), #460, .T. ) ;
#1617 = EDGE_CURVE ( 'NONE', #2566, #500, #2301, .T. ) ;
#1618 = ORIENTED_EDGE ( 'NONE', *, *, #2795, .T. ) ;
#1619 = DIRECTION ( 'NONE',  ( -1.000000000000000000, 0.000000000000000000, 0.000000000000000000 ) ) ;
#1620 = CARTESIAN_POINT ( 'NONE',  ( -3.400000000000000355, 0.2500000000000000000, -1.000000000000000000 ) ) ;
#1621 = ORIENTED_EDGE ( 'NONE', *, *, #59, .F. ) ;
#1622 = LINE ( 'NONE', #683, #1067 ) ;
#1623 = DIRECTION ( 'NONE',  ( 1.000000000000000000, 0.000000000000000000, 0.000000000000000000 ) ) ;
#1624 = MANIFOLD_SOLID_BREP ( 'Mirror2[3]', #670 ) ;
#1625 = CARTESIAN_POINT ( 'NONE',  ( -9.850000000000001421, 4.100000000000000533, -1.750000000000000222 ) ) ;
#1626 = VECTOR ( 'NONE', #185, 1000.000000000000000 ) ;
#1627 = EDGE_CURVE ( 'NONE', #2087, #3820, #3519, .T. ) ;
#1628 = CARTESIAN_POINT ( 'NONE',  ( -9.850000000000001421, 4.800000000400000744, -0.9500000000000000666 ) ) ;
#1629 = ORIENTED_EDGE ( 'NONE', *, *, #33, .T. ) ;
#1630 = CARTESIAN_POINT ( 'NONE',  ( -3.650000000000000355, 0.000000000000000000, -2.999999999400000839 ) ) ;
#1631 = CARTESIAN_POINT ( 'NONE',  ( -9.850000000000001421, 1.825000000300017966, 0.1750000003000085347 ) ) ;
#1632 = ORIENTED_EDGE ( 'NONE', *, *, #1295, .F. ) ;
#1633 = CARTESIAN_POINT ( 'NONE',  ( -3.400000000000000355, 0.2500000000000000000, -2.500000000000000000 ) ) ;
#1634 = CARTESIAN_POINT ( 'NONE',  ( -3.000000000000000888, 5.000000000000000000, -3.149999999999999911 ) ) ;
#1635 = ORIENTED_EDGE ( 'NONE', *, *, #3322, .T. ) ;
#1636 = EDGE_CURVE ( 'NONE', #3583, #435, #2933, .T. ) ;
#1637 = ORIENTED_EDGE ( 'NONE', *, *, #2722, .T. ) ;
#1638 = MANIFOLD_SOLID_BREP ( 'Mirror2[1]', #3764 ) ;
#1639 = ORIENTED_EDGE ( 'NONE', *, *, #3041, .T. ) ;
#1640 = DIRECTION ( 'NONE',  ( 0.000000000000000000, 0.7071067811865480168, 0.7071067811865470176 ) ) ;
#1641 = ADVANCED_FACE ( 'NONE', ( #1501 ), #833, .F. ) ;
#1642 = DIRECTION ( 'NONE',  ( 0.000000000000000000, 0.000000000000000000, -1.000000000000000000 ) ) ;
#1643 = ORIENTED_EDGE ( 'NONE', *, *, #3457, .T. ) ;
#1644 = CARTESIAN_POINT ( 'NONE',  ( -3.650000000000000355, 3.750000000000000000, -0.9000000000000001332 ) ) ;
#1645 = LINE ( 'NONE', #3170, #1463 ) ;
#1646 = VECTOR ( 'NONE', #1044, 1000.000000000000000 ) ;
#1647 = ORIENTED_EDGE ( 'NONE', *, *, #1224, .T. ) ;
#1648 = AXIS2_PLACEMENT_3D ( 'NONE', #730, #2968, #2260 ) ;
#1649 = CARTESIAN_POINT ( 'NONE',  ( -3.449999999999999734, 1.825000000300017966, 0.1750000003000085347 ) ) ;
#1650 = ORIENTED_EDGE ( 'NONE', *, *, #1825, .T. ) ;
#1651 = AXIS2_PLACEMENT_3D ( 'NONE', #658, #365, #1579 ) ;
#1652 = ORIENTED_EDGE ( 'NONE', *, *, #1760, .F. ) ;
#1653 = CARTESIAN_POINT ( 'NONE',  ( -3.650000000000000355, 4.799999999799999806, -2.600000000000000533 ) ) ;
#1654 = EDGE_CURVE ( 'NONE', #435, #2710, #914, .T. ) ;
#1655 = CARTESIAN_POINT ( 'NONE',  ( -3.650000000000000355, 0.7500000000000001110, -2.550000000000000266 ) ) ;
#1656 = VECTOR ( 'NONE', #1104, 1000.000000000000000 ) ;
#1657 = DIRECTION ( 'NONE',  ( 0.000000000000000000, 0.000000000000000000, -1.000000000000000000 ) ) ;
#1658 = EDGE_LOOP ( 'NONE', ( #1058, #2945, #3749, #2593 ) ) ;
#1659 = AXIS2_PLACEMENT_3D ( 'NONE', #3710, #1965, #3734 ) ;
#1660 = DIRECTION ( 'NONE',  ( -1.000000000000000000, 0.000000000000000000, 0.000000000000000000 ) ) ;
#1661 = AXIS2_PLACEMENT_3D ( 'NONE', #3103, #1033, #2263 ) ;
#1662 = VERTEX_POINT ( 'NONE', #2974 ) ;
#1663 = DIRECTION ( 'NONE',  ( 0.000000000000000000, 0.000000000000000000, 1.000000000000000000 ) ) ;
#1664 = EDGE_CURVE ( 'NONE', #452, #2444, #3360, .T. ) ;
#1665 = ADVANCED_FACE ( 'NONE', ( #565 ), #2107, .T. ) ;
#1666 = DIRECTION ( 'NONE',  ( 0.000000000000000000, -1.000000000000000000, 0.000000000000000000 ) ) ;
#1667 = AXIS2_PLACEMENT_3D ( 'NONE', #3554, #1768, #1694 ) ;
#1668 = LINE ( 'NONE', #2245, #3129 ) ;
#1669 =( GEOMETRIC_REPRESENTATION_CONTEXT ( 3 ) GLOBAL_UNCERTAINTY_ASSIGNED_CONTEXT ( ( #308 ) ) GLOBAL_UNIT_ASSIGNED_CONTEXT ( ( #1054, #2891, #2307 ) ) REPRESENTATION_CONTEXT ( 'NONE', 'WORKASPACE' ) );
#1670 = DIRECTION ( 'NONE',  ( -1.000000000000000000, 0.000000000000000000, 0.000000000000000000 ) ) ;
#1671 = ORIENTED_EDGE ( 'NONE', *, *, #3524, .F. ) ;
#1672 = LINE ( 'NONE', #2329, #2589 ) ;
#1673 = ORIENTED_EDGE ( 'NONE', *, *, #3041, .F. ) ;
#1674 = DIRECTION ( 'NONE',  ( 0.000000000000000000, 0.000000000000000000, 1.000000000000000000 ) ) ;
#1675 = ORIENTED_EDGE ( 'NONE', *, *, #3470, .F. ) ;
#1676 = MANIFOLD_SOLID_BREP ( 'Split3[6]', #3143 ) ;
#1677 = EDGE_CURVE ( 'NONE', #2304, #2218, #338, .T. ) ;
#1678 = CARTESIAN_POINT ( 'NONE',  ( -3.950000000000001954, 3.200000000000000178, -1.750000000000000222 ) ) ;
#1679 = CARTESIAN_POINT ( 'NONE',  ( -10.05000000000000249, 0.7500000000000001110, -0.9500000000000000666 ) ) ;
#1680 = CYLINDRICAL_SURFACE ( 'NONE', #383, 0.2500000000000002220 ) ;
#1681 = LINE ( 'NONE', #2882, #3495 ) ;
#1682 = CARTESIAN_POINT ( 'NONE',  ( -3.650000000000000355, 4.799999999799999806, -2.999999999400000839 ) ) ;
#1683 = ORIENTED_EDGE ( 'NONE', *, *, #2475, .T. ) ;
#1684 = ORIENTED_EDGE ( 'NONE', *, *, #2135, .T. ) ;
#1685 = PLANE ( 'NONE',  #1801 ) ;
#1686 = EDGE_CURVE ( 'NONE', #2463, #2566, #32, .T. ) ;
#1687 = CARTESIAN_POINT ( 'NONE',  ( -3.449999999999999734, 0.2500000000000000000, -2.500000000700000502 ) ) ;
#1688 = CARTESIAN_POINT ( 'NONE',  ( -9.850000000000001421, 3.750000000000000000, -0.5000000000500000041 ) ) ;
#1689 = VECTOR ( 'NONE', #2771, 1000.000000000000000 ) ;
#1690 = EDGE_CURVE ( 'NONE', #2570, #956, #3277, .T. ) ;
#1691 = ORIENTED_EDGE ( 'NONE', *, *, #2160, .F. ) ;
#1692 = ORIENTED_EDGE ( 'NONE', *, *, #3069, .T. ) ;
#1693 = LINE ( 'NONE', #1739, #2161 ) ;
#1694 = DIRECTION ( 'NONE',  ( 0.000000000000000000, 0.000000000000000000, -1.000000000000000000 ) ) ;
#1695 = ORIENTED_EDGE ( 'NONE', *, *, #3314, .T. ) ;
#1696 = CARTESIAN_POINT ( 'NONE',  ( -5.250000000000002665, 4.099999999999993427, -1.300000000000000266 ) ) ;
#1697 = DIRECTION ( 'NONE',  ( 1.000000000000000000, 0.000000000000000000, 0.000000000000000000 ) ) ;
#1698 = ADVANCED_FACE ( 'NONE', ( #1997 ), #1065, .F. ) ;
#1699 = ORIENTED_EDGE ( 'NONE', *, *, #1748, .F. ) ;
#1700 = CARTESIAN_POINT ( 'NONE',  ( -9.250000000000000000, 1.750000000000000000, -1.899999999999999911 ) ) ;
#1701 = ORIENTED_EDGE ( 'NONE', *, *, #1377, .F. ) ;
#1702 =( NAMED_UNIT ( * ) SI_UNIT ( $, .STERADIAN. ) SOLID_ANGLE_UNIT ( ) );
#1703 = LINE ( 'NONE', #2093, #3248 ) ;
#1704 = DIRECTION ( 'NONE',  ( 4.336808689942013299E-16, 1.000000000000000000, 0.000000000000000000 ) ) ;
#1705 = ADVANCED_FACE ( 'NONE', ( #2856 ), #2619, .T. ) ;
#1706 = FACE_OUTER_BOUND ( 'NONE', #3705, .T. ) ;
#1707 = AXIS2_PLACEMENT_3D ( 'NONE', #1292, #3458, #417 ) ;
#1708 = ORIENTED_EDGE ( 'NONE', *, *, #723, .T. ) ;
#1709 = EDGE_CURVE ( 'NONE', #1604, #1937, #3431, .T. ) ;
#1710 = EDGE_CURVE ( 'NONE', #1937, #3217, #3733, .T. ) ;
#1711 = VECTOR ( 'NONE', #3288, 1000.000000000000000 ) ;
#1712 = PLANE ( 'NONE',  #2909 ) ;
#1713 = ORIENTED_EDGE ( 'NONE', *, *, #2065, .F. ) ;
#1714 = CARTESIAN_POINT ( 'NONE',  ( -10.05000000000000249, 4.799999999799999806, -2.999999999400000839 ) ) ;
#1715 = ORIENTED_EDGE ( 'NONE', *, *, #613, .T. ) ;
#1716 = AXIS2_PLACEMENT_3D ( 'NONE', #3609, #1214, #2755 ) ;
#1717 = DIRECTION ( 'NONE',  ( 0.000000000000000000, 0.000000000000000000, 1.000000000000000000 ) ) ;
#1718 = EDGE_LOOP ( 'NONE', ( #3167, #1431, #3877, #3307 ) ) ;
#1719 = FACE_OUTER_BOUND ( 'NONE', #3294, .T. ) ;
#1720 = DIRECTION ( 'NONE',  ( 0.000000000000000000, 0.000000000000000000, -1.000000000000000000 ) ) ;
#1721 = CARTESIAN_POINT ( 'NONE',  ( -9.850000000000001421, 0.7500000000000001110, -0.8999999999999998002 ) ) ;
#1722 = DIRECTION ( 'NONE',  ( -0.000000000000000000, -0.000000000000000000, -1.000000000000000000 ) ) ;
#1723 = VERTEX_POINT ( 'NONE', #471 ) ;
#1724 = LINE ( 'NONE', #215, #1608 ) ;
#1725 = CARTESIAN_POINT ( 'NONE',  ( -6.500000000000002665, 4.099999999999993427, -1.300000000000000266 ) ) ;
#1726 = AXIS2_PLACEMENT_3D ( 'NONE', #766, #2543, #3807 ) ;
#1727 = AXIS2_PLACEMENT_3D ( 'NONE', #52, #3054, #1207 ) ;
#1728 = AXIS2_PLACEMENT_3D ( 'NONE', #3049, #3290, #2436 ) ;
#1729 = DIRECTION ( 'NONE',  ( 0.000000000000000000, 0.000000000000000000, -1.000000000000000000 ) ) ;
#1730 = PLANE ( 'NONE',  #2736 ) ;
#1731 = AXIS2_PLACEMENT_3D ( 'NONE', #1960, #1934, #392 ) ;
#1732 = LINE ( 'NONE', #862, #1991 ) ;
#1733 =( LENGTH_UNIT ( ) NAMED_UNIT ( * ) SI_UNIT ( .MILLI., .METRE. ) );
#1734 = ORIENTED_EDGE ( 'NONE', *, *, #3601, .T. ) ;
#1735 = ORIENTED_EDGE ( 'NONE', *, *, #2645, .T. ) ;
#1736 = ORIENTED_EDGE ( 'NONE', *, *, #3433, .F. ) ;
#1737 = LINE ( 'NONE', #3261, #1711 ) ;
#1738 = VERTEX_POINT ( 'NONE', #2949 ) ;
#1739 = CARTESIAN_POINT ( 'NONE',  ( -9.850000000000001421, 0.3750000000000000555, -1.000000000000000000 ) ) ;
#1740 = VERTEX_POINT ( 'NONE', #804 ) ;
#1741 = ADVANCED_FACE ( 'NONE', ( #1333 ), #3222, .T. ) ;
#1742 = DIRECTION ( 'NONE',  ( -0.000000000000000000, -0.000000000000000000, -1.000000000000000000 ) ) ;
#1743 = ADVANCED_FACE ( 'NONE', ( #1024 ), #3767, .T. ) ;
#1744 = DIRECTION ( 'NONE',  ( 0.000000000000000000, 0.000000000000000000, -1.000000000000000000 ) ) ;
#1745 = ORIENTED_EDGE ( 'NONE', *, *, #3001, .T. ) ;
#1746 = PLANE ( 'NONE',  #444 ) ;
#1747 = DIRECTION ( 'NONE',  ( 1.000000000000000000, 0.000000000000000000, -0.000000000000000000 ) ) ;
#1748 = EDGE_CURVE ( 'NONE', #1751, #429, #1086, .T. ) ;
#1749 = ORIENTED_EDGE ( 'NONE', *, *, #204, .F. ) ;
#1750 = CARTESIAN_POINT ( 'NONE',  ( -5.250000000000000888, 0.2500000000000000000, -3.700000000000000178 ) ) ;
#1751 = VERTEX_POINT ( 'NONE', #2255 ) ;
#1752 = CARTESIAN_POINT ( 'NONE',  ( -3.000000000000000888, 0.000000000000000000, -0.9000000000000001332 ) ) ;
#1753 = FACE_OUTER_BOUND ( 'NONE', #1021, .T. ) ;
#1754 = EDGE_LOOP ( 'NONE', ( #1652, #3247, #1994, #2913 ) ) ;
#1755 = ORIENTED_EDGE ( 'NONE', *, *, #2160, .T. ) ;
#1756 = DIRECTION ( 'NONE',  ( 0.000000000000000000, 0.7071067811865536790, -0.7071067811865414665 ) ) ;
#1757 = PLANE ( 'NONE',  #2431 ) ;
#1758 = DIRECTION ( 'NONE',  ( 0.000000000000000000, 1.000000000000000000, 0.000000000000000000 ) ) ;
#1759 = CARTESIAN_POINT ( 'NONE',  ( -8.000000000000000000, 0.2500000000000000555, -3.700000000000000178 ) ) ;
#1760 = EDGE_CURVE ( 'NONE', #2159, #1918, #2898, .T. ) ;
#1761 = ORIENTED_EDGE ( 'NONE', *, *, #1627, .F. ) ;
#1762 = AXIS2_PLACEMENT_3D ( 'NONE', #3379, #3059, #15 ) ;
#1763 = ORIENTED_EDGE ( 'NONE', *, *, #1565, .T. ) ;
#1764 = EDGE_LOOP ( 'NONE', ( #3353, #856, #1306, #405 ) ) ;
#1765 = DIRECTION ( 'NONE',  ( 0.000000000000000000, -1.000000000000000000, 0.000000000000000000 ) ) ;
#1766 = ORIENTED_EDGE ( 'NONE', *, *, #2554, .T. ) ;
#1767 = LINE ( 'NONE', #740, #16 ) ;
#1768 = DIRECTION ( 'NONE',  ( -1.000000000000000000, 0.000000000000000000, 0.000000000000000000 ) ) ;
#1769 = ORIENTED_EDGE ( 'NONE', *, *, #3597, .T. ) ;
#1770 = DIRECTION ( 'NONE',  ( 1.000000000000000000, 0.000000000000000000, 0.000000000000000000 ) ) ;
#1771 = ADVANCED_FACE ( 'NONE', ( #1719 ), #3493, .F. ) ;
#1772 = LINE ( 'NONE', #3602, #3146 ) ;
#1773 = EDGE_LOOP ( 'NONE', ( #78, #555, #1099, #3394, #124 ) ) ;
#1774 = CARTESIAN_POINT ( 'NONE',  ( -10.09999999999999787, 0.000000000000000000, -2.500000001199999655 ) ) ;
#1775 = EDGE_CURVE ( 'NONE', #1047, #1996, #2922, .T. ) ;
#1776 = ORIENTED_EDGE ( 'NONE', *, *, #3859, .T. ) ;
#1777 = ORIENTED_EDGE ( 'NONE', *, *, #2880, .T. ) ;
#1778 = DIRECTION ( 'NONE',  ( 0.000000000000000000, 0.000000000000000000, -1.000000000000000000 ) ) ;
#1779 = LINE ( 'NONE', #1452, #693 ) ;
#1780 = DIRECTION ( 'NONE',  ( 0.000000000000000000, 0.000000000000000000, -1.000000000000000000 ) ) ;
#1781 = PLANE ( 'NONE',  #3186 ) ;
#1782 = CARTESIAN_POINT ( 'NONE',  ( -10.45000000000000107, 0.2000000001250000492, -2.500000000000000000 ) ) ;
#1783 = EDGE_LOOP ( 'NONE', ( #1151, #2877, #1675, #3221 ) ) ;
#1784 = ORIENTED_EDGE ( 'NONE', *, *, #1855, .T. ) ;
#1785 = EDGE_LOOP ( 'NONE', ( #1109, #2904, #2977, #3596 ) ) ;
#1786 = DIRECTION ( 'NONE',  ( -0.000000000000000000, -0.000000000000000000, 1.000000000000000000 ) ) ;
#1787 = CARTESIAN_POINT ( 'NONE',  ( -3.449999999999999734, 0.000000000000000000, -2.600000000000000533 ) ) ;
#1788 = ADVANCED_FACE ( 'NONE', ( #3244 ), #1746, .F. ) ;
#1789 = CIRCLE ( 'NONE', #61, 0.04999999999999969746 ) ;
#1790 = CARTESIAN_POINT ( 'NONE',  ( -8.427205953146756912, 0.2500000000000000000, -5.200000000000001066 ) ) ;
#1791 = CARTESIAN_POINT ( 'NONE',  ( -6.750000000000002665, 4.299999999999999822, -1.122794046853244465 ) ) ;
#1792 = VECTOR ( 'NONE', #3461, 1000.000000000000000 ) ;
#1793 = ORIENTED_EDGE ( 'NONE', *, *, #707, .F. ) ;
#1794 = DIRECTION ( 'NONE',  ( 0.000000000000000000, 0.000000000000000000, -1.000000000000000000 ) ) ;
#1795 = ORIENTED_EDGE ( 'NONE', *, *, #926, .F. ) ;
#1796 = DIRECTION ( 'NONE',  ( 0.000000000000000000, -0.000000000000000000, 1.000000000000000000 ) ) ;
#1797 = EDGE_CURVE ( 'NONE', #800, #2773, #581, .T. ) ;
#1798 = LINE ( 'NONE', #2998, #2164 ) ;
#1799 = AXIS2_PLACEMENT_3D ( 'NONE', #3479, #1742, #1031 ) ;
#1800 = VERTEX_POINT ( 'NONE', #1787 ) ;
#1801 = AXIS2_PLACEMENT_3D ( 'NONE', #2865, #2956, #170 ) ;
#1802 = CARTESIAN_POINT ( 'NONE',  ( -6.750000000000000888, 1.899999999999999911, -1.300000000000000266 ) ) ;
#1803 = ADVANCED_FACE ( 'NONE', ( #2658 ), #896, .T. ) ;
#1804 = ADVANCED_FACE ( 'NONE', ( #3869 ), #558, .F. ) ;
#1805 = EDGE_LOOP ( 'NONE', ( #1006, #3579, #3731, #1274 ) ) ;
#1806 = CARTESIAN_POINT ( 'NONE',  ( -4.250000000000001776, 1.600000000000000311, -3.100000000000000533 ) ) ;
#1807 = LINE ( 'NONE', #3006, #2676 ) ;
#1808 = VECTOR ( 'NONE', #2580, 1000.000000000000000 ) ;
#1809 = CARTESIAN_POINT ( 'NONE',  ( 0.000000000000000000, 0.000000000000000000, 0.000000000000000000 ) ) ;
#1810 = EDGE_LOOP ( 'NONE', ( #1795, #492, #3359, #2236, #1699, #1085, #416, #1575, #3090, #1735 ) ) ;
#1811 = AXIS2_PLACEMENT_3D ( 'NONE', #194, #1432, #2890 ) ;
#1812 = CARTESIAN_POINT ( 'NONE',  ( -4.250000000000001776, 0.000000000000000000, -3.100000000000000533 ) ) ;
#1813 = ORIENTED_EDGE ( 'NONE', *, *, #2184, .T. ) ;
#1814 = VECTOR ( 'NONE', #3015, 1000.000000000000227 ) ;
#1815 = CARTESIAN_POINT ( 'NONE',  ( -9.850000000000001421, 4.800000000400000744, -0.5000000000500000041 ) ) ;
#1816 = CARTESIAN_POINT ( 'NONE',  ( -10.50000000000000000, 4.800000000400000744, -0.9000000000000001332 ) ) ;
#1817 = DIRECTION ( 'NONE',  ( -1.000000000000000000, 0.000000000000000000, 0.000000000000000000 ) ) ;
#1818 = AXIS2_PLACEMENT_3D ( 'NONE', #3464, #1666, #751 ) ;
#1819 = CARTESIAN_POINT ( 'NONE',  ( -3.650000000000000355, 3.750000000000000000, -2.999999999400000839 ) ) ;
#1820 = EDGE_CURVE ( 'NONE', #1876, #2298, #2480, .T. ) ;
#1821 = AXIS2_PLACEMENT_3D ( 'NONE', #1017, #3213, #2246 ) ;
#1822 = ORIENTED_EDGE ( 'NONE', *, *, #2923, .T. ) ;
#1823 =( LENGTH_UNIT ( ) NAMED_UNIT ( * ) SI_UNIT ( .MILLI., .METRE. ) );
#1824 = DIRECTION ( 'NONE',  ( -0.000000000000000000, -1.000000000000000000, -0.000000000000000000 ) ) ;
#1825 = EDGE_CURVE ( 'NONE', #3396, #714, #3910, .T. ) ;
#1826 = DIRECTION ( 'NONE',  ( -0.000000000000000000, -0.7071067811865414665, -0.7071067811865536790 ) ) ;
#1827 = CARTESIAN_POINT ( 'NONE',  ( -3.650000000000000355, 3.750000000000000000, -0.5000000000500000041 ) ) ;
#1828 = CARTESIAN_POINT ( 'NONE',  ( -9.249999999999998224, 3.200000000000000178, -1.750000000000000222 ) ) ;
#1829 = PRODUCT_CONTEXT ( 'NONE', #892, 'mechanical' ) ;
#1830 = ADVANCED_FACE ( 'NONE', ( #2410 ), #1496, .F. ) ;
#1831 = ORIENTED_EDGE ( 'NONE', *, *, #3284, .F. ) ;
#1832 = LINE ( 'NONE', #24, #2293 ) ;
#1833 = CARTESIAN_POINT ( 'NONE',  ( -4.250000000000001776, 1.899999999999999911, -1.075000000000000178 ) ) ;
#1834 = ORIENTED_EDGE ( 'NONE', *, *, #534, .F. ) ;
#1835 = EDGE_CURVE ( 'NONE', #643, #1738, #870, .T. ) ;
#1836 = EDGE_LOOP ( 'NONE', ( #1330, #1776, #102, #811 ) ) ;
#1837 = DIRECTION ( 'NONE',  ( -0.000000000000000000, -1.000000000000000000, -0.000000000000000000 ) ) ;
#1838 = CARTESIAN_POINT ( 'NONE',  ( -10.10000000000000142, 0.2500000000000000000, -2.500000000000000000 ) ) ;
#1839 = LINE ( 'NONE', #2103, #3127 ) ;
#1840 = CARTESIAN_POINT ( 'NONE',  ( -3.650000000000000355, 3.200000000000000178, -0.9499999999999999556 ) ) ;
#1841 = DIRECTION ( 'NONE',  ( 1.000000000000000000, 0.000000000000000000, 0.000000000000000000 ) ) ;
#1842 = CARTESIAN_POINT ( 'NONE',  ( -10.50000000000000000, 2.500000000000000000, 0.000000000000000000 ) ) ;
#1843 = DIRECTION ( 'NONE',  ( 0.000000000000000000, -0.7071067811865536790, 0.7071067811865414665 ) ) ;
#1844 = STYLED_ITEM ( 'NONE', ( #3158 ), #348 ) ;
#1845 = EDGE_CURVE ( 'NONE', #2584, #925, #1839, .T. ) ;
#1846 = DIRECTION ( 'NONE',  ( 0.000000000000000000, -0.9396926207859062075, -0.3420201433256743750 ) ) ;
#1847 = ORIENTED_EDGE ( 'NONE', *, *, #2156, .T. ) ;
#1848 = VERTEX_POINT ( 'NONE', #2639 ) ;
#1849 = DIRECTION ( 'NONE',  ( 1.000000000000000000, 0.000000000000000000, -0.000000000000000000 ) ) ;
#1850 = FACE_OUTER_BOUND ( 'NONE', #2556, .T. ) ;
#1851 = CYLINDRICAL_SURFACE ( 'NONE', #2523, 0.2500000000000002220 ) ;
#1852 = ADVANCED_FACE ( 'NONE', ( #1146 ), #1517, .F. ) ;
#1853 = FACE_OUTER_BOUND ( 'NONE', #1505, .T. ) ;
#1854 = DIRECTION ( 'NONE',  ( 0.000000000000000000, -0.000000000000000000, 1.000000000000000000 ) ) ;
#1855 = EDGE_CURVE ( 'NONE', #2352, #3306, #3032, .T. ) ;
#1856 = PRESENTATION_STYLE_ASSIGNMENT (( #3621 ) ) ;
#1857 = APPLICATION_CONTEXT ( 'automotive_design' ) ;
#1858 = SURFACE_STYLE_FILL_AREA ( #3914 ) ;
#1859 = CARTESIAN_POINT ( 'NONE',  ( -13.50000000000000178, 0.000000000000000000, -0.9999999989999993621 ) ) ;
#1860 = DIRECTION ( 'NONE',  ( 0.000000000000000000, 0.000000000000000000, 1.000000000000000000 ) ) ;
#1861 = VECTOR ( 'NONE', #2812, 1000.000000000000000 ) ;
#1862 = CARTESIAN_POINT ( 'NONE',  ( -10.13333333333333819, 4.516666666466668367, -1.466666666666663454 ) ) ;
#1863 = SHAPE_REPRESENTATION ( 'BxB-ZR-SM4_3', ( #1018 ), #1268 ) ;
#1864 = DIRECTION ( 'NONE',  ( -0.5773502691896290617, -0.5773502691896189587, 0.5773502691896290617 ) ) ;
#1865 = PLANE ( 'NONE',  #200 ) ;
#1866 = CIRCLE ( 'NONE', #1, 0.2500000000000002220 ) ;
#1867 = UNCERTAINTY_MEASURE_WITH_UNIT (LENGTH_MEASURE( 1.000000000000000082E-05 ), #1499, 'distance_accuracy_value', 'NONE');
#1868 = DIRECTION ( 'NONE',  ( -1.000000000000000000, 0.000000000000000000, 0.000000000000000000 ) ) ;
#1869 = ADVANCED_FACE ( 'NONE', ( #3309 ), #2970, .T. ) ;
#1870 = CARTESIAN_POINT ( 'NONE',  ( -6.750000000000000888, 0.2500000000000000000, -3.700000000000000178 ) ) ;
#1871 = ORIENTED_EDGE ( 'NONE', *, *, #2530, .T. ) ;
#1872 = AXIS2_PLACEMENT_3D ( 'NONE', #1696, #3473, #3825 ) ;
#1873 = DIRECTION ( 'NONE',  ( 0.000000000000000000, 0.000000000000000000, -1.000000000000000000 ) ) ;
#1874 = VECTOR ( 'NONE', #1346, 1000.000000000000000 ) ;
#1875 = VECTOR ( 'NONE', #1381, 1000.000000000000000 ) ;
#1876 = VERTEX_POINT ( 'NONE', #541 ) ;
#1877 = AXIS2_PLACEMENT_3D ( 'NONE', #1406, #770, #1127 ) ;
#1878 = VERTEX_POINT ( 'NONE', #2718 ) ;
#1879 = ADVANCED_FACE ( 'NONE', ( #2706 ), #1203, .T. ) ;
#1880 = DIRECTION ( 'NONE',  ( 0.000000000000000000, 0.000000000000000000, -1.000000000000000000 ) ) ;
#1881 = ADVANCED_FACE ( 'NONE', ( #249 ), #3637, .F. ) ;
#1882 = AXIS2_PLACEMENT_3D ( 'NONE', #2734, #3688, #2151 ) ;
#1883 =( GEOMETRIC_REPRESENTATION_CONTEXT ( 3 ) GLOBAL_UNCERTAINTY_ASSIGNED_CONTEXT ( ( #2097 ) ) GLOBAL_UNIT_ASSIGNED_CONTEXT ( ( #2815, #2232, #1019 ) ) REPRESENTATION_CONTEXT ( 'NONE', 'WORKASPACE' ) );
#1884 = ADVANCED_FACE ( 'NONE', ( #827 ), #3357, .F. ) ;
#1885 = PLANE ( 'NONE',  #3901 ) ;
#1886 = ORIENTED_EDGE ( 'NONE', *, *, #409, .T. ) ;
#1887 = CARTESIAN_POINT ( 'NONE',  ( -9.850000000000001421, 5.000000000000000000, -2.999999999400000839 ) ) ;
#1888 = LINE ( 'NONE', #979, #3008 ) ;
#1889 = PRODUCT_RELATED_PRODUCT_CATEGORY ( 'part', '', ( #1573 ) ) ;
#1890 = CARTESIAN_POINT ( 'NONE',  ( -3.650000000000000355, 3.200000000000000178, -0.9500000000000000666 ) ) ;
#1891 = ORIENTED_EDGE ( 'NONE', *, *, #605, .T. ) ;
#1892 = ORIENTED_EDGE ( 'NONE', *, *, #3844, .F. ) ;
#1893 = DIRECTION ( 'NONE',  ( 0.000000000000000000, 0.000000000000000000, -1.000000000000000000 ) ) ;
#1894 = EDGE_LOOP ( 'NONE', ( #1196, #1695, #1941, #2831 ) ) ;
#1895 = ADVANCED_FACE ( 'NONE', ( #3555 ), #752, .T. ) ;
#1896 = CARTESIAN_POINT ( 'NONE',  ( -5.250000000000002665, 4.299999999999999822, -1.122794046853244465 ) ) ;
#1897 = CARTESIAN_POINT ( 'NONE',  ( -8.249999999999998224, 4.299999999999999822, -1.300000000000000266 ) ) ;
#1898 = DIRECTION ( 'NONE',  ( -0.000000000000000000, -0.000000000000000000, -1.000000000000000000 ) ) ;
#1899 = ORIENTED_EDGE ( 'NONE', *, *, #2418, .T. ) ;
#1900 = LINE ( 'NONE', #3706, #810 ) ;
#1901 = CARTESIAN_POINT ( 'NONE',  ( -3.449999999999999734, 0.7500000000000001110, -0.8999999999999998002 ) ) ;
#1902 = ORIENTED_EDGE ( 'NONE', *, *, #1552, .T. ) ;
#1903 = LINE ( 'NONE', #2529, #75 ) ;
#1904 = DIRECTION ( 'NONE',  ( 0.000000000000000000, 0.7071067811865536790, -0.7071067811865414665 ) ) ;
#1905 = EDGE_LOOP ( 'NONE', ( #3462, #3274, #1477, #2638 ) ) ;
#1906 = CARTESIAN_POINT ( 'NONE',  ( -8.072794046853241312, 0.2500000000000000000, -5.200000000000001066 ) ) ;
#1907 = LINE ( 'NONE', #3047, #2239 ) ;
#1908 = ORIENTED_EDGE ( 'NONE', *, *, #1686, .T. ) ;
#1909 = CARTESIAN_POINT ( 'NONE',  ( -3.325000000000001510, 0.000000000000000000, -2.600000000000000533 ) ) ;
#1910 = ORIENTED_EDGE ( 'NONE', *, *, #3162, .T. ) ;
#1911 = CARTESIAN_POINT ( 'NONE',  ( -6.750000000000002665, 4.299999999999999822, -1.122794046853243799 ) ) ;
#1912 = LINE ( 'NONE', #991, #1323 ) ;
#1913 = EDGE_CURVE ( 'NONE', #3112, #501, #1668, .T. ) ;
#1914 = CARTESIAN_POINT ( 'NONE',  ( -5.250000000000002665, 4.099999999999993427, -1.550000000000000711 ) ) ;
#1915 = VERTEX_POINT ( 'NONE', #3152 ) ;
#1916 = CARTESIAN_POINT ( 'NONE',  ( -9.850000000000001421, 4.800000000400000744, -0.5000000000500000041 ) ) ;
#1917 = DIRECTION ( 'NONE',  ( 0.000000000000000000, -0.000000000000000000, 1.000000000000000000 ) ) ;
#1918 = VERTEX_POINT ( 'NONE', #3449 ) ;
#1919 = VECTOR ( 'NONE', #937, 1000.000000000000000 ) ;
#1920 = PLANE ( 'NONE',  #3252 ) ;
#1921 = EDGE_CURVE ( 'NONE', #3905, #975, #2605, .T. ) ;
#1922 = CARTESIAN_POINT ( 'NONE',  ( 0.000000000000000000, 0.000000000000000000, -0.9999999989999993621 ) ) ;
#1923 = ADVANCED_FACE ( 'NONE', ( #2813 ), #2553, .T. ) ;
#1924 = VECTOR ( 'NONE', #1938, 1000.000000000000000 ) ;
#1925 = COLOUR_RGB ( '',0.7960784313725489669, 0.8235294117647058432, 0.9372549019607843146 ) ;
#1926 = VERTEX_POINT ( 'NONE', #994 ) ;
#1927 = VECTOR ( 'NONE', #2603, 1000.000000000000000 ) ;
#1928 = CARTESIAN_POINT ( 'NONE',  ( -3.449999999999999734, 0.000000000000000000, -2.600000000000000533 ) ) ;
#1929 = VERTEX_POINT ( 'NONE', #2572 ) ;
#1930 = EDGE_LOOP ( 'NONE', ( #1245, #1736, #2269, #432 ) ) ;
#1931 = AXIS2_PLACEMENT_3D ( 'NONE', #1802, #3817, #2670 ) ;
#1932 = AXIS2_PLACEMENT_3D ( 'NONE', #2474, #3687, #572 ) ;
#1933 = EDGE_CURVE ( 'NONE', #2895, #3847, #135, .T. ) ;
#1934 = DIRECTION ( 'NONE',  ( -0.7071067811865414665, 0.7071067811865536790, 0.000000000000000000 ) ) ;
#1935 = VECTOR ( 'NONE', #1399, 1000.000000000000000 ) ;
#1936 = DIRECTION ( 'NONE',  ( 1.000000000000000000, 0.000000000000000000, 0.000000000000000000 ) ) ;
#1937 = VERTEX_POINT ( 'NONE', #3779 ) ;
#1938 = DIRECTION ( 'NONE',  ( 8.673617379884026597E-16, 0.000000000000000000, -1.000000000000000000 ) ) ;
#1939 = CARTESIAN_POINT ( 'NONE',  ( -3.650000000000000355, 3.750000000000000000, -0.5000000000500000041 ) ) ;
#1940 = EDGE_CURVE ( 'NONE', #1929, #2472, #734, .T. ) ;
#1941 = ORIENTED_EDGE ( 'NONE', *, *, #3488, .T. ) ;
#1942 = EDGE_CURVE ( 'NONE', #2349, #1025, #1645, .T. ) ;
#1943 = SURFACE_STYLE_FILL_AREA ( #1309 ) ;
#1944 = EDGE_LOOP ( 'NONE', ( #3917, #1130, #1701, #3919 ) ) ;
#1945 = VERTEX_POINT ( 'NONE', #410 ) ;
#1946 = CARTESIAN_POINT ( 'NONE',  ( -6.927205953146759576, 0.2500000000000000000, -5.200000000000001066 ) ) ;
#1947 = VERTEX_POINT ( 'NONE', #1630 ) ;
#1948 = DIRECTION ( 'NONE',  ( 0.000000000000000000, 0.000000000000000000, 1.000000000000000000 ) ) ;
#1949 = DIRECTION ( 'NONE',  ( 0.000000000000000000, 1.000000000000000000, 0.000000000000000000 ) ) ;
#1950 = AXIS2_PLACEMENT_3D ( 'NONE', #2453, #640, #913 ) ;
#1951 = DIRECTION ( 'NONE',  ( 0.000000000000000000, 0.000000000000000000, 1.000000000000000000 ) ) ;
#1952 = EDGE_LOOP ( 'NONE', ( #3853, #3, #532, #3276 ) ) ;
#1953 = DIRECTION ( 'NONE',  ( 0.000000000000000000, -1.000000000000000000, 0.000000000000000000 ) ) ;
#1954 = EDGE_LOOP ( 'NONE', ( #2167, #2675, #1777, #607, #1051 ) ) ;
#1955 = CARTESIAN_POINT ( 'NONE',  ( -3.650000000000000355, 4.800000000400000744, -0.5000000000500000041 ) ) ;
#1956 = ADVANCED_FACE ( 'NONE', ( #1053 ), #134, .F. ) ;
#1957 = EDGE_CURVE ( 'NONE', #835, #2463, #155, .T. ) ;
#1958 = ORIENTED_EDGE ( 'NONE', *, *, #798, .T. ) ;
#1959 = DIRECTION ( 'NONE',  ( 1.000000000000000000, 0.000000000000000000, 0.000000000000000000 ) ) ;
#1960 = CARTESIAN_POINT ( 'NONE',  ( -3.449999999999999734, 4.800000000400000744, -2.999999999400000839 ) ) ;
#1961 = ORIENTED_EDGE ( 'NONE', *, *, #909, .F. ) ;
#1962 = DIRECTION ( 'NONE',  ( -0.7071067811865414665, 0.7071067811865536790, 0.000000000000000000 ) ) ;
#1963 = CARTESIAN_POINT ( 'NONE',  ( -3.050000000000000711, 0.1000000000000000056, -2.500000000000000000 ) ) ;
#1964 = ORIENTED_EDGE ( 'NONE', *, *, #299, .T. ) ;
#1965 = DIRECTION ( 'NONE',  ( 0.000000000000000000, -1.000000000000000000, 0.000000000000000000 ) ) ;
#1966 = UNCERTAINTY_MEASURE_WITH_UNIT (LENGTH_MEASURE( 1.000000000000000082E-05 ), #1733, 'distance_accuracy_value', 'NONE');
#1967 = ADVANCED_FACE ( 'NONE', ( #3231 ), #1730, .F. ) ;
#1968 = CONICAL_SURFACE ( 'NONE', #331, 0.1772059531467563287, 0.3490658503988719463 ) ;
#1969 = ORIENTED_EDGE ( 'NONE', *, *, #1546, .T. ) ;
#1970 = DIRECTION ( 'NONE',  ( 0.000000000000000000, 0.000000000000000000, 1.000000000000000000 ) ) ;
#1971 = ORIENTED_EDGE ( 'NONE', *, *, #3183, .T. ) ;
#1972 = AXIS2_PLACEMENT_3D ( 'NONE', #3363, #570, #2731 ) ;
#1973 = VERTEX_POINT ( 'NONE', #776 ) ;
#1974 = PLANE ( 'NONE',  #3539 ) ;
#1975 = STYLED_ITEM ( 'NONE', ( #772 ), #1624 ) ;
#1976 = CARTESIAN_POINT ( 'NONE',  ( -3.249999999799996431, 5.000000000000000000, -2.800000000200003836 ) ) ;
#1977 = DIRECTION ( 'NONE',  ( 1.000000000000000000, -0.000000000000000000, 0.000000000000000000 ) ) ;
#1978 = DIRECTION ( 'NONE',  ( -1.000000000000000000, 0.000000000000000000, 0.000000000000000000 ) ) ;
#1979 = VECTOR ( 'NONE', #2317, 1000.000000000000000 ) ;
#1980 = EDGE_CURVE ( 'NONE', #2252, #1239, #2941, .T. ) ;
#1981 = ADVANCED_FACE ( 'NONE', ( #1411 ), #2006, .T. ) ;
#1982 = DIRECTION ( 'NONE',  ( 0.000000000000000000, 0.000000000000000000, 1.000000000000000000 ) ) ;
#1983 = ORIENTED_EDGE ( 'NONE', *, *, #3509, .F. ) ;
#1984 = VECTOR ( 'NONE', #1247, 1000.000000000000000 ) ;
#1985 = DIRECTION ( 'NONE',  ( 0.000000000000000000, 0.000000000000000000, -1.000000000000000000 ) ) ;
#1986 = ORIENTED_EDGE ( 'NONE', *, *, #661, .F. ) ;
#1987 = CARTESIAN_POINT ( 'NONE',  ( -5.250000000000002665, 4.299999999999999822, -1.300000000000000266 ) ) ;
#1988 = ADVANCED_FACE ( 'NONE', ( #3587 ), #1133, .T. ) ;
#1989 = VECTOR ( 'NONE', #2379, 1000.000000000000000 ) ;
#1990 = EDGE_LOOP ( 'NONE', ( #722, #3550 ) ) ;
#1991 = VECTOR ( 'NONE', #304, 1000.000000000000000 ) ;
#1992 = VERTEX_POINT ( 'NONE', #2649 ) ;
#1993 = DIRECTION ( 'NONE',  ( 0.000000000000000000, 1.000000000000000000, 0.000000000000000000 ) ) ;
#1994 = ORIENTED_EDGE ( 'NONE', *, *, #1690, .T. ) ;
#1995 = CARTESIAN_POINT ( 'NONE',  ( -3.650000000000000355, 5.000000000000000000, -3.199999999600004585 ) ) ;
#1996 = VERTEX_POINT ( 'NONE', #1688 ) ;
#1997 = FACE_OUTER_BOUND ( 'NONE', #3713, .T. ) ;
#1998 = CARTESIAN_POINT ( 'NONE',  ( -5.000000000000000888, 0.2500000000000000000, -3.700000000000000178 ) ) ;
#1999 = CARTESIAN_POINT ( 'NONE',  ( -9.649999999799996786, 5.000000000000000000, -1.750000000000000222 ) ) ;
#2000 = ORIENTED_EDGE ( 'NONE', *, *, #2866, .T. ) ;
#2001 = DIRECTION ( 'NONE',  ( 0.000000000000000000, -1.000000000000000000, 0.000000000000000000 ) ) ;
#2002 = VERTEX_POINT ( 'NONE', #465 ) ;
#2003 = EDGE_CURVE ( 'NONE', #854, #2566, #1365, .T. ) ;
#2004 = DIRECTION ( 'NONE',  ( -0.000000000000000000, -0.000000000000000000, -1.000000000000000000 ) ) ;
#2005 = EDGE_CURVE ( 'NONE', #323, #2463, #1557, .T. ) ;
#2006 = CYLINDRICAL_SURFACE ( 'NONE', #1811, 0.2500000000000002220 ) ;
#2007 = CARTESIAN_POINT ( 'NONE',  ( -8.250000000000000000, 1.899999999999999911, -1.300000000000000266 ) ) ;
#2008 = SURFACE_SIDE_STYLE ('',( #1096 ) ) ;
#2009 = VERTEX_POINT ( 'NONE', #324 ) ;
#2010 = STYLED_ITEM ( 'NONE', ( #739 ), #327 ) ;
#2011 = ORIENTED_EDGE ( 'NONE', *, *, #58, .T. ) ;
#2012 = CARTESIAN_POINT ( 'NONE',  ( -8.250000000000000000, 1.899999999999999911, -1.300000000000000266 ) ) ;
#2013 = LINE ( 'NONE', #1354, #3181 ) ;
#2014 = LINE ( 'NONE', #491, #2364 ) ;
#2015 = EDGE_LOOP ( 'NONE', ( #418, #2972, #838, #2259 ) ) ;
#2016 = EDGE_LOOP ( 'NONE', ( #2860, #150, #1080, #2743 ) ) ;
#2017 = EDGE_CURVE ( 'NONE', #2808, #1239, #2694, .T. ) ;
#2018 = FACE_OUTER_BOUND ( 'NONE', #1114, .T. ) ;
#2019 = DIRECTION ( 'NONE',  ( -1.000000000000000000, 0.000000000000000000, 0.000000000000000000 ) ) ;
#2020 = ORIENTED_EDGE ( 'NONE', *, *, #1233, .F. ) ;
#2021 = DIRECTION ( 'NONE',  ( 0.3420201433256591095, 0.000000000000000000, 0.9396926207859117586 ) ) ;
#2022 = EDGE_LOOP ( 'NONE', ( #911, #37 ) ) ;
#2023 = CARTESIAN_POINT ( 'NONE',  ( -10.05000000000000249, 4.800000000400000744, -0.5000000000500000041 ) ) ;
#2024 = EDGE_LOOP ( 'NONE', ( #3023, #830, #2399, #3632 ) ) ;
#2025 = CARTESIAN_POINT ( 'NONE',  ( -10.25000000000000178, 0.2000000000000000111, -1.000000000000000000 ) ) ;
#2026 = FACE_OUTER_BOUND ( 'NONE', #97, .T. ) ;
#2027 = CARTESIAN_POINT ( 'NONE',  ( -9.449999999600002809, 5.000000000000000000, -0.2000000003999972409 ) ) ;
#2028 = EDGE_CURVE ( 'NONE', #2273, #1878, #2447, .T. ) ;
#2029 = VECTOR ( 'NONE', #489, 1000.000000000000000 ) ;
#2030 = EDGE_LOOP ( 'NONE', ( #789, #1415, #2090, #3841 ) ) ;
#2031 = PLANE ( 'NONE',  #637 ) ;
#2032 = AXIS2_PLACEMENT_3D ( 'NONE', #1574, #3367, #3104 ) ;
#2033 = EDGE_LOOP ( 'NONE', ( #1350, #2927, #1000, #1126 ) ) ;
#2034 = DIRECTION ( 'NONE',  ( 0.000000000000000000, 1.000000000000000000, 0.000000000000000000 ) ) ;
#2035 = VECTOR ( 'NONE', #597, 1000.000000000000000 ) ;
#2036 = DIRECTION ( 'NONE',  ( 0.000000000000000000, 0.000000000000000000, 1.000000000000000000 ) ) ;
#2037 = ORIENTED_EDGE ( 'NONE', *, *, #2722, .F. ) ;
#2038 = CARTESIAN_POINT ( 'NONE',  ( -8.250000000000000000, 0.2500000000000000000, -3.700000000000000178 ) ) ;
#2039 = VECTOR ( 'NONE', #1290, 1000.000000000000000 ) ;
#2040 = DIRECTION ( 'NONE',  ( 0.000000000000000000, 0.000000000000000000, -1.000000000000000000 ) ) ;
#2041 = ORIENTED_EDGE ( 'NONE', *, *, #3804, .T. ) ;
#2042 = DIRECTION ( 'NONE',  ( -0.000000000000000000, -1.000000000000000000, -0.000000000000000000 ) ) ;
#2043 = VECTOR ( 'NONE', #2830, 1000.000000000000000 ) ;
#2044 = AXIS2_PLACEMENT_3D ( 'NONE', #742, #1977, #3180 ) ;
#2045 = EDGE_CURVE ( 'NONE', #2420, #2200, #3871, .T. ) ;
#2046 =( REPRESENTATION_RELATIONSHIP ('NONE','NONE', #118, #3068 ) REPRESENTATION_RELATIONSHIP_WITH_TRANSFORMATION ( #531 )SHAPE_REPRESENTATION_RELATIONSHIP( ) );
#2047 = VECTOR ( 'NONE', #620, 1000.000000000000000 ) ;
#2048 = VECTOR ( 'NONE', #1506, 1000.000000000000000 ) ;
#2049 = EDGE_LOOP ( 'NONE', ( #1892, #3528, #2059, #18 ) ) ;
#2050 = CARTESIAN_POINT ( 'NONE',  ( -3.650000000000000355, 0.7500000000000001110, -0.5000000000499998931 ) ) ;
#2051 = DIRECTION ( 'NONE',  ( 0.3420201433256591095, -4.188538737676874668E-17, 0.9396926207859117586 ) ) ;
#2052 = AXIS2_PLACEMENT_3D ( 'NONE', #775, #2004, #354 ) ;
#2053 = AXIS2_PLACEMENT_3D ( 'NONE', #2332, #1420, #2062 ) ;
#2054 = CARTESIAN_POINT ( 'NONE',  ( -10.41666666666674423, -1.366666666866628743, 3.066666666666735708 ) ) ;
#2055 = ORIENTED_EDGE ( 'NONE', *, *, #1942, .F. ) ;
#2056 = AXIS2_PLACEMENT_3D ( 'NONE', #3366, #1904, #1590 ) ;
#2057 = ORIENTED_EDGE ( 'NONE', *, *, #2131, .T. ) ;
#2058 = ADVANCED_FACE ( 'NONE', ( #2758 ), #40, .F. ) ;
#2059 = ORIENTED_EDGE ( 'NONE', *, *, #2488, .F. ) ;
#2060 = CARTESIAN_POINT ( 'NONE',  ( -3.650000000000000355, 1.825000000300017966, 0.1750000003000085347 ) ) ;
#2061 = ORIENTED_EDGE ( 'NONE', *, *, #85, .T. ) ;
#2062 = DIRECTION ( 'NONE',  ( 0.000000000000000000, 0.000000000000000000, 1.000000000000000000 ) ) ;
#2063 = CARTESIAN_POINT ( 'NONE',  ( -10.50000000000000000, 5.000000000000000000, -0.7500000003999973686 ) ) ;
#2064 = EDGE_CURVE ( 'NONE', #1918, #956, #2173, .T. ) ;
#2065 = EDGE_CURVE ( 'NONE', #3570, #3130, #2776, .T. ) ;
#2066 = LINE ( 'NONE', #1443, #1927 ) ;
#2067 = ORIENTED_EDGE ( 'NONE', *, *, #3597, .F. ) ;
#2068 = DIRECTION ( 'NONE',  ( 0.000000000000000000, 0.000000000000000000, 1.000000000000000000 ) ) ;
#2069 = DIRECTION ( 'NONE',  ( 0.000000000000000000, -1.000000000000000000, -0.000000000000000000 ) ) ;
#2070 = PLANE ( 'NONE',  #942 ) ;
#2071 = DIRECTION ( 'NONE',  ( 0.000000000000000000, 0.000000000000000000, 1.000000000000000000 ) ) ;
#2072 = ORIENTED_EDGE ( 'NONE', *, *, #400, .F. ) ;
#2073 = SHAPE_DEFINITION_REPRESENTATION ( #2483, #1863 ) ;
#2074 = ADVANCED_FACE ( 'NONE', ( #3323 ), #1248, .F. ) ;
#2075 = CARTESIAN_POINT ( 'NONE',  ( -10.10000000000000142, 0.2500000000000000000, -2.500000000000000000 ) ) ;
#2076 = ORIENTED_EDGE ( 'NONE', *, *, #1598, .F. ) ;
#2077 = VERTEX_POINT ( 'NONE', #1806 ) ;
#2078 = CARTESIAN_POINT ( 'NONE',  ( -3.000000000000000888, 0.000000000000000000, 5.421010862427522170E-17 ) ) ;
#2079 = DIRECTION ( 'NONE',  ( 0.000000000000000000, 0.000000000000000000, 1.000000000000000000 ) ) ;
#2080 = DIRECTION ( 'NONE',  ( 1.000000000000000000, 0.000000000000000000, 0.000000000000000000 ) ) ;
#2081 = CARTESIAN_POINT ( 'NONE',  ( 0.000000000000000000, 5.000000000000000000, -3.700000000000000178 ) ) ;
#2082 = DIRECTION ( 'NONE',  ( -1.000000000000000000, 0.000000000000000000, 0.000000000000000000 ) ) ;
#2083 = EDGE_CURVE ( 'NONE', #2240, #1154, #1903, .T. ) ;
#2084 = EDGE_CURVE ( 'NONE', #2966, #1918, #3387, .T. ) ;
#2085 = ORIENTED_EDGE ( 'NONE', *, *, #2708, .T. ) ;
#2086 = LINE ( 'NONE', #3499, #2932 ) ;
#2087 = VERTEX_POINT ( 'NONE', #1428 ) ;
#2088 = LINE ( 'NONE', #915, #1304 ) ;
#2089 = ORIENTED_EDGE ( 'NONE', *, *, #259, .F. ) ;
#2090 = ORIENTED_EDGE ( 'NONE', *, *, #2772, .T. ) ;
#2091 = EDGE_LOOP ( 'NONE', ( #2902, #3537, #3084, #2733 ) ) ;
#2092 = CARTESIAN_POINT ( 'NONE',  ( -10.05000000000000249, 4.799999999799999806, -2.600000000000000533 ) ) ;
#2093 = CARTESIAN_POINT ( 'NONE',  ( 0.000000000000000000, 1.600000000000000089, -3.100000000000000533 ) ) ;
#2094 = DIRECTION ( 'NONE',  ( -0.5773502691896290617, -0.5773502691896189587, 0.5773502691896290617 ) ) ;
#2095 = DIRECTION ( 'NONE',  ( 0.000000000000000000, -0.7071067811865536790, -0.7071067811865414665 ) ) ;
#2096 = ORIENTED_EDGE ( 'NONE', *, *, #3273, .T. ) ;
#2097 = UNCERTAINTY_MEASURE_WITH_UNIT (LENGTH_MEASURE( 1.000000000000000082E-05 ), #2815, 'distance_accuracy_value', 'NONE');
#2098 = EDGE_LOOP ( 'NONE', ( #2286, #2943, #1310, #3626 ) ) ;
#2099 = ORIENTED_EDGE ( 'NONE', *, *, #299, .F. ) ;
#2100 = DIRECTION ( 'NONE',  ( -1.000000000000000000, 0.000000000000000000, 0.000000000000000000 ) ) ;
#2101 = CARTESIAN_POINT ( 'NONE',  ( -3.449999999999999734, 4.799999999799999806, -2.999999999400000839 ) ) ;
#2102 = CARTESIAN_POINT ( 'NONE',  ( -3.650000000000000355, 4.800000000400000744, -0.5000000000500000041 ) ) ;
#2103 = CARTESIAN_POINT ( 'NONE',  ( 9.250000000000000000, 4.800000000400000744, -0.4000000000000000222 ) ) ;
#2104 = FACE_OUTER_BOUND ( 'NONE', #2327, .T. ) ;
#2105 = VECTOR ( 'NONE', #1978, 1000.000000000000000 ) ;
#2106 = LINE ( 'NONE', #3338, #948 ) ;
#2107 = CYLINDRICAL_SURFACE ( 'NONE', #3061, 0.2500000000000002220 ) ;
#2108 = CARTESIAN_POINT ( 'NONE',  ( -10.50000000000000000, 2.500000000000000000, -0.9000000000000001332 ) ) ;
#2109 = ADVANCED_FACE ( 'NONE', ( #2609 ), #1092, .F. ) ;
#2110 = FACE_OUTER_BOUND ( 'NONE', #1444, .T. ) ;
#2111 = VECTOR ( 'NONE', #1144, 1000.000000000000000 ) ;
#2112 = EDGE_LOOP ( 'NONE', ( #143, #188, #1042, #2729 ) ) ;
#2113 = LINE ( 'NONE', #976, #2793 ) ;
#2114 =( GEOMETRIC_REPRESENTATION_CONTEXT ( 3 ) GLOBAL_UNCERTAINTY_ASSIGNED_CONTEXT ( ( #2763 ) ) GLOBAL_UNIT_ASSIGNED_CONTEXT ( ( #2905, #1383, #2322 ) ) REPRESENTATION_CONTEXT ( 'NONE', 'WORKASPACE' ) );
#2115 = LINE ( 'NONE', #2714, #583 ) ;
#2116 = DIRECTION ( 'NONE',  ( 0.000000000000000000, 1.000000000000000000, 0.000000000000000000 ) ) ;
#2117 = DIRECTION ( 'NONE',  ( 0.000000000000000000, -1.000000000000000000, 0.000000000000000000 ) ) ;
#2118 = VECTOR ( 'NONE', #1826, 1000.000000000000000 ) ;
#2119 =( GEOMETRIC_REPRESENTATION_CONTEXT ( 3 ) GLOBAL_UNCERTAINTY_ASSIGNED_CONTEXT ( ( #962 ) ) GLOBAL_UNIT_ASSIGNED_CONTEXT ( ( #3341, #3878, #1225 ) ) REPRESENTATION_CONTEXT ( 'NONE', 'WORKASPACE' ) );
#2120 = DIRECTION ( 'NONE',  ( 0.000000000000000000, 0.000000000000000000, 1.000000000000000000 ) ) ;
#2121 = ORIENTED_EDGE ( 'NONE', *, *, #2270, .T. ) ;
#2122 = AXIS2_PLACEMENT_3D ( 'NONE', #1157, #2384, #2363 ) ;
#2123 = VECTOR ( 'NONE', #2920, 1000.000000000000000 ) ;
#2124 = LINE ( 'NONE', #3333, #2434 ) ;
#2125 = LINE ( 'NONE', #3031, #2039 ) ;
#2126 = DIRECTION ( 'NONE',  ( 0.000000000000000000, 0.000000000000000000, 1.000000000000000000 ) ) ;
#2127 = VERTEX_POINT ( 'NONE', #3915 ) ;
#2128 = CARTESIAN_POINT ( 'NONE',  ( -3.449999999999999734, 0.6499999999999991340, -0.9999999993000000531 ) ) ;
#2129 = FACE_OUTER_BOUND ( 'NONE', #774, .T. ) ;
#2130 = ORIENTED_EDGE ( 'NONE', *, *, #2369, .T. ) ;
#2131 = EDGE_CURVE ( 'NONE', #2930, #1740, #34, .T. ) ;
#2132 = VERTEX_POINT ( 'NONE', #3641 ) ;
#2133 = CARTESIAN_POINT ( 'NONE',  ( -9.450000000200002859, 5.000000000000000000, -1.950000000200003969 ) ) ;
#2134 = DIRECTION ( 'NONE',  ( -1.000000000000000000, 0.000000000000000000, 0.000000000000000000 ) ) ;
#2135 = EDGE_CURVE ( 'NONE', #2137, #533, #603, .T. ) ;
#2136 = EDGE_CURVE ( 'NONE', #2461, #533, #622, .T. ) ;
#2137 = VERTEX_POINT ( 'NONE', #2747 ) ;
#2138 = ORIENTED_EDGE ( 'NONE', *, *, #1797, .F. ) ;
#2139 = EDGE_LOOP ( 'NONE', ( #3105, #1684, #2085, #1083 ) ) ;
#2140 = DIRECTION ( 'NONE',  ( 1.000000000000000000, 0.000000000000000000, 0.000000000000000000 ) ) ;
#2141 = FACE_OUTER_BOUND ( 'NONE', #285, .T. ) ;
#2142 = AXIS2_PLACEMENT_3D ( 'NONE', #3078, #931, #31 ) ;
#2143 = DIRECTION ( 'NONE',  ( 0.000000000000000000, -1.000000000000000000, 0.000000000000000000 ) ) ;
#2144 = ORIENTED_EDGE ( 'NONE', *, *, #81, .F. ) ;
#2145 = DIRECTION ( 'NONE',  ( 0.000000000000000000, 0.000000000000000000, 1.000000000000000000 ) ) ;
#2146 = EDGE_CURVE ( 'NONE', #1751, #2505, #302, .T. ) ;
#2147 = DIRECTION ( 'NONE',  ( -4.336808689942013299E-16, 1.000000000000000000, 0.000000000000000000 ) ) ;
#2148 = CARTESIAN_POINT ( 'NONE',  ( -10.05000000000000249, 0.000000000000000000, -2.999999999400000839 ) ) ;
#2149 = ORIENTED_EDGE ( 'NONE', *, *, #1387, .T. ) ;
#2150 = ADVANCED_FACE ( 'NONE', ( #322 ), #1865, .F. ) ;
#2151 = DIRECTION ( 'NONE',  ( -1.000000000000000000, 0.000000000000000000, 0.000000000000000000 ) ) ;
#2152 = DIRECTION ( 'NONE',  ( 0.5773502691896290617, -0.5773502691896189587, 0.5773502691896290617 ) ) ;
#2153 = DIRECTION ( 'NONE',  ( 8.673617379884026597E-16, -0.000000000000000000, 1.000000000000000000 ) ) ;
#2154 = DIRECTION ( 'NONE',  ( 1.000000000000000000, 0.000000000000000000, 0.000000000000000000 ) ) ;
#2155 = ADVANCED_FACE ( 'NONE', ( #2445 ), #1529, .F. ) ;
#2156 = EDGE_CURVE ( 'NONE', #1069, #2420, #2756, .T. ) ;
#2157 = DIRECTION ( 'NONE',  ( 1.000000000000000000, 0.000000000000000000, 0.000000000000000000 ) ) ;
#2158 = FILL_AREA_STYLE_COLOUR ( '', #3381 ) ;
#2159 = VERTEX_POINT ( 'NONE', #920 ) ;
#2160 = EDGE_CURVE ( 'NONE', #3816, #2472, #20, .T. ) ;
#2161 = VECTOR ( 'NONE', #1143, 1000.000000000000000 ) ;
#2162 = CARTESIAN_POINT ( 'NONE',  ( -3.449999999999999734, 5.000000000000000000, -2.999999999400000839 ) ) ;
#2163 = CARTESIAN_POINT ( 'NONE',  ( -8.500000000000000000, 0.2500000000000000000, -3.700000000000000178 ) ) ;
#2164 = VECTOR ( 'NONE', #1479, 1000.000000000000000 ) ;
#2165 = LINE ( 'NONE', #2787, #1498 ) ;
#2166 = LINE ( 'NONE', #2192, #3870 ) ;
#2167 = ORIENTED_EDGE ( 'NONE', *, *, #3413, .F. ) ;
#2168 = LINE ( 'NONE', #3448, #3376 ) ;
#2169 = DIRECTION ( 'NONE',  ( 0.000000000000000000, 0.000000000000000000, -1.000000000000000000 ) ) ;
#2170 = ORIENTED_EDGE ( 'NONE', *, *, #1690, .F. ) ;
#2171 = EDGE_CURVE ( 'NONE', #1738, #2343, #650, .T. ) ;
#2172 = VECTOR ( 'NONE', #3718, 1000.000000000000227 ) ;
#2173 = LINE ( 'NONE', #651, #2666 ) ;
#2174 = VECTOR ( 'NONE', #1362, 1000.000000000000000 ) ;
#2175 = DIRECTION ( 'NONE',  ( 1.000000000000000000, 0.000000000000000000, 0.000000000000000000 ) ) ;
#2176 = DIRECTION ( 'NONE',  ( 0.000000000000000000, 0.000000000000000000, 1.000000000000000000 ) ) ;
#2177 = ORIENTED_EDGE ( 'NONE', *, *, #3176, .T. ) ;
#2178 = VECTOR ( 'NONE', #1970, 1000.000000000000000 ) ;
#2179 =( NAMED_UNIT ( * ) SI_UNIT ( $, .STERADIAN. ) SOLID_ANGLE_UNIT ( ) );
#2180 = LINE ( 'NONE', #428, #3174 ) ;
#2181 = VECTOR ( 'NONE', #590, 1000.000000000000000 ) ;
#2182 = AXIS2_PLACEMENT_3D ( 'NONE', #3063, #345, #2459 ) ;
#2183 = EDGE_LOOP ( 'NONE', ( #2715, #3197, #1629, #3548, #987 ) ) ;
#2184 = EDGE_CURVE ( 'NONE', #3185, #3218, #2432, .T. ) ;
#2185 = DIRECTION ( 'NONE',  ( -1.000000000000000000, 0.000000000000000000, -0.000000000000000000 ) ) ;
#2186 = VECTOR ( 'NONE', #50, 1000.000000000000114 ) ;
#2187 = EDGE_LOOP ( 'NONE', ( #2144, #1398 ) ) ;
#2188 = EDGE_CURVE ( 'NONE', #3396, #883, #955, .T. ) ;
#2189 = AXIS2_PLACEMENT_3D ( 'NONE', #2440, #1167, #560 ) ;
#2190 = EDGE_CURVE ( 'NONE', #248, #1475, #2775, .T. ) ;
#2191 = DIRECTION ( 'NONE',  ( 0.000000000000000000, 0.000000000000000000, 1.000000000000000000 ) ) ;
#2192 = CARTESIAN_POINT ( 'NONE',  ( -10.50000000000000000, 2.949999999900041914, -0.7500000001000096672 ) ) ;
#2193 = ORIENTED_EDGE ( 'NONE', *, *, #3417, .F. ) ;
#2194 = CARTESIAN_POINT ( 'NONE',  ( -9.699999999733336153, 5.250000000133331568, -0.5000000002666618037 ) ) ;
#2195 = VERTEX_POINT ( 'NONE', #1901 ) ;
#2196 = FILL_AREA_STYLE_COLOUR ( '', #389 ) ;
#2197 = PLANE ( 'NONE',  #2056 ) ;
#2198 = EDGE_LOOP ( 'NONE', ( #181, #2691 ) ) ;
#2199 =( NAMED_UNIT ( * ) PLANE_ANGLE_UNIT ( ) SI_UNIT ( $, .RADIAN. ) );
#2200 = VERTEX_POINT ( 'NONE', #3101 ) ;
#2201 = DIRECTION ( 'NONE',  ( -4.336808689942013299E-16, 1.000000000000000000, 0.000000000000000000 ) ) ;
#2202 = ORIENTED_EDGE ( 'NONE', *, *, #1034, .F. ) ;
#2203 = ADVANCED_FACE ( 'NONE', ( #374 ), #2791, .T. ) ;
#2204 = DIRECTION ( 'NONE',  ( -1.000000000000000000, 0.000000000000000000, 0.000000000000000000 ) ) ;
#2205 = EDGE_CURVE ( 'NONE', #2343, #921, #2115, .T. ) ;
#2206 = DIRECTION ( 'NONE',  ( 0.000000000000000000, 0.000000000000000000, -1.000000000000000000 ) ) ;
#2207 = CARTESIAN_POINT ( 'NONE',  ( -3.000000000000000888, 2.949999999900041914, -0.7500000001000096672 ) ) ;
#2208 = VERTEX_POINT ( 'NONE', #1192 ) ;
#2209 = CARTESIAN_POINT ( 'NONE',  ( -3.650000000000000355, 5.000000000000000000, -2.999999999400000839 ) ) ;
#2210 = ORIENTED_EDGE ( 'NONE', *, *, #371, .F. ) ;
#2211 = VECTOR ( 'NONE', #3271, 1000.000000000000227 ) ;
#2212 = DIRECTION ( 'NONE',  ( -8.673617379884026597E-16, 0.000000000000000000, -1.000000000000000000 ) ) ;
#2213 = CARTESIAN_POINT ( 'NONE',  ( -8.000000000000000000, 1.899999999999999911, -1.300000000000000266 ) ) ;
#2214 = DIRECTION ( 'NONE',  ( 0.000000000000000000, 0.000000000000000000, 1.000000000000000000 ) ) ;
#2215 = PRESENTATION_STYLE_ASSIGNMENT (( #984 ) ) ;
#2216 = VERTEX_POINT ( 'NONE', #2424 ) ;
#2217 = CARTESIAN_POINT ( 'NONE',  ( -10.05000000000000249, 3.750000000000000000, -2.600000000000000533 ) ) ;
#2218 = VERTEX_POINT ( 'NONE', #2133 ) ;
#2219 = ORIENTED_EDGE ( 'NONE', *, *, #3700, .T. ) ;
#2220 = DIRECTION ( 'NONE',  ( 0.000000000000000000, 1.000000000000000000, 0.000000000000000000 ) ) ;
#2221 = CARTESIAN_POINT ( 'NONE',  ( -5.250000000000002665, 4.299999999999999822, -1.477205953146755846 ) ) ;
#2222 = VECTOR ( 'NONE', #328, 1000.000000000000000 ) ;
#2223 = LINE ( 'NONE', #1108, #199 ) ;
#2224 = EDGE_LOOP ( 'NONE', ( #1599, #992, #1871, #161 ) ) ;
#2225 = ORIENTED_EDGE ( 'NONE', *, *, #1040, .F. ) ;
#2226 = EDGE_CURVE ( 'NONE', #1091, #1848, #3347, .T. ) ;
#2227 = VECTOR ( 'NONE', #2439, 1000.000000000000227 ) ;
#2228 = AXIS2_PLACEMENT_3D ( 'NONE', #715, #1948, #3148 ) ;
#2229 = EDGE_CURVE ( 'NONE', #2700, #3217, #2884, .T. ) ;
#2230 = CARTESIAN_POINT ( 'NONE',  ( -6.750000000000002665, 4.299999999999999822, -1.300000000000000266 ) ) ;
#2231 = AXIS2_PLACEMENT_3D ( 'NONE', #895, #2705, #3909 ) ;
#2232 =( NAMED_UNIT ( * ) PLANE_ANGLE_UNIT ( ) SI_UNIT ( $, .RADIAN. ) );
#2233 = ORIENTED_EDGE ( 'NONE', *, *, #111, .F. ) ;
#2234 = STYLED_ITEM ( 'NONE', ( #587 ), #1676 ) ;
#2235 = AXIS2_PLACEMENT_3D ( 'NONE', #73, #1266, #3707 ) ;
#2236 = ORIENTED_EDGE ( 'NONE', *, *, #3216, .T. ) ;
#2237 = AXIS2_PLACEMENT_3D ( 'NONE', #3111, #697, #711 ) ;
#2238 = AXIS2_PLACEMENT_3D ( 'NONE', #1183, #1222, #1841 ) ;
#2239 = VECTOR ( 'NONE', #1873, 1000.000000000000000 ) ;
#2240 = VERTEX_POINT ( 'NONE', #1939 ) ;
#2241 = DIRECTION ( 'NONE',  ( 1.000000000000000000, 0.000000000000000000, -0.000000000000000000 ) ) ;
#2242 = VERTEX_POINT ( 'NONE', #2550 ) ;
#2243 =( GEOMETRIC_REPRESENTATION_CONTEXT ( 3 ) GLOBAL_UNCERTAINTY_ASSIGNED_CONTEXT ( ( #448 ) ) GLOBAL_UNIT_ASSIGNED_CONTEXT ( ( #3545, #2963, #1176 ) ) REPRESENTATION_CONTEXT ( 'NONE', 'WORKASPACE' ) );
#2244 = EDGE_CURVE ( 'NONE', #3508, #3763, #1074, .T. ) ;
#2245 = CARTESIAN_POINT ( 'NONE',  ( -3.449999999999999734, 1.974999999999999867, -2.500000000700000502 ) ) ;
#2246 = DIRECTION ( 'NONE',  ( -1.000000000000000000, -2.191844403241388371E-16, -3.885780586188047891E-16 ) ) ;
#2247 = ADVANCED_FACE ( 'NONE', ( #1049 ), #3135, .T. ) ;
#2248 = EDGE_CURVE ( 'NONE', #2710, #2590, #407, .T. ) ;
#2249 = ORIENTED_EDGE ( 'NONE', *, *, #1459, .T. ) ;
#2250 = DIRECTION ( 'NONE',  ( 0.000000000000000000, 1.000000000000000000, 0.000000000000000000 ) ) ;
#2251 =( NAMED_UNIT ( * ) PLANE_ANGLE_UNIT ( ) SI_UNIT ( $, .RADIAN. ) );
#2252 = VERTEX_POINT ( 'NONE', #2824 ) ;
#2253 = LINE ( 'NONE', #1955, #1258 ) ;
#2254 = ORIENTED_EDGE ( 'NONE', *, *, #3273, .F. ) ;
#2255 = CARTESIAN_POINT ( 'NONE',  ( -10.05000000000000249, 0.7500000000000001110, -0.5000000000499998931 ) ) ;
#2256 = VERTEX_POINT ( 'NONE', #3188 ) ;
#2257 = LINE ( 'NONE', #805, #1646 ) ;
#2258 = CARTESIAN_POINT ( 'NONE',  ( -8.249999999999998224, 4.099999999999993427, -1.550000000000000711 ) ) ;
#2259 = ORIENTED_EDGE ( 'NONE', *, *, #1531, .T. ) ;
#2260 = DIRECTION ( 'NONE',  ( 0.000000000000000000, 0.000000000000000000, 1.000000000000000000 ) ) ;
#2261 = CARTESIAN_POINT ( 'NONE',  ( -5.250000000000002665, 4.299999999999999822, -1.477205953146756512 ) ) ;
#2262 = ORIENTED_EDGE ( 'NONE', *, *, #594, .T. ) ;
#2263 = DIRECTION ( 'NONE',  ( -1.000000000000000000, 0.000000000000000000, 0.000000000000000000 ) ) ;
#2264 = AXIS2_PLACEMENT_3D ( 'NONE', #950, #2147, #2443 ) ;
#2265 = EDGE_CURVE ( 'NONE', #1154, #2883, #114, .T. ) ;
#2266 = DIRECTION ( 'NONE',  ( 0.000000000000000000, 0.000000000000000000, 1.000000000000000000 ) ) ;
#2267 = DIRECTION ( 'NONE',  ( 0.000000000000000000, 1.000000000000000000, 0.000000000000000000 ) ) ;
#2268 = DIRECTION ( 'NONE',  ( 2.775557561562891351E-16, 6.779273404243070203E-32, -1.000000000000000000 ) ) ;
#2269 = ORIENTED_EDGE ( 'NONE', *, *, #820, .F. ) ;
#2270 = EDGE_CURVE ( 'NONE', #2349, #3107, #977, .T. ) ;
#2271 = ORIENTED_EDGE ( 'NONE', *, *, #793, .T. ) ;
#2272 = SURFACE_SIDE_STYLE ('',( #1943 ) ) ;
#2273 = VERTEX_POINT ( 'NONE', #3118 ) ;
#2274 = DIRECTION ( 'NONE',  ( 0.000000000000000000, -0.7071067811865536790, -0.7071067811865414665 ) ) ;
#2275 = ADVANCED_FACE ( 'NONE', ( #1610 ), #2526, .T. ) ;
#2276 = CARTESIAN_POINT ( 'NONE',  ( -3.650000000000000355, 0.000000000000000000, -0.5000000000499998931 ) ) ;
#2277 = ORIENTED_EDGE ( 'NONE', *, *, #419, .F. ) ;
#2278 = CARTESIAN_POINT ( 'NONE',  ( -4.049999999799998029, 5.000000000000000000, -1.750000000000000222 ) ) ;
#2279 = CARTESIAN_POINT ( 'NONE',  ( -8.249999999999998224, 0.2500000000000000000, -4.999999999999987566 ) ) ;
#2280 = EDGE_LOOP ( 'NONE', ( #2643, #840, #3344, #1639 ) ) ;
#2281 = CARTESIAN_POINT ( 'NONE',  ( -10.05000000000000249, 5.000000000000000000, -2.999999999400000839 ) ) ;
#2282 = DIRECTION ( 'NONE',  ( -0.000000000000000000, -0.7071067811865414665, -0.7071067811865536790 ) ) ;
#2283 = ORIENTED_EDGE ( 'NONE', *, *, #2648, .F. ) ;
#2284 = CARTESIAN_POINT ( 'NONE',  ( 9.250000000000000000, 1.600000000000000089, -2.049999999999999822 ) ) ;
#2285 = VECTOR ( 'NONE', #2152, 1000.000000000000227 ) ;
#2286 = ORIENTED_EDGE ( 'NONE', *, *, #2817, .T. ) ;
#2287 = VECTOR ( 'NONE', #3010, 1000.000000000000000 ) ;
#2288 = EDGE_LOOP ( 'NONE', ( #3278, #505, #518, #1421 ) ) ;
#2289 = DIRECTION ( 'NONE',  ( -0.000000000000000000, -0.000000000000000000, -1.000000000000000000 ) ) ;
#2290 = VECTOR ( 'NONE', #298, 1000.000000000000000 ) ;
#2291 = CARTESIAN_POINT ( 'NONE',  ( -10.05000000000000249, 0.000000000000000000, -3.700000000000000178 ) ) ;
#2292 = CARTESIAN_POINT ( 'NONE',  ( -3.249999999999999556, 0.2000000000000000111, -1.000000000000000000 ) ) ;
#2293 = VECTOR ( 'NONE', #1511, 1000.000000000000000 ) ;
#2294 = CARTESIAN_POINT ( 'NONE',  ( -10.45000000000000107, 0.6499999999999990230, -1.000000000000000000 ) ) ;
#2295 = EDGE_CURVE ( 'NONE', #3028, #2808, #3435, .T. ) ;
#2296 = CARTESIAN_POINT ( 'NONE',  ( -3.449999999999999734, 1.974999999999999867, -0.9999999993000000531 ) ) ;
#2297 = LINE ( 'NONE', #2583, #1007 ) ;
#2298 = VERTEX_POINT ( 'NONE', #2903 ) ;
#2299 = CIRCLE ( 'NONE', #74, 0.2500000000000002220 ) ;
#2300 = VECTOR ( 'NONE', #3646, 1000.000000000000000 ) ;
#2301 = LINE ( 'NONE', #2644, #3679 ) ;
#2302 = AXIS2_PLACEMENT_3D ( 'NONE', #3897, #221, #2071 ) ;
#2303 = AXIS2_PLACEMENT_3D ( 'NONE', #973, #3399, #3425 ) ;
#2304 = VERTEX_POINT ( 'NONE', #3561 ) ;
#2305 = DIRECTION ( 'NONE',  ( 0.000000000000000000, 0.000000000000000000, -1.000000000000000000 ) ) ;
#2306 = AXIS2_PLACEMENT_3D ( 'NONE', #276, #335, #3374 ) ;
#2307 =( NAMED_UNIT ( * ) SI_UNIT ( $, .STERADIAN. ) SOLID_ANGLE_UNIT ( ) );
#2308 = ORIENTED_EDGE ( 'NONE', *, *, #1617, .T. ) ;
#2309 = DIRECTION ( 'NONE',  ( -1.000000000000000000, 0.000000000000000000, 0.000000000000000000 ) ) ;
#2310 = ORIENTED_EDGE ( 'NONE', *, *, #3157, .T. ) ;
#2311 = DIRECTION ( 'NONE',  ( -0.000000000000000000, -0.000000000000000000, 1.000000000000000000 ) ) ;
#2312 = CARTESIAN_POINT ( 'NONE',  ( -4.250000000000003553, 2.499999999999999556, -1.749999999899999548 ) ) ;
#2313 = PLANE ( 'NONE',  #325 ) ;
#2314 = ORIENTED_EDGE ( 'NONE', *, *, #544, .F. ) ;
#2315 = LINE ( 'NONE', #2578, #343 ) ;
#2316 = VERTEX_POINT ( 'NONE', #3250 ) ;
#2317 = DIRECTION ( 'NONE',  ( -1.000000000000000000, 0.000000000000000000, 0.000000000000000000 ) ) ;
#2318 = CARTESIAN_POINT ( 'NONE',  ( -3.449999999999999734, 4.800000000400000744, -0.5000000000500000041 ) ) ;
#2319 = EDGE_LOOP ( 'NONE', ( #252, #1344, #2170, #1763, #3743, #2193, #1961, #1414 ) ) ;
#2320 = CARTESIAN_POINT ( 'NONE',  ( -8.072794046853241312, 0.2500000000000000000, -5.200000000000001066 ) ) ;
#2321 = ORIENTED_EDGE ( 'NONE', *, *, #2395, .T. ) ;
#2322 =( NAMED_UNIT ( * ) SI_UNIT ( $, .STERADIAN. ) SOLID_ANGLE_UNIT ( ) );
#2323 = EDGE_CURVE ( 'NONE', #3723, #3617, #2336, .T. ) ;
#2324 = LINE ( 'NONE', #3564, #1204 ) ;
#2325 = VECTOR ( 'NONE', #53, 1000.000000000000000 ) ;
#2326 = DIRECTION ( 'NONE',  ( -0.000000000000000000, -0.000000000000000000, -1.000000000000000000 ) ) ;
#2327 = EDGE_LOOP ( 'NONE', ( #2254, #475, #769, #1581, #2994, #1562, #2536, #786, #28, #2806 ) ) ;
#2328 = AXIS2_PLACEMENT_3D ( 'NONE', #3661, #1564, #2768 ) ;
#2329 = CARTESIAN_POINT ( 'NONE',  ( -10.05000000000000249, 1.974999999999999867, -2.500000000700000502 ) ) ;
#2330 = CARTESIAN_POINT ( 'NONE',  ( -3.449999999999999734, 1.974999999999999867, -0.9000000000000001332 ) ) ;
#2331 = EDGE_CURVE ( 'NONE', #115, #1285, #831, .T. ) ;
#2332 = CARTESIAN_POINT ( 'NONE',  ( -10.45000000000000107, 0.2000000000000000111, -2.500000000000000000 ) ) ;
#2333 = DIRECTION ( 'NONE',  ( 0.000000000000000000, 0.000000000000000000, -1.000000000000000000 ) ) ;
#2334 = CARTESIAN_POINT ( 'NONE',  ( -6.750000000000002665, 4.099999999999993427, -1.300000000000000266 ) ) ;
#2335 = ORIENTED_EDGE ( 'NONE', *, *, #3908, .T. ) ;
#2336 = LINE ( 'NONE', #3580, #3738 ) ;
#2337 = DIRECTION ( 'NONE',  ( -1.000000000000000000, 0.000000000000000000, 0.000000000000000000 ) ) ;
#2338 = EDGE_LOOP ( 'NONE', ( #1010, #1958, #2855, #237 ) ) ;
#2339 = EDGE_CURVE ( 'NONE', #3666, #309, #855, .T. ) ;
#2340 = DIRECTION ( 'NONE',  ( 1.000000000000000000, 0.000000000000000000, 0.000000000000000000 ) ) ;
#2341 = DIRECTION ( 'NONE',  ( -0.5773502691896290617, -0.5773502691896189587, -0.5773502691896290617 ) ) ;
#2342 = EDGE_CURVE ( 'NONE', #309, #1425, #2642, .T. ) ;
#2343 = VERTEX_POINT ( 'NONE', #524 ) ;
#2344 = VECTOR ( 'NONE', #1391, 1000.000000000000000 ) ;
#2345 = FACE_OUTER_BOUND ( 'NONE', #3887, .T. ) ;
#2346 = ORIENTED_EDGE ( 'NONE', *, *, #104, .T. ) ;
#2347 = ORIENTED_EDGE ( 'NONE', *, *, #846, .F. ) ;
#2348 = DIRECTION ( 'NONE',  ( 4.336808689942013299E-16, 1.000000000000000000, 0.000000000000000000 ) ) ;
#2349 = VERTEX_POINT ( 'NONE', #1774 ) ;
#2350 = AXIS2_PLACEMENT_3D ( 'NONE', #860, #3038, #2400 ) ;
#2351 = LINE ( 'NONE', #3200, #2936 ) ;
#2352 = VERTEX_POINT ( 'NONE', #236 ) ;
#2353 = DIRECTION ( 'NONE',  ( 1.000000000000000000, 0.000000000000000000, -0.000000000000000000 ) ) ;
#2354 = DIRECTION ( 'NONE',  ( 0.000000000000000000, 0.000000000000000000, 1.000000000000000000 ) ) ;
#2355 = LINE ( 'NONE', #2928, #2211 ) ;
#2356 = ORIENTED_EDGE ( 'NONE', *, *, #1343, .T. ) ;
#2357 = CARTESIAN_POINT ( 'NONE',  ( -3.650000000000000355, 0.7500000000000001110, -0.9500000000000000666 ) ) ;
#2358 = ORIENTED_EDGE ( 'NONE', *, *, #2083, .T. ) ;
#2359 = PRESENTATION_LAYER_ASSIGNMENT (  '', '', ( #347 ) ) ;
#2360 = VECTOR ( 'NONE', #153, 1000.000000000000000 ) ;
#2361 = ORIENTED_EDGE ( 'NONE', *, *, #3835, .T. ) ;
#2362 = DIRECTION ( 'NONE',  ( 1.249998368884279561E-09, 0.000000000000000000, 1.000000000000000000 ) ) ;
#2363 = DIRECTION ( 'NONE',  ( -1.000000000000000000, 0.000000000000000000, 0.000000000000000000 ) ) ;
#2364 = VECTOR ( 'NONE', #2876, 1000.000000000000000 ) ;
#2365 = ADVANCED_FACE ( 'NONE', ( #1426 ), #2805, .T. ) ;
#2366 = CARTESIAN_POINT ( 'NONE',  ( -10.50000000000000000, 0.000000000000000000, -1.850000000000000089 ) ) ;
#2367 = AXIS2_PLACEMENT_3D ( 'NONE', #1812, #2450, #1490 ) ;
#2368 = ORIENTED_EDGE ( 'NONE', *, *, #3700, .F. ) ;
#2369 = EDGE_CURVE ( 'NONE', #2579, #1400, #2086, .T. ) ;
#2370 = EDGE_CURVE ( 'NONE', #3109, #1448, #3850, .T. ) ;
#2371 = VERTEX_POINT ( 'NONE', #3517 ) ;
#2372 = LINE ( 'NONE', #2330, #2222 ) ;
#2373 = CARTESIAN_POINT ( 'NONE',  ( -10.25000000020000535, 5.000000000000000000, -2.800000000200003836 ) ) ;
#2374 = DIRECTION ( 'NONE',  ( 0.000000000000000000, 1.000000000000000000, 0.000000000000000000 ) ) ;
#2375 = FACE_OUTER_BOUND ( 'NONE', #2657, .T. ) ;
#2376 = DIRECTION ( 'NONE',  ( 0.000000000000000000, 0.000000000000000000, 1.000000000000000000 ) ) ;
#2377 = DIRECTION ( 'NONE',  ( 0.000000000000000000, 0.000000000000000000, 1.000000000000000000 ) ) ;
#2378 = ORIENTED_EDGE ( 'NONE', *, *, #554, .F. ) ;
#2379 = DIRECTION ( 'NONE',  ( 0.000000000000000000, -1.000000000000000000, 0.000000000000000000 ) ) ;
#2380 = ORIENTED_EDGE ( 'NONE', *, *, #554, .T. ) ;
#2381 = ORIENTED_EDGE ( 'NONE', *, *, #773, .F. ) ;
#2382 = DIRECTION ( 'NONE',  ( 4.336808689942013299E-16, 1.000000000000000000, 0.000000000000000000 ) ) ;
#2383 = CARTESIAN_POINT ( 'NONE',  ( -3.650000000000000355, 0.6499999999999993561, -2.500000000000000000 ) ) ;
#2384 = DIRECTION ( 'NONE',  ( 0.000000000000000000, -0.7071067811865444641, 0.7071067811865505703 ) ) ;
#2385 = ORIENTED_EDGE ( 'NONE', *, *, #2910, .T. ) ;
#2386 = ORIENTED_EDGE ( 'NONE', *, *, #2323, .T. ) ;
#2387 = FACE_OUTER_BOUND ( 'NONE', #2139, .T. ) ;
#2388 = VECTOR ( 'NONE', #358, 1000.000000000000000 ) ;
#2389 = CARTESIAN_POINT ( 'NONE',  ( -9.216666666883325476, 3.966666667283338388, -1.333333333166676793 ) ) ;
#2390 = ADVANCED_FACE ( 'NONE', ( #2606 ), #790, .F. ) ;
#2391 = CARTESIAN_POINT ( 'NONE',  ( -3.449999999999999734, 5.000000000000000000, -0.3000000004499972506 ) ) ;
#2392 = CARTESIAN_POINT ( 'NONE',  ( -3.650000000000000355, 3.200000000000000178, -1.750000000000000222 ) ) ;
#2393 = CARTESIAN_POINT ( 'NONE',  ( -4.997000000000001663, 4.299999999999999822, -1.552999999999999936 ) ) ;
#2394 = CARTESIAN_POINT ( 'NONE',  ( -3.449999999999999734, 3.074999999700019249, -4.924999999699998021 ) ) ;
#2395 = EDGE_CURVE ( 'NONE', #3905, #177, #3813, .T. ) ;
#2396 = DIRECTION ( 'NONE',  ( 1.000000000000000000, 0.000000000000000000, 0.000000000000000000 ) ) ;
#2397 = ORIENTED_EDGE ( 'NONE', *, *, #3048, .F. ) ;
#2398 = FACE_OUTER_BOUND ( 'NONE', #3046, .T. ) ;
#2399 = ORIENTED_EDGE ( 'NONE', *, *, #1459, .F. ) ;
#2400 = DIRECTION ( 'NONE',  ( 1.000000000000000000, 0.000000000000000000, 0.000000000000000000 ) ) ;
#2401 = CARTESIAN_POINT ( 'NONE',  ( -10.05000000000000249, 5.000000000000000000, -2.999999999400000839 ) ) ;
#2402 = CARTESIAN_POINT ( 'NONE',  ( -5.000000000000000888, 0.2500000000000000000, -3.700000000000000178 ) ) ;
#2403 = CARTESIAN_POINT ( 'NONE',  ( -3.650000000000000355, 0.2500000000000000555, -1.000000000000000000 ) ) ;
#2404 = APPLICATION_PROTOCOL_DEFINITION ( 'draft international standard', 'automotive_design', 1998, #892 ) ;
#2405 = DIRECTION ( 'NONE',  ( 1.000000000000000000, 0.000000000000000000, 0.000000000000000000 ) ) ;
#2406 = EDGE_LOOP ( 'NONE', ( #1708, #3611 ) ) ;
#2407 = UNCERTAINTY_MEASURE_WITH_UNIT (LENGTH_MEASURE( 1.000000000000000082E-05 ), #1303, 'distance_accuracy_value', 'NONE');
#2408 = ORIENTED_EDGE ( 'NONE', *, *, #2084, .F. ) ;
#2409 = CARTESIAN_POINT ( 'NONE',  ( -3.849999999600003164, 5.000000000000000000, -0.7500000003999973686 ) ) ;
#2410 = FACE_OUTER_BOUND ( 'NONE', #216, .T. ) ;
#2411 = AXIS2_PLACEMENT_3D ( 'NONE', #2294, #521, #1747 ) ;
#2412 = CARTESIAN_POINT ( 'NONE',  ( -10.45000000000000107, 0.3750000000000000555, -1.000000000000000000 ) ) ;
#2413 = EDGE_CURVE ( 'NONE', #3332, #2510, #498, .T. ) ;
#2414 = CIRCLE ( 'NONE', #2350, 0.1772059531467574112 ) ;
#2415 = VERTEX_POINT ( 'NONE', #2973 ) ;
#2416 = SURFACE_SIDE_STYLE ('',( #902 ) ) ;
#2417 = DIRECTION ( 'NONE',  ( 0.7071067811865414665, -0.7071067811865536790, 0.000000000000000000 ) ) ;
#2418 = EDGE_CURVE ( 'NONE', #2218, #2650, #1724, .T. ) ;
#2419 = FACE_OUTER_BOUND ( 'NONE', #2477, .T. ) ;
#2420 = VERTEX_POINT ( 'NONE', #545 ) ;
#2421 = EDGE_LOOP ( 'NONE', ( #137, #1264, #431, #1408 ) ) ;
#2422 = FACE_OUTER_BOUND ( 'NONE', #62, .T. ) ;
#2423 = COLOUR_RGB ( '',0.7960784313725489669, 0.8235294117647058432, 0.9372549019607843146 ) ;
#2424 = CARTESIAN_POINT ( 'NONE',  ( -9.850000000000001421, 0.2500000000000000555, -1.000000000000000000 ) ) ;
#2425 = ORIENTED_EDGE ( 'NONE', *, *, #3216, .F. ) ;
#2426 = DIRECTION ( 'NONE',  ( -0.000000000000000000, -1.000000000000000000, -0.000000000000000000 ) ) ;
#2427 = CIRCLE ( 'NONE', #3556, 0.1772059531467574112 ) ;
#2428 = AXIS2_PLACEMENT_3D ( 'NONE', #3848, #912, #1123 ) ;
#2429 = APPLICATION_PROTOCOL_DEFINITION ( 'draft international standard', 'automotive_design', 1998, #478 ) ;
#2430 = ORIENTED_EDGE ( 'NONE', *, *, #3223, .T. ) ;
#2431 = AXIS2_PLACEMENT_3D ( 'NONE', #3839, #551, #1780 ) ;
#2432 = CIRCLE ( 'NONE', #949, 0.2500000000000000000 ) ;
#2433 = VECTOR ( 'NONE', #593, 1000.000000000000000 ) ;
#2434 = VECTOR ( 'NONE', #1837, 1000.000000000000000 ) ;
#2435 = SURFACE_SIDE_STYLE ('',( #27 ) ) ;
#2436 = DIRECTION ( 'NONE',  ( 0.000000000000000000, 0.000000000000000000, -1.000000000000000000 ) ) ;
#2437 = EDGE_CURVE ( 'NONE', #2627, #835, #476, .T. ) ;
#2438 = STYLED_ITEM ( 'NONE', ( #449 ), #3429 ) ;
#2439 = DIRECTION ( 'NONE',  ( -0.3420201433256591095, 4.188538737676874668E-17, 0.9396926207859117586 ) ) ;
#2440 = CARTESIAN_POINT ( 'NONE',  ( -3.650000000000000355, 4.800000000400000744, -0.9000000000000001332 ) ) ;
#2441 = LINE ( 'NONE', #899, #2047 ) ;
#2442 = DIRECTION ( 'NONE',  ( 0.000000000000000000, 0.000000000000000000, 1.000000000000000000 ) ) ;
#2443 = DIRECTION ( 'NONE',  ( 1.000000000000000000, 0.000000000000000000, 0.000000000000000000 ) ) ;
#2444 = VERTEX_POINT ( 'NONE', #3275 ) ;
#2445 = FACE_OUTER_BOUND ( 'NONE', #940, .T. ) ;
#2446 = EDGE_CURVE ( 'NONE', #108, #1929, #3788, .T. ) ;
#2447 = LINE ( 'NONE', #3648, #2850 ) ;
#2448 = DIRECTION ( 'NONE',  ( 0.000000000000000000, -0.7071067811865536790, -0.7071067811865414665 ) ) ;
#2449 = EDGE_CURVE ( 'NONE', #3647, #3396, #2662, .T. ) ;
#2450 = DIRECTION ( 'NONE',  ( 1.000000000000000000, 0.000000000000000000, -0.000000000000000000 ) ) ;
#2451 = EDGE_LOOP ( 'NONE', ( #159, #3924, #3251, #426 ) ) ;
#2452 = ADVANCED_FACE ( 'NONE', ( #1068 ), #3913, .F. ) ;
#2453 = CARTESIAN_POINT ( 'NONE',  ( -15.00000000000000178, 0.000000000000000000, -3.700000000000000178 ) ) ;
#2454 = CARTESIAN_POINT ( 'NONE',  ( -3.400000000000000355, 0.000000000000000000, -3.700000000000000178 ) ) ;
#2455 = DIRECTION ( 'NONE',  ( 0.000000000000000000, 0.000000000000000000, 1.000000000000000000 ) ) ;
#2456 = DIRECTION ( 'NONE',  ( 0.000000000000000000, 0.000000000000000000, 1.000000000000000000 ) ) ;
#2457 = CARTESIAN_POINT ( 'NONE',  ( -10.50000000000000000, 2.400000000200042560, -3.300000000200000727 ) ) ;
#2458 = CARTESIAN_POINT ( 'NONE',  ( -8.249999999999998224, 0.2500000000000000000, -4.999999999999987566 ) ) ;
#2459 = DIRECTION ( 'NONE',  ( 1.000000000000000000, 0.000000000000000000, -0.000000000000000000 ) ) ;
#2460 = ADVANCED_FACE ( 'NONE', ( #3377 ), #3604, .T. ) ;
#2461 = VERTEX_POINT ( 'NONE', #2725 ) ;
#2462 = EDGE_CURVE ( 'NONE', #3512, #3723, #2770, .T. ) ;
#2463 = VERTEX_POINT ( 'NONE', #367 ) ;
#2464 = CARTESIAN_POINT ( 'NONE',  ( -6.750000000000002665, 4.299999999999999822, -1.477205953146755846 ) ) ;
#2465 = ORIENTED_EDGE ( 'NONE', *, *, #2554, .F. ) ;
#2466 = DIRECTION ( 'NONE',  ( -1.000000000000000000, 0.000000000000000000, 0.000000000000000000 ) ) ;
#2467 = AXIS2_PLACEMENT_3D ( 'NONE', #2217, #3762, #1674 ) ;
#2468 = AXIS2_PLACEMENT_3D ( 'NONE', #14, #2417, #3020 ) ;
#2469 = CARTESIAN_POINT ( 'NONE',  ( -10.45000000000000107, 0.2000000000000000111, -1.750000000000000000 ) ) ;
#2470 = EDGE_LOOP ( 'NONE', ( #230, #1353, #2321, #2020 ) ) ;
#2471 = DIRECTION ( 'NONE',  ( 1.000000000000000000, 0.000000000000000000, 0.000000000000000000 ) ) ;
#2472 = VERTEX_POINT ( 'NONE', #1209 ) ;
#2473 = AXIS2_PLACEMENT_3D ( 'NONE', #1265, #2497, #1246 ) ;
#2474 = CARTESIAN_POINT ( 'NONE',  ( -3.650000000000000355, 3.750000000000000000, -0.9000000000000001332 ) ) ;
#2475 = EDGE_CURVE ( 'NONE', #1400, #3745, #2687, .T. ) ;
#2476 = FACE_OUTER_BOUND ( 'NONE', #2098, .T. ) ;
#2477 = EDGE_LOOP ( 'NONE', ( #3441, #218, #3119, #3571 ) ) ;
#2478 = ORIENTED_EDGE ( 'NONE', *, *, #259, .T. ) ;
#2479 = EDGE_CURVE ( 'NONE', #1047, #2739, #66, .T. ) ;
#2480 = CIRCLE ( 'NONE', #2801, 0.1772059531467556903 ) ;
#2481 = PLANE ( 'NONE',  #2861 ) ;
#2482 = CARTESIAN_POINT ( 'NONE',  ( -9.850000000000001421, 0.2500000000000002220, -2.999999999400000839 ) ) ;
#2483 = PRODUCT_DEFINITION_SHAPE ( 'NONE', 'NONE',  #1097 ) ;
#2484 = VECTOR ( 'NONE', #3402, 1000.000000000000227 ) ;
#2485 = VERTEX_POINT ( 'NONE', #970 ) ;
#2486 = LINE ( 'NONE', #1543, #3238 ) ;
#2487 = ADVANCED_FACE ( 'NONE', ( #2854 ), #3714, .T. ) ;
#2488 = EDGE_CURVE ( 'NONE', #1475, #1926, #2492, .T. ) ;
#2489 = AXIS2_PLACEMENT_3D ( 'NONE', #3636, #3073, #2766 ) ;
#2490 = CARTESIAN_POINT ( 'NONE',  ( -6.750000000000002665, 4.299999999999999822, -1.300000000000000266 ) ) ;
#2491 = VECTOR ( 'NONE', #2212, 1000.000000000000000 ) ;
#2492 = LINE ( 'NONE', #107, #80 ) ;
#2493 = ORIENTED_EDGE ( 'NONE', *, *, #747, .T. ) ;
#2494 = CARTESIAN_POINT ( 'NONE',  ( -3.449999999999999734, 5.000000000000000000, -0.5000000000500000041 ) ) ;
#2495 = DIRECTION ( 'NONE',  ( 1.000000000000000000, 0.000000000000000000, 0.000000000000000000 ) ) ;
#2496 = ORIENTED_EDGE ( 'NONE', *, *, #3136, .T. ) ;
#2497 = DIRECTION ( 'NONE',  ( -4.336808689942013299E-16, 1.000000000000000000, 0.000000000000000000 ) ) ;
#2498 = DIRECTION ( 'NONE',  ( 0.000000000000000000, -1.000000000000000000, -0.000000000000000000 ) ) ;
#2499 = CARTESIAN_POINT ( 'NONE',  ( -6.927205953146759576, 0.2500000000000000000, -5.200000000000001066 ) ) ;
#2500 = ADVANCED_FACE ( 'NONE', ( #388 ), #3629, .T. ) ;
#2501 = FACE_OUTER_BOUND ( 'NONE', #712, .T. ) ;
#2502 = ORIENTED_EDGE ( 'NONE', *, *, #3444, .F. ) ;
#2503 = EDGE_CURVE ( 'NONE', #1947, #800, #3785, .T. ) ;
#2504 =( NAMED_UNIT ( * ) SI_UNIT ( $, .STERADIAN. ) SOLID_ANGLE_UNIT ( ) );
#2505 = VERTEX_POINT ( 'NONE', #229 ) ;
#2506 = CARTESIAN_POINT ( 'NONE',  ( -9.850000000000001421, 3.750000000000000000, -2.175000000000000266 ) ) ;
#2507 = ORIENTED_EDGE ( 'NONE', *, *, #1825, .F. ) ;
#2508 = ADVANCED_FACE ( 'NONE', ( #247 ), #3531, .T. ) ;
#2509 = FACE_OUTER_BOUND ( 'NONE', #2338, .T. ) ;
#2510 = VERTEX_POINT ( 'NONE', #1063 ) ;
#2511 = VECTOR ( 'NONE', #3783, 1000.000000000000000 ) ;
#2512 = DIRECTION ( 'NONE',  ( -0.3420201433256591095, 0.000000000000000000, 0.9396926207859117586 ) ) ;
#2513 = DIRECTION ( 'NONE',  ( 1.000000000000000000, 0.000000000000000000, 0.000000000000000000 ) ) ;
#2514 = CARTESIAN_POINT ( 'NONE',  ( -8.249999999999998224, 0.2500000000000000000, -5.200000000000001066 ) ) ;
#2515 = EDGE_LOOP ( 'NONE', ( #3503, #3711, #455, #1230 ) ) ;
#2516 = PRESENTATION_STYLE_ASSIGNMENT (( #450 ) ) ;
#2517 = ORIENTED_EDGE ( 'NONE', *, *, #1377, .T. ) ;
#2518 = FILL_AREA_STYLE ('',( #678 ) ) ;
#2519 = EDGE_LOOP ( 'NONE', ( #660, #745, #3066, #699 ) ) ;
#2520 = EDGE_CURVE ( 'NONE', #2002, #2415, #826, .T. ) ;
#2521 = CYLINDRICAL_SURFACE ( 'NONE', #3354, 0.2500000000000002220 ) ;
#2522 = CARTESIAN_POINT ( 'NONE',  ( -3.449999999999999734, 3.750000000000000000, -2.999999999400000839 ) ) ;
#2523 = AXIS2_PLACEMENT_3D ( 'NONE', #2012, #2348, #3241 ) ;
#2524 = ORIENTED_EDGE ( 'NONE', *, *, #3549, .T. ) ;
#2525 = FACE_OUTER_BOUND ( 'NONE', #1488, .T. ) ;
#2526 = PLANE ( 'NONE',  #2926 ) ;
#2527 = ORIENTED_EDGE ( 'NONE', *, *, #3652, .F. ) ;
#2528 = FACE_OUTER_BOUND ( 'NONE', #3569, .T. ) ;
#2529 = CARTESIAN_POINT ( 'NONE',  ( -3.449999999999999734, 3.750000000000000000, -0.5000000000500000041 ) ) ;
#2530 = EDGE_CURVE ( 'NONE', #2415, #3226, #539, .T. ) ;
#2531 = VECTOR ( 'NONE', #274, 1000.000000000000000 ) ;
#2532 = VECTOR ( 'NONE', #2870, 1000.000000000000000 ) ;
#2533 = PRESENTATION_LAYER_ASSIGNMENT (  '', '', ( #1379 ) ) ;
#2534 = ORIENTED_EDGE ( 'NONE', *, *, #1363, .F. ) ;
#2535 = AXIS2_PLACEMENT_3D ( 'NONE', #3721, #99, #2843 ) ;
#2536 = ORIENTED_EDGE ( 'NONE', *, *, #3192, .F. ) ;
#2537 = SURFACE_STYLE_USAGE ( .BOTH. , #2272 ) ;
#2538 = ORIENTED_EDGE ( 'NONE', *, *, #380, .T. ) ;
#2539 = EDGE_CURVE ( 'NONE', #1449, #1723, #3243, .T. ) ;
#2540 = CARTESIAN_POINT ( 'NONE',  ( -4.250000000000001776, 1.899999999999999911, -1.749999999949999996 ) ) ;
#2541 = CARTESIAN_POINT ( 'NONE',  ( -6.750000000000002665, 4.299999999999999822, -1.300000000000000266 ) ) ;
#2542 = VERTEX_POINT ( 'NONE', #3511 ) ;
#2543 = DIRECTION ( 'NONE',  ( -0.7071067811865414665, -0.7071067811865536790, -0.000000000000000000 ) ) ;
#2544 = VECTOR ( 'NONE', #1729, 1000.000000000000000 ) ;
#2545 = VECTOR ( 'NONE', #2040, 1000.000000000000000 ) ;
#2546 = PLANE ( 'NONE',  #1062 ) ;
#2547 = VECTOR ( 'NONE', #3620, 1000.000000000000000 ) ;
#2548 = EDGE_LOOP ( 'NONE', ( #1118, #3823, #2381, #2822, #2225 ) ) ;
#2549 = DIRECTION ( 'NONE',  ( 1.000000000000000000, 0.000000000000000000, 0.000000000000000000 ) ) ;
#2550 = CARTESIAN_POINT ( 'NONE',  ( -3.650000000000000355, 0.7500000000000001110, -2.600000000000000089 ) ) ;
#2551 = COLOUR_RGB ( '',0.7960784313725489669, 0.8235294117647058432, 0.9372549019607843146 ) ;
#2552 = EDGE_CURVE ( 'NONE', #500, #1595, #3824, .T. ) ;
#2553 = PLANE ( 'NONE',  #2535 ) ;
#2554 = EDGE_CURVE ( 'NONE', #1276, #2590, #1375, .T. ) ;
#2555 = DIRECTION ( 'NONE',  ( -0.000000000000000000, -0.000000000000000000, -1.000000000000000000 ) ) ;
#2556 = EDGE_LOOP ( 'NONE', ( #1382, #3832, #2380, #1507 ) ) ;
#2557 = DIRECTION ( 'NONE',  ( 1.666665940261099667E-09, -0.000000000000000000, 1.000000000000000000 ) ) ;
#2558 = CARTESIAN_POINT ( 'NONE',  ( -4.050000000399998967, 5.000000000000000000, -0.7500000003999973686 ) ) ;
#2559 = ORIENTED_EDGE ( 'NONE', *, *, #3908, .F. ) ;
#2560 = DIRECTION ( 'NONE',  ( 8.673617379884026597E-16, 0.000000000000000000, -1.000000000000000000 ) ) ;
#2561 = ORIENTED_EDGE ( 'NONE', *, *, #2591, .T. ) ;
#2562 = DIRECTION ( 'NONE',  ( 0.000000000000000000, 0.000000000000000000, -1.000000000000000000 ) ) ;
#2563 = EDGE_CURVE ( 'NONE', #2688, #1131, #2014, .T. ) ;
#2564 = FACE_OUTER_BOUND ( 'NONE', #139, .T. ) ;
#2565 = CARTESIAN_POINT ( 'NONE',  ( -5.250000000000000888, 1.899999999999999911, -1.300000000000000266 ) ) ;
#2566 = VERTEX_POINT ( 'NONE', #517 ) ;
#2567 = DIRECTION ( 'NONE',  ( 0.000000000000000000, 0.000000000000000000, 1.000000000000000000 ) ) ;
#2568 = ORIENTED_EDGE ( 'NONE', *, *, #544, .T. ) ;
#2569 = LINE ( 'NONE', #217, #3862 ) ;
#2570 = VERTEX_POINT ( 'NONE', #1122 ) ;
#2571 = PLANE ( 'NONE',  #3385 ) ;
#2572 = CARTESIAN_POINT ( 'NONE',  ( -3.000000000000000888, -2.168404344971008868E-16, -3.700000000000000178 ) ) ;
#2573 = ADVANCED_FACE ( 'NONE', ( #1439 ), #2656, .T. ) ;
#2574 =( NAMED_UNIT ( * ) SI_UNIT ( $, .STERADIAN. ) SOLID_ANGLE_UNIT ( ) );
#2575 = ORIENTED_EDGE ( 'NONE', *, *, #3470, .T. ) ;
#2576 = LINE ( 'NONE', #762, #3324 ) ;
#2577 = LINE ( 'NONE', #1649, #2511 ) ;
#2578 = CARTESIAN_POINT ( 'NONE',  ( -10.05000000000000249, 3.750000000000000000, -1.750000000000000222 ) ) ;
#2579 = VERTEX_POINT ( 'NONE', #2618 ) ;
#2580 = DIRECTION ( 'NONE',  ( 0.000000000000000000, 0.000000000000000000, -1.000000000000000000 ) ) ;
#2581 = LINE ( 'NONE', #1334, #2105 ) ;
#2582 = LINE ( 'NONE', #788, #586 ) ;
#2583 = CARTESIAN_POINT ( 'NONE',  ( 0.000000000000000000, 1.899999999999999911, -1.750000000000000222 ) ) ;
#2584 = VERTEX_POINT ( 'NONE', #2598 ) ;
#2585 = DIRECTION ( 'NONE',  ( 0.000000000000000000, -0.000000000000000000, -1.000000000000000000 ) ) ;
#2586 = VECTOR ( 'NONE', #2250, 1000.000000000000000 ) ;
#2587 = CARTESIAN_POINT ( 'NONE',  ( 0.000000000000000000, 1.899999999999999911, 0.000000000000000000 ) ) ;
#2588 = CARTESIAN_POINT ( 'NONE',  ( -6.750000000000002665, 3.963647105661646686E-16, -1.850000000000002087 ) ) ;
#2589 = VECTOR ( 'NONE', #158, 1000.000000000000000 ) ;
#2590 = VERTEX_POINT ( 'NONE', #2637 ) ;
#2591 = EDGE_CURVE ( 'NONE', #2463, #2584, #2351, .T. ) ;
#2592 = VECTOR ( 'NONE', #3599, 1000.000000000000000 ) ;
#2593 = ORIENTED_EDGE ( 'NONE', *, *, #484, .T. ) ;
#2594 = DIRECTION ( 'NONE',  ( -0.5773502691896290617, -0.5773502691896189587, -0.5773502691896290617 ) ) ;
#2595 = VECTOR ( 'NONE', #2311, 1000.000000000000000 ) ;
#2596 = EDGE_CURVE ( 'NONE', #3820, #1289, #469, .T. ) ;
#2597 = ADVANCED_FACE ( 'NONE', ( #3846 ), #457, .T. ) ;
#2598 = CARTESIAN_POINT ( 'NONE',  ( -4.250000000000001776, 4.800000000400000744, -0.3999999997999998946 ) ) ;
#2599 = CONICAL_SURFACE ( 'NONE', #1602, 0.1772059531467574112, 0.3490658503988557371 ) ;
#2600 = LINE ( 'NONE', #728, #881 ) ;
#2601 = VECTOR ( 'NONE', #1770, 1000.000000000000000 ) ;
#2602 = PLANE ( 'NONE',  #981 ) ;
#2603 = DIRECTION ( 'NONE',  ( 0.000000000000000000, 0.000000000000000000, -1.000000000000000000 ) ) ;
#2604 = EDGE_LOOP ( 'NONE', ( #183, #3426, #1119, #2507 ) ) ;
#2605 = CIRCLE ( 'NONE', #1259, 0.1772059531467574112 ) ;
#2606 = FACE_OUTER_BOUND ( 'NONE', #1221, .T. ) ;
#2607 = VERTEX_POINT ( 'NONE', #2373 ) ;
#2608 = SURFACE_STYLE_USAGE ( .BOTH. , #3789 ) ;
#2609 = FACE_OUTER_BOUND ( 'NONE', #3340, .T. ) ;
#2610 = VECTOR ( 'NONE', #1457, 1000.000000000000000 ) ;
#2611 = DIRECTION ( 'NONE',  ( 0.000000000000000000, 0.000000000000000000, 1.000000000000000000 ) ) ;
#2612 = VECTOR ( 'NONE', #2954, 1000.000000000000000 ) ;
#2613 = ORIENTED_EDGE ( 'NONE', *, *, #3804, .F. ) ;
#2614 = CARTESIAN_POINT ( 'NONE',  ( -9.850000000000001421, 4.799999999799999806, -0.9000000000000001332 ) ) ;
#2615 = VERTEX_POINT ( 'NONE', #3574 ) ;
#2616 = CARTESIAN_POINT ( 'NONE',  ( -10.05000000000000249, 4.799999999799999806, -2.999999999400000839 ) ) ;
#2617 = FACE_OUTER_BOUND ( 'NONE', #2519, .T. ) ;
#2618 = CARTESIAN_POINT ( 'NONE',  ( -10.24999999960000530, 5.000000000000000000, -0.3000000004499972506 ) ) ;
#2619 = CYLINDRICAL_SURFACE ( 'NONE', #3316, 0.2500000000000002220 ) ;
#2620 = CARTESIAN_POINT ( 'NONE',  ( -5.250000000000000888, 0.2500000000000000000, -3.700000000000000178 ) ) ;
#2621 = EDGE_CURVE ( 'NONE', #3614, #3780, #1013, .T. ) ;
#2622 = CARTESIAN_POINT ( 'NONE',  ( -8.250000000000000000, 1.899999999999999911, -1.300000000000000266 ) ) ;
#2623 = ORIENTED_EDGE ( 'NONE', *, *, #760, .T. ) ;
#2624 = DIRECTION ( 'NONE',  ( 1.000000000000000000, 0.000000000000000000, 0.000000000000000000 ) ) ;
#2625 = EDGE_CURVE ( 'NONE', #643, #2485, #2315, .T. ) ;
#2626 = EDGE_CURVE ( 'NONE', #146, #3201, #17, .T. ) ;
#2627 = VERTEX_POINT ( 'NONE', #2102 ) ;
#2628 = PLANE ( 'NONE',  #3494 ) ;
#2629 = DIRECTION ( 'NONE',  ( -1.000000000000000000, 0.000000000000000000, 0.000000000000000000 ) ) ;
#2630 = DIRECTION ( 'NONE',  ( 1.000000000000000000, 0.000000000000000000, 0.000000000000000000 ) ) ;
#2631 = MECHANICAL_DESIGN_GEOMETRIC_PRESENTATION_REPRESENTATION (  '', ( #2010 ), #305 ) ;
#2632 = ORIENTED_EDGE ( 'NONE', *, *, #3297, .F. ) ;
#2633 = VERTEX_POINT ( 'NONE', #2684 ) ;
#2634 = DIRECTION ( 'NONE',  ( 0.000000000000000000, 0.000000000000000000, -1.000000000000000000 ) ) ;
#2635 = ORIENTED_EDGE ( 'NONE', *, *, #1014, .T. ) ;
#2636 = CARTESIAN_POINT ( 'NONE',  ( -7.000000000000000888, 0.2499999999999999445, -3.700000000000000178 ) ) ;
#2637 = CARTESIAN_POINT ( 'NONE',  ( -3.000000000000000888, 5.000000000000000000, -0.7000000003999973242 ) ) ;
#2638 = ORIENTED_EDGE ( 'NONE', *, *, #3759, .T. ) ;
#2639 = CARTESIAN_POINT ( 'NONE',  ( -3.000000000000000888, 4.799999999799999806, -2.600000000000000533 ) ) ;
#2640 = LINE ( 'NONE', #1148, #385 ) ;
#2641 = CARTESIAN_POINT ( 'NONE',  ( -3.849999999600003164, 5.000000000000000000, -0.3000000004499972506 ) ) ;
#2642 = LINE ( 'NONE', #1700, #2612 ) ;
#2643 = ORIENTED_EDGE ( 'NONE', *, *, #3634, .F. ) ;
#2644 = CARTESIAN_POINT ( 'NONE',  ( -4.250000000000001776, 3.200000000000000622, -1.550000000000000266 ) ) ;
#2645 = EDGE_CURVE ( 'NONE', #1368, #2352, #2745, .T. ) ;
#2646 = ORIENTED_EDGE ( 'NONE', *, *, #419, .T. ) ;
#2647 = FACE_OUTER_BOUND ( 'NONE', #1810, .T. ) ;
#2648 = EDGE_CURVE ( 'NONE', #889, #2132, #30, .T. ) ;
#2649 = CARTESIAN_POINT ( 'NONE',  ( -10.45000000199999945, 0.000000000000000000, -0.9999999997499998683 ) ) ;
#2650 = VERTEX_POINT ( 'NONE', #1297 ) ;
#2651 = AXIS2_PLACEMENT_3D ( 'NONE', #2686, #929, #2185 ) ;
#2652 = LINE ( 'NONE', #1714, #936 ) ;
#2653 = ORIENTED_EDGE ( 'NONE', *, *, #1437, .F. ) ;
#2654 = PLANE ( 'NONE',  #744 ) ;
#2655 = CONICAL_SURFACE ( 'NONE', #3677, 0.1772059531467574112, 0.3490658503988557371 ) ;
#2656 = PLANE ( 'NONE',  #2053 ) ;
#2657 = EDGE_LOOP ( 'NONE', ( #1504, #1464 ) ) ;
#2658 = FACE_OUTER_BOUND ( 'NONE', #3258, .T. ) ;
#2659 = DIRECTION ( 'NONE',  ( 0.000000000000000000, -1.000000000000000000, 0.000000000000000000 ) ) ;
#2660 = FACE_OUTER_BOUND ( 'NONE', #731, .T. ) ;
#2661 = ORIENTED_EDGE ( 'NONE', *, *, #3372, .F. ) ;
#2662 = LINE ( 'NONE', #563, #901 ) ;
#2663 = AXIS2_PLACEMENT_3D ( 'NONE', #2392, #2374, #2126 ) ;
#2664 = ADVANCED_FACE ( 'NONE', ( #1029 ), #403, .T. ) ;
#2665 = CIRCLE ( 'NONE', #1727, 0.2500000000000002220 ) ;
#2666 = VECTOR ( 'NONE', #1572, 1000.000000000000000 ) ;
#2667 = ORIENTED_EDGE ( 'NONE', *, *, #3735, .T. ) ;
#2668 = LINE ( 'NONE', #1155, #3689 ) ;
#2669 = DIRECTION ( 'NONE',  ( 0.000000000000000000, 0.000000000000000000, -1.000000000000000000 ) ) ;
#2670 = DIRECTION ( 'NONE',  ( 1.000000000000000000, 0.000000000000000000, 0.000000000000000000 ) ) ;
#2671 = VECTOR ( 'NONE', #3681, 1000.000000000000000 ) ;
#2672 = CARTESIAN_POINT ( 'NONE',  ( -9.850000000000001421, 0.000000000000000000, -2.600000000000000533 ) ) ;
#2673 = APPLICATION_PROTOCOL_DEFINITION ( 'draft international standard', 'automotive_design', 1998, #3202 ) ;
#2674 = EDGE_CURVE ( 'NONE', #675, #1947, #1912, .T. ) ;
#2675 = ORIENTED_EDGE ( 'NONE', *, *, #3444, .T. ) ;
#2676 = VECTOR ( 'NONE', #2341, 1000.000000000000227 ) ;
#2677 = ORIENTED_EDGE ( 'NONE', *, *, #3592, .F. ) ;
#2678 = DIRECTION ( 'NONE',  ( 0.000000000000000000, 0.000000000000000000, 1.000000000000000000 ) ) ;
#2679 = ADVANCED_FACE ( 'NONE', ( #370 ), #713, .T. ) ;
#2680 = EDGE_LOOP ( 'NONE', ( #3134, #1153 ) ) ;
#2681 = ORIENTED_EDGE ( 'NONE', *, *, #2017, .T. ) ;
#2682 = LINE ( 'NONE', #2929, #22 ) ;
#2683 = LINE ( 'NONE', #2391, #2592 ) ;
#2684 = CARTESIAN_POINT ( 'NONE',  ( -5.427205953146760464, 0.2500000000000000000, -5.200000000000001066 ) ) ;
#2685 = DIRECTION ( 'NONE',  ( 0.000000000000000000, -0.7071067811865536790, 0.7071067811865414665 ) ) ;
#2686 = CARTESIAN_POINT ( 'NONE',  ( -9.850000000000001421, 5.000000000000000000, -0.5000000000500000041 ) ) ;
#2687 = LINE ( 'NONE', #875, #1394 ) ;
#2688 = VERTEX_POINT ( 'NONE', #2522 ) ;
#2689 = DIRECTION ( 'NONE',  ( 0.000000000000000000, -1.000000000000000000, 0.000000000000000000 ) ) ;
#2690 = LINE ( 'NONE', #3895, #939 ) ;
#2691 = ORIENTED_EDGE ( 'NONE', *, *, #1197, .T. ) ;
#2692 = DIRECTION ( 'NONE',  ( 0.000000000000000000, 0.000000000000000000, 1.000000000000000000 ) ) ;
#2693 = PLANE ( 'NONE',  #342 ) ;
#2694 = LINE ( 'NONE', #2402, #3489 ) ;
#2695 = DIRECTION ( 'NONE',  ( -1.000000000000000000, 0.000000000000000000, 0.000000000000000000 ) ) ;
#2696 = PRODUCT_CONTEXT ( 'NONE', #87, 'mechanical' ) ;
#2697 = ORIENTED_EDGE ( 'NONE', *, *, #1597, .T. ) ;
#2698 = LINE ( 'NONE', #552, #1548 ) ;
#2699 = CARTESIAN_POINT ( 'NONE',  ( -8.249999999999998224, 0.2500000000000000000, -5.200000000000001066 ) ) ;
#2700 = VERTEX_POINT ( 'NONE', #2221 ) ;
#2701 = EDGE_CURVE ( 'NONE', #1848, #1915, #1003, .T. ) ;
#2702 = AXIS2_PLACEMENT_3D ( 'NONE', #2713, #2191, #2752 ) ;
#2703 = DIRECTION ( 'NONE',  ( 1.000000000000000000, 0.000000000000000000, 0.000000000000000000 ) ) ;
#2704 = VECTOR ( 'NONE', #369, 1000.000000000000000 ) ;
#2705 = DIRECTION ( 'NONE',  ( -0.000000000000000000, -0.7071067811865536790, -0.7071067811865414665 ) ) ;
#2706 = FACE_OUTER_BOUND ( 'NONE', #3535, .T. ) ;
#2707 = ADVANCED_FACE ( 'NONE', ( #125 ), #664, .F. ) ;
#2708 = EDGE_CURVE ( 'NONE', #533, #3570, #3875, .T. ) ;
#2709 = CARTESIAN_POINT ( 'NONE',  ( -9.650000000399998612, 5.000000000000000000, -0.3000000004499972506 ) ) ;
#2710 = VERTEX_POINT ( 'NONE', #422 ) ;
#2711 = CARTESIAN_POINT ( 'NONE',  ( -3.000000000000000888, 0.000000000000000000, 5.421010862427522170E-17 ) ) ;
#2712 = CARTESIAN_POINT ( 'NONE',  ( -6.750000000000002665, 4.299999999999999822, -1.300000000000000266 ) ) ;
#2713 = CARTESIAN_POINT ( 'NONE',  ( -5.250000000000002665, 0.2500000000000000000, -5.200000000000001066 ) ) ;
#2714 = CARTESIAN_POINT ( 'NONE',  ( -9.850000000000001421, 0.7500000000000001110, -2.550000000000000266 ) ) ;
#2715 = ORIENTED_EDGE ( 'NONE', *, *, #58, .F. ) ;
#2716 = ORIENTED_EDGE ( 'NONE', *, *, #2005, .T. ) ;
#2717 = VECTOR ( 'NONE', #1765, 1000.000000000000000 ) ;
#2718 = CARTESIAN_POINT ( 'NONE',  ( -3.449999999999999734, 4.799999999799999806, -2.600000000000000533 ) ) ;
#2719 = VECTOR ( 'NONE', #2611, 1000.000000000000000 ) ;
#2720 = CARTESIAN_POINT ( 'NONE',  ( -3.650000000000000355, 4.800000000400000744, -0.5000000000500000041 ) ) ;
#2721 = FACE_OUTER_BOUND ( 'NONE', #1718, .T. ) ;
#2722 = EDGE_CURVE ( 'NONE', #1338, #3109, #3097, .T. ) ;
#2723 = CIRCLE ( 'NONE', #1648, 0.1772059531467556903 ) ;
#2724 = DIRECTION ( 'NONE',  ( 0.000000000000000000, 0.000000000000000000, 1.000000000000000000 ) ) ;
#2725 = CARTESIAN_POINT ( 'NONE',  ( -3.049999998000001433, 0.000000000000000000, -0.9999999997499998683 ) ) ;
#2726 = ORIENTED_EDGE ( 'NONE', *, *, #3576, .T. ) ;
#2727 = DIRECTION ( 'NONE',  ( 0.000000000000000000, 0.000000000000000000, -1.000000000000000000 ) ) ;
#2728 = LINE ( 'NONE', #3665, #2388 ) ;
#2729 = ORIENTED_EDGE ( 'NONE', *, *, #1296, .T. ) ;
#2730 = MECHANICAL_DESIGN_GEOMETRIC_PRESENTATION_REPRESENTATION (  '', ( #639 ), #1883 ) ;
#2731 = DIRECTION ( 'NONE',  ( 0.000000000000000000, 0.000000000000000000, -1.000000000000000000 ) ) ;
#2732 = VECTOR ( 'NONE', #3619, 1000.000000000000000 ) ;
#2733 = ORIENTED_EDGE ( 'NONE', *, *, #3322, .F. ) ;
#2734 = CARTESIAN_POINT ( 'NONE',  ( -8.250000000000000000, 0.2500000000000000000, -3.700000000000000178 ) ) ;
#2735 = VECTOR ( 'NONE', #1315, 1000.000000000000000 ) ;
#2736 = AXIS2_PLACEMENT_3D ( 'NONE', #2587, #1758, #2961 ) ;
#2737 = DIRECTION ( 'NONE',  ( 0.000000000000000000, 0.000000000000000000, 1.000000000000000000 ) ) ;
#2738 = DIRECTION ( 'NONE',  ( 0.000000000000000000, 1.000000000000000000, 0.000000000000000000 ) ) ;
#2739 = VERTEX_POINT ( 'NONE', #1585 ) ;
#2740 = VECTOR ( 'NONE', #765, 1000.000000000000000 ) ;
#2741 = EDGE_CURVE ( 'NONE', #3130, #649, #3748, .T. ) ;
#2742 = VECTOR ( 'NONE', #930, 1000.000000000000000 ) ;
#2743 = ORIENTED_EDGE ( 'NONE', *, *, #1321, .F. ) ;
#2744 = DIRECTION ( 'NONE',  ( -1.000000000000000000, 0.000000000000000000, 0.000000000000000000 ) ) ;
#2745 = LINE ( 'NONE', #1495, #2186 ) ;
#2746 = MECHANICAL_DESIGN_GEOMETRIC_PRESENTATION_REPRESENTATION (  '', ( #2438 ), #1669 ) ;
#2747 = CARTESIAN_POINT ( 'NONE',  ( -3.400000000000003908, 0.000000000000000000, -2.500000001199999655 ) ) ;
#2748 = DIRECTION ( 'NONE',  ( -1.000000000000000000, 0.000000000000000000, 0.000000000000000000 ) ) ;
#2749 = DIRECTION ( 'NONE',  ( 0.000000000000000000, 0.000000000000000000, 1.000000000000000000 ) ) ;
#2750 = DIRECTION ( 'NONE',  ( 1.000000000000000000, 0.000000000000000000, 0.000000000000000000 ) ) ;
#2751 = DIRECTION ( 'NONE',  ( -4.336808689942013299E-16, -1.000000000000000000, -0.000000000000000000 ) ) ;
#2752 = DIRECTION ( 'NONE',  ( -1.000000000000000000, 0.000000000000000000, 0.000000000000000000 ) ) ;
#2753 = LINE ( 'NONE', #2457, #2118 ) ;
#2754 = ORIENTED_EDGE ( 'NONE', *, *, #2028, .T. ) ;
#2755 = DIRECTION ( 'NONE',  ( 1.000000000000000000, 0.000000000000000000, 0.000000000000000000 ) ) ;
#2756 = LINE ( 'NONE', #3039, #2300 ) ;
#2757 = ORIENTED_EDGE ( 'NONE', *, *, #2265, .T. ) ;
#2758 = FACE_OUTER_BOUND ( 'NONE', #2604, .T. ) ;
#2759 = EDGE_CURVE ( 'NONE', #3820, #1449, #3703, .T. ) ;
#2760 = CARTESIAN_POINT ( 'NONE',  ( -6.572794046853244865, 0.2500000000000000000, -5.200000000000001066 ) ) ;
#2761 = DIRECTION ( 'NONE',  ( 1.000000000000000000, 0.000000000000000000, 0.000000000000000000 ) ) ;
#2762 = DIRECTION ( 'NONE',  ( 0.000000000000000000, 0.000000000000000000, 1.000000000000000000 ) ) ;
#2763 = UNCERTAINTY_MEASURE_WITH_UNIT (LENGTH_MEASURE( 1.000000000000000082E-05 ), #2905, 'distance_accuracy_value', 'NONE');
#2764 = ORIENTED_EDGE ( 'NONE', *, *, #1677, .T. ) ;
#2765 = ORIENTED_EDGE ( 'NONE', *, *, #2229, .F. ) ;
#2766 = DIRECTION ( 'NONE',  ( -1.000000000000000000, 0.000000000000000000, 0.000000000000000000 ) ) ;
#2767 = AXIS2_PLACEMENT_3D ( 'NONE', #318, #3361, #2456 ) ;
#2768 = DIRECTION ( 'NONE',  ( 1.000000000000000000, 0.000000000000000000, 0.000000000000000000 ) ) ;
#2769 = ADVANCED_FACE ( 'NONE', ( #1492 ), #3907, .F. ) ;
#2770 = LINE ( 'NONE', #10, #647 ) ;
#2771 = DIRECTION ( 'NONE',  ( 1.000000000000000000, 0.000000000000000000, 0.000000000000000000 ) ) ;
#2772 = EDGE_CURVE ( 'NONE', #177, #2836, #136, .T. ) ;
#2773 = VERTEX_POINT ( 'NONE', #868 ) ;
#2774 = FACE_OUTER_BOUND ( 'NONE', #1954, .T. ) ;
#2775 = LINE ( 'NONE', #591, #1319 ) ;
#2776 = LINE ( 'NONE', #56, #819 ) ;
#2777 = CARTESIAN_POINT ( 'NONE',  ( -9.983333333333334281, 4.733333333133333376, -2.533333333333332771 ) ) ;
#2778 = EDGE_CURVE ( 'NONE', #286, #2420, #1468, .T. ) ;
#2779 = ORIENTED_EDGE ( 'NONE', *, *, #1709, .T. ) ;
#2780 = FILL_AREA_STYLE ('',( #100 ) ) ;
#2781 = DIRECTION ( 'NONE',  ( -1.000000000000000000, 0.000000000000000000, 0.000000000000000000 ) ) ;
#2782 = VERTEX_POINT ( 'NONE', #3498 ) ;
#2783 = EDGE_LOOP ( 'NONE', ( #2538, #3766, #128, #3830 ) ) ;
#2784 = ORIENTED_EDGE ( 'NONE', *, *, #464, .F. ) ;
#2785 = ADVANCED_FACE ( 'NONE', ( #2387 ), #748, .T. ) ;
#2786 = VECTOR ( 'NONE', #3582, 1000.000000000000000 ) ;
#2787 = CARTESIAN_POINT ( 'NONE',  ( -6.750000000000002665, 4.299999999999999822, -1.477205953146756512 ) ) ;
#2788 = CARTESIAN_POINT ( 'NONE',  ( -3.450000000049999738, 0.6499999999999990230, -1.000000000000000000 ) ) ;
#2789 = VERTEX_POINT ( 'NONE', #3515 ) ;
#2790 = CARTESIAN_POINT ( 'NONE',  ( -3.250000000399997369, 5.000000000000000000, -0.7000000003999973242 ) ) ;
#2791 = PLANE ( 'NONE',  #2235 ) ;
#2792 = VERTEX_POINT ( 'NONE', #1181 ) ;
#2793 = VECTOR ( 'NONE', #93, 1000.000000000000000 ) ;
#2794 = UNCERTAINTY_MEASURE_WITH_UNIT (LENGTH_MEASURE( 1.000000000000000082E-05 ), #3421, 'distance_accuracy_value', 'NONE');
#2795 = EDGE_CURVE ( 'NONE', #649, #2966, #1359, .T. ) ;
#2796 = PRESENTATION_LAYER_ASSIGNMENT (  '', '', ( #1975 ) ) ;
#2797 = DIRECTION ( 'NONE',  ( 0.000000000000000000, -1.000000000000000000, 0.000000000000000000 ) ) ;
#2798 = ORIENTED_EDGE ( 'NONE', *, *, #152, .T. ) ;
#2799 = ORIENTED_EDGE ( 'NONE', *, *, #1531, .F. ) ;
#2800 = AXIS2_PLACEMENT_3D ( 'NONE', #2075, #816, #3285 ) ;
#2801 = AXIS2_PLACEMENT_3D ( 'NONE', #1422, #599, #2989 ) ;
#2802 = EDGE_CURVE ( 'NONE', #3608, #1038, #1681, .T. ) ;
#2803 = VECTOR ( 'NONE', #2145, 1000.000000000000000 ) ;
#2804 = EDGE_LOOP ( 'NONE', ( #1369, #3286 ) ) ;
#2805 = CONICAL_SURFACE ( 'NONE', #451, 0.1772059531467563287, 0.3490658503988719463 ) ;
#2806 = ORIENTED_EDGE ( 'NONE', *, *, #38, .T. ) ;
#2807 = VECTOR ( 'NONE', #1149, 1000.000000000000114 ) ;
#2808 = VERTEX_POINT ( 'NONE', #1998 ) ;
#2809 = ORIENTED_EDGE ( 'NONE', *, *, #1565, .F. ) ;
#2810 = PRESENTATION_STYLE_ASSIGNMENT (( #1570 ) ) ;
#2811 = DIRECTION ( 'NONE',  ( 0.000000000000000000, -1.000000000000000000, -0.000000000000000000 ) ) ;
#2812 = DIRECTION ( 'NONE',  ( 0.000000000000000000, -1.000000000000000000, -0.000000000000000000 ) ) ;
#2813 = FACE_OUTER_BOUND ( 'NONE', #1658, .T. ) ;
#2814 = LINE ( 'NONE', #382, #3808 ) ;
#2815 =( LENGTH_UNIT ( ) NAMED_UNIT ( * ) SI_UNIT ( .MILLI., .METRE. ) );
#2816 = VERTEX_POINT ( 'NONE', #2409 ) ;
#2817 = EDGE_CURVE ( 'NONE', #3777, #1289, #3771, .T. ) ;
#2818 = ORIENTED_EDGE ( 'NONE', *, *, #2880, .F. ) ;
#2819 = CLOSED_SHELL ( 'NONE', ( #3397, #1458, #1884, #1881, #360, #1895, #2679, #3450, #685, #1956, #2203, #2573, #3007, #1665, #821, #255 ) ) ;
#2820 = DIRECTION ( 'NONE',  ( -1.000000000000000000, 0.000000000000000000, 0.000000000000000000 ) ) ;
#2821 = CARTESIAN_POINT ( 'NONE',  ( -9.249999999999998224, 2.499999999999999556, -1.749999999899999548 ) ) ;
#2822 = ORIENTED_EDGE ( 'NONE', *, *, #1710, .F. ) ;
#2823 = LINE ( 'NONE', #113, #3113 ) ;
#2824 = CARTESIAN_POINT ( 'NONE',  ( -5.072794046853245753, 0.2500000000000000000, -5.200000000000001066 ) ) ;
#2825 = PRESENTATION_LAYER_ASSIGNMENT (  '', '', ( #1844 ) ) ;
#2826 = FACE_OUTER_BOUND ( 'NONE', #666, .T. ) ;
#2827 = DIRECTION ( 'NONE',  ( 0.000000000000000000, -0.000000000000000000, -1.000000000000000000 ) ) ;
#2828 = CARTESIAN_POINT ( 'NONE',  ( -8.500000000000000000, 1.899999999999999911, -1.300000000000000266 ) ) ;
#2829 = PLANE ( 'NONE',  #3727 ) ;
#2830 = DIRECTION ( 'NONE',  ( -0.000000000000000000, -0.7071067811865505703, -0.7071067811865444641 ) ) ;
#2831 = ORIENTED_EDGE ( 'NONE', *, *, #2331, .T. ) ;
#2832 = LINE ( 'NONE', #2847, #3058 ) ;
#2833 = EDGE_CURVE ( 'NONE', #1025, #1992, #2582, .T. ) ;
#2834 = ORIENTED_EDGE ( 'NONE', *, *, #2906, .T. ) ;
#2835 = ORIENTED_EDGE ( 'NONE', *, *, #1845, .F. ) ;
#2836 = VERTEX_POINT ( 'NONE', #893 ) ;
#2837 = EDGE_CURVE ( 'NONE', #643, #1973, #2124, .T. ) ;
#2838 = LINE ( 'NONE', #974, #2735 ) ;
#2839 = ORIENTED_EDGE ( 'NONE', *, *, #3336, .F. ) ;
#2840 = ORIENTED_EDGE ( 'NONE', *, *, #1845, .T. ) ;
#2841 = AXIS2_PLACEMENT_3D ( 'NONE', #629, #3404, #1868 ) ;
#2842 = AXIS2_PLACEMENT_3D ( 'NONE', #1164, #2079, #2549 ) ;
#2843 = DIRECTION ( 'NONE',  ( 0.000000000000000000, 0.000000000000000000, 1.000000000000000000 ) ) ;
#2844 = SHAPE_REPRESENTATION_RELATIONSHIP ( 'NONE' , 'NONE' ,  #3068, #3429 ) ;
#2845 = FILL_AREA_STYLE_COLOUR ( '', #1001 ) ;
#2846 = ORIENTED_EDGE ( 'NONE', *, *, #2295, .F. ) ;
#2847 = CARTESIAN_POINT ( 'NONE',  ( -9.849999999333334699, 3.750000000000000000, -2.600000000133333877 ) ) ;
#2848 = ADVANCED_FACE ( 'NONE', ( #3204 ), #1336, .T. ) ;
#2849 = AXIS2_PLACEMENT_3D ( 'NONE', #423, #404, #1657 ) ;
#2850 = VECTOR ( 'NONE', #922, 1000.000000000000000 ) ;
#2851 = VERTEX_POINT ( 'NONE', #1721 ) ;
#2852 =( NAMED_UNIT ( * ) SI_UNIT ( $, .STERADIAN. ) SOLID_ANGLE_UNIT ( ) );
#2853 = ORIENTED_EDGE ( 'NONE', *, *, #2802, .F. ) ;
#2854 = FACE_OUTER_BOUND ( 'NONE', #2319, .T. ) ;
#2855 = ORIENTED_EDGE ( 'NONE', *, *, #3395, .F. ) ;
#2856 = FACE_OUTER_BOUND ( 'NONE', #2548, .T. ) ;
#2857 = VECTOR ( 'NONE', #1578, 1000.000000000000000 ) ;
#2858 = AXIS2_PLACEMENT_3D ( 'NONE', #642, #3080, #1522 ) ;
#2859 = DIRECTION ( 'NONE',  ( -8.673617379884026597E-16, 0.000000000000000000, -1.000000000000000000 ) ) ;
#2860 = ORIENTED_EDGE ( 'NONE', *, *, #1252, .T. ) ;
#2861 = AXIS2_PLACEMENT_3D ( 'NONE', #1890, #1613, #674 ) ;
#2862 = EDGE_LOOP ( 'NONE', ( #506, #2011, #1056, #2346, #3279 ) ) ;
#2863 = CARTESIAN_POINT ( 'NONE',  ( -3.450000000049999738, 0.7500000000000001110, -2.600000000000000089 ) ) ;
#2864 = ORIENTED_EDGE ( 'NONE', *, *, #3239, .F. ) ;
#2865 = CARTESIAN_POINT ( 'NONE',  ( -15.00000000000000178, 1.899999999999999911, 0.000000000000000000 ) ) ;
#2866 = EDGE_CURVE ( 'NONE', #2316, #3722, #2682, .T. ) ;
#2867 = ADVANCED_FACE ( 'NONE', ( #213 ), #3888, .T. ) ;
#2868 = EDGE_CURVE ( 'NONE', #2216, #90, #1238, .T. ) ;
#2869 = DIRECTION ( 'NONE',  ( 0.000000000000000000, 0.000000000000000000, 1.000000000000000000 ) ) ;
#2870 = DIRECTION ( 'NONE',  ( 1.000000000000000000, 0.000000000000000000, 0.000000000000000000 ) ) ;
#2871 = DIRECTION ( 'NONE',  ( 0.000000000000000000, 0.000000000000000000, 1.000000000000000000 ) ) ;
#2872 = ORIENTED_EDGE ( 'NONE', *, *, #1349, .T. ) ;
#2873 = VERTEX_POINT ( 'NONE', #1270 ) ;
#2874 = CYLINDRICAL_SURFACE ( 'NONE', #1707, 0.2500000000000002220 ) ;
#2875 = EDGE_LOOP ( 'NONE', ( #2921, #3081, #1560, #2754 ) ) ;
#2876 = DIRECTION ( 'NONE',  ( 0.000000000000000000, -1.000000000000000000, -0.000000000000000000 ) ) ;
#2877 = ORIENTED_EDGE ( 'NONE', *, *, #945, .F. ) ;
#2878 = CARTESIAN_POINT ( 'NONE',  ( -5.250000000000000888, 1.899999999999999911, -1.300000000000000266 ) ) ;
#2879 = DIRECTION ( 'NONE',  ( 0.000000000000000000, -0.7071067811865536790, 0.7071067811865414665 ) ) ;
#2880 = EDGE_CURVE ( 'NONE', #3508, #1586, #634, .T. ) ;
#2881 = CARTESIAN_POINT ( 'NONE',  ( -4.250000000000001776, 4.799999999799999806, -3.100000000000000533 ) ) ;
#2882 = CARTESIAN_POINT ( 'NONE',  ( -9.983333333333334281, 4.733333333133333376, -2.933333332733333076 ) ) ;
#2883 = VERTEX_POINT ( 'NONE', #927 ) ;
#2884 = LINE ( 'NONE', #2261, #508 ) ;
#2885 = DIRECTION ( 'NONE',  ( 1.000000000000000000, 0.000000000000000000, -0.000000000000000000 ) ) ;
#2886 = CARTESIAN_POINT ( 'NONE',  ( -6.750000000000002665, 0.2500000000000000000, -5.200000000000001066 ) ) ;
#2887 = AXIS2_PLACEMENT_3D ( 'NONE', #3892, #3811, #3224 ) ;
#2888 = CARTESIAN_POINT ( 'NONE',  ( -3.650000000000000355, 0.6499999999999994671, -2.500000000000000000 ) ) ;
#2889 = DIRECTION ( 'NONE',  ( 0.000000000000000000, 1.000000000000000000, 0.000000000000000000 ) ) ;
#2890 = DIRECTION ( 'NONE',  ( -1.000000000000000000, 0.000000000000000000, 0.000000000000000000 ) ) ;
#2891 =( NAMED_UNIT ( * ) PLANE_ANGLE_UNIT ( ) SI_UNIT ( $, .RADIAN. ) );
#2892 = DIRECTION ( 'NONE',  ( 0.000000000000000000, -1.000000000000000000, 0.000000000000000000 ) ) ;
#2893 = ORIENTED_EDGE ( 'NONE', *, *, #1061, .T. ) ;
#2894 = CARTESIAN_POINT ( 'NONE',  ( -6.497000000000000774, 4.299999999999999822, -1.552999999999999936 ) ) ;
#2895 = VERTEX_POINT ( 'NONE', #2464 ) ;
#2896 = DIRECTION ( 'NONE',  ( 0.000000000000000000, 0.000000000000000000, 1.000000000000000000 ) ) ;
#2897 = ORIENTED_EDGE ( 'NONE', *, *, #945, .T. ) ;
#2898 = LINE ( 'NONE', #2292, #1979 ) ;
#2899 = FACE_OUTER_BOUND ( 'NONE', #834, .T. ) ;
#2900 = ORIENTED_EDGE ( 'NONE', *, *, #1627, .T. ) ;
#2901 = DIRECTION ( 'NONE',  ( 0.000000000000000000, 0.000000000000000000, -1.000000000000000000 ) ) ;
#2902 = ORIENTED_EDGE ( 'NONE', *, *, #968, .T. ) ;
#2903 = CARTESIAN_POINT ( 'NONE',  ( -8.249999999999998224, 4.299999999999999822, -1.122794046853244465 ) ) ;
#2904 = ORIENTED_EDGE ( 'NONE', *, *, #1211, .F. ) ;
#2905 =( LENGTH_UNIT ( ) NAMED_UNIT ( * ) SI_UNIT ( .MILLI., .METRE. ) );
#2906 = EDGE_CURVE ( 'NONE', #2444, #3745, #1907, .T. ) ;
#2907 = EDGE_LOOP ( 'NONE', ( #998, #988, #2716, #2561 ) ) ;
#2908 = DIRECTION ( 'NONE',  ( -4.336808689942013299E-16, 1.000000000000000000, 0.000000000000000000 ) ) ;
#2909 = AXIS2_PLACEMENT_3D ( 'NONE', #2616, #3821, #511 ) ;
#2910 = EDGE_CURVE ( 'NONE', #2607, #3608, #3071, .T. ) ;
#2911 = DIRECTION ( 'NONE',  ( 0.000000000000000000, 0.000000000000000000, 1.000000000000000000 ) ) ;
#2912 = CARTESIAN_POINT ( 'NONE',  ( -8.249999999999998224, 4.099999999999993427, -1.049999999999999600 ) ) ;
#2913 = ORIENTED_EDGE ( 'NONE', *, *, #2064, .F. ) ;
#2914 = ADVANCED_FACE ( 'NONE', ( #2501 ), #1220, .F. ) ;
#2915 = AXIS2_PLACEMENT_3D ( 'NONE', #1752, #2885, #1427 ) ;
#2916 = MANIFOLD_SOLID_BREP ( 'Mirror2[2]', #1566 ) ;
#2917 = VERTEX_POINT ( 'NONE', #1614 ) ;
#2918 = CARTESIAN_POINT ( 'NONE',  ( -4.250000000000003553, 3.200000000000000178, -1.750000000000000222 ) ) ;
#2919 = VECTOR ( 'NONE', #2069, 1000.000000000000000 ) ;
#2920 = DIRECTION ( 'NONE',  ( 1.000000000000000000, 0.000000000000000000, 0.000000000000000000 ) ) ;
#2921 = ORIENTED_EDGE ( 'NONE', *, *, #3776, .F. ) ;
#2922 = LINE ( 'NONE', #208, #1656 ) ;
#2923 = EDGE_CURVE ( 'NONE', #2873, #1285, #2180, .T. ) ;
#2924 = VECTOR ( 'NONE', #344, 1000.000000000000000 ) ;
#2925 = DIRECTION ( 'NONE',  ( -0.000000000000000000, 0.7071067811865506814, -0.7071067811865443531 ) ) ;
#2926 = AXIS2_PLACEMENT_3D ( 'NONE', #3730, #2001, #2993 ) ;
#2927 = ORIENTED_EDGE ( 'NONE', *, *, #2003, .T. ) ;
#2928 = CARTESIAN_POINT ( 'NONE',  ( -8.249999999999998224, 4.299999999999999822, -1.477205953146756512 ) ) ;
#2929 = CARTESIAN_POINT ( 'NONE',  ( -9.250000000000000000, 4.799999999799999806, -3.100000000000000533 ) ) ;
#2930 = VERTEX_POINT ( 'NONE', #116 ) ;
#2931 = CIRCLE ( 'NONE', #1012, 0.05000000000000012768 ) ;
#2932 = VECTOR ( 'NONE', #1476, 1000.000000000000000 ) ;
#2933 = LINE ( 'NONE', #1170, #2290 ) ;
#2934 = VECTOR ( 'NONE', #2498, 1000.000000000000000 ) ;
#2935 = CARTESIAN_POINT ( 'NONE',  ( -3.400000000000000355, 0.2000000002500000873, -2.500000000000000000 ) ) ;
#2936 = VECTOR ( 'NONE', #1717, 1000.000000000000000 ) ;
#2937 = EDGE_LOOP ( 'NONE', ( #2948, #2958, #1577, #1983 ) ) ;
#2938 = ORIENTED_EDGE ( 'NONE', *, *, #605, .F. ) ;
#2939 = CARTESIAN_POINT ( 'NONE',  ( -3.650000000000000355, 0.7500000000000001110, -2.999999999400000839 ) ) ;
#2940 = LINE ( 'NONE', #2979, #512 ) ;
#2941 = LINE ( 'NONE', #222, #3802 ) ;
#2942 = DIRECTION ( 'NONE',  ( 0.000000000000000000, 0.000000000000000000, -1.000000000000000000 ) ) ;
#2943 = ORIENTED_EDGE ( 'NONE', *, *, #2596, .F. ) ;
#2944 = MANIFOLD_SOLID_BREP ( 'LPattern1[1]', #3092 ) ;
#2945 = ORIENTED_EDGE ( 'NONE', *, *, #1027, .F. ) ;
#2946 = DIRECTION ( 'NONE',  ( 1.000000000000000000, 0.000000000000000000, 0.000000000000000000 ) ) ;
#2947 = DIRECTION ( 'NONE',  ( 0.000000000000000000, 1.000000000000000000, 0.000000000000000000 ) ) ;
#2948 = ORIENTED_EDGE ( 'NONE', *, *, #3123, .T. ) ;
#2949 = CARTESIAN_POINT ( 'NONE',  ( -9.850000000000001421, 3.750000000000000000, -2.999999999400000839 ) ) ;
#2950 = CARTESIAN_POINT ( 'NONE',  ( -3.049999998000001433, 2.710505431213761085E-17, -2.500000000300000025 ) ) ;
#2951 = DIRECTION ( 'NONE',  ( -1.000000000000000000, 0.000000000000000000, 0.000000000000000000 ) ) ;
#2952 = EDGE_CURVE ( 'NONE', #2851, #1338, #411, .T. ) ;
#2953 = EDGE_LOOP ( 'NONE', ( #907, #2955, #198, #3459 ) ) ;
#2954 = DIRECTION ( 'NONE',  ( 0.000000000000000000, 0.7071067811865480168, 0.7071067811865470176 ) ) ;
#2955 = ORIENTED_EDGE ( 'NONE', *, *, #3433, .T. ) ;
#2956 = DIRECTION ( 'NONE',  ( 0.000000000000000000, 1.000000000000000000, 0.000000000000000000 ) ) ;
#2957 = VERTEX_POINT ( 'NONE', #1305 ) ;
#2958 = ORIENTED_EDGE ( 'NONE', *, *, #3369, .F. ) ;
#2959 = CARTESIAN_POINT ( 'NONE',  ( -9.449999999600002809, 5.000000000000000000, -0.7500000003999973686 ) ) ;
#2960 = CIRCLE ( 'NONE', #2702, 0.1772059531467574112 ) ;
#2961 = DIRECTION ( 'NONE',  ( 0.000000000000000000, -0.000000000000000000, 1.000000000000000000 ) ) ;
#2962 = CARTESIAN_POINT ( 'NONE',  ( -8.250000000000000000, 1.899999999999999911, -1.300000000000000266 ) ) ;
#2963 =( NAMED_UNIT ( * ) PLANE_ANGLE_UNIT ( ) SI_UNIT ( $, .RADIAN. ) );
#2964 = ORIENTED_EDGE ( 'NONE', *, *, #2190, .T. ) ;
#2965 = EDGE_CURVE ( 'NONE', #1740, #452, #721, .T. ) ;
#2966 = VERTEX_POINT ( 'NONE', #3172 ) ;
#2967 = FACE_OUTER_BOUND ( 'NONE', #377, .T. ) ;
#2968 = DIRECTION ( 'NONE',  ( -0.000000000000000000, -1.000000000000000000, -0.000000000000000000 ) ) ;
#2969 = DIRECTION ( 'NONE',  ( 0.5773502691896290617, -0.5773502691896189587, 0.5773502691896290617 ) ) ;
#2970 = CYLINDRICAL_SURFACE ( 'NONE', #396, 0.2500000000000002220 ) ;
#2971 = EDGE_CURVE ( 'NONE', #1239, #2542, #443, .T. ) ;
#2972 = ORIENTED_EDGE ( 'NONE', *, *, #2064, .T. ) ;
#2973 = CARTESIAN_POINT ( 'NONE',  ( -3.850000000200004102, 5.000000000000000000, -3.199999999600004585 ) ) ;
#2974 = CARTESIAN_POINT ( 'NONE',  ( -5.000000000000000888, 1.899999999999999911, -1.300000000000000266 ) ) ;
#2975 = EDGE_CURVE ( 'NONE', #3218, #43, #270, .T. ) ;
#2976 = EDGE_CURVE ( 'NONE', #702, #3567, #1257, .T. ) ;
#2977 = ORIENTED_EDGE ( 'NONE', *, *, #3860, .F. ) ;
#2978 = CARTESIAN_POINT ( 'NONE',  ( -3.000000000000000888, 0.000000000000000000, -3.700000000000000178 ) ) ;
#2979 = CARTESIAN_POINT ( 'NONE',  ( -5.500000000000001776, 1.899999999999999911, -1.300000000000000266 ) ) ;
#2980 = SHAPE_DEFINITION_REPRESENTATION ( #2996, #3068 ) ;
#2981 = ORIENTED_EDGE ( 'NONE', *, *, #2708, .F. ) ;
#2982 = PLANE ( 'NONE',  #1308 ) ;
#2983 = EDGE_LOOP ( 'NONE', ( #2210, #1254, #3407, #965 ) ) ;
#2984 = CIRCLE ( 'NONE', #1250, 0.2500000000000002220 ) ;
#2985 = EDGE_LOOP ( 'NONE', ( #1161, #865, #3475, #3116 ) ) ;
#2986 = ADVANCED_FACE ( 'NONE', ( #1706 ), #2599, .T. ) ;
#2987 = CARTESIAN_POINT ( 'NONE',  ( -9.250000000000000000, 1.899999999999999911, -1.749999999949999996 ) ) ;
#2988 = CIRCLE ( 'NONE', #574, 0.2500000000000002220 ) ;
#2989 = DIRECTION ( 'NONE',  ( 0.000000000000000000, 0.000000000000000000, 1.000000000000000000 ) ) ;
#2990 = CARTESIAN_POINT ( 'NONE',  ( -9.250000000000000000, 4.800000000400000744, -0.9500000002999998694 ) ) ;
#2991 = CARTESIAN_POINT ( 'NONE',  ( -10.50000000000000000, 5.000000000000000000, -3.700000000000000178 ) ) ;
#2992 = ORIENTED_EDGE ( 'NONE', *, *, #746, .F. ) ;
#2993 = DIRECTION ( 'NONE',  ( 0.000000000000000000, 0.000000000000000000, -1.000000000000000000 ) ) ;
#2994 = ORIENTED_EDGE ( 'NONE', *, *, #1403, .T. ) ;
#2995 = AXIS2_PLACEMENT_3D ( 'NONE', #1037, #2892, #2871 ) ;
#2996 = PRODUCT_DEFINITION_SHAPE ( 'NONE', 'NONE',  #3282 ) ;
#2997 = VECTOR ( 'NONE', #310, 1000.000000000000000 ) ;
#2998 = CARTESIAN_POINT ( 'NONE',  ( -3.050000000000000711, 0.2000000000000000111, -1.750000000000000000 ) ) ;
#2999 = AXIS2_PLACEMENT_3D ( 'NONE', #616, #1854, #2353 ) ;
#3000 = VERTEX_POINT ( 'NONE', #2912 ) ;
#3001 = EDGE_CURVE ( 'NONE', #1210, #3816, #3568, .T. ) ;
#3002 = ORIENTED_EDGE ( 'NONE', *, *, #909, .T. ) ;
#3003 = CARTESIAN_POINT ( 'NONE',  ( -3.449999999999999734, 3.750000000000000000, -0.5000000000500000041 ) ) ;
#3004 = CIRCLE ( 'NONE', #2052, 0.2500000000000002220 ) ;
#3005 = VECTOR ( 'NONE', #459, 1000.000000000000000 ) ;
#3006 = CARTESIAN_POINT ( 'NONE',  ( -4.149999999800008332, 4.100000000600005023, -1.599999999800008732 ) ) ;
#3007 = ADVANCED_FACE ( 'NONE', ( #3526 ), #1413, .F. ) ;
#3008 = VECTOR ( 'NONE', #3087, 1000.000000000000000 ) ;
#3009 = EDGE_CURVE ( 'NONE', #3201, #146, #2427, .T. ) ;
#3010 = DIRECTION ( 'NONE',  ( 0.000000000000000000, 0.000000000000000000, 1.000000000000000000 ) ) ;
#3011 = ORIENTED_EDGE ( 'NONE', *, *, #1136, .F. ) ;
#3012 = AXIS2_PLACEMENT_3D ( 'NONE', #2588, #2268, #3506 ) ;
#3013 = ORIENTED_EDGE ( 'NONE', *, *, #3293, .T. ) ;
#3014 = ORIENTED_EDGE ( 'NONE', *, *, #3509, .T. ) ;
#3015 = DIRECTION ( 'NONE',  ( -0.5773502691896290617, -0.5773502691896189587, -0.5773502691896290617 ) ) ;
#3016 = DIRECTION ( 'NONE',  ( 0.5773502691896290617, -0.5773502691896189587, -0.5773502691896290617 ) ) ;
#3017 = CARTESIAN_POINT ( 'NONE',  ( -5.250000000000000888, 0.2500000000000000000, -3.700000000000000178 ) ) ;
#3018 = LINE ( 'NONE', #3911, #82 ) ;
#3019 = FILL_AREA_STYLE_COLOUR ( '', #3591 ) ;
#3020 = DIRECTION ( 'NONE',  ( 0.000000000000000000, 0.000000000000000000, -1.000000000000000000 ) ) ;
#3021 = ORIENTED_EDGE ( 'NONE', *, *, #2437, .F. ) ;
#3022 = CARTESIAN_POINT ( 'NONE',  ( -10.25000000020000535, 5.000000000000000000, -3.199999999600004585 ) ) ;
#3023 = ORIENTED_EDGE ( 'NONE', *, *, #2802, .T. ) ;
#3024 = CARTESIAN_POINT ( 'NONE',  ( -9.850000000000001421, 4.800000000400000744, -0.9500000000000000666 ) ) ;
#3025 = FACE_OUTER_BOUND ( 'NONE', #1785, .T. ) ;
#3026 = AXIS2_PLACEMENT_3D ( 'NONE', #916, #1567, #933 ) ;
#3027 = EDGE_CURVE ( 'NONE', #3466, #2242, #3615, .T. ) ;
#3028 = VERTEX_POINT ( 'NONE', #595 ) ;
#3029 = PRODUCT_DEFINITION_SHAPE ( 'NONE', 'NONE',  #3927 ) ;
#3030 = VECTOR ( 'NONE', #3639, 1000.000000000000000 ) ;
#3031 = CARTESIAN_POINT ( 'NONE',  ( -10.05000000000000249, 5.000000000000000000, -0.3000000004499972506 ) ) ;
#3032 = LINE ( 'NONE', #849, #1386 ) ;
#3033 = DIRECTION ( 'NONE',  ( 0.000000000000000000, -1.000000000000000000, 0.000000000000000000 ) ) ;
#3034 = FACE_OUTER_BOUND ( 'NONE', #2983, .T. ) ;
#3035 = ORIENTED_EDGE ( 'NONE', *, *, #2648, .T. ) ;
#3036 = CARTESIAN_POINT ( 'NONE',  ( -6.500000000000002665, 0.2500000000000000000, -4.999999999999987566 ) ) ;
#3037 = ORIENTED_EDGE ( 'NONE', *, *, #104, .F. ) ;
#3038 = DIRECTION ( 'NONE',  ( 0.000000000000000000, -0.000000000000000000, -1.000000000000000000 ) ) ;
#3039 = CARTESIAN_POINT ( 'NONE',  ( -10.15000000000000036, 0.2000000002500000873, -2.500000000000000000 ) ) ;
#3040 = ORIENTED_EDGE ( 'NONE', *, *, #59, .T. ) ;
#3041 = EDGE_CURVE ( 'NONE', #248, #1174, #1832, .T. ) ;
#3042 = DIRECTION ( 'NONE',  ( -0.5773502691896290617, -0.5773502691896189587, -0.5773502691896290617 ) ) ;
#3043 = LINE ( 'NONE', #923, #2934 ) ;
#3044 = DIRECTION ( 'NONE',  ( -1.000000000000000000, 0.000000000000000000, 0.000000000000000000 ) ) ;
#3045 = DIRECTION ( 'NONE',  ( 0.000000000000000000, 0.000000000000000000, 1.000000000000000000 ) ) ;
#3046 = EDGE_LOOP ( 'NONE', ( #2356, #2623, #2779, #157, #2765 ) ) ;
#3047 = CARTESIAN_POINT ( 'NONE',  ( -10.50000000000000000, 5.000000000000000000, -0.4750000000000000333 ) ) ;
#3048 = EDGE_CURVE ( 'NONE', #1376, #1341, #2299, .T. ) ;
#3049 = CARTESIAN_POINT ( 'NONE',  ( -10.05000000000000249, 4.800000000400000744, -2.999999999400000839 ) ) ;
#3050 = CIRCLE ( 'NONE', #187, 0.2500000000000002220 ) ;
#3051 = CARTESIAN_POINT ( 'NONE',  ( -3.650000000000000355, 0.7500000000000001110, -0.8999999999999998002 ) ) ;
#3052 = PLANE ( 'NONE',  #2328 ) ;
#3053 = VECTOR ( 'NONE', #406, 1000.000000000000000 ) ;
#3054 = DIRECTION ( 'NONE',  ( -4.336808689942013299E-16, 1.000000000000000000, 0.000000000000000000 ) ) ;
#3055 = EDGE_CURVE ( 'NONE', #3000, #3185, #1071, .T. ) ;
#3056 = EDGE_LOOP ( 'NONE', ( #1713, #2981, #3814, #1278, #268, #2408, #859, #1162 ) ) ;
#3057 =( NAMED_UNIT ( * ) SI_UNIT ( $, .STERADIAN. ) SOLID_ANGLE_UNIT ( ) );
#3058 = VECTOR ( 'NONE', #2557, 1000.000000000000000 ) ;
#3059 = DIRECTION ( 'NONE',  ( 0.000000000000000000, 0.000000000000000000, 1.000000000000000000 ) ) ;
#3060 = PLANE ( 'NONE',  #1447 ) ;
#3061 = AXIS2_PLACEMENT_3D ( 'NONE', #254, #1796, #2396 ) ;
#3062 = DIRECTION ( 'NONE',  ( 1.000000000000000000, 0.000000000000000000, 0.000000000000000000 ) ) ;
#3063 = CARTESIAN_POINT ( 'NONE',  ( -9.850000000000001421, 4.800000000400000744, -0.9500000000000000666 ) ) ;
#3064 = AXIS2_PLACEMENT_3D ( 'NONE', #445, #3736, #3126 ) ;
#3065 = DIRECTION ( 'NONE',  ( 8.673617379884026597E-16, -0.000000000000000000, 1.000000000000000000 ) ) ;
#3066 = ORIENTED_EDGE ( 'NONE', *, *, #2136, .T. ) ;
#3067 = VECTOR ( 'NONE', #3868, 1000.000000000000000 ) ;
#3068 = SHAPE_REPRESENTATION ( 'BxB-ZR-SM4 pins_3', ( #1018 ), #3074 ) ;
#3069 = EDGE_CURVE ( 'NONE', #1460, #1131, #733, .T. ) ;
#3070 = VECTOR ( 'NONE', #2659, 1000.000000000000000 ) ;
#3071 = LINE ( 'NONE', #3106, #1454 ) ;
#3072 = EDGE_LOOP ( 'NONE', ( #3886, #1891, #556, #3205, #549 ) ) ;
#3073 = DIRECTION ( 'NONE',  ( 0.000000000000000000, 0.000000000000000000, 1.000000000000000000 ) ) ;
#3074 =( GEOMETRIC_REPRESENTATION_CONTEXT ( 3 ) GLOBAL_UNCERTAINTY_ASSIGNED_CONTEXT ( ( #1966 ) ) GLOBAL_UNIT_ASSIGNED_CONTEXT ( ( #1733, #1367, #3452 ) ) REPRESENTATION_CONTEXT ( 'NONE', 'WORKASPACE' ) );
#3075 = CARTESIAN_POINT ( 'NONE',  ( -10.05000000000000249, 0.000000000000000000, -2.600000000000000533 ) ) ;
#3076 = EDGE_CURVE ( 'NONE', #1992, #3107, #1283, .T. ) ;
#3077 = VERTEX_POINT ( 'NONE', #980 ) ;
#3078 = CARTESIAN_POINT ( 'NONE',  ( -13.50000000000000178, 0.000000000000000000, -3.700000000000000178 ) ) ;
#3079 = CARTESIAN_POINT ( 'NONE',  ( -9.250000000000000000, 2.500000000000000000, -0.3999999997999998946 ) ) ;
#3080 = DIRECTION ( 'NONE',  ( 0.000000000000000000, 0.7071067811865536790, 0.7071067811865414665 ) ) ;
#3081 = ORIENTED_EDGE ( 'NONE', *, *, #1228, .T. ) ;
#3082 = ADVANCED_FACE ( 'NONE', ( #717 ), #3151, .T. ) ;
#3083 = DIRECTION ( 'NONE',  ( 0.000000000000000000, 0.000000000000000000, 1.000000000000000000 ) ) ;
#3084 = ORIENTED_EDGE ( 'NONE', *, *, #2146, .T. ) ;
#3085 = DIRECTION ( 'NONE',  ( 0.000000000000000000, 0.000000000000000000, -1.000000000000000000 ) ) ;
#3086 = DIRECTION ( 'NONE',  ( 0.000000000000000000, 0.000000000000000000, 1.000000000000000000 ) ) ;
#3087 = DIRECTION ( 'NONE',  ( 1.000000000000000000, -0.000000000000000000, -0.000000000000000000 ) ) ;
#3088 = ORIENTED_EDGE ( 'NONE', *, *, #1598, .T. ) ;
#3089 = LINE ( 'NONE', #1559, #1147 ) ;
#3090 = ORIENTED_EDGE ( 'NONE', *, *, #174, .F. ) ;
#3091 = CARTESIAN_POINT ( 'NONE',  ( -10.05000000000000249, 0.2500000000000000000, -0.9999999993000000531 ) ) ;
#3092 = CLOSED_SHELL ( 'NONE', ( #156, #2986, #307, #1641, #3724, #154 ) ) ;
#3093 = EDGE_CURVE ( 'NONE', #835, #854, #3720, .T. ) ;
#3094 = ORIENTED_EDGE ( 'NONE', *, *, #2552, .F. ) ;
#3095 = ORIENTED_EDGE ( 'NONE', *, *, #1617, .F. ) ;
#3096 = DIRECTION ( 'NONE',  ( -0.5773502691896290617, -0.5773502691896189587, 0.5773502691896290617 ) ) ;
#3097 = LINE ( 'NONE', #1314, #3249 ) ;
#3098 = DIRECTION ( 'NONE',  ( 0.000000000000000000, 1.000000000000000000, 0.000000000000000000 ) ) ;
#3099 = ORIENTED_EDGE ( 'NONE', *, *, #2539, .T. ) ;
#3100 = LINE ( 'NONE', #2209, #3053 ) ;
#3101 = CARTESIAN_POINT ( 'NONE',  ( -10.05000000000000249, 0.2500000000000000000, -2.500000000700000502 ) ) ;
#3102 = ADVANCED_FACE ( 'NONE', ( #3137 ), #2571, .T. ) ;
#3103 = CARTESIAN_POINT ( 'NONE',  ( -3.400000000000000355, 0.2500000000000000000, -1.000000000000000000 ) ) ;
#3104 = DIRECTION ( 'NONE',  ( 1.000000000000000000, 0.000000000000000000, 0.000000000000000000 ) ) ;
#3105 = ORIENTED_EDGE ( 'NONE', *, *, #3417, .T. ) ;
#3106 = CARTESIAN_POINT ( 'NONE',  ( -10.25000000020000535, 5.000000000000000000, -2.999999999400000839 ) ) ;
#3107 = VERTEX_POINT ( 'NONE', #3482 ) ;
#3108 = PRODUCT_RELATED_PRODUCT_CATEGORY ( 'part', '', ( #1417 ) ) ;
#3109 = VERTEX_POINT ( 'NONE', #463 ) ;
#3110 = AXIS2_PLACEMENT_3D ( 'NONE', #990, #2220, #2455 ) ;
#3111 = CARTESIAN_POINT ( 'NONE',  ( -3.650000000000000355, 0.000000000000000000, -2.500000000000000000 ) ) ;
#3112 = VERTEX_POINT ( 'NONE', #1687 ) ;
#3113 = VECTOR ( 'NONE', #2241, 1000.000000000000000 ) ;
#3114 = DIRECTION ( 'NONE',  ( 0.000000000000000000, -1.000000000000000000, -0.000000000000000000 ) ) ;
#3115 = DIRECTION ( 'NONE',  ( -1.000000000000000000, 0.000000000000000000, 0.000000000000000000 ) ) ;
#3116 = ORIENTED_EDGE ( 'NONE', *, *, #2837, .F. ) ;
#3117 = CARTESIAN_POINT ( 'NONE',  ( -9.850000000000001421, 0.000000000000000000, -2.999999999400000839 ) ) ;
#3118 = CARTESIAN_POINT ( 'NONE',  ( -3.449999999999999734, 4.799999999799999806, -2.999999999400000839 ) ) ;
#3119 = ORIENTED_EDGE ( 'NONE', *, *, #380, .F. ) ;
#3120 = VECTOR ( 'NONE', #2466, 1000.000000000000000 ) ;
#3121 = UNCERTAINTY_MEASURE_WITH_UNIT (LENGTH_MEASURE( 1.000000000000000082E-05 ), #3403, 'distance_accuracy_value', 'NONE');
#3122 = LINE ( 'NONE', #1611, #3131 ) ;
#3123 = EDGE_CURVE ( 'NONE', #714, #3512, #3419, .T. ) ;
#3124 = PRESENTATION_LAYER_ASSIGNMENT (  '', '', ( #3795 ) ) ;
#3125 = DIRECTION ( 'NONE',  ( -0.3420201433256591095, 0.000000000000000000, 0.9396926207859117586 ) ) ;
#3126 = DIRECTION ( 'NONE',  ( -1.000000000000000000, 0.000000000000000000, 0.000000000000000000 ) ) ;
#3127 = VECTOR ( 'NONE', #1440, 1000.000000000000000 ) ;
#3128 = ADVANCED_FACE ( 'NONE', ( #2826 ), #687, .F. ) ;
#3129 = VECTOR ( 'NONE', #3371, 1000.000000000000000 ) ;
#3130 = VERTEX_POINT ( 'NONE', #1451 ) ;
#3131 = VECTOR ( 'NONE', #2811, 1000.000000000000000 ) ;
#3132 = AXIS2_PLACEMENT_3D ( 'NONE', #2162, #3339, #1893 ) ;
#3133 = SURFACE_SIDE_STYLE ('',( #3141 ) ) ;
#3134 = ORIENTED_EDGE ( 'NONE', *, *, #3009, .F. ) ;
#3135 = PLANE ( 'NONE',  #701 ) ;
#3136 = EDGE_CURVE ( 'NONE', #3906, #3185, #2668, .T. ) ;
#3137 = FACE_OUTER_BOUND ( 'NONE', #708, .T. ) ;
#3138 = DIRECTION ( 'NONE',  ( 1.000000000000000000, 0.000000000000000000, 0.000000000000000000 ) ) ;
#3139 = ORIENTED_EDGE ( 'NONE', *, *, #2171, .F. ) ;
#3140 = EDGE_CURVE ( 'NONE', #1299, #286, #3504, .T. ) ;
#3141 = SURFACE_STYLE_FILL_AREA ( #2518 ) ;
#3142 = ORIENTED_EDGE ( 'NONE', *, *, #3502, .F. ) ;
#3143 = CLOSED_SHELL ( 'NONE', ( #1981, #1215, #51, #1741, #1088, #1804 ) ) ;
#3144 = ORIENTED_EDGE ( 'NONE', *, *, #2446, .T. ) ;
#3145 = VERTEX_POINT ( 'NONE', #2939 ) ;
#3146 = VECTOR ( 'NONE', #787, 1000.000000000000000 ) ;
#3147 = ORIENTED_EDGE ( 'NONE', *, *, #2005, .F. ) ;
#3148 = DIRECTION ( 'NONE',  ( -1.000000000000000000, 0.000000000000000000, 0.000000000000000000 ) ) ;
#3149 = CARTESIAN_POINT ( 'NONE',  ( -10.50000000000000000, 5.000000000000000000, -0.7000000003999973242 ) ) ;
#3150 = EDGE_CURVE ( 'NONE', #1316, #2132, #3584, .T. ) ;
#3151 = PLANE ( 'NONE',  #818 ) ;
#3152 = CARTESIAN_POINT ( 'NONE',  ( -3.000000000000000888, 5.000000000000000000, -2.800000000200003836 ) ) ;
#3153 = PRESENTATION_STYLE_ASSIGNMENT (( #778 ) ) ;
#3154 = ORIENTED_EDGE ( 'NONE', *, *, #659, .F. ) ;
#3155 = DIRECTION ( 'NONE',  ( 0.000000000000000000, -0.000000000000000000, -1.000000000000000000 ) ) ;
#3156 = VERTEX_POINT ( 'NONE', #320 ) ;
#3157 = EDGE_CURVE ( 'NONE', #702, #2836, #3345, .T. ) ;
#3158 = PRESENTATION_STYLE_ASSIGNMENT (( #120 ) ) ;
#3159 = ORIENTED_EDGE ( 'NONE', *, *, #1216, .T. ) ;
#3160 = EDGE_LOOP ( 'NONE', ( #241, #123, #1822, #906 ) ) ;
#3161 = CARTESIAN_POINT ( 'NONE',  ( -3.350000000000000533, 0.2000000002500000873, -2.500000000000000000 ) ) ;
#3162 = EDGE_CURVE ( 'NONE', #3306, #90, #1568, .T. ) ;
#3163 = VECTOR ( 'NONE', #3805, 1000.000000000000000 ) ;
#3164 = EDGE_LOOP ( 'NONE', ( #1111, #1831, #2096, #2835 ) ) ;
#3165 = DIRECTION ( 'NONE',  ( 1.000000000000000000, 0.000000000000000000, 0.000000000000000000 ) ) ;
#3166 = VECTOR ( 'NONE', #1101, 1000.000000000000000 ) ;
#3167 = ORIENTED_EDGE ( 'NONE', *, *, #2462, .F. ) ;
#3168 = DIRECTION ( 'NONE',  ( 0.000000000000000000, 0.7071067811865480168, 0.7071067811865470176 ) ) ;
#3169 = VECTOR ( 'NONE', #1558, 1000.000000000000000 ) ;
#3170 = CARTESIAN_POINT ( 'NONE',  ( 0.000000000000000000, 0.000000000000000000, -2.500000001199999655 ) ) ;
#3171 = FILL_AREA_STYLE ('',( #224 ) ) ;
#3172 = CARTESIAN_POINT ( 'NONE',  ( -3.449999999999999734, 0.2500000000000000000, -0.9999999993000000531 ) ) ;
#3173 = ORIENTED_EDGE ( 'NONE', *, *, #371, .T. ) ;
#3174 = VECTOR ( 'NONE', #3196, 1000.000000000000227 ) ;
#3175 = VECTOR ( 'NONE', #1401, 1000.000000000000000 ) ;
#3176 = EDGE_CURVE ( 'NONE', #3745, #2930, #2753, .T. ) ;
#3177 = AXIS2_PLACEMENT_3D ( 'NONE', #3521, #1843, #877 ) ;
#3178 = EDGE_LOOP ( 'NONE', ( #106, #490, #527, #3516, #882 ) ) ;
#3179 = ORIENTED_EDGE ( 'NONE', *, *, #820, .T. ) ;
#3180 = DIRECTION ( 'NONE',  ( 0.000000000000000000, 0.000000000000000000, -1.000000000000000000 ) ) ;
#3181 = VECTOR ( 'NONE', #3552, 1000.000000000000000 ) ;
#3182 = VECTOR ( 'NONE', #1516, 1000.000000000000000 ) ;
#3183 = EDGE_CURVE ( 'NONE', #1926, #1210, #2166, .T. ) ;
#3184 = DIRECTION ( 'NONE',  ( 0.000000000000000000, 1.000000000000000000, 0.000000000000000000 ) ) ;
#3185 = VERTEX_POINT ( 'NONE', #1173 ) ;
#3186 = AXIS2_PLACEMENT_3D ( 'NONE', #1117, #2117, #2942 ) ;
#3187 = DIRECTION ( 'NONE',  ( 0.000000000000000000, 0.000000000000000000, 1.000000000000000000 ) ) ;
#3188 = CARTESIAN_POINT ( 'NONE',  ( -3.449999999999999734, 0.000000000000000000, -0.9000000000000001332 ) ) ;
#3189 = FACE_OUTER_BOUND ( 'NONE', #169, .T. ) ;
#3190 = ADVANCED_FACE ( 'NONE', ( #2398 ), #3622, .T. ) ;
#3191 = COLOUR_RGB ( '',1.000000000000000000, 1.000000000000000000, 1.000000000000000000 ) ;
#3192 = EDGE_CURVE ( 'NONE', #3607, #2789, #1337, .T. ) ;
#3193 = LINE ( 'NONE', #2720, #1471 ) ;
#3194 = FACE_OUTER_BOUND ( 'NONE', #1754, .T. ) ;
#3195 = CARTESIAN_POINT ( 'NONE',  ( -9.850000000000001421, 4.800000000400000744, -0.9500000000000000666 ) ) ;
#3196 = DIRECTION ( 'NONE',  ( 0.5773502691896290617, -0.5773502691896189587, 0.5773502691896290617 ) ) ;
#3197 = ORIENTED_EDGE ( 'NONE', *, *, #614, .T. ) ;
#3198 = LINE ( 'NONE', #1084, #3477 ) ;
#3199 = EDGE_CURVE ( 'NONE', #1400, #2087, #1005, .T. ) ;
#3200 = CARTESIAN_POINT ( 'NONE',  ( -4.250000000000001776, 4.800000000400000744, -3.100000000000000533 ) ) ;
#3201 = VERTEX_POINT ( 'NONE', #1946 ) ;
#3202 = APPLICATION_CONTEXT ( 'automotive_design' ) ;
#3203 = LINE ( 'NONE', #2278, #3769 ) ;
#3204 = FACE_OUTER_BOUND ( 'NONE', #477, .T. ) ;
#3205 = ORIENTED_EDGE ( 'NONE', *, *, #3055, .T. ) ;
#3206 = DIRECTION ( 'NONE',  ( 0.000000000000000000, 0.000000000000000000, -1.000000000000000000 ) ) ;
#3207 = ORIENTED_EDGE ( 'NONE', *, *, #594, .F. ) ;
#3208 = ORIENTED_EDGE ( 'NONE', *, *, #2971, .T. ) ;
#3209 = AXIS2_PLACEMENT_3D ( 'NONE', #1404, #3829, #1107 ) ;
#3210 = ADVANCED_FACE ( 'NONE', ( #2509 ), #3704, .F. ) ;
#3211 = DIRECTION ( 'NONE',  ( 0.000000000000000000, 0.000000000000000000, -1.000000000000000000 ) ) ;
#3212 = LINE ( 'NONE', #904, #741 ) ;
#3213 = DIRECTION ( 'NONE',  ( 1.387778780781445676E-16, -2.085184518007831445E-16, -1.000000000000000000 ) ) ;
#3214 = FACE_OUTER_BOUND ( 'NONE', #2016, .T. ) ;
#3215 = ORIENTED_EDGE ( 'NONE', *, *, #3759, .F. ) ;
#3216 = EDGE_CURVE ( 'NONE', #3109, #429, #2838, .T. ) ;
#3217 = VERTEX_POINT ( 'NONE', #1914 ) ;
#3218 = VERTEX_POINT ( 'NONE', #2258 ) ;
#3219 = FACE_OUTER_BOUND ( 'NONE', #1836, .T. ) ;
#3220 = CARTESIAN_POINT ( 'NONE',  ( -2.950000000199992201, 4.100000000000004086, -2.299999999599992240 ) ) ;
#3221 = ORIENTED_EDGE ( 'NONE', *, *, #2339, .T. ) ;
#3222 = CYLINDRICAL_SURFACE ( 'NONE', #132, 0.2500000000000002220 ) ;
#3223 = EDGE_CURVE ( 'NONE', #3617, #3607, #2223, .T. ) ;
#3224 = DIRECTION ( 'NONE',  ( -1.000000000000000000, 0.000000000000000000, 0.000000000000000000 ) ) ;
#3225 = CARTESIAN_POINT ( 'NONE',  ( -10.10000000000000142, 0.2000000000000000111, -2.500000000000000000 ) ) ;
#3226 = VERTEX_POINT ( 'NONE', #1682 ) ;
#3227 = DIRECTION ( 'NONE',  ( 1.000000000000000000, 0.000000000000000000, 0.000000000000000000 ) ) ;
#3228 = CARTESIAN_POINT ( 'NONE',  ( -5.250000000000002665, 4.099999999999993427, -1.049999999999999600 ) ) ;
#3229 = ORIENTED_EDGE ( 'NONE', *, *, #903, .F. ) ;
#3230 = CARTESIAN_POINT ( 'NONE',  ( -5.500000000000001776, 0.2499999999999999445, -3.700000000000000178 ) ) ;
#3231 = FACE_OUTER_BOUND ( 'NONE', #1990, .T. ) ;
#3232 = EDGE_CURVE ( 'NONE', #3319, #1425, #2297, .T. ) ;
#3233 = CARTESIAN_POINT ( 'NONE',  ( -3.325000000000001510, 0.000000000000000000, -0.9000000000000001332 ) ) ;
#3234 = ORIENTED_EDGE ( 'NONE', *, *, #1942, .T. ) ;
#3235 = CIRCLE ( 'NONE', #1799, 0.2500000000000002220 ) ;
#3236 = ORIENTED_EDGE ( 'NONE', *, *, #1272, .T. ) ;
#3237 = DIRECTION ( 'NONE',  ( 0.000000000000000000, 0.000000000000000000, 1.000000000000000000 ) ) ;
#3238 = VECTOR ( 'NONE', #966, 1000.000000000000227 ) ;
#3239 = EDGE_CURVE ( 'NONE', #1285, #3226, #2066, .T. ) ;
#3240 = PRODUCT_DEFINITION ( 'UNKNOWN', '', #3744, #26 ) ;
#3241 = DIRECTION ( 'NONE',  ( -1.000000000000000000, 0.000000000000000000, 0.000000000000000000 ) ) ;
#3242 = CARTESIAN_POINT ( 'NONE',  ( -6.500000000000000888, 0.2500000000000000000, -3.700000000000000178 ) ) ;
#3243 = LINE ( 'NONE', #2291, #823 ) ;
#3244 = FACE_OUTER_BOUND ( 'NONE', #1805, .T. ) ;
#3245 = FACE_OUTER_BOUND ( 'NONE', #176, .T. ) ;
#3246 = VECTOR ( 'NONE', #3042, 1000.000000000000227 ) ;
#3247 = ORIENTED_EDGE ( 'NONE', *, *, #661, .T. ) ;
#3248 = VECTOR ( 'NONE', #3302, 1000.000000000000000 ) ;
#3249 = VECTOR ( 'NONE', #2820, 1000.000000000000000 ) ;
#3250 = CARTESIAN_POINT ( 'NONE',  ( -9.250000000000000000, 4.799999999799999806, -3.100000000000000533 ) ) ;
#3251 = ORIENTED_EDGE ( 'NONE', *, *, #3069, .F. ) ;
#3252 = AXIS2_PLACEMENT_3D ( 'NONE', #376, #3384, #57 ) ;
#3253 = LINE ( 'NONE', #3298, #2719 ) ;
#3254 = ORIENTED_EDGE ( 'NONE', *, *, #1125, .T. ) ;
#3255 = ORIENTED_EDGE ( 'NONE', *, *, #3497, .T. ) ;
#3256 = DIRECTION ( 'NONE',  ( -1.000000000000000000, 0.000000000000000000, 0.000000000000000000 ) ) ;
#3257 = DIRECTION ( 'NONE',  ( -1.000000000000000000, 0.000000000000000000, 0.000000000000000000 ) ) ;
#3258 = EDGE_LOOP ( 'NONE', ( #1407, #3362, #3094, #3095 ) ) ;
#3259 = EDGE_CURVE ( 'NONE', #3156, #2304, #3272, .T. ) ;
#3260 = ORIENTED_EDGE ( 'NONE', *, *, #3355, .T. ) ;
#3261 = CARTESIAN_POINT ( 'NONE',  ( -10.05000000000000249, 3.750000000000000000, -0.5000000000500000041 ) ) ;
#3262 = LINE ( 'NONE', #1416, #736 ) ;
#3263 = ORIENTED_EDGE ( 'NONE', *, *, #3162, .F. ) ;
#3264 = EDGE_CURVE ( 'NONE', #2415, #2873, #3912, .T. ) ;
#3265 = CARTESIAN_POINT ( 'NONE',  ( -8.249999999999998224, 4.299999999999999822, -1.122794046853243799 ) ) ;
#3266 = EDGE_CURVE ( 'NONE', #2957, #1662, #2665, .T. ) ;
#3267 = DIRECTION ( 'NONE',  ( 0.000000000000000000, 1.000000000000000000, 0.000000000000000000 ) ) ;
#3268 = CARTESIAN_POINT ( 'NONE',  ( -9.850000000000001421, 3.750000000000000000, -2.999999999400000839 ) ) ;
#3269 = DIRECTION ( 'NONE',  ( 0.000000000000000000, -1.000000000000000000, -0.000000000000000000 ) ) ;
#3270 = DIRECTION ( 'NONE',  ( -1.000000000000000000, 0.000000000000000000, 0.000000000000000000 ) ) ;
#3271 = DIRECTION ( 'NONE',  ( 0.000000000000000000, -0.9396926207859062075, -0.3420201433256743750 ) ) ;
#3272 = LINE ( 'NONE', #1999, #1200 ) ;
#3273 = EDGE_CURVE ( 'NONE', #243, #925, #3603, .T. ) ;
#3274 = ORIENTED_EDGE ( 'NONE', *, *, #1429, .T. ) ;
#3275 = CARTESIAN_POINT ( 'NONE',  ( -10.49999999999999822, 5.000000000000000888, 0.000000000000000000 ) ) ;
#3276 = ORIENTED_EDGE ( 'NONE', *, *, #3826, .T. ) ;
#3277 = LINE ( 'NONE', #3161, #3175 ) ;
#3278 = ORIENTED_EDGE ( 'NONE', *, *, #1197, .F. ) ;
#3279 = ORIENTED_EDGE ( 'NONE', *, *, #33, .F. ) ;
#3280 = PLANE ( 'NONE',  #1972 ) ;
#3281 = DIRECTION ( 'NONE',  ( -1.000000000000000000, 0.000000000000000000, 0.000000000000000000 ) ) ;
#3282 = PRODUCT_DEFINITION ( 'UNKNOWN', '', #1326, #3595 ) ;
#3283 = SHAPE_DEFINITION_REPRESENTATION ( #3589, #118 ) ;
#3284 = EDGE_CURVE ( 'NONE', #243, #3077, #2441, .T. ) ;
#3285 = DIRECTION ( 'NONE',  ( -1.000000000000000000, 0.000000000000000000, 0.000000000000000000 ) ) ;
#3286 = ORIENTED_EDGE ( 'NONE', *, *, #1363, .T. ) ;
#3287 = ORIENTED_EDGE ( 'NONE', *, *, #2370, .T. ) ;
#3288 = DIRECTION ( 'NONE',  ( -1.000000000000000000, 0.000000000000000000, -0.000000000000000000 ) ) ;
#3289 = DIRECTION ( 'NONE',  ( 1.000000000000000000, 0.000000000000000000, 0.000000000000000000 ) ) ;
#3290 = DIRECTION ( 'NONE',  ( 0.7071067811865414665, 0.7071067811865536790, 0.000000000000000000 ) ) ;
#3291 = DIRECTION ( 'NONE',  ( 0.000000000000000000, 0.000000000000000000, 1.000000000000000000 ) ) ;
#3292 = LINE ( 'NONE', #584, #2547 ) ;
#3293 = EDGE_CURVE ( 'NONE', #1595, #854, #3893, .T. ) ;
#3294 = EDGE_LOOP ( 'NONE', ( #764, #3142, #1632, #284 ) ) ;
#3295 = CARTESIAN_POINT ( 'NONE',  ( -10.05000000000000249, 1.974999999999999867, -0.9999999993000000531 ) ) ;
#3296 = CARTESIAN_POINT ( 'NONE',  ( -10.05000000000000249, 3.750000000000000000, -2.999999999400000839 ) ) ;
#3297 = EDGE_CURVE ( 'NONE', #1291, #2009, #2106, .T. ) ;
#3298 = CARTESIAN_POINT ( 'NONE',  ( -4.250000000000001776, 1.600000000000000311, -1.550000000000000266 ) ) ;
#3299 = ORIENTED_EDGE ( 'NONE', *, *, #2503, .T. ) ;
#3300 = ORIENTED_EDGE ( 'NONE', *, *, #2975, .F. ) ;
#3301 = FACE_OUTER_BOUND ( 'NONE', #2288, .T. ) ;
#3302 = DIRECTION ( 'NONE',  ( 1.000000000000000000, 0.000000000000000000, 0.000000000000000000 ) ) ;
#3303 = DIRECTION ( 'NONE',  ( 1.000000000000000000, 0.000000000000000000, 0.000000000000000000 ) ) ;
#3304 = ORIENTED_EDGE ( 'NONE', *, *, #3488, .F. ) ;
#3305 = VECTOR ( 'NONE', #3269, 1000.000000000000000 ) ;
#3306 = VERTEX_POINT ( 'NONE', #1275 ) ;
#3307 = ORIENTED_EDGE ( 'NONE', *, *, #2323, .F. ) ;
#3308 = AXIS2_PLACEMENT_3D ( 'NONE', #802, #1469, #127 ) ;
#3309 = FACE_OUTER_BOUND ( 'NONE', #214, .T. ) ;
#3310 = DIRECTION ( 'NONE',  ( 0.000000000000000000, 0.000000000000000000, -1.000000000000000000 ) ) ;
#3311 = LINE ( 'NONE', #1909, #1078 ) ;
#3312 = FILL_AREA_STYLE ('',( #3019 ) ) ;
#3313 = CARTESIAN_POINT ( 'NONE',  ( -4.250000000000001776, 2.500000000000000000, -0.9500000002999998694 ) ) ;
#3314 = EDGE_CURVE ( 'NONE', #2873, #2792, #3443, .T. ) ;
#3315 = VECTOR ( 'NONE', #172, 1000.000000000000227 ) ;
#3316 = AXIS2_PLACEMENT_3D ( 'NONE', #2878, #1357, #144 ) ;
#3317 = DIRECTION ( 'NONE',  ( -1.000000000000000000, 0.000000000000000000, 0.000000000000000000 ) ) ;
#3318 = VECTOR ( 'NONE', #1985, 1000.000000000000000 ) ;
#3319 = VERTEX_POINT ( 'NONE', #2540 ) ;
#3320 = CARTESIAN_POINT ( 'NONE',  ( -8.249999999999998224, 4.099999999999993427, -1.300000000000000266 ) ) ;
#3321 = EDGE_CURVE ( 'NONE', #168, #2627, #2253, .T. ) ;
#3322 = EDGE_CURVE ( 'NONE', #1996, #2505, #2013, .T. ) ;
#3323 = FACE_OUTER_BOUND ( 'NONE', #817, .T. ) ;
#3324 = VECTOR ( 'NONE', #3529, 1000.000000000000227 ) ;
#3325 = VECTOR ( 'NONE', #2021, 1000.000000000000227 ) ;
#3326 = LINE ( 'NONE', #2366, #21 ) ;
#3327 = EDGE_LOOP ( 'NONE', ( #1647, #3380, #121, #294, #3559, #2632, #1395, #1673, #2964, #372, #1615, #3260, #779, #203, #1175, #3299, #386, #2271, #2527, #672 ) ) ;
#3328 = VECTOR ( 'NONE', #2695, 1000.000000000000000 ) ;
#3329 = EDGE_LOOP ( 'NONE', ( #1179, #225 ) ) ;
#3330 = STYLED_ITEM ( 'NONE', ( #3153 ), #1538 ) ;
#3331 = ORIENTED_EDGE ( 'NONE', *, *, #2563, .T. ) ;
#3332 = VERTEX_POINT ( 'NONE', #537 ) ;
#3333 = CARTESIAN_POINT ( 'NONE',  ( -10.05000000000000249, 5.000000000000000000, -2.999999999400000839 ) ) ;
#3334 = CARTESIAN_POINT ( 'NONE',  ( -8.503000000000000114, 0.5030000000000000027, -5.200000000000001066 ) ) ;
#3335 = LINE ( 'NONE', #542, #1594 ) ;
#3336 = EDGE_CURVE ( 'NONE', #3570, #1235, #1767, .T. ) ;
#3337 =( NAMED_UNIT ( * ) PLANE_ANGLE_UNIT ( ) SI_UNIT ( $, .RADIAN. ) );
#3338 = CARTESIAN_POINT ( 'NONE',  ( -9.849999999000001338, 0.000000000000000000, -1.850000000000000089 ) ) ;
#3339 = DIRECTION ( 'NONE',  ( -1.000000000000000000, 0.000000000000000000, 0.000000000000000000 ) ) ;
#3340 = EDGE_LOOP ( 'NONE', ( #978, #1643, #2840, #2347 ) ) ;
#3341 =( LENGTH_UNIT ( ) NAMED_UNIT ( * ) SI_UNIT ( .MILLI., .METRE. ) );
#3342 = CARTESIAN_POINT ( 'NONE',  ( -6.750000000000002665, 0.2500000000000000000, -4.999999999999987566 ) ) ;
#3343 = CARTESIAN_POINT ( 'NONE',  ( -10.05000000000000249, 0.7500000000000001110, -2.999999999400000839 ) ) ;
#3344 = ORIENTED_EDGE ( 'NONE', *, *, #3844, .T. ) ;
#3345 = LINE ( 'NONE', #953, #2181 ) ;
#3346 = CARTESIAN_POINT ( 'NONE',  ( -9.850000000000001421, 4.799999999799999806, -0.9000000000000001332 ) ) ;
#3347 = LINE ( 'NONE', #3774, #754 ) ;
#3348 = VERTEX_POINT ( 'NONE', #1976 ) ;
#3349 = CARTESIAN_POINT ( 'NONE',  ( -4.250000000000001776, 4.799999999799999806, -3.100000000000000533 ) ) ;
#3350 = EDGE_CURVE ( 'NONE', #2579, #3820, #3635, .T. ) ;
#3351 = CARTESIAN_POINT ( 'NONE',  ( -9.650000000399998612, 5.000000000000000000, 0.000000000000000000 ) ) ;
#3352 = FACE_OUTER_BOUND ( 'NONE', #3072, .T. ) ;
#3353 = ORIENTED_EDGE ( 'NONE', *, *, #3140, .T. ) ;
#3354 = AXIS2_PLACEMENT_3D ( 'NONE', #91, #1313, #1028 ) ;
#3355 = EDGE_CURVE ( 'NONE', #1929, #1091, #1493, .T. ) ;
#3356 = DIRECTION ( 'NONE',  ( 1.000000000000000000, 0.000000000000000000, -0.000000000000000000 ) ) ;
#3357 = PLANE ( 'NONE',  #2999 ) ;
#3358 = PLANE ( 'NONE',  #996 ) ;
#3359 = ORIENTED_EDGE ( 'NONE', *, *, #2370, .F. ) ;
#3360 = LINE ( 'NONE', #1842, #3487 ) ;
#3361 = DIRECTION ( 'NONE',  ( 0.000000000000000000, 1.000000000000000000, 0.000000000000000000 ) ) ;
#3362 = ORIENTED_EDGE ( 'NONE', *, *, #3293, .F. ) ;
#3363 = CARTESIAN_POINT ( 'NONE',  ( -3.650000000000000355, 4.799999999799999806, -0.9000000000000001332 ) ) ;
#3364 = CARTESIAN_POINT ( 'NONE',  ( -10.50000000000000000, 2.500000000000000000, -3.700000000000000178 ) ) ;
#3365 = ADVANCED_FACE ( 'NONE', ( #3194 ), #676, .T. ) ;
#3366 = CARTESIAN_POINT ( 'NONE',  ( -9.850000000000001421, 4.800000000400000744, -0.5000000000500000041 ) ) ;
#3367 = DIRECTION ( 'NONE',  ( 0.000000000000000000, 0.000000000000000000, -1.000000000000000000 ) ) ;
#3368 = ORIENTED_EDGE ( 'NONE', *, *, #3264, .F. ) ;
#3369 = EDGE_CURVE ( 'NONE', #1289, #3512, #173, .T. ) ;
#3370 = ORIENTED_EDGE ( 'NONE', *, *, #566, .T. ) ;
#3371 = DIRECTION ( 'NONE',  ( 0.000000000000000000, 1.000000000000000000, 0.000000000000000000 ) ) ;
#3372 = EDGE_CURVE ( 'NONE', #49, #2917, #3004, .T. ) ;
#3373 = AXIS2_PLACEMENT_3D ( 'NONE', #35, #2442, #1226 ) ;
#3374 = DIRECTION ( 'NONE',  ( 0.000000000000000000, 0.000000000000000000, 1.000000000000000000 ) ) ;
#3375 = PLANE ( 'NONE',  #1950 ) ;
#3376 = VECTOR ( 'NONE', #3085, 1000.000000000000000 ) ;
#3377 = FACE_OUTER_BOUND ( 'NONE', #2224, .T. ) ;
#3378 = ORIENTED_EDGE ( 'NONE', *, *, #1957, .T. ) ;
#3379 = CARTESIAN_POINT ( 'NONE',  ( -5.250000000000002665, 0.2500000000000000000, -5.200000000000001066 ) ) ;
#3380 = ORIENTED_EDGE ( 'NONE', *, *, #2965, .F. ) ;
#3381 = COLOUR_RGB ( '',0.7960784313725489669, 0.8235294117647058432, 0.9372549019607843146 ) ;
#3382 = CARTESIAN_POINT ( 'NONE',  ( -3.650000000000000355, 4.800000000400000744, -0.9500000000000000666 ) ) ;
#3383 = DIRECTION ( 'NONE',  ( -1.000000000000000000, 0.000000000000000000, 0.000000000000000000 ) ) ;
#3384 = DIRECTION ( 'NONE',  ( 0.000000000000000000, 0.000000000000000000, 1.000000000000000000 ) ) ;
#3385 = AXIS2_PLACEMENT_3D ( 'NONE', #2888, #3778, #408 ) ;
#3386 = PRODUCT ( 'B3B-ZR-SM4-TF', 'B3B-ZR-SM4-TF', '', ( #2696 ) ) ;
#3387 = CIRCLE ( 'NONE', #1661, 0.05000000000000012768 ) ;
#3388 = PLANE ( 'NONE',  #3674 ) ;
#3389 = VECTOR ( 'NONE', #2305, 1000.000000000000000 ) ;
#3390 = VECTOR ( 'NONE', #2068, 1000.000000000000000 ) ;
#3391 = DIRECTION ( 'NONE',  ( 0.000000000000000000, 0.000000000000000000, 1.000000000000000000 ) ) ;
#3392 = EDGE_LOOP ( 'NONE', ( #656, #1102, #2310, #1467 ) ) ;
#3393 = PRODUCT_DEFINITION_FORMATION_WITH_SPECIFIED_SOURCE ( 'ANY', '', #1573, .NOT_KNOWN. ) ;
#3394 = ORIENTED_EDGE ( 'NONE', *, *, #941, .F. ) ;
#3395 = EDGE_CURVE ( 'NONE', #2883, #2510, #1561, .T. ) ;
#3396 = VERTEX_POINT ( 'NONE', #2959 ) ;
#3397 = ADVANCED_FACE ( 'NONE', ( #2647 ), #2628, .F. ) ;
#3398 = LINE ( 'NONE', #2494, #1103 ) ;
#3399 = DIRECTION ( 'NONE',  ( 0.7071067811865414665, -0.7071067811865536790, 0.000000000000000000 ) ) ;
#3400 = ORIENTED_EDGE ( 'NONE', *, *, #1709, .F. ) ;
#3401 = DIRECTION ( 'NONE',  ( 0.000000000000000000, 0.000000000000000000, 1.000000000000000000 ) ) ;
#3402 = DIRECTION ( 'NONE',  ( 0.5773502691896290617, -0.5773502691896189587, -0.5773502691896290617 ) ) ;
#3403 =( LENGTH_UNIT ( ) NAMED_UNIT ( * ) SI_UNIT ( .MILLI., .METRE. ) );
#3404 = DIRECTION ( 'NONE',  ( 0.000000000000000000, 0.000000000000000000, 1.000000000000000000 ) ) ;
#3405 = VERTEX_POINT ( 'NONE', #3586 ) ;
#3406 = UNCERTAINTY_MEASURE_WITH_UNIT (LENGTH_MEASURE( 1.000000000000000082E-05 ), #3525, 'distance_accuracy_value', 'NONE');
#3407 = ORIENTED_EDGE ( 'NONE', *, *, #3321, .T. ) ;
#3408 = ORIENTED_EDGE ( 'NONE', *, *, #3076, .T. ) ;
#3409 = CARTESIAN_POINT ( 'NONE',  ( -3.449999999999999734, 0.7500000000000001110, -2.600000000000000089 ) ) ;
#3410 = AXIS2_PLACEMENT_3D ( 'NONE', #3702, #3624, #1213 ) ;
#3411 = MECHANICAL_DESIGN_GEOMETRIC_PRESENTATION_REPRESENTATION (  '', ( #3834 ), #1039 ) ;
#3412 = ORIENTED_EDGE ( 'NONE', *, *, #2449, .T. ) ;
#3413 = EDGE_CURVE ( 'NONE', #3763, #3614, #2324, .T. ) ;
#3414 = LINE ( 'NONE', #1862, #1100 ) ;
#3415 = ORIENTED_EDGE ( 'NONE', *, *, #3669, .F. ) ;
#3416 = LINE ( 'NONE', #1569, #1924 ) ;
#3417 = EDGE_CURVE ( 'NONE', #1235, #2137, #79, .T. ) ;
#3418 = PLANE ( 'NONE',  #64 ) ;
#3419 = LINE ( 'NONE', #1628, #3315 ) ;
#3420 = ORIENTED_EDGE ( 'NONE', *, *, #534, .T. ) ;
#3421 =( LENGTH_UNIT ( ) NAMED_UNIT ( * ) SI_UNIT ( .MILLI., .METRE. ) );
#3422 = ORIENTED_EDGE ( 'NONE', *, *, #3776, .T. ) ;
#3423 = VECTOR ( 'NONE', #1601, 1000.000000000000000 ) ;
#3424 = VECTOR ( 'NONE', #2362, 1000.000000000000000 ) ;
#3425 = DIRECTION ( 'NONE',  ( 0.000000000000000000, 0.000000000000000000, -1.000000000000000000 ) ) ;
#3426 = ORIENTED_EDGE ( 'NONE', *, *, #989, .F. ) ;
#3427 = DIRECTION ( 'NONE',  ( 1.000000000000000000, 0.000000000000000000, 0.000000000000000000 ) ) ;
#3428 = ORIENTED_EDGE ( 'NONE', *, *, #1913, .T. ) ;
#3429 = ADVANCED_BREP_SHAPE_REPRESENTATION ( '', ( #327, #1676, #317, #1638, #2916, #1624, #2944, #1545, #1018 ), #3074 ) ;
#3430 = VECTOR ( 'NONE', #83, 1000.000000000000000 ) ;
#3431 = CIRCLE ( 'NONE', #3684, 0.2500000000000000000 ) ;
#3432 = ADVANCED_FACE ( 'NONE', ( #2026 ), #3542, .F. ) ;
#3433 = EDGE_CURVE ( 'NONE', #921, #1368, #529, .T. ) ;
#3434 = CARTESIAN_POINT ( 'NONE',  ( 0.000000000000000000, 0.000000000000000000, -3.700000000000000178 ) ) ;
#3435 = CIRCLE ( 'NONE', #1201, 0.2500000000000002220 ) ;
#3436 = VECTOR ( 'NONE', #3256, 1000.000000000000000 ) ;
#3437 = AXIS2_PLACEMENT_3D ( 'NONE', #1244, #1607, #951 ) ;
#3438 = EDGE_LOOP ( 'NONE', ( #3541, #3011, #1380, #1563 ) ) ;
#3439 = DIRECTION ( 'NONE',  ( 0.000000000000000000, 0.000000000000000000, -1.000000000000000000 ) ) ;
#3440 = CONICAL_SURFACE ( 'NONE', #652, 0.1772059531467574112, 0.3490658503988557371 ) ;
#3441 = ORIENTED_EDGE ( 'NONE', *, *, #841, .T. ) ;
#3442 = EDGE_LOOP ( 'NONE', ( #3696, #3236, #2646, #126 ) ) ;
#3443 = LINE ( 'NONE', #401, #273 ) ;
#3444 = EDGE_CURVE ( 'NONE', #3763, #3508, #897, .T. ) ;
#3445 = DIRECTION ( 'NONE',  ( -1.000000000000000000, 0.000000000000000000, 0.000000000000000000 ) ) ;
#3446 = CARTESIAN_POINT ( 'NONE',  ( -3.650000000000000355, 5.000000000000000000, -0.5000000000500000041 ) ) ;
#3447 = ORIENTED_EDGE ( 'NONE', *, *, #2503, .F. ) ;
#3448 = CARTESIAN_POINT ( 'NONE',  ( -3.249999999799996431, 5.000000000000000000, -2.999999999400000839 ) ) ;
#3449 = CARTESIAN_POINT ( 'NONE',  ( -3.400000000000000355, 0.2000000000000000111, -1.000000000000000000 ) ) ;
#3450 = ADVANCED_FACE ( 'NONE', ( #884 ), #1757, .T. ) ;
#3451 = PLANE ( 'NONE',  #454 ) ;
#3452 =( NAMED_UNIT ( * ) SI_UNIT ( $, .STERADIAN. ) SOLID_ANGLE_UNIT ( ) );
#3453 = LINE ( 'NONE', #3465, #2035 ) ;
#3454 = ORIENTED_EDGE ( 'NONE', *, *, #2248, .F. ) ;
#3455 = ORIENTED_EDGE ( 'NONE', *, *, #1515, .T. ) ;
#3456 = EDGE_CURVE ( 'NONE', #2957, #2615, #2940, .T. ) ;
#3457 = EDGE_CURVE ( 'NONE', #1945, #2584, #3880, .T. ) ;
#3458 = DIRECTION ( 'NONE',  ( -4.336808689942013299E-16, 1.000000000000000000, 0.000000000000000000 ) ) ;
#3459 = ORIENTED_EDGE ( 'NONE', *, *, #129, .F. ) ;
#3460 = CARTESIAN_POINT ( 'NONE',  ( -9.449999999600002809, 5.000000000000000000, 0.000000000000000000 ) ) ;
#3461 = DIRECTION ( 'NONE',  ( 0.000000000000000000, 0.000000000000000000, 1.000000000000000000 ) ) ;
#3462 = ORIENTED_EDGE ( 'NONE', *, *, #3321, .F. ) ;
#3463 = FACE_OUTER_BOUND ( 'NONE', #2875, .T. ) ;
#3464 = CARTESIAN_POINT ( 'NONE',  ( 10.50000000000000000, 5.000000000000000000, 0.000000000000000000 ) ) ;
#3465 = CARTESIAN_POINT ( 'NONE',  ( 10.50000000000000000, 5.000000000000000000, -3.300000000200004280 ) ) ;
#3466 = VERTEX_POINT ( 'NONE', #2383 ) ;
#3467 = EDGE_CURVE ( 'NONE', #956, #3112, #2931, .T. ) ;
#3468 = FACE_OUTER_BOUND ( 'NONE', #1523, .T. ) ;
#3469 = ORIENTED_EDGE ( 'NONE', *, *, #3835, .F. ) ;
#3470 = EDGE_CURVE ( 'NONE', #3666, #2077, #1703, .T. ) ;
#3471 = ADVANCED_FACE ( 'NONE', ( #503 ), #2693, .T. ) ;
#3472 = ORIENTED_EDGE ( 'NONE', *, *, #1015, .T. ) ;
#3473 = DIRECTION ( 'NONE',  ( 0.000000000000000000, 1.000000000000000000, 0.000000000000000000 ) ) ;
#3474 = CARTESIAN_POINT ( 'NONE',  ( -5.250000000000000888, 0.2500000000000000000, -3.700000000000000178 ) ) ;
#3475 = ORIENTED_EDGE ( 'NONE', *, *, #129, .T. ) ;
#3476 = DIRECTION ( 'NONE',  ( 0.000000000000000000, 0.000000000000000000, 1.000000000000000000 ) ) ;
#3477 = VECTOR ( 'NONE', #3044, 1000.000000000000000 ) ;
#3478 = ORIENTED_EDGE ( 'NONE', *, *, #1654, .T. ) ;
#3479 = CARTESIAN_POINT ( 'NONE',  ( -5.250000000000002665, 0.2500000000000000000, -4.999999999999987566 ) ) ;
#3480 = CARTESIAN_POINT ( 'NONE',  ( -3.000000000000000888, 5.000000000000000000, -0.4750000000000000333 ) ) ;
#3481 = AXIS2_PLACEMENT_3D ( 'NONE', #2620, #1105, #1697 ) ;
#3482 = CARTESIAN_POINT ( 'NONE',  ( -10.09999999999999787, 0.000000000000000000, -0.9999999989999993621 ) ) ;
#3483 = VECTOR ( 'NONE', #516, 1000.000000000000000 ) ;
#3484 = EDGE_CURVE ( 'NONE', #960, #353, #481, .T. ) ;
#3485 = CARTESIAN_POINT ( 'NONE',  ( -5.250000000000002665, 0.2500000000000000000, -4.999999999999987566 ) ) ;
#3486 = ORIENTED_EDGE ( 'NONE', *, *, #2971, .F. ) ;
#3487 = VECTOR ( 'NONE', #1188, 1000.000000000000000 ) ;
#3488 = EDGE_CURVE ( 'NONE', #2792, #115, #1388, .T. ) ;
#3489 = VECTOR ( 'NONE', #3899, 1000.000000000000000 ) ;
#3490 = DIRECTION ( 'NONE',  ( 1.000000000000000000, 0.000000000000000000, 0.000000000000000000 ) ) ;
#3491 = CARTESIAN_POINT ( 'NONE',  ( -3.650000001000000882, 0.000000000000000000, -1.850000000000000089 ) ) ;
#3492 = ORIENTED_EDGE ( 'NONE', *, *, #2488, .T. ) ;
#3493 = PLANE ( 'NONE',  #1726 ) ;
#3494 = AXIS2_PLACEMENT_3D ( 'NONE', #836, #1453, #242 ) ;
#3495 = VECTOR ( 'NONE', #768, 1000.000000000000227 ) ;
#3496 = LINE ( 'NONE', #3768, #1371 ) ;
#3497 = EDGE_CURVE ( 'NONE', #3028, #2542, #795, .T. ) ;
#3498 = CARTESIAN_POINT ( 'NONE',  ( -9.850000000000001421, 3.200000000000000178, -1.750000000000000444 ) ) ;
#3499 = CARTESIAN_POINT ( 'NONE',  ( -10.24999999960000530, 5.000000000000000000, -0.9000000000000001332 ) ) ;
#3500 = DIRECTION ( 'NONE',  ( -0.000000000000000000, -1.000000000000000000, -0.000000000000000000 ) ) ;
#3501 = LINE ( 'NONE', #3351, #2610 ) ;
#3502 = EDGE_CURVE ( 'NONE', #2316, #2789, #2698, .T. ) ;
#3503 = ORIENTED_EDGE ( 'NONE', *, *, #479, .F. ) ;
#3504 = LINE ( 'NONE', #2025, #1541 ) ;
#3505 = LINE ( 'NONE', #67, #3925 ) ;
#3506 = DIRECTION ( 'NONE',  ( -1.000000000000000222, -7.285838599102593494E-17, -3.885780586188047891E-16 ) ) ;
#3507 = ORIENTED_EDGE ( 'NONE', *, *, #1224, .F. ) ;
#3508 = VERTEX_POINT ( 'NONE', #863 ) ;
#3509 = EDGE_CURVE ( 'NONE', #714, #3777, #3501, .T. ) ;
#3510 = DIRECTION ( 'NONE',  ( 0.000000000000000000, 0.000000000000000000, 1.000000000000000000 ) ) ;
#3511 = CARTESIAN_POINT ( 'NONE',  ( -5.500000000000003553, 0.2500000000000000000, -4.999999999999987566 ) ) ;
#3512 = VERTEX_POINT ( 'NONE', #3024 ) ;
#3513 = DIRECTION ( 'NONE',  ( 0.000000000000000000, 0.000000000000000000, 1.000000000000000000 ) ) ;
#3514 = DIRECTION ( 'NONE',  ( -8.673617379884026597E-16, 0.000000000000000000, -1.000000000000000000 ) ) ;
#3515 = CARTESIAN_POINT ( 'NONE',  ( -9.249999999999998224, 4.799999999799999806, -1.749999999899999548 ) ) ;
#3516 = ORIENTED_EDGE ( 'NONE', *, *, #2184, .F. ) ;
#3517 = CARTESIAN_POINT ( 'NONE',  ( -3.449999999999999734, 4.800000000400000744, -0.9000000000000001332 ) ) ;
#3518 = ORIENTED_EDGE ( 'NONE', *, *, #2017, .F. ) ;
#3519 = LINE ( 'NONE', #2023, #890 ) ;
#3520 = ADVANCED_FACE ( 'NONE', ( #326 ), #3451, .F. ) ;
#3521 = CARTESIAN_POINT ( 'NONE',  ( 9.250000000000000000, 4.800000000400000744, -0.4000000000000000222 ) ) ;
#3522 = COLOUR_RGB ( '',1.000000000000000000, 1.000000000000000000, 1.000000000000000000 ) ;
#3523 = DIRECTION ( 'NONE',  ( -0.5773502691896290617, -0.5773502691896189587, 0.5773502691896290617 ) ) ;
#3524 = EDGE_CURVE ( 'NONE', #1198, #1926, #1732, .T. ) ;
#3525 =( LENGTH_UNIT ( ) NAMED_UNIT ( * ) SI_UNIT ( .MILLI., .METRE. ) );
#3526 = FACE_OUTER_BOUND ( 'NONE', #2515, .T. ) ;
#3527 = APPLICATION_CONTEXT ( 'automotive_design' ) ;
#3528 = ORIENTED_EDGE ( 'NONE', *, *, #3524, .T. ) ;
#3529 = DIRECTION ( 'NONE',  ( 0.5773502691896290617, -0.5773502691896189587, 0.5773502691896290617 ) ) ;
#3530 = CARTESIAN_POINT ( 'NONE',  ( -10.05000000000000249, 0.7500000000000001110, -0.8999999999999998002 ) ) ;
#3531 = PLANE ( 'NONE',  #3809 ) ;
#3532 = CARTESIAN_POINT ( 'NONE',  ( -5.250000000000002665, 4.099999999999993427, -1.300000000000000266 ) ) ;
#3533 = DIRECTION ( 'NONE',  ( 0.000000000000000000, 0.000000000000000000, 1.000000000000000000 ) ) ;
#3534 = CARTESIAN_POINT ( 'NONE',  ( -6.750000000000000888, 0.2500000000000000000, -3.700000000000000178 ) ) ;
#3535 = EDGE_LOOP ( 'NONE', ( #771, #1761, #1435, #497 ) ) ;
#3536 = DIRECTION ( 'NONE',  ( 0.000000000000000000, -1.000000000000000000, 0.000000000000000000 ) ) ;
#3537 = ORIENTED_EDGE ( 'NONE', *, *, #509, .T. ) ;
#3538 = LINE ( 'NONE', #809, #2174 ) ;
#3539 = AXIS2_PLACEMENT_3D ( 'NONE', #1273, #2204, #456 ) ;
#3540 = ADVANCED_FACE ( 'NONE', ( #1433 ), #1781, .T. ) ;
#3541 = ORIENTED_EDGE ( 'NONE', *, *, #3810, .T. ) ;
#3542 = PLANE ( 'NONE',  #2302 ) ;
#3543 = VECTOR ( 'NONE', #3513, 1000.000000000000000 ) ;
#3544 = LINE ( 'NONE', #3630, #3741 ) ;
#3545 =( LENGTH_UNIT ( ) NAMED_UNIT ( * ) SI_UNIT ( .MILLI., .METRE. ) );
#3546 = EDGE_CURVE ( 'NONE', #3883, #3722, #3922, .T. ) ;
#3547 = VECTOR ( 'NONE', #3427, 1000.000000000000000 ) ;
#3548 = ORIENTED_EDGE ( 'NONE', *, *, #1366, .T. ) ;
#3549 = EDGE_CURVE ( 'NONE', #2472, #1475, #3326, .T. ) ;
#3550 = ORIENTED_EDGE ( 'NONE', *, *, #3645, .T. ) ;
#3551 = CARTESIAN_POINT ( 'NONE',  ( -3.650000000000000355, 0.000000000000000000, -2.600000000000000533 ) ) ;
#3552 = DIRECTION ( 'NONE',  ( -0.000000000000000000, -1.000000000000000000, -0.000000000000000000 ) ) ;
#3553 = LINE ( 'NONE', #2863, #1596 ) ;
#3554 = CARTESIAN_POINT ( 'NONE',  ( -3.449999999999999734, 5.000000000000000000, -2.999999999400000839 ) ) ;
#3555 = FACE_OUTER_BOUND ( 'NONE', #281, .T. ) ;
#3556 = AXIS2_PLACEMENT_3D ( 'NONE', #1593, #3045, #77 ) ;
#3557 = VECTOR ( 'NONE', #2624, 1000.000000000000000 ) ;
#3558 = LINE ( 'NONE', #251, #1626 ) ;
#3559 = ORIENTED_EDGE ( 'NONE', *, *, #1216, .F. ) ;
#3560 = AXIS2_PLACEMENT_3D ( 'NONE', #2279, #3476, #2703 ) ;
#3561 = CARTESIAN_POINT ( 'NONE',  ( -9.649999999799996786, 5.000000000000000000, -1.950000000200003969 ) ) ;
#3562 = MECHANICAL_DESIGN_GEOMETRIC_PRESENTATION_REPRESENTATION (  '', ( #347 ), #504 ) ;
#3563 = LINE ( 'NONE', #1554, #1253 ) ;
#3564 = CARTESIAN_POINT ( 'NONE',  ( -7.000000000000000888, 1.899999999999999911, -1.300000000000000266 ) ) ;
#3565 = AXIS2_PLACEMENT_3D ( 'NONE', #1035, #3819, #2630 ) ;
#3566 = DIRECTION ( 'NONE',  ( 0.000000000000000000, 0.000000000000000000, 1.000000000000000000 ) ) ;
#3567 = VERTEX_POINT ( 'NONE', #1759 ) ;
#3568 = LINE ( 'NONE', #1098, #1317 ) ;
#3569 = EDGE_LOOP ( 'NONE', ( #510, #2502 ) ) ;
#3570 = VERTEX_POINT ( 'NONE', #2403 ) ;
#3571 = ORIENTED_EDGE ( 'NONE', *, *, #677, .F. ) ;
#3572 = FACE_OUTER_BOUND ( 'NONE', #133, .T. ) ;
#3573 = LINE ( 'NONE', #557, #387 ) ;
#3574 = CARTESIAN_POINT ( 'NONE',  ( -5.500000000000003553, 4.099999999999993427, -1.300000000000000266 ) ) ;
#3575 = DIRECTION ( 'NONE',  ( -0.000000000000000000, -0.7071067811865536790, -0.7071067811865414665 ) ) ;
#3576 = EDGE_CURVE ( 'NONE', #2710, #2444, #223, .T. ) ;
#3577 = DIRECTION ( 'NONE',  ( 0.000000000000000000, 1.000000000000000000, 0.000000000000000000 ) ) ;
#3578 = CARTESIAN_POINT ( 'NONE',  ( -3.250000000399997369, 5.000000000000000000, -0.9000000000000001332 ) ) ;
#3579 = ORIENTED_EDGE ( 'NONE', *, *, #38, .F. ) ;
#3580 = CARTESIAN_POINT ( 'NONE',  ( -9.549999999999998934, 3.200000000000000178, -0.9500000000000000666 ) ) ;
#3581 = FILL_AREA_STYLE_COLOUR ( '', #2423 ) ;
#3582 = DIRECTION ( 'NONE',  ( 0.000000000000000000, 0.000000000000000000, 1.000000000000000000 ) ) ;
#3583 = VERTEX_POINT ( 'NONE', #839 ) ;
#3584 = LINE ( 'NONE', #1115, #2924 ) ;
#3585 = CARTESIAN_POINT ( 'NONE',  ( -3.516666666666667940, 4.733333333133333376, -2.933333332733333076 ) ) ;
#3586 = CARTESIAN_POINT ( 'NONE',  ( -3.250000000399997369, 5.000000000000000000, -0.3000000004499972506 ) ) ;
#3587 = FACE_OUTER_BOUND ( 'NONE', #1952, .T. ) ;
#3588 = LINE ( 'NONE', #887, #2433 ) ;
#3589 = PRODUCT_DEFINITION_SHAPE ( 'NONE', 'NONE',  #3240 ) ;
#3590 = DIRECTION ( 'NONE',  ( 1.000000000000000000, 0.000000000000000000, 0.000000000000000000 ) ) ;
#3591 = COLOUR_RGB ( '',0.7960784313725489669, 0.8235294117647058432, 0.9372549019607843146 ) ;
#3592 = EDGE_CURVE ( 'NONE', #1210, #2607, #3588, .T. ) ;
#3593 = LINE ( 'NONE', #1535, #3169 ) ;
#3594 = VERTEX_POINT ( 'NONE', #573 ) ;
#3595 = PRODUCT_DEFINITION_CONTEXT ( 'detailed design', #478, 'design' ) ;
#3596 = ORIENTED_EDGE ( 'NONE', *, *, #1677, .F. ) ;
#3597 = EDGE_CURVE ( 'NONE', #1276, #2371, #1807, .T. ) ;
#3598 = CARTESIAN_POINT ( 'NONE',  ( -3.400000000000000355, 0.2500000000000000000, -3.700000000000000178 ) ) ;
#3599 = DIRECTION ( 'NONE',  ( 1.000000000000000000, 0.000000000000000000, 0.000000000000000000 ) ) ;
#3600 = DIRECTION ( 'NONE',  ( 1.000000000000000000, 0.000000000000000000, 0.000000000000000000 ) ) ;
#3601 = EDGE_CURVE ( 'NONE', #1376, #2917, #3544, .T. ) ;
#3602 = CARTESIAN_POINT ( 'NONE',  ( -3.849999999600003164, 5.000000000000000000, 0.000000000000000000 ) ) ;
#3603 = LINE ( 'NONE', #3079, #3737 ) ;
#3604 = PLANE ( 'NONE',  #2858 ) ;
#3605 = FILL_AREA_STYLE_COLOUR ( '', #1600 ) ;
#3606 = LINE ( 'NONE', #195, #2786 ) ;
#3607 = VERTEX_POINT ( 'NONE', #1828 ) ;
#3608 = VERTEX_POINT ( 'NONE', #3022 ) ;
#3609 = CARTESIAN_POINT ( 'NONE',  ( -8.249999999999998224, 0.2500000000000000000, -5.200000000000001066 ) ) ;
#3610 = DIRECTION ( 'NONE',  ( 1.000000000000000000, 0.000000000000000000, 0.000000000000000000 ) ) ;
#3611 = ORIENTED_EDGE ( 'NONE', *, *, #2295, .T. ) ;
#3612 = DIRECTION ( 'NONE',  ( -0.000000000000000000, -0.000000000000000000, 1.000000000000000000 ) ) ;
#3613 = ITEM_DEFINED_TRANSFORMATION ( 'NONE', 'NONE', #3012,  #1018 ) ;
#3614 = VERTEX_POINT ( 'NONE', #1193 ) ;
#3615 = LINE ( 'NONE', #329, #1462 ) ;
#3616 = VECTOR ( 'NONE', #3155, 1000.000000000000000 ) ;
#3617 = VERTEX_POINT ( 'NONE', #3840 ) ;
#3618 = VECTOR ( 'NONE', #2176, 1000.000000000000000 ) ;
#3619 = DIRECTION ( 'NONE',  ( 1.000000000000000000, 0.000000000000000000, 0.000000000000000000 ) ) ;
#3620 = DIRECTION ( 'NONE',  ( 0.000000000000000000, -1.000000000000000000, -0.000000000000000000 ) ) ;
#3621 = SURFACE_STYLE_USAGE ( .BOTH. , #3676 ) ;
#3622 = CONICAL_SURFACE ( 'NONE', #2849, 0.1772059531467563287, 0.3490658503988719463 ) ;
#3623 = ADVANCED_FACE ( 'NONE', ( #1509 ), #814, .F. ) ;
#3624 = DIRECTION ( 'NONE',  ( 0.000000000000000000, 0.000000000000000000, -1.000000000000000000 ) ) ;
#3625 = VECTOR ( 'NONE', #2134, 1000.000000000000000 ) ;
#3626 = ORIENTED_EDGE ( 'NONE', *, *, #1489, .F. ) ;
#3627 = CARTESIAN_POINT ( 'NONE',  ( -9.850000000000001421, 0.7500000000000001110, -0.5000000000499998931 ) ) ;
#3628 = CIRCLE ( 'NONE', #1882, 0.2500000000000002220 ) ;
#3629 = CONICAL_SURFACE ( 'NONE', #3694, 0.1772059531467563287, 0.3490658503988719463 ) ;
#3630 = CARTESIAN_POINT ( 'NONE',  ( -7.000000000000000888, 0.2499999999999999445, -3.700000000000000178 ) ) ;
#3631 = CONTEXT_DEPENDENT_SHAPE_REPRESENTATION ( #2046, #3029 ) ;
#3632 = ORIENTED_EDGE ( 'NONE', *, *, #879, .F. ) ;
#3633 =( NAMED_UNIT ( * ) PLANE_ANGLE_UNIT ( ) SI_UNIT ( $, .RADIAN. ) );
#3634 = EDGE_CURVE ( 'NONE', #1038, #1174, #1412, .T. ) ;
#3635 = LINE ( 'NONE', #2389, #1465 ) ;
#3636 = CARTESIAN_POINT ( 'NONE',  ( -6.750000000000002665, 0.2500000000000000000, -5.200000000000001066 ) ) ;
#3637 = PLANE ( 'NONE',  #2428 ) ;
#3638 = CARTESIAN_POINT ( 'NONE',  ( -10.05000000000000249, 4.800000000400000744, -0.5000000000500000041 ) ) ;
#3639 = DIRECTION ( 'NONE',  ( 0.000000000000000000, 1.000000000000000000, 0.000000000000000000 ) ) ;
#3640 = ORIENTED_EDGE ( 'NONE', *, *, #3456, .F. ) ;
#3641 = CARTESIAN_POINT ( 'NONE',  ( -3.650000000666666633, 3.750000000000000000, -2.600000000133333877 ) ) ;
#3642 = FACE_OUTER_BOUND ( 'NONE', #2937, .T. ) ;
#3643 = CARTESIAN_POINT ( 'NONE',  ( -10.17500000000000071, 0.000000000000000000, -0.9000000000000001332 ) ) ;
#3644 = ORIENTED_EDGE ( 'NONE', *, *, #179, .F. ) ;
#3645 = EDGE_CURVE ( 'NONE', #525, #3906, #3695, .T. ) ;
#3646 = DIRECTION ( 'NONE',  ( 1.000000000000000000, -0.000000000000000000, -0.000000000000000000 ) ) ;
#3647 = VERTEX_POINT ( 'NONE', #2027 ) ;
#3648 = CARTESIAN_POINT ( 'NONE',  ( -3.449999999999999734, 4.799999999799999806, -2.600000000100000097 ) ) ;
#3649 = DIRECTION ( 'NONE',  ( 0.3420201433256591095, -4.188538737676874668E-17, 0.9396926207859117586 ) ) ;
#3650 = FACE_OUTER_BOUND ( 'NONE', #84, .T. ) ;
#3651 = CLOSED_SHELL ( 'NONE', ( #453, #109, #1967, #178, #2365, #130 ) ) ;
#3652 = EDGE_CURVE ( 'NONE', #3583, #2256, #530, .T. ) ;
#3653 = CARTESIAN_POINT ( 'NONE',  ( -6.750000000000000888, 0.2500000000000000000, -3.700000000000000178 ) ) ;
#3654 = PRODUCT_RELATED_PRODUCT_CATEGORY ( 'part', '', ( #3386 ) ) ;
#3655 = CARTESIAN_POINT ( 'NONE',  ( -10.05000000000000249, 4.799999999799999806, -2.999999999400000839 ) ) ;
#3656 = ORIENTED_EDGE ( 'NONE', *, *, #879, .T. ) ;
#3657 = CIRCLE ( 'NONE', #103, 0.2500000000000000000 ) ;
#3658 = ORIENTED_EDGE ( 'NONE', *, *, #3715, .T. ) ;
#3659 = FACE_OUTER_BOUND ( 'NONE', #1481, .T. ) ;
#3660 = CARTESIAN_POINT ( 'NONE',  ( -3.650000000666666633, 3.750000000000000000, -2.600000000133333877 ) ) ;
#3661 = CARTESIAN_POINT ( 'NONE',  ( -9.850000000000001421, 3.200000000000000178, -0.9500000000000000666 ) ) ;
#3662 = VERTEX_POINT ( 'NONE', #1134 ) ;
#3663 = DIRECTION ( 'NONE',  ( 1.000000000000000000, 0.000000000000000000, 0.000000000000000000 ) ) ;
#3664 = EDGE_CURVE ( 'NONE', #146, #49, #910, .T. ) ;
#3665 = CARTESIAN_POINT ( 'NONE',  ( -3.449999999999999734, 0.7500000000000001110, -0.9500000000000000666 ) ) ;
#3666 = VERTEX_POINT ( 'NONE', #653 ) ;
#3667 = CARTESIAN_POINT ( 'NONE',  ( -3.050000000000000711, 0.3750000000000000555, -1.000000000000000000 ) ) ;
#3668 = LINE ( 'NONE', #938, #3618 ) ;
#3669 = EDGE_CURVE ( 'NONE', #2627, #800, #3043, .T. ) ;
#3670 = EDGE_CURVE ( 'NONE', #3567, #702, #3628, .T. ) ;
#3671 = ORIENTED_EDGE ( 'NONE', *, *, #147, .F. ) ;
#3672 = DIRECTION ( 'NONE',  ( 0.000000000000000000, 0.000000000000000000, -1.000000000000000000 ) ) ;
#3673 = ORIENTED_EDGE ( 'NONE', *, *, #1040, .T. ) ;
#3674 = AXIS2_PLACEMENT_3D ( 'NONE', #76, #349, #2761 ) ;
#3675 = EDGE_CURVE ( 'NONE', #2137, #832, #1888, .T. ) ;
#3676 = SURFACE_SIDE_STYLE ('',( #9 ) ) ;
#3677 = AXIS2_PLACEMENT_3D ( 'NONE', #2699, #3904, #2405 ) ;
#3678 = ORIENTED_EDGE ( 'NONE', *, *, #636, .F. ) ;
#3679 = VECTOR ( 'NONE', #2585, 1000.000000000000000 ) ;
#3680 = DIRECTION ( 'NONE',  ( 4.188538737677060174E-17, -0.9396926207859062075, 0.3420201433256743750 ) ) ;
#3681 = DIRECTION ( 'NONE',  ( -0.000000000000000000, 0.7071067811865414665, -0.7071067811865536790 ) ) ;
#3682 = ORIENTED_EDGE ( 'NONE', *, *, #2910, .F. ) ;
#3683 = AXIS2_PLACEMENT_3D ( 'NONE', #3485, #2555, #1670 ) ;
#3684 = AXIS2_PLACEMENT_3D ( 'NONE', #3532, #3746, #1043 ) ;
#3685 = ORIENTED_EDGE ( 'NONE', *, *, #1591, .F. ) ;
#3686 = ADVANCED_FACE ( 'NONE', ( #958 ), #1920, .T. ) ;
#3687 = DIRECTION ( 'NONE',  ( -1.000000000000000000, 0.000000000000000000, 0.000000000000000000 ) ) ;
#3688 = DIRECTION ( 'NONE',  ( 8.673617379884026597E-16, 0.000000000000000000, -1.000000000000000000 ) ) ;
#3689 = VECTOR ( 'NONE', #2382, 1000.000000000000000 ) ;
#3690 = AXIS2_PLACEMENT_3D ( 'NONE', #3757, #2267, #2869 ) ;
#3691 = ORIENTED_EDGE ( 'NONE', *, *, #3183, .F. ) ;
#3692 = CARTESIAN_POINT ( 'NONE',  ( -9.250000000000000000, 4.799999999799999806, -3.100000000000000533 ) ) ;
#3693 = ORIENTED_EDGE ( 'NONE', *, *, #3199, .T. ) ;
#3694 = AXIS2_PLACEMENT_3D ( 'NONE', #2541, #1022, #1331 ) ;
#3695 = CIRCLE ( 'NONE', #1393, 0.2500000000000002220 ) ;
#3696 = ORIENTED_EDGE ( 'NONE', *, *, #1748, .T. ) ;
#3697 = ADVANCED_FACE ( 'NONE', ( #2476 ), #2197, .T. ) ;
#3698 = DIRECTION ( 'NONE',  ( 0.000000000000000000, 0.000000000000000000, -1.000000000000000000 ) ) ;
#3699 = LINE ( 'NONE', #1928, #547 ) ;
#3700 = EDGE_CURVE ( 'NONE', #1341, #49, #3708, .T. ) ;
#3701 = ORIENTED_EDGE ( 'NONE', *, *, #1515, .F. ) ;
#3702 = CARTESIAN_POINT ( 'NONE',  ( 0.000000000000000000, 0.000000000000000000, -3.700000000000000178 ) ) ;
#3703 = LINE ( 'NONE', #70, #757 ) ;
#3704 = PLANE ( 'NONE',  #12 ) ;
#3705 = EDGE_LOOP ( 'NONE', ( #917, #1328, #140, #2378 ) ) ;
#3706 = CARTESIAN_POINT ( 'NONE',  ( 0.000000000000000000, 0.000000000000000000, 0.000000000000000000 ) ) ;
#3707 = DIRECTION ( 'NONE',  ( 0.000000000000000000, 0.000000000000000000, -1.000000000000000000 ) ) ;
#3708 = LINE ( 'NONE', #628, #2491 ) ;
#3709 = FACE_OUTER_BOUND ( 'NONE', #1491, .T. ) ;
#3710 = CARTESIAN_POINT ( 'NONE',  ( -8.249999999999998224, 4.099999999999993427, -1.300000000000000266 ) ) ;
#3711 = ORIENTED_EDGE ( 'NONE', *, *, #1423, .F. ) ;
#3712 = DIRECTION ( 'NONE',  ( 0.000000000000000000, 0.000000000000000000, -1.000000000000000000 ) ) ;
#3713 = EDGE_LOOP ( 'NONE', ( #3725, #1536, #3422, #3791 ) ) ;
#3714 = PLANE ( 'NONE',  #2237 ) ;
#3715 = EDGE_CURVE ( 'NONE', #889, #3145, #3122, .T. ) ;
#3716 = EDGE_CURVE ( 'NONE', #2633, #2542, #96, .T. ) ;
#3717 = ORIENTED_EDGE ( 'NONE', *, *, #3576, .F. ) ;
#3718 = DIRECTION ( 'NONE',  ( 0.5773502691896290617, -0.5773502691896189587, 0.5773502691896290617 ) ) ;
#3719 = FILL_AREA_STYLE ('',( #2196 ) ) ;
#3720 = LINE ( 'NONE', #1052, #2360 ) ;
#3721 = CARTESIAN_POINT ( 'NONE',  ( 0.000000000000000000, 1.899999999999999911, 0.000000000000000000 ) ) ;
#3722 = VERTEX_POINT ( 'NONE', #3349 ) ;
#3723 = VERTEX_POINT ( 'NONE', #610 ) ;
#3724 = ADVANCED_FACE ( 'NONE', ( #1850 ), #3440, .T. ) ;
#3725 = ORIENTED_EDGE ( 'NONE', *, *, #2701, .T. ) ;
#3726 = AXIS2_PLACEMENT_3D ( 'NONE', #1237, #3391, #2781 ) ;
#3727 = AXIS2_PLACEMENT_3D ( 'NONE', #175, #3739, #485 ) ;
#3728 = EDGE_LOOP ( 'NONE', ( #562, #680, #1964, #462 ) ) ;
#3729 = PLANE ( 'NONE',  #2228 ) ;
#3730 = CARTESIAN_POINT ( 'NONE',  ( -3.449999999999999734, 0.7500000000000001110, -0.9000000000000001332 ) ) ;
#3731 = ORIENTED_EDGE ( 'NONE', *, *, #2188, .F. ) ;
#3732 = VECTOR ( 'NONE', #2201, 1000.000000000000000 ) ;
#3733 = CIRCLE ( 'NONE', #1872, 0.2500000000000000000 ) ;
#3734 = DIRECTION ( 'NONE',  ( 0.000000000000000000, 0.000000000000000000, 1.000000000000000000 ) ) ;
#3735 = EDGE_CURVE ( 'NONE', #2782, #960, #716, .T. ) ;
#3736 = DIRECTION ( 'NONE',  ( 0.000000000000000000, 0.000000000000000000, -1.000000000000000000 ) ) ;
#3737 = VECTOR ( 'NONE', #1187, 1000.000000000000000 ) ;
#3738 = VECTOR ( 'NONE', #3227, 1000.000000000000000 ) ;
#3739 = DIRECTION ( 'NONE',  ( 0.000000000000000000, 0.000000000000000000, 1.000000000000000000 ) ) ;
#3740 = ORIENTED_EDGE ( 'NONE', *, *, #1835, .F. ) ;
#3741 = VECTOR ( 'NONE', #262, 1000.000000000000000 ) ;
#3742 = FILL_AREA_STYLE_COLOUR ( '', #611 ) ;
#3743 = ORIENTED_EDGE ( 'NONE', *, *, #3675, .F. ) ;
#3744 = PRODUCT_DEFINITION_FORMATION_WITH_SPECIFIED_SOURCE ( 'ANY', '', #3386, .NOT_KNOWN. ) ;
#3745 = VERTEX_POINT ( 'NONE', #3149 ) ;
#3746 = DIRECTION ( 'NONE',  ( 0.000000000000000000, 1.000000000000000000, 0.000000000000000000 ) ) ;
#3747 = CARTESIAN_POINT ( 'NONE',  ( 10.50000000000000000, 5.000000000000000000, -1.750000000000000222 ) ) ;
#3748 = LINE ( 'NONE', #2788, #279 ) ;
#3749 = ORIENTED_EDGE ( 'NONE', *, *, #3232, .T. ) ;
#3750 = CARTESIAN_POINT ( 'NONE',  ( -9.850000000000001421, 0.6499999999999989120, -1.000000000000000000 ) ) ;
#3751 = CARTESIAN_POINT ( 'NONE',  ( -6.750000000000000888, 1.899999999999999911, -1.300000000000000266 ) ) ;
#3752 = PLANE ( 'NONE',  #1818 ) ;
#3753 = ADVANCED_FACE ( 'NONE', ( #1322 ), #3752, .F. ) ;
#3754 = ORIENTED_EDGE ( 'NONE', *, *, #1403, .F. ) ;
#3755 = DIRECTION ( 'NONE',  ( 0.000000000000000000, 0.7071067811865470176, -0.7071067811865480168 ) ) ;
#3756 = CARTESIAN_POINT ( 'NONE',  ( -3.050000000000000711, 0.2000000000000000111, -2.500000000000000000 ) ) ;
#3757 = CARTESIAN_POINT ( 'NONE',  ( -10.50000000000000000, 0.000000000000000000, -3.700000000000000178 ) ) ;
#3758 = SHAPE_REPRESENTATION_RELATIONSHIP ( 'NONE' , 'NONE' ,  #1863, #1538 ) ;
#3759 = EDGE_CURVE ( 'NONE', #3594, #2627, #3193, .T. ) ;
#3760 = ORIENTED_EDGE ( 'NONE', *, *, #1775, .F. ) ;
#3761 = ORIENTED_EDGE ( 'NONE', *, *, #2596, .T. ) ;
#3762 = DIRECTION ( 'NONE',  ( 0.000000000000000000, 1.000000000000000000, 0.000000000000000000 ) ) ;
#3763 = VERTEX_POINT ( 'NONE', #1206 ) ;
#3764 = CLOSED_SHELL ( 'NONE', ( #2452, #3432, #1307, #3210, #461, #3686, #2275, #3540, #2487, #1060, #1743, #3365, #1508, #2785, #1988, #3102 ) ) ;
#3765 = DIRECTION ( 'NONE',  ( 0.000000000000000000, 0.000000000000000000, -1.000000000000000000 ) ) ;
#3766 = ORIENTED_EDGE ( 'NONE', *, *, #793, .F. ) ;
#3767 = PLANE ( 'NONE',  #2044 ) ;
#3768 = CARTESIAN_POINT ( 'NONE',  ( -5.250000000000002665, 4.299999999999999822, -1.122794046853243799 ) ) ;
#3769 = VECTOR ( 'NONE', #110, 1000.000000000000000 ) ;
#3770 = ORIENTED_EDGE ( 'NONE', *, *, #1489, .T. ) ;
#3771 = LINE ( 'NONE', #1815, #1814 ) ;
#3772 = ORIENTED_EDGE ( 'NONE', *, *, #3192, .T. ) ;
#3773 = CARTESIAN_POINT ( 'NONE',  ( -10.50000000000000000, 0.000000000000000000, -3.700000000000000178 ) ) ;
#3774 = CARTESIAN_POINT ( 'NONE',  ( -3.000000000000000888, 2.500000000000000000, -2.600000000000000533 ) ) ;
#3775 = LINE ( 'NONE', #1112, #576 ) ;
#3776 = EDGE_CURVE ( 'NONE', #3348, #1878, #3018, .T. ) ;
#3777 = VERTEX_POINT ( 'NONE', #2709 ) ;
#3778 = DIRECTION ( 'NONE',  ( 0.000000000000000000, -0.7071067811865444641, -0.7071067811865506814 ) ) ;
#3779 = CARTESIAN_POINT ( 'NONE',  ( -5.000000000000002665, 4.099999999999993427, -1.300000000000000266 ) ) ;
#3780 = VERTEX_POINT ( 'NONE', #872 ) ;
#3781 = ADVANCED_FACE ( 'NONE', ( #2141 ), #6, .T. ) ;
#3782 = ORIENTED_EDGE ( 'NONE', *, *, #926, .T. ) ;
#3783 = DIRECTION ( 'NONE',  ( 0.000000000000000000, 0.7071067811865505703, 0.7071067811865444641 ) ) ;
#3784 = ORIENTED_EDGE ( 'NONE', *, *, #3259, .T. ) ;
#3785 = LINE ( 'NONE', #3491, #2740 ) ;
#3786 = ORIENTED_EDGE ( 'NONE', *, *, #519, .F. ) ;
#3787 = ORIENTED_EDGE ( 'NONE', *, *, #398, .F. ) ;
#3788 = LINE ( 'NONE', #280, #397 ) ;
#3789 = SURFACE_SIDE_STYLE ('',( #792 ) ) ;
#3790 = AXIS2_PLACEMENT_3D ( 'NONE', #2393, #3577, #3291 ) ;
#3791 = ORIENTED_EDGE ( 'NONE', *, *, #1256, .T. ) ;
#3792 = VECTOR ( 'NONE', #1438, 1000.000000000000000 ) ;
#3793 = CARTESIAN_POINT ( 'NONE',  ( -9.850000000000001421, 4.800000000400000744, -0.9000000000000001332 ) ) ;
#3794 = CARTESIAN_POINT ( 'NONE',  ( -10.50000000000000000, 0.000000000000000000, -0.9000000000000001332 ) ) ;
#3795 = STYLED_ITEM ( 'NONE', ( #1524 ), #1638 ) ;
#3796 = SURFACE_SIDE_STYLE ('',( #1325 ) ) ;
#3797 = ORIENTED_EDGE ( 'NONE', *, *, #3232, .F. ) ;
#3798 = LINE ( 'NONE', #1081, #2595 ) ;
#3799 = AXIS2_PLACEMENT_3D ( 'NONE', #1364, #794, #1778 ) ;
#3800 = AXIS2_PLACEMENT_3D ( 'NONE', #1470, #2685, #3600 ) ;
#3801 = LINE ( 'NONE', #2312, #2586 ) ;
#3802 = VECTOR ( 'NONE', #2051, 1000.000000000000227 ) ;
#3803 = ORIENTED_EDGE ( 'NONE', *, *, #3854, .T. ) ;
#3804 = EDGE_CURVE ( 'NONE', #1299, #1992, #297, .T. ) ;
#3805 = DIRECTION ( 'NONE',  ( -0.000000000000000000, -0.7071067811865505703, -0.7071067811865444641 ) ) ;
#3806 = DIRECTION ( 'NONE',  ( 0.000000000000000000, 0.000000000000000000, 1.000000000000000000 ) ) ;
#3807 = DIRECTION ( 'NONE',  ( 0.000000000000000000, 0.000000000000000000, -1.000000000000000000 ) ) ;
#3808 = VECTOR ( 'NONE', #963, 1000.000000000000000 ) ;
#3809 = AXIS2_PLACEMENT_3D ( 'NONE', #182, #3267, #2036 ) ;
#3810 = EDGE_CURVE ( 'NONE', #2273, #675, #3292, .T. ) ;
#3811 = DIRECTION ( 'NONE',  ( 0.000000000000000000, 0.000000000000000000, 1.000000000000000000 ) ) ;
#3812 = ADVANCED_FACE ( 'NONE', ( #3034 ), #1519, .F. ) ;
#3813 = LINE ( 'NONE', #2320, #3325 ) ;
#3814 = ORIENTED_EDGE ( 'NONE', *, *, #2136, .F. ) ;
#3815 = ORIENTED_EDGE ( 'NONE', *, *, #1014, .F. ) ;
#3816 = VERTEX_POINT ( 'NONE', #2991 ) ;
#3817 = DIRECTION ( 'NONE',  ( -4.336808689942013299E-16, 1.000000000000000000, 0.000000000000000000 ) ) ;
#3818 = CARTESIAN_POINT ( 'NONE',  ( -3.950000000000001954, 3.200000000000000178, -0.9500000000000000666 ) ) ;
#3819 = DIRECTION ( 'NONE',  ( 0.000000000000000000, 0.000000000000000000, 1.000000000000000000 ) ) ;
#3820 = VERTEX_POINT ( 'NONE', #3638 ) ;
#3821 = DIRECTION ( 'NONE',  ( 0.7071067811865414665, 0.7071067811865536790, 0.000000000000000000 ) ) ;
#3822 = CARTESIAN_POINT ( 'NONE',  ( -10.05000000000000249, 5.000000000000000000, -0.5000000000500000041 ) ) ;
#3823 = ORIENTED_EDGE ( 'NONE', *, *, #3456, .T. ) ;
#3824 = LINE ( 'NONE', #1678, #3067 ) ;
#3825 = DIRECTION ( 'NONE',  ( 0.000000000000000000, 0.000000000000000000, 1.000000000000000000 ) ) ;
#3826 = EDGE_CURVE ( 'NONE', #2195, #3332, #618, .T. ) ;
#3827 = CARTESIAN_POINT ( 'NONE',  ( -3.650000000000000355, 5.000000000000000000, -0.5000000000500000041 ) ) ;
#3828 = ORIENTED_EDGE ( 'NONE', *, *, #2975, .T. ) ;
#3829 = DIRECTION ( 'NONE',  ( -0.000000000000000000, -0.7071067811865444641, -0.7071067811865506814 ) ) ;
#3830 = ORIENTED_EDGE ( 'NONE', *, *, #782, .F. ) ;
#3831 = CARTESIAN_POINT ( 'NONE',  ( -8.249999999999998224, 4.299999999999999822, -1.300000000000000266 ) ) ;
#3832 = ORIENTED_EDGE ( 'NONE', *, *, #2626, .T. ) ;
#3833 = LINE ( 'NONE', #1963, #68 ) ;
#3834 = STYLED_ITEM ( 'NONE', ( #1856 ), #317 ) ;
#3835 = EDGE_CURVE ( 'NONE', #2615, #1604, #828, .T. ) ;
#3836 = ORIENTED_EDGE ( 'NONE', *, *, #152, .F. ) ;
#3837 =( GEOMETRIC_REPRESENTATION_CONTEXT ( 3 ) GLOBAL_UNCERTAINTY_ASSIGNED_CONTEXT ( ( #2794 ) ) GLOBAL_UNIT_ASSIGNED_CONTEXT ( ( #3421, #725, #2852 ) ) REPRESENTATION_CONTEXT ( 'NONE', 'WORKASPACE' ) );
#3838 = DIRECTION ( 'NONE',  ( 1.000000000000000000, 0.000000000000000000, 0.000000000000000000 ) ) ;
#3839 = CARTESIAN_POINT ( 'NONE',  ( -10.05000000000000249, 0.7500000000000001110, -0.9000000000000001332 ) ) ;
#3840 = CARTESIAN_POINT ( 'NONE',  ( -9.250000000000000000, 3.200000000000000622, -0.9500000000749999618 ) ) ;
#3841 = ORIENTED_EDGE ( 'NONE', *, *, #3157, .F. ) ;
#3842 = ORIENTED_EDGE ( 'NONE', *, *, #3546, .T. ) ;
#3843 = CARTESIAN_POINT ( 'NONE',  ( -9.850000000000001421, 3.200000000000000178, -1.750000000000000222 ) ) ;
#3844 = EDGE_CURVE ( 'NONE', #1198, #248, #638, .T. ) ;
#3845 = LINE ( 'NONE', #1048, #3483 ) ;
#3846 = FACE_OUTER_BOUND ( 'NONE', #2783, .T. ) ;
#3847 = VERTEX_POINT ( 'NONE', #1791 ) ;
#3848 = CARTESIAN_POINT ( 'NONE',  ( -9.850000000000001421, 5.000000000000000000, -0.5000000000500000041 ) ) ;
#3849 = CARTESIAN_POINT ( 'NONE',  ( -9.850000000000001421, 4.799999999799999806, -2.999999999400000839 ) ) ;
#3850 = LINE ( 'NONE', #3295, #1989 ) ;
#3851 = ORIENTED_EDGE ( 'NONE', *, *, #2965, .T. ) ;
#3852 = FILL_AREA_STYLE_COLOUR ( '', #1925 ) ;
#3853 = ORIENTED_EDGE ( 'NONE', *, *, #400, .T. ) ;
#3854 = EDGE_CURVE ( 'NONE', #1460, #501, #3872, .T. ) ;
#3855 = DIRECTION ( 'NONE',  ( -0.000000000000000000, -0.000000000000000000, 1.000000000000000000 ) ) ;
#3856 = VECTOR ( 'NONE', #2925, 1000.000000000000114 ) ;
#3857 = DIRECTION ( 'NONE',  ( -1.000000000000000000, 0.000000000000000000, 0.000000000000000000 ) ) ;
#3858 = CIRCLE ( 'NONE', #264, 0.2500000000000000000 ) ;
#3859 = EDGE_CURVE ( 'NONE', #1800, #1091, #3311, .T. ) ;
#3860 = EDGE_CURVE ( 'NONE', #2218, #2789, #2576, .T. ) ;
#3861 = ORIENTED_EDGE ( 'NONE', *, *, #1552, .F. ) ;
#3862 = VECTOR ( 'NONE', #3500, 1000.000000000000000 ) ;
#3863 = ORIENTED_EDGE ( 'NONE', *, *, #2413, .T. ) ;
#3864 = DIRECTION ( 'NONE',  ( -1.000000000000000000, 0.000000000000000000, 0.000000000000000000 ) ) ;
#3865 = PRESENTATION_LAYER_ASSIGNMENT (  '', '', ( #639 ) ) ;
#3866 = VECTOR ( 'NONE', #1446, 1000.000000000000000 ) ;
#3867 = CARTESIAN_POINT ( 'NONE',  ( -10.24999999960000530, 5.000000000000000000, -0.7000000003999973242 ) ) ;
#3868 = DIRECTION ( 'NONE',  ( 1.000000000000000000, 0.000000000000000000, 0.000000000000000000 ) ) ;
#3869 = FACE_OUTER_BOUND ( 'NONE', #2198, .T. ) ;
#3870 = VECTOR ( 'NONE', #665, 1000.000000000000000 ) ;
#3871 = CIRCLE ( 'NONE', #1140, 0.04999999999999969746 ) ;
#3872 = LINE ( 'NONE', #2394, #2807 ) ;
#3873 = DIRECTION ( 'NONE',  ( -1.000000000000000000, 0.000000000000000000, 0.000000000000000000 ) ) ;
#3874 = ORIENTED_EDGE ( 'NONE', *, *, #3716, .F. ) ;
#3875 = CIRCLE ( 'NONE', #1466, 0.2500000000000002220 ) ;
#3876 = DIRECTION ( 'NONE',  ( 8.673617379884026597E-16, -0.000000000000000000, 1.000000000000000000 ) ) ;
#3877 = ORIENTED_EDGE ( 'NONE', *, *, #1348, .T. ) ;
#3878 =( NAMED_UNIT ( * ) PLANE_ANGLE_UNIT ( ) SI_UNIT ( $, .RADIAN. ) );
#3879 = DIRECTION ( 'NONE',  ( 0.000000000000000000, 0.000000000000000000, 1.000000000000000000 ) ) ;
#3880 = LINE ( 'NONE', #1410, #703 ) ;
#3881 = ADVANCED_FACE ( 'NONE', ( #2345 ), #842, .F. ) ;
#3882 = DIRECTION ( 'NONE',  ( 0.000000000000000000, 0.000000000000000000, -1.000000000000000000 ) ) ;
#3883 = VERTEX_POINT ( 'NONE', #2 ) ;
#3884 = ADVANCED_FACE ( 'NONE', ( #578 ), #1219, .F. ) ;
#3885 = DIRECTION ( 'NONE',  ( 0.000000000000000000, -1.000000000000000000, 0.000000000000000000 ) ) ;
#3886 = ORIENTED_EDGE ( 'NONE', *, *, #3645, .F. ) ;
#3887 = EDGE_LOOP ( 'NONE', ( #1621, #1834 ) ) ;
#3888 = PLANE ( 'NONE',  #7 ) ;
#3889 = FACE_OUTER_BOUND ( 'NONE', #1093, .T. ) ;
#3890 = DIRECTION ( 'NONE',  ( 0.000000000000000000, -1.000000000000000000, 0.000000000000000000 ) ) ;
#3891 = DIRECTION ( 'NONE',  ( 0.5773502691896290617, -0.5773502691896189587, -0.5773502691896290617 ) ) ;
#3892 = CARTESIAN_POINT ( 'NONE',  ( -5.250000000000002665, 0.2500000000000000000, -5.200000000000001066 ) ) ;
#3893 = LINE ( 'NONE', #1547, #339 ) ;
#3894 = SURFACE_STYLE_USAGE ( .BOTH. , #857 ) ;
#3895 = CARTESIAN_POINT ( 'NONE',  ( -3.000000000000000888, 4.800000000400000744, -0.9000000000000001332 ) ) ;
#3896 = CARTESIAN_POINT ( 'NONE',  ( -3.449999999999999734, 0.7500000000000001110, -2.999999999400000839 ) ) ;
#3897 = CARTESIAN_POINT ( 'NONE',  ( -3.650000000000000355, 5.000000000000000000, -2.999999999400000839 ) ) ;
#3898 = ADVANCED_FACE ( 'NONE', ( #1178 ), #2481, .F. ) ;
#3899 = DIRECTION ( 'NONE',  ( -8.673617379884026597E-16, 0.000000000000000000, -1.000000000000000000 ) ) ;
#3900 = DIRECTION ( 'NONE',  ( -4.336808689942013299E-16, -1.000000000000000000, -0.000000000000000000 ) ) ;
#3901 = AXIS2_PLACEMENT_3D ( 'NONE', #606, #1526, #3083 ) ;
#3902 = DIRECTION ( 'NONE',  ( -8.673617379884026597E-16, 0.000000000000000000, -1.000000000000000000 ) ) ;
#3903 = CARTESIAN_POINT ( 'NONE',  ( -6.750000000000002665, 0.2500000000000000000, -5.200000000000001066 ) ) ;
#3904 = DIRECTION ( 'NONE',  ( 0.000000000000000000, 0.000000000000000000, 1.000000000000000000 ) ) ;
#3905 = VERTEX_POINT ( 'NONE', #1906 ) ;
#3906 = VERTEX_POINT ( 'NONE', #2828 ) ;
#3907 = PLANE ( 'NONE',  #209 ) ;
#3908 = EDGE_CURVE ( 'NONE', #2077, #3722, #3089, .T. ) ;
#3909 = DIRECTION ( 'NONE',  ( -1.000000000000000000, 0.000000000000000000, 0.000000000000000000 ) ) ;
#3910 = LINE ( 'NONE', #2063, #2997 ) ;
#3911 = CARTESIAN_POINT ( 'NONE',  ( -3.516666666666667940, 4.733333333133333376, -2.533333333333332771 ) ) ;
#3912 = LINE ( 'NONE', #641, #753 ) ;
#3913 = PLANE ( 'NONE',  #3132 ) ;
#3914 = FILL_AREA_STYLE ('',( #3581 ) ) ;
#3915 = CARTESIAN_POINT ( 'NONE',  ( -3.000000000000000888, 4.800000000400000744, -0.9000000000000001332 ) ) ;
#3916 = LINE ( 'NONE', #2469, #2325 ) ;
#3917 = ORIENTED_EDGE ( 'NONE', *, *, #1450, .F. ) ;
#3918 = DIRECTION ( 'NONE',  ( -0.000000000000000000, -0.000000000000000000, 1.000000000000000000 ) ) ;
#3919 = ORIENTED_EDGE ( 'NONE', *, *, #2270, .F. ) ;
#3920 = CARTESIAN_POINT ( 'NONE',  ( -3.800000000266664735, 5.250000000133331568, -0.5000000002666618037 ) ) ;
#3921 = AXIS2_PLACEMENT_3D ( 'NONE', #3843, #515, #824 ) ;
#3922 = LINE ( 'NONE', #2054, #1082 ) ;
#3923 = EDGE_CURVE ( 'NONE', #832, #2461, #2814, .T. ) ;
#3924 = ORIENTED_EDGE ( 'NONE', *, *, #707, .T. ) ;
#3925 = VECTOR ( 'NONE', #1640, 1000.000000000000000 ) ;
#3926 = NEXT_ASSEMBLY_USAGE_OCCURRENCE ( 'NAUO1', ' ', ' ', #3240, #1097, $ ) ;
#3927 = NEXT_ASSEMBLY_USAGE_OCCURRENCE ( 'NAUO2', ' ', ' ', #3240, #3282, $ ) ;
ENDSEC;
END-ISO-10303-21;
