ISO-10303-21;
HEADER;
/* Generated by software containing ST-Developer
 * from STEP Tools, Inc. (www.steptools.com) 
 */
/* OPTION: using custom schema-name function */

FILE_DESCRIPTION(
/* description */ (''),
/* implementation_level */ '2;1');

FILE_NAME(
/* name */ 'housing',
/* time_stamp */ '2026-04-08T18:37:00+02:00',
/* author */ (''),
/* organization */ (''),
/* preprocessor_version */ 'ST-DEVELOPER v16.5',
/* originating_system */ '',
/* authorisation */ '');

FILE_SCHEMA (('AUTOMOTIVE_DESIGN'));
ENDSEC;

DATA;
#10=SHAPE_REPRESENTATION_RELATIONSHIP('','',#1454,#13);
#11=PRESENTATION_LAYER_ASSIGNMENT('D\X\E9faut','',(#12));
#12=MANIFOLD_SOLID_BREP('brep_1',#14);
#13=ADVANCED_BREP_SHAPE_REPRESENTATION('brep_rep_0',(#12,#1456),#1453);
#14=CLOSED_SHELL('',(#22,#23,#24,#25,#26,#27,#28,#29,#30,#31,#32,#33,#34,
#35,#36,#37,#38,#39,#40,#41,#42,#43,#44,#45,#46,#47,#48,#49,#50,#51,#52,
#53,#54,#55,#56,#57,#58,#59,#60,#61,#62,#63,#64,#65));
#15=FACE_BOUND('',#124,.T.);
#16=FACE_BOUND('',#134,.T.);
#17=FACE_BOUND('',#135,.T.);
#18=FACE_BOUND('',#140,.T.);
#19=FACE_BOUND('',#144,.T.);
#20=FACE_BOUND('',#148,.T.);
#21=FACE_BOUND('',#156,.T.);
#22=ADVANCED_FACE('',(#66),#1402,.T.);
#23=ADVANCED_FACE('',(#67),#1403,.T.);
#24=ADVANCED_FACE('',(#68),#1404,.T.);
#25=ADVANCED_FACE('',(#69),#1405,.T.);
#26=ADVANCED_FACE('',(#70),#1406,.T.);
#27=ADVANCED_FACE('',(#71),#1407,.T.);
#28=ADVANCED_FACE('',(#72),#1408,.T.);
#29=ADVANCED_FACE('',(#73),#1409,.T.);
#30=ADVANCED_FACE('',(#74),#1410,.T.);
#31=ADVANCED_FACE('',(#75),#1411,.T.);
#32=ADVANCED_FACE('',(#76),#1412,.T.);
#33=ADVANCED_FACE('',(#77),#1413,.T.);
#34=ADVANCED_FACE('',(#78),#1414,.T.);
#35=ADVANCED_FACE('',(#79,#15),#1415,.T.);
#36=ADVANCED_FACE('',(#80),#1416,.T.);
#37=ADVANCED_FACE('',(#81),#1417,.T.);
#38=ADVANCED_FACE('',(#82),#1418,.T.);
#39=ADVANCED_FACE('',(#83),#1419,.T.);
#40=ADVANCED_FACE('',(#84),#1392,.T.);
#41=ADVANCED_FACE('',(#85),#1420,.T.);
#42=ADVANCED_FACE('',(#86),#1421,.T.);
#43=ADVANCED_FACE('',(#87),#1422,.T.);
#44=ADVANCED_FACE('',(#88,#16,#17),#1423,.T.);
#45=ADVANCED_FACE('',(#89),#1424,.T.);
#46=ADVANCED_FACE('',(#90),#1425,.T.);
#47=ADVANCED_FACE('',(#91),#1426,.T.);
#48=ADVANCED_FACE('',(#92,#18),#1427,.T.);
#49=ADVANCED_FACE('',(#93),#1393,.T.);
#50=ADVANCED_FACE('',(#94),#1394,.T.);
#51=ADVANCED_FACE('',(#95,#19),#1428,.T.);
#52=ADVANCED_FACE('',(#96),#1395,.T.);
#53=ADVANCED_FACE('',(#97),#1396,.T.);
#54=ADVANCED_FACE('',(#98,#20),#1429,.T.);
#55=ADVANCED_FACE('',(#99),#1397,.T.);
#56=ADVANCED_FACE('',(#100),#1430,.T.);
#57=ADVANCED_FACE('',(#101),#1431,.T.);
#58=ADVANCED_FACE('',(#102),#1432,.T.);
#59=ADVANCED_FACE('',(#103),#1433,.T.);
#60=ADVANCED_FACE('',(#104),#1434,.T.);
#61=ADVANCED_FACE('',(#105,#21),#1435,.T.);
#62=ADVANCED_FACE('',(#106),#1398,.T.);
#63=ADVANCED_FACE('',(#107),#1399,.T.);
#64=ADVANCED_FACE('',(#108),#1400,.T.);
#65=ADVANCED_FACE('',(#109),#1401,.T.);
#66=FACE_OUTER_BOUND('',#110,.T.);
#67=FACE_OUTER_BOUND('',#111,.T.);
#68=FACE_OUTER_BOUND('',#112,.T.);
#69=FACE_OUTER_BOUND('',#113,.T.);
#70=FACE_OUTER_BOUND('',#114,.T.);
#71=FACE_OUTER_BOUND('',#115,.T.);
#72=FACE_OUTER_BOUND('',#116,.T.);
#73=FACE_OUTER_BOUND('',#117,.T.);
#74=FACE_OUTER_BOUND('',#118,.T.);
#75=FACE_OUTER_BOUND('',#119,.T.);
#76=FACE_OUTER_BOUND('',#120,.T.);
#77=FACE_OUTER_BOUND('',#121,.T.);
#78=FACE_OUTER_BOUND('',#122,.T.);
#79=FACE_OUTER_BOUND('',#123,.T.);
#80=FACE_OUTER_BOUND('',#125,.T.);
#81=FACE_OUTER_BOUND('',#126,.T.);
#82=FACE_OUTER_BOUND('',#127,.T.);
#83=FACE_OUTER_BOUND('',#128,.T.);
#84=FACE_OUTER_BOUND('',#129,.T.);
#85=FACE_OUTER_BOUND('',#130,.T.);
#86=FACE_OUTER_BOUND('',#131,.T.);
#87=FACE_OUTER_BOUND('',#132,.T.);
#88=FACE_OUTER_BOUND('',#133,.T.);
#89=FACE_OUTER_BOUND('',#136,.T.);
#90=FACE_OUTER_BOUND('',#137,.T.);
#91=FACE_OUTER_BOUND('',#138,.T.);
#92=FACE_OUTER_BOUND('',#139,.T.);
#93=FACE_OUTER_BOUND('',#141,.T.);
#94=FACE_OUTER_BOUND('',#142,.T.);
#95=FACE_OUTER_BOUND('',#143,.T.);
#96=FACE_OUTER_BOUND('',#145,.T.);
#97=FACE_OUTER_BOUND('',#146,.T.);
#98=FACE_OUTER_BOUND('',#147,.T.);
#99=FACE_OUTER_BOUND('',#149,.T.);
#100=FACE_OUTER_BOUND('',#150,.T.);
#101=FACE_OUTER_BOUND('',#151,.T.);
#102=FACE_OUTER_BOUND('',#152,.T.);
#103=FACE_OUTER_BOUND('',#153,.T.);
#104=FACE_OUTER_BOUND('',#154,.T.);
#105=FACE_OUTER_BOUND('',#155,.T.);
#106=FACE_OUTER_BOUND('',#157,.T.);
#107=FACE_OUTER_BOUND('',#158,.T.);
#108=FACE_OUTER_BOUND('',#159,.T.);
#109=FACE_OUTER_BOUND('',#160,.T.);
#110=EDGE_LOOP('',(#161));
#111=EDGE_LOOP('',(#162,#163,#164,#165));
#112=EDGE_LOOP('',(#166,#167,#168,#169));
#113=EDGE_LOOP('',(#170,#171,#172,#173));
#114=EDGE_LOOP('',(#174,#175,#176,#177));
#115=EDGE_LOOP('',(#178,#179,#180,#181));
#116=EDGE_LOOP('',(#182,#183,#184,#185));
#117=EDGE_LOOP('',(#186,#187,#188,#189));
#118=EDGE_LOOP('',(#190,#191,#192,#193));
#119=EDGE_LOOP('',(#194,#195,#196,#197,#198));
#120=EDGE_LOOP('',(#199,#200,#201,#202,#203));
#121=EDGE_LOOP('',(#204,#205,#206,#207,#208,#209,#210,#211));
#122=EDGE_LOOP('',(#212,#213,#214,#215,#216,#217,#218,#219));
#123=EDGE_LOOP('',(#220,#221,#222,#223));
#124=EDGE_LOOP('',(#224,#225));
#125=EDGE_LOOP('',(#226,#227,#228,#229));
#126=EDGE_LOOP('',(#230,#231,#232,#233));
#127=EDGE_LOOP('',(#234,#235,#236,#237));
#128=EDGE_LOOP('',(#238,#239,#240,#241));
#129=EDGE_LOOP('',(#242,#243,#244,#245,#246,#247));
#130=EDGE_LOOP('',(#248,#249,#250,#251,#252));
#131=EDGE_LOOP('',(#253,#254,#255,#256,#257));
#132=EDGE_LOOP('',(#258,#259,#260,#261,#262,#263,#264,#265));
#133=EDGE_LOOP('',(#266,#267,#268,#269));
#134=EDGE_LOOP('',(#270));
#135=EDGE_LOOP('',(#271,#272));
#136=EDGE_LOOP('',(#273,#274,#275,#276));
#137=EDGE_LOOP('',(#277,#278,#279,#280));
#138=EDGE_LOOP('',(#281,#282,#283,#284,#285,#286));
#139=EDGE_LOOP('',(#287,#288,#289,#290));
#140=EDGE_LOOP('',(#291,#292,#293,#294));
#141=EDGE_LOOP('',(#295,#296,#297,#298));
#142=EDGE_LOOP('',(#299,#300,#301,#302));
#143=EDGE_LOOP('',(#303,#304));
#144=EDGE_LOOP('',(#305,#306));
#145=EDGE_LOOP('',(#307,#308,#309,#310));
#146=EDGE_LOOP('',(#311,#312,#313,#314,#315,#316));
#147=EDGE_LOOP('',(#317,#318));
#148=EDGE_LOOP('',(#319,#320));
#149=EDGE_LOOP('',(#321,#322,#323,#324));
#150=EDGE_LOOP('',(#325,#326,#327,#328));
#151=EDGE_LOOP('',(#329,#330,#331,#332));
#152=EDGE_LOOP('',(#333,#334,#335,#336,#337));
#153=EDGE_LOOP('',(#338,#339,#340,#341));
#154=EDGE_LOOP('',(#342,#343,#344,#345,#346));
#155=EDGE_LOOP('',(#347,#348,#349,#350,#351,#352,#353,#354));
#156=EDGE_LOOP('',(#355,#356));
#157=EDGE_LOOP('',(#357,#358,#359,#360));
#158=EDGE_LOOP('',(#361,#362,#363,#364));
#159=EDGE_LOOP('',(#365,#366,#367,#368));
#160=EDGE_LOOP('',(#369,#370,#371,#372));
#161=ORIENTED_EDGE('',*,*,#1172,.T.);
#162=ORIENTED_EDGE('',*,*,#1173,.T.);
#163=ORIENTED_EDGE('',*,*,#1174,.T.);
#164=ORIENTED_EDGE('',*,*,#1175,.T.);
#165=ORIENTED_EDGE('',*,*,#1176,.T.);
#166=ORIENTED_EDGE('',*,*,#1177,.T.);
#167=ORIENTED_EDGE('',*,*,#1178,.T.);
#168=ORIENTED_EDGE('',*,*,#1179,.T.);
#169=ORIENTED_EDGE('',*,*,#1174,.F.);
#170=ORIENTED_EDGE('',*,*,#1180,.T.);
#171=ORIENTED_EDGE('',*,*,#1181,.T.);
#172=ORIENTED_EDGE('',*,*,#1182,.T.);
#173=ORIENTED_EDGE('',*,*,#1178,.F.);
#174=ORIENTED_EDGE('',*,*,#1183,.T.);
#175=ORIENTED_EDGE('',*,*,#1184,.T.);
#176=ORIENTED_EDGE('',*,*,#1185,.T.);
#177=ORIENTED_EDGE('',*,*,#1181,.F.);
#178=ORIENTED_EDGE('',*,*,#1186,.T.);
#179=ORIENTED_EDGE('',*,*,#1187,.T.);
#180=ORIENTED_EDGE('',*,*,#1188,.T.);
#181=ORIENTED_EDGE('',*,*,#1184,.F.);
#182=ORIENTED_EDGE('',*,*,#1189,.T.);
#183=ORIENTED_EDGE('',*,*,#1190,.T.);
#184=ORIENTED_EDGE('',*,*,#1191,.T.);
#185=ORIENTED_EDGE('',*,*,#1187,.F.);
#186=ORIENTED_EDGE('',*,*,#1192,.T.);
#187=ORIENTED_EDGE('',*,*,#1193,.T.);
#188=ORIENTED_EDGE('',*,*,#1194,.T.);
#189=ORIENTED_EDGE('',*,*,#1190,.F.);
#190=ORIENTED_EDGE('',*,*,#1195,.T.);
#191=ORIENTED_EDGE('',*,*,#1176,.F.);
#192=ORIENTED_EDGE('',*,*,#1196,.T.);
#193=ORIENTED_EDGE('',*,*,#1193,.F.);
#194=ORIENTED_EDGE('',*,*,#1177,.F.);
#195=ORIENTED_EDGE('',*,*,#1197,.T.);
#196=ORIENTED_EDGE('',*,*,#1198,.T.);
#197=ORIENTED_EDGE('',*,*,#1199,.T.);
#198=ORIENTED_EDGE('',*,*,#1200,.T.);
#199=ORIENTED_EDGE('',*,*,#1183,.F.);
#200=ORIENTED_EDGE('',*,*,#1201,.T.);
#201=ORIENTED_EDGE('',*,*,#1202,.T.);
#202=ORIENTED_EDGE('',*,*,#1203,.T.);
#203=ORIENTED_EDGE('',*,*,#1204,.T.);
#204=ORIENTED_EDGE('',*,*,#1205,.T.);
#205=ORIENTED_EDGE('',*,*,#1206,.T.);
#206=ORIENTED_EDGE('',*,*,#1207,.T.);
#207=ORIENTED_EDGE('',*,*,#1186,.F.);
#208=ORIENTED_EDGE('',*,*,#1204,.F.);
#209=ORIENTED_EDGE('',*,*,#1208,.T.);
#210=ORIENTED_EDGE('',*,*,#1197,.F.);
#211=ORIENTED_EDGE('',*,*,#1173,.F.);
#212=ORIENTED_EDGE('',*,*,#1209,.T.);
#213=ORIENTED_EDGE('',*,*,#1210,.T.);
#214=ORIENTED_EDGE('',*,*,#1211,.T.);
#215=ORIENTED_EDGE('',*,*,#1201,.F.);
#216=ORIENTED_EDGE('',*,*,#1180,.F.);
#217=ORIENTED_EDGE('',*,*,#1200,.F.);
#218=ORIENTED_EDGE('',*,*,#1212,.T.);
#219=ORIENTED_EDGE('',*,*,#1213,.T.);
#220=ORIENTED_EDGE('',*,*,#1192,.F.);
#221=ORIENTED_EDGE('',*,*,#1214,.T.);
#222=ORIENTED_EDGE('',*,*,#1215,.T.);
#223=ORIENTED_EDGE('',*,*,#1216,.T.);
#224=ORIENTED_EDGE('',*,*,#1217,.T.);
#225=ORIENTED_EDGE('',*,*,#1218,.T.);
#226=ORIENTED_EDGE('',*,*,#1207,.F.);
#227=ORIENTED_EDGE('',*,*,#1219,.T.);
#228=ORIENTED_EDGE('',*,*,#1214,.F.);
#229=ORIENTED_EDGE('',*,*,#1189,.F.);
#230=ORIENTED_EDGE('',*,*,#1206,.F.);
#231=ORIENTED_EDGE('',*,*,#1220,.T.);
#232=ORIENTED_EDGE('',*,*,#1215,.F.);
#233=ORIENTED_EDGE('',*,*,#1219,.F.);
#234=ORIENTED_EDGE('',*,*,#1216,.F.);
#235=ORIENTED_EDGE('',*,*,#1220,.F.);
#236=ORIENTED_EDGE('',*,*,#1205,.F.);
#237=ORIENTED_EDGE('',*,*,#1195,.F.);
#238=ORIENTED_EDGE('',*,*,#1198,.F.);
#239=ORIENTED_EDGE('',*,*,#1208,.F.);
#240=ORIENTED_EDGE('',*,*,#1203,.F.);
#241=ORIENTED_EDGE('',*,*,#1221,.T.);
#242=ORIENTED_EDGE('',*,*,#1222,.T.);
#243=ORIENTED_EDGE('',*,*,#1212,.F.);
#244=ORIENTED_EDGE('',*,*,#1199,.F.);
#245=ORIENTED_EDGE('',*,*,#1221,.F.);
#246=ORIENTED_EDGE('',*,*,#1202,.F.);
#247=ORIENTED_EDGE('',*,*,#1211,.F.);
#248=ORIENTED_EDGE('',*,*,#1179,.F.);
#249=ORIENTED_EDGE('',*,*,#1223,.T.);
#250=ORIENTED_EDGE('',*,*,#1224,.T.);
#251=ORIENTED_EDGE('',*,*,#1225,.T.);
#252=ORIENTED_EDGE('',*,*,#1226,.T.);
#253=ORIENTED_EDGE('',*,*,#1185,.F.);
#254=ORIENTED_EDGE('',*,*,#1227,.T.);
#255=ORIENTED_EDGE('',*,*,#1228,.T.);
#256=ORIENTED_EDGE('',*,*,#1229,.T.);
#257=ORIENTED_EDGE('',*,*,#1230,.T.);
#258=ORIENTED_EDGE('',*,*,#1231,.T.);
#259=ORIENTED_EDGE('',*,*,#1232,.T.);
#260=ORIENTED_EDGE('',*,*,#1233,.T.);
#261=ORIENTED_EDGE('',*,*,#1175,.F.);
#262=ORIENTED_EDGE('',*,*,#1226,.F.);
#263=ORIENTED_EDGE('',*,*,#1234,.T.);
#264=ORIENTED_EDGE('',*,*,#1227,.F.);
#265=ORIENTED_EDGE('',*,*,#1188,.F.);
#266=ORIENTED_EDGE('',*,*,#1182,.F.);
#267=ORIENTED_EDGE('',*,*,#1230,.F.);
#268=ORIENTED_EDGE('',*,*,#1235,.T.);
#269=ORIENTED_EDGE('',*,*,#1223,.F.);
#270=ORIENTED_EDGE('',*,*,#1172,.F.);
#271=ORIENTED_EDGE('',*,*,#1236,.T.);
#272=ORIENTED_EDGE('',*,*,#1237,.T.);
#273=ORIENTED_EDGE('',*,*,#1238,.T.);
#274=ORIENTED_EDGE('',*,*,#1239,.T.);
#275=ORIENTED_EDGE('',*,*,#1231,.F.);
#276=ORIENTED_EDGE('',*,*,#1191,.F.);
#277=ORIENTED_EDGE('',*,*,#1233,.F.);
#278=ORIENTED_EDGE('',*,*,#1240,.T.);
#279=ORIENTED_EDGE('',*,*,#1241,.T.);
#280=ORIENTED_EDGE('',*,*,#1196,.F.);
#281=ORIENTED_EDGE('',*,*,#1232,.F.);
#282=ORIENTED_EDGE('',*,*,#1239,.F.);
#283=ORIENTED_EDGE('',*,*,#1242,.T.);
#284=ORIENTED_EDGE('',*,*,#1243,.T.);
#285=ORIENTED_EDGE('',*,*,#1244,.T.);
#286=ORIENTED_EDGE('',*,*,#1240,.F.);
#287=ORIENTED_EDGE('',*,*,#1228,.F.);
#288=ORIENTED_EDGE('',*,*,#1234,.F.);
#289=ORIENTED_EDGE('',*,*,#1225,.F.);
#290=ORIENTED_EDGE('',*,*,#1245,.T.);
#291=ORIENTED_EDGE('',*,*,#1246,.T.);
#292=ORIENTED_EDGE('',*,*,#1247,.T.);
#293=ORIENTED_EDGE('',*,*,#1248,.T.);
#294=ORIENTED_EDGE('',*,*,#1249,.T.);
#295=ORIENTED_EDGE('',*,*,#1245,.F.);
#296=ORIENTED_EDGE('',*,*,#1224,.F.);
#297=ORIENTED_EDGE('',*,*,#1235,.F.);
#298=ORIENTED_EDGE('',*,*,#1229,.F.);
#299=ORIENTED_EDGE('',*,*,#1250,.T.);
#300=ORIENTED_EDGE('',*,*,#1251,.T.);
#301=ORIENTED_EDGE('',*,*,#1237,.F.);
#302=ORIENTED_EDGE('',*,*,#1252,.T.);
#303=ORIENTED_EDGE('',*,*,#1250,.F.);
#304=ORIENTED_EDGE('',*,*,#1253,.T.);
#305=ORIENTED_EDGE('',*,*,#1254,.T.);
#306=ORIENTED_EDGE('',*,*,#1255,.T.);
#307=ORIENTED_EDGE('',*,*,#1256,.T.);
#308=ORIENTED_EDGE('',*,*,#1257,.T.);
#309=ORIENTED_EDGE('',*,*,#1255,.F.);
#310=ORIENTED_EDGE('',*,*,#1258,.T.);
#311=ORIENTED_EDGE('',*,*,#1259,.T.);
#312=ORIENTED_EDGE('',*,*,#1260,.T.);
#313=ORIENTED_EDGE('',*,*,#1213,.F.);
#314=ORIENTED_EDGE('',*,*,#1222,.F.);
#315=ORIENTED_EDGE('',*,*,#1210,.F.);
#316=ORIENTED_EDGE('',*,*,#1261,.T.);
#317=ORIENTED_EDGE('',*,*,#1259,.F.);
#318=ORIENTED_EDGE('',*,*,#1262,.T.);
#319=ORIENTED_EDGE('',*,*,#1263,.T.);
#320=ORIENTED_EDGE('',*,*,#1264,.T.);
#321=ORIENTED_EDGE('',*,*,#1217,.F.);
#322=ORIENTED_EDGE('',*,*,#1265,.T.);
#323=ORIENTED_EDGE('',*,*,#1264,.F.);
#324=ORIENTED_EDGE('',*,*,#1266,.T.);
#325=ORIENTED_EDGE('',*,*,#1267,.T.);
#326=ORIENTED_EDGE('',*,*,#1268,.T.);
#327=ORIENTED_EDGE('',*,*,#1269,.T.);
#328=ORIENTED_EDGE('',*,*,#1270,.T.);
#329=ORIENTED_EDGE('',*,*,#1271,.T.);
#330=ORIENTED_EDGE('',*,*,#1268,.F.);
#331=ORIENTED_EDGE('',*,*,#1272,.T.);
#332=ORIENTED_EDGE('',*,*,#1246,.F.);
#333=ORIENTED_EDGE('',*,*,#1247,.F.);
#334=ORIENTED_EDGE('',*,*,#1272,.F.);
#335=ORIENTED_EDGE('',*,*,#1267,.F.);
#336=ORIENTED_EDGE('',*,*,#1273,.T.);
#337=ORIENTED_EDGE('',*,*,#1274,.T.);
#338=ORIENTED_EDGE('',*,*,#1243,.F.);
#339=ORIENTED_EDGE('',*,*,#1275,.T.);
#340=ORIENTED_EDGE('',*,*,#1248,.F.);
#341=ORIENTED_EDGE('',*,*,#1274,.F.);
#342=ORIENTED_EDGE('',*,*,#1275,.F.);
#343=ORIENTED_EDGE('',*,*,#1276,.T.);
#344=ORIENTED_EDGE('',*,*,#1269,.F.);
#345=ORIENTED_EDGE('',*,*,#1271,.F.);
#346=ORIENTED_EDGE('',*,*,#1249,.F.);
#347=ORIENTED_EDGE('',*,*,#1270,.F.);
#348=ORIENTED_EDGE('',*,*,#1276,.F.);
#349=ORIENTED_EDGE('',*,*,#1242,.F.);
#350=ORIENTED_EDGE('',*,*,#1238,.F.);
#351=ORIENTED_EDGE('',*,*,#1194,.F.);
#352=ORIENTED_EDGE('',*,*,#1241,.F.);
#353=ORIENTED_EDGE('',*,*,#1244,.F.);
#354=ORIENTED_EDGE('',*,*,#1273,.F.);
#355=ORIENTED_EDGE('',*,*,#1256,.F.);
#356=ORIENTED_EDGE('',*,*,#1277,.T.);
#357=ORIENTED_EDGE('',*,*,#1252,.F.);
#358=ORIENTED_EDGE('',*,*,#1236,.F.);
#359=ORIENTED_EDGE('',*,*,#1251,.F.);
#360=ORIENTED_EDGE('',*,*,#1253,.F.);
#361=ORIENTED_EDGE('',*,*,#1258,.F.);
#362=ORIENTED_EDGE('',*,*,#1254,.F.);
#363=ORIENTED_EDGE('',*,*,#1257,.F.);
#364=ORIENTED_EDGE('',*,*,#1277,.F.);
#365=ORIENTED_EDGE('',*,*,#1261,.F.);
#366=ORIENTED_EDGE('',*,*,#1209,.F.);
#367=ORIENTED_EDGE('',*,*,#1260,.F.);
#368=ORIENTED_EDGE('',*,*,#1262,.F.);
#369=ORIENTED_EDGE('',*,*,#1266,.F.);
#370=ORIENTED_EDGE('',*,*,#1263,.F.);
#371=ORIENTED_EDGE('',*,*,#1265,.F.);
#372=ORIENTED_EDGE('',*,*,#1218,.F.);
#373=B_SPLINE_CURVE_WITH_KNOTS('',1,(#1777,#1778),.UNSPECIFIED.,.F.,.F.,
(2,2),(-66.9844470953618,-65.9844470953618),.UNSPECIFIED.);
#374=B_SPLINE_CURVE_WITH_KNOTS('',1,(#1779,#1780),.UNSPECIFIED.,.F.,.F.,
(2,2),(-66.9844470953618,-65.9844470953618),.UNSPECIFIED.);
#375=B_SPLINE_CURVE_WITH_KNOTS('',1,(#1781,#1782),.UNSPECIFIED.,.F.,.F.,
(2,2),(0.,5.00000000000003),.UNSPECIFIED.);
#376=B_SPLINE_CURVE_WITH_KNOTS('',1,(#1783,#1784),.UNSPECIFIED.,.F.,.F.,
(2,2),(0.,5.00000000000003),.UNSPECIFIED.);
#377=B_SPLINE_CURVE_WITH_KNOTS('',1,(#1785,#1786),.UNSPECIFIED.,.F.,.F.,
(2,2),(65.9844470953618,66.9844470953618),.UNSPECIFIED.);
#378=B_SPLINE_CURVE_WITH_KNOTS('',1,(#1787,#1788),.UNSPECIFIED.,.F.,.F.,
(2,2),(65.9844470953618,66.9844470953618),.UNSPECIFIED.);
#379=B_SPLINE_CURVE_WITH_KNOTS('',1,(#1789,#1790),.UNSPECIFIED.,.F.,.F.,
(2,2),(-5.00000000000003,0.),.UNSPECIFIED.);
#380=B_SPLINE_CURVE_WITH_KNOTS('',1,(#1791,#1792),.UNSPECIFIED.,.F.,.F.,
(2,2),(-5.00000000000003,0.),.UNSPECIFIED.);
#381=B_SPLINE_CURVE_WITH_KNOTS('',1,(#1793,#1794),.UNSPECIFIED.,.F.,.F.,
(2,2),(-65.9844470953618,-53.9844470953618),.UNSPECIFIED.);
#382=B_SPLINE_CURVE_WITH_KNOTS('',1,(#1795,#1796),.UNSPECIFIED.,.F.,.F.,
(2,2),(-65.9844470953618,-53.9844470953618),.UNSPECIFIED.);
#383=B_SPLINE_CURVE_WITH_KNOTS('',1,(#1797,#1798),.UNSPECIFIED.,.F.,.F.,
(2,2),(0.,5.00000000000003),.UNSPECIFIED.);
#384=B_SPLINE_CURVE_WITH_KNOTS('',1,(#1799,#1800),.UNSPECIFIED.,.F.,.F.,
(2,2),(0.,5.00000000000003),.UNSPECIFIED.);
#385=B_SPLINE_CURVE_WITH_KNOTS('',1,(#1801,#1802),.UNSPECIFIED.,.F.,.F.,
(2,2),(53.9844470953618,65.9844470953618),.UNSPECIFIED.);
#386=B_SPLINE_CURVE_WITH_KNOTS('',1,(#1803,#1804),.UNSPECIFIED.,.F.,.F.,
(2,2),(53.9844470953618,65.9844470953618),.UNSPECIFIED.);
#387=B_SPLINE_CURVE_WITH_KNOTS('',1,(#1805,#1806),.UNSPECIFIED.,.F.,.F.,
(2,2),(0.,5.00000000000003),.UNSPECIFIED.);
#388=B_SPLINE_CURVE_WITH_KNOTS('',1,(#1807,#1808),.UNSPECIFIED.,.F.,.F.,
(2,2),(-53.9844470953618,-34.8579738738905),.UNSPECIFIED.);
#389=B_SPLINE_CURVE_WITH_KNOTS('',1,(#1809,#1810),.UNSPECIFIED.,.F.,.F.,
(2,2),(-53.9844470953618,-34.8579738738905),.UNSPECIFIED.);
#390=B_SPLINE_CURVE_WITH_KNOTS('',1,(#1811,#1812),.UNSPECIFIED.,.F.,.F.,
(2,2),(0.,5.00000000000003),.UNSPECIFIED.);
#391=B_SPLINE_CURVE_WITH_KNOTS('',1,(#1813,#1814),.UNSPECIFIED.,.F.,.F.,
(2,2),(0.,5.00000000000003),.UNSPECIFIED.);
#392=B_SPLINE_CURVE_WITH_KNOTS('',1,(#1815,#1816),.UNSPECIFIED.,.F.,.F.,
(2,2),(34.8579738738905,53.9844470953618),.UNSPECIFIED.);
#393=B_SPLINE_CURVE_WITH_KNOTS('',1,(#1817,#1818),.UNSPECIFIED.,.F.,.F.,
(2,2),(34.8579738738905,53.9844470953618),.UNSPECIFIED.);
#394=B_SPLINE_CURVE_WITH_KNOTS('',1,(#1819,#1820),.UNSPECIFIED.,.F.,.F.,
(2,2),(0.,5.00000000000003),.UNSPECIFIED.);
#395=B_SPLINE_CURVE_WITH_KNOTS('',1,(#1821,#1822),.UNSPECIFIED.,.F.,.F.,
(2,2),(-34.8579738738905,-22.8579738738905),.UNSPECIFIED.);
#396=B_SPLINE_CURVE_WITH_KNOTS('',1,(#1823,#1824),.UNSPECIFIED.,.F.,.F.,
(2,2),(-34.8579738738905,-22.8579738738905),.UNSPECIFIED.);
#397=B_SPLINE_CURVE_WITH_KNOTS('',1,(#1825,#1826),.UNSPECIFIED.,.F.,.F.,
(2,2),(0.,5.00000000000003),.UNSPECIFIED.);
#398=B_SPLINE_CURVE_WITH_KNOTS('',1,(#1827,#1828),.UNSPECIFIED.,.F.,.F.,
(2,2),(0.,5.00000000000003),.UNSPECIFIED.);
#399=B_SPLINE_CURVE_WITH_KNOTS('',1,(#1829,#1830),.UNSPECIFIED.,.F.,.F.,
(2,2),(22.8579738738905,34.8579738738905),.UNSPECIFIED.);
#400=B_SPLINE_CURVE_WITH_KNOTS('',1,(#1831,#1832),.UNSPECIFIED.,.F.,.F.,
(2,2),(22.8579738738905,34.8579738738905),.UNSPECIFIED.);
#401=B_SPLINE_CURVE_WITH_KNOTS('',1,(#1833,#1834),.UNSPECIFIED.,.F.,.F.,
(2,2),(0.,5.00000000000003),.UNSPECIFIED.);
#402=B_SPLINE_CURVE_WITH_KNOTS('',1,(#1835,#1836),.UNSPECIFIED.,.F.,.F.,
(2,2),(-22.8579738738905,-21.8579738738905),.UNSPECIFIED.);
#403=B_SPLINE_CURVE_WITH_KNOTS('',1,(#1837,#1838),.UNSPECIFIED.,.F.,.F.,
(2,2),(-22.8579738738905,-21.8579738738905),.UNSPECIFIED.);
#404=B_SPLINE_CURVE_WITH_KNOTS('',1,(#1839,#1840),.UNSPECIFIED.,.F.,.F.,
(2,2),(0.,5.00000000000003),.UNSPECIFIED.);
#405=B_SPLINE_CURVE_WITH_KNOTS('',1,(#1841,#1842),.UNSPECIFIED.,.F.,.F.,
(2,2),(0.,5.00000000000003),.UNSPECIFIED.);
#406=B_SPLINE_CURVE_WITH_KNOTS('',1,(#1843,#1844),.UNSPECIFIED.,.F.,.F.,
(2,2),(21.8579738738905,22.8579738738905),.UNSPECIFIED.);
#407=B_SPLINE_CURVE_WITH_KNOTS('',1,(#1845,#1846),.UNSPECIFIED.,.F.,.F.,
(2,2),(21.8579738738905,22.8579738738905),.UNSPECIFIED.);
#408=B_SPLINE_CURVE_WITH_KNOTS('',1,(#1847,#1848),.UNSPECIFIED.,.F.,.F.,
(2,2),(0.,5.00000000000003),.UNSPECIFIED.);
#409=B_SPLINE_CURVE_WITH_KNOTS('',1,(#1849,#1850),.UNSPECIFIED.,.F.,.F.,
(2,2),(-21.8579738738905,-17.1264732214713),.UNSPECIFIED.);
#410=B_SPLINE_CURVE_WITH_KNOTS('',1,(#1851,#1852),.UNSPECIFIED.,.F.,.F.,
(2,2),(-21.8579738738905,-17.1264732214713),.UNSPECIFIED.);
#411=B_SPLINE_CURVE_WITH_KNOTS('',1,(#1853,#1854),.UNSPECIFIED.,.F.,.F.,
(2,2),(0.,5.00000000000003),.UNSPECIFIED.);
#412=B_SPLINE_CURVE_WITH_KNOTS('',1,(#1855,#1856),.UNSPECIFIED.,.F.,.F.,
(2,2),(0.,5.00000000000003),.UNSPECIFIED.);
#413=B_SPLINE_CURVE_WITH_KNOTS('',1,(#1857,#1858),.UNSPECIFIED.,.F.,.F.,
(2,2),(17.1264732214713,21.8579738738905),.UNSPECIFIED.);
#414=B_SPLINE_CURVE_WITH_KNOTS('',1,(#1859,#1860),.UNSPECIFIED.,.F.,.F.,
(2,2),(17.1264732214713,21.8579738738905),.UNSPECIFIED.);
#415=B_SPLINE_CURVE_WITH_KNOTS('',1,(#1861,#1862),.UNSPECIFIED.,.F.,.F.,
(2,2),(0.,5.00000000000003),.UNSPECIFIED.);
#416=B_SPLINE_CURVE_WITH_KNOTS('',1,(#1863,#1864),.UNSPECIFIED.,.F.,.F.,
(2,2),(-17.1264732214713,-4.44089209850063E-15),.UNSPECIFIED.);
#417=B_SPLINE_CURVE_WITH_KNOTS('',1,(#1865,#1866),.UNSPECIFIED.,.F.,.F.,
(2,2),(-17.1264732214713,-4.44089209850063E-15),.UNSPECIFIED.);
#418=B_SPLINE_CURVE_WITH_KNOTS('',1,(#1867,#1868),.UNSPECIFIED.,.F.,.F.,
(2,2),(0.,5.00000000000003),.UNSPECIFIED.);
#419=B_SPLINE_CURVE_WITH_KNOTS('',1,(#1869,#1870),.UNSPECIFIED.,.F.,.F.,
(2,2),(0.,5.00000000000003),.UNSPECIFIED.);
#420=B_SPLINE_CURVE_WITH_KNOTS('',1,(#1871,#1872),.UNSPECIFIED.,.F.,.F.,
(2,2),(4.44089209850063E-15,17.1264732214713),.UNSPECIFIED.);
#421=B_SPLINE_CURVE_WITH_KNOTS('',1,(#1873,#1874),.UNSPECIFIED.,.F.,.F.,
(2,2),(4.44089209850063E-15,17.1264732214713),.UNSPECIFIED.);
#422=B_SPLINE_CURVE_WITH_KNOTS('',1,(#1875,#1876),.UNSPECIFIED.,.F.,.F.,
(2,2),(0.,5.00000000000003),.UNSPECIFIED.);
#423=B_SPLINE_CURVE_WITH_KNOTS('',1,(#1877,#1878),.UNSPECIFIED.,.F.,.F.,
(2,2),(-4.44089209850063E-15,4.73150065241914),.UNSPECIFIED.);
#424=B_SPLINE_CURVE_WITH_KNOTS('',1,(#1879,#1880),.UNSPECIFIED.,.F.,.F.,
(2,2),(-4.44089209850063E-15,4.73150065241914),.UNSPECIFIED.);
#425=B_SPLINE_CURVE_WITH_KNOTS('',1,(#1881,#1882),.UNSPECIFIED.,.F.,.F.,
(2,2),(-5.00000000000003,0.),.UNSPECIFIED.);
#426=B_SPLINE_CURVE_WITH_KNOTS('',1,(#1883,#1884),.UNSPECIFIED.,.F.,.F.,
(2,2),(-4.73150065241914,4.44089209850063E-15),.UNSPECIFIED.);
#427=B_SPLINE_CURVE_WITH_KNOTS('',1,(#1885,#1886),.UNSPECIFIED.,.F.,.F.,
(2,2),(-4.73150065241914,4.44089209850063E-15),.UNSPECIFIED.);
#428=B_SPLINE_CURVE_WITH_KNOTS('',1,(#1887,#1888),.UNSPECIFIED.,.F.,.F.,
(2,2),(0.,5.00000000000003),.UNSPECIFIED.);
#429=B_SPLINE_CURVE_WITH_KNOTS('',1,(#1889,#1890),.UNSPECIFIED.,.F.,.F.,
(2,2),(-65.9844470953618,-53.9844470953618),.UNSPECIFIED.);
#430=B_SPLINE_CURVE_WITH_KNOTS('',1,(#1891,#1892),.UNSPECIFIED.,.F.,.F.,
(2,2),(17.6275757977042,18.1264732214713),.UNSPECIFIED.);
#431=B_SPLINE_CURVE_WITH_KNOTS('',1,(#1893,#1894),.UNSPECIFIED.,.F.,.F.,
(2,2),(17.6275757977042,18.1264732214713),.UNSPECIFIED.);
#432=B_SPLINE_CURVE_WITH_KNOTS('',1,(#1895,#1896),.UNSPECIFIED.,.F.,.F.,
(2,2),(0.,9.99999999999999),.UNSPECIFIED.);
#433=B_SPLINE_CURVE_WITH_KNOTS('',1,(#1897,#1898),.UNSPECIFIED.,.F.,.F.,
(2,2),(0.,9.99999999999999),.UNSPECIFIED.);
#434=B_SPLINE_CURVE_WITH_KNOTS('',3,(#1902,#1903,#1904,#1905,#1906,#1907,
#1908,#1909,#1910,#1911,#1912,#1913,#1914,#1915,#1916,#1917,#1918,#1919,
#1920,#1921,#1922,#1923,#1924,#1925,#1926,#1927,#1928,#1929,#1930,#1931,
#1932,#1933,#1934,#1935,#1936,#1937,#1938,#1939,#1940,#1941,#1942,#1943,
#1944,#1945,#1946,#1947,#1948,#1949,#1950,#1951,#1952,#1953),
 .UNSPECIFIED.,.F.,.F.,(4,3,3,3,3,3,3,3,3,3,3,3,3,3,3,3,3,4),(0.,0.169204000204743,
0.343799682177386,0.523353704127679,0.707328388140986,0.89508503105907,
1.08589231983541,1.27893997607996,1.47335725499065,1.66823539859943,1.86265267751013,
2.05570033375466,2.24650762253099,2.43426426544904,2.6182389494624,2.79779297141273,
2.97238865338532,3.14159265358997),.UNSPECIFIED.);
#435=B_SPLINE_CURVE_WITH_KNOTS('',1,(#1954,#1955),.UNSPECIFIED.,.F.,.F.,
(2,2),(-18.0770949291061,-17.6275757977042),.UNSPECIFIED.);
#436=B_SPLINE_CURVE_WITH_KNOTS('',1,(#1956,#1957),.UNSPECIFIED.,.F.,.F.,
(2,2),(-18.0770949291061,-17.6275757977042),.UNSPECIFIED.);
#437=B_SPLINE_CURVE_WITH_KNOTS('',1,(#1958,#1959),.UNSPECIFIED.,.F.,.F.,
(2,2),(-34.8579738738905,-22.8579738738905),.UNSPECIFIED.);
#438=B_SPLINE_CURVE_WITH_KNOTS('',1,(#1960,#1961),.UNSPECIFIED.,.F.,.F.,
(2,2),(-19.6253706452385,-19.1758515138366),.UNSPECIFIED.);
#439=B_SPLINE_CURVE_WITH_KNOTS('',1,(#1962,#1963),.UNSPECIFIED.,.F.,.F.,
(2,2),(-19.6253706452385,-19.1758515138366),.UNSPECIFIED.);
#440=B_SPLINE_CURVE_WITH_KNOTS('',3,(#1967,#1968,#1969,#1970,#1971,#1972,
#1973,#1974,#1975,#1976,#1977,#1978,#1979,#1980,#1981,#1982,#1983,#1984,
#1985,#1986,#1987,#1988,#1989,#1990,#1991,#1992,#1993,#1994,#1995,#1996,
#1997,#1998,#1999,#2000,#2001,#2002,#2003,#2004,#2005,#2006,#2007,#2008,
#2009,#2010,#2011,#2012,#2013,#2014,#2015,#2016,#2017,#2018),
 .UNSPECIFIED.,.F.,.F.,(4,3,3,3,3,3,3,3,3,3,3,3,3,3,3,3,3,4),(-3.14159265358997,
-2.97238865338526,-2.79779297141261,-2.61823894946237,-2.43426426544904,
-2.24650762253094,-2.0557003337546,-1.86265267751006,-1.66823539859938,
-1.47335725499061,-1.27893997607991,-1.0858923198354,-0.895085031059058,
-0.707328388140978,-0.523353704127649,-0.34379968217736,-0.169204000204732,
0.),.UNSPECIFIED.);
#441=B_SPLINE_CURVE_WITH_KNOTS('',1,(#2019,#2020),.UNSPECIFIED.,.F.,.F.,
(2,2),(-10.,0.),.UNSPECIFIED.);
#442=B_SPLINE_CURVE_WITH_KNOTS('',1,(#2021,#2022),.UNSPECIFIED.,.F.,.F.,
(2,2),(-10.,0.),.UNSPECIFIED.);
#443=B_SPLINE_CURVE_WITH_KNOTS('',1,(#2023,#2024),.UNSPECIFIED.,.F.,.F.,
(2,2),(19.1264732214713,19.6253706452385),.UNSPECIFIED.);
#444=B_SPLINE_CURVE_WITH_KNOTS('',1,(#2025,#2026),.UNSPECIFIED.,.F.,.F.,
(2,2),(19.1264732214713,19.6253706452385),.UNSPECIFIED.);
#445=B_SPLINE_CURVE_WITH_KNOTS('',1,(#2027,#2028),.UNSPECIFIED.,.F.,.F.,
(2,2),(28.9055479960158,40.6301015204353),.UNSPECIFIED.);
#446=B_SPLINE_CURVE_WITH_KNOTS('',1,(#2029,#2030),.UNSPECIFIED.,.F.,.F.,
(2,2),(28.9055479960158,40.6301015204353),.UNSPECIFIED.);
#447=B_SPLINE_CURVE_WITH_KNOTS('',1,(#2031,#2032),.UNSPECIFIED.,.F.,.F.,
(2,2),(40.6301015204353,57.7565747419066),.UNSPECIFIED.);
#448=B_SPLINE_CURVE_WITH_KNOTS('',1,(#2033,#2034),.UNSPECIFIED.,.F.,.F.,
(2,2),(40.6301015204353,57.7565747419066),.UNSPECIFIED.);
#449=B_SPLINE_CURVE_WITH_KNOTS('',1,(#2035,#2036),.UNSPECIFIED.,.F.,.F.,
(2,2),(-39.503628298964,-20.2964724873884),.UNSPECIFIED.);
#450=B_SPLINE_CURVE_WITH_KNOTS('',1,(#2037,#2038),.UNSPECIFIED.,.F.,.F.,
(2,2),(-39.503628298964,-20.2964724873884),.UNSPECIFIED.);
#451=B_SPLINE_CURVE_WITH_KNOTS('',1,(#2039,#2040),.UNSPECIFIED.,.F.,.F.,
(2,2),(-22.8579738738905,-21.8579738738905),.UNSPECIFIED.);
#452=B_SPLINE_CURVE_WITH_KNOTS('',1,(#2041,#2042),.UNSPECIFIED.,.F.,.F.,
(2,2),(19.1264732214713,19.6253706452385),.UNSPECIFIED.);
#453=B_SPLINE_CURVE_WITH_KNOTS('',1,(#2043,#2044),.UNSPECIFIED.,.F.,.F.,
(2,2),(-19.1264732214713,-18.1264732214713),.UNSPECIFIED.);
#454=B_SPLINE_CURVE_WITH_KNOTS('',1,(#2045,#2046),.UNSPECIFIED.,.F.,.F.,
(2,2),(-19.1264732214713,-18.1264732214713),.UNSPECIFIED.);
#455=B_SPLINE_CURVE_WITH_KNOTS('',1,(#2047,#2048),.UNSPECIFIED.,.F.,.F.,
(2,2),(17.6275757977042,18.1264732214713),.UNSPECIFIED.);
#456=B_SPLINE_CURVE_WITH_KNOTS('',1,(#2049,#2050),.UNSPECIFIED.,.F.,.F.,
(2,2),(-66.9844470953618,-65.9844470953618),.UNSPECIFIED.);
#457=B_SPLINE_CURVE_WITH_KNOTS('',1,(#2075,#2076),.UNSPECIFIED.,.F.,.F.,
(2,2),(10.7580248290867,19.1264732214713),.UNSPECIFIED.);
#458=B_SPLINE_CURVE_WITH_KNOTS('',3,(#2077,#2078,#2079,#2080),
 .UNSPECIFIED.,.F.,.F.,(4,4),(10.7580248290867,19.1264732214713),
 .UNSPECIFIED.);
#459=B_SPLINE_CURVE_WITH_KNOTS('',1,(#2081,#2082),.UNSPECIFIED.,.F.,.F.,
(2,2),(-19.6253706452385,-19.1758515138366),.UNSPECIFIED.);
#460=B_SPLINE_CURVE_WITH_KNOTS('',1,(#2083,#2084),.UNSPECIFIED.,.F.,.F.,
(2,2),(-53.9844470953618,-34.8579738738905),.UNSPECIFIED.);
#461=B_SPLINE_CURVE_WITH_KNOTS('',1,(#2085,#2086),.UNSPECIFIED.,.F.,.F.,
(2,2),(-18.0770949291061,-17.6275757977042),.UNSPECIFIED.);
#462=B_SPLINE_CURVE_WITH_KNOTS('',1,(#2087,#2088),.UNSPECIFIED.,.F.,.F.,
(2,2),(0.,8.36844839238451),.UNSPECIFIED.);
#463=B_SPLINE_CURVE_WITH_KNOTS('',3,(#2089,#2090,#2091,#2092),
 .UNSPECIFIED.,.F.,.F.,(4,4),(0.,8.36844839238451),.UNSPECIFIED.);
#464=B_SPLINE_CURVE_WITH_KNOTS('',1,(#2099,#2100),.UNSPECIFIED.,.F.,.F.,
(2,2),(-17.1264732214713,-4.44089209850063E-15),.UNSPECIFIED.);
#465=B_SPLINE_CURVE_WITH_KNOTS('',1,(#2101,#2102),.UNSPECIFIED.,.F.,.F.,
(2,2),(-69.4811282663261,-57.7565747419066),.UNSPECIFIED.);
#466=B_SPLINE_CURVE_WITH_KNOTS('',1,(#2103,#2104),.UNSPECIFIED.,.F.,.F.,
(2,2),(-69.4811282663261,-57.7565747419066),.UNSPECIFIED.);
#467=B_SPLINE_CURVE_WITH_KNOTS('',1,(#2105,#2106),.UNSPECIFIED.,.F.,.F.,
(2,2),(-57.7565747419066,-40.6301015204353),.UNSPECIFIED.);
#468=B_SPLINE_CURVE_WITH_KNOTS('',1,(#2107,#2108),.UNSPECIFIED.,.F.,.F.,
(2,2),(-57.7565747419066,-40.6301015204353),.UNSPECIFIED.);
#469=B_SPLINE_CURVE_WITH_KNOTS('',1,(#2109,#2110),.UNSPECIFIED.,.F.,.F.,
(2,2),(-40.6301015204353,-28.9055479960158),.UNSPECIFIED.);
#470=B_SPLINE_CURVE_WITH_KNOTS('',1,(#2111,#2112),.UNSPECIFIED.,.F.,.F.,
(2,2),(-40.6301015204353,-28.9055479960158),.UNSPECIFIED.);
#471=B_SPLINE_CURVE_WITH_KNOTS('',1,(#2133,#2134),.UNSPECIFIED.,.F.,.F.,
(2,2),(-39.503628298964,-20.2964724873884),.UNSPECIFIED.);
#472=B_SPLINE_CURVE_WITH_KNOTS('',1,(#2135,#2136),.UNSPECIFIED.,.F.,.F.,
(2,2),(-4.73150065241914,0.),.UNSPECIFIED.);
#473=B_SPLINE_CURVE_WITH_KNOTS('',1,(#2137,#2138),.UNSPECIFIED.,.F.,.F.,
(2,2),(-4.73150065241914,0.),.UNSPECIFIED.);
#474=B_SPLINE_CURVE_WITH_KNOTS('',1,(#2139,#2140),.UNSPECIFIED.,.F.,.F.,
(2,2),(-69.4811282663261,-57.7565747419066),.UNSPECIFIED.);
#475=B_SPLINE_CURVE_WITH_KNOTS('',1,(#2141,#2142),.UNSPECIFIED.,.F.,.F.,
(2,2),(-21.8579738738905,-17.1264732214713),.UNSPECIFIED.);
#476=B_SPLINE_CURVE_WITH_KNOTS('',1,(#2143,#2144),.UNSPECIFIED.,.F.,.F.,
(2,2),(40.6301015204353,57.7565747419066),.UNSPECIFIED.);
#477=B_SPLINE_CURVE_WITH_KNOTS('',1,(#2145,#2146),.UNSPECIFIED.,.F.,.F.,
(2,2),(-4.73150065241914,0.),.UNSPECIFIED.);
#478=B_SPLINE_CURVE_WITH_KNOTS('',1,(#2147,#2148),.UNSPECIFIED.,.F.,.F.,
(2,2),(-4.73150065241914,0.),.UNSPECIFIED.);
#479=B_SPLINE_CURVE_WITH_KNOTS('',1,(#2149,#2150),.UNSPECIFIED.,.F.,.F.,
(2,2),(-57.7565747419066,-40.6301015204353),.UNSPECIFIED.);
#480=B_SPLINE_CURVE_WITH_KNOTS('',1,(#2151,#2152),.UNSPECIFIED.,.F.,.F.,
(2,2),(-4.73150065241914,0.),.UNSPECIFIED.);
#481=B_SPLINE_CURVE_WITH_KNOTS('',1,(#2153,#2154),.UNSPECIFIED.,.F.,.F.,
(2,2),(-40.6301015204353,-28.9055479960158),.UNSPECIFIED.);
#482=B_SPLINE_CURVE_WITH_KNOTS('',1,(#2155,#2156),.UNSPECIFIED.,.F.,.F.,
(2,2),(-4.73150065241914,0.),.UNSPECIFIED.);
#483=B_SPLINE_CURVE_WITH_KNOTS('',1,(#2157,#2158),.UNSPECIFIED.,.F.,.F.,
(2,2),(28.9055479960158,40.6301015204353),.UNSPECIFIED.);
#484=B_SPLINE_CURVE_WITH_KNOTS('',1,(#2159,#2160),.UNSPECIFIED.,.F.,.F.,
(2,2),(-4.44089209850063E-15,4.73150065241914),.UNSPECIFIED.);
#485=B_SPLINE_CURVE_WITH_KNOTS('',1,(#2161,#2162),.UNSPECIFIED.,.F.,.F.,
(2,2),(0.,9.99999999999999),.UNSPECIFIED.);
#486=B_SPLINE_CURVE_WITH_KNOTS('',1,(#2163,#2164),.UNSPECIFIED.,.F.,.F.,
(2,2),(-19.1264732214713,-18.1264732214713),.UNSPECIFIED.);
#487=B_SPLINE_CURVE_WITH_KNOTS('',1,(#2165,#2166),.UNSPECIFIED.,.F.,.F.,
(2,2),(-10.,0.),.UNSPECIFIED.);
#488=B_SPLINE_CURVE_WITH_KNOTS('',1,(#2167,#2168),.UNSPECIFIED.,.F.,.F.,
(2,2),(-19.1264732214713,0.),.UNSPECIFIED.);
#489=B_SPLINE_CURVE_WITH_KNOTS('',3,(#2169,#2170,#2171,#2172),
 .UNSPECIFIED.,.F.,.F.,(4,4),(-19.1264732214713,0.),.UNSPECIFIED.);
#490=B_SPLINE_CURVE_WITH_KNOTS('',3,(#2173,#2174,#2175,#2176,#2177,#2178,
#2179,#2180,#2181,#2182,#2183),.UNSPECIFIED.,.F.,.F.,(4,2,3,2,4),(0.,0.615364257165034,
1.23116484560866,1.8469654340527,2.46232969121728),.UNSPECIFIED.);
#491=B_SPLINE_CURVE_WITH_KNOTS('',3,(#2184,#2185,#2186,#2187,#2188,#2189,
#2190,#2191,#2192,#2193,#2194,#2195,#2196),.UNSPECIFIED.,.F.,.F.,(4,3,3,
3,4),(0.,0.848767197191059,1.23116484560866,1.61356249402651,2.46232969121728),
 .UNSPECIFIED.);
#492=B_SPLINE_CURVE_WITH_KNOTS('',1,(#2197,#2198),.UNSPECIFIED.,.F.,.F.,
(2,2),(0.,8.36844839238451),.UNSPECIFIED.);
#493=B_SPLINE_CURVE_WITH_KNOTS('',1,(#2199,#2200),.UNSPECIFIED.,.F.,.F.,
(2,2),(0.,3.14159265358997),.UNSPECIFIED.);
#494=B_SPLINE_CURVE_WITH_KNOTS('',1,(#2201,#2202),.UNSPECIFIED.,.F.,.F.,
(2,2),(-19.1264732214713,0.),.UNSPECIFIED.);
#495=B_SPLINE_CURVE_WITH_KNOTS('',1,(#2203,#2204),.UNSPECIFIED.,.F.,.F.,
(2,2),(-3.14159265358997,0.),.UNSPECIFIED.);
#496=B_SPLINE_CURVE_WITH_KNOTS('',1,(#2205,#2206),.UNSPECIFIED.,.F.,.F.,
(2,2),(10.7580248290867,19.1264732214713),.UNSPECIFIED.);
#497=B_SPLINE_CURVE_WITH_KNOTS('',1,(#2207,#2208),.UNSPECIFIED.,.F.,.F.,
(2,2),(53.9844470953618,65.9844470953618),.UNSPECIFIED.);
#498=B_SPLINE_CURVE_WITH_KNOTS('',1,(#2209,#2210),.UNSPECIFIED.,.F.,.F.,
(2,2),(-17.6275757977042,-17.1758515138366),.UNSPECIFIED.);
#499=B_SPLINE_CURVE_WITH_KNOTS('',1,(#2211,#2212),.UNSPECIFIED.,.F.,.F.,
(2,2),(-17.6275757977042,-17.1758515138366),.UNSPECIFIED.);
#500=B_SPLINE_CURVE_WITH_KNOTS('',3,(#2216,#2217,#2218,#2219,#2220,#2221,
#2222,#2223,#2224,#2225,#2226,#2227,#2228,#2229,#2230,#2231,#2232,#2233,
#2234,#2235,#2236,#2237,#2238,#2239,#2240,#2241,#2242,#2243,#2244,#2245,
#2246,#2247,#2248,#2249,#2250,#2251,#2252,#2253,#2254,#2255,#2256,#2257,
#2258,#2259,#2260,#2261,#2262,#2263,#2264,#2265,#2266,#2267),
 .UNSPECIFIED.,.F.,.F.,(4,3,3,3,3,3,3,3,3,3,3,3,3,3,3,3,3,4),(-3.14159265358991,
-2.97238865338522,-2.79779297141258,-2.61823894946228,-2.43426426544899,
-2.24650762253092,-2.05570033375457,-1.86265267751006,-1.66823539859935,
-1.4733572549906,-1.27893997607991,-1.08589231983536,-0.895085031059015,
-0.707328388140964,-0.523353704127636,-0.343799682177348,-0.169204000204731,
0.),.UNSPECIFIED.);
#501=B_SPLINE_CURVE_WITH_KNOTS('',1,(#2268,#2269),.UNSPECIFIED.,.F.,.F.,
(2,2),(-10.,0.),.UNSPECIFIED.);
#502=B_SPLINE_CURVE_WITH_KNOTS('',1,(#2270,#2271),.UNSPECIFIED.,.F.,.F.,
(2,2),(-10.,0.),.UNSPECIFIED.);
#503=B_SPLINE_CURVE_WITH_KNOTS('',1,(#2272,#2273),.UNSPECIFIED.,.F.,.F.,
(2,2),(17.1264732214713,17.6275757977042),.UNSPECIFIED.);
#504=B_SPLINE_CURVE_WITH_KNOTS('',1,(#2274,#2275),.UNSPECIFIED.,.F.,.F.,
(2,2),(17.1264732214713,17.6275757977042),.UNSPECIFIED.);
#505=B_SPLINE_CURVE_WITH_KNOTS('',1,(#2276,#2277),.UNSPECIFIED.,.F.,.F.,
(2,2),(22.8579738738905,34.8579738738905),.UNSPECIFIED.);
#506=B_SPLINE_CURVE_WITH_KNOTS('',1,(#2278,#2279),.UNSPECIFIED.,.F.,.F.,
(2,2),(19.6253706452385,20.1264732214713),.UNSPECIFIED.);
#507=B_SPLINE_CURVE_WITH_KNOTS('',1,(#2280,#2281),.UNSPECIFIED.,.F.,.F.,
(2,2),(19.6253706452385,20.1264732214713),.UNSPECIFIED.);
#508=B_SPLINE_CURVE_WITH_KNOTS('',1,(#2282,#2283),.UNSPECIFIED.,.F.,.F.,
(2,2),(0.,10.),.UNSPECIFIED.);
#509=B_SPLINE_CURVE_WITH_KNOTS('',1,(#2284,#2285),.UNSPECIFIED.,.F.,.F.,
(2,2),(0.,10.),.UNSPECIFIED.);
#510=B_SPLINE_CURVE_WITH_KNOTS('',3,(#2289,#2290,#2291,#2292,#2293,#2294,
#2295,#2296,#2297,#2298,#2299,#2300,#2301,#2302,#2303,#2304,#2305,#2306,
#2307,#2308,#2309,#2310,#2311,#2312,#2313,#2314,#2315,#2316,#2317,#2318,
#2319,#2320,#2321,#2322,#2323,#2324,#2325,#2326,#2327,#2328,#2329,#2330,
#2331,#2332,#2333,#2334,#2335,#2336,#2337,#2338,#2339,#2340),
 .UNSPECIFIED.,.F.,.F.,(4,3,3,3,3,3,3,3,3,3,3,3,3,3,3,3,3,4),(0.,0.16920400020472,
0.343799682177352,0.523353704127658,0.707328388140977,0.895085031059033,
1.08589231983537,1.27893997607991,1.47335725499063,1.66823539859941,1.86265267751009,
2.0557003337546,2.24650762253096,2.43426426544902,2.61823894946234,2.79779297141265,
2.97238865338526,3.14159265358991),.UNSPECIFIED.);
#511=B_SPLINE_CURVE_WITH_KNOTS('',1,(#2341,#2342),.UNSPECIFIED.,.F.,.F.,
(2,2),(-20.0770949291061,-19.6253706452385),.UNSPECIFIED.);
#512=B_SPLINE_CURVE_WITH_KNOTS('',1,(#2343,#2344),.UNSPECIFIED.,.F.,.F.,
(2,2),(-20.0770949291061,-19.6253706452385),.UNSPECIFIED.);
#513=B_SPLINE_CURVE_WITH_KNOTS('',1,(#2345,#2346),.UNSPECIFIED.,.F.,.F.,
(2,2),(-20.2964724873884,-0.999999999999998),.UNSPECIFIED.);
#514=B_SPLINE_CURVE_WITH_KNOTS('',1,(#2347,#2348),.UNSPECIFIED.,.F.,.F.,
(2,2),(-20.2964724873884,-0.999999999999998),.UNSPECIFIED.);
#515=B_SPLINE_CURVE_WITH_KNOTS('',1,(#2349,#2350),.UNSPECIFIED.,.F.,.F.,
(2,2),(0.999999999999998,18.1264732214713),.UNSPECIFIED.);
#516=B_SPLINE_CURVE_WITH_KNOTS('',1,(#2351,#2352),.UNSPECIFIED.,.F.,.F.,
(2,2),(0.999999999999998,18.1264732214713),.UNSPECIFIED.);
#517=B_SPLINE_CURVE_WITH_KNOTS('',1,(#2353,#2354),.UNSPECIFIED.,.F.,.F.,
(2,2),(17.1264732214713,28.9055479960158),.UNSPECIFIED.);
#518=B_SPLINE_CURVE_WITH_KNOTS('',1,(#2355,#2356),.UNSPECIFIED.,.F.,.F.,
(2,2),(17.1264732214713,28.9055479960158),.UNSPECIFIED.);
#519=B_SPLINE_CURVE_WITH_KNOTS('',1,(#2357,#2358),.UNSPECIFIED.,.F.,.F.,
(2,2),(65.9844470953618,66.9844470953618),.UNSPECIFIED.);
#520=B_SPLINE_CURVE_WITH_KNOTS('',1,(#2359,#2360),.UNSPECIFIED.,.F.,.F.,
(2,2),(17.1264732214713,17.6275757977042),.UNSPECIFIED.);
#521=B_SPLINE_CURVE_WITH_KNOTS('',1,(#2361,#2362),.UNSPECIFIED.,.F.,.F.,
(2,2),(-17.1264732214713,0.),.UNSPECIFIED.);
#522=B_SPLINE_CURVE_WITH_KNOTS('',1,(#2363,#2364),.UNSPECIFIED.,.F.,.F.,
(2,2),(-17.1264732214713,0.),.UNSPECIFIED.);
#523=B_SPLINE_CURVE_WITH_KNOTS('',1,(#2365,#2366),.UNSPECIFIED.,.F.,.F.,
(2,2),(19.6253706452385,20.1264732214713),.UNSPECIFIED.);
#524=B_SPLINE_CURVE_WITH_KNOTS('',1,(#2367,#2368),.UNSPECIFIED.,.F.,.F.,
(2,2),(21.8579738738905,22.8579738738905),.UNSPECIFIED.);
#525=B_SPLINE_CURVE_WITH_KNOTS('',1,(#2369,#2370),.UNSPECIFIED.,.F.,.F.,
(2,2),(34.8579738738905,53.9844470953618),.UNSPECIFIED.);
#526=B_SPLINE_CURVE_WITH_KNOTS('',1,(#2371,#2372),.UNSPECIFIED.,.F.,.F.,
(2,2),(-20.0770949291061,-19.6253706452385),.UNSPECIFIED.);
#527=B_SPLINE_CURVE_WITH_KNOTS('',1,(#2373,#2374),.UNSPECIFIED.,.F.,.F.,
(2,2),(0.,19.1264732214713),.UNSPECIFIED.);
#528=B_SPLINE_CURVE_WITH_KNOTS('',3,(#2375,#2376,#2377,#2378),
 .UNSPECIFIED.,.F.,.F.,(4,4),(0.,19.1264732214713),.UNSPECIFIED.);
#529=B_SPLINE_CURVE_WITH_KNOTS('',1,(#2379,#2380),.UNSPECIFIED.,.F.,.F.,
(2,2),(-17.6275757977042,-17.1758515138366),.UNSPECIFIED.);
#530=B_SPLINE_CURVE_WITH_KNOTS('',1,(#2412,#2413),.UNSPECIFIED.,.F.,.F.,
(2,2),(69.4811282663261,81.2602030408706),.UNSPECIFIED.);
#531=B_SPLINE_CURVE_WITH_KNOTS('',1,(#2414,#2415),.UNSPECIFIED.,.F.,.F.,
(2,2),(69.4811282663261,81.2602030408706),.UNSPECIFIED.);
#532=B_SPLINE_CURVE_WITH_KNOTS('',1,(#2416,#2417),.UNSPECIFIED.,.F.,.F.,
(2,2),(0.,4.73150065241914),.UNSPECIFIED.);
#533=B_SPLINE_CURVE_WITH_KNOTS('',1,(#2418,#2419),.UNSPECIFIED.,.F.,.F.,
(2,2),(0.,4.73150065241914),.UNSPECIFIED.);
#534=B_SPLINE_CURVE_WITH_KNOTS('',1,(#2420,#2421),.UNSPECIFIED.,.F.,.F.,
(2,2),(-20.2964724873884,-0.999999999999998),.UNSPECIFIED.);
#535=B_SPLINE_CURVE_WITH_KNOTS('',1,(#2422,#2423),.UNSPECIFIED.,.F.,.F.,
(2,2),(17.1264732214713,21.8579738738905),.UNSPECIFIED.);
#536=B_SPLINE_CURVE_WITH_KNOTS('',1,(#2424,#2425),.UNSPECIFIED.,.F.,.F.,
(2,2),(17.1264732214713,28.9055479960158),.UNSPECIFIED.);
#537=B_SPLINE_CURVE_WITH_KNOTS('',1,(#2426,#2427),.UNSPECIFIED.,.F.,.F.,
(2,2),(-4.73150065241914,0.),.UNSPECIFIED.);
#538=B_SPLINE_CURVE_WITH_KNOTS('',1,(#2428,#2429),.UNSPECIFIED.,.F.,.F.,
(2,2),(-4.73150065241914,0.),.UNSPECIFIED.);
#539=B_SPLINE_CURVE_WITH_KNOTS('',1,(#2430,#2431),.UNSPECIFIED.,.F.,.F.,
(2,2),(17.1264732214713,28.9055479960158),.UNSPECIFIED.);
#540=B_SPLINE_CURVE_WITH_KNOTS('',1,(#2432,#2433),.UNSPECIFIED.,.F.,.F.,
(2,2),(17.1264732214713,28.9055479960158),.UNSPECIFIED.);
#541=B_SPLINE_CURVE_WITH_KNOTS('',1,(#2434,#2435),.UNSPECIFIED.,.F.,.F.,
(2,2),(-4.73150065241914,4.44089209850063E-15),.UNSPECIFIED.);
#542=B_SPLINE_CURVE_WITH_KNOTS('',1,(#2436,#2437),.UNSPECIFIED.,.F.,.F.,
(2,2),(0.999999999999998,18.1264732214713),.UNSPECIFIED.);
#543=B_SPLINE_CURVE_WITH_KNOTS('',1,(#2438,#2439),.UNSPECIFIED.,.F.,.F.,
(2,2),(0.,4.73150065241914),.UNSPECIFIED.);
#544=B_SPLINE_CURVE_WITH_KNOTS('',1,(#2440,#2441),.UNSPECIFIED.,.F.,.F.,
(2,2),(0.,2.36367842597187),.UNSPECIFIED.);
#545=B_SPLINE_CURVE_WITH_KNOTS('',1,(#2442,#2443),.UNSPECIFIED.,.F.,.F.,
(2,2),(0.,2.36367842597187),.UNSPECIFIED.);
#546=B_SPLINE_CURVE_WITH_KNOTS('',1,(#2444,#2445),.UNSPECIFIED.,.F.,.F.,
(2,2),(2.36367842597187,14.7627947954994),.UNSPECIFIED.);
#547=B_SPLINE_CURVE_WITH_KNOTS('',1,(#2446,#2447),.UNSPECIFIED.,.F.,.F.,
(2,2),(2.36367842597187,14.7627947954994),.UNSPECIFIED.);
#548=B_SPLINE_CURVE_WITH_KNOTS('',1,(#2448,#2449),.UNSPECIFIED.,.F.,.F.,
(2,2),(14.7627947954994,17.1264732214713),.UNSPECIFIED.);
#549=B_SPLINE_CURVE_WITH_KNOTS('',1,(#2450,#2451),.UNSPECIFIED.,.F.,.F.,
(2,2),(14.7627947954994,17.1264732214713),.UNSPECIFIED.);
#550=B_SPLINE_CURVE_WITH_KNOTS('',1,(#2452,#2453),.UNSPECIFIED.,.F.,.F.,
(2,2),(-4.73150065241914,0.),.UNSPECIFIED.);
#551=B_SPLINE_CURVE_WITH_KNOTS('',1,(#2454,#2455),.UNSPECIFIED.,.F.,.F.,
(2,2),(0.,10.),.UNSPECIFIED.);
#552=B_SPLINE_CURVE_WITH_KNOTS('',1,(#2456,#2457),.UNSPECIFIED.,.F.,.F.,
(2,2),(-17.1264732214713,0.),.UNSPECIFIED.);
#553=B_SPLINE_CURVE_WITH_KNOTS('',1,(#2458,#2459),.UNSPECIFIED.,.F.,.F.,
(2,2),(-10.,0.),.UNSPECIFIED.);
#554=B_SPLINE_CURVE_WITH_KNOTS('',1,(#2460,#2461),.UNSPECIFIED.,.F.,.F.,
(2,2),(-19.1264732214713,0.),.UNSPECIFIED.);
#555=B_SPLINE_CURVE_WITH_KNOTS('',3,(#2462,#2463,#2464,#2465),
 .UNSPECIFIED.,.F.,.F.,(4,4),(-19.1264732214713,0.),.UNSPECIFIED.);
#556=B_SPLINE_CURVE_WITH_KNOTS('',1,(#2466,#2467),.UNSPECIFIED.,.F.,.F.,
(2,2),(3.01194829914472,14.1145249223265),.UNSPECIFIED.);
#557=B_SPLINE_CURVE_WITH_KNOTS('',1,(#2468,#2469),.UNSPECIFIED.,.F.,.F.,
(2,2),(3.01194829914472,14.1145249223265),.UNSPECIFIED.);
#558=B_SPLINE_CURVE_WITH_KNOTS('',1,(#2470,#2471),.UNSPECIFIED.,.F.,.F.,
(2,2),(-116.629751251274,-112.706439080893),.UNSPECIFIED.);
#559=B_SPLINE_CURVE_WITH_KNOTS('',1,(#2472,#2473),.UNSPECIFIED.,.F.,.F.,
(2,2),(-116.629751251274,-112.706439080893),.UNSPECIFIED.);
#560=B_SPLINE_CURVE_WITH_KNOTS('',1,(#2474,#2475),.UNSPECIFIED.,.F.,.F.,
(2,2),(-14.1145249223266,-3.01194829914472),.UNSPECIFIED.);
#561=B_SPLINE_CURVE_WITH_KNOTS('',1,(#2476,#2477),.UNSPECIFIED.,.F.,.F.,
(2,2),(-14.1145249223266,-3.01194829914472),.UNSPECIFIED.);
#562=B_SPLINE_CURVE_WITH_KNOTS('',1,(#2478,#2479),.UNSPECIFIED.,.F.,.F.,
(2,2),(4.73150065241915,8.6548128227999),.UNSPECIFIED.);
#563=B_SPLINE_CURVE_WITH_KNOTS('',1,(#2480,#2481),.UNSPECIFIED.,.F.,.F.,
(2,2),(4.73150065241915,8.6548128227999),.UNSPECIFIED.);
#564=B_SPLINE_CURVE_WITH_KNOTS('',1,(#2482,#2483),.UNSPECIFIED.,.F.,.F.,
(2,2),(-19.1264732214713,0.),.UNSPECIFIED.);
#565=B_SPLINE_CURVE_WITH_KNOTS('',1,(#2484,#2485),.UNSPECIFIED.,.F.,.F.,
(2,2),(-3.14159265358991,0.),.UNSPECIFIED.);
#566=B_SPLINE_CURVE_WITH_KNOTS('',1,(#2486,#2487),.UNSPECIFIED.,.F.,.F.,
(2,2),(0.,19.1264732214713),.UNSPECIFIED.);
#567=B_SPLINE_CURVE_WITH_KNOTS('',1,(#2488,#2489),.UNSPECIFIED.,.F.,.F.,
(2,2),(0.,3.14159265358991),.UNSPECIFIED.);
#568=B_SPLINE_CURVE_WITH_KNOTS('',1,(#2495,#2496),.UNSPECIFIED.,.F.,.F.,
(2,2),(-9.42477796076938,0.),.UNSPECIFIED.);
#569=B_SPLINE_CURVE_WITH_KNOTS('',1,(#2499,#2500),.UNSPECIFIED.,.F.,.F.,
(2,2),(0.,3.00120869726219),.UNSPECIFIED.);
#570=B_SPLINE_CURVE_WITH_KNOTS('',1,(#2501,#2502),.UNSPECIFIED.,.F.,.F.,
(2,2),(-9.42477796076938,0.),.UNSPECIFIED.);
#571=B_SPLINE_CURVE_WITH_KNOTS('',1,(#2505,#2506),.UNSPECIFIED.,.F.,.F.,
(2,2),(-3.00120869726219,0.),.UNSPECIFIED.);
#572=B_SPLINE_CURVE_WITH_KNOTS('',1,(#2547,#2548),.UNSPECIFIED.,.F.,.F.,
(2,2),(-5.49778714378214,0.),.UNSPECIFIED.);
#573=B_SPLINE_CURVE_WITH_KNOTS('',1,(#2551,#2552),.UNSPECIFIED.,.F.,.F.,
(2,2),(5.98019999924832,10.247490649567),.UNSPECIFIED.);
#574=B_SPLINE_CURVE_WITH_KNOTS('',1,(#2553,#2554),.UNSPECIFIED.,.F.,.F.,
(2,2),(-5.49778714378214,0.),.UNSPECIFIED.);
#575=B_SPLINE_CURVE_WITH_KNOTS('',1,(#2557,#2558),.UNSPECIFIED.,.F.,.F.,
(2,2),(-10.247490649567,-5.98019999924832),.UNSPECIFIED.);
#576=B_SPLINE_CURVE_WITH_KNOTS('',1,(#2564,#2565),.UNSPECIFIED.,.F.,.F.,
(2,2),(-9.42477796076938,0.),.UNSPECIFIED.);
#577=B_SPLINE_CURVE_WITH_KNOTS('',1,(#2568,#2569),.UNSPECIFIED.,.F.,.F.,
(2,2),(0.,2.22849099786968),.UNSPECIFIED.);
#578=B_SPLINE_CURVE_WITH_KNOTS('',1,(#2570,#2571),.UNSPECIFIED.,.F.,.F.,
(2,2),(-3.43772532492468,0.),.UNSPECIFIED.);
#579=B_SPLINE_CURVE_WITH_KNOTS('',3,(#2572,#2573,#2574,#2575,#2576,#2577,
#2578,#2579,#2580,#2581,#2582,#2583,#2584),.UNSPECIFIED.,.F.,.F.,(4,3,3,
3,4),(0.,0.593135656917827,1.23116484560866,1.86918636571157,2.46232969121728),
 .UNSPECIFIED.);
#580=B_SPLINE_CURVE_WITH_KNOTS('',1,(#2585,#2586),.UNSPECIFIED.,.F.,.F.,
(2,2),(-9.46800141849255,-5.98705263584469),.UNSPECIFIED.);
#581=B_SPLINE_CURVE_WITH_KNOTS('',1,(#2589,#2590),.UNSPECIFIED.,.F.,.F.,
(2,2),(-2.22849099786969,0.),.UNSPECIFIED.);
#582=B_SPLINE_CURVE_WITH_KNOTS('',1,(#2626,#2627),.UNSPECIFIED.,.F.,.F.,
(2,2),(0.,5.49778714378214),.UNSPECIFIED.);
#583=B_SPLINE_CURVE_WITH_KNOTS('',1,(#2630,#2631),.UNSPECIFIED.,.F.,.F.,
(2,2),(6.74626995660592,11.7862783063171),.UNSPECIFIED.);
#584=B_SPLINE_CURVE_WITH_KNOTS('',1,(#2632,#2633),.UNSPECIFIED.,.F.,.F.,
(2,2),(-5.49778714378214,0.),.UNSPECIFIED.);
#585=B_SPLINE_CURVE_WITH_KNOTS('',1,(#2636,#2637),.UNSPECIFIED.,.F.,.F.,
(2,2),(-11.7862783063171,-6.74626995660592),.UNSPECIFIED.);
#586=B_SPLINE_CURVE_WITH_KNOTS('',1,(#2638,#2639),.UNSPECIFIED.,.F.,.F.,
(2,2),(112.706439080893,116.629751251274),.UNSPECIFIED.);
#587=B_SPLINE_CURVE_WITH_KNOTS('',1,(#2640,#2641),.UNSPECIFIED.,.F.,.F.,
(2,2),(112.706439080893,116.629751251274),.UNSPECIFIED.);
#588=B_SPLINE_CURVE_WITH_KNOTS('',1,(#2642,#2643),.UNSPECIFIED.,.F.,.F.,
(2,2),(78.1955805911395,90.5946969606671),.UNSPECIFIED.);
#589=B_SPLINE_CURVE_WITH_KNOTS('',1,(#2644,#2645),.UNSPECIFIED.,.F.,.F.,
(2,2),(78.1955805911395,90.5946969606671),.UNSPECIFIED.);
#590=B_SPLINE_CURVE_WITH_KNOTS('',1,(#2646,#2647),.UNSPECIFIED.,.F.,.F.,
(2,2),(-48.232692584038,-44.3093804136572),.UNSPECIFIED.);
#591=B_SPLINE_CURVE_WITH_KNOTS('',1,(#2648,#2649),.UNSPECIFIED.,.F.,.F.,
(2,2),(-48.232692584038,-44.3093804136572),.UNSPECIFIED.);
#592=B_SPLINE_CURVE_WITH_KNOTS('',1,(#2650,#2651),.UNSPECIFIED.,.F.,.F.,
(2,2),(58.2102180501375,70.609334419665),.UNSPECIFIED.);
#593=B_SPLINE_CURVE_WITH_KNOTS('',1,(#2652,#2653),.UNSPECIFIED.,.F.,.F.,
(2,2),(58.2102180501375,70.609334419665),.UNSPECIFIED.);
#594=B_SPLINE_CURVE_WITH_KNOTS('',1,(#2654,#2655),.UNSPECIFIED.,.F.,.F.,
(2,2),(-98.3671362107825,-90.5946969606671),.UNSPECIFIED.);
#595=B_SPLINE_CURVE_WITH_KNOTS('',1,(#2656,#2657),.UNSPECIFIED.,.F.,.F.,
(2,2),(-98.3671362107825,-90.5946969606671),.UNSPECIFIED.);
#596=B_SPLINE_CURVE_WITH_KNOTS('',1,(#2658,#2659),.UNSPECIFIED.,.F.,.F.,
(2,2),(78.1955805911395,90.5946969606671),.UNSPECIFIED.);
#597=B_SPLINE_CURVE_WITH_KNOTS('',1,(#2660,#2661),.UNSPECIFIED.,.F.,.F.,
(2,2),(-18.7194723273664,-10.9470330772509),.UNSPECIFIED.);
#598=B_SPLINE_CURVE_WITH_KNOTS('',1,(#2662,#2663),.UNSPECIFIED.,.F.,.F.,
(2,2),(-18.7194723273664,-10.9470330772509),.UNSPECIFIED.);
#599=B_SPLINE_CURVE_WITH_KNOTS('',1,(#2664,#2665),.UNSPECIFIED.,.F.,.F.,
(2,2),(3.01194829914472,14.1145249223265),.UNSPECIFIED.);
#600=B_SPLINE_CURVE_WITH_KNOTS('',1,(#2666,#2667),.UNSPECIFIED.,.F.,.F.,
(2,2),(-116.629751251274,-112.706439080893),.UNSPECIFIED.);
#601=B_SPLINE_CURVE_WITH_KNOTS('',1,(#2668,#2669),.UNSPECIFIED.,.F.,.F.,
(2,2),(-18.7194723273664,-10.9470330772509),.UNSPECIFIED.);
#602=B_SPLINE_CURVE_WITH_KNOTS('',1,(#2670,#2671),.UNSPECIFIED.,.F.,.F.,
(2,2),(112.706439080893,116.629751251274),.UNSPECIFIED.);
#603=B_SPLINE_CURVE_WITH_KNOTS('',1,(#2672,#2673),.UNSPECIFIED.,.F.,.F.,
(2,2),(-31.4021550730722,-24.6297158229567),.UNSPECIFIED.);
#604=B_SPLINE_CURVE_WITH_KNOTS('',1,(#2674,#2675),.UNSPECIFIED.,.F.,.F.,
(2,2),(-31.4021550730722,-24.6297158229567),.UNSPECIFIED.);
#605=B_SPLINE_CURVE_WITH_KNOTS('',1,(#2676,#2677),.UNSPECIFIED.,.F.,.F.,
(2,2),(-24.6297158229567,-23.6297158229567),.UNSPECIFIED.);
#606=B_SPLINE_CURVE_WITH_KNOTS('',1,(#2678,#2679),.UNSPECIFIED.,.F.,.F.,
(2,2),(-24.6297158229567,-23.6297158229567),.UNSPECIFIED.);
#607=B_SPLINE_CURVE_WITH_KNOTS('',1,(#2680,#2681),.UNSPECIFIED.,.F.,.F.,
(2,2),(2.36367842597187,14.7627947954994),.UNSPECIFIED.);
#608=B_SPLINE_CURVE_WITH_KNOTS('',1,(#2682,#2683),.UNSPECIFIED.,.F.,.F.,
(2,2),(-24.6297158229567,-23.6297158229567),.UNSPECIFIED.);
#609=B_SPLINE_CURVE_WITH_KNOTS('',1,(#2684,#2685),.UNSPECIFIED.,.F.,.F.,
(2,2),(-24.6297158229567,-23.6297158229567),.UNSPECIFIED.);
#610=B_SPLINE_CURVE_WITH_KNOTS('',1,(#2686,#2687),.UNSPECIFIED.,.F.,.F.,
(2,2),(-14.1145249223266,-3.01194829914472),.UNSPECIFIED.);
#611=B_SPLINE_CURVE_WITH_KNOTS('',1,(#2688,#2689),.UNSPECIFIED.,.F.,.F.,
(2,2),(-24.6297158229567,-23.6297158229567),.UNSPECIFIED.);
#612=B_SPLINE_CURVE_WITH_KNOTS('',1,(#2690,#2691),.UNSPECIFIED.,.F.,.F.,
(2,2),(-24.6297158229567,-23.6297158229567),.UNSPECIFIED.);
#613=B_SPLINE_CURVE_WITH_KNOTS('',1,(#2692,#2693),.UNSPECIFIED.,.F.,.F.,
(2,2),(24.6297158229567,31.4021550730721),.UNSPECIFIED.);
#614=B_SPLINE_CURVE_WITH_KNOTS('',1,(#2694,#2695),.UNSPECIFIED.,.F.,.F.,
(2,2),(24.6297158229567,31.4021550730721),.UNSPECIFIED.);
#615=B_SPLINE_CURVE_WITH_KNOTS('',1,(#2696,#2697),.UNSPECIFIED.,.F.,.F.,
(2,2),(-48.232692584038,-44.3093804136572),.UNSPECIFIED.);
#616=B_SPLINE_CURVE_WITH_KNOTS('',1,(#2698,#2699),.UNSPECIFIED.,.F.,.F.,
(2,2),(-98.3671362107825,-90.5946969606671),.UNSPECIFIED.);
#617=B_SPLINE_CURVE_WITH_KNOTS('',1,(#2700,#2701),.UNSPECIFIED.,.F.,.F.,
(2,2),(4.73150065241915,8.6548128227999),.UNSPECIFIED.);
#618=B_SPLINE_CURVE_WITH_KNOTS('',1,(#2702,#2703),.UNSPECIFIED.,.F.,.F.,
(2,2),(58.2102180501375,70.609334419665),.UNSPECIFIED.);
#619=B_SPLINE_CURVE_WITH_KNOTS('',1,(#2704,#2705),.UNSPECIFIED.,.F.,.F.,
(2,2),(24.6297158229567,31.4021550730721),.UNSPECIFIED.);
#620=B_SPLINE_CURVE_WITH_KNOTS('',1,(#2706,#2707),.UNSPECIFIED.,.F.,.F.,
(2,2),(0.,2.36367842597187),.UNSPECIFIED.);
#621=B_SPLINE_CURVE_WITH_KNOTS('',1,(#2708,#2709),.UNSPECIFIED.,.F.,.F.,
(2,2),(69.4811282663261,81.2602030408706),.UNSPECIFIED.);
#622=B_SPLINE_CURVE_WITH_KNOTS('',1,(#2710,#2711),.UNSPECIFIED.,.F.,.F.,
(2,2),(4.44089209850063E-15,17.1264732214713),.UNSPECIFIED.);
#623=B_SPLINE_CURVE_WITH_KNOTS('',1,(#2712,#2713),.UNSPECIFIED.,.F.,.F.,
(2,2),(17.1264732214713,28.9055479960158),.UNSPECIFIED.);
#624=B_SPLINE_CURVE_WITH_KNOTS('',1,(#2714,#2715),.UNSPECIFIED.,.F.,.F.,
(2,2),(14.7627947954994,17.1264732214713),.UNSPECIFIED.);
#625=B_SPLINE_CURVE_WITH_KNOTS('',1,(#2716,#2717),.UNSPECIFIED.,.F.,.F.,
(2,2),(-31.4021550730722,-24.6297158229567),.UNSPECIFIED.);
#626=B_SPLINE_CURVE_WITH_KNOTS('',1,(#2733,#2734),.UNSPECIFIED.,.F.,.F.,
(2,2),(-3.00120869726219,0.),.UNSPECIFIED.);
#627=B_SPLINE_CURVE_WITH_KNOTS('',1,(#2735,#2736),.UNSPECIFIED.,.F.,.F.,
(2,2),(-18.8495559215388,-9.42477796076938),.UNSPECIFIED.);
#628=B_SPLINE_CURVE_WITH_KNOTS('',1,(#2737,#2738),.UNSPECIFIED.,.F.,.F.,
(2,2),(0.,3.00120869726219),.UNSPECIFIED.);
#629=B_SPLINE_CURVE_WITH_KNOTS('',1,(#2739,#2740),.UNSPECIFIED.,.F.,.F.,
(2,2),(9.42477796076938,18.8495559215388),.UNSPECIFIED.);
#630=B_SPLINE_CURVE_WITH_KNOTS('',1,(#2741,#2742),.UNSPECIFIED.,.F.,.F.,
(2,2),(-10.247490649567,-5.98019999924832),.UNSPECIFIED.);
#631=B_SPLINE_CURVE_WITH_KNOTS('',1,(#2743,#2744),.UNSPECIFIED.,.F.,.F.,
(2,2),(-10.9955742875643,-5.49778714378214),.UNSPECIFIED.);
#632=B_SPLINE_CURVE_WITH_KNOTS('',1,(#2745,#2746),.UNSPECIFIED.,.F.,.F.,
(2,2),(5.98019999924832,10.247490649567),.UNSPECIFIED.);
#633=B_SPLINE_CURVE_WITH_KNOTS('',1,(#2747,#2748),.UNSPECIFIED.,.F.,.F.,
(2,2),(5.49778714378214,10.9955742875643),.UNSPECIFIED.);
#634=B_SPLINE_CURVE_WITH_KNOTS('',1,(#2749,#2750),.UNSPECIFIED.,.F.,.F.,
(2,2),(-2.22849099786969,0.),.UNSPECIFIED.);
#635=B_SPLINE_CURVE_WITH_KNOTS('',1,(#2751,#2752),.UNSPECIFIED.,.F.,.F.,
(2,2),(-18.8495559215388,-9.46800141849255),.UNSPECIFIED.);
#636=B_SPLINE_CURVE_WITH_KNOTS('',1,(#2753,#2754),.UNSPECIFIED.,.F.,.F.,
(2,2),(0.,2.22849099786968),.UNSPECIFIED.);
#637=B_SPLINE_CURVE_WITH_KNOTS('',1,(#2755,#2756),.UNSPECIFIED.,.F.,.F.,
(2,2),(9.42477796076938,18.8495559215388),.UNSPECIFIED.);
#638=B_SPLINE_CURVE_WITH_KNOTS('',1,(#2757,#2758),.UNSPECIFIED.,.F.,.F.,
(2,2),(-11.7862783063171,-6.74626995660592),.UNSPECIFIED.);
#639=B_SPLINE_CURVE_WITH_KNOTS('',1,(#2759,#2760),.UNSPECIFIED.,.F.,.F.,
(2,2),(-10.9955742875643,-5.49778714378214),.UNSPECIFIED.);
#640=B_SPLINE_CURVE_WITH_KNOTS('',1,(#2761,#2762),.UNSPECIFIED.,.F.,.F.,
(2,2),(6.74626995660592,11.7862783063171),.UNSPECIFIED.);
#641=B_SPLINE_CURVE_WITH_KNOTS('',1,(#2763,#2764),.UNSPECIFIED.,.F.,.F.,
(2,2),(5.49778714378214,10.9955742875643),.UNSPECIFIED.);
#642=PCURVE('',#1402,#854);
#643=PCURVE('',#1403,#855);
#644=PCURVE('',#1403,#856);
#645=PCURVE('',#1403,#857);
#646=PCURVE('',#1403,#858);
#647=PCURVE('',#1404,#859);
#648=PCURVE('',#1404,#860);
#649=PCURVE('',#1404,#861);
#650=PCURVE('',#1404,#862);
#651=PCURVE('',#1405,#863);
#652=PCURVE('',#1405,#864);
#653=PCURVE('',#1405,#865);
#654=PCURVE('',#1405,#866);
#655=PCURVE('',#1406,#867);
#656=PCURVE('',#1406,#868);
#657=PCURVE('',#1406,#869);
#658=PCURVE('',#1406,#870);
#659=PCURVE('',#1407,#871);
#660=PCURVE('',#1407,#872);
#661=PCURVE('',#1407,#873);
#662=PCURVE('',#1407,#874);
#663=PCURVE('',#1408,#875);
#664=PCURVE('',#1408,#876);
#665=PCURVE('',#1408,#877);
#666=PCURVE('',#1408,#878);
#667=PCURVE('',#1409,#879);
#668=PCURVE('',#1409,#880);
#669=PCURVE('',#1409,#881);
#670=PCURVE('',#1409,#882);
#671=PCURVE('',#1410,#883);
#672=PCURVE('',#1410,#884);
#673=PCURVE('',#1410,#885);
#674=PCURVE('',#1410,#886);
#675=PCURVE('',#1411,#887);
#676=PCURVE('',#1411,#888);
#677=PCURVE('',#1411,#889);
#678=PCURVE('',#1411,#890);
#679=PCURVE('',#1411,#891);
#680=PCURVE('',#1412,#892);
#681=PCURVE('',#1412,#893);
#682=PCURVE('',#1412,#894);
#683=PCURVE('',#1412,#895);
#684=PCURVE('',#1412,#896);
#685=PCURVE('',#1413,#897);
#686=PCURVE('',#1413,#898);
#687=PCURVE('',#1413,#899);
#688=PCURVE('',#1413,#900);
#689=PCURVE('',#1413,#901);
#690=PCURVE('',#1413,#902);
#691=PCURVE('',#1413,#903);
#692=PCURVE('',#1413,#904);
#693=PCURVE('',#1414,#905);
#694=PCURVE('',#1414,#906);
#695=PCURVE('',#1414,#907);
#696=PCURVE('',#1414,#908);
#697=PCURVE('',#1414,#909);
#698=PCURVE('',#1414,#910);
#699=PCURVE('',#1414,#911);
#700=PCURVE('',#1414,#912);
#701=PCURVE('',#1415,#913);
#702=PCURVE('',#1415,#914);
#703=PCURVE('',#1415,#915);
#704=PCURVE('',#1415,#916);
#705=PCURVE('',#1415,#917);
#706=PCURVE('',#1415,#918);
#707=PCURVE('',#1416,#919);
#708=PCURVE('',#1416,#920);
#709=PCURVE('',#1416,#921);
#710=PCURVE('',#1416,#922);
#711=PCURVE('',#1417,#923);
#712=PCURVE('',#1417,#924);
#713=PCURVE('',#1417,#925);
#714=PCURVE('',#1417,#926);
#715=PCURVE('',#1418,#927);
#716=PCURVE('',#1418,#928);
#717=PCURVE('',#1418,#929);
#718=PCURVE('',#1418,#930);
#719=PCURVE('',#1419,#931);
#720=PCURVE('',#1419,#932);
#721=PCURVE('',#1419,#933);
#722=PCURVE('',#1419,#934);
#723=PCURVE('',#1392,#935);
#724=PCURVE('',#1392,#936);
#725=PCURVE('',#1392,#937);
#726=PCURVE('',#1392,#938);
#727=PCURVE('',#1392,#939);
#728=PCURVE('',#1392,#940);
#729=PCURVE('',#1420,#941);
#730=PCURVE('',#1420,#942);
#731=PCURVE('',#1420,#943);
#732=PCURVE('',#1420,#944);
#733=PCURVE('',#1420,#945);
#734=PCURVE('',#1421,#946);
#735=PCURVE('',#1421,#947);
#736=PCURVE('',#1421,#948);
#737=PCURVE('',#1421,#949);
#738=PCURVE('',#1421,#950);
#739=PCURVE('',#1422,#951);
#740=PCURVE('',#1422,#952);
#741=PCURVE('',#1422,#953);
#742=PCURVE('',#1422,#954);
#743=PCURVE('',#1422,#955);
#744=PCURVE('',#1422,#956);
#745=PCURVE('',#1422,#957);
#746=PCURVE('',#1422,#958);
#747=PCURVE('',#1423,#959);
#748=PCURVE('',#1423,#960);
#749=PCURVE('',#1423,#961);
#750=PCURVE('',#1423,#962);
#751=PCURVE('',#1423,#963);
#752=PCURVE('',#1423,#964);
#753=PCURVE('',#1423,#965);
#754=PCURVE('',#1424,#966);
#755=PCURVE('',#1424,#967);
#756=PCURVE('',#1424,#968);
#757=PCURVE('',#1424,#969);
#758=PCURVE('',#1425,#970);
#759=PCURVE('',#1425,#971);
#760=PCURVE('',#1425,#972);
#761=PCURVE('',#1425,#973);
#762=PCURVE('',#1426,#974);
#763=PCURVE('',#1426,#975);
#764=PCURVE('',#1426,#976);
#765=PCURVE('',#1426,#977);
#766=PCURVE('',#1426,#978);
#767=PCURVE('',#1426,#979);
#768=PCURVE('',#1427,#980);
#769=PCURVE('',#1427,#981);
#770=PCURVE('',#1427,#982);
#771=PCURVE('',#1427,#983);
#772=PCURVE('',#1427,#984);
#773=PCURVE('',#1427,#985);
#774=PCURVE('',#1427,#986);
#775=PCURVE('',#1427,#987);
#776=PCURVE('',#1393,#988);
#777=PCURVE('',#1393,#989);
#778=PCURVE('',#1393,#990);
#779=PCURVE('',#1393,#991);
#780=PCURVE('',#1394,#992);
#781=PCURVE('',#1394,#993);
#782=PCURVE('',#1394,#994);
#783=PCURVE('',#1394,#995);
#784=PCURVE('',#1428,#996);
#785=PCURVE('',#1428,#997);
#786=PCURVE('',#1428,#998);
#787=PCURVE('',#1428,#999);
#788=PCURVE('',#1395,#1000);
#789=PCURVE('',#1395,#1001);
#790=PCURVE('',#1395,#1002);
#791=PCURVE('',#1395,#1003);
#792=PCURVE('',#1396,#1004);
#793=PCURVE('',#1396,#1005);
#794=PCURVE('',#1396,#1006);
#795=PCURVE('',#1396,#1007);
#796=PCURVE('',#1396,#1008);
#797=PCURVE('',#1396,#1009);
#798=PCURVE('',#1429,#1010);
#799=PCURVE('',#1429,#1011);
#800=PCURVE('',#1429,#1012);
#801=PCURVE('',#1429,#1013);
#802=PCURVE('',#1397,#1014);
#803=PCURVE('',#1397,#1015);
#804=PCURVE('',#1397,#1016);
#805=PCURVE('',#1397,#1017);
#806=PCURVE('',#1430,#1018);
#807=PCURVE('',#1430,#1019);
#808=PCURVE('',#1430,#1020);
#809=PCURVE('',#1430,#1021);
#810=PCURVE('',#1431,#1022);
#811=PCURVE('',#1431,#1023);
#812=PCURVE('',#1431,#1024);
#813=PCURVE('',#1431,#1025);
#814=PCURVE('',#1432,#1026);
#815=PCURVE('',#1432,#1027);
#816=PCURVE('',#1432,#1028);
#817=PCURVE('',#1432,#1029);
#818=PCURVE('',#1432,#1030);
#819=PCURVE('',#1433,#1031);
#820=PCURVE('',#1433,#1032);
#821=PCURVE('',#1433,#1033);
#822=PCURVE('',#1433,#1034);
#823=PCURVE('',#1434,#1035);
#824=PCURVE('',#1434,#1036);
#825=PCURVE('',#1434,#1037);
#826=PCURVE('',#1434,#1038);
#827=PCURVE('',#1434,#1039);
#828=PCURVE('',#1435,#1040);
#829=PCURVE('',#1435,#1041);
#830=PCURVE('',#1435,#1042);
#831=PCURVE('',#1435,#1043);
#832=PCURVE('',#1435,#1044);
#833=PCURVE('',#1435,#1045);
#834=PCURVE('',#1435,#1046);
#835=PCURVE('',#1435,#1047);
#836=PCURVE('',#1435,#1048);
#837=PCURVE('',#1435,#1049);
#838=PCURVE('',#1398,#1050);
#839=PCURVE('',#1398,#1051);
#840=PCURVE('',#1398,#1052);
#841=PCURVE('',#1398,#1053);
#842=PCURVE('',#1399,#1054);
#843=PCURVE('',#1399,#1055);
#844=PCURVE('',#1399,#1056);
#845=PCURVE('',#1399,#1057);
#846=PCURVE('',#1400,#1058);
#847=PCURVE('',#1400,#1059);
#848=PCURVE('',#1400,#1060);
#849=PCURVE('',#1400,#1061);
#850=PCURVE('',#1401,#1062);
#851=PCURVE('',#1401,#1063);
#852=PCURVE('',#1401,#1064);
#853=PCURVE('',#1401,#1065);
#854=DEFINITIONAL_REPRESENTATION('',(#1279),#2766);
#855=DEFINITIONAL_REPRESENTATION('',(#374),#2766);
#856=DEFINITIONAL_REPRESENTATION('',(#376),#2766);
#857=DEFINITIONAL_REPRESENTATION('',(#378),#2766);
#858=DEFINITIONAL_REPRESENTATION('',(#380),#2766);
#859=DEFINITIONAL_REPRESENTATION('',(#382),#2766);
#860=DEFINITIONAL_REPRESENTATION('',(#384),#2766);
#861=DEFINITIONAL_REPRESENTATION('',(#386),#2766);
#862=DEFINITIONAL_REPRESENTATION('',(#387),#2766);
#863=DEFINITIONAL_REPRESENTATION('',(#389),#2766);
#864=DEFINITIONAL_REPRESENTATION('',(#391),#2766);
#865=DEFINITIONAL_REPRESENTATION('',(#393),#2766);
#866=DEFINITIONAL_REPRESENTATION('',(#394),#2766);
#867=DEFINITIONAL_REPRESENTATION('',(#396),#2766);
#868=DEFINITIONAL_REPRESENTATION('',(#398),#2766);
#869=DEFINITIONAL_REPRESENTATION('',(#400),#2766);
#870=DEFINITIONAL_REPRESENTATION('',(#401),#2766);
#871=DEFINITIONAL_REPRESENTATION('',(#403),#2766);
#872=DEFINITIONAL_REPRESENTATION('',(#405),#2766);
#873=DEFINITIONAL_REPRESENTATION('',(#407),#2766);
#874=DEFINITIONAL_REPRESENTATION('',(#408),#2766);
#875=DEFINITIONAL_REPRESENTATION('',(#410),#2766);
#876=DEFINITIONAL_REPRESENTATION('',(#412),#2766);
#877=DEFINITIONAL_REPRESENTATION('',(#414),#2766);
#878=DEFINITIONAL_REPRESENTATION('',(#415),#2766);
#879=DEFINITIONAL_REPRESENTATION('',(#417),#2766);
#880=DEFINITIONAL_REPRESENTATION('',(#419),#2766);
#881=DEFINITIONAL_REPRESENTATION('',(#421),#2766);
#882=DEFINITIONAL_REPRESENTATION('',(#422),#2766);
#883=DEFINITIONAL_REPRESENTATION('',(#424),#2766);
#884=DEFINITIONAL_REPRESENTATION('',(#425),#2766);
#885=DEFINITIONAL_REPRESENTATION('',(#427),#2766);
#886=DEFINITIONAL_REPRESENTATION('',(#428),#2766);
#887=DEFINITIONAL_REPRESENTATION('',(#429),#2766);
#888=DEFINITIONAL_REPRESENTATION('',(#431),#2766);
#889=DEFINITIONAL_REPRESENTATION('',(#433),#2766);
#890=DEFINITIONAL_REPRESENTATION('',(#434),#2766);
#891=DEFINITIONAL_REPRESENTATION('',(#436),#2766);
#892=DEFINITIONAL_REPRESENTATION('',(#437),#2766);
#893=DEFINITIONAL_REPRESENTATION('',(#439),#2766);
#894=DEFINITIONAL_REPRESENTATION('',(#440),#2766);
#895=DEFINITIONAL_REPRESENTATION('',(#442),#2766);
#896=DEFINITIONAL_REPRESENTATION('',(#444),#2766);
#897=DEFINITIONAL_REPRESENTATION('',(#446),#2766);
#898=DEFINITIONAL_REPRESENTATION('',(#448),#2766);
#899=DEFINITIONAL_REPRESENTATION('',(#450),#2766);
#900=DEFINITIONAL_REPRESENTATION('',(#451),#2766);
#901=DEFINITIONAL_REPRESENTATION('',(#452),#2766);
#902=DEFINITIONAL_REPRESENTATION('',(#454),#2766);
#903=DEFINITIONAL_REPRESENTATION('',(#455),#2766);
#904=DEFINITIONAL_REPRESENTATION('',(#456),#2766);
#905=DEFINITIONAL_REPRESENTATION('',(#1283),#2766);
#906=DEFINITIONAL_REPRESENTATION('',(#1285),#2766);
#907=DEFINITIONAL_REPRESENTATION('',(#458),#2766);
#908=DEFINITIONAL_REPRESENTATION('',(#459),#2766);
#909=DEFINITIONAL_REPRESENTATION('',(#460),#2766);
#910=DEFINITIONAL_REPRESENTATION('',(#461),#2766);
#911=DEFINITIONAL_REPRESENTATION('',(#463),#2766);
#912=DEFINITIONAL_REPRESENTATION('',(#1287),#2766);
#913=DEFINITIONAL_REPRESENTATION('',(#464),#2766);
#914=DEFINITIONAL_REPRESENTATION('',(#466),#2766);
#915=DEFINITIONAL_REPRESENTATION('',(#468),#2766);
#916=DEFINITIONAL_REPRESENTATION('',(#470),#2766);
#917=DEFINITIONAL_REPRESENTATION('',(#1289),#2766);
#918=DEFINITIONAL_REPRESENTATION('',(#1291),#2766);
#919=DEFINITIONAL_REPRESENTATION('',(#471),#2766);
#920=DEFINITIONAL_REPRESENTATION('',(#473),#2766);
#921=DEFINITIONAL_REPRESENTATION('',(#474),#2766);
#922=DEFINITIONAL_REPRESENTATION('',(#475),#2766);
#923=DEFINITIONAL_REPRESENTATION('',(#476),#2766);
#924=DEFINITIONAL_REPRESENTATION('',(#478),#2766);
#925=DEFINITIONAL_REPRESENTATION('',(#479),#2766);
#926=DEFINITIONAL_REPRESENTATION('',(#480),#2766);
#927=DEFINITIONAL_REPRESENTATION('',(#481),#2766);
#928=DEFINITIONAL_REPRESENTATION('',(#482),#2766);
#929=DEFINITIONAL_REPRESENTATION('',(#483),#2766);
#930=DEFINITIONAL_REPRESENTATION('',(#484),#2766);
#931=DEFINITIONAL_REPRESENTATION('',(#485),#2766);
#932=DEFINITIONAL_REPRESENTATION('',(#486),#2766);
#933=DEFINITIONAL_REPRESENTATION('',(#487),#2766);
#934=DEFINITIONAL_REPRESENTATION('',(#489),#2766);
#935=DEFINITIONAL_REPRESENTATION('',(#491),#2766);
#936=DEFINITIONAL_REPRESENTATION('',(#492),#2766);
#937=DEFINITIONAL_REPRESENTATION('',(#493),#2766);
#938=DEFINITIONAL_REPRESENTATION('',(#494),#2766);
#939=DEFINITIONAL_REPRESENTATION('',(#495),#2766);
#940=DEFINITIONAL_REPRESENTATION('',(#496),#2766);
#941=DEFINITIONAL_REPRESENTATION('',(#497),#2766);
#942=DEFINITIONAL_REPRESENTATION('',(#499),#2766);
#943=DEFINITIONAL_REPRESENTATION('',(#500),#2766);
#944=DEFINITIONAL_REPRESENTATION('',(#502),#2766);
#945=DEFINITIONAL_REPRESENTATION('',(#504),#2766);
#946=DEFINITIONAL_REPRESENTATION('',(#505),#2766);
#947=DEFINITIONAL_REPRESENTATION('',(#507),#2766);
#948=DEFINITIONAL_REPRESENTATION('',(#509),#2766);
#949=DEFINITIONAL_REPRESENTATION('',(#510),#2766);
#950=DEFINITIONAL_REPRESENTATION('',(#512),#2766);
#951=DEFINITIONAL_REPRESENTATION('',(#514),#2766);
#952=DEFINITIONAL_REPRESENTATION('',(#516),#2766);
#953=DEFINITIONAL_REPRESENTATION('',(#518),#2766);
#954=DEFINITIONAL_REPRESENTATION('',(#519),#2766);
#955=DEFINITIONAL_REPRESENTATION('',(#520),#2766);
#956=DEFINITIONAL_REPRESENTATION('',(#522),#2766);
#957=DEFINITIONAL_REPRESENTATION('',(#523),#2766);
#958=DEFINITIONAL_REPRESENTATION('',(#524),#2766);
#959=DEFINITIONAL_REPRESENTATION('',(#525),#2766);
#960=DEFINITIONAL_REPRESENTATION('',(#526),#2766);
#961=DEFINITIONAL_REPRESENTATION('',(#528),#2766);
#962=DEFINITIONAL_REPRESENTATION('',(#529),#2766);
#963=DEFINITIONAL_REPRESENTATION('',(#1294),#2766);
#964=DEFINITIONAL_REPRESENTATION('',(#1296),#2766);
#965=DEFINITIONAL_REPRESENTATION('',(#1298),#2766);
#966=DEFINITIONAL_REPRESENTATION('',(#531),#2766);
#967=DEFINITIONAL_REPRESENTATION('',(#533),#2766);
#968=DEFINITIONAL_REPRESENTATION('',(#534),#2766);
#969=DEFINITIONAL_REPRESENTATION('',(#535),#2766);
#970=DEFINITIONAL_REPRESENTATION('',(#536),#2766);
#971=DEFINITIONAL_REPRESENTATION('',(#538),#2766);
#972=DEFINITIONAL_REPRESENTATION('',(#540),#2766);
#973=DEFINITIONAL_REPRESENTATION('',(#541),#2766);
#974=DEFINITIONAL_REPRESENTATION('',(#542),#2766);
#975=DEFINITIONAL_REPRESENTATION('',(#543),#2766);
#976=DEFINITIONAL_REPRESENTATION('',(#545),#2766);
#977=DEFINITIONAL_REPRESENTATION('',(#547),#2766);
#978=DEFINITIONAL_REPRESENTATION('',(#549),#2766);
#979=DEFINITIONAL_REPRESENTATION('',(#550),#2766);
#980=DEFINITIONAL_REPRESENTATION('',(#551),#2766);
#981=DEFINITIONAL_REPRESENTATION('',(#552),#2766);
#982=DEFINITIONAL_REPRESENTATION('',(#553),#2766);
#983=DEFINITIONAL_REPRESENTATION('',(#555),#2766);
#984=DEFINITIONAL_REPRESENTATION('',(#557),#2766);
#985=DEFINITIONAL_REPRESENTATION('',(#559),#2766);
#986=DEFINITIONAL_REPRESENTATION('',(#561),#2766);
#987=DEFINITIONAL_REPRESENTATION('',(#563),#2766);
#988=DEFINITIONAL_REPRESENTATION('',(#564),#2766);
#989=DEFINITIONAL_REPRESENTATION('',(#565),#2766);
#990=DEFINITIONAL_REPRESENTATION('',(#566),#2766);
#991=DEFINITIONAL_REPRESENTATION('',(#567),#2766);
#992=DEFINITIONAL_REPRESENTATION('',(#568),#2766);
#993=DEFINITIONAL_REPRESENTATION('',(#569),#2766);
#994=DEFINITIONAL_REPRESENTATION('',(#570),#2766);
#995=DEFINITIONAL_REPRESENTATION('',(#571),#2766);
#996=DEFINITIONAL_REPRESENTATION('',(#1302),#2766);
#997=DEFINITIONAL_REPRESENTATION('',(#1304),#2766);
#998=DEFINITIONAL_REPRESENTATION('',(#1306),#2766);
#999=DEFINITIONAL_REPRESENTATION('',(#1308),#2766);
#1000=DEFINITIONAL_REPRESENTATION('',(#572),#2766);
#1001=DEFINITIONAL_REPRESENTATION('',(#573),#2766);
#1002=DEFINITIONAL_REPRESENTATION('',(#574),#2766);
#1003=DEFINITIONAL_REPRESENTATION('',(#575),#2766);
#1004=DEFINITIONAL_REPRESENTATION('',(#576),#2766);
#1005=DEFINITIONAL_REPRESENTATION('',(#577),#2766);
#1006=DEFINITIONAL_REPRESENTATION('',(#578),#2766);
#1007=DEFINITIONAL_REPRESENTATION('',(#579),#2766);
#1008=DEFINITIONAL_REPRESENTATION('',(#580),#2766);
#1009=DEFINITIONAL_REPRESENTATION('',(#581),#2766);
#1010=DEFINITIONAL_REPRESENTATION('',(#1315),#2766);
#1011=DEFINITIONAL_REPRESENTATION('',(#1317),#2766);
#1012=DEFINITIONAL_REPRESENTATION('',(#1319),#2766);
#1013=DEFINITIONAL_REPRESENTATION('',(#1321),#2766);
#1014=DEFINITIONAL_REPRESENTATION('',(#582),#2766);
#1015=DEFINITIONAL_REPRESENTATION('',(#583),#2766);
#1016=DEFINITIONAL_REPRESENTATION('',(#584),#2766);
#1017=DEFINITIONAL_REPRESENTATION('',(#585),#2766);
#1018=DEFINITIONAL_REPRESENTATION('',(#587),#2766);
#1019=DEFINITIONAL_REPRESENTATION('',(#589),#2766);
#1020=DEFINITIONAL_REPRESENTATION('',(#591),#2766);
#1021=DEFINITIONAL_REPRESENTATION('',(#593),#2766);
#1022=DEFINITIONAL_REPRESENTATION('',(#595),#2766);
#1023=DEFINITIONAL_REPRESENTATION('',(#596),#2766);
#1024=DEFINITIONAL_REPRESENTATION('',(#598),#2766);
#1025=DEFINITIONAL_REPRESENTATION('',(#599),#2766);
#1026=DEFINITIONAL_REPRESENTATION('',(#600),#2766);
#1027=DEFINITIONAL_REPRESENTATION('',(#601),#2766);
#1028=DEFINITIONAL_REPRESENTATION('',(#602),#2766);
#1029=DEFINITIONAL_REPRESENTATION('',(#604),#2766);
#1030=DEFINITIONAL_REPRESENTATION('',(#606),#2766);
#1031=DEFINITIONAL_REPRESENTATION('',(#607),#2766);
#1032=DEFINITIONAL_REPRESENTATION('',(#609),#2766);
#1033=DEFINITIONAL_REPRESENTATION('',(#610),#2766);
#1034=DEFINITIONAL_REPRESENTATION('',(#611),#2766);
#1035=DEFINITIONAL_REPRESENTATION('',(#612),#2766);
#1036=DEFINITIONAL_REPRESENTATION('',(#614),#2766);
#1037=DEFINITIONAL_REPRESENTATION('',(#615),#2766);
#1038=DEFINITIONAL_REPRESENTATION('',(#616),#2766);
#1039=DEFINITIONAL_REPRESENTATION('',(#617),#2766);
#1040=DEFINITIONAL_REPRESENTATION('',(#618),#2766);
#1041=DEFINITIONAL_REPRESENTATION('',(#619),#2766);
#1042=DEFINITIONAL_REPRESENTATION('',(#620),#2766);
#1043=DEFINITIONAL_REPRESENTATION('',(#621),#2766);
#1044=DEFINITIONAL_REPRESENTATION('',(#622),#2766);
#1045=DEFINITIONAL_REPRESENTATION('',(#623),#2766);
#1046=DEFINITIONAL_REPRESENTATION('',(#624),#2766);
#1047=DEFINITIONAL_REPRESENTATION('',(#625),#2766);
#1048=DEFINITIONAL_REPRESENTATION('',(#1324),#2766);
#1049=DEFINITIONAL_REPRESENTATION('',(#1326),#2766);
#1050=DEFINITIONAL_REPRESENTATION('',(#626),#2766);
#1051=DEFINITIONAL_REPRESENTATION('',(#627),#2766);
#1052=DEFINITIONAL_REPRESENTATION('',(#628),#2766);
#1053=DEFINITIONAL_REPRESENTATION('',(#629),#2766);
#1054=DEFINITIONAL_REPRESENTATION('',(#630),#2766);
#1055=DEFINITIONAL_REPRESENTATION('',(#631),#2766);
#1056=DEFINITIONAL_REPRESENTATION('',(#632),#2766);
#1057=DEFINITIONAL_REPRESENTATION('',(#633),#2766);
#1058=DEFINITIONAL_REPRESENTATION('',(#634),#2766);
#1059=DEFINITIONAL_REPRESENTATION('',(#635),#2766);
#1060=DEFINITIONAL_REPRESENTATION('',(#636),#2766);
#1061=DEFINITIONAL_REPRESENTATION('',(#637),#2766);
#1062=DEFINITIONAL_REPRESENTATION('',(#638),#2766);
#1063=DEFINITIONAL_REPRESENTATION('',(#639),#2766);
#1064=DEFINITIONAL_REPRESENTATION('',(#640),#2766);
#1065=DEFINITIONAL_REPRESENTATION('',(#641),#2766);
#1066=SURFACE_CURVE('',#1278,(#642,#751),.PCURVE_S1.);
#1067=SURFACE_CURVE('',#373,(#643,#692),.PCURVE_S1.);
#1068=SURFACE_CURVE('',#375,(#644,#650),.PCURVE_S1.);
#1069=SURFACE_CURVE('',#377,(#645,#742),.PCURVE_S1.);
#1070=SURFACE_CURVE('',#379,(#646,#672),.PCURVE_S1.);
#1071=SURFACE_CURVE('',#381,(#647,#675),.PCURVE_S1.);
#1072=SURFACE_CURVE('',#383,(#648,#654),.PCURVE_S1.);
#1073=SURFACE_CURVE('',#385,(#649,#729),.PCURVE_S1.);
#1074=SURFACE_CURVE('',#388,(#651,#697),.PCURVE_S1.);
#1075=SURFACE_CURVE('',#390,(#652,#658),.PCURVE_S1.);
#1076=SURFACE_CURVE('',#392,(#653,#747),.PCURVE_S1.);
#1077=SURFACE_CURVE('',#395,(#655,#680),.PCURVE_S1.);
#1078=SURFACE_CURVE('',#397,(#656,#662),.PCURVE_S1.);
#1079=SURFACE_CURVE('',#399,(#657,#734),.PCURVE_S1.);
#1080=SURFACE_CURVE('',#402,(#659,#688),.PCURVE_S1.);
#1081=SURFACE_CURVE('',#404,(#660,#666),.PCURVE_S1.);
#1082=SURFACE_CURVE('',#406,(#661,#746),.PCURVE_S1.);
#1083=SURFACE_CURVE('',#409,(#663,#710),.PCURVE_S1.);
#1084=SURFACE_CURVE('',#411,(#664,#670),.PCURVE_S1.);
#1085=SURFACE_CURVE('',#413,(#665,#757),.PCURVE_S1.);
#1086=SURFACE_CURVE('',#416,(#667,#701),.PCURVE_S1.);
#1087=SURFACE_CURVE('',#418,(#668,#674),.PCURVE_S1.);
#1088=SURFACE_CURVE('',#420,(#669,#832),.PCURVE_S1.);
#1089=SURFACE_CURVE('',#423,(#671,#718),.PCURVE_S1.);
#1090=SURFACE_CURVE('',#426,(#673,#761),.PCURVE_S1.);
#1091=SURFACE_CURVE('',#430,(#676,#691),.PCURVE_S1.);
#1092=SURFACE_CURVE('',#432,(#677,#719),.PCURVE_S1.);
#1093=SURFACE_CURVE('',#1280,(#678,#725),.PCURVE_S1.);
#1094=SURFACE_CURVE('',#435,(#679,#698),.PCURVE_S1.);
#1095=SURFACE_CURVE('',#438,(#681,#696),.PCURVE_S1.);
#1096=SURFACE_CURVE('',#1281,(#682,#727),.PCURVE_S1.);
#1097=SURFACE_CURVE('',#441,(#683,#721),.PCURVE_S1.);
#1098=SURFACE_CURVE('',#443,(#684,#689),.PCURVE_S1.);
#1099=SURFACE_CURVE('',#445,(#685,#717),.PCURVE_S1.);
#1100=SURFACE_CURVE('',#447,(#686,#711),.PCURVE_S1.);
#1101=SURFACE_CURVE('',#449,(#687,#707),.PCURVE_S1.);
#1102=SURFACE_CURVE('',#453,(#690,#720),.PCURVE_S1.);
#1103=SURFACE_CURVE('',#1282,(#693,#847),.PCURVE_S1.);
#1104=SURFACE_CURVE('',#1284,(#694,#796),.PCURVE_S1.);
#1105=SURFACE_CURVE('',#457,(#695,#728),.PCURVE_S1.);
#1106=SURFACE_CURVE('',#462,(#699,#724),.PCURVE_S1.);
#1107=SURFACE_CURVE('',#1286,(#700,#794),.PCURVE_S1.);
#1108=SURFACE_CURVE('',#465,(#702,#709),.PCURVE_S1.);
#1109=SURFACE_CURVE('',#467,(#703,#713),.PCURVE_S1.);
#1110=SURFACE_CURVE('',#469,(#704,#715),.PCURVE_S1.);
#1111=SURFACE_CURVE('',#1288,(#705,#802),.PCURVE_S1.);
#1112=SURFACE_CURVE('',#1290,(#706,#853),.PCURVE_S1.);
#1113=SURFACE_CURVE('',#472,(#708,#714),.PCURVE_S1.);
#1114=SURFACE_CURVE('',#477,(#712,#716),.PCURVE_S1.);
#1115=SURFACE_CURVE('',#488,(#722,#726),.PCURVE_S1.);
#1116=SURFACE_CURVE('',#490,(#723,#795),.PCURVE_S1.);
#1117=SURFACE_CURVE('',#498,(#730,#750),.PCURVE_S1.);
#1118=SURFACE_CURVE('',#1292,(#731,#777),.PCURVE_S1.);
#1119=SURFACE_CURVE('',#501,(#732,#770),.PCURVE_S1.);
#1120=SURFACE_CURVE('',#503,(#733,#743),.PCURVE_S1.);
#1121=SURFACE_CURVE('',#506,(#735,#745),.PCURVE_S1.);
#1122=SURFACE_CURVE('',#508,(#736,#768),.PCURVE_S1.);
#1123=SURFACE_CURVE('',#1293,(#737,#779),.PCURVE_S1.);
#1124=SURFACE_CURVE('',#511,(#738,#748),.PCURVE_S1.);
#1125=SURFACE_CURVE('',#513,(#739,#756),.PCURVE_S1.);
#1126=SURFACE_CURVE('',#515,(#740,#762),.PCURVE_S1.);
#1127=SURFACE_CURVE('',#517,(#741,#758),.PCURVE_S1.);
#1128=SURFACE_CURVE('',#521,(#744,#769),.PCURVE_S1.);
#1129=SURFACE_CURVE('',#527,(#749,#778),.PCURVE_S1.);
#1130=SURFACE_CURVE('',#1295,(#752,#839),.PCURVE_S1.);
#1131=SURFACE_CURVE('',#1297,(#753,#782),.PCURVE_S1.);
#1132=SURFACE_CURVE('',#530,(#754,#831),.PCURVE_S1.);
#1133=SURFACE_CURVE('',#532,(#755,#763),.PCURVE_S1.);
#1134=SURFACE_CURVE('',#537,(#759,#767),.PCURVE_S1.);
#1135=SURFACE_CURVE('',#539,(#760,#833),.PCURVE_S1.);
#1136=SURFACE_CURVE('',#544,(#764,#830),.PCURVE_S1.);
#1137=SURFACE_CURVE('',#546,(#765,#819),.PCURVE_S1.);
#1138=SURFACE_CURVE('',#548,(#766,#834),.PCURVE_S1.);
#1139=SURFACE_CURVE('',#554,(#771,#776),.PCURVE_S1.);
#1140=SURFACE_CURVE('',#556,(#772,#813),.PCURVE_S1.);
#1141=SURFACE_CURVE('',#558,(#773,#814),.PCURVE_S1.);
#1142=SURFACE_CURVE('',#560,(#774,#821),.PCURVE_S1.);
#1143=SURFACE_CURVE('',#562,(#775,#827),.PCURVE_S1.);
#1144=SURFACE_CURVE('',#1299,(#780,#784),.PCURVE_S1.);
#1145=SURFACE_CURVE('',#1300,(#781,#840),.PCURVE_S1.);
#1146=SURFACE_CURVE('',#1301,(#783,#838),.PCURVE_S1.);
#1147=SURFACE_CURVE('',#1303,(#785,#841),.PCURVE_S1.);
#1148=SURFACE_CURVE('',#1305,(#786,#843),.PCURVE_S1.);
#1149=SURFACE_CURVE('',#1307,(#787,#790),.PCURVE_S1.);
#1150=SURFACE_CURVE('',#1309,(#788,#836),.PCURVE_S1.);
#1151=SURFACE_CURVE('',#1310,(#789,#844),.PCURVE_S1.);
#1152=SURFACE_CURVE('',#1311,(#791,#842),.PCURVE_S1.);
#1153=SURFACE_CURVE('',#1312,(#792,#798),.PCURVE_S1.);
#1154=SURFACE_CURVE('',#1313,(#793,#848),.PCURVE_S1.);
#1155=SURFACE_CURVE('',#1314,(#797,#846),.PCURVE_S1.);
#1156=SURFACE_CURVE('',#1316,(#799,#849),.PCURVE_S1.);
#1157=SURFACE_CURVE('',#1318,(#800,#851),.PCURVE_S1.);
#1158=SURFACE_CURVE('',#1320,(#801,#804),.PCURVE_S1.);
#1159=SURFACE_CURVE('',#1322,(#803,#852),.PCURVE_S1.);
#1160=SURFACE_CURVE('',#1323,(#805,#850),.PCURVE_S1.);
#1161=SURFACE_CURVE('',#586,(#806,#816),.PCURVE_S1.);
#1162=SURFACE_CURVE('',#588,(#807,#811),.PCURVE_S1.);
#1163=SURFACE_CURVE('',#590,(#808,#825),.PCURVE_S1.);
#1164=SURFACE_CURVE('',#592,(#809,#828),.PCURVE_S1.);
#1165=SURFACE_CURVE('',#594,(#810,#826),.PCURVE_S1.);
#1166=SURFACE_CURVE('',#597,(#812,#815),.PCURVE_S1.);
#1167=SURFACE_CURVE('',#603,(#817,#835),.PCURVE_S1.);
#1168=SURFACE_CURVE('',#605,(#818,#822),.PCURVE_S1.);
#1169=SURFACE_CURVE('',#608,(#820,#823),.PCURVE_S1.);
#1170=SURFACE_CURVE('',#613,(#824,#829),.PCURVE_S1.);
#1171=SURFACE_CURVE('',#1325,(#837,#845),.PCURVE_S1.);
#1172=EDGE_CURVE('',#1327,#1327,#1066,.T.);
#1173=EDGE_CURVE('',#1328,#1329,#1067,.T.);
#1174=EDGE_CURVE('',#1329,#1330,#1068,.T.);
#1175=EDGE_CURVE('',#1330,#1331,#1069,.T.);
#1176=EDGE_CURVE('',#1331,#1328,#1070,.T.);
#1177=EDGE_CURVE('',#1329,#1332,#1071,.T.);
#1178=EDGE_CURVE('',#1332,#1333,#1072,.T.);
#1179=EDGE_CURVE('',#1333,#1330,#1073,.T.);
#1180=EDGE_CURVE('',#1332,#1334,#1074,.T.);
#1181=EDGE_CURVE('',#1334,#1335,#1075,.T.);
#1182=EDGE_CURVE('',#1335,#1333,#1076,.T.);
#1183=EDGE_CURVE('',#1334,#1336,#1077,.T.);
#1184=EDGE_CURVE('',#1336,#1337,#1078,.T.);
#1185=EDGE_CURVE('',#1337,#1335,#1079,.T.);
#1186=EDGE_CURVE('',#1336,#1338,#1080,.T.);
#1187=EDGE_CURVE('',#1338,#1339,#1081,.T.);
#1188=EDGE_CURVE('',#1339,#1337,#1082,.T.);
#1189=EDGE_CURVE('',#1338,#1340,#1083,.T.);
#1190=EDGE_CURVE('',#1340,#1341,#1084,.T.);
#1191=EDGE_CURVE('',#1341,#1339,#1085,.T.);
#1192=EDGE_CURVE('',#1340,#1342,#1086,.T.);
#1193=EDGE_CURVE('',#1342,#1343,#1087,.T.);
#1194=EDGE_CURVE('',#1343,#1341,#1088,.T.);
#1195=EDGE_CURVE('',#1342,#1328,#1089,.T.);
#1196=EDGE_CURVE('',#1331,#1343,#1090,.T.);
#1197=EDGE_CURVE('',#1329,#1344,#1091,.T.);
#1198=EDGE_CURVE('',#1344,#1351,#1092,.T.);
#1199=EDGE_CURVE('',#1351,#1352,#1093,.T.);
#1200=EDGE_CURVE('',#1352,#1332,#1094,.T.);
#1201=EDGE_CURVE('',#1334,#1354,#1095,.T.);
#1202=EDGE_CURVE('',#1354,#1353,#1096,.T.);
#1203=EDGE_CURVE('',#1353,#1345,#1097,.T.);
#1204=EDGE_CURVE('',#1345,#1336,#1098,.T.);
#1205=EDGE_CURVE('',#1328,#1349,#1099,.T.);
#1206=EDGE_CURVE('',#1349,#1348,#1100,.T.);
#1207=EDGE_CURVE('',#1348,#1338,#1101,.T.);
#1208=EDGE_CURVE('',#1345,#1344,#1102,.T.);
#1209=EDGE_CURVE('',#1371,#1389,#1103,.T.);
#1210=EDGE_CURVE('',#1389,#1372,#1104,.T.);
#1211=EDGE_CURVE('',#1372,#1354,#1105,.T.);
#1212=EDGE_CURVE('',#1352,#1370,#1106,.T.);
#1213=EDGE_CURVE('',#1370,#1371,#1107,.T.);
#1214=EDGE_CURVE('',#1340,#1346,#1108,.T.);
#1215=EDGE_CURVE('',#1346,#1347,#1109,.T.);
#1216=EDGE_CURVE('',#1347,#1342,#1110,.T.);
#1217=EDGE_CURVE('',#1350,#1390,#1111,.T.);
#1218=EDGE_CURVE('',#1390,#1350,#1112,.T.);
#1219=EDGE_CURVE('',#1348,#1346,#1113,.T.);
#1220=EDGE_CURVE('',#1349,#1347,#1114,.T.);
#1221=EDGE_CURVE('',#1353,#1351,#1115,.T.);
#1222=EDGE_CURVE('',#1372,#1370,#1116,.T.);
#1223=EDGE_CURVE('',#1333,#1363,#1117,.T.);
#1224=EDGE_CURVE('',#1363,#1361,#1118,.T.);
#1225=EDGE_CURVE('',#1361,#1356,#1119,.T.);
#1226=EDGE_CURVE('',#1356,#1330,#1120,.T.);
#1227=EDGE_CURVE('',#1337,#1355,#1121,.T.);
#1228=EDGE_CURVE('',#1355,#1362,#1122,.T.);
#1229=EDGE_CURVE('',#1362,#1364,#1123,.T.);
#1230=EDGE_CURVE('',#1364,#1335,#1124,.T.);
#1231=EDGE_CURVE('',#1339,#1359,#1125,.T.);
#1232=EDGE_CURVE('',#1359,#1360,#1126,.T.);
#1233=EDGE_CURVE('',#1360,#1331,#1127,.T.);
#1234=EDGE_CURVE('',#1356,#1355,#1128,.T.);
#1235=EDGE_CURVE('',#1364,#1363,#1129,.T.);
#1236=EDGE_CURVE('',#1367,#1385,#1130,.T.);
#1237=EDGE_CURVE('',#1385,#1367,#1131,.T.);
#1238=EDGE_CURVE('',#1341,#1357,#1132,.T.);
#1239=EDGE_CURVE('',#1357,#1359,#1133,.T.);
#1240=EDGE_CURVE('',#1360,#1358,#1134,.T.);
#1241=EDGE_CURVE('',#1358,#1343,#1135,.T.);
#1242=EDGE_CURVE('',#1357,#1379,#1136,.T.);
#1243=EDGE_CURVE('',#1379,#1378,#1137,.T.);
#1244=EDGE_CURVE('',#1378,#1358,#1138,.T.);
#1245=EDGE_CURVE('',#1361,#1362,#1139,.T.);
#1246=EDGE_CURVE('',#1380,#1381,#1140,.T.);
#1247=EDGE_CURVE('',#1381,#1382,#1141,.T.);
#1248=EDGE_CURVE('',#1382,#1383,#1142,.T.);
#1249=EDGE_CURVE('',#1383,#1380,#1143,.T.);
#1250=EDGE_CURVE('',#1384,#1366,#1144,.T.);
#1251=EDGE_CURVE('',#1366,#1367,#1145,.T.);
#1252=EDGE_CURVE('',#1385,#1384,#1146,.T.);
#1253=EDGE_CURVE('',#1384,#1366,#1147,.T.);
#1254=EDGE_CURVE('',#1368,#1387,#1148,.T.);
#1255=EDGE_CURVE('',#1387,#1368,#1149,.T.);
#1256=EDGE_CURVE('',#1386,#1365,#1150,.T.);
#1257=EDGE_CURVE('',#1365,#1368,#1151,.T.);
#1258=EDGE_CURVE('',#1387,#1386,#1152,.T.);
#1259=EDGE_CURVE('',#1388,#1369,#1153,.T.);
#1260=EDGE_CURVE('',#1369,#1371,#1154,.T.);
#1261=EDGE_CURVE('',#1389,#1388,#1155,.T.);
#1262=EDGE_CURVE('',#1388,#1369,#1156,.T.);
#1263=EDGE_CURVE('',#1373,#1391,#1157,.T.);
#1264=EDGE_CURVE('',#1391,#1373,#1158,.T.);
#1265=EDGE_CURVE('',#1350,#1373,#1159,.T.);
#1266=EDGE_CURVE('',#1391,#1390,#1160,.T.);
#1267=EDGE_CURVE('',#1376,#1375,#1161,.T.);
#1268=EDGE_CURVE('',#1375,#1374,#1162,.T.);
#1269=EDGE_CURVE('',#1374,#1377,#1163,.T.);
#1270=EDGE_CURVE('',#1377,#1376,#1164,.T.);
#1271=EDGE_CURVE('',#1380,#1374,#1165,.T.);
#1272=EDGE_CURVE('',#1375,#1381,#1166,.T.);
#1273=EDGE_CURVE('',#1376,#1378,#1167,.T.);
#1274=EDGE_CURVE('',#1378,#1382,#1168,.T.);
#1275=EDGE_CURVE('',#1379,#1383,#1169,.T.);
#1276=EDGE_CURVE('',#1379,#1377,#1170,.T.);
#1277=EDGE_CURVE('',#1386,#1365,#1171,.T.);
#1278=(
BOUNDED_CURVE()
B_SPLINE_CURVE(2,(#1755,#1756,#1757,#1758,#1759,#1760,#1761,#1762,#1763,
#1764,#1765),.UNSPECIFIED.,.T.,.F.)
B_SPLINE_CURVE_WITH_KNOTS((3,2,2,2,2,3),(-10.9955742875642,-10.7946984468237,
-8.24668071567313,-5.49778714378208,-2.74889357189104,0.),.UNSPECIFIED.)
CURVE()
GEOMETRIC_REPRESENTATION_ITEM()
RATIONAL_B_SPLINE_CURVE((1.,0.97859678083649,0.960321649051834,0.728510000350058,
1.,0.707106781186548,1.,0.707106781186548,1.,0.707106781186548,1.))
REPRESENTATION_ITEM('')
);
#1279=(
BOUNDED_CURVE()
B_SPLINE_CURVE(2,(#1766,#1767,#1768,#1769,#1770,#1771,#1772,#1773,#1774,
#1775,#1776),.UNSPECIFIED.,.T.,.F.)
B_SPLINE_CURVE_WITH_KNOTS((3,2,2,2,2,3),(-10.9955742875642,-10.7946984468237,
-8.24668071567313,-5.49778714378208,-2.74889357189104,0.),.UNSPECIFIED.)
CURVE()
GEOMETRIC_REPRESENTATION_ITEM()
RATIONAL_B_SPLINE_CURVE((1.,0.998608878585925,1.,0.743407876190181,1.,0.707106781186548,
1.,0.707106781186548,1.,0.707106781186548,1.))
REPRESENTATION_ITEM('')
);
#1280=(
BOUNDED_CURVE()
B_SPLINE_CURVE(2,(#1899,#1900,#1901),.UNSPECIFIED.,.F.,.F.)
B_SPLINE_CURVE_WITH_KNOTS((3,3),(0.,3.14159265358997),.UNSPECIFIED.)
CURVE()
GEOMETRIC_REPRESENTATION_ITEM()
RATIONAL_B_SPLINE_CURVE((1.,0.707106781186554,1.))
REPRESENTATION_ITEM('')
);
#1281=(
BOUNDED_CURVE()
B_SPLINE_CURVE(2,(#1964,#1965,#1966),.UNSPECIFIED.,.F.,.F.)
B_SPLINE_CURVE_WITH_KNOTS((3,3),(-3.14159265358997,0.),.UNSPECIFIED.)
CURVE()
GEOMETRIC_REPRESENTATION_ITEM()
RATIONAL_B_SPLINE_CURVE((1.,0.707106781186553,1.))
REPRESENTATION_ITEM('')
);
#1282=(
BOUNDED_CURVE()
B_SPLINE_CURVE(2,(#2051,#2052,#2053,#2054,#2055,#2056,#2057),
 .UNSPECIFIED.,.F.,.F.)
B_SPLINE_CURVE_WITH_KNOTS((3,2,2,3),(-18.8495559215388,-15.6339301001152,
-12.4183042786917,-9.46800141849255),.UNSPECIFIED.)
CURVE()
GEOMETRIC_REPRESENTATION_ITEM()
RATIONAL_B_SPLINE_CURVE((1.,0.858814212755252,1.,0.858814212755252,1.,0.879919010954695,
1.))
REPRESENTATION_ITEM('')
);
#1283=(
BOUNDED_CURVE()
B_SPLINE_CURVE(2,(#2058,#2059,#2060,#2061,#2062,#2063,#2064),
 .UNSPECIFIED.,.F.,.F.)
B_SPLINE_CURVE_WITH_KNOTS((3,2,2,3),(-18.8495559215388,-15.6339301001152,
-12.4183042786917,-9.46800141849255),.UNSPECIFIED.)
CURVE()
GEOMETRIC_REPRESENTATION_ITEM()
RATIONAL_B_SPLINE_CURVE((1.,0.858814212755253,1.,0.858814212755253,1.,0.879919010954701,
1.))
REPRESENTATION_ITEM('')
);
#1284=(
BOUNDED_CURVE()
B_SPLINE_CURVE(2,(#2065,#2066,#2067,#2068,#2069),.UNSPECIFIED.,.F.,.F.)
B_SPLINE_CURVE_WITH_KNOTS((3,2,3),(-9.46800141849255,-9.20267845726821,
-5.98705263584469),.UNSPECIFIED.)
CURVE()
GEOMETRIC_REPRESENTATION_ITEM()
RATIONAL_B_SPLINE_CURVE((1.,0.999086732022017,1.,0.858814212755252,1.))
REPRESENTATION_ITEM('')
);
#1285=(
BOUNDED_CURVE()
B_SPLINE_CURVE(2,(#2070,#2071,#2072,#2073,#2074),.UNSPECIFIED.,.F.,.F.)
B_SPLINE_CURVE_WITH_KNOTS((3,2,3),(-9.46800141849255,-9.20267845726816,
-5.98705263584469),.UNSPECIFIED.)
CURVE()
GEOMETRIC_REPRESENTATION_ITEM()
RATIONAL_B_SPLINE_CURVE((1.,0.999086732022017,1.,0.858814212755253,1.))
REPRESENTATION_ITEM('')
);
#1286=(
BOUNDED_CURVE()
B_SPLINE_CURVE(2,(#2093,#2094,#2095),.UNSPECIFIED.,.F.,.F.)
B_SPLINE_CURVE_WITH_KNOTS((3,3),(-3.43772532492468,0.),.UNSPECIFIED.)
CURVE()
GEOMETRIC_REPRESENTATION_ITEM()
RATIONAL_B_SPLINE_CURVE((1.,0.836140759516707,1.))
REPRESENTATION_ITEM('')
);
#1287=(
BOUNDED_CURVE()
B_SPLINE_CURVE(2,(#2096,#2097,#2098),.UNSPECIFIED.,.F.,.F.)
B_SPLINE_CURVE_WITH_KNOTS((3,3),(-3.43772532492468,0.),.UNSPECIFIED.)
CURVE()
GEOMETRIC_REPRESENTATION_ITEM()
RATIONAL_B_SPLINE_CURVE((1.,0.836140759516712,1.))
REPRESENTATION_ITEM('')
);
#1288=(
BOUNDED_CURVE()
B_SPLINE_CURVE(2,(#2113,#2114,#2115,#2116,#2117),.UNSPECIFIED.,.F.,.F.)
B_SPLINE_CURVE_WITH_KNOTS((3,2,3),(0.,2.74889357189107,5.49778714378214),
 .UNSPECIFIED.)
CURVE()
GEOMETRIC_REPRESENTATION_ITEM()
RATIONAL_B_SPLINE_CURVE((1.,0.707106781186548,1.,0.707106781186548,1.))
REPRESENTATION_ITEM('')
);
#1289=(
BOUNDED_CURVE()
B_SPLINE_CURVE(2,(#2118,#2119,#2120,#2121,#2122),.UNSPECIFIED.,.F.,.F.)
B_SPLINE_CURVE_WITH_KNOTS((3,2,3),(0.,2.74889357189107,5.49778714378214),
 .UNSPECIFIED.)
CURVE()
GEOMETRIC_REPRESENTATION_ITEM()
RATIONAL_B_SPLINE_CURVE((1.,0.707106781186548,1.,0.707106781186548,1.))
REPRESENTATION_ITEM('')
);
#1290=(
BOUNDED_CURVE()
B_SPLINE_CURVE(2,(#2123,#2124,#2125,#2126,#2127),.UNSPECIFIED.,.F.,.F.)
B_SPLINE_CURVE_WITH_KNOTS((3,2,3),(5.49778714378214,8.24668071567321,10.9955742875643),
 .UNSPECIFIED.)
CURVE()
GEOMETRIC_REPRESENTATION_ITEM()
RATIONAL_B_SPLINE_CURVE((1.,0.707106781186547,1.,0.707106781186548,1.))
REPRESENTATION_ITEM('')
);
#1291=(
BOUNDED_CURVE()
B_SPLINE_CURVE(2,(#2128,#2129,#2130,#2131,#2132),.UNSPECIFIED.,.F.,.F.)
B_SPLINE_CURVE_WITH_KNOTS((3,2,3),(5.49778714378214,8.24668071567321,10.9955742875643),
 .UNSPECIFIED.)
CURVE()
GEOMETRIC_REPRESENTATION_ITEM()
RATIONAL_B_SPLINE_CURVE((1.,0.707106781186548,1.,0.707106781186548,1.))
REPRESENTATION_ITEM('')
);
#1292=(
BOUNDED_CURVE()
B_SPLINE_CURVE(2,(#2213,#2214,#2215),.UNSPECIFIED.,.F.,.F.)
B_SPLINE_CURVE_WITH_KNOTS((3,3),(-3.14159265358991,0.),.UNSPECIFIED.)
CURVE()
GEOMETRIC_REPRESENTATION_ITEM()
RATIONAL_B_SPLINE_CURVE((1.,0.707106781186544,1.))
REPRESENTATION_ITEM('')
);
#1293=(
BOUNDED_CURVE()
B_SPLINE_CURVE(2,(#2286,#2287,#2288),.UNSPECIFIED.,.F.,.F.)
B_SPLINE_CURVE_WITH_KNOTS((3,3),(0.,3.14159265358991),.UNSPECIFIED.)
CURVE()
GEOMETRIC_REPRESENTATION_ITEM()
RATIONAL_B_SPLINE_CURVE((1.,0.707106781186544,1.))
REPRESENTATION_ITEM('')
);
#1294=(
BOUNDED_CURVE()
B_SPLINE_CURVE(2,(#2381,#2382,#2383,#2384,#2385,#2386,#2387,#2388,#2389,
#2390,#2391),.UNSPECIFIED.,.T.,.F.)
B_SPLINE_CURVE_WITH_KNOTS((3,2,2,2,2,3),(-10.9955742875642,-10.7946984468357,
-8.04580487494461,-5.29691130305357,-2.54801773116253,0.),.UNSPECIFIED.)
CURVE()
GEOMETRIC_REPRESENTATION_ITEM()
RATIONAL_B_SPLINE_CURVE((1.,0.998608878586094,1.,0.707106781186548,1.,0.707106781186548,
1.,0.707106781186548,1.,0.743407876188031,1.))
REPRESENTATION_ITEM('')
);
#1295=(
BOUNDED_CURVE()
B_SPLINE_CURVE(2,(#2392,#2393,#2394,#2395,#2396),.UNSPECIFIED.,.F.,.F.)
B_SPLINE_CURVE_WITH_KNOTS((3,2,3),(-18.8495559215388,-14.1371669411541,
-9.42477796076938),.UNSPECIFIED.)
CURVE()
GEOMETRIC_REPRESENTATION_ITEM()
RATIONAL_B_SPLINE_CURVE((1.,0.707106781186548,1.,0.707106781186548,1.))
REPRESENTATION_ITEM('')
);
#1296=(
BOUNDED_CURVE()
B_SPLINE_CURVE(2,(#2397,#2398,#2399,#2400,#2401),.UNSPECIFIED.,.F.,.F.)
B_SPLINE_CURVE_WITH_KNOTS((3,2,3),(-18.8495559215388,-14.1371669411541,
-9.42477796076938),.UNSPECIFIED.)
CURVE()
GEOMETRIC_REPRESENTATION_ITEM()
RATIONAL_B_SPLINE_CURVE((1.,0.707106781186548,1.,0.707106781186548,1.))
REPRESENTATION_ITEM('')
);
#1297=(
BOUNDED_CURVE()
B_SPLINE_CURVE(2,(#2402,#2403,#2404,#2405,#2406),.UNSPECIFIED.,.F.,.F.)
B_SPLINE_CURVE_WITH_KNOTS((3,2,3),(-9.42477796076938,-4.71238898038469,
0.),.UNSPECIFIED.)
CURVE()
GEOMETRIC_REPRESENTATION_ITEM()
RATIONAL_B_SPLINE_CURVE((1.,0.707106781186548,1.,0.707106781186548,1.))
REPRESENTATION_ITEM('')
);
#1298=(
BOUNDED_CURVE()
B_SPLINE_CURVE(2,(#2407,#2408,#2409,#2410,#2411),.UNSPECIFIED.,.F.,.F.)
B_SPLINE_CURVE_WITH_KNOTS((3,2,3),(-9.42477796076938,-4.71238898038469,
0.),.UNSPECIFIED.)
CURVE()
GEOMETRIC_REPRESENTATION_ITEM()
RATIONAL_B_SPLINE_CURVE((1.,0.707106781186548,1.,0.707106781186548,1.))
REPRESENTATION_ITEM('')
);
#1299=(
BOUNDED_CURVE()
B_SPLINE_CURVE(2,(#2490,#2491,#2492,#2493,#2494),.UNSPECIFIED.,.F.,.F.)
B_SPLINE_CURVE_WITH_KNOTS((3,2,3),(-9.42477796076938,-4.71238898038469,
0.),.UNSPECIFIED.)
CURVE()
GEOMETRIC_REPRESENTATION_ITEM()
RATIONAL_B_SPLINE_CURVE((1.,0.707106781186548,1.,0.707106781186548,1.))
REPRESENTATION_ITEM('')
);
#1300=(
BOUNDED_CURVE()
B_SPLINE_CURVE(1,(#2497,#2498),.UNSPECIFIED.,.F.,.F.)
B_SPLINE_CURVE_WITH_KNOTS((2,2),(0.,3.00120869726219),.UNSPECIFIED.)
CURVE()
GEOMETRIC_REPRESENTATION_ITEM()
RATIONAL_B_SPLINE_CURVE((1.,1.))
REPRESENTATION_ITEM('')
);
#1301=(
BOUNDED_CURVE()
B_SPLINE_CURVE(1,(#2503,#2504),.UNSPECIFIED.,.F.,.F.)
B_SPLINE_CURVE_WITH_KNOTS((2,2),(-3.00120869726219,0.),.UNSPECIFIED.)
CURVE()
GEOMETRIC_REPRESENTATION_ITEM()
RATIONAL_B_SPLINE_CURVE((1.,1.))
REPRESENTATION_ITEM('')
);
#1302=(
BOUNDED_CURVE()
B_SPLINE_CURVE(2,(#2507,#2508,#2509,#2510,#2511),.UNSPECIFIED.,.F.,.F.)
B_SPLINE_CURVE_WITH_KNOTS((3,2,3),(-9.42477796076938,-4.71238898038469,
0.),.UNSPECIFIED.)
CURVE()
GEOMETRIC_REPRESENTATION_ITEM()
RATIONAL_B_SPLINE_CURVE((1.,0.707106781186548,1.,0.707106781186548,1.))
REPRESENTATION_ITEM('')
);
#1303=(
BOUNDED_CURVE()
B_SPLINE_CURVE(2,(#2512,#2513,#2514,#2515,#2516),.UNSPECIFIED.,.F.,.F.)
B_SPLINE_CURVE_WITH_KNOTS((3,2,3),(9.42477796076938,14.1371669411541,18.8495559215388),
 .UNSPECIFIED.)
CURVE()
GEOMETRIC_REPRESENTATION_ITEM()
RATIONAL_B_SPLINE_CURVE((1.,0.707106781186548,1.,0.707106781186548,1.))
REPRESENTATION_ITEM('')
);
#1304=(
BOUNDED_CURVE()
B_SPLINE_CURVE(2,(#2517,#2518,#2519,#2520,#2521),.UNSPECIFIED.,.F.,.F.)
B_SPLINE_CURVE_WITH_KNOTS((3,2,3),(9.42477796076938,14.1371669411541,18.8495559215388),
 .UNSPECIFIED.)
CURVE()
GEOMETRIC_REPRESENTATION_ITEM()
RATIONAL_B_SPLINE_CURVE((1.,0.707106781186548,1.,0.707106781186548,1.))
REPRESENTATION_ITEM('')
);
#1305=(
BOUNDED_CURVE()
B_SPLINE_CURVE(2,(#2522,#2523,#2524,#2525,#2526),.UNSPECIFIED.,.F.,.F.)
B_SPLINE_CURVE_WITH_KNOTS((3,2,3),(-10.9955742875643,-8.24668071567321,
-5.49778714378214),.UNSPECIFIED.)
CURVE()
GEOMETRIC_REPRESENTATION_ITEM()
RATIONAL_B_SPLINE_CURVE((1.,0.707106781186548,1.,0.707106781186548,1.))
REPRESENTATION_ITEM('')
);
#1306=(
BOUNDED_CURVE()
B_SPLINE_CURVE(2,(#2527,#2528,#2529,#2530,#2531),.UNSPECIFIED.,.F.,.F.)
B_SPLINE_CURVE_WITH_KNOTS((3,2,3),(-10.9955742875643,-8.24668071567321,
-5.49778714378214),.UNSPECIFIED.)
CURVE()
GEOMETRIC_REPRESENTATION_ITEM()
RATIONAL_B_SPLINE_CURVE((1.,0.707106781186548,1.,0.707106781186548,1.))
REPRESENTATION_ITEM('')
);
#1307=(
BOUNDED_CURVE()
B_SPLINE_CURVE(2,(#2532,#2533,#2534,#2535,#2536),.UNSPECIFIED.,.F.,.F.)
B_SPLINE_CURVE_WITH_KNOTS((3,2,3),(-5.49778714378214,-2.74889357189107,
0.),.UNSPECIFIED.)
CURVE()
GEOMETRIC_REPRESENTATION_ITEM()
RATIONAL_B_SPLINE_CURVE((1.,0.707106781186548,1.,0.707106781186548,1.))
REPRESENTATION_ITEM('')
);
#1308=(
BOUNDED_CURVE()
B_SPLINE_CURVE(2,(#2537,#2538,#2539,#2540,#2541),.UNSPECIFIED.,.F.,.F.)
B_SPLINE_CURVE_WITH_KNOTS((3,2,3),(-5.49778714378214,-2.74889357189107,
0.),.UNSPECIFIED.)
CURVE()
GEOMETRIC_REPRESENTATION_ITEM()
RATIONAL_B_SPLINE_CURVE((1.,0.707106781186548,1.,0.707106781186548,1.))
REPRESENTATION_ITEM('')
);
#1309=(
BOUNDED_CURVE()
B_SPLINE_CURVE(2,(#2542,#2543,#2544,#2545,#2546),.UNSPECIFIED.,.F.,.F.)
B_SPLINE_CURVE_WITH_KNOTS((3,2,3),(-5.49778714378214,-2.74889357189107,
0.),.UNSPECIFIED.)
CURVE()
GEOMETRIC_REPRESENTATION_ITEM()
RATIONAL_B_SPLINE_CURVE((1.,0.707106781186548,1.,0.707106781186548,1.))
REPRESENTATION_ITEM('')
);
#1310=(
BOUNDED_CURVE()
B_SPLINE_CURVE(1,(#2549,#2550),.UNSPECIFIED.,.F.,.F.)
B_SPLINE_CURVE_WITH_KNOTS((2,2),(5.98019999924832,10.247490649567),
 .UNSPECIFIED.)
CURVE()
GEOMETRIC_REPRESENTATION_ITEM()
RATIONAL_B_SPLINE_CURVE((1.,1.))
REPRESENTATION_ITEM('')
);
#1311=(
BOUNDED_CURVE()
B_SPLINE_CURVE(1,(#2555,#2556),.UNSPECIFIED.,.F.,.F.)
B_SPLINE_CURVE_WITH_KNOTS((2,2),(-10.247490649567,-5.98019999924832),
 .UNSPECIFIED.)
CURVE()
GEOMETRIC_REPRESENTATION_ITEM()
RATIONAL_B_SPLINE_CURVE((1.,1.))
REPRESENTATION_ITEM('')
);
#1312=(
BOUNDED_CURVE()
B_SPLINE_CURVE(2,(#2559,#2560,#2561,#2562,#2563),.UNSPECIFIED.,.F.,.F.)
B_SPLINE_CURVE_WITH_KNOTS((3,2,3),(-9.42477796076938,-4.71238898038469,
0.),.UNSPECIFIED.)
CURVE()
GEOMETRIC_REPRESENTATION_ITEM()
RATIONAL_B_SPLINE_CURVE((1.,0.707106781186548,1.,0.707106781186548,1.))
REPRESENTATION_ITEM('')
);
#1313=(
BOUNDED_CURVE()
B_SPLINE_CURVE(1,(#2566,#2567),.UNSPECIFIED.,.F.,.F.)
B_SPLINE_CURVE_WITH_KNOTS((2,2),(0.,2.22849099786968),.UNSPECIFIED.)
CURVE()
GEOMETRIC_REPRESENTATION_ITEM()
RATIONAL_B_SPLINE_CURVE((1.,1.))
REPRESENTATION_ITEM('')
);
#1314=(
BOUNDED_CURVE()
B_SPLINE_CURVE(1,(#2587,#2588),.UNSPECIFIED.,.F.,.F.)
B_SPLINE_CURVE_WITH_KNOTS((2,2),(-2.22849099786969,0.),.UNSPECIFIED.)
CURVE()
GEOMETRIC_REPRESENTATION_ITEM()
RATIONAL_B_SPLINE_CURVE((1.,1.))
REPRESENTATION_ITEM('')
);
#1315=(
BOUNDED_CURVE()
B_SPLINE_CURVE(2,(#2591,#2592,#2593,#2594,#2595),.UNSPECIFIED.,.F.,.F.)
B_SPLINE_CURVE_WITH_KNOTS((3,2,3),(-9.42477796076938,-4.71238898038469,
0.),.UNSPECIFIED.)
CURVE()
GEOMETRIC_REPRESENTATION_ITEM()
RATIONAL_B_SPLINE_CURVE((1.,0.707106781186548,1.,0.707106781186548,1.))
REPRESENTATION_ITEM('')
);
#1316=(
BOUNDED_CURVE()
B_SPLINE_CURVE(2,(#2596,#2597,#2598,#2599,#2600),.UNSPECIFIED.,.F.,.F.)
B_SPLINE_CURVE_WITH_KNOTS((3,2,3),(9.42477796076938,14.1371669411541,18.8495559215388),
 .UNSPECIFIED.)
CURVE()
GEOMETRIC_REPRESENTATION_ITEM()
RATIONAL_B_SPLINE_CURVE((1.,0.707106781186548,1.,0.707106781186548,1.))
REPRESENTATION_ITEM('')
);
#1317=(
BOUNDED_CURVE()
B_SPLINE_CURVE(2,(#2601,#2602,#2603,#2604,#2605),.UNSPECIFIED.,.F.,.F.)
B_SPLINE_CURVE_WITH_KNOTS((3,2,3),(9.42477796076938,14.1371669411541,18.8495559215388),
 .UNSPECIFIED.)
CURVE()
GEOMETRIC_REPRESENTATION_ITEM()
RATIONAL_B_SPLINE_CURVE((1.,0.707106781186548,1.,0.707106781186548,1.))
REPRESENTATION_ITEM('')
);
#1318=(
BOUNDED_CURVE()
B_SPLINE_CURVE(2,(#2606,#2607,#2608,#2609,#2610),.UNSPECIFIED.,.F.,.F.)
B_SPLINE_CURVE_WITH_KNOTS((3,2,3),(-10.9955742875643,-8.24668071567321,
-5.49778714378214),.UNSPECIFIED.)
CURVE()
GEOMETRIC_REPRESENTATION_ITEM()
RATIONAL_B_SPLINE_CURVE((1.,0.707106781186548,1.,0.707106781186548,1.))
REPRESENTATION_ITEM('')
);
#1319=(
BOUNDED_CURVE()
B_SPLINE_CURVE(2,(#2611,#2612,#2613,#2614,#2615),.UNSPECIFIED.,.F.,.F.)
B_SPLINE_CURVE_WITH_KNOTS((3,2,3),(-10.9955742875643,-8.24668071567321,
-5.49778714378214),.UNSPECIFIED.)
CURVE()
GEOMETRIC_REPRESENTATION_ITEM()
RATIONAL_B_SPLINE_CURVE((1.,0.707106781186548,1.,0.707106781186548,1.))
REPRESENTATION_ITEM('')
);
#1320=(
BOUNDED_CURVE()
B_SPLINE_CURVE(2,(#2616,#2617,#2618,#2619,#2620),.UNSPECIFIED.,.F.,.F.)
B_SPLINE_CURVE_WITH_KNOTS((3,2,3),(-5.49778714378214,-2.74889357189107,
0.),.UNSPECIFIED.)
CURVE()
GEOMETRIC_REPRESENTATION_ITEM()
RATIONAL_B_SPLINE_CURVE((1.,0.707106781186548,1.,0.707106781186548,1.))
REPRESENTATION_ITEM('')
);
#1321=(
BOUNDED_CURVE()
B_SPLINE_CURVE(2,(#2621,#2622,#2623,#2624,#2625),.UNSPECIFIED.,.F.,.F.)
B_SPLINE_CURVE_WITH_KNOTS((3,2,3),(-5.49778714378214,-2.74889357189107,
0.),.UNSPECIFIED.)
CURVE()
GEOMETRIC_REPRESENTATION_ITEM()
RATIONAL_B_SPLINE_CURVE((1.,0.707106781186548,1.,0.707106781186548,1.))
REPRESENTATION_ITEM('')
);
#1322=(
BOUNDED_CURVE()
B_SPLINE_CURVE(1,(#2628,#2629),.UNSPECIFIED.,.F.,.F.)
B_SPLINE_CURVE_WITH_KNOTS((2,2),(6.74626995660592,11.7862783063171),
 .UNSPECIFIED.)
CURVE()
GEOMETRIC_REPRESENTATION_ITEM()
RATIONAL_B_SPLINE_CURVE((1.,1.))
REPRESENTATION_ITEM('')
);
#1323=(
BOUNDED_CURVE()
B_SPLINE_CURVE(1,(#2634,#2635),.UNSPECIFIED.,.F.,.F.)
B_SPLINE_CURVE_WITH_KNOTS((2,2),(-11.7862783063171,-6.74626995660592),
 .UNSPECIFIED.)
CURVE()
GEOMETRIC_REPRESENTATION_ITEM()
RATIONAL_B_SPLINE_CURVE((1.,1.))
REPRESENTATION_ITEM('')
);
#1324=(
BOUNDED_CURVE()
B_SPLINE_CURVE(2,(#2718,#2719,#2720,#2721,#2722),.UNSPECIFIED.,.F.,.F.)
B_SPLINE_CURVE_WITH_KNOTS((3,2,3),(-5.49778714378214,-2.74889357189107,
0.),.UNSPECIFIED.)
CURVE()
GEOMETRIC_REPRESENTATION_ITEM()
RATIONAL_B_SPLINE_CURVE((1.,0.707106781186548,1.,0.707106781186548,1.))
REPRESENTATION_ITEM('')
);
#1325=(
BOUNDED_CURVE()
B_SPLINE_CURVE(2,(#2723,#2724,#2725,#2726,#2727),.UNSPECIFIED.,.F.,.F.)
B_SPLINE_CURVE_WITH_KNOTS((3,2,3),(5.49778714378214,8.24668071567321,10.9955742875643),
 .UNSPECIFIED.)
CURVE()
GEOMETRIC_REPRESENTATION_ITEM()
RATIONAL_B_SPLINE_CURVE((1.,0.707106781186547,1.,0.707106781186548,1.))
REPRESENTATION_ITEM('')
);
#1326=(
BOUNDED_CURVE()
B_SPLINE_CURVE(2,(#2728,#2729,#2730,#2731,#2732),.UNSPECIFIED.,.F.,.F.)
B_SPLINE_CURVE_WITH_KNOTS((3,2,3),(5.49778714378214,8.24668071567321,10.9955742875643),
 .UNSPECIFIED.)
CURVE()
GEOMETRIC_REPRESENTATION_ITEM()
RATIONAL_B_SPLINE_CURVE((1.,0.707106781186548,1.,0.707106781186548,1.))
REPRESENTATION_ITEM('')
);
#1327=VERTEX_POINT('',#1690);
#1328=VERTEX_POINT('',#1691);
#1329=VERTEX_POINT('',#1692);
#1330=VERTEX_POINT('',#1693);
#1331=VERTEX_POINT('',#1694);
#1332=VERTEX_POINT('',#1695);
#1333=VERTEX_POINT('',#1696);
#1334=VERTEX_POINT('',#1697);
#1335=VERTEX_POINT('',#1698);
#1336=VERTEX_POINT('',#1699);
#1337=VERTEX_POINT('',#1700);
#1338=VERTEX_POINT('',#1701);
#1339=VERTEX_POINT('',#1702);
#1340=VERTEX_POINT('',#1703);
#1341=VERTEX_POINT('',#1704);
#1342=VERTEX_POINT('',#1705);
#1343=VERTEX_POINT('',#1706);
#1344=VERTEX_POINT('',#1707);
#1345=VERTEX_POINT('',#1708);
#1346=VERTEX_POINT('',#1709);
#1347=VERTEX_POINT('',#1710);
#1348=VERTEX_POINT('',#1711);
#1349=VERTEX_POINT('',#1712);
#1350=VERTEX_POINT('',#1713);
#1351=VERTEX_POINT('',#1714);
#1352=VERTEX_POINT('',#1715);
#1353=VERTEX_POINT('',#1716);
#1354=VERTEX_POINT('',#1717);
#1355=VERTEX_POINT('',#1718);
#1356=VERTEX_POINT('',#1719);
#1357=VERTEX_POINT('',#1720);
#1358=VERTEX_POINT('',#1721);
#1359=VERTEX_POINT('',#1722);
#1360=VERTEX_POINT('',#1723);
#1361=VERTEX_POINT('',#1724);
#1362=VERTEX_POINT('',#1725);
#1363=VERTEX_POINT('',#1726);
#1364=VERTEX_POINT('',#1727);
#1365=VERTEX_POINT('',#1728);
#1366=VERTEX_POINT('',#1729);
#1367=VERTEX_POINT('',#1730);
#1368=VERTEX_POINT('',#1731);
#1369=VERTEX_POINT('',#1732);
#1370=VERTEX_POINT('',#1733);
#1371=VERTEX_POINT('',#1734);
#1372=VERTEX_POINT('',#1735);
#1373=VERTEX_POINT('',#1736);
#1374=VERTEX_POINT('',#1737);
#1375=VERTEX_POINT('',#1738);
#1376=VERTEX_POINT('',#1739);
#1377=VERTEX_POINT('',#1740);
#1378=VERTEX_POINT('',#1741);
#1379=VERTEX_POINT('',#1742);
#1380=VERTEX_POINT('',#1743);
#1381=VERTEX_POINT('',#1744);
#1382=VERTEX_POINT('',#1745);
#1383=VERTEX_POINT('',#1746);
#1384=VERTEX_POINT('',#1747);
#1385=VERTEX_POINT('',#1748);
#1386=VERTEX_POINT('',#1749);
#1387=VERTEX_POINT('',#1750);
#1388=VERTEX_POINT('',#1751);
#1389=VERTEX_POINT('',#1752);
#1390=VERTEX_POINT('',#1753);
#1391=VERTEX_POINT('',#1754);
#1392=(
BOUNDED_SURFACE()
B_SPLINE_SURFACE(1,2,((#1534,#1535,#1536),(#1537,#1538,#1539)),
 .UNSPECIFIED.,.F.,.F.,.F.)
B_SPLINE_SURFACE_WITH_KNOTS((2,2),(3,3),(-2.,21.1264732214713),(0.,3.14159265358997),
 .UNSPECIFIED.)
GEOMETRIC_REPRESENTATION_ITEM()
RATIONAL_B_SPLINE_SURFACE(((1.,0.707106781186555,1.),(1.,0.707106781186552,
1.)))
REPRESENTATION_ITEM('')
SURFACE()
);
#1393=(
BOUNDED_SURFACE()
B_SPLINE_SURFACE(1,2,((#1572,#1573,#1574),(#1575,#1576,#1577)),
 .UNSPECIFIED.,.F.,.F.,.F.)
B_SPLINE_SURFACE_WITH_KNOTS((2,2),(3,3),(-1.99999999999998,21.1264732214713),
(0.,3.14159265358991),.UNSPECIFIED.)
GEOMETRIC_REPRESENTATION_ITEM()
RATIONAL_B_SPLINE_SURFACE(((1.,0.707106781186544,1.),(1.,0.707106781186544,
1.)))
REPRESENTATION_ITEM('')
SURFACE()
);
#1394=(
BOUNDED_SURFACE()
B_SPLINE_SURFACE(1,2,((#1578,#1579,#1580,#1581,#1582),(#1583,#1584,#1585,
#1586,#1587)),.UNSPECIFIED.,.F.,.F.,.F.)
B_SPLINE_SURFACE_WITH_KNOTS((2,2),(3,2,3),(0.,19.3076337051746),(0.,4.71238898038469,
9.42477796076938),.UNSPECIFIED.)
GEOMETRIC_REPRESENTATION_ITEM()
RATIONAL_B_SPLINE_SURFACE(((1.,0.707106781186548,1.,0.707106781186548,1.),
(1.,0.707106781186548,1.,0.707106781186548,1.)))
REPRESENTATION_ITEM('')
SURFACE()
);
#1395=(
BOUNDED_SURFACE()
B_SPLINE_SURFACE(1,2,((#1592,#1593,#1594,#1595,#1596),(#1597,#1598,#1599,
#1600,#1601)),.UNSPECIFIED.,.F.,.F.,.F.)
B_SPLINE_SURFACE_WITH_KNOTS((2,2),(3,2,3),(0.,26.3473275981994),(0.,2.74889357189107,
5.49778714378214),.UNSPECIFIED.)
GEOMETRIC_REPRESENTATION_ITEM()
RATIONAL_B_SPLINE_SURFACE(((1.,0.707106781186548,1.,0.707106781186548,1.),
(1.,0.707106781186548,1.,0.707106781186548,1.)))
REPRESENTATION_ITEM('')
SURFACE()
);
#1396=(
BOUNDED_SURFACE()
B_SPLINE_SURFACE(1,2,((#1602,#1603,#1604,#1605,#1606),(#1607,#1608,#1609,
#1610,#1611)),.UNSPECIFIED.,.F.,.F.,.F.)
B_SPLINE_SURFACE_WITH_KNOTS((2,2),(3,2,3),(0.,14.5145290476333),(0.,4.71238898038469,
9.42477796076938),.UNSPECIFIED.)
GEOMETRIC_REPRESENTATION_ITEM()
RATIONAL_B_SPLINE_SURFACE(((1.,0.707106781186548,1.,0.707106781186548,1.),
(1.,0.707106781186548,1.,0.707106781186548,1.)))
REPRESENTATION_ITEM('')
SURFACE()
);
#1397=(
BOUNDED_SURFACE()
B_SPLINE_SURFACE(1,2,((#1616,#1617,#1618,#1619,#1620),(#1621,#1622,#1623,
#1624,#1625)),.UNSPECIFIED.,.F.,.F.,.F.)
B_SPLINE_SURFACE_WITH_KNOTS((2,2),(3,2,3),(0.,20.299121888831),(0.,2.74889357189107,
5.49778714378214),.UNSPECIFIED.)
GEOMETRIC_REPRESENTATION_ITEM()
RATIONAL_B_SPLINE_SURFACE(((1.,0.707106781186548,1.,0.707106781186548,1.),
(1.,0.707106781186548,1.,0.707106781186548,1.)))
REPRESENTATION_ITEM('')
SURFACE()
);
#1398=(
BOUNDED_SURFACE()
B_SPLINE_SURFACE(1,2,((#1650,#1651,#1652,#1653,#1654),(#1655,#1656,#1657,
#1658,#1659)),.UNSPECIFIED.,.F.,.F.,.F.)
B_SPLINE_SURFACE_WITH_KNOTS((2,2),(3,2,3),(0.,19.3076337051746),(9.42477796076938,
14.1371669411541,18.8495559215388),.UNSPECIFIED.)
GEOMETRIC_REPRESENTATION_ITEM()
RATIONAL_B_SPLINE_SURFACE(((1.,0.707106781186548,1.,0.707106781186548,1.),
(1.,0.707106781186548,1.,0.707106781186548,1.)))
REPRESENTATION_ITEM('')
SURFACE()
);
#1399=(
BOUNDED_SURFACE()
B_SPLINE_SURFACE(1,2,((#1660,#1661,#1662,#1663,#1664),(#1665,#1666,#1667,
#1668,#1669)),.UNSPECIFIED.,.F.,.F.,.F.)
B_SPLINE_SURFACE_WITH_KNOTS((2,2),(3,2,3),(0.,26.3473275981994),(5.49778714378214,
8.24668071567321,10.9955742875643),.UNSPECIFIED.)
GEOMETRIC_REPRESENTATION_ITEM()
RATIONAL_B_SPLINE_SURFACE(((1.,0.707106781186548,1.,0.707106781186548,1.),
(1.,0.707106781186548,1.,0.707106781186548,1.)))
REPRESENTATION_ITEM('')
SURFACE()
);
#1400=(
BOUNDED_SURFACE()
B_SPLINE_SURFACE(1,2,((#1670,#1671,#1672,#1673,#1674),(#1675,#1676,#1677,
#1678,#1679)),.UNSPECIFIED.,.F.,.F.,.F.)
B_SPLINE_SURFACE_WITH_KNOTS((2,2),(3,2,3),(0.,14.5145290476333),(9.42477796076938,
14.1371669411541,18.8495559215388),.UNSPECIFIED.)
GEOMETRIC_REPRESENTATION_ITEM()
RATIONAL_B_SPLINE_SURFACE(((1.,0.707106781186548,1.,0.707106781186548,1.),
(1.,0.707106781186548,1.,0.707106781186548,1.)))
REPRESENTATION_ITEM('')
SURFACE()
);
#1401=(
BOUNDED_SURFACE()
B_SPLINE_SURFACE(1,2,((#1680,#1681,#1682,#1683,#1684),(#1685,#1686,#1687,
#1688,#1689)),.UNSPECIFIED.,.F.,.F.,.F.)
B_SPLINE_SURFACE_WITH_KNOTS((2,2),(3,2,3),(0.,20.299121888831),(5.49778714378214,
8.24668071567321,10.9955742875643),.UNSPECIFIED.)
GEOMETRIC_REPRESENTATION_ITEM()
RATIONAL_B_SPLINE_SURFACE(((1.,0.707106781186548,1.,0.707106781186548,1.),
(1.,0.707106781186548,1.,0.707106781186548,1.)))
REPRESENTATION_ITEM('')
SURFACE()
);
#1402=B_SPLINE_SURFACE_WITH_KNOTS('',1,1,((#1462,#1463),(#1464,#1465)),
 .UNSPECIFIED.,.F.,.F.,.F.,(2,2),(2,2),(-2.18749999999998,2.18749999999998),
(-2.18749999999998,2.18749999999998),.UNSPECIFIED.);
#1403=B_SPLINE_SURFACE_WITH_KNOTS('',1,1,((#1466,#1467),(#1468,#1469)),
 .UNSPECIFIED.,.F.,.F.,.F.,(2,2),(2,2),(-66.9844470953618,-65.9844470953618),
(0.,5.00000000000003),.UNSPECIFIED.);
#1404=B_SPLINE_SURFACE_WITH_KNOTS('',1,1,((#1470,#1471),(#1472,#1473)),
 .UNSPECIFIED.,.F.,.F.,.F.,(2,2),(2,2),(-65.9844470953618,-53.9844470953618),
(0.,5.00000000000003),.UNSPECIFIED.);
#1405=B_SPLINE_SURFACE_WITH_KNOTS('',1,1,((#1474,#1475),(#1476,#1477)),
 .UNSPECIFIED.,.F.,.F.,.F.,(2,2),(2,2),(-53.9844470953618,-34.8579738738905),
(0.,5.00000000000003),.UNSPECIFIED.);
#1406=B_SPLINE_SURFACE_WITH_KNOTS('',1,1,((#1478,#1479),(#1480,#1481)),
 .UNSPECIFIED.,.F.,.F.,.F.,(2,2),(2,2),(-34.8579738738905,-22.8579738738905),
(0.,5.00000000000003),.UNSPECIFIED.);
#1407=B_SPLINE_SURFACE_WITH_KNOTS('',1,1,((#1482,#1483),(#1484,#1485)),
 .UNSPECIFIED.,.F.,.F.,.F.,(2,2),(2,2),(-22.8579738738905,-21.8579738738905),
(0.,5.00000000000003),.UNSPECIFIED.);
#1408=B_SPLINE_SURFACE_WITH_KNOTS('',1,1,((#1486,#1487),(#1488,#1489)),
 .UNSPECIFIED.,.F.,.F.,.F.,(2,2),(2,2),(-21.8579738738905,-17.1264732214713),
(0.,5.00000000000003),.UNSPECIFIED.);
#1409=B_SPLINE_SURFACE_WITH_KNOTS('',1,1,((#1490,#1491),(#1492,#1493)),
 .UNSPECIFIED.,.F.,.F.,.F.,(2,2),(2,2),(-17.1264732214713,-4.44089209850063E-15),
(0.,5.00000000000003),.UNSPECIFIED.);
#1410=B_SPLINE_SURFACE_WITH_KNOTS('',1,1,((#1494,#1495),(#1496,#1497)),
 .UNSPECIFIED.,.F.,.F.,.F.,(2,2),(2,2),(-4.44089209850063E-15,4.73150065241914),
(0.,5.00000000000003),.UNSPECIFIED.);
#1411=B_SPLINE_SURFACE_WITH_KNOTS('',1,1,((#1498,#1499),(#1500,#1501)),
 .UNSPECIFIED.,.F.,.F.,.F.,(2,2),(2,2),(17.1264732214713,18.1264732214713),
(0.,12.),.UNSPECIFIED.);
#1412=B_SPLINE_SURFACE_WITH_KNOTS('',1,1,((#1502,#1503),(#1504,#1505)),
 .UNSPECIFIED.,.F.,.F.,.F.,(2,2),(2,2),(19.1264732214713,20.1264732214713),
(0.,12.),.UNSPECIFIED.);
#1413=B_SPLINE_SURFACE_WITH_KNOTS('',1,1,((#1506,#1507),(#1508,#1509)),
 .UNSPECIFIED.,.F.,.F.,.F.,(2,2),(2,2),(0.,40.503628298964),(0.,19.1264732214713),
 .UNSPECIFIED.);
#1414=B_SPLINE_SURFACE_WITH_KNOTS('',1,1,((#1510,#1511),(#1512,#1513)),
 .UNSPECIFIED.,.F.,.F.,.F.,(2,2),(2,2),(0.,19.1264732214713),(0.,40.503628298964),
 .UNSPECIFIED.);
#1415=B_SPLINE_SURFACE_WITH_KNOTS('',1,1,((#1514,#1515),(#1516,#1517)),
 .UNSPECIFIED.,.F.,.F.,.F.,(2,2),(2,2),(-17.1264732214713,0.),(0.,38.503628298964),
 .UNSPECIFIED.);
#1416=B_SPLINE_SURFACE_WITH_KNOTS('',1,1,((#1518,#1519),(#1520,#1521)),
 .UNSPECIFIED.,.F.,.F.,.F.,(2,2),(2,2),(0.,13.9495792215512),(-81.2602030408706,
-57.7565747419066),.UNSPECIFIED.);
#1417=B_SPLINE_SURFACE_WITH_KNOTS('',1,1,((#1522,#1523),(#1524,#1525)),
 .UNSPECIFIED.,.F.,.F.,.F.,(2,2),(2,2),(0.,13.9495792215512),(-57.7565747419066,
-40.6301015204353),.UNSPECIFIED.);
#1418=B_SPLINE_SURFACE_WITH_KNOTS('',1,1,((#1526,#1527),(#1528,#1529)),
 .UNSPECIFIED.,.F.,.F.,.F.,(2,2),(2,2),(0.,13.9495792215512),(-40.6301015204353,
-17.1264732214713),.UNSPECIFIED.);
#1419=B_SPLINE_SURFACE_WITH_KNOTS('',1,1,((#1530,#1531),(#1532,#1533)),
 .UNSPECIFIED.,.F.,.F.,.F.,(2,2),(2,2),(18.1264732214713,19.1264732214713),
(0.,12.),.UNSPECIFIED.);
#1420=B_SPLINE_SURFACE_WITH_KNOTS('',1,1,((#1540,#1541),(#1542,#1543)),
 .UNSPECIFIED.,.F.,.F.,.F.,(2,2),(2,2),(17.1264732214713,18.1264732214713),
(0.,12.),.UNSPECIFIED.);
#1421=B_SPLINE_SURFACE_WITH_KNOTS('',1,1,((#1544,#1545),(#1546,#1547)),
 .UNSPECIFIED.,.F.,.F.,.F.,(2,2),(2,2),(19.1264732214713,20.1264732214713),
(0.,12.),.UNSPECIFIED.);
#1422=B_SPLINE_SURFACE_WITH_KNOTS('',1,1,((#1548,#1549),(#1550,#1551)),
 .UNSPECIFIED.,.F.,.F.,.F.,(2,2),(2,2),(0.,40.503628298964),(0.,19.1264732214713),
 .UNSPECIFIED.);
#1423=B_SPLINE_SURFACE_WITH_KNOTS('',1,1,((#1552,#1553),(#1554,#1555)),
 .UNSPECIFIED.,.F.,.F.,.F.,(2,2),(2,2),(0.,19.1264732214713),(0.,40.503628298964),
 .UNSPECIFIED.);
#1424=B_SPLINE_SURFACE_WITH_KNOTS('',1,1,((#1556,#1557),(#1558,#1559)),
 .UNSPECIFIED.,.F.,.F.,.F.,(2,2),(2,2),(0.,13.9495792215512),(-81.2602030408706,
-57.7565747419066),.UNSPECIFIED.);
#1425=B_SPLINE_SURFACE_WITH_KNOTS('',1,1,((#1560,#1561),(#1562,#1563)),
 .UNSPECIFIED.,.F.,.F.,.F.,(2,2),(2,2),(0.,13.9495792215512),(-40.6301015204353,
-17.1264732214713),.UNSPECIFIED.);
#1426=B_SPLINE_SURFACE_WITH_KNOTS('',1,1,((#1564,#1565),(#1566,#1567)),
 .UNSPECIFIED.,.F.,.F.,.F.,(2,2),(2,2),(0.,13.9495792215512),(-17.1264732214713,
0.),.UNSPECIFIED.);
#1427=B_SPLINE_SURFACE_WITH_KNOTS('',1,1,((#1568,#1569),(#1570,#1571)),
 .UNSPECIFIED.,.F.,.F.,.F.,(2,2),(2,2),(0.,17.1264732214713),(0.,12.),
 .UNSPECIFIED.);
#1428=B_SPLINE_SURFACE_WITH_KNOTS('',1,1,((#1588,#1589),(#1590,#1591)),
 .UNSPECIFIED.,.F.,.F.,.F.,(2,2),(2,2),(-3.75,3.75),(-3.75,3.75),
 .UNSPECIFIED.);
#1429=B_SPLINE_SURFACE_WITH_KNOTS('',1,1,((#1612,#1613),(#1614,#1615)),
 .UNSPECIFIED.,.F.,.F.,.F.,(2,2),(2,2),(-3.75,3.75),(-3.75,3.75),
 .UNSPECIFIED.);
#1430=B_SPLINE_SURFACE_WITH_KNOTS('',1,1,((#1626,#1627),(#1628,#1629)),
 .UNSPECIFIED.,.F.,.F.,.F.,(2,2),(2,2),(0.,48.232692584038),(54.6570846440167,
90.5946969606671),.UNSPECIFIED.);
#1431=B_SPLINE_SURFACE_WITH_KNOTS('',1,1,((#1630,#1631),(#1632,#1633)),
 .UNSPECIFIED.,.F.,.F.,.F.,(2,2),(2,2),(0.,18.7194723273664),(0.,35.9376123166503),
 .UNSPECIFIED.);
#1432=B_SPLINE_SURFACE_WITH_KNOTS('',1,1,((#1634,#1635),(#1636,#1637)),
 .UNSPECIFIED.,.F.,.F.,.F.,(2,2),(2,2),(60.327191442857,116.629751251274),
(0.,27.4817888621633),.UNSPECIFIED.);
#1433=B_SPLINE_SURFACE_WITH_KNOTS('',1,1,((#1638,#1639),(#1640,#1641)),
 .UNSPECIFIED.,.F.,.F.,.F.,(2,2),(2,2),(58.2102180501375,81.4424530454672),
(0.,124.959918377112),.UNSPECIFIED.);
#1434=B_SPLINE_SURFACE_WITH_KNOTS('',1,1,((#1642,#1643),(#1644,#1645)),
 .UNSPECIFIED.,.F.,.F.,.F.,(2,2),(2,2),(0.,48.232692584038),(90.5946969606671,
109.314169288033),.UNSPECIFIED.);
#1435=B_SPLINE_SURFACE_WITH_KNOTS('',1,1,((#1646,#1647),(#1648,#1649)),
 .UNSPECIFIED.,.F.,.F.,.F.,(2,2),(2,2),(-17.1264732214713,0.),(0.,38.503628298964),
 .UNSPECIFIED.);
#1436=SHAPE_DEFINITION_REPRESENTATION(#1437,#1454);
#1437=PRODUCT_DEFINITION_SHAPE('Document','',#1439);
#1438=PRODUCT_DEFINITION_CONTEXT('3D Mechanical Parts',#1443,'design');
#1439=PRODUCT_DEFINITION('A','First version',#1440,#1438);
#1440=PRODUCT_DEFINITION_FORMATION_WITH_SPECIFIED_SOURCE('A',
'First version',#1445,.MADE.);
#1441=PRODUCT_RELATED_PRODUCT_CATEGORY('tool','tool',(#1445));
#1442=APPLICATION_PROTOCOL_DEFINITION('Draft International Standard',
'automotive_design',1999,#1443);
#1443=APPLICATION_CONTEXT(
'data for automotive mechanical design processes');
#1444=PRODUCT_CONTEXT('3D Mechanical Parts',#1443,'mechanical');
#1445=PRODUCT('Document','Document','',(#1444));
#1446=(
LENGTH_UNIT()
NAMED_UNIT(*)
SI_UNIT(.MILLI.,.METRE.)
);
#1447=(
NAMED_UNIT(*)
PLANE_ANGLE_UNIT()
SI_UNIT($,.RADIAN.)
);
#1448=DIMENSIONAL_EXPONENTS(0.,0.,0.,0.,0.,0.,0.);
#1449=PLANE_ANGLE_MEASURE_WITH_UNIT(PLANE_ANGLE_MEASURE(0.01745329252),
#1447);
#1450=(
CONVERSION_BASED_UNIT('DEGREES',#1449)
NAMED_UNIT(#1448)
PLANE_ANGLE_UNIT()
);
#1451=(
NAMED_UNIT(*)
SI_UNIT($,.STERADIAN.)
SOLID_ANGLE_UNIT()
);
#1452=UNCERTAINTY_MEASURE_WITH_UNIT(LENGTH_MEASURE(0.001),#1446,
'DISTANCE_ACCURACY_VALUE',
'Maximum model space distance between geometric entities at asserted c
onnectivities');
#1453=(
GEOMETRIC_REPRESENTATION_CONTEXT(3)
GLOBAL_UNCERTAINTY_ASSIGNED_CONTEXT((#1452))
GLOBAL_UNIT_ASSIGNED_CONTEXT((#1451,#1450,#1446))
REPRESENTATION_CONTEXT('ID1','3D')
);
#1454=SHAPE_REPRESENTATION('Document',(#1455,#1456),#1453);
#1455=AXIS2_PLACEMENT_3D('',#1461,#1457,#1458);
#1456=AXIS2_PLACEMENT_3D('',#2765,#1459,#1460);
#1457=DIRECTION('',(0.,0.,1.));
#1458=DIRECTION('',(1.,0.,0.));
#1459=DIRECTION('',(0.,0.,1.));
#1460=DIRECTION('',(1.,0.,0.));
#1461=CARTESIAN_POINT('',(0.,0.,0.));
#1462=CARTESIAN_POINT('',(-223.741732735569,-51.5778797612381,74.653888812634));
#1463=CARTESIAN_POINT('',(-219.391060427148,-51.5778797612381,74.1931551968231));
#1464=CARTESIAN_POINT('',(-224.20246635138,-51.5778797612381,70.303216504213));
#1465=CARTESIAN_POINT('',(-219.851794042959,-51.5778797612381,69.842482888402));
#1466=CARTESIAN_POINT('',(-213.233526778529,-39.5778797612381,92.7928441884245));
#1467=CARTESIAN_POINT('',(-213.233526778529,-39.5778797612381,87.7928441884245));
#1468=CARTESIAN_POINT('',(-212.233526778529,-39.5778797612381,92.7928441884245));
#1469=CARTESIAN_POINT('',(-212.233526778529,-39.5778797612381,87.7928441884245));
#1470=CARTESIAN_POINT('',(-212.233526778529,-39.5778797612381,92.7928441884245));
#1471=CARTESIAN_POINT('',(-212.233526778529,-39.5778797612381,87.7928441884245));
#1472=CARTESIAN_POINT('',(-212.233526778529,-51.5778797612381,92.7928441884245));
#1473=CARTESIAN_POINT('',(-212.233526778529,-51.5778797612381,87.7928441884245));
#1474=CARTESIAN_POINT('',(-212.233526778529,-51.5778797612381,92.7928441884245));
#1475=CARTESIAN_POINT('',(-212.233526778529,-51.5778797612381,87.7928441884245));
#1476=CARTESIAN_POINT('',(-231.36,-51.5778797612381,92.7928441884245));
#1477=CARTESIAN_POINT('',(-231.36,-51.5778797612381,87.7928441884245));
#1478=CARTESIAN_POINT('',(-231.36,-51.5778797612381,92.7928441884245));
#1479=CARTESIAN_POINT('',(-231.36,-51.5778797612381,87.7928441884245));
#1480=CARTESIAN_POINT('',(-231.36,-39.5778797612381,92.7928441884245));
#1481=CARTESIAN_POINT('',(-231.36,-39.5778797612381,87.7928441884245));
#1482=CARTESIAN_POINT('',(-231.36,-39.5778797612381,92.7928441884245));
#1483=CARTESIAN_POINT('',(-231.36,-39.5778797612381,87.7928441884245));
#1484=CARTESIAN_POINT('',(-230.36,-39.5778797612381,92.7928441884245));
#1485=CARTESIAN_POINT('',(-230.36,-39.5778797612381,87.7928441884245));
#1486=CARTESIAN_POINT('',(-230.36,-39.5778797612381,92.7928441884245));
#1487=CARTESIAN_POINT('',(-230.36,-39.5778797612381,87.7928441884245));
#1488=CARTESIAN_POINT('',(-230.36,-44.3093804136572,92.7928441884245));
#1489=CARTESIAN_POINT('',(-230.36,-44.3093804136572,87.7928441884245));
#1490=CARTESIAN_POINT('',(-230.36,-44.3093804136572,92.7928441884245));
#1491=CARTESIAN_POINT('',(-230.36,-44.3093804136572,87.7928441884245));
#1492=CARTESIAN_POINT('',(-213.233526778529,-44.3093804136572,92.7928441884245));
#1493=CARTESIAN_POINT('',(-213.233526778529,-44.3093804136572,87.7928441884245));
#1494=CARTESIAN_POINT('',(-213.233526778529,-44.3093804136572,92.7928441884245));
#1495=CARTESIAN_POINT('',(-213.233526778529,-44.3093804136572,87.7928441884245));
#1496=CARTESIAN_POINT('',(-213.233526778529,-39.5778797612381,92.7928441884245));
#1497=CARTESIAN_POINT('',(-213.233526778529,-39.5778797612381,87.7928441884245));
#1498=CARTESIAN_POINT('',(-212.233526778529,-39.5778797612381,72.496371701036));
#1499=CARTESIAN_POINT('',(-212.233526778529,-51.5778797612381,72.496371701036));
#1500=CARTESIAN_POINT('',(-212.233526778529,-39.5778797612381,113.040503628299));
#1501=CARTESIAN_POINT('',(-212.233526778529,-51.5778797612381,113.040503628299));
#1502=CARTESIAN_POINT('',(-231.36,-39.5778797612381,113.));
#1503=CARTESIAN_POINT('',(-231.36,-51.5778797612381,113.));
#1504=CARTESIAN_POINT('',(-231.36,-39.5778797612381,72.4558680727371));
#1505=CARTESIAN_POINT('',(-231.36,-51.5778797612381,72.4558680727371));
#1506=CARTESIAN_POINT('',(-231.36,-39.5778797612381,72.496371701036));
#1507=CARTESIAN_POINT('',(-212.233526778529,-39.5778797612381,72.496371701036));
#1508=CARTESIAN_POINT('',(-231.36,-39.5778797612381,113.));
#1509=CARTESIAN_POINT('',(-212.233526778529,-39.5778797612381,113.));
#1510=CARTESIAN_POINT('',(-231.36,-51.5778797612381,72.496371701036));
#1511=CARTESIAN_POINT('',(-231.36,-51.5778797612381,113.));
#1512=CARTESIAN_POINT('',(-212.233526778529,-51.5778797612381,72.496371701036));
#1513=CARTESIAN_POINT('',(-212.233526778529,-51.5778797612381,113.));
#1514=CARTESIAN_POINT('',(-213.233526778529,-44.3093804136572,73.496371701036));
#1515=CARTESIAN_POINT('',(-213.233526778529,-44.3093804136572,112.));
#1516=CARTESIAN_POINT('',(-230.36,-44.3093804136572,73.496371701036));
#1517=CARTESIAN_POINT('',(-230.36,-44.3093804136572,112.));
#1518=CARTESIAN_POINT('',(-230.36,-44.3093804136572,73.496371701036));
#1519=CARTESIAN_POINT('',(-230.36,-44.3093804136572,112.));
#1520=CARTESIAN_POINT('',(-230.36,-30.359801192106,73.496371701036));
#1521=CARTESIAN_POINT('',(-230.36,-30.359801192106,112.));
#1522=CARTESIAN_POINT('',(-230.36,-44.3093804136572,112.));
#1523=CARTESIAN_POINT('',(-213.233526778529,-44.3093804136572,112.));
#1524=CARTESIAN_POINT('',(-230.36,-30.359801192106,112.));
#1525=CARTESIAN_POINT('',(-213.233526778529,-30.359801192106,112.));
#1526=CARTESIAN_POINT('',(-213.233526778529,-44.3093804136572,112.));
#1527=CARTESIAN_POINT('',(-213.233526778529,-44.3093804136572,73.496371701036));
#1528=CARTESIAN_POINT('',(-213.233526778529,-30.359801192106,112.));
#1529=CARTESIAN_POINT('',(-213.233526778529,-30.359801192106,73.496371701036));
#1530=CARTESIAN_POINT('',(-212.233526778529,-39.5778797612381,113.));
#1531=CARTESIAN_POINT('',(-212.233526778529,-51.5778797612381,113.));
#1532=CARTESIAN_POINT('',(-231.36,-39.5778797612381,113.));
#1533=CARTESIAN_POINT('',(-231.36,-51.5778797612381,113.));
#1534=CARTESIAN_POINT('',(-210.233526778529,-49.5778797612381,113.));
#1535=CARTESIAN_POINT('',(-210.233526778528,-51.5778797612381,113.));
#1536=CARTESIAN_POINT('',(-210.233526778529,-51.5778797612381,111.));
#1537=CARTESIAN_POINT('',(-233.36,-49.5778797612381,113.));
#1538=CARTESIAN_POINT('',(-233.36,-51.5778797612381,113.));
#1539=CARTESIAN_POINT('',(-233.36,-51.5778797612381,111.));
#1540=CARTESIAN_POINT('',(-212.233526778529,-39.5778797612381,67.496371701036));
#1541=CARTESIAN_POINT('',(-212.233526778529,-51.5778797612381,67.496371701036));
#1542=CARTESIAN_POINT('',(-212.233526778529,-39.5778797612381,108.040503628299));
#1543=CARTESIAN_POINT('',(-212.233526778529,-51.5778797612381,108.040503628299));
#1544=CARTESIAN_POINT('',(-231.36,-39.5778797612381,108.));
#1545=CARTESIAN_POINT('',(-231.36,-51.5778797612381,108.));
#1546=CARTESIAN_POINT('',(-231.36,-39.5778797612381,67.4558680727371));
#1547=CARTESIAN_POINT('',(-231.36,-51.5778797612381,67.4558680727371));
#1548=CARTESIAN_POINT('',(-231.36,-39.5778797612381,67.496371701036));
#1549=CARTESIAN_POINT('',(-212.233526778529,-39.5778797612381,67.496371701036));
#1550=CARTESIAN_POINT('',(-231.36,-39.5778797612381,108.));
#1551=CARTESIAN_POINT('',(-212.233526778529,-39.5778797612381,108.));
#1552=CARTESIAN_POINT('',(-231.36,-51.5778797612381,67.496371701036));
#1553=CARTESIAN_POINT('',(-231.36,-51.5778797612381,108.));
#1554=CARTESIAN_POINT('',(-212.233526778529,-51.5778797612381,67.496371701036));
#1555=CARTESIAN_POINT('',(-212.233526778529,-51.5778797612381,108.));
#1556=CARTESIAN_POINT('',(-230.36,-44.3093804136572,68.496371701036));
#1557=CARTESIAN_POINT('',(-230.36,-44.3093804136572,107.));
#1558=CARTESIAN_POINT('',(-230.36,-30.359801192106,68.496371701036));
#1559=CARTESIAN_POINT('',(-230.36,-30.359801192106,107.));
#1560=CARTESIAN_POINT('',(-213.233526778529,-44.3093804136572,107.));
#1561=CARTESIAN_POINT('',(-213.233526778529,-44.3093804136572,68.496371701036));
#1562=CARTESIAN_POINT('',(-213.233526778529,-30.359801192106,107.));
#1563=CARTESIAN_POINT('',(-213.233526778529,-30.359801192106,68.496371701036));
#1564=CARTESIAN_POINT('',(-213.233526778529,-44.3093804136572,68.496371701036));
#1565=CARTESIAN_POINT('',(-230.36,-44.3093804136572,68.496371701036));
#1566=CARTESIAN_POINT('',(-213.233526778529,-30.359801192106,68.496371701036));
#1567=CARTESIAN_POINT('',(-230.36,-30.359801192106,68.496371701036));
#1568=CARTESIAN_POINT('',(-231.36,-39.5778797612381,67.496371701036));
#1569=CARTESIAN_POINT('',(-231.36,-51.5778797612381,67.496371701036));
#1570=CARTESIAN_POINT('',(-212.233526778529,-39.5778797612381,67.496371701036));
#1571=CARTESIAN_POINT('',(-212.233526778529,-51.5778797612381,67.496371701036));
#1572=CARTESIAN_POINT('',(-233.36,-49.5778797612381,67.496371701036));
#1573=CARTESIAN_POINT('',(-233.36,-51.5778797612381,67.496371701036));
#1574=CARTESIAN_POINT('',(-233.36,-51.5778797612381,69.496371701036));
#1575=CARTESIAN_POINT('',(-210.233526778529,-49.5778797612381,67.496371701036));
#1576=CARTESIAN_POINT('',(-210.233526778529,-51.5778797612381,67.496371701036));
#1577=CARTESIAN_POINT('',(-210.233526778529,-51.5778797612381,69.496371701036));
#1578=CARTESIAN_POINT('',(-218.796763389264,-48.5766710639759,77.248185850518));
#1579=CARTESIAN_POINT('',(-218.796763389264,-48.5766710639759,80.248185850518));
#1580=CARTESIAN_POINT('',(-221.796763389264,-48.5766710639759,80.248185850518));
#1581=CARTESIAN_POINT('',(-224.796763389264,-48.5766710639759,80.248185850518));
#1582=CARTESIAN_POINT('',(-224.796763389264,-48.5766710639759,77.248185850518));
#1583=CARTESIAN_POINT('',(-218.796763389264,-67.8843047691506,77.248185850518));
#1584=CARTESIAN_POINT('',(-218.796763389264,-67.8843047691506,80.248185850518));
#1585=CARTESIAN_POINT('',(-221.796763389264,-67.8843047691506,80.248185850518));
#1586=CARTESIAN_POINT('',(-224.796763389264,-67.8843047691506,80.248185850518));
#1587=CARTESIAN_POINT('',(-224.796763389264,-67.8843047691506,77.248185850518));
#1588=CARTESIAN_POINT('',(-225.546763389264,-48.5766710639759,73.498185850518));
#1589=CARTESIAN_POINT('',(-225.546763389264,-48.5766710639759,80.998185850518));
#1590=CARTESIAN_POINT('',(-218.046763389264,-48.5766710639759,73.498185850518));
#1591=CARTESIAN_POINT('',(-218.046763389264,-48.5766710639759,80.998185850518));
#1592=CARTESIAN_POINT('',(-220.046763389264,-38.3291804144089,77.248185850518));
#1593=CARTESIAN_POINT('',(-220.046763389264,-38.3291804144089,78.998185850518));
#1594=CARTESIAN_POINT('',(-221.796763389264,-38.3291804144089,78.998185850518));
#1595=CARTESIAN_POINT('',(-223.546763389264,-38.3291804144089,78.998185850518));
#1596=CARTESIAN_POINT('',(-223.546763389264,-38.3291804144089,77.248185850518));
#1597=CARTESIAN_POINT('',(-220.046763389264,-64.6765080126084,77.248185850518));
#1598=CARTESIAN_POINT('',(-220.046763389264,-64.6765080126084,78.998185850518));
#1599=CARTESIAN_POINT('',(-221.796763389264,-64.6765080126084,78.998185850518));
#1600=CARTESIAN_POINT('',(-223.546763389264,-64.6765080126084,78.998185850518));
#1601=CARTESIAN_POINT('',(-223.546763389264,-64.6765080126084,77.248185850518));
#1602=CARTESIAN_POINT('',(-218.796763389264,-49.3493887633684,108.248185850518));
#1603=CARTESIAN_POINT('',(-218.796763389264,-49.3493887633684,111.248185850518));
#1604=CARTESIAN_POINT('',(-221.796763389264,-49.3493887633684,111.248185850518));
#1605=CARTESIAN_POINT('',(-224.796763389264,-49.3493887633684,111.248185850518));
#1606=CARTESIAN_POINT('',(-224.796763389264,-49.3493887633684,108.248185850518));
#1607=CARTESIAN_POINT('',(-218.796763389264,-63.8639178110017,108.248185850518));
#1608=CARTESIAN_POINT('',(-218.796763389264,-63.8639178110017,111.248185850518));
#1609=CARTESIAN_POINT('',(-221.796763389264,-63.8639178110017,111.248185850518));
#1610=CARTESIAN_POINT('',(-224.796763389264,-63.8639178110017,111.248185850518));
#1611=CARTESIAN_POINT('',(-224.796763389264,-63.8639178110017,108.248185850518));
#1612=CARTESIAN_POINT('',(-225.546763389264,-49.3493887633684,104.498185850518));
#1613=CARTESIAN_POINT('',(-225.546763389264,-49.3493887633684,111.998185850518));
#1614=CARTESIAN_POINT('',(-218.046763389264,-49.3493887633684,104.498185850518));
#1615=CARTESIAN_POINT('',(-218.046763389264,-49.3493887633684,111.998185850518));
#1616=CARTESIAN_POINT('',(-220.046763389264,-37.5631104570513,108.248185850518));
#1617=CARTESIAN_POINT('',(-220.046763389264,-37.5631104570513,109.998185850518));
#1618=CARTESIAN_POINT('',(-221.796763389264,-37.5631104570513,109.998185850518));
#1619=CARTESIAN_POINT('',(-223.546763389264,-37.5631104570513,109.998185850518));
#1620=CARTESIAN_POINT('',(-223.546763389264,-37.5631104570513,108.248185850518));
#1621=CARTESIAN_POINT('',(-220.046763389264,-57.8622323458823,108.248185850518));
#1622=CARTESIAN_POINT('',(-220.046763389264,-57.8622323458823,109.998185850518));
#1623=CARTESIAN_POINT('',(-221.796763389264,-57.8622323458823,109.998185850518));
#1624=CARTESIAN_POINT('',(-223.546763389264,-57.8622323458823,109.998185850518));
#1625=CARTESIAN_POINT('',(-223.546763389264,-57.8622323458823,108.248185850518));
#1626=CARTESIAN_POINT('',(-192.058709257378,0.,75.2688109511515));
#1627=CARTESIAN_POINT('',(-227.996321574028,0.,75.2688109511515));
#1628=CARTESIAN_POINT('',(-192.058709257378,-48.232692584038,75.2688109511515));
#1629=CARTESIAN_POINT('',(-227.996321574028,-48.232692584038,75.2688109511515));
#1630=CARTESIAN_POINT('',(-227.996321574028,-48.232692584038,56.5493386237851));
#1631=CARTESIAN_POINT('',(-192.058709257378,-48.232692584038,56.5493386237851));
#1632=CARTESIAN_POINT('',(-227.996321574028,-48.232692584038,75.2688109511515));
#1633=CARTESIAN_POINT('',(-192.058709257378,-48.232692584038,75.2688109511515));
#1634=CARTESIAN_POINT('',(-215.597205204501,8.06986722437907,56.5493386237851));
#1635=CARTESIAN_POINT('',(-215.597205204501,8.06986722437907,84.0311274859484));
#1636=CARTESIAN_POINT('',(-215.597205204501,-48.232692584038,56.5493386237851));
#1637=CARTESIAN_POINT('',(-215.597205204501,-48.232692584038,84.0311274859484));
#1638=CARTESIAN_POINT('',(-227.996321574028,-44.3093804136572,43.8666558780794));
#1639=CARTESIAN_POINT('',(-227.996321574028,-44.3093804136572,168.826574255192));
#1640=CARTESIAN_POINT('',(-204.764086578698,-44.3093804136572,43.8666558780794));
#1641=CARTESIAN_POINT('',(-204.764086578698,-44.3093804136572,168.826574255192));
#1642=CARTESIAN_POINT('',(-227.996321574028,0.,75.2688109511515));
#1643=CARTESIAN_POINT('',(-227.996321574028,0.,56.5493386237851));
#1644=CARTESIAN_POINT('',(-227.996321574028,-48.232692584038,75.2688109511515));
#1645=CARTESIAN_POINT('',(-227.996321574028,-48.232692584038,56.5493386237851));
#1646=CARTESIAN_POINT('',(-213.233526778529,-44.3093804136572,68.496371701036));
#1647=CARTESIAN_POINT('',(-213.233526778529,-44.3093804136572,107.));
#1648=CARTESIAN_POINT('',(-230.36,-44.3093804136572,68.496371701036));
#1649=CARTESIAN_POINT('',(-230.36,-44.3093804136572,107.));
#1650=CARTESIAN_POINT('',(-224.796763389264,-48.5766710639759,77.248185850518));
#1651=CARTESIAN_POINT('',(-224.796763389264,-48.5766710639759,74.248185850518));
#1652=CARTESIAN_POINT('',(-221.796763389264,-48.5766710639759,74.248185850518));
#1653=CARTESIAN_POINT('',(-218.796763389264,-48.5766710639759,74.248185850518));
#1654=CARTESIAN_POINT('',(-218.796763389264,-48.5766710639759,77.248185850518));
#1655=CARTESIAN_POINT('',(-224.796763389264,-67.8843047691506,77.248185850518));
#1656=CARTESIAN_POINT('',(-224.796763389264,-67.8843047691506,74.248185850518));
#1657=CARTESIAN_POINT('',(-221.796763389264,-67.8843047691506,74.248185850518));
#1658=CARTESIAN_POINT('',(-218.796763389264,-67.8843047691506,74.248185850518));
#1659=CARTESIAN_POINT('',(-218.796763389264,-67.8843047691506,77.248185850518));
#1660=CARTESIAN_POINT('',(-223.546763389264,-38.3291804144089,77.248185850518));
#1661=CARTESIAN_POINT('',(-223.546763389264,-38.3291804144089,75.498185850518));
#1662=CARTESIAN_POINT('',(-221.796763389264,-38.3291804144089,75.498185850518));
#1663=CARTESIAN_POINT('',(-220.046763389264,-38.3291804144089,75.498185850518));
#1664=CARTESIAN_POINT('',(-220.046763389264,-38.3291804144089,77.248185850518));
#1665=CARTESIAN_POINT('',(-223.546763389264,-64.6765080126084,77.248185850518));
#1666=CARTESIAN_POINT('',(-223.546763389264,-64.6765080126084,75.498185850518));
#1667=CARTESIAN_POINT('',(-221.796763389264,-64.6765080126084,75.498185850518));
#1668=CARTESIAN_POINT('',(-220.046763389264,-64.6765080126084,75.498185850518));
#1669=CARTESIAN_POINT('',(-220.046763389264,-64.6765080126084,77.248185850518));
#1670=CARTESIAN_POINT('',(-224.796763389264,-49.3493887633684,108.248185850518));
#1671=CARTESIAN_POINT('',(-224.796763389264,-49.3493887633684,105.248185850518));
#1672=CARTESIAN_POINT('',(-221.796763389264,-49.3493887633684,105.248185850518));
#1673=CARTESIAN_POINT('',(-218.796763389264,-49.3493887633684,105.248185850518));
#1674=CARTESIAN_POINT('',(-218.796763389264,-49.3493887633684,108.248185850518));
#1675=CARTESIAN_POINT('',(-224.796763389264,-63.8639178110017,108.248185850518));
#1676=CARTESIAN_POINT('',(-224.796763389264,-63.8639178110017,105.248185850518));
#1677=CARTESIAN_POINT('',(-221.796763389264,-63.8639178110017,105.248185850518));
#1678=CARTESIAN_POINT('',(-218.796763389264,-63.8639178110017,105.248185850518));
#1679=CARTESIAN_POINT('',(-218.796763389264,-63.8639178110017,108.248185850518));
#1680=CARTESIAN_POINT('',(-223.546763389264,-37.5631104570513,108.248185850518));
#1681=CARTESIAN_POINT('',(-223.546763389264,-37.5631104570513,106.498185850518));
#1682=CARTESIAN_POINT('',(-221.796763389264,-37.5631104570513,106.498185850518));
#1683=CARTESIAN_POINT('',(-220.046763389264,-37.5631104570513,106.498185850518));
#1684=CARTESIAN_POINT('',(-220.046763389264,-37.5631104570513,108.248185850518));
#1685=CARTESIAN_POINT('',(-223.546763389264,-57.8622323458823,108.248185850518));
#1686=CARTESIAN_POINT('',(-223.546763389264,-57.8622323458823,106.498185850518));
#1687=CARTESIAN_POINT('',(-221.796763389264,-57.8622323458823,106.498185850518));
#1688=CARTESIAN_POINT('',(-220.046763389264,-57.8622323458823,106.498185850518));
#1689=CARTESIAN_POINT('',(-220.046763389264,-57.8622323458823,108.248185850518));
#1690=CARTESIAN_POINT('',(-220.056494465896,-51.5778797612381,72.0638924041936));
#1691=CARTESIAN_POINT('',(-213.233526778529,-39.5778797612381,92.7928441884245));
#1692=CARTESIAN_POINT('',(-212.233526778529,-39.5778797612381,92.7928441884245));
#1693=CARTESIAN_POINT('',(-212.233526778529,-39.5778797612381,87.7928441884245));
#1694=CARTESIAN_POINT('',(-213.233526778529,-39.5778797612381,87.7928441884245));
#1695=CARTESIAN_POINT('',(-212.233526778529,-51.5778797612381,92.7928441884245));
#1696=CARTESIAN_POINT('',(-212.233526778529,-51.5778797612381,87.7928441884245));
#1697=CARTESIAN_POINT('',(-231.36,-51.5778797612381,92.7928441884245));
#1698=CARTESIAN_POINT('',(-231.36,-51.5778797612381,87.7928441884245));
#1699=CARTESIAN_POINT('',(-231.36,-39.5778797612381,92.7928441884245));
#1700=CARTESIAN_POINT('',(-231.36,-39.5778797612381,87.7928441884245));
#1701=CARTESIAN_POINT('',(-230.36,-39.5778797612381,92.7928441884245));
#1702=CARTESIAN_POINT('',(-230.36,-39.5778797612381,87.7928441884245));
#1703=CARTESIAN_POINT('',(-230.36,-44.3093804136572,92.7928441884245));
#1704=CARTESIAN_POINT('',(-230.36,-44.3093804136572,87.7928441884245));
#1705=CARTESIAN_POINT('',(-213.233526778529,-44.3093804136572,92.7928441884245));
#1706=CARTESIAN_POINT('',(-213.233526778529,-44.3093804136572,87.7928441884245));
#1707=CARTESIAN_POINT('',(-212.233526778529,-39.5778797612381,113.));
#1708=CARTESIAN_POINT('',(-231.36,-39.5778797612381,113.));
#1709=CARTESIAN_POINT('',(-230.36,-44.3093804136572,112.));
#1710=CARTESIAN_POINT('',(-213.233526778529,-44.3093804136572,112.));
#1711=CARTESIAN_POINT('',(-230.36,-39.5778797612381,112.));
#1712=CARTESIAN_POINT('',(-213.233526778529,-39.5778797612381,112.));
#1713=CARTESIAN_POINT('',(-220.046763389264,-44.3093804136572,108.248185850518));
#1714=CARTESIAN_POINT('',(-212.233526778529,-49.5778797612381,113.));
#1715=CARTESIAN_POINT('',(-212.233526778529,-51.5778797612381,111.));
#1716=CARTESIAN_POINT('',(-231.36,-49.5778797612381,113.));
#1717=CARTESIAN_POINT('',(-231.36,-51.5778797612381,111.));
#1718=CARTESIAN_POINT('',(-231.36,-39.5778797612381,67.496371701036));
#1719=CARTESIAN_POINT('',(-212.233526778529,-39.5778797612381,67.496371701036));
#1720=CARTESIAN_POINT('',(-230.36,-44.3093804136572,68.496371701036));
#1721=CARTESIAN_POINT('',(-213.233526778529,-44.3093804136572,68.496371701036));
#1722=CARTESIAN_POINT('',(-230.36,-39.5778797612381,68.496371701036));
#1723=CARTESIAN_POINT('',(-213.233526778529,-39.5778797612381,68.496371701036));
#1724=CARTESIAN_POINT('',(-212.233526778529,-49.5778797612381,67.496371701036));
#1725=CARTESIAN_POINT('',(-231.36,-49.5778797612381,67.496371701036));
#1726=CARTESIAN_POINT('',(-212.233526778529,-51.5778797612381,69.496371701036));
#1727=CARTESIAN_POINT('',(-231.36,-51.5778797612381,69.496371701036));
#1728=CARTESIAN_POINT('',(-220.046763389264,-44.3093804136572,77.248185850518));
#1729=CARTESIAN_POINT('',(-218.796763389264,-48.5766710639759,77.248185850518));
#1730=CARTESIAN_POINT('',(-218.796763389264,-51.5778797612381,77.248185850518));
#1731=CARTESIAN_POINT('',(-220.046763389264,-48.5766710639759,77.248185850518));
#1732=CARTESIAN_POINT('',(-218.796763389264,-49.3493887633684,108.248185850518));
#1733=CARTESIAN_POINT('',(-220.601975170913,-51.5778797612381,111.));
#1734=CARTESIAN_POINT('',(-218.796763389264,-51.5778797612381,108.248185850518));
#1735=CARTESIAN_POINT('',(-222.991551607615,-51.5778797612381,111.));
#1736=CARTESIAN_POINT('',(-220.046763389264,-49.3493887633684,108.248185850518));
#1737=CARTESIAN_POINT('',(-227.996321574028,-48.232692584038,75.2688109511515));
#1738=CARTESIAN_POINT('',(-215.597205204501,-48.232692584038,75.2688109511515));
#1739=CARTESIAN_POINT('',(-215.597205204501,-44.3093804136572,75.2688109511515));
#1740=CARTESIAN_POINT('',(-227.996321574028,-44.3093804136572,75.2688109511515));
#1741=CARTESIAN_POINT('',(-215.597205204501,-44.3093804136572,68.496371701036));
#1742=CARTESIAN_POINT('',(-227.996321574028,-44.3093804136572,68.496371701036));
#1743=CARTESIAN_POINT('',(-227.996321574028,-48.232692584038,67.496371701036));
#1744=CARTESIAN_POINT('',(-215.597205204501,-48.232692584038,67.496371701036));
#1745=CARTESIAN_POINT('',(-215.597205204501,-44.3093804136572,67.496371701036));
#1746=CARTESIAN_POINT('',(-227.996321574028,-44.3093804136572,67.496371701036));
#1747=CARTESIAN_POINT('',(-224.796763389264,-48.5766710639759,77.248185850518));
#1748=CARTESIAN_POINT('',(-224.796763389264,-51.5778797612381,77.248185850518));
#1749=CARTESIAN_POINT('',(-223.546763389264,-44.3093804136572,77.248185850518));
#1750=CARTESIAN_POINT('',(-223.546763389264,-48.5766710639759,77.248185850518));
#1751=CARTESIAN_POINT('',(-224.796763389264,-49.3493887633684,108.248185850518));
#1752=CARTESIAN_POINT('',(-224.796763389264,-51.5778797612381,108.248185850518));
#1753=CARTESIAN_POINT('',(-223.546763389264,-44.3093804136572,108.248185850518));
#1754=CARTESIAN_POINT('',(-223.546763389264,-49.3493887633684,108.248185850518));
#1755=CARTESIAN_POINT('',(-220.056494465896,-51.5778797612381,72.0638924041936));
#1756=CARTESIAN_POINT('',(-220.046763389264,-51.5778797612381,72.1557822168356));
#1757=CARTESIAN_POINT('',(-220.046763389264,-51.5778797612381,72.2481858505293));
#1758=CARTESIAN_POINT('',(-220.046763389274,-51.577879761238,73.82264737893));
#1759=CARTESIAN_POINT('',(-221.612469942939,-51.577879761238,73.9884547738866));
#1760=CARTESIAN_POINT('',(-223.352738866308,-51.5778797612379,74.1727482202109));
#1761=CARTESIAN_POINT('',(-223.537032312633,-51.5778797612381,72.4324792968424));
#1762=CARTESIAN_POINT('',(-223.721325758958,-51.5778797612382,70.6922103734739));
#1763=CARTESIAN_POINT('',(-221.981056835589,-51.5778797612382,70.5079169271495));
#1764=CARTESIAN_POINT('',(-220.240787912221,-51.5778797612382,70.3236234808251));
#1765=CARTESIAN_POINT('',(-220.056494465896,-51.5778797612381,72.0638924041936));
#1766=CARTESIAN_POINT('',(0.,1.74999999999998));
#1767=CARTESIAN_POINT('',(-0.0924036336936818,1.74999999999998));
#1768=CARTESIAN_POINT('',(-0.184293446335581,1.74026892336722));
#1769=CARTESIAN_POINT('',(-1.74999999999998,1.57446152840052));
#1770=CARTESIAN_POINT('',(-1.74999999999998,-3.21469784776177E-16));
#1771=CARTESIAN_POINT('',(-1.74999999999998,-1.74999999999998));
#1772=CARTESIAN_POINT('',(2.14313189850785E-16,-1.74999999999998));
#1773=CARTESIAN_POINT('',(1.74999999999998,-1.74999999999998));
#1774=CARTESIAN_POINT('',(1.74999999999998,1.07156594925392E-16));
#1775=CARTESIAN_POINT('',(1.74999999999998,1.74999999999998));
#1776=CARTESIAN_POINT('',(0.,1.74999999999998));
#1777=CARTESIAN_POINT('',(-213.233526778529,-39.5778797612381,92.7928441884245));
#1778=CARTESIAN_POINT('',(-212.233526778529,-39.5778797612381,92.7928441884245));
#1779=CARTESIAN_POINT('',(-66.9844470953618,0.));
#1780=CARTESIAN_POINT('',(-65.9844470953618,0.));
#1781=CARTESIAN_POINT('',(-212.233526778529,-39.5778797612381,92.7928441884245));
#1782=CARTESIAN_POINT('',(-212.233526778529,-39.5778797612381,87.7928441884245));
#1783=CARTESIAN_POINT('',(-65.9844470953618,0.));
#1784=CARTESIAN_POINT('',(-65.9844470953618,5.00000000000003));
#1785=CARTESIAN_POINT('',(-212.233526778529,-39.5778797612381,87.7928441884245));
#1786=CARTESIAN_POINT('',(-213.233526778529,-39.5778797612381,87.7928441884245));
#1787=CARTESIAN_POINT('',(-65.9844470953618,5.00000000000003));
#1788=CARTESIAN_POINT('',(-66.9844470953618,5.00000000000003));
#1789=CARTESIAN_POINT('',(-213.233526778529,-39.5778797612381,87.7928441884245));
#1790=CARTESIAN_POINT('',(-213.233526778529,-39.5778797612381,92.7928441884245));
#1791=CARTESIAN_POINT('',(-66.9844470953618,5.00000000000003));
#1792=CARTESIAN_POINT('',(-66.9844470953618,0.));
#1793=CARTESIAN_POINT('',(-212.233526778529,-39.5778797612381,92.7928441884245));
#1794=CARTESIAN_POINT('',(-212.233526778529,-51.5778797612381,92.7928441884245));
#1795=CARTESIAN_POINT('',(-65.9844470953618,0.));
#1796=CARTESIAN_POINT('',(-53.9844470953618,0.));
#1797=CARTESIAN_POINT('',(-212.233526778529,-51.5778797612381,92.7928441884245));
#1798=CARTESIAN_POINT('',(-212.233526778529,-51.5778797612381,87.7928441884245));
#1799=CARTESIAN_POINT('',(-53.9844470953618,0.));
#1800=CARTESIAN_POINT('',(-53.9844470953618,5.00000000000003));
#1801=CARTESIAN_POINT('',(-212.233526778529,-51.5778797612381,87.7928441884245));
#1802=CARTESIAN_POINT('',(-212.233526778529,-39.5778797612381,87.7928441884245));
#1803=CARTESIAN_POINT('',(-53.9844470953618,5.00000000000003));
#1804=CARTESIAN_POINT('',(-65.9844470953618,5.00000000000003));
#1805=CARTESIAN_POINT('',(-65.9844470953618,0.));
#1806=CARTESIAN_POINT('',(-65.9844470953618,5.00000000000003));
#1807=CARTESIAN_POINT('',(-212.233526778529,-51.5778797612381,92.7928441884245));
#1808=CARTESIAN_POINT('',(-231.36,-51.5778797612381,92.7928441884245));
#1809=CARTESIAN_POINT('',(-53.9844470953618,0.));
#1810=CARTESIAN_POINT('',(-34.8579738738905,0.));
#1811=CARTESIAN_POINT('',(-231.36,-51.5778797612381,92.7928441884245));
#1812=CARTESIAN_POINT('',(-231.36,-51.5778797612381,87.7928441884245));
#1813=CARTESIAN_POINT('',(-34.8579738738905,0.));
#1814=CARTESIAN_POINT('',(-34.8579738738905,5.00000000000003));
#1815=CARTESIAN_POINT('',(-231.36,-51.5778797612381,87.7928441884245));
#1816=CARTESIAN_POINT('',(-212.233526778529,-51.5778797612381,87.7928441884245));
#1817=CARTESIAN_POINT('',(-34.8579738738905,5.00000000000003));
#1818=CARTESIAN_POINT('',(-53.9844470953618,5.00000000000003));
#1819=CARTESIAN_POINT('',(-53.9844470953618,0.));
#1820=CARTESIAN_POINT('',(-53.9844470953618,5.00000000000003));
#1821=CARTESIAN_POINT('',(-231.36,-51.5778797612381,92.7928441884245));
#1822=CARTESIAN_POINT('',(-231.36,-39.5778797612381,92.7928441884245));
#1823=CARTESIAN_POINT('',(-34.8579738738905,0.));
#1824=CARTESIAN_POINT('',(-22.8579738738905,0.));
#1825=CARTESIAN_POINT('',(-231.36,-39.5778797612381,92.7928441884245));
#1826=CARTESIAN_POINT('',(-231.36,-39.5778797612381,87.7928441884245));
#1827=CARTESIAN_POINT('',(-22.8579738738905,0.));
#1828=CARTESIAN_POINT('',(-22.8579738738905,5.00000000000003));
#1829=CARTESIAN_POINT('',(-231.36,-39.5778797612381,87.7928441884245));
#1830=CARTESIAN_POINT('',(-231.36,-51.5778797612381,87.7928441884245));
#1831=CARTESIAN_POINT('',(-22.8579738738905,5.00000000000003));
#1832=CARTESIAN_POINT('',(-34.8579738738905,5.00000000000003));
#1833=CARTESIAN_POINT('',(-34.8579738738905,0.));
#1834=CARTESIAN_POINT('',(-34.8579738738905,5.00000000000003));
#1835=CARTESIAN_POINT('',(-231.36,-39.5778797612381,92.7928441884245));
#1836=CARTESIAN_POINT('',(-230.36,-39.5778797612381,92.7928441884245));
#1837=CARTESIAN_POINT('',(-22.8579738738905,0.));
#1838=CARTESIAN_POINT('',(-21.8579738738905,0.));
#1839=CARTESIAN_POINT('',(-230.36,-39.5778797612381,92.7928441884245));
#1840=CARTESIAN_POINT('',(-230.36,-39.5778797612381,87.7928441884245));
#1841=CARTESIAN_POINT('',(-21.8579738738905,0.));
#1842=CARTESIAN_POINT('',(-21.8579738738905,5.00000000000003));
#1843=CARTESIAN_POINT('',(-230.36,-39.5778797612381,87.7928441884245));
#1844=CARTESIAN_POINT('',(-231.36,-39.5778797612381,87.7928441884245));
#1845=CARTESIAN_POINT('',(-21.8579738738905,5.00000000000003));
#1846=CARTESIAN_POINT('',(-22.8579738738905,5.00000000000003));
#1847=CARTESIAN_POINT('',(-22.8579738738905,0.));
#1848=CARTESIAN_POINT('',(-22.8579738738905,5.00000000000003));
#1849=CARTESIAN_POINT('',(-230.36,-39.5778797612381,92.7928441884245));
#1850=CARTESIAN_POINT('',(-230.36,-44.3093804136572,92.7928441884245));
#1851=CARTESIAN_POINT('',(-21.8579738738905,0.));
#1852=CARTESIAN_POINT('',(-17.1264732214713,0.));
#1853=CARTESIAN_POINT('',(-230.36,-44.3093804136572,92.7928441884245));
#1854=CARTESIAN_POINT('',(-230.36,-44.3093804136572,87.7928441884245));
#1855=CARTESIAN_POINT('',(-17.1264732214713,0.));
#1856=CARTESIAN_POINT('',(-17.1264732214713,5.00000000000003));
#1857=CARTESIAN_POINT('',(-230.36,-44.3093804136572,87.7928441884245));
#1858=CARTESIAN_POINT('',(-230.36,-39.5778797612381,87.7928441884245));
#1859=CARTESIAN_POINT('',(-17.1264732214713,5.00000000000003));
#1860=CARTESIAN_POINT('',(-21.8579738738905,5.00000000000003));
#1861=CARTESIAN_POINT('',(-21.8579738738905,0.));
#1862=CARTESIAN_POINT('',(-21.8579738738905,5.00000000000003));
#1863=CARTESIAN_POINT('',(-230.36,-44.3093804136572,92.7928441884245));
#1864=CARTESIAN_POINT('',(-213.233526778529,-44.3093804136572,92.7928441884245));
#1865=CARTESIAN_POINT('',(-17.1264732214713,0.));
#1866=CARTESIAN_POINT('',(-4.44089209850063E-15,0.));
#1867=CARTESIAN_POINT('',(-213.233526778529,-44.3093804136572,92.7928441884245));
#1868=CARTESIAN_POINT('',(-213.233526778529,-44.3093804136572,87.7928441884245));
#1869=CARTESIAN_POINT('',(-4.44089209850063E-15,0.));
#1870=CARTESIAN_POINT('',(-4.44089209850063E-15,5.00000000000003));
#1871=CARTESIAN_POINT('',(-213.233526778529,-44.3093804136572,87.7928441884245));
#1872=CARTESIAN_POINT('',(-230.36,-44.3093804136572,87.7928441884245));
#1873=CARTESIAN_POINT('',(-4.44089209850063E-15,5.00000000000003));
#1874=CARTESIAN_POINT('',(-17.1264732214713,5.00000000000003));
#1875=CARTESIAN_POINT('',(-17.1264732214713,0.));
#1876=CARTESIAN_POINT('',(-17.1264732214713,5.00000000000003));
#1877=CARTESIAN_POINT('',(-213.233526778529,-44.3093804136572,92.7928441884245));
#1878=CARTESIAN_POINT('',(-213.233526778529,-39.5778797612381,92.7928441884245));
#1879=CARTESIAN_POINT('',(-4.44089209850063E-15,0.));
#1880=CARTESIAN_POINT('',(4.73150065241914,0.));
#1881=CARTESIAN_POINT('',(4.73150065241914,5.00000000000003));
#1882=CARTESIAN_POINT('',(4.73150065241914,0.));
#1883=CARTESIAN_POINT('',(-213.233526778529,-39.5778797612381,87.7928441884245));
#1884=CARTESIAN_POINT('',(-213.233526778529,-44.3093804136572,87.7928441884245));
#1885=CARTESIAN_POINT('',(4.73150065241914,5.00000000000003));
#1886=CARTESIAN_POINT('',(-4.44089209850063E-15,5.00000000000003));
#1887=CARTESIAN_POINT('',(-4.44089209850063E-15,0.));
#1888=CARTESIAN_POINT('',(-4.44089209850063E-15,5.00000000000003));
#1889=CARTESIAN_POINT('',(17.6270751957299,0.));
#1890=CARTESIAN_POINT('',(17.6270751957299,12.));
#1891=CARTESIAN_POINT('',(-212.233526778529,-39.5778797612381,92.7928441884245));
#1892=CARTESIAN_POINT('',(-212.233526778529,-39.5778797612381,113.));
#1893=CARTESIAN_POINT('',(17.6270751957299,0.));
#1894=CARTESIAN_POINT('',(18.1254742204723,0.));
#1895=CARTESIAN_POINT('',(-212.233526778529,-39.5778797612381,113.));
#1896=CARTESIAN_POINT('',(-212.233526778529,-49.5778797612381,113.));
#1897=CARTESIAN_POINT('',(18.1254742204723,0.));
#1898=CARTESIAN_POINT('',(18.1254742204723,9.99999999999999));
#1899=CARTESIAN_POINT('',(-212.233526778529,-49.5778797612381,113.));
#1900=CARTESIAN_POINT('',(-212.233526778528,-51.5778797612381,113.));
#1901=CARTESIAN_POINT('',(-212.233526778529,-51.5778797612381,111.));
#1902=CARTESIAN_POINT('',(18.1254742204723,9.99999999999999));
#1903=CARTESIAN_POINT('',(18.1254740074072,10.056381140691));
#1904=CARTESIAN_POINT('',(18.1254152907475,10.1127909182943));
#1905=CARTESIAN_POINT('',(18.1252978108629,10.1689921342594));
#1906=CARTESIAN_POINT('',(18.1251765874844,10.2269842007428));
#1907=CARTESIAN_POINT('',(18.1249927962365,10.2847542021951));
#1908=CARTESIAN_POINT('',(18.1247472615302,10.3420920418641));
#1909=CARTESIAN_POINT('',(18.1244947538876,10.401058217924));
#1910=CARTESIAN_POINT('',(18.1241769460875,10.45956733775));
#1911=CARTESIAN_POINT('',(18.1237950761491,10.5173808891839));
#1912=CARTESIAN_POINT('',(18.1234038044834,10.5766178237911));
#1913=CARTESIAN_POINT('',(18.1229452773982,10.6351245182701));
#1914=CARTESIAN_POINT('',(18.1224214389069,10.6926542517358));
#1915=CARTESIAN_POINT('',(18.1218868318924,10.7513666212198));
#1916=CARTESIAN_POINT('',(18.1212842006649,10.8090614501552));
#1917=CARTESIAN_POINT('',(18.1206161924408,10.865484310557));
#1918=CARTESIAN_POINT('',(18.1199373305047,10.9228239223595));
#1919=CARTESIAN_POINT('',(18.1191909498386,10.9788498962738));
#1920=CARTESIAN_POINT('',(18.1183804432282,11.0333073362755));
#1921=CARTESIAN_POINT('',(18.1175604200388,11.0884041893613));
#1922=CARTESIAN_POINT('',(18.1166747561923,11.1418954583488));
#1923=CARTESIAN_POINT('',(18.1157275735633,11.1935319630049));
#1924=CARTESIAN_POINT('',(18.1147736709211,11.2455348151659));
#1925=CARTESIAN_POINT('',(18.1137573734804,11.2956564914991));
#1926=CARTESIAN_POINT('',(18.1126834803787,11.3436602225317));
#1927=CARTESIAN_POINT('',(18.1116070416215,11.3917777460478));
#1928=CARTESIAN_POINT('',(18.1104727338196,11.4377672712153));
#1929=CARTESIAN_POINT('',(18.1092859400414,11.4814105461979));
#1930=CARTESIAN_POINT('',(18.1081019528957,11.524950609787));
#1931=CARTESIAN_POINT('',(18.106865727727,11.5661555073005));
#1932=CARTESIAN_POINT('',(18.1055831043315,11.6048306618724));
#1933=CARTESIAN_POINT('',(18.1043095167073,11.6432333593427));
#1934=CARTESIAN_POINT('',(18.1029901822822,11.6791418311772));
#1935=CARTESIAN_POINT('',(18.1016312469575,11.7123889595531));
#1936=CARTESIAN_POINT('',(18.1002880824251,11.7452502464934));
#1937=CARTESIAN_POINT('',(18.0989062308167,11.7755116026844));
#1938=CARTESIAN_POINT('',(18.0974919790106,11.8030354705828));
#1939=CARTESIAN_POINT('',(18.0961003384027,11.8301192841513));
#1940=CARTESIAN_POINT('',(18.0946773253502,11.8545524441411));
#1941=CARTESIAN_POINT('',(18.0932292151875,11.8762276214661));
#1942=CARTESIAN_POINT('',(18.0918102741291,11.8974661983672));
#1943=CARTESIAN_POINT('',(18.0903672368338,11.9160567810015));
#1944=CARTESIAN_POINT('',(18.0889061885441,11.931920551034));
#1945=CARTESIAN_POINT('',(18.0874802472627,11.9474031361945));
#1946=CARTESIAN_POINT('',(18.0860371501475,11.9602883775726));
#1947=CARTESIAN_POINT('',(18.084582779977,11.9705260807443));
#1948=CARTESIAN_POINT('',(18.0831685718798,11.9804810722708));
#1949=CARTESIAN_POINT('',(18.0817437047361,11.9879327288731));
#1950=CARTESIAN_POINT('',(18.0803133604735,11.9928476255245));
#1951=CARTESIAN_POINT('',(18.0789271866108,11.9976107454631));
#1952=CARTESIAN_POINT('',(18.0775358686833,11.9999913614619));
#1953=CARTESIAN_POINT('',(18.0761452570705,12.));
#1954=CARTESIAN_POINT('',(-212.233526778529,-51.5778797612381,111.));
#1955=CARTESIAN_POINT('',(-212.233526778529,-51.5778797612381,92.7928441884245));
#1956=CARTESIAN_POINT('',(18.0761452570705,12.));
#1957=CARTESIAN_POINT('',(17.6270751957299,12.));
#1958=CARTESIAN_POINT('',(19.6248722462137,12.));
#1959=CARTESIAN_POINT('',(19.6248722462137,0.));
#1960=CARTESIAN_POINT('',(-231.36,-51.5778797612381,92.7928441884245));
#1961=CARTESIAN_POINT('',(-231.36,-51.5778797612381,111.));
#1962=CARTESIAN_POINT('',(19.6248722462137,12.));
#1963=CARTESIAN_POINT('',(19.1758021848732,12.));
#1964=CARTESIAN_POINT('',(-231.36,-51.5778797612381,111.));
#1965=CARTESIAN_POINT('',(-231.36,-51.5778797612381,113.));
#1966=CARTESIAN_POINT('',(-231.36,-49.5778797612381,113.));
#1967=CARTESIAN_POINT('',(19.1758021848732,12.));
#1968=CARTESIAN_POINT('',(19.1744115732603,11.9999913614619));
#1969=CARTESIAN_POINT('',(19.1730202553329,11.997610745463));
#1970=CARTESIAN_POINT('',(19.1716340814701,11.9928476255245));
#1971=CARTESIAN_POINT('',(19.1702037372076,11.9879327288731));
#1972=CARTESIAN_POINT('',(19.1687788700639,11.9804810722709));
#1973=CARTESIAN_POINT('',(19.1673646619666,11.9705260807443));
#1974=CARTESIAN_POINT('',(19.1659102917962,11.9602883775727));
#1975=CARTESIAN_POINT('',(19.1644671946809,11.9474031361945));
#1976=CARTESIAN_POINT('',(19.1630412533995,11.9319205510339));
#1977=CARTESIAN_POINT('',(19.1615802051098,11.9160567810015));
#1978=CARTESIAN_POINT('',(19.1601371678145,11.8974661983672));
#1979=CARTESIAN_POINT('',(19.1587182267562,11.8762276214661));
#1980=CARTESIAN_POINT('',(19.1572701165934,11.8545524441411));
#1981=CARTESIAN_POINT('',(19.1558471035409,11.8301192841513));
#1982=CARTESIAN_POINT('',(19.154455462933,11.8030354705828));
#1983=CARTESIAN_POINT('',(19.153041211127,11.7755116026844));
#1984=CARTESIAN_POINT('',(19.1516593595186,11.7452502464933));
#1985=CARTESIAN_POINT('',(19.1503161949862,11.712388959553));
#1986=CARTESIAN_POINT('',(19.1489572596615,11.6791418311771));
#1987=CARTESIAN_POINT('',(19.1476379252364,11.6432333593427));
#1988=CARTESIAN_POINT('',(19.1463643376122,11.6048306618724));
#1989=CARTESIAN_POINT('',(19.1450817142166,11.5661555073005));
#1990=CARTESIAN_POINT('',(19.1438454890479,11.524950609787));
#1991=CARTESIAN_POINT('',(19.1426615019023,11.4814105461979));
#1992=CARTESIAN_POINT('',(19.141474708124,11.4377672712153));
#1993=CARTESIAN_POINT('',(19.1403404003221,11.3917777460478));
#1994=CARTESIAN_POINT('',(19.1392639615649,11.3436602225316));
#1995=CARTESIAN_POINT('',(19.1381900684633,11.295656491499));
#1996=CARTESIAN_POINT('',(19.1371737710225,11.2455348151659));
#1997=CARTESIAN_POINT('',(19.1362198683803,11.1935319630049));
#1998=CARTESIAN_POINT('',(19.1352726857513,11.1418954583487));
#1999=CARTESIAN_POINT('',(19.1343870219048,11.0884041893613));
#2000=CARTESIAN_POINT('',(19.1335669987154,11.0333073362756));
#2001=CARTESIAN_POINT('',(19.132756492105,10.9788498962738));
#2002=CARTESIAN_POINT('',(19.132010111439,10.9228239223595));
#2003=CARTESIAN_POINT('',(19.1313312495029,10.865484310557));
#2004=CARTESIAN_POINT('',(19.1306632412787,10.8090614501552));
#2005=CARTESIAN_POINT('',(19.1300606100512,10.7513666212198));
#2006=CARTESIAN_POINT('',(19.1295260030367,10.6926542517358));
#2007=CARTESIAN_POINT('',(19.1290021645454,10.6351245182701));
#2008=CARTESIAN_POINT('',(19.1285436374602,10.5766178237911));
#2009=CARTESIAN_POINT('',(19.1281523657945,10.5173808891839));
#2010=CARTESIAN_POINT('',(19.1277704958562,10.4595673377499));
#2011=CARTESIAN_POINT('',(19.127452688056,10.401058217924));
#2012=CARTESIAN_POINT('',(19.1272001804135,10.3420920418641));
#2013=CARTESIAN_POINT('',(19.1269546457071,10.2847542021951));
#2014=CARTESIAN_POINT('',(19.1267708544592,10.2269842007428));
#2015=CARTESIAN_POINT('',(19.1266496310807,10.1689921342594));
#2016=CARTESIAN_POINT('',(19.1265321511961,10.1127909182944));
#2017=CARTESIAN_POINT('',(19.1264734345364,10.056381140691));
#2018=CARTESIAN_POINT('',(19.1264732214713,10.));
#2019=CARTESIAN_POINT('',(-231.36,-49.5778797612381,113.));
#2020=CARTESIAN_POINT('',(-231.36,-39.5778797612381,113.));
#2021=CARTESIAN_POINT('',(19.1264732214713,10.));
#2022=CARTESIAN_POINT('',(19.1264732214713,0.));
#2023=CARTESIAN_POINT('',(-231.36,-39.5778797612381,113.));
#2024=CARTESIAN_POINT('',(-231.36,-39.5778797612381,92.7928441884245));
#2025=CARTESIAN_POINT('',(19.1264732214713,0.));
#2026=CARTESIAN_POINT('',(19.6248722462137,0.));
#2027=CARTESIAN_POINT('',(-213.233526778529,-39.5778797612381,92.7928441884245));
#2028=CARTESIAN_POINT('',(-213.233526778529,-39.5778797612381,112.));
#2029=CARTESIAN_POINT('',(20.2964724873884,18.1264732214713));
#2030=CARTESIAN_POINT('',(39.503628298964,18.1264732214713));
#2031=CARTESIAN_POINT('',(-213.233526778529,-39.5778797612381,112.));
#2032=CARTESIAN_POINT('',(-230.36,-39.5778797612381,112.));
#2033=CARTESIAN_POINT('',(39.503628298964,18.1264732214713));
#2034=CARTESIAN_POINT('',(39.503628298964,0.999999999999985));
#2035=CARTESIAN_POINT('',(-230.36,-39.5778797612381,112.));
#2036=CARTESIAN_POINT('',(-230.36,-39.5778797612381,92.7928441884245));
#2037=CARTESIAN_POINT('',(39.503628298964,0.999999999999985));
#2038=CARTESIAN_POINT('',(20.2964724873885,0.999999999999985));
#2039=CARTESIAN_POINT('',(20.2964724873884,0.));
#2040=CARTESIAN_POINT('',(20.2964724873885,0.999999999999985));
#2041=CARTESIAN_POINT('',(40.503628298964,0.));
#2042=CARTESIAN_POINT('',(20.2964724873884,0.));
#2043=CARTESIAN_POINT('',(-231.36,-39.5778797612381,113.));
#2044=CARTESIAN_POINT('',(-212.233526778529,-39.5778797612381,113.));
#2045=CARTESIAN_POINT('',(40.503628298964,0.));
#2046=CARTESIAN_POINT('',(40.503628298964,19.1264732214713));
#2047=CARTESIAN_POINT('',(20.2964724873884,19.1264732214713));
#2048=CARTESIAN_POINT('',(40.503628298964,19.1264732214713));
#2049=CARTESIAN_POINT('',(20.2964724873884,18.1264732214713));
#2050=CARTESIAN_POINT('',(20.2964724873884,19.1264732214713));
#2051=CARTESIAN_POINT('',(-218.796763389264,-51.5778797612381,108.248185850518));
#2052=CARTESIAN_POINT('',(-218.796763389264,-51.5778797612381,106.458670147125));
#2053=CARTESIAN_POINT('',(-220.371392277082,-51.5778797612381,105.608428817654));
#2054=CARTESIAN_POINT('',(-221.946021164899,-51.5778797612381,104.758187488183));
#2055=CARTESIAN_POINT('',(-223.442308184301,-51.5778797612381,105.739763571968));
#2056=CARTESIAN_POINT('',(-224.796763389265,-51.5778797612381,106.628296867058));
#2057=CARTESIAN_POINT('',(-224.796763389264,-51.5778797612381,108.248185850518));
#2058=CARTESIAN_POINT('',(12.5632366107356,35.751814149482));
#2059=CARTESIAN_POINT('',(12.5632366107356,33.962298446089));
#2060=CARTESIAN_POINT('',(10.9886077229182,33.1120571166179));
#2061=CARTESIAN_POINT('',(9.41397883510077,32.2618157871468));
#2062=CARTESIAN_POINT('',(7.91769181569871,33.2433918709319));
#2063=CARTESIAN_POINT('',(6.56323661073572,34.131925166022));
#2064=CARTESIAN_POINT('',(6.56323661073572,35.751814149482));
#2065=CARTESIAN_POINT('',(-224.796763389264,-51.5778797612381,108.248185850518));
#2066=CARTESIAN_POINT('',(-224.796763389264,-51.5778797612381,108.37648772359));
#2067=CARTESIAN_POINT('',(-224.785809177879,-51.5778797612381,108.504321114715));
#2068=CARTESIAN_POINT('',(-224.633023152055,-51.5778797612381,110.287302573677));
#2069=CARTESIAN_POINT('',(-222.991551607615,-51.5778797612381,111.));
#2070=CARTESIAN_POINT('',(6.56323661073572,35.751814149482));
#2071=CARTESIAN_POINT('',(6.56323661073572,35.8801160225537));
#2072=CARTESIAN_POINT('',(6.57419082212112,36.0079494136791));
#2073=CARTESIAN_POINT('',(6.72697684794559,37.7909308726412));
#2074=CARTESIAN_POINT('',(8.36844839238458,38.503628298964));
#2075=CARTESIAN_POINT('',(-222.991551607615,-51.5778797612381,111.));
#2076=CARTESIAN_POINT('',(-231.36,-51.5778797612381,111.));
#2077=CARTESIAN_POINT('',(8.36844839238458,38.503628298964));
#2078=CARTESIAN_POINT('',(5.57896559492305,38.503628298964));
#2079=CARTESIAN_POINT('',(2.78948279746153,38.503628298964));
#2080=CARTESIAN_POINT('',(0.,38.503628298964));
#2081=CARTESIAN_POINT('',(0.,20.2964724873884));
#2082=CARTESIAN_POINT('',(0.,38.503628298964));
#2083=CARTESIAN_POINT('',(19.1264732214713,20.2964724873884));
#2084=CARTESIAN_POINT('',(0.,20.2964724873884));
#2085=CARTESIAN_POINT('',(19.1264732214713,38.503628298964));
#2086=CARTESIAN_POINT('',(19.1264732214713,20.2964724873884));
#2087=CARTESIAN_POINT('',(-212.233526778529,-51.5778797612381,111.));
#2088=CARTESIAN_POINT('',(-220.601975170913,-51.5778797612381,111.));
#2089=CARTESIAN_POINT('',(19.1264732214713,38.503628298964));
#2090=CARTESIAN_POINT('',(16.3369904240098,38.503628298964));
#2091=CARTESIAN_POINT('',(13.5475076265483,38.503628298964));
#2092=CARTESIAN_POINT('',(10.7580248290868,38.503628298964));
#2093=CARTESIAN_POINT('',(-220.601975170913,-51.5778797612381,111.));
#2094=CARTESIAN_POINT('',(-218.796763389264,-51.5778797612381,110.21620950719));
#2095=CARTESIAN_POINT('',(-218.796763389264,-51.5778797612381,108.248185850518));
#2096=CARTESIAN_POINT('',(10.7580248290868,38.503628298964));
#2097=CARTESIAN_POINT('',(12.5632366107356,37.7198378061545));
#2098=CARTESIAN_POINT('',(12.5632366107356,35.751814149482));
#2099=CARTESIAN_POINT('',(0.,19.2964724873884));
#2100=CARTESIAN_POINT('',(-17.1264732214713,19.2964724873885));
#2101=CARTESIAN_POINT('',(-230.36,-44.3093804136572,92.7928441884245));
#2102=CARTESIAN_POINT('',(-230.36,-44.3093804136572,112.));
#2103=CARTESIAN_POINT('',(0.,19.2964724873884));
#2104=CARTESIAN_POINT('',(0.,38.503628298964));
#2105=CARTESIAN_POINT('',(-230.36,-44.3093804136572,112.));
#2106=CARTESIAN_POINT('',(-213.233526778529,-44.3093804136572,112.));
#2107=CARTESIAN_POINT('',(0.,38.503628298964));
#2108=CARTESIAN_POINT('',(-17.1264732214713,38.503628298964));
#2109=CARTESIAN_POINT('',(-213.233526778529,-44.3093804136572,112.));
#2110=CARTESIAN_POINT('',(-213.233526778529,-44.3093804136572,92.7928441884245));
#2111=CARTESIAN_POINT('',(-17.1264732214713,38.503628298964));
#2112=CARTESIAN_POINT('',(-17.1264732214713,19.2964724873885));
#2113=CARTESIAN_POINT('',(-220.046763389264,-44.3093804136572,108.248185850518));
#2114=CARTESIAN_POINT('',(-220.046763389264,-44.3093804136572,109.998185850518));
#2115=CARTESIAN_POINT('',(-221.796763389264,-44.3093804136572,109.998185850518));
#2116=CARTESIAN_POINT('',(-223.546763389264,-44.3093804136572,109.998185850518));
#2117=CARTESIAN_POINT('',(-223.546763389264,-44.3093804136572,108.248185850518));
#2118=CARTESIAN_POINT('',(-10.3132366107357,34.751814149482));
#2119=CARTESIAN_POINT('',(-10.3132366107357,36.501814149482));
#2120=CARTESIAN_POINT('',(-8.56323661073566,36.501814149482));
#2121=CARTESIAN_POINT('',(-6.81323661073564,36.501814149482));
#2122=CARTESIAN_POINT('',(-6.81323661073566,34.751814149482));
#2123=CARTESIAN_POINT('',(-223.546763389264,-44.3093804136572,108.248185850518));
#2124=CARTESIAN_POINT('',(-223.546763389264,-44.3093804136572,106.498185850518));
#2125=CARTESIAN_POINT('',(-221.796763389264,-44.3093804136572,106.498185850518));
#2126=CARTESIAN_POINT('',(-220.046763389264,-44.3093804136572,106.498185850518));
#2127=CARTESIAN_POINT('',(-220.046763389264,-44.3093804136572,108.248185850518));
#2128=CARTESIAN_POINT('',(-6.81323661073566,34.751814149482));
#2129=CARTESIAN_POINT('',(-6.81323661073564,33.001814149482));
#2130=CARTESIAN_POINT('',(-8.56323661073566,33.001814149482));
#2131=CARTESIAN_POINT('',(-10.3132366107357,33.001814149482));
#2132=CARTESIAN_POINT('',(-10.3132366107357,34.751814149482));
#2133=CARTESIAN_POINT('',(4.73150065241914,-57.7565747419066));
#2134=CARTESIAN_POINT('',(4.73150065241914,-69.4811282663261));
#2135=CARTESIAN_POINT('',(-230.36,-39.5778797612381,112.));
#2136=CARTESIAN_POINT('',(-230.36,-44.3093804136572,112.));
#2137=CARTESIAN_POINT('',(4.73150065241914,-57.7565747419066));
#2138=CARTESIAN_POINT('',(0.,-57.7565747419066));
#2139=CARTESIAN_POINT('',(0.,-69.4811282663261));
#2140=CARTESIAN_POINT('',(0.,-57.7565747419066));
#2141=CARTESIAN_POINT('',(4.73150065241914,-69.4811282663261));
#2142=CARTESIAN_POINT('',(0.,-69.4811282663261));
#2143=CARTESIAN_POINT('',(4.73150065241914,-40.6301015204353));
#2144=CARTESIAN_POINT('',(4.73150065241914,-57.7565747419066));
#2145=CARTESIAN_POINT('',(-213.233526778529,-39.5778797612381,112.));
#2146=CARTESIAN_POINT('',(-213.233526778529,-44.3093804136572,112.));
#2147=CARTESIAN_POINT('',(4.73150065241914,-40.6301015204353));
#2148=CARTESIAN_POINT('',(0.,-40.6301015204353));
#2149=CARTESIAN_POINT('',(0.,-57.7565747419066));
#2150=CARTESIAN_POINT('',(0.,-40.6301015204353));
#2151=CARTESIAN_POINT('',(4.73150065241914,-57.7565747419066));
#2152=CARTESIAN_POINT('',(0.,-57.7565747419066));
#2153=CARTESIAN_POINT('',(0.,-40.6301015204353));
#2154=CARTESIAN_POINT('',(0.,-28.9055479960158));
#2155=CARTESIAN_POINT('',(4.73150065241914,-40.6301015204353));
#2156=CARTESIAN_POINT('',(0.,-40.6301015204353));
#2157=CARTESIAN_POINT('',(4.73150065241914,-28.9055479960158));
#2158=CARTESIAN_POINT('',(4.73150065241914,-40.6301015204353));
#2159=CARTESIAN_POINT('',(0.,-28.9055479960158));
#2160=CARTESIAN_POINT('',(4.73150065241914,-28.9055479960158));
#2161=CARTESIAN_POINT('',(18.1264732214713,0.));
#2162=CARTESIAN_POINT('',(18.1264732214713,10.));
#2163=CARTESIAN_POINT('',(19.1264732214713,0.));
#2164=CARTESIAN_POINT('',(18.1264732214713,0.));
#2165=CARTESIAN_POINT('',(19.1264732214713,10.));
#2166=CARTESIAN_POINT('',(19.1264732214713,0.));
#2167=CARTESIAN_POINT('',(-231.36,-49.5778797612381,113.));
#2168=CARTESIAN_POINT('',(-212.233526778529,-49.5778797612381,113.));
#2169=CARTESIAN_POINT('',(19.1264732214713,10.));
#2170=CARTESIAN_POINT('',(18.793139888138,10.));
#2171=CARTESIAN_POINT('',(18.4598065548046,10.));
#2172=CARTESIAN_POINT('',(18.1264732214713,10.));
#2173=CARTESIAN_POINT('',(-222.991551607615,-51.5778797612381,111.));
#2174=CARTESIAN_POINT('',(-222.803553118627,-51.5778797612381,111.081625563178));
#2175=CARTESIAN_POINT('',(-222.607538086112,-51.5731418970754,111.14380811974));
#2176=CARTESIAN_POINT('',(-222.206161561572,-51.5653759684341,111.227185117233));
#2177=CARTESIAN_POINT('',(-222.001852296906,-51.5624209635321,111.248185850518));
#2178=CARTESIAN_POINT('',(-221.796763389264,-51.5624209635321,111.248185850518));
#2179=CARTESIAN_POINT('',(-221.591674481622,-51.5624209635321,111.248185850518));
#2180=CARTESIAN_POINT('',(-221.387365216957,-51.5653759684341,111.227185117233));
#2181=CARTESIAN_POINT('',(-220.985988692418,-51.5731418970754,111.14380811974));
#2182=CARTESIAN_POINT('',(-220.789973659902,-51.5778797612381,111.081625563178));
#2183=CARTESIAN_POINT('',(-220.601975170913,-51.5778797612381,111.));
#2184=CARTESIAN_POINT('',(10.7580248290867,3.14159265358997));
#2185=CARTESIAN_POINT('',(10.6290432037204,3.07939062384001));
#2186=CARTESIAN_POINT('',(10.430371923003,2.99647262855956));
#2187=CARTESIAN_POINT('',(10.1733941702859,2.93902833371397));
#2188=CARTESIAN_POINT('',(10.057617207345,2.91314778208962));
#2189=CARTESIAN_POINT('',(9.8405136949741,2.87181822043155));
#2190=CARTESIAN_POINT('',(9.56323661073571,2.87181822043155));
#2191=CARTESIAN_POINT('',(9.28595952649739,2.87181822043155));
#2192=CARTESIAN_POINT('',(9.06885601412653,2.91314778208953));
#2193=CARTESIAN_POINT('',(8.95307905118553,2.9390283337139));
#2194=CARTESIAN_POINT('',(8.69610129846851,2.99647262855947));
#2195=CARTESIAN_POINT('',(8.49743001775096,3.07939062384005));
#2196=CARTESIAN_POINT('',(8.36844839238454,3.14159265358997));
#2197=CARTESIAN_POINT('',(2.08803559751979E-14,3.14159265358997));
#2198=CARTESIAN_POINT('',(8.36844839238454,3.14159265358997));
#2199=CARTESIAN_POINT('',(2.08803559751979E-14,0.));
#2200=CARTESIAN_POINT('',(2.08803559751979E-14,3.14159265358997));
#2201=CARTESIAN_POINT('',(19.1264732214713,0.));
#2202=CARTESIAN_POINT('',(2.08803559751979E-14,0.));
#2203=CARTESIAN_POINT('',(19.1264732214713,3.14159265358997));
#2204=CARTESIAN_POINT('',(19.1264732214713,0.));
#2205=CARTESIAN_POINT('',(10.7580248290867,3.14159265358997));
#2206=CARTESIAN_POINT('',(19.1264732214713,3.14159265358997));
#2207=CARTESIAN_POINT('',(17.6270751957299,12.));
#2208=CARTESIAN_POINT('',(17.6270751957299,0.));
#2209=CARTESIAN_POINT('',(-212.233526778529,-51.5778797612381,87.7928441884245));
#2210=CARTESIAN_POINT('',(-212.233526778529,-51.5778797612381,69.496371701036));
#2211=CARTESIAN_POINT('',(17.6270751957299,12.));
#2212=CARTESIAN_POINT('',(17.1758021848732,12.));
#2213=CARTESIAN_POINT('',(-212.233526778529,-51.5778797612381,69.496371701036));
#2214=CARTESIAN_POINT('',(-212.233526778529,-51.5778797612381,67.496371701036));
#2215=CARTESIAN_POINT('',(-212.233526778529,-49.5778797612381,67.496371701036));
#2216=CARTESIAN_POINT('',(17.1758021848732,12.));
#2217=CARTESIAN_POINT('',(17.1744115732603,11.9999913614619));
#2218=CARTESIAN_POINT('',(17.1730202553329,11.9976107454631));
#2219=CARTESIAN_POINT('',(17.1716340814701,11.9928476255245));
#2220=CARTESIAN_POINT('',(17.1702037372076,11.9879327288731));
#2221=CARTESIAN_POINT('',(17.1687788700639,11.9804810722709));
#2222=CARTESIAN_POINT('',(17.1673646619666,11.9705260807443));
#2223=CARTESIAN_POINT('',(17.1659102917962,11.9602883775727));
#2224=CARTESIAN_POINT('',(17.1644671946809,11.9474031361945));
#2225=CARTESIAN_POINT('',(17.1630412533995,11.931920551034));
#2226=CARTESIAN_POINT('',(17.1615802051098,11.9160567810015));
#2227=CARTESIAN_POINT('',(17.1601371678145,11.8974661983672));
#2228=CARTESIAN_POINT('',(17.1587182267562,11.8762276214661));
#2229=CARTESIAN_POINT('',(17.1572701165934,11.8545524441411));
#2230=CARTESIAN_POINT('',(17.1558471035409,11.8301192841513));
#2231=CARTESIAN_POINT('',(17.154455462933,11.8030354705828));
#2232=CARTESIAN_POINT('',(17.153041211127,11.7755116026844));
#2233=CARTESIAN_POINT('',(17.1516593595186,11.7452502464934));
#2234=CARTESIAN_POINT('',(17.1503161949862,11.712388959553));
#2235=CARTESIAN_POINT('',(17.1489572596615,11.6791418311771));
#2236=CARTESIAN_POINT('',(17.1476379252364,11.6432333593427));
#2237=CARTESIAN_POINT('',(17.1463643376122,11.6048306618724));
#2238=CARTESIAN_POINT('',(17.1450817142166,11.5661555073005));
#2239=CARTESIAN_POINT('',(17.1438454890479,11.524950609787));
#2240=CARTESIAN_POINT('',(17.1426615019023,11.4814105461978));
#2241=CARTESIAN_POINT('',(17.141474708124,11.4377672712153));
#2242=CARTESIAN_POINT('',(17.1403404003221,11.3917777460478));
#2243=CARTESIAN_POINT('',(17.1392639615649,11.3436602225317));
#2244=CARTESIAN_POINT('',(17.1381900684633,11.295656491499));
#2245=CARTESIAN_POINT('',(17.1371737710226,11.2455348151658));
#2246=CARTESIAN_POINT('',(17.1362198683803,11.1935319630049));
#2247=CARTESIAN_POINT('',(17.1352726857513,11.1418954583487));
#2248=CARTESIAN_POINT('',(17.1343870219048,11.0884041893613));
#2249=CARTESIAN_POINT('',(17.1335669987154,11.0333073362755));
#2250=CARTESIAN_POINT('',(17.132756492105,10.9788498962738));
#2251=CARTESIAN_POINT('',(17.132010111439,10.9228239223595));
#2252=CARTESIAN_POINT('',(17.1313312495029,10.865484310557));
#2253=CARTESIAN_POINT('',(17.1306632412787,10.8090614501552));
#2254=CARTESIAN_POINT('',(17.1300606100512,10.7513666212198));
#2255=CARTESIAN_POINT('',(17.1295260030367,10.6926542517358));
#2256=CARTESIAN_POINT('',(17.1290021645454,10.6351245182701));
#2257=CARTESIAN_POINT('',(17.1285436374602,10.5766178237911));
#2258=CARTESIAN_POINT('',(17.1281523657945,10.5173808891839));
#2259=CARTESIAN_POINT('',(17.1277704958562,10.4595673377499));
#2260=CARTESIAN_POINT('',(17.127452688056,10.401058217924));
#2261=CARTESIAN_POINT('',(17.1272001804135,10.342092041864));
#2262=CARTESIAN_POINT('',(17.1269546457071,10.2847542021951));
#2263=CARTESIAN_POINT('',(17.1267708544592,10.2269842007428));
#2264=CARTESIAN_POINT('',(17.1266496310807,10.1689921342594));
#2265=CARTESIAN_POINT('',(17.1265321511961,10.1127909182943));
#2266=CARTESIAN_POINT('',(17.1264734345364,10.056381140691));
#2267=CARTESIAN_POINT('',(17.1264732214713,10.));
#2268=CARTESIAN_POINT('',(-212.233526778529,-49.5778797612381,67.496371701036));
#2269=CARTESIAN_POINT('',(-212.233526778529,-39.5778797612381,67.496371701036));
#2270=CARTESIAN_POINT('',(17.1264732214713,10.));
#2271=CARTESIAN_POINT('',(17.1264732214713,0.));
#2272=CARTESIAN_POINT('',(-212.233526778529,-39.5778797612381,67.496371701036));
#2273=CARTESIAN_POINT('',(-212.233526778529,-39.5778797612381,87.7928441884245));
#2274=CARTESIAN_POINT('',(17.1264732214713,0.));
#2275=CARTESIAN_POINT('',(17.6270751957299,0.));
#2276=CARTESIAN_POINT('',(19.6248722462137,0.));
#2277=CARTESIAN_POINT('',(19.6248722462137,12.));
#2278=CARTESIAN_POINT('',(-231.36,-39.5778797612381,87.7928441884245));
#2279=CARTESIAN_POINT('',(-231.36,-39.5778797612381,67.496371701036));
#2280=CARTESIAN_POINT('',(19.6248722462137,0.));
#2281=CARTESIAN_POINT('',(20.1254742204723,0.));
#2282=CARTESIAN_POINT('',(-231.36,-39.5778797612381,67.496371701036));
#2283=CARTESIAN_POINT('',(-231.36,-49.5778797612381,67.496371701036));
#2284=CARTESIAN_POINT('',(20.1254742204723,0.));
#2285=CARTESIAN_POINT('',(20.1254742204723,10.));
#2286=CARTESIAN_POINT('',(-231.36,-49.5778797612381,67.496371701036));
#2287=CARTESIAN_POINT('',(-231.36,-51.5778797612381,67.496371701036));
#2288=CARTESIAN_POINT('',(-231.36,-51.5778797612381,69.496371701036));
#2289=CARTESIAN_POINT('',(20.1254742204723,10.));
#2290=CARTESIAN_POINT('',(20.1254740074072,10.056381140691));
#2291=CARTESIAN_POINT('',(20.1254152907475,10.1127909182943));
#2292=CARTESIAN_POINT('',(20.1252978108629,10.1689921342594));
#2293=CARTESIAN_POINT('',(20.1251765874844,10.2269842007427));
#2294=CARTESIAN_POINT('',(20.1249927962365,10.2847542021951));
#2295=CARTESIAN_POINT('',(20.1247472615302,10.342092041864));
#2296=CARTESIAN_POINT('',(20.1244947538876,10.401058217924));
#2297=CARTESIAN_POINT('',(20.1241769460875,10.4595673377499));
#2298=CARTESIAN_POINT('',(20.1237950761491,10.5173808891839));
#2299=CARTESIAN_POINT('',(20.1234038044834,10.5766178237911));
#2300=CARTESIAN_POINT('',(20.1229452773982,10.6351245182701));
#2301=CARTESIAN_POINT('',(20.1224214389069,10.6926542517358));
#2302=CARTESIAN_POINT('',(20.1218868318924,10.7513666212198));
#2303=CARTESIAN_POINT('',(20.1212842006649,10.8090614501552));
#2304=CARTESIAN_POINT('',(20.1206161924408,10.8654843105569));
#2305=CARTESIAN_POINT('',(20.1199373305047,10.9228239223595));
#2306=CARTESIAN_POINT('',(20.1191909498386,10.9788498962738));
#2307=CARTESIAN_POINT('',(20.1183804432282,11.0333073362755));
#2308=CARTESIAN_POINT('',(20.1175604200388,11.0884041893613));
#2309=CARTESIAN_POINT('',(20.1166747561923,11.1418954583487));
#2310=CARTESIAN_POINT('',(20.1157275735633,11.1935319630049));
#2311=CARTESIAN_POINT('',(20.1147736709211,11.2455348151658));
#2312=CARTESIAN_POINT('',(20.1137573734804,11.2956564914991));
#2313=CARTESIAN_POINT('',(20.1126834803787,11.3436602225317));
#2314=CARTESIAN_POINT('',(20.1116070416215,11.3917777460478));
#2315=CARTESIAN_POINT('',(20.1104727338196,11.4377672712153));
#2316=CARTESIAN_POINT('',(20.1092859400414,11.4814105461979));
#2317=CARTESIAN_POINT('',(20.1081019528957,11.524950609787));
#2318=CARTESIAN_POINT('',(20.106865727727,11.5661555073005));
#2319=CARTESIAN_POINT('',(20.1055831043315,11.6048306618724));
#2320=CARTESIAN_POINT('',(20.1043095167073,11.6432333593427));
#2321=CARTESIAN_POINT('',(20.1029901822822,11.6791418311771));
#2322=CARTESIAN_POINT('',(20.1016312469575,11.712388959553));
#2323=CARTESIAN_POINT('',(20.1002880824251,11.7452502464933));
#2324=CARTESIAN_POINT('',(20.0989062308167,11.7755116026844));
#2325=CARTESIAN_POINT('',(20.0974919790106,11.8030354705828));
#2326=CARTESIAN_POINT('',(20.0961003384027,11.8301192841513));
#2327=CARTESIAN_POINT('',(20.0946773253502,11.8545524441411));
#2328=CARTESIAN_POINT('',(20.0932292151875,11.8762276214661));
#2329=CARTESIAN_POINT('',(20.0918102741291,11.8974661983672));
#2330=CARTESIAN_POINT('',(20.0903672368338,11.9160567810015));
#2331=CARTESIAN_POINT('',(20.0889061885441,11.931920551034));
#2332=CARTESIAN_POINT('',(20.0874802472627,11.9474031361945));
#2333=CARTESIAN_POINT('',(20.0860371501475,11.9602883775726));
#2334=CARTESIAN_POINT('',(20.084582779977,11.9705260807443));
#2335=CARTESIAN_POINT('',(20.0831685718798,11.9804810722708));
#2336=CARTESIAN_POINT('',(20.0817437047361,11.9879327288731));
#2337=CARTESIAN_POINT('',(20.0803133604735,11.9928476255245));
#2338=CARTESIAN_POINT('',(20.0789271866108,11.997610745463));
#2339=CARTESIAN_POINT('',(20.0775358686833,11.9999913614619));
#2340=CARTESIAN_POINT('',(20.0761452570705,12.));
#2341=CARTESIAN_POINT('',(-231.36,-51.5778797612381,69.496371701036));
#2342=CARTESIAN_POINT('',(-231.36,-51.5778797612381,87.7928441884245));
#2343=CARTESIAN_POINT('',(20.0761452570705,12.));
#2344=CARTESIAN_POINT('',(19.6248722462137,12.));
#2345=CARTESIAN_POINT('',(-230.36,-39.5778797612381,87.7928441884245));
#2346=CARTESIAN_POINT('',(-230.36,-39.5778797612381,68.496371701036));
#2347=CARTESIAN_POINT('',(20.2964724873885,0.999999999999985));
#2348=CARTESIAN_POINT('',(1.,0.999999999999985));
#2349=CARTESIAN_POINT('',(-230.36,-39.5778797612381,68.496371701036));
#2350=CARTESIAN_POINT('',(-213.233526778529,-39.5778797612381,68.496371701036));
#2351=CARTESIAN_POINT('',(1.,0.999999999999985));
#2352=CARTESIAN_POINT('',(0.999999999999998,18.1264732214713));
#2353=CARTESIAN_POINT('',(-213.233526778529,-39.5778797612381,68.496371701036));
#2354=CARTESIAN_POINT('',(-213.233526778529,-39.5778797612381,87.7928441884245));
#2355=CARTESIAN_POINT('',(0.999999999999998,18.1264732214713));
#2356=CARTESIAN_POINT('',(20.2964724873884,18.1264732214713));
#2357=CARTESIAN_POINT('',(20.2964724873884,19.1264732214713));
#2358=CARTESIAN_POINT('',(20.2964724873884,18.1264732214713));
#2359=CARTESIAN_POINT('',(0.,19.1264732214713));
#2360=CARTESIAN_POINT('',(20.2964724873884,19.1264732214713));
#2361=CARTESIAN_POINT('',(-212.233526778529,-39.5778797612381,67.496371701036));
#2362=CARTESIAN_POINT('',(-231.36,-39.5778797612381,67.496371701036));
#2363=CARTESIAN_POINT('',(0.,19.1264732214713));
#2364=CARTESIAN_POINT('',(0.,0.));
#2365=CARTESIAN_POINT('',(20.2964724873884,0.));
#2366=CARTESIAN_POINT('',(0.,0.));
#2367=CARTESIAN_POINT('',(20.2964724873885,0.999999999999985));
#2368=CARTESIAN_POINT('',(20.2964724873884,0.));
#2369=CARTESIAN_POINT('',(0.,20.2964724873884));
#2370=CARTESIAN_POINT('',(19.1264732214713,20.2964724873884));
#2371=CARTESIAN_POINT('',(0.,1.99999999999998));
#2372=CARTESIAN_POINT('',(0.,20.2964724873884));
#2373=CARTESIAN_POINT('',(-231.36,-51.5778797612381,69.496371701036));
#2374=CARTESIAN_POINT('',(-212.233526778529,-51.5778797612381,69.496371701036));
#2375=CARTESIAN_POINT('',(0.,1.99999999999998));
#2376=CARTESIAN_POINT('',(6.37549107382377,2.00000000000002));
#2377=CARTESIAN_POINT('',(12.7509821476475,1.99999999999999));
#2378=CARTESIAN_POINT('',(19.1264732214713,2.));
#2379=CARTESIAN_POINT('',(19.1264732214713,20.2964724873884));
#2380=CARTESIAN_POINT('',(19.1264732214713,2.));
#2381=CARTESIAN_POINT('',(11.3035055341041,4.56752070315759));
#2382=CARTESIAN_POINT('',(11.3132366107357,4.65941051579394));
#2383=CARTESIAN_POINT('',(11.3132366107357,4.75181414948198));
#2384=CARTESIAN_POINT('',(11.3132366107357,6.50181414948199));
#2385=CARTESIAN_POINT('',(9.56323661073566,6.50181414948199));
#2386=CARTESIAN_POINT('',(7.81323661073565,6.50181414948199));
#2387=CARTESIAN_POINT('',(7.81323661073566,4.75181414948199));
#2388=CARTESIAN_POINT('',(7.81323661073565,3.00181414948198));
#2389=CARTESIAN_POINT('',(9.56323661073566,3.00181414948199));
#2390=CARTESIAN_POINT('',(11.1376981391464,3.00181414948198));
#2391=CARTESIAN_POINT('',(11.3035055341041,4.56752070315759));
#2392=CARTESIAN_POINT('',(-218.796763389264,-51.5778797612381,77.248185850518));
#2393=CARTESIAN_POINT('',(-218.796763389264,-51.5778797612381,74.248185850518));
#2394=CARTESIAN_POINT('',(-221.796763389264,-51.5778797612381,74.248185850518));
#2395=CARTESIAN_POINT('',(-224.796763389264,-51.5778797612381,74.248185850518));
#2396=CARTESIAN_POINT('',(-224.796763389264,-51.5778797612381,77.248185850518));
#2397=CARTESIAN_POINT('',(12.5632366107357,9.75181414948198));
#2398=CARTESIAN_POINT('',(12.5632366107356,6.75181414948198));
#2399=CARTESIAN_POINT('',(9.56323661073566,6.75181414948199));
#2400=CARTESIAN_POINT('',(6.56323661073568,6.75181414948198));
#2401=CARTESIAN_POINT('',(6.56323661073566,9.75181414948199));
#2402=CARTESIAN_POINT('',(-224.796763389264,-51.5778797612381,77.248185850518));
#2403=CARTESIAN_POINT('',(-224.796763389264,-51.5778797612381,80.248185850518));
#2404=CARTESIAN_POINT('',(-221.796763389264,-51.5778797612381,80.248185850518));
#2405=CARTESIAN_POINT('',(-218.796763389264,-51.5778797612381,80.248185850518));
#2406=CARTESIAN_POINT('',(-218.796763389264,-51.5778797612381,77.248185850518));
#2407=CARTESIAN_POINT('',(6.56323661073566,9.75181414948199));
#2408=CARTESIAN_POINT('',(6.56323661073568,12.751814149482));
#2409=CARTESIAN_POINT('',(9.56323661073566,12.751814149482));
#2410=CARTESIAN_POINT('',(12.5632366107356,12.751814149482));
#2411=CARTESIAN_POINT('',(12.5632366107357,9.75181414948198));
#2412=CARTESIAN_POINT('',(-230.36,-44.3093804136572,87.7928441884245));
#2413=CARTESIAN_POINT('',(-230.36,-44.3093804136572,68.496371701036));
#2414=CARTESIAN_POINT('',(0.,-69.4811282663261));
#2415=CARTESIAN_POINT('',(0.,-81.2602030408706));
#2416=CARTESIAN_POINT('',(-230.36,-44.3093804136572,68.496371701036));
#2417=CARTESIAN_POINT('',(-230.36,-39.5778797612381,68.496371701036));
#2418=CARTESIAN_POINT('',(0.,-81.2602030408706));
#2419=CARTESIAN_POINT('',(4.73150065241914,-81.2602030408706));
#2420=CARTESIAN_POINT('',(4.73150065241914,-69.4811282663261));
#2421=CARTESIAN_POINT('',(4.73150065241914,-81.2602030408706));
#2422=CARTESIAN_POINT('',(0.,-69.4811282663261));
#2423=CARTESIAN_POINT('',(4.73150065241914,-69.4811282663261));
#2424=CARTESIAN_POINT('',(4.73150065241914,-17.1264732214713));
#2425=CARTESIAN_POINT('',(4.73150065241914,-28.9055479960158));
#2426=CARTESIAN_POINT('',(-213.233526778529,-39.5778797612381,68.496371701036));
#2427=CARTESIAN_POINT('',(-213.233526778529,-44.3093804136572,68.496371701036));
#2428=CARTESIAN_POINT('',(4.73150065241914,-17.1264732214713));
#2429=CARTESIAN_POINT('',(0.,-17.1264732214713));
#2430=CARTESIAN_POINT('',(-213.233526778529,-44.3093804136572,68.496371701036));
#2431=CARTESIAN_POINT('',(-213.233526778529,-44.3093804136572,87.7928441884245));
#2432=CARTESIAN_POINT('',(0.,-17.1264732214713));
#2433=CARTESIAN_POINT('',(0.,-28.9055479960158));
#2434=CARTESIAN_POINT('',(4.73150065241914,-28.9055479960158));
#2435=CARTESIAN_POINT('',(0.,-28.9055479960158));
#2436=CARTESIAN_POINT('',(4.73150065241914,0.));
#2437=CARTESIAN_POINT('',(4.73150065241914,-17.1264732214713));
#2438=CARTESIAN_POINT('',(0.,0.));
#2439=CARTESIAN_POINT('',(4.73150065241914,0.));
#2440=CARTESIAN_POINT('',(-230.36,-44.3093804136572,68.496371701036));
#2441=CARTESIAN_POINT('',(-227.996321574028,-44.3093804136572,68.496371701036));
#2442=CARTESIAN_POINT('',(0.,0.));
#2443=CARTESIAN_POINT('',(0.,-2.36367842597187));
#2444=CARTESIAN_POINT('',(-227.996321574028,-44.3093804136572,68.496371701036));
#2445=CARTESIAN_POINT('',(-215.597205204501,-44.3093804136572,68.496371701036));
#2446=CARTESIAN_POINT('',(0.,-2.36367842597187));
#2447=CARTESIAN_POINT('',(0.,-14.7627947954994));
#2448=CARTESIAN_POINT('',(-215.597205204501,-44.3093804136572,68.496371701036));
#2449=CARTESIAN_POINT('',(-213.233526778529,-44.3093804136572,68.496371701036));
#2450=CARTESIAN_POINT('',(0.,-14.7627947954994));
#2451=CARTESIAN_POINT('',(0.,-17.1264732214713));
#2452=CARTESIAN_POINT('',(4.73150065241914,-17.1264732214713));
#2453=CARTESIAN_POINT('',(0.,-17.1264732214713));
#2454=CARTESIAN_POINT('',(0.,0.));
#2455=CARTESIAN_POINT('',(0.,10.));
#2456=CARTESIAN_POINT('',(17.1264732214713,0.));
#2457=CARTESIAN_POINT('',(0.,0.));
#2458=CARTESIAN_POINT('',(17.1264732214713,10.));
#2459=CARTESIAN_POINT('',(17.1264732214713,0.));
#2460=CARTESIAN_POINT('',(-212.233526778529,-49.5778797612381,67.496371701036));
#2461=CARTESIAN_POINT('',(-231.36,-49.5778797612381,67.496371701036));
#2462=CARTESIAN_POINT('',(17.1264732214713,10.));
#2463=CARTESIAN_POINT('',(11.4176488143142,10.));
#2464=CARTESIAN_POINT('',(5.7088244071571,10.));
#2465=CARTESIAN_POINT('',(0.,10.));
#2466=CARTESIAN_POINT('',(-227.996321574028,-48.232692584038,67.496371701036));
#2467=CARTESIAN_POINT('',(-215.597205204501,-48.232692584038,67.496371701036));
#2468=CARTESIAN_POINT('',(3.01194829914477,8.6548128227999));
#2469=CARTESIAN_POINT('',(14.1145249223265,8.6548128227999));
#2470=CARTESIAN_POINT('',(-215.597205204501,-48.232692584038,67.496371701036));
#2471=CARTESIAN_POINT('',(-215.597205204501,-44.3093804136572,67.496371701036));
#2472=CARTESIAN_POINT('',(14.1145249223265,8.6548128227999));
#2473=CARTESIAN_POINT('',(14.1145249223266,4.73150065241914));
#2474=CARTESIAN_POINT('',(-215.597205204501,-44.3093804136572,67.496371701036));
#2475=CARTESIAN_POINT('',(-227.996321574028,-44.3093804136572,67.496371701036));
#2476=CARTESIAN_POINT('',(14.1145249223266,4.73150065241914));
#2477=CARTESIAN_POINT('',(3.01194829914472,4.73150065241914));
#2478=CARTESIAN_POINT('',(-227.996321574028,-44.3093804136572,67.496371701036));
#2479=CARTESIAN_POINT('',(-227.996321574028,-48.232692584038,67.496371701036));
#2480=CARTESIAN_POINT('',(3.01194829914472,4.73150065241914));
#2481=CARTESIAN_POINT('',(3.01194829914477,8.6548128227999));
#2482=CARTESIAN_POINT('',(19.1264732214713,0.));
#2483=CARTESIAN_POINT('',(2.8421709430404E-14,0.));
#2484=CARTESIAN_POINT('',(19.1264732214713,3.14159265358991));
#2485=CARTESIAN_POINT('',(19.1264732214713,0.));
#2486=CARTESIAN_POINT('',(2.8421709430404E-14,3.14159265358991));
#2487=CARTESIAN_POINT('',(19.1264732214713,3.14159265358991));
#2488=CARTESIAN_POINT('',(2.8421709430404E-14,0.));
#2489=CARTESIAN_POINT('',(2.8421709430404E-14,3.14159265358991));
#2490=CARTESIAN_POINT('',(-224.796763389264,-48.5766710639759,77.248185850518));
#2491=CARTESIAN_POINT('',(-224.796763389264,-48.5766710639759,80.248185850518));
#2492=CARTESIAN_POINT('',(-221.796763389264,-48.5766710639759,80.248185850518));
#2493=CARTESIAN_POINT('',(-218.796763389264,-48.5766710639759,80.248185850518));
#2494=CARTESIAN_POINT('',(-218.796763389264,-48.5766710639759,77.248185850518));
#2495=CARTESIAN_POINT('',(0.,9.42477796076938));
#2496=CARTESIAN_POINT('',(0.,0.));
#2497=CARTESIAN_POINT('',(-218.796763389264,-48.5766710639759,77.248185850518));
#2498=CARTESIAN_POINT('',(-218.796763389264,-51.5778797612381,77.248185850518));
#2499=CARTESIAN_POINT('',(0.,0.));
#2500=CARTESIAN_POINT('',(3.00120869726219,0.));
#2501=CARTESIAN_POINT('',(3.00120869726219,9.42477796076938));
#2502=CARTESIAN_POINT('',(3.00120869726219,0.));
#2503=CARTESIAN_POINT('',(-224.796763389264,-51.5778797612381,77.248185850518));
#2504=CARTESIAN_POINT('',(-224.796763389264,-48.5766710639759,77.248185850518));
#2505=CARTESIAN_POINT('',(3.00120869726219,9.42477796076938));
#2506=CARTESIAN_POINT('',(0.,9.42477796076938));
#2507=CARTESIAN_POINT('',(-3.,3.67394039744206E-16));
#2508=CARTESIAN_POINT('',(-3.,3.));
#2509=CARTESIAN_POINT('',(1.83697019872103E-16,3.));
#2510=CARTESIAN_POINT('',(3.,3.));
#2511=CARTESIAN_POINT('',(3.,0.));
#2512=CARTESIAN_POINT('',(-224.796763389264,-48.5766710639759,77.248185850518));
#2513=CARTESIAN_POINT('',(-224.796763389264,-48.5766710639759,74.248185850518));
#2514=CARTESIAN_POINT('',(-221.796763389264,-48.5766710639759,74.248185850518));
#2515=CARTESIAN_POINT('',(-218.796763389264,-48.5766710639759,74.248185850518));
#2516=CARTESIAN_POINT('',(-218.796763389264,-48.5766710639759,77.248185850518));
#2517=CARTESIAN_POINT('',(-3.,3.67394039744206E-16));
#2518=CARTESIAN_POINT('',(-3.,-3.));
#2519=CARTESIAN_POINT('',(-5.51091059616309E-16,-3.));
#2520=CARTESIAN_POINT('',(3.,-3.));
#2521=CARTESIAN_POINT('',(3.,0.));
#2522=CARTESIAN_POINT('',(-220.046763389264,-48.5766710639759,77.248185850518));
#2523=CARTESIAN_POINT('',(-220.046763389264,-48.5766710639759,75.498185850518));
#2524=CARTESIAN_POINT('',(-221.796763389264,-48.5766710639759,75.498185850518));
#2525=CARTESIAN_POINT('',(-223.546763389264,-48.5766710639759,75.498185850518));
#2526=CARTESIAN_POINT('',(-223.546763389264,-48.5766710639759,77.248185850518));
#2527=CARTESIAN_POINT('',(1.75,2.8421709430404E-14));
#2528=CARTESIAN_POINT('',(1.75000000000001,-1.74999999999997));
#2529=CARTESIAN_POINT('',(0.,-1.74999999999997));
#2530=CARTESIAN_POINT('',(-1.75000000000001,-1.74999999999997));
#2531=CARTESIAN_POINT('',(-1.75,2.8421709430404E-14));
#2532=CARTESIAN_POINT('',(-223.546763389264,-48.5766710639759,77.248185850518));
#2533=CARTESIAN_POINT('',(-223.546763389264,-48.5766710639759,78.998185850518));
#2534=CARTESIAN_POINT('',(-221.796763389264,-48.5766710639759,78.998185850518));
#2535=CARTESIAN_POINT('',(-220.046763389264,-48.5766710639759,78.998185850518));
#2536=CARTESIAN_POINT('',(-220.046763389264,-48.5766710639759,77.248185850518));
#2537=CARTESIAN_POINT('',(-1.75,2.8421709430404E-14));
#2538=CARTESIAN_POINT('',(-1.75000000000001,1.75000000000003));
#2539=CARTESIAN_POINT('',(0.,1.75000000000003));
#2540=CARTESIAN_POINT('',(1.75000000000001,1.75000000000003));
#2541=CARTESIAN_POINT('',(1.75,2.8421709430404E-14));
#2542=CARTESIAN_POINT('',(-223.546763389264,-44.3093804136572,77.248185850518));
#2543=CARTESIAN_POINT('',(-223.546763389264,-44.3093804136572,78.998185850518));
#2544=CARTESIAN_POINT('',(-221.796763389264,-44.3093804136572,78.998185850518));
#2545=CARTESIAN_POINT('',(-220.046763389264,-44.3093804136572,78.998185850518));
#2546=CARTESIAN_POINT('',(-220.046763389264,-44.3093804136572,77.248185850518));
#2547=CARTESIAN_POINT('',(5.98019999924832,5.49778714378214));
#2548=CARTESIAN_POINT('',(5.98019999924832,0.));
#2549=CARTESIAN_POINT('',(-220.046763389264,-44.3093804136572,77.248185850518));
#2550=CARTESIAN_POINT('',(-220.046763389264,-48.5766710639759,77.248185850518));
#2551=CARTESIAN_POINT('',(5.98019999924832,0.));
#2552=CARTESIAN_POINT('',(10.247490649567,0.));
#2553=CARTESIAN_POINT('',(10.247490649567,5.49778714378214));
#2554=CARTESIAN_POINT('',(10.247490649567,0.));
#2555=CARTESIAN_POINT('',(-223.546763389264,-48.5766710639759,77.248185850518));
#2556=CARTESIAN_POINT('',(-223.546763389264,-44.3093804136572,77.248185850518));
#2557=CARTESIAN_POINT('',(10.247490649567,5.49778714378214));
#2558=CARTESIAN_POINT('',(5.98019999924832,5.49778714378214));
#2559=CARTESIAN_POINT('',(-224.796763389264,-49.3493887633684,108.248185850518));
#2560=CARTESIAN_POINT('',(-224.796763389264,-49.3493887633684,111.248185850518));
#2561=CARTESIAN_POINT('',(-221.796763389264,-49.3493887633684,111.248185850518));
#2562=CARTESIAN_POINT('',(-218.796763389264,-49.3493887633684,111.248185850518));
#2563=CARTESIAN_POINT('',(-218.796763389264,-49.3493887633684,108.248185850518));
#2564=CARTESIAN_POINT('',(0.,9.42477796076938));
#2565=CARTESIAN_POINT('',(0.,0.));
#2566=CARTESIAN_POINT('',(-218.796763389264,-49.3493887633684,108.248185850518));
#2567=CARTESIAN_POINT('',(-218.796763389264,-51.5778797612381,108.248185850518));
#2568=CARTESIAN_POINT('',(0.,0.));
#2569=CARTESIAN_POINT('',(2.22849099786968,0.));
#2570=CARTESIAN_POINT('',(2.22849099786969,3.43772532501469));
#2571=CARTESIAN_POINT('',(2.22849099786968,0.));
#2572=CARTESIAN_POINT('',(2.22849099786969,5.98705263575467));
#2573=CARTESIAN_POINT('',(2.22849099786968,5.7801734850327));
#2574=CARTESIAN_POINT('',(2.22363134190154,5.57425165809649));
#2575=CARTESIAN_POINT('',(2.21987154552929,5.3692980602276));
#2576=CARTESIAN_POINT('',(2.21582717591324,5.14883183763179));
#2577=CARTESIAN_POINT('',(2.21303220016371,4.92985928347999));
#2578=CARTESIAN_POINT('',(2.21303220016371,4.71238898038469));
#2579=CARTESIAN_POINT('',(2.21303220016371,4.49491767126538));
#2580=CARTESIAN_POINT('',(2.21582721361774,4.27594406779238));
#2581=CARTESIAN_POINT('',(2.21987154552926,4.0554799005418));
#2582=CARTESIAN_POINT('',(2.22363140064991,3.8505231001869));
#2583=CARTESIAN_POINT('',(2.22849099786969,3.64460508024454));
#2584=CARTESIAN_POINT('',(2.22849099786969,3.43772532501469));
#2585=CARTESIAN_POINT('',(2.22849099786969,9.42477796076938));
#2586=CARTESIAN_POINT('',(2.22849099786969,5.98705263575467));
#2587=CARTESIAN_POINT('',(-224.796763389264,-51.5778797612381,108.248185850518));
#2588=CARTESIAN_POINT('',(-224.796763389264,-49.3493887633684,108.248185850518));
#2589=CARTESIAN_POINT('',(2.22849099786969,9.42477796076938));
#2590=CARTESIAN_POINT('',(0.,9.42477796076938));
#2591=CARTESIAN_POINT('',(-3.,3.67394039744206E-16));
#2592=CARTESIAN_POINT('',(-3.,3.));
#2593=CARTESIAN_POINT('',(1.83697019872103E-16,3.));
#2594=CARTESIAN_POINT('',(3.,3.));
#2595=CARTESIAN_POINT('',(3.,0.));
#2596=CARTESIAN_POINT('',(-224.796763389264,-49.3493887633684,108.248185850518));
#2597=CARTESIAN_POINT('',(-224.796763389264,-49.3493887633684,105.248185850518));
#2598=CARTESIAN_POINT('',(-221.796763389264,-49.3493887633684,105.248185850518));
#2599=CARTESIAN_POINT('',(-218.796763389264,-49.3493887633684,105.248185850518));
#2600=CARTESIAN_POINT('',(-218.796763389264,-49.3493887633684,108.248185850518));
#2601=CARTESIAN_POINT('',(-3.,3.67394039744206E-16));
#2602=CARTESIAN_POINT('',(-3.,-3.));
#2603=CARTESIAN_POINT('',(-5.51091059616309E-16,-3.));
#2604=CARTESIAN_POINT('',(3.,-3.));
#2605=CARTESIAN_POINT('',(3.,0.));
#2606=CARTESIAN_POINT('',(-220.046763389264,-49.3493887633684,108.248185850518));
#2607=CARTESIAN_POINT('',(-220.046763389264,-49.3493887633684,106.498185850518));
#2608=CARTESIAN_POINT('',(-221.796763389264,-49.3493887633684,106.498185850518));
#2609=CARTESIAN_POINT('',(-223.546763389264,-49.3493887633684,106.498185850518));
#2610=CARTESIAN_POINT('',(-223.546763389264,-49.3493887633684,108.248185850518));
#2611=CARTESIAN_POINT('',(1.75,0.));
#2612=CARTESIAN_POINT('',(1.75000000000001,-1.74999999999999));
#2613=CARTESIAN_POINT('',(0.,-1.75));
#2614=CARTESIAN_POINT('',(-1.75000000000001,-1.74999999999999));
#2615=CARTESIAN_POINT('',(-1.75,0.));
#2616=CARTESIAN_POINT('',(-223.546763389264,-49.3493887633684,108.248185850518));
#2617=CARTESIAN_POINT('',(-223.546763389264,-49.3493887633684,109.998185850518));
#2618=CARTESIAN_POINT('',(-221.796763389264,-49.3493887633684,109.998185850518));
#2619=CARTESIAN_POINT('',(-220.046763389264,-49.3493887633684,109.998185850518));
#2620=CARTESIAN_POINT('',(-220.046763389264,-49.3493887633684,108.248185850518));
#2621=CARTESIAN_POINT('',(-1.75,0.));
#2622=CARTESIAN_POINT('',(-1.75000000000001,1.74999999999999));
#2623=CARTESIAN_POINT('',(0.,1.75));
#2624=CARTESIAN_POINT('',(1.75000000000001,1.74999999999999));
#2625=CARTESIAN_POINT('',(1.75,0.));
#2626=CARTESIAN_POINT('',(6.74626995660592,0.));
#2627=CARTESIAN_POINT('',(6.74626995660592,5.49778714378214));
#2628=CARTESIAN_POINT('',(-220.046763389264,-44.3093804136572,108.248185850518));
#2629=CARTESIAN_POINT('',(-220.046763389264,-49.3493887633684,108.248185850518));
#2630=CARTESIAN_POINT('',(6.74626995660592,0.));
#2631=CARTESIAN_POINT('',(11.7862783063171,0.));
#2632=CARTESIAN_POINT('',(11.7862783063171,5.49778714378214));
#2633=CARTESIAN_POINT('',(11.7862783063171,0.));
#2634=CARTESIAN_POINT('',(-223.546763389264,-49.3493887633684,108.248185850518));
#2635=CARTESIAN_POINT('',(-223.546763389264,-44.3093804136572,108.248185850518));
#2636=CARTESIAN_POINT('',(11.7862783063171,5.49778714378214));
#2637=CARTESIAN_POINT('',(6.74626995660592,5.49778714378214));
#2638=CARTESIAN_POINT('',(-215.597205204501,-44.3093804136572,75.2688109511515));
#2639=CARTESIAN_POINT('',(-215.597205204501,-48.232692584038,75.2688109511515));
#2640=CARTESIAN_POINT('',(44.3093804136572,78.1955805911395));
#2641=CARTESIAN_POINT('',(48.232692584038,78.1955805911395));
#2642=CARTESIAN_POINT('',(-215.597205204501,-48.232692584038,75.2688109511515));
#2643=CARTESIAN_POINT('',(-227.996321574028,-48.232692584038,75.2688109511515));
#2644=CARTESIAN_POINT('',(48.232692584038,78.1955805911395));
#2645=CARTESIAN_POINT('',(48.232692584038,90.5946969606671));
#2646=CARTESIAN_POINT('',(-227.996321574028,-48.232692584038,75.2688109511515));
#2647=CARTESIAN_POINT('',(-227.996321574028,-44.3093804136572,75.2688109511515));
#2648=CARTESIAN_POINT('',(48.232692584038,90.5946969606671));
#2649=CARTESIAN_POINT('',(44.3093804136572,90.5946969606671));
#2650=CARTESIAN_POINT('',(-227.996321574028,-44.3093804136572,75.2688109511515));
#2651=CARTESIAN_POINT('',(-215.597205204501,-44.3093804136572,75.2688109511515));
#2652=CARTESIAN_POINT('',(44.3093804136572,90.5946969606671));
#2653=CARTESIAN_POINT('',(44.3093804136572,78.1955805911395));
#2654=CARTESIAN_POINT('',(-227.996321574028,-48.232692584038,67.496371701036));
#2655=CARTESIAN_POINT('',(-227.996321574028,-48.232692584038,75.2688109511515));
#2656=CARTESIAN_POINT('',(10.9470330772509,0.));
#2657=CARTESIAN_POINT('',(18.7194723273664,0.));
#2658=CARTESIAN_POINT('',(18.7194723273664,12.3991163695275));
#2659=CARTESIAN_POINT('',(18.7194723273664,0.));
#2660=CARTESIAN_POINT('',(-215.597205204501,-48.232692584038,75.2688109511515));
#2661=CARTESIAN_POINT('',(-215.597205204501,-48.232692584038,67.496371701036));
#2662=CARTESIAN_POINT('',(18.7194723273664,12.3991163695275));
#2663=CARTESIAN_POINT('',(10.9470330772509,12.3991163695275));
#2664=CARTESIAN_POINT('',(10.9470330772509,0.));
#2665=CARTESIAN_POINT('',(10.9470330772509,12.3991163695275));
#2666=CARTESIAN_POINT('',(116.629751251274,10.9470330772509));
#2667=CARTESIAN_POINT('',(112.706439080893,10.9470330772509));
#2668=CARTESIAN_POINT('',(116.629751251274,18.7194723273664));
#2669=CARTESIAN_POINT('',(116.629751251274,10.9470330772509));
#2670=CARTESIAN_POINT('',(112.706439080893,18.7194723273664));
#2671=CARTESIAN_POINT('',(116.629751251274,18.7194723273664));
#2672=CARTESIAN_POINT('',(-215.597205204501,-44.3093804136572,75.2688109511515));
#2673=CARTESIAN_POINT('',(-215.597205204501,-44.3093804136572,68.496371701036));
#2674=CARTESIAN_POINT('',(112.706439080893,18.7194723273664));
#2675=CARTESIAN_POINT('',(112.706439080893,11.9470330772509));
#2676=CARTESIAN_POINT('',(-215.597205204501,-44.3093804136572,68.496371701036));
#2677=CARTESIAN_POINT('',(-215.597205204501,-44.3093804136572,67.496371701036));
#2678=CARTESIAN_POINT('',(112.706439080893,11.9470330772509));
#2679=CARTESIAN_POINT('',(112.706439080893,10.9470330772509));
#2680=CARTESIAN_POINT('',(58.2102180501375,24.6297158229567));
#2681=CARTESIAN_POINT('',(70.609334419665,24.6297158229567));
#2682=CARTESIAN_POINT('',(-227.996321574028,-44.3093804136572,68.496371701036));
#2683=CARTESIAN_POINT('',(-227.996321574028,-44.3093804136572,67.496371701036));
#2684=CARTESIAN_POINT('',(58.2102180501375,24.6297158229567));
#2685=CARTESIAN_POINT('',(58.2102180501375,23.6297158229567));
#2686=CARTESIAN_POINT('',(70.609334419665,23.6297158229567));
#2687=CARTESIAN_POINT('',(58.2102180501375,23.6297158229567));
#2688=CARTESIAN_POINT('',(70.609334419665,24.6297158229567));
#2689=CARTESIAN_POINT('',(70.609334419665,23.6297158229567));
#2690=CARTESIAN_POINT('',(44.3093804136572,97.3671362107825));
#2691=CARTESIAN_POINT('',(44.3093804136572,98.3671362107825));
#2692=CARTESIAN_POINT('',(-227.996321574028,-44.3093804136572,68.496371701036));
#2693=CARTESIAN_POINT('',(-227.996321574028,-44.3093804136572,75.2688109511515));
#2694=CARTESIAN_POINT('',(44.3093804136572,97.3671362107825));
#2695=CARTESIAN_POINT('',(44.3093804136572,90.5946969606671));
#2696=CARTESIAN_POINT('',(48.232692584038,90.5946969606671));
#2697=CARTESIAN_POINT('',(44.3093804136572,90.5946969606671));
#2698=CARTESIAN_POINT('',(48.232692584038,98.3671362107825));
#2699=CARTESIAN_POINT('',(48.232692584038,90.5946969606671));
#2700=CARTESIAN_POINT('',(44.3093804136572,98.3671362107825));
#2701=CARTESIAN_POINT('',(48.232692584038,98.3671362107825));
#2702=CARTESIAN_POINT('',(-2.36367842597187,6.77243925011548));
#2703=CARTESIAN_POINT('',(-14.7627947954994,6.7724392501155));
#2704=CARTESIAN_POINT('',(-2.36367842597187,0.));
#2705=CARTESIAN_POINT('',(-2.36367842597187,6.77243925011548));
#2706=CARTESIAN_POINT('',(0.,0.));
#2707=CARTESIAN_POINT('',(-2.36367842597187,0.));
#2708=CARTESIAN_POINT('',(0.,19.2964724873884));
#2709=CARTESIAN_POINT('',(0.,0.));
#2710=CARTESIAN_POINT('',(-17.1264732214713,19.2964724873885));
#2711=CARTESIAN_POINT('',(0.,19.2964724873884));
#2712=CARTESIAN_POINT('',(-17.1264732214713,0.));
#2713=CARTESIAN_POINT('',(-17.1264732214713,19.2964724873885));
#2714=CARTESIAN_POINT('',(-14.7627947954994,0.));
#2715=CARTESIAN_POINT('',(-17.1264732214713,0.));
#2716=CARTESIAN_POINT('',(-14.7627947954994,6.7724392501155));
#2717=CARTESIAN_POINT('',(-14.7627947954994,0.));
#2718=CARTESIAN_POINT('',(-6.81323661073566,8.75181414948202));
#2719=CARTESIAN_POINT('',(-6.81323661073564,10.501814149482));
#2720=CARTESIAN_POINT('',(-8.56323661073566,10.501814149482));
#2721=CARTESIAN_POINT('',(-10.3132366107357,10.501814149482));
#2722=CARTESIAN_POINT('',(-10.3132366107357,8.75181414948202));
#2723=CARTESIAN_POINT('',(-223.546763389264,-44.3093804136572,77.248185850518));
#2724=CARTESIAN_POINT('',(-223.546763389264,-44.3093804136572,75.498185850518));
#2725=CARTESIAN_POINT('',(-221.796763389264,-44.3093804136572,75.498185850518));
#2726=CARTESIAN_POINT('',(-220.046763389264,-44.3093804136572,75.498185850518));
#2727=CARTESIAN_POINT('',(-220.046763389264,-44.3093804136572,77.248185850518));
#2728=CARTESIAN_POINT('',(-6.81323661073566,8.75181414948202));
#2729=CARTESIAN_POINT('',(-6.81323661073564,7.00181414948201));
#2730=CARTESIAN_POINT('',(-8.56323661073566,7.00181414948202));
#2731=CARTESIAN_POINT('',(-10.3132366107357,7.00181414948201));
#2732=CARTESIAN_POINT('',(-10.3132366107357,8.75181414948202));
#2733=CARTESIAN_POINT('',(3.00120869726219,9.42477796076938));
#2734=CARTESIAN_POINT('',(0.,9.42477796076938));
#2735=CARTESIAN_POINT('',(3.00120869726219,18.8495559215388));
#2736=CARTESIAN_POINT('',(3.00120869726219,9.42477796076938));
#2737=CARTESIAN_POINT('',(0.,18.8495559215388));
#2738=CARTESIAN_POINT('',(3.00120869726219,18.8495559215388));
#2739=CARTESIAN_POINT('',(0.,9.42477796076938));
#2740=CARTESIAN_POINT('',(0.,18.8495559215388));
#2741=CARTESIAN_POINT('',(10.247490649567,5.49778714378214));
#2742=CARTESIAN_POINT('',(5.98019999924832,5.49778714378214));
#2743=CARTESIAN_POINT('',(10.247490649567,10.9955742875643));
#2744=CARTESIAN_POINT('',(10.247490649567,5.49778714378214));
#2745=CARTESIAN_POINT('',(5.98019999924832,10.9955742875643));
#2746=CARTESIAN_POINT('',(10.247490649567,10.9955742875643));
#2747=CARTESIAN_POINT('',(5.98019999924832,5.49778714378214));
#2748=CARTESIAN_POINT('',(5.98019999924832,10.9955742875643));
#2749=CARTESIAN_POINT('',(2.22849099786969,9.42477796076938));
#2750=CARTESIAN_POINT('',(0.,9.42477796076938));
#2751=CARTESIAN_POINT('',(2.22849099786968,18.8495559215388));
#2752=CARTESIAN_POINT('',(2.22849099786969,9.42477796076938));
#2753=CARTESIAN_POINT('',(0.,18.8495559215388));
#2754=CARTESIAN_POINT('',(2.22849099786968,18.8495559215388));
#2755=CARTESIAN_POINT('',(0.,9.42477796076938));
#2756=CARTESIAN_POINT('',(0.,18.8495559215388));
#2757=CARTESIAN_POINT('',(11.7862783063171,5.49778714378214));
#2758=CARTESIAN_POINT('',(6.74626995660592,5.49778714378214));
#2759=CARTESIAN_POINT('',(11.7862783063171,10.9955742875643));
#2760=CARTESIAN_POINT('',(11.7862783063171,5.49778714378214));
#2761=CARTESIAN_POINT('',(6.74626995660592,10.9955742875643));
#2762=CARTESIAN_POINT('',(11.7862783063171,10.9955742875643));
#2763=CARTESIAN_POINT('',(6.74626995660592,5.49778714378214));
#2764=CARTESIAN_POINT('',(6.74626995660592,10.9955742875643));
#2765=CARTESIAN_POINT('',(0.,0.,0.));
#2766=(
GEOMETRIC_REPRESENTATION_CONTEXT(2)
PARAMETRIC_REPRESENTATION_CONTEXT()
REPRESENTATION_CONTEXT('pspace','')
);
ENDSEC;
END-ISO-10303-21;
