ISO-10303-21;
HEADER;
FILE_DESCRIPTION((''),'2;1');
FILE_NAME('SFW_R-2ST_LF','2009-06-10T',('gohd'),('FCI - CDC Division'),
'PRO/ENGINEER BY PARAMETRIC TECHNOLOGY CORPORATION, 2008010',
'PRO/ENGINEER BY PARAMETRIC TECHNOLOGY CORPORATION, 2008010','');
FILE_SCHEMA(('CONFIG_CONTROL_DESIGN'));
ENDSEC;
DATA;
#2=DIRECTION('',(0.E0,1.E0,0.E0));
#3=VECTOR('',#2,1.999764068712E0);
#4=CARTESIAN_POINT('',(8.3E0,2.5E-1,-4.8E0));
#5=LINE('147524',#4,#3);
#6=DIRECTION('',(1.E0,0.E0,0.E0));
#7=VECTOR('',#6,4.E-1);
#8=CARTESIAN_POINT('',(8.3E0,2.249764068712E0,-4.8E0));
#9=LINE('147525',#8,#7);
#10=DIRECTION('',(0.E0,1.E0,0.E0));
#11=VECTOR('',#10,1.999764068712E0);
#12=CARTESIAN_POINT('',(8.7E0,2.5E-1,-4.8E0));
#13=LINE('147526',#12,#11);
#14=DIRECTION('',(0.E0,1.E0,0.E0));
#15=VECTOR('',#14,1.999764068712E0);
#16=CARTESIAN_POINT('',(-8.7E0,2.5E-1,-4.8E0));
#17=LINE('157670',#16,#15);
#18=DIRECTION('',(-1.E0,0.E0,0.E0));
#19=VECTOR('',#18,4.E-1);
#20=CARTESIAN_POINT('',(-8.3E0,2.249764068712E0,-4.8E0));
#21=LINE('157669',#20,#19);
#22=DIRECTION('',(0.E0,1.E0,0.E0));
#23=VECTOR('',#22,1.999764068712E0);
#24=CARTESIAN_POINT('',(-8.3E0,2.5E-1,-4.8E0));
#25=LINE('157668',#24,#23);
#26=DIRECTION('',(-2.873478855671E-1,0.E0,-9.578262852209E-1));
#27=VECTOR('',#26,5.220153254459E-1);
#28=CARTESIAN_POINT('',(3.500000000002E-1,2.35E0,-5.E0));
#29=LINE('146285',#28,#27);
#30=DIRECTION('',(1.E0,0.E0,0.E0));
#31=VECTOR('',#30,3.E-1);
#32=CARTESIAN_POINT('',(3.5E-1,2.35E0,-4.85E0));
#33=LINE('146106',#32,#31);
#34=DIRECTION('',(-2.873478855671E-1,0.E0,9.578262852209E-1));
#35=VECTOR('',#34,5.220153254459E-1);
#36=CARTESIAN_POINT('',(8.000000000003E-1,2.35E0,-5.5E0));
#37=LINE('146288',#36,#35);
#38=DIRECTION('',(-2.873478855671E-1,0.E0,-9.578262852209E-1));
#39=VECTOR('',#38,5.220153254459E-1);
#40=CARTESIAN_POINT('',(1.35E0,2.35E0,-5.E0));
#41=LINE('146290',#40,#39);
#42=DIRECTION('',(1.E0,0.E0,0.E0));
#43=VECTOR('',#42,3.E-1);
#44=CARTESIAN_POINT('',(1.35E0,2.35E0,-4.85E0));
#45=LINE('146109',#44,#43);
#46=DIRECTION('',(-2.873478855671E-1,0.E0,9.578262852209E-1));
#47=VECTOR('',#46,5.220153254459E-1);
#48=CARTESIAN_POINT('',(1.8E0,2.35E0,-5.5E0));
#49=LINE('146293',#48,#47);
#50=DIRECTION('',(-2.873478855671E-1,0.E0,-9.578262852209E-1));
#51=VECTOR('',#50,5.220153254459E-1);
#52=CARTESIAN_POINT('',(2.35E0,2.35E0,-5.E0));
#53=LINE('146295',#52,#51);
#54=DIRECTION('',(1.E0,0.E0,0.E0));
#55=VECTOR('',#54,3.E-1);
#56=CARTESIAN_POINT('',(2.35E0,2.35E0,-4.85E0));
#57=LINE('146112',#56,#55);
#58=DIRECTION('',(-2.873478855671E-1,0.E0,9.578262852209E-1));
#59=VECTOR('',#58,5.220153254459E-1);
#60=CARTESIAN_POINT('',(2.8E0,2.35E0,-5.5E0));
#61=LINE('146298',#60,#59);
#62=DIRECTION('',(-2.873478855665E-1,0.E0,-9.578262852211E-1));
#63=VECTOR('',#62,5.220153254459E-1);
#64=CARTESIAN_POINT('',(3.35E0,2.35E0,-5.E0));
#65=LINE('146300',#64,#63);
#66=DIRECTION('',(1.E0,0.E0,0.E0));
#67=VECTOR('',#66,3.E-1);
#68=CARTESIAN_POINT('',(3.35E0,2.35E0,-4.85E0));
#69=LINE('146115',#68,#67);
#70=DIRECTION('',(-2.873478855665E-1,0.E0,9.578262852211E-1));
#71=VECTOR('',#70,5.220153254459E-1);
#72=CARTESIAN_POINT('',(3.8E0,2.35E0,-5.5E0));
#73=LINE('146303',#72,#71);
#74=DIRECTION('',(-2.873478855665E-1,0.E0,-9.578262852211E-1));
#75=VECTOR('',#74,5.220153254459E-1);
#76=CARTESIAN_POINT('',(4.35E0,2.35E0,-5.E0));
#77=LINE('146305',#76,#75);
#78=DIRECTION('',(1.E0,0.E0,0.E0));
#79=VECTOR('',#78,3.E-1);
#80=CARTESIAN_POINT('',(4.35E0,2.35E0,-4.85E0));
#81=LINE('146118',#80,#79);
#82=DIRECTION('',(-2.873478855665E-1,0.E0,9.578262852211E-1));
#83=VECTOR('',#82,5.220153254459E-1);
#84=CARTESIAN_POINT('',(4.8E0,2.35E0,-5.5E0));
#85=LINE('146308',#84,#83);
#86=DIRECTION('',(-2.873478855665E-1,0.E0,-9.578262852211E-1));
#87=VECTOR('',#86,5.220153254459E-1);
#88=CARTESIAN_POINT('',(5.35E0,2.35E0,-5.E0));
#89=LINE('146310',#88,#87);
#90=DIRECTION('',(1.E0,0.E0,0.E0));
#91=VECTOR('',#90,3.E-1);
#92=CARTESIAN_POINT('',(5.35E0,2.35E0,-4.85E0));
#93=LINE('146121',#92,#91);
#94=DIRECTION('',(-2.873478855665E-1,0.E0,9.578262852211E-1));
#95=VECTOR('',#94,5.220153254459E-1);
#96=CARTESIAN_POINT('',(5.8E0,2.35E0,-5.5E0));
#97=LINE('146313',#96,#95);
#98=DIRECTION('',(-2.873478855665E-1,0.E0,-9.578262852211E-1));
#99=VECTOR('',#98,5.220153254459E-1);
#100=CARTESIAN_POINT('',(6.35E0,2.35E0,-5.E0));
#101=LINE('146315',#100,#99);
#102=DIRECTION('',(1.E0,0.E0,0.E0));
#103=VECTOR('',#102,3.E-1);
#104=CARTESIAN_POINT('',(6.35E0,2.35E0,-4.85E0));
#105=LINE('146124',#104,#103);
#106=DIRECTION('',(-2.873478855665E-1,0.E0,9.578262852211E-1));
#107=VECTOR('',#106,5.220153254459E-1);
#108=CARTESIAN_POINT('',(6.8E0,2.35E0,-5.5E0));
#109=LINE('146318',#108,#107);
#110=DIRECTION('',(-2.873478855665E-1,0.E0,-9.578262852211E-1));
#111=VECTOR('',#110,5.220153254459E-1);
#112=CARTESIAN_POINT('',(7.35E0,2.35E0,-5.E0));
#113=LINE('146320',#112,#111);
#114=DIRECTION('',(1.E0,0.E0,0.E0));
#115=VECTOR('',#114,3.E-1);
#116=CARTESIAN_POINT('',(7.35E0,2.35E0,-4.85E0));
#117=LINE('146171',#116,#115);
#118=DIRECTION('',(-2.873478855666E-1,0.E0,9.578262852211E-1));
#119=VECTOR('',#118,5.220153254459E-1);
#120=CARTESIAN_POINT('',(7.8E0,2.35E0,-5.5E0));
#121=LINE('146323',#120,#119);
#122=DIRECTION('',(-3.133774542061E-1,0.E0,-9.496286491020E-1));
#123=VECTOR('',#122,5.265216044953E-1);
#124=CARTESIAN_POINT('',(8.265000000001E0,2.35E0,-5.E0));
#125=LINE('146325',#124,#123);
#126=DIRECTION('',(-1.E0,0.E0,0.E0));
#127=VECTOR('',#126,1.653E1);
#128=CARTESIAN_POINT('',(8.265E0,2.35E0,-4.8E0));
#129=LINE('152149',#128,#127);
#130=DIRECTION('',(3.133774542061E-1,0.E0,-9.496286491020E-1));
#131=VECTOR('',#130,5.265216044953E-1);
#132=CARTESIAN_POINT('',(-8.265000000001E0,2.35E0,-5.E0));
#133=LINE('157574',#132,#131);
#134=DIRECTION('',(2.873478855666E-1,0.E0,9.578262852211E-1));
#135=VECTOR('',#134,5.220153254459E-1);
#136=CARTESIAN_POINT('',(-7.8E0,2.35E0,-5.5E0));
#137=LINE('157572',#136,#135);
#138=DIRECTION('',(-1.E0,0.E0,0.E0));
#139=VECTOR('',#138,3.E-1);
#140=CARTESIAN_POINT('',(-7.35E0,2.35E0,-4.85E0));
#141=LINE('157562',#140,#139);
#142=DIRECTION('',(2.873478855665E-1,0.E0,-9.578262852211E-1));
#143=VECTOR('',#142,5.220153254459E-1);
#144=CARTESIAN_POINT('',(-7.35E0,2.35E0,-5.E0));
#145=LINE('157569',#144,#143);
#146=DIRECTION('',(2.873478855665E-1,0.E0,9.578262852211E-1));
#147=VECTOR('',#146,5.220153254459E-1);
#148=CARTESIAN_POINT('',(-6.8E0,2.35E0,-5.5E0));
#149=LINE('157567',#148,#147);
#150=DIRECTION('',(-1.E0,0.E0,0.E0));
#151=VECTOR('',#150,3.E-1);
#152=CARTESIAN_POINT('',(-6.35E0,2.35E0,-4.85E0));
#153=LINE('157559',#152,#151);
#154=DIRECTION('',(2.873478855665E-1,0.E0,-9.578262852211E-1));
#155=VECTOR('',#154,5.220153254459E-1);
#156=CARTESIAN_POINT('',(-6.35E0,2.35E0,-5.E0));
#157=LINE('157564',#156,#155);
#158=DIRECTION('',(-2.873478855665E-1,0.E0,-9.578262852211E-1));
#159=VECTOR('',#158,5.220153254459E-1);
#160=CARTESIAN_POINT('',(-5.65E0,2.35E0,-5.E0));
#161=LINE('154615',#160,#159);
#162=DIRECTION('',(1.E0,0.E0,0.E0));
#163=VECTOR('',#162,3.E-1);
#164=CARTESIAN_POINT('',(-5.65E0,2.35E0,-4.85E0));
#165=LINE('154545',#164,#163);
#166=DIRECTION('',(-2.873478855665E-1,0.E0,9.578262852211E-1));
#167=VECTOR('',#166,5.220153254459E-1);
#168=CARTESIAN_POINT('',(-5.2E0,2.35E0,-5.5E0));
#169=LINE('154612',#168,#167);
#170=DIRECTION('',(-2.873478855665E-1,0.E0,-9.578262852211E-1));
#171=VECTOR('',#170,5.220153254459E-1);
#172=CARTESIAN_POINT('',(-4.65E0,2.35E0,-5.E0));
#173=LINE('154610',#172,#171);
#174=DIRECTION('',(1.E0,0.E0,0.E0));
#175=VECTOR('',#174,3.E-1);
#176=CARTESIAN_POINT('',(-4.65E0,2.35E0,-4.85E0));
#177=LINE('154542',#176,#175);
#178=DIRECTION('',(-2.873478855665E-1,0.E0,9.578262852211E-1));
#179=VECTOR('',#178,5.220153254459E-1);
#180=CARTESIAN_POINT('',(-4.2E0,2.35E0,-5.5E0));
#181=LINE('154607',#180,#179);
#182=DIRECTION('',(-2.873478855665E-1,0.E0,-9.578262852211E-1));
#183=VECTOR('',#182,5.220153254459E-1);
#184=CARTESIAN_POINT('',(-3.65E0,2.35E0,-5.E0));
#185=LINE('154605',#184,#183);
#186=DIRECTION('',(1.E0,0.E0,0.E0));
#187=VECTOR('',#186,3.E-1);
#188=CARTESIAN_POINT('',(-3.65E0,2.35E0,-4.85E0));
#189=LINE('154539',#188,#187);
#190=DIRECTION('',(-2.873478855665E-1,0.E0,9.578262852211E-1));
#191=VECTOR('',#190,5.220153254459E-1);
#192=CARTESIAN_POINT('',(-3.2E0,2.35E0,-5.5E0));
#193=LINE('154602',#192,#191);
#194=DIRECTION('',(-2.873478855671E-1,0.E0,-9.578262852209E-1));
#195=VECTOR('',#194,5.220153254459E-1);
#196=CARTESIAN_POINT('',(-2.65E0,2.35E0,-5.E0));
#197=LINE('154600',#196,#195);
#198=DIRECTION('',(1.E0,0.E0,0.E0));
#199=VECTOR('',#198,3.E-1);
#200=CARTESIAN_POINT('',(-2.65E0,2.35E0,-4.85E0));
#201=LINE('154536',#200,#199);
#202=DIRECTION('',(-2.873478855671E-1,0.E0,9.578262852209E-1));
#203=VECTOR('',#202,5.220153254459E-1);
#204=CARTESIAN_POINT('',(-2.2E0,2.35E0,-5.5E0));
#205=LINE('154597',#204,#203);
#206=DIRECTION('',(-2.873478855671E-1,0.E0,-9.578262852209E-1));
#207=VECTOR('',#206,5.220153254459E-1);
#208=CARTESIAN_POINT('',(-1.65E0,2.35E0,-5.E0));
#209=LINE('154595',#208,#207);
#210=DIRECTION('',(1.E0,0.E0,0.E0));
#211=VECTOR('',#210,3.E-1);
#212=CARTESIAN_POINT('',(-1.65E0,2.35E0,-4.85E0));
#213=LINE('154533',#212,#211);
#214=DIRECTION('',(-2.873478855671E-1,0.E0,9.578262852209E-1));
#215=VECTOR('',#214,5.220153254459E-1);
#216=CARTESIAN_POINT('',(-1.2E0,2.35E0,-5.5E0));
#217=LINE('154592',#216,#215);
#218=DIRECTION('',(-2.873478855671E-1,0.E0,-9.578262852209E-1));
#219=VECTOR('',#218,5.220153254459E-1);
#220=CARTESIAN_POINT('',(-6.499999999998E-1,2.35E0,-5.E0));
#221=LINE('154590',#220,#219);
#222=DIRECTION('',(1.E0,0.E0,0.E0));
#223=VECTOR('',#222,3.E-1);
#224=CARTESIAN_POINT('',(-6.5E-1,2.35E0,-4.85E0));
#225=LINE('154530',#224,#223);
#226=DIRECTION('',(-2.873478855671E-1,0.E0,9.578262852209E-1));
#227=VECTOR('',#226,5.220153254459E-1);
#228=CARTESIAN_POINT('',(-1.999999999997E-1,2.35E0,-5.5E0));
#229=LINE('154587',#228,#227);
#230=DIRECTION('',(-1.E0,0.E0,0.E0));
#231=VECTOR('',#230,3.999999999994E-1);
#232=CARTESIAN_POINT('',(1.999999999997E-1,3.5E-1,-5.5E0));
#233=LINE('158755',#232,#231);
#234=DIRECTION('',(1.E0,0.E0,0.E0));
#235=VECTOR('',#234,3.999999999994E-1);
#236=CARTESIAN_POINT('',(-1.999999999997E-1,2.35E0,-5.5E0));
#237=LINE('158756',#236,#235);
#238=DIRECTION('',(1.E0,0.E0,0.E0));
#239=VECTOR('',#238,1.653E1);
#240=CARTESIAN_POINT('',(-8.265E0,3.5E-1,-4.8E0));
#241=LINE('152148',#240,#239);
#242=DIRECTION('',(-3.133774542061E-1,0.E0,-9.496286491020E-1));
#243=VECTOR('',#242,5.265216044953E-1);
#244=CARTESIAN_POINT('',(8.265000000001E0,3.5E-1,-5.E0));
#245=LINE('146072',#244,#243);
#246=DIRECTION('',(-2.873478855665E-1,0.E0,9.578262852211E-1));
#247=VECTOR('',#246,5.220153254459E-1);
#248=CARTESIAN_POINT('',(7.8E0,3.5E-1,-5.5E0));
#249=LINE('146070',#248,#247);
#250=DIRECTION('',(-2.873478855666E-1,0.E0,-9.578262852211E-1));
#251=VECTOR('',#250,5.220153254459E-1);
#252=CARTESIAN_POINT('',(7.35E0,3.5E-1,-5.E0));
#253=LINE('146066',#252,#251);
#254=DIRECTION('',(-2.873478855665E-1,0.E0,9.578262852211E-1));
#255=VECTOR('',#254,5.220153254459E-1);
#256=CARTESIAN_POINT('',(6.8E0,3.5E-1,-5.5E0));
#257=LINE('146064',#256,#255);
#258=DIRECTION('',(-2.873478855665E-1,0.E0,-9.578262852211E-1));
#259=VECTOR('',#258,5.220153254459E-1);
#260=CARTESIAN_POINT('',(6.35E0,3.5E-1,-5.E0));
#261=LINE('146060',#260,#259);
#262=DIRECTION('',(-2.873478855665E-1,0.E0,9.578262852211E-1));
#263=VECTOR('',#262,5.220153254459E-1);
#264=CARTESIAN_POINT('',(5.8E0,3.5E-1,-5.5E0));
#265=LINE('146058',#264,#263);
#266=DIRECTION('',(-2.873478855665E-1,0.E0,-9.578262852211E-1));
#267=VECTOR('',#266,5.220153254459E-1);
#268=CARTESIAN_POINT('',(5.35E0,3.5E-1,-5.E0));
#269=LINE('146054',#268,#267);
#270=DIRECTION('',(-2.873478855665E-1,0.E0,9.578262852211E-1));
#271=VECTOR('',#270,5.220153254459E-1);
#272=CARTESIAN_POINT('',(4.8E0,3.5E-1,-5.5E0));
#273=LINE('146052',#272,#271);
#274=DIRECTION('',(-2.873478855665E-1,0.E0,-9.578262852211E-1));
#275=VECTOR('',#274,5.220153254459E-1);
#276=CARTESIAN_POINT('',(4.35E0,3.5E-1,-5.E0));
#277=LINE('146048',#276,#275);
#278=DIRECTION('',(-2.873478855665E-1,0.E0,9.578262852211E-1));
#279=VECTOR('',#278,5.220153254459E-1);
#280=CARTESIAN_POINT('',(3.8E0,3.5E-1,-5.5E0));
#281=LINE('146046',#280,#279);
#282=DIRECTION('',(-2.873478855665E-1,0.E0,-9.578262852211E-1));
#283=VECTOR('',#282,5.220153254459E-1);
#284=CARTESIAN_POINT('',(3.35E0,3.5E-1,-5.E0));
#285=LINE('146042',#284,#283);
#286=DIRECTION('',(-2.873478855671E-1,0.E0,9.578262852209E-1));
#287=VECTOR('',#286,5.220153254459E-1);
#288=CARTESIAN_POINT('',(2.8E0,3.5E-1,-5.5E0));
#289=LINE('146040',#288,#287);
#290=DIRECTION('',(-2.873478855671E-1,0.E0,-9.578262852209E-1));
#291=VECTOR('',#290,5.220153254459E-1);
#292=CARTESIAN_POINT('',(2.35E0,3.5E-1,-5.E0));
#293=LINE('146036',#292,#291);
#294=DIRECTION('',(-2.873478855671E-1,0.E0,9.578262852209E-1));
#295=VECTOR('',#294,5.220153254459E-1);
#296=CARTESIAN_POINT('',(1.8E0,3.5E-1,-5.5E0));
#297=LINE('146034',#296,#295);
#298=DIRECTION('',(-2.873478855671E-1,0.E0,-9.578262852209E-1));
#299=VECTOR('',#298,5.220153254459E-1);
#300=CARTESIAN_POINT('',(1.35E0,3.5E-1,-5.E0));
#301=LINE('146030',#300,#299);
#302=DIRECTION('',(-2.873478855671E-1,0.E0,9.578262852209E-1));
#303=VECTOR('',#302,5.220153254459E-1);
#304=CARTESIAN_POINT('',(8.000000000003E-1,3.5E-1,-5.5E0));
#305=LINE('146028',#304,#303);
#306=DIRECTION('',(-2.873478855671E-1,0.E0,-9.578262852209E-1));
#307=VECTOR('',#306,5.220153254459E-1);
#308=CARTESIAN_POINT('',(3.500000000002E-1,3.5E-1,-5.E0));
#309=LINE('146024',#308,#307);
#310=DIRECTION('',(-2.873478855671E-1,0.E0,9.578262852209E-1));
#311=VECTOR('',#310,5.220153254459E-1);
#312=CARTESIAN_POINT('',(-1.999999999997E-1,3.5E-1,-5.5E0));
#313=LINE('154473',#312,#311);
#314=DIRECTION('',(-2.873478855671E-1,0.E0,-9.578262852209E-1));
#315=VECTOR('',#314,5.220153254459E-1);
#316=CARTESIAN_POINT('',(-6.499999999998E-1,3.5E-1,-5.E0));
#317=LINE('154477',#316,#315);
#318=DIRECTION('',(-2.873478855671E-1,0.E0,9.578262852209E-1));
#319=VECTOR('',#318,5.220153254459E-1);
#320=CARTESIAN_POINT('',(-1.2E0,3.5E-1,-5.5E0));
#321=LINE('154479',#320,#319);
#322=DIRECTION('',(-2.873478855671E-1,0.E0,-9.578262852209E-1));
#323=VECTOR('',#322,5.220153254459E-1);
#324=CARTESIAN_POINT('',(-1.65E0,3.5E-1,-5.E0));
#325=LINE('154483',#324,#323);
#326=DIRECTION('',(-2.873478855671E-1,0.E0,9.578262852209E-1));
#327=VECTOR('',#326,5.220153254459E-1);
#328=CARTESIAN_POINT('',(-2.2E0,3.5E-1,-5.5E0));
#329=LINE('154485',#328,#327);
#330=DIRECTION('',(-2.873478855671E-1,0.E0,-9.578262852209E-1));
#331=VECTOR('',#330,5.220153254459E-1);
#332=CARTESIAN_POINT('',(-2.65E0,3.5E-1,-5.E0));
#333=LINE('154489',#332,#331);
#334=DIRECTION('',(-2.873478855665E-1,0.E0,9.578262852211E-1));
#335=VECTOR('',#334,5.220153254459E-1);
#336=CARTESIAN_POINT('',(-3.2E0,3.5E-1,-5.5E0));
#337=LINE('154491',#336,#335);
#338=DIRECTION('',(-2.873478855665E-1,0.E0,-9.578262852211E-1));
#339=VECTOR('',#338,5.220153254459E-1);
#340=CARTESIAN_POINT('',(-3.65E0,3.5E-1,-5.E0));
#341=LINE('154495',#340,#339);
#342=DIRECTION('',(-2.873478855665E-1,0.E0,9.578262852211E-1));
#343=VECTOR('',#342,5.220153254459E-1);
#344=CARTESIAN_POINT('',(-4.2E0,3.5E-1,-5.5E0));
#345=LINE('154497',#344,#343);
#346=DIRECTION('',(-2.873478855665E-1,0.E0,-9.578262852211E-1));
#347=VECTOR('',#346,5.220153254459E-1);
#348=CARTESIAN_POINT('',(-4.65E0,3.5E-1,-5.E0));
#349=LINE('154501',#348,#347);
#350=DIRECTION('',(-2.873478855665E-1,0.E0,9.578262852211E-1));
#351=VECTOR('',#350,5.220153254459E-1);
#352=CARTESIAN_POINT('',(-5.2E0,3.5E-1,-5.5E0));
#353=LINE('154503',#352,#351);
#354=DIRECTION('',(-2.873478855665E-1,0.E0,-9.578262852211E-1));
#355=VECTOR('',#354,5.220153254459E-1);
#356=CARTESIAN_POINT('',(-5.65E0,3.5E-1,-5.E0));
#357=LINE('154507',#356,#355);
#358=DIRECTION('',(2.873478855665E-1,0.E0,-9.578262852211E-1));
#359=VECTOR('',#358,5.220153254459E-1);
#360=CARTESIAN_POINT('',(-6.35E0,3.5E-1,-5.E0));
#361=LINE('157544',#360,#359);
#362=DIRECTION('',(2.873478855665E-1,0.E0,9.578262852211E-1));
#363=VECTOR('',#362,5.220153254459E-1);
#364=CARTESIAN_POINT('',(-6.8E0,3.5E-1,-5.5E0));
#365=LINE('157548',#364,#363);
#366=DIRECTION('',(2.873478855665E-1,0.E0,-9.578262852211E-1));
#367=VECTOR('',#366,5.220153254459E-1);
#368=CARTESIAN_POINT('',(-7.35E0,3.5E-1,-5.E0));
#369=LINE('157550',#368,#367);
#370=DIRECTION('',(2.873478855665E-1,0.E0,9.578262852211E-1));
#371=VECTOR('',#370,5.220153254459E-1);
#372=CARTESIAN_POINT('',(-7.8E0,3.5E-1,-5.5E0));
#373=LINE('157554',#372,#371);
#374=DIRECTION('',(3.133774542061E-1,0.E0,-9.496286491020E-1));
#375=VECTOR('',#374,5.265216044953E-1);
#376=CARTESIAN_POINT('',(-8.265000000001E0,3.5E-1,-5.E0));
#377=LINE('157556',#376,#375);
#378=DIRECTION('',(0.E0,1.E0,0.E0));
#379=VECTOR('',#378,2.E0);
#380=CARTESIAN_POINT('',(8.265E0,3.5E-1,-4.8E0));
#381=LINE('145747',#380,#379);
#382=DIRECTION('',(3.756994715332E-12,-3.108624468951E-14,-1.E0));
#383=VECTOR('',#382,1.999999999999E-1);
#384=CARTESIAN_POINT('',(8.265E0,2.35E0,-4.8E0));
#385=LINE('146326',#384,#383);
#386=DIRECTION('',(0.E0,-1.E0,0.E0));
#387=VECTOR('',#386,2.E0);
#388=CARTESIAN_POINT('',(8.265000000001E0,2.35E0,-5.E0));
#389=LINE('146442',#388,#387);
#390=DIRECTION('',(-3.748112931135E-12,0.E0,1.E0));
#391=VECTOR('',#390,1.999999999999E-1);
#392=CARTESIAN_POINT('',(8.265000000001E0,3.5E-1,-5.E0));
#393=LINE('146073',#392,#391);
#394=DIRECTION('',(0.E0,-1.E0,0.E0));
#395=VECTOR('',#394,2.E0);
#396=CARTESIAN_POINT('',(8.099999999999E0,2.35E0,-5.5E0));
#397=LINE('146441',#396,#395);
#398=DIRECTION('',(1.E0,0.E0,6.158037043264E-13));
#399=VECTOR('',#398,2.999999999995E-1);
#400=CARTESIAN_POINT('',(7.8E0,2.35E0,-5.5E0));
#401=LINE('146324',#400,#399);
#402=DIRECTION('',(0.E0,1.E0,0.E0));
#403=VECTOR('',#402,2.E0);
#404=CARTESIAN_POINT('',(7.8E0,3.5E-1,-5.5E0));
#405=LINE('146440',#404,#403);
#406=DIRECTION('',(-1.E0,0.E0,-6.158037043264E-13));
#407=VECTOR('',#406,2.999999999995E-1);
#408=CARTESIAN_POINT('',(8.099999999999E0,3.5E-1,-5.5E0));
#409=LINE('146071',#408,#407);
#410=DIRECTION('',(0.E0,1.E0,0.E0));
#411=VECTOR('',#410,2.E0);
#412=CARTESIAN_POINT('',(7.65E0,3.5E-1,-5.E0));
#413=LINE('146439',#412,#411);
#414=DIRECTION('',(1.498060934563E-12,0.E0,1.E0));
#415=VECTOR('',#414,1.499999999998E-1);
#416=CARTESIAN_POINT('',(7.65E0,3.5E-1,-5.E0));
#417=LINE('146069',#416,#415);
#418=DIRECTION('',(-1.509903313492E-12,0.E0,-1.E0));
#419=VECTOR('',#418,1.499999999998E-1);
#420=CARTESIAN_POINT('',(7.65E0,2.35E0,-4.85E0));
#421=LINE('146322',#420,#419);
#422=DIRECTION('',(0.E0,1.E0,0.E0));
#423=VECTOR('',#422,2.E0);
#424=CARTESIAN_POINT('',(7.65E0,3.5E-1,-4.85E0));
#425=LINE('146172',#424,#423);
#426=DIRECTION('',(-1.E0,0.E0,0.E0));
#427=VECTOR('',#426,3.E-1);
#428=CARTESIAN_POINT('',(7.65E0,3.5E-1,-4.85E0));
#429=LINE('146068',#428,#427);
#430=DIRECTION('',(0.E0,1.E0,0.E0));
#431=VECTOR('',#430,4.E-1);
#432=CARTESIAN_POINT('',(7.375E0,4.E-1,-4.85E0));
#433=LINE('146632',#432,#431);
#434=DIRECTION('',(1.E0,0.E0,0.E0));
#435=VECTOR('',#434,2.5E-1);
#436=CARTESIAN_POINT('',(7.375E0,8.E-1,-4.85E0));
#437=LINE('146636',#436,#435);
#438=DIRECTION('',(0.E0,1.E0,0.E0));
#439=VECTOR('',#438,4.E-1);
#440=CARTESIAN_POINT('',(7.625E0,4.E-1,-4.85E0));
#441=LINE('146638',#440,#439);
#442=DIRECTION('',(-1.E0,0.E0,0.E0));
#443=VECTOR('',#442,2.5E-1);
#444=CARTESIAN_POINT('',(7.625E0,4.E-1,-4.85E0));
#445=LINE('146637',#444,#443);
#446=DIRECTION('',(0.E0,1.E0,0.E0));
#447=VECTOR('',#446,7.503198166930E-1);
#448=CARTESIAN_POINT('',(7.375E0,1.326680183307E0,-4.85E0));
#449=LINE('146633',#448,#447);
#450=DIRECTION('',(1.E0,0.E0,0.E0));
#451=VECTOR('',#450,2.5E-1);
#452=CARTESIAN_POINT('',(7.375E0,2.077E0,-4.85E0));
#453=LINE('146634',#452,#451);
#454=DIRECTION('',(0.E0,1.E0,0.E0));
#455=VECTOR('',#454,7.503198166930E-1);
#456=CARTESIAN_POINT('',(7.625E0,1.326680183307E0,-4.85E0));
#457=LINE('146639',#456,#455);
#458=DIRECTION('',(-1.E0,0.E0,0.E0));
#459=VECTOR('',#458,2.5E-1);
#460=CARTESIAN_POINT('',(7.625E0,1.326680183307E0,-4.85E0));
#461=LINE('146635',#460,#459);
#462=DIRECTION('',(-1.492139745098E-12,0.E0,1.E0));
#463=VECTOR('',#462,1.499999999998E-1);
#464=CARTESIAN_POINT('',(7.35E0,3.5E-1,-5.E0));
#465=LINE('146067',#464,#463);
#466=DIRECTION('',(0.E0,1.E0,0.E0));
#467=VECTOR('',#466,2.E0);
#468=CARTESIAN_POINT('',(7.35E0,3.5E-1,-4.85E0));
#469=LINE('146170',#468,#467);
#470=DIRECTION('',(1.492139745098E-12,0.E0,-1.E0));
#471=VECTOR('',#470,1.499999999998E-1);
#472=CARTESIAN_POINT('',(7.35E0,2.35E0,-4.85E0));
#473=LINE('146321',#472,#471);
#474=DIRECTION('',(0.E0,-1.E0,0.E0));
#475=VECTOR('',#474,2.E0);
#476=CARTESIAN_POINT('',(7.35E0,2.35E0,-5.E0));
#477=LINE('146438',#476,#475);
#478=DIRECTION('',(0.E0,-1.E0,0.E0));
#479=VECTOR('',#478,2.E0);
#480=CARTESIAN_POINT('',(7.2E0,2.35E0,-5.5E0));
#481=LINE('146437',#480,#479);
#482=DIRECTION('',(-1.E0,0.E0,0.E0));
#483=VECTOR('',#482,4.000000000001E-1);
#484=CARTESIAN_POINT('',(7.2E0,3.5E-1,-5.5E0));
#485=LINE('146065',#484,#483);
#486=DIRECTION('',(1.E0,0.E0,0.E0));
#487=VECTOR('',#486,4.000000000001E-1);
#488=CARTESIAN_POINT('',(6.8E0,2.35E0,-5.5E0));
#489=LINE('146319',#488,#487);
#490=DIRECTION('',(0.E0,1.E0,0.E0));
#491=VECTOR('',#490,2.E0);
#492=CARTESIAN_POINT('',(6.8E0,3.5E-1,-5.5E0));
#493=LINE('146436',#492,#491);
#494=DIRECTION('',(0.E0,1.E0,0.E0));
#495=VECTOR('',#494,2.E0);
#496=CARTESIAN_POINT('',(6.65E0,3.5E-1,-5.E0));
#497=LINE('146435',#496,#495);
#498=DIRECTION('',(1.503982124028E-12,0.E0,1.E0));
#499=VECTOR('',#498,1.499999999998E-1);
#500=CARTESIAN_POINT('',(6.65E0,3.5E-1,-5.E0));
#501=LINE('146063',#500,#499);
#502=DIRECTION('',(-1.503982124028E-12,0.E0,-1.E0));
#503=VECTOR('',#502,1.499999999998E-1);
#504=CARTESIAN_POINT('',(6.65E0,2.35E0,-4.85E0));
#505=LINE('146317',#504,#503);
#506=DIRECTION('',(0.E0,1.E0,0.E0));
#507=VECTOR('',#506,2.E0);
#508=CARTESIAN_POINT('',(6.65E0,3.5E-1,-4.85E0));
#509=LINE('146125',#508,#507);
#510=DIRECTION('',(-1.E0,0.E0,0.E0));
#511=VECTOR('',#510,3.E-1);
#512=CARTESIAN_POINT('',(6.65E0,3.5E-1,-4.85E0));
#513=LINE('146062',#512,#511);
#514=DIRECTION('',(0.E0,1.E0,0.E0));
#515=VECTOR('',#514,4.E-1);
#516=CARTESIAN_POINT('',(6.375E0,4.E-1,-4.85E0));
#517=LINE('146662',#516,#515);
#518=DIRECTION('',(1.E0,0.E0,0.E0));
#519=VECTOR('',#518,2.5E-1);
#520=CARTESIAN_POINT('',(6.375E0,8.E-1,-4.85E0));
#521=LINE('146666',#520,#519);
#522=DIRECTION('',(0.E0,1.E0,0.E0));
#523=VECTOR('',#522,4.E-1);
#524=CARTESIAN_POINT('',(6.625E0,4.E-1,-4.85E0));
#525=LINE('146668',#524,#523);
#526=DIRECTION('',(-1.E0,0.E0,0.E0));
#527=VECTOR('',#526,2.5E-1);
#528=CARTESIAN_POINT('',(6.625E0,4.E-1,-4.85E0));
#529=LINE('146667',#528,#527);
#530=DIRECTION('',(0.E0,1.E0,0.E0));
#531=VECTOR('',#530,7.503198166930E-1);
#532=CARTESIAN_POINT('',(6.375E0,1.326680183307E0,-4.85E0));
#533=LINE('146663',#532,#531);
#534=DIRECTION('',(1.E0,0.E0,0.E0));
#535=VECTOR('',#534,2.5E-1);
#536=CARTESIAN_POINT('',(6.375E0,2.077E0,-4.85E0));
#537=LINE('146664',#536,#535);
#538=DIRECTION('',(0.E0,1.E0,0.E0));
#539=VECTOR('',#538,7.503198166930E-1);
#540=CARTESIAN_POINT('',(6.625E0,1.326680183307E0,-4.85E0));
#541=LINE('146669',#540,#539);
#542=DIRECTION('',(-1.E0,0.E0,0.E0));
#543=VECTOR('',#542,2.5E-1);
#544=CARTESIAN_POINT('',(6.625E0,1.326680183307E0,-4.85E0));
#545=LINE('146665',#544,#543);
#546=DIRECTION('',(-1.503982124028E-12,0.E0,1.E0));
#547=VECTOR('',#546,1.499999999998E-1);
#548=CARTESIAN_POINT('',(6.35E0,3.5E-1,-5.E0));
#549=LINE('146061',#548,#547);
#550=DIRECTION('',(0.E0,1.E0,0.E0));
#551=VECTOR('',#550,2.E0);
#552=CARTESIAN_POINT('',(6.35E0,3.5E-1,-4.85E0));
#553=LINE('146123',#552,#551);
#554=DIRECTION('',(1.509903313492E-12,0.E0,-1.E0));
#555=VECTOR('',#554,1.499999999998E-1);
#556=CARTESIAN_POINT('',(6.35E0,2.35E0,-4.85E0));
#557=LINE('146316',#556,#555);
#558=DIRECTION('',(0.E0,-1.E0,0.E0));
#559=VECTOR('',#558,2.E0);
#560=CARTESIAN_POINT('',(6.35E0,2.35E0,-5.E0));
#561=LINE('146434',#560,#559);
#562=DIRECTION('',(0.E0,-1.E0,0.E0));
#563=VECTOR('',#562,2.E0);
#564=CARTESIAN_POINT('',(6.2E0,2.35E0,-5.5E0));
#565=LINE('146433',#564,#563);
#566=DIRECTION('',(-1.E0,0.E0,0.E0));
#567=VECTOR('',#566,4.000000000001E-1);
#568=CARTESIAN_POINT('',(6.2E0,3.5E-1,-5.5E0));
#569=LINE('146059',#568,#567);
#570=DIRECTION('',(1.E0,0.E0,0.E0));
#571=VECTOR('',#570,4.000000000001E-1);
#572=CARTESIAN_POINT('',(5.8E0,2.35E0,-5.5E0));
#573=LINE('146314',#572,#571);
#574=DIRECTION('',(0.E0,1.E0,0.E0));
#575=VECTOR('',#574,2.E0);
#576=CARTESIAN_POINT('',(5.8E0,3.5E-1,-5.5E0));
#577=LINE('146432',#576,#575);
#578=DIRECTION('',(0.E0,1.E0,0.E0));
#579=VECTOR('',#578,2.E0);
#580=CARTESIAN_POINT('',(5.65E0,3.5E-1,-5.E0));
#581=LINE('146431',#580,#579);
#582=DIRECTION('',(1.492139745098E-12,0.E0,1.E0));
#583=VECTOR('',#582,1.499999999998E-1);
#584=CARTESIAN_POINT('',(5.65E0,3.5E-1,-5.E0));
#585=LINE('146057',#584,#583);
#586=DIRECTION('',(-1.503982124028E-12,0.E0,-1.E0));
#587=VECTOR('',#586,1.499999999998E-1);
#588=CARTESIAN_POINT('',(5.65E0,2.35E0,-4.85E0));
#589=LINE('146312',#588,#587);
#590=DIRECTION('',(0.E0,1.E0,0.E0));
#591=VECTOR('',#590,2.E0);
#592=CARTESIAN_POINT('',(5.65E0,3.5E-1,-4.85E0));
#593=LINE('146122',#592,#591);
#594=DIRECTION('',(-1.E0,0.E0,0.E0));
#595=VECTOR('',#594,3.E-1);
#596=CARTESIAN_POINT('',(5.65E0,3.5E-1,-4.85E0));
#597=LINE('146056',#596,#595);
#598=DIRECTION('',(0.E0,1.E0,0.E0));
#599=VECTOR('',#598,4.E-1);
#600=CARTESIAN_POINT('',(5.375E0,4.E-1,-4.85E0));
#601=LINE('146692',#600,#599);
#602=DIRECTION('',(1.E0,0.E0,0.E0));
#603=VECTOR('',#602,2.5E-1);
#604=CARTESIAN_POINT('',(5.375E0,8.E-1,-4.85E0));
#605=LINE('146696',#604,#603);
#606=DIRECTION('',(0.E0,1.E0,0.E0));
#607=VECTOR('',#606,4.E-1);
#608=CARTESIAN_POINT('',(5.625E0,4.E-1,-4.85E0));
#609=LINE('146698',#608,#607);
#610=DIRECTION('',(-1.E0,0.E0,0.E0));
#611=VECTOR('',#610,2.5E-1);
#612=CARTESIAN_POINT('',(5.625E0,4.E-1,-4.85E0));
#613=LINE('146697',#612,#611);
#614=DIRECTION('',(0.E0,1.E0,0.E0));
#615=VECTOR('',#614,7.503198166930E-1);
#616=CARTESIAN_POINT('',(5.375E0,1.326680183307E0,-4.85E0));
#617=LINE('146693',#616,#615);
#618=DIRECTION('',(1.E0,0.E0,0.E0));
#619=VECTOR('',#618,2.5E-1);
#620=CARTESIAN_POINT('',(5.375E0,2.077E0,-4.85E0));
#621=LINE('146694',#620,#619);
#622=DIRECTION('',(0.E0,1.E0,0.E0));
#623=VECTOR('',#622,7.503198166930E-1);
#624=CARTESIAN_POINT('',(5.625E0,1.326680183307E0,-4.85E0));
#625=LINE('146699',#624,#623);
#626=DIRECTION('',(-1.E0,0.E0,0.E0));
#627=VECTOR('',#626,2.5E-1);
#628=CARTESIAN_POINT('',(5.625E0,1.326680183307E0,-4.85E0));
#629=LINE('146695',#628,#627);
#630=DIRECTION('',(-1.498060934563E-12,0.E0,1.E0));
#631=VECTOR('',#630,1.499999999998E-1);
#632=CARTESIAN_POINT('',(5.35E0,3.5E-1,-5.E0));
#633=LINE('146055',#632,#631);
#634=DIRECTION('',(0.E0,1.E0,0.E0));
#635=VECTOR('',#634,2.E0);
#636=CARTESIAN_POINT('',(5.35E0,3.5E-1,-4.85E0));
#637=LINE('146120',#636,#635);
#638=DIRECTION('',(1.498060934563E-12,0.E0,-1.E0));
#639=VECTOR('',#638,1.499999999998E-1);
#640=CARTESIAN_POINT('',(5.35E0,2.35E0,-4.85E0));
#641=LINE('146311',#640,#639);
#642=DIRECTION('',(0.E0,-1.E0,0.E0));
#643=VECTOR('',#642,2.E0);
#644=CARTESIAN_POINT('',(5.35E0,2.35E0,-5.E0));
#645=LINE('146430',#644,#643);
#646=DIRECTION('',(0.E0,-1.E0,0.E0));
#647=VECTOR('',#646,2.E0);
#648=CARTESIAN_POINT('',(5.2E0,2.35E0,-5.5E0));
#649=LINE('146429',#648,#647);
#650=DIRECTION('',(-1.E0,0.E0,0.E0));
#651=VECTOR('',#650,4.000000000001E-1);
#652=CARTESIAN_POINT('',(5.2E0,3.5E-1,-5.5E0));
#653=LINE('146053',#652,#651);
#654=DIRECTION('',(1.E0,0.E0,0.E0));
#655=VECTOR('',#654,4.000000000001E-1);
#656=CARTESIAN_POINT('',(4.8E0,2.35E0,-5.5E0));
#657=LINE('146309',#656,#655);
#658=DIRECTION('',(0.E0,1.E0,0.E0));
#659=VECTOR('',#658,2.E0);
#660=CARTESIAN_POINT('',(4.8E0,3.5E-1,-5.5E0));
#661=LINE('146428',#660,#659);
#662=DIRECTION('',(0.E0,1.E0,0.E0));
#663=VECTOR('',#662,2.E0);
#664=CARTESIAN_POINT('',(4.65E0,3.5E-1,-5.E0));
#665=LINE('146427',#664,#663);
#666=DIRECTION('',(1.480297366169E-12,0.E0,1.E0));
#667=VECTOR('',#666,1.499999999998E-1);
#668=CARTESIAN_POINT('',(4.65E0,3.5E-1,-5.E0));
#669=LINE('146051',#668,#667);
#670=DIRECTION('',(-1.480297366169E-12,0.E0,-1.E0));
#671=VECTOR('',#670,1.499999999998E-1);
#672=CARTESIAN_POINT('',(4.65E0,2.35E0,-4.85E0));
#673=LINE('146307',#672,#671);
#674=DIRECTION('',(0.E0,1.E0,0.E0));
#675=VECTOR('',#674,2.E0);
#676=CARTESIAN_POINT('',(4.65E0,3.5E-1,-4.85E0));
#677=LINE('146119',#676,#675);
#678=DIRECTION('',(-1.E0,0.E0,0.E0));
#679=VECTOR('',#678,3.E-1);
#680=CARTESIAN_POINT('',(4.65E0,3.5E-1,-4.85E0));
#681=LINE('146050',#680,#679);
#682=DIRECTION('',(0.E0,1.E0,0.E0));
#683=VECTOR('',#682,4.E-1);
#684=CARTESIAN_POINT('',(4.375E0,4.E-1,-4.85E0));
#685=LINE('146722',#684,#683);
#686=DIRECTION('',(1.E0,0.E0,0.E0));
#687=VECTOR('',#686,2.5E-1);
#688=CARTESIAN_POINT('',(4.375E0,8.E-1,-4.85E0));
#689=LINE('146726',#688,#687);
#690=DIRECTION('',(0.E0,1.E0,0.E0));
#691=VECTOR('',#690,4.E-1);
#692=CARTESIAN_POINT('',(4.625E0,4.E-1,-4.85E0));
#693=LINE('146728',#692,#691);
#694=DIRECTION('',(-1.E0,0.E0,0.E0));
#695=VECTOR('',#694,2.5E-1);
#696=CARTESIAN_POINT('',(4.625E0,4.E-1,-4.85E0));
#697=LINE('146727',#696,#695);
#698=DIRECTION('',(0.E0,1.E0,0.E0));
#699=VECTOR('',#698,7.503198166930E-1);
#700=CARTESIAN_POINT('',(4.375E0,1.326680183307E0,-4.85E0));
#701=LINE('146723',#700,#699);
#702=DIRECTION('',(1.E0,0.E0,0.E0));
#703=VECTOR('',#702,2.5E-1);
#704=CARTESIAN_POINT('',(4.375E0,2.077E0,-4.85E0));
#705=LINE('146724',#704,#703);
#706=DIRECTION('',(0.E0,1.E0,0.E0));
#707=VECTOR('',#706,7.503198166930E-1);
#708=CARTESIAN_POINT('',(4.625E0,1.326680183307E0,-4.85E0));
#709=LINE('146729',#708,#707);
#710=DIRECTION('',(-1.E0,0.E0,0.E0));
#711=VECTOR('',#710,2.5E-1);
#712=CARTESIAN_POINT('',(4.625E0,1.326680183307E0,-4.85E0));
#713=LINE('146725',#712,#711);
#714=DIRECTION('',(-1.492139745098E-12,0.E0,1.E0));
#715=VECTOR('',#714,1.499999999998E-1);
#716=CARTESIAN_POINT('',(4.35E0,3.5E-1,-5.E0));
#717=LINE('146049',#716,#715);
#718=DIRECTION('',(0.E0,1.E0,0.E0));
#719=VECTOR('',#718,2.E0);
#720=CARTESIAN_POINT('',(4.35E0,3.5E-1,-4.85E0));
#721=LINE('146117',#720,#719);
#722=DIRECTION('',(1.492139745098E-12,0.E0,-1.E0));
#723=VECTOR('',#722,1.499999999998E-1);
#724=CARTESIAN_POINT('',(4.35E0,2.35E0,-4.85E0));
#725=LINE('146306',#724,#723);
#726=DIRECTION('',(0.E0,-1.E0,0.E0));
#727=VECTOR('',#726,2.E0);
#728=CARTESIAN_POINT('',(4.35E0,2.35E0,-5.E0));
#729=LINE('146426',#728,#727);
#730=DIRECTION('',(0.E0,-1.E0,0.E0));
#731=VECTOR('',#730,2.E0);
#732=CARTESIAN_POINT('',(4.2E0,2.35E0,-5.5E0));
#733=LINE('146425',#732,#731);
#734=DIRECTION('',(-1.E0,0.E0,0.E0));
#735=VECTOR('',#734,4.000000000001E-1);
#736=CARTESIAN_POINT('',(4.2E0,3.5E-1,-5.5E0));
#737=LINE('146047',#736,#735);
#738=DIRECTION('',(1.E0,0.E0,0.E0));
#739=VECTOR('',#738,4.000000000001E-1);
#740=CARTESIAN_POINT('',(3.8E0,2.35E0,-5.5E0));
#741=LINE('146304',#740,#739);
#742=DIRECTION('',(0.E0,1.E0,0.E0));
#743=VECTOR('',#742,2.E0);
#744=CARTESIAN_POINT('',(3.8E0,3.5E-1,-5.5E0));
#745=LINE('146424',#744,#743);
#746=DIRECTION('',(0.E0,1.E0,0.E0));
#747=VECTOR('',#746,2.E0);
#748=CARTESIAN_POINT('',(3.65E0,3.5E-1,-5.E0));
#749=LINE('146423',#748,#747);
#750=DIRECTION('',(1.495100339831E-12,0.E0,1.E0));
#751=VECTOR('',#750,1.499999999998E-1);
#752=CARTESIAN_POINT('',(3.65E0,3.5E-1,-5.E0));
#753=LINE('146045',#752,#751);
#754=DIRECTION('',(-1.498060934563E-12,0.E0,-1.E0));
#755=VECTOR('',#754,1.499999999998E-1);
#756=CARTESIAN_POINT('',(3.65E0,2.35E0,-4.85E0));
#757=LINE('146302',#756,#755);
#758=DIRECTION('',(0.E0,1.E0,0.E0));
#759=VECTOR('',#758,2.E0);
#760=CARTESIAN_POINT('',(3.65E0,3.5E-1,-4.85E0));
#761=LINE('146116',#760,#759);
#762=DIRECTION('',(-1.E0,0.E0,0.E0));
#763=VECTOR('',#762,3.E-1);
#764=CARTESIAN_POINT('',(3.65E0,3.5E-1,-4.85E0));
#765=LINE('146044',#764,#763);
#766=DIRECTION('',(0.E0,1.E0,0.E0));
#767=VECTOR('',#766,4.E-1);
#768=CARTESIAN_POINT('',(3.375E0,4.E-1,-4.85E0));
#769=LINE('146752',#768,#767);
#770=DIRECTION('',(1.E0,0.E0,0.E0));
#771=VECTOR('',#770,2.5E-1);
#772=CARTESIAN_POINT('',(3.375E0,8.E-1,-4.85E0));
#773=LINE('146756',#772,#771);
#774=DIRECTION('',(0.E0,1.E0,0.E0));
#775=VECTOR('',#774,4.E-1);
#776=CARTESIAN_POINT('',(3.625E0,4.E-1,-4.85E0));
#777=LINE('146758',#776,#775);
#778=DIRECTION('',(-1.E0,0.E0,0.E0));
#779=VECTOR('',#778,2.5E-1);
#780=CARTESIAN_POINT('',(3.625E0,4.E-1,-4.85E0));
#781=LINE('146757',#780,#779);
#782=DIRECTION('',(0.E0,1.E0,0.E0));
#783=VECTOR('',#782,7.503198166930E-1);
#784=CARTESIAN_POINT('',(3.375E0,1.326680183307E0,-4.85E0));
#785=LINE('146753',#784,#783);
#786=DIRECTION('',(1.E0,0.E0,0.E0));
#787=VECTOR('',#786,2.5E-1);
#788=CARTESIAN_POINT('',(3.375E0,2.077E0,-4.85E0));
#789=LINE('146754',#788,#787);
#790=DIRECTION('',(0.E0,1.E0,0.E0));
#791=VECTOR('',#790,7.503198166930E-1);
#792=CARTESIAN_POINT('',(3.625E0,1.326680183307E0,-4.85E0));
#793=LINE('146759',#792,#791);
#794=DIRECTION('',(-1.E0,0.E0,0.E0));
#795=VECTOR('',#794,2.5E-1);
#796=CARTESIAN_POINT('',(3.625E0,1.326680183307E0,-4.85E0));
#797=LINE('146755',#796,#795);
#798=DIRECTION('',(-1.498060934563E-12,0.E0,1.E0));
#799=VECTOR('',#798,1.499999999998E-1);
#800=CARTESIAN_POINT('',(3.35E0,3.5E-1,-5.E0));
#801=LINE('146043',#800,#799);
#802=DIRECTION('',(0.E0,1.E0,0.E0));
#803=VECTOR('',#802,2.E0);
#804=CARTESIAN_POINT('',(3.35E0,3.5E-1,-4.85E0));
#805=LINE('146114',#804,#803);
#806=DIRECTION('',(1.501021529295E-12,0.E0,-1.E0));
#807=VECTOR('',#806,1.499999999998E-1);
#808=CARTESIAN_POINT('',(3.35E0,2.35E0,-4.85E0));
#809=LINE('146301',#808,#807);
#810=DIRECTION('',(0.E0,-1.E0,0.E0));
#811=VECTOR('',#810,2.E0);
#812=CARTESIAN_POINT('',(3.35E0,2.35E0,-5.E0));
#813=LINE('146422',#812,#811);
#814=DIRECTION('',(0.E0,-1.E0,0.E0));
#815=VECTOR('',#814,2.E0);
#816=CARTESIAN_POINT('',(3.2E0,2.35E0,-5.5E0));
#817=LINE('146421',#816,#815);
#818=DIRECTION('',(-1.E0,0.E0,0.E0));
#819=VECTOR('',#818,3.999999999997E-1);
#820=CARTESIAN_POINT('',(3.2E0,3.5E-1,-5.5E0));
#821=LINE('146041',#820,#819);
#822=DIRECTION('',(1.E0,0.E0,0.E0));
#823=VECTOR('',#822,3.999999999997E-1);
#824=CARTESIAN_POINT('',(2.8E0,2.35E0,-5.5E0));
#825=LINE('146299',#824,#823);
#826=DIRECTION('',(0.E0,1.E0,0.E0));
#827=VECTOR('',#826,2.E0);
#828=CARTESIAN_POINT('',(2.8E0,3.5E-1,-5.5E0));
#829=LINE('146420',#828,#827);
#830=DIRECTION('',(0.E0,1.E0,0.E0));
#831=VECTOR('',#830,2.E0);
#832=CARTESIAN_POINT('',(2.65E0,3.5E-1,-5.E0));
#833=LINE('146419',#832,#831);
#834=DIRECTION('',(1.503982124028E-12,0.E0,1.E0));
#835=VECTOR('',#834,1.499999999998E-1);
#836=CARTESIAN_POINT('',(2.65E0,3.5E-1,-5.E0));
#837=LINE('146039',#836,#835);
#838=DIRECTION('',(-1.501021529295E-12,0.E0,-1.E0));
#839=VECTOR('',#838,1.499999999998E-1);
#840=CARTESIAN_POINT('',(2.65E0,2.35E0,-4.85E0));
#841=LINE('146297',#840,#839);
#842=DIRECTION('',(0.E0,1.E0,0.E0));
#843=VECTOR('',#842,2.E0);
#844=CARTESIAN_POINT('',(2.65E0,3.5E-1,-4.85E0));
#845=LINE('146113',#844,#843);
#846=DIRECTION('',(-1.E0,0.E0,0.E0));
#847=VECTOR('',#846,3.E-1);
#848=CARTESIAN_POINT('',(2.65E0,3.5E-1,-4.85E0));
#849=LINE('146038',#848,#847);
#850=DIRECTION('',(0.E0,1.E0,0.E0));
#851=VECTOR('',#850,4.E-1);
#852=CARTESIAN_POINT('',(2.375E0,4.E-1,-4.85E0));
#853=LINE('146782',#852,#851);
#854=DIRECTION('',(1.E0,0.E0,0.E0));
#855=VECTOR('',#854,2.5E-1);
#856=CARTESIAN_POINT('',(2.375E0,8.E-1,-4.85E0));
#857=LINE('146786',#856,#855);
#858=DIRECTION('',(0.E0,1.E0,0.E0));
#859=VECTOR('',#858,4.E-1);
#860=CARTESIAN_POINT('',(2.625E0,4.E-1,-4.85E0));
#861=LINE('146788',#860,#859);
#862=DIRECTION('',(-1.E0,0.E0,0.E0));
#863=VECTOR('',#862,2.5E-1);
#864=CARTESIAN_POINT('',(2.625E0,4.E-1,-4.85E0));
#865=LINE('146787',#864,#863);
#866=DIRECTION('',(0.E0,1.E0,0.E0));
#867=VECTOR('',#866,7.503198166930E-1);
#868=CARTESIAN_POINT('',(2.375E0,1.326680183307E0,-4.85E0));
#869=LINE('146783',#868,#867);
#870=DIRECTION('',(1.E0,0.E0,0.E0));
#871=VECTOR('',#870,2.5E-1);
#872=CARTESIAN_POINT('',(2.375E0,2.077E0,-4.85E0));
#873=LINE('146784',#872,#871);
#874=DIRECTION('',(0.E0,1.E0,0.E0));
#875=VECTOR('',#874,7.503198166930E-1);
#876=CARTESIAN_POINT('',(2.625E0,1.326680183307E0,-4.85E0));
#877=LINE('146789',#876,#875);
#878=DIRECTION('',(-1.E0,0.E0,0.E0));
#879=VECTOR('',#878,2.5E-1);
#880=CARTESIAN_POINT('',(2.625E0,1.326680183307E0,-4.85E0));
#881=LINE('146785',#880,#879);
#882=DIRECTION('',(-1.498060934563E-12,0.E0,1.E0));
#883=VECTOR('',#882,1.499999999998E-1);
#884=CARTESIAN_POINT('',(2.35E0,3.5E-1,-5.E0));
#885=LINE('146037',#884,#883);
#886=DIRECTION('',(0.E0,1.E0,0.E0));
#887=VECTOR('',#886,2.E0);
#888=CARTESIAN_POINT('',(2.35E0,3.5E-1,-4.85E0));
#889=LINE('146111',#888,#887);
#890=DIRECTION('',(1.498060934563E-12,0.E0,-1.E0));
#891=VECTOR('',#890,1.499999999998E-1);
#892=CARTESIAN_POINT('',(2.35E0,2.35E0,-4.85E0));
#893=LINE('146296',#892,#891);
#894=DIRECTION('',(0.E0,-1.E0,0.E0));
#895=VECTOR('',#894,2.E0);
#896=CARTESIAN_POINT('',(2.35E0,2.35E0,-5.E0));
#897=LINE('146418',#896,#895);
#898=DIRECTION('',(0.E0,-1.E0,0.E0));
#899=VECTOR('',#898,2.E0);
#900=CARTESIAN_POINT('',(2.2E0,2.35E0,-5.5E0));
#901=LINE('146417',#900,#899);
#902=DIRECTION('',(-1.E0,0.E0,0.E0));
#903=VECTOR('',#902,3.999999999994E-1);
#904=CARTESIAN_POINT('',(2.2E0,3.5E-1,-5.5E0));
#905=LINE('146035',#904,#903);
#906=DIRECTION('',(1.E0,0.E0,0.E0));
#907=VECTOR('',#906,3.999999999994E-1);
#908=CARTESIAN_POINT('',(1.8E0,2.35E0,-5.5E0));
#909=LINE('146294',#908,#907);
#910=DIRECTION('',(0.E0,1.E0,0.E0));
#911=VECTOR('',#910,2.E0);
#912=CARTESIAN_POINT('',(1.8E0,3.5E-1,-5.5E0));
#913=LINE('146416',#912,#911);
#914=DIRECTION('',(0.E0,1.E0,0.E0));
#915=VECTOR('',#914,2.E0);
#916=CARTESIAN_POINT('',(1.65E0,3.5E-1,-5.E0));
#917=LINE('146415',#916,#915);
#918=DIRECTION('',(1.501021529295E-12,0.E0,1.E0));
#919=VECTOR('',#918,1.499999999998E-1);
#920=CARTESIAN_POINT('',(1.65E0,3.5E-1,-5.E0));
#921=LINE('146033',#920,#919);
#922=DIRECTION('',(-1.498060934563E-12,0.E0,-1.E0));
#923=VECTOR('',#922,1.499999999998E-1);
#924=CARTESIAN_POINT('',(1.65E0,2.35E0,-4.85E0));
#925=LINE('146292',#924,#923);
#926=DIRECTION('',(0.E0,1.E0,0.E0));
#927=VECTOR('',#926,2.E0);
#928=CARTESIAN_POINT('',(1.65E0,3.5E-1,-4.85E0));
#929=LINE('146110',#928,#927);
#930=DIRECTION('',(-1.E0,0.E0,0.E0));
#931=VECTOR('',#930,3.E-1);
#932=CARTESIAN_POINT('',(1.65E0,3.5E-1,-4.85E0));
#933=LINE('146032',#932,#931);
#934=DIRECTION('',(0.E0,1.E0,0.E0));
#935=VECTOR('',#934,4.E-1);
#936=CARTESIAN_POINT('',(1.375E0,4.E-1,-4.85E0));
#937=LINE('146812',#936,#935);
#938=DIRECTION('',(1.E0,0.E0,0.E0));
#939=VECTOR('',#938,2.5E-1);
#940=CARTESIAN_POINT('',(1.375E0,8.E-1,-4.85E0));
#941=LINE('146816',#940,#939);
#942=DIRECTION('',(0.E0,1.E0,0.E0));
#943=VECTOR('',#942,4.E-1);
#944=CARTESIAN_POINT('',(1.625E0,4.E-1,-4.85E0));
#945=LINE('146818',#944,#943);
#946=DIRECTION('',(-1.E0,0.E0,0.E0));
#947=VECTOR('',#946,2.5E-1);
#948=CARTESIAN_POINT('',(1.625E0,4.E-1,-4.85E0));
#949=LINE('146817',#948,#947);
#950=DIRECTION('',(0.E0,1.E0,0.E0));
#951=VECTOR('',#950,7.503198166930E-1);
#952=CARTESIAN_POINT('',(1.375E0,1.326680183307E0,-4.85E0));
#953=LINE('146813',#952,#951);
#954=DIRECTION('',(1.E0,0.E0,0.E0));
#955=VECTOR('',#954,2.5E-1);
#956=CARTESIAN_POINT('',(1.375E0,2.077E0,-4.85E0));
#957=LINE('146814',#956,#955);
#958=DIRECTION('',(0.E0,1.E0,0.E0));
#959=VECTOR('',#958,7.503198166930E-1);
#960=CARTESIAN_POINT('',(1.625E0,1.326680183307E0,-4.85E0));
#961=LINE('146819',#960,#959);
#962=DIRECTION('',(-1.E0,0.E0,0.E0));
#963=VECTOR('',#962,2.5E-1);
#964=CARTESIAN_POINT('',(1.625E0,1.326680183307E0,-4.85E0));
#965=LINE('146815',#964,#963);
#966=DIRECTION('',(-1.505462421394E-12,0.E0,1.E0));
#967=VECTOR('',#966,1.499999999998E-1);
#968=CARTESIAN_POINT('',(1.35E0,3.5E-1,-5.E0));
#969=LINE('146031',#968,#967);
#970=DIRECTION('',(0.E0,1.E0,0.E0));
#971=VECTOR('',#970,2.E0);
#972=CARTESIAN_POINT('',(1.35E0,3.5E-1,-4.85E0));
#973=LINE('146108',#972,#971);
#974=DIRECTION('',(1.505462421394E-12,0.E0,-1.E0));
#975=VECTOR('',#974,1.499999999998E-1);
#976=CARTESIAN_POINT('',(1.35E0,2.35E0,-4.85E0));
#977=LINE('146291',#976,#975);
#978=DIRECTION('',(0.E0,-1.E0,0.E0));
#979=VECTOR('',#978,2.E0);
#980=CARTESIAN_POINT('',(1.35E0,2.35E0,-5.E0));
#981=LINE('146414',#980,#979);
#982=DIRECTION('',(0.E0,-1.E0,0.E0));
#983=VECTOR('',#982,2.E0);
#984=CARTESIAN_POINT('',(1.2E0,2.35E0,-5.5E0));
#985=LINE('146413',#984,#983);
#986=DIRECTION('',(-1.E0,0.E0,0.E0));
#987=VECTOR('',#986,3.999999999994E-1);
#988=CARTESIAN_POINT('',(1.2E0,3.5E-1,-5.5E0));
#989=LINE('146029',#988,#987);
#990=DIRECTION('',(1.E0,0.E0,0.E0));
#991=VECTOR('',#990,3.999999999994E-1);
#992=CARTESIAN_POINT('',(8.000000000003E-1,2.35E0,-5.5E0));
#993=LINE('146289',#992,#991);
#994=DIRECTION('',(0.E0,1.E0,0.E0));
#995=VECTOR('',#994,2.E0);
#996=CARTESIAN_POINT('',(8.000000000003E-1,3.5E-1,-5.5E0));
#997=LINE('146412',#996,#995);
#998=DIRECTION('',(0.E0,1.E0,0.E0));
#999=VECTOR('',#998,2.E0);
#1000=CARTESIAN_POINT('',(6.499999999998E-1,3.5E-1,-5.E0));
#1001=LINE('146411',#1000,#999);
#1002=DIRECTION('',(1.503982124028E-12,0.E0,1.E0));
#1003=VECTOR('',#1002,1.499999999998E-1);
#1004=CARTESIAN_POINT('',(6.499999999998E-1,3.5E-1,-5.E0));
#1005=LINE('146027',#1004,#1003);
#1006=DIRECTION('',(-1.503982124028E-12,0.E0,-1.E0));
#1007=VECTOR('',#1006,1.499999999998E-1);
#1008=CARTESIAN_POINT('',(6.5E-1,2.35E0,-4.85E0));
#1009=LINE('146287',#1008,#1007);
#1010=DIRECTION('',(0.E0,1.E0,0.E0));
#1011=VECTOR('',#1010,2.E0);
#1012=CARTESIAN_POINT('',(6.5E-1,3.5E-1,-4.85E0));
#1013=LINE('146107',#1012,#1011);
#1014=DIRECTION('',(-1.E0,0.E0,0.E0));
#1015=VECTOR('',#1014,3.E-1);
#1016=CARTESIAN_POINT('',(6.5E-1,3.5E-1,-4.85E0));
#1017=LINE('146026',#1016,#1015);
#1018=DIRECTION('',(0.E0,1.E0,0.E0));
#1019=VECTOR('',#1018,4.E-1);
#1020=CARTESIAN_POINT('',(3.75E-1,4.E-1,-4.85E0));
#1021=LINE('146842',#1020,#1019);
#1022=DIRECTION('',(1.E0,0.E0,0.E0));
#1023=VECTOR('',#1022,2.5E-1);
#1024=CARTESIAN_POINT('',(3.75E-1,8.E-1,-4.85E0));
#1025=LINE('146846',#1024,#1023);
#1026=DIRECTION('',(0.E0,1.E0,0.E0));
#1027=VECTOR('',#1026,4.E-1);
#1028=CARTESIAN_POINT('',(6.25E-1,4.E-1,-4.85E0));
#1029=LINE('146848',#1028,#1027);
#1030=DIRECTION('',(-1.E0,0.E0,0.E0));
#1031=VECTOR('',#1030,2.5E-1);
#1032=CARTESIAN_POINT('',(6.25E-1,4.E-1,-4.85E0));
#1033=LINE('146847',#1032,#1031);
#1034=DIRECTION('',(0.E0,1.E0,0.E0));
#1035=VECTOR('',#1034,7.503198166930E-1);
#1036=CARTESIAN_POINT('',(3.75E-1,1.326680183307E0,-4.85E0));
#1037=LINE('146843',#1036,#1035);
#1038=DIRECTION('',(1.E0,0.E0,0.E0));
#1039=VECTOR('',#1038,2.5E-1);
#1040=CARTESIAN_POINT('',(3.75E-1,2.077E0,-4.85E0));
#1041=LINE('146844',#1040,#1039);
#1042=DIRECTION('',(0.E0,1.E0,0.E0));
#1043=VECTOR('',#1042,7.503198166930E-1);
#1044=CARTESIAN_POINT('',(6.25E-1,1.326680183307E0,-4.85E0));
#1045=LINE('146849',#1044,#1043);
#1046=DIRECTION('',(-1.E0,0.E0,0.E0));
#1047=VECTOR('',#1046,2.5E-1);
#1048=CARTESIAN_POINT('',(6.25E-1,1.326680183307E0,-4.85E0));
#1049=LINE('146845',#1048,#1047);
#1050=DIRECTION('',(-1.501391603637E-12,0.E0,1.E0));
#1051=VECTOR('',#1050,1.499999999998E-1);
#1052=CARTESIAN_POINT('',(3.500000000002E-1,3.5E-1,-5.E0));
#1053=LINE('146025',#1052,#1051);
#1054=DIRECTION('',(0.E0,1.E0,0.E0));
#1055=VECTOR('',#1054,2.E0);
#1056=CARTESIAN_POINT('',(3.5E-1,3.5E-1,-4.85E0));
#1057=LINE('146105',#1056,#1055);
#1058=DIRECTION('',(1.501391603637E-12,0.E0,-1.E0));
#1059=VECTOR('',#1058,1.499999999998E-1);
#1060=CARTESIAN_POINT('',(3.5E-1,2.35E0,-4.85E0));
#1061=LINE('146286',#1060,#1059);
#1062=DIRECTION('',(0.E0,-1.E0,0.E0));
#1063=VECTOR('',#1062,2.E0);
#1064=CARTESIAN_POINT('',(3.500000000002E-1,2.35E0,-5.E0));
#1065=LINE('146410',#1064,#1063);
#1066=DIRECTION('',(0.E0,-1.E0,0.E0));
#1067=VECTOR('',#1066,2.E0);
#1068=CARTESIAN_POINT('',(1.999999999997E-1,2.35E0,-5.5E0));
#1069=LINE('146409',#1068,#1067);
#1070=DIRECTION('',(4.913180805428E-13,-5.932532547126E-2,9.982387017932E-1));
#1071=VECTOR('',#1070,2.487910782282E-1);
#1072=CARTESIAN_POINT('',(3.75E-1,1.914759611690E0,-1.E0));
#1073=LINE('146502',#1072,#1071);
#1074=DIRECTION('',(0.E0,-5.304782741328E-1,-8.476985317157E-1));
#1075=VECTOR('',#1074,9.417886820355E-1);
#1076=CARTESIAN_POINT('',(3.750000000001E-1,1.9E0,-7.516471170518E-1));
#1077=LINE('145526',#1076,#1075);
#1078=DIRECTION('',(0.E0,8.660254037841E-1,-5.000000000006E-1));
#1079=VECTOR('',#1078,2.927300811163E-1);
#1080=CARTESIAN_POINT('',(3.750000000001E-1,1.400401565356E0,-1.55E0));
#1081=LINE('145525',#1080,#1079);
#1082=DIRECTION('',(-7.363589588205E-14,2.008738855767E-2,-9.997982280545E-1));
#1083=VECTOR('',#1082,1.653968683921E0);
#1084=CARTESIAN_POINT('',(3.750000000001E-1,1.653913252054E0,
-1.696365040558E0));
#1085=LINE('146853',#1084,#1083);
#1086=DIRECTION('',(1.905470963742E-12,-5.887408568087E-1,-8.083218440227E-1));
#1087=VECTOR('',#1086,6.400412369212E-2);
#1088=CARTESIAN_POINT('',(3.75E-1,1.326680183307E0,-4.85E0));
#1089=LINE('146852',#1088,#1087);
#1090=DIRECTION('',(0.E0,-5.210304593902E-2,-9.986417138313E-1));
#1091=VECTOR('',#1090,1.151564153662E0);
#1092=CARTESIAN_POINT('',(3.750000000001E-1,7.E-2,-5.35E0));
#1093=LINE('145522',#1092,#1091);
#1094=DIRECTION('',(0.E0,5.367252427910E-2,9.985585912391E-1));
#1095=VECTOR('',#1094,8.011547915353E-1);
#1096=CARTESIAN_POINT('',(3.750000000001E-1,3.1E-1,-6.5E0));
#1097=LINE('145520',#1096,#1095);
#1098=DIRECTION('',(0.E0,-1.E0,0.E0));
#1099=VECTOR('',#1098,5.E-2);
#1100=CARTESIAN_POINT('',(3.75E-1,8.E-1,-3.E0));
#1101=LINE('147687',#1100,#1099);
#1102=DIRECTION('',(-1.E0,0.E0,0.E0));
#1103=VECTOR('',#1102,2.499999999998E-1);
#1104=CARTESIAN_POINT('',(6.249999999999E-1,1.9E0,-7.516471170518E-1));
#1105=LINE('145543',#1104,#1103);
#1106=DIRECTION('',(-1.E0,-7.181556936432E-14,0.E0));
#1107=VECTOR('',#1106,8.75E-1);
#1108=CARTESIAN_POINT('',(8.5E0,1.8E0,-1.E0));
#1109=LINE('146650',#1108,#1107);
#1110=DIRECTION('',(0.E0,1.E0,0.E0));
#1111=VECTOR('',#1110,1.147596116903E-1);
#1112=CARTESIAN_POINT('',(7.625E0,1.8E0,-1.E0));
#1113=LINE('146631',#1112,#1111);
#1114=DIRECTION('',(1.E0,0.E0,0.E0));
#1115=VECTOR('',#1114,2.5E-1);
#1116=CARTESIAN_POINT('',(7.375E0,1.914759611690E0,-1.E0));
#1117=LINE('146630',#1116,#1115);
#1118=DIRECTION('',(0.E0,1.E0,0.E0));
#1119=VECTOR('',#1118,1.147596116903E-1);
#1120=CARTESIAN_POINT('',(7.375E0,1.8E0,-1.E0));
#1121=LINE('146629',#1120,#1119);
#1122=DIRECTION('',(-1.E0,0.E0,0.E0));
#1123=VECTOR('',#1122,7.5E-1);
#1124=CARTESIAN_POINT('',(7.375E0,1.8E0,-1.E0));
#1125=LINE('146680',#1124,#1123);
#1126=DIRECTION('',(0.E0,1.E0,0.E0));
#1127=VECTOR('',#1126,1.147596116903E-1);
#1128=CARTESIAN_POINT('',(6.625E0,1.8E0,-1.E0));
#1129=LINE('146661',#1128,#1127);
#1130=DIRECTION('',(1.E0,0.E0,0.E0));
#1131=VECTOR('',#1130,2.5E-1);
#1132=CARTESIAN_POINT('',(6.375E0,1.914759611690E0,-1.E0));
#1133=LINE('146660',#1132,#1131);
#1134=DIRECTION('',(0.E0,1.E0,0.E0));
#1135=VECTOR('',#1134,1.147596116903E-1);
#1136=CARTESIAN_POINT('',(6.375E0,1.8E0,-1.E0));
#1137=LINE('146659',#1136,#1135);
#1138=DIRECTION('',(-1.E0,0.E0,0.E0));
#1139=VECTOR('',#1138,7.5E-1);
#1140=CARTESIAN_POINT('',(6.375E0,1.8E0,-1.E0));
#1141=LINE('146710',#1140,#1139);
#1142=DIRECTION('',(0.E0,1.E0,0.E0));
#1143=VECTOR('',#1142,1.147596116903E-1);
#1144=CARTESIAN_POINT('',(5.625E0,1.8E0,-1.E0));
#1145=LINE('146691',#1144,#1143);
#1146=DIRECTION('',(1.E0,0.E0,0.E0));
#1147=VECTOR('',#1146,2.5E-1);
#1148=CARTESIAN_POINT('',(5.375E0,1.914759611690E0,-1.E0));
#1149=LINE('146690',#1148,#1147);
#1150=DIRECTION('',(0.E0,1.E0,0.E0));
#1151=VECTOR('',#1150,1.147596116903E-1);
#1152=CARTESIAN_POINT('',(5.375E0,1.8E0,-1.E0));
#1153=LINE('146689',#1152,#1151);
#1154=DIRECTION('',(-1.E0,0.E0,0.E0));
#1155=VECTOR('',#1154,7.5E-1);
#1156=CARTESIAN_POINT('',(5.375E0,1.8E0,-1.E0));
#1157=LINE('146740',#1156,#1155);
#1158=DIRECTION('',(0.E0,1.E0,0.E0));
#1159=VECTOR('',#1158,1.147596116903E-1);
#1160=CARTESIAN_POINT('',(4.625E0,1.8E0,-1.E0));
#1161=LINE('146721',#1160,#1159);
#1162=DIRECTION('',(1.E0,0.E0,0.E0));
#1163=VECTOR('',#1162,2.5E-1);
#1164=CARTESIAN_POINT('',(4.375E0,1.914759611690E0,-1.E0));
#1165=LINE('146720',#1164,#1163);
#1166=DIRECTION('',(0.E0,1.E0,0.E0));
#1167=VECTOR('',#1166,1.147596116903E-1);
#1168=CARTESIAN_POINT('',(4.375E0,1.8E0,-1.E0));
#1169=LINE('146719',#1168,#1167);
#1170=DIRECTION('',(-1.E0,0.E0,0.E0));
#1171=VECTOR('',#1170,7.5E-1);
#1172=CARTESIAN_POINT('',(4.375E0,1.8E0,-1.E0));
#1173=LINE('146770',#1172,#1171);
#1174=DIRECTION('',(0.E0,1.E0,0.E0));
#1175=VECTOR('',#1174,1.147596116903E-1);
#1176=CARTESIAN_POINT('',(3.625E0,1.8E0,-1.E0));
#1177=LINE('146751',#1176,#1175);
#1178=DIRECTION('',(1.E0,0.E0,0.E0));
#1179=VECTOR('',#1178,2.5E-1);
#1180=CARTESIAN_POINT('',(3.375E0,1.914759611690E0,-1.E0));
#1181=LINE('146750',#1180,#1179);
#1182=DIRECTION('',(0.E0,1.E0,0.E0));
#1183=VECTOR('',#1182,1.147596116903E-1);
#1184=CARTESIAN_POINT('',(3.375E0,1.8E0,-1.E0));
#1185=LINE('146749',#1184,#1183);
#1186=DIRECTION('',(-1.E0,0.E0,0.E0));
#1187=VECTOR('',#1186,7.5E-1);
#1188=CARTESIAN_POINT('',(3.375E0,1.8E0,-1.E0));
#1189=LINE('146800',#1188,#1187);
#1190=DIRECTION('',(0.E0,1.E0,0.E0));
#1191=VECTOR('',#1190,1.147596116903E-1);
#1192=CARTESIAN_POINT('',(2.625E0,1.8E0,-1.E0));
#1193=LINE('146781',#1192,#1191);
#1194=DIRECTION('',(1.E0,0.E0,0.E0));
#1195=VECTOR('',#1194,2.5E-1);
#1196=CARTESIAN_POINT('',(2.375E0,1.914759611690E0,-1.E0));
#1197=LINE('146780',#1196,#1195);
#1198=DIRECTION('',(0.E0,1.E0,0.E0));
#1199=VECTOR('',#1198,1.147596116903E-1);
#1200=CARTESIAN_POINT('',(2.375E0,1.8E0,-1.E0));
#1201=LINE('146779',#1200,#1199);
#1202=DIRECTION('',(-1.E0,0.E0,0.E0));
#1203=VECTOR('',#1202,7.5E-1);
#1204=CARTESIAN_POINT('',(2.375E0,1.8E0,-1.E0));
#1205=LINE('146830',#1204,#1203);
#1206=DIRECTION('',(0.E0,1.E0,0.E0));
#1207=VECTOR('',#1206,1.147596116903E-1);
#1208=CARTESIAN_POINT('',(1.625E0,1.8E0,-1.E0));
#1209=LINE('146811',#1208,#1207);
#1210=DIRECTION('',(1.E0,0.E0,0.E0));
#1211=VECTOR('',#1210,2.5E-1);
#1212=CARTESIAN_POINT('',(1.375E0,1.914759611690E0,-1.E0));
#1213=LINE('146810',#1212,#1211);
#1214=DIRECTION('',(0.E0,1.E0,0.E0));
#1215=VECTOR('',#1214,1.147596116903E-1);
#1216=CARTESIAN_POINT('',(1.375E0,1.8E0,-1.E0));
#1217=LINE('146809',#1216,#1215);
#1218=DIRECTION('',(-1.E0,0.E0,0.E0));
#1219=VECTOR('',#1218,7.5E-1);
#1220=CARTESIAN_POINT('',(1.375E0,1.8E0,-1.E0));
#1221=LINE('146860',#1220,#1219);
#1222=DIRECTION('',(0.E0,1.E0,0.E0));
#1223=VECTOR('',#1222,1.147596116903E-1);
#1224=CARTESIAN_POINT('',(6.25E-1,1.8E0,-1.E0));
#1225=LINE('146841',#1224,#1223);
#1226=DIRECTION('',(1.E0,0.E0,0.E0));
#1227=VECTOR('',#1226,2.5E-1);
#1228=CARTESIAN_POINT('',(3.75E-1,1.914759611690E0,-1.E0));
#1229=LINE('146840',#1228,#1227);
#1230=DIRECTION('',(0.E0,1.E0,0.E0));
#1231=VECTOR('',#1230,1.147596116903E-1);
#1232=CARTESIAN_POINT('',(3.75E-1,1.8E0,-1.E0));
#1233=LINE('146839',#1232,#1231);
#1234=DIRECTION('',(0.E0,-1.E0,0.E0));
#1235=VECTOR('',#1234,1.147596116903E-1);
#1236=CARTESIAN_POINT('',(-3.75E-1,1.914759611690E0,-1.E0));
#1237=LINE('154871',#1236,#1235);
#1238=DIRECTION('',(1.E0,0.E0,0.E0));
#1239=VECTOR('',#1238,2.5E-1);
#1240=CARTESIAN_POINT('',(-6.25E-1,1.914759611690E0,-1.E0));
#1241=LINE('154872',#1240,#1239);
#1242=DIRECTION('',(0.E0,-1.E0,0.E0));
#1243=VECTOR('',#1242,1.147596116903E-1);
#1244=CARTESIAN_POINT('',(-6.25E-1,1.914759611690E0,-1.E0));
#1245=LINE('154873',#1244,#1243);
#1246=DIRECTION('',(-1.E0,0.E0,0.E0));
#1247=VECTOR('',#1246,7.5E-1);
#1248=CARTESIAN_POINT('',(-6.25E-1,1.8E0,-1.E0));
#1249=LINE('154892',#1248,#1247);
#1250=DIRECTION('',(0.E0,-1.E0,0.E0));
#1251=VECTOR('',#1250,1.147596116903E-1);
#1252=CARTESIAN_POINT('',(-1.375E0,1.914759611690E0,-1.E0));
#1253=LINE('154841',#1252,#1251);
#1254=DIRECTION('',(1.E0,0.E0,0.E0));
#1255=VECTOR('',#1254,2.5E-1);
#1256=CARTESIAN_POINT('',(-1.625E0,1.914759611690E0,-1.E0));
#1257=LINE('154842',#1256,#1255);
#1258=DIRECTION('',(0.E0,-1.E0,0.E0));
#1259=VECTOR('',#1258,1.147596116903E-1);
#1260=CARTESIAN_POINT('',(-1.625E0,1.914759611690E0,-1.E0));
#1261=LINE('154843',#1260,#1259);
#1262=DIRECTION('',(-1.E0,0.E0,0.E0));
#1263=VECTOR('',#1262,7.5E-1);
#1264=CARTESIAN_POINT('',(-1.625E0,1.8E0,-1.E0));
#1265=LINE('154862',#1264,#1263);
#1266=DIRECTION('',(0.E0,-1.E0,0.E0));
#1267=VECTOR('',#1266,1.147596116903E-1);
#1268=CARTESIAN_POINT('',(-2.375E0,1.914759611690E0,-1.E0));
#1269=LINE('154811',#1268,#1267);
#1270=DIRECTION('',(1.E0,0.E0,0.E0));
#1271=VECTOR('',#1270,2.5E-1);
#1272=CARTESIAN_POINT('',(-2.625E0,1.914759611690E0,-1.E0));
#1273=LINE('154812',#1272,#1271);
#1274=DIRECTION('',(0.E0,-1.E0,0.E0));
#1275=VECTOR('',#1274,1.147596116903E-1);
#1276=CARTESIAN_POINT('',(-2.625E0,1.914759611690E0,-1.E0));
#1277=LINE('154813',#1276,#1275);
#1278=DIRECTION('',(-1.E0,0.E0,0.E0));
#1279=VECTOR('',#1278,7.5E-1);
#1280=CARTESIAN_POINT('',(-2.625E0,1.8E0,-1.E0));
#1281=LINE('154832',#1280,#1279);
#1282=DIRECTION('',(0.E0,-1.E0,0.E0));
#1283=VECTOR('',#1282,1.147596116903E-1);
#1284=CARTESIAN_POINT('',(-3.375E0,1.914759611690E0,-1.E0));
#1285=LINE('154781',#1284,#1283);
#1286=DIRECTION('',(1.E0,0.E0,0.E0));
#1287=VECTOR('',#1286,2.5E-1);
#1288=CARTESIAN_POINT('',(-3.625E0,1.914759611690E0,-1.E0));
#1289=LINE('154782',#1288,#1287);
#1290=DIRECTION('',(0.E0,-1.E0,0.E0));
#1291=VECTOR('',#1290,1.147596116903E-1);
#1292=CARTESIAN_POINT('',(-3.625E0,1.914759611690E0,-1.E0));
#1293=LINE('154783',#1292,#1291);
#1294=DIRECTION('',(-1.E0,0.E0,0.E0));
#1295=VECTOR('',#1294,7.5E-1);
#1296=CARTESIAN_POINT('',(-3.625E0,1.8E0,-1.E0));
#1297=LINE('154802',#1296,#1295);
#1298=DIRECTION('',(0.E0,-1.E0,0.E0));
#1299=VECTOR('',#1298,1.147596116903E-1);
#1300=CARTESIAN_POINT('',(-4.375E0,1.914759611690E0,-1.E0));
#1301=LINE('154751',#1300,#1299);
#1302=DIRECTION('',(1.E0,0.E0,0.E0));
#1303=VECTOR('',#1302,2.5E-1);
#1304=CARTESIAN_POINT('',(-4.625E0,1.914759611690E0,-1.E0));
#1305=LINE('154752',#1304,#1303);
#1306=DIRECTION('',(0.E0,-1.E0,0.E0));
#1307=VECTOR('',#1306,1.147596116903E-1);
#1308=CARTESIAN_POINT('',(-4.625E0,1.914759611690E0,-1.E0));
#1309=LINE('154753',#1308,#1307);
#1310=DIRECTION('',(-1.E0,0.E0,0.E0));
#1311=VECTOR('',#1310,7.5E-1);
#1312=CARTESIAN_POINT('',(-4.625E0,1.8E0,-1.E0));
#1313=LINE('154772',#1312,#1311);
#1314=DIRECTION('',(0.E0,-1.E0,0.E0));
#1315=VECTOR('',#1314,1.147596116903E-1);
#1316=CARTESIAN_POINT('',(-5.375E0,1.914759611690E0,-1.E0));
#1317=LINE('154724',#1316,#1315);
#1318=DIRECTION('',(1.E0,0.E0,0.E0));
#1319=VECTOR('',#1318,2.5E-1);
#1320=CARTESIAN_POINT('',(-5.625E0,1.914759611690E0,-1.E0));
#1321=LINE('154725',#1320,#1319);
#1322=DIRECTION('',(0.E0,-1.E0,0.E0));
#1323=VECTOR('',#1322,1.147596116903E-1);
#1324=CARTESIAN_POINT('',(-5.625E0,1.914759611690E0,-1.E0));
#1325=LINE('154726',#1324,#1323);
#1326=DIRECTION('',(1.E0,0.E0,0.E0));
#1327=VECTOR('',#1326,7.5E-1);
#1328=CARTESIAN_POINT('',(-6.375E0,1.8E0,-1.E0));
#1329=LINE('157841',#1328,#1327);
#1330=DIRECTION('',(0.E0,1.E0,0.E0));
#1331=VECTOR('',#1330,1.147596116903E-1);
#1332=CARTESIAN_POINT('',(-6.375E0,1.8E0,-1.E0));
#1333=LINE('157646',#1332,#1331);
#1334=DIRECTION('',(-1.E0,0.E0,0.E0));
#1335=VECTOR('',#1334,2.5E-1);
#1336=CARTESIAN_POINT('',(-6.375E0,1.914759611690E0,-1.E0));
#1337=LINE('157647',#1336,#1335);
#1338=DIRECTION('',(0.E0,1.E0,0.E0));
#1339=VECTOR('',#1338,1.147596116903E-1);
#1340=CARTESIAN_POINT('',(-6.625E0,1.8E0,-1.E0));
#1341=LINE('157648',#1340,#1339);
#1342=DIRECTION('',(1.E0,0.E0,0.E0));
#1343=VECTOR('',#1342,7.5E-1);
#1344=CARTESIAN_POINT('',(-7.375E0,1.8E0,-1.E0));
#1345=LINE('157667',#1344,#1343);
#1346=DIRECTION('',(0.E0,1.E0,0.E0));
#1347=VECTOR('',#1346,1.147596116903E-1);
#1348=CARTESIAN_POINT('',(-7.375E0,1.8E0,-1.E0));
#1349=LINE('157616',#1348,#1347);
#1350=DIRECTION('',(-1.E0,0.E0,0.E0));
#1351=VECTOR('',#1350,2.5E-1);
#1352=CARTESIAN_POINT('',(-7.375E0,1.914759611690E0,-1.E0));
#1353=LINE('157617',#1352,#1351);
#1354=DIRECTION('',(0.E0,1.E0,0.E0));
#1355=VECTOR('',#1354,1.147596116903E-1);
#1356=CARTESIAN_POINT('',(-7.625E0,1.8E0,-1.E0));
#1357=LINE('157618',#1356,#1355);
#1358=DIRECTION('',(1.E0,-7.181556936432E-14,0.E0));
#1359=VECTOR('',#1358,8.75E-1);
#1360=CARTESIAN_POINT('',(-8.5E0,1.8E0,-1.E0));
#1361=LINE('157637',#1360,#1359);
#1362=DIRECTION('',(-1.E0,0.E0,0.E0));
#1363=VECTOR('',#1362,1.7E1);
#1364=CARTESIAN_POINT('',(8.5E0,2.2E0,-1.E0));
#1365=LINE('152144',#1364,#1363);
#1366=DIRECTION('',(-1.E0,0.E0,0.E0));
#1367=VECTOR('',#1366,1.7E1);
#1368=CARTESIAN_POINT('',(8.5E0,2.2E0,0.E0));
#1369=LINE('152145',#1368,#1367);
#1370=DIRECTION('',(1.E0,0.E0,0.E0));
#1371=VECTOR('',#1370,1.6E1);
#1372=CARTESIAN_POINT('',(-8.E0,2.7E0,-4.8E0));
#1373=LINE('152147',#1372,#1371);
#1374=DIRECTION('',(-1.E0,0.E0,0.E0));
#1375=VECTOR('',#1374,1.6E1);
#1376=CARTESIAN_POINT('',(8.E0,2.7E0,0.E0));
#1377=LINE('152146',#1376,#1375);
#1378=DIRECTION('',(0.E0,1.332267629550E-14,-1.E0));
#1379=VECTOR('',#1378,4.8E0);
#1380=CARTESIAN_POINT('',(8.E0,2.7E0,0.E0));
#1381=LINE('145808',#1380,#1379);
#1382=DIRECTION('',(0.E0,-1.E0,0.E0));
#1383=VECTOR('',#1382,2.499999999999E-1);
#1384=CARTESIAN_POINT('',(8.E0,2.7E0,-4.8E0));
#1385=LINE('145736',#1384,#1383);
#1386=DIRECTION('',(0.E0,1.E0,0.E0));
#1387=VECTOR('',#1386,2.499999999998E-1);
#1388=CARTESIAN_POINT('',(8.E0,2.45E0,0.E0));
#1389=LINE('145804',#1388,#1387);
#1390=DIRECTION('',(1.E0,-4.902744876745E-14,0.E0));
#1391=VECTOR('',#1390,1.25E0);
#1392=CARTESIAN_POINT('',(8.E0,2.45E0,-4.8E0));
#1393=LINE('145737',#1392,#1391);
#1394=DIRECTION('',(-7.071067811864E-1,0.E0,-7.071067811867E-1));
#1395=VECTOR('',#1394,9.192388155423E-1);
#1396=CARTESIAN_POINT('',(1.03E1,2.45E0,-4.E0));
#1397=LINE('145812',#1396,#1395);
#1398=DIRECTION('',(-1.E0,1.216804434989E-13,0.E0));
#1399=VECTOR('',#1398,5.E-1);
#1400=CARTESIAN_POINT('',(8.5E0,2.45E0,0.E0));
#1401=LINE('145805',#1400,#1399);
#1402=DIRECTION('',(0.E0,0.E0,-1.E0));
#1403=VECTOR('',#1402,4.8E0);
#1404=CARTESIAN_POINT('',(8.E0,2.45E0,0.E0));
#1405=LINE('145809',#1404,#1403);
#1406=CARTESIAN_POINT('',(8.3E0,2.449756755458E0,-1.700797593633E0));
#1407=CARTESIAN_POINT('',(8.344453485133E0,2.449756755458E0,-1.700797593633E0));
#1408=CARTESIAN_POINT('',(8.433319828824E0,2.450081081514E0,-1.702621940389E0));
#1409=CARTESIAN_POINT('',(8.566680171176E0,2.450081081514E0,-1.702621940389E0));
#1410=CARTESIAN_POINT('',(8.655546514867E0,2.449756755458E0,-1.700797593633E0));
#1411=CARTESIAN_POINT('',(8.7E0,2.449756755458E0,-1.700797593633E0));
#1413=DIRECTION('',(0.E0,-8.110307604912E-5,9.999999967111E-1));
#1414=VECTOR('',#1413,2.999202416231E0);
#1415=CARTESIAN_POINT('',(8.7E0,2.45E0,-4.7E0));
#1416=LINE('158097',#1415,#1414);
#1417=DIRECTION('',(-1.E0,0.E0,0.E0));
#1418=VECTOR('',#1417,4.E-1);
#1419=CARTESIAN_POINT('',(8.7E0,2.45E0,-4.7E0));
#1420=LINE('147528',#1419,#1418);
#1421=DIRECTION('',(0.E0,-8.110307604912E-5,9.999999967111E-1));
#1422=VECTOR('',#1421,2.999202416231E0);
#1423=CARTESIAN_POINT('',(8.3E0,2.45E0,-4.7E0));
#1424=LINE('158096',#1423,#1422);
#1425=DIRECTION('',(1.894780628694E-12,4.144832625267E-13,-1.E0));
#1426=VECTOR('',#1425,1.5E-1);
#1427=CARTESIAN_POINT('',(9.25E0,2.45E0,-4.65E0));
#1428=LINE('145810',#1427,#1426);
#1429=DIRECTION('',(2.575717417130E-12,-1.E0,0.E0));
#1430=VECTOR('',#1429,1.E-1);
#1431=CARTESIAN_POINT('',(9.25E0,2.45E0,-4.8E0));
#1432=LINE('145738',#1431,#1430);
#1433=DIRECTION('',(-2.522426711948E-12,-1.E0,0.E0));
#1434=VECTOR('',#1433,1.E-1);
#1435=CARTESIAN_POINT('',(9.25E0,3.5E-1,-4.8E0));
#1436=LINE('145742',#1435,#1434);
#1437=DIRECTION('',(0.E0,0.E0,1.E0));
#1438=VECTOR('',#1437,2.E-1);
#1439=CARTESIAN_POINT('',(9.25E0,6.004015653559E-1,-4.85E0));
#1440=LINE('147608',#1439,#1438);
#1441=DIRECTION('',(0.E0,-3.420201433256E-1,9.396926207859E-1));
#1442=VECTOR('',#1441,1.064177772477E-1);
#1443=CARTESIAN_POINT('',(9.25E0,6.367985887825E-1,-4.95E0));
#1444=LINE('147607',#1443,#1442);
#1445=DIRECTION('',(0.E0,-1.E0,0.E0));
#1446=VECTOR('',#1445,1.090296156476E0);
#1447=CARTESIAN_POINT('',(9.25E0,1.727094745258E0,-4.95E0));
#1448=LINE('147610',#1447,#1446);
#1449=DIRECTION('',(0.E0,1.736481776667E-1,9.848077530122E-1));
#1450=VECTOR('',#1449,3.046279835658E-1);
#1451=CARTESIAN_POINT('',(9.25E0,1.727094745258E0,-4.95E0));
#1452=LINE('158393',#1451,#1450);
#1453=DIRECTION('',(4.242000847864E-13,-1.E0,0.E0));
#1454=VECTOR('',#1453,6.700071605293E-1);
#1455=CARTESIAN_POINT('',(9.25E0,2.45E0,-4.65E0));
#1456=LINE('158406',#1455,#1454);
#1457=DIRECTION('',(-6.416026282395E-13,1.E0,-2.187281687180E-13));
#1458=VECTOR('',#1457,6.700071605292E-1);
#1459=CARTESIAN_POINT('',(9.650000000001E0,1.779992839471E0,-4.65E0));
#1460=LINE('158407',#1459,#1458);
#1461=DIRECTION('',(1.E0,-1.554312234473E-13,-1.110223024624E-14));
#1462=VECTOR('',#1461,4.000000000006E-1);
#1463=CARTESIAN_POINT('',(9.25E0,2.45E0,-4.65E0));
#1464=LINE('145811',#1463,#1462);
#1465=DIRECTION('',(-7.016738431596E-1,-1.237240302064E-1,-7.016738431602E-1));
#1466=VECTOR('',#1465,7.838399640532E-1);
#1467=CARTESIAN_POINT('',(1.02E1,1.876972678860E0,-4.1E0));
#1468=LINE('158383',#1467,#1466);
#1469=DIRECTION('',(1.E0,0.E0,3.508304757809E-13));
#1470=VECTOR('',#1469,4.000000000007E-1);
#1471=CARTESIAN_POINT('',(9.25E0,1.779992839471E0,-4.65E0));
#1472=LINE('158384',#1471,#1470);
#1473=DIRECTION('',(-4.942704104074E-1,1.509537862401E-1,8.561014635050E-1));
#1474=VECTOR('',#1473,5.840429216803E-1);
#1475=CARTESIAN_POINT('',(9.538675134594E0,1.638931254904E0,-5.45E0));
#1476=LINE('146610',#1475,#1474);
#1477=DIRECTION('',(1.E0,4.203680519337E-13,3.585887216176E-13));
#1478=VECTOR('',#1477,6.613248654062E-1);
#1479=CARTESIAN_POINT('',(9.538675134594E0,1.638931254904E0,-5.45E0));
#1480=LINE('145694',#1479,#1478);
#1481=DIRECTION('',(0.E0,-1.E0,-1.911539982085E-13));
#1482=VECTOR('',#1481,2.230273211398E-1);
#1483=CARTESIAN_POINT('',(1.02E1,2.1E0,-4.1E0));
#1484=LINE('158399',#1483,#1482);
#1485=DIRECTION('',(6.090366306519E-14,1.E0,0.E0));
#1486=VECTOR('',#1485,3.499999999998E-1);
#1487=CARTESIAN_POINT('',(1.03E1,2.1E0,-4.E0));
#1488=LINE('145863',#1487,#1486);
#1489=DIRECTION('',(0.E0,1.E0,6.486663058543E-13));
#1490=VECTOR('',#1489,1.5E0);
#1491=CARTESIAN_POINT('',(1.02E1,6.E-1,-1.2E0));
#1492=LINE('158405',#1491,#1490);
#1493=DIRECTION('',(-4.846402780345E-13,1.736481776667E-1,9.848077530123E-1));
#1494=VECTOR('',#1493,1.370825926046E0);
#1495=CARTESIAN_POINT('',(1.02E1,1.638931254904E0,-5.45E0));
#1496=LINE('158387',#1495,#1494);
#1497=DIRECTION('',(1.007101746366E-12,3.420201433257E-1,-9.396926207859E-1));
#1498=VECTOR('',#1497,6.385066634855E-1);
#1499=CARTESIAN_POINT('',(1.02E1,6.004015653559E-1,-4.85E0));
#1500=LINE('145687',#1499,#1498);
#1501=DIRECTION('',(0.E0,-6.923540602367E-5,9.999999976032E-1));
#1502=VECTOR('',#1501,2.900000006951E0);
#1503=CARTESIAN_POINT('',(1.02E1,6.002007826779E-1,-4.1E0));
#1504=LINE('158404',#1503,#1502);
#1505=CARTESIAN_POINT('',(-1.07E1,2.100401565356E0,-1.2E0));
#1506=DIRECTION('',(0.E0,0.E0,-1.E0));
#1507=DIRECTION('',(-1.E0,-5.107025913276E-14,0.E0));
#1508=AXIS2_PLACEMENT_3D('',#1505,#1506,#1507);
#1510=CARTESIAN_POINT('',(-1.07E1,3.504015653559E-1,-1.2E0));
#1511=DIRECTION('',(0.E0,0.E0,-1.E0));
#1512=DIRECTION('',(0.E0,-1.E0,0.E0));
#1513=AXIS2_PLACEMENT_3D('',#1510,#1511,#1512);
#1515=DIRECTION('',(1.E0,0.E0,4.631216045579E-14));
#1516=VECTOR('',#1515,1.4E0);
#1517=CARTESIAN_POINT('',(-9.4E0,5.040156535590E-2,-1.2E0));
#1518=LINE('157728',#1517,#1516);
#1519=DIRECTION('',(-1.E0,0.E0,4.615355716656E-14));
#1520=VECTOR('',#1519,1.4E0);
#1521=CARTESIAN_POINT('',(9.4E0,5.040156535590E-2,-1.2E0));
#1522=LINE('147757',#1521,#1520);
#1523=CARTESIAN_POINT('',(1.07E1,3.504015653559E-1,-1.2E0));
#1524=DIRECTION('',(0.E0,0.E0,1.E0));
#1525=DIRECTION('',(0.E0,-1.E0,0.E0));
#1526=AXIS2_PLACEMENT_3D('',#1523,#1524,#1525);
#1528=CARTESIAN_POINT('',(1.07E1,2.100401565356E0,-1.2E0));
#1529=DIRECTION('',(0.E0,0.E0,1.E0));
#1530=DIRECTION('',(1.E0,-5.107025913276E-14,0.E0));
#1531=AXIS2_PLACEMENT_3D('',#1528,#1529,#1530);
#1533=DIRECTION('',(-1.E0,0.E0,0.E0));
#1534=VECTOR('',#1533,1.75E1);
#1535=CARTESIAN_POINT('',(8.75E0,4.499999999999E-1,-1.2E0));
#1536=LINE('158485',#1535,#1534);
#1537=DIRECTION('',(0.E0,-1.E0,-4.855375361024E-13));
#1538=VECTOR('',#1537,1.500000000001E-1);
#1539=CARTESIAN_POINT('',(8.75E0,6.E-1,-1.2E0));
#1540=LINE('158414',#1539,#1538);
#1541=DIRECTION('',(-1.E0,0.E0,0.E0));
#1542=VECTOR('',#1541,1.645338635980E1);
#1543=CARTESIAN_POINT('',(8.226693179901E0,6.504015653559E-1,-1.2E0));
#1544=LINE('152162',#1543,#1542);
#1545=DIRECTION('',(0.E0,-1.E0,-4.855375361024E-13));
#1546=VECTOR('',#1545,1.500000000001E-1);
#1547=CARTESIAN_POINT('',(-8.75E0,6.E-1,-1.2E0));
#1548=LINE('158475',#1547,#1546);
#1549=DIRECTION('',(0.E0,1.E0,6.486663058543E-13));
#1550=VECTOR('',#1549,1.5E0);
#1551=CARTESIAN_POINT('',(-1.02E1,6.E-1,-1.2E0));
#1552=LINE('158466',#1551,#1550);
#1553=DIRECTION('',(0.E0,-6.923540602363E-5,9.999999976032E-1));
#1554=VECTOR('',#1553,2.900000006951E0);
#1555=CARTESIAN_POINT('',(-1.02E1,6.002007826779E-1,-4.1E0));
#1556=LINE('158465',#1555,#1554);
#1557=DIRECTION('',(-1.007101746366E-12,3.420201433257E-1,-9.396926207859E-1));
#1558=VECTOR('',#1557,6.385066634855E-1);
#1559=CARTESIAN_POINT('',(-1.02E1,6.004015653559E-1,-4.85E0));
#1560=LINE('157435',#1559,#1558);
#1561=DIRECTION('',(4.859361076549E-13,1.736481776667E-1,9.848077530123E-1));
#1562=VECTOR('',#1561,1.370825926046E0);
#1563=CARTESIAN_POINT('',(-1.02E1,1.638931254904E0,-5.45E0));
#1564=LINE('158458',#1563,#1562);
#1565=DIRECTION('',(1.E0,0.E0,0.E0));
#1566=VECTOR('',#1565,1.E-1);
#1567=CARTESIAN_POINT('',(-1.03E1,6.E-1,-1.2E0));
#1568=LINE('158461',#1567,#1566);
#1569=DIRECTION('',(0.E0,0.E0,1.E0));
#1570=VECTOR('',#1569,2.8E0);
#1571=CARTESIAN_POINT('',(-1.03E1,6.E-1,-4.E0));
#1572=LINE('157752',#1571,#1570);
#1573=DIRECTION('',(7.071060685357E-1,1.419746500353E-3,-7.071060685356E-1));
#1574=VECTOR('',#1573,1.414214987676E-1);
#1575=CARTESIAN_POINT('',(-1.03E1,6.E-1,-4.E0));
#1576=LINE('157756',#1575,#1574);
#1577=DIRECTION('',(-1.E0,0.E0,-1.238180932548E-13));
#1578=VECTOR('',#1577,5.9E-1);
#1579=CARTESIAN_POINT('',(-8.75E0,6.E-1,-1.2E0));
#1580=LINE('158472',#1579,#1578);
#1581=DIRECTION('',(-9.999998691460E-1,-5.115740746427E-4,1.043803817686E-13));
#1582=VECTOR('',#1581,5.233068885745E-1);
#1583=CARTESIAN_POINT('',(-8.226693179902E0,6.002677102373E-1,-1.2E0));
#1584=LINE('158478',#1583,#1582);
#1585=DIRECTION('',(1.736481776501E-1,-8.309507440957E-14,9.848077530152E-1));
#1586=VECTOR('',#1585,1.015426611879E-1);
#1587=CARTESIAN_POINT('',(-8.226693179902E0,6.002677102373E-1,-1.2E0));
#1588=LINE('157428',#1587,#1586);
#1589=DIRECTION('',(1.E0,0.E0,-2.858658129619E-13));
#1590=VECTOR('',#1589,1.130939518165E0);
#1591=CARTESIAN_POINT('',(-9.339999999998E0,6.002677102373E-1,-1.1E0));
#1592=LINE('157426',#1591,#1590);
#1593=DIRECTION('',(0.E0,1.E0,6.490046595380E-13));
#1594=VECTOR('',#1593,3.5E-1);
#1595=CARTESIAN_POINT('',(-1.03E1,2.5E-1,-1.2E0));
#1596=LINE('157695',#1595,#1594);
#1597=DIRECTION('',(0.E0,0.E0,1.E0));
#1598=VECTOR('',#1597,2.8E0);
#1599=CARTESIAN_POINT('',(-1.03E1,2.5E-1,-4.E0));
#1600=LINE('157750',#1599,#1598);
#1601=DIRECTION('',(-1.E0,0.E0,0.E0));
#1602=VECTOR('',#1601,2.3E0);
#1603=CARTESIAN_POINT('',(-8.E0,2.5E-1,-1.2E0));
#1604=LINE('157693',#1603,#1602);
#1605=DIRECTION('',(-1.E0,0.E0,0.E0));
#1606=VECTOR('',#1605,3.E-1);
#1607=CARTESIAN_POINT('',(-8.E0,2.5E-1,-4.8E0));
#1608=LINE('157586',#1607,#1606);
#1609=DIRECTION('',(0.E0,0.E0,1.E0));
#1610=VECTOR('',#1609,3.099865099465E0);
#1611=CARTESIAN_POINT('',(-8.3E0,2.5E-1,-4.8E0));
#1612=LINE('157675',#1611,#1610);
#1613=DIRECTION('',(-1.E0,0.E0,0.E0));
#1614=VECTOR('',#1613,4.E-1);
#1615=CARTESIAN_POINT('',(-8.3E0,2.5E-1,-1.700134900535E0));
#1616=LINE('157676',#1615,#1614);
#1617=DIRECTION('',(0.E0,0.E0,1.E0));
#1618=VECTOR('',#1617,3.099865099465E0);
#1619=CARTESIAN_POINT('',(-8.7E0,2.5E-1,-4.8E0));
#1620=LINE('157677',#1619,#1618);
#1621=DIRECTION('',(-1.E0,0.E0,0.E0));
#1622=VECTOR('',#1621,5.5E-1);
#1623=CARTESIAN_POINT('',(-8.7E0,2.5E-1,-4.8E0));
#1624=LINE('157587',#1623,#1622);
#1625=DIRECTION('',(1.894780628694E-12,0.E0,1.E0));
#1626=VECTOR('',#1625,1.5E-1);
#1627=CARTESIAN_POINT('',(-9.25E0,2.5E-1,-4.8E0));
#1628=LINE('157480',#1627,#1626);
#1629=DIRECTION('',(7.071067811864E-1,0.E0,-7.071067811867E-1));
#1630=VECTOR('',#1629,9.192388155423E-1);
#1631=CARTESIAN_POINT('',(-1.03E1,2.5E-1,-4.E0));
#1632=LINE('157504',#1631,#1630);
#1633=DIRECTION('',(0.E0,-1.E0,-3.237248836565E-13));
#1634=VECTOR('',#1633,1.995984346441E-1);
#1635=CARTESIAN_POINT('',(-8.E0,2.5E-1,-1.2E0));
#1636=LINE('157694',#1635,#1634);
#1637=DIRECTION('',(0.E0,1.E0,-3.854821332184E-12));
#1638=VECTOR('',#1637,5.040156535590E-2);
#1639=CARTESIAN_POINT('',(-8.E0,0.E0,-1.2E0));
#1640=LINE('157740',#1639,#1638);
#1641=DIRECTION('',(0.E0,-1.E0,0.E0));
#1642=VECTOR('',#1641,2.5E-1);
#1643=CARTESIAN_POINT('',(-8.E0,2.5E-1,-4.8E0));
#1644=LINE('157451',#1643,#1642);
#1645=DIRECTION('',(0.E0,0.E0,-1.E0));
#1646=VECTOR('',#1645,3.6E0);
#1647=CARTESIAN_POINT('',(-8.E0,2.5E-1,-1.2E0));
#1648=LINE('157751',#1647,#1646);
#1649=DIRECTION('',(1.E0,0.E0,0.E0));
#1650=VECTOR('',#1649,1.88E1);
#1651=CARTESIAN_POINT('',(-9.4E0,5.040156535590E-2,0.E0));
#1652=LINE('152157',#1651,#1650);
#1653=DIRECTION('',(-1.E0,0.E0,0.E0));
#1654=VECTOR('',#1653,1.6E1);
#1655=CARTESIAN_POINT('',(8.E0,5.040156535590E-2,-1.2E0));
#1656=LINE('152156',#1655,#1654);
#1657=CARTESIAN_POINT('',(1.07E1,2.100401565356E0,-3.841371665203E-14));
#1658=DIRECTION('',(0.E0,0.E0,1.E0));
#1659=DIRECTION('',(1.E0,-5.329070518201E-14,0.E0));
#1660=AXIS2_PLACEMENT_3D('',#1657,#1658,#1659);
#1662=CARTESIAN_POINT('',(1.07E1,3.504015653559E-1,-1.076569389191E-14));
#1663=DIRECTION('',(0.E0,0.E0,1.E0));
#1664=DIRECTION('',(1.776356839400E-14,-1.E0,0.E0));
#1665=AXIS2_PLACEMENT_3D('',#1662,#1663,#1664);
#1667=CARTESIAN_POINT('',(-1.07E1,3.504015653559E-1,-1.076569389191E-14));
#1668=DIRECTION('',(0.E0,0.E0,-1.E0));
#1669=DIRECTION('',(-1.776356839400E-14,-1.E0,0.E0));
#1670=AXIS2_PLACEMENT_3D('',#1667,#1668,#1669);
#1672=CARTESIAN_POINT('',(-1.07E1,2.100401565356E0,-3.841371665203E-14));
#1673=DIRECTION('',(0.E0,0.E0,-1.E0));
#1674=DIRECTION('',(-1.E0,-5.329070518201E-14,0.E0));
#1675=AXIS2_PLACEMENT_3D('',#1672,#1673,#1674);
#1677=DIRECTION('',(1.736481776657E-1,3.979816721697E-14,-9.848077530124E-1));
#1678=VECTOR('',#1677,5.077133059424E-1);
#1679=CARTESIAN_POINT('',(8.209060481832E0,1.300401565356E0,-1.1E0));
#1680=LINE('158649',#1679,#1678);
#1681=DIRECTION('',(-1.E0,0.E0,0.E0));
#1682=VECTOR('',#1681,1.73E1);
#1683=CARTESIAN_POINT('',(8.65E0,1.300401565356E0,0.E0));
#1684=LINE('152152',#1683,#1682);
#1685=DIRECTION('',(-1.736481776657E-1,3.979816721697E-14,-9.848077530124E-1));
#1686=VECTOR('',#1685,5.077133059424E-1);
#1687=CARTESIAN_POINT('',(-8.209060481832E0,1.300401565356E0,-1.1E0));
#1688=LINE('158693',#1687,#1686);
#1689=DIRECTION('',(1.E0,0.E0,0.E0));
#1690=VECTOR('',#1689,1.65E1);
#1691=CARTESIAN_POINT('',(-8.25E0,1.300401565356E0,-3.E0));
#1692=LINE('158704',#1691,#1690);
#1693=DIRECTION('',(0.E0,0.E0,-1.E0));
#1694=VECTOR('',#1693,1.000000000001E-1);
#1695=CARTESIAN_POINT('',(-8.75E0,7.5E-1,-1.5E0));
#1696=LINE('158471',#1695,#1694);
#1697=DIRECTION('',(-1.736478364889E-1,-1.982294624504E-3,-9.848058181138E-1));
#1698=VECTOR('',#1697,1.012880101010E-1);
#1699=CARTESIAN_POINT('',(-8.279635528369E0,7.502007826779E-1,
-1.500250978347E0));
#1700=LINE('157684',#1699,#1698);
#1701=DIRECTION('',(9.999997665375E-1,4.268660649022E-4,-5.335825811270E-4));
#1702=VECTOR('',#1701,4.703645814431E-1);
#1703=CARTESIAN_POINT('',(-8.75E0,7.5E-1,-1.5E0));
#1704=LINE('158480',#1703,#1702);
#1705=DIRECTION('',(-1.E0,0.E0,0.E0));
#1706=VECTOR('',#1705,6.25E-1);
#1707=CARTESIAN_POINT('',(-7.625E0,7.5E-1,-3.E0));
#1708=LINE('157683',#1707,#1706);
#1709=DIRECTION('',(0.E0,0.E0,-1.E0));
#1710=VECTOR('',#1709,3.5E-1);
#1711=CARTESIAN_POINT('',(-7.625E0,7.5E-1,-3.E0));
#1712=LINE('157772',#1711,#1710);
#1713=DIRECTION('',(-1.E0,0.E0,0.E0));
#1714=VECTOR('',#1713,7.5E-1);
#1715=CARTESIAN_POINT('',(-6.625E0,7.5E-1,-3.E0));
#1716=LINE('157682',#1715,#1714);
#1717=DIRECTION('',(0.E0,0.E0,-1.E0));
#1718=VECTOR('',#1717,3.5E-1);
#1719=CARTESIAN_POINT('',(-7.375E0,7.5E-1,-3.E0));
#1720=LINE('157771',#1719,#1718);
#1721=DIRECTION('',(0.E0,0.E0,-1.E0));
#1722=VECTOR('',#1721,3.5E-1);
#1723=CARTESIAN_POINT('',(-6.625E0,7.5E-1,-3.E0));
#1724=LINE('157775',#1723,#1722);
#1725=DIRECTION('',(-1.E0,0.E0,0.E0));
#1726=VECTOR('',#1725,7.5E-1);
#1727=CARTESIAN_POINT('',(-5.625E0,7.5E-1,-3.E0));
#1728=LINE('157842',#1727,#1726);
#1729=DIRECTION('',(0.E0,0.E0,-1.E0));
#1730=VECTOR('',#1729,3.5E-1);
#1731=CARTESIAN_POINT('',(-6.375E0,7.5E-1,-3.E0));
#1732=LINE('157774',#1731,#1730);
#1733=DIRECTION('',(0.E0,0.E0,1.E0));
#1734=VECTOR('',#1733,3.5E-1);
#1735=CARTESIAN_POINT('',(-5.625E0,7.5E-1,-3.35E0));
#1736=LINE('155185',#1735,#1734);
#1737=DIRECTION('',(1.E0,0.E0,0.E0));
#1738=VECTOR('',#1737,7.5E-1);
#1739=CARTESIAN_POINT('',(-5.375E0,7.5E-1,-3.E0));
#1740=LINE('155118',#1739,#1738);
#1741=DIRECTION('',(0.E0,0.E0,1.E0));
#1742=VECTOR('',#1741,3.5E-1);
#1743=CARTESIAN_POINT('',(-5.375E0,7.5E-1,-3.35E0));
#1744=LINE('155184',#1743,#1742);
#1745=DIRECTION('',(0.E0,0.E0,1.E0));
#1746=VECTOR('',#1745,3.5E-1);
#1747=CARTESIAN_POINT('',(-4.625E0,7.5E-1,-3.35E0));
#1748=LINE('155187',#1747,#1746);
#1749=DIRECTION('',(1.E0,0.E0,0.E0));
#1750=VECTOR('',#1749,7.5E-1);
#1751=CARTESIAN_POINT('',(-4.375E0,7.5E-1,-3.E0));
#1752=LINE('155117',#1751,#1750);
#1753=DIRECTION('',(0.E0,0.E0,1.E0));
#1754=VECTOR('',#1753,3.5E-1);
#1755=CARTESIAN_POINT('',(-4.375E0,7.5E-1,-3.35E0));
#1756=LINE('155186',#1755,#1754);
#1757=DIRECTION('',(0.E0,0.E0,1.E0));
#1758=VECTOR('',#1757,3.5E-1);
#1759=CARTESIAN_POINT('',(-3.625E0,7.5E-1,-3.35E0));
#1760=LINE('155189',#1759,#1758);
#1761=DIRECTION('',(1.E0,0.E0,0.E0));
#1762=VECTOR('',#1761,7.5E-1);
#1763=CARTESIAN_POINT('',(-3.375E0,7.5E-1,-3.E0));
#1764=LINE('155116',#1763,#1762);
#1765=DIRECTION('',(0.E0,0.E0,1.E0));
#1766=VECTOR('',#1765,3.5E-1);
#1767=CARTESIAN_POINT('',(-3.375E0,7.5E-1,-3.35E0));
#1768=LINE('155188',#1767,#1766);
#1769=DIRECTION('',(0.E0,0.E0,1.E0));
#1770=VECTOR('',#1769,3.5E-1);
#1771=CARTESIAN_POINT('',(-2.625E0,7.5E-1,-3.35E0));
#1772=LINE('155191',#1771,#1770);
#1773=DIRECTION('',(1.E0,0.E0,0.E0));
#1774=VECTOR('',#1773,7.5E-1);
#1775=CARTESIAN_POINT('',(-2.375E0,7.5E-1,-3.E0));
#1776=LINE('155115',#1775,#1774);
#1777=DIRECTION('',(0.E0,0.E0,1.E0));
#1778=VECTOR('',#1777,3.5E-1);
#1779=CARTESIAN_POINT('',(-2.375E0,7.5E-1,-3.35E0));
#1780=LINE('155190',#1779,#1778);
#1781=DIRECTION('',(0.E0,0.E0,1.E0));
#1782=VECTOR('',#1781,3.5E-1);
#1783=CARTESIAN_POINT('',(-1.625E0,7.5E-1,-3.35E0));
#1784=LINE('155193',#1783,#1782);
#1785=DIRECTION('',(1.E0,0.E0,0.E0));
#1786=VECTOR('',#1785,7.5E-1);
#1787=CARTESIAN_POINT('',(-1.375E0,7.5E-1,-3.E0));
#1788=LINE('155114',#1787,#1786);
#1789=DIRECTION('',(0.E0,0.E0,1.E0));
#1790=VECTOR('',#1789,3.5E-1);
#1791=CARTESIAN_POINT('',(-1.375E0,7.5E-1,-3.35E0));
#1792=LINE('155192',#1791,#1790);
#1793=DIRECTION('',(0.E0,0.E0,1.E0));
#1794=VECTOR('',#1793,3.5E-1);
#1795=CARTESIAN_POINT('',(-6.25E-1,7.5E-1,-3.35E0));
#1796=LINE('155195',#1795,#1794);
#1797=DIRECTION('',(1.E0,0.E0,0.E0));
#1798=VECTOR('',#1797,7.5E-1);
#1799=CARTESIAN_POINT('',(6.25E-1,7.5E-1,-3.E0));
#1800=LINE('147595',#1799,#1798);
#1801=DIRECTION('',(0.E0,0.E0,-1.E0));
#1802=VECTOR('',#1801,3.5E-1);
#1803=CARTESIAN_POINT('',(6.25E-1,7.5E-1,-3.E0));
#1804=LINE('147911',#1803,#1802);
#1805=DIRECTION('',(0.E0,0.E0,-1.E0));
#1806=VECTOR('',#1805,3.5E-1);
#1807=CARTESIAN_POINT('',(1.375E0,7.5E-1,-3.E0));
#1808=LINE('147908',#1807,#1806);
#1809=DIRECTION('',(1.E0,0.E0,0.E0));
#1810=VECTOR('',#1809,7.5E-1);
#1811=CARTESIAN_POINT('',(1.625E0,7.5E-1,-3.E0));
#1812=LINE('147596',#1811,#1810);
#1813=DIRECTION('',(0.E0,0.E0,-1.E0));
#1814=VECTOR('',#1813,3.5E-1);
#1815=CARTESIAN_POINT('',(1.625E0,7.5E-1,-3.E0));
#1816=LINE('147909',#1815,#1814);
#1817=DIRECTION('',(0.E0,0.E0,-1.E0));
#1818=VECTOR('',#1817,3.5E-1);
#1819=CARTESIAN_POINT('',(2.375E0,7.5E-1,-3.E0));
#1820=LINE('147906',#1819,#1818);
#1821=DIRECTION('',(1.E0,0.E0,0.E0));
#1822=VECTOR('',#1821,7.5E-1);
#1823=CARTESIAN_POINT('',(2.625E0,7.5E-1,-3.E0));
#1824=LINE('147597',#1823,#1822);
#1825=DIRECTION('',(0.E0,0.E0,-1.E0));
#1826=VECTOR('',#1825,3.5E-1);
#1827=CARTESIAN_POINT('',(2.625E0,7.5E-1,-3.E0));
#1828=LINE('147907',#1827,#1826);
#1829=DIRECTION('',(0.E0,0.E0,-1.E0));
#1830=VECTOR('',#1829,3.5E-1);
#1831=CARTESIAN_POINT('',(3.375E0,7.5E-1,-3.E0));
#1832=LINE('147904',#1831,#1830);
#1833=DIRECTION('',(1.E0,0.E0,0.E0));
#1834=VECTOR('',#1833,7.5E-1);
#1835=CARTESIAN_POINT('',(3.625E0,7.5E-1,-3.E0));
#1836=LINE('147598',#1835,#1834);
#1837=DIRECTION('',(0.E0,0.E0,-1.E0));
#1838=VECTOR('',#1837,3.5E-1);
#1839=CARTESIAN_POINT('',(3.625E0,7.5E-1,-3.E0));
#1840=LINE('147905',#1839,#1838);
#1841=DIRECTION('',(0.E0,0.E0,-1.E0));
#1842=VECTOR('',#1841,3.5E-1);
#1843=CARTESIAN_POINT('',(4.375E0,7.5E-1,-3.E0));
#1844=LINE('147902',#1843,#1842);
#1845=DIRECTION('',(1.E0,0.E0,0.E0));
#1846=VECTOR('',#1845,7.5E-1);
#1847=CARTESIAN_POINT('',(4.625E0,7.5E-1,-3.E0));
#1848=LINE('147599',#1847,#1846);
#1849=DIRECTION('',(0.E0,0.E0,-1.E0));
#1850=VECTOR('',#1849,3.5E-1);
#1851=CARTESIAN_POINT('',(4.625E0,7.5E-1,-3.E0));
#1852=LINE('147903',#1851,#1850);
#1853=DIRECTION('',(0.E0,0.E0,-1.E0));
#1854=VECTOR('',#1853,3.5E-1);
#1855=CARTESIAN_POINT('',(5.375E0,7.5E-1,-3.E0));
#1856=LINE('147900',#1855,#1854);
#1857=DIRECTION('',(1.E0,0.E0,0.E0));
#1858=VECTOR('',#1857,7.5E-1);
#1859=CARTESIAN_POINT('',(5.625E0,7.5E-1,-3.E0));
#1860=LINE('147600',#1859,#1858);
#1861=DIRECTION('',(0.E0,0.E0,-1.E0));
#1862=VECTOR('',#1861,3.5E-1);
#1863=CARTESIAN_POINT('',(5.625E0,7.5E-1,-3.E0));
#1864=LINE('147901',#1863,#1862);
#1865=DIRECTION('',(0.E0,0.E0,-1.E0));
#1866=VECTOR('',#1865,3.5E-1);
#1867=CARTESIAN_POINT('',(6.375E0,7.5E-1,-3.E0));
#1868=LINE('147898',#1867,#1866);
#1869=DIRECTION('',(1.E0,0.E0,0.E0));
#1870=VECTOR('',#1869,7.5E-1);
#1871=CARTESIAN_POINT('',(6.625E0,7.5E-1,-3.E0));
#1872=LINE('147601',#1871,#1870);
#1873=DIRECTION('',(0.E0,0.E0,-1.E0));
#1874=VECTOR('',#1873,3.5E-1);
#1875=CARTESIAN_POINT('',(6.625E0,7.5E-1,-3.E0));
#1876=LINE('147899',#1875,#1874);
#1877=DIRECTION('',(0.E0,0.E0,-1.E0));
#1878=VECTOR('',#1877,3.5E-1);
#1879=CARTESIAN_POINT('',(7.375E0,7.5E-1,-3.E0));
#1880=LINE('147895',#1879,#1878);
#1881=DIRECTION('',(1.E0,0.E0,0.E0));
#1882=VECTOR('',#1881,6.25E-1);
#1883=CARTESIAN_POINT('',(7.625E0,7.5E-1,-3.E0));
#1884=LINE('147602',#1883,#1882);
#1885=DIRECTION('',(0.E0,0.E0,-1.E0));
#1886=VECTOR('',#1885,3.5E-1);
#1887=CARTESIAN_POINT('',(7.625E0,7.5E-1,-3.E0));
#1888=LINE('147896',#1887,#1886);
#1889=DIRECTION('',(0.E0,0.E0,-1.E0));
#1890=VECTOR('',#1889,1.000000000001E-1);
#1891=CARTESIAN_POINT('',(8.75E0,7.5E-1,-1.5E0));
#1892=LINE('158410',#1891,#1890);
#1893=DIRECTION('',(-9.999997665375E-1,4.268660649022E-4,-5.335825811270E-4));
#1894=VECTOR('',#1893,4.703645814431E-1);
#1895=CARTESIAN_POINT('',(8.75E0,7.5E-1,-1.5E0));
#1896=LINE('158419',#1895,#1894);
#1897=DIRECTION('',(1.736478364889E-1,-1.982294624504E-3,-9.848058181138E-1));
#1898=VECTOR('',#1897,1.012880101010E-1);
#1899=CARTESIAN_POINT('',(8.279635528369E0,7.502007826779E-1,
-1.500250978347E0));
#1900=LINE('147603',#1899,#1898);
#1901=DIRECTION('',(-1.E0,0.E0,0.E0));
#1902=VECTOR('',#1901,7.5E-1);
#1903=CARTESIAN_POINT('',(3.75E-1,7.5E-1,-3.35E0));
#1904=LINE('158751',#1903,#1902);
#1905=DIRECTION('',(0.E0,0.E0,-1.E0));
#1906=VECTOR('',#1905,3.5E-1);
#1907=CARTESIAN_POINT('',(3.75E-1,7.5E-1,-3.E0));
#1908=LINE('147910',#1907,#1906);
#1909=DIRECTION('',(1.E0,0.E0,0.E0));
#1910=VECTOR('',#1909,7.5E-1);
#1911=CARTESIAN_POINT('',(-3.75E-1,7.5E-1,-3.E0));
#1912=LINE('158752',#1911,#1910);
#1913=DIRECTION('',(0.E0,0.E0,1.E0));
#1914=VECTOR('',#1913,3.5E-1);
#1915=CARTESIAN_POINT('',(-3.75E-1,7.5E-1,-3.35E0));
#1916=LINE('155194',#1915,#1914);
#1917=DIRECTION('',(0.E0,-7.071067811868E-1,7.071067811863E-1));
#1918=VECTOR('',#1917,4.242640687119E-1);
#1919=CARTESIAN_POINT('',(8.75E0,7.5E-1,-1.5E0));
#1920=LINE('158409',#1919,#1918);
#1921=DIRECTION('',(0.E0,-7.071067811868E-1,7.071067811863E-1));
#1922=VECTOR('',#1921,4.242640687119E-1);
#1923=CARTESIAN_POINT('',(-8.75E0,7.5E-1,-1.5E0));
#1924=LINE('158470',#1923,#1922);
#1925=DIRECTION('',(1.736480930077E-1,-9.874221001391E-4,-9.848072729181E-1));
#1926=VECTOR('',#1925,2.033402715984E-1);
#1927=CARTESIAN_POINT('',(8.244325877975E0,7.504015653560E-1,-1.3E0));
#1928=LINE('147759',#1927,#1926);
#1929=DIRECTION('',(-1.E0,0.E0,0.E0));
#1930=VECTOR('',#1929,1.655927105674E1);
#1931=CARTESIAN_POINT('',(8.279635528369E0,7.502007826779E-1,
-1.500250978347E0));
#1932=LINE('152154',#1931,#1930);
#1933=DIRECTION('',(-1.736480930077E-1,-9.874221001391E-4,-9.848072729181E-1));
#1934=VECTOR('',#1933,2.033402715984E-1);
#1935=CARTESIAN_POINT('',(-8.244325877975E0,7.504015653560E-1,-1.3E0));
#1936=LINE('157729',#1935,#1934);
#1937=DIRECTION('',(1.237240302248E-1,7.016738431584E-1,-7.016738431581E-1));
#1938=VECTOR('',#1937,1.425163571011E-1);
#1939=CARTESIAN_POINT('',(8.226693179901E0,6.504015653559E-1,-1.2E0));
#1940=LINE('145653',#1939,#1938);
#1941=DIRECTION('',(-1.E0,0.E0,0.E0));
#1942=VECTOR('',#1941,1.648865175595E1);
#1943=CARTESIAN_POINT('',(8.244325877975E0,7.504015653560E-1,-1.3E0));
#1944=LINE('152155',#1943,#1942);
#1945=DIRECTION('',(-1.237240302248E-1,7.016738431584E-1,-7.016738431581E-1));
#1946=VECTOR('',#1945,1.425163571011E-1);
#1947=CARTESIAN_POINT('',(-8.226693179901E0,6.504015653559E-1,-1.2E0));
#1948=LINE('157407',#1947,#1946);
#1949=DIRECTION('',(2.260579524266E-11,-1.E0,9.389554450323E-13));
#1950=VECTOR('',#1949,5.013385511864E-2);
#1951=CARTESIAN_POINT('',(8.226693179901E0,6.504015653559E-1,-1.2E0));
#1952=LINE('145660',#1951,#1950);
#1953=DIRECTION('',(-1.560357991896E-12,1.E0,7.674931586153E-14));
#1954=VECTOR('',#1953,7.001338551187E-1);
#1955=CARTESIAN_POINT('',(8.209060481833E0,6.002677102373E-1,-1.1E0));
#1956=LINE('145679',#1955,#1954);
#1957=DIRECTION('',(9.999998380339E-1,-5.691504797652E-4,0.E0));
#1958=VECTOR('',#1957,3.527760849521E-1);
#1959=CARTESIAN_POINT('',(8.297223972186E0,1.300401565356E0,-1.6E0));
#1960=LINE('158632',#1959,#1958);
#1961=DIRECTION('',(0.E0,1.E0,0.E0));
#1962=VECTOR('',#1961,5.5E-1);
#1963=CARTESIAN_POINT('',(8.75E0,7.5E-1,-1.6E0));
#1964=LINE('158412',#1963,#1962);
#1965=DIRECTION('',(-1.E0,0.E0,0.E0));
#1966=VECTOR('',#1965,4.527760278143E-1);
#1967=CARTESIAN_POINT('',(8.75E0,7.5E-1,-1.6E0));
#1968=LINE('158418',#1967,#1966);
#1969=DIRECTION('',(0.E0,1.E0,0.E0));
#1970=VECTOR('',#1969,5.504015653560E-1);
#1971=CARTESIAN_POINT('',(8.297223972186E0,7.5E-1,-1.6E0));
#1972=LINE('158651',#1971,#1970);
#1973=DIRECTION('',(0.E0,7.722408389664E-4,-9.999997018220E-1));
#1974=VECTOR('',#1973,2.600000775259E-1);
#1975=CARTESIAN_POINT('',(8.65E0,1.3E0,-1.34E0));
#1976=LINE('158634',#1975,#1974);
#1977=DIRECTION('',(4.472135955038E-1,4.057170101861E-13,8.944271909980E-1));
#1978=VECTOR('',#1977,1.565247584257E-1);
#1979=CARTESIAN_POINT('',(8.65E0,1.3E0,-1.34E0));
#1980=LINE('158645',#1979,#1978);
#1981=DIRECTION('',(-1.E0,2.116825233683E-12,-2.309263891290E-12));
#1982=VECTOR('',#1981,2.999999999909E-2);
#1983=CARTESIAN_POINT('',(8.75E0,1.3E0,-1.2E0));
#1984=LINE('158416',#1983,#1982);
#1985=DIRECTION('',(0.E0,0.E0,-1.E0));
#1986=VECTOR('',#1985,4.E-1);
#1987=CARTESIAN_POINT('',(8.75E0,1.3E0,-1.2E0));
#1988=LINE('158413',#1987,#1986);
#1989=DIRECTION('',(9.999979843219E-1,-2.007822732867E-3,0.E0));
#1990=VECTOR('',#1989,1.000002015682E-1);
#1991=CARTESIAN_POINT('',(8.65E0,1.300200782678E0,-1.6E0));
#1992=LINE('158655',#1991,#1990);
#1993=DIRECTION('',(0.E0,1.147329581020E-4,-9.999999934182E-1));
#1994=VECTOR('',#1993,1.750000011518E0);
#1995=CARTESIAN_POINT('',(8.65E0,1.300200782678E0,-1.6E0));
#1996=LINE('158658',#1995,#1994);
#1997=DIRECTION('',(0.E0,-1.E0,0.E0));
#1998=VECTOR('',#1997,5.E-1);
#1999=CARTESIAN_POINT('',(8.65E0,1.8E0,-1.34E0));
#2000=LINE('158633',#1999,#1998);
#2001=DIRECTION('',(4.472135955038E-1,4.085541920755E-13,-8.944271909980E-1));
#2002=VECTOR('',#2001,1.565247584257E-1);
#2003=CARTESIAN_POINT('',(-8.720000000001E0,1.8E0,-1.2E0));
#2004=LINE('158691',#2003,#2002);
#2005=DIRECTION('',(0.E0,0.E0,1.E0));
#2006=VECTOR('',#2005,2.35E0);
#2007=CARTESIAN_POINT('',(-7.625E0,1.8E0,-3.35E0));
#2008=LINE('157615',#2007,#2006);
#2009=DIRECTION('',(0.E0,0.E0,-1.E0));
#2010=VECTOR('',#2009,2.01E0);
#2011=CARTESIAN_POINT('',(-8.65E0,1.8E0,-1.34E0));
#2012=LINE('158699',#2011,#2010);
#2013=DIRECTION('',(0.E0,0.E0,-1.E0));
#2014=VECTOR('',#2013,2.35E0);
#2015=CARTESIAN_POINT('',(-6.25E-1,1.8E0,-1.E0));
#2016=LINE('154870',#2015,#2014);
#2017=DIRECTION('',(1.E0,0.E0,0.E0));
#2018=VECTOR('',#2017,7.5E-1);
#2019=CARTESIAN_POINT('',(-1.375E0,1.8E0,-3.35E0));
#2020=LINE('154891',#2019,#2018);
#2021=DIRECTION('',(0.E0,0.E0,-1.E0));
#2022=VECTOR('',#2021,2.35E0);
#2023=CARTESIAN_POINT('',(-1.375E0,1.8E0,-1.E0));
#2024=LINE('154839',#2023,#2022);
#2025=DIRECTION('',(0.E0,0.E0,-1.E0));
#2026=VECTOR('',#2025,2.35E0);
#2027=CARTESIAN_POINT('',(-1.625E0,1.8E0,-1.E0));
#2028=LINE('154840',#2027,#2026);
#2029=DIRECTION('',(1.E0,0.E0,0.E0));
#2030=VECTOR('',#2029,7.5E-1);
#2031=CARTESIAN_POINT('',(-2.375E0,1.8E0,-3.35E0));
#2032=LINE('154861',#2031,#2030);
#2033=DIRECTION('',(0.E0,0.E0,-1.E0));
#2034=VECTOR('',#2033,2.35E0);
#2035=CARTESIAN_POINT('',(-2.375E0,1.8E0,-1.E0));
#2036=LINE('154809',#2035,#2034);
#2037=DIRECTION('',(0.E0,0.E0,-1.E0));
#2038=VECTOR('',#2037,2.35E0);
#2039=CARTESIAN_POINT('',(-2.625E0,1.8E0,-1.E0));
#2040=LINE('154810',#2039,#2038);
#2041=DIRECTION('',(1.E0,0.E0,0.E0));
#2042=VECTOR('',#2041,7.5E-1);
#2043=CARTESIAN_POINT('',(-3.375E0,1.8E0,-3.35E0));
#2044=LINE('154831',#2043,#2042);
#2045=DIRECTION('',(0.E0,0.E0,-1.E0));
#2046=VECTOR('',#2045,2.35E0);
#2047=CARTESIAN_POINT('',(-3.375E0,1.8E0,-1.E0));
#2048=LINE('154779',#2047,#2046);
#2049=DIRECTION('',(0.E0,0.E0,-1.E0));
#2050=VECTOR('',#2049,2.35E0);
#2051=CARTESIAN_POINT('',(-3.625E0,1.8E0,-1.E0));
#2052=LINE('154780',#2051,#2050);
#2053=DIRECTION('',(1.E0,0.E0,0.E0));
#2054=VECTOR('',#2053,7.5E-1);
#2055=CARTESIAN_POINT('',(-4.375E0,1.8E0,-3.35E0));
#2056=LINE('154801',#2055,#2054);
#2057=DIRECTION('',(0.E0,0.E0,-1.E0));
#2058=VECTOR('',#2057,2.35E0);
#2059=CARTESIAN_POINT('',(-4.375E0,1.8E0,-1.E0));
#2060=LINE('154749',#2059,#2058);
#2061=DIRECTION('',(0.E0,0.E0,-1.E0));
#2062=VECTOR('',#2061,2.35E0);
#2063=CARTESIAN_POINT('',(-4.625E0,1.8E0,-1.E0));
#2064=LINE('154750',#2063,#2062);
#2065=DIRECTION('',(1.E0,0.E0,0.E0));
#2066=VECTOR('',#2065,7.5E-1);
#2067=CARTESIAN_POINT('',(-5.375E0,1.8E0,-3.35E0));
#2068=LINE('154771',#2067,#2066);
#2069=DIRECTION('',(0.E0,0.E0,-1.E0));
#2070=VECTOR('',#2069,2.35E0);
#2071=CARTESIAN_POINT('',(-5.375E0,1.8E0,-1.E0));
#2072=LINE('154722',#2071,#2070);
#2073=DIRECTION('',(0.E0,0.E0,-1.E0));
#2074=VECTOR('',#2073,2.35E0);
#2075=CARTESIAN_POINT('',(-5.625E0,1.8E0,-1.E0));
#2076=LINE('154723',#2075,#2074);
#2077=DIRECTION('',(-1.E0,0.E0,0.E0));
#2078=VECTOR('',#2077,7.5E-1);
#2079=CARTESIAN_POINT('',(-5.625E0,1.8E0,-3.35E0));
#2080=LINE('157840',#2079,#2078);
#2081=DIRECTION('',(0.E0,0.E0,1.E0));
#2082=VECTOR('',#2081,2.35E0);
#2083=CARTESIAN_POINT('',(-6.375E0,1.8E0,-3.35E0));
#2084=LINE('157644',#2083,#2082);
#2085=DIRECTION('',(0.E0,0.E0,1.E0));
#2086=VECTOR('',#2085,2.35E0);
#2087=CARTESIAN_POINT('',(-6.625E0,1.8E0,-3.35E0));
#2088=LINE('157645',#2087,#2086);
#2089=DIRECTION('',(-1.E0,0.E0,0.E0));
#2090=VECTOR('',#2089,7.5E-1);
#2091=CARTESIAN_POINT('',(-6.625E0,1.8E0,-3.35E0));
#2092=LINE('157666',#2091,#2090);
#2093=DIRECTION('',(0.E0,0.E0,1.E0));
#2094=VECTOR('',#2093,2.35E0);
#2095=CARTESIAN_POINT('',(-7.375E0,1.8E0,-3.35E0));
#2096=LINE('157614',#2095,#2094);
#2097=DIRECTION('',(0.E0,0.E0,1.E0));
#2098=VECTOR('',#2097,2.35E0);
#2099=CARTESIAN_POINT('',(6.625E0,1.8E0,-3.35E0));
#2100=LINE('146658',#2099,#2098);
#2101=DIRECTION('',(0.E0,0.E0,1.E0));
#2102=VECTOR('',#2101,2.35E0);
#2103=CARTESIAN_POINT('',(7.375E0,1.8E0,-3.35E0));
#2104=LINE('146627',#2103,#2102);
#2105=DIRECTION('',(1.E0,0.E0,0.E0));
#2106=VECTOR('',#2105,7.5E-1);
#2107=CARTESIAN_POINT('',(6.625E0,1.8E0,-3.35E0));
#2108=LINE('146679',#2107,#2106);
#2109=DIRECTION('',(0.E0,0.E0,1.E0));
#2110=VECTOR('',#2109,2.35E0);
#2111=CARTESIAN_POINT('',(5.625E0,1.8E0,-3.35E0));
#2112=LINE('146688',#2111,#2110);
#2113=DIRECTION('',(0.E0,0.E0,1.E0));
#2114=VECTOR('',#2113,2.35E0);
#2115=CARTESIAN_POINT('',(6.375E0,1.8E0,-3.35E0));
#2116=LINE('146657',#2115,#2114);
#2117=DIRECTION('',(1.E0,0.E0,0.E0));
#2118=VECTOR('',#2117,7.5E-1);
#2119=CARTESIAN_POINT('',(5.625E0,1.8E0,-3.35E0));
#2120=LINE('146709',#2119,#2118);
#2121=DIRECTION('',(0.E0,0.E0,1.E0));
#2122=VECTOR('',#2121,2.35E0);
#2123=CARTESIAN_POINT('',(4.625E0,1.8E0,-3.35E0));
#2124=LINE('146718',#2123,#2122);
#2125=DIRECTION('',(0.E0,0.E0,1.E0));
#2126=VECTOR('',#2125,2.35E0);
#2127=CARTESIAN_POINT('',(5.375E0,1.8E0,-3.35E0));
#2128=LINE('146687',#2127,#2126);
#2129=DIRECTION('',(1.E0,0.E0,0.E0));
#2130=VECTOR('',#2129,7.5E-1);
#2131=CARTESIAN_POINT('',(4.625E0,1.8E0,-3.35E0));
#2132=LINE('146739',#2131,#2130);
#2133=DIRECTION('',(0.E0,0.E0,1.E0));
#2134=VECTOR('',#2133,2.35E0);
#2135=CARTESIAN_POINT('',(3.625E0,1.8E0,-3.35E0));
#2136=LINE('146748',#2135,#2134);
#2137=DIRECTION('',(0.E0,0.E0,1.E0));
#2138=VECTOR('',#2137,2.35E0);
#2139=CARTESIAN_POINT('',(4.375E0,1.8E0,-3.35E0));
#2140=LINE('146717',#2139,#2138);
#2141=DIRECTION('',(1.E0,0.E0,0.E0));
#2142=VECTOR('',#2141,7.5E-1);
#2143=CARTESIAN_POINT('',(3.625E0,1.8E0,-3.35E0));
#2144=LINE('146769',#2143,#2142);
#2145=DIRECTION('',(0.E0,0.E0,1.E0));
#2146=VECTOR('',#2145,2.35E0);
#2147=CARTESIAN_POINT('',(2.625E0,1.8E0,-3.35E0));
#2148=LINE('146778',#2147,#2146);
#2149=DIRECTION('',(0.E0,0.E0,1.E0));
#2150=VECTOR('',#2149,2.35E0);
#2151=CARTESIAN_POINT('',(3.375E0,1.8E0,-3.35E0));
#2152=LINE('146747',#2151,#2150);
#2153=DIRECTION('',(1.E0,0.E0,0.E0));
#2154=VECTOR('',#2153,7.5E-1);
#2155=CARTESIAN_POINT('',(2.625E0,1.8E0,-3.35E0));
#2156=LINE('146799',#2155,#2154);
#2157=DIRECTION('',(0.E0,0.E0,1.E0));
#2158=VECTOR('',#2157,2.35E0);
#2159=CARTESIAN_POINT('',(1.625E0,1.8E0,-3.35E0));
#2160=LINE('146808',#2159,#2158);
#2161=DIRECTION('',(0.E0,0.E0,1.E0));
#2162=VECTOR('',#2161,2.35E0);
#2163=CARTESIAN_POINT('',(2.375E0,1.8E0,-3.35E0));
#2164=LINE('146777',#2163,#2162);
#2165=DIRECTION('',(1.E0,0.E0,0.E0));
#2166=VECTOR('',#2165,7.5E-1);
#2167=CARTESIAN_POINT('',(1.625E0,1.8E0,-3.35E0));
#2168=LINE('146829',#2167,#2166);
#2169=DIRECTION('',(0.E0,0.E0,1.E0));
#2170=VECTOR('',#2169,2.35E0);
#2171=CARTESIAN_POINT('',(6.25E-1,1.8E0,-3.35E0));
#2172=LINE('146838',#2171,#2170);
#2173=DIRECTION('',(0.E0,0.E0,1.E0));
#2174=VECTOR('',#2173,2.35E0);
#2175=CARTESIAN_POINT('',(1.375E0,1.8E0,-3.35E0));
#2176=LINE('146807',#2175,#2174);
#2177=DIRECTION('',(1.E0,0.E0,0.E0));
#2178=VECTOR('',#2177,7.5E-1);
#2179=CARTESIAN_POINT('',(6.25E-1,1.8E0,-3.35E0));
#2180=LINE('146859',#2179,#2178);
#2181=DIRECTION('',(-4.472135955038E-1,4.085541920755E-13,-8.944271909980E-1));
#2182=VECTOR('',#2181,1.565247584257E-1);
#2183=CARTESIAN_POINT('',(8.720000000001E0,1.8E0,-1.2E0));
#2184=LINE('158644',#2183,#2182);
#2185=DIRECTION('',(0.E0,0.E0,-1.E0));
#2186=VECTOR('',#2185,2.01E0);
#2187=CARTESIAN_POINT('',(8.65E0,1.8E0,-1.34E0));
#2188=LINE('158659',#2187,#2186);
#2189=DIRECTION('',(0.E0,0.E0,1.E0));
#2190=VECTOR('',#2189,2.35E0);
#2191=CARTESIAN_POINT('',(7.625E0,1.8E0,-3.35E0));
#2192=LINE('146628',#2191,#2190);
#2193=DIRECTION('',(-1.E0,0.E0,0.E0));
#2194=VECTOR('',#2193,7.5E-1);
#2195=CARTESIAN_POINT('',(3.75E-1,1.8E0,-1.E0));
#2196=LINE('158753',#2195,#2194);
#2197=DIRECTION('',(0.E0,0.E0,1.E0));
#2198=VECTOR('',#2197,2.35E0);
#2199=CARTESIAN_POINT('',(3.75E-1,1.8E0,-3.35E0));
#2200=LINE('146837',#2199,#2198);
#2201=DIRECTION('',(1.E0,0.E0,0.E0));
#2202=VECTOR('',#2201,7.5E-1);
#2203=CARTESIAN_POINT('',(-3.75E-1,1.8E0,-3.35E0));
#2204=LINE('158754',#2203,#2202);
#2205=DIRECTION('',(0.E0,0.E0,-1.E0));
#2206=VECTOR('',#2205,2.35E0);
#2207=CARTESIAN_POINT('',(-3.75E-1,1.8E0,-1.E0));
#2208=LINE('154869',#2207,#2206);
#2209=DIRECTION('',(0.E0,-1.E0,0.E0));
#2210=VECTOR('',#2209,5.E-1);
#2211=CARTESIAN_POINT('',(-8.65E0,1.8E0,-1.34E0));
#2212=LINE('158687',#2211,#2210);
#2213=DIRECTION('',(0.E0,1.147329581021E-4,-9.999999934182E-1));
#2214=VECTOR('',#2213,1.750000011518E0);
#2215=CARTESIAN_POINT('',(-8.65E0,1.300200782678E0,-1.6E0));
#2216=LINE('158698',#2215,#2214);
#2217=DIRECTION('',(0.E0,-1.E0,0.E0));
#2218=VECTOR('',#2217,1.128628363294E-1);
#2219=CARTESIAN_POINT('',(3.75E-1,1.8E0,-3.35E0));
#2220=LINE('146831',#2219,#2218);
#2221=DIRECTION('',(-1.E0,0.E0,0.E0));
#2222=VECTOR('',#2221,2.5E-1);
#2223=CARTESIAN_POINT('',(6.25E-1,1.687137163671E0,-3.35E0));
#2224=LINE('146833',#2223,#2222);
#2225=DIRECTION('',(0.E0,-1.E0,0.E0));
#2226=VECTOR('',#2225,1.128628363294E-1);
#2227=CARTESIAN_POINT('',(6.25E-1,1.8E0,-3.35E0));
#2228=LINE('146835',#2227,#2226);
#2229=DIRECTION('',(0.E0,-1.E0,0.E0));
#2230=VECTOR('',#2229,1.128628363294E-1);
#2231=CARTESIAN_POINT('',(1.375E0,1.8E0,-3.35E0));
#2232=LINE('146801',#2231,#2230);
#2233=DIRECTION('',(-1.E0,0.E0,0.E0));
#2234=VECTOR('',#2233,2.5E-1);
#2235=CARTESIAN_POINT('',(1.625E0,1.687137163671E0,-3.35E0));
#2236=LINE('146803',#2235,#2234);
#2237=DIRECTION('',(0.E0,-1.E0,0.E0));
#2238=VECTOR('',#2237,1.128628363294E-1);
#2239=CARTESIAN_POINT('',(1.625E0,1.8E0,-3.35E0));
#2240=LINE('146805',#2239,#2238);
#2241=DIRECTION('',(0.E0,-1.E0,0.E0));
#2242=VECTOR('',#2241,1.128628363294E-1);
#2243=CARTESIAN_POINT('',(2.375E0,1.8E0,-3.35E0));
#2244=LINE('146771',#2243,#2242);
#2245=DIRECTION('',(-1.E0,0.E0,0.E0));
#2246=VECTOR('',#2245,2.5E-1);
#2247=CARTESIAN_POINT('',(2.625E0,1.687137163671E0,-3.35E0));
#2248=LINE('146773',#2247,#2246);
#2249=DIRECTION('',(0.E0,-1.E0,0.E0));
#2250=VECTOR('',#2249,1.128628363294E-1);
#2251=CARTESIAN_POINT('',(2.625E0,1.8E0,-3.35E0));
#2252=LINE('146775',#2251,#2250);
#2253=DIRECTION('',(0.E0,-1.E0,0.E0));
#2254=VECTOR('',#2253,1.128628363294E-1);
#2255=CARTESIAN_POINT('',(3.375E0,1.8E0,-3.35E0));
#2256=LINE('146741',#2255,#2254);
#2257=DIRECTION('',(-1.E0,0.E0,0.E0));
#2258=VECTOR('',#2257,2.5E-1);
#2259=CARTESIAN_POINT('',(3.625E0,1.687137163671E0,-3.35E0));
#2260=LINE('146743',#2259,#2258);
#2261=DIRECTION('',(0.E0,-1.E0,0.E0));
#2262=VECTOR('',#2261,1.128628363294E-1);
#2263=CARTESIAN_POINT('',(3.625E0,1.8E0,-3.35E0));
#2264=LINE('146745',#2263,#2262);
#2265=DIRECTION('',(0.E0,-1.E0,0.E0));
#2266=VECTOR('',#2265,1.128628363294E-1);
#2267=CARTESIAN_POINT('',(4.375E0,1.8E0,-3.35E0));
#2268=LINE('146711',#2267,#2266);
#2269=DIRECTION('',(-1.E0,0.E0,0.E0));
#2270=VECTOR('',#2269,2.5E-1);
#2271=CARTESIAN_POINT('',(4.625E0,1.687137163671E0,-3.35E0));
#2272=LINE('146713',#2271,#2270);
#2273=DIRECTION('',(0.E0,-1.E0,0.E0));
#2274=VECTOR('',#2273,1.128628363294E-1);
#2275=CARTESIAN_POINT('',(4.625E0,1.8E0,-3.35E0));
#2276=LINE('146715',#2275,#2274);
#2277=DIRECTION('',(0.E0,-1.E0,0.E0));
#2278=VECTOR('',#2277,1.128628363294E-1);
#2279=CARTESIAN_POINT('',(5.375E0,1.8E0,-3.35E0));
#2280=LINE('146681',#2279,#2278);
#2281=DIRECTION('',(-1.E0,0.E0,0.E0));
#2282=VECTOR('',#2281,2.5E-1);
#2283=CARTESIAN_POINT('',(5.625E0,1.687137163671E0,-3.35E0));
#2284=LINE('146683',#2283,#2282);
#2285=DIRECTION('',(0.E0,-1.E0,0.E0));
#2286=VECTOR('',#2285,1.128628363294E-1);
#2287=CARTESIAN_POINT('',(5.625E0,1.8E0,-3.35E0));
#2288=LINE('146685',#2287,#2286);
#2289=DIRECTION('',(0.E0,-1.E0,0.E0));
#2290=VECTOR('',#2289,1.128628363294E-1);
#2291=CARTESIAN_POINT('',(6.375E0,1.8E0,-3.35E0));
#2292=LINE('146651',#2291,#2290);
#2293=DIRECTION('',(-1.E0,0.E0,0.E0));
#2294=VECTOR('',#2293,2.5E-1);
#2295=CARTESIAN_POINT('',(6.625E0,1.687137163671E0,-3.35E0));
#2296=LINE('146653',#2295,#2294);
#2297=DIRECTION('',(0.E0,-1.E0,0.E0));
#2298=VECTOR('',#2297,1.128628363294E-1);
#2299=CARTESIAN_POINT('',(6.625E0,1.8E0,-3.35E0));
#2300=LINE('146655',#2299,#2298);
#2301=DIRECTION('',(0.E0,-1.E0,0.E0));
#2302=VECTOR('',#2301,1.128628363294E-1);
#2303=CARTESIAN_POINT('',(7.375E0,1.8E0,-3.35E0));
#2304=LINE('146621',#2303,#2302);
#2305=DIRECTION('',(-1.E0,0.E0,0.E0));
#2306=VECTOR('',#2305,2.5E-1);
#2307=CARTESIAN_POINT('',(7.625E0,1.687137163671E0,-3.35E0));
#2308=LINE('146623',#2307,#2306);
#2309=DIRECTION('',(0.E0,-1.E0,0.E0));
#2310=VECTOR('',#2309,1.128628363294E-1);
#2311=CARTESIAN_POINT('',(7.625E0,1.8E0,-3.35E0));
#2312=LINE('146625',#2311,#2310);
#2313=DIRECTION('',(1.E0,0.E0,0.E0));
#2314=VECTOR('',#2313,1.025E0);
#2315=CARTESIAN_POINT('',(7.625E0,1.8E0,-3.35E0));
#2316=LINE('158663',#2315,#2314);
#2317=DIRECTION('',(0.E0,1.E0,0.E0));
#2318=VECTOR('',#2317,4.995984346440E-1);
#2319=CARTESIAN_POINT('',(8.65E0,1.300401565356E0,-3.35E0));
#2320=LINE('158630',#2319,#2318);
#2321=DIRECTION('',(1.E0,0.E0,0.E0));
#2322=VECTOR('',#2321,4.E-1);
#2323=CARTESIAN_POINT('',(8.25E0,1.300401565356E0,-3.35E0));
#2324=LINE('158656',#2323,#2322);
#2325=DIRECTION('',(-1.E0,0.E0,0.E0));
#2326=VECTOR('',#2325,6.25E-1);
#2327=CARTESIAN_POINT('',(8.25E0,7.5E-1,-3.35E0));
#2328=LINE('146648',#2327,#2326);
#2329=DIRECTION('',(0.E0,-1.E0,0.E0));
#2330=VECTOR('',#2329,5.E-2);
#2331=CARTESIAN_POINT('',(7.625E0,8.E-1,-3.35E0));
#2332=LINE('146626',#2331,#2330);
#2333=DIRECTION('',(1.E0,0.E0,0.E0));
#2334=VECTOR('',#2333,2.5E-1);
#2335=CARTESIAN_POINT('',(7.375E0,8.E-1,-3.35E0));
#2336=LINE('146624',#2335,#2334);
#2337=DIRECTION('',(0.E0,-1.E0,0.E0));
#2338=VECTOR('',#2337,5.E-2);
#2339=CARTESIAN_POINT('',(7.375E0,8.E-1,-3.35E0));
#2340=LINE('146622',#2339,#2338);
#2341=DIRECTION('',(-1.E0,0.E0,0.E0));
#2342=VECTOR('',#2341,7.5E-1);
#2343=CARTESIAN_POINT('',(7.375E0,7.5E-1,-3.35E0));
#2344=LINE('146678',#2343,#2342);
#2345=DIRECTION('',(0.E0,-1.E0,0.E0));
#2346=VECTOR('',#2345,5.E-2);
#2347=CARTESIAN_POINT('',(6.625E0,8.E-1,-3.35E0));
#2348=LINE('146656',#2347,#2346);
#2349=DIRECTION('',(1.E0,0.E0,0.E0));
#2350=VECTOR('',#2349,2.5E-1);
#2351=CARTESIAN_POINT('',(6.375E0,8.E-1,-3.35E0));
#2352=LINE('146654',#2351,#2350);
#2353=DIRECTION('',(0.E0,-1.E0,0.E0));
#2354=VECTOR('',#2353,5.E-2);
#2355=CARTESIAN_POINT('',(6.375E0,8.E-1,-3.35E0));
#2356=LINE('146652',#2355,#2354);
#2357=DIRECTION('',(-1.E0,0.E0,0.E0));
#2358=VECTOR('',#2357,7.5E-1);
#2359=CARTESIAN_POINT('',(6.375E0,7.5E-1,-3.35E0));
#2360=LINE('146708',#2359,#2358);
#2361=DIRECTION('',(0.E0,-1.E0,0.E0));
#2362=VECTOR('',#2361,5.E-2);
#2363=CARTESIAN_POINT('',(5.625E0,8.E-1,-3.35E0));
#2364=LINE('146686',#2363,#2362);
#2365=DIRECTION('',(1.E0,0.E0,0.E0));
#2366=VECTOR('',#2365,2.5E-1);
#2367=CARTESIAN_POINT('',(5.375E0,8.E-1,-3.35E0));
#2368=LINE('146684',#2367,#2366);
#2369=DIRECTION('',(0.E0,-1.E0,0.E0));
#2370=VECTOR('',#2369,5.E-2);
#2371=CARTESIAN_POINT('',(5.375E0,8.E-1,-3.35E0));
#2372=LINE('146682',#2371,#2370);
#2373=DIRECTION('',(-1.E0,0.E0,0.E0));
#2374=VECTOR('',#2373,7.5E-1);
#2375=CARTESIAN_POINT('',(5.375E0,7.5E-1,-3.35E0));
#2376=LINE('146738',#2375,#2374);
#2377=DIRECTION('',(0.E0,-1.E0,0.E0));
#2378=VECTOR('',#2377,5.E-2);
#2379=CARTESIAN_POINT('',(4.625E0,8.E-1,-3.35E0));
#2380=LINE('146716',#2379,#2378);
#2381=DIRECTION('',(1.E0,0.E0,0.E0));
#2382=VECTOR('',#2381,2.5E-1);
#2383=CARTESIAN_POINT('',(4.375E0,8.E-1,-3.35E0));
#2384=LINE('146714',#2383,#2382);
#2385=DIRECTION('',(0.E0,-1.E0,0.E0));
#2386=VECTOR('',#2385,5.E-2);
#2387=CARTESIAN_POINT('',(4.375E0,8.E-1,-3.35E0));
#2388=LINE('146712',#2387,#2386);
#2389=DIRECTION('',(-1.E0,0.E0,0.E0));
#2390=VECTOR('',#2389,7.5E-1);
#2391=CARTESIAN_POINT('',(4.375E0,7.5E-1,-3.35E0));
#2392=LINE('146768',#2391,#2390);
#2393=DIRECTION('',(0.E0,-1.E0,0.E0));
#2394=VECTOR('',#2393,5.E-2);
#2395=CARTESIAN_POINT('',(3.625E0,8.E-1,-3.35E0));
#2396=LINE('146746',#2395,#2394);
#2397=DIRECTION('',(1.E0,0.E0,0.E0));
#2398=VECTOR('',#2397,2.5E-1);
#2399=CARTESIAN_POINT('',(3.375E0,8.E-1,-3.35E0));
#2400=LINE('146744',#2399,#2398);
#2401=DIRECTION('',(0.E0,-1.E0,0.E0));
#2402=VECTOR('',#2401,5.E-2);
#2403=CARTESIAN_POINT('',(3.375E0,8.E-1,-3.35E0));
#2404=LINE('146742',#2403,#2402);
#2405=DIRECTION('',(-1.E0,0.E0,0.E0));
#2406=VECTOR('',#2405,7.5E-1);
#2407=CARTESIAN_POINT('',(3.375E0,7.5E-1,-3.35E0));
#2408=LINE('146798',#2407,#2406);
#2409=DIRECTION('',(0.E0,-1.E0,0.E0));
#2410=VECTOR('',#2409,5.E-2);
#2411=CARTESIAN_POINT('',(2.625E0,8.E-1,-3.35E0));
#2412=LINE('146776',#2411,#2410);
#2413=DIRECTION('',(1.E0,0.E0,0.E0));
#2414=VECTOR('',#2413,2.5E-1);
#2415=CARTESIAN_POINT('',(2.375E0,8.E-1,-3.35E0));
#2416=LINE('146774',#2415,#2414);
#2417=DIRECTION('',(0.E0,-1.E0,0.E0));
#2418=VECTOR('',#2417,5.E-2);
#2419=CARTESIAN_POINT('',(2.375E0,8.E-1,-3.35E0));
#2420=LINE('146772',#2419,#2418);
#2421=DIRECTION('',(-1.E0,0.E0,0.E0));
#2422=VECTOR('',#2421,7.5E-1);
#2423=CARTESIAN_POINT('',(2.375E0,7.5E-1,-3.35E0));
#2424=LINE('146828',#2423,#2422);
#2425=DIRECTION('',(0.E0,-1.E0,0.E0));
#2426=VECTOR('',#2425,5.E-2);
#2427=CARTESIAN_POINT('',(1.625E0,8.E-1,-3.35E0));
#2428=LINE('146806',#2427,#2426);
#2429=DIRECTION('',(1.E0,0.E0,0.E0));
#2430=VECTOR('',#2429,2.5E-1);
#2431=CARTESIAN_POINT('',(1.375E0,8.E-1,-3.35E0));
#2432=LINE('146804',#2431,#2430);
#2433=DIRECTION('',(0.E0,-1.E0,0.E0));
#2434=VECTOR('',#2433,5.E-2);
#2435=CARTESIAN_POINT('',(1.375E0,8.E-1,-3.35E0));
#2436=LINE('146802',#2435,#2434);
#2437=DIRECTION('',(-1.E0,0.E0,0.E0));
#2438=VECTOR('',#2437,7.5E-1);
#2439=CARTESIAN_POINT('',(1.375E0,7.5E-1,-3.35E0));
#2440=LINE('146858',#2439,#2438);
#2441=DIRECTION('',(0.E0,-1.E0,0.E0));
#2442=VECTOR('',#2441,5.E-2);
#2443=CARTESIAN_POINT('',(6.25E-1,8.E-1,-3.35E0));
#2444=LINE('146836',#2443,#2442);
#2445=DIRECTION('',(1.E0,0.E0,0.E0));
#2446=VECTOR('',#2445,2.5E-1);
#2447=CARTESIAN_POINT('',(3.75E-1,8.E-1,-3.35E0));
#2448=LINE('146834',#2447,#2446);
#2449=DIRECTION('',(0.E0,-1.E0,0.E0));
#2450=VECTOR('',#2449,5.E-2);
#2451=CARTESIAN_POINT('',(3.75E-1,8.E-1,-3.35E0));
#2452=LINE('146832',#2451,#2450);
#2453=DIRECTION('',(0.E0,1.E0,0.E0));
#2454=VECTOR('',#2453,5.E-2);
#2455=CARTESIAN_POINT('',(-3.75E-1,7.5E-1,-3.35E0));
#2456=LINE('154864',#2455,#2454);
#2457=DIRECTION('',(1.E0,0.E0,0.E0));
#2458=VECTOR('',#2457,2.5E-1);
#2459=CARTESIAN_POINT('',(-6.25E-1,8.E-1,-3.35E0));
#2460=LINE('154866',#2459,#2458);
#2461=DIRECTION('',(0.E0,1.E0,0.E0));
#2462=VECTOR('',#2461,5.E-2);
#2463=CARTESIAN_POINT('',(-6.25E-1,7.5E-1,-3.35E0));
#2464=LINE('154868',#2463,#2462);
#2465=DIRECTION('',(-1.E0,0.E0,0.E0));
#2466=VECTOR('',#2465,7.5E-1);
#2467=CARTESIAN_POINT('',(-6.25E-1,7.5E-1,-3.35E0));
#2468=LINE('154890',#2467,#2466);
#2469=DIRECTION('',(0.E0,1.E0,0.E0));
#2470=VECTOR('',#2469,5.E-2);
#2471=CARTESIAN_POINT('',(-1.375E0,7.5E-1,-3.35E0));
#2472=LINE('154834',#2471,#2470);
#2473=DIRECTION('',(1.E0,0.E0,0.E0));
#2474=VECTOR('',#2473,2.5E-1);
#2475=CARTESIAN_POINT('',(-1.625E0,8.E-1,-3.35E0));
#2476=LINE('154836',#2475,#2474);
#2477=DIRECTION('',(0.E0,1.E0,0.E0));
#2478=VECTOR('',#2477,5.E-2);
#2479=CARTESIAN_POINT('',(-1.625E0,7.5E-1,-3.35E0));
#2480=LINE('154838',#2479,#2478);
#2481=DIRECTION('',(-1.E0,0.E0,0.E0));
#2482=VECTOR('',#2481,7.5E-1);
#2483=CARTESIAN_POINT('',(-1.625E0,7.5E-1,-3.35E0));
#2484=LINE('154860',#2483,#2482);
#2485=DIRECTION('',(0.E0,1.E0,0.E0));
#2486=VECTOR('',#2485,5.E-2);
#2487=CARTESIAN_POINT('',(-2.375E0,7.5E-1,-3.35E0));
#2488=LINE('154804',#2487,#2486);
#2489=DIRECTION('',(1.E0,0.E0,0.E0));
#2490=VECTOR('',#2489,2.5E-1);
#2491=CARTESIAN_POINT('',(-2.625E0,8.E-1,-3.35E0));
#2492=LINE('154806',#2491,#2490);
#2493=DIRECTION('',(0.E0,1.E0,0.E0));
#2494=VECTOR('',#2493,5.E-2);
#2495=CARTESIAN_POINT('',(-2.625E0,7.5E-1,-3.35E0));
#2496=LINE('154808',#2495,#2494);
#2497=DIRECTION('',(-1.E0,0.E0,0.E0));
#2498=VECTOR('',#2497,7.5E-1);
#2499=CARTESIAN_POINT('',(-2.625E0,7.5E-1,-3.35E0));
#2500=LINE('154830',#2499,#2498);
#2501=DIRECTION('',(0.E0,1.E0,0.E0));
#2502=VECTOR('',#2501,5.E-2);
#2503=CARTESIAN_POINT('',(-3.375E0,7.5E-1,-3.35E0));
#2504=LINE('154774',#2503,#2502);
#2505=DIRECTION('',(1.E0,0.E0,0.E0));
#2506=VECTOR('',#2505,2.5E-1);
#2507=CARTESIAN_POINT('',(-3.625E0,8.E-1,-3.35E0));
#2508=LINE('154776',#2507,#2506);
#2509=DIRECTION('',(0.E0,1.E0,0.E0));
#2510=VECTOR('',#2509,5.E-2);
#2511=CARTESIAN_POINT('',(-3.625E0,7.5E-1,-3.35E0));
#2512=LINE('154778',#2511,#2510);
#2513=DIRECTION('',(-1.E0,0.E0,0.E0));
#2514=VECTOR('',#2513,7.5E-1);
#2515=CARTESIAN_POINT('',(-3.625E0,7.5E-1,-3.35E0));
#2516=LINE('154800',#2515,#2514);
#2517=DIRECTION('',(0.E0,1.E0,0.E0));
#2518=VECTOR('',#2517,5.E-2);
#2519=CARTESIAN_POINT('',(-4.375E0,7.5E-1,-3.35E0));
#2520=LINE('154744',#2519,#2518);
#2521=DIRECTION('',(1.E0,0.E0,0.E0));
#2522=VECTOR('',#2521,2.5E-1);
#2523=CARTESIAN_POINT('',(-4.625E0,8.E-1,-3.35E0));
#2524=LINE('154746',#2523,#2522);
#2525=DIRECTION('',(0.E0,1.E0,0.E0));
#2526=VECTOR('',#2525,5.E-2);
#2527=CARTESIAN_POINT('',(-4.625E0,7.5E-1,-3.35E0));
#2528=LINE('154748',#2527,#2526);
#2529=DIRECTION('',(-1.E0,0.E0,0.E0));
#2530=VECTOR('',#2529,7.5E-1);
#2531=CARTESIAN_POINT('',(-4.625E0,7.5E-1,-3.35E0));
#2532=LINE('154770',#2531,#2530);
#2533=DIRECTION('',(0.E0,1.E0,0.E0));
#2534=VECTOR('',#2533,5.E-2);
#2535=CARTESIAN_POINT('',(-5.375E0,7.5E-1,-3.35E0));
#2536=LINE('154717',#2535,#2534);
#2537=DIRECTION('',(1.E0,0.E0,0.E0));
#2538=VECTOR('',#2537,2.5E-1);
#2539=CARTESIAN_POINT('',(-5.625E0,8.E-1,-3.35E0));
#2540=LINE('154719',#2539,#2538);
#2541=DIRECTION('',(0.E0,1.E0,0.E0));
#2542=VECTOR('',#2541,5.E-2);
#2543=CARTESIAN_POINT('',(-5.625E0,7.5E-1,-3.35E0));
#2544=LINE('154721',#2543,#2542);
#2545=DIRECTION('',(1.E0,0.E0,0.E0));
#2546=VECTOR('',#2545,7.5E-1);
#2547=CARTESIAN_POINT('',(-6.375E0,7.5E-1,-3.35E0));
#2548=LINE('157839',#2547,#2546);
#2549=DIRECTION('',(0.E0,-1.E0,0.E0));
#2550=VECTOR('',#2549,5.E-2);
#2551=CARTESIAN_POINT('',(-6.375E0,8.E-1,-3.35E0));
#2552=LINE('157639',#2551,#2550);
#2553=DIRECTION('',(-1.E0,0.E0,0.E0));
#2554=VECTOR('',#2553,2.5E-1);
#2555=CARTESIAN_POINT('',(-6.375E0,8.E-1,-3.35E0));
#2556=LINE('157641',#2555,#2554);
#2557=DIRECTION('',(0.E0,-1.E0,0.E0));
#2558=VECTOR('',#2557,5.E-2);
#2559=CARTESIAN_POINT('',(-6.625E0,8.E-1,-3.35E0));
#2560=LINE('157643',#2559,#2558);
#2561=DIRECTION('',(1.E0,0.E0,0.E0));
#2562=VECTOR('',#2561,7.5E-1);
#2563=CARTESIAN_POINT('',(-7.375E0,7.5E-1,-3.35E0));
#2564=LINE('157665',#2563,#2562);
#2565=DIRECTION('',(0.E0,-1.E0,0.E0));
#2566=VECTOR('',#2565,5.E-2);
#2567=CARTESIAN_POINT('',(-7.375E0,8.E-1,-3.35E0));
#2568=LINE('157609',#2567,#2566);
#2569=DIRECTION('',(-1.E0,0.E0,0.E0));
#2570=VECTOR('',#2569,2.5E-1);
#2571=CARTESIAN_POINT('',(-7.375E0,8.E-1,-3.35E0));
#2572=LINE('157611',#2571,#2570);
#2573=DIRECTION('',(0.E0,-1.E0,0.E0));
#2574=VECTOR('',#2573,5.E-2);
#2575=CARTESIAN_POINT('',(-7.625E0,8.E-1,-3.35E0));
#2576=LINE('157613',#2575,#2574);
#2577=DIRECTION('',(1.E0,0.E0,0.E0));
#2578=VECTOR('',#2577,6.25E-1);
#2579=CARTESIAN_POINT('',(-8.25E0,7.5E-1,-3.35E0));
#2580=LINE('157635',#2579,#2578);
#2581=DIRECTION('',(-1.E0,0.E0,0.E0));
#2582=VECTOR('',#2581,4.E-1);
#2583=CARTESIAN_POINT('',(-8.25E0,1.300401565356E0,-3.35E0));
#2584=LINE('158697',#2583,#2582);
#2585=DIRECTION('',(0.E0,1.E0,0.E0));
#2586=VECTOR('',#2585,4.995984346440E-1);
#2587=CARTESIAN_POINT('',(-8.65E0,1.300401565356E0,-3.35E0));
#2588=LINE('158685',#2587,#2586);
#2589=DIRECTION('',(-1.E0,0.E0,0.E0));
#2590=VECTOR('',#2589,1.025E0);
#2591=CARTESIAN_POINT('',(-7.625E0,1.8E0,-3.35E0));
#2592=LINE('158700',#2591,#2590);
#2593=DIRECTION('',(0.E0,-1.E0,0.E0));
#2594=VECTOR('',#2593,1.128628363294E-1);
#2595=CARTESIAN_POINT('',(-7.625E0,1.8E0,-3.35E0));
#2596=LINE('157612',#2595,#2594);
#2597=DIRECTION('',(1.E0,0.E0,0.E0));
#2598=VECTOR('',#2597,2.5E-1);
#2599=CARTESIAN_POINT('',(-7.625E0,1.687137163671E0,-3.35E0));
#2600=LINE('157610',#2599,#2598);
#2601=DIRECTION('',(0.E0,-1.E0,0.E0));
#2602=VECTOR('',#2601,1.128628363294E-1);
#2603=CARTESIAN_POINT('',(-7.375E0,1.8E0,-3.35E0));
#2604=LINE('157608',#2603,#2602);
#2605=DIRECTION('',(0.E0,-1.E0,0.E0));
#2606=VECTOR('',#2605,1.128628363294E-1);
#2607=CARTESIAN_POINT('',(-6.625E0,1.8E0,-3.35E0));
#2608=LINE('157642',#2607,#2606);
#2609=DIRECTION('',(1.E0,0.E0,0.E0));
#2610=VECTOR('',#2609,2.5E-1);
#2611=CARTESIAN_POINT('',(-6.625E0,1.687137163671E0,-3.35E0));
#2612=LINE('157640',#2611,#2610);
#2613=DIRECTION('',(0.E0,-1.E0,0.E0));
#2614=VECTOR('',#2613,1.128628363294E-1);
#2615=CARTESIAN_POINT('',(-6.375E0,1.8E0,-3.35E0));
#2616=LINE('157638',#2615,#2614);
#2617=DIRECTION('',(0.E0,1.E0,0.E0));
#2618=VECTOR('',#2617,1.128628363294E-1);
#2619=CARTESIAN_POINT('',(-5.625E0,1.687137163671E0,-3.35E0));
#2620=LINE('154720',#2619,#2618);
#2621=DIRECTION('',(-1.E0,0.E0,0.E0));
#2622=VECTOR('',#2621,2.5E-1);
#2623=CARTESIAN_POINT('',(-5.375E0,1.687137163671E0,-3.35E0));
#2624=LINE('154718',#2623,#2622);
#2625=DIRECTION('',(0.E0,1.E0,0.E0));
#2626=VECTOR('',#2625,1.128628363294E-1);
#2627=CARTESIAN_POINT('',(-5.375E0,1.687137163671E0,-3.35E0));
#2628=LINE('154716',#2627,#2626);
#2629=DIRECTION('',(0.E0,1.E0,0.E0));
#2630=VECTOR('',#2629,1.128628363294E-1);
#2631=CARTESIAN_POINT('',(-4.625E0,1.687137163671E0,-3.35E0));
#2632=LINE('154747',#2631,#2630);
#2633=DIRECTION('',(-1.E0,0.E0,0.E0));
#2634=VECTOR('',#2633,2.5E-1);
#2635=CARTESIAN_POINT('',(-4.375E0,1.687137163671E0,-3.35E0));
#2636=LINE('154745',#2635,#2634);
#2637=DIRECTION('',(0.E0,1.E0,0.E0));
#2638=VECTOR('',#2637,1.128628363294E-1);
#2639=CARTESIAN_POINT('',(-4.375E0,1.687137163671E0,-3.35E0));
#2640=LINE('154743',#2639,#2638);
#2641=DIRECTION('',(0.E0,1.E0,0.E0));
#2642=VECTOR('',#2641,1.128628363294E-1);
#2643=CARTESIAN_POINT('',(-3.625E0,1.687137163671E0,-3.35E0));
#2644=LINE('154777',#2643,#2642);
#2645=DIRECTION('',(-1.E0,0.E0,0.E0));
#2646=VECTOR('',#2645,2.5E-1);
#2647=CARTESIAN_POINT('',(-3.375E0,1.687137163671E0,-3.35E0));
#2648=LINE('154775',#2647,#2646);
#2649=DIRECTION('',(0.E0,1.E0,0.E0));
#2650=VECTOR('',#2649,1.128628363294E-1);
#2651=CARTESIAN_POINT('',(-3.375E0,1.687137163671E0,-3.35E0));
#2652=LINE('154773',#2651,#2650);
#2653=DIRECTION('',(0.E0,1.E0,0.E0));
#2654=VECTOR('',#2653,1.128628363294E-1);
#2655=CARTESIAN_POINT('',(-2.625E0,1.687137163671E0,-3.35E0));
#2656=LINE('154807',#2655,#2654);
#2657=DIRECTION('',(-1.E0,0.E0,0.E0));
#2658=VECTOR('',#2657,2.5E-1);
#2659=CARTESIAN_POINT('',(-2.375E0,1.687137163671E0,-3.35E0));
#2660=LINE('154805',#2659,#2658);
#2661=DIRECTION('',(0.E0,1.E0,0.E0));
#2662=VECTOR('',#2661,1.128628363294E-1);
#2663=CARTESIAN_POINT('',(-2.375E0,1.687137163671E0,-3.35E0));
#2664=LINE('154803',#2663,#2662);
#2665=DIRECTION('',(0.E0,1.E0,0.E0));
#2666=VECTOR('',#2665,1.128628363294E-1);
#2667=CARTESIAN_POINT('',(-1.625E0,1.687137163671E0,-3.35E0));
#2668=LINE('154837',#2667,#2666);
#2669=DIRECTION('',(-1.E0,0.E0,0.E0));
#2670=VECTOR('',#2669,2.5E-1);
#2671=CARTESIAN_POINT('',(-1.375E0,1.687137163671E0,-3.35E0));
#2672=LINE('154835',#2671,#2670);
#2673=DIRECTION('',(0.E0,1.E0,0.E0));
#2674=VECTOR('',#2673,1.128628363294E-1);
#2675=CARTESIAN_POINT('',(-1.375E0,1.687137163671E0,-3.35E0));
#2676=LINE('154833',#2675,#2674);
#2677=DIRECTION('',(0.E0,1.E0,0.E0));
#2678=VECTOR('',#2677,1.128628363294E-1);
#2679=CARTESIAN_POINT('',(-6.25E-1,1.687137163671E0,-3.35E0));
#2680=LINE('154867',#2679,#2678);
#2681=DIRECTION('',(-1.E0,0.E0,0.E0));
#2682=VECTOR('',#2681,2.5E-1);
#2683=CARTESIAN_POINT('',(-3.75E-1,1.687137163671E0,-3.35E0));
#2684=LINE('154865',#2683,#2682);
#2685=DIRECTION('',(0.E0,1.E0,0.E0));
#2686=VECTOR('',#2685,1.128628363294E-1);
#2687=CARTESIAN_POINT('',(-3.75E-1,1.687137163671E0,-3.35E0));
#2688=LINE('154863',#2687,#2686);
#2689=DIRECTION('',(-1.E0,0.E0,0.E0));
#2690=VECTOR('',#2689,2.499999999998E-1);
#2691=CARTESIAN_POINT('',(6.249999999999E-1,1.653913252054E0,
-1.696365040558E0));
#2692=LINE('145540',#2691,#2690);
#2693=DIRECTION('',(-1.E0,0.E0,0.E0));
#2694=VECTOR('',#2693,2.499999999998E-1);
#2695=CARTESIAN_POINT('',(6.249999999999E-1,1.400401565356E0,-1.55E0));
#2696=LINE('145541',#2695,#2694);
#2697=DIRECTION('',(-4.908718334215E-13,-5.932532547126E-2,9.982387017932E-1));
#2698=VECTOR('',#2697,2.487910782282E-1);
#2699=CARTESIAN_POINT('',(6.25E-1,1.914759611690E0,-1.E0));
#2700=LINE('146504',#2699,#2698);
#2701=DIRECTION('',(7.377014546433E-14,2.008738855767E-2,-9.997982280545E-1));
#2702=VECTOR('',#2701,1.653968683921E0);
#2703=CARTESIAN_POINT('',(6.249999999999E-1,1.653913252054E0,
-1.696365040558E0));
#2704=LINE('146857',#2703,#2702);
#2705=DIRECTION('',(0.E0,8.660254037841E-1,-5.000000000006E-1));
#2706=VECTOR('',#2705,2.927300811163E-1);
#2707=CARTESIAN_POINT('',(6.249999999999E-1,1.400401565356E0,-1.55E0));
#2708=LINE('145542',#2707,#2706);
#2709=DIRECTION('',(0.E0,-5.304782741328E-1,-8.476985317157E-1));
#2710=VECTOR('',#2709,9.417886820355E-1);
#2711=CARTESIAN_POINT('',(6.249999999999E-1,1.9E0,-7.516471170518E-1));
#2712=LINE('145544',#2711,#2710);
#2713=DIRECTION('',(1.435453063604E-13,0.E0,1.E0));
#2714=VECTOR('',#2713,8.499999999999E-1);
#2715=CARTESIAN_POINT('',(6.249999999999E-1,2.077E0,-5.7E0));
#2716=LINE('146505',#2715,#2714);
#2717=DIRECTION('',(0.E0,-1.E0,-3.348700538313E-14));
#2718=VECTOR('',#2717,1.724E0);
#2719=CARTESIAN_POINT('',(6.249999999999E-1,2.077E0,-5.7E0));
#2720=LINE('145546',#2719,#2718);
#2721=DIRECTION('',(0.E0,5.367252427910E-2,9.985585912391E-1));
#2722=VECTOR('',#2721,8.011547915353E-1);
#2723=CARTESIAN_POINT('',(6.249999999999E-1,3.1E-1,-6.5E0));
#2724=LINE('145529',#2723,#2722);
#2725=DIRECTION('',(0.E0,-1.E0,8.289665250535E-13));
#2726=VECTOR('',#2725,3.E-1);
#2727=CARTESIAN_POINT('',(6.249999999999E-1,3.1E-1,-6.5E0));
#2728=LINE('145532',#2727,#2726);
#2729=DIRECTION('',(0.E0,-5.210304593902E-2,-9.986417138313E-1));
#2730=VECTOR('',#2729,1.151564153662E0);
#2731=CARTESIAN_POINT('',(6.249999999999E-1,7.E-2,-5.35E0));
#2732=LINE('145534',#2731,#2730);
#2733=DIRECTION('',(0.E0,1.E0,0.E0));
#2734=VECTOR('',#2733,3.3E-1);
#2735=CARTESIAN_POINT('',(6.249999999999E-1,7.E-2,-5.35E0));
#2736=LINE('145536',#2735,#2734);
#2737=DIRECTION('',(2.440270208126E-13,0.E0,1.E0));
#2738=VECTOR('',#2737,5.E-1);
#2739=CARTESIAN_POINT('',(6.249999999999E-1,4.E-1,-5.35E0));
#2740=LINE('146854',#2739,#2738);
#2741=DIRECTION('',(-2.360536085237E-12,-5.794043118308E-14,-1.E0));
#2742=VECTOR('',#2741,5.173593128805E-2);
#2743=CARTESIAN_POINT('',(6.25E-1,8.E-1,-4.85E0));
#2744=LINE('146855',#2743,#2742);
#2745=DIRECTION('',(0.E0,1.E0,3.741623217E-13));
#2746=VECTOR('',#2745,4.889983406852E-1);
#2747=CARTESIAN_POINT('',(6.249999999999E-1,8.E-1,-4.901735931288E0));
#2748=LINE('145539',#2747,#2746);
#2749=DIRECTION('',(-1.906338269597E-12,-5.887408568086E-1,-8.083218440227E-1));
#2750=VECTOR('',#2749,6.400412369212E-2);
#2751=CARTESIAN_POINT('',(6.25E-1,1.326680183307E0,-4.85E0));
#2752=LINE('146856',#2751,#2750);
#2753=DIRECTION('',(0.E0,-1.E0,0.E0));
#2754=VECTOR('',#2753,5.E-2);
#2755=CARTESIAN_POINT('',(6.25E-1,8.E-1,-3.E0));
#2756=LINE('147689',#2755,#2754);
#2757=DIRECTION('',(0.E0,0.E0,-1.E0));
#2758=VECTOR('',#2757,3.5E-1);
#2759=CARTESIAN_POINT('',(6.25E-1,8.E-1,-3.E0));
#2760=LINE('147850',#2759,#2758);
#2761=DIRECTION('',(-1.434799991236E-13,0.E0,1.E0));
#2762=VECTOR('',#2761,8.499999999999E-1);
#2763=CARTESIAN_POINT('',(3.750000000001E-1,2.077E0,-5.7E0));
#2764=LINE('146503',#2763,#2762);
#2765=DIRECTION('',(0.E0,-1.E0,-3.348700538313E-14));
#2766=VECTOR('',#2765,1.724E0);
#2767=CARTESIAN_POINT('',(3.750000000001E-1,2.077E0,-5.7E0));
#2768=LINE('145527',#2767,#2766);
#2769=DIRECTION('',(1.E0,0.E0,0.E0));
#2770=VECTOR('',#2769,2.499999999998E-1);
#2771=CARTESIAN_POINT('',(3.750000000001E-1,3.53E-1,-5.7E0));
#2772=LINE('145530',#2771,#2770);
#2773=DIRECTION('',(-1.E0,0.E0,0.E0));
#2774=VECTOR('',#2773,2.499999999998E-1);
#2775=CARTESIAN_POINT('',(6.249999999999E-1,2.077E0,-5.7E0));
#2776=LINE('145545',#2775,#2774);
#2777=DIRECTION('',(0.E0,-1.E0,8.289665250535E-13));
#2778=VECTOR('',#2777,3.E-1);
#2779=CARTESIAN_POINT('',(3.750000000001E-1,3.1E-1,-6.5E0));
#2780=LINE('145521',#2779,#2778);
#2781=DIRECTION('',(-1.E0,0.E0,0.E0));
#2782=VECTOR('',#2781,2.499999999998E-1);
#2783=CARTESIAN_POINT('',(6.249999999999E-1,3.1E-1,-6.5E0));
#2784=LINE('145528',#2783,#2782);
#2785=DIRECTION('',(-1.E0,0.E0,0.E0));
#2786=VECTOR('',#2785,2.499999999998E-1);
#2787=CARTESIAN_POINT('',(6.249999999999E-1,1.000000000001E-2,-6.5E0));
#2788=LINE('145531',#2787,#2786);
#2789=DIRECTION('',(0.E0,1.E0,0.E0));
#2790=VECTOR('',#2789,3.3E-1);
#2791=CARTESIAN_POINT('',(3.750000000001E-1,7.E-2,-5.35E0));
#2792=LINE('145523',#2791,#2790);
#2793=DIRECTION('',(-1.E0,0.E0,0.E0));
#2794=VECTOR('',#2793,2.499999999998E-1);
#2795=CARTESIAN_POINT('',(6.249999999999E-1,7.E-2,-5.35E0));
#2796=LINE('145533',#2795,#2794);
#2797=DIRECTION('',(-1.E0,0.E0,0.E0));
#2798=VECTOR('',#2797,2.499999999998E-1);
#2799=CARTESIAN_POINT('',(6.249999999999E-1,4.E-1,-5.35E0));
#2800=LINE('145535',#2799,#2798);
#2801=DIRECTION('',(-2.439159985102E-13,0.E0,1.E0));
#2802=VECTOR('',#2801,5.E-1);
#2803=CARTESIAN_POINT('',(3.750000000001E-1,4.E-1,-5.35E0));
#2804=LINE('146850',#2803,#2802);
#2805=DIRECTION('',(2.357317172393E-12,-6.008637307875E-14,-1.E0));
#2806=VECTOR('',#2805,5.173593128805E-2);
#2807=CARTESIAN_POINT('',(3.75E-1,8.E-1,-4.85E0));
#2808=LINE('146851',#2807,#2806);
#2809=DIRECTION('',(1.E0,0.E0,0.E0));
#2810=VECTOR('',#2809,2.5E-1);
#2811=CARTESIAN_POINT('',(3.75E-1,8.E-1,-3.E0));
#2812=LINE('147688',#2811,#2810);
#2813=DIRECTION('',(0.E0,0.E0,-1.E0));
#2814=VECTOR('',#2813,3.5E-1);
#2815=CARTESIAN_POINT('',(3.75E-1,8.E-1,-3.E0));
#2816=LINE('147849',#2815,#2814);
#2817=DIRECTION('',(0.E0,1.E0,3.741623217E-13));
#2818=VECTOR('',#2817,4.889983406852E-1);
#2819=CARTESIAN_POINT('',(3.750000000001E-1,8.E-1,-4.901735931288E0));
#2820=LINE('145524',#2819,#2818);
#2821=DIRECTION('',(-1.E0,0.E0,0.E0));
#2822=VECTOR('',#2821,2.499999999998E-1);
#2823=CARTESIAN_POINT('',(6.249999999999E-1,8.E-1,-4.901735931288E0));
#2824=LINE('145537',#2823,#2822);
#2825=DIRECTION('',(-1.E0,0.E0,0.E0));
#2826=VECTOR('',#2825,2.499999999998E-1);
#2827=CARTESIAN_POINT('',(6.249999999999E-1,1.288998340685E0,
-4.901735931288E0));
#2828=LINE('145538',#2827,#2826);
#2829=DIRECTION('',(4.899793391789E-13,-5.932532547126E-2,9.982387017932E-1));
#2830=VECTOR('',#2829,2.487910782282E-1);
#2831=CARTESIAN_POINT('',(1.375E0,1.914759611690E0,-1.E0));
#2832=LINE('146498',#2831,#2830);
#2833=DIRECTION('',(0.E0,-5.304782741328E-1,-8.476985317157E-1));
#2834=VECTOR('',#2833,9.417886820355E-1);
#2835=CARTESIAN_POINT('',(1.375E0,1.9E0,-7.516471170518E-1));
#2836=LINE('145553',#2835,#2834);
#2837=DIRECTION('',(0.E0,8.660254037841E-1,-5.000000000006E-1));
#2838=VECTOR('',#2837,2.927300811163E-1);
#2839=CARTESIAN_POINT('',(1.375E0,1.400401565356E0,-1.55E0));
#2840=LINE('145552',#2839,#2838);
#2841=DIRECTION('',(-7.356877109091E-14,2.008738855767E-2,-9.997982280545E-1));
#2842=VECTOR('',#2841,1.653968683921E0);
#2843=CARTESIAN_POINT('',(1.375E0,1.653913252054E0,-1.696365040558E0));
#2844=LINE('146823',#2843,#2842);
#2845=DIRECTION('',(1.904603657887E-12,-5.887408568087E-1,-8.083218440227E-1));
#2846=VECTOR('',#2845,6.400412369212E-2);
#2847=CARTESIAN_POINT('',(1.375E0,1.326680183307E0,-4.85E0));
#2848=LINE('146822',#2847,#2846);
#2849=DIRECTION('',(0.E0,-5.210304593902E-2,-9.986417138313E-1));
#2850=VECTOR('',#2849,1.151564153662E0);
#2851=CARTESIAN_POINT('',(1.375E0,7.E-2,-5.35E0));
#2852=LINE('145549',#2851,#2850);
#2853=DIRECTION('',(0.E0,5.367252427910E-2,9.985585912391E-1));
#2854=VECTOR('',#2853,8.011547915353E-1);
#2855=CARTESIAN_POINT('',(1.375E0,3.1E-1,-6.5E0));
#2856=LINE('145547',#2855,#2854);
#2857=DIRECTION('',(0.E0,-1.E0,0.E0));
#2858=VECTOR('',#2857,5.E-2);
#2859=CARTESIAN_POINT('',(1.375E0,8.E-1,-3.E0));
#2860=LINE('147684',#2859,#2858);
#2861=DIRECTION('',(-1.E0,0.E0,0.E0));
#2862=VECTOR('',#2861,2.499999999998E-1);
#2863=CARTESIAN_POINT('',(1.625E0,1.9E0,-7.516471170518E-1));
#2864=LINE('145570',#2863,#2862);
#2865=DIRECTION('',(-4.926568219067E-13,-5.932532547126E-2,9.982387017932E-1));
#2866=VECTOR('',#2865,2.487910782282E-1);
#2867=CARTESIAN_POINT('',(1.625E0,1.914759611690E0,-1.E0));
#2868=LINE('146500',#2867,#2866);
#2869=DIRECTION('',(7.450851816689E-14,2.008738855767E-2,-9.997982280545E-1));
#2870=VECTOR('',#2869,1.653968683921E0);
#2871=CARTESIAN_POINT('',(1.625E0,1.653913252054E0,-1.696365040558E0));
#2872=LINE('146827',#2871,#2870);
#2873=DIRECTION('',(0.E0,8.660254037841E-1,-5.000000000006E-1));
#2874=VECTOR('',#2873,2.927300811163E-1);
#2875=CARTESIAN_POINT('',(1.625E0,1.400401565356E0,-1.55E0));
#2876=LINE('145569',#2875,#2874);
#2877=DIRECTION('',(0.E0,-5.304782741328E-1,-8.476985317157E-1));
#2878=VECTOR('',#2877,9.417886820355E-1);
#2879=CARTESIAN_POINT('',(1.625E0,1.9E0,-7.516471170518E-1));
#2880=LINE('145571',#2879,#2878);
#2881=DIRECTION('',(1.449820655687E-13,0.E0,1.E0));
#2882=VECTOR('',#2881,8.499999999999E-1);
#2883=CARTESIAN_POINT('',(1.625E0,2.077E0,-5.7E0));
#2884=LINE('146501',#2883,#2882);
#2885=DIRECTION('',(0.E0,-1.E0,-3.348700538313E-14));
#2886=VECTOR('',#2885,1.724E0);
#2887=CARTESIAN_POINT('',(1.625E0,2.077E0,-5.7E0));
#2888=LINE('145573',#2887,#2886);
#2889=DIRECTION('',(0.E0,5.367252427910E-2,9.985585912391E-1));
#2890=VECTOR('',#2889,8.011547915353E-1);
#2891=CARTESIAN_POINT('',(1.625E0,3.1E-1,-6.5E0));
#2892=LINE('145556',#2891,#2890);
#2893=DIRECTION('',(0.E0,-1.E0,8.289665250535E-13));
#2894=VECTOR('',#2893,3.E-1);
#2895=CARTESIAN_POINT('',(1.625E0,3.1E-1,-6.5E0));
#2896=LINE('145559',#2895,#2894);
#2897=DIRECTION('',(0.E0,-5.210304593902E-2,-9.986417138313E-1));
#2898=VECTOR('',#2897,1.151564153662E0);
#2899=CARTESIAN_POINT('',(1.625E0,7.E-2,-5.35E0));
#2900=LINE('145561',#2899,#2898);
#2901=DIRECTION('',(0.E0,1.E0,0.E0));
#2902=VECTOR('',#2901,3.3E-1);
#2903=CARTESIAN_POINT('',(1.625E0,7.E-2,-5.35E0));
#2904=LINE('145563',#2903,#2902);
#2905=DIRECTION('',(2.464695114668E-13,0.E0,1.E0));
#2906=VECTOR('',#2905,5.E-1);
#2907=CARTESIAN_POINT('',(1.625E0,4.E-1,-5.35E0));
#2908=LINE('146824',#2907,#2906);
#2909=DIRECTION('',(-2.381995504193E-12,-5.794043118308E-14,-1.E0));
#2910=VECTOR('',#2909,5.173593128805E-2);
#2911=CARTESIAN_POINT('',(1.625E0,8.E-1,-4.85E0));
#2912=LINE('146825',#2911,#2910);
#2913=DIRECTION('',(0.E0,1.E0,3.741623217E-13));
#2914=VECTOR('',#2913,4.889983406852E-1);
#2915=CARTESIAN_POINT('',(1.625E0,8.E-1,-4.901735931288E0));
#2916=LINE('145566',#2915,#2914);
#2917=DIRECTION('',(-1.925418998410E-12,-5.887408568086E-1,-8.083218440227E-1));
#2918=VECTOR('',#2917,6.400412369212E-2);
#2919=CARTESIAN_POINT('',(1.625E0,1.326680183307E0,-4.85E0));
#2920=LINE('146826',#2919,#2918);
#2921=DIRECTION('',(0.E0,-1.E0,0.E0));
#2922=VECTOR('',#2921,5.E-2);
#2923=CARTESIAN_POINT('',(1.625E0,8.E-1,-3.E0));
#2924=LINE('147686',#2923,#2922);
#2925=DIRECTION('',(0.E0,0.E0,-1.E0));
#2926=VECTOR('',#2925,3.5E-1);
#2927=CARTESIAN_POINT('',(1.625E0,8.E-1,-3.E0));
#2928=LINE('147848',#2927,#2926);
#2929=DIRECTION('',(-1.E0,0.E0,0.E0));
#2930=VECTOR('',#2929,2.499999999998E-1);
#2931=CARTESIAN_POINT('',(1.625E0,1.653913252054E0,-1.696365040558E0));
#2932=LINE('145567',#2931,#2930);
#2933=DIRECTION('',(-1.E0,0.E0,0.E0));
#2934=VECTOR('',#2933,2.499999999998E-1);
#2935=CARTESIAN_POINT('',(1.625E0,1.400401565356E0,-1.55E0));
#2936=LINE('145568',#2935,#2934);
#2937=DIRECTION('',(-1.434146918869E-13,0.E0,1.E0));
#2938=VECTOR('',#2937,8.499999999999E-1);
#2939=CARTESIAN_POINT('',(1.375E0,2.077E0,-5.7E0));
#2940=LINE('146499',#2939,#2938);
#2941=DIRECTION('',(0.E0,-1.E0,-3.348700538313E-14));
#2942=VECTOR('',#2941,1.724E0);
#2943=CARTESIAN_POINT('',(1.375E0,2.077E0,-5.7E0));
#2944=LINE('145554',#2943,#2942);
#2945=DIRECTION('',(1.E0,0.E0,0.E0));
#2946=VECTOR('',#2945,2.499999999998E-1);
#2947=CARTESIAN_POINT('',(1.375E0,3.53E-1,-5.7E0));
#2948=LINE('145557',#2947,#2946);
#2949=DIRECTION('',(-1.E0,0.E0,0.E0));
#2950=VECTOR('',#2949,2.499999999998E-1);
#2951=CARTESIAN_POINT('',(1.625E0,2.077E0,-5.7E0));
#2952=LINE('145572',#2951,#2950);
#2953=DIRECTION('',(0.E0,-1.E0,8.289665250535E-13));
#2954=VECTOR('',#2953,3.E-1);
#2955=CARTESIAN_POINT('',(1.375E0,3.1E-1,-6.5E0));
#2956=LINE('145548',#2955,#2954);
#2957=DIRECTION('',(-1.E0,0.E0,0.E0));
#2958=VECTOR('',#2957,2.499999999998E-1);
#2959=CARTESIAN_POINT('',(1.625E0,3.1E-1,-6.5E0));
#2960=LINE('145555',#2959,#2958);
#2961=DIRECTION('',(-1.E0,0.E0,0.E0));
#2962=VECTOR('',#2961,2.499999999998E-1);
#2963=CARTESIAN_POINT('',(1.625E0,1.000000000001E-2,-6.5E0));
#2964=LINE('145558',#2963,#2962);
#2965=DIRECTION('',(0.E0,1.E0,0.E0));
#2966=VECTOR('',#2965,3.3E-1);
#2967=CARTESIAN_POINT('',(1.375E0,7.E-2,-5.35E0));
#2968=LINE('145550',#2967,#2966);
#2969=DIRECTION('',(-1.E0,0.E0,0.E0));
#2970=VECTOR('',#2969,2.499999999998E-1);
#2971=CARTESIAN_POINT('',(1.625E0,7.E-2,-5.35E0));
#2972=LINE('145560',#2971,#2970);
#2973=DIRECTION('',(-1.E0,0.E0,0.E0));
#2974=VECTOR('',#2973,2.499999999998E-1);
#2975=CARTESIAN_POINT('',(1.625E0,4.E-1,-5.35E0));
#2976=LINE('145562',#2975,#2974);
#2977=DIRECTION('',(-2.438049762077E-13,0.E0,1.E0));
#2978=VECTOR('',#2977,5.E-1);
#2979=CARTESIAN_POINT('',(1.375E0,4.E-1,-5.35E0));
#2980=LINE('146820',#2979,#2978);
#2981=DIRECTION('',(2.351952317654E-12,-6.008637307875E-14,-1.E0));
#2982=VECTOR('',#2981,5.173593128805E-2);
#2983=CARTESIAN_POINT('',(1.375E0,8.E-1,-4.85E0));
#2984=LINE('146821',#2983,#2982);
#2985=DIRECTION('',(1.E0,0.E0,0.E0));
#2986=VECTOR('',#2985,2.5E-1);
#2987=CARTESIAN_POINT('',(1.375E0,8.E-1,-3.E0));
#2988=LINE('147685',#2987,#2986);
#2989=DIRECTION('',(0.E0,0.E0,-1.E0));
#2990=VECTOR('',#2989,3.5E-1);
#2991=CARTESIAN_POINT('',(1.375E0,8.E-1,-3.E0));
#2992=LINE('147847',#2991,#2990);
#2993=DIRECTION('',(0.E0,1.E0,3.741623217E-13));
#2994=VECTOR('',#2993,4.889983406852E-1);
#2995=CARTESIAN_POINT('',(1.375E0,8.E-1,-4.901735931288E0));
#2996=LINE('145551',#2995,#2994);
#2997=DIRECTION('',(-1.E0,0.E0,0.E0));
#2998=VECTOR('',#2997,2.499999999998E-1);
#2999=CARTESIAN_POINT('',(1.625E0,8.E-1,-4.901735931288E0));
#3000=LINE('145564',#2999,#2998);
#3001=DIRECTION('',(-1.E0,0.E0,0.E0));
#3002=VECTOR('',#3001,2.499999999998E-1);
#3003=CARTESIAN_POINT('',(1.625E0,1.288998340685E0,-4.901735931288E0));
#3004=LINE('145565',#3003,#3002);
#3005=DIRECTION('',(4.890868449363E-13,-5.932532547126E-2,9.982387017932E-1));
#3006=VECTOR('',#3005,2.487910782282E-1);
#3007=CARTESIAN_POINT('',(2.375E0,1.914759611690E0,-1.E0));
#3008=LINE('146494',#3007,#3006);
#3009=DIRECTION('',(0.E0,-5.304782741328E-1,-8.476985317157E-1));
#3010=VECTOR('',#3009,9.417886820355E-1);
#3011=CARTESIAN_POINT('',(2.375E0,1.9E0,-7.516471170518E-1));
#3012=LINE('145580',#3011,#3010);
#3013=DIRECTION('',(0.E0,8.660254037841E-1,-5.000000000006E-1));
#3014=VECTOR('',#3013,2.927300811163E-1);
#3015=CARTESIAN_POINT('',(2.375E0,1.400401565356E0,-1.55E0));
#3016=LINE('145579',#3015,#3014);
#3017=DIRECTION('',(-7.356877109091E-14,2.008738855767E-2,-9.997982280545E-1));
#3018=VECTOR('',#3017,1.653968683921E0);
#3019=CARTESIAN_POINT('',(2.375E0,1.653913252054E0,-1.696365040558E0));
#3020=LINE('146793',#3019,#3018);
#3021=DIRECTION('',(1.894195987625E-12,-5.887408568087E-1,-8.083218440227E-1));
#3022=VECTOR('',#3021,6.400412369212E-2);
#3023=CARTESIAN_POINT('',(2.375E0,1.326680183307E0,-4.85E0));
#3024=LINE('146792',#3023,#3022);
#3025=DIRECTION('',(0.E0,-5.210304593902E-2,-9.986417138313E-1));
#3026=VECTOR('',#3025,1.151564153662E0);
#3027=CARTESIAN_POINT('',(2.375E0,7.E-2,-5.35E0));
#3028=LINE('145576',#3027,#3026);
#3029=DIRECTION('',(0.E0,5.367252427910E-2,9.985585912391E-1));
#3030=VECTOR('',#3029,8.011547915353E-1);
#3031=CARTESIAN_POINT('',(2.375E0,3.1E-1,-6.5E0));
#3032=LINE('145574',#3031,#3030);
#3033=DIRECTION('',(0.E0,-1.E0,0.E0));
#3034=VECTOR('',#3033,5.E-2);
#3035=CARTESIAN_POINT('',(2.375E0,8.E-1,-3.E0));
#3036=LINE('147681',#3035,#3034);
#3037=DIRECTION('',(-1.E0,0.E0,0.E0));
#3038=VECTOR('',#3037,2.499999999998E-1);
#3039=CARTESIAN_POINT('',(2.625E0,1.9E0,-7.516471170518E-1));
#3040=LINE('145597',#3039,#3038);
#3041=DIRECTION('',(-4.926568219067E-13,-5.932532547126E-2,9.982387017932E-1));
#3042=VECTOR('',#3041,2.487910782282E-1);
#3043=CARTESIAN_POINT('',(2.625E0,1.914759611690E0,-1.E0));
#3044=LINE('146496',#3043,#3042);
#3045=DIRECTION('',(7.491126691374E-14,2.008738855767E-2,-9.997982280545E-1));
#3046=VECTOR('',#3045,1.653968683921E0);
#3047=CARTESIAN_POINT('',(2.625E0,1.653913252054E0,-1.696365040558E0));
#3048=LINE('146797',#3047,#3046);
#3049=DIRECTION('',(0.E0,8.660254037841E-1,-5.000000000006E-1));
#3050=VECTOR('',#3049,2.927300811163E-1);
#3051=CARTESIAN_POINT('',(2.625E0,1.400401565356E0,-1.55E0));
#3052=LINE('145596',#3051,#3050);
#3053=DIRECTION('',(0.E0,-5.304782741328E-1,-8.476985317157E-1));
#3054=VECTOR('',#3053,9.417886820355E-1);
#3055=CARTESIAN_POINT('',(2.625E0,1.9E0,-7.516471170518E-1));
#3056=LINE('145598',#3055,#3054);
#3057=DIRECTION('',(1.457657524096E-13,0.E0,1.E0));
#3058=VECTOR('',#3057,8.499999999999E-1);
#3059=CARTESIAN_POINT('',(2.625E0,2.077E0,-5.7E0));
#3060=LINE('146497',#3059,#3058);
#3061=DIRECTION('',(0.E0,-1.E0,-3.348700538313E-14));
#3062=VECTOR('',#3061,1.724E0);
#3063=CARTESIAN_POINT('',(2.625E0,2.077E0,-5.7E0));
#3064=LINE('145600',#3063,#3062);
#3065=DIRECTION('',(0.E0,5.367252427910E-2,9.985585912391E-1));
#3066=VECTOR('',#3065,8.011547915353E-1);
#3067=CARTESIAN_POINT('',(2.625E0,3.1E-1,-6.5E0));
#3068=LINE('145583',#3067,#3066);
#3069=DIRECTION('',(0.E0,-1.E0,8.289665250535E-13));
#3070=VECTOR('',#3069,3.E-1);
#3071=CARTESIAN_POINT('',(2.625E0,3.1E-1,-6.5E0));
#3072=LINE('145586',#3071,#3070);
#3073=DIRECTION('',(0.E0,-5.210304593902E-2,-9.986417138313E-1));
#3074=VECTOR('',#3073,1.151564153662E0);
#3075=CARTESIAN_POINT('',(2.625E0,7.E-2,-5.35E0));
#3076=LINE('145588',#3075,#3074);
#3077=DIRECTION('',(0.E0,1.E0,0.E0));
#3078=VECTOR('',#3077,3.3E-1);
#3079=CARTESIAN_POINT('',(2.625E0,7.E-2,-5.35E0));
#3080=LINE('145590',#3079,#3078);
#3081=DIRECTION('',(2.478017790963E-13,0.E0,1.E0));
#3082=VECTOR('',#3081,5.E-1);
#3083=CARTESIAN_POINT('',(2.625E0,4.E-1,-5.35E0));
#3084=LINE('146794',#3083,#3082);
#3085=DIRECTION('',(-2.394871155567E-12,-5.794043118308E-14,-1.E0));
#3086=VECTOR('',#3085,5.173593128805E-2);
#3087=CARTESIAN_POINT('',(2.625E0,8.E-1,-4.85E0));
#3088=LINE('146795',#3087,#3086);
#3089=DIRECTION('',(0.E0,1.E0,3.741623217E-13));
#3090=VECTOR('',#3089,4.889983406852E-1);
#3091=CARTESIAN_POINT('',(2.625E0,8.E-1,-4.901735931288E0));
#3092=LINE('145593',#3091,#3090);
#3093=DIRECTION('',(-1.935826668672E-12,-5.887408568086E-1,-8.083218440227E-1));
#3094=VECTOR('',#3093,6.400412369212E-2);
#3095=CARTESIAN_POINT('',(2.625E0,1.326680183307E0,-4.85E0));
#3096=LINE('146796',#3095,#3094);
#3097=DIRECTION('',(0.E0,-1.E0,0.E0));
#3098=VECTOR('',#3097,5.E-2);
#3099=CARTESIAN_POINT('',(2.625E0,8.E-1,-3.E0));
#3100=LINE('147683',#3099,#3098);
#3101=DIRECTION('',(0.E0,0.E0,-1.E0));
#3102=VECTOR('',#3101,3.5E-1);
#3103=CARTESIAN_POINT('',(2.625E0,8.E-1,-3.E0));
#3104=LINE('147846',#3103,#3102);
#3105=DIRECTION('',(-1.E0,0.E0,0.E0));
#3106=VECTOR('',#3105,2.499999999998E-1);
#3107=CARTESIAN_POINT('',(2.625E0,1.653913252054E0,-1.696365040558E0));
#3108=LINE('145594',#3107,#3106);
#3109=DIRECTION('',(-1.E0,0.E0,0.E0));
#3110=VECTOR('',#3109,2.499999999998E-1);
#3111=CARTESIAN_POINT('',(2.625E0,1.400401565356E0,-1.55E0));
#3112=LINE('145595',#3111,#3110);
#3113=DIRECTION('',(-1.426310050460E-13,0.E0,1.E0));
#3114=VECTOR('',#3113,8.499999999999E-1);
#3115=CARTESIAN_POINT('',(2.375E0,2.077E0,-5.7E0));
#3116=LINE('146495',#3115,#3114);
#3117=DIRECTION('',(0.E0,-1.E0,-3.348700538313E-14));
#3118=VECTOR('',#3117,1.724E0);
#3119=CARTESIAN_POINT('',(2.375E0,2.077E0,-5.7E0));
#3120=LINE('145581',#3119,#3118);
#3121=DIRECTION('',(1.E0,0.E0,0.E0));
#3122=VECTOR('',#3121,2.499999999998E-1);
#3123=CARTESIAN_POINT('',(2.375E0,3.53E-1,-5.7E0));
#3124=LINE('145584',#3123,#3122);
#3125=DIRECTION('',(-1.E0,0.E0,0.E0));
#3126=VECTOR('',#3125,2.499999999998E-1);
#3127=CARTESIAN_POINT('',(2.625E0,2.077E0,-5.7E0));
#3128=LINE('145599',#3127,#3126);
#3129=DIRECTION('',(0.E0,-1.E0,8.289665250535E-13));
#3130=VECTOR('',#3129,3.E-1);
#3131=CARTESIAN_POINT('',(2.375E0,3.1E-1,-6.5E0));
#3132=LINE('145575',#3131,#3130);
#3133=DIRECTION('',(-1.E0,0.E0,0.E0));
#3134=VECTOR('',#3133,2.499999999998E-1);
#3135=CARTESIAN_POINT('',(2.625E0,3.1E-1,-6.5E0));
#3136=LINE('145582',#3135,#3134);
#3137=DIRECTION('',(-1.E0,0.E0,0.E0));
#3138=VECTOR('',#3137,2.499999999998E-1);
#3139=CARTESIAN_POINT('',(2.625E0,1.000000000001E-2,-6.5E0));
#3140=LINE('145585',#3139,#3138);
#3141=DIRECTION('',(0.E0,1.E0,0.E0));
#3142=VECTOR('',#3141,3.3E-1);
#3143=CARTESIAN_POINT('',(2.375E0,7.E-2,-5.35E0));
#3144=LINE('145577',#3143,#3142);
#3145=DIRECTION('',(-1.E0,0.E0,0.E0));
#3146=VECTOR('',#3145,2.499999999998E-1);
#3147=CARTESIAN_POINT('',(2.625E0,7.E-2,-5.35E0));
#3148=LINE('145587',#3147,#3146);
#3149=DIRECTION('',(-1.E0,0.E0,0.E0));
#3150=VECTOR('',#3149,2.499999999998E-1);
#3151=CARTESIAN_POINT('',(2.625E0,4.E-1,-5.35E0));
#3152=LINE('145589',#3151,#3150);
#3153=DIRECTION('',(-2.424727085781E-13,0.E0,1.E0));
#3154=VECTOR('',#3153,5.E-1);
#3155=CARTESIAN_POINT('',(2.375E0,4.E-1,-5.35E0));
#3156=LINE('146790',#3155,#3154);
#3157=DIRECTION('',(2.343368550071E-12,-6.008637307875E-14,-1.E0));
#3158=VECTOR('',#3157,5.173593128805E-2);
#3159=CARTESIAN_POINT('',(2.375E0,8.E-1,-4.85E0));
#3160=LINE('146791',#3159,#3158);
#3161=DIRECTION('',(1.E0,0.E0,0.E0));
#3162=VECTOR('',#3161,2.5E-1);
#3163=CARTESIAN_POINT('',(2.375E0,8.E-1,-3.E0));
#3164=LINE('147682',#3163,#3162);
#3165=DIRECTION('',(0.E0,0.E0,-1.E0));
#3166=VECTOR('',#3165,3.5E-1);
#3167=CARTESIAN_POINT('',(2.375E0,8.E-1,-3.E0));
#3168=LINE('147845',#3167,#3166);
#3169=DIRECTION('',(0.E0,1.E0,3.741623217E-13));
#3170=VECTOR('',#3169,4.889983406852E-1);
#3171=CARTESIAN_POINT('',(2.375E0,8.E-1,-4.901735931288E0));
#3172=LINE('145578',#3171,#3170);
#3173=DIRECTION('',(-1.E0,0.E0,0.E0));
#3174=VECTOR('',#3173,2.499999999998E-1);
#3175=CARTESIAN_POINT('',(2.625E0,8.E-1,-4.901735931288E0));
#3176=LINE('145591',#3175,#3174);
#3177=DIRECTION('',(-1.E0,0.E0,0.E0));
#3178=VECTOR('',#3177,2.499999999998E-1);
#3179=CARTESIAN_POINT('',(2.625E0,1.288998340685E0,-4.901735931288E0));
#3180=LINE('145592',#3179,#3178);
#3181=DIRECTION('',(-1.956347379745E-12,-5.932532547126E-2,9.982387017932E-1));
#3182=VECTOR('',#3181,2.487910782282E-1);
#3183=CARTESIAN_POINT('',(3.375E0,1.914759611690E0,-1.E0));
#3184=LINE('146490',#3183,#3182);
#3185=DIRECTION('',(0.E0,-5.304782741328E-1,-8.476985317157E-1));
#3186=VECTOR('',#3185,9.417886820355E-1);
#3187=CARTESIAN_POINT('',(3.375E0,1.9E0,-7.516471170518E-1));
#3188=LINE('145607',#3187,#3186);
#3189=DIRECTION('',(0.E0,8.660254037841E-1,-5.000000000006E-1));
#3190=VECTOR('',#3189,2.927300811163E-1);
#3191=CARTESIAN_POINT('',(3.375E0,1.400401565356E0,-1.55E0));
#3192=LINE('145606',#3191,#3190);
#3193=DIRECTION('',(2.950805818573E-13,2.008738855767E-2,-9.997982280545E-1));
#3194=VECTOR('',#3193,1.653968683921E0);
#3195=CARTESIAN_POINT('',(3.375E0,1.653913252054E0,-1.696365040558E0));
#3196=LINE('146763',#3195,#3194);
#3197=DIRECTION('',(-7.604537737865E-12,-5.887408568087E-1,-8.083218440227E-1));
#3198=VECTOR('',#3197,6.400412369212E-2);
#3199=CARTESIAN_POINT('',(3.375E0,1.326680183307E0,-4.85E0));
#3200=LINE('146762',#3199,#3198);
#3201=DIRECTION('',(0.E0,-5.210304593902E-2,-9.986417138313E-1));
#3202=VECTOR('',#3201,1.151564153662E0);
#3203=CARTESIAN_POINT('',(3.375E0,7.E-2,-5.35E0));
#3204=LINE('145603',#3203,#3202);
#3205=DIRECTION('',(0.E0,5.367252427910E-2,9.985585912391E-1));
#3206=VECTOR('',#3205,8.011547915353E-1);
#3207=CARTESIAN_POINT('',(3.375E0,3.1E-1,-6.5E0));
#3208=LINE('145601',#3207,#3206);
#3209=DIRECTION('',(0.E0,-1.E0,0.E0));
#3210=VECTOR('',#3209,5.E-2);
#3211=CARTESIAN_POINT('',(3.375E0,8.E-1,-3.E0));
#3212=LINE('147678',#3211,#3210);
#3213=DIRECTION('',(-1.E0,0.E0,0.E0));
#3214=VECTOR('',#3213,2.500000000010E-1);
#3215=CARTESIAN_POINT('',(3.625E0,1.9E0,-7.516471170518E-1));
#3216=LINE('145624',#3215,#3214);
#3217=DIRECTION('',(1.950992414290E-12,-5.932532547126E-2,9.982387017932E-1));
#3218=VECTOR('',#3217,2.487910782282E-1);
#3219=CARTESIAN_POINT('',(3.625E0,1.914759611690E0,-1.E0));
#3220=LINE('146492',#3219,#3218);
#3221=DIRECTION('',(-2.934695868699E-13,2.008738855767E-2,-9.997982280545E-1));
#3222=VECTOR('',#3221,1.653968683921E0);
#3223=CARTESIAN_POINT('',(3.625E0,1.653913252054E0,-1.696365040558E0));
#3224=LINE('146767',#3223,#3222);
#3225=DIRECTION('',(0.E0,8.660254037841E-1,-5.000000000006E-1));
#3226=VECTOR('',#3225,2.927300811163E-1);
#3227=CARTESIAN_POINT('',(3.625E0,1.400401565356E0,-1.55E0));
#3228=LINE('145623',#3227,#3226);
#3229=DIRECTION('',(0.E0,-5.304782741328E-1,-8.476985317157E-1));
#3230=VECTOR('',#3229,9.417886820355E-1);
#3231=CARTESIAN_POINT('',(3.625E0,1.9E0,-7.516471170518E-1));
#3232=LINE('145625',#3231,#3230);
#3233=DIRECTION('',(-5.710464780778E-13,0.E0,1.E0));
#3234=VECTOR('',#3233,8.499999999999E-1);
#3235=CARTESIAN_POINT('',(3.625E0,2.077E0,-5.7E0));
#3236=LINE('146493',#3235,#3234);
#3237=DIRECTION('',(0.E0,-1.E0,-3.348700538313E-14));
#3238=VECTOR('',#3237,1.724E0);
#3239=CARTESIAN_POINT('',(3.625E0,2.077E0,-5.7E0));
#3240=LINE('145627',#3239,#3238);
#3241=DIRECTION('',(0.E0,5.367252427910E-2,9.985585912391E-1));
#3242=VECTOR('',#3241,8.011547915353E-1);
#3243=CARTESIAN_POINT('',(3.625E0,3.1E-1,-6.5E0));
#3244=LINE('145610',#3243,#3242);
#3245=DIRECTION('',(0.E0,-1.E0,8.289665250535E-13));
#3246=VECTOR('',#3245,3.E-1);
#3247=CARTESIAN_POINT('',(3.625E0,3.1E-1,-6.5E0));
#3248=LINE('145613',#3247,#3246);
#3249=DIRECTION('',(0.E0,-5.210304593902E-2,-9.986417138313E-1));
#3250=VECTOR('',#3249,1.151564153662E0);
#3251=CARTESIAN_POINT('',(3.625E0,7.E-2,-5.35E0));
#3252=LINE('145615',#3251,#3250);
#3253=DIRECTION('',(0.E0,1.E0,0.E0));
#3254=VECTOR('',#3253,3.3E-1);
#3255=CARTESIAN_POINT('',(3.625E0,7.E-2,-5.35E0));
#3256=LINE('145617',#3255,#3254);
#3257=DIRECTION('',(-9.707790127323E-13,0.E0,1.E0));
#3258=VECTOR('',#3257,5.E-1);
#3259=CARTESIAN_POINT('',(3.625E0,4.E-1,-5.35E0));
#3260=LINE('146764',#3259,#3258);
#3261=DIRECTION('',(9.382057967868E-12,-5.794043118308E-14,-1.E0));
#3262=VECTOR('',#3261,5.173593128805E-2);
#3263=CARTESIAN_POINT('',(3.625E0,8.E-1,-4.85E0));
#3264=LINE('146765',#3263,#3262);
#3265=DIRECTION('',(0.E0,1.E0,3.741623217E-13));
#3266=VECTOR('',#3265,4.889983406852E-1);
#3267=CARTESIAN_POINT('',(3.625E0,8.E-1,-4.901735931288E0));
#3268=LINE('145620',#3267,#3266);
#3269=DIRECTION('',(7.583722397341E-12,-5.887408568086E-1,-8.083218440227E-1));
#3270=VECTOR('',#3269,6.400412369212E-2);
#3271=CARTESIAN_POINT('',(3.625E0,1.326680183307E0,-4.85E0));
#3272=LINE('146766',#3271,#3270);
#3273=DIRECTION('',(0.E0,-1.E0,0.E0));
#3274=VECTOR('',#3273,5.E-2);
#3275=CARTESIAN_POINT('',(3.625E0,8.E-1,-3.E0));
#3276=LINE('147680',#3275,#3274);
#3277=DIRECTION('',(0.E0,0.E0,-1.E0));
#3278=VECTOR('',#3277,3.5E-1);
#3279=CARTESIAN_POINT('',(3.625E0,8.E-1,-3.E0));
#3280=LINE('147844',#3279,#3278);
#3281=DIRECTION('',(-1.E0,0.E0,0.E0));
#3282=VECTOR('',#3281,2.500000000010E-1);
#3283=CARTESIAN_POINT('',(3.625E0,1.653913252054E0,-1.696365040558E0));
#3284=LINE('145621',#3283,#3282);
#3285=DIRECTION('',(-1.E0,0.E0,0.E0));
#3286=VECTOR('',#3285,2.500000000010E-1);
#3287=CARTESIAN_POINT('',(3.625E0,1.400401565356E0,-1.55E0));
#3288=LINE('145622',#3287,#3286);
#3289=DIRECTION('',(5.726138517597E-13,0.E0,1.E0));
#3290=VECTOR('',#3289,8.499999999999E-1);
#3291=CARTESIAN_POINT('',(3.375E0,2.077E0,-5.7E0));
#3292=LINE('146491',#3291,#3290);
#3293=DIRECTION('',(0.E0,-1.E0,-3.348700538313E-14));
#3294=VECTOR('',#3293,1.724E0);
#3295=CARTESIAN_POINT('',(3.375E0,2.077E0,-5.7E0));
#3296=LINE('145608',#3295,#3294);
#3297=DIRECTION('',(1.E0,0.E0,0.E0));
#3298=VECTOR('',#3297,2.500000000010E-1);
#3299=CARTESIAN_POINT('',(3.375E0,3.53E-1,-5.7E0));
#3300=LINE('145611',#3299,#3298);
#3301=DIRECTION('',(-1.E0,0.E0,0.E0));
#3302=VECTOR('',#3301,2.500000000010E-1);
#3303=CARTESIAN_POINT('',(3.625E0,2.077E0,-5.7E0));
#3304=LINE('145626',#3303,#3302);
#3305=DIRECTION('',(0.E0,-1.E0,8.289665250535E-13));
#3306=VECTOR('',#3305,3.E-1);
#3307=CARTESIAN_POINT('',(3.375E0,3.1E-1,-6.5E0));
#3308=LINE('145602',#3307,#3306);
#3309=DIRECTION('',(-1.E0,0.E0,0.E0));
#3310=VECTOR('',#3309,2.500000000010E-1);
#3311=CARTESIAN_POINT('',(3.625E0,3.1E-1,-6.5E0));
#3312=LINE('145609',#3311,#3310);
#3313=DIRECTION('',(-1.E0,0.E0,0.E0));
#3314=VECTOR('',#3313,2.500000000010E-1);
#3315=CARTESIAN_POINT('',(3.625E0,1.000000000001E-2,-6.5E0));
#3316=LINE('145612',#3315,#3314);
#3317=DIRECTION('',(0.E0,1.E0,0.E0));
#3318=VECTOR('',#3317,3.3E-1);
#3319=CARTESIAN_POINT('',(3.375E0,7.E-2,-5.35E0));
#3320=LINE('145604',#3319,#3318);
#3321=DIRECTION('',(-1.E0,0.E0,0.E0));
#3322=VECTOR('',#3321,2.500000000010E-1);
#3323=CARTESIAN_POINT('',(3.625E0,7.E-2,-5.35E0));
#3324=LINE('145614',#3323,#3322);
#3325=DIRECTION('',(-1.E0,0.E0,0.E0));
#3326=VECTOR('',#3325,2.500000000010E-1);
#3327=CARTESIAN_POINT('',(3.625E0,4.E-1,-5.35E0));
#3328=LINE('145616',#3327,#3326);
#3329=DIRECTION('',(9.734435479914E-13,0.E0,1.E0));
#3330=VECTOR('',#3329,5.E-1);
#3331=CARTESIAN_POINT('',(3.375E0,4.E-1,-5.35E0));
#3332=LINE('146760',#3331,#3330);
#3333=DIRECTION('',(-9.407809270616E-12,-6.008637307875E-14,-1.E0));
#3334=VECTOR('',#3333,5.173593128805E-2);
#3335=CARTESIAN_POINT('',(3.375E0,8.E-1,-4.85E0));
#3336=LINE('146761',#3335,#3334);
#3337=DIRECTION('',(1.E0,0.E0,0.E0));
#3338=VECTOR('',#3337,2.5E-1);
#3339=CARTESIAN_POINT('',(3.375E0,8.E-1,-3.E0));
#3340=LINE('147679',#3339,#3338);
#3341=DIRECTION('',(0.E0,0.E0,-1.E0));
#3342=VECTOR('',#3341,3.5E-1);
#3343=CARTESIAN_POINT('',(3.375E0,8.E-1,-3.E0));
#3344=LINE('147843',#3343,#3342);
#3345=DIRECTION('',(0.E0,1.E0,3.741623217E-13));
#3346=VECTOR('',#3345,4.889983406852E-1);
#3347=CARTESIAN_POINT('',(3.375E0,8.E-1,-4.901735931288E0));
#3348=LINE('145605',#3347,#3346);
#3349=DIRECTION('',(-1.E0,0.E0,0.E0));
#3350=VECTOR('',#3349,2.500000000010E-1);
#3351=CARTESIAN_POINT('',(3.625E0,8.E-1,-4.901735931288E0));
#3352=LINE('145618',#3351,#3350);
#3353=DIRECTION('',(-1.E0,0.E0,0.E0));
#3354=VECTOR('',#3353,2.500000000010E-1);
#3355=CARTESIAN_POINT('',(3.625E0,1.288998340685E0,-4.901735931288E0));
#3356=LINE('145619',#3355,#3354);
#3357=DIRECTION('',(-1.956347379745E-12,-5.932532547126E-2,9.982387017932E-1));
#3358=VECTOR('',#3357,2.487910782282E-1);
#3359=CARTESIAN_POINT('',(4.375E0,1.914759611690E0,-1.E0));
#3360=LINE('146486',#3359,#3358);
#3361=DIRECTION('',(0.E0,-5.304782741328E-1,-8.476985317157E-1));
#3362=VECTOR('',#3361,9.417886820355E-1);
#3363=CARTESIAN_POINT('',(4.375E0,1.9E0,-7.516471170518E-1));
#3364=LINE('145445',#3363,#3362);
#3365=DIRECTION('',(0.E0,8.660254037841E-1,-5.000000000006E-1));
#3366=VECTOR('',#3365,2.927300811163E-1);
#3367=CARTESIAN_POINT('',(4.375E0,1.400401565356E0,-1.55E0));
#3368=LINE('145444',#3367,#3366);
#3369=DIRECTION('',(2.953490810219E-13,2.008738855767E-2,-9.997982280545E-1));
#3370=VECTOR('',#3369,1.653968683921E0);
#3371=CARTESIAN_POINT('',(4.375E0,1.653913252054E0,-1.696365040558E0));
#3372=LINE('146733',#3371,#3370);
#3373=DIRECTION('',(-7.604537737865E-12,-5.887408568087E-1,-8.083218440227E-1));
#3374=VECTOR('',#3373,6.400412369212E-2);
#3375=CARTESIAN_POINT('',(4.375E0,1.326680183307E0,-4.85E0));
#3376=LINE('146732',#3375,#3374);
#3377=DIRECTION('',(0.E0,-5.210304593902E-2,-9.986417138313E-1));
#3378=VECTOR('',#3377,1.151564153662E0);
#3379=CARTESIAN_POINT('',(4.375E0,7.E-2,-5.35E0));
#3380=LINE('145441',#3379,#3378);
#3381=DIRECTION('',(0.E0,5.367252427910E-2,9.985585912391E-1));
#3382=VECTOR('',#3381,8.011547915353E-1);
#3383=CARTESIAN_POINT('',(4.375E0,3.1E-1,-6.5E0));
#3384=LINE('145439',#3383,#3382);
#3385=DIRECTION('',(0.E0,-1.E0,0.E0));
#3386=VECTOR('',#3385,5.E-2);
#3387=CARTESIAN_POINT('',(4.375E0,8.E-1,-3.E0));
#3388=LINE('147675',#3387,#3386);
#3389=DIRECTION('',(-1.E0,0.E0,0.E0));
#3390=VECTOR('',#3389,2.500000000010E-1);
#3391=CARTESIAN_POINT('',(4.625E0,1.9E0,-7.516471170518E-1));
#3392=LINE('145462',#3391,#3390);
#3393=DIRECTION('',(1.949207425805E-12,-5.932532547126E-2,9.982387017932E-1));
#3394=VECTOR('',#3393,2.487910782282E-1);
#3395=CARTESIAN_POINT('',(4.625E0,1.914759611690E0,-1.E0));
#3396=LINE('146488',#3395,#3394);
#3397=DIRECTION('',(-2.932010877054E-13,2.008738855767E-2,-9.997982280545E-1));
#3398=VECTOR('',#3397,1.653968683921E0);
#3399=CARTESIAN_POINT('',(4.625E0,1.653913252054E0,-1.696365040558E0));
#3400=LINE('146737',#3399,#3398);
#3401=DIRECTION('',(0.E0,8.660254037841E-1,-5.000000000006E-1));
#3402=VECTOR('',#3401,2.927300811163E-1);
#3403=CARTESIAN_POINT('',(4.625E0,1.400401565356E0,-1.55E0));
#3404=LINE('145461',#3403,#3402);
#3405=DIRECTION('',(0.E0,-5.304782741328E-1,-8.476985317157E-1));
#3406=VECTOR('',#3405,9.417886820355E-1);
#3407=CARTESIAN_POINT('',(4.625E0,1.9E0,-7.516471170518E-1));
#3408=LINE('145463',#3407,#3406);
#3409=DIRECTION('',(-5.705240201839E-13,0.E0,1.E0));
#3410=VECTOR('',#3409,8.499999999999E-1);
#3411=CARTESIAN_POINT('',(4.625E0,2.077E0,-5.7E0));
#3412=LINE('146489',#3411,#3410);
#3413=DIRECTION('',(0.E0,-1.E0,-3.348700538313E-14));
#3414=VECTOR('',#3413,1.724E0);
#3415=CARTESIAN_POINT('',(4.625E0,2.077E0,-5.7E0));
#3416=LINE('145465',#3415,#3414);
#3417=DIRECTION('',(0.E0,5.367252427910E-2,9.985585912391E-1));
#3418=VECTOR('',#3417,8.011547915353E-1);
#3419=CARTESIAN_POINT('',(4.625E0,3.1E-1,-6.5E0));
#3420=LINE('145448',#3419,#3418);
#3421=DIRECTION('',(0.E0,-1.E0,8.289665250535E-13));
#3422=VECTOR('',#3421,3.E-1);
#3423=CARTESIAN_POINT('',(4.625E0,3.1E-1,-6.5E0));
#3424=LINE('145451',#3423,#3422);
#3425=DIRECTION('',(0.E0,-5.210304593902E-2,-9.986417138313E-1));
#3426=VECTOR('',#3425,1.151564153662E0);
#3427=CARTESIAN_POINT('',(4.625E0,7.E-2,-5.35E0));
#3428=LINE('145453',#3427,#3426);
#3429=DIRECTION('',(0.E0,1.E0,0.E0));
#3430=VECTOR('',#3429,3.3E-1);
#3431=CARTESIAN_POINT('',(4.625E0,7.E-2,-5.35E0));
#3432=LINE('145455',#3431,#3430);
#3433=DIRECTION('',(-9.698908343126E-13,0.E0,1.E0));
#3434=VECTOR('',#3433,5.E-1);
#3435=CARTESIAN_POINT('',(4.625E0,4.E-1,-5.35E0));
#3436=LINE('146734',#3435,#3434);
#3437=DIRECTION('',(9.373474200285E-12,-5.794043118308E-14,-1.E0));
#3438=VECTOR('',#3437,5.173593128805E-2);
#3439=CARTESIAN_POINT('',(4.625E0,8.E-1,-4.85E0));
#3440=LINE('146735',#3439,#3438);
#3441=DIRECTION('',(0.E0,1.E0,3.741623217E-13));
#3442=VECTOR('',#3441,4.889983406852E-1);
#3443=CARTESIAN_POINT('',(4.625E0,8.E-1,-4.901735931288E0));
#3444=LINE('145458',#3443,#3442);
#3445=DIRECTION('',(7.576783950500E-12,-5.887408568086E-1,-8.083218440227E-1));
#3446=VECTOR('',#3445,6.400412369212E-2);
#3447=CARTESIAN_POINT('',(4.625E0,1.326680183307E0,-4.85E0));
#3448=LINE('146736',#3447,#3446);
#3449=DIRECTION('',(0.E0,-1.E0,0.E0));
#3450=VECTOR('',#3449,5.E-2);
#3451=CARTESIAN_POINT('',(4.625E0,8.E-1,-3.E0));
#3452=LINE('147677',#3451,#3450);
#3453=DIRECTION('',(0.E0,0.E0,-1.E0));
#3454=VECTOR('',#3453,3.5E-1);
#3455=CARTESIAN_POINT('',(4.625E0,8.E-1,-3.E0));
#3456=LINE('147842',#3455,#3454);
#3457=DIRECTION('',(-1.E0,0.E0,0.E0));
#3458=VECTOR('',#3457,2.500000000010E-1);
#3459=CARTESIAN_POINT('',(4.625E0,1.653913252054E0,-1.696365040558E0));
#3460=LINE('145459',#3459,#3458);
#3461=DIRECTION('',(-1.E0,0.E0,0.E0));
#3462=VECTOR('',#3461,2.500000000010E-1);
#3463=CARTESIAN_POINT('',(4.625E0,1.400401565356E0,-1.55E0));
#3464=LINE('145460',#3463,#3462);
#3465=DIRECTION('',(5.726138517597E-13,0.E0,1.E0));
#3466=VECTOR('',#3465,8.499999999999E-1);
#3467=CARTESIAN_POINT('',(4.375E0,2.077E0,-5.7E0));
#3468=LINE('146487',#3467,#3466);
#3469=DIRECTION('',(0.E0,-1.E0,-3.348700538313E-14));
#3470=VECTOR('',#3469,1.724E0);
#3471=CARTESIAN_POINT('',(4.375E0,2.077E0,-5.7E0));
#3472=LINE('145446',#3471,#3470);
#3473=DIRECTION('',(1.E0,0.E0,0.E0));
#3474=VECTOR('',#3473,2.500000000010E-1);
#3475=CARTESIAN_POINT('',(4.375E0,3.53E-1,-5.7E0));
#3476=LINE('145449',#3475,#3474);
#3477=DIRECTION('',(-1.E0,0.E0,0.E0));
#3478=VECTOR('',#3477,2.500000000010E-1);
#3479=CARTESIAN_POINT('',(4.625E0,2.077E0,-5.7E0));
#3480=LINE('145464',#3479,#3478);
#3481=DIRECTION('',(0.E0,-1.E0,8.289665250535E-13));
#3482=VECTOR('',#3481,3.E-1);
#3483=CARTESIAN_POINT('',(4.375E0,3.1E-1,-6.5E0));
#3484=LINE('145440',#3483,#3482);
#3485=DIRECTION('',(-1.E0,0.E0,0.E0));
#3486=VECTOR('',#3485,2.500000000010E-1);
#3487=CARTESIAN_POINT('',(4.625E0,3.1E-1,-6.5E0));
#3488=LINE('145447',#3487,#3486);
#3489=DIRECTION('',(-1.E0,0.E0,0.E0));
#3490=VECTOR('',#3489,2.500000000010E-1);
#3491=CARTESIAN_POINT('',(4.625E0,1.000000000001E-2,-6.5E0));
#3492=LINE('145450',#3491,#3490);
#3493=DIRECTION('',(0.E0,1.E0,0.E0));
#3494=VECTOR('',#3493,3.3E-1);
#3495=CARTESIAN_POINT('',(4.375E0,7.E-2,-5.35E0));
#3496=LINE('145442',#3495,#3494);
#3497=DIRECTION('',(-1.E0,0.E0,0.E0));
#3498=VECTOR('',#3497,2.500000000010E-1);
#3499=CARTESIAN_POINT('',(4.625E0,7.E-2,-5.35E0));
#3500=LINE('145452',#3499,#3498);
#3501=DIRECTION('',(-1.E0,0.E0,0.E0));
#3502=VECTOR('',#3501,2.500000000010E-1);
#3503=CARTESIAN_POINT('',(4.625E0,4.E-1,-5.35E0));
#3504=LINE('145454',#3503,#3502);
#3505=DIRECTION('',(9.734435479914E-13,0.E0,1.E0));
#3506=VECTOR('',#3505,5.E-1);
#3507=CARTESIAN_POINT('',(4.375E0,4.E-1,-5.35E0));
#3508=LINE('146730',#3507,#3506);
#3509=DIRECTION('',(-9.407809270616E-12,-6.008637307875E-14,-1.E0));
#3510=VECTOR('',#3509,5.173593128805E-2);
#3511=CARTESIAN_POINT('',(4.375E0,8.E-1,-4.85E0));
#3512=LINE('146731',#3511,#3510);
#3513=DIRECTION('',(1.E0,0.E0,0.E0));
#3514=VECTOR('',#3513,2.5E-1);
#3515=CARTESIAN_POINT('',(4.375E0,8.E-1,-3.E0));
#3516=LINE('147676',#3515,#3514);
#3517=DIRECTION('',(0.E0,0.E0,-1.E0));
#3518=VECTOR('',#3517,3.5E-1);
#3519=CARTESIAN_POINT('',(4.375E0,8.E-1,-3.E0));
#3520=LINE('147841',#3519,#3518);
#3521=DIRECTION('',(0.E0,1.E0,3.741623217E-13));
#3522=VECTOR('',#3521,4.889983406852E-1);
#3523=CARTESIAN_POINT('',(4.375E0,8.E-1,-4.901735931288E0));
#3524=LINE('145443',#3523,#3522);
#3525=DIRECTION('',(-1.E0,0.E0,0.E0));
#3526=VECTOR('',#3525,2.500000000010E-1);
#3527=CARTESIAN_POINT('',(4.625E0,8.E-1,-4.901735931288E0));
#3528=LINE('145456',#3527,#3526);
#3529=DIRECTION('',(-1.E0,0.E0,0.E0));
#3530=VECTOR('',#3529,2.500000000010E-1);
#3531=CARTESIAN_POINT('',(4.625E0,1.288998340685E0,-4.901735931288E0));
#3532=LINE('145457',#3531,#3530);
#3533=DIRECTION('',(-1.963487333686E-12,-5.932532547126E-2,9.982387017932E-1));
#3534=VECTOR('',#3533,2.487910782282E-1);
#3535=CARTESIAN_POINT('',(5.375E0,1.914759611690E0,-1.E0));
#3536=LINE('146482',#3535,#3534);
#3537=DIRECTION('',(0.E0,-5.304782741328E-1,-8.476985317157E-1));
#3538=VECTOR('',#3537,9.417886820355E-1);
#3539=CARTESIAN_POINT('',(5.375E0,1.9E0,-7.516471170518E-1));
#3540=LINE('145175',#3539,#3538);
#3541=DIRECTION('',(0.E0,8.660254037841E-1,-5.000000000006E-1));
#3542=VECTOR('',#3541,2.927300811163E-1);
#3543=CARTESIAN_POINT('',(5.375E0,1.400401565356E0,-1.55E0));
#3544=LINE('145174',#3543,#3542);
#3545=DIRECTION('',(2.942750843636E-13,2.008738855767E-2,-9.997982280545E-1));
#3546=VECTOR('',#3545,1.653968683921E0);
#3547=CARTESIAN_POINT('',(5.375E0,1.653913252054E0,-1.696365040558E0));
#3548=LINE('146703',#3547,#3546);
#3549=DIRECTION('',(-7.604537737865E-12,-5.887408568087E-1,-8.083218440227E-1));
#3550=VECTOR('',#3549,6.400412369212E-2);
#3551=CARTESIAN_POINT('',(5.375E0,1.326680183307E0,-4.85E0));
#3552=LINE('146702',#3551,#3550);
#3553=DIRECTION('',(0.E0,-5.210304593902E-2,-9.986417138313E-1));
#3554=VECTOR('',#3553,1.151564153662E0);
#3555=CARTESIAN_POINT('',(5.375E0,7.E-2,-5.35E0));
#3556=LINE('145171',#3555,#3554);
#3557=DIRECTION('',(0.E0,5.367252427910E-2,9.985585912391E-1));
#3558=VECTOR('',#3557,8.011547915353E-1);
#3559=CARTESIAN_POINT('',(5.375E0,3.1E-1,-6.5E0));
#3560=LINE('145169',#3559,#3558);
#3561=DIRECTION('',(0.E0,-1.E0,0.E0));
#3562=VECTOR('',#3561,5.E-2);
#3563=CARTESIAN_POINT('',(5.375E0,8.E-1,-3.E0));
#3564=LINE('147672',#3563,#3562);
#3565=DIRECTION('',(-1.E0,0.E0,0.E0));
#3566=VECTOR('',#3565,2.500000000010E-1);
#3567=CARTESIAN_POINT('',(5.625E0,1.9E0,-7.516471170518E-1));
#3568=LINE('145192',#3567,#3566);
#3569=DIRECTION('',(1.945637448834E-12,-5.932532547126E-2,9.982387017932E-1));
#3570=VECTOR('',#3569,2.487910782282E-1);
#3571=CARTESIAN_POINT('',(5.625E0,1.914759611690E0,-1.E0));
#3572=LINE('146484',#3571,#3570);
#3573=DIRECTION('',(-2.926640893762E-13,2.008738855767E-2,-9.997982280545E-1));
#3574=VECTOR('',#3573,1.653968683921E0);
#3575=CARTESIAN_POINT('',(5.625E0,1.653913252054E0,-1.696365040558E0));
#3576=LINE('146707',#3575,#3574);
#3577=DIRECTION('',(0.E0,8.660254037841E-1,-5.000000000006E-1));
#3578=VECTOR('',#3577,2.927300811163E-1);
#3579=CARTESIAN_POINT('',(5.625E0,1.400401565356E0,-1.55E0));
#3580=LINE('145191',#3579,#3578);
#3581=DIRECTION('',(0.E0,-5.304782741328E-1,-8.476985317157E-1));
#3582=VECTOR('',#3581,9.417886820355E-1);
#3583=CARTESIAN_POINT('',(5.625E0,1.9E0,-7.516471170518E-1));
#3584=LINE('145193',#3583,#3582);
#3585=DIRECTION('',(-5.684341886081E-13,0.E0,1.E0));
#3586=VECTOR('',#3585,8.499999999999E-1);
#3587=CARTESIAN_POINT('',(5.625E0,2.077E0,-5.7E0));
#3588=LINE('146485',#3587,#3586);
#3589=DIRECTION('',(0.E0,-1.E0,-3.348700538313E-14));
#3590=VECTOR('',#3589,1.724E0);
#3591=CARTESIAN_POINT('',(5.625E0,2.077E0,-5.7E0));
#3592=LINE('145195',#3591,#3590);
#3593=DIRECTION('',(0.E0,5.367252427910E-2,9.985585912391E-1));
#3594=VECTOR('',#3593,8.011547915353E-1);
#3595=CARTESIAN_POINT('',(5.625E0,3.1E-1,-6.5E0));
#3596=LINE('145178',#3595,#3594);
#3597=DIRECTION('',(0.E0,-1.E0,8.289665250535E-13));
#3598=VECTOR('',#3597,3.E-1);
#3599=CARTESIAN_POINT('',(5.625E0,3.1E-1,-6.5E0));
#3600=LINE('145181',#3599,#3598);
#3601=DIRECTION('',(0.E0,-5.210304593902E-2,-9.986417138313E-1));
#3602=VECTOR('',#3601,1.151564153662E0);
#3603=CARTESIAN_POINT('',(5.625E0,7.E-2,-5.35E0));
#3604=LINE('145183',#3603,#3602);
#3605=DIRECTION('',(0.E0,1.E0,0.E0));
#3606=VECTOR('',#3605,3.3E-1);
#3607=CARTESIAN_POINT('',(5.625E0,7.E-2,-5.35E0));
#3608=LINE('145185',#3607,#3606);
#3609=DIRECTION('',(-9.681144774732E-13,0.E0,1.E0));
#3610=VECTOR('',#3609,5.E-1);
#3611=CARTESIAN_POINT('',(5.625E0,4.E-1,-5.35E0));
#3612=LINE('146704',#3611,#3610);
#3613=DIRECTION('',(9.339139129955E-12,-5.794043118308E-14,-1.E0));
#3614=VECTOR('',#3613,5.173593128805E-2);
#3615=CARTESIAN_POINT('',(5.625E0,8.E-1,-4.85E0));
#3616=LINE('146705',#3615,#3614);
#3617=DIRECTION('',(0.E0,1.E0,3.741623217E-13));
#3618=VECTOR('',#3617,4.889983406852E-1);
#3619=CARTESIAN_POINT('',(5.625E0,8.E-1,-4.901735931288E0));
#3620=LINE('145188',#3619,#3618);
#3621=DIRECTION('',(7.562907056818E-12,-5.887408568086E-1,-8.083218440227E-1));
#3622=VECTOR('',#3621,6.400412369212E-2);
#3623=CARTESIAN_POINT('',(5.625E0,1.326680183307E0,-4.85E0));
#3624=LINE('146706',#3623,#3622);
#3625=DIRECTION('',(0.E0,-1.E0,0.E0));
#3626=VECTOR('',#3625,5.E-2);
#3627=CARTESIAN_POINT('',(5.625E0,8.E-1,-3.E0));
#3628=LINE('147674',#3627,#3626);
#3629=DIRECTION('',(0.E0,0.E0,-1.E0));
#3630=VECTOR('',#3629,3.5E-1);
#3631=CARTESIAN_POINT('',(5.625E0,8.E-1,-3.E0));
#3632=LINE('147840',#3631,#3630);
#3633=DIRECTION('',(-1.E0,0.E0,0.E0));
#3634=VECTOR('',#3633,2.500000000010E-1);
#3635=CARTESIAN_POINT('',(5.625E0,1.653913252054E0,-1.696365040558E0));
#3636=LINE('145189',#3635,#3634);
#3637=DIRECTION('',(-1.E0,0.E0,0.E0));
#3638=VECTOR('',#3637,2.500000000010E-1);
#3639=CARTESIAN_POINT('',(5.625E0,1.400401565356E0,-1.55E0));
#3640=LINE('145190',#3639,#3638);
#3641=DIRECTION('',(5.726138517597E-13,0.E0,1.E0));
#3642=VECTOR('',#3641,8.499999999999E-1);
#3643=CARTESIAN_POINT('',(5.375E0,2.077E0,-5.7E0));
#3644=LINE('146483',#3643,#3642);
#3645=DIRECTION('',(0.E0,-1.E0,-3.348700538313E-14));
#3646=VECTOR('',#3645,1.724E0);
#3647=CARTESIAN_POINT('',(5.375E0,2.077E0,-5.7E0));
#3648=LINE('145176',#3647,#3646);
#3649=DIRECTION('',(1.E0,0.E0,0.E0));
#3650=VECTOR('',#3649,2.500000000010E-1);
#3651=CARTESIAN_POINT('',(5.375E0,3.53E-1,-5.7E0));
#3652=LINE('145179',#3651,#3650);
#3653=DIRECTION('',(-1.E0,0.E0,0.E0));
#3654=VECTOR('',#3653,2.500000000010E-1);
#3655=CARTESIAN_POINT('',(5.625E0,2.077E0,-5.7E0));
#3656=LINE('145194',#3655,#3654);
#3657=DIRECTION('',(0.E0,-1.E0,8.289665250535E-13));
#3658=VECTOR('',#3657,3.E-1);
#3659=CARTESIAN_POINT('',(5.375E0,3.1E-1,-6.5E0));
#3660=LINE('145170',#3659,#3658);
#3661=DIRECTION('',(-1.E0,0.E0,0.E0));
#3662=VECTOR('',#3661,2.500000000010E-1);
#3663=CARTESIAN_POINT('',(5.625E0,3.1E-1,-6.5E0));
#3664=LINE('145177',#3663,#3662);
#3665=DIRECTION('',(-1.E0,0.E0,0.E0));
#3666=VECTOR('',#3665,2.500000000010E-1);
#3667=CARTESIAN_POINT('',(5.625E0,1.000000000001E-2,-6.5E0));
#3668=LINE('145180',#3667,#3666);
#3669=DIRECTION('',(0.E0,1.E0,0.E0));
#3670=VECTOR('',#3669,3.3E-1);
#3671=CARTESIAN_POINT('',(5.375E0,7.E-2,-5.35E0));
#3672=LINE('145172',#3671,#3670);
#3673=DIRECTION('',(-1.E0,0.E0,0.E0));
#3674=VECTOR('',#3673,2.500000000010E-1);
#3675=CARTESIAN_POINT('',(5.625E0,7.E-2,-5.35E0));
#3676=LINE('145182',#3675,#3674);
#3677=DIRECTION('',(-1.E0,0.E0,0.E0));
#3678=VECTOR('',#3677,2.500000000010E-1);
#3679=CARTESIAN_POINT('',(5.625E0,4.E-1,-5.35E0));
#3680=LINE('145184',#3679,#3678);
#3681=DIRECTION('',(9.734435479914E-13,0.E0,1.E0));
#3682=VECTOR('',#3681,5.E-1);
#3683=CARTESIAN_POINT('',(5.375E0,4.E-1,-5.35E0));
#3684=LINE('146700',#3683,#3682);
#3685=DIRECTION('',(-9.442144340947E-12,-6.008637307875E-14,-1.E0));
#3686=VECTOR('',#3685,5.173593128805E-2);
#3687=CARTESIAN_POINT('',(5.375E0,8.E-1,-4.85E0));
#3688=LINE('146701',#3687,#3686);
#3689=DIRECTION('',(1.E0,0.E0,0.E0));
#3690=VECTOR('',#3689,2.5E-1);
#3691=CARTESIAN_POINT('',(5.375E0,8.E-1,-3.E0));
#3692=LINE('147673',#3691,#3690);
#3693=DIRECTION('',(0.E0,0.E0,-1.E0));
#3694=VECTOR('',#3693,3.5E-1);
#3695=CARTESIAN_POINT('',(5.375E0,8.E-1,-3.E0));
#3696=LINE('147839',#3695,#3694);
#3697=DIRECTION('',(0.E0,1.E0,3.741623217E-13));
#3698=VECTOR('',#3697,4.889983406852E-1);
#3699=CARTESIAN_POINT('',(5.375E0,8.E-1,-4.901735931288E0));
#3700=LINE('145173',#3699,#3698);
#3701=DIRECTION('',(-1.E0,0.E0,0.E0));
#3702=VECTOR('',#3701,2.500000000010E-1);
#3703=CARTESIAN_POINT('',(5.625E0,8.E-1,-4.901735931288E0));
#3704=LINE('145186',#3703,#3702);
#3705=DIRECTION('',(-1.E0,0.E0,0.E0));
#3706=VECTOR('',#3705,2.500000000010E-1);
#3707=CARTESIAN_POINT('',(5.625E0,1.288998340685E0,-4.901735931288E0));
#3708=LINE('145187',#3707,#3706);
#3709=DIRECTION('',(-1.963487333686E-12,-5.932532547126E-2,9.982387017932E-1));
#3710=VECTOR('',#3709,2.487910782282E-1);
#3711=CARTESIAN_POINT('',(6.375E0,1.914759611690E0,-1.E0));
#3712=LINE('146478',#3711,#3710);
#3713=DIRECTION('',(0.E0,-5.304782741328E-1,-8.476985317157E-1));
#3714=VECTOR('',#3713,9.417886820355E-1);
#3715=CARTESIAN_POINT('',(6.375E0,1.9E0,-7.516471170518E-1));
#3716=LINE('144878',#3715,#3714);
#3717=DIRECTION('',(0.E0,8.660254037841E-1,-5.000000000006E-1));
#3718=VECTOR('',#3717,2.927300811163E-1);
#3719=CARTESIAN_POINT('',(6.375E0,1.400401565356E0,-1.55E0));
#3720=LINE('144877',#3719,#3718);
#3721=DIRECTION('',(2.953490810219E-13,2.008738855767E-2,-9.997982280545E-1));
#3722=VECTOR('',#3721,1.653968683921E0);
#3723=CARTESIAN_POINT('',(6.375E0,1.653913252054E0,-1.696365040558E0));
#3724=LINE('146673',#3723,#3722);
#3725=DIRECTION('',(-7.604537737865E-12,-5.887408568087E-1,-8.083218440227E-1));
#3726=VECTOR('',#3725,6.400412369212E-2);
#3727=CARTESIAN_POINT('',(6.375E0,1.326680183307E0,-4.85E0));
#3728=LINE('146672',#3727,#3726);
#3729=DIRECTION('',(0.E0,-5.210304593902E-2,-9.986417138313E-1));
#3730=VECTOR('',#3729,1.151564153662E0);
#3731=CARTESIAN_POINT('',(6.375E0,7.E-2,-5.35E0));
#3732=LINE('144874',#3731,#3730);
#3733=DIRECTION('',(0.E0,5.367252427910E-2,9.985585912391E-1));
#3734=VECTOR('',#3733,8.011547915353E-1);
#3735=CARTESIAN_POINT('',(6.375E0,3.1E-1,-6.5E0));
#3736=LINE('144872',#3735,#3734);
#3737=DIRECTION('',(0.E0,-1.E0,0.E0));
#3738=VECTOR('',#3737,5.E-2);
#3739=CARTESIAN_POINT('',(6.375E0,8.E-1,-3.E0));
#3740=LINE('147669',#3739,#3738);
#3741=DIRECTION('',(-1.E0,0.E0,0.E0));
#3742=VECTOR('',#3741,2.500000000010E-1);
#3743=CARTESIAN_POINT('',(6.625E0,1.9E0,-7.516471170518E-1));
#3744=LINE('144895',#3743,#3742);
#3745=DIRECTION('',(1.942067471864E-12,-5.932532547126E-2,9.982387017932E-1));
#3746=VECTOR('',#3745,2.487910782282E-1);
#3747=CARTESIAN_POINT('',(6.625E0,1.914759611690E0,-1.E0));
#3748=LINE('146480',#3747,#3746);
#3749=DIRECTION('',(-2.921270910471E-13,2.008738855767E-2,-9.997982280545E-1));
#3750=VECTOR('',#3749,1.653968683921E0);
#3751=CARTESIAN_POINT('',(6.625E0,1.653913252054E0,-1.696365040558E0));
#3752=LINE('146677',#3751,#3750);
#3753=DIRECTION('',(0.E0,8.660254037841E-1,-5.000000000006E-1));
#3754=VECTOR('',#3753,2.927300811163E-1);
#3755=CARTESIAN_POINT('',(6.625E0,1.400401565356E0,-1.55E0));
#3756=LINE('144894',#3755,#3754);
#3757=DIRECTION('',(0.E0,-5.304782741328E-1,-8.476985317157E-1));
#3758=VECTOR('',#3757,9.417886820355E-1);
#3759=CARTESIAN_POINT('',(6.625E0,1.9E0,-7.516471170518E-1));
#3760=LINE('144896',#3759,#3758);
#3761=DIRECTION('',(-5.684341886081E-13,0.E0,1.E0));
#3762=VECTOR('',#3761,8.499999999999E-1);
#3763=CARTESIAN_POINT('',(6.625E0,2.077E0,-5.7E0));
#3764=LINE('146481',#3763,#3762);
#3765=DIRECTION('',(0.E0,-1.E0,-3.348700538313E-14));
#3766=VECTOR('',#3765,1.724E0);
#3767=CARTESIAN_POINT('',(6.625E0,2.077E0,-5.7E0));
#3768=LINE('144898',#3767,#3766);
#3769=DIRECTION('',(0.E0,5.367252427910E-2,9.985585912391E-1));
#3770=VECTOR('',#3769,8.011547915353E-1);
#3771=CARTESIAN_POINT('',(6.625E0,3.1E-1,-6.5E0));
#3772=LINE('144881',#3771,#3770);
#3773=DIRECTION('',(0.E0,-1.E0,8.289665250535E-13));
#3774=VECTOR('',#3773,3.E-1);
#3775=CARTESIAN_POINT('',(6.625E0,3.1E-1,-6.5E0));
#3776=LINE('144884',#3775,#3774);
#3777=DIRECTION('',(0.E0,-5.210304593902E-2,-9.986417138313E-1));
#3778=VECTOR('',#3777,1.151564153662E0);
#3779=CARTESIAN_POINT('',(6.625E0,7.E-2,-5.35E0));
#3780=LINE('144886',#3779,#3778);
#3781=DIRECTION('',(0.E0,1.E0,0.E0));
#3782=VECTOR('',#3781,3.3E-1);
#3783=CARTESIAN_POINT('',(6.625E0,7.E-2,-5.35E0));
#3784=LINE('144888',#3783,#3782);
#3785=DIRECTION('',(-9.681144774732E-13,0.E0,1.E0));
#3786=VECTOR('',#3785,5.E-1);
#3787=CARTESIAN_POINT('',(6.625E0,4.E-1,-5.35E0));
#3788=LINE('146674',#3787,#3786);
#3789=DIRECTION('',(9.339139129955E-12,-5.794043118308E-14,-1.E0));
#3790=VECTOR('',#3789,5.173593128805E-2);
#3791=CARTESIAN_POINT('',(6.625E0,8.E-1,-4.85E0));
#3792=LINE('146675',#3791,#3790);
#3793=DIRECTION('',(0.E0,1.E0,3.741623217E-13));
#3794=VECTOR('',#3793,4.889983406852E-1);
#3795=CARTESIAN_POINT('',(6.625E0,8.E-1,-4.901735931288E0));
#3796=LINE('144891',#3795,#3794);
#3797=DIRECTION('',(7.562907056818E-12,-5.887408568086E-1,-8.083218440227E-1));
#3798=VECTOR('',#3797,6.400412369212E-2);
#3799=CARTESIAN_POINT('',(6.625E0,1.326680183307E0,-4.85E0));
#3800=LINE('146676',#3799,#3798);
#3801=DIRECTION('',(0.E0,-1.E0,0.E0));
#3802=VECTOR('',#3801,5.E-2);
#3803=CARTESIAN_POINT('',(6.625E0,8.E-1,-3.E0));
#3804=LINE('147671',#3803,#3802);
#3805=DIRECTION('',(0.E0,0.E0,-1.E0));
#3806=VECTOR('',#3805,3.5E-1);
#3807=CARTESIAN_POINT('',(6.625E0,8.E-1,-3.E0));
#3808=LINE('147838',#3807,#3806);
#3809=DIRECTION('',(-1.E0,0.E0,0.E0));
#3810=VECTOR('',#3809,2.500000000010E-1);
#3811=CARTESIAN_POINT('',(6.625E0,1.653913252054E0,-1.696365040558E0));
#3812=LINE('144892',#3811,#3810);
#3813=DIRECTION('',(-1.E0,0.E0,0.E0));
#3814=VECTOR('',#3813,2.500000000010E-1);
#3815=CARTESIAN_POINT('',(6.625E0,1.400401565356E0,-1.55E0));
#3816=LINE('144893',#3815,#3814);
#3817=DIRECTION('',(5.726138517597E-13,0.E0,1.E0));
#3818=VECTOR('',#3817,8.499999999999E-1);
#3819=CARTESIAN_POINT('',(6.375E0,2.077E0,-5.7E0));
#3820=LINE('146479',#3819,#3818);
#3821=DIRECTION('',(0.E0,-1.E0,-3.348700538313E-14));
#3822=VECTOR('',#3821,1.724E0);
#3823=CARTESIAN_POINT('',(6.375E0,2.077E0,-5.7E0));
#3824=LINE('144879',#3823,#3822);
#3825=DIRECTION('',(1.E0,0.E0,0.E0));
#3826=VECTOR('',#3825,2.500000000010E-1);
#3827=CARTESIAN_POINT('',(6.375E0,3.53E-1,-5.7E0));
#3828=LINE('144882',#3827,#3826);
#3829=DIRECTION('',(-1.E0,0.E0,0.E0));
#3830=VECTOR('',#3829,2.500000000010E-1);
#3831=CARTESIAN_POINT('',(6.625E0,2.077E0,-5.7E0));
#3832=LINE('144897',#3831,#3830);
#3833=DIRECTION('',(0.E0,-1.E0,8.289665250535E-13));
#3834=VECTOR('',#3833,3.E-1);
#3835=CARTESIAN_POINT('',(6.375E0,3.1E-1,-6.5E0));
#3836=LINE('144873',#3835,#3834);
#3837=DIRECTION('',(-1.E0,0.E0,0.E0));
#3838=VECTOR('',#3837,2.500000000010E-1);
#3839=CARTESIAN_POINT('',(6.625E0,3.1E-1,-6.5E0));
#3840=LINE('144880',#3839,#3838);
#3841=DIRECTION('',(-1.E0,0.E0,0.E0));
#3842=VECTOR('',#3841,2.500000000010E-1);
#3843=CARTESIAN_POINT('',(6.625E0,1.000000000001E-2,-6.5E0));
#3844=LINE('144883',#3843,#3842);
#3845=DIRECTION('',(0.E0,1.E0,0.E0));
#3846=VECTOR('',#3845,3.3E-1);
#3847=CARTESIAN_POINT('',(6.375E0,7.E-2,-5.35E0));
#3848=LINE('144875',#3847,#3846);
#3849=DIRECTION('',(-1.E0,0.E0,0.E0));
#3850=VECTOR('',#3849,2.500000000010E-1);
#3851=CARTESIAN_POINT('',(6.625E0,7.E-2,-5.35E0));
#3852=LINE('144885',#3851,#3850);
#3853=DIRECTION('',(-1.E0,0.E0,0.E0));
#3854=VECTOR('',#3853,2.500000000010E-1);
#3855=CARTESIAN_POINT('',(6.625E0,4.E-1,-5.35E0));
#3856=LINE('144887',#3855,#3854);
#3857=DIRECTION('',(9.734435479914E-13,0.E0,1.E0));
#3858=VECTOR('',#3857,5.E-1);
#3859=CARTESIAN_POINT('',(6.375E0,4.E-1,-5.35E0));
#3860=LINE('146670',#3859,#3858);
#3861=DIRECTION('',(-9.407809270616E-12,-6.008637307875E-14,-1.E0));
#3862=VECTOR('',#3861,5.173593128805E-2);
#3863=CARTESIAN_POINT('',(6.375E0,8.E-1,-4.85E0));
#3864=LINE('146671',#3863,#3862);
#3865=DIRECTION('',(1.E0,0.E0,0.E0));
#3866=VECTOR('',#3865,2.5E-1);
#3867=CARTESIAN_POINT('',(6.375E0,8.E-1,-3.E0));
#3868=LINE('147670',#3867,#3866);
#3869=DIRECTION('',(0.E0,0.E0,-1.E0));
#3870=VECTOR('',#3869,3.5E-1);
#3871=CARTESIAN_POINT('',(6.375E0,8.E-1,-3.E0));
#3872=LINE('147837',#3871,#3870);
#3873=DIRECTION('',(0.E0,1.E0,3.741623217E-13));
#3874=VECTOR('',#3873,4.889983406852E-1);
#3875=CARTESIAN_POINT('',(6.375E0,8.E-1,-4.901735931288E0));
#3876=LINE('144876',#3875,#3874);
#3877=DIRECTION('',(-1.E0,0.E0,0.E0));
#3878=VECTOR('',#3877,2.500000000010E-1);
#3879=CARTESIAN_POINT('',(6.625E0,8.E-1,-4.901735931288E0));
#3880=LINE('144889',#3879,#3878);
#3881=DIRECTION('',(-1.E0,0.E0,0.E0));
#3882=VECTOR('',#3881,2.500000000010E-1);
#3883=CARTESIAN_POINT('',(6.625E0,1.288998340685E0,-4.901735931288E0));
#3884=LINE('144890',#3883,#3882);
#3885=DIRECTION('',(-1.963487333686E-12,-5.932532547126E-2,9.982387017932E-1));
#3886=VECTOR('',#3885,2.487910782282E-1);
#3887=CARTESIAN_POINT('',(7.375E0,1.914759611690E0,-1.E0));
#3888=LINE('146474',#3887,#3886);
#3889=DIRECTION('',(0.E0,-5.304782741328E-1,-8.476985317157E-1));
#3890=VECTOR('',#3889,9.417886820355E-1);
#3891=CARTESIAN_POINT('',(7.375E0,1.9E0,-7.516471170518E-1));
#3892=LINE('144851',#3891,#3890);
#3893=DIRECTION('',(0.E0,8.660254037841E-1,-5.000000000006E-1));
#3894=VECTOR('',#3893,2.927300811163E-1);
#3895=CARTESIAN_POINT('',(7.375E0,1.400401565356E0,-1.55E0));
#3896=LINE('144850',#3895,#3894);
#3897=DIRECTION('',(2.942750843636E-13,2.008738855767E-2,-9.997982280545E-1));
#3898=VECTOR('',#3897,1.653968683921E0);
#3899=CARTESIAN_POINT('',(7.375E0,1.653913252054E0,-1.696365040558E0));
#3900=LINE('146643',#3899,#3898);
#3901=DIRECTION('',(-7.604537737865E-12,-5.887408568087E-1,-8.083218440227E-1));
#3902=VECTOR('',#3901,6.400412369212E-2);
#3903=CARTESIAN_POINT('',(7.375E0,1.326680183307E0,-4.85E0));
#3904=LINE('146642',#3903,#3902);
#3905=DIRECTION('',(0.E0,-5.210304593902E-2,-9.986417138313E-1));
#3906=VECTOR('',#3905,1.151564153662E0);
#3907=CARTESIAN_POINT('',(7.375E0,7.E-2,-5.35E0));
#3908=LINE('144847',#3907,#3906);
#3909=DIRECTION('',(0.E0,5.367252427910E-2,9.985585912391E-1));
#3910=VECTOR('',#3909,8.011547915353E-1);
#3911=CARTESIAN_POINT('',(7.375E0,3.1E-1,-6.5E0));
#3912=LINE('144845',#3911,#3910);
#3913=DIRECTION('',(0.E0,-1.E0,0.E0));
#3914=VECTOR('',#3913,5.E-2);
#3915=CARTESIAN_POINT('',(7.375E0,8.E-1,-3.E0));
#3916=LINE('147666',#3915,#3914);
#3917=DIRECTION('',(-1.E0,0.E0,0.E0));
#3918=VECTOR('',#3917,2.500000000010E-1);
#3919=CARTESIAN_POINT('',(7.625E0,1.9E0,-7.516471170518E-1));
#3920=LINE('144868',#3919,#3918);
#3921=DIRECTION('',(1.942067471864E-12,-5.932532547126E-2,9.982387017932E-1));
#3922=VECTOR('',#3921,2.487910782282E-1);
#3923=CARTESIAN_POINT('',(7.625E0,1.914759611690E0,-1.E0));
#3924=LINE('146476',#3923,#3922);
#3925=DIRECTION('',(-2.926640893762E-13,2.008738855767E-2,-9.997982280545E-1));
#3926=VECTOR('',#3925,1.653968683921E0);
#3927=CARTESIAN_POINT('',(7.625E0,1.653913252054E0,-1.696365040558E0));
#3928=LINE('146647',#3927,#3926);
#3929=DIRECTION('',(0.E0,8.660254037841E-1,-5.000000000006E-1));
#3930=VECTOR('',#3929,2.927300811163E-1);
#3931=CARTESIAN_POINT('',(7.625E0,1.400401565356E0,-1.55E0));
#3932=LINE('144867',#3931,#3930);
#3933=DIRECTION('',(0.E0,-5.304782741328E-1,-8.476985317157E-1));
#3934=VECTOR('',#3933,9.417886820355E-1);
#3935=CARTESIAN_POINT('',(7.625E0,1.9E0,-7.516471170518E-1));
#3936=LINE('144869',#3935,#3934);
#3937=DIRECTION('',(-5.684341886081E-13,0.E0,1.E0));
#3938=VECTOR('',#3937,8.499999999999E-1);
#3939=CARTESIAN_POINT('',(7.625E0,2.077E0,-5.7E0));
#3940=LINE('146477',#3939,#3938);
#3941=DIRECTION('',(0.E0,-1.E0,-3.348700538313E-14));
#3942=VECTOR('',#3941,1.724E0);
#3943=CARTESIAN_POINT('',(7.625E0,2.077E0,-5.7E0));
#3944=LINE('144871',#3943,#3942);
#3945=DIRECTION('',(0.E0,5.367252427910E-2,9.985585912391E-1));
#3946=VECTOR('',#3945,8.011547915353E-1);
#3947=CARTESIAN_POINT('',(7.625E0,3.1E-1,-6.5E0));
#3948=LINE('144854',#3947,#3946);
#3949=DIRECTION('',(0.E0,-1.E0,8.289665250535E-13));
#3950=VECTOR('',#3949,3.E-1);
#3951=CARTESIAN_POINT('',(7.625E0,3.1E-1,-6.5E0));
#3952=LINE('144857',#3951,#3950);
#3953=DIRECTION('',(0.E0,-5.210304593902E-2,-9.986417138313E-1));
#3954=VECTOR('',#3953,1.151564153662E0);
#3955=CARTESIAN_POINT('',(7.625E0,7.E-2,-5.35E0));
#3956=LINE('144859',#3955,#3954);
#3957=DIRECTION('',(0.E0,1.E0,0.E0));
#3958=VECTOR('',#3957,3.3E-1);
#3959=CARTESIAN_POINT('',(7.625E0,7.E-2,-5.35E0));
#3960=LINE('144861',#3959,#3958);
#3961=DIRECTION('',(-9.681144774732E-13,0.E0,1.E0));
#3962=VECTOR('',#3961,5.E-1);
#3963=CARTESIAN_POINT('',(7.625E0,4.E-1,-5.35E0));
#3964=LINE('146644',#3963,#3962);
#3965=DIRECTION('',(9.339139129955E-12,-5.794043118308E-14,-1.E0));
#3966=VECTOR('',#3965,5.173593128805E-2);
#3967=CARTESIAN_POINT('',(7.625E0,8.E-1,-4.85E0));
#3968=LINE('146645',#3967,#3966);
#3969=DIRECTION('',(0.E0,1.E0,3.741623217E-13));
#3970=VECTOR('',#3969,4.889983406852E-1);
#3971=CARTESIAN_POINT('',(7.625E0,8.E-1,-4.901735931288E0));
#3972=LINE('144864',#3971,#3970);
#3973=DIRECTION('',(7.562907056818E-12,-5.887408568086E-1,-8.083218440227E-1));
#3974=VECTOR('',#3973,6.400412369212E-2);
#3975=CARTESIAN_POINT('',(7.625E0,1.326680183307E0,-4.85E0));
#3976=LINE('146646',#3975,#3974);
#3977=DIRECTION('',(0.E0,-1.E0,0.E0));
#3978=VECTOR('',#3977,5.E-2);
#3979=CARTESIAN_POINT('',(7.625E0,8.E-1,-3.E0));
#3980=LINE('147668',#3979,#3978);
#3981=DIRECTION('',(0.E0,0.E0,-1.E0));
#3982=VECTOR('',#3981,3.5E-1);
#3983=CARTESIAN_POINT('',(7.625E0,8.E-1,-3.E0));
#3984=LINE('147836',#3983,#3982);
#3985=DIRECTION('',(-1.E0,0.E0,0.E0));
#3986=VECTOR('',#3985,2.500000000010E-1);
#3987=CARTESIAN_POINT('',(7.625E0,1.653913252054E0,-1.696365040558E0));
#3988=LINE('144865',#3987,#3986);
#3989=DIRECTION('',(-1.E0,0.E0,0.E0));
#3990=VECTOR('',#3989,2.500000000010E-1);
#3991=CARTESIAN_POINT('',(7.625E0,1.400401565356E0,-1.55E0));
#3992=LINE('144866',#3991,#3990);
#3993=DIRECTION('',(5.726138517597E-13,0.E0,1.E0));
#3994=VECTOR('',#3993,8.499999999999E-1);
#3995=CARTESIAN_POINT('',(7.375E0,2.077E0,-5.7E0));
#3996=LINE('146475',#3995,#3994);
#3997=DIRECTION('',(0.E0,-1.E0,-3.348700538313E-14));
#3998=VECTOR('',#3997,1.724E0);
#3999=CARTESIAN_POINT('',(7.375E0,2.077E0,-5.7E0));
#4000=LINE('144852',#3999,#3998);
#4001=DIRECTION('',(1.E0,0.E0,0.E0));
#4002=VECTOR('',#4001,2.500000000010E-1);
#4003=CARTESIAN_POINT('',(7.375E0,3.53E-1,-5.7E0));
#4004=LINE('144855',#4003,#4002);
#4005=DIRECTION('',(-1.E0,0.E0,0.E0));
#4006=VECTOR('',#4005,2.500000000010E-1);
#4007=CARTESIAN_POINT('',(7.625E0,2.077E0,-5.7E0));
#4008=LINE('144870',#4007,#4006);
#4009=DIRECTION('',(0.E0,-1.E0,8.289665250535E-13));
#4010=VECTOR('',#4009,3.E-1);
#4011=CARTESIAN_POINT('',(7.375E0,3.1E-1,-6.5E0));
#4012=LINE('144846',#4011,#4010);
#4013=DIRECTION('',(-1.E0,0.E0,0.E0));
#4014=VECTOR('',#4013,2.500000000010E-1);
#4015=CARTESIAN_POINT('',(7.625E0,3.1E-1,-6.5E0));
#4016=LINE('144853',#4015,#4014);
#4017=DIRECTION('',(-1.E0,0.E0,0.E0));
#4018=VECTOR('',#4017,2.500000000010E-1);
#4019=CARTESIAN_POINT('',(7.625E0,1.000000000001E-2,-6.5E0));
#4020=LINE('144856',#4019,#4018);
#4021=DIRECTION('',(0.E0,1.E0,0.E0));
#4022=VECTOR('',#4021,3.3E-1);
#4023=CARTESIAN_POINT('',(7.375E0,7.E-2,-5.35E0));
#4024=LINE('144848',#4023,#4022);
#4025=DIRECTION('',(-1.E0,0.E0,0.E0));
#4026=VECTOR('',#4025,2.500000000010E-1);
#4027=CARTESIAN_POINT('',(7.625E0,7.E-2,-5.35E0));
#4028=LINE('144858',#4027,#4026);
#4029=DIRECTION('',(-1.E0,0.E0,0.E0));
#4030=VECTOR('',#4029,2.500000000010E-1);
#4031=CARTESIAN_POINT('',(7.625E0,4.E-1,-5.35E0));
#4032=LINE('144860',#4031,#4030);
#4033=DIRECTION('',(9.734435479914E-13,0.E0,1.E0));
#4034=VECTOR('',#4033,5.E-1);
#4035=CARTESIAN_POINT('',(7.375E0,4.E-1,-5.35E0));
#4036=LINE('146640',#4035,#4034);
#4037=DIRECTION('',(-9.442144340947E-12,-6.008637307875E-14,-1.E0));
#4038=VECTOR('',#4037,5.173593128805E-2);
#4039=CARTESIAN_POINT('',(7.375E0,8.E-1,-4.85E0));
#4040=LINE('146641',#4039,#4038);
#4041=DIRECTION('',(1.E0,0.E0,0.E0));
#4042=VECTOR('',#4041,2.5E-1);
#4043=CARTESIAN_POINT('',(7.375E0,8.E-1,-3.E0));
#4044=LINE('147667',#4043,#4042);
#4045=DIRECTION('',(0.E0,0.E0,-1.E0));
#4046=VECTOR('',#4045,3.5E-1);
#4047=CARTESIAN_POINT('',(7.375E0,8.E-1,-3.E0));
#4048=LINE('147835',#4047,#4046);
#4049=DIRECTION('',(0.E0,1.E0,3.741623217E-13));
#4050=VECTOR('',#4049,4.889983406852E-1);
#4051=CARTESIAN_POINT('',(7.375E0,8.E-1,-4.901735931288E0));
#4052=LINE('144849',#4051,#4050);
#4053=DIRECTION('',(-1.E0,0.E0,0.E0));
#4054=VECTOR('',#4053,2.500000000010E-1);
#4055=CARTESIAN_POINT('',(7.625E0,8.E-1,-4.901735931288E0));
#4056=LINE('144862',#4055,#4054);
#4057=DIRECTION('',(-1.E0,0.E0,0.E0));
#4058=VECTOR('',#4057,2.500000000010E-1);
#4059=CARTESIAN_POINT('',(7.625E0,1.288998340685E0,-4.901735931288E0));
#4060=LINE('144863',#4059,#4058);
#4061=DIRECTION('',(0.E0,0.E0,1.E0));
#4062=VECTOR('',#4061,3.5E-1);
#4063=CARTESIAN_POINT('',(8.25E0,1.300401565356E0,-3.35E0));
#4064=LINE('158635',#4063,#4062);
#4065=DIRECTION('',(0.E0,-1.E0,0.E0));
#4066=VECTOR('',#4065,5.504015653560E-1);
#4067=CARTESIAN_POINT('',(8.25E0,1.300401565356E0,-3.E0));
#4068=LINE('158652',#4067,#4066);
#4069=DIRECTION('',(0.E0,0.E0,-1.E0));
#4070=VECTOR('',#4069,3.5E-1);
#4071=CARTESIAN_POINT('',(8.25E0,7.5E-1,-3.E0));
#4072=LINE('147797',#4071,#4070);
#4073=DIRECTION('',(0.E0,1.E0,0.E0));
#4074=VECTOR('',#4073,5.504015653560E-1);
#4075=CARTESIAN_POINT('',(8.25E0,7.5E-1,-3.35E0));
#4076=LINE('158641',#4075,#4074);
#4077=DIRECTION('',(4.913180805428E-13,5.932532547126E-2,-9.982387017932E-1));
#4078=VECTOR('',#4077,2.487910782282E-1);
#4079=CARTESIAN_POINT('',(-3.750000000001E-1,1.9E0,-7.516471170518E-1));
#4080=LINE('154684',#4079,#4078);
#4081=DIRECTION('',(-7.363589588205E-14,-2.008738855767E-2,9.997982280545E-1));
#4082=VECTOR('',#4081,1.653968683921E0);
#4083=CARTESIAN_POINT('',(-3.75E-1,1.687137163671E0,-3.35E0));
#4084=LINE('154885',#4083,#4082);
#4085=DIRECTION('',(0.E0,-8.660254037841E-1,5.000000000006E-1));
#4086=VECTOR('',#4085,2.927300811163E-1);
#4087=CARTESIAN_POINT('',(-3.750000000001E-1,1.653913252054E0,
-1.696365040558E0));
#4088=LINE('154327',#4087,#4086);
#4089=DIRECTION('',(0.E0,5.304782741328E-1,8.476985317157E-1));
#4090=VECTOR('',#4089,9.417886820355E-1);
#4091=CARTESIAN_POINT('',(-3.750000000001E-1,1.400401565356E0,-1.55E0));
#4092=LINE('154328',#4091,#4090);
#4093=DIRECTION('',(0.E0,-5.367252427910E-2,-9.985585912391E-1));
#4094=VECTOR('',#4093,8.011547915353E-1);
#4095=CARTESIAN_POINT('',(-3.750000000001E-1,3.53E-1,-5.7E0));
#4096=LINE('154322',#4095,#4094);
#4097=DIRECTION('',(0.E0,5.210304593902E-2,9.986417138313E-1));
#4098=VECTOR('',#4097,1.151564153662E0);
#4099=CARTESIAN_POINT('',(-3.750000000001E-1,1.000000000001E-2,-6.5E0));
#4100=LINE('154324',#4099,#4098);
#4101=DIRECTION('',(1.905470963742E-12,5.887408568086E-1,8.083218440227E-1));
#4102=VECTOR('',#4101,6.400412369212E-2);
#4103=CARTESIAN_POINT('',(-3.750000000001E-1,1.288998340685E0,
-4.901735931288E0));
#4104=LINE('154884',#4103,#4102);
#4105=DIRECTION('',(0.E0,1.E0,0.E0));
#4106=VECTOR('',#4105,5.E-2);
#4107=CARTESIAN_POINT('',(-3.75E-1,7.5E-1,-3.E0));
#4108=LINE('155134',#4107,#4106);
#4109=DIRECTION('',(-1.E0,0.E0,0.E0));
#4110=VECTOR('',#4109,2.499999999998E-1);
#4111=CARTESIAN_POINT('',(-3.750000000001E-1,1.9E0,-7.516471170518E-1));
#4112=LINE('154345',#4111,#4110);
#4113=DIRECTION('',(-1.E0,0.E0,0.E0));
#4114=VECTOR('',#4113,2.499999999998E-1);
#4115=CARTESIAN_POINT('',(-3.750000000001E-1,1.400401565356E0,-1.55E0));
#4116=LINE('154343',#4115,#4114);
#4117=DIRECTION('',(-1.E0,0.E0,0.E0));
#4118=VECTOR('',#4117,2.499999999998E-1);
#4119=CARTESIAN_POINT('',(-3.750000000001E-1,1.653913252054E0,
-1.696365040558E0));
#4120=LINE('154342',#4119,#4118);
#4121=DIRECTION('',(-4.908718334215E-13,5.932532547126E-2,-9.982387017932E-1));
#4122=VECTOR('',#4121,2.487910782282E-1);
#4123=CARTESIAN_POINT('',(-6.249999999999E-1,1.9E0,-7.516471170518E-1));
#4124=LINE('154686',#4123,#4122);
#4125=DIRECTION('',(0.E0,5.304782741328E-1,8.476985317157E-1));
#4126=VECTOR('',#4125,9.417886820355E-1);
#4127=CARTESIAN_POINT('',(-6.249999999999E-1,1.400401565356E0,-1.55E0));
#4128=LINE('154346',#4127,#4126);
#4129=DIRECTION('',(0.E0,-8.660254037841E-1,5.000000000006E-1));
#4130=VECTOR('',#4129,2.927300811163E-1);
#4131=CARTESIAN_POINT('',(-6.249999999999E-1,1.653913252054E0,
-1.696365040558E0));
#4132=LINE('154344',#4131,#4130);
#4133=DIRECTION('',(7.377014546433E-14,-2.008738855767E-2,9.997982280545E-1));
#4134=VECTOR('',#4133,1.653968683921E0);
#4135=CARTESIAN_POINT('',(-6.25E-1,1.687137163671E0,-3.35E0));
#4136=LINE('154889',#4135,#4134);
#4137=DIRECTION('',(1.435453063604E-13,0.E0,-1.E0));
#4138=VECTOR('',#4137,8.499999999999E-1);
#4139=CARTESIAN_POINT('',(-6.25E-1,2.077E0,-4.85E0));
#4140=LINE('154687',#4139,#4138);
#4141=DIRECTION('',(-1.906338269597E-12,5.887408568086E-1,8.083218440227E-1));
#4142=VECTOR('',#4141,6.400412369212E-2);
#4143=CARTESIAN_POINT('',(-6.249999999999E-1,1.288998340685E0,
-4.901735931288E0));
#4144=LINE('154888',#4143,#4142);
#4145=DIRECTION('',(0.E0,-1.E0,-3.741623217E-13));
#4146=VECTOR('',#4145,4.889983406852E-1);
#4147=CARTESIAN_POINT('',(-6.249999999999E-1,1.288998340685E0,
-4.901735931288E0));
#4148=LINE('154341',#4147,#4146);
#4149=DIRECTION('',(-2.360536085237E-12,6.008637307875E-14,1.E0));
#4150=VECTOR('',#4149,5.173593128805E-2);
#4151=CARTESIAN_POINT('',(-6.249999999999E-1,8.E-1,-4.901735931288E0));
#4152=LINE('154887',#4151,#4150);
#4153=DIRECTION('',(2.440270208126E-13,0.E0,-1.E0));
#4154=VECTOR('',#4153,5.E-1);
#4155=CARTESIAN_POINT('',(-6.25E-1,4.E-1,-4.85E0));
#4156=LINE('154886',#4155,#4154);
#4157=DIRECTION('',(0.E0,-1.E0,0.E0));
#4158=VECTOR('',#4157,3.3E-1);
#4159=CARTESIAN_POINT('',(-6.249999999999E-1,4.E-1,-5.35E0));
#4160=LINE('154338',#4159,#4158);
#4161=DIRECTION('',(0.E0,5.210304593902E-2,9.986417138313E-1));
#4162=VECTOR('',#4161,1.151564153662E0);
#4163=CARTESIAN_POINT('',(-6.249999999999E-1,1.000000000001E-2,-6.5E0));
#4164=LINE('154336',#4163,#4162);
#4165=DIRECTION('',(0.E0,1.E0,-8.289665250535E-13));
#4166=VECTOR('',#4165,3.E-1);
#4167=CARTESIAN_POINT('',(-6.249999999999E-1,1.000000000001E-2,-6.5E0));
#4168=LINE('154334',#4167,#4166);
#4169=DIRECTION('',(0.E0,-5.367252427910E-2,-9.985585912391E-1));
#4170=VECTOR('',#4169,8.011547915353E-1);
#4171=CARTESIAN_POINT('',(-6.249999999999E-1,3.53E-1,-5.7E0));
#4172=LINE('154331',#4171,#4170);
#4173=DIRECTION('',(0.E0,1.E0,3.348700538313E-14));
#4174=VECTOR('',#4173,1.724E0);
#4175=CARTESIAN_POINT('',(-6.249999999999E-1,3.53E-1,-5.7E0));
#4176=LINE('154348',#4175,#4174);
#4177=DIRECTION('',(0.E0,1.E0,0.E0));
#4178=VECTOR('',#4177,5.E-2);
#4179=CARTESIAN_POINT('',(-6.25E-1,7.5E-1,-3.E0));
#4180=LINE('155136',#4179,#4178);
#4181=DIRECTION('',(0.E0,0.E0,1.E0));
#4182=VECTOR('',#4181,3.5E-1);
#4183=CARTESIAN_POINT('',(-6.25E-1,8.E-1,-3.35E0));
#4184=LINE('155169',#4183,#4182);
#4185=DIRECTION('',(-1.434799991236E-13,0.E0,-1.E0));
#4186=VECTOR('',#4185,8.499999999999E-1);
#4187=CARTESIAN_POINT('',(-3.75E-1,2.077E0,-4.85E0));
#4188=LINE('154685',#4187,#4186);
#4189=DIRECTION('',(-1.E0,0.E0,0.E0));
#4190=VECTOR('',#4189,3.E-1);
#4191=CARTESIAN_POINT('',(-3.5E-1,3.5E-1,-4.85E0));
#4192=LINE('154475',#4191,#4190);
#4193=DIRECTION('',(0.E0,-1.E0,0.E0));
#4194=VECTOR('',#4193,4.E-1);
#4195=CARTESIAN_POINT('',(-3.75E-1,8.E-1,-4.85E0));
#4196=LINE('154874',#4195,#4194);
#4197=DIRECTION('',(-1.E0,0.E0,0.E0));
#4198=VECTOR('',#4197,2.5E-1);
#4199=CARTESIAN_POINT('',(-3.75E-1,4.E-1,-4.85E0));
#4200=LINE('154879',#4199,#4198);
#4201=DIRECTION('',(0.E0,-1.E0,0.E0));
#4202=VECTOR('',#4201,4.E-1);
#4203=CARTESIAN_POINT('',(-6.25E-1,8.E-1,-4.85E0));
#4204=LINE('154880',#4203,#4202);
#4205=DIRECTION('',(1.E0,0.E0,0.E0));
#4206=VECTOR('',#4205,2.5E-1);
#4207=CARTESIAN_POINT('',(-6.25E-1,8.E-1,-4.85E0));
#4208=LINE('154878',#4207,#4206);
#4209=DIRECTION('',(0.E0,-1.E0,0.E0));
#4210=VECTOR('',#4209,7.503198166930E-1);
#4211=CARTESIAN_POINT('',(-3.75E-1,2.077E0,-4.85E0));
#4212=LINE('154875',#4211,#4210);
#4213=DIRECTION('',(-1.E0,0.E0,0.E0));
#4214=VECTOR('',#4213,2.5E-1);
#4215=CARTESIAN_POINT('',(-3.75E-1,1.326680183307E0,-4.85E0));
#4216=LINE('154877',#4215,#4214);
#4217=DIRECTION('',(0.E0,-1.E0,0.E0));
#4218=VECTOR('',#4217,7.503198166930E-1);
#4219=CARTESIAN_POINT('',(-6.25E-1,2.077E0,-4.85E0));
#4220=LINE('154881',#4219,#4218);
#4221=DIRECTION('',(1.E0,0.E0,0.E0));
#4222=VECTOR('',#4221,2.5E-1);
#4223=CARTESIAN_POINT('',(-6.25E-1,2.077E0,-4.85E0));
#4224=LINE('154876',#4223,#4222);
#4225=DIRECTION('',(-1.501391603637E-12,0.E0,-1.E0));
#4226=VECTOR('',#4225,1.499999999998E-1);
#4227=CARTESIAN_POINT('',(-3.5E-1,3.5E-1,-4.85E0));
#4228=LINE('154474',#4227,#4226);
#4229=DIRECTION('',(0.E0,1.E0,0.E0));
#4230=VECTOR('',#4229,2.E0);
#4231=CARTESIAN_POINT('',(-3.500000000002E-1,3.5E-1,-5.E0));
#4232=LINE('154641',#4231,#4230);
#4233=DIRECTION('',(1.501391603637E-12,0.E0,1.E0));
#4234=VECTOR('',#4233,1.499999999998E-1);
#4235=CARTESIAN_POINT('',(-3.500000000002E-1,2.35E0,-5.E0));
#4236=LINE('154588',#4235,#4234);
#4237=DIRECTION('',(0.E0,-1.E0,0.E0));
#4238=VECTOR('',#4237,2.E0);
#4239=CARTESIAN_POINT('',(-3.5E-1,2.35E0,-4.85E0));
#4240=LINE('154529',#4239,#4238);
#4241=DIRECTION('',(0.E0,1.E0,0.E0));
#4242=VECTOR('',#4241,2.E0);
#4243=CARTESIAN_POINT('',(-1.999999999997E-1,3.5E-1,-5.5E0));
#4244=LINE('154640',#4243,#4242);
#4245=DIRECTION('',(1.503982124028E-12,0.E0,-1.E0));
#4246=VECTOR('',#4245,1.499999999998E-1);
#4247=CARTESIAN_POINT('',(-6.5E-1,3.5E-1,-4.85E0));
#4248=LINE('154476',#4247,#4246);
#4249=DIRECTION('',(0.E0,-1.E0,0.E0));
#4250=VECTOR('',#4249,2.E0);
#4251=CARTESIAN_POINT('',(-6.5E-1,2.35E0,-4.85E0));
#4252=LINE('154531',#4251,#4250);
#4253=DIRECTION('',(-1.503982124028E-12,0.E0,1.E0));
#4254=VECTOR('',#4253,1.499999999998E-1);
#4255=CARTESIAN_POINT('',(-6.499999999998E-1,2.35E0,-5.E0));
#4256=LINE('154589',#4255,#4254);
#4257=DIRECTION('',(0.E0,-1.E0,0.E0));
#4258=VECTOR('',#4257,2.E0);
#4259=CARTESIAN_POINT('',(-6.499999999998E-1,2.35E0,-5.E0));
#4260=LINE('154642',#4259,#4258);
#4261=DIRECTION('',(-1.E0,0.E0,0.E0));
#4262=VECTOR('',#4261,3.999999999994E-1);
#4263=CARTESIAN_POINT('',(-8.000000000003E-1,3.5E-1,-5.5E0));
#4264=LINE('154478',#4263,#4262);
#4265=DIRECTION('',(0.E0,-1.E0,0.E0));
#4266=VECTOR('',#4265,2.E0);
#4267=CARTESIAN_POINT('',(-8.000000000003E-1,2.35E0,-5.5E0));
#4268=LINE('154643',#4267,#4266);
#4269=DIRECTION('',(1.E0,0.E0,0.E0));
#4270=VECTOR('',#4269,3.999999999994E-1);
#4271=CARTESIAN_POINT('',(-1.2E0,2.35E0,-5.5E0));
#4272=LINE('154591',#4271,#4270);
#4273=DIRECTION('',(0.E0,1.E0,0.E0));
#4274=VECTOR('',#4273,2.E0);
#4275=CARTESIAN_POINT('',(-1.2E0,3.5E-1,-5.5E0));
#4276=LINE('154644',#4275,#4274);
#4277=DIRECTION('',(-1.505462421394E-12,0.E0,-1.E0));
#4278=VECTOR('',#4277,1.499999999998E-1);
#4279=CARTESIAN_POINT('',(-1.35E0,3.5E-1,-4.85E0));
#4280=LINE('154480',#4279,#4278);
#4281=DIRECTION('',(0.E0,1.E0,0.E0));
#4282=VECTOR('',#4281,2.E0);
#4283=CARTESIAN_POINT('',(-1.35E0,3.5E-1,-5.E0));
#4284=LINE('154645',#4283,#4282);
#4285=DIRECTION('',(1.505462421394E-12,0.E0,1.E0));
#4286=VECTOR('',#4285,1.499999999998E-1);
#4287=CARTESIAN_POINT('',(-1.35E0,2.35E0,-5.E0));
#4288=LINE('154593',#4287,#4286);
#4289=DIRECTION('',(0.E0,-1.E0,0.E0));
#4290=VECTOR('',#4289,2.E0);
#4291=CARTESIAN_POINT('',(-1.35E0,2.35E0,-4.85E0));
#4292=LINE('154532',#4291,#4290);
#4293=DIRECTION('',(-1.E0,0.E0,0.E0));
#4294=VECTOR('',#4293,3.E-1);
#4295=CARTESIAN_POINT('',(-1.35E0,3.5E-1,-4.85E0));
#4296=LINE('154481',#4295,#4294);
#4297=DIRECTION('',(0.E0,-1.E0,0.E0));
#4298=VECTOR('',#4297,4.E-1);
#4299=CARTESIAN_POINT('',(-1.375E0,8.E-1,-4.85E0));
#4300=LINE('154844',#4299,#4298);
#4301=DIRECTION('',(-1.E0,0.E0,0.E0));
#4302=VECTOR('',#4301,2.5E-1);
#4303=CARTESIAN_POINT('',(-1.375E0,4.E-1,-4.85E0));
#4304=LINE('154849',#4303,#4302);
#4305=DIRECTION('',(0.E0,-1.E0,0.E0));
#4306=VECTOR('',#4305,4.E-1);
#4307=CARTESIAN_POINT('',(-1.625E0,8.E-1,-4.85E0));
#4308=LINE('154850',#4307,#4306);
#4309=DIRECTION('',(1.E0,0.E0,0.E0));
#4310=VECTOR('',#4309,2.5E-1);
#4311=CARTESIAN_POINT('',(-1.625E0,8.E-1,-4.85E0));
#4312=LINE('154848',#4311,#4310);
#4313=DIRECTION('',(0.E0,-1.E0,0.E0));
#4314=VECTOR('',#4313,7.503198166930E-1);
#4315=CARTESIAN_POINT('',(-1.375E0,2.077E0,-4.85E0));
#4316=LINE('154845',#4315,#4314);
#4317=DIRECTION('',(-1.E0,0.E0,0.E0));
#4318=VECTOR('',#4317,2.5E-1);
#4319=CARTESIAN_POINT('',(-1.375E0,1.326680183307E0,-4.85E0));
#4320=LINE('154847',#4319,#4318);
#4321=DIRECTION('',(0.E0,-1.E0,0.E0));
#4322=VECTOR('',#4321,7.503198166930E-1);
#4323=CARTESIAN_POINT('',(-1.625E0,2.077E0,-4.85E0));
#4324=LINE('154851',#4323,#4322);
#4325=DIRECTION('',(1.E0,0.E0,0.E0));
#4326=VECTOR('',#4325,2.5E-1);
#4327=CARTESIAN_POINT('',(-1.625E0,2.077E0,-4.85E0));
#4328=LINE('154846',#4327,#4326);
#4329=DIRECTION('',(1.499541231929E-12,0.E0,-1.E0));
#4330=VECTOR('',#4329,1.499999999998E-1);
#4331=CARTESIAN_POINT('',(-1.65E0,3.5E-1,-4.85E0));
#4332=LINE('154482',#4331,#4330);
#4333=DIRECTION('',(0.E0,-1.E0,0.E0));
#4334=VECTOR('',#4333,2.E0);
#4335=CARTESIAN_POINT('',(-1.65E0,2.35E0,-4.85E0));
#4336=LINE('154534',#4335,#4334);
#4337=DIRECTION('',(-1.498060934563E-12,0.E0,1.E0));
#4338=VECTOR('',#4337,1.499999999998E-1);
#4339=CARTESIAN_POINT('',(-1.65E0,2.35E0,-5.E0));
#4340=LINE('154594',#4339,#4338);
#4341=DIRECTION('',(0.E0,-1.E0,0.E0));
#4342=VECTOR('',#4341,2.E0);
#4343=CARTESIAN_POINT('',(-1.65E0,2.35E0,-5.E0));
#4344=LINE('154646',#4343,#4342);
#4345=DIRECTION('',(-1.E0,0.E0,0.E0));
#4346=VECTOR('',#4345,3.999999999994E-1);
#4347=CARTESIAN_POINT('',(-1.8E0,3.5E-1,-5.5E0));
#4348=LINE('154484',#4347,#4346);
#4349=DIRECTION('',(0.E0,-1.E0,0.E0));
#4350=VECTOR('',#4349,2.E0);
#4351=CARTESIAN_POINT('',(-1.8E0,2.35E0,-5.5E0));
#4352=LINE('154647',#4351,#4350);
#4353=DIRECTION('',(1.E0,0.E0,0.E0));
#4354=VECTOR('',#4353,3.999999999994E-1);
#4355=CARTESIAN_POINT('',(-2.2E0,2.35E0,-5.5E0));
#4356=LINE('154596',#4355,#4354);
#4357=DIRECTION('',(0.E0,1.E0,0.E0));
#4358=VECTOR('',#4357,2.E0);
#4359=CARTESIAN_POINT('',(-2.2E0,3.5E-1,-5.5E0));
#4360=LINE('154648',#4359,#4358);
#4361=DIRECTION('',(-1.498060934563E-12,0.E0,-1.E0));
#4362=VECTOR('',#4361,1.499999999998E-1);
#4363=CARTESIAN_POINT('',(-2.35E0,3.5E-1,-4.85E0));
#4364=LINE('154486',#4363,#4362);
#4365=DIRECTION('',(0.E0,1.E0,0.E0));
#4366=VECTOR('',#4365,2.E0);
#4367=CARTESIAN_POINT('',(-2.35E0,3.5E-1,-5.E0));
#4368=LINE('154649',#4367,#4366);
#4369=DIRECTION('',(1.498060934563E-12,0.E0,1.E0));
#4370=VECTOR('',#4369,1.499999999998E-1);
#4371=CARTESIAN_POINT('',(-2.35E0,2.35E0,-5.E0));
#4372=LINE('154598',#4371,#4370);
#4373=DIRECTION('',(0.E0,-1.E0,0.E0));
#4374=VECTOR('',#4373,2.E0);
#4375=CARTESIAN_POINT('',(-2.35E0,2.35E0,-4.85E0));
#4376=LINE('154535',#4375,#4374);
#4377=DIRECTION('',(-1.E0,0.E0,0.E0));
#4378=VECTOR('',#4377,3.E-1);
#4379=CARTESIAN_POINT('',(-2.35E0,3.5E-1,-4.85E0));
#4380=LINE('154487',#4379,#4378);
#4381=DIRECTION('',(0.E0,-1.E0,0.E0));
#4382=VECTOR('',#4381,4.E-1);
#4383=CARTESIAN_POINT('',(-2.375E0,8.E-1,-4.85E0));
#4384=LINE('154814',#4383,#4382);
#4385=DIRECTION('',(-1.E0,0.E0,0.E0));
#4386=VECTOR('',#4385,2.5E-1);
#4387=CARTESIAN_POINT('',(-2.375E0,4.E-1,-4.85E0));
#4388=LINE('154819',#4387,#4386);
#4389=DIRECTION('',(0.E0,-1.E0,0.E0));
#4390=VECTOR('',#4389,4.E-1);
#4391=CARTESIAN_POINT('',(-2.625E0,8.E-1,-4.85E0));
#4392=LINE('154820',#4391,#4390);
#4393=DIRECTION('',(1.E0,0.E0,0.E0));
#4394=VECTOR('',#4393,2.5E-1);
#4395=CARTESIAN_POINT('',(-2.625E0,8.E-1,-4.85E0));
#4396=LINE('154818',#4395,#4394);
#4397=DIRECTION('',(0.E0,-1.E0,0.E0));
#4398=VECTOR('',#4397,7.503198166930E-1);
#4399=CARTESIAN_POINT('',(-2.375E0,2.077E0,-4.85E0));
#4400=LINE('154815',#4399,#4398);
#4401=DIRECTION('',(-1.E0,0.E0,0.E0));
#4402=VECTOR('',#4401,2.5E-1);
#4403=CARTESIAN_POINT('',(-2.375E0,1.326680183307E0,-4.85E0));
#4404=LINE('154817',#4403,#4402);
#4405=DIRECTION('',(0.E0,-1.E0,0.E0));
#4406=VECTOR('',#4405,7.503198166930E-1);
#4407=CARTESIAN_POINT('',(-2.625E0,2.077E0,-4.85E0));
#4408=LINE('154821',#4407,#4406);
#4409=DIRECTION('',(1.E0,0.E0,0.E0));
#4410=VECTOR('',#4409,2.5E-1);
#4411=CARTESIAN_POINT('',(-2.625E0,2.077E0,-4.85E0));
#4412=LINE('154816',#4411,#4410);
#4413=DIRECTION('',(1.501021529295E-12,0.E0,-1.E0));
#4414=VECTOR('',#4413,1.499999999998E-1);
#4415=CARTESIAN_POINT('',(-2.65E0,3.5E-1,-4.85E0));
#4416=LINE('154488',#4415,#4414);
#4417=DIRECTION('',(0.E0,-1.E0,0.E0));
#4418=VECTOR('',#4417,2.E0);
#4419=CARTESIAN_POINT('',(-2.65E0,2.35E0,-4.85E0));
#4420=LINE('154537',#4419,#4418);
#4421=DIRECTION('',(-1.503982124028E-12,0.E0,1.E0));
#4422=VECTOR('',#4421,1.499999999998E-1);
#4423=CARTESIAN_POINT('',(-2.65E0,2.35E0,-5.E0));
#4424=LINE('154599',#4423,#4422);
#4425=DIRECTION('',(0.E0,-1.E0,0.E0));
#4426=VECTOR('',#4425,2.E0);
#4427=CARTESIAN_POINT('',(-2.65E0,2.35E0,-5.E0));
#4428=LINE('154650',#4427,#4426);
#4429=DIRECTION('',(-1.E0,0.E0,0.E0));
#4430=VECTOR('',#4429,3.999999999997E-1);
#4431=CARTESIAN_POINT('',(-2.8E0,3.5E-1,-5.5E0));
#4432=LINE('154490',#4431,#4430);
#4433=DIRECTION('',(0.E0,-1.E0,0.E0));
#4434=VECTOR('',#4433,2.E0);
#4435=CARTESIAN_POINT('',(-2.8E0,2.35E0,-5.5E0));
#4436=LINE('154651',#4435,#4434);
#4437=DIRECTION('',(1.E0,0.E0,0.E0));
#4438=VECTOR('',#4437,3.999999999997E-1);
#4439=CARTESIAN_POINT('',(-3.2E0,2.35E0,-5.5E0));
#4440=LINE('154601',#4439,#4438);
#4441=DIRECTION('',(0.E0,1.E0,0.E0));
#4442=VECTOR('',#4441,2.E0);
#4443=CARTESIAN_POINT('',(-3.2E0,3.5E-1,-5.5E0));
#4444=LINE('154652',#4443,#4442);
#4445=DIRECTION('',(-1.498060934563E-12,0.E0,-1.E0));
#4446=VECTOR('',#4445,1.499999999998E-1);
#4447=CARTESIAN_POINT('',(-3.35E0,3.5E-1,-4.85E0));
#4448=LINE('154492',#4447,#4446);
#4449=DIRECTION('',(0.E0,1.E0,0.E0));
#4450=VECTOR('',#4449,2.E0);
#4451=CARTESIAN_POINT('',(-3.35E0,3.5E-1,-5.E0));
#4452=LINE('154653',#4451,#4450);
#4453=DIRECTION('',(1.501021529295E-12,0.E0,1.E0));
#4454=VECTOR('',#4453,1.499999999998E-1);
#4455=CARTESIAN_POINT('',(-3.35E0,2.35E0,-5.E0));
#4456=LINE('154603',#4455,#4454);
#4457=DIRECTION('',(0.E0,-1.E0,0.E0));
#4458=VECTOR('',#4457,2.E0);
#4459=CARTESIAN_POINT('',(-3.35E0,2.35E0,-4.85E0));
#4460=LINE('154538',#4459,#4458);
#4461=DIRECTION('',(-1.E0,0.E0,0.E0));
#4462=VECTOR('',#4461,3.E-1);
#4463=CARTESIAN_POINT('',(-3.35E0,3.5E-1,-4.85E0));
#4464=LINE('154493',#4463,#4462);
#4465=DIRECTION('',(0.E0,-1.E0,0.E0));
#4466=VECTOR('',#4465,4.E-1);
#4467=CARTESIAN_POINT('',(-3.375E0,8.E-1,-4.85E0));
#4468=LINE('154784',#4467,#4466);
#4469=DIRECTION('',(-1.E0,0.E0,0.E0));
#4470=VECTOR('',#4469,2.5E-1);
#4471=CARTESIAN_POINT('',(-3.375E0,4.E-1,-4.85E0));
#4472=LINE('154789',#4471,#4470);
#4473=DIRECTION('',(0.E0,-1.E0,0.E0));
#4474=VECTOR('',#4473,4.E-1);
#4475=CARTESIAN_POINT('',(-3.625E0,8.E-1,-4.85E0));
#4476=LINE('154790',#4475,#4474);
#4477=DIRECTION('',(1.E0,0.E0,0.E0));
#4478=VECTOR('',#4477,2.5E-1);
#4479=CARTESIAN_POINT('',(-3.625E0,8.E-1,-4.85E0));
#4480=LINE('154788',#4479,#4478);
#4481=DIRECTION('',(0.E0,-1.E0,0.E0));
#4482=VECTOR('',#4481,7.503198166930E-1);
#4483=CARTESIAN_POINT('',(-3.375E0,2.077E0,-4.85E0));
#4484=LINE('154785',#4483,#4482);
#4485=DIRECTION('',(-1.E0,0.E0,0.E0));
#4486=VECTOR('',#4485,2.5E-1);
#4487=CARTESIAN_POINT('',(-3.375E0,1.326680183307E0,-4.85E0));
#4488=LINE('154787',#4487,#4486);
#4489=DIRECTION('',(0.E0,-1.E0,0.E0));
#4490=VECTOR('',#4489,7.503198166930E-1);
#4491=CARTESIAN_POINT('',(-3.625E0,2.077E0,-4.85E0));
#4492=LINE('154791',#4491,#4490);
#4493=DIRECTION('',(1.E0,0.E0,0.E0));
#4494=VECTOR('',#4493,2.5E-1);
#4495=CARTESIAN_POINT('',(-3.625E0,2.077E0,-4.85E0));
#4496=LINE('154786',#4495,#4494);
#4497=DIRECTION('',(1.503982124028E-12,0.E0,-1.E0));
#4498=VECTOR('',#4497,1.499999999998E-1);
#4499=CARTESIAN_POINT('',(-3.65E0,3.5E-1,-4.85E0));
#4500=LINE('154494',#4499,#4498);
#4501=DIRECTION('',(0.E0,-1.E0,0.E0));
#4502=VECTOR('',#4501,2.E0);
#4503=CARTESIAN_POINT('',(-3.65E0,2.35E0,-4.85E0));
#4504=LINE('154540',#4503,#4502);
#4505=DIRECTION('',(-1.498060934563E-12,0.E0,1.E0));
#4506=VECTOR('',#4505,1.499999999998E-1);
#4507=CARTESIAN_POINT('',(-3.65E0,2.35E0,-5.E0));
#4508=LINE('154604',#4507,#4506);
#4509=DIRECTION('',(0.E0,-1.E0,0.E0));
#4510=VECTOR('',#4509,2.E0);
#4511=CARTESIAN_POINT('',(-3.65E0,2.35E0,-5.E0));
#4512=LINE('154654',#4511,#4510);
#4513=DIRECTION('',(-1.E0,0.E0,0.E0));
#4514=VECTOR('',#4513,4.000000000001E-1);
#4515=CARTESIAN_POINT('',(-3.8E0,3.5E-1,-5.5E0));
#4516=LINE('154496',#4515,#4514);
#4517=DIRECTION('',(0.E0,-1.E0,0.E0));
#4518=VECTOR('',#4517,2.E0);
#4519=CARTESIAN_POINT('',(-3.8E0,2.35E0,-5.5E0));
#4520=LINE('154655',#4519,#4518);
#4521=DIRECTION('',(1.E0,0.E0,0.E0));
#4522=VECTOR('',#4521,4.000000000001E-1);
#4523=CARTESIAN_POINT('',(-4.2E0,2.35E0,-5.5E0));
#4524=LINE('154606',#4523,#4522);
#4525=DIRECTION('',(0.E0,1.E0,0.E0));
#4526=VECTOR('',#4525,2.E0);
#4527=CARTESIAN_POINT('',(-4.2E0,3.5E-1,-5.5E0));
#4528=LINE('154656',#4527,#4526);
#4529=DIRECTION('',(-1.492139745098E-12,0.E0,-1.E0));
#4530=VECTOR('',#4529,1.499999999998E-1);
#4531=CARTESIAN_POINT('',(-4.35E0,3.5E-1,-4.85E0));
#4532=LINE('154498',#4531,#4530);
#4533=DIRECTION('',(0.E0,1.E0,0.E0));
#4534=VECTOR('',#4533,2.E0);
#4535=CARTESIAN_POINT('',(-4.35E0,3.5E-1,-5.E0));
#4536=LINE('154657',#4535,#4534);
#4537=DIRECTION('',(1.492139745098E-12,0.E0,1.E0));
#4538=VECTOR('',#4537,1.499999999998E-1);
#4539=CARTESIAN_POINT('',(-4.35E0,2.35E0,-5.E0));
#4540=LINE('154608',#4539,#4538);
#4541=DIRECTION('',(0.E0,-1.E0,0.E0));
#4542=VECTOR('',#4541,2.E0);
#4543=CARTESIAN_POINT('',(-4.35E0,2.35E0,-4.85E0));
#4544=LINE('154541',#4543,#4542);
#4545=DIRECTION('',(-1.E0,0.E0,0.E0));
#4546=VECTOR('',#4545,3.E-1);
#4547=CARTESIAN_POINT('',(-4.35E0,3.5E-1,-4.85E0));
#4548=LINE('154499',#4547,#4546);
#4549=DIRECTION('',(0.E0,-1.E0,0.E0));
#4550=VECTOR('',#4549,4.E-1);
#4551=CARTESIAN_POINT('',(-4.375E0,8.E-1,-4.85E0));
#4552=LINE('154754',#4551,#4550);
#4553=DIRECTION('',(-1.E0,0.E0,0.E0));
#4554=VECTOR('',#4553,2.5E-1);
#4555=CARTESIAN_POINT('',(-4.375E0,4.E-1,-4.85E0));
#4556=LINE('154759',#4555,#4554);
#4557=DIRECTION('',(0.E0,-1.E0,0.E0));
#4558=VECTOR('',#4557,4.E-1);
#4559=CARTESIAN_POINT('',(-4.625E0,8.E-1,-4.85E0));
#4560=LINE('154760',#4559,#4558);
#4561=DIRECTION('',(1.E0,0.E0,0.E0));
#4562=VECTOR('',#4561,2.5E-1);
#4563=CARTESIAN_POINT('',(-4.625E0,8.E-1,-4.85E0));
#4564=LINE('154758',#4563,#4562);
#4565=DIRECTION('',(0.E0,-1.E0,0.E0));
#4566=VECTOR('',#4565,7.503198166930E-1);
#4567=CARTESIAN_POINT('',(-4.375E0,2.077E0,-4.85E0));
#4568=LINE('154755',#4567,#4566);
#4569=DIRECTION('',(-1.E0,0.E0,0.E0));
#4570=VECTOR('',#4569,2.5E-1);
#4571=CARTESIAN_POINT('',(-4.375E0,1.326680183307E0,-4.85E0));
#4572=LINE('154757',#4571,#4570);
#4573=DIRECTION('',(0.E0,-1.E0,0.E0));
#4574=VECTOR('',#4573,7.503198166930E-1);
#4575=CARTESIAN_POINT('',(-4.625E0,2.077E0,-4.85E0));
#4576=LINE('154761',#4575,#4574);
#4577=DIRECTION('',(1.E0,0.E0,0.E0));
#4578=VECTOR('',#4577,2.5E-1);
#4579=CARTESIAN_POINT('',(-4.625E0,2.077E0,-4.85E0));
#4580=LINE('154756',#4579,#4578);
#4581=DIRECTION('',(1.486218555634E-12,0.E0,-1.E0));
#4582=VECTOR('',#4581,1.499999999998E-1);
#4583=CARTESIAN_POINT('',(-4.65E0,3.5E-1,-4.85E0));
#4584=LINE('154500',#4583,#4582);
#4585=DIRECTION('',(0.E0,-1.E0,0.E0));
#4586=VECTOR('',#4585,2.E0);
#4587=CARTESIAN_POINT('',(-4.65E0,2.35E0,-4.85E0));
#4588=LINE('154543',#4587,#4586);
#4589=DIRECTION('',(-1.480297366169E-12,0.E0,1.E0));
#4590=VECTOR('',#4589,1.499999999998E-1);
#4591=CARTESIAN_POINT('',(-4.65E0,2.35E0,-5.E0));
#4592=LINE('154609',#4591,#4590);
#4593=DIRECTION('',(0.E0,-1.E0,0.E0));
#4594=VECTOR('',#4593,2.E0);
#4595=CARTESIAN_POINT('',(-4.65E0,2.35E0,-5.E0));
#4596=LINE('154658',#4595,#4594);
#4597=DIRECTION('',(-1.E0,0.E0,0.E0));
#4598=VECTOR('',#4597,4.000000000001E-1);
#4599=CARTESIAN_POINT('',(-4.8E0,3.5E-1,-5.5E0));
#4600=LINE('154502',#4599,#4598);
#4601=DIRECTION('',(0.E0,-1.E0,0.E0));
#4602=VECTOR('',#4601,2.E0);
#4603=CARTESIAN_POINT('',(-4.8E0,2.35E0,-5.5E0));
#4604=LINE('154659',#4603,#4602);
#4605=DIRECTION('',(1.E0,0.E0,0.E0));
#4606=VECTOR('',#4605,4.000000000001E-1);
#4607=CARTESIAN_POINT('',(-5.2E0,2.35E0,-5.5E0));
#4608=LINE('154611',#4607,#4606);
#4609=DIRECTION('',(0.E0,1.E0,0.E0));
#4610=VECTOR('',#4609,2.E0);
#4611=CARTESIAN_POINT('',(-5.2E0,3.5E-1,-5.5E0));
#4612=LINE('154660',#4611,#4610);
#4613=DIRECTION('',(-1.492139745098E-12,0.E0,-1.E0));
#4614=VECTOR('',#4613,1.499999999998E-1);
#4615=CARTESIAN_POINT('',(-5.35E0,3.5E-1,-4.85E0));
#4616=LINE('154504',#4615,#4614);
#4617=DIRECTION('',(0.E0,1.E0,0.E0));
#4618=VECTOR('',#4617,2.E0);
#4619=CARTESIAN_POINT('',(-5.35E0,3.5E-1,-5.E0));
#4620=LINE('154661',#4619,#4618);
#4621=DIRECTION('',(1.492139745098E-12,0.E0,1.E0));
#4622=VECTOR('',#4621,1.499999999998E-1);
#4623=CARTESIAN_POINT('',(-5.35E0,2.35E0,-5.E0));
#4624=LINE('154613',#4623,#4622);
#4625=DIRECTION('',(0.E0,-1.E0,0.E0));
#4626=VECTOR('',#4625,2.E0);
#4627=CARTESIAN_POINT('',(-5.35E0,2.35E0,-4.85E0));
#4628=LINE('154544',#4627,#4626);
#4629=DIRECTION('',(-1.E0,0.E0,0.E0));
#4630=VECTOR('',#4629,3.E-1);
#4631=CARTESIAN_POINT('',(-5.35E0,3.5E-1,-4.85E0));
#4632=LINE('154505',#4631,#4630);
#4633=DIRECTION('',(0.E0,-1.E0,0.E0));
#4634=VECTOR('',#4633,4.E-1);
#4635=CARTESIAN_POINT('',(-5.375E0,8.E-1,-4.85E0));
#4636=LINE('154727',#4635,#4634);
#4637=DIRECTION('',(-1.E0,0.E0,0.E0));
#4638=VECTOR('',#4637,2.5E-1);
#4639=CARTESIAN_POINT('',(-5.375E0,4.E-1,-4.85E0));
#4640=LINE('154732',#4639,#4638);
#4641=DIRECTION('',(0.E0,-1.E0,0.E0));
#4642=VECTOR('',#4641,4.E-1);
#4643=CARTESIAN_POINT('',(-5.625E0,8.E-1,-4.85E0));
#4644=LINE('154733',#4643,#4642);
#4645=DIRECTION('',(1.E0,0.E0,0.E0));
#4646=VECTOR('',#4645,2.5E-1);
#4647=CARTESIAN_POINT('',(-5.625E0,8.E-1,-4.85E0));
#4648=LINE('154731',#4647,#4646);
#4649=DIRECTION('',(0.E0,-1.E0,0.E0));
#4650=VECTOR('',#4649,7.503198166930E-1);
#4651=CARTESIAN_POINT('',(-5.375E0,2.077E0,-4.85E0));
#4652=LINE('154728',#4651,#4650);
#4653=DIRECTION('',(-1.E0,0.E0,0.E0));
#4654=VECTOR('',#4653,2.5E-1);
#4655=CARTESIAN_POINT('',(-5.375E0,1.326680183307E0,-4.85E0));
#4656=LINE('154730',#4655,#4654);
#4657=DIRECTION('',(0.E0,-1.E0,0.E0));
#4658=VECTOR('',#4657,7.503198166930E-1);
#4659=CARTESIAN_POINT('',(-5.625E0,2.077E0,-4.85E0));
#4660=LINE('154734',#4659,#4658);
#4661=DIRECTION('',(1.E0,0.E0,0.E0));
#4662=VECTOR('',#4661,2.5E-1);
#4663=CARTESIAN_POINT('',(-5.625E0,2.077E0,-4.85E0));
#4664=LINE('154729',#4663,#4662);
#4665=DIRECTION('',(1.498060934563E-12,0.E0,-1.E0));
#4666=VECTOR('',#4665,1.499999999998E-1);
#4667=CARTESIAN_POINT('',(-5.65E0,3.5E-1,-4.85E0));
#4668=LINE('154506',#4667,#4666);
#4669=DIRECTION('',(0.E0,-1.E0,0.E0));
#4670=VECTOR('',#4669,2.E0);
#4671=CARTESIAN_POINT('',(-5.65E0,2.35E0,-4.85E0));
#4672=LINE('154546',#4671,#4670);
#4673=DIRECTION('',(-1.492139745098E-12,0.E0,1.E0));
#4674=VECTOR('',#4673,1.499999999998E-1);
#4675=CARTESIAN_POINT('',(-5.65E0,2.35E0,-5.E0));
#4676=LINE('154614',#4675,#4674);
#4677=DIRECTION('',(0.E0,-1.E0,0.E0));
#4678=VECTOR('',#4677,2.E0);
#4679=CARTESIAN_POINT('',(-5.65E0,2.35E0,-5.E0));
#4680=LINE('154662',#4679,#4678);
#4681=DIRECTION('',(1.E0,0.E0,0.E0));
#4682=VECTOR('',#4681,4.000000000001E-1);
#4683=CARTESIAN_POINT('',(-6.2E0,3.5E-1,-5.5E0));
#4684=LINE('157837',#4683,#4682);
#4685=DIRECTION('',(0.E0,-1.E0,0.E0));
#4686=VECTOR('',#4685,2.E0);
#4687=CARTESIAN_POINT('',(-5.8E0,2.35E0,-5.5E0));
#4688=LINE('154663',#4687,#4686);
#4689=DIRECTION('',(-1.E0,0.E0,0.E0));
#4690=VECTOR('',#4689,4.000000000001E-1);
#4691=CARTESIAN_POINT('',(-5.8E0,2.35E0,-5.5E0));
#4692=LINE('157838',#4691,#4690);
#4693=DIRECTION('',(0.E0,-1.E0,0.E0));
#4694=VECTOR('',#4693,2.E0);
#4695=CARTESIAN_POINT('',(-6.2E0,2.35E0,-5.5E0));
#4696=LINE('157576',#4695,#4694);
#4697=DIRECTION('',(1.498060934563E-12,0.E0,1.E0));
#4698=VECTOR('',#4697,1.499999999998E-1);
#4699=CARTESIAN_POINT('',(-6.35E0,3.5E-1,-5.E0));
#4700=LINE('157545',#4699,#4698);
#4701=DIRECTION('',(0.E0,-1.E0,0.E0));
#4702=VECTOR('',#4701,2.E0);
#4703=CARTESIAN_POINT('',(-6.35E0,2.35E0,-5.E0));
#4704=LINE('157577',#4703,#4702);
#4705=DIRECTION('',(-1.509903313492E-12,0.E0,-1.E0));
#4706=VECTOR('',#4705,1.499999999998E-1);
#4707=CARTESIAN_POINT('',(-6.35E0,2.35E0,-4.85E0));
#4708=LINE('157565',#4707,#4706);
#4709=DIRECTION('',(0.E0,1.E0,0.E0));
#4710=VECTOR('',#4709,2.E0);
#4711=CARTESIAN_POINT('',(-6.35E0,3.5E-1,-4.85E0));
#4712=LINE('157558',#4711,#4710);
#4713=DIRECTION('',(1.E0,0.E0,0.E0));
#4714=VECTOR('',#4713,3.E-1);
#4715=CARTESIAN_POINT('',(-6.65E0,3.5E-1,-4.85E0));
#4716=LINE('157546',#4715,#4714);
#4717=DIRECTION('',(0.E0,1.E0,0.E0));
#4718=VECTOR('',#4717,4.E-1);
#4719=CARTESIAN_POINT('',(-6.375E0,4.E-1,-4.85E0));
#4720=LINE('157649',#4719,#4718);
#4721=DIRECTION('',(1.E0,0.E0,0.E0));
#4722=VECTOR('',#4721,2.5E-1);
#4723=CARTESIAN_POINT('',(-6.625E0,4.E-1,-4.85E0));
#4724=LINE('157654',#4723,#4722);
#4725=DIRECTION('',(0.E0,1.E0,0.E0));
#4726=VECTOR('',#4725,4.E-1);
#4727=CARTESIAN_POINT('',(-6.625E0,4.E-1,-4.85E0));
#4728=LINE('157655',#4727,#4726);
#4729=DIRECTION('',(-1.E0,0.E0,0.E0));
#4730=VECTOR('',#4729,2.5E-1);
#4731=CARTESIAN_POINT('',(-6.375E0,8.E-1,-4.85E0));
#4732=LINE('157653',#4731,#4730);
#4733=DIRECTION('',(0.E0,1.E0,0.E0));
#4734=VECTOR('',#4733,7.503198166930E-1);
#4735=CARTESIAN_POINT('',(-6.375E0,1.326680183307E0,-4.85E0));
#4736=LINE('157650',#4735,#4734);
#4737=DIRECTION('',(1.E0,0.E0,0.E0));
#4738=VECTOR('',#4737,2.5E-1);
#4739=CARTESIAN_POINT('',(-6.625E0,1.326680183307E0,-4.85E0));
#4740=LINE('157652',#4739,#4738);
#4741=DIRECTION('',(0.E0,1.E0,0.E0));
#4742=VECTOR('',#4741,7.503198166930E-1);
#4743=CARTESIAN_POINT('',(-6.625E0,1.326680183307E0,-4.85E0));
#4744=LINE('157656',#4743,#4742);
#4745=DIRECTION('',(-1.E0,0.E0,0.E0));
#4746=VECTOR('',#4745,2.5E-1);
#4747=CARTESIAN_POINT('',(-6.375E0,2.077E0,-4.85E0));
#4748=LINE('157651',#4747,#4746);
#4749=DIRECTION('',(-1.503982124028E-12,0.E0,1.E0));
#4750=VECTOR('',#4749,1.499999999998E-1);
#4751=CARTESIAN_POINT('',(-6.65E0,3.5E-1,-5.E0));
#4752=LINE('157547',#4751,#4750);
#4753=DIRECTION('',(0.E0,1.E0,0.E0));
#4754=VECTOR('',#4753,2.E0);
#4755=CARTESIAN_POINT('',(-6.65E0,3.5E-1,-4.85E0));
#4756=LINE('157560',#4755,#4754);
#4757=DIRECTION('',(1.492139745098E-12,0.E0,-1.E0));
#4758=VECTOR('',#4757,1.499999999998E-1);
#4759=CARTESIAN_POINT('',(-6.65E0,2.35E0,-4.85E0));
#4760=LINE('157566',#4759,#4758);
#4761=DIRECTION('',(0.E0,1.E0,0.E0));
#4762=VECTOR('',#4761,2.E0);
#4763=CARTESIAN_POINT('',(-6.65E0,3.5E-1,-5.E0));
#4764=LINE('157578',#4763,#4762);
#4765=DIRECTION('',(1.E0,0.E0,0.E0));
#4766=VECTOR('',#4765,4.000000000001E-1);
#4767=CARTESIAN_POINT('',(-7.2E0,3.5E-1,-5.5E0));
#4768=LINE('157549',#4767,#4766);
#4769=DIRECTION('',(0.E0,1.E0,0.E0));
#4770=VECTOR('',#4769,2.E0);
#4771=CARTESIAN_POINT('',(-6.8E0,3.5E-1,-5.5E0));
#4772=LINE('157579',#4771,#4770);
#4773=DIRECTION('',(-1.E0,0.E0,0.E0));
#4774=VECTOR('',#4773,4.000000000001E-1);
#4775=CARTESIAN_POINT('',(-6.8E0,2.35E0,-5.5E0));
#4776=LINE('157568',#4775,#4774);
#4777=DIRECTION('',(0.E0,-1.E0,0.E0));
#4778=VECTOR('',#4777,2.E0);
#4779=CARTESIAN_POINT('',(-7.2E0,2.35E0,-5.5E0));
#4780=LINE('157580',#4779,#4778);
#4781=DIRECTION('',(1.498060934563E-12,0.E0,1.E0));
#4782=VECTOR('',#4781,1.499999999998E-1);
#4783=CARTESIAN_POINT('',(-7.35E0,3.5E-1,-5.E0));
#4784=LINE('157551',#4783,#4782);
#4785=DIRECTION('',(0.E0,-1.E0,0.E0));
#4786=VECTOR('',#4785,2.E0);
#4787=CARTESIAN_POINT('',(-7.35E0,2.35E0,-5.E0));
#4788=LINE('157581',#4787,#4786);
#4789=DIRECTION('',(-1.492139745098E-12,0.E0,-1.E0));
#4790=VECTOR('',#4789,1.499999999998E-1);
#4791=CARTESIAN_POINT('',(-7.35E0,2.35E0,-4.85E0));
#4792=LINE('157570',#4791,#4790);
#4793=DIRECTION('',(0.E0,1.E0,0.E0));
#4794=VECTOR('',#4793,2.E0);
#4795=CARTESIAN_POINT('',(-7.35E0,3.5E-1,-4.85E0));
#4796=LINE('157561',#4795,#4794);
#4797=DIRECTION('',(1.E0,0.E0,0.E0));
#4798=VECTOR('',#4797,3.E-1);
#4799=CARTESIAN_POINT('',(-7.65E0,3.5E-1,-4.85E0));
#4800=LINE('157552',#4799,#4798);
#4801=DIRECTION('',(0.E0,1.E0,0.E0));
#4802=VECTOR('',#4801,4.E-1);
#4803=CARTESIAN_POINT('',(-7.375E0,4.E-1,-4.85E0));
#4804=LINE('157619',#4803,#4802);
#4805=DIRECTION('',(1.E0,0.E0,0.E0));
#4806=VECTOR('',#4805,2.5E-1);
#4807=CARTESIAN_POINT('',(-7.625E0,4.E-1,-4.85E0));
#4808=LINE('157624',#4807,#4806);
#4809=DIRECTION('',(0.E0,1.E0,0.E0));
#4810=VECTOR('',#4809,4.E-1);
#4811=CARTESIAN_POINT('',(-7.625E0,4.E-1,-4.85E0));
#4812=LINE('157625',#4811,#4810);
#4813=DIRECTION('',(-1.E0,0.E0,0.E0));
#4814=VECTOR('',#4813,2.5E-1);
#4815=CARTESIAN_POINT('',(-7.375E0,8.E-1,-4.85E0));
#4816=LINE('157623',#4815,#4814);
#4817=DIRECTION('',(0.E0,1.E0,0.E0));
#4818=VECTOR('',#4817,7.503198166930E-1);
#4819=CARTESIAN_POINT('',(-7.375E0,1.326680183307E0,-4.85E0));
#4820=LINE('157620',#4819,#4818);
#4821=DIRECTION('',(1.E0,0.E0,0.E0));
#4822=VECTOR('',#4821,2.5E-1);
#4823=CARTESIAN_POINT('',(-7.625E0,1.326680183307E0,-4.85E0));
#4824=LINE('157622',#4823,#4822);
#4825=DIRECTION('',(0.E0,1.E0,0.E0));
#4826=VECTOR('',#4825,7.503198166930E-1);
#4827=CARTESIAN_POINT('',(-7.625E0,1.326680183307E0,-4.85E0));
#4828=LINE('157626',#4827,#4826);
#4829=DIRECTION('',(-1.E0,0.E0,0.E0));
#4830=VECTOR('',#4829,2.5E-1);
#4831=CARTESIAN_POINT('',(-7.375E0,2.077E0,-4.85E0));
#4832=LINE('157621',#4831,#4830);
#4833=DIRECTION('',(-1.498060934563E-12,0.E0,1.E0));
#4834=VECTOR('',#4833,1.499999999998E-1);
#4835=CARTESIAN_POINT('',(-7.65E0,3.5E-1,-5.E0));
#4836=LINE('157553',#4835,#4834);
#4837=DIRECTION('',(0.E0,1.E0,0.E0));
#4838=VECTOR('',#4837,2.E0);
#4839=CARTESIAN_POINT('',(-7.65E0,3.5E-1,-4.85E0));
#4840=LINE('157563',#4839,#4838);
#4841=DIRECTION('',(1.492139745098E-12,0.E0,-1.E0));
#4842=VECTOR('',#4841,1.499999999998E-1);
#4843=CARTESIAN_POINT('',(-7.65E0,2.35E0,-4.85E0));
#4844=LINE('157571',#4843,#4842);
#4845=DIRECTION('',(0.E0,1.E0,0.E0));
#4846=VECTOR('',#4845,2.E0);
#4847=CARTESIAN_POINT('',(-7.65E0,3.5E-1,-5.E0));
#4848=LINE('157582',#4847,#4846);
#4849=DIRECTION('',(1.E0,0.E0,-6.158037043264E-13));
#4850=VECTOR('',#4849,2.999999999995E-1);
#4851=CARTESIAN_POINT('',(-8.099999999999E0,3.5E-1,-5.5E0));
#4852=LINE('157555',#4851,#4850);
#4853=DIRECTION('',(0.E0,1.E0,0.E0));
#4854=VECTOR('',#4853,2.E0);
#4855=CARTESIAN_POINT('',(-7.8E0,3.5E-1,-5.5E0));
#4856=LINE('157583',#4855,#4854);
#4857=DIRECTION('',(-1.E0,0.E0,6.158037043264E-13));
#4858=VECTOR('',#4857,2.999999999995E-1);
#4859=CARTESIAN_POINT('',(-7.8E0,2.35E0,-5.5E0));
#4860=LINE('157573',#4859,#4858);
#4861=DIRECTION('',(0.E0,-1.E0,0.E0));
#4862=VECTOR('',#4861,2.E0);
#4863=CARTESIAN_POINT('',(-8.099999999999E0,2.35E0,-5.5E0));
#4864=LINE('157584',#4863,#4862);
#4865=DIRECTION('',(0.E0,1.E0,0.E0));
#4866=VECTOR('',#4865,2.E0);
#4867=CARTESIAN_POINT('',(-8.265E0,3.5E-1,-4.8E0));
#4868=LINE('157452',#4867,#4866);
#4869=DIRECTION('',(3.756994715332E-12,0.E0,1.E0));
#4870=VECTOR('',#4869,1.999999999999E-1);
#4871=CARTESIAN_POINT('',(-8.265000000001E0,3.5E-1,-5.E0));
#4872=LINE('157557',#4871,#4870);
#4873=DIRECTION('',(0.E0,-1.E0,0.E0));
#4874=VECTOR('',#4873,2.E0);
#4875=CARTESIAN_POINT('',(-8.265000000001E0,2.35E0,-5.E0));
#4876=LINE('157585',#4875,#4874);
#4877=DIRECTION('',(-3.756994715332E-12,-3.108624468951E-14,-1.E0));
#4878=VECTOR('',#4877,1.999999999999E-1);
#4879=CARTESIAN_POINT('',(-8.265E0,2.35E0,-4.8E0));
#4880=LINE('157575',#4879,#4878);
#4881=DIRECTION('',(1.956347379745E-12,-5.932532547126E-2,9.982387017932E-1));
#4882=VECTOR('',#4881,2.487910782282E-1);
#4883=CARTESIAN_POINT('',(-7.375E0,1.914759611690E0,-1.E0));
#4884=LINE('157588',#4883,#4882);
#4885=DIRECTION('',(-2.942750843636E-13,2.008738855767E-2,-9.997982280545E-1));
#4886=VECTOR('',#4885,1.653968683921E0);
#4887=CARTESIAN_POINT('',(-7.375E0,1.653913252054E0,-1.696365040558E0));
#4888=LINE('157630',#4887,#4886);
#4889=DIRECTION('',(0.E0,8.660254037841E-1,-5.000000000006E-1));
#4890=VECTOR('',#4889,2.927300811163E-1);
#4891=CARTESIAN_POINT('',(-7.375E0,1.400401565356E0,-1.55E0));
#4892=LINE('157348',#4891,#4890);
#4893=DIRECTION('',(0.E0,-5.304782741328E-1,-8.476985317157E-1));
#4894=VECTOR('',#4893,9.417886820355E-1);
#4895=CARTESIAN_POINT('',(-7.375E0,1.9E0,-7.516471170518E-1));
#4896=LINE('157349',#4895,#4894);
#4897=DIRECTION('',(0.E0,5.367252427910E-2,9.985585912391E-1));
#4898=VECTOR('',#4897,8.011547915353E-1);
#4899=CARTESIAN_POINT('',(-7.375E0,3.1E-1,-6.5E0));
#4900=LINE('157343',#4899,#4898);
#4901=DIRECTION('',(0.E0,-5.210304593902E-2,-9.986417138313E-1));
#4902=VECTOR('',#4901,1.151564153662E0);
#4903=CARTESIAN_POINT('',(-7.375E0,7.E-2,-5.35E0));
#4904=LINE('157345',#4903,#4902);
#4905=DIRECTION('',(7.604537737865E-12,-5.887408568086E-1,-8.083218440227E-1));
#4906=VECTOR('',#4905,6.400412369212E-2);
#4907=CARTESIAN_POINT('',(-7.375E0,1.326680183307E0,-4.85E0));
#4908=LINE('157629',#4907,#4906);
#4909=DIRECTION('',(0.E0,-1.E0,0.E0));
#4910=VECTOR('',#4909,5.E-2);
#4911=CARTESIAN_POINT('',(-7.375E0,8.E-1,-3.E0));
#4912=LINE('157722',#4911,#4910);
#4913=DIRECTION('',(1.E0,0.E0,0.E0));
#4914=VECTOR('',#4913,2.500000000010E-1);
#4915=CARTESIAN_POINT('',(-7.625E0,1.9E0,-7.516471170518E-1));
#4916=LINE('157366',#4915,#4914);
#4917=DIRECTION('',(1.E0,0.E0,0.E0));
#4918=VECTOR('',#4917,2.500000000010E-1);
#4919=CARTESIAN_POINT('',(-7.625E0,1.400401565356E0,-1.55E0));
#4920=LINE('157364',#4919,#4918);
#4921=DIRECTION('',(1.E0,0.E0,0.E0));
#4922=VECTOR('',#4921,2.500000000010E-1);
#4923=CARTESIAN_POINT('',(-7.625E0,1.653913252054E0,-1.696365040558E0));
#4924=LINE('157363',#4923,#4922);
#4925=DIRECTION('',(-1.942067471864E-12,-5.932532547126E-2,9.982387017932E-1));
#4926=VECTOR('',#4925,2.487910782282E-1);
#4927=CARTESIAN_POINT('',(-7.625E0,1.914759611690E0,-1.E0));
#4928=LINE('157590',#4927,#4926);
#4929=DIRECTION('',(0.E0,-5.304782741328E-1,-8.476985317157E-1));
#4930=VECTOR('',#4929,9.417886820355E-1);
#4931=CARTESIAN_POINT('',(-7.625E0,1.9E0,-7.516471170518E-1));
#4932=LINE('157367',#4931,#4930);
#4933=DIRECTION('',(0.E0,8.660254037841E-1,-5.000000000006E-1));
#4934=VECTOR('',#4933,2.927300811163E-1);
#4935=CARTESIAN_POINT('',(-7.625E0,1.400401565356E0,-1.55E0));
#4936=LINE('157365',#4935,#4934);
#4937=DIRECTION('',(2.921270910471E-13,2.008738855767E-2,-9.997982280545E-1));
#4938=VECTOR('',#4937,1.653968683921E0);
#4939=CARTESIAN_POINT('',(-7.625E0,1.653913252054E0,-1.696365040558E0));
#4940=LINE('157634',#4939,#4938);
#4941=DIRECTION('',(5.694791043960E-13,0.E0,1.E0));
#4942=VECTOR('',#4941,8.499999999999E-1);
#4943=CARTESIAN_POINT('',(-7.625E0,2.077E0,-5.7E0));
#4944=LINE('157591',#4943,#4942);
#4945=DIRECTION('',(-7.549030163136E-12,-5.887408568086E-1,-8.083218440227E-1));
#4946=VECTOR('',#4945,6.400412369212E-2);
#4947=CARTESIAN_POINT('',(-7.625E0,1.326680183307E0,-4.85E0));
#4948=LINE('157633',#4947,#4946);
#4949=DIRECTION('',(0.E0,1.E0,3.741623217E-13));
#4950=VECTOR('',#4949,4.889983406852E-1);
#4951=CARTESIAN_POINT('',(-7.625E0,8.E-1,-4.901735931288E0));
#4952=LINE('157362',#4951,#4950);
#4953=DIRECTION('',(-9.356306665120E-12,-6.008637307875E-14,-1.E0));
#4954=VECTOR('',#4953,5.173593128805E-2);
#4955=CARTESIAN_POINT('',(-7.625E0,8.E-1,-4.85E0));
#4956=LINE('157632',#4955,#4954);
#4957=DIRECTION('',(9.663381206338E-13,0.E0,1.E0));
#4958=VECTOR('',#4957,5.E-1);
#4959=CARTESIAN_POINT('',(-7.625E0,4.E-1,-5.35E0));
#4960=LINE('157631',#4959,#4958);
#4961=DIRECTION('',(0.E0,1.E0,0.E0));
#4962=VECTOR('',#4961,3.3E-1);
#4963=CARTESIAN_POINT('',(-7.625E0,7.E-2,-5.35E0));
#4964=LINE('157359',#4963,#4962);
#4965=DIRECTION('',(0.E0,-5.210304593902E-2,-9.986417138313E-1));
#4966=VECTOR('',#4965,1.151564153662E0);
#4967=CARTESIAN_POINT('',(-7.625E0,7.E-2,-5.35E0));
#4968=LINE('157357',#4967,#4966);
#4969=DIRECTION('',(0.E0,-1.E0,8.289665250535E-13));
#4970=VECTOR('',#4969,3.E-1);
#4971=CARTESIAN_POINT('',(-7.625E0,3.1E-1,-6.5E0));
#4972=LINE('157355',#4971,#4970);
#4973=DIRECTION('',(0.E0,5.367252427910E-2,9.985585912391E-1));
#4974=VECTOR('',#4973,8.011547915353E-1);
#4975=CARTESIAN_POINT('',(-7.625E0,3.1E-1,-6.5E0));
#4976=LINE('157352',#4975,#4974);
#4977=DIRECTION('',(0.E0,-1.E0,-3.348700538313E-14));
#4978=VECTOR('',#4977,1.724E0);
#4979=CARTESIAN_POINT('',(-7.625E0,2.077E0,-5.7E0));
#4980=LINE('157369',#4979,#4978);
#4981=DIRECTION('',(0.E0,-1.E0,0.E0));
#4982=VECTOR('',#4981,5.E-2);
#4983=CARTESIAN_POINT('',(-7.625E0,8.E-1,-3.E0));
#4984=LINE('157724',#4983,#4982);
#4985=DIRECTION('',(0.E0,0.E0,-1.E0));
#4986=VECTOR('',#4985,3.5E-1);
#4987=CARTESIAN_POINT('',(-7.625E0,8.E-1,-3.E0));
#4988=LINE('157768',#4987,#4986);
#4989=DIRECTION('',(-5.726138517597E-13,0.E0,1.E0));
#4990=VECTOR('',#4989,8.499999999999E-1);
#4991=CARTESIAN_POINT('',(-7.375E0,2.077E0,-5.7E0));
#4992=LINE('157589',#4991,#4990);
#4993=DIRECTION('',(0.E0,-1.E0,-3.348700538313E-14));
#4994=VECTOR('',#4993,1.724E0);
#4995=CARTESIAN_POINT('',(-7.375E0,2.077E0,-5.7E0));
#4996=LINE('157350',#4995,#4994);
#4997=DIRECTION('',(1.E0,0.E0,0.E0));
#4998=VECTOR('',#4997,2.500000000010E-1);
#4999=CARTESIAN_POINT('',(-7.625E0,2.077E0,-5.7E0));
#5000=LINE('157368',#4999,#4998);
#5001=DIRECTION('',(-1.E0,0.E0,0.E0));
#5002=VECTOR('',#5001,2.500000000010E-1);
#5003=CARTESIAN_POINT('',(-7.375E0,3.53E-1,-5.7E0));
#5004=LINE('157353',#5003,#5002);
#5005=DIRECTION('',(0.E0,-1.E0,8.289665250535E-13));
#5006=VECTOR('',#5005,3.E-1);
#5007=CARTESIAN_POINT('',(-7.375E0,3.1E-1,-6.5E0));
#5008=LINE('157344',#5007,#5006);
#5009=DIRECTION('',(1.E0,0.E0,0.E0));
#5010=VECTOR('',#5009,2.500000000010E-1);
#5011=CARTESIAN_POINT('',(-7.625E0,3.1E-1,-6.5E0));
#5012=LINE('157351',#5011,#5010);
#5013=DIRECTION('',(1.E0,0.E0,0.E0));
#5014=VECTOR('',#5013,2.500000000010E-1);
#5015=CARTESIAN_POINT('',(-7.625E0,1.000000000001E-2,-6.5E0));
#5016=LINE('157354',#5015,#5014);
#5017=DIRECTION('',(0.E0,1.E0,0.E0));
#5018=VECTOR('',#5017,3.3E-1);
#5019=CARTESIAN_POINT('',(-7.375E0,7.E-2,-5.35E0));
#5020=LINE('157346',#5019,#5018);
#5021=DIRECTION('',(1.E0,0.E0,0.E0));
#5022=VECTOR('',#5021,2.500000000010E-1);
#5023=CARTESIAN_POINT('',(-7.625E0,7.E-2,-5.35E0));
#5024=LINE('157356',#5023,#5022);
#5025=DIRECTION('',(-9.734435479914E-13,0.E0,1.E0));
#5026=VECTOR('',#5025,5.E-1);
#5027=CARTESIAN_POINT('',(-7.375E0,4.E-1,-5.35E0));
#5028=LINE('157627',#5027,#5026);
#5029=DIRECTION('',(1.E0,0.E0,0.E0));
#5030=VECTOR('',#5029,2.500000000010E-1);
#5031=CARTESIAN_POINT('',(-7.625E0,4.E-1,-5.35E0));
#5032=LINE('157358',#5031,#5030);
#5033=DIRECTION('',(1.E0,0.E0,0.E0));
#5034=VECTOR('',#5033,2.500000000010E-1);
#5035=CARTESIAN_POINT('',(-7.625E0,1.288998340685E0,-4.901735931288E0));
#5036=LINE('157361',#5035,#5034);
#5037=DIRECTION('',(0.E0,1.E0,3.741623217E-13));
#5038=VECTOR('',#5037,4.889983406852E-1);
#5039=CARTESIAN_POINT('',(-7.375E0,8.E-1,-4.901735931288E0));
#5040=LINE('157347',#5039,#5038);
#5041=DIRECTION('',(1.E0,0.E0,0.E0));
#5042=VECTOR('',#5041,2.500000000010E-1);
#5043=CARTESIAN_POINT('',(-7.625E0,8.E-1,-4.901735931288E0));
#5044=LINE('157360',#5043,#5042);
#5045=DIRECTION('',(9.442144340947E-12,-6.008637307875E-14,-1.E0));
#5046=VECTOR('',#5045,5.173593128805E-2);
#5047=CARTESIAN_POINT('',(-7.375E0,8.E-1,-4.85E0));
#5048=LINE('157628',#5047,#5046);
#5049=DIRECTION('',(-1.E0,0.E0,0.E0));
#5050=VECTOR('',#5049,2.5E-1);
#5051=CARTESIAN_POINT('',(-7.375E0,8.E-1,-3.E0));
#5052=LINE('157723',#5051,#5050);
#5053=DIRECTION('',(0.E0,0.E0,-1.E0));
#5054=VECTOR('',#5053,3.5E-1);
#5055=CARTESIAN_POINT('',(-7.375E0,8.E-1,-3.E0));
#5056=LINE('157767',#5055,#5054);
#5057=DIRECTION('',(1.956347379745E-12,-5.932532547126E-2,9.982387017932E-1));
#5058=VECTOR('',#5057,2.487910782282E-1);
#5059=CARTESIAN_POINT('',(-6.375E0,1.914759611690E0,-1.E0));
#5060=LINE('157592',#5059,#5058);
#5061=DIRECTION('',(-2.953490810219E-13,2.008738855767E-2,-9.997982280545E-1));
#5062=VECTOR('',#5061,1.653968683921E0);
#5063=CARTESIAN_POINT('',(-6.375E0,1.653913252054E0,-1.696365040558E0));
#5064=LINE('157660',#5063,#5062);
#5065=DIRECTION('',(0.E0,8.660254037841E-1,-5.000000000006E-1));
#5066=VECTOR('',#5065,2.927300811163E-1);
#5067=CARTESIAN_POINT('',(-6.375E0,1.400401565356E0,-1.55E0));
#5068=LINE('157375',#5067,#5066);
#5069=DIRECTION('',(0.E0,-5.304782741328E-1,-8.476985317157E-1));
#5070=VECTOR('',#5069,9.417886820355E-1);
#5071=CARTESIAN_POINT('',(-6.375E0,1.9E0,-7.516471170518E-1));
#5072=LINE('157376',#5071,#5070);
#5073=DIRECTION('',(0.E0,5.367252427910E-2,9.985585912391E-1));
#5074=VECTOR('',#5073,8.011547915353E-1);
#5075=CARTESIAN_POINT('',(-6.375E0,3.1E-1,-6.5E0));
#5076=LINE('157370',#5075,#5074);
#5077=DIRECTION('',(0.E0,-5.210304593902E-2,-9.986417138313E-1));
#5078=VECTOR('',#5077,1.151564153662E0);
#5079=CARTESIAN_POINT('',(-6.375E0,7.E-2,-5.35E0));
#5080=LINE('157372',#5079,#5078);
#5081=DIRECTION('',(7.604537737865E-12,-5.887408568086E-1,-8.083218440227E-1));
#5082=VECTOR('',#5081,6.400412369212E-2);
#5083=CARTESIAN_POINT('',(-6.375E0,1.326680183307E0,-4.85E0));
#5084=LINE('157659',#5083,#5082);
#5085=DIRECTION('',(0.E0,-1.E0,0.E0));
#5086=VECTOR('',#5085,5.E-2);
#5087=CARTESIAN_POINT('',(-6.375E0,8.E-1,-3.E0));
#5088=LINE('157725',#5087,#5086);
#5089=DIRECTION('',(1.E0,0.E0,0.E0));
#5090=VECTOR('',#5089,2.500000000010E-1);
#5091=CARTESIAN_POINT('',(-6.625E0,1.9E0,-7.516471170518E-1));
#5092=LINE('157393',#5091,#5090);
#5093=DIRECTION('',(1.E0,0.E0,0.E0));
#5094=VECTOR('',#5093,2.500000000010E-1);
#5095=CARTESIAN_POINT('',(-6.625E0,1.400401565356E0,-1.55E0));
#5096=LINE('157391',#5095,#5094);
#5097=DIRECTION('',(1.E0,0.E0,0.E0));
#5098=VECTOR('',#5097,2.500000000010E-1);
#5099=CARTESIAN_POINT('',(-6.625E0,1.653913252054E0,-1.696365040558E0));
#5100=LINE('157390',#5099,#5098);
#5101=DIRECTION('',(-1.942067471864E-12,-5.932532547126E-2,9.982387017932E-1));
#5102=VECTOR('',#5101,2.487910782282E-1);
#5103=CARTESIAN_POINT('',(-6.625E0,1.914759611690E0,-1.E0));
#5104=LINE('157594',#5103,#5102);
#5105=DIRECTION('',(0.E0,-5.304782741328E-1,-8.476985317157E-1));
#5106=VECTOR('',#5105,9.417886820355E-1);
#5107=CARTESIAN_POINT('',(-6.625E0,1.9E0,-7.516471170518E-1));
#5108=LINE('157394',#5107,#5106);
#5109=DIRECTION('',(0.E0,8.660254037841E-1,-5.000000000006E-1));
#5110=VECTOR('',#5109,2.927300811163E-1);
#5111=CARTESIAN_POINT('',(-6.625E0,1.400401565356E0,-1.55E0));
#5112=LINE('157392',#5111,#5110);
#5113=DIRECTION('',(2.921270910471E-13,2.008738855767E-2,-9.997982280545E-1));
#5114=VECTOR('',#5113,1.653968683921E0);
#5115=CARTESIAN_POINT('',(-6.625E0,1.653913252054E0,-1.696365040558E0));
#5116=LINE('157664',#5115,#5114);
#5117=DIRECTION('',(5.694791043960E-13,0.E0,1.E0));
#5118=VECTOR('',#5117,8.499999999999E-1);
#5119=CARTESIAN_POINT('',(-6.625E0,2.077E0,-5.7E0));
#5120=LINE('157595',#5119,#5118);
#5121=DIRECTION('',(-7.549030163136E-12,-5.887408568086E-1,-8.083218440227E-1));
#5122=VECTOR('',#5121,6.400412369212E-2);
#5123=CARTESIAN_POINT('',(-6.625E0,1.326680183307E0,-4.85E0));
#5124=LINE('157663',#5123,#5122);
#5125=DIRECTION('',(0.E0,1.E0,3.741623217E-13));
#5126=VECTOR('',#5125,4.889983406852E-1);
#5127=CARTESIAN_POINT('',(-6.625E0,8.E-1,-4.901735931288E0));
#5128=LINE('157389',#5127,#5126);
#5129=DIRECTION('',(-9.339139129955E-12,-6.008637307875E-14,-1.E0));
#5130=VECTOR('',#5129,5.173593128805E-2);
#5131=CARTESIAN_POINT('',(-6.625E0,8.E-1,-4.85E0));
#5132=LINE('157662',#5131,#5130);
#5133=DIRECTION('',(9.663381206338E-13,0.E0,1.E0));
#5134=VECTOR('',#5133,5.E-1);
#5135=CARTESIAN_POINT('',(-6.625E0,4.E-1,-5.35E0));
#5136=LINE('157661',#5135,#5134);
#5137=DIRECTION('',(0.E0,1.E0,0.E0));
#5138=VECTOR('',#5137,3.3E-1);
#5139=CARTESIAN_POINT('',(-6.625E0,7.E-2,-5.35E0));
#5140=LINE('157386',#5139,#5138);
#5141=DIRECTION('',(0.E0,-5.210304593902E-2,-9.986417138313E-1));
#5142=VECTOR('',#5141,1.151564153662E0);
#5143=CARTESIAN_POINT('',(-6.625E0,7.E-2,-5.35E0));
#5144=LINE('157384',#5143,#5142);
#5145=DIRECTION('',(0.E0,-1.E0,8.289665250535E-13));
#5146=VECTOR('',#5145,3.E-1);
#5147=CARTESIAN_POINT('',(-6.625E0,3.1E-1,-6.5E0));
#5148=LINE('157382',#5147,#5146);
#5149=DIRECTION('',(0.E0,5.367252427910E-2,9.985585912391E-1));
#5150=VECTOR('',#5149,8.011547915353E-1);
#5151=CARTESIAN_POINT('',(-6.625E0,3.1E-1,-6.5E0));
#5152=LINE('157379',#5151,#5150);
#5153=DIRECTION('',(0.E0,-1.E0,-3.348700538313E-14));
#5154=VECTOR('',#5153,1.724E0);
#5155=CARTESIAN_POINT('',(-6.625E0,2.077E0,-5.7E0));
#5156=LINE('157396',#5155,#5154);
#5157=DIRECTION('',(0.E0,-1.E0,0.E0));
#5158=VECTOR('',#5157,5.E-2);
#5159=CARTESIAN_POINT('',(-6.625E0,8.E-1,-3.E0));
#5160=LINE('157727',#5159,#5158);
#5161=DIRECTION('',(0.E0,0.E0,-1.E0));
#5162=VECTOR('',#5161,3.5E-1);
#5163=CARTESIAN_POINT('',(-6.625E0,8.E-1,-3.E0));
#5164=LINE('157770',#5163,#5162);
#5165=DIRECTION('',(-5.726138517597E-13,0.E0,1.E0));
#5166=VECTOR('',#5165,8.499999999999E-1);
#5167=CARTESIAN_POINT('',(-6.375E0,2.077E0,-5.7E0));
#5168=LINE('157593',#5167,#5166);
#5169=DIRECTION('',(0.E0,-1.E0,-3.348700538313E-14));
#5170=VECTOR('',#5169,1.724E0);
#5171=CARTESIAN_POINT('',(-6.375E0,2.077E0,-5.7E0));
#5172=LINE('157377',#5171,#5170);
#5173=DIRECTION('',(1.E0,0.E0,0.E0));
#5174=VECTOR('',#5173,2.500000000010E-1);
#5175=CARTESIAN_POINT('',(-6.625E0,2.077E0,-5.7E0));
#5176=LINE('157395',#5175,#5174);
#5177=DIRECTION('',(-1.E0,0.E0,0.E0));
#5178=VECTOR('',#5177,2.500000000010E-1);
#5179=CARTESIAN_POINT('',(-6.375E0,3.53E-1,-5.7E0));
#5180=LINE('157380',#5179,#5178);
#5181=DIRECTION('',(0.E0,-1.E0,8.289665250535E-13));
#5182=VECTOR('',#5181,3.E-1);
#5183=CARTESIAN_POINT('',(-6.375E0,3.1E-1,-6.5E0));
#5184=LINE('157371',#5183,#5182);
#5185=DIRECTION('',(1.E0,0.E0,0.E0));
#5186=VECTOR('',#5185,2.500000000010E-1);
#5187=CARTESIAN_POINT('',(-6.625E0,3.1E-1,-6.5E0));
#5188=LINE('157378',#5187,#5186);
#5189=DIRECTION('',(1.E0,0.E0,0.E0));
#5190=VECTOR('',#5189,2.500000000010E-1);
#5191=CARTESIAN_POINT('',(-6.625E0,1.000000000001E-2,-6.5E0));
#5192=LINE('157381',#5191,#5190);
#5193=DIRECTION('',(0.E0,1.E0,0.E0));
#5194=VECTOR('',#5193,3.3E-1);
#5195=CARTESIAN_POINT('',(-6.375E0,7.E-2,-5.35E0));
#5196=LINE('157373',#5195,#5194);
#5197=DIRECTION('',(1.E0,0.E0,0.E0));
#5198=VECTOR('',#5197,2.500000000010E-1);
#5199=CARTESIAN_POINT('',(-6.625E0,7.E-2,-5.35E0));
#5200=LINE('157383',#5199,#5198);
#5201=DIRECTION('',(-9.734435479914E-13,0.E0,1.E0));
#5202=VECTOR('',#5201,5.E-1);
#5203=CARTESIAN_POINT('',(-6.375E0,4.E-1,-5.35E0));
#5204=LINE('157657',#5203,#5202);
#5205=DIRECTION('',(1.E0,0.E0,0.E0));
#5206=VECTOR('',#5205,2.500000000010E-1);
#5207=CARTESIAN_POINT('',(-6.625E0,4.E-1,-5.35E0));
#5208=LINE('157385',#5207,#5206);
#5209=DIRECTION('',(1.E0,0.E0,0.E0));
#5210=VECTOR('',#5209,2.500000000010E-1);
#5211=CARTESIAN_POINT('',(-6.625E0,1.288998340685E0,-4.901735931288E0));
#5212=LINE('157388',#5211,#5210);
#5213=DIRECTION('',(0.E0,1.E0,3.741623217E-13));
#5214=VECTOR('',#5213,4.889983406852E-1);
#5215=CARTESIAN_POINT('',(-6.375E0,8.E-1,-4.901735931288E0));
#5216=LINE('157374',#5215,#5214);
#5217=DIRECTION('',(1.E0,0.E0,0.E0));
#5218=VECTOR('',#5217,2.500000000010E-1);
#5219=CARTESIAN_POINT('',(-6.625E0,8.E-1,-4.901735931288E0));
#5220=LINE('157387',#5219,#5218);
#5221=DIRECTION('',(9.407809270616E-12,-6.008637307875E-14,-1.E0));
#5222=VECTOR('',#5221,5.173593128805E-2);
#5223=CARTESIAN_POINT('',(-6.375E0,8.E-1,-4.85E0));
#5224=LINE('157658',#5223,#5222);
#5225=DIRECTION('',(-1.E0,0.E0,0.E0));
#5226=VECTOR('',#5225,2.5E-1);
#5227=CARTESIAN_POINT('',(-6.375E0,8.E-1,-3.E0));
#5228=LINE('157726',#5227,#5226);
#5229=DIRECTION('',(0.E0,0.E0,-1.E0));
#5230=VECTOR('',#5229,3.5E-1);
#5231=CARTESIAN_POINT('',(-6.375E0,8.E-1,-3.E0));
#5232=LINE('157769',#5231,#5230);
#5233=DIRECTION('',(-1.956347379745E-12,5.932532547126E-2,-9.982387017932E-1));
#5234=VECTOR('',#5233,2.487910782282E-1);
#5235=CARTESIAN_POINT('',(-5.375E0,1.9E0,-7.516471170518E-1));
#5236=LINE('154664',#5235,#5234);
#5237=DIRECTION('',(2.942750843636E-13,-2.008738855767E-2,9.997982280545E-1));
#5238=VECTOR('',#5237,1.653968683921E0);
#5239=CARTESIAN_POINT('',(-5.375E0,1.687137163671E0,-3.35E0));
#5240=LINE('154738',#5239,#5238);
#5241=DIRECTION('',(0.E0,-8.660254037841E-1,5.000000000006E-1));
#5242=VECTOR('',#5241,2.927300811163E-1);
#5243=CARTESIAN_POINT('',(-5.375E0,1.653913252054E0,-1.696365040558E0));
#5244=LINE('154219',#5243,#5242);
#5245=DIRECTION('',(0.E0,5.304782741328E-1,8.476985317157E-1));
#5246=VECTOR('',#5245,9.417886820355E-1);
#5247=CARTESIAN_POINT('',(-5.375E0,1.400401565356E0,-1.55E0));
#5248=LINE('154220',#5247,#5246);
#5249=DIRECTION('',(0.E0,-5.367252427910E-2,-9.985585912391E-1));
#5250=VECTOR('',#5249,8.011547915353E-1);
#5251=CARTESIAN_POINT('',(-5.375E0,3.53E-1,-5.7E0));
#5252=LINE('154214',#5251,#5250);
#5253=DIRECTION('',(0.E0,5.210304593902E-2,9.986417138313E-1));
#5254=VECTOR('',#5253,1.151564153662E0);
#5255=CARTESIAN_POINT('',(-5.375E0,1.000000000001E-2,-6.5E0));
#5256=LINE('154216',#5255,#5254);
#5257=DIRECTION('',(-7.604537737865E-12,5.887408568086E-1,8.083218440227E-1));
#5258=VECTOR('',#5257,6.400412369212E-2);
#5259=CARTESIAN_POINT('',(-5.375E0,1.288998340685E0,-4.901735931288E0));
#5260=LINE('154737',#5259,#5258);
#5261=DIRECTION('',(0.E0,1.E0,0.E0));
#5262=VECTOR('',#5261,5.E-2);
#5263=CARTESIAN_POINT('',(-5.375E0,7.5E-1,-3.E0));
#5264=LINE('155119',#5263,#5262);
#5265=DIRECTION('',(-1.E0,0.E0,0.E0));
#5266=VECTOR('',#5265,2.500000000010E-1);
#5267=CARTESIAN_POINT('',(-5.375E0,1.9E0,-7.516471170518E-1));
#5268=LINE('154237',#5267,#5266);
#5269=DIRECTION('',(-1.E0,0.E0,0.E0));
#5270=VECTOR('',#5269,2.500000000010E-1);
#5271=CARTESIAN_POINT('',(-5.375E0,1.400401565356E0,-1.55E0));
#5272=LINE('154235',#5271,#5270);
#5273=DIRECTION('',(-1.E0,0.E0,0.E0));
#5274=VECTOR('',#5273,2.500000000010E-1);
#5275=CARTESIAN_POINT('',(-5.375E0,1.653913252054E0,-1.696365040558E0));
#5276=LINE('154234',#5275,#5274);
#5277=DIRECTION('',(1.942067471864E-12,5.932532547126E-2,-9.982387017932E-1));
#5278=VECTOR('',#5277,2.487910782282E-1);
#5279=CARTESIAN_POINT('',(-5.625E0,1.9E0,-7.516471170518E-1));
#5280=LINE('154666',#5279,#5278);
#5281=DIRECTION('',(0.E0,5.304782741328E-1,8.476985317157E-1));
#5282=VECTOR('',#5281,9.417886820355E-1);
#5283=CARTESIAN_POINT('',(-5.625E0,1.400401565356E0,-1.55E0));
#5284=LINE('154238',#5283,#5282);
#5285=DIRECTION('',(0.E0,-8.660254037841E-1,5.000000000006E-1));
#5286=VECTOR('',#5285,2.927300811163E-1);
#5287=CARTESIAN_POINT('',(-5.625E0,1.653913252054E0,-1.696365040558E0));
#5288=LINE('154236',#5287,#5286);
#5289=DIRECTION('',(-2.926640893762E-13,-2.008738855767E-2,9.997982280545E-1));
#5290=VECTOR('',#5289,1.653968683921E0);
#5291=CARTESIAN_POINT('',(-5.625E0,1.687137163671E0,-3.35E0));
#5292=LINE('154742',#5291,#5290);
#5293=DIRECTION('',(-5.694791043960E-13,0.E0,-1.E0));
#5294=VECTOR('',#5293,8.499999999999E-1);
#5295=CARTESIAN_POINT('',(-5.625E0,2.077E0,-4.85E0));
#5296=LINE('154667',#5295,#5294);
#5297=DIRECTION('',(7.549030163136E-12,5.887408568086E-1,8.083218440227E-1));
#5298=VECTOR('',#5297,6.400412369212E-2);
#5299=CARTESIAN_POINT('',(-5.625E0,1.288998340685E0,-4.901735931288E0));
#5300=LINE('154741',#5299,#5298);
#5301=DIRECTION('',(0.E0,-1.E0,-3.741623217E-13));
#5302=VECTOR('',#5301,4.889983406852E-1);
#5303=CARTESIAN_POINT('',(-5.625E0,1.288998340685E0,-4.901735931288E0));
#5304=LINE('154233',#5303,#5302);
#5305=DIRECTION('',(9.356306665120E-12,6.008637307875E-14,1.E0));
#5306=VECTOR('',#5305,5.173593128805E-2);
#5307=CARTESIAN_POINT('',(-5.625E0,8.E-1,-4.901735931288E0));
#5308=LINE('154740',#5307,#5306);
#5309=DIRECTION('',(-9.663381206338E-13,0.E0,-1.E0));
#5310=VECTOR('',#5309,5.E-1);
#5311=CARTESIAN_POINT('',(-5.625E0,4.E-1,-4.85E0));
#5312=LINE('154739',#5311,#5310);
#5313=DIRECTION('',(0.E0,-1.E0,0.E0));
#5314=VECTOR('',#5313,3.3E-1);
#5315=CARTESIAN_POINT('',(-5.625E0,4.E-1,-5.35E0));
#5316=LINE('154230',#5315,#5314);
#5317=DIRECTION('',(0.E0,5.210304593902E-2,9.986417138313E-1));
#5318=VECTOR('',#5317,1.151564153662E0);
#5319=CARTESIAN_POINT('',(-5.625E0,1.000000000001E-2,-6.5E0));
#5320=LINE('154228',#5319,#5318);
#5321=DIRECTION('',(0.E0,1.E0,-8.289665250535E-13));
#5322=VECTOR('',#5321,3.E-1);
#5323=CARTESIAN_POINT('',(-5.625E0,1.000000000001E-2,-6.5E0));
#5324=LINE('154226',#5323,#5322);
#5325=DIRECTION('',(0.E0,-5.367252427910E-2,-9.985585912391E-1));
#5326=VECTOR('',#5325,8.011547915353E-1);
#5327=CARTESIAN_POINT('',(-5.625E0,3.53E-1,-5.7E0));
#5328=LINE('154223',#5327,#5326);
#5329=DIRECTION('',(0.E0,1.E0,3.348700538313E-14));
#5330=VECTOR('',#5329,1.724E0);
#5331=CARTESIAN_POINT('',(-5.625E0,3.53E-1,-5.7E0));
#5332=LINE('154240',#5331,#5330);
#5333=DIRECTION('',(0.E0,1.E0,0.E0));
#5334=VECTOR('',#5333,5.E-2);
#5335=CARTESIAN_POINT('',(-5.625E0,7.5E-1,-3.E0));
#5336=LINE('155121',#5335,#5334);
#5337=DIRECTION('',(0.E0,0.E0,1.E0));
#5338=VECTOR('',#5337,3.5E-1);
#5339=CARTESIAN_POINT('',(-5.625E0,8.E-1,-3.35E0));
#5340=LINE('155159',#5339,#5338);
#5341=DIRECTION('',(5.726138517597E-13,0.E0,-1.E0));
#5342=VECTOR('',#5341,8.499999999999E-1);
#5343=CARTESIAN_POINT('',(-5.375E0,2.077E0,-4.85E0));
#5344=LINE('154665',#5343,#5342);
#5345=DIRECTION('',(0.E0,1.E0,3.348700538313E-14));
#5346=VECTOR('',#5345,1.724E0);
#5347=CARTESIAN_POINT('',(-5.375E0,3.53E-1,-5.7E0));
#5348=LINE('154221',#5347,#5346);
#5349=DIRECTION('',(-1.E0,0.E0,0.E0));
#5350=VECTOR('',#5349,2.500000000010E-1);
#5351=CARTESIAN_POINT('',(-5.375E0,2.077E0,-5.7E0));
#5352=LINE('154239',#5351,#5350);
#5353=DIRECTION('',(1.E0,0.E0,0.E0));
#5354=VECTOR('',#5353,2.500000000010E-1);
#5355=CARTESIAN_POINT('',(-5.625E0,3.53E-1,-5.7E0));
#5356=LINE('154224',#5355,#5354);
#5357=DIRECTION('',(0.E0,1.E0,-8.289665250535E-13));
#5358=VECTOR('',#5357,3.E-1);
#5359=CARTESIAN_POINT('',(-5.375E0,1.000000000001E-2,-6.5E0));
#5360=LINE('154215',#5359,#5358);
#5361=DIRECTION('',(-1.E0,0.E0,0.E0));
#5362=VECTOR('',#5361,2.500000000010E-1);
#5363=CARTESIAN_POINT('',(-5.375E0,3.1E-1,-6.5E0));
#5364=LINE('154222',#5363,#5362);
#5365=DIRECTION('',(-1.E0,0.E0,0.E0));
#5366=VECTOR('',#5365,2.500000000010E-1);
#5367=CARTESIAN_POINT('',(-5.375E0,1.000000000001E-2,-6.5E0));
#5368=LINE('154225',#5367,#5366);
#5369=DIRECTION('',(0.E0,-1.E0,0.E0));
#5370=VECTOR('',#5369,3.3E-1);
#5371=CARTESIAN_POINT('',(-5.375E0,4.E-1,-5.35E0));
#5372=LINE('154217',#5371,#5370);
#5373=DIRECTION('',(-1.E0,0.E0,0.E0));
#5374=VECTOR('',#5373,2.500000000010E-1);
#5375=CARTESIAN_POINT('',(-5.375E0,7.E-2,-5.35E0));
#5376=LINE('154227',#5375,#5374);
#5377=DIRECTION('',(9.734435479914E-13,0.E0,-1.E0));
#5378=VECTOR('',#5377,5.E-1);
#5379=CARTESIAN_POINT('',(-5.375E0,4.E-1,-4.85E0));
#5380=LINE('154735',#5379,#5378);
#5381=DIRECTION('',(-1.E0,0.E0,0.E0));
#5382=VECTOR('',#5381,2.500000000010E-1);
#5383=CARTESIAN_POINT('',(-5.375E0,4.E-1,-5.35E0));
#5384=LINE('154229',#5383,#5382);
#5385=DIRECTION('',(-1.E0,0.E0,0.E0));
#5386=VECTOR('',#5385,2.500000000010E-1);
#5387=CARTESIAN_POINT('',(-5.375E0,1.288998340685E0,-4.901735931288E0));
#5388=LINE('154232',#5387,#5386);
#5389=DIRECTION('',(0.E0,-1.E0,-3.741623217E-13));
#5390=VECTOR('',#5389,4.889983406852E-1);
#5391=CARTESIAN_POINT('',(-5.375E0,1.288998340685E0,-4.901735931288E0));
#5392=LINE('154218',#5391,#5390);
#5393=DIRECTION('',(-1.E0,0.E0,0.E0));
#5394=VECTOR('',#5393,2.500000000010E-1);
#5395=CARTESIAN_POINT('',(-5.375E0,8.E-1,-4.901735931288E0));
#5396=LINE('154231',#5395,#5394);
#5397=DIRECTION('',(-9.442144340947E-12,6.008637307875E-14,1.E0));
#5398=VECTOR('',#5397,5.173593128805E-2);
#5399=CARTESIAN_POINT('',(-5.375E0,8.E-1,-4.901735931288E0));
#5400=LINE('154736',#5399,#5398);
#5401=DIRECTION('',(1.E0,0.E0,0.E0));
#5402=VECTOR('',#5401,2.5E-1);
#5403=CARTESIAN_POINT('',(-5.625E0,8.E-1,-3.E0));
#5404=LINE('155120',#5403,#5402);
#5405=DIRECTION('',(0.E0,0.E0,1.E0));
#5406=VECTOR('',#5405,3.5E-1);
#5407=CARTESIAN_POINT('',(-5.375E0,8.E-1,-3.35E0));
#5408=LINE('155158',#5407,#5406);
#5409=DIRECTION('',(-1.956347379745E-12,5.932532547126E-2,-9.982387017932E-1));
#5410=VECTOR('',#5409,2.487910782282E-1);
#5411=CARTESIAN_POINT('',(-4.375E0,1.9E0,-7.516471170518E-1));
#5412=LINE('154668',#5411,#5410);
#5413=DIRECTION('',(2.953490810219E-13,-2.008738855767E-2,9.997982280545E-1));
#5414=VECTOR('',#5413,1.653968683921E0);
#5415=CARTESIAN_POINT('',(-4.375E0,1.687137163671E0,-3.35E0));
#5416=LINE('154765',#5415,#5414);
#5417=DIRECTION('',(0.E0,-8.660254037841E-1,5.000000000006E-1));
#5418=VECTOR('',#5417,2.927300811163E-1);
#5419=CARTESIAN_POINT('',(-4.375E0,1.653913252054E0,-1.696365040558E0));
#5420=LINE('154246',#5419,#5418);
#5421=DIRECTION('',(0.E0,5.304782741328E-1,8.476985317157E-1));
#5422=VECTOR('',#5421,9.417886820355E-1);
#5423=CARTESIAN_POINT('',(-4.375E0,1.400401565356E0,-1.55E0));
#5424=LINE('154247',#5423,#5422);
#5425=DIRECTION('',(0.E0,-5.367252427910E-2,-9.985585912391E-1));
#5426=VECTOR('',#5425,8.011547915353E-1);
#5427=CARTESIAN_POINT('',(-4.375E0,3.53E-1,-5.7E0));
#5428=LINE('154241',#5427,#5426);
#5429=DIRECTION('',(0.E0,5.210304593902E-2,9.986417138313E-1));
#5430=VECTOR('',#5429,1.151564153662E0);
#5431=CARTESIAN_POINT('',(-4.375E0,1.000000000001E-2,-6.5E0));
#5432=LINE('154243',#5431,#5430);
#5433=DIRECTION('',(-7.604537737865E-12,5.887408568086E-1,8.083218440227E-1));
#5434=VECTOR('',#5433,6.400412369212E-2);
#5435=CARTESIAN_POINT('',(-4.375E0,1.288998340685E0,-4.901735931288E0));
#5436=LINE('154764',#5435,#5434);
#5437=DIRECTION('',(0.E0,1.E0,0.E0));
#5438=VECTOR('',#5437,5.E-2);
#5439=CARTESIAN_POINT('',(-4.375E0,7.5E-1,-3.E0));
#5440=LINE('155122',#5439,#5438);
#5441=DIRECTION('',(-1.E0,0.E0,0.E0));
#5442=VECTOR('',#5441,2.500000000010E-1);
#5443=CARTESIAN_POINT('',(-4.375E0,1.9E0,-7.516471170518E-1));
#5444=LINE('154264',#5443,#5442);
#5445=DIRECTION('',(-1.E0,0.E0,0.E0));
#5446=VECTOR('',#5445,2.500000000010E-1);
#5447=CARTESIAN_POINT('',(-4.375E0,1.400401565356E0,-1.55E0));
#5448=LINE('154262',#5447,#5446);
#5449=DIRECTION('',(-1.E0,0.E0,0.E0));
#5450=VECTOR('',#5449,2.500000000010E-1);
#5451=CARTESIAN_POINT('',(-4.375E0,1.653913252054E0,-1.696365040558E0));
#5452=LINE('154261',#5451,#5450);
#5453=DIRECTION('',(1.949207425805E-12,5.932532547126E-2,-9.982387017932E-1));
#5454=VECTOR('',#5453,2.487910782282E-1);
#5455=CARTESIAN_POINT('',(-4.625E0,1.9E0,-7.516471170518E-1));
#5456=LINE('154670',#5455,#5454);
#5457=DIRECTION('',(0.E0,5.304782741328E-1,8.476985317157E-1));
#5458=VECTOR('',#5457,9.417886820355E-1);
#5459=CARTESIAN_POINT('',(-4.625E0,1.400401565356E0,-1.55E0));
#5460=LINE('154265',#5459,#5458);
#5461=DIRECTION('',(0.E0,-8.660254037841E-1,5.000000000006E-1));
#5462=VECTOR('',#5461,2.927300811163E-1);
#5463=CARTESIAN_POINT('',(-4.625E0,1.653913252054E0,-1.696365040558E0));
#5464=LINE('154263',#5463,#5462);
#5465=DIRECTION('',(-2.932010877054E-13,-2.008738855767E-2,9.997982280545E-1));
#5466=VECTOR('',#5465,1.653968683921E0);
#5467=CARTESIAN_POINT('',(-4.625E0,1.687137163671E0,-3.35E0));
#5468=LINE('154769',#5467,#5466);
#5469=DIRECTION('',(-5.705240201839E-13,0.E0,-1.E0));
#5470=VECTOR('',#5469,8.499999999999E-1);
#5471=CARTESIAN_POINT('',(-4.625E0,2.077E0,-4.85E0));
#5472=LINE('154671',#5471,#5470);
#5473=DIRECTION('',(7.576783950500E-12,5.887408568086E-1,8.083218440227E-1));
#5474=VECTOR('',#5473,6.400412369212E-2);
#5475=CARTESIAN_POINT('',(-4.625E0,1.288998340685E0,-4.901735931288E0));
#5476=LINE('154768',#5475,#5474);
#5477=DIRECTION('',(0.E0,-1.E0,-3.741623217E-13));
#5478=VECTOR('',#5477,4.889983406852E-1);
#5479=CARTESIAN_POINT('',(-4.625E0,1.288998340685E0,-4.901735931288E0));
#5480=LINE('154260',#5479,#5478);
#5481=DIRECTION('',(9.373474200285E-12,6.008637307875E-14,1.E0));
#5482=VECTOR('',#5481,5.173593128805E-2);
#5483=CARTESIAN_POINT('',(-4.625E0,8.E-1,-4.901735931288E0));
#5484=LINE('154767',#5483,#5482);
#5485=DIRECTION('',(-9.698908343126E-13,0.E0,-1.E0));
#5486=VECTOR('',#5485,5.E-1);
#5487=CARTESIAN_POINT('',(-4.625E0,4.E-1,-4.85E0));
#5488=LINE('154766',#5487,#5486);
#5489=DIRECTION('',(0.E0,-1.E0,0.E0));
#5490=VECTOR('',#5489,3.3E-1);
#5491=CARTESIAN_POINT('',(-4.625E0,4.E-1,-5.35E0));
#5492=LINE('154257',#5491,#5490);
#5493=DIRECTION('',(0.E0,5.210304593902E-2,9.986417138313E-1));
#5494=VECTOR('',#5493,1.151564153662E0);
#5495=CARTESIAN_POINT('',(-4.625E0,1.000000000001E-2,-6.5E0));
#5496=LINE('154255',#5495,#5494);
#5497=DIRECTION('',(0.E0,1.E0,-8.289665250535E-13));
#5498=VECTOR('',#5497,3.E-1);
#5499=CARTESIAN_POINT('',(-4.625E0,1.000000000001E-2,-6.5E0));
#5500=LINE('154253',#5499,#5498);
#5501=DIRECTION('',(0.E0,-5.367252427910E-2,-9.985585912391E-1));
#5502=VECTOR('',#5501,8.011547915353E-1);
#5503=CARTESIAN_POINT('',(-4.625E0,3.53E-1,-5.7E0));
#5504=LINE('154250',#5503,#5502);
#5505=DIRECTION('',(0.E0,1.E0,3.348700538313E-14));
#5506=VECTOR('',#5505,1.724E0);
#5507=CARTESIAN_POINT('',(-4.625E0,3.53E-1,-5.7E0));
#5508=LINE('154267',#5507,#5506);
#5509=DIRECTION('',(0.E0,1.E0,0.E0));
#5510=VECTOR('',#5509,5.E-2);
#5511=CARTESIAN_POINT('',(-4.625E0,7.5E-1,-3.E0));
#5512=LINE('155124',#5511,#5510);
#5513=DIRECTION('',(0.E0,0.E0,1.E0));
#5514=VECTOR('',#5513,3.5E-1);
#5515=CARTESIAN_POINT('',(-4.625E0,8.E-1,-3.35E0));
#5516=LINE('155161',#5515,#5514);
#5517=DIRECTION('',(5.726138517597E-13,0.E0,-1.E0));
#5518=VECTOR('',#5517,8.499999999999E-1);
#5519=CARTESIAN_POINT('',(-4.375E0,2.077E0,-4.85E0));
#5520=LINE('154669',#5519,#5518);
#5521=DIRECTION('',(0.E0,1.E0,3.348700538313E-14));
#5522=VECTOR('',#5521,1.724E0);
#5523=CARTESIAN_POINT('',(-4.375E0,3.53E-1,-5.7E0));
#5524=LINE('154248',#5523,#5522);
#5525=DIRECTION('',(-1.E0,0.E0,0.E0));
#5526=VECTOR('',#5525,2.500000000010E-1);
#5527=CARTESIAN_POINT('',(-4.375E0,2.077E0,-5.7E0));
#5528=LINE('154266',#5527,#5526);
#5529=DIRECTION('',(1.E0,0.E0,0.E0));
#5530=VECTOR('',#5529,2.500000000010E-1);
#5531=CARTESIAN_POINT('',(-4.625E0,3.53E-1,-5.7E0));
#5532=LINE('154251',#5531,#5530);
#5533=DIRECTION('',(0.E0,1.E0,-8.289665250535E-13));
#5534=VECTOR('',#5533,3.E-1);
#5535=CARTESIAN_POINT('',(-4.375E0,1.000000000001E-2,-6.5E0));
#5536=LINE('154242',#5535,#5534);
#5537=DIRECTION('',(-1.E0,0.E0,0.E0));
#5538=VECTOR('',#5537,2.500000000010E-1);
#5539=CARTESIAN_POINT('',(-4.375E0,3.1E-1,-6.5E0));
#5540=LINE('154249',#5539,#5538);
#5541=DIRECTION('',(-1.E0,0.E0,0.E0));
#5542=VECTOR('',#5541,2.500000000010E-1);
#5543=CARTESIAN_POINT('',(-4.375E0,1.000000000001E-2,-6.5E0));
#5544=LINE('154252',#5543,#5542);
#5545=DIRECTION('',(0.E0,-1.E0,0.E0));
#5546=VECTOR('',#5545,3.3E-1);
#5547=CARTESIAN_POINT('',(-4.375E0,4.E-1,-5.35E0));
#5548=LINE('154244',#5547,#5546);
#5549=DIRECTION('',(-1.E0,0.E0,0.E0));
#5550=VECTOR('',#5549,2.500000000010E-1);
#5551=CARTESIAN_POINT('',(-4.375E0,7.E-2,-5.35E0));
#5552=LINE('154254',#5551,#5550);
#5553=DIRECTION('',(9.734435479914E-13,0.E0,-1.E0));
#5554=VECTOR('',#5553,5.E-1);
#5555=CARTESIAN_POINT('',(-4.375E0,4.E-1,-4.85E0));
#5556=LINE('154762',#5555,#5554);
#5557=DIRECTION('',(-1.E0,0.E0,0.E0));
#5558=VECTOR('',#5557,2.500000000010E-1);
#5559=CARTESIAN_POINT('',(-4.375E0,4.E-1,-5.35E0));
#5560=LINE('154256',#5559,#5558);
#5561=DIRECTION('',(-1.E0,0.E0,0.E0));
#5562=VECTOR('',#5561,2.500000000010E-1);
#5563=CARTESIAN_POINT('',(-4.375E0,1.288998340685E0,-4.901735931288E0));
#5564=LINE('154259',#5563,#5562);
#5565=DIRECTION('',(0.E0,-1.E0,-3.741623217E-13));
#5566=VECTOR('',#5565,4.889983406852E-1);
#5567=CARTESIAN_POINT('',(-4.375E0,1.288998340685E0,-4.901735931288E0));
#5568=LINE('154245',#5567,#5566);
#5569=DIRECTION('',(-1.E0,0.E0,0.E0));
#5570=VECTOR('',#5569,2.500000000010E-1);
#5571=CARTESIAN_POINT('',(-4.375E0,8.E-1,-4.901735931288E0));
#5572=LINE('154258',#5571,#5570);
#5573=DIRECTION('',(-9.407809270616E-12,6.008637307875E-14,1.E0));
#5574=VECTOR('',#5573,5.173593128805E-2);
#5575=CARTESIAN_POINT('',(-4.375E0,8.E-1,-4.901735931288E0));
#5576=LINE('154763',#5575,#5574);
#5577=DIRECTION('',(1.E0,0.E0,0.E0));
#5578=VECTOR('',#5577,2.5E-1);
#5579=CARTESIAN_POINT('',(-4.625E0,8.E-1,-3.E0));
#5580=LINE('155123',#5579,#5578);
#5581=DIRECTION('',(0.E0,0.E0,1.E0));
#5582=VECTOR('',#5581,3.5E-1);
#5583=CARTESIAN_POINT('',(-4.375E0,8.E-1,-3.35E0));
#5584=LINE('155160',#5583,#5582);
#5585=DIRECTION('',(-1.956347379745E-12,5.932532547126E-2,-9.982387017932E-1));
#5586=VECTOR('',#5585,2.487910782282E-1);
#5587=CARTESIAN_POINT('',(-3.375E0,1.9E0,-7.516471170518E-1));
#5588=LINE('154672',#5587,#5586);
#5589=DIRECTION('',(2.948120826928E-13,-2.008738855767E-2,9.997982280545E-1));
#5590=VECTOR('',#5589,1.653968683921E0);
#5591=CARTESIAN_POINT('',(-3.375E0,1.687137163671E0,-3.35E0));
#5592=LINE('154795',#5591,#5590);
#5593=DIRECTION('',(0.E0,-8.660254037841E-1,5.000000000006E-1));
#5594=VECTOR('',#5593,2.927300811163E-1);
#5595=CARTESIAN_POINT('',(-3.375E0,1.653913252054E0,-1.696365040558E0));
#5596=LINE('154408',#5595,#5594);
#5597=DIRECTION('',(0.E0,5.304782741328E-1,8.476985317157E-1));
#5598=VECTOR('',#5597,9.417886820355E-1);
#5599=CARTESIAN_POINT('',(-3.375E0,1.400401565356E0,-1.55E0));
#5600=LINE('154409',#5599,#5598);
#5601=DIRECTION('',(0.E0,-5.367252427910E-2,-9.985585912391E-1));
#5602=VECTOR('',#5601,8.011547915353E-1);
#5603=CARTESIAN_POINT('',(-3.375E0,3.53E-1,-5.7E0));
#5604=LINE('154403',#5603,#5602);
#5605=DIRECTION('',(0.E0,5.210304593902E-2,9.986417138313E-1));
#5606=VECTOR('',#5605,1.151564153662E0);
#5607=CARTESIAN_POINT('',(-3.375E0,1.000000000001E-2,-6.5E0));
#5608=LINE('154405',#5607,#5606);
#5609=DIRECTION('',(-7.604537737865E-12,5.887408568086E-1,8.083218440227E-1));
#5610=VECTOR('',#5609,6.400412369212E-2);
#5611=CARTESIAN_POINT('',(-3.375E0,1.288998340685E0,-4.901735931288E0));
#5612=LINE('154794',#5611,#5610);
#5613=DIRECTION('',(0.E0,1.E0,0.E0));
#5614=VECTOR('',#5613,5.E-2);
#5615=CARTESIAN_POINT('',(-3.375E0,7.5E-1,-3.E0));
#5616=LINE('155125',#5615,#5614);
#5617=DIRECTION('',(-1.E0,0.E0,0.E0));
#5618=VECTOR('',#5617,2.500000000010E-1);
#5619=CARTESIAN_POINT('',(-3.375E0,1.9E0,-7.516471170518E-1));
#5620=LINE('154426',#5619,#5618);
#5621=DIRECTION('',(-1.E0,0.E0,0.E0));
#5622=VECTOR('',#5621,2.500000000010E-1);
#5623=CARTESIAN_POINT('',(-3.375E0,1.400401565356E0,-1.55E0));
#5624=LINE('154424',#5623,#5622);
#5625=DIRECTION('',(-1.E0,0.E0,0.E0));
#5626=VECTOR('',#5625,2.500000000010E-1);
#5627=CARTESIAN_POINT('',(-3.375E0,1.653913252054E0,-1.696365040558E0));
#5628=LINE('154423',#5627,#5626);
#5629=DIRECTION('',(1.950992414290E-12,5.932532547126E-2,-9.982387017932E-1));
#5630=VECTOR('',#5629,2.487910782282E-1);
#5631=CARTESIAN_POINT('',(-3.625E0,1.9E0,-7.516471170518E-1));
#5632=LINE('154674',#5631,#5630);
#5633=DIRECTION('',(0.E0,5.304782741328E-1,8.476985317157E-1));
#5634=VECTOR('',#5633,9.417886820355E-1);
#5635=CARTESIAN_POINT('',(-3.625E0,1.400401565356E0,-1.55E0));
#5636=LINE('154427',#5635,#5634);
#5637=DIRECTION('',(0.E0,-8.660254037841E-1,5.000000000006E-1));
#5638=VECTOR('',#5637,2.927300811163E-1);
#5639=CARTESIAN_POINT('',(-3.625E0,1.653913252054E0,-1.696365040558E0));
#5640=LINE('154425',#5639,#5638);
#5641=DIRECTION('',(-2.934695868699E-13,-2.008738855767E-2,9.997982280545E-1));
#5642=VECTOR('',#5641,1.653968683921E0);
#5643=CARTESIAN_POINT('',(-3.625E0,1.687137163671E0,-3.35E0));
#5644=LINE('154799',#5643,#5642);
#5645=DIRECTION('',(-5.710464780778E-13,0.E0,-1.E0));
#5646=VECTOR('',#5645,8.499999999999E-1);
#5647=CARTESIAN_POINT('',(-3.625E0,2.077E0,-4.85E0));
#5648=LINE('154675',#5647,#5646);
#5649=DIRECTION('',(7.583722397341E-12,5.887408568086E-1,8.083218440227E-1));
#5650=VECTOR('',#5649,6.400412369212E-2);
#5651=CARTESIAN_POINT('',(-3.625E0,1.288998340685E0,-4.901735931288E0));
#5652=LINE('154798',#5651,#5650);
#5653=DIRECTION('',(0.E0,-1.E0,-3.741623217E-13));
#5654=VECTOR('',#5653,4.889983406852E-1);
#5655=CARTESIAN_POINT('',(-3.625E0,1.288998340685E0,-4.901735931288E0));
#5656=LINE('154422',#5655,#5654);
#5657=DIRECTION('',(9.382057967868E-12,6.008637307875E-14,1.E0));
#5658=VECTOR('',#5657,5.173593128805E-2);
#5659=CARTESIAN_POINT('',(-3.625E0,8.E-1,-4.901735931288E0));
#5660=LINE('154797',#5659,#5658);
#5661=DIRECTION('',(-9.707790127323E-13,0.E0,-1.E0));
#5662=VECTOR('',#5661,5.E-1);
#5663=CARTESIAN_POINT('',(-3.625E0,4.E-1,-4.85E0));
#5664=LINE('154796',#5663,#5662);
#5665=DIRECTION('',(0.E0,-1.E0,0.E0));
#5666=VECTOR('',#5665,3.3E-1);
#5667=CARTESIAN_POINT('',(-3.625E0,4.E-1,-5.35E0));
#5668=LINE('154419',#5667,#5666);
#5669=DIRECTION('',(0.E0,5.210304593902E-2,9.986417138313E-1));
#5670=VECTOR('',#5669,1.151564153662E0);
#5671=CARTESIAN_POINT('',(-3.625E0,1.000000000001E-2,-6.5E0));
#5672=LINE('154417',#5671,#5670);
#5673=DIRECTION('',(0.E0,1.E0,-8.289665250535E-13));
#5674=VECTOR('',#5673,3.E-1);
#5675=CARTESIAN_POINT('',(-3.625E0,1.000000000001E-2,-6.5E0));
#5676=LINE('154415',#5675,#5674);
#5677=DIRECTION('',(0.E0,-5.367252427910E-2,-9.985585912391E-1));
#5678=VECTOR('',#5677,8.011547915353E-1);
#5679=CARTESIAN_POINT('',(-3.625E0,3.53E-1,-5.7E0));
#5680=LINE('154412',#5679,#5678);
#5681=DIRECTION('',(0.E0,1.E0,3.348700538313E-14));
#5682=VECTOR('',#5681,1.724E0);
#5683=CARTESIAN_POINT('',(-3.625E0,3.53E-1,-5.7E0));
#5684=LINE('154429',#5683,#5682);
#5685=DIRECTION('',(0.E0,1.E0,0.E0));
#5686=VECTOR('',#5685,5.E-2);
#5687=CARTESIAN_POINT('',(-3.625E0,7.5E-1,-3.E0));
#5688=LINE('155127',#5687,#5686);
#5689=DIRECTION('',(0.E0,0.E0,1.E0));
#5690=VECTOR('',#5689,3.5E-1);
#5691=CARTESIAN_POINT('',(-3.625E0,8.E-1,-3.35E0));
#5692=LINE('155163',#5691,#5690);
#5693=DIRECTION('',(5.726138517597E-13,0.E0,-1.E0));
#5694=VECTOR('',#5693,8.499999999999E-1);
#5695=CARTESIAN_POINT('',(-3.375E0,2.077E0,-4.85E0));
#5696=LINE('154673',#5695,#5694);
#5697=DIRECTION('',(0.E0,1.E0,3.348700538313E-14));
#5698=VECTOR('',#5697,1.724E0);
#5699=CARTESIAN_POINT('',(-3.375E0,3.53E-1,-5.7E0));
#5700=LINE('154410',#5699,#5698);
#5701=DIRECTION('',(-1.E0,0.E0,0.E0));
#5702=VECTOR('',#5701,2.500000000010E-1);
#5703=CARTESIAN_POINT('',(-3.375E0,2.077E0,-5.7E0));
#5704=LINE('154428',#5703,#5702);
#5705=DIRECTION('',(1.E0,0.E0,0.E0));
#5706=VECTOR('',#5705,2.500000000010E-1);
#5707=CARTESIAN_POINT('',(-3.625E0,3.53E-1,-5.7E0));
#5708=LINE('154413',#5707,#5706);
#5709=DIRECTION('',(0.E0,1.E0,-8.289665250535E-13));
#5710=VECTOR('',#5709,3.E-1);
#5711=CARTESIAN_POINT('',(-3.375E0,1.000000000001E-2,-6.5E0));
#5712=LINE('154404',#5711,#5710);
#5713=DIRECTION('',(-1.E0,0.E0,0.E0));
#5714=VECTOR('',#5713,2.500000000010E-1);
#5715=CARTESIAN_POINT('',(-3.375E0,3.1E-1,-6.5E0));
#5716=LINE('154411',#5715,#5714);
#5717=DIRECTION('',(-1.E0,0.E0,0.E0));
#5718=VECTOR('',#5717,2.500000000010E-1);
#5719=CARTESIAN_POINT('',(-3.375E0,1.000000000001E-2,-6.5E0));
#5720=LINE('154414',#5719,#5718);
#5721=DIRECTION('',(0.E0,-1.E0,0.E0));
#5722=VECTOR('',#5721,3.3E-1);
#5723=CARTESIAN_POINT('',(-3.375E0,4.E-1,-5.35E0));
#5724=LINE('154406',#5723,#5722);
#5725=DIRECTION('',(-1.E0,0.E0,0.E0));
#5726=VECTOR('',#5725,2.500000000010E-1);
#5727=CARTESIAN_POINT('',(-3.375E0,7.E-2,-5.35E0));
#5728=LINE('154416',#5727,#5726);
#5729=DIRECTION('',(9.734435479914E-13,0.E0,-1.E0));
#5730=VECTOR('',#5729,5.E-1);
#5731=CARTESIAN_POINT('',(-3.375E0,4.E-1,-4.85E0));
#5732=LINE('154792',#5731,#5730);
#5733=DIRECTION('',(-1.E0,0.E0,0.E0));
#5734=VECTOR('',#5733,2.500000000010E-1);
#5735=CARTESIAN_POINT('',(-3.375E0,4.E-1,-5.35E0));
#5736=LINE('154418',#5735,#5734);
#5737=DIRECTION('',(-1.E0,0.E0,0.E0));
#5738=VECTOR('',#5737,2.500000000010E-1);
#5739=CARTESIAN_POINT('',(-3.375E0,1.288998340685E0,-4.901735931288E0));
#5740=LINE('154421',#5739,#5738);
#5741=DIRECTION('',(0.E0,-1.E0,-3.741623217E-13));
#5742=VECTOR('',#5741,4.889983406852E-1);
#5743=CARTESIAN_POINT('',(-3.375E0,1.288998340685E0,-4.901735931288E0));
#5744=LINE('154407',#5743,#5742);
#5745=DIRECTION('',(-1.E0,0.E0,0.E0));
#5746=VECTOR('',#5745,2.500000000010E-1);
#5747=CARTESIAN_POINT('',(-3.375E0,8.E-1,-4.901735931288E0));
#5748=LINE('154420',#5747,#5746);
#5749=DIRECTION('',(-9.407809270616E-12,6.008637307875E-14,1.E0));
#5750=VECTOR('',#5749,5.173593128805E-2);
#5751=CARTESIAN_POINT('',(-3.375E0,8.E-1,-4.901735931288E0));
#5752=LINE('154793',#5751,#5750);
#5753=DIRECTION('',(1.E0,0.E0,0.E0));
#5754=VECTOR('',#5753,2.5E-1);
#5755=CARTESIAN_POINT('',(-3.625E0,8.E-1,-3.E0));
#5756=LINE('155126',#5755,#5754);
#5757=DIRECTION('',(0.E0,0.E0,1.E0));
#5758=VECTOR('',#5757,3.5E-1);
#5759=CARTESIAN_POINT('',(-3.375E0,8.E-1,-3.35E0));
#5760=LINE('155162',#5759,#5758);
#5761=DIRECTION('',(4.890868449363E-13,5.932532547126E-2,-9.982387017932E-1));
#5762=VECTOR('',#5761,2.487910782282E-1);
#5763=CARTESIAN_POINT('',(-2.375E0,1.9E0,-7.516471170518E-1));
#5764=LINE('154676',#5763,#5762);
#5765=DIRECTION('',(-7.356877109091E-14,-2.008738855767E-2,9.997982280545E-1));
#5766=VECTOR('',#5765,1.653968683921E0);
#5767=CARTESIAN_POINT('',(-2.375E0,1.687137163671E0,-3.35E0));
#5768=LINE('154825',#5767,#5766);
#5769=DIRECTION('',(0.E0,-8.660254037841E-1,5.000000000006E-1));
#5770=VECTOR('',#5769,2.927300811163E-1);
#5771=CARTESIAN_POINT('',(-2.375E0,1.653913252054E0,-1.696365040558E0));
#5772=LINE('154381',#5771,#5770);
#5773=DIRECTION('',(0.E0,5.304782741328E-1,8.476985317157E-1));
#5774=VECTOR('',#5773,9.417886820355E-1);
#5775=CARTESIAN_POINT('',(-2.375E0,1.400401565356E0,-1.55E0));
#5776=LINE('154382',#5775,#5774);
#5777=DIRECTION('',(0.E0,-5.367252427910E-2,-9.985585912391E-1));
#5778=VECTOR('',#5777,8.011547915353E-1);
#5779=CARTESIAN_POINT('',(-2.375E0,3.53E-1,-5.7E0));
#5780=LINE('154376',#5779,#5778);
#5781=DIRECTION('',(0.E0,5.210304593902E-2,9.986417138313E-1));
#5782=VECTOR('',#5781,1.151564153662E0);
#5783=CARTESIAN_POINT('',(-2.375E0,1.000000000001E-2,-6.5E0));
#5784=LINE('154378',#5783,#5782);
#5785=DIRECTION('',(1.894195987625E-12,5.887408568086E-1,8.083218440227E-1));
#5786=VECTOR('',#5785,6.400412369212E-2);
#5787=CARTESIAN_POINT('',(-2.375E0,1.288998340685E0,-4.901735931288E0));
#5788=LINE('154824',#5787,#5786);
#5789=DIRECTION('',(0.E0,1.E0,0.E0));
#5790=VECTOR('',#5789,5.E-2);
#5791=CARTESIAN_POINT('',(-2.375E0,7.5E-1,-3.E0));
#5792=LINE('155128',#5791,#5790);
#5793=DIRECTION('',(-1.E0,0.E0,0.E0));
#5794=VECTOR('',#5793,2.499999999998E-1);
#5795=CARTESIAN_POINT('',(-2.375E0,1.9E0,-7.516471170518E-1));
#5796=LINE('154399',#5795,#5794);
#5797=DIRECTION('',(-1.E0,0.E0,0.E0));
#5798=VECTOR('',#5797,2.499999999998E-1);
#5799=CARTESIAN_POINT('',(-2.375E0,1.400401565356E0,-1.55E0));
#5800=LINE('154397',#5799,#5798);
#5801=DIRECTION('',(-1.E0,0.E0,0.E0));
#5802=VECTOR('',#5801,2.499999999998E-1);
#5803=CARTESIAN_POINT('',(-2.375E0,1.653913252054E0,-1.696365040558E0));
#5804=LINE('154396',#5803,#5802);
#5805=DIRECTION('',(-4.926568219067E-13,5.932532547126E-2,-9.982387017932E-1));
#5806=VECTOR('',#5805,2.487910782282E-1);
#5807=CARTESIAN_POINT('',(-2.625E0,1.9E0,-7.516471170518E-1));
#5808=LINE('154678',#5807,#5806);
#5809=DIRECTION('',(0.E0,5.304782741328E-1,8.476985317157E-1));
#5810=VECTOR('',#5809,9.417886820355E-1);
#5811=CARTESIAN_POINT('',(-2.625E0,1.400401565356E0,-1.55E0));
#5812=LINE('154400',#5811,#5810);
#5813=DIRECTION('',(0.E0,-8.660254037841E-1,5.000000000006E-1));
#5814=VECTOR('',#5813,2.927300811163E-1);
#5815=CARTESIAN_POINT('',(-2.625E0,1.653913252054E0,-1.696365040558E0));
#5816=LINE('154398',#5815,#5814);
#5817=DIRECTION('',(7.491126691374E-14,-2.008738855767E-2,9.997982280545E-1));
#5818=VECTOR('',#5817,1.653968683921E0);
#5819=CARTESIAN_POINT('',(-2.625E0,1.687137163671E0,-3.35E0));
#5820=LINE('154829',#5819,#5818);
#5821=DIRECTION('',(1.457657524096E-13,0.E0,-1.E0));
#5822=VECTOR('',#5821,8.499999999999E-1);
#5823=CARTESIAN_POINT('',(-2.625E0,2.077E0,-4.85E0));
#5824=LINE('154679',#5823,#5822);
#5825=DIRECTION('',(-1.935826668672E-12,5.887408568086E-1,8.083218440227E-1));
#5826=VECTOR('',#5825,6.400412369212E-2);
#5827=CARTESIAN_POINT('',(-2.625E0,1.288998340685E0,-4.901735931288E0));
#5828=LINE('154828',#5827,#5826);
#5829=DIRECTION('',(0.E0,-1.E0,-3.741623217E-13));
#5830=VECTOR('',#5829,4.889983406852E-1);
#5831=CARTESIAN_POINT('',(-2.625E0,1.288998340685E0,-4.901735931288E0));
#5832=LINE('154395',#5831,#5830);
#5833=DIRECTION('',(-2.394871155567E-12,6.008637307875E-14,1.E0));
#5834=VECTOR('',#5833,5.173593128805E-2);
#5835=CARTESIAN_POINT('',(-2.625E0,8.E-1,-4.901735931288E0));
#5836=LINE('154827',#5835,#5834);
#5837=DIRECTION('',(2.478017790963E-13,0.E0,-1.E0));
#5838=VECTOR('',#5837,5.E-1);
#5839=CARTESIAN_POINT('',(-2.625E0,4.E-1,-4.85E0));
#5840=LINE('154826',#5839,#5838);
#5841=DIRECTION('',(0.E0,-1.E0,0.E0));
#5842=VECTOR('',#5841,3.3E-1);
#5843=CARTESIAN_POINT('',(-2.625E0,4.E-1,-5.35E0));
#5844=LINE('154392',#5843,#5842);
#5845=DIRECTION('',(0.E0,5.210304593902E-2,9.986417138313E-1));
#5846=VECTOR('',#5845,1.151564153662E0);
#5847=CARTESIAN_POINT('',(-2.625E0,1.000000000001E-2,-6.5E0));
#5848=LINE('154390',#5847,#5846);
#5849=DIRECTION('',(0.E0,1.E0,-8.289665250535E-13));
#5850=VECTOR('',#5849,3.E-1);
#5851=CARTESIAN_POINT('',(-2.625E0,1.000000000001E-2,-6.5E0));
#5852=LINE('154388',#5851,#5850);
#5853=DIRECTION('',(0.E0,-5.367252427910E-2,-9.985585912391E-1));
#5854=VECTOR('',#5853,8.011547915353E-1);
#5855=CARTESIAN_POINT('',(-2.625E0,3.53E-1,-5.7E0));
#5856=LINE('154385',#5855,#5854);
#5857=DIRECTION('',(0.E0,1.E0,3.348700538313E-14));
#5858=VECTOR('',#5857,1.724E0);
#5859=CARTESIAN_POINT('',(-2.625E0,3.53E-1,-5.7E0));
#5860=LINE('154402',#5859,#5858);
#5861=DIRECTION('',(0.E0,1.E0,0.E0));
#5862=VECTOR('',#5861,5.E-2);
#5863=CARTESIAN_POINT('',(-2.625E0,7.5E-1,-3.E0));
#5864=LINE('155130',#5863,#5862);
#5865=DIRECTION('',(0.E0,0.E0,1.E0));
#5866=VECTOR('',#5865,3.5E-1);
#5867=CARTESIAN_POINT('',(-2.625E0,8.E-1,-3.35E0));
#5868=LINE('155165',#5867,#5866);
#5869=DIRECTION('',(-1.426310050460E-13,0.E0,-1.E0));
#5870=VECTOR('',#5869,8.499999999999E-1);
#5871=CARTESIAN_POINT('',(-2.375E0,2.077E0,-4.85E0));
#5872=LINE('154677',#5871,#5870);
#5873=DIRECTION('',(0.E0,1.E0,3.348700538313E-14));
#5874=VECTOR('',#5873,1.724E0);
#5875=CARTESIAN_POINT('',(-2.375E0,3.53E-1,-5.7E0));
#5876=LINE('154383',#5875,#5874);
#5877=DIRECTION('',(-1.E0,0.E0,0.E0));
#5878=VECTOR('',#5877,2.499999999998E-1);
#5879=CARTESIAN_POINT('',(-2.375E0,2.077E0,-5.7E0));
#5880=LINE('154401',#5879,#5878);
#5881=DIRECTION('',(1.E0,0.E0,0.E0));
#5882=VECTOR('',#5881,2.499999999998E-1);
#5883=CARTESIAN_POINT('',(-2.625E0,3.53E-1,-5.7E0));
#5884=LINE('154386',#5883,#5882);
#5885=DIRECTION('',(0.E0,1.E0,-8.289665250535E-13));
#5886=VECTOR('',#5885,3.E-1);
#5887=CARTESIAN_POINT('',(-2.375E0,1.000000000001E-2,-6.5E0));
#5888=LINE('154377',#5887,#5886);
#5889=DIRECTION('',(-1.E0,0.E0,0.E0));
#5890=VECTOR('',#5889,2.499999999998E-1);
#5891=CARTESIAN_POINT('',(-2.375E0,3.1E-1,-6.5E0));
#5892=LINE('154384',#5891,#5890);
#5893=DIRECTION('',(-1.E0,0.E0,0.E0));
#5894=VECTOR('',#5893,2.499999999998E-1);
#5895=CARTESIAN_POINT('',(-2.375E0,1.000000000001E-2,-6.5E0));
#5896=LINE('154387',#5895,#5894);
#5897=DIRECTION('',(0.E0,-1.E0,0.E0));
#5898=VECTOR('',#5897,3.3E-1);
#5899=CARTESIAN_POINT('',(-2.375E0,4.E-1,-5.35E0));
#5900=LINE('154379',#5899,#5898);
#5901=DIRECTION('',(-1.E0,0.E0,0.E0));
#5902=VECTOR('',#5901,2.499999999998E-1);
#5903=CARTESIAN_POINT('',(-2.375E0,7.E-2,-5.35E0));
#5904=LINE('154389',#5903,#5902);
#5905=DIRECTION('',(-2.424727085781E-13,0.E0,-1.E0));
#5906=VECTOR('',#5905,5.E-1);
#5907=CARTESIAN_POINT('',(-2.375E0,4.E-1,-4.85E0));
#5908=LINE('154822',#5907,#5906);
#5909=DIRECTION('',(-1.E0,0.E0,0.E0));
#5910=VECTOR('',#5909,2.499999999998E-1);
#5911=CARTESIAN_POINT('',(-2.375E0,4.E-1,-5.35E0));
#5912=LINE('154391',#5911,#5910);
#5913=DIRECTION('',(-1.E0,0.E0,0.E0));
#5914=VECTOR('',#5913,2.499999999998E-1);
#5915=CARTESIAN_POINT('',(-2.375E0,1.288998340685E0,-4.901735931288E0));
#5916=LINE('154394',#5915,#5914);
#5917=DIRECTION('',(0.E0,-1.E0,-3.741623217E-13));
#5918=VECTOR('',#5917,4.889983406852E-1);
#5919=CARTESIAN_POINT('',(-2.375E0,1.288998340685E0,-4.901735931288E0));
#5920=LINE('154380',#5919,#5918);
#5921=DIRECTION('',(-1.E0,0.E0,0.E0));
#5922=VECTOR('',#5921,2.499999999998E-1);
#5923=CARTESIAN_POINT('',(-2.375E0,8.E-1,-4.901735931288E0));
#5924=LINE('154393',#5923,#5922);
#5925=DIRECTION('',(2.343368550071E-12,6.008637307875E-14,1.E0));
#5926=VECTOR('',#5925,5.173593128805E-2);
#5927=CARTESIAN_POINT('',(-2.375E0,8.E-1,-4.901735931288E0));
#5928=LINE('154823',#5927,#5926);
#5929=DIRECTION('',(1.E0,0.E0,0.E0));
#5930=VECTOR('',#5929,2.5E-1);
#5931=CARTESIAN_POINT('',(-2.625E0,8.E-1,-3.E0));
#5932=LINE('155129',#5931,#5930);
#5933=DIRECTION('',(0.E0,0.E0,1.E0));
#5934=VECTOR('',#5933,3.5E-1);
#5935=CARTESIAN_POINT('',(-2.375E0,8.E-1,-3.35E0));
#5936=LINE('155164',#5935,#5934);
#5937=DIRECTION('',(4.899793391789E-13,5.932532547126E-2,-9.982387017932E-1));
#5938=VECTOR('',#5937,2.487910782282E-1);
#5939=CARTESIAN_POINT('',(-1.375E0,1.9E0,-7.516471170518E-1));
#5940=LINE('154680',#5939,#5938);
#5941=DIRECTION('',(-7.356877109091E-14,-2.008738855767E-2,9.997982280545E-1));
#5942=VECTOR('',#5941,1.653968683921E0);
#5943=CARTESIAN_POINT('',(-1.375E0,1.687137163671E0,-3.35E0));
#5944=LINE('154855',#5943,#5942);
#5945=DIRECTION('',(0.E0,-8.660254037841E-1,5.000000000006E-1));
#5946=VECTOR('',#5945,2.927300811163E-1);
#5947=CARTESIAN_POINT('',(-1.375E0,1.653913252054E0,-1.696365040558E0));
#5948=LINE('154354',#5947,#5946);
#5949=DIRECTION('',(0.E0,5.304782741328E-1,8.476985317157E-1));
#5950=VECTOR('',#5949,9.417886820355E-1);
#5951=CARTESIAN_POINT('',(-1.375E0,1.400401565356E0,-1.55E0));
#5952=LINE('154355',#5951,#5950);
#5953=DIRECTION('',(0.E0,-5.367252427910E-2,-9.985585912391E-1));
#5954=VECTOR('',#5953,8.011547915353E-1);
#5955=CARTESIAN_POINT('',(-1.375E0,3.53E-1,-5.7E0));
#5956=LINE('154349',#5955,#5954);
#5957=DIRECTION('',(0.E0,5.210304593902E-2,9.986417138313E-1));
#5958=VECTOR('',#5957,1.151564153662E0);
#5959=CARTESIAN_POINT('',(-1.375E0,1.000000000001E-2,-6.5E0));
#5960=LINE('154351',#5959,#5958);
#5961=DIRECTION('',(1.904603657887E-12,5.887408568086E-1,8.083218440227E-1));
#5962=VECTOR('',#5961,6.400412369212E-2);
#5963=CARTESIAN_POINT('',(-1.375E0,1.288998340685E0,-4.901735931288E0));
#5964=LINE('154854',#5963,#5962);
#5965=DIRECTION('',(0.E0,1.E0,0.E0));
#5966=VECTOR('',#5965,5.E-2);
#5967=CARTESIAN_POINT('',(-1.375E0,7.5E-1,-3.E0));
#5968=LINE('155131',#5967,#5966);
#5969=DIRECTION('',(-1.E0,0.E0,0.E0));
#5970=VECTOR('',#5969,2.499999999998E-1);
#5971=CARTESIAN_POINT('',(-1.375E0,1.9E0,-7.516471170518E-1));
#5972=LINE('154372',#5971,#5970);
#5973=DIRECTION('',(-1.E0,0.E0,0.E0));
#5974=VECTOR('',#5973,2.499999999998E-1);
#5975=CARTESIAN_POINT('',(-1.375E0,1.400401565356E0,-1.55E0));
#5976=LINE('154370',#5975,#5974);
#5977=DIRECTION('',(-1.E0,0.E0,0.E0));
#5978=VECTOR('',#5977,2.499999999998E-1);
#5979=CARTESIAN_POINT('',(-1.375E0,1.653913252054E0,-1.696365040558E0));
#5980=LINE('154369',#5979,#5978);
#5981=DIRECTION('',(-4.926568219067E-13,5.932532547126E-2,-9.982387017932E-1));
#5982=VECTOR('',#5981,2.487910782282E-1);
#5983=CARTESIAN_POINT('',(-1.625E0,1.9E0,-7.516471170518E-1));
#5984=LINE('154682',#5983,#5982);
#5985=DIRECTION('',(0.E0,5.304782741328E-1,8.476985317157E-1));
#5986=VECTOR('',#5985,9.417886820355E-1);
#5987=CARTESIAN_POINT('',(-1.625E0,1.400401565356E0,-1.55E0));
#5988=LINE('154373',#5987,#5986);
#5989=DIRECTION('',(0.E0,-8.660254037841E-1,5.000000000006E-1));
#5990=VECTOR('',#5989,2.927300811163E-1);
#5991=CARTESIAN_POINT('',(-1.625E0,1.653913252054E0,-1.696365040558E0));
#5992=LINE('154371',#5991,#5990);
#5993=DIRECTION('',(7.464276774917E-14,-2.008738855767E-2,9.997982280545E-1));
#5994=VECTOR('',#5993,1.653968683921E0);
#5995=CARTESIAN_POINT('',(-1.625E0,1.687137163671E0,-3.35E0));
#5996=LINE('154859',#5995,#5994);
#5997=DIRECTION('',(1.449820655687E-13,0.E0,-1.E0));
#5998=VECTOR('',#5997,8.499999999999E-1);
#5999=CARTESIAN_POINT('',(-1.625E0,2.077E0,-4.85E0));
#6000=LINE('154683',#5999,#5998);
#6001=DIRECTION('',(-1.925418998410E-12,5.887408568086E-1,8.083218440227E-1));
#6002=VECTOR('',#6001,6.400412369212E-2);
#6003=CARTESIAN_POINT('',(-1.625E0,1.288998340685E0,-4.901735931288E0));
#6004=LINE('154858',#6003,#6002);
#6005=DIRECTION('',(0.E0,-1.E0,-3.741623217E-13));
#6006=VECTOR('',#6005,4.889983406852E-1);
#6007=CARTESIAN_POINT('',(-1.625E0,1.288998340685E0,-4.901735931288E0));
#6008=LINE('154368',#6007,#6006);
#6009=DIRECTION('',(-2.381995504193E-12,6.008637307875E-14,1.E0));
#6010=VECTOR('',#6009,5.173593128805E-2);
#6011=CARTESIAN_POINT('',(-1.625E0,8.E-1,-4.901735931288E0));
#6012=LINE('154857',#6011,#6010);
#6013=DIRECTION('',(2.464695114668E-13,0.E0,-1.E0));
#6014=VECTOR('',#6013,5.E-1);
#6015=CARTESIAN_POINT('',(-1.625E0,4.E-1,-4.85E0));
#6016=LINE('154856',#6015,#6014);
#6017=DIRECTION('',(0.E0,-1.E0,0.E0));
#6018=VECTOR('',#6017,3.3E-1);
#6019=CARTESIAN_POINT('',(-1.625E0,4.E-1,-5.35E0));
#6020=LINE('154365',#6019,#6018);
#6021=DIRECTION('',(0.E0,5.210304593902E-2,9.986417138313E-1));
#6022=VECTOR('',#6021,1.151564153662E0);
#6023=CARTESIAN_POINT('',(-1.625E0,1.000000000001E-2,-6.5E0));
#6024=LINE('154363',#6023,#6022);
#6025=DIRECTION('',(0.E0,1.E0,-8.289665250535E-13));
#6026=VECTOR('',#6025,3.E-1);
#6027=CARTESIAN_POINT('',(-1.625E0,1.000000000001E-2,-6.5E0));
#6028=LINE('154361',#6027,#6026);
#6029=DIRECTION('',(0.E0,-5.367252427910E-2,-9.985585912391E-1));
#6030=VECTOR('',#6029,8.011547915353E-1);
#6031=CARTESIAN_POINT('',(-1.625E0,3.53E-1,-5.7E0));
#6032=LINE('154358',#6031,#6030);
#6033=DIRECTION('',(0.E0,1.E0,3.348700538313E-14));
#6034=VECTOR('',#6033,1.724E0);
#6035=CARTESIAN_POINT('',(-1.625E0,3.53E-1,-5.7E0));
#6036=LINE('154375',#6035,#6034);
#6037=DIRECTION('',(0.E0,1.E0,0.E0));
#6038=VECTOR('',#6037,5.E-2);
#6039=CARTESIAN_POINT('',(-1.625E0,7.5E-1,-3.E0));
#6040=LINE('155133',#6039,#6038);
#6041=DIRECTION('',(0.E0,0.E0,1.E0));
#6042=VECTOR('',#6041,3.5E-1);
#6043=CARTESIAN_POINT('',(-1.625E0,8.E-1,-3.35E0));
#6044=LINE('155167',#6043,#6042);
#6045=DIRECTION('',(-1.434146918869E-13,0.E0,-1.E0));
#6046=VECTOR('',#6045,8.499999999999E-1);
#6047=CARTESIAN_POINT('',(-1.375E0,2.077E0,-4.85E0));
#6048=LINE('154681',#6047,#6046);
#6049=DIRECTION('',(0.E0,1.E0,3.348700538313E-14));
#6050=VECTOR('',#6049,1.724E0);
#6051=CARTESIAN_POINT('',(-1.375E0,3.53E-1,-5.7E0));
#6052=LINE('154356',#6051,#6050);
#6053=DIRECTION('',(-1.E0,0.E0,0.E0));
#6054=VECTOR('',#6053,2.499999999998E-1);
#6055=CARTESIAN_POINT('',(-1.375E0,2.077E0,-5.7E0));
#6056=LINE('154374',#6055,#6054);
#6057=DIRECTION('',(1.E0,0.E0,0.E0));
#6058=VECTOR('',#6057,2.499999999998E-1);
#6059=CARTESIAN_POINT('',(-1.625E0,3.53E-1,-5.7E0));
#6060=LINE('154359',#6059,#6058);
#6061=DIRECTION('',(0.E0,1.E0,-8.289665250535E-13));
#6062=VECTOR('',#6061,3.E-1);
#6063=CARTESIAN_POINT('',(-1.375E0,1.000000000001E-2,-6.5E0));
#6064=LINE('154350',#6063,#6062);
#6065=DIRECTION('',(-1.E0,0.E0,0.E0));
#6066=VECTOR('',#6065,2.499999999998E-1);
#6067=CARTESIAN_POINT('',(-1.375E0,3.1E-1,-6.5E0));
#6068=LINE('154357',#6067,#6066);
#6069=DIRECTION('',(-1.E0,0.E0,0.E0));
#6070=VECTOR('',#6069,2.499999999998E-1);
#6071=CARTESIAN_POINT('',(-1.375E0,1.000000000001E-2,-6.5E0));
#6072=LINE('154360',#6071,#6070);
#6073=DIRECTION('',(0.E0,-1.E0,0.E0));
#6074=VECTOR('',#6073,3.3E-1);
#6075=CARTESIAN_POINT('',(-1.375E0,4.E-1,-5.35E0));
#6076=LINE('154352',#6075,#6074);
#6077=DIRECTION('',(-1.E0,0.E0,0.E0));
#6078=VECTOR('',#6077,2.499999999998E-1);
#6079=CARTESIAN_POINT('',(-1.375E0,7.E-2,-5.35E0));
#6080=LINE('154362',#6079,#6078);
#6081=DIRECTION('',(-2.438049762077E-13,0.E0,-1.E0));
#6082=VECTOR('',#6081,5.E-1);
#6083=CARTESIAN_POINT('',(-1.375E0,4.E-1,-4.85E0));
#6084=LINE('154852',#6083,#6082);
#6085=DIRECTION('',(-1.E0,0.E0,0.E0));
#6086=VECTOR('',#6085,2.499999999998E-1);
#6087=CARTESIAN_POINT('',(-1.375E0,4.E-1,-5.35E0));
#6088=LINE('154364',#6087,#6086);
#6089=DIRECTION('',(-1.E0,0.E0,0.E0));
#6090=VECTOR('',#6089,2.499999999998E-1);
#6091=CARTESIAN_POINT('',(-1.375E0,1.288998340685E0,-4.901735931288E0));
#6092=LINE('154367',#6091,#6090);
#6093=DIRECTION('',(0.E0,-1.E0,-3.741623217E-13));
#6094=VECTOR('',#6093,4.889983406852E-1);
#6095=CARTESIAN_POINT('',(-1.375E0,1.288998340685E0,-4.901735931288E0));
#6096=LINE('154353',#6095,#6094);
#6097=DIRECTION('',(-1.E0,0.E0,0.E0));
#6098=VECTOR('',#6097,2.499999999998E-1);
#6099=CARTESIAN_POINT('',(-1.375E0,8.E-1,-4.901735931288E0));
#6100=LINE('154366',#6099,#6098);
#6101=DIRECTION('',(2.351952317654E-12,6.008637307875E-14,1.E0));
#6102=VECTOR('',#6101,5.173593128805E-2);
#6103=CARTESIAN_POINT('',(-1.375E0,8.E-1,-4.901735931288E0));
#6104=LINE('154853',#6103,#6102);
#6105=DIRECTION('',(1.E0,0.E0,0.E0));
#6106=VECTOR('',#6105,2.5E-1);
#6107=CARTESIAN_POINT('',(-1.625E0,8.E-1,-3.E0));
#6108=LINE('155132',#6107,#6106);
#6109=DIRECTION('',(0.E0,0.E0,1.E0));
#6110=VECTOR('',#6109,3.5E-1);
#6111=CARTESIAN_POINT('',(-1.375E0,8.E-1,-3.35E0));
#6112=LINE('155166',#6111,#6110);
#6113=DIRECTION('',(-2.439159985102E-13,0.E0,-1.E0));
#6114=VECTOR('',#6113,5.E-1);
#6115=CARTESIAN_POINT('',(-3.75E-1,4.E-1,-4.85E0));
#6116=LINE('154882',#6115,#6114);
#6117=DIRECTION('',(-1.E0,0.E0,0.E0));
#6118=VECTOR('',#6117,2.499999999998E-1);
#6119=CARTESIAN_POINT('',(-3.750000000001E-1,4.E-1,-5.35E0));
#6120=LINE('154337',#6119,#6118);
#6121=DIRECTION('',(0.E0,-1.E0,0.E0));
#6122=VECTOR('',#6121,3.3E-1);
#6123=CARTESIAN_POINT('',(-3.750000000001E-1,4.E-1,-5.35E0));
#6124=LINE('154325',#6123,#6122);
#6125=DIRECTION('',(-1.E0,0.E0,0.E0));
#6126=VECTOR('',#6125,2.499999999998E-1);
#6127=CARTESIAN_POINT('',(-3.750000000001E-1,7.E-2,-5.35E0));
#6128=LINE('154335',#6127,#6126);
#6129=DIRECTION('',(-1.E0,0.E0,0.E0));
#6130=VECTOR('',#6129,2.499999999998E-1);
#6131=CARTESIAN_POINT('',(-3.750000000001E-1,1.000000000001E-2,-6.5E0));
#6132=LINE('154333',#6131,#6130);
#6133=DIRECTION('',(0.E0,1.E0,-8.289665250535E-13));
#6134=VECTOR('',#6133,3.E-1);
#6135=CARTESIAN_POINT('',(-3.750000000001E-1,1.000000000001E-2,-6.5E0));
#6136=LINE('154323',#6135,#6134);
#6137=DIRECTION('',(-1.E0,0.E0,0.E0));
#6138=VECTOR('',#6137,2.499999999998E-1);
#6139=CARTESIAN_POINT('',(-3.750000000001E-1,3.1E-1,-6.5E0));
#6140=LINE('154330',#6139,#6138);
#6141=DIRECTION('',(0.E0,1.E0,3.348700538313E-14));
#6142=VECTOR('',#6141,1.724E0);
#6143=CARTESIAN_POINT('',(-3.750000000001E-1,3.53E-1,-5.7E0));
#6144=LINE('154329',#6143,#6142);
#6145=DIRECTION('',(-1.E0,0.E0,0.E0));
#6146=VECTOR('',#6145,2.499999999998E-1);
#6147=CARTESIAN_POINT('',(-3.750000000001E-1,2.077E0,-5.7E0));
#6148=LINE('154347',#6147,#6146);
#6149=DIRECTION('',(1.E0,0.E0,0.E0));
#6150=VECTOR('',#6149,2.499999999998E-1);
#6151=CARTESIAN_POINT('',(-6.249999999999E-1,3.53E-1,-5.7E0));
#6152=LINE('154332',#6151,#6150);
#6153=DIRECTION('',(2.357317172393E-12,6.008637307875E-14,1.E0));
#6154=VECTOR('',#6153,5.173593128805E-2);
#6155=CARTESIAN_POINT('',(-3.750000000001E-1,8.E-1,-4.901735931288E0));
#6156=LINE('154883',#6155,#6154);
#6157=DIRECTION('',(1.E0,0.E0,0.E0));
#6158=VECTOR('',#6157,2.5E-1);
#6159=CARTESIAN_POINT('',(-6.25E-1,8.E-1,-3.E0));
#6160=LINE('155135',#6159,#6158);
#6161=DIRECTION('',(0.E0,0.E0,1.E0));
#6162=VECTOR('',#6161,3.5E-1);
#6163=CARTESIAN_POINT('',(-3.75E-1,8.E-1,-3.35E0));
#6164=LINE('155168',#6163,#6162);
#6165=DIRECTION('',(0.E0,-1.E0,-3.741623217E-13));
#6166=VECTOR('',#6165,4.889983406852E-1);
#6167=CARTESIAN_POINT('',(-3.750000000001E-1,1.288998340685E0,
-4.901735931288E0));
#6168=LINE('154326',#6167,#6166);
#6169=DIRECTION('',(-1.E0,0.E0,0.E0));
#6170=VECTOR('',#6169,2.499999999998E-1);
#6171=CARTESIAN_POINT('',(-3.750000000001E-1,8.E-1,-4.901735931288E0));
#6172=LINE('154339',#6171,#6170);
#6173=DIRECTION('',(-1.E0,0.E0,0.E0));
#6174=VECTOR('',#6173,2.499999999998E-1);
#6175=CARTESIAN_POINT('',(-3.750000000001E-1,1.288998340685E0,
-4.901735931288E0));
#6176=LINE('154340',#6175,#6174);
#6177=DIRECTION('',(0.E0,0.E0,1.E0));
#6178=VECTOR('',#6177,3.5E-1);
#6179=CARTESIAN_POINT('',(-8.25E0,1.300401565356E0,-3.35E0));
#6180=LINE('158689',#6179,#6178);
#6181=DIRECTION('',(0.E0,1.E0,0.E0));
#6182=VECTOR('',#6181,5.504015653560E-1);
#6183=CARTESIAN_POINT('',(-8.25E0,7.5E-1,-3.35E0));
#6184=LINE('158690',#6183,#6182);
#6185=DIRECTION('',(0.E0,0.E0,-1.E0));
#6186=VECTOR('',#6185,3.5E-1);
#6187=CARTESIAN_POINT('',(-8.25E0,7.5E-1,-3.E0));
#6188=LINE('157742',#6187,#6186);
#6189=DIRECTION('',(0.E0,-1.E0,0.E0));
#6190=VECTOR('',#6189,5.504015653560E-1);
#6191=CARTESIAN_POINT('',(-8.25E0,1.300401565356E0,-3.E0));
#6192=LINE('158695',#6191,#6190);
#6193=DIRECTION('',(0.E0,7.722408389664E-4,-9.999997018220E-1));
#6194=VECTOR('',#6193,2.600000775259E-1);
#6195=CARTESIAN_POINT('',(-8.65E0,1.3E0,-1.34E0));
#6196=LINE('158688',#6195,#6194);
#6197=DIRECTION('',(-9.999979843219E-1,-2.007822732869E-3,0.E0));
#6198=VECTOR('',#6197,1.000002015682E-1);
#6199=CARTESIAN_POINT('',(-8.65E0,1.300200782678E0,-1.6E0));
#6200=LINE('158696',#6199,#6198);
#6201=DIRECTION('',(0.E0,0.E0,-1.E0));
#6202=VECTOR('',#6201,4.E-1);
#6203=CARTESIAN_POINT('',(-8.75E0,1.3E0,-1.2E0));
#6204=LINE('158474',#6203,#6202);
#6205=DIRECTION('',(1.E0,2.116825233683E-12,-2.309263891290E-12));
#6206=VECTOR('',#6205,2.999999999909E-2);
#6207=CARTESIAN_POINT('',(-8.75E0,1.3E0,-1.2E0));
#6208=LINE('158477',#6207,#6206);
#6209=DIRECTION('',(-4.472135955038E-1,4.057170101861E-13,8.944271909980E-1));
#6210=VECTOR('',#6209,1.565247584257E-1);
#6211=CARTESIAN_POINT('',(-8.65E0,1.3E0,-1.34E0));
#6212=LINE('158692',#6211,#6210);
#6213=DIRECTION('',(-9.999998380339E-1,-5.691504797652E-4,0.E0));
#6214=VECTOR('',#6213,3.527760849521E-1);
#6215=CARTESIAN_POINT('',(-8.297223972186E0,1.300401565356E0,-1.6E0));
#6216=LINE('158686',#6215,#6214);
#6217=DIRECTION('',(0.E0,1.E0,0.E0));
#6218=VECTOR('',#6217,5.504015653560E-1);
#6219=CARTESIAN_POINT('',(-8.297223972186E0,7.5E-1,-1.6E0));
#6220=LINE('158694',#6219,#6218);
#6221=DIRECTION('',(1.E0,0.E0,0.E0));
#6222=VECTOR('',#6221,4.527760278143E-1);
#6223=CARTESIAN_POINT('',(-8.75E0,7.5E-1,-1.6E0));
#6224=LINE('158479',#6223,#6222);
#6225=DIRECTION('',(0.E0,1.E0,0.E0));
#6226=VECTOR('',#6225,5.5E-1);
#6227=CARTESIAN_POINT('',(-8.75E0,7.5E-1,-1.6E0));
#6228=LINE('158473',#6227,#6226);
#6229=DIRECTION('',(1.562895159362E-12,1.E0,7.674931586153E-14));
#6230=VECTOR('',#6229,7.001338551187E-1);
#6231=CARTESIAN_POINT('',(-8.209060481833E0,6.002677102373E-1,-1.1E0));
#6232=LINE('157427',#6231,#6230);
#6233=DIRECTION('',(-2.260579524266E-11,-1.E0,9.389554450323E-13));
#6234=VECTOR('',#6233,5.013385511864E-2);
#6235=CARTESIAN_POINT('',(-8.226693179901E0,6.504015653559E-1,-1.2E0));
#6236=LINE('157408',#6235,#6234);
#6237=DIRECTION('',(0.E0,1.E0,0.E0));
#6238=VECTOR('',#6237,1.E0);
#6239=CARTESIAN_POINT('',(-8.65E0,1.300401565356E0,-1.1E0));
#6240=LINE('157424',#6239,#6238);
#6241=DIRECTION('',(-1.E0,0.E0,0.E0));
#6242=VECTOR('',#6241,6.899999999989E-1);
#6243=CARTESIAN_POINT('',(-8.65E0,2.300401565356E0,-1.1E0));
#6244=LINE('157423',#6243,#6242);
#6245=DIRECTION('',(-1.E0,0.E0,7.332002042234E-13));
#6246=VECTOR('',#6245,4.409395181679E-1);
#6247=CARTESIAN_POINT('',(-8.209060481832E0,1.300401565356E0,-1.1E0));
#6248=LINE('157405',#6247,#6246);
#6249=DIRECTION('',(-3.714200664201E-14,0.E0,-1.E0));
#6250=VECTOR('',#6249,1.1E0);
#6251=CARTESIAN_POINT('',(-8.65E0,2.300401565356E0,0.E0));
#6252=LINE('157422',#6251,#6250);
#6253=DIRECTION('',(3.552713678801E-14,0.E0,1.E0));
#6254=VECTOR('',#6253,1.1E0);
#6255=CARTESIAN_POINT('',(-8.65E0,1.300401565356E0,-1.1E0));
#6256=LINE('157406',#6255,#6254);
#6257=DIRECTION('',(0.E0,1.E0,0.E0));
#6258=VECTOR('',#6257,1.E0);
#6259=CARTESIAN_POINT('',(-8.65E0,1.300401565356E0,0.E0));
#6260=LINE('157398',#6259,#6258);
#6261=DIRECTION('',(1.E0,0.E0,-7.505107646466E-13));
#6262=VECTOR('',#6261,4.E-1);
#6263=CARTESIAN_POINT('',(-1.07E1,2.300401565356E0,-1.199999999999E0));
#6264=LINE('157602',#6263,#6262);
#6265=DIRECTION('',(-1.E0,0.E0,0.E0));
#6266=VECTOR('',#6265,2.05E0);
#6267=CARTESIAN_POINT('',(-8.65E0,2.300401565356E0,0.E0));
#6268=LINE('157399',#6267,#6266);
#6269=DIRECTION('',(0.E0,-1.E0,0.E0));
#6270=VECTOR('',#6269,1.700401565356E0);
#6271=CARTESIAN_POINT('',(-9.34E0,2.300401565356E0,-1.2E0));
#6272=LINE('158469',#6271,#6270);
#6273=DIRECTION('',(1.E0,0.E0,-9.379071593448E-13));
#6274=VECTOR('',#6273,9.6E-1);
#6275=CARTESIAN_POINT('',(-1.03E1,2.300401565356E0,-1.199999999999E0));
#6276=LINE('157711',#6275,#6274);
#6277=DIRECTION('',(-1.E0,-3.478698810492E-14,0.E0));
#6278=VECTOR('',#6277,1.8E0);
#6279=CARTESIAN_POINT('',(-8.5E0,2.45E0,-1.2E0));
#6280=LINE('157476',#6279,#6278);
#6281=DIRECTION('',(1.E0,2.906765737188E-13,3.138903278700E-13));
#6282=VECTOR('',#6281,2.200000000009E-1);
#6283=CARTESIAN_POINT('',(-8.720000000001E0,1.8E0,-1.2E0));
#6284=LINE('157463',#6283,#6282);
#6285=DIRECTION('',(0.E0,1.E0,0.E0));
#6286=VECTOR('',#6285,4.999999999999E-1);
#6287=CARTESIAN_POINT('',(-8.720000000001E0,1.3E0,-1.2E0));
#6288=LINE('157520',#6287,#6286);
#6289=DIRECTION('',(0.E0,-1.E0,1.040437577363E-13));
#6290=VECTOR('',#6289,7.E-1);
#6291=CARTESIAN_POINT('',(-8.75E0,1.3E0,-1.2E0));
#6292=LINE('158481',#6291,#6290);
#6293=CARTESIAN_POINT('',(-9.34E0,6.E-1,-1.2E0));
#6294=CARTESIAN_POINT('',(-9.34E0,6.E-1,-1.166666397910E0));
#6295=CARTESIAN_POINT('',(-9.339999999998E0,6.002677102373E-1,
-1.133333602090E0));
#6296=CARTESIAN_POINT('',(-9.339999999998E0,6.002677102373E-1,-1.1E0));
#6298=DIRECTION('',(-6.457071150275E-13,1.E0,3.134500558386E-14));
#6299=VECTOR('',#6298,1.700133855119E0);
#6300=CARTESIAN_POINT('',(-9.339999999998E0,6.002677102373E-1,-1.1E0));
#6301=LINE('157425',#6300,#6299);
#6302=DIRECTION('',(-1.094235813071E-11,1.776356839400E-14,-1.E0));
#6303=VECTOR('',#6302,1.E-1);
#6304=CARTESIAN_POINT('',(-9.339999999999E0,2.300401565356E0,-1.1E0));
#6305=LINE('157603',#6304,#6303);
#6306=DIRECTION('',(0.E0,1.E0,-8.487267405842E-13));
#6307=VECTOR('',#6306,2.004015653560E-1);
#6308=CARTESIAN_POINT('',(-1.03E1,2.1E0,-1.199999999999E0));
#6309=LINE('157713',#6308,#6307);
#6310=DIRECTION('',(0.E0,-2.220446049250E-14,-1.E0));
#6311=VECTOR('',#6310,2.8E0);
#6312=CARTESIAN_POINT('',(-1.03E1,2.45E0,-1.2E0));
#6313=LINE('157475',#6312,#6311);
#6314=DIRECTION('',(-8.311917103543E-14,1.E0,-6.020202816423E-12));
#6315=VECTOR('',#6314,1.495984346439E-1);
#6316=CARTESIAN_POINT('',(-1.03E1,2.300401565356E0,-1.199999999999E0));
#6317=LINE('157761',#6316,#6315);
#6318=DIRECTION('',(0.E0,0.E0,-1.E0));
#6319=VECTOR('',#6318,2.900000000001E0);
#6320=CARTESIAN_POINT('',(-1.02E1,2.1E0,-1.199999999999E0));
#6321=LINE('158455',#6320,#6319);
#6322=DIRECTION('',(7.071067811863E-1,-8.855321466973E-13,-7.071067811868E-1));
#6323=VECTOR('',#6322,1.414213562374E-1);
#6324=CARTESIAN_POINT('',(-1.03E1,2.1E0,-4.E0));
#6325=LINE('158459',#6324,#6323);
#6326=DIRECTION('',(0.E0,-4.456752427422E-14,1.E0));
#6327=VECTOR('',#6326,2.800000000001E0);
#6328=CARTESIAN_POINT('',(-1.03E1,2.1E0,-4.E0));
#6329=LINE('157763',#6328,#6327);
#6330=DIRECTION('',(-1.E0,0.E0,0.E0));
#6331=VECTOR('',#6330,1.E-1);
#6332=CARTESIAN_POINT('',(-1.02E1,2.1E0,-1.199999999999E0));
#6333=LINE('158462',#6332,#6331);
#6334=DIRECTION('',(-6.090366306519E-14,1.E0,0.E0));
#6335=VECTOR('',#6334,3.499999999998E-1);
#6336=CARTESIAN_POINT('',(-1.03E1,2.1E0,-4.E0));
#6337=LINE('157524',#6336,#6335);
#6338=DIRECTION('',(0.E0,-1.E0,-1.911539982085E-13));
#6339=VECTOR('',#6338,2.230273211398E-1);
#6340=CARTESIAN_POINT('',(-1.02E1,2.1E0,-4.1E0));
#6341=LINE('158464',#6340,#6339);
#6342=DIRECTION('',(-4.242000847864E-13,-1.E0,0.E0));
#6343=VECTOR('',#6342,6.700071605293E-1);
#6344=CARTESIAN_POINT('',(-9.25E0,2.45E0,-4.65E0));
#6345=LINE('158467',#6344,#6343);
#6346=DIRECTION('',(-1.E0,-1.554312234473E-13,-1.110223024624E-14));
#6347=VECTOR('',#6346,4.000000000006E-1);
#6348=CARTESIAN_POINT('',(-9.25E0,2.45E0,-4.65E0));
#6349=LINE('157473',#6348,#6347);
#6350=DIRECTION('',(6.389513777096E-13,1.E0,-2.187281687180E-13));
#6351=VECTOR('',#6350,6.700071605292E-1);
#6352=CARTESIAN_POINT('',(-9.650000000001E0,1.779992839471E0,-4.65E0));
#6353=LINE('158468',#6352,#6351);
#6354=DIRECTION('',(0.E0,1.736481776667E-1,9.848077530122E-1));
#6355=VECTOR('',#6354,3.046279835658E-1);
#6356=CARTESIAN_POINT('',(-9.25E0,1.727094745258E0,-4.95E0));
#6357=LINE('158460',#6356,#6355);
#6358=DIRECTION('',(0.E0,-1.E0,0.E0));
#6359=VECTOR('',#6358,1.090296156476E0);
#6360=CARTESIAN_POINT('',(-9.25E0,1.727094745258E0,-4.95E0));
#6361=LINE('157691',#6360,#6359);
#6362=DIRECTION('',(0.E0,-3.420201433256E-1,9.396926207859E-1));
#6363=VECTOR('',#6362,1.064177772477E-1);
#6364=CARTESIAN_POINT('',(-9.25E0,6.367985887825E-1,-4.95E0));
#6365=LINE('157688',#6364,#6363);
#6366=DIRECTION('',(0.E0,0.E0,1.E0));
#6367=VECTOR('',#6366,2.E-1);
#6368=CARTESIAN_POINT('',(-9.25E0,6.004015653559E-1,-4.85E0));
#6369=LINE('157689',#6368,#6367);
#6370=DIRECTION('',(2.540190280342E-12,-1.E0,0.E0));
#6371=VECTOR('',#6370,1.E-1);
#6372=CARTESIAN_POINT('',(-9.25E0,3.5E-1,-4.8E0));
#6373=LINE('157450',#6372,#6371);
#6374=DIRECTION('',(-2.540190280342E-12,-1.E0,0.E0));
#6375=VECTOR('',#6374,1.E-1);
#6376=CARTESIAN_POINT('',(-9.25E0,2.45E0,-4.8E0));
#6377=LINE('157446',#6376,#6375);
#6378=DIRECTION('',(-1.894780628694E-12,4.144832625267E-13,-1.E0));
#6379=VECTOR('',#6378,1.5E-1);
#6380=CARTESIAN_POINT('',(-9.25E0,2.45E0,-4.65E0));
#6381=LINE('157472',#6380,#6379);
#6382=DIRECTION('',(7.016738431596E-1,-1.237240302064E-1,-7.016738431602E-1));
#6383=VECTOR('',#6382,7.838399640532E-1);
#6384=CARTESIAN_POINT('',(-1.02E1,1.876972678860E0,-4.1E0));
#6385=LINE('158456',#6384,#6383);
#6386=DIRECTION('',(-1.E0,4.207038091637E-13,3.585887216176E-13));
#6387=VECTOR('',#6386,6.613248654062E-1);
#6388=CARTESIAN_POINT('',(-9.538675134594E0,1.638931254904E0,-5.45E0));
#6389=LINE('157442',#6388,#6387);
#6390=DIRECTION('',(4.942704104074E-1,1.509537862401E-1,8.561014635050E-1));
#6391=VECTOR('',#6390,5.840429216803E-1);
#6392=CARTESIAN_POINT('',(-9.538675134594E0,1.638931254904E0,-5.45E0));
#6393=LINE('157605',#6392,#6391);
#6394=DIRECTION('',(-1.E0,0.E0,3.508304757809E-13));
#6395=VECTOR('',#6394,4.000000000007E-1);
#6396=CARTESIAN_POINT('',(-9.25E0,1.779992839471E0,-4.65E0));
#6397=LINE('158457',#6396,#6395);
#6398=DIRECTION('',(1.E0,-4.499146881719E-14,-3.585887216176E-13));
#6399=VECTOR('',#6398,6.613248654062E-1);
#6400=CARTESIAN_POINT('',(-1.02E1,8.187837059156E-1,-5.45E0));
#6401=LINE('157440',#6400,#6399);
#6402=DIRECTION('',(0.E0,-1.E0,1.245391983327E-13));
#6403=VECTOR('',#6402,8.201475489885E-1);
#6404=CARTESIAN_POINT('',(-1.02E1,1.638931254904E0,-5.45E0));
#6405=LINE('157439',#6404,#6403);
#6406=DIRECTION('',(4.768709627109E-1,-3.006265784831E-1,8.259647360709E-1));
#6407=VECTOR('',#6406,6.053527204789E-1);
#6408=CARTESIAN_POINT('',(-9.538675134594E0,8.187837059156E-1,-5.45E0));
#6409=LINE('157737',#6408,#6407);
#6410=DIRECTION('',(0.E0,-1.E0,1.245391983327E-13));
#6411=VECTOR('',#6410,8.201475489882E-1);
#6412=CARTESIAN_POINT('',(-9.538675134594E0,1.638931254904E0,-5.45E0));
#6413=LINE('157441',#6412,#6411);
#6414=DIRECTION('',(-1.E0,0.E0,0.E0));
#6415=VECTOR('',#6414,9.5E-1);
#6416=CARTESIAN_POINT('',(-9.25E0,6.004015653559E-1,-4.85E0));
#6417=LINE('157736',#6416,#6415);
#6418=DIRECTION('',(0.E0,-2.677102276725E-4,9.999999641656E-1));
#6419=VECTOR('',#6418,7.500000268758E-1);
#6420=CARTESIAN_POINT('',(-1.02E1,6.004015653559E-1,-4.85E0));
#6421=LINE('157734',#6420,#6419);
#6422=DIRECTION('',(7.071067576278E-1,2.581359788962E-4,-7.071067576278E-1));
#6423=VECTOR('',#6422,7.778174852198E-1);
#6424=CARTESIAN_POINT('',(-1.02E1,6.002007826779E-1,-4.1E0));
#6425=LINE('157708',#6424,#6423);
#6426=DIRECTION('',(-3.045183153258E-14,1.E0,0.E0));
#6427=VECTOR('',#6426,3.5E-1);
#6428=CARTESIAN_POINT('',(-1.03E1,2.5E-1,-4.E0));
#6429=LINE('157506',#6428,#6427);
#6430=DIRECTION('',(-7.908402654109E-13,-1.E0,-1.267372220210E-14));
#6431=VECTOR('',#6430,3.504015653559E-1);
#6432=CARTESIAN_POINT('',(-9.65E0,6.004015653559E-1,-4.65E0));
#6433=LINE('157759',#6432,#6431);
#6434=DIRECTION('',(1.E0,0.E0,0.E0));
#6435=VECTOR('',#6434,4.E-1);
#6436=CARTESIAN_POINT('',(-9.65E0,6.004015653559E-1,-4.65E0));
#6437=LINE('157707',#6436,#6435);
#6438=DIRECTION('',(1.E0,0.E0,1.110223024624E-14));
#6439=VECTOR('',#6438,4.000000000006E-1);
#6440=CARTESIAN_POINT('',(-9.65E0,2.5E-1,-4.65E0));
#6441=LINE('157503',#6440,#6439);
#6442=DIRECTION('',(-8.111182209342E-13,1.E0,0.E0));
#6443=VECTOR('',#6442,3.504015653559E-1);
#6444=CARTESIAN_POINT('',(-9.25E0,2.5E-1,-4.65E0));
#6445=LINE('157746',#6444,#6443);
#6446=DIRECTION('',(1.E0,0.E0,-1.121001888941E-13));
#6447=VECTOR('',#6446,5.150000000005E-1);
#6448=CARTESIAN_POINT('',(-9.25E0,3.5E-1,-4.8E0));
#6449=LINE('157449',#6448,#6447);
#6450=DIRECTION('',(3.756994715332E-12,0.E0,-1.E0));
#6451=VECTOR('',#6450,2.E-1);
#6452=CARTESIAN_POINT('',(-8.735E0,3.5E-1,-4.8E0));
#6453=LINE('157501',#6452,#6451);
#6454=DIRECTION('',(3.133774542064E-1,0.E0,9.496286491019E-1));
#6455=VECTOR('',#6454,5.265216044954E-1);
#6456=CARTESIAN_POINT('',(-8.9E0,3.5E-1,-5.5E0));
#6457=LINE('157502',#6456,#6455);
#6458=DIRECTION('',(-1.E0,0.E0,-5.269858623557E-13));
#6459=VECTOR('',#6458,2.999999999998E-1);
#6460=CARTESIAN_POINT('',(-8.9E0,3.5E-1,-5.5E0));
#6461=LINE('157495',#6460,#6459);
#6462=DIRECTION('',(2.873478855673E-1,0.E0,-9.578262852209E-1));
#6463=VECTOR('',#6462,1.740051084820E-1);
#6464=CARTESIAN_POINT('',(-9.25E0,3.5E-1,-5.333333333333E0));
#6465=LINE('157493',#6464,#6463);
#6466=DIRECTION('',(3.730349362740E-13,0.E0,1.E0));
#6467=VECTOR('',#6466,5.333333333333E-1);
#6468=CARTESIAN_POINT('',(-9.25E0,3.5E-1,-5.333333333333E0));
#6469=LINE('157479',#6468,#6467);
#6470=DIRECTION('',(0.E0,1.E0,0.E0));
#6471=VECTOR('',#6470,2.E0);
#6472=CARTESIAN_POINT('',(-8.735E0,3.5E-1,-4.8E0));
#6473=LINE('157448',#6472,#6471);
#6474=DIRECTION('',(3.756994715332E-12,-1.776356839401E-14,-1.E0));
#6475=VECTOR('',#6474,2.E-1);
#6476=CARTESIAN_POINT('',(-8.735E0,2.35E0,-4.8E0));
#6477=LINE('157498',#6476,#6475);
#6478=DIRECTION('',(1.E0,0.E0,-1.155494254754E-13));
#6479=VECTOR('',#6478,5.150000000005E-1);
#6480=CARTESIAN_POINT('',(-9.25E0,2.35E0,-4.8E0));
#6481=LINE('157447',#6480,#6479);
#6482=DIRECTION('',(3.663735981263E-13,0.E0,1.E0));
#6483=VECTOR('',#6482,5.333333333333E-1);
#6484=CARTESIAN_POINT('',(-9.25E0,2.35E0,-5.333333333333E0));
#6485=LINE('157491',#6484,#6483);
#6486=DIRECTION('',(2.873478855673E-1,0.E0,-9.578262852209E-1));
#6487=VECTOR('',#6486,1.740051084820E-1);
#6488=CARTESIAN_POINT('',(-9.25E0,2.35E0,-5.333333333333E0));
#6489=LINE('157494',#6488,#6487);
#6490=DIRECTION('',(-1.E0,0.E0,-5.269858623557E-13));
#6491=VECTOR('',#6490,2.999999999998E-1);
#6492=CARTESIAN_POINT('',(-8.9E0,2.35E0,-5.5E0));
#6493=LINE('157497',#6492,#6491);
#6494=DIRECTION('',(3.133774542064E-1,0.E0,9.496286491019E-1));
#6495=VECTOR('',#6494,5.265216044954E-1);
#6496=CARTESIAN_POINT('',(-8.9E0,2.35E0,-5.5E0));
#6497=LINE('157499',#6496,#6495);
#6498=DIRECTION('',(0.E0,1.E0,0.E0));
#6499=VECTOR('',#6498,2.E0);
#6500=CARTESIAN_POINT('',(-9.25E0,3.5E-1,-5.333333333333E0));
#6501=LINE('157478',#6500,#6499);
#6502=DIRECTION('',(0.E0,-1.E0,0.E0));
#6503=VECTOR('',#6502,2.E0);
#6504=CARTESIAN_POINT('',(-9.2E0,2.35E0,-5.5E0));
#6505=LINE('157492',#6504,#6503);
#6506=DIRECTION('',(0.E0,1.E0,0.E0));
#6507=VECTOR('',#6506,2.E0);
#6508=CARTESIAN_POINT('',(-8.734999999999E0,3.5E-1,-5.E0));
#6509=LINE('157500',#6508,#6507);
#6510=DIRECTION('',(0.E0,-1.E0,0.E0));
#6511=VECTOR('',#6510,2.E0);
#6512=CARTESIAN_POINT('',(-8.9E0,2.35E0,-5.5E0));
#6513=LINE('157496',#6512,#6511);
#6514=DIRECTION('',(-1.E0,-4.902744876745E-14,0.E0));
#6515=VECTOR('',#6514,1.25E0);
#6516=CARTESIAN_POINT('',(-8.E0,2.45E0,-4.8E0));
#6517=LINE('157445',#6516,#6515);
#6518=DIRECTION('',(0.E0,0.E0,-1.E0));
#6519=VECTOR('',#6518,4.8E0);
#6520=CARTESIAN_POINT('',(-8.E0,2.45E0,0.E0));
#6521=LINE('157471',#6520,#6519);
#6522=DIRECTION('',(1.E0,1.216804434989E-13,0.E0));
#6523=VECTOR('',#6522,5.E-1);
#6524=CARTESIAN_POINT('',(-8.5E0,2.45E0,0.E0));
#6525=LINE('157468',#6524,#6523);
#6526=DIRECTION('',(7.071067811864E-1,0.E0,-7.071067811867E-1));
#6527=VECTOR('',#6526,9.192388155423E-1);
#6528=CARTESIAN_POINT('',(-1.03E1,2.45E0,-4.E0));
#6529=LINE('157474',#6528,#6527);
#6530=CARTESIAN_POINT('',(-8.3E0,2.449756755458E0,-1.700797593633E0));
#6531=CARTESIAN_POINT('',(-8.344453485133E0,2.449756755458E0,
-1.700797593633E0));
#6532=CARTESIAN_POINT('',(-8.433319828824E0,2.450081081514E0,
-1.702621940389E0));
#6533=CARTESIAN_POINT('',(-8.566680171176E0,2.450081081514E0,
-1.702621940389E0));
#6534=CARTESIAN_POINT('',(-8.655546514867E0,2.449756755458E0,
-1.700797593633E0));
#6535=CARTESIAN_POINT('',(-8.7E0,2.449756755458E0,-1.700797593633E0));
#6537=DIRECTION('',(0.E0,-8.110307604912E-5,9.999999967111E-1));
#6538=VECTOR('',#6537,2.999202416231E0);
#6539=CARTESIAN_POINT('',(-8.3E0,2.45E0,-4.7E0));
#6540=LINE('158142',#6539,#6538);
#6541=DIRECTION('',(1.E0,0.E0,0.E0));
#6542=VECTOR('',#6541,4.E-1);
#6543=CARTESIAN_POINT('',(-8.7E0,2.45E0,-4.7E0));
#6544=LINE('157672',#6543,#6542);
#6545=DIRECTION('',(0.E0,-8.110307604912E-5,9.999999967111E-1));
#6546=VECTOR('',#6545,2.999202416231E0);
#6547=CARTESIAN_POINT('',(-8.7E0,2.45E0,-4.7E0));
#6548=LINE('158143',#6547,#6546);
#6549=DIRECTION('',(0.E0,1.323015771012E-14,-1.E0));
#6550=VECTOR('',#6549,4.8E0);
#6551=CARTESIAN_POINT('',(-8.E0,2.7E0,0.E0));
#6552=LINE('157470',#6551,#6550);
#6553=DIRECTION('',(0.E0,1.E0,0.E0));
#6554=VECTOR('',#6553,2.499999999998E-1);
#6555=CARTESIAN_POINT('',(-8.E0,2.45E0,0.E0));
#6556=LINE('157467',#6555,#6554);
#6557=DIRECTION('',(0.E0,-1.E0,0.E0));
#6558=VECTOR('',#6557,2.499999999999E-1);
#6559=CARTESIAN_POINT('',(-8.E0,2.7E0,-4.8E0));
#6560=LINE('157444',#6559,#6558);
#6561=DIRECTION('',(1.184237892934E-14,0.E0,-1.E0));
#6562=VECTOR('',#6561,1.2E0);
#6563=CARTESIAN_POINT('',(-8.5E0,2.45E0,0.E0));
#6564=LINE('157477',#6563,#6562);
#6565=DIRECTION('',(0.E0,1.E0,0.E0));
#6566=VECTOR('',#6565,2.499999999999E-1);
#6567=CARTESIAN_POINT('',(-8.5E0,2.2E0,0.E0));
#6568=LINE('157469',#6567,#6566);
#6569=DIRECTION('',(0.E0,1.265654248073E-13,1.E0));
#6570=VECTOR('',#6569,1.E0);
#6571=CARTESIAN_POINT('',(-8.5E0,2.2E0,-1.E0));
#6572=LINE('157466',#6571,#6570);
#6573=DIRECTION('',(0.E0,1.E0,0.E0));
#6574=VECTOR('',#6573,3.999999999999E-1);
#6575=CARTESIAN_POINT('',(-8.5E0,1.8E0,-1.E0));
#6576=LINE('157465',#6575,#6574);
#6577=DIRECTION('',(-7.105427357601E-14,3.141931159689E-13,1.E0));
#6578=VECTOR('',#6577,2.E-1);
#6579=CARTESIAN_POINT('',(-8.5E0,1.8E0,-1.2E0));
#6580=LINE('157464',#6579,#6578);
#6581=DIRECTION('',(0.E0,-1.E0,0.E0));
#6582=VECTOR('',#6581,6.5E-1);
#6583=CARTESIAN_POINT('',(-8.5E0,2.45E0,-1.2E0));
#6584=LINE('157521',#6583,#6582);
#6585=DIRECTION('',(0.E0,-3.344227456960E-1,9.424231677761E-1));
#6586=VECTOR('',#6585,3.692707724689E-1);
#6587=CARTESIAN_POINT('',(-8.7E0,2.573249301093E0,-2.048806924791E0));
#6588=LINE('158136',#6587,#6586);
#6589=DIRECTION('',(3.368533899541E-12,-1.E0,1.031910032606E-12));
#6590=VECTOR('',#6589,1.497640687120E-1);
#6591=CARTESIAN_POINT('',(-8.700000000001E0,2.599764068712E0,-4.7E0));
#6592=LINE('157680',#6591,#6590);
#6593=DIRECTION('',(1.896066534376E-13,-1.000056991118E-2,9.999499930504E-1));
#6594=VECTOR('',#6593,2.651325659918E0);
#6595=CARTESIAN_POINT('',(-8.700000000001E0,2.599764068712E0,-4.7E0));
#6596=LINE('158141',#6595,#6594);
#6597=DIRECTION('',(0.E0,-3.514005016909E-1,-9.362252332700E-1));
#6598=VECTOR('',#6597,3.723841567948E-1);
#6599=CARTESIAN_POINT('',(-8.7E0,2.069769666841E-1,-1.699679842053E0));
#6600=LINE('158144',#6599,#6598);
#6601=DIRECTION('',(-1.889016352416E-13,-1.000056991135E-2,-9.999499930504E-1));
#6602=VECTOR('',#6601,2.651817323181E0);
#6603=CARTESIAN_POINT('',(-8.7E0,7.612098716471E-2,-2.048315286114E0));
#6604=LINE('158149',#6603,#6602);
#6605=DIRECTION('',(0.E0,-5.256253674770E-2,-9.986176343980E-1));
#6606=VECTOR('',#6605,9.513150652230E-1);
#6607=CARTESIAN_POINT('',(-8.700000000001E0,4.960130263212E-2,-4.7E0));
#6608=LINE('157337',#6607,#6606);
#6609=DIRECTION('',(0.E0,-1.E0,3.396821622710E-13));
#6610=VECTOR('',#6609,3.006943831923E-1);
#6611=CARTESIAN_POINT('',(-8.700000000001E0,3.002921527500E-1,-5.65E0));
#6612=LINE('157335',#6611,#6610);
#6613=CARTESIAN_POINT('',(-8.700000000001E0,3.030696855195E-1,-5.5E0));
#6614=CARTESIAN_POINT('',(-8.700000000001E0,3.016814545200E-1,
-5.549980724431E0));
#6615=CARTESIAN_POINT('',(-8.700000000001E0,3.016803837495E-1,
-5.600019275569E0));
#6616=CARTESIAN_POINT('',(-8.700000000001E0,3.002921527500E-1,-5.65E0));
#6618=DIRECTION('',(0.E0,-1.E0,4.516870460484E-14));
#6619=VECTOR('',#6618,1.946694383192E0);
#6620=CARTESIAN_POINT('',(-8.700000000001E0,2.249764068712E0,-5.5E0));
#6621=LINE('157330',#6620,#6619);
#6622=DIRECTION('',(-7.181556936432E-13,-7.295751304680E-14,-1.E0));
#6623=VECTOR('',#6622,7.E-1);
#6624=CARTESIAN_POINT('',(-8.7E0,2.249764068712E0,-4.8E0));
#6625=LINE('157681',#6624,#6623);
#6626=DIRECTION('',(0.E0,9.999440672800E-1,-1.057649807061E-2));
#6627=VECTOR('',#6626,4.302543984574E-2);
#6628=CARTESIAN_POINT('',(-8.7E0,2.069769666841E-1,-1.699679842053E0));
#6629=LINE('158151',#6628,#6627);
#6630=DIRECTION('',(-3.368533899541E-12,-1.E0,1.031910032606E-12));
#6631=VECTOR('',#6630,1.497640687120E-1);
#6632=CARTESIAN_POINT('',(-8.299999999999E0,2.599764068712E0,-4.7E0));
#6633=LINE('157678',#6632,#6631);
#6634=DIRECTION('',(1.E0,0.E0,0.E0));
#6635=VECTOR('',#6634,4.000000000010E-1);
#6636=CARTESIAN_POINT('',(-8.700000000001E0,2.599764068712E0,-4.7E0));
#6637=LINE('157341',#6636,#6635);
#6638=DIRECTION('',(0.E0,3.344227456960E-1,-9.424231677761E-1));
#6639=VECTOR('',#6638,3.692707724689E-1);
#6640=CARTESIAN_POINT('',(-8.3E0,2.449756755458E0,-1.700797593633E0));
#6641=LINE('158138',#6640,#6639);
#6642=DIRECTION('',(-1.896066534376E-13,-1.000056991118E-2,9.999499930504E-1));
#6643=VECTOR('',#6642,2.651325659918E0);
#6644=CARTESIAN_POINT('',(-8.299999999999E0,2.599764068712E0,-4.7E0));
#6645=LINE('158140',#6644,#6643);
#6646=DIRECTION('',(0.E0,3.514005016909E-1,9.362252332700E-1));
#6647=VECTOR('',#6646,3.723841567948E-1);
#6648=CARTESIAN_POINT('',(-8.3E0,7.612098716471E-2,-2.048315286114E0));
#6649=LINE('158146',#6648,#6647);
#6650=DIRECTION('',(0.E0,-5.256253674770E-2,-9.986176343980E-1));
#6651=VECTOR('',#6650,9.513150652230E-1);
#6652=CARTESIAN_POINT('',(-8.299999999999E0,4.960130263212E-2,-4.7E0));
#6653=LINE('157326',#6652,#6651);
#6654=DIRECTION('',(1.902413631511E-13,-1.000056991135E-2,-9.999499930504E-1));
#6655=VECTOR('',#6654,2.651817323181E0);
#6656=CARTESIAN_POINT('',(-8.3E0,7.612098716471E-2,-2.048315286114E0));
#6657=LINE('158148',#6656,#6655);
#6658=DIRECTION('',(-1.E0,0.E0,0.E0));
#6659=VECTOR('',#6658,4.E-1);
#6660=CARTESIAN_POINT('',(-8.3E0,2.573249301093E0,-2.048806924791E0));
#6661=LINE('158139',#6660,#6659);
#6662=DIRECTION('',(-1.E0,0.E0,0.E0));
#6663=VECTOR('',#6662,4.E-1);
#6664=CARTESIAN_POINT('',(-8.3E0,2.069769666841E-1,-1.699679842053E0));
#6665=LINE('158147',#6664,#6663);
#6666=DIRECTION('',(-4.128619825315E-14,9.999440672800E-1,-1.057649807061E-2));
#6667=VECTOR('',#6666,4.302543984574E-2);
#6668=CARTESIAN_POINT('',(-8.3E0,2.069769666841E-1,-1.699679842053E0));
#6669=LINE('158150',#6668,#6667);
#6670=DIRECTION('',(-1.E0,0.E0,0.E0));
#6671=VECTOR('',#6670,4.E-1);
#6672=CARTESIAN_POINT('',(-8.3E0,7.612098716471E-2,-2.048315286114E0));
#6673=LINE('158145',#6672,#6671);
#6674=DIRECTION('',(1.E0,0.E0,0.E0));
#6675=VECTOR('',#6674,4.000000000010E-1);
#6676=CARTESIAN_POINT('',(-8.700000000001E0,4.960130263212E-2,-4.7E0));
#6677=LINE('157336',#6676,#6675);
#6678=DIRECTION('',(1.E0,0.E0,0.E0));
#6679=VECTOR('',#6678,4.000000000010E-1);
#6680=CARTESIAN_POINT('',(-8.700000000001E0,-4.022304422979E-4,-5.65E0));
#6681=LINE('157334',#6680,#6679);
#6682=DIRECTION('',(0.E0,-1.E0,3.396821622710E-13));
#6683=VECTOR('',#6682,3.006943831923E-1);
#6684=CARTESIAN_POINT('',(-8.299999999999E0,3.002921527500E-1,-5.65E0));
#6685=LINE('157325',#6684,#6683);
#6686=DIRECTION('',(1.E0,0.E0,0.E0));
#6687=VECTOR('',#6686,4.000000000010E-1);
#6688=CARTESIAN_POINT('',(-8.700000000001E0,3.002921527500E-1,-5.65E0));
#6689=LINE('157332',#6688,#6687);
#6690=DIRECTION('',(0.E0,-1.851371145712E-2,-9.998286065562E-1));
#6691=VECTOR('',#6690,1.500257134239E-1);
#6692=CARTESIAN_POINT('',(-8.299999999999E0,3.030696855195E-1,-5.5E0));
#6693=LINE('157324',#6692,#6691);
#6694=DIRECTION('',(1.E0,0.E0,0.E0));
#6695=VECTOR('',#6694,4.000000000010E-1);
#6696=CARTESIAN_POINT('',(-8.700000000001E0,3.030696855195E-1,-5.5E0));
#6697=LINE('157329',#6696,#6695);
#6698=DIRECTION('',(0.E0,-1.E0,4.516870460484E-14));
#6699=VECTOR('',#6698,1.946694383192E0);
#6700=CARTESIAN_POINT('',(-8.299999999999E0,2.249764068712E0,-5.5E0));
#6701=LINE('157323',#6700,#6699);
#6702=DIRECTION('',(-1.E0,0.E0,0.E0));
#6703=VECTOR('',#6702,4.000000000010E-1);
#6704=CARTESIAN_POINT('',(-8.299999999999E0,2.249764068712E0,-5.5E0));
#6705=LINE('157331',#6704,#6703);
#6706=DIRECTION('',(7.206933462710E-13,-7.295751304680E-14,-1.E0));
#6707=VECTOR('',#6706,7.E-1);
#6708=CARTESIAN_POINT('',(-8.3E0,2.249764068712E0,-4.8E0));
#6709=LINE('157679',#6708,#6707);
#6710=DIRECTION('',(0.E0,0.E0,1.E0));
#6711=VECTOR('',#6710,1.199999999999E0);
#6712=CARTESIAN_POINT('',(-1.09E1,2.100401565356E0,-1.199999999999E0));
#6713=LINE('157420',#6712,#6711);
#6714=DIRECTION('',(0.E0,0.E0,-1.E0));
#6715=VECTOR('',#6714,1.199999999999E0);
#6716=CARTESIAN_POINT('',(-1.07E1,2.300401565356E0,-1.609823385706E-14));
#6717=LINE('157421',#6716,#6715);
#6718=DIRECTION('',(0.E0,-1.E0,0.E0));
#6719=VECTOR('',#6718,1.75E0);
#6720=CARTESIAN_POINT('',(-1.09E1,2.100401565356E0,-1.609823385706E-14));
#6721=LINE('157401',#6720,#6719);
#6722=DIRECTION('',(0.E0,1.E0,6.416454669176E-13));
#6723=VECTOR('',#6722,1.75E0);
#6724=CARTESIAN_POINT('',(-1.09E1,3.504015653559E-1,-1.2E0));
#6725=LINE('157413',#6724,#6723);
#6726=DIRECTION('',(0.E0,0.E0,-1.E0));
#6727=VECTOR('',#6726,1.2E0);
#6728=CARTESIAN_POINT('',(-1.09E1,3.504015653559E-1,0.E0));
#6729=LINE('157419',#6728,#6727);
#6730=DIRECTION('',(0.E0,0.E0,1.E0));
#6731=VECTOR('',#6730,1.2E0);
#6732=CARTESIAN_POINT('',(-1.07E1,1.504015653559E-1,-1.2E0));
#6733=LINE('157418',#6732,#6731);
#6734=DIRECTION('',(-1.E0,0.E0,0.E0));
#6735=VECTOR('',#6734,1.3E0);
#6736=CARTESIAN_POINT('',(-9.4E0,1.504015653559E-1,0.E0));
#6737=LINE('157403',#6736,#6735);
#6738=DIRECTION('',(0.E0,0.E0,-1.E0));
#6739=VECTOR('',#6738,1.2E0);
#6740=CARTESIAN_POINT('',(-9.4E0,1.504015653559E-1,0.E0));
#6741=LINE('157417',#6740,#6739);
#6742=DIRECTION('',(1.E0,0.E0,0.E0));
#6743=VECTOR('',#6742,1.3E0);
#6744=CARTESIAN_POINT('',(-1.07E1,1.504015653559E-1,-1.2E0));
#6745=LINE('157415',#6744,#6743);
#6746=DIRECTION('',(0.E0,0.E0,1.E0));
#6747=VECTOR('',#6746,1.2E0);
#6748=CARTESIAN_POINT('',(-9.4E0,5.040156535590E-2,-1.2E0));
#6749=LINE('157397',#6748,#6747);
#6750=DIRECTION('',(0.E0,-1.E0,-6.483702463811E-13));
#6751=VECTOR('',#6750,1.E-1);
#6752=CARTESIAN_POINT('',(-9.4E0,1.504015653559E-1,-1.2E0));
#6753=LINE('157416',#6752,#6751);
#6754=DIRECTION('',(0.E0,1.E0,0.E0));
#6755=VECTOR('',#6754,1.E-1);
#6756=CARTESIAN_POINT('',(-9.4E0,5.040156535590E-2,0.E0));
#6757=LINE('157404',#6756,#6755);
#6758=DIRECTION('',(-1.184237892934E-14,0.E0,-1.E0));
#6759=VECTOR('',#6758,1.2E0);
#6760=CARTESIAN_POINT('',(8.5E0,2.45E0,0.E0));
#6761=LINE('145815',#6760,#6759);
#6762=DIRECTION('',(0.E0,-1.E0,0.E0));
#6763=VECTOR('',#6762,6.5E-1);
#6764=CARTESIAN_POINT('',(8.5E0,2.45E0,-1.2E0));
#6765=LINE('145860',#6764,#6763);
#6766=DIRECTION('',(7.105427357601E-14,3.141931159689E-13,1.E0));
#6767=VECTOR('',#6766,2.E-1);
#6768=CARTESIAN_POINT('',(8.5E0,1.8E0,-1.2E0));
#6769=LINE('145794',#6768,#6767);
#6770=DIRECTION('',(0.E0,1.E0,0.E0));
#6771=VECTOR('',#6770,3.999999999999E-1);
#6772=CARTESIAN_POINT('',(8.5E0,1.8E0,-1.E0));
#6773=LINE('145796',#6772,#6771);
#6774=DIRECTION('',(0.E0,1.261213355974E-13,1.E0));
#6775=VECTOR('',#6774,1.E0);
#6776=CARTESIAN_POINT('',(8.5E0,2.2E0,-1.E0));
#6777=LINE('145800',#6776,#6775);
#6778=DIRECTION('',(0.E0,1.E0,0.E0));
#6779=VECTOR('',#6778,2.499999999999E-1);
#6780=CARTESIAN_POINT('',(8.5E0,2.2E0,0.E0));
#6781=LINE('145806',#6780,#6779);
#6782=DIRECTION('',(0.E0,-1.E0,0.E0));
#6783=VECTOR('',#6782,1.700401565356E0);
#6784=CARTESIAN_POINT('',(9.34E0,2.300401565356E0,-1.2E0));
#6785=LINE('158408',#6784,#6783);
#6786=DIRECTION('',(0.E0,-1.E0,1.040437577363E-13));
#6787=VECTOR('',#6786,7.E-1);
#6788=CARTESIAN_POINT('',(8.75E0,1.3E0,-1.2E0));
#6789=LINE('158420',#6788,#6787);
#6790=DIRECTION('',(0.E0,1.E0,0.E0));
#6791=VECTOR('',#6790,4.999999999999E-1);
#6792=CARTESIAN_POINT('',(8.720000000001E0,1.3E0,-1.2E0));
#6793=LINE('145859',#6792,#6791);
#6794=DIRECTION('',(-1.E0,2.906765737188E-13,3.148996215287E-13));
#6795=VECTOR('',#6794,2.200000000009E-1);
#6796=CARTESIAN_POINT('',(8.720000000001E0,1.8E0,-1.2E0));
#6797=LINE('145793',#6796,#6795);
#6798=DIRECTION('',(1.E0,-3.478698810492E-14,0.E0));
#6799=VECTOR('',#6798,1.8E0);
#6800=CARTESIAN_POINT('',(8.5E0,2.45E0,-1.2E0));
#6801=LINE('145814',#6800,#6799);
#6802=DIRECTION('',(-1.E0,0.E0,-9.376758628813E-13));
#6803=VECTOR('',#6802,9.6E-1);
#6804=CARTESIAN_POINT('',(1.03E1,2.300401565356E0,-1.199999999999E0));
#6805=LINE('147631',#6804,#6803);
#6806=DIRECTION('',(1.094235813071E-11,1.776356839400E-14,-1.E0));
#6807=VECTOR('',#6806,1.E-1);
#6808=CARTESIAN_POINT('',(9.339999999999E0,2.300401565356E0,-1.1E0));
#6809=LINE('146608',#6808,#6807);
#6810=DIRECTION('',(6.457071150275E-13,1.E0,3.147560977379E-14));
#6811=VECTOR('',#6810,1.700133855119E0);
#6812=CARTESIAN_POINT('',(9.339999999998E0,6.002677102373E-1,-1.1E0));
#6813=LINE('145677',#6812,#6811);
#6814=CARTESIAN_POINT('',(9.34E0,6.E-1,-1.2E0));
#6815=CARTESIAN_POINT('',(9.34E0,6.E-1,-1.166666397910E0));
#6816=CARTESIAN_POINT('',(9.339999999998E0,6.002677102373E-1,
-1.133333602090E0));
#6817=CARTESIAN_POINT('',(9.339999999998E0,6.002677102373E-1,-1.1E0));
#6819=DIRECTION('',(-1.E0,0.E0,-7.505107646466E-13));
#6820=VECTOR('',#6819,4.E-1);
#6821=CARTESIAN_POINT('',(1.07E1,2.300401565356E0,-1.199999999999E0));
#6822=LINE('146607',#6821,#6820);
#6823=DIRECTION('',(1.E0,0.E0,0.E0));
#6824=VECTOR('',#6823,2.05E0);
#6825=CARTESIAN_POINT('',(8.65E0,2.300401565356E0,0.E0));
#6826=LINE('145633',#6825,#6824);
#6827=DIRECTION('',(0.E0,0.E0,-1.E0));
#6828=VECTOR('',#6827,1.199999999999E0);
#6829=CARTESIAN_POINT('',(1.07E1,2.300401565356E0,-1.609823385706E-14));
#6830=LINE('145673',#6829,#6828);
#6831=DIRECTION('',(0.E0,0.E0,1.E0));
#6832=VECTOR('',#6831,1.199999999999E0);
#6833=CARTESIAN_POINT('',(1.09E1,2.100401565356E0,-1.199999999999E0));
#6834=LINE('145672',#6833,#6832);
#6835=DIRECTION('',(0.E0,1.E0,6.416454669176E-13));
#6836=VECTOR('',#6835,1.75E0);
#6837=CARTESIAN_POINT('',(1.09E1,3.504015653559E-1,-1.2E0));
#6838=LINE('145665',#6837,#6836);
#6839=DIRECTION('',(0.E0,-1.E0,0.E0));
#6840=VECTOR('',#6839,1.75E0);
#6841=CARTESIAN_POINT('',(1.09E1,2.100401565356E0,-1.609823385706E-14));
#6842=LINE('145635',#6841,#6840);
#6843=DIRECTION('',(0.E0,0.E0,1.E0));
#6844=VECTOR('',#6843,1.2E0);
#6845=CARTESIAN_POINT('',(1.07E1,1.504015653559E-1,-1.2E0));
#6846=LINE('145670',#6845,#6844);
#6847=DIRECTION('',(0.E0,0.E0,-1.E0));
#6848=VECTOR('',#6847,1.2E0);
#6849=CARTESIAN_POINT('',(1.09E1,3.504015653559E-1,0.E0));
#6850=LINE('145671',#6849,#6848);
#6851=DIRECTION('',(-1.E0,0.E0,0.E0));
#6852=VECTOR('',#6851,1.3E0);
#6853=CARTESIAN_POINT('',(1.07E1,1.504015653559E-1,-1.2E0));
#6854=LINE('145667',#6853,#6852);
#6855=DIRECTION('',(0.E0,0.E0,-1.E0));
#6856=VECTOR('',#6855,1.2E0);
#6857=CARTESIAN_POINT('',(9.4E0,1.504015653559E-1,0.E0));
#6858=LINE('145669',#6857,#6856);
#6859=DIRECTION('',(1.E0,0.E0,0.E0));
#6860=VECTOR('',#6859,1.3E0);
#6861=CARTESIAN_POINT('',(9.4E0,1.504015653559E-1,0.E0));
#6862=LINE('145637',#6861,#6860);
#6863=DIRECTION('',(0.E0,0.E0,1.E0));
#6864=VECTOR('',#6863,1.2E0);
#6865=CARTESIAN_POINT('',(9.4E0,5.040156535590E-2,-1.2E0));
#6866=LINE('145630',#6865,#6864);
#6867=DIRECTION('',(0.E0,1.E0,0.E0));
#6868=VECTOR('',#6867,1.E-1);
#6869=CARTESIAN_POINT('',(9.4E0,5.040156535590E-2,0.E0));
#6870=LINE('145638',#6869,#6868);
#6871=DIRECTION('',(0.E0,-1.E0,-6.483702463811E-13));
#6872=VECTOR('',#6871,1.E-1);
#6873=CARTESIAN_POINT('',(9.4E0,1.504015653559E-1,-1.2E0));
#6874=LINE('145668',#6873,#6872);
#6875=DIRECTION('',(3.714200664201E-14,0.E0,-1.E0));
#6876=VECTOR('',#6875,1.1E0);
#6877=CARTESIAN_POINT('',(8.65E0,2.300401565356E0,0.E0));
#6878=LINE('145674',#6877,#6876);
#6879=DIRECTION('',(0.E0,1.E0,0.E0));
#6880=VECTOR('',#6879,1.E0);
#6881=CARTESIAN_POINT('',(8.65E0,1.300401565356E0,0.E0));
#6882=LINE('145632',#6881,#6880);
#6883=DIRECTION('',(-3.552713678801E-14,0.E0,1.E0));
#6884=VECTOR('',#6883,1.1E0);
#6885=CARTESIAN_POINT('',(8.65E0,1.300401565356E0,-1.1E0));
#6886=LINE('145649',#6885,#6884);
#6887=DIRECTION('',(0.E0,1.E0,0.E0));
#6888=VECTOR('',#6887,1.E0);
#6889=CARTESIAN_POINT('',(8.65E0,1.300401565356E0,-1.1E0));
#6890=LINE('145676',#6889,#6888);
#6891=DIRECTION('',(1.E0,0.E0,7.332002042234E-13));
#6892=VECTOR('',#6891,4.409395181679E-1);
#6893=CARTESIAN_POINT('',(8.209060481832E0,1.300401565356E0,-1.1E0));
#6894=LINE('145648',#6893,#6892);
#6895=DIRECTION('',(1.E0,0.E0,0.E0));
#6896=VECTOR('',#6895,6.899999999989E-1);
#6897=CARTESIAN_POINT('',(8.65E0,2.300401565356E0,-1.1E0));
#6898=LINE('145675',#6897,#6896);
#6899=DIRECTION('',(-7.071060685357E-1,1.419746500352E-3,-7.071060685356E-1));
#6900=VECTOR('',#6899,1.414214987676E-1);
#6901=CARTESIAN_POINT('',(1.03E1,6.E-1,-4.E0));
#6902=LINE('147812',#6901,#6900);
#6903=DIRECTION('',(0.E0,0.E0,1.E0));
#6904=VECTOR('',#6903,2.8E0);
#6905=CARTESIAN_POINT('',(1.03E1,6.E-1,-4.E0));
#6906=LINE('147808',#6905,#6904);
#6907=DIRECTION('',(-1.E0,0.E0,0.E0));
#6908=VECTOR('',#6907,1.E-1);
#6909=CARTESIAN_POINT('',(1.03E1,6.E-1,-1.2E0));
#6910=LINE('158394',#6909,#6908);
#6911=DIRECTION('',(-1.E0,0.E0,-2.858658129619E-13));
#6912=VECTOR('',#6911,1.130939518165E0);
#6913=CARTESIAN_POINT('',(9.339999999998E0,6.002677102373E-1,-1.1E0));
#6914=LINE('145678',#6913,#6912);
#6915=DIRECTION('',(-1.736481776501E-1,-8.418843065180E-14,9.848077530152E-1));
#6916=VECTOR('',#6915,1.015426611879E-1);
#6917=CARTESIAN_POINT('',(8.226693179902E0,6.002677102373E-1,-1.2E0));
#6918=LINE('145680',#6917,#6916);
#6919=DIRECTION('',(9.999998691460E-1,-5.115740746425E-4,1.043803817686E-13));
#6920=VECTOR('',#6919,5.233068885745E-1);
#6921=CARTESIAN_POINT('',(8.226693179902E0,6.002677102373E-1,-1.2E0));
#6922=LINE('158417',#6921,#6920);
#6923=DIRECTION('',(1.E0,0.E0,-1.238180932548E-13));
#6924=VECTOR('',#6923,5.9E-1);
#6925=CARTESIAN_POINT('',(8.75E0,6.E-1,-1.2E0));
#6926=LINE('158411',#6925,#6924);
#6927=DIRECTION('',(-7.071067576278E-1,2.581359788964E-4,-7.071067576278E-1));
#6928=VECTOR('',#6927,7.778174852198E-1);
#6929=CARTESIAN_POINT('',(1.02E1,6.002007826779E-1,-4.1E0));
#6930=LINE('147628',#6929,#6928);
#6931=DIRECTION('',(7.959097542917E-13,-1.E0,-1.267372220210E-14));
#6932=VECTOR('',#6931,3.504015653559E-1);
#6933=CARTESIAN_POINT('',(9.65E0,6.004015653559E-1,-4.65E0));
#6934=LINE('147815',#6933,#6932);
#6935=DIRECTION('',(3.045183153258E-14,1.E0,0.E0));
#6936=VECTOR('',#6935,3.5E-1);
#6937=CARTESIAN_POINT('',(1.03E1,2.5E-1,-4.E0));
#6938=LINE('145845',#6937,#6936);
#6939=DIRECTION('',(0.E0,-2.677102276724E-4,9.999999641656E-1));
#6940=VECTOR('',#6939,7.500000268758E-1);
#6941=CARTESIAN_POINT('',(1.02E1,6.004015653559E-1,-4.85E0));
#6942=LINE('147767',#6941,#6940);
#6943=DIRECTION('',(1.E0,0.E0,0.E0));
#6944=VECTOR('',#6943,9.5E-1);
#6945=CARTESIAN_POINT('',(9.25E0,6.004015653559E-1,-4.85E0));
#6946=LINE('147769',#6945,#6944);
#6947=DIRECTION('',(-1.E0,0.E0,0.E0));
#6948=VECTOR('',#6947,4.E-1);
#6949=CARTESIAN_POINT('',(9.65E0,6.004015653559E-1,-4.65E0));
#6950=LINE('147627',#6949,#6948);
#6951=DIRECTION('',(8.111182209342E-13,1.E0,0.E0));
#6952=VECTOR('',#6951,3.504015653559E-1);
#6953=CARTESIAN_POINT('',(9.25E0,2.5E-1,-4.65E0));
#6954=LINE('147802',#6953,#6952);
#6955=DIRECTION('',(-1.E0,0.E0,1.110223024624E-14));
#6956=VECTOR('',#6955,4.000000000006E-1);
#6957=CARTESIAN_POINT('',(9.65E0,2.5E-1,-4.65E0));
#6958=LINE('145841',#6957,#6956);
#6959=DIRECTION('',(1.E0,0.E0,0.E0));
#6960=VECTOR('',#6959,2.3E0);
#6961=CARTESIAN_POINT('',(8.E0,2.5E-1,-1.2E0));
#6962=LINE('147612',#6961,#6960);
#6963=DIRECTION('',(-7.071067811864E-1,0.E0,-7.071067811867E-1));
#6964=VECTOR('',#6963,9.192388155423E-1);
#6965=CARTESIAN_POINT('',(1.03E1,2.5E-1,-4.E0));
#6966=LINE('145842',#6965,#6964);
#6967=DIRECTION('',(-1.894780628694E-12,0.E0,1.E0));
#6968=VECTOR('',#6967,1.5E-1);
#6969=CARTESIAN_POINT('',(9.25E0,2.5E-1,-4.8E0));
#6970=LINE('145818',#6969,#6968);
#6971=DIRECTION('',(1.E0,0.E0,0.E0));
#6972=VECTOR('',#6971,5.5E-1);
#6973=CARTESIAN_POINT('',(8.7E0,2.5E-1,-4.8E0));
#6974=LINE('146471',#6973,#6972);
#6975=DIRECTION('',(0.E0,0.E0,1.E0));
#6976=VECTOR('',#6975,3.099865099465E0);
#6977=CARTESIAN_POINT('',(8.7E0,2.5E-1,-4.8E0));
#6978=LINE('147533',#6977,#6976);
#6979=DIRECTION('',(1.E0,0.E0,0.E0));
#6980=VECTOR('',#6979,4.E-1);
#6981=CARTESIAN_POINT('',(8.3E0,2.5E-1,-1.700134900535E0));
#6982=LINE('147532',#6981,#6980);
#6983=DIRECTION('',(0.E0,0.E0,1.E0));
#6984=VECTOR('',#6983,3.099865099465E0);
#6985=CARTESIAN_POINT('',(8.3E0,2.5E-1,-4.8E0));
#6986=LINE('147531',#6985,#6984);
#6987=DIRECTION('',(1.E0,0.E0,0.E0));
#6988=VECTOR('',#6987,3.E-1);
#6989=CARTESIAN_POINT('',(8.E0,2.5E-1,-4.8E0));
#6990=LINE('146470',#6989,#6988);
#6991=DIRECTION('',(0.E0,1.E0,6.490046595380E-13));
#6992=VECTOR('',#6991,3.5E-1);
#6993=CARTESIAN_POINT('',(1.03E1,2.5E-1,-1.2E0));
#6994=LINE('147615',#6993,#6992);
#6995=DIRECTION('',(0.E0,0.E0,1.E0));
#6996=VECTOR('',#6995,2.8E0);
#6997=CARTESIAN_POINT('',(1.03E1,2.5E-1,-4.E0));
#6998=LINE('147806',#6997,#6996);
#6999=DIRECTION('',(0.E0,-3.344227456960E-1,9.424231677761E-1));
#7000=VECTOR('',#6999,3.692707724689E-1);
#7001=CARTESIAN_POINT('',(8.7E0,2.573249301093E0,-2.048806924791E0));
#7002=LINE('158084',#7001,#7000);
#7003=DIRECTION('',(-1.896066534376E-13,-1.000056991118E-2,9.999499930504E-1));
#7004=VECTOR('',#7003,2.651325659918E0);
#7005=CARTESIAN_POINT('',(8.700000000001E0,2.599764068712E0,-4.7E0));
#7006=LINE('158095',#7005,#7004);
#7007=DIRECTION('',(-3.356672864684E-12,-1.E0,1.031910032606E-12));
#7008=VECTOR('',#7007,1.497640687120E-1);
#7009=CARTESIAN_POINT('',(8.700000000001E0,2.599764068712E0,-4.7E0));
#7010=LINE('147536',#7009,#7008);
#7011=DIRECTION('',(0.E0,-3.514005016909E-1,-9.362252332700E-1));
#7012=VECTOR('',#7011,3.723841567948E-1);
#7013=CARTESIAN_POINT('',(8.7E0,2.069769666841E-1,-1.699679842053E0));
#7014=LINE('158100',#7013,#7012);
#7015=DIRECTION('',(0.E0,9.999440672800E-1,-1.057649807061E-2));
#7016=VECTOR('',#7015,4.302543984574E-2);
#7017=CARTESIAN_POINT('',(8.7E0,2.069769666841E-1,-1.699679842053E0));
#7018=LINE('158113',#7017,#7016);
#7019=DIRECTION('',(7.181556936432E-13,-7.295751304680E-14,-1.E0));
#7020=VECTOR('',#7019,7.E-1);
#7021=CARTESIAN_POINT('',(8.7E0,2.249764068712E0,-4.8E0));
#7022=LINE('147537',#7021,#7020);
#7023=DIRECTION('',(0.E0,-1.E0,4.516870460484E-14));
#7024=VECTOR('',#7023,1.946694383192E0);
#7025=CARTESIAN_POINT('',(8.700000000001E0,2.249764068712E0,-5.5E0));
#7026=LINE('144832',#7025,#7024);
#7027=CARTESIAN_POINT('',(8.700000000001E0,3.030696855195E-1,-5.5E0));
#7028=CARTESIAN_POINT('',(8.700000000001E0,3.016814545200E-1,
-5.549980724431E0));
#7029=CARTESIAN_POINT('',(8.700000000001E0,3.016803837495E-1,
-5.600019275569E0));
#7030=CARTESIAN_POINT('',(8.700000000001E0,3.002921527500E-1,-5.65E0));
#7032=DIRECTION('',(0.E0,-1.E0,3.396821622710E-13));
#7033=VECTOR('',#7032,3.006943831923E-1);
#7034=CARTESIAN_POINT('',(8.700000000001E0,3.002921527500E-1,-5.65E0));
#7035=LINE('144837',#7034,#7033);
#7036=DIRECTION('',(0.E0,-5.256253674770E-2,-9.986176343980E-1));
#7037=VECTOR('',#7036,9.513150652230E-1);
#7038=CARTESIAN_POINT('',(8.700000000001E0,4.960130263212E-2,-4.7E0));
#7039=LINE('144839',#7038,#7037);
#7040=DIRECTION('',(1.895714991964E-13,-1.000056991135E-2,-9.999499930504E-1));
#7041=VECTOR('',#7040,2.651817323181E0);
#7042=CARTESIAN_POINT('',(8.7E0,7.612098716471E-2,-2.048315286114E0));
#7043=LINE('158111',#7042,#7041);
#7044=DIRECTION('',(0.E0,3.344227456960E-1,-9.424231677761E-1));
#7045=VECTOR('',#7044,3.692707724689E-1);
#7046=CARTESIAN_POINT('',(8.3E0,2.449756755458E0,-1.700797593633E0));
#7047=LINE('158086',#7046,#7045);
#7048=DIRECTION('',(1.896066534376E-13,-1.000056991118E-2,9.999499930504E-1));
#7049=VECTOR('',#7048,2.651325659918E0);
#7050=CARTESIAN_POINT('',(8.299999999999E0,2.599764068712E0,-4.7E0));
#7051=LINE('158094',#7050,#7049);
#7052=DIRECTION('',(0.E0,3.514005016909E-1,9.362252332700E-1));
#7053=VECTOR('',#7052,3.723841567948E-1);
#7054=CARTESIAN_POINT('',(8.3E0,7.612098716471E-2,-2.048315286114E0));
#7055=LINE('158102',#7054,#7053);
#7056=DIRECTION('',(-1.895714991964E-13,-1.000056991135E-2,-9.999499930504E-1));
#7057=VECTOR('',#7056,2.651817323181E0);
#7058=CARTESIAN_POINT('',(8.3E0,7.612098716471E-2,-2.048315286114E0));
#7059=LINE('158110',#7058,#7057);
#7060=DIRECTION('',(0.E0,-5.256253674770E-2,-9.986176343980E-1));
#7061=VECTOR('',#7060,9.513150652230E-1);
#7062=CARTESIAN_POINT('',(8.299999999999E0,4.960130263212E-2,-4.7E0));
#7063=LINE('144828',#7062,#7061);
#7064=DIRECTION('',(-1.E0,0.E0,0.E0));
#7065=VECTOR('',#7064,4.000000000010E-1);
#7066=CARTESIAN_POINT('',(8.700000000001E0,2.599764068712E0,-4.7E0));
#7067=LINE('144843',#7066,#7065);
#7068=DIRECTION('',(3.368533899541E-12,-1.E0,1.031910032606E-12));
#7069=VECTOR('',#7068,1.497640687120E-1);
#7070=CARTESIAN_POINT('',(8.299999999999E0,2.599764068712E0,-4.7E0));
#7071=LINE('147534',#7070,#7069);
#7072=DIRECTION('',(1.E0,0.E0,0.E0));
#7073=VECTOR('',#7072,4.E-1);
#7074=CARTESIAN_POINT('',(8.3E0,2.573249301093E0,-2.048806924791E0));
#7075=LINE('158087',#7074,#7073);
#7076=DIRECTION('',(1.E0,0.E0,0.E0));
#7077=VECTOR('',#7076,4.E-1);
#7078=CARTESIAN_POINT('',(8.3E0,7.612098716471E-2,-2.048315286114E0));
#7079=LINE('158101',#7078,#7077);
#7080=DIRECTION('',(-1.E0,0.E0,0.E0));
#7081=VECTOR('',#7080,4.000000000010E-1);
#7082=CARTESIAN_POINT('',(8.700000000001E0,4.960130263212E-2,-4.7E0));
#7083=LINE('144838',#7082,#7081);
#7084=DIRECTION('',(-1.E0,0.E0,0.E0));
#7085=VECTOR('',#7084,4.000000000010E-1);
#7086=CARTESIAN_POINT('',(8.700000000001E0,-4.022304422979E-4,-5.65E0));
#7087=LINE('144836',#7086,#7085);
#7088=DIRECTION('',(0.E0,-1.E0,3.396821622710E-13));
#7089=VECTOR('',#7088,3.006943831923E-1);
#7090=CARTESIAN_POINT('',(8.299999999999E0,3.002921527500E-1,-5.65E0));
#7091=LINE('144827',#7090,#7089);
#7092=DIRECTION('',(-1.E0,0.E0,0.E0));
#7093=VECTOR('',#7092,4.000000000010E-1);
#7094=CARTESIAN_POINT('',(8.700000000001E0,3.002921527500E-1,-5.65E0));
#7095=LINE('144834',#7094,#7093);
#7096=DIRECTION('',(0.E0,-1.851371145712E-2,-9.998286065562E-1));
#7097=VECTOR('',#7096,1.500257134239E-1);
#7098=CARTESIAN_POINT('',(8.299999999999E0,3.030696855195E-1,-5.5E0));
#7099=LINE('144826',#7098,#7097);
#7100=DIRECTION('',(-1.E0,0.E0,0.E0));
#7101=VECTOR('',#7100,4.000000000010E-1);
#7102=CARTESIAN_POINT('',(8.700000000001E0,3.030696855195E-1,-5.5E0));
#7103=LINE('144831',#7102,#7101);
#7104=DIRECTION('',(0.E0,-1.E0,4.516870460484E-14));
#7105=VECTOR('',#7104,1.946694383192E0);
#7106=CARTESIAN_POINT('',(8.299999999999E0,2.249764068712E0,-5.5E0));
#7107=LINE('144825',#7106,#7105);
#7108=DIRECTION('',(-7.206933462710E-13,-7.295751304680E-14,-1.E0));
#7109=VECTOR('',#7108,7.E-1);
#7110=CARTESIAN_POINT('',(8.3E0,2.249764068712E0,-4.8E0));
#7111=LINE('147535',#7110,#7109);
#7112=DIRECTION('',(1.E0,0.E0,0.E0));
#7113=VECTOR('',#7112,4.000000000010E-1);
#7114=CARTESIAN_POINT('',(8.299999999999E0,2.249764068712E0,-5.5E0));
#7115=LINE('144833',#7114,#7113);
#7116=DIRECTION('',(1.E0,0.E0,0.E0));
#7117=VECTOR('',#7116,4.E-1);
#7118=CARTESIAN_POINT('',(8.3E0,2.069769666841E-1,-1.699679842053E0));
#7119=LINE('158103',#7118,#7117);
#7120=DIRECTION('',(4.128619825315E-14,9.999440672800E-1,-1.057649807061E-2));
#7121=VECTOR('',#7120,4.302543984574E-2);
#7122=CARTESIAN_POINT('',(8.3E0,2.069769666841E-1,-1.699679842053E0));
#7123=LINE('158112',#7122,#7121);
#7124=DIRECTION('',(0.E0,-1.E0,-3.226124270116E-13));
#7125=VECTOR('',#7124,1.995984346441E-1);
#7126=CARTESIAN_POINT('',(8.E0,2.5E-1,-1.2E0));
#7127=LINE('147613',#7126,#7125);
#7128=DIRECTION('',(0.E0,0.E0,-1.E0));
#7129=VECTOR('',#7128,3.6E0);
#7130=CARTESIAN_POINT('',(8.E0,2.5E-1,-1.2E0));
#7131=LINE('147807',#7130,#7129);
#7132=DIRECTION('',(0.E0,-1.E0,0.E0));
#7133=VECTOR('',#7132,2.5E-1);
#7134=CARTESIAN_POINT('',(8.E0,2.5E-1,-4.8E0));
#7135=LINE('145743',#7134,#7133);
#7136=DIRECTION('',(0.E0,1.E0,-3.850415822090E-12));
#7137=VECTOR('',#7136,5.040156535590E-2);
#7138=CARTESIAN_POINT('',(8.E0,0.E0,-1.2E0));
#7139=LINE('147791',#7138,#7137);
#7140=DIRECTION('',(-1.E0,0.E0,0.E0));
#7141=VECTOR('',#7140,1.6E1);
#7142=CARTESIAN_POINT('',(8.E0,0.E0,-1.2E0));
#7143=LINE('157803',#7142,#7141);
#7144=DIRECTION('',(0.E0,0.E0,1.E0));
#7145=VECTOR('',#7144,3.6E0);
#7146=CARTESIAN_POINT('',(8.E0,0.E0,-4.8E0));
#7147=LINE('145843',#7146,#7145);
#7148=DIRECTION('',(1.E0,0.E0,0.E0));
#7149=VECTOR('',#7148,1.6E1);
#7150=CARTESIAN_POINT('',(-8.E0,0.E0,-4.8E0));
#7151=LINE('157804',#7150,#7149);
#7152=DIRECTION('',(0.E0,0.E0,1.E0));
#7153=VECTOR('',#7152,3.6E0);
#7154=CARTESIAN_POINT('',(-8.E0,0.E0,-4.8E0));
#7155=LINE('157505',#7154,#7153);
#7156=DIRECTION('',(-4.768709627109E-1,-3.006265784831E-1,8.259647360709E-1));
#7157=VECTOR('',#7156,6.053527204789E-1);
#7158=CARTESIAN_POINT('',(9.538675134594E0,8.187837059156E-1,-5.45E0));
#7159=LINE('147770',#7158,#7157);
#7160=DIRECTION('',(-1.E0,-4.499146881719E-14,-3.585887216176E-13));
#7161=VECTOR('',#7160,6.613248654062E-1);
#7162=CARTESIAN_POINT('',(1.02E1,8.187837059156E-1,-5.45E0));
#7163=LINE('145692',#7162,#7161);
#7164=DIRECTION('',(0.E0,-1.E0,1.245391983327E-13));
#7165=VECTOR('',#7164,8.201475489885E-1);
#7166=CARTESIAN_POINT('',(1.02E1,1.638931254904E0,-5.45E0));
#7167=LINE('145691',#7166,#7165);
#7168=DIRECTION('',(0.E0,-1.E0,1.245391983327E-13));
#7169=VECTOR('',#7168,8.201475489882E-1);
#7170=CARTESIAN_POINT('',(9.538675134594E0,1.638931254904E0,-5.45E0));
#7171=LINE('145693',#7170,#7169);
#7172=DIRECTION('',(0.E0,1.E0,-8.487267405842E-13));
#7173=VECTOR('',#7172,2.004015653560E-1);
#7174=CARTESIAN_POINT('',(1.03E1,2.1E0,-1.199999999999E0));
#7175=LINE('147633',#7174,#7173);
#7176=DIRECTION('',(8.311917103543E-14,1.E0,-6.018718545512E-12));
#7177=VECTOR('',#7176,1.495984346439E-1);
#7178=CARTESIAN_POINT('',(1.03E1,2.300401565356E0,-1.199999999999E0));
#7179=LINE('147817',#7178,#7177);
#7180=DIRECTION('',(0.E0,-2.220446049250E-14,-1.E0));
#7181=VECTOR('',#7180,2.8E0);
#7182=CARTESIAN_POINT('',(1.03E1,2.45E0,-1.2E0));
#7183=LINE('145813',#7182,#7181);
#7184=DIRECTION('',(0.E0,0.E0,-1.E0));
#7185=VECTOR('',#7184,2.900000000001E0);
#7186=CARTESIAN_POINT('',(1.02E1,2.1E0,-1.199999999999E0));
#7187=LINE('158382',#7186,#7185);
#7188=DIRECTION('',(1.E0,0.E0,0.E0));
#7189=VECTOR('',#7188,1.E-1);
#7190=CARTESIAN_POINT('',(1.02E1,2.1E0,-1.199999999999E0));
#7191=LINE('158395',#7190,#7189);
#7192=DIRECTION('',(0.E0,-4.472612756345E-14,1.E0));
#7193=VECTOR('',#7192,2.800000000001E0);
#7194=CARTESIAN_POINT('',(1.03E1,2.1E0,-4.E0));
#7195=LINE('147819',#7194,#7193);
#7196=DIRECTION('',(-7.071067811863E-1,-8.855321466973E-13,-7.071067811868E-1));
#7197=VECTOR('',#7196,1.414213562374E-1);
#7198=CARTESIAN_POINT('',(1.03E1,2.1E0,-4.E0));
#7199=LINE('158390',#7198,#7197);
#7200=DIRECTION('',(-3.133774542064E-1,0.E0,9.496286491019E-1));
#7201=VECTOR('',#7200,5.265216044954E-1);
#7202=CARTESIAN_POINT('',(8.9E0,2.35E0,-5.5E0));
#7203=LINE('145837',#7202,#7201);
#7204=DIRECTION('',(1.E0,0.E0,-5.269858623557E-13));
#7205=VECTOR('',#7204,2.999999999998E-1);
#7206=CARTESIAN_POINT('',(8.9E0,2.35E0,-5.5E0));
#7207=LINE('145835',#7206,#7205);
#7208=DIRECTION('',(-2.873478855673E-1,0.E0,-9.578262852209E-1));
#7209=VECTOR('',#7208,1.740051084820E-1);
#7210=CARTESIAN_POINT('',(9.25E0,2.35E0,-5.333333333333E0));
#7211=LINE('145832',#7210,#7209);
#7212=DIRECTION('',(-3.663735981263E-13,0.E0,1.E0));
#7213=VECTOR('',#7212,5.333333333333E-1);
#7214=CARTESIAN_POINT('',(9.25E0,2.35E0,-5.333333333333E0));
#7215=LINE('145829',#7214,#7213);
#7216=DIRECTION('',(-1.E0,0.E0,-1.155494254754E-13));
#7217=VECTOR('',#7216,5.150000000005E-1);
#7218=CARTESIAN_POINT('',(9.25E0,2.35E0,-4.8E0));
#7219=LINE('145739',#7218,#7217);
#7220=DIRECTION('',(0.E0,1.E0,0.E0));
#7221=VECTOR('',#7220,2.E0);
#7222=CARTESIAN_POINT('',(8.735E0,3.5E-1,-4.8E0));
#7223=LINE('145740',#7222,#7221);
#7224=DIRECTION('',(-3.756994715332E-12,-1.776356839401E-14,-1.E0));
#7225=VECTOR('',#7224,2.E-1);
#7226=CARTESIAN_POINT('',(8.735E0,2.35E0,-4.8E0));
#7227=LINE('145836',#7226,#7225);
#7228=DIRECTION('',(-1.E0,0.E0,-1.138248071848E-13));
#7229=VECTOR('',#7228,5.150000000005E-1);
#7230=CARTESIAN_POINT('',(9.25E0,3.5E-1,-4.8E0));
#7231=LINE('145741',#7230,#7229);
#7232=DIRECTION('',(-3.730349362740E-13,0.E0,1.E0));
#7233=VECTOR('',#7232,5.333333333333E-1);
#7234=CARTESIAN_POINT('',(9.25E0,3.5E-1,-5.333333333333E0));
#7235=LINE('145817',#7234,#7233);
#7236=DIRECTION('',(-2.873478855673E-1,0.E0,-9.578262852209E-1));
#7237=VECTOR('',#7236,1.740051084820E-1);
#7238=CARTESIAN_POINT('',(9.25E0,3.5E-1,-5.333333333333E0));
#7239=LINE('145831',#7238,#7237);
#7240=DIRECTION('',(1.E0,0.E0,-5.299464570880E-13));
#7241=VECTOR('',#7240,2.999999999998E-1);
#7242=CARTESIAN_POINT('',(8.9E0,3.5E-1,-5.5E0));
#7243=LINE('145833',#7242,#7241);
#7244=DIRECTION('',(-3.133774542064E-1,0.E0,9.496286491019E-1));
#7245=VECTOR('',#7244,5.265216044954E-1);
#7246=CARTESIAN_POINT('',(8.9E0,3.5E-1,-5.5E0));
#7247=LINE('145840',#7246,#7245);
#7248=DIRECTION('',(-3.756994715332E-12,0.E0,-1.E0));
#7249=VECTOR('',#7248,2.E-1);
#7250=CARTESIAN_POINT('',(8.735E0,3.5E-1,-4.8E0));
#7251=LINE('145839',#7250,#7249);
#7252=DIRECTION('',(0.E0,1.E0,0.E0));
#7253=VECTOR('',#7252,2.E0);
#7254=CARTESIAN_POINT('',(9.25E0,3.5E-1,-5.333333333333E0));
#7255=LINE('145816',#7254,#7253);
#7256=DIRECTION('',(0.E0,-1.E0,0.E0));
#7257=VECTOR('',#7256,2.E0);
#7258=CARTESIAN_POINT('',(9.2E0,2.35E0,-5.5E0));
#7259=LINE('145830',#7258,#7257);
#7260=DIRECTION('',(0.E0,1.E0,0.E0));
#7261=VECTOR('',#7260,2.E0);
#7262=CARTESIAN_POINT('',(8.734999999999E0,3.5E-1,-5.E0));
#7263=LINE('145838',#7262,#7261);
#7264=DIRECTION('',(0.E0,-1.E0,0.E0));
#7265=VECTOR('',#7264,2.E0);
#7266=CARTESIAN_POINT('',(8.9E0,2.35E0,-5.5E0));
#7267=LINE('145834',#7266,#7265);
#7268=CARTESIAN_POINT('',(8.299999999999E0,2.249764068712E0,-5.5E0));
#7269=CARTESIAN_POINT('',(8.299999999999E0,3.030696855195E-1,-5.5E0));
#7270=VERTEX_POINT('',#7268);
#7271=VERTEX_POINT('',#7269);
#7272=CARTESIAN_POINT('',(8.299999999999E0,3.002921527500E-1,-5.65E0));
#7273=VERTEX_POINT('',#7272);
#7274=CARTESIAN_POINT('',(8.299999999999E0,-4.022304422979E-4,-5.65E0));
#7275=VERTEX_POINT('',#7274);
#7276=CARTESIAN_POINT('',(8.299999999999E0,4.960130263212E-2,-4.7E0));
#7277=VERTEX_POINT('',#7276);
#7278=CARTESIAN_POINT('',(8.700000000001E0,3.030696855195E-1,-5.5E0));
#7279=VERTEX_POINT('',#7278);
#7280=CARTESIAN_POINT('',(8.700000000001E0,2.249764068712E0,-5.5E0));
#7281=VERTEX_POINT('',#7280);
#7282=CARTESIAN_POINT('',(8.700000000001E0,3.002921527500E-1,-5.65E0));
#7283=VERTEX_POINT('',#7282);
#7284=CARTESIAN_POINT('',(8.700000000001E0,-4.022304422979E-4,-5.65E0));
#7285=VERTEX_POINT('',#7284);
#7286=CARTESIAN_POINT('',(8.700000000001E0,4.960130263212E-2,-4.7E0));
#7287=VERTEX_POINT('',#7286);
#7288=CARTESIAN_POINT('',(8.700000000001E0,2.599764068712E0,-4.7E0));
#7289=CARTESIAN_POINT('',(8.299999999999E0,2.599764068712E0,-4.7E0));
#7290=VERTEX_POINT('',#7288);
#7291=VERTEX_POINT('',#7289);
#7292=CARTESIAN_POINT('',(7.375E0,3.1E-1,-6.5E0));
#7293=CARTESIAN_POINT('',(7.375E0,3.53E-1,-5.7E0));
#7294=VERTEX_POINT('',#7292);
#7295=VERTEX_POINT('',#7293);
#7296=CARTESIAN_POINT('',(7.375E0,1.000000000001E-2,-6.5E0));
#7297=VERTEX_POINT('',#7296);
#7298=CARTESIAN_POINT('',(7.375E0,7.E-2,-5.35E0));
#7299=VERTEX_POINT('',#7298);
#7300=CARTESIAN_POINT('',(7.375E0,4.E-1,-5.35E0));
#7301=VERTEX_POINT('',#7300);
#7302=CARTESIAN_POINT('',(7.375E0,8.E-1,-4.901735931288E0));
#7303=CARTESIAN_POINT('',(7.375E0,1.288998340685E0,-4.901735931288E0));
#7304=VERTEX_POINT('',#7302);
#7305=VERTEX_POINT('',#7303);
#7306=CARTESIAN_POINT('',(7.375E0,1.400401565356E0,-1.55E0));
#7307=CARTESIAN_POINT('',(7.375E0,1.653913252054E0,-1.696365040558E0));
#7308=VERTEX_POINT('',#7306);
#7309=VERTEX_POINT('',#7307);
#7310=CARTESIAN_POINT('',(7.375E0,1.9E0,-7.516471170518E-1));
#7311=VERTEX_POINT('',#7310);
#7312=CARTESIAN_POINT('',(7.375E0,2.077E0,-5.7E0));
#7313=VERTEX_POINT('',#7312);
#7314=CARTESIAN_POINT('',(7.625E0,3.1E-1,-6.5E0));
#7315=VERTEX_POINT('',#7314);
#7316=CARTESIAN_POINT('',(7.625E0,3.53E-1,-5.7E0));
#7317=VERTEX_POINT('',#7316);
#7318=CARTESIAN_POINT('',(7.625E0,1.000000000001E-2,-6.5E0));
#7319=VERTEX_POINT('',#7318);
#7320=CARTESIAN_POINT('',(7.625E0,7.E-2,-5.35E0));
#7321=VERTEX_POINT('',#7320);
#7322=CARTESIAN_POINT('',(7.625E0,4.E-1,-5.35E0));
#7323=VERTEX_POINT('',#7322);
#7324=CARTESIAN_POINT('',(7.625E0,8.E-1,-4.901735931288E0));
#7325=VERTEX_POINT('',#7324);
#7326=CARTESIAN_POINT('',(7.625E0,1.288998340685E0,-4.901735931288E0));
#7327=VERTEX_POINT('',#7326);
#7328=CARTESIAN_POINT('',(7.625E0,1.653913252054E0,-1.696365040558E0));
#7329=VERTEX_POINT('',#7328);
#7330=CARTESIAN_POINT('',(7.625E0,1.400401565356E0,-1.55E0));
#7331=VERTEX_POINT('',#7330);
#7332=CARTESIAN_POINT('',(7.625E0,1.9E0,-7.516471170518E-1));
#7333=VERTEX_POINT('',#7332);
#7334=CARTESIAN_POINT('',(7.625E0,2.077E0,-5.7E0));
#7335=VERTEX_POINT('',#7334);
#7336=CARTESIAN_POINT('',(6.375E0,3.1E-1,-6.5E0));
#7337=CARTESIAN_POINT('',(6.375E0,3.53E-1,-5.7E0));
#7338=VERTEX_POINT('',#7336);
#7339=VERTEX_POINT('',#7337);
#7340=CARTESIAN_POINT('',(6.375E0,1.000000000001E-2,-6.5E0));
#7341=VERTEX_POINT('',#7340);
#7342=CARTESIAN_POINT('',(6.375E0,7.E-2,-5.35E0));
#7343=VERTEX_POINT('',#7342);
#7344=CARTESIAN_POINT('',(6.375E0,4.E-1,-5.35E0));
#7345=VERTEX_POINT('',#7344);
#7346=CARTESIAN_POINT('',(6.375E0,8.E-1,-4.901735931288E0));
#7347=CARTESIAN_POINT('',(6.375E0,1.288998340685E0,-4.901735931288E0));
#7348=VERTEX_POINT('',#7346);
#7349=VERTEX_POINT('',#7347);
#7350=CARTESIAN_POINT('',(6.375E0,1.400401565356E0,-1.55E0));
#7351=CARTESIAN_POINT('',(6.375E0,1.653913252054E0,-1.696365040558E0));
#7352=VERTEX_POINT('',#7350);
#7353=VERTEX_POINT('',#7351);
#7354=CARTESIAN_POINT('',(6.375E0,1.9E0,-7.516471170518E-1));
#7355=VERTEX_POINT('',#7354);
#7356=CARTESIAN_POINT('',(6.375E0,2.077E0,-5.7E0));
#7357=VERTEX_POINT('',#7356);
#7358=CARTESIAN_POINT('',(6.625E0,3.1E-1,-6.5E0));
#7359=VERTEX_POINT('',#7358);
#7360=CARTESIAN_POINT('',(6.625E0,3.53E-1,-5.7E0));
#7361=VERTEX_POINT('',#7360);
#7362=CARTESIAN_POINT('',(6.625E0,1.000000000001E-2,-6.5E0));
#7363=VERTEX_POINT('',#7362);
#7364=CARTESIAN_POINT('',(6.625E0,7.E-2,-5.35E0));
#7365=VERTEX_POINT('',#7364);
#7366=CARTESIAN_POINT('',(6.625E0,4.E-1,-5.35E0));
#7367=VERTEX_POINT('',#7366);
#7368=CARTESIAN_POINT('',(6.625E0,8.E-1,-4.901735931288E0));
#7369=VERTEX_POINT('',#7368);
#7370=CARTESIAN_POINT('',(6.625E0,1.288998340685E0,-4.901735931288E0));
#7371=VERTEX_POINT('',#7370);
#7372=CARTESIAN_POINT('',(6.625E0,1.653913252054E0,-1.696365040558E0));
#7373=VERTEX_POINT('',#7372);
#7374=CARTESIAN_POINT('',(6.625E0,1.400401565356E0,-1.55E0));
#7375=VERTEX_POINT('',#7374);
#7376=CARTESIAN_POINT('',(6.625E0,1.9E0,-7.516471170518E-1));
#7377=VERTEX_POINT('',#7376);
#7378=CARTESIAN_POINT('',(6.625E0,2.077E0,-5.7E0));
#7379=VERTEX_POINT('',#7378);
#7380=CARTESIAN_POINT('',(5.375E0,3.1E-1,-6.5E0));
#7381=CARTESIAN_POINT('',(5.375E0,3.53E-1,-5.7E0));
#7382=VERTEX_POINT('',#7380);
#7383=VERTEX_POINT('',#7381);
#7384=CARTESIAN_POINT('',(5.375E0,1.000000000001E-2,-6.5E0));
#7385=VERTEX_POINT('',#7384);
#7386=CARTESIAN_POINT('',(5.375E0,7.E-2,-5.35E0));
#7387=VERTEX_POINT('',#7386);
#7388=CARTESIAN_POINT('',(5.375E0,4.E-1,-5.35E0));
#7389=VERTEX_POINT('',#7388);
#7390=CARTESIAN_POINT('',(5.375E0,8.E-1,-4.901735931288E0));
#7391=CARTESIAN_POINT('',(5.375E0,1.288998340685E0,-4.901735931288E0));
#7392=VERTEX_POINT('',#7390);
#7393=VERTEX_POINT('',#7391);
#7394=CARTESIAN_POINT('',(5.375E0,1.400401565356E0,-1.55E0));
#7395=CARTESIAN_POINT('',(5.375E0,1.653913252054E0,-1.696365040558E0));
#7396=VERTEX_POINT('',#7394);
#7397=VERTEX_POINT('',#7395);
#7398=CARTESIAN_POINT('',(5.375E0,1.9E0,-7.516471170518E-1));
#7399=VERTEX_POINT('',#7398);
#7400=CARTESIAN_POINT('',(5.375E0,2.077E0,-5.7E0));
#7401=VERTEX_POINT('',#7400);
#7402=CARTESIAN_POINT('',(5.625E0,3.1E-1,-6.5E0));
#7403=VERTEX_POINT('',#7402);
#7404=CARTESIAN_POINT('',(5.625E0,3.53E-1,-5.7E0));
#7405=VERTEX_POINT('',#7404);
#7406=CARTESIAN_POINT('',(5.625E0,1.000000000001E-2,-6.5E0));
#7407=VERTEX_POINT('',#7406);
#7408=CARTESIAN_POINT('',(5.625E0,7.E-2,-5.35E0));
#7409=VERTEX_POINT('',#7408);
#7410=CARTESIAN_POINT('',(5.625E0,4.E-1,-5.35E0));
#7411=VERTEX_POINT('',#7410);
#7412=CARTESIAN_POINT('',(5.625E0,8.E-1,-4.901735931288E0));
#7413=VERTEX_POINT('',#7412);
#7414=CARTESIAN_POINT('',(5.625E0,1.288998340685E0,-4.901735931288E0));
#7415=VERTEX_POINT('',#7414);
#7416=CARTESIAN_POINT('',(5.625E0,1.653913252054E0,-1.696365040558E0));
#7417=VERTEX_POINT('',#7416);
#7418=CARTESIAN_POINT('',(5.625E0,1.400401565356E0,-1.55E0));
#7419=VERTEX_POINT('',#7418);
#7420=CARTESIAN_POINT('',(5.625E0,1.9E0,-7.516471170518E-1));
#7421=VERTEX_POINT('',#7420);
#7422=CARTESIAN_POINT('',(5.625E0,2.077E0,-5.7E0));
#7423=VERTEX_POINT('',#7422);
#7424=CARTESIAN_POINT('',(4.375E0,3.1E-1,-6.5E0));
#7425=CARTESIAN_POINT('',(4.375E0,3.53E-1,-5.7E0));
#7426=VERTEX_POINT('',#7424);
#7427=VERTEX_POINT('',#7425);
#7428=CARTESIAN_POINT('',(4.375E0,1.000000000001E-2,-6.5E0));
#7429=VERTEX_POINT('',#7428);
#7430=CARTESIAN_POINT('',(4.375E0,7.E-2,-5.35E0));
#7431=VERTEX_POINT('',#7430);
#7432=CARTESIAN_POINT('',(4.375E0,4.E-1,-5.35E0));
#7433=VERTEX_POINT('',#7432);
#7434=CARTESIAN_POINT('',(4.375E0,8.E-1,-4.901735931288E0));
#7435=CARTESIAN_POINT('',(4.375E0,1.288998340685E0,-4.901735931288E0));
#7436=VERTEX_POINT('',#7434);
#7437=VERTEX_POINT('',#7435);
#7438=CARTESIAN_POINT('',(4.375E0,1.400401565356E0,-1.55E0));
#7439=CARTESIAN_POINT('',(4.375E0,1.653913252054E0,-1.696365040558E0));
#7440=VERTEX_POINT('',#7438);
#7441=VERTEX_POINT('',#7439);
#7442=CARTESIAN_POINT('',(4.375E0,1.9E0,-7.516471170518E-1));
#7443=VERTEX_POINT('',#7442);
#7444=CARTESIAN_POINT('',(4.375E0,2.077E0,-5.7E0));
#7445=VERTEX_POINT('',#7444);
#7446=CARTESIAN_POINT('',(4.625E0,3.1E-1,-6.5E0));
#7447=VERTEX_POINT('',#7446);
#7448=CARTESIAN_POINT('',(4.625E0,3.53E-1,-5.7E0));
#7449=VERTEX_POINT('',#7448);
#7450=CARTESIAN_POINT('',(4.625E0,1.000000000001E-2,-6.5E0));
#7451=VERTEX_POINT('',#7450);
#7452=CARTESIAN_POINT('',(4.625E0,7.E-2,-5.35E0));
#7453=VERTEX_POINT('',#7452);
#7454=CARTESIAN_POINT('',(4.625E0,4.E-1,-5.35E0));
#7455=VERTEX_POINT('',#7454);
#7456=CARTESIAN_POINT('',(4.625E0,8.E-1,-4.901735931288E0));
#7457=VERTEX_POINT('',#7456);
#7458=CARTESIAN_POINT('',(4.625E0,1.288998340685E0,-4.901735931288E0));
#7459=VERTEX_POINT('',#7458);
#7460=CARTESIAN_POINT('',(4.625E0,1.653913252054E0,-1.696365040558E0));
#7461=VERTEX_POINT('',#7460);
#7462=CARTESIAN_POINT('',(4.625E0,1.400401565356E0,-1.55E0));
#7463=VERTEX_POINT('',#7462);
#7464=CARTESIAN_POINT('',(4.625E0,1.9E0,-7.516471170518E-1));
#7465=VERTEX_POINT('',#7464);
#7466=CARTESIAN_POINT('',(4.625E0,2.077E0,-5.7E0));
#7467=VERTEX_POINT('',#7466);
#7468=CARTESIAN_POINT('',(3.750000000001E-1,3.1E-1,-6.5E0));
#7469=CARTESIAN_POINT('',(3.750000000001E-1,3.53E-1,-5.7E0));
#7470=VERTEX_POINT('',#7468);
#7471=VERTEX_POINT('',#7469);
#7472=CARTESIAN_POINT('',(3.750000000001E-1,1.000000000001E-2,-6.5E0));
#7473=VERTEX_POINT('',#7472);
#7474=CARTESIAN_POINT('',(3.750000000001E-1,7.E-2,-5.35E0));
#7475=VERTEX_POINT('',#7474);
#7476=CARTESIAN_POINT('',(3.750000000001E-1,4.E-1,-5.35E0));
#7477=VERTEX_POINT('',#7476);
#7478=CARTESIAN_POINT('',(3.750000000001E-1,8.E-1,-4.901735931288E0));
#7479=CARTESIAN_POINT('',(3.750000000001E-1,1.288998340685E0,
-4.901735931288E0));
#7480=VERTEX_POINT('',#7478);
#7481=VERTEX_POINT('',#7479);
#7482=CARTESIAN_POINT('',(3.750000000001E-1,1.400401565356E0,-1.55E0));
#7483=CARTESIAN_POINT('',(3.750000000001E-1,1.653913252054E0,
-1.696365040558E0));
#7484=VERTEX_POINT('',#7482);
#7485=VERTEX_POINT('',#7483);
#7486=CARTESIAN_POINT('',(3.750000000001E-1,1.9E0,-7.516471170518E-1));
#7487=VERTEX_POINT('',#7486);
#7488=CARTESIAN_POINT('',(3.750000000001E-1,2.077E0,-5.7E0));
#7489=VERTEX_POINT('',#7488);
#7490=CARTESIAN_POINT('',(6.249999999999E-1,3.1E-1,-6.5E0));
#7491=VERTEX_POINT('',#7490);
#7492=CARTESIAN_POINT('',(6.249999999999E-1,3.53E-1,-5.7E0));
#7493=VERTEX_POINT('',#7492);
#7494=CARTESIAN_POINT('',(6.249999999999E-1,1.000000000001E-2,-6.5E0));
#7495=VERTEX_POINT('',#7494);
#7496=CARTESIAN_POINT('',(6.249999999999E-1,7.E-2,-5.35E0));
#7497=VERTEX_POINT('',#7496);
#7498=CARTESIAN_POINT('',(6.249999999999E-1,4.E-1,-5.35E0));
#7499=VERTEX_POINT('',#7498);
#7500=CARTESIAN_POINT('',(6.249999999999E-1,8.E-1,-4.901735931288E0));
#7501=VERTEX_POINT('',#7500);
#7502=CARTESIAN_POINT('',(6.249999999999E-1,1.288998340685E0,
-4.901735931288E0));
#7503=VERTEX_POINT('',#7502);
#7504=CARTESIAN_POINT('',(6.249999999999E-1,1.653913252054E0,
-1.696365040558E0));
#7505=VERTEX_POINT('',#7504);
#7506=CARTESIAN_POINT('',(6.249999999999E-1,1.400401565356E0,-1.55E0));
#7507=VERTEX_POINT('',#7506);
#7508=CARTESIAN_POINT('',(6.249999999999E-1,1.9E0,-7.516471170518E-1));
#7509=VERTEX_POINT('',#7508);
#7510=CARTESIAN_POINT('',(6.249999999999E-1,2.077E0,-5.7E0));
#7511=VERTEX_POINT('',#7510);
#7512=CARTESIAN_POINT('',(1.375E0,3.1E-1,-6.5E0));
#7513=CARTESIAN_POINT('',(1.375E0,3.53E-1,-5.7E0));
#7514=VERTEX_POINT('',#7512);
#7515=VERTEX_POINT('',#7513);
#7516=CARTESIAN_POINT('',(1.375E0,1.000000000001E-2,-6.5E0));
#7517=VERTEX_POINT('',#7516);
#7518=CARTESIAN_POINT('',(1.375E0,7.E-2,-5.35E0));
#7519=VERTEX_POINT('',#7518);
#7520=CARTESIAN_POINT('',(1.375E0,4.E-1,-5.35E0));
#7521=VERTEX_POINT('',#7520);
#7522=CARTESIAN_POINT('',(1.375E0,8.E-1,-4.901735931288E0));
#7523=CARTESIAN_POINT('',(1.375E0,1.288998340685E0,-4.901735931288E0));
#7524=VERTEX_POINT('',#7522);
#7525=VERTEX_POINT('',#7523);
#7526=CARTESIAN_POINT('',(1.375E0,1.400401565356E0,-1.55E0));
#7527=CARTESIAN_POINT('',(1.375E0,1.653913252054E0,-1.696365040558E0));
#7528=VERTEX_POINT('',#7526);
#7529=VERTEX_POINT('',#7527);
#7530=CARTESIAN_POINT('',(1.375E0,1.9E0,-7.516471170518E-1));
#7531=VERTEX_POINT('',#7530);
#7532=CARTESIAN_POINT('',(1.375E0,2.077E0,-5.7E0));
#7533=VERTEX_POINT('',#7532);
#7534=CARTESIAN_POINT('',(1.625E0,3.1E-1,-6.5E0));
#7535=VERTEX_POINT('',#7534);
#7536=CARTESIAN_POINT('',(1.625E0,3.53E-1,-5.7E0));
#7537=VERTEX_POINT('',#7536);
#7538=CARTESIAN_POINT('',(1.625E0,1.000000000001E-2,-6.5E0));
#7539=VERTEX_POINT('',#7538);
#7540=CARTESIAN_POINT('',(1.625E0,7.E-2,-5.35E0));
#7541=VERTEX_POINT('',#7540);
#7542=CARTESIAN_POINT('',(1.625E0,4.E-1,-5.35E0));
#7543=VERTEX_POINT('',#7542);
#7544=CARTESIAN_POINT('',(1.625E0,8.E-1,-4.901735931288E0));
#7545=VERTEX_POINT('',#7544);
#7546=CARTESIAN_POINT('',(1.625E0,1.288998340685E0,-4.901735931288E0));
#7547=VERTEX_POINT('',#7546);
#7548=CARTESIAN_POINT('',(1.625E0,1.653913252054E0,-1.696365040558E0));
#7549=VERTEX_POINT('',#7548);
#7550=CARTESIAN_POINT('',(1.625E0,1.400401565356E0,-1.55E0));
#7551=VERTEX_POINT('',#7550);
#7552=CARTESIAN_POINT('',(1.625E0,1.9E0,-7.516471170518E-1));
#7553=VERTEX_POINT('',#7552);
#7554=CARTESIAN_POINT('',(1.625E0,2.077E0,-5.7E0));
#7555=VERTEX_POINT('',#7554);
#7556=CARTESIAN_POINT('',(2.375E0,3.1E-1,-6.5E0));
#7557=CARTESIAN_POINT('',(2.375E0,3.53E-1,-5.7E0));
#7558=VERTEX_POINT('',#7556);
#7559=VERTEX_POINT('',#7557);
#7560=CARTESIAN_POINT('',(2.375E0,1.000000000001E-2,-6.5E0));
#7561=VERTEX_POINT('',#7560);
#7562=CARTESIAN_POINT('',(2.375E0,7.E-2,-5.35E0));
#7563=VERTEX_POINT('',#7562);
#7564=CARTESIAN_POINT('',(2.375E0,4.E-1,-5.35E0));
#7565=VERTEX_POINT('',#7564);
#7566=CARTESIAN_POINT('',(2.375E0,8.E-1,-4.901735931288E0));
#7567=CARTESIAN_POINT('',(2.375E0,1.288998340685E0,-4.901735931288E0));
#7568=VERTEX_POINT('',#7566);
#7569=VERTEX_POINT('',#7567);
#7570=CARTESIAN_POINT('',(2.375E0,1.400401565356E0,-1.55E0));
#7571=CARTESIAN_POINT('',(2.375E0,1.653913252054E0,-1.696365040558E0));
#7572=VERTEX_POINT('',#7570);
#7573=VERTEX_POINT('',#7571);
#7574=CARTESIAN_POINT('',(2.375E0,1.9E0,-7.516471170518E-1));
#7575=VERTEX_POINT('',#7574);
#7576=CARTESIAN_POINT('',(2.375E0,2.077E0,-5.7E0));
#7577=VERTEX_POINT('',#7576);
#7578=CARTESIAN_POINT('',(2.625E0,3.1E-1,-6.5E0));
#7579=VERTEX_POINT('',#7578);
#7580=CARTESIAN_POINT('',(2.625E0,3.53E-1,-5.7E0));
#7581=VERTEX_POINT('',#7580);
#7582=CARTESIAN_POINT('',(2.625E0,1.000000000001E-2,-6.5E0));
#7583=VERTEX_POINT('',#7582);
#7584=CARTESIAN_POINT('',(2.625E0,7.E-2,-5.35E0));
#7585=VERTEX_POINT('',#7584);
#7586=CARTESIAN_POINT('',(2.625E0,4.E-1,-5.35E0));
#7587=VERTEX_POINT('',#7586);
#7588=CARTESIAN_POINT('',(2.625E0,8.E-1,-4.901735931288E0));
#7589=VERTEX_POINT('',#7588);
#7590=CARTESIAN_POINT('',(2.625E0,1.288998340685E0,-4.901735931288E0));
#7591=VERTEX_POINT('',#7590);
#7592=CARTESIAN_POINT('',(2.625E0,1.653913252054E0,-1.696365040558E0));
#7593=VERTEX_POINT('',#7592);
#7594=CARTESIAN_POINT('',(2.625E0,1.400401565356E0,-1.55E0));
#7595=VERTEX_POINT('',#7594);
#7596=CARTESIAN_POINT('',(2.625E0,1.9E0,-7.516471170518E-1));
#7597=VERTEX_POINT('',#7596);
#7598=CARTESIAN_POINT('',(2.625E0,2.077E0,-5.7E0));
#7599=VERTEX_POINT('',#7598);
#7600=CARTESIAN_POINT('',(3.375E0,3.1E-1,-6.5E0));
#7601=CARTESIAN_POINT('',(3.375E0,3.53E-1,-5.7E0));
#7602=VERTEX_POINT('',#7600);
#7603=VERTEX_POINT('',#7601);
#7604=CARTESIAN_POINT('',(3.375E0,1.000000000001E-2,-6.5E0));
#7605=VERTEX_POINT('',#7604);
#7606=CARTESIAN_POINT('',(3.375E0,7.E-2,-5.35E0));
#7607=VERTEX_POINT('',#7606);
#7608=CARTESIAN_POINT('',(3.375E0,4.E-1,-5.35E0));
#7609=VERTEX_POINT('',#7608);
#7610=CARTESIAN_POINT('',(3.375E0,8.E-1,-4.901735931288E0));
#7611=CARTESIAN_POINT('',(3.375E0,1.288998340685E0,-4.901735931288E0));
#7612=VERTEX_POINT('',#7610);
#7613=VERTEX_POINT('',#7611);
#7614=CARTESIAN_POINT('',(3.375E0,1.400401565356E0,-1.55E0));
#7615=CARTESIAN_POINT('',(3.375E0,1.653913252054E0,-1.696365040558E0));
#7616=VERTEX_POINT('',#7614);
#7617=VERTEX_POINT('',#7615);
#7618=CARTESIAN_POINT('',(3.375E0,1.9E0,-7.516471170518E-1));
#7619=VERTEX_POINT('',#7618);
#7620=CARTESIAN_POINT('',(3.375E0,2.077E0,-5.7E0));
#7621=VERTEX_POINT('',#7620);
#7622=CARTESIAN_POINT('',(3.625E0,3.1E-1,-6.5E0));
#7623=VERTEX_POINT('',#7622);
#7624=CARTESIAN_POINT('',(3.625E0,3.53E-1,-5.7E0));
#7625=VERTEX_POINT('',#7624);
#7626=CARTESIAN_POINT('',(3.625E0,1.000000000001E-2,-6.5E0));
#7627=VERTEX_POINT('',#7626);
#7628=CARTESIAN_POINT('',(3.625E0,7.E-2,-5.35E0));
#7629=VERTEX_POINT('',#7628);
#7630=CARTESIAN_POINT('',(3.625E0,4.E-1,-5.35E0));
#7631=VERTEX_POINT('',#7630);
#7632=CARTESIAN_POINT('',(3.625E0,8.E-1,-4.901735931288E0));
#7633=VERTEX_POINT('',#7632);
#7634=CARTESIAN_POINT('',(3.625E0,1.288998340685E0,-4.901735931288E0));
#7635=VERTEX_POINT('',#7634);
#7636=CARTESIAN_POINT('',(3.625E0,1.653913252054E0,-1.696365040558E0));
#7637=VERTEX_POINT('',#7636);
#7638=CARTESIAN_POINT('',(3.625E0,1.400401565356E0,-1.55E0));
#7639=VERTEX_POINT('',#7638);
#7640=CARTESIAN_POINT('',(3.625E0,1.9E0,-7.516471170518E-1));
#7641=VERTEX_POINT('',#7640);
#7642=CARTESIAN_POINT('',(3.625E0,2.077E0,-5.7E0));
#7643=VERTEX_POINT('',#7642);
#7644=CARTESIAN_POINT('',(9.4E0,5.040156535590E-2,-1.2E0));
#7645=CARTESIAN_POINT('',(9.4E0,5.040156535590E-2,0.E0));
#7646=VERTEX_POINT('',#7644);
#7647=VERTEX_POINT('',#7645);
#7648=CARTESIAN_POINT('',(8.65E0,1.300401565356E0,0.E0));
#7649=CARTESIAN_POINT('',(8.65E0,2.300401565356E0,0.E0));
#7650=VERTEX_POINT('',#7648);
#7651=VERTEX_POINT('',#7649);
#7652=CARTESIAN_POINT('',(1.07E1,2.300401565356E0,-1.609823385706E-14));
#7653=VERTEX_POINT('',#7652);
#7654=CARTESIAN_POINT('',(1.09E1,2.100401565356E0,-3.841371665203E-14));
#7655=VERTEX_POINT('',#7654);
#7656=CARTESIAN_POINT('',(1.09E1,3.504015653559E-1,0.E0));
#7657=VERTEX_POINT('',#7656);
#7658=CARTESIAN_POINT('',(1.07E1,1.504015653559E-1,-1.076569389191E-14));
#7659=VERTEX_POINT('',#7658);
#7660=CARTESIAN_POINT('',(9.4E0,1.504015653559E-1,0.E0));
#7661=VERTEX_POINT('',#7660);
#7662=CARTESIAN_POINT('',(8.209060481832E0,1.300401565356E0,-1.1E0));
#7663=CARTESIAN_POINT('',(8.65E0,1.300401565356E0,-1.1E0));
#7664=VERTEX_POINT('',#7662);
#7665=VERTEX_POINT('',#7663);
#7666=CARTESIAN_POINT('',(8.226693179901E0,6.504015653559E-1,-1.2E0));
#7667=CARTESIAN_POINT('',(8.244325877975E0,7.504015653560E-1,-1.3E0));
#7668=VERTEX_POINT('',#7666);
#7669=VERTEX_POINT('',#7667);
#7670=CARTESIAN_POINT('',(8.226693179902E0,6.002677102373E-1,-1.2E0));
#7671=VERTEX_POINT('',#7670);
#7672=CARTESIAN_POINT('',(1.09E1,2.100401565356E0,-1.2E0));
#7673=CARTESIAN_POINT('',(1.07E1,2.300401565356E0,-1.2E0));
#7674=VERTEX_POINT('',#7672);
#7675=VERTEX_POINT('',#7673);
#7676=CARTESIAN_POINT('',(1.09E1,3.504015653559E-1,-1.2E0));
#7677=VERTEX_POINT('',#7676);
#7678=CARTESIAN_POINT('',(1.07E1,1.504015653559E-1,-1.2E0));
#7679=VERTEX_POINT('',#7678);
#7680=CARTESIAN_POINT('',(9.4E0,1.504015653559E-1,-1.2E0));
#7681=VERTEX_POINT('',#7680);
#7682=CARTESIAN_POINT('',(8.65E0,2.300401565356E0,-1.1E0));
#7683=VERTEX_POINT('',#7682);
#7684=CARTESIAN_POINT('',(9.339999999999E0,2.300401565356E0,-1.1E0));
#7685=VERTEX_POINT('',#7684);
#7686=CARTESIAN_POINT('',(9.339999999998E0,6.002677102373E-1,-1.1E0));
#7687=VERTEX_POINT('',#7686);
#7688=CARTESIAN_POINT('',(8.209060481833E0,6.002677102373E-1,-1.1E0));
#7689=VERTEX_POINT('',#7688);
#7690=CARTESIAN_POINT('',(1.02E1,6.004015653559E-1,-4.85E0));
#7691=CARTESIAN_POINT('',(1.02E1,8.187837059156E-1,-5.45E0));
#7692=VERTEX_POINT('',#7690);
#7693=VERTEX_POINT('',#7691);
#7694=CARTESIAN_POINT('',(1.02E1,1.638931254904E0,-5.45E0));
#7695=VERTEX_POINT('',#7694);
#7696=CARTESIAN_POINT('',(9.538675134594E0,8.187837059156E-1,-5.45E0));
#7697=VERTEX_POINT('',#7696);
#7698=CARTESIAN_POINT('',(9.538675134594E0,1.638931254904E0,-5.45E0));
#7699=VERTEX_POINT('',#7698);
#7700=CARTESIAN_POINT('',(8.E0,2.7E0,-4.8E0));
#7701=CARTESIAN_POINT('',(8.E0,2.45E0,-4.8E0));
#7702=VERTEX_POINT('',#7700);
#7703=VERTEX_POINT('',#7701);
#7704=CARTESIAN_POINT('',(9.25E0,2.45E0,-4.8E0));
#7705=VERTEX_POINT('',#7704);
#7706=CARTESIAN_POINT('',(9.25E0,2.35E0,-4.8E0));
#7707=VERTEX_POINT('',#7706);
#7708=CARTESIAN_POINT('',(8.735E0,2.35E0,-4.8E0));
#7709=VERTEX_POINT('',#7708);
#7710=CARTESIAN_POINT('',(8.735E0,3.5E-1,-4.8E0));
#7711=VERTEX_POINT('',#7710);
#7712=CARTESIAN_POINT('',(9.25E0,3.5E-1,-4.8E0));
#7713=VERTEX_POINT('',#7712);
#7714=CARTESIAN_POINT('',(9.25E0,2.5E-1,-4.8E0));
#7715=VERTEX_POINT('',#7714);
#7716=CARTESIAN_POINT('',(8.E0,2.5E-1,-4.8E0));
#7717=CARTESIAN_POINT('',(8.E0,0.E0,-4.8E0));
#7718=VERTEX_POINT('',#7716);
#7719=VERTEX_POINT('',#7717);
#7720=CARTESIAN_POINT('',(8.265E0,3.5E-1,-4.8E0));
#7721=CARTESIAN_POINT('',(8.265E0,2.35E0,-4.8E0));
#7722=VERTEX_POINT('',#7720);
#7723=VERTEX_POINT('',#7721);
#7724=CARTESIAN_POINT('',(8.720000000001E0,1.8E0,-1.2E0));
#7725=CARTESIAN_POINT('',(8.5E0,1.8E0,-1.2E0));
#7726=VERTEX_POINT('',#7724);
#7727=VERTEX_POINT('',#7725);
#7728=CARTESIAN_POINT('',(8.5E0,1.8E0,-1.E0));
#7729=VERTEX_POINT('',#7728);
#7730=CARTESIAN_POINT('',(8.5E0,2.2E0,-1.E0));
#7731=VERTEX_POINT('',#7730);
#7732=CARTESIAN_POINT('',(8.5E0,2.2E0,0.E0));
#7733=VERTEX_POINT('',#7732);
#7734=CARTESIAN_POINT('',(8.E0,2.45E0,0.E0));
#7735=CARTESIAN_POINT('',(8.E0,2.7E0,0.E0));
#7736=VERTEX_POINT('',#7734);
#7737=VERTEX_POINT('',#7735);
#7738=CARTESIAN_POINT('',(8.5E0,2.45E0,0.E0));
#7739=VERTEX_POINT('',#7738);
#7740=CARTESIAN_POINT('',(9.25E0,2.45E0,-4.65E0));
#7741=VERTEX_POINT('',#7740);
#7742=CARTESIAN_POINT('',(9.65E0,2.45E0,-4.65E0));
#7743=VERTEX_POINT('',#7742);
#7744=CARTESIAN_POINT('',(1.03E1,2.45E0,-4.E0));
#7745=VERTEX_POINT('',#7744);
#7746=CARTESIAN_POINT('',(1.03E1,2.45E0,-1.2E0));
#7747=VERTEX_POINT('',#7746);
#7748=CARTESIAN_POINT('',(8.5E0,2.45E0,-1.2E0));
#7749=VERTEX_POINT('',#7748);
#7750=CARTESIAN_POINT('',(9.25E0,3.5E-1,-5.333333333333E0));
#7751=CARTESIAN_POINT('',(9.25E0,2.35E0,-5.333333333333E0));
#7752=VERTEX_POINT('',#7750);
#7753=VERTEX_POINT('',#7751);
#7754=CARTESIAN_POINT('',(9.25E0,2.5E-1,-4.65E0));
#7755=VERTEX_POINT('',#7754);
#7756=CARTESIAN_POINT('',(9.2E0,2.35E0,-5.5E0));
#7757=CARTESIAN_POINT('',(9.2E0,3.5E-1,-5.5E0));
#7758=VERTEX_POINT('',#7756);
#7759=VERTEX_POINT('',#7757);
#7760=CARTESIAN_POINT('',(8.9E0,3.5E-1,-5.5E0));
#7761=VERTEX_POINT('',#7760);
#7762=CARTESIAN_POINT('',(8.9E0,2.35E0,-5.5E0));
#7763=VERTEX_POINT('',#7762);
#7764=CARTESIAN_POINT('',(8.734999999999E0,2.35E0,-5.E0));
#7765=VERTEX_POINT('',#7764);
#7766=CARTESIAN_POINT('',(8.734999999999E0,3.5E-1,-5.E0));
#7767=VERTEX_POINT('',#7766);
#7768=CARTESIAN_POINT('',(9.65E0,2.5E-1,-4.65E0));
#7769=VERTEX_POINT('',#7768);
#7770=CARTESIAN_POINT('',(1.03E1,2.5E-1,-4.E0));
#7771=VERTEX_POINT('',#7770);
#7772=CARTESIAN_POINT('',(8.E0,0.E0,-1.2E0));
#7773=VERTEX_POINT('',#7772);
#7774=CARTESIAN_POINT('',(1.03E1,6.E-1,-4.E0));
#7775=VERTEX_POINT('',#7774);
#7776=CARTESIAN_POINT('',(8.720000000001E0,1.3E0,-1.2E0));
#7777=VERTEX_POINT('',#7776);
#7778=CARTESIAN_POINT('',(1.03E1,2.1E0,-4.E0));
#7779=VERTEX_POINT('',#7778);
#7780=CARTESIAN_POINT('',(3.500000000002E-1,3.5E-1,-5.E0));
#7781=CARTESIAN_POINT('',(1.999999999997E-1,3.5E-1,-5.5E0));
#7782=VERTEX_POINT('',#7780);
#7783=VERTEX_POINT('',#7781);
#7784=CARTESIAN_POINT('',(3.5E-1,3.5E-1,-4.85E0));
#7785=VERTEX_POINT('',#7784);
#7786=CARTESIAN_POINT('',(6.5E-1,3.5E-1,-4.85E0));
#7787=VERTEX_POINT('',#7786);
#7788=CARTESIAN_POINT('',(6.499999999998E-1,3.5E-1,-5.E0));
#7789=VERTEX_POINT('',#7788);
#7790=CARTESIAN_POINT('',(8.000000000003E-1,3.5E-1,-5.5E0));
#7791=VERTEX_POINT('',#7790);
#7792=CARTESIAN_POINT('',(1.2E0,3.5E-1,-5.5E0));
#7793=VERTEX_POINT('',#7792);
#7794=CARTESIAN_POINT('',(1.35E0,3.5E-1,-5.E0));
#7795=VERTEX_POINT('',#7794);
#7796=CARTESIAN_POINT('',(1.35E0,3.5E-1,-4.85E0));
#7797=VERTEX_POINT('',#7796);
#7798=CARTESIAN_POINT('',(1.65E0,3.5E-1,-4.85E0));
#7799=VERTEX_POINT('',#7798);
#7800=CARTESIAN_POINT('',(1.65E0,3.5E-1,-5.E0));
#7801=VERTEX_POINT('',#7800);
#7802=CARTESIAN_POINT('',(1.8E0,3.5E-1,-5.5E0));
#7803=VERTEX_POINT('',#7802);
#7804=CARTESIAN_POINT('',(2.2E0,3.5E-1,-5.5E0));
#7805=VERTEX_POINT('',#7804);
#7806=CARTESIAN_POINT('',(2.35E0,3.5E-1,-5.E0));
#7807=VERTEX_POINT('',#7806);
#7808=CARTESIAN_POINT('',(2.35E0,3.5E-1,-4.85E0));
#7809=VERTEX_POINT('',#7808);
#7810=CARTESIAN_POINT('',(2.65E0,3.5E-1,-4.85E0));
#7811=VERTEX_POINT('',#7810);
#7812=CARTESIAN_POINT('',(2.65E0,3.5E-1,-5.E0));
#7813=VERTEX_POINT('',#7812);
#7814=CARTESIAN_POINT('',(2.8E0,3.5E-1,-5.5E0));
#7815=VERTEX_POINT('',#7814);
#7816=CARTESIAN_POINT('',(3.2E0,3.5E-1,-5.5E0));
#7817=VERTEX_POINT('',#7816);
#7818=CARTESIAN_POINT('',(3.35E0,3.5E-1,-5.E0));
#7819=VERTEX_POINT('',#7818);
#7820=CARTESIAN_POINT('',(3.35E0,3.5E-1,-4.85E0));
#7821=VERTEX_POINT('',#7820);
#7822=CARTESIAN_POINT('',(3.65E0,3.5E-1,-4.85E0));
#7823=VERTEX_POINT('',#7822);
#7824=CARTESIAN_POINT('',(3.65E0,3.5E-1,-5.E0));
#7825=VERTEX_POINT('',#7824);
#7826=CARTESIAN_POINT('',(3.8E0,3.5E-1,-5.5E0));
#7827=VERTEX_POINT('',#7826);
#7828=CARTESIAN_POINT('',(4.2E0,3.5E-1,-5.5E0));
#7829=VERTEX_POINT('',#7828);
#7830=CARTESIAN_POINT('',(4.35E0,3.5E-1,-5.E0));
#7831=VERTEX_POINT('',#7830);
#7832=CARTESIAN_POINT('',(4.35E0,3.5E-1,-4.85E0));
#7833=VERTEX_POINT('',#7832);
#7834=CARTESIAN_POINT('',(4.65E0,3.5E-1,-4.85E0));
#7835=VERTEX_POINT('',#7834);
#7836=CARTESIAN_POINT('',(4.65E0,3.5E-1,-5.E0));
#7837=VERTEX_POINT('',#7836);
#7838=CARTESIAN_POINT('',(4.8E0,3.5E-1,-5.5E0));
#7839=VERTEX_POINT('',#7838);
#7840=CARTESIAN_POINT('',(5.2E0,3.5E-1,-5.5E0));
#7841=VERTEX_POINT('',#7840);
#7842=CARTESIAN_POINT('',(5.35E0,3.5E-1,-5.E0));
#7843=VERTEX_POINT('',#7842);
#7844=CARTESIAN_POINT('',(5.35E0,3.5E-1,-4.85E0));
#7845=VERTEX_POINT('',#7844);
#7846=CARTESIAN_POINT('',(5.65E0,3.5E-1,-4.85E0));
#7847=VERTEX_POINT('',#7846);
#7848=CARTESIAN_POINT('',(5.65E0,3.5E-1,-5.E0));
#7849=VERTEX_POINT('',#7848);
#7850=CARTESIAN_POINT('',(5.8E0,3.5E-1,-5.5E0));
#7851=VERTEX_POINT('',#7850);
#7852=CARTESIAN_POINT('',(6.2E0,3.5E-1,-5.5E0));
#7853=VERTEX_POINT('',#7852);
#7854=CARTESIAN_POINT('',(6.35E0,3.5E-1,-5.E0));
#7855=VERTEX_POINT('',#7854);
#7856=CARTESIAN_POINT('',(6.35E0,3.5E-1,-4.85E0));
#7857=VERTEX_POINT('',#7856);
#7858=CARTESIAN_POINT('',(6.65E0,3.5E-1,-4.85E0));
#7859=VERTEX_POINT('',#7858);
#7860=CARTESIAN_POINT('',(6.65E0,3.5E-1,-5.E0));
#7861=VERTEX_POINT('',#7860);
#7862=CARTESIAN_POINT('',(6.8E0,3.5E-1,-5.5E0));
#7863=VERTEX_POINT('',#7862);
#7864=CARTESIAN_POINT('',(7.2E0,3.5E-1,-5.5E0));
#7865=VERTEX_POINT('',#7864);
#7866=CARTESIAN_POINT('',(7.35E0,3.5E-1,-5.E0));
#7867=VERTEX_POINT('',#7866);
#7868=CARTESIAN_POINT('',(7.35E0,3.5E-1,-4.85E0));
#7869=VERTEX_POINT('',#7868);
#7870=CARTESIAN_POINT('',(7.65E0,3.5E-1,-4.85E0));
#7871=VERTEX_POINT('',#7870);
#7872=CARTESIAN_POINT('',(7.65E0,3.5E-1,-5.E0));
#7873=VERTEX_POINT('',#7872);
#7874=CARTESIAN_POINT('',(7.8E0,3.5E-1,-5.5E0));
#7875=VERTEX_POINT('',#7874);
#7876=CARTESIAN_POINT('',(8.099999999999E0,3.5E-1,-5.5E0));
#7877=VERTEX_POINT('',#7876);
#7878=CARTESIAN_POINT('',(8.265000000001E0,3.5E-1,-5.E0));
#7879=VERTEX_POINT('',#7878);
#7880=CARTESIAN_POINT('',(3.5E-1,2.35E0,-4.85E0));
#7881=VERTEX_POINT('',#7880);
#7882=CARTESIAN_POINT('',(6.5E-1,2.35E0,-4.85E0));
#7883=VERTEX_POINT('',#7882);
#7884=CARTESIAN_POINT('',(1.35E0,2.35E0,-4.85E0));
#7885=VERTEX_POINT('',#7884);
#7886=CARTESIAN_POINT('',(1.65E0,2.35E0,-4.85E0));
#7887=VERTEX_POINT('',#7886);
#7888=CARTESIAN_POINT('',(2.35E0,2.35E0,-4.85E0));
#7889=VERTEX_POINT('',#7888);
#7890=CARTESIAN_POINT('',(2.65E0,2.35E0,-4.85E0));
#7891=VERTEX_POINT('',#7890);
#7892=CARTESIAN_POINT('',(3.35E0,2.35E0,-4.85E0));
#7893=VERTEX_POINT('',#7892);
#7894=CARTESIAN_POINT('',(3.65E0,2.35E0,-4.85E0));
#7895=VERTEX_POINT('',#7894);
#7896=CARTESIAN_POINT('',(4.35E0,2.35E0,-4.85E0));
#7897=VERTEX_POINT('',#7896);
#7898=CARTESIAN_POINT('',(4.65E0,2.35E0,-4.85E0));
#7899=VERTEX_POINT('',#7898);
#7900=CARTESIAN_POINT('',(5.35E0,2.35E0,-4.85E0));
#7901=VERTEX_POINT('',#7900);
#7902=CARTESIAN_POINT('',(5.65E0,2.35E0,-4.85E0));
#7903=VERTEX_POINT('',#7902);
#7904=CARTESIAN_POINT('',(6.35E0,2.35E0,-4.85E0));
#7905=VERTEX_POINT('',#7904);
#7906=CARTESIAN_POINT('',(6.65E0,2.35E0,-4.85E0));
#7907=VERTEX_POINT('',#7906);
#7908=CARTESIAN_POINT('',(7.35E0,2.35E0,-4.85E0));
#7909=VERTEX_POINT('',#7908);
#7910=CARTESIAN_POINT('',(7.65E0,2.35E0,-4.85E0));
#7911=VERTEX_POINT('',#7910);
#7912=CARTESIAN_POINT('',(3.500000000002E-1,2.35E0,-5.E0));
#7913=CARTESIAN_POINT('',(1.999999999997E-1,2.35E0,-5.5E0));
#7914=VERTEX_POINT('',#7912);
#7915=VERTEX_POINT('',#7913);
#7916=CARTESIAN_POINT('',(6.499999999998E-1,2.35E0,-5.E0));
#7917=VERTEX_POINT('',#7916);
#7918=CARTESIAN_POINT('',(8.000000000003E-1,2.35E0,-5.5E0));
#7919=VERTEX_POINT('',#7918);
#7920=CARTESIAN_POINT('',(1.2E0,2.35E0,-5.5E0));
#7921=VERTEX_POINT('',#7920);
#7922=CARTESIAN_POINT('',(1.35E0,2.35E0,-5.E0));
#7923=VERTEX_POINT('',#7922);
#7924=CARTESIAN_POINT('',(1.65E0,2.35E0,-5.E0));
#7925=VERTEX_POINT('',#7924);
#7926=CARTESIAN_POINT('',(1.8E0,2.35E0,-5.5E0));
#7927=VERTEX_POINT('',#7926);
#7928=CARTESIAN_POINT('',(2.2E0,2.35E0,-5.5E0));
#7929=VERTEX_POINT('',#7928);
#7930=CARTESIAN_POINT('',(2.35E0,2.35E0,-5.E0));
#7931=VERTEX_POINT('',#7930);
#7932=CARTESIAN_POINT('',(2.65E0,2.35E0,-5.E0));
#7933=VERTEX_POINT('',#7932);
#7934=CARTESIAN_POINT('',(2.8E0,2.35E0,-5.5E0));
#7935=VERTEX_POINT('',#7934);
#7936=CARTESIAN_POINT('',(3.2E0,2.35E0,-5.5E0));
#7937=VERTEX_POINT('',#7936);
#7938=CARTESIAN_POINT('',(3.35E0,2.35E0,-5.E0));
#7939=VERTEX_POINT('',#7938);
#7940=CARTESIAN_POINT('',(3.65E0,2.35E0,-5.E0));
#7941=VERTEX_POINT('',#7940);
#7942=CARTESIAN_POINT('',(3.8E0,2.35E0,-5.5E0));
#7943=VERTEX_POINT('',#7942);
#7944=CARTESIAN_POINT('',(4.2E0,2.35E0,-5.5E0));
#7945=VERTEX_POINT('',#7944);
#7946=CARTESIAN_POINT('',(4.35E0,2.35E0,-5.E0));
#7947=VERTEX_POINT('',#7946);
#7948=CARTESIAN_POINT('',(4.65E0,2.35E0,-5.E0));
#7949=VERTEX_POINT('',#7948);
#7950=CARTESIAN_POINT('',(4.8E0,2.35E0,-5.5E0));
#7951=VERTEX_POINT('',#7950);
#7952=CARTESIAN_POINT('',(5.2E0,2.35E0,-5.5E0));
#7953=VERTEX_POINT('',#7952);
#7954=CARTESIAN_POINT('',(5.35E0,2.35E0,-5.E0));
#7955=VERTEX_POINT('',#7954);
#7956=CARTESIAN_POINT('',(5.65E0,2.35E0,-5.E0));
#7957=VERTEX_POINT('',#7956);
#7958=CARTESIAN_POINT('',(5.8E0,2.35E0,-5.5E0));
#7959=VERTEX_POINT('',#7958);
#7960=CARTESIAN_POINT('',(6.2E0,2.35E0,-5.5E0));
#7961=VERTEX_POINT('',#7960);
#7962=CARTESIAN_POINT('',(6.35E0,2.35E0,-5.E0));
#7963=VERTEX_POINT('',#7962);
#7964=CARTESIAN_POINT('',(6.65E0,2.35E0,-5.E0));
#7965=VERTEX_POINT('',#7964);
#7966=CARTESIAN_POINT('',(6.8E0,2.35E0,-5.5E0));
#7967=VERTEX_POINT('',#7966);
#7968=CARTESIAN_POINT('',(7.2E0,2.35E0,-5.5E0));
#7969=VERTEX_POINT('',#7968);
#7970=CARTESIAN_POINT('',(7.35E0,2.35E0,-5.E0));
#7971=VERTEX_POINT('',#7970);
#7972=CARTESIAN_POINT('',(7.65E0,2.35E0,-5.E0));
#7973=VERTEX_POINT('',#7972);
#7974=CARTESIAN_POINT('',(7.8E0,2.35E0,-5.5E0));
#7975=VERTEX_POINT('',#7974);
#7976=CARTESIAN_POINT('',(8.099999999999E0,2.35E0,-5.5E0));
#7977=VERTEX_POINT('',#7976);
#7978=CARTESIAN_POINT('',(8.265000000001E0,2.35E0,-5.E0));
#7979=VERTEX_POINT('',#7978);
#7980=CARTESIAN_POINT('',(8.3E0,2.5E-1,-4.8E0));
#7981=VERTEX_POINT('',#7980);
#7982=CARTESIAN_POINT('',(8.7E0,2.5E-1,-4.8E0));
#7983=VERTEX_POINT('',#7982);
#7984=CARTESIAN_POINT('',(7.375E0,1.914759611690E0,-1.E0));
#7985=VERTEX_POINT('',#7984);
#7986=CARTESIAN_POINT('',(7.375E0,2.077E0,-4.85E0));
#7987=VERTEX_POINT('',#7986);
#7988=CARTESIAN_POINT('',(7.625E0,1.914759611690E0,-1.E0));
#7989=VERTEX_POINT('',#7988);
#7990=CARTESIAN_POINT('',(7.625E0,2.077E0,-4.85E0));
#7991=VERTEX_POINT('',#7990);
#7992=CARTESIAN_POINT('',(6.375E0,1.914759611690E0,-1.E0));
#7993=VERTEX_POINT('',#7992);
#7994=CARTESIAN_POINT('',(6.375E0,2.077E0,-4.85E0));
#7995=VERTEX_POINT('',#7994);
#7996=CARTESIAN_POINT('',(6.625E0,1.914759611690E0,-1.E0));
#7997=VERTEX_POINT('',#7996);
#7998=CARTESIAN_POINT('',(6.625E0,2.077E0,-4.85E0));
#7999=VERTEX_POINT('',#7998);
#8000=CARTESIAN_POINT('',(5.375E0,1.914759611690E0,-1.E0));
#8001=VERTEX_POINT('',#8000);
#8002=CARTESIAN_POINT('',(5.375E0,2.077E0,-4.85E0));
#8003=VERTEX_POINT('',#8002);
#8004=CARTESIAN_POINT('',(5.625E0,1.914759611690E0,-1.E0));
#8005=VERTEX_POINT('',#8004);
#8006=CARTESIAN_POINT('',(5.625E0,2.077E0,-4.85E0));
#8007=VERTEX_POINT('',#8006);
#8008=CARTESIAN_POINT('',(4.375E0,1.914759611690E0,-1.E0));
#8009=VERTEX_POINT('',#8008);
#8010=CARTESIAN_POINT('',(4.375E0,2.077E0,-4.85E0));
#8011=VERTEX_POINT('',#8010);
#8012=CARTESIAN_POINT('',(4.625E0,1.914759611690E0,-1.E0));
#8013=VERTEX_POINT('',#8012);
#8014=CARTESIAN_POINT('',(4.625E0,2.077E0,-4.85E0));
#8015=VERTEX_POINT('',#8014);
#8016=CARTESIAN_POINT('',(3.375E0,1.914759611690E0,-1.E0));
#8017=VERTEX_POINT('',#8016);
#8018=CARTESIAN_POINT('',(3.375E0,2.077E0,-4.85E0));
#8019=VERTEX_POINT('',#8018);
#8020=CARTESIAN_POINT('',(3.625E0,1.914759611690E0,-1.E0));
#8021=VERTEX_POINT('',#8020);
#8022=CARTESIAN_POINT('',(3.625E0,2.077E0,-4.85E0));
#8023=VERTEX_POINT('',#8022);
#8024=CARTESIAN_POINT('',(2.375E0,1.914759611690E0,-1.E0));
#8025=VERTEX_POINT('',#8024);
#8026=CARTESIAN_POINT('',(2.375E0,2.077E0,-4.85E0));
#8027=VERTEX_POINT('',#8026);
#8028=CARTESIAN_POINT('',(2.625E0,1.914759611690E0,-1.E0));
#8029=VERTEX_POINT('',#8028);
#8030=CARTESIAN_POINT('',(2.625E0,2.077E0,-4.85E0));
#8031=VERTEX_POINT('',#8030);
#8032=CARTESIAN_POINT('',(1.375E0,1.914759611690E0,-1.E0));
#8033=VERTEX_POINT('',#8032);
#8034=CARTESIAN_POINT('',(1.375E0,2.077E0,-4.85E0));
#8035=VERTEX_POINT('',#8034);
#8036=CARTESIAN_POINT('',(1.625E0,1.914759611690E0,-1.E0));
#8037=VERTEX_POINT('',#8036);
#8038=CARTESIAN_POINT('',(1.625E0,2.077E0,-4.85E0));
#8039=VERTEX_POINT('',#8038);
#8040=CARTESIAN_POINT('',(3.75E-1,1.914759611690E0,-1.E0));
#8041=VERTEX_POINT('',#8040);
#8042=CARTESIAN_POINT('',(3.75E-1,2.077E0,-4.85E0));
#8043=VERTEX_POINT('',#8042);
#8044=CARTESIAN_POINT('',(6.25E-1,1.914759611690E0,-1.E0));
#8045=VERTEX_POINT('',#8044);
#8046=CARTESIAN_POINT('',(6.25E-1,2.077E0,-4.85E0));
#8047=VERTEX_POINT('',#8046);
#8048=CARTESIAN_POINT('',(1.03E1,2.300401565356E0,-1.199999999999E0));
#8049=VERTEX_POINT('',#8048);
#8050=CARTESIAN_POINT('',(9.34E0,2.300401565356E0,-1.2E0));
#8051=VERTEX_POINT('',#8050);
#8052=CARTESIAN_POINT('',(9.25E0,1.727094745258E0,-4.95E0));
#8053=VERTEX_POINT('',#8052);
#8054=CARTESIAN_POINT('',(7.375E0,1.8E0,-3.35E0));
#8055=CARTESIAN_POINT('',(7.375E0,1.687137163671E0,-3.35E0));
#8056=VERTEX_POINT('',#8054);
#8057=VERTEX_POINT('',#8055);
#8058=CARTESIAN_POINT('',(7.375E0,8.E-1,-3.35E0));
#8059=CARTESIAN_POINT('',(7.375E0,7.5E-1,-3.35E0));
#8060=VERTEX_POINT('',#8058);
#8061=VERTEX_POINT('',#8059);
#8062=CARTESIAN_POINT('',(7.625E0,1.687137163671E0,-3.35E0));
#8063=VERTEX_POINT('',#8062);
#8064=CARTESIAN_POINT('',(7.625E0,8.E-1,-3.35E0));
#8065=VERTEX_POINT('',#8064);
#8066=CARTESIAN_POINT('',(7.625E0,1.8E0,-3.35E0));
#8067=VERTEX_POINT('',#8066);
#8068=CARTESIAN_POINT('',(7.625E0,7.5E-1,-3.35E0));
#8069=VERTEX_POINT('',#8068);
#8070=CARTESIAN_POINT('',(7.375E0,1.8E0,-1.E0));
#8071=VERTEX_POINT('',#8070);
#8072=CARTESIAN_POINT('',(7.625E0,1.8E0,-1.E0));
#8073=VERTEX_POINT('',#8072);
#8074=CARTESIAN_POINT('',(7.375E0,4.E-1,-4.85E0));
#8075=CARTESIAN_POINT('',(7.375E0,8.E-1,-4.85E0));
#8076=VERTEX_POINT('',#8074);
#8077=VERTEX_POINT('',#8075);
#8078=CARTESIAN_POINT('',(7.375E0,1.326680183307E0,-4.85E0));
#8079=VERTEX_POINT('',#8078);
#8080=CARTESIAN_POINT('',(7.625E0,1.326680183307E0,-4.85E0));
#8081=VERTEX_POINT('',#8080);
#8082=CARTESIAN_POINT('',(7.625E0,8.E-1,-4.85E0));
#8083=VERTEX_POINT('',#8082);
#8084=CARTESIAN_POINT('',(7.625E0,4.E-1,-4.85E0));
#8085=VERTEX_POINT('',#8084);
#8086=CARTESIAN_POINT('',(8.25E0,7.5E-1,-3.35E0));
#8087=VERTEX_POINT('',#8086);
#8088=CARTESIAN_POINT('',(6.375E0,1.8E0,-3.35E0));
#8089=CARTESIAN_POINT('',(6.375E0,1.687137163671E0,-3.35E0));
#8090=VERTEX_POINT('',#8088);
#8091=VERTEX_POINT('',#8089);
#8092=CARTESIAN_POINT('',(6.375E0,8.E-1,-3.35E0));
#8093=CARTESIAN_POINT('',(6.375E0,7.5E-1,-3.35E0));
#8094=VERTEX_POINT('',#8092);
#8095=VERTEX_POINT('',#8093);
#8096=CARTESIAN_POINT('',(6.625E0,1.687137163671E0,-3.35E0));
#8097=VERTEX_POINT('',#8096);
#8098=CARTESIAN_POINT('',(6.625E0,8.E-1,-3.35E0));
#8099=VERTEX_POINT('',#8098);
#8100=CARTESIAN_POINT('',(6.625E0,1.8E0,-3.35E0));
#8101=VERTEX_POINT('',#8100);
#8102=CARTESIAN_POINT('',(6.625E0,7.5E-1,-3.35E0));
#8103=VERTEX_POINT('',#8102);
#8104=CARTESIAN_POINT('',(6.375E0,1.8E0,-1.E0));
#8105=VERTEX_POINT('',#8104);
#8106=CARTESIAN_POINT('',(6.625E0,1.8E0,-1.E0));
#8107=VERTEX_POINT('',#8106);
#8108=CARTESIAN_POINT('',(6.375E0,4.E-1,-4.85E0));
#8109=CARTESIAN_POINT('',(6.375E0,8.E-1,-4.85E0));
#8110=VERTEX_POINT('',#8108);
#8111=VERTEX_POINT('',#8109);
#8112=CARTESIAN_POINT('',(6.375E0,1.326680183307E0,-4.85E0));
#8113=VERTEX_POINT('',#8112);
#8114=CARTESIAN_POINT('',(6.625E0,1.326680183307E0,-4.85E0));
#8115=VERTEX_POINT('',#8114);
#8116=CARTESIAN_POINT('',(6.625E0,8.E-1,-4.85E0));
#8117=VERTEX_POINT('',#8116);
#8118=CARTESIAN_POINT('',(6.625E0,4.E-1,-4.85E0));
#8119=VERTEX_POINT('',#8118);
#8120=CARTESIAN_POINT('',(5.375E0,1.8E0,-3.35E0));
#8121=CARTESIAN_POINT('',(5.375E0,1.687137163671E0,-3.35E0));
#8122=VERTEX_POINT('',#8120);
#8123=VERTEX_POINT('',#8121);
#8124=CARTESIAN_POINT('',(5.375E0,8.E-1,-3.35E0));
#8125=CARTESIAN_POINT('',(5.375E0,7.5E-1,-3.35E0));
#8126=VERTEX_POINT('',#8124);
#8127=VERTEX_POINT('',#8125);
#8128=CARTESIAN_POINT('',(5.625E0,1.687137163671E0,-3.35E0));
#8129=VERTEX_POINT('',#8128);
#8130=CARTESIAN_POINT('',(5.625E0,8.E-1,-3.35E0));
#8131=VERTEX_POINT('',#8130);
#8132=CARTESIAN_POINT('',(5.625E0,1.8E0,-3.35E0));
#8133=VERTEX_POINT('',#8132);
#8134=CARTESIAN_POINT('',(5.625E0,7.5E-1,-3.35E0));
#8135=VERTEX_POINT('',#8134);
#8136=CARTESIAN_POINT('',(5.375E0,1.8E0,-1.E0));
#8137=VERTEX_POINT('',#8136);
#8138=CARTESIAN_POINT('',(5.625E0,1.8E0,-1.E0));
#8139=VERTEX_POINT('',#8138);
#8140=CARTESIAN_POINT('',(5.375E0,4.E-1,-4.85E0));
#8141=CARTESIAN_POINT('',(5.375E0,8.E-1,-4.85E0));
#8142=VERTEX_POINT('',#8140);
#8143=VERTEX_POINT('',#8141);
#8144=CARTESIAN_POINT('',(5.375E0,1.326680183307E0,-4.85E0));
#8145=VERTEX_POINT('',#8144);
#8146=CARTESIAN_POINT('',(5.625E0,1.326680183307E0,-4.85E0));
#8147=VERTEX_POINT('',#8146);
#8148=CARTESIAN_POINT('',(5.625E0,8.E-1,-4.85E0));
#8149=VERTEX_POINT('',#8148);
#8150=CARTESIAN_POINT('',(5.625E0,4.E-1,-4.85E0));
#8151=VERTEX_POINT('',#8150);
#8152=CARTESIAN_POINT('',(4.375E0,1.8E0,-3.35E0));
#8153=CARTESIAN_POINT('',(4.375E0,1.687137163671E0,-3.35E0));
#8154=VERTEX_POINT('',#8152);
#8155=VERTEX_POINT('',#8153);
#8156=CARTESIAN_POINT('',(4.375E0,8.E-1,-3.35E0));
#8157=CARTESIAN_POINT('',(4.375E0,7.5E-1,-3.35E0));
#8158=VERTEX_POINT('',#8156);
#8159=VERTEX_POINT('',#8157);
#8160=CARTESIAN_POINT('',(4.625E0,1.687137163671E0,-3.35E0));
#8161=VERTEX_POINT('',#8160);
#8162=CARTESIAN_POINT('',(4.625E0,8.E-1,-3.35E0));
#8163=VERTEX_POINT('',#8162);
#8164=CARTESIAN_POINT('',(4.625E0,1.8E0,-3.35E0));
#8165=VERTEX_POINT('',#8164);
#8166=CARTESIAN_POINT('',(4.625E0,7.5E-1,-3.35E0));
#8167=VERTEX_POINT('',#8166);
#8168=CARTESIAN_POINT('',(4.375E0,1.8E0,-1.E0));
#8169=VERTEX_POINT('',#8168);
#8170=CARTESIAN_POINT('',(4.625E0,1.8E0,-1.E0));
#8171=VERTEX_POINT('',#8170);
#8172=CARTESIAN_POINT('',(4.375E0,4.E-1,-4.85E0));
#8173=CARTESIAN_POINT('',(4.375E0,8.E-1,-4.85E0));
#8174=VERTEX_POINT('',#8172);
#8175=VERTEX_POINT('',#8173);
#8176=CARTESIAN_POINT('',(4.375E0,1.326680183307E0,-4.85E0));
#8177=VERTEX_POINT('',#8176);
#8178=CARTESIAN_POINT('',(4.625E0,1.326680183307E0,-4.85E0));
#8179=VERTEX_POINT('',#8178);
#8180=CARTESIAN_POINT('',(4.625E0,8.E-1,-4.85E0));
#8181=VERTEX_POINT('',#8180);
#8182=CARTESIAN_POINT('',(4.625E0,4.E-1,-4.85E0));
#8183=VERTEX_POINT('',#8182);
#8184=CARTESIAN_POINT('',(3.375E0,1.8E0,-3.35E0));
#8185=CARTESIAN_POINT('',(3.375E0,1.687137163671E0,-3.35E0));
#8186=VERTEX_POINT('',#8184);
#8187=VERTEX_POINT('',#8185);
#8188=CARTESIAN_POINT('',(3.375E0,8.E-1,-3.35E0));
#8189=CARTESIAN_POINT('',(3.375E0,7.5E-1,-3.35E0));
#8190=VERTEX_POINT('',#8188);
#8191=VERTEX_POINT('',#8189);
#8192=CARTESIAN_POINT('',(3.625E0,1.687137163671E0,-3.35E0));
#8193=VERTEX_POINT('',#8192);
#8194=CARTESIAN_POINT('',(3.625E0,8.E-1,-3.35E0));
#8195=VERTEX_POINT('',#8194);
#8196=CARTESIAN_POINT('',(3.625E0,1.8E0,-3.35E0));
#8197=VERTEX_POINT('',#8196);
#8198=CARTESIAN_POINT('',(3.625E0,7.5E-1,-3.35E0));
#8199=VERTEX_POINT('',#8198);
#8200=CARTESIAN_POINT('',(3.375E0,1.8E0,-1.E0));
#8201=VERTEX_POINT('',#8200);
#8202=CARTESIAN_POINT('',(3.625E0,1.8E0,-1.E0));
#8203=VERTEX_POINT('',#8202);
#8204=CARTESIAN_POINT('',(3.375E0,4.E-1,-4.85E0));
#8205=CARTESIAN_POINT('',(3.375E0,8.E-1,-4.85E0));
#8206=VERTEX_POINT('',#8204);
#8207=VERTEX_POINT('',#8205);
#8208=CARTESIAN_POINT('',(3.375E0,1.326680183307E0,-4.85E0));
#8209=VERTEX_POINT('',#8208);
#8210=CARTESIAN_POINT('',(3.625E0,1.326680183307E0,-4.85E0));
#8211=VERTEX_POINT('',#8210);
#8212=CARTESIAN_POINT('',(3.625E0,8.E-1,-4.85E0));
#8213=VERTEX_POINT('',#8212);
#8214=CARTESIAN_POINT('',(3.625E0,4.E-1,-4.85E0));
#8215=VERTEX_POINT('',#8214);
#8216=CARTESIAN_POINT('',(2.375E0,1.8E0,-3.35E0));
#8217=CARTESIAN_POINT('',(2.375E0,1.687137163671E0,-3.35E0));
#8218=VERTEX_POINT('',#8216);
#8219=VERTEX_POINT('',#8217);
#8220=CARTESIAN_POINT('',(2.375E0,8.E-1,-3.35E0));
#8221=CARTESIAN_POINT('',(2.375E0,7.5E-1,-3.35E0));
#8222=VERTEX_POINT('',#8220);
#8223=VERTEX_POINT('',#8221);
#8224=CARTESIAN_POINT('',(2.625E0,1.687137163671E0,-3.35E0));
#8225=VERTEX_POINT('',#8224);
#8226=CARTESIAN_POINT('',(2.625E0,8.E-1,-3.35E0));
#8227=VERTEX_POINT('',#8226);
#8228=CARTESIAN_POINT('',(2.625E0,1.8E0,-3.35E0));
#8229=VERTEX_POINT('',#8228);
#8230=CARTESIAN_POINT('',(2.625E0,7.5E-1,-3.35E0));
#8231=VERTEX_POINT('',#8230);
#8232=CARTESIAN_POINT('',(2.375E0,1.8E0,-1.E0));
#8233=VERTEX_POINT('',#8232);
#8234=CARTESIAN_POINT('',(2.625E0,1.8E0,-1.E0));
#8235=VERTEX_POINT('',#8234);
#8236=CARTESIAN_POINT('',(2.375E0,4.E-1,-4.85E0));
#8237=CARTESIAN_POINT('',(2.375E0,8.E-1,-4.85E0));
#8238=VERTEX_POINT('',#8236);
#8239=VERTEX_POINT('',#8237);
#8240=CARTESIAN_POINT('',(2.375E0,1.326680183307E0,-4.85E0));
#8241=VERTEX_POINT('',#8240);
#8242=CARTESIAN_POINT('',(2.625E0,1.326680183307E0,-4.85E0));
#8243=VERTEX_POINT('',#8242);
#8244=CARTESIAN_POINT('',(2.625E0,8.E-1,-4.85E0));
#8245=VERTEX_POINT('',#8244);
#8246=CARTESIAN_POINT('',(2.625E0,4.E-1,-4.85E0));
#8247=VERTEX_POINT('',#8246);
#8248=CARTESIAN_POINT('',(1.375E0,1.8E0,-3.35E0));
#8249=CARTESIAN_POINT('',(1.375E0,1.687137163671E0,-3.35E0));
#8250=VERTEX_POINT('',#8248);
#8251=VERTEX_POINT('',#8249);
#8252=CARTESIAN_POINT('',(1.375E0,8.E-1,-3.35E0));
#8253=CARTESIAN_POINT('',(1.375E0,7.5E-1,-3.35E0));
#8254=VERTEX_POINT('',#8252);
#8255=VERTEX_POINT('',#8253);
#8256=CARTESIAN_POINT('',(1.625E0,1.687137163671E0,-3.35E0));
#8257=VERTEX_POINT('',#8256);
#8258=CARTESIAN_POINT('',(1.625E0,8.E-1,-3.35E0));
#8259=VERTEX_POINT('',#8258);
#8260=CARTESIAN_POINT('',(1.625E0,1.8E0,-3.35E0));
#8261=VERTEX_POINT('',#8260);
#8262=CARTESIAN_POINT('',(1.625E0,7.5E-1,-3.35E0));
#8263=VERTEX_POINT('',#8262);
#8264=CARTESIAN_POINT('',(1.375E0,1.8E0,-1.E0));
#8265=VERTEX_POINT('',#8264);
#8266=CARTESIAN_POINT('',(1.625E0,1.8E0,-1.E0));
#8267=VERTEX_POINT('',#8266);
#8268=CARTESIAN_POINT('',(1.375E0,4.E-1,-4.85E0));
#8269=CARTESIAN_POINT('',(1.375E0,8.E-1,-4.85E0));
#8270=VERTEX_POINT('',#8268);
#8271=VERTEX_POINT('',#8269);
#8272=CARTESIAN_POINT('',(1.375E0,1.326680183307E0,-4.85E0));
#8273=VERTEX_POINT('',#8272);
#8274=CARTESIAN_POINT('',(1.625E0,1.326680183307E0,-4.85E0));
#8275=VERTEX_POINT('',#8274);
#8276=CARTESIAN_POINT('',(1.625E0,8.E-1,-4.85E0));
#8277=VERTEX_POINT('',#8276);
#8278=CARTESIAN_POINT('',(1.625E0,4.E-1,-4.85E0));
#8279=VERTEX_POINT('',#8278);
#8280=CARTESIAN_POINT('',(3.75E-1,1.8E0,-3.35E0));
#8281=CARTESIAN_POINT('',(3.75E-1,1.687137163671E0,-3.35E0));
#8282=VERTEX_POINT('',#8280);
#8283=VERTEX_POINT('',#8281);
#8284=CARTESIAN_POINT('',(3.75E-1,8.E-1,-3.35E0));
#8285=CARTESIAN_POINT('',(3.75E-1,7.5E-1,-3.35E0));
#8286=VERTEX_POINT('',#8284);
#8287=VERTEX_POINT('',#8285);
#8288=CARTESIAN_POINT('',(6.25E-1,1.687137163671E0,-3.35E0));
#8289=VERTEX_POINT('',#8288);
#8290=CARTESIAN_POINT('',(6.25E-1,8.E-1,-3.35E0));
#8291=VERTEX_POINT('',#8290);
#8292=CARTESIAN_POINT('',(6.25E-1,1.8E0,-3.35E0));
#8293=VERTEX_POINT('',#8292);
#8294=CARTESIAN_POINT('',(6.25E-1,7.5E-1,-3.35E0));
#8295=VERTEX_POINT('',#8294);
#8296=CARTESIAN_POINT('',(3.75E-1,1.8E0,-1.E0));
#8297=VERTEX_POINT('',#8296);
#8298=CARTESIAN_POINT('',(6.25E-1,1.8E0,-1.E0));
#8299=VERTEX_POINT('',#8298);
#8300=CARTESIAN_POINT('',(3.75E-1,4.E-1,-4.85E0));
#8301=CARTESIAN_POINT('',(3.75E-1,8.E-1,-4.85E0));
#8302=VERTEX_POINT('',#8300);
#8303=VERTEX_POINT('',#8301);
#8304=CARTESIAN_POINT('',(3.75E-1,1.326680183307E0,-4.85E0));
#8305=VERTEX_POINT('',#8304);
#8306=CARTESIAN_POINT('',(6.25E-1,1.326680183307E0,-4.85E0));
#8307=VERTEX_POINT('',#8306);
#8308=CARTESIAN_POINT('',(6.25E-1,8.E-1,-4.85E0));
#8309=VERTEX_POINT('',#8308);
#8310=CARTESIAN_POINT('',(6.25E-1,4.E-1,-4.85E0));
#8311=VERTEX_POINT('',#8310);
#8312=CARTESIAN_POINT('',(8.3E0,2.249764068712E0,-4.8E0));
#8313=VERTEX_POINT('',#8312);
#8314=CARTESIAN_POINT('',(8.7E0,2.249764068712E0,-4.8E0));
#8315=VERTEX_POINT('',#8314);
#8316=CARTESIAN_POINT('',(8.7E0,2.45E0,-4.7E0));
#8317=CARTESIAN_POINT('',(8.3E0,2.45E0,-4.7E0));
#8318=VERTEX_POINT('',#8316);
#8319=VERTEX_POINT('',#8317);
#8320=CARTESIAN_POINT('',(8.3E0,2.5E-1,-1.700134900535E0));
#8321=VERTEX_POINT('',#8320);
#8322=CARTESIAN_POINT('',(8.7E0,2.5E-1,-1.700134900535E0));
#8323=VERTEX_POINT('',#8322);
#8324=CARTESIAN_POINT('',(6.25E-1,7.5E-1,-3.E0));
#8325=CARTESIAN_POINT('',(1.375E0,7.5E-1,-3.E0));
#8326=VERTEX_POINT('',#8324);
#8327=VERTEX_POINT('',#8325);
#8328=CARTESIAN_POINT('',(1.625E0,7.5E-1,-3.E0));
#8329=CARTESIAN_POINT('',(2.375E0,7.5E-1,-3.E0));
#8330=VERTEX_POINT('',#8328);
#8331=VERTEX_POINT('',#8329);
#8332=CARTESIAN_POINT('',(2.625E0,7.5E-1,-3.E0));
#8333=CARTESIAN_POINT('',(3.375E0,7.5E-1,-3.E0));
#8334=VERTEX_POINT('',#8332);
#8335=VERTEX_POINT('',#8333);
#8336=CARTESIAN_POINT('',(3.625E0,7.5E-1,-3.E0));
#8337=CARTESIAN_POINT('',(4.375E0,7.5E-1,-3.E0));
#8338=VERTEX_POINT('',#8336);
#8339=VERTEX_POINT('',#8337);
#8340=CARTESIAN_POINT('',(4.625E0,7.5E-1,-3.E0));
#8341=CARTESIAN_POINT('',(5.375E0,7.5E-1,-3.E0));
#8342=VERTEX_POINT('',#8340);
#8343=VERTEX_POINT('',#8341);
#8344=CARTESIAN_POINT('',(5.625E0,7.5E-1,-3.E0));
#8345=CARTESIAN_POINT('',(6.375E0,7.5E-1,-3.E0));
#8346=VERTEX_POINT('',#8344);
#8347=VERTEX_POINT('',#8345);
#8348=CARTESIAN_POINT('',(6.625E0,7.5E-1,-3.E0));
#8349=CARTESIAN_POINT('',(7.375E0,7.5E-1,-3.E0));
#8350=VERTEX_POINT('',#8348);
#8351=VERTEX_POINT('',#8349);
#8352=CARTESIAN_POINT('',(7.625E0,7.5E-1,-3.E0));
#8353=CARTESIAN_POINT('',(8.25E0,7.5E-1,-3.E0));
#8354=VERTEX_POINT('',#8352);
#8355=VERTEX_POINT('',#8353);
#8356=CARTESIAN_POINT('',(8.279635528369E0,7.502007826779E-1,
-1.500250978347E0));
#8357=CARTESIAN_POINT('',(8.297223972186E0,7.5E-1,-1.6E0));
#8358=VERTEX_POINT('',#8356);
#8359=VERTEX_POINT('',#8357);
#8360=CARTESIAN_POINT('',(9.25E0,6.367985887825E-1,-4.95E0));
#8361=CARTESIAN_POINT('',(9.25E0,6.004015653559E-1,-4.85E0));
#8362=VERTEX_POINT('',#8360);
#8363=VERTEX_POINT('',#8361);
#8364=CARTESIAN_POINT('',(9.25E0,6.004015653559E-1,-4.65E0));
#8365=VERTEX_POINT('',#8364);
#8366=CARTESIAN_POINT('',(8.E0,2.5E-1,-1.2E0));
#8367=CARTESIAN_POINT('',(1.03E1,2.5E-1,-1.2E0));
#8368=VERTEX_POINT('',#8366);
#8369=VERTEX_POINT('',#8367);
#8370=CARTESIAN_POINT('',(8.E0,5.040156535590E-2,-1.2E0));
#8371=VERTEX_POINT('',#8370);
#8372=CARTESIAN_POINT('',(1.03E1,6.E-1,-1.2E0));
#8373=VERTEX_POINT('',#8372);
#8374=CARTESIAN_POINT('',(9.65E0,6.004015653559E-1,-4.65E0));
#8375=VERTEX_POINT('',#8374);
#8376=CARTESIAN_POINT('',(1.02E1,6.002007826779E-1,-4.1E0));
#8377=VERTEX_POINT('',#8376);
#8378=CARTESIAN_POINT('',(1.03E1,2.1E0,-1.199999999999E0));
#8379=VERTEX_POINT('',#8378);
#8380=CARTESIAN_POINT('',(7.375E0,8.E-1,-3.E0));
#8381=VERTEX_POINT('',#8380);
#8382=CARTESIAN_POINT('',(7.625E0,8.E-1,-3.E0));
#8383=VERTEX_POINT('',#8382);
#8384=CARTESIAN_POINT('',(6.375E0,8.E-1,-3.E0));
#8385=VERTEX_POINT('',#8384);
#8386=CARTESIAN_POINT('',(6.625E0,8.E-1,-3.E0));
#8387=VERTEX_POINT('',#8386);
#8388=CARTESIAN_POINT('',(5.375E0,8.E-1,-3.E0));
#8389=VERTEX_POINT('',#8388);
#8390=CARTESIAN_POINT('',(5.625E0,8.E-1,-3.E0));
#8391=VERTEX_POINT('',#8390);
#8392=CARTESIAN_POINT('',(4.375E0,8.E-1,-3.E0));
#8393=VERTEX_POINT('',#8392);
#8394=CARTESIAN_POINT('',(4.625E0,8.E-1,-3.E0));
#8395=VERTEX_POINT('',#8394);
#8396=CARTESIAN_POINT('',(3.375E0,8.E-1,-3.E0));
#8397=VERTEX_POINT('',#8396);
#8398=CARTESIAN_POINT('',(3.625E0,8.E-1,-3.E0));
#8399=VERTEX_POINT('',#8398);
#8400=CARTESIAN_POINT('',(2.375E0,8.E-1,-3.E0));
#8401=VERTEX_POINT('',#8400);
#8402=CARTESIAN_POINT('',(2.625E0,8.E-1,-3.E0));
#8403=VERTEX_POINT('',#8402);
#8404=CARTESIAN_POINT('',(1.375E0,8.E-1,-3.E0));
#8405=VERTEX_POINT('',#8404);
#8406=CARTESIAN_POINT('',(1.625E0,8.E-1,-3.E0));
#8407=VERTEX_POINT('',#8406);
#8408=CARTESIAN_POINT('',(3.75E-1,8.E-1,-3.E0));
#8409=CARTESIAN_POINT('',(3.75E-1,7.5E-1,-3.E0));
#8410=VERTEX_POINT('',#8408);
#8411=VERTEX_POINT('',#8409);
#8412=CARTESIAN_POINT('',(6.25E-1,8.E-1,-3.E0));
#8413=VERTEX_POINT('',#8412);
#8414=CARTESIAN_POINT('',(-8.5E0,2.2E0,-1.E0));
#8415=VERTEX_POINT('',#8414);
#8416=CARTESIAN_POINT('',(-8.5E0,2.2E0,0.E0));
#8417=VERTEX_POINT('',#8416);
#8418=CARTESIAN_POINT('',(-8.E0,2.7E0,0.E0));
#8419=VERTEX_POINT('',#8418);
#8420=CARTESIAN_POINT('',(-8.E0,2.7E0,-4.8E0));
#8421=VERTEX_POINT('',#8420);
#8422=CARTESIAN_POINT('',(-8.265E0,3.5E-1,-4.8E0));
#8423=VERTEX_POINT('',#8422);
#8424=CARTESIAN_POINT('',(-8.265E0,2.35E0,-4.8E0));
#8425=VERTEX_POINT('',#8424);
#8426=CARTESIAN_POINT('',(-8.65E0,1.300401565356E0,0.E0));
#8427=VERTEX_POINT('',#8426);
#8428=CARTESIAN_POINT('',(-8.279635528369E0,7.502007826779E-1,
-1.500250978347E0));
#8429=VERTEX_POINT('',#8428);
#8430=CARTESIAN_POINT('',(-8.244325877975E0,7.504015653560E-1,-1.3E0));
#8431=VERTEX_POINT('',#8430);
#8432=CARTESIAN_POINT('',(-8.E0,5.040156535590E-2,-1.2E0));
#8433=VERTEX_POINT('',#8432);
#8434=CARTESIAN_POINT('',(-9.4E0,5.040156535590E-2,0.E0));
#8435=VERTEX_POINT('',#8434);
#8436=CARTESIAN_POINT('',(-8.226693179901E0,6.504015653559E-1,-1.2E0));
#8437=VERTEX_POINT('',#8436);
#8438=CARTESIAN_POINT('',(-5.375E0,3.53E-1,-5.7E0));
#8439=CARTESIAN_POINT('',(-5.375E0,3.1E-1,-6.5E0));
#8440=VERTEX_POINT('',#8438);
#8441=VERTEX_POINT('',#8439);
#8442=CARTESIAN_POINT('',(-5.375E0,1.000000000001E-2,-6.5E0));
#8443=VERTEX_POINT('',#8442);
#8444=CARTESIAN_POINT('',(-5.375E0,7.E-2,-5.35E0));
#8445=VERTEX_POINT('',#8444);
#8446=CARTESIAN_POINT('',(-5.375E0,4.E-1,-5.35E0));
#8447=VERTEX_POINT('',#8446);
#8448=CARTESIAN_POINT('',(-5.375E0,1.288998340685E0,-4.901735931288E0));
#8449=CARTESIAN_POINT('',(-5.375E0,8.E-1,-4.901735931288E0));
#8450=VERTEX_POINT('',#8448);
#8451=VERTEX_POINT('',#8449);
#8452=CARTESIAN_POINT('',(-5.375E0,1.653913252054E0,-1.696365040558E0));
#8453=CARTESIAN_POINT('',(-5.375E0,1.400401565356E0,-1.55E0));
#8454=VERTEX_POINT('',#8452);
#8455=VERTEX_POINT('',#8453);
#8456=CARTESIAN_POINT('',(-5.375E0,1.9E0,-7.516471170518E-1));
#8457=VERTEX_POINT('',#8456);
#8458=CARTESIAN_POINT('',(-5.375E0,2.077E0,-5.7E0));
#8459=VERTEX_POINT('',#8458);
#8460=CARTESIAN_POINT('',(-5.625E0,3.1E-1,-6.5E0));
#8461=VERTEX_POINT('',#8460);
#8462=CARTESIAN_POINT('',(-5.625E0,3.53E-1,-5.7E0));
#8463=VERTEX_POINT('',#8462);
#8464=CARTESIAN_POINT('',(-5.625E0,1.000000000001E-2,-6.5E0));
#8465=VERTEX_POINT('',#8464);
#8466=CARTESIAN_POINT('',(-5.625E0,7.E-2,-5.35E0));
#8467=VERTEX_POINT('',#8466);
#8468=CARTESIAN_POINT('',(-5.625E0,4.E-1,-5.35E0));
#8469=VERTEX_POINT('',#8468);
#8470=CARTESIAN_POINT('',(-5.625E0,8.E-1,-4.901735931288E0));
#8471=VERTEX_POINT('',#8470);
#8472=CARTESIAN_POINT('',(-5.625E0,1.288998340685E0,-4.901735931288E0));
#8473=VERTEX_POINT('',#8472);
#8474=CARTESIAN_POINT('',(-5.625E0,1.653913252054E0,-1.696365040558E0));
#8475=VERTEX_POINT('',#8474);
#8476=CARTESIAN_POINT('',(-5.625E0,1.400401565356E0,-1.55E0));
#8477=VERTEX_POINT('',#8476);
#8478=CARTESIAN_POINT('',(-5.625E0,1.9E0,-7.516471170518E-1));
#8479=VERTEX_POINT('',#8478);
#8480=CARTESIAN_POINT('',(-5.625E0,2.077E0,-5.7E0));
#8481=VERTEX_POINT('',#8480);
#8482=CARTESIAN_POINT('',(-4.375E0,3.53E-1,-5.7E0));
#8483=CARTESIAN_POINT('',(-4.375E0,3.1E-1,-6.5E0));
#8484=VERTEX_POINT('',#8482);
#8485=VERTEX_POINT('',#8483);
#8486=CARTESIAN_POINT('',(-4.375E0,1.000000000001E-2,-6.5E0));
#8487=VERTEX_POINT('',#8486);
#8488=CARTESIAN_POINT('',(-4.375E0,7.E-2,-5.35E0));
#8489=VERTEX_POINT('',#8488);
#8490=CARTESIAN_POINT('',(-4.375E0,4.E-1,-5.35E0));
#8491=VERTEX_POINT('',#8490);
#8492=CARTESIAN_POINT('',(-4.375E0,1.288998340685E0,-4.901735931288E0));
#8493=CARTESIAN_POINT('',(-4.375E0,8.E-1,-4.901735931288E0));
#8494=VERTEX_POINT('',#8492);
#8495=VERTEX_POINT('',#8493);
#8496=CARTESIAN_POINT('',(-4.375E0,1.653913252054E0,-1.696365040558E0));
#8497=CARTESIAN_POINT('',(-4.375E0,1.400401565356E0,-1.55E0));
#8498=VERTEX_POINT('',#8496);
#8499=VERTEX_POINT('',#8497);
#8500=CARTESIAN_POINT('',(-4.375E0,1.9E0,-7.516471170518E-1));
#8501=VERTEX_POINT('',#8500);
#8502=CARTESIAN_POINT('',(-4.375E0,2.077E0,-5.7E0));
#8503=VERTEX_POINT('',#8502);
#8504=CARTESIAN_POINT('',(-4.625E0,3.1E-1,-6.5E0));
#8505=VERTEX_POINT('',#8504);
#8506=CARTESIAN_POINT('',(-4.625E0,3.53E-1,-5.7E0));
#8507=VERTEX_POINT('',#8506);
#8508=CARTESIAN_POINT('',(-4.625E0,1.000000000001E-2,-6.5E0));
#8509=VERTEX_POINT('',#8508);
#8510=CARTESIAN_POINT('',(-4.625E0,7.E-2,-5.35E0));
#8511=VERTEX_POINT('',#8510);
#8512=CARTESIAN_POINT('',(-4.625E0,4.E-1,-5.35E0));
#8513=VERTEX_POINT('',#8512);
#8514=CARTESIAN_POINT('',(-4.625E0,8.E-1,-4.901735931288E0));
#8515=VERTEX_POINT('',#8514);
#8516=CARTESIAN_POINT('',(-4.625E0,1.288998340685E0,-4.901735931288E0));
#8517=VERTEX_POINT('',#8516);
#8518=CARTESIAN_POINT('',(-4.625E0,1.653913252054E0,-1.696365040558E0));
#8519=VERTEX_POINT('',#8518);
#8520=CARTESIAN_POINT('',(-4.625E0,1.400401565356E0,-1.55E0));
#8521=VERTEX_POINT('',#8520);
#8522=CARTESIAN_POINT('',(-4.625E0,1.9E0,-7.516471170518E-1));
#8523=VERTEX_POINT('',#8522);
#8524=CARTESIAN_POINT('',(-4.625E0,2.077E0,-5.7E0));
#8525=VERTEX_POINT('',#8524);
#8526=CARTESIAN_POINT('',(-3.750000000001E-1,3.53E-1,-5.7E0));
#8527=CARTESIAN_POINT('',(-3.750000000001E-1,3.1E-1,-6.5E0));
#8528=VERTEX_POINT('',#8526);
#8529=VERTEX_POINT('',#8527);
#8530=CARTESIAN_POINT('',(-3.750000000001E-1,1.000000000001E-2,-6.5E0));
#8531=VERTEX_POINT('',#8530);
#8532=CARTESIAN_POINT('',(-3.750000000001E-1,7.E-2,-5.35E0));
#8533=VERTEX_POINT('',#8532);
#8534=CARTESIAN_POINT('',(-3.750000000001E-1,4.E-1,-5.35E0));
#8535=VERTEX_POINT('',#8534);
#8536=CARTESIAN_POINT('',(-3.750000000001E-1,1.288998340685E0,
-4.901735931288E0));
#8537=CARTESIAN_POINT('',(-3.750000000001E-1,8.E-1,-4.901735931288E0));
#8538=VERTEX_POINT('',#8536);
#8539=VERTEX_POINT('',#8537);
#8540=CARTESIAN_POINT('',(-3.750000000001E-1,1.653913252054E0,
-1.696365040558E0));
#8541=CARTESIAN_POINT('',(-3.750000000001E-1,1.400401565356E0,-1.55E0));
#8542=VERTEX_POINT('',#8540);
#8543=VERTEX_POINT('',#8541);
#8544=CARTESIAN_POINT('',(-3.750000000001E-1,1.9E0,-7.516471170518E-1));
#8545=VERTEX_POINT('',#8544);
#8546=CARTESIAN_POINT('',(-3.750000000001E-1,2.077E0,-5.7E0));
#8547=VERTEX_POINT('',#8546);
#8548=CARTESIAN_POINT('',(-6.249999999999E-1,3.1E-1,-6.5E0));
#8549=VERTEX_POINT('',#8548);
#8550=CARTESIAN_POINT('',(-6.249999999999E-1,3.53E-1,-5.7E0));
#8551=VERTEX_POINT('',#8550);
#8552=CARTESIAN_POINT('',(-6.249999999999E-1,1.000000000001E-2,-6.5E0));
#8553=VERTEX_POINT('',#8552);
#8554=CARTESIAN_POINT('',(-6.249999999999E-1,7.E-2,-5.35E0));
#8555=VERTEX_POINT('',#8554);
#8556=CARTESIAN_POINT('',(-6.249999999999E-1,4.E-1,-5.35E0));
#8557=VERTEX_POINT('',#8556);
#8558=CARTESIAN_POINT('',(-6.249999999999E-1,8.E-1,-4.901735931288E0));
#8559=VERTEX_POINT('',#8558);
#8560=CARTESIAN_POINT('',(-6.249999999999E-1,1.288998340685E0,
-4.901735931288E0));
#8561=VERTEX_POINT('',#8560);
#8562=CARTESIAN_POINT('',(-6.249999999999E-1,1.653913252054E0,
-1.696365040558E0));
#8563=VERTEX_POINT('',#8562);
#8564=CARTESIAN_POINT('',(-6.249999999999E-1,1.400401565356E0,-1.55E0));
#8565=VERTEX_POINT('',#8564);
#8566=CARTESIAN_POINT('',(-6.249999999999E-1,1.9E0,-7.516471170518E-1));
#8567=VERTEX_POINT('',#8566);
#8568=CARTESIAN_POINT('',(-6.249999999999E-1,2.077E0,-5.7E0));
#8569=VERTEX_POINT('',#8568);
#8570=CARTESIAN_POINT('',(-1.375E0,3.53E-1,-5.7E0));
#8571=CARTESIAN_POINT('',(-1.375E0,3.1E-1,-6.5E0));
#8572=VERTEX_POINT('',#8570);
#8573=VERTEX_POINT('',#8571);
#8574=CARTESIAN_POINT('',(-1.375E0,1.000000000001E-2,-6.5E0));
#8575=VERTEX_POINT('',#8574);
#8576=CARTESIAN_POINT('',(-1.375E0,7.E-2,-5.35E0));
#8577=VERTEX_POINT('',#8576);
#8578=CARTESIAN_POINT('',(-1.375E0,4.E-1,-5.35E0));
#8579=VERTEX_POINT('',#8578);
#8580=CARTESIAN_POINT('',(-1.375E0,1.288998340685E0,-4.901735931288E0));
#8581=CARTESIAN_POINT('',(-1.375E0,8.E-1,-4.901735931288E0));
#8582=VERTEX_POINT('',#8580);
#8583=VERTEX_POINT('',#8581);
#8584=CARTESIAN_POINT('',(-1.375E0,1.653913252054E0,-1.696365040558E0));
#8585=CARTESIAN_POINT('',(-1.375E0,1.400401565356E0,-1.55E0));
#8586=VERTEX_POINT('',#8584);
#8587=VERTEX_POINT('',#8585);
#8588=CARTESIAN_POINT('',(-1.375E0,1.9E0,-7.516471170518E-1));
#8589=VERTEX_POINT('',#8588);
#8590=CARTESIAN_POINT('',(-1.375E0,2.077E0,-5.7E0));
#8591=VERTEX_POINT('',#8590);
#8592=CARTESIAN_POINT('',(-1.625E0,3.1E-1,-6.5E0));
#8593=VERTEX_POINT('',#8592);
#8594=CARTESIAN_POINT('',(-1.625E0,3.53E-1,-5.7E0));
#8595=VERTEX_POINT('',#8594);
#8596=CARTESIAN_POINT('',(-1.625E0,1.000000000001E-2,-6.5E0));
#8597=VERTEX_POINT('',#8596);
#8598=CARTESIAN_POINT('',(-1.625E0,7.E-2,-5.35E0));
#8599=VERTEX_POINT('',#8598);
#8600=CARTESIAN_POINT('',(-1.625E0,4.E-1,-5.35E0));
#8601=VERTEX_POINT('',#8600);
#8602=CARTESIAN_POINT('',(-1.625E0,8.E-1,-4.901735931288E0));
#8603=VERTEX_POINT('',#8602);
#8604=CARTESIAN_POINT('',(-1.625E0,1.288998340685E0,-4.901735931288E0));
#8605=VERTEX_POINT('',#8604);
#8606=CARTESIAN_POINT('',(-1.625E0,1.653913252054E0,-1.696365040558E0));
#8607=VERTEX_POINT('',#8606);
#8608=CARTESIAN_POINT('',(-1.625E0,1.400401565356E0,-1.55E0));
#8609=VERTEX_POINT('',#8608);
#8610=CARTESIAN_POINT('',(-1.625E0,1.9E0,-7.516471170518E-1));
#8611=VERTEX_POINT('',#8610);
#8612=CARTESIAN_POINT('',(-1.625E0,2.077E0,-5.7E0));
#8613=VERTEX_POINT('',#8612);
#8614=CARTESIAN_POINT('',(-2.375E0,3.53E-1,-5.7E0));
#8615=CARTESIAN_POINT('',(-2.375E0,3.1E-1,-6.5E0));
#8616=VERTEX_POINT('',#8614);
#8617=VERTEX_POINT('',#8615);
#8618=CARTESIAN_POINT('',(-2.375E0,1.000000000001E-2,-6.5E0));
#8619=VERTEX_POINT('',#8618);
#8620=CARTESIAN_POINT('',(-2.375E0,7.E-2,-5.35E0));
#8621=VERTEX_POINT('',#8620);
#8622=CARTESIAN_POINT('',(-2.375E0,4.E-1,-5.35E0));
#8623=VERTEX_POINT('',#8622);
#8624=CARTESIAN_POINT('',(-2.375E0,1.288998340685E0,-4.901735931288E0));
#8625=CARTESIAN_POINT('',(-2.375E0,8.E-1,-4.901735931288E0));
#8626=VERTEX_POINT('',#8624);
#8627=VERTEX_POINT('',#8625);
#8628=CARTESIAN_POINT('',(-2.375E0,1.653913252054E0,-1.696365040558E0));
#8629=CARTESIAN_POINT('',(-2.375E0,1.400401565356E0,-1.55E0));
#8630=VERTEX_POINT('',#8628);
#8631=VERTEX_POINT('',#8629);
#8632=CARTESIAN_POINT('',(-2.375E0,1.9E0,-7.516471170518E-1));
#8633=VERTEX_POINT('',#8632);
#8634=CARTESIAN_POINT('',(-2.375E0,2.077E0,-5.7E0));
#8635=VERTEX_POINT('',#8634);
#8636=CARTESIAN_POINT('',(-2.625E0,3.1E-1,-6.5E0));
#8637=VERTEX_POINT('',#8636);
#8638=CARTESIAN_POINT('',(-2.625E0,3.53E-1,-5.7E0));
#8639=VERTEX_POINT('',#8638);
#8640=CARTESIAN_POINT('',(-2.625E0,1.000000000001E-2,-6.5E0));
#8641=VERTEX_POINT('',#8640);
#8642=CARTESIAN_POINT('',(-2.625E0,7.E-2,-5.35E0));
#8643=VERTEX_POINT('',#8642);
#8644=CARTESIAN_POINT('',(-2.625E0,4.E-1,-5.35E0));
#8645=VERTEX_POINT('',#8644);
#8646=CARTESIAN_POINT('',(-2.625E0,8.E-1,-4.901735931288E0));
#8647=VERTEX_POINT('',#8646);
#8648=CARTESIAN_POINT('',(-2.625E0,1.288998340685E0,-4.901735931288E0));
#8649=VERTEX_POINT('',#8648);
#8650=CARTESIAN_POINT('',(-2.625E0,1.653913252054E0,-1.696365040558E0));
#8651=VERTEX_POINT('',#8650);
#8652=CARTESIAN_POINT('',(-2.625E0,1.400401565356E0,-1.55E0));
#8653=VERTEX_POINT('',#8652);
#8654=CARTESIAN_POINT('',(-2.625E0,1.9E0,-7.516471170518E-1));
#8655=VERTEX_POINT('',#8654);
#8656=CARTESIAN_POINT('',(-2.625E0,2.077E0,-5.7E0));
#8657=VERTEX_POINT('',#8656);
#8658=CARTESIAN_POINT('',(-3.375E0,3.53E-1,-5.7E0));
#8659=CARTESIAN_POINT('',(-3.375E0,3.1E-1,-6.5E0));
#8660=VERTEX_POINT('',#8658);
#8661=VERTEX_POINT('',#8659);
#8662=CARTESIAN_POINT('',(-3.375E0,1.000000000001E-2,-6.5E0));
#8663=VERTEX_POINT('',#8662);
#8664=CARTESIAN_POINT('',(-3.375E0,7.E-2,-5.35E0));
#8665=VERTEX_POINT('',#8664);
#8666=CARTESIAN_POINT('',(-3.375E0,4.E-1,-5.35E0));
#8667=VERTEX_POINT('',#8666);
#8668=CARTESIAN_POINT('',(-3.375E0,1.288998340685E0,-4.901735931288E0));
#8669=CARTESIAN_POINT('',(-3.375E0,8.E-1,-4.901735931288E0));
#8670=VERTEX_POINT('',#8668);
#8671=VERTEX_POINT('',#8669);
#8672=CARTESIAN_POINT('',(-3.375E0,1.653913252054E0,-1.696365040558E0));
#8673=CARTESIAN_POINT('',(-3.375E0,1.400401565356E0,-1.55E0));
#8674=VERTEX_POINT('',#8672);
#8675=VERTEX_POINT('',#8673);
#8676=CARTESIAN_POINT('',(-3.375E0,1.9E0,-7.516471170518E-1));
#8677=VERTEX_POINT('',#8676);
#8678=CARTESIAN_POINT('',(-3.375E0,2.077E0,-5.7E0));
#8679=VERTEX_POINT('',#8678);
#8680=CARTESIAN_POINT('',(-3.625E0,3.1E-1,-6.5E0));
#8681=VERTEX_POINT('',#8680);
#8682=CARTESIAN_POINT('',(-3.625E0,3.53E-1,-5.7E0));
#8683=VERTEX_POINT('',#8682);
#8684=CARTESIAN_POINT('',(-3.625E0,1.000000000001E-2,-6.5E0));
#8685=VERTEX_POINT('',#8684);
#8686=CARTESIAN_POINT('',(-3.625E0,7.E-2,-5.35E0));
#8687=VERTEX_POINT('',#8686);
#8688=CARTESIAN_POINT('',(-3.625E0,4.E-1,-5.35E0));
#8689=VERTEX_POINT('',#8688);
#8690=CARTESIAN_POINT('',(-3.625E0,8.E-1,-4.901735931288E0));
#8691=VERTEX_POINT('',#8690);
#8692=CARTESIAN_POINT('',(-3.625E0,1.288998340685E0,-4.901735931288E0));
#8693=VERTEX_POINT('',#8692);
#8694=CARTESIAN_POINT('',(-3.625E0,1.653913252054E0,-1.696365040558E0));
#8695=VERTEX_POINT('',#8694);
#8696=CARTESIAN_POINT('',(-3.625E0,1.400401565356E0,-1.55E0));
#8697=VERTEX_POINT('',#8696);
#8698=CARTESIAN_POINT('',(-3.625E0,1.9E0,-7.516471170518E-1));
#8699=VERTEX_POINT('',#8698);
#8700=CARTESIAN_POINT('',(-3.625E0,2.077E0,-5.7E0));
#8701=VERTEX_POINT('',#8700);
#8702=CARTESIAN_POINT('',(-1.999999999997E-1,3.5E-1,-5.5E0));
#8703=CARTESIAN_POINT('',(-3.500000000002E-1,3.5E-1,-5.E0));
#8704=VERTEX_POINT('',#8702);
#8705=VERTEX_POINT('',#8703);
#8706=CARTESIAN_POINT('',(-3.5E-1,3.5E-1,-4.85E0));
#8707=VERTEX_POINT('',#8706);
#8708=CARTESIAN_POINT('',(-6.5E-1,3.5E-1,-4.85E0));
#8709=VERTEX_POINT('',#8708);
#8710=CARTESIAN_POINT('',(-6.499999999998E-1,3.5E-1,-5.E0));
#8711=VERTEX_POINT('',#8710);
#8712=CARTESIAN_POINT('',(-8.000000000003E-1,3.5E-1,-5.5E0));
#8713=VERTEX_POINT('',#8712);
#8714=CARTESIAN_POINT('',(-1.2E0,3.5E-1,-5.5E0));
#8715=VERTEX_POINT('',#8714);
#8716=CARTESIAN_POINT('',(-1.35E0,3.5E-1,-5.E0));
#8717=VERTEX_POINT('',#8716);
#8718=CARTESIAN_POINT('',(-1.35E0,3.5E-1,-4.85E0));
#8719=VERTEX_POINT('',#8718);
#8720=CARTESIAN_POINT('',(-1.65E0,3.5E-1,-4.85E0));
#8721=VERTEX_POINT('',#8720);
#8722=CARTESIAN_POINT('',(-1.65E0,3.5E-1,-5.E0));
#8723=VERTEX_POINT('',#8722);
#8724=CARTESIAN_POINT('',(-1.8E0,3.5E-1,-5.5E0));
#8725=VERTEX_POINT('',#8724);
#8726=CARTESIAN_POINT('',(-2.2E0,3.5E-1,-5.5E0));
#8727=VERTEX_POINT('',#8726);
#8728=CARTESIAN_POINT('',(-2.35E0,3.5E-1,-5.E0));
#8729=VERTEX_POINT('',#8728);
#8730=CARTESIAN_POINT('',(-2.35E0,3.5E-1,-4.85E0));
#8731=VERTEX_POINT('',#8730);
#8732=CARTESIAN_POINT('',(-2.65E0,3.5E-1,-4.85E0));
#8733=VERTEX_POINT('',#8732);
#8734=CARTESIAN_POINT('',(-2.65E0,3.5E-1,-5.E0));
#8735=VERTEX_POINT('',#8734);
#8736=CARTESIAN_POINT('',(-2.8E0,3.5E-1,-5.5E0));
#8737=VERTEX_POINT('',#8736);
#8738=CARTESIAN_POINT('',(-3.2E0,3.5E-1,-5.5E0));
#8739=VERTEX_POINT('',#8738);
#8740=CARTESIAN_POINT('',(-3.35E0,3.5E-1,-5.E0));
#8741=VERTEX_POINT('',#8740);
#8742=CARTESIAN_POINT('',(-3.35E0,3.5E-1,-4.85E0));
#8743=VERTEX_POINT('',#8742);
#8744=CARTESIAN_POINT('',(-3.65E0,3.5E-1,-4.85E0));
#8745=VERTEX_POINT('',#8744);
#8746=CARTESIAN_POINT('',(-3.65E0,3.5E-1,-5.E0));
#8747=VERTEX_POINT('',#8746);
#8748=CARTESIAN_POINT('',(-3.8E0,3.5E-1,-5.5E0));
#8749=VERTEX_POINT('',#8748);
#8750=CARTESIAN_POINT('',(-4.2E0,3.5E-1,-5.5E0));
#8751=VERTEX_POINT('',#8750);
#8752=CARTESIAN_POINT('',(-4.35E0,3.5E-1,-5.E0));
#8753=VERTEX_POINT('',#8752);
#8754=CARTESIAN_POINT('',(-4.35E0,3.5E-1,-4.85E0));
#8755=VERTEX_POINT('',#8754);
#8756=CARTESIAN_POINT('',(-4.65E0,3.5E-1,-4.85E0));
#8757=VERTEX_POINT('',#8756);
#8758=CARTESIAN_POINT('',(-4.65E0,3.5E-1,-5.E0));
#8759=VERTEX_POINT('',#8758);
#8760=CARTESIAN_POINT('',(-4.8E0,3.5E-1,-5.5E0));
#8761=VERTEX_POINT('',#8760);
#8762=CARTESIAN_POINT('',(-5.2E0,3.5E-1,-5.5E0));
#8763=VERTEX_POINT('',#8762);
#8764=CARTESIAN_POINT('',(-5.35E0,3.5E-1,-5.E0));
#8765=VERTEX_POINT('',#8764);
#8766=CARTESIAN_POINT('',(-5.35E0,3.5E-1,-4.85E0));
#8767=VERTEX_POINT('',#8766);
#8768=CARTESIAN_POINT('',(-5.65E0,3.5E-1,-4.85E0));
#8769=VERTEX_POINT('',#8768);
#8770=CARTESIAN_POINT('',(-5.65E0,3.5E-1,-5.E0));
#8771=VERTEX_POINT('',#8770);
#8772=CARTESIAN_POINT('',(-5.8E0,3.5E-1,-5.5E0));
#8773=VERTEX_POINT('',#8772);
#8774=CARTESIAN_POINT('',(-3.5E-1,2.35E0,-4.85E0));
#8775=VERTEX_POINT('',#8774);
#8776=CARTESIAN_POINT('',(-6.5E-1,2.35E0,-4.85E0));
#8777=VERTEX_POINT('',#8776);
#8778=CARTESIAN_POINT('',(-1.35E0,2.35E0,-4.85E0));
#8779=VERTEX_POINT('',#8778);
#8780=CARTESIAN_POINT('',(-1.65E0,2.35E0,-4.85E0));
#8781=VERTEX_POINT('',#8780);
#8782=CARTESIAN_POINT('',(-2.35E0,2.35E0,-4.85E0));
#8783=VERTEX_POINT('',#8782);
#8784=CARTESIAN_POINT('',(-2.65E0,2.35E0,-4.85E0));
#8785=VERTEX_POINT('',#8784);
#8786=CARTESIAN_POINT('',(-3.35E0,2.35E0,-4.85E0));
#8787=VERTEX_POINT('',#8786);
#8788=CARTESIAN_POINT('',(-3.65E0,2.35E0,-4.85E0));
#8789=VERTEX_POINT('',#8788);
#8790=CARTESIAN_POINT('',(-4.35E0,2.35E0,-4.85E0));
#8791=VERTEX_POINT('',#8790);
#8792=CARTESIAN_POINT('',(-4.65E0,2.35E0,-4.85E0));
#8793=VERTEX_POINT('',#8792);
#8794=CARTESIAN_POINT('',(-5.35E0,2.35E0,-4.85E0));
#8795=VERTEX_POINT('',#8794);
#8796=CARTESIAN_POINT('',(-5.65E0,2.35E0,-4.85E0));
#8797=VERTEX_POINT('',#8796);
#8798=CARTESIAN_POINT('',(-1.999999999997E-1,2.35E0,-5.5E0));
#8799=CARTESIAN_POINT('',(-3.500000000002E-1,2.35E0,-5.E0));
#8800=VERTEX_POINT('',#8798);
#8801=VERTEX_POINT('',#8799);
#8802=CARTESIAN_POINT('',(-6.499999999998E-1,2.35E0,-5.E0));
#8803=VERTEX_POINT('',#8802);
#8804=CARTESIAN_POINT('',(-8.000000000003E-1,2.35E0,-5.5E0));
#8805=VERTEX_POINT('',#8804);
#8806=CARTESIAN_POINT('',(-1.2E0,2.35E0,-5.5E0));
#8807=VERTEX_POINT('',#8806);
#8808=CARTESIAN_POINT('',(-1.35E0,2.35E0,-5.E0));
#8809=VERTEX_POINT('',#8808);
#8810=CARTESIAN_POINT('',(-1.65E0,2.35E0,-5.E0));
#8811=VERTEX_POINT('',#8810);
#8812=CARTESIAN_POINT('',(-1.8E0,2.35E0,-5.5E0));
#8813=VERTEX_POINT('',#8812);
#8814=CARTESIAN_POINT('',(-2.2E0,2.35E0,-5.5E0));
#8815=VERTEX_POINT('',#8814);
#8816=CARTESIAN_POINT('',(-2.35E0,2.35E0,-5.E0));
#8817=VERTEX_POINT('',#8816);
#8818=CARTESIAN_POINT('',(-2.65E0,2.35E0,-5.E0));
#8819=VERTEX_POINT('',#8818);
#8820=CARTESIAN_POINT('',(-2.8E0,2.35E0,-5.5E0));
#8821=VERTEX_POINT('',#8820);
#8822=CARTESIAN_POINT('',(-3.2E0,2.35E0,-5.5E0));
#8823=VERTEX_POINT('',#8822);
#8824=CARTESIAN_POINT('',(-3.35E0,2.35E0,-5.E0));
#8825=VERTEX_POINT('',#8824);
#8826=CARTESIAN_POINT('',(-3.65E0,2.35E0,-5.E0));
#8827=VERTEX_POINT('',#8826);
#8828=CARTESIAN_POINT('',(-3.8E0,2.35E0,-5.5E0));
#8829=VERTEX_POINT('',#8828);
#8830=CARTESIAN_POINT('',(-4.2E0,2.35E0,-5.5E0));
#8831=VERTEX_POINT('',#8830);
#8832=CARTESIAN_POINT('',(-4.35E0,2.35E0,-5.E0));
#8833=VERTEX_POINT('',#8832);
#8834=CARTESIAN_POINT('',(-4.65E0,2.35E0,-5.E0));
#8835=VERTEX_POINT('',#8834);
#8836=CARTESIAN_POINT('',(-4.8E0,2.35E0,-5.5E0));
#8837=VERTEX_POINT('',#8836);
#8838=CARTESIAN_POINT('',(-5.2E0,2.35E0,-5.5E0));
#8839=VERTEX_POINT('',#8838);
#8840=CARTESIAN_POINT('',(-5.35E0,2.35E0,-5.E0));
#8841=VERTEX_POINT('',#8840);
#8842=CARTESIAN_POINT('',(-5.65E0,2.35E0,-5.E0));
#8843=VERTEX_POINT('',#8842);
#8844=CARTESIAN_POINT('',(-5.8E0,2.35E0,-5.5E0));
#8845=VERTEX_POINT('',#8844);
#8846=CARTESIAN_POINT('',(-5.375E0,1.914759611690E0,-1.E0));
#8847=VERTEX_POINT('',#8846);
#8848=CARTESIAN_POINT('',(-5.375E0,2.077E0,-4.85E0));
#8849=VERTEX_POINT('',#8848);
#8850=CARTESIAN_POINT('',(-5.625E0,1.914759611690E0,-1.E0));
#8851=VERTEX_POINT('',#8850);
#8852=CARTESIAN_POINT('',(-5.625E0,2.077E0,-4.85E0));
#8853=VERTEX_POINT('',#8852);
#8854=CARTESIAN_POINT('',(-4.375E0,1.914759611690E0,-1.E0));
#8855=VERTEX_POINT('',#8854);
#8856=CARTESIAN_POINT('',(-4.375E0,2.077E0,-4.85E0));
#8857=VERTEX_POINT('',#8856);
#8858=CARTESIAN_POINT('',(-4.625E0,1.914759611690E0,-1.E0));
#8859=VERTEX_POINT('',#8858);
#8860=CARTESIAN_POINT('',(-4.625E0,2.077E0,-4.85E0));
#8861=VERTEX_POINT('',#8860);
#8862=CARTESIAN_POINT('',(-3.375E0,1.914759611690E0,-1.E0));
#8863=VERTEX_POINT('',#8862);
#8864=CARTESIAN_POINT('',(-3.375E0,2.077E0,-4.85E0));
#8865=VERTEX_POINT('',#8864);
#8866=CARTESIAN_POINT('',(-3.625E0,1.914759611690E0,-1.E0));
#8867=VERTEX_POINT('',#8866);
#8868=CARTESIAN_POINT('',(-3.625E0,2.077E0,-4.85E0));
#8869=VERTEX_POINT('',#8868);
#8870=CARTESIAN_POINT('',(-2.375E0,1.914759611690E0,-1.E0));
#8871=VERTEX_POINT('',#8870);
#8872=CARTESIAN_POINT('',(-2.375E0,2.077E0,-4.85E0));
#8873=VERTEX_POINT('',#8872);
#8874=CARTESIAN_POINT('',(-2.625E0,1.914759611690E0,-1.E0));
#8875=VERTEX_POINT('',#8874);
#8876=CARTESIAN_POINT('',(-2.625E0,2.077E0,-4.85E0));
#8877=VERTEX_POINT('',#8876);
#8878=CARTESIAN_POINT('',(-1.375E0,1.914759611690E0,-1.E0));
#8879=VERTEX_POINT('',#8878);
#8880=CARTESIAN_POINT('',(-1.375E0,2.077E0,-4.85E0));
#8881=VERTEX_POINT('',#8880);
#8882=CARTESIAN_POINT('',(-1.625E0,1.914759611690E0,-1.E0));
#8883=VERTEX_POINT('',#8882);
#8884=CARTESIAN_POINT('',(-1.625E0,2.077E0,-4.85E0));
#8885=VERTEX_POINT('',#8884);
#8886=CARTESIAN_POINT('',(-3.75E-1,1.914759611690E0,-1.E0));
#8887=VERTEX_POINT('',#8886);
#8888=CARTESIAN_POINT('',(-3.75E-1,2.077E0,-4.85E0));
#8889=VERTEX_POINT('',#8888);
#8890=CARTESIAN_POINT('',(-6.25E-1,1.914759611690E0,-1.E0));
#8891=VERTEX_POINT('',#8890);
#8892=CARTESIAN_POINT('',(-6.25E-1,2.077E0,-4.85E0));
#8893=VERTEX_POINT('',#8892);
#8894=CARTESIAN_POINT('',(-5.375E0,1.687137163671E0,-3.35E0));
#8895=CARTESIAN_POINT('',(-5.375E0,1.8E0,-3.35E0));
#8896=VERTEX_POINT('',#8894);
#8897=VERTEX_POINT('',#8895);
#8898=CARTESIAN_POINT('',(-5.375E0,7.5E-1,-3.35E0));
#8899=CARTESIAN_POINT('',(-5.375E0,8.E-1,-3.35E0));
#8900=VERTEX_POINT('',#8898);
#8901=VERTEX_POINT('',#8899);
#8902=CARTESIAN_POINT('',(-5.625E0,1.687137163671E0,-3.35E0));
#8903=VERTEX_POINT('',#8902);
#8904=CARTESIAN_POINT('',(-5.625E0,8.E-1,-3.35E0));
#8905=VERTEX_POINT('',#8904);
#8906=CARTESIAN_POINT('',(-5.625E0,1.8E0,-3.35E0));
#8907=VERTEX_POINT('',#8906);
#8908=CARTESIAN_POINT('',(-5.625E0,7.5E-1,-3.35E0));
#8909=VERTEX_POINT('',#8908);
#8910=CARTESIAN_POINT('',(-5.375E0,1.8E0,-1.E0));
#8911=VERTEX_POINT('',#8910);
#8912=CARTESIAN_POINT('',(-5.625E0,1.8E0,-1.E0));
#8913=VERTEX_POINT('',#8912);
#8914=CARTESIAN_POINT('',(-5.375E0,8.E-1,-4.85E0));
#8915=CARTESIAN_POINT('',(-5.375E0,4.E-1,-4.85E0));
#8916=VERTEX_POINT('',#8914);
#8917=VERTEX_POINT('',#8915);
#8918=CARTESIAN_POINT('',(-5.375E0,1.326680183307E0,-4.85E0));
#8919=VERTEX_POINT('',#8918);
#8920=CARTESIAN_POINT('',(-5.625E0,1.326680183307E0,-4.85E0));
#8921=VERTEX_POINT('',#8920);
#8922=CARTESIAN_POINT('',(-5.625E0,8.E-1,-4.85E0));
#8923=VERTEX_POINT('',#8922);
#8924=CARTESIAN_POINT('',(-5.625E0,4.E-1,-4.85E0));
#8925=VERTEX_POINT('',#8924);
#8926=CARTESIAN_POINT('',(-4.375E0,1.687137163671E0,-3.35E0));
#8927=CARTESIAN_POINT('',(-4.375E0,1.8E0,-3.35E0));
#8928=VERTEX_POINT('',#8926);
#8929=VERTEX_POINT('',#8927);
#8930=CARTESIAN_POINT('',(-4.375E0,7.5E-1,-3.35E0));
#8931=CARTESIAN_POINT('',(-4.375E0,8.E-1,-3.35E0));
#8932=VERTEX_POINT('',#8930);
#8933=VERTEX_POINT('',#8931);
#8934=CARTESIAN_POINT('',(-4.625E0,1.687137163671E0,-3.35E0));
#8935=VERTEX_POINT('',#8934);
#8936=CARTESIAN_POINT('',(-4.625E0,8.E-1,-3.35E0));
#8937=VERTEX_POINT('',#8936);
#8938=CARTESIAN_POINT('',(-4.625E0,1.8E0,-3.35E0));
#8939=VERTEX_POINT('',#8938);
#8940=CARTESIAN_POINT('',(-4.625E0,7.5E-1,-3.35E0));
#8941=VERTEX_POINT('',#8940);
#8942=CARTESIAN_POINT('',(-4.375E0,1.8E0,-1.E0));
#8943=VERTEX_POINT('',#8942);
#8944=CARTESIAN_POINT('',(-4.625E0,1.8E0,-1.E0));
#8945=VERTEX_POINT('',#8944);
#8946=CARTESIAN_POINT('',(-4.375E0,8.E-1,-4.85E0));
#8947=CARTESIAN_POINT('',(-4.375E0,4.E-1,-4.85E0));
#8948=VERTEX_POINT('',#8946);
#8949=VERTEX_POINT('',#8947);
#8950=CARTESIAN_POINT('',(-4.375E0,1.326680183307E0,-4.85E0));
#8951=VERTEX_POINT('',#8950);
#8952=CARTESIAN_POINT('',(-4.625E0,1.326680183307E0,-4.85E0));
#8953=VERTEX_POINT('',#8952);
#8954=CARTESIAN_POINT('',(-4.625E0,8.E-1,-4.85E0));
#8955=VERTEX_POINT('',#8954);
#8956=CARTESIAN_POINT('',(-4.625E0,4.E-1,-4.85E0));
#8957=VERTEX_POINT('',#8956);
#8958=CARTESIAN_POINT('',(-3.375E0,1.687137163671E0,-3.35E0));
#8959=CARTESIAN_POINT('',(-3.375E0,1.8E0,-3.35E0));
#8960=VERTEX_POINT('',#8958);
#8961=VERTEX_POINT('',#8959);
#8962=CARTESIAN_POINT('',(-3.375E0,7.5E-1,-3.35E0));
#8963=CARTESIAN_POINT('',(-3.375E0,8.E-1,-3.35E0));
#8964=VERTEX_POINT('',#8962);
#8965=VERTEX_POINT('',#8963);
#8966=CARTESIAN_POINT('',(-3.625E0,1.687137163671E0,-3.35E0));
#8967=VERTEX_POINT('',#8966);
#8968=CARTESIAN_POINT('',(-3.625E0,8.E-1,-3.35E0));
#8969=VERTEX_POINT('',#8968);
#8970=CARTESIAN_POINT('',(-3.625E0,1.8E0,-3.35E0));
#8971=VERTEX_POINT('',#8970);
#8972=CARTESIAN_POINT('',(-3.625E0,7.5E-1,-3.35E0));
#8973=VERTEX_POINT('',#8972);
#8974=CARTESIAN_POINT('',(-3.375E0,1.8E0,-1.E0));
#8975=VERTEX_POINT('',#8974);
#8976=CARTESIAN_POINT('',(-3.625E0,1.8E0,-1.E0));
#8977=VERTEX_POINT('',#8976);
#8978=CARTESIAN_POINT('',(-3.375E0,8.E-1,-4.85E0));
#8979=CARTESIAN_POINT('',(-3.375E0,4.E-1,-4.85E0));
#8980=VERTEX_POINT('',#8978);
#8981=VERTEX_POINT('',#8979);
#8982=CARTESIAN_POINT('',(-3.375E0,1.326680183307E0,-4.85E0));
#8983=VERTEX_POINT('',#8982);
#8984=CARTESIAN_POINT('',(-3.625E0,1.326680183307E0,-4.85E0));
#8985=VERTEX_POINT('',#8984);
#8986=CARTESIAN_POINT('',(-3.625E0,8.E-1,-4.85E0));
#8987=VERTEX_POINT('',#8986);
#8988=CARTESIAN_POINT('',(-3.625E0,4.E-1,-4.85E0));
#8989=VERTEX_POINT('',#8988);
#8990=CARTESIAN_POINT('',(-2.375E0,1.687137163671E0,-3.35E0));
#8991=CARTESIAN_POINT('',(-2.375E0,1.8E0,-3.35E0));
#8992=VERTEX_POINT('',#8990);
#8993=VERTEX_POINT('',#8991);
#8994=CARTESIAN_POINT('',(-2.375E0,7.5E-1,-3.35E0));
#8995=CARTESIAN_POINT('',(-2.375E0,8.E-1,-3.35E0));
#8996=VERTEX_POINT('',#8994);
#8997=VERTEX_POINT('',#8995);
#8998=CARTESIAN_POINT('',(-2.625E0,1.687137163671E0,-3.35E0));
#8999=VERTEX_POINT('',#8998);
#9000=CARTESIAN_POINT('',(-2.625E0,8.E-1,-3.35E0));
#9001=VERTEX_POINT('',#9000);
#9002=CARTESIAN_POINT('',(-2.625E0,1.8E0,-3.35E0));
#9003=VERTEX_POINT('',#9002);
#9004=CARTESIAN_POINT('',(-2.625E0,7.5E-1,-3.35E0));
#9005=VERTEX_POINT('',#9004);
#9006=CARTESIAN_POINT('',(-2.375E0,1.8E0,-1.E0));
#9007=VERTEX_POINT('',#9006);
#9008=CARTESIAN_POINT('',(-2.625E0,1.8E0,-1.E0));
#9009=VERTEX_POINT('',#9008);
#9010=CARTESIAN_POINT('',(-2.375E0,8.E-1,-4.85E0));
#9011=CARTESIAN_POINT('',(-2.375E0,4.E-1,-4.85E0));
#9012=VERTEX_POINT('',#9010);
#9013=VERTEX_POINT('',#9011);
#9014=CARTESIAN_POINT('',(-2.375E0,1.326680183307E0,-4.85E0));
#9015=VERTEX_POINT('',#9014);
#9016=CARTESIAN_POINT('',(-2.625E0,1.326680183307E0,-4.85E0));
#9017=VERTEX_POINT('',#9016);
#9018=CARTESIAN_POINT('',(-2.625E0,8.E-1,-4.85E0));
#9019=VERTEX_POINT('',#9018);
#9020=CARTESIAN_POINT('',(-2.625E0,4.E-1,-4.85E0));
#9021=VERTEX_POINT('',#9020);
#9022=CARTESIAN_POINT('',(-1.375E0,1.687137163671E0,-3.35E0));
#9023=CARTESIAN_POINT('',(-1.375E0,1.8E0,-3.35E0));
#9024=VERTEX_POINT('',#9022);
#9025=VERTEX_POINT('',#9023);
#9026=CARTESIAN_POINT('',(-1.375E0,7.5E-1,-3.35E0));
#9027=CARTESIAN_POINT('',(-1.375E0,8.E-1,-3.35E0));
#9028=VERTEX_POINT('',#9026);
#9029=VERTEX_POINT('',#9027);
#9030=CARTESIAN_POINT('',(-1.625E0,1.687137163671E0,-3.35E0));
#9031=VERTEX_POINT('',#9030);
#9032=CARTESIAN_POINT('',(-1.625E0,8.E-1,-3.35E0));
#9033=VERTEX_POINT('',#9032);
#9034=CARTESIAN_POINT('',(-1.625E0,1.8E0,-3.35E0));
#9035=VERTEX_POINT('',#9034);
#9036=CARTESIAN_POINT('',(-1.625E0,7.5E-1,-3.35E0));
#9037=VERTEX_POINT('',#9036);
#9038=CARTESIAN_POINT('',(-1.375E0,1.8E0,-1.E0));
#9039=VERTEX_POINT('',#9038);
#9040=CARTESIAN_POINT('',(-1.625E0,1.8E0,-1.E0));
#9041=VERTEX_POINT('',#9040);
#9042=CARTESIAN_POINT('',(-1.375E0,8.E-1,-4.85E0));
#9043=CARTESIAN_POINT('',(-1.375E0,4.E-1,-4.85E0));
#9044=VERTEX_POINT('',#9042);
#9045=VERTEX_POINT('',#9043);
#9046=CARTESIAN_POINT('',(-1.375E0,1.326680183307E0,-4.85E0));
#9047=VERTEX_POINT('',#9046);
#9048=CARTESIAN_POINT('',(-1.625E0,1.326680183307E0,-4.85E0));
#9049=VERTEX_POINT('',#9048);
#9050=CARTESIAN_POINT('',(-1.625E0,8.E-1,-4.85E0));
#9051=VERTEX_POINT('',#9050);
#9052=CARTESIAN_POINT('',(-1.625E0,4.E-1,-4.85E0));
#9053=VERTEX_POINT('',#9052);
#9054=CARTESIAN_POINT('',(-3.75E-1,1.687137163671E0,-3.35E0));
#9055=CARTESIAN_POINT('',(-3.75E-1,1.8E0,-3.35E0));
#9056=VERTEX_POINT('',#9054);
#9057=VERTEX_POINT('',#9055);
#9058=CARTESIAN_POINT('',(-3.75E-1,7.5E-1,-3.35E0));
#9059=CARTESIAN_POINT('',(-3.75E-1,8.E-1,-3.35E0));
#9060=VERTEX_POINT('',#9058);
#9061=VERTEX_POINT('',#9059);
#9062=CARTESIAN_POINT('',(-6.25E-1,1.687137163671E0,-3.35E0));
#9063=VERTEX_POINT('',#9062);
#9064=CARTESIAN_POINT('',(-6.25E-1,8.E-1,-3.35E0));
#9065=VERTEX_POINT('',#9064);
#9066=CARTESIAN_POINT('',(-6.25E-1,1.8E0,-3.35E0));
#9067=VERTEX_POINT('',#9066);
#9068=CARTESIAN_POINT('',(-6.25E-1,7.5E-1,-3.35E0));
#9069=VERTEX_POINT('',#9068);
#9070=CARTESIAN_POINT('',(-3.75E-1,1.8E0,-1.E0));
#9071=VERTEX_POINT('',#9070);
#9072=CARTESIAN_POINT('',(-6.25E-1,1.8E0,-1.E0));
#9073=VERTEX_POINT('',#9072);
#9074=CARTESIAN_POINT('',(-3.75E-1,8.E-1,-4.85E0));
#9075=CARTESIAN_POINT('',(-3.75E-1,4.E-1,-4.85E0));
#9076=VERTEX_POINT('',#9074);
#9077=VERTEX_POINT('',#9075);
#9078=CARTESIAN_POINT('',(-3.75E-1,1.326680183307E0,-4.85E0));
#9079=VERTEX_POINT('',#9078);
#9080=CARTESIAN_POINT('',(-6.25E-1,1.326680183307E0,-4.85E0));
#9081=VERTEX_POINT('',#9080);
#9082=CARTESIAN_POINT('',(-6.25E-1,8.E-1,-4.85E0));
#9083=VERTEX_POINT('',#9082);
#9084=CARTESIAN_POINT('',(-6.25E-1,4.E-1,-4.85E0));
#9085=VERTEX_POINT('',#9084);
#9086=CARTESIAN_POINT('',(-1.375E0,7.5E-1,-3.E0));
#9087=CARTESIAN_POINT('',(-6.25E-1,7.5E-1,-3.E0));
#9088=VERTEX_POINT('',#9086);
#9089=VERTEX_POINT('',#9087);
#9090=CARTESIAN_POINT('',(-2.375E0,7.5E-1,-3.E0));
#9091=CARTESIAN_POINT('',(-1.625E0,7.5E-1,-3.E0));
#9092=VERTEX_POINT('',#9090);
#9093=VERTEX_POINT('',#9091);
#9094=CARTESIAN_POINT('',(-3.375E0,7.5E-1,-3.E0));
#9095=CARTESIAN_POINT('',(-2.625E0,7.5E-1,-3.E0));
#9096=VERTEX_POINT('',#9094);
#9097=VERTEX_POINT('',#9095);
#9098=CARTESIAN_POINT('',(-4.375E0,7.5E-1,-3.E0));
#9099=CARTESIAN_POINT('',(-3.625E0,7.5E-1,-3.E0));
#9100=VERTEX_POINT('',#9098);
#9101=VERTEX_POINT('',#9099);
#9102=CARTESIAN_POINT('',(-5.375E0,7.5E-1,-3.E0));
#9103=CARTESIAN_POINT('',(-4.625E0,7.5E-1,-3.E0));
#9104=VERTEX_POINT('',#9102);
#9105=VERTEX_POINT('',#9103);
#9106=CARTESIAN_POINT('',(-5.375E0,8.E-1,-3.E0));
#9107=VERTEX_POINT('',#9106);
#9108=CARTESIAN_POINT('',(-5.625E0,8.E-1,-3.E0));
#9109=VERTEX_POINT('',#9108);
#9110=CARTESIAN_POINT('',(-5.625E0,7.5E-1,-3.E0));
#9111=VERTEX_POINT('',#9110);
#9112=CARTESIAN_POINT('',(-4.375E0,8.E-1,-3.E0));
#9113=VERTEX_POINT('',#9112);
#9114=CARTESIAN_POINT('',(-4.625E0,8.E-1,-3.E0));
#9115=VERTEX_POINT('',#9114);
#9116=CARTESIAN_POINT('',(-3.375E0,8.E-1,-3.E0));
#9117=VERTEX_POINT('',#9116);
#9118=CARTESIAN_POINT('',(-3.625E0,8.E-1,-3.E0));
#9119=VERTEX_POINT('',#9118);
#9120=CARTESIAN_POINT('',(-2.375E0,8.E-1,-3.E0));
#9121=VERTEX_POINT('',#9120);
#9122=CARTESIAN_POINT('',(-2.625E0,8.E-1,-3.E0));
#9123=VERTEX_POINT('',#9122);
#9124=CARTESIAN_POINT('',(-1.375E0,8.E-1,-3.E0));
#9125=VERTEX_POINT('',#9124);
#9126=CARTESIAN_POINT('',(-1.625E0,8.E-1,-3.E0));
#9127=VERTEX_POINT('',#9126);
#9128=CARTESIAN_POINT('',(-3.75E-1,7.5E-1,-3.E0));
#9129=CARTESIAN_POINT('',(-3.75E-1,8.E-1,-3.E0));
#9130=VERTEX_POINT('',#9128);
#9131=VERTEX_POINT('',#9129);
#9132=CARTESIAN_POINT('',(-6.25E-1,8.E-1,-3.E0));
#9133=VERTEX_POINT('',#9132);
#9134=CARTESIAN_POINT('',(-8.299999999999E0,2.249764068712E0,-5.5E0));
#9135=CARTESIAN_POINT('',(-8.299999999999E0,3.030696855195E-1,-5.5E0));
#9136=VERTEX_POINT('',#9134);
#9137=VERTEX_POINT('',#9135);
#9138=CARTESIAN_POINT('',(-8.299999999999E0,3.002921527500E-1,-5.65E0));
#9139=VERTEX_POINT('',#9138);
#9140=CARTESIAN_POINT('',(-8.299999999999E0,-4.022304422979E-4,-5.65E0));
#9141=VERTEX_POINT('',#9140);
#9142=CARTESIAN_POINT('',(-8.299999999999E0,4.960130263212E-2,-4.7E0));
#9143=VERTEX_POINT('',#9142);
#9144=CARTESIAN_POINT('',(-8.700000000001E0,3.030696855195E-1,-5.5E0));
#9145=VERTEX_POINT('',#9144);
#9146=CARTESIAN_POINT('',(-8.700000000001E0,2.249764068712E0,-5.5E0));
#9147=VERTEX_POINT('',#9146);
#9148=CARTESIAN_POINT('',(-8.700000000001E0,3.002921527500E-1,-5.65E0));
#9149=VERTEX_POINT('',#9148);
#9150=CARTESIAN_POINT('',(-8.700000000001E0,-4.022304422979E-4,-5.65E0));
#9151=VERTEX_POINT('',#9150);
#9152=CARTESIAN_POINT('',(-8.700000000001E0,4.960130263212E-2,-4.7E0));
#9153=VERTEX_POINT('',#9152);
#9154=CARTESIAN_POINT('',(-8.700000000001E0,2.599764068712E0,-4.7E0));
#9155=CARTESIAN_POINT('',(-8.299999999999E0,2.599764068712E0,-4.7E0));
#9156=VERTEX_POINT('',#9154);
#9157=VERTEX_POINT('',#9155);
#9158=CARTESIAN_POINT('',(-7.375E0,3.1E-1,-6.5E0));
#9159=CARTESIAN_POINT('',(-7.375E0,3.53E-1,-5.7E0));
#9160=VERTEX_POINT('',#9158);
#9161=VERTEX_POINT('',#9159);
#9162=CARTESIAN_POINT('',(-7.375E0,1.000000000001E-2,-6.5E0));
#9163=VERTEX_POINT('',#9162);
#9164=CARTESIAN_POINT('',(-7.375E0,7.E-2,-5.35E0));
#9165=VERTEX_POINT('',#9164);
#9166=CARTESIAN_POINT('',(-7.375E0,4.E-1,-5.35E0));
#9167=VERTEX_POINT('',#9166);
#9168=CARTESIAN_POINT('',(-7.375E0,8.E-1,-4.901735931288E0));
#9169=CARTESIAN_POINT('',(-7.375E0,1.288998340685E0,-4.901735931288E0));
#9170=VERTEX_POINT('',#9168);
#9171=VERTEX_POINT('',#9169);
#9172=CARTESIAN_POINT('',(-7.375E0,1.400401565356E0,-1.55E0));
#9173=CARTESIAN_POINT('',(-7.375E0,1.653913252054E0,-1.696365040558E0));
#9174=VERTEX_POINT('',#9172);
#9175=VERTEX_POINT('',#9173);
#9176=CARTESIAN_POINT('',(-7.375E0,1.9E0,-7.516471170518E-1));
#9177=VERTEX_POINT('',#9176);
#9178=CARTESIAN_POINT('',(-7.375E0,2.077E0,-5.7E0));
#9179=VERTEX_POINT('',#9178);
#9180=CARTESIAN_POINT('',(-7.625E0,3.1E-1,-6.5E0));
#9181=VERTEX_POINT('',#9180);
#9182=CARTESIAN_POINT('',(-7.625E0,3.53E-1,-5.7E0));
#9183=VERTEX_POINT('',#9182);
#9184=CARTESIAN_POINT('',(-7.625E0,1.000000000001E-2,-6.5E0));
#9185=VERTEX_POINT('',#9184);
#9186=CARTESIAN_POINT('',(-7.625E0,7.E-2,-5.35E0));
#9187=VERTEX_POINT('',#9186);
#9188=CARTESIAN_POINT('',(-7.625E0,4.E-1,-5.35E0));
#9189=VERTEX_POINT('',#9188);
#9190=CARTESIAN_POINT('',(-7.625E0,8.E-1,-4.901735931288E0));
#9191=VERTEX_POINT('',#9190);
#9192=CARTESIAN_POINT('',(-7.625E0,1.288998340685E0,-4.901735931288E0));
#9193=VERTEX_POINT('',#9192);
#9194=CARTESIAN_POINT('',(-7.625E0,1.653913252054E0,-1.696365040558E0));
#9195=VERTEX_POINT('',#9194);
#9196=CARTESIAN_POINT('',(-7.625E0,1.400401565356E0,-1.55E0));
#9197=VERTEX_POINT('',#9196);
#9198=CARTESIAN_POINT('',(-7.625E0,1.9E0,-7.516471170518E-1));
#9199=VERTEX_POINT('',#9198);
#9200=CARTESIAN_POINT('',(-7.625E0,2.077E0,-5.7E0));
#9201=VERTEX_POINT('',#9200);
#9202=CARTESIAN_POINT('',(-6.375E0,3.1E-1,-6.5E0));
#9203=CARTESIAN_POINT('',(-6.375E0,3.53E-1,-5.7E0));
#9204=VERTEX_POINT('',#9202);
#9205=VERTEX_POINT('',#9203);
#9206=CARTESIAN_POINT('',(-6.375E0,1.000000000001E-2,-6.5E0));
#9207=VERTEX_POINT('',#9206);
#9208=CARTESIAN_POINT('',(-6.375E0,7.E-2,-5.35E0));
#9209=VERTEX_POINT('',#9208);
#9210=CARTESIAN_POINT('',(-6.375E0,4.E-1,-5.35E0));
#9211=VERTEX_POINT('',#9210);
#9212=CARTESIAN_POINT('',(-6.375E0,8.E-1,-4.901735931288E0));
#9213=CARTESIAN_POINT('',(-6.375E0,1.288998340685E0,-4.901735931288E0));
#9214=VERTEX_POINT('',#9212);
#9215=VERTEX_POINT('',#9213);
#9216=CARTESIAN_POINT('',(-6.375E0,1.400401565356E0,-1.55E0));
#9217=CARTESIAN_POINT('',(-6.375E0,1.653913252054E0,-1.696365040558E0));
#9218=VERTEX_POINT('',#9216);
#9219=VERTEX_POINT('',#9217);
#9220=CARTESIAN_POINT('',(-6.375E0,1.9E0,-7.516471170518E-1));
#9221=VERTEX_POINT('',#9220);
#9222=CARTESIAN_POINT('',(-6.375E0,2.077E0,-5.7E0));
#9223=VERTEX_POINT('',#9222);
#9224=CARTESIAN_POINT('',(-6.625E0,3.1E-1,-6.5E0));
#9225=VERTEX_POINT('',#9224);
#9226=CARTESIAN_POINT('',(-6.625E0,3.53E-1,-5.7E0));
#9227=VERTEX_POINT('',#9226);
#9228=CARTESIAN_POINT('',(-6.625E0,1.000000000001E-2,-6.5E0));
#9229=VERTEX_POINT('',#9228);
#9230=CARTESIAN_POINT('',(-6.625E0,7.E-2,-5.35E0));
#9231=VERTEX_POINT('',#9230);
#9232=CARTESIAN_POINT('',(-6.625E0,4.E-1,-5.35E0));
#9233=VERTEX_POINT('',#9232);
#9234=CARTESIAN_POINT('',(-6.625E0,8.E-1,-4.901735931288E0));
#9235=VERTEX_POINT('',#9234);
#9236=CARTESIAN_POINT('',(-6.625E0,1.288998340685E0,-4.901735931288E0));
#9237=VERTEX_POINT('',#9236);
#9238=CARTESIAN_POINT('',(-6.625E0,1.653913252054E0,-1.696365040558E0));
#9239=VERTEX_POINT('',#9238);
#9240=CARTESIAN_POINT('',(-6.625E0,1.400401565356E0,-1.55E0));
#9241=VERTEX_POINT('',#9240);
#9242=CARTESIAN_POINT('',(-6.625E0,1.9E0,-7.516471170518E-1));
#9243=VERTEX_POINT('',#9242);
#9244=CARTESIAN_POINT('',(-6.625E0,2.077E0,-5.7E0));
#9245=VERTEX_POINT('',#9244);
#9246=CARTESIAN_POINT('',(-9.4E0,5.040156535590E-2,-1.2E0));
#9247=VERTEX_POINT('',#9246);
#9248=CARTESIAN_POINT('',(-8.65E0,2.300401565356E0,0.E0));
#9249=VERTEX_POINT('',#9248);
#9250=CARTESIAN_POINT('',(-1.07E1,2.300401565356E0,-1.609823385706E-14));
#9251=VERTEX_POINT('',#9250);
#9252=CARTESIAN_POINT('',(-1.09E1,2.100401565356E0,-3.841371665203E-14));
#9253=VERTEX_POINT('',#9252);
#9254=CARTESIAN_POINT('',(-1.09E1,3.504015653559E-1,0.E0));
#9255=VERTEX_POINT('',#9254);
#9256=CARTESIAN_POINT('',(-1.07E1,1.504015653559E-1,-1.076569389191E-14));
#9257=VERTEX_POINT('',#9256);
#9258=CARTESIAN_POINT('',(-9.4E0,1.504015653559E-1,0.E0));
#9259=VERTEX_POINT('',#9258);
#9260=CARTESIAN_POINT('',(-8.209060481832E0,1.300401565356E0,-1.1E0));
#9261=CARTESIAN_POINT('',(-8.65E0,1.300401565356E0,-1.1E0));
#9262=VERTEX_POINT('',#9260);
#9263=VERTEX_POINT('',#9261);
#9264=CARTESIAN_POINT('',(-8.226693179902E0,6.002677102373E-1,-1.2E0));
#9265=VERTEX_POINT('',#9264);
#9266=CARTESIAN_POINT('',(-1.09E1,2.100401565356E0,-1.2E0));
#9267=CARTESIAN_POINT('',(-1.07E1,2.300401565356E0,-1.2E0));
#9268=VERTEX_POINT('',#9266);
#9269=VERTEX_POINT('',#9267);
#9270=CARTESIAN_POINT('',(-1.09E1,3.504015653559E-1,-1.2E0));
#9271=VERTEX_POINT('',#9270);
#9272=CARTESIAN_POINT('',(-1.07E1,1.504015653559E-1,-1.2E0));
#9273=VERTEX_POINT('',#9272);
#9274=CARTESIAN_POINT('',(-9.4E0,1.504015653559E-1,-1.2E0));
#9275=VERTEX_POINT('',#9274);
#9276=CARTESIAN_POINT('',(-8.65E0,2.300401565356E0,-1.1E0));
#9277=VERTEX_POINT('',#9276);
#9278=CARTESIAN_POINT('',(-9.339999999999E0,2.300401565356E0,-1.1E0));
#9279=VERTEX_POINT('',#9278);
#9280=CARTESIAN_POINT('',(-9.339999999998E0,6.002677102373E-1,-1.1E0));
#9281=VERTEX_POINT('',#9280);
#9282=CARTESIAN_POINT('',(-8.209060481833E0,6.002677102373E-1,-1.1E0));
#9283=VERTEX_POINT('',#9282);
#9284=CARTESIAN_POINT('',(-1.02E1,6.004015653559E-1,-4.85E0));
#9285=CARTESIAN_POINT('',(-1.02E1,8.187837059156E-1,-5.45E0));
#9286=VERTEX_POINT('',#9284);
#9287=VERTEX_POINT('',#9285);
#9288=CARTESIAN_POINT('',(-1.02E1,1.638931254904E0,-5.45E0));
#9289=VERTEX_POINT('',#9288);
#9290=CARTESIAN_POINT('',(-9.538675134594E0,8.187837059156E-1,-5.45E0));
#9291=VERTEX_POINT('',#9290);
#9292=CARTESIAN_POINT('',(-9.538675134594E0,1.638931254904E0,-5.45E0));
#9293=VERTEX_POINT('',#9292);
#9294=CARTESIAN_POINT('',(-8.E0,2.45E0,-4.8E0));
#9295=VERTEX_POINT('',#9294);
#9296=CARTESIAN_POINT('',(-9.25E0,2.45E0,-4.8E0));
#9297=VERTEX_POINT('',#9296);
#9298=CARTESIAN_POINT('',(-9.25E0,2.35E0,-4.8E0));
#9299=VERTEX_POINT('',#9298);
#9300=CARTESIAN_POINT('',(-8.735E0,2.35E0,-4.8E0));
#9301=VERTEX_POINT('',#9300);
#9302=CARTESIAN_POINT('',(-8.735E0,3.5E-1,-4.8E0));
#9303=VERTEX_POINT('',#9302);
#9304=CARTESIAN_POINT('',(-9.25E0,3.5E-1,-4.8E0));
#9305=VERTEX_POINT('',#9304);
#9306=CARTESIAN_POINT('',(-9.25E0,2.5E-1,-4.8E0));
#9307=VERTEX_POINT('',#9306);
#9308=CARTESIAN_POINT('',(-8.E0,2.5E-1,-4.8E0));
#9309=CARTESIAN_POINT('',(-8.E0,0.E0,-4.8E0));
#9310=VERTEX_POINT('',#9308);
#9311=VERTEX_POINT('',#9309);
#9312=CARTESIAN_POINT('',(-8.720000000001E0,1.8E0,-1.2E0));
#9313=CARTESIAN_POINT('',(-8.5E0,1.8E0,-1.2E0));
#9314=VERTEX_POINT('',#9312);
#9315=VERTEX_POINT('',#9313);
#9316=CARTESIAN_POINT('',(-8.5E0,1.8E0,-1.E0));
#9317=VERTEX_POINT('',#9316);
#9318=CARTESIAN_POINT('',(-8.E0,2.45E0,0.E0));
#9319=VERTEX_POINT('',#9318);
#9320=CARTESIAN_POINT('',(-8.5E0,2.45E0,0.E0));
#9321=VERTEX_POINT('',#9320);
#9322=CARTESIAN_POINT('',(-9.25E0,2.45E0,-4.65E0));
#9323=VERTEX_POINT('',#9322);
#9324=CARTESIAN_POINT('',(-9.65E0,2.45E0,-4.65E0));
#9325=VERTEX_POINT('',#9324);
#9326=CARTESIAN_POINT('',(-1.03E1,2.45E0,-4.E0));
#9327=VERTEX_POINT('',#9326);
#9328=CARTESIAN_POINT('',(-1.03E1,2.45E0,-1.2E0));
#9329=VERTEX_POINT('',#9328);
#9330=CARTESIAN_POINT('',(-8.5E0,2.45E0,-1.2E0));
#9331=VERTEX_POINT('',#9330);
#9332=CARTESIAN_POINT('',(-9.25E0,3.5E-1,-5.333333333333E0));
#9333=CARTESIAN_POINT('',(-9.25E0,2.35E0,-5.333333333333E0));
#9334=VERTEX_POINT('',#9332);
#9335=VERTEX_POINT('',#9333);
#9336=CARTESIAN_POINT('',(-9.25E0,2.5E-1,-4.65E0));
#9337=VERTEX_POINT('',#9336);
#9338=CARTESIAN_POINT('',(-9.2E0,2.35E0,-5.5E0));
#9339=CARTESIAN_POINT('',(-9.2E0,3.5E-1,-5.5E0));
#9340=VERTEX_POINT('',#9338);
#9341=VERTEX_POINT('',#9339);
#9342=CARTESIAN_POINT('',(-8.9E0,3.5E-1,-5.5E0));
#9343=VERTEX_POINT('',#9342);
#9344=CARTESIAN_POINT('',(-8.9E0,2.35E0,-5.5E0));
#9345=VERTEX_POINT('',#9344);
#9346=CARTESIAN_POINT('',(-8.734999999999E0,2.35E0,-5.E0));
#9347=VERTEX_POINT('',#9346);
#9348=CARTESIAN_POINT('',(-8.734999999999E0,3.5E-1,-5.E0));
#9349=VERTEX_POINT('',#9348);
#9350=CARTESIAN_POINT('',(-9.65E0,2.5E-1,-4.65E0));
#9351=VERTEX_POINT('',#9350);
#9352=CARTESIAN_POINT('',(-1.03E1,2.5E-1,-4.E0));
#9353=VERTEX_POINT('',#9352);
#9354=CARTESIAN_POINT('',(-8.E0,0.E0,-1.2E0));
#9355=VERTEX_POINT('',#9354);
#9356=CARTESIAN_POINT('',(-1.03E1,6.E-1,-4.E0));
#9357=VERTEX_POINT('',#9356);
#9358=CARTESIAN_POINT('',(-8.720000000001E0,1.3E0,-1.2E0));
#9359=VERTEX_POINT('',#9358);
#9360=CARTESIAN_POINT('',(-1.03E1,2.1E0,-4.E0));
#9361=VERTEX_POINT('',#9360);
#9362=CARTESIAN_POINT('',(-6.35E0,3.5E-1,-5.E0));
#9363=CARTESIAN_POINT('',(-6.2E0,3.5E-1,-5.5E0));
#9364=VERTEX_POINT('',#9362);
#9365=VERTEX_POINT('',#9363);
#9366=CARTESIAN_POINT('',(-6.35E0,3.5E-1,-4.85E0));
#9367=VERTEX_POINT('',#9366);
#9368=CARTESIAN_POINT('',(-6.65E0,3.5E-1,-4.85E0));
#9369=VERTEX_POINT('',#9368);
#9370=CARTESIAN_POINT('',(-6.65E0,3.5E-1,-5.E0));
#9371=VERTEX_POINT('',#9370);
#9372=CARTESIAN_POINT('',(-6.8E0,3.5E-1,-5.5E0));
#9373=VERTEX_POINT('',#9372);
#9374=CARTESIAN_POINT('',(-7.2E0,3.5E-1,-5.5E0));
#9375=VERTEX_POINT('',#9374);
#9376=CARTESIAN_POINT('',(-7.35E0,3.5E-1,-5.E0));
#9377=VERTEX_POINT('',#9376);
#9378=CARTESIAN_POINT('',(-7.35E0,3.5E-1,-4.85E0));
#9379=VERTEX_POINT('',#9378);
#9380=CARTESIAN_POINT('',(-7.65E0,3.5E-1,-4.85E0));
#9381=VERTEX_POINT('',#9380);
#9382=CARTESIAN_POINT('',(-7.65E0,3.5E-1,-5.E0));
#9383=VERTEX_POINT('',#9382);
#9384=CARTESIAN_POINT('',(-7.8E0,3.5E-1,-5.5E0));
#9385=VERTEX_POINT('',#9384);
#9386=CARTESIAN_POINT('',(-8.099999999999E0,3.5E-1,-5.5E0));
#9387=VERTEX_POINT('',#9386);
#9388=CARTESIAN_POINT('',(-8.265000000001E0,3.5E-1,-5.E0));
#9389=VERTEX_POINT('',#9388);
#9390=CARTESIAN_POINT('',(-6.35E0,2.35E0,-4.85E0));
#9391=VERTEX_POINT('',#9390);
#9392=CARTESIAN_POINT('',(-6.65E0,2.35E0,-4.85E0));
#9393=VERTEX_POINT('',#9392);
#9394=CARTESIAN_POINT('',(-7.35E0,2.35E0,-4.85E0));
#9395=VERTEX_POINT('',#9394);
#9396=CARTESIAN_POINT('',(-7.65E0,2.35E0,-4.85E0));
#9397=VERTEX_POINT('',#9396);
#9398=CARTESIAN_POINT('',(-6.35E0,2.35E0,-5.E0));
#9399=CARTESIAN_POINT('',(-6.2E0,2.35E0,-5.5E0));
#9400=VERTEX_POINT('',#9398);
#9401=VERTEX_POINT('',#9399);
#9402=CARTESIAN_POINT('',(-6.65E0,2.35E0,-5.E0));
#9403=VERTEX_POINT('',#9402);
#9404=CARTESIAN_POINT('',(-6.8E0,2.35E0,-5.5E0));
#9405=VERTEX_POINT('',#9404);
#9406=CARTESIAN_POINT('',(-7.2E0,2.35E0,-5.5E0));
#9407=VERTEX_POINT('',#9406);
#9408=CARTESIAN_POINT('',(-7.35E0,2.35E0,-5.E0));
#9409=VERTEX_POINT('',#9408);
#9410=CARTESIAN_POINT('',(-7.65E0,2.35E0,-5.E0));
#9411=VERTEX_POINT('',#9410);
#9412=CARTESIAN_POINT('',(-7.8E0,2.35E0,-5.5E0));
#9413=VERTEX_POINT('',#9412);
#9414=CARTESIAN_POINT('',(-8.099999999999E0,2.35E0,-5.5E0));
#9415=VERTEX_POINT('',#9414);
#9416=CARTESIAN_POINT('',(-8.265000000001E0,2.35E0,-5.E0));
#9417=VERTEX_POINT('',#9416);
#9418=CARTESIAN_POINT('',(-8.3E0,2.5E-1,-4.8E0));
#9419=VERTEX_POINT('',#9418);
#9420=CARTESIAN_POINT('',(-8.7E0,2.5E-1,-4.8E0));
#9421=VERTEX_POINT('',#9420);
#9422=CARTESIAN_POINT('',(-7.375E0,1.914759611690E0,-1.E0));
#9423=VERTEX_POINT('',#9422);
#9424=CARTESIAN_POINT('',(-7.375E0,2.077E0,-4.85E0));
#9425=VERTEX_POINT('',#9424);
#9426=CARTESIAN_POINT('',(-7.625E0,1.914759611690E0,-1.E0));
#9427=VERTEX_POINT('',#9426);
#9428=CARTESIAN_POINT('',(-7.625E0,2.077E0,-4.85E0));
#9429=VERTEX_POINT('',#9428);
#9430=CARTESIAN_POINT('',(-6.375E0,1.914759611690E0,-1.E0));
#9431=VERTEX_POINT('',#9430);
#9432=CARTESIAN_POINT('',(-6.375E0,2.077E0,-4.85E0));
#9433=VERTEX_POINT('',#9432);
#9434=CARTESIAN_POINT('',(-6.625E0,1.914759611690E0,-1.E0));
#9435=VERTEX_POINT('',#9434);
#9436=CARTESIAN_POINT('',(-6.625E0,2.077E0,-4.85E0));
#9437=VERTEX_POINT('',#9436);
#9438=CARTESIAN_POINT('',(-1.03E1,2.300401565356E0,-1.199999999999E0));
#9439=VERTEX_POINT('',#9438);
#9440=CARTESIAN_POINT('',(-9.34E0,2.300401565356E0,-1.2E0));
#9441=VERTEX_POINT('',#9440);
#9442=CARTESIAN_POINT('',(-9.25E0,1.727094745258E0,-4.95E0));
#9443=VERTEX_POINT('',#9442);
#9444=CARTESIAN_POINT('',(-7.375E0,1.8E0,-3.35E0));
#9445=CARTESIAN_POINT('',(-7.375E0,1.687137163671E0,-3.35E0));
#9446=VERTEX_POINT('',#9444);
#9447=VERTEX_POINT('',#9445);
#9448=CARTESIAN_POINT('',(-7.375E0,8.E-1,-3.35E0));
#9449=CARTESIAN_POINT('',(-7.375E0,7.5E-1,-3.35E0));
#9450=VERTEX_POINT('',#9448);
#9451=VERTEX_POINT('',#9449);
#9452=CARTESIAN_POINT('',(-7.625E0,1.687137163671E0,-3.35E0));
#9453=VERTEX_POINT('',#9452);
#9454=CARTESIAN_POINT('',(-7.625E0,8.E-1,-3.35E0));
#9455=VERTEX_POINT('',#9454);
#9456=CARTESIAN_POINT('',(-7.625E0,1.8E0,-3.35E0));
#9457=VERTEX_POINT('',#9456);
#9458=CARTESIAN_POINT('',(-7.625E0,7.5E-1,-3.35E0));
#9459=VERTEX_POINT('',#9458);
#9460=CARTESIAN_POINT('',(-7.375E0,1.8E0,-1.E0));
#9461=VERTEX_POINT('',#9460);
#9462=CARTESIAN_POINT('',(-7.625E0,1.8E0,-1.E0));
#9463=VERTEX_POINT('',#9462);
#9464=CARTESIAN_POINT('',(-7.375E0,4.E-1,-4.85E0));
#9465=CARTESIAN_POINT('',(-7.375E0,8.E-1,-4.85E0));
#9466=VERTEX_POINT('',#9464);
#9467=VERTEX_POINT('',#9465);
#9468=CARTESIAN_POINT('',(-7.375E0,1.326680183307E0,-4.85E0));
#9469=VERTEX_POINT('',#9468);
#9470=CARTESIAN_POINT('',(-7.625E0,1.326680183307E0,-4.85E0));
#9471=VERTEX_POINT('',#9470);
#9472=CARTESIAN_POINT('',(-7.625E0,8.E-1,-4.85E0));
#9473=VERTEX_POINT('',#9472);
#9474=CARTESIAN_POINT('',(-7.625E0,4.E-1,-4.85E0));
#9475=VERTEX_POINT('',#9474);
#9476=CARTESIAN_POINT('',(-8.25E0,7.5E-1,-3.35E0));
#9477=VERTEX_POINT('',#9476);
#9478=CARTESIAN_POINT('',(-6.375E0,1.8E0,-3.35E0));
#9479=CARTESIAN_POINT('',(-6.375E0,1.687137163671E0,-3.35E0));
#9480=VERTEX_POINT('',#9478);
#9481=VERTEX_POINT('',#9479);
#9482=CARTESIAN_POINT('',(-6.375E0,8.E-1,-3.35E0));
#9483=CARTESIAN_POINT('',(-6.375E0,7.5E-1,-3.35E0));
#9484=VERTEX_POINT('',#9482);
#9485=VERTEX_POINT('',#9483);
#9486=CARTESIAN_POINT('',(-6.625E0,1.687137163671E0,-3.35E0));
#9487=VERTEX_POINT('',#9486);
#9488=CARTESIAN_POINT('',(-6.625E0,8.E-1,-3.35E0));
#9489=VERTEX_POINT('',#9488);
#9490=CARTESIAN_POINT('',(-6.625E0,1.8E0,-3.35E0));
#9491=VERTEX_POINT('',#9490);
#9492=CARTESIAN_POINT('',(-6.625E0,7.5E-1,-3.35E0));
#9493=VERTEX_POINT('',#9492);
#9494=CARTESIAN_POINT('',(-6.375E0,1.8E0,-1.E0));
#9495=VERTEX_POINT('',#9494);
#9496=CARTESIAN_POINT('',(-6.625E0,1.8E0,-1.E0));
#9497=VERTEX_POINT('',#9496);
#9498=CARTESIAN_POINT('',(-6.375E0,4.E-1,-4.85E0));
#9499=CARTESIAN_POINT('',(-6.375E0,8.E-1,-4.85E0));
#9500=VERTEX_POINT('',#9498);
#9501=VERTEX_POINT('',#9499);
#9502=CARTESIAN_POINT('',(-6.375E0,1.326680183307E0,-4.85E0));
#9503=VERTEX_POINT('',#9502);
#9504=CARTESIAN_POINT('',(-6.625E0,1.326680183307E0,-4.85E0));
#9505=VERTEX_POINT('',#9504);
#9506=CARTESIAN_POINT('',(-6.625E0,8.E-1,-4.85E0));
#9507=VERTEX_POINT('',#9506);
#9508=CARTESIAN_POINT('',(-6.625E0,4.E-1,-4.85E0));
#9509=VERTEX_POINT('',#9508);
#9510=CARTESIAN_POINT('',(-8.3E0,2.249764068712E0,-4.8E0));
#9511=VERTEX_POINT('',#9510);
#9512=CARTESIAN_POINT('',(-8.7E0,2.249764068712E0,-4.8E0));
#9513=VERTEX_POINT('',#9512);
#9514=CARTESIAN_POINT('',(-8.7E0,2.45E0,-4.7E0));
#9515=CARTESIAN_POINT('',(-8.3E0,2.45E0,-4.7E0));
#9516=VERTEX_POINT('',#9514);
#9517=VERTEX_POINT('',#9515);
#9518=CARTESIAN_POINT('',(-8.3E0,2.5E-1,-1.700134900535E0));
#9519=VERTEX_POINT('',#9518);
#9520=CARTESIAN_POINT('',(-8.7E0,2.5E-1,-1.700134900535E0));
#9521=VERTEX_POINT('',#9520);
#9522=CARTESIAN_POINT('',(-6.625E0,7.5E-1,-3.E0));
#9523=CARTESIAN_POINT('',(-7.375E0,7.5E-1,-3.E0));
#9524=VERTEX_POINT('',#9522);
#9525=VERTEX_POINT('',#9523);
#9526=CARTESIAN_POINT('',(-7.625E0,7.5E-1,-3.E0));
#9527=CARTESIAN_POINT('',(-8.25E0,7.5E-1,-3.E0));
#9528=VERTEX_POINT('',#9526);
#9529=VERTEX_POINT('',#9527);
#9530=CARTESIAN_POINT('',(-8.297223972186E0,7.5E-1,-1.6E0));
#9531=VERTEX_POINT('',#9530);
#9532=CARTESIAN_POINT('',(-9.25E0,6.367985887825E-1,-4.95E0));
#9533=CARTESIAN_POINT('',(-9.25E0,6.004015653559E-1,-4.85E0));
#9534=VERTEX_POINT('',#9532);
#9535=VERTEX_POINT('',#9533);
#9536=CARTESIAN_POINT('',(-9.25E0,6.004015653559E-1,-4.65E0));
#9537=VERTEX_POINT('',#9536);
#9538=CARTESIAN_POINT('',(-8.E0,2.5E-1,-1.2E0));
#9539=CARTESIAN_POINT('',(-1.03E1,2.5E-1,-1.2E0));
#9540=VERTEX_POINT('',#9538);
#9541=VERTEX_POINT('',#9539);
#9542=CARTESIAN_POINT('',(-1.03E1,6.E-1,-1.2E0));
#9543=VERTEX_POINT('',#9542);
#9544=CARTESIAN_POINT('',(-9.65E0,6.004015653559E-1,-4.65E0));
#9545=VERTEX_POINT('',#9544);
#9546=CARTESIAN_POINT('',(-1.02E1,6.002007826779E-1,-4.1E0));
#9547=VERTEX_POINT('',#9546);
#9548=CARTESIAN_POINT('',(-1.03E1,2.1E0,-1.199999999999E0));
#9549=VERTEX_POINT('',#9548);
#9550=CARTESIAN_POINT('',(-7.375E0,8.E-1,-3.E0));
#9551=VERTEX_POINT('',#9550);
#9552=CARTESIAN_POINT('',(-7.625E0,8.E-1,-3.E0));
#9553=VERTEX_POINT('',#9552);
#9554=CARTESIAN_POINT('',(-6.375E0,8.E-1,-3.E0));
#9555=CARTESIAN_POINT('',(-6.375E0,7.5E-1,-3.E0));
#9556=VERTEX_POINT('',#9554);
#9557=VERTEX_POINT('',#9555);
#9558=CARTESIAN_POINT('',(-6.625E0,8.E-1,-3.E0));
#9559=VERTEX_POINT('',#9558);
#9560=CARTESIAN_POINT('',(8.7E0,2.573249301093E0,-2.048806924791E0));
#9561=CARTESIAN_POINT('',(8.7E0,2.449756755458E0,-1.700797593633E0));
#9562=VERTEX_POINT('',#9560);
#9563=VERTEX_POINT('',#9561);
#9564=VERTEX_POINT('',#1406);
#9565=CARTESIAN_POINT('',(8.3E0,2.573249301093E0,-2.048806924791E0));
#9566=VERTEX_POINT('',#9565);
#9567=CARTESIAN_POINT('',(8.7E0,2.069769666841E-1,-1.699679842053E0));
#9568=CARTESIAN_POINT('',(8.7E0,7.612098716471E-2,-2.048315286114E0));
#9569=VERTEX_POINT('',#9567);
#9570=VERTEX_POINT('',#9568);
#9571=CARTESIAN_POINT('',(8.3E0,7.612098716471E-2,-2.048315286114E0));
#9572=VERTEX_POINT('',#9571);
#9573=CARTESIAN_POINT('',(8.3E0,2.069769666841E-1,-1.699679842053E0));
#9574=VERTEX_POINT('',#9573);
#9575=CARTESIAN_POINT('',(-8.7E0,2.573249301093E0,-2.048806924791E0));
#9576=CARTESIAN_POINT('',(-8.7E0,2.449756755458E0,-1.700797593633E0));
#9577=VERTEX_POINT('',#9575);
#9578=VERTEX_POINT('',#9576);
#9579=VERTEX_POINT('',#6530);
#9580=CARTESIAN_POINT('',(-8.3E0,2.573249301093E0,-2.048806924791E0));
#9581=VERTEX_POINT('',#9580);
#9582=CARTESIAN_POINT('',(-8.7E0,2.069769666841E-1,-1.699679842053E0));
#9583=CARTESIAN_POINT('',(-8.7E0,7.612098716471E-2,-2.048315286114E0));
#9584=VERTEX_POINT('',#9582);
#9585=VERTEX_POINT('',#9583);
#9586=CARTESIAN_POINT('',(-8.3E0,7.612098716471E-2,-2.048315286114E0));
#9587=VERTEX_POINT('',#9586);
#9588=CARTESIAN_POINT('',(-8.3E0,2.069769666841E-1,-1.699679842053E0));
#9589=VERTEX_POINT('',#9588);
#9590=CARTESIAN_POINT('',(1.02E1,2.1E0,-1.199999999999E0));
#9591=CARTESIAN_POINT('',(1.02E1,2.1E0,-4.1E0));
#9592=VERTEX_POINT('',#9590);
#9593=VERTEX_POINT('',#9591);
#9594=CARTESIAN_POINT('',(1.02E1,1.876972678860E0,-4.1E0));
#9595=CARTESIAN_POINT('',(9.650000000001E0,1.779992839471E0,-4.65E0));
#9596=VERTEX_POINT('',#9594);
#9597=VERTEX_POINT('',#9595);
#9598=CARTESIAN_POINT('',(9.25E0,1.779992839471E0,-4.65E0));
#9599=VERTEX_POINT('',#9598);
#9600=CARTESIAN_POINT('',(1.02E1,6.E-1,-1.2E0));
#9601=VERTEX_POINT('',#9600);
#9602=VERTEX_POINT('',#6814);
#9603=CARTESIAN_POINT('',(8.75E0,7.5E-1,-1.5E0));
#9604=CARTESIAN_POINT('',(8.75E0,4.499999999999E-1,-1.2E0));
#9605=VERTEX_POINT('',#9603);
#9606=VERTEX_POINT('',#9604);
#9607=CARTESIAN_POINT('',(8.75E0,7.5E-1,-1.6E0));
#9608=VERTEX_POINT('',#9607);
#9609=CARTESIAN_POINT('',(8.75E0,6.E-1,-1.2E0));
#9610=VERTEX_POINT('',#9609);
#9611=CARTESIAN_POINT('',(8.75E0,1.3E0,-1.6E0));
#9612=VERTEX_POINT('',#9611);
#9613=CARTESIAN_POINT('',(8.75E0,1.3E0,-1.2E0));
#9614=VERTEX_POINT('',#9613);
#9615=CARTESIAN_POINT('',(-1.02E1,2.1E0,-1.199999999999E0));
#9616=CARTESIAN_POINT('',(-1.02E1,2.1E0,-4.1E0));
#9617=VERTEX_POINT('',#9615);
#9618=VERTEX_POINT('',#9616);
#9619=CARTESIAN_POINT('',(-1.02E1,1.876972678860E0,-4.1E0));
#9620=CARTESIAN_POINT('',(-9.650000000001E0,1.779992839471E0,-4.65E0));
#9621=VERTEX_POINT('',#9619);
#9622=VERTEX_POINT('',#9620);
#9623=CARTESIAN_POINT('',(-9.25E0,1.779992839471E0,-4.65E0));
#9624=VERTEX_POINT('',#9623);
#9625=CARTESIAN_POINT('',(-1.02E1,6.E-1,-1.2E0));
#9626=VERTEX_POINT('',#9625);
#9627=VERTEX_POINT('',#6293);
#9628=CARTESIAN_POINT('',(-8.75E0,7.5E-1,-1.5E0));
#9629=CARTESIAN_POINT('',(-8.75E0,4.499999999999E-1,-1.2E0));
#9630=VERTEX_POINT('',#9628);
#9631=VERTEX_POINT('',#9629);
#9632=CARTESIAN_POINT('',(-8.75E0,7.5E-1,-1.6E0));
#9633=VERTEX_POINT('',#9632);
#9634=CARTESIAN_POINT('',(-8.75E0,6.E-1,-1.2E0));
#9635=VERTEX_POINT('',#9634);
#9636=CARTESIAN_POINT('',(-8.75E0,1.3E0,-1.6E0));
#9637=VERTEX_POINT('',#9636);
#9638=CARTESIAN_POINT('',(-8.75E0,1.3E0,-1.2E0));
#9639=VERTEX_POINT('',#9638);
#9640=CARTESIAN_POINT('',(8.65E0,1.300401565356E0,-3.35E0));
#9641=CARTESIAN_POINT('',(8.65E0,1.8E0,-3.35E0));
#9642=VERTEX_POINT('',#9640);
#9643=VERTEX_POINT('',#9641);
#9644=CARTESIAN_POINT('',(8.297223972186E0,1.300401565356E0,-1.6E0));
#9645=CARTESIAN_POINT('',(8.65E0,1.300200782678E0,-1.6E0));
#9646=VERTEX_POINT('',#9644);
#9647=VERTEX_POINT('',#9645);
#9648=CARTESIAN_POINT('',(8.65E0,1.8E0,-1.34E0));
#9649=CARTESIAN_POINT('',(8.65E0,1.3E0,-1.34E0));
#9650=VERTEX_POINT('',#9648);
#9651=VERTEX_POINT('',#9649);
#9652=CARTESIAN_POINT('',(8.25E0,1.300401565356E0,-3.35E0));
#9653=CARTESIAN_POINT('',(8.25E0,1.300401565356E0,-3.E0));
#9654=VERTEX_POINT('',#9652);
#9655=VERTEX_POINT('',#9653);
#9656=CARTESIAN_POINT('',(-8.65E0,1.300401565356E0,-3.35E0));
#9657=CARTESIAN_POINT('',(-8.65E0,1.8E0,-3.35E0));
#9658=VERTEX_POINT('',#9656);
#9659=VERTEX_POINT('',#9657);
#9660=CARTESIAN_POINT('',(-8.297223972186E0,1.300401565356E0,-1.6E0));
#9661=CARTESIAN_POINT('',(-8.65E0,1.300200782678E0,-1.6E0));
#9662=VERTEX_POINT('',#9660);
#9663=VERTEX_POINT('',#9661);
#9664=CARTESIAN_POINT('',(-8.65E0,1.8E0,-1.34E0));
#9665=CARTESIAN_POINT('',(-8.65E0,1.3E0,-1.34E0));
#9666=VERTEX_POINT('',#9664);
#9667=VERTEX_POINT('',#9665);
#9668=CARTESIAN_POINT('',(-8.25E0,1.300401565356E0,-3.35E0));
#9669=CARTESIAN_POINT('',(-8.25E0,1.300401565356E0,-3.E0));
#9670=VERTEX_POINT('',#9668);
#9671=VERTEX_POINT('',#9669);
#9672=CARTESIAN_POINT('',(-6.7425E0,1.35E0,-4.8E0));
#9673=DIRECTION('',(0.E0,0.E0,1.E0));
#9674=DIRECTION('',(0.E0,1.E0,0.E0));
#9675=AXIS2_PLACEMENT_3D('',#9672,#9673,#9674);
#9676=PLANE('143976',#9675);
#9678=ORIENTED_EDGE('157804',*,*,#9677,.T.);
#9680=ORIENTED_EDGE('145743',*,*,#9679,.F.);
#9682=ORIENTED_EDGE('146470',*,*,#9681,.T.);
#9684=ORIENTED_EDGE('147524',*,*,#9683,.T.);
#9686=ORIENTED_EDGE('147525',*,*,#9685,.T.);
#9688=ORIENTED_EDGE('147526',*,*,#9687,.F.);
#9690=ORIENTED_EDGE('146471',*,*,#9689,.T.);
#9692=ORIENTED_EDGE('145742',*,*,#9691,.F.);
#9694=ORIENTED_EDGE('145741',*,*,#9693,.T.);
#9696=ORIENTED_EDGE('145740',*,*,#9695,.T.);
#9698=ORIENTED_EDGE('145739',*,*,#9697,.F.);
#9700=ORIENTED_EDGE('145738',*,*,#9699,.F.);
#9702=ORIENTED_EDGE('145737',*,*,#9701,.F.);
#9704=ORIENTED_EDGE('145736',*,*,#9703,.F.);
#9706=ORIENTED_EDGE('152147',*,*,#9705,.F.);
#9708=ORIENTED_EDGE('157444',*,*,#9707,.T.);
#9710=ORIENTED_EDGE('157445',*,*,#9709,.T.);
#9712=ORIENTED_EDGE('157446',*,*,#9711,.T.);
#9714=ORIENTED_EDGE('157447',*,*,#9713,.T.);
#9716=ORIENTED_EDGE('157448',*,*,#9715,.F.);
#9718=ORIENTED_EDGE('157449',*,*,#9717,.F.);
#9720=ORIENTED_EDGE('157450',*,*,#9719,.T.);
#9722=ORIENTED_EDGE('157587',*,*,#9721,.F.);
#9724=ORIENTED_EDGE('157670',*,*,#9723,.T.);
#9726=ORIENTED_EDGE('157669',*,*,#9725,.F.);
#9728=ORIENTED_EDGE('157668',*,*,#9727,.F.);
#9730=ORIENTED_EDGE('157586',*,*,#9729,.F.);
#9732=ORIENTED_EDGE('157451',*,*,#9731,.T.);
#9733=EDGE_LOOP('143976',(#9678,#9680,#9682,#9684,#9686,#9688,#9690,#9692,#9694,
#9696,#9698,#9700,#9702,#9704,#9706,#9708,#9710,#9712,#9714,#9716,#9718,#9720,
#9722,#9724,#9726,#9728,#9730,#9732));
#9734=FACE_OUTER_BOUND('143976',#9733,.F.);
#9736=ORIENTED_EDGE('152149',*,*,#9735,.F.);
#9738=ORIENTED_EDGE('145747',*,*,#9737,.F.);
#9740=ORIENTED_EDGE('152148',*,*,#9739,.F.);
#9742=ORIENTED_EDGE('157452',*,*,#9741,.T.);
#9743=EDGE_LOOP('143976',(#9736,#9738,#9740,#9742));
#9744=FACE_BOUND('143976',#9743,.F.);
#9745=ADVANCED_FACE('143976',(#9734,#9744),#9676,.F.);
#9746=CARTESIAN_POINT('',(-7.E0,2.35E0,-5.15E0));
#9747=DIRECTION('',(0.E0,1.E0,0.E0));
#9748=DIRECTION('',(0.E0,0.E0,1.E0));
#9749=AXIS2_PLACEMENT_3D('',#9746,#9747,#9748);
#9750=PLANE('144101',#9749);
#9752=ORIENTED_EDGE('158756',*,*,#9751,.T.);
#9754=ORIENTED_EDGE('146285',*,*,#9753,.F.);
#9756=ORIENTED_EDGE('146286',*,*,#9755,.F.);
#9758=ORIENTED_EDGE('146106',*,*,#9757,.T.);
#9760=ORIENTED_EDGE('146287',*,*,#9759,.T.);
#9762=ORIENTED_EDGE('146288',*,*,#9761,.F.);
#9764=ORIENTED_EDGE('146289',*,*,#9763,.T.);
#9766=ORIENTED_EDGE('146290',*,*,#9765,.F.);
#9768=ORIENTED_EDGE('146291',*,*,#9767,.F.);
#9770=ORIENTED_EDGE('146109',*,*,#9769,.T.);
#9772=ORIENTED_EDGE('146292',*,*,#9771,.T.);
#9774=ORIENTED_EDGE('146293',*,*,#9773,.F.);
#9776=ORIENTED_EDGE('146294',*,*,#9775,.T.);
#9778=ORIENTED_EDGE('146295',*,*,#9777,.F.);
#9780=ORIENTED_EDGE('146296',*,*,#9779,.F.);
#9782=ORIENTED_EDGE('146112',*,*,#9781,.T.);
#9784=ORIENTED_EDGE('146297',*,*,#9783,.T.);
#9786=ORIENTED_EDGE('146298',*,*,#9785,.F.);
#9788=ORIENTED_EDGE('146299',*,*,#9787,.T.);
#9790=ORIENTED_EDGE('146300',*,*,#9789,.F.);
#9792=ORIENTED_EDGE('146301',*,*,#9791,.F.);
#9794=ORIENTED_EDGE('146115',*,*,#9793,.T.);
#9796=ORIENTED_EDGE('146302',*,*,#9795,.T.);
#9798=ORIENTED_EDGE('146303',*,*,#9797,.F.);
#9800=ORIENTED_EDGE('146304',*,*,#9799,.T.);
#9802=ORIENTED_EDGE('146305',*,*,#9801,.F.);
#9804=ORIENTED_EDGE('146306',*,*,#9803,.F.);
#9806=ORIENTED_EDGE('146118',*,*,#9805,.T.);
#9808=ORIENTED_EDGE('146307',*,*,#9807,.T.);
#9810=ORIENTED_EDGE('146308',*,*,#9809,.F.);
#9812=ORIENTED_EDGE('146309',*,*,#9811,.T.);
#9814=ORIENTED_EDGE('146310',*,*,#9813,.F.);
#9816=ORIENTED_EDGE('146311',*,*,#9815,.F.);
#9818=ORIENTED_EDGE('146121',*,*,#9817,.T.);
#9820=ORIENTED_EDGE('146312',*,*,#9819,.T.);
#9822=ORIENTED_EDGE('146313',*,*,#9821,.F.);
#9824=ORIENTED_EDGE('146314',*,*,#9823,.T.);
#9826=ORIENTED_EDGE('146315',*,*,#9825,.F.);
#9828=ORIENTED_EDGE('146316',*,*,#9827,.F.);
#9830=ORIENTED_EDGE('146124',*,*,#9829,.T.);
#9832=ORIENTED_EDGE('146317',*,*,#9831,.T.);
#9834=ORIENTED_EDGE('146318',*,*,#9833,.F.);
#9836=ORIENTED_EDGE('146319',*,*,#9835,.T.);
#9838=ORIENTED_EDGE('146320',*,*,#9837,.F.);
#9840=ORIENTED_EDGE('146321',*,*,#9839,.F.);
#9842=ORIENTED_EDGE('146171',*,*,#9841,.T.);
#9844=ORIENTED_EDGE('146322',*,*,#9843,.T.);
#9846=ORIENTED_EDGE('146323',*,*,#9845,.F.);
#9848=ORIENTED_EDGE('146324',*,*,#9847,.T.);
#9850=ORIENTED_EDGE('146325',*,*,#9849,.F.);
#9852=ORIENTED_EDGE('146326',*,*,#9851,.F.);
#9853=ORIENTED_EDGE('152149',*,*,#9735,.T.);
#9855=ORIENTED_EDGE('157575',*,*,#9854,.T.);
#9857=ORIENTED_EDGE('157574',*,*,#9856,.T.);
#9859=ORIENTED_EDGE('157573',*,*,#9858,.F.);
#9861=ORIENTED_EDGE('157572',*,*,#9860,.T.);
#9863=ORIENTED_EDGE('157571',*,*,#9862,.F.);
#9865=ORIENTED_EDGE('157562',*,*,#9864,.F.);
#9867=ORIENTED_EDGE('157570',*,*,#9866,.T.);
#9869=ORIENTED_EDGE('157569',*,*,#9868,.T.);
#9871=ORIENTED_EDGE('157568',*,*,#9870,.F.);
#9873=ORIENTED_EDGE('157567',*,*,#9872,.T.);
#9875=ORIENTED_EDGE('157566',*,*,#9874,.F.);
#9877=ORIENTED_EDGE('157559',*,*,#9876,.F.);
#9879=ORIENTED_EDGE('157565',*,*,#9878,.T.);
#9881=ORIENTED_EDGE('157564',*,*,#9880,.T.);
#9883=ORIENTED_EDGE('157838',*,*,#9882,.F.);
#9885=ORIENTED_EDGE('154615',*,*,#9884,.F.);
#9887=ORIENTED_EDGE('154614',*,*,#9886,.T.);
#9889=ORIENTED_EDGE('154545',*,*,#9888,.T.);
#9891=ORIENTED_EDGE('154613',*,*,#9890,.F.);
#9893=ORIENTED_EDGE('154612',*,*,#9892,.F.);
#9895=ORIENTED_EDGE('154611',*,*,#9894,.T.);
#9897=ORIENTED_EDGE('154610',*,*,#9896,.F.);
#9899=ORIENTED_EDGE('154609',*,*,#9898,.T.);
#9901=ORIENTED_EDGE('154542',*,*,#9900,.T.);
#9903=ORIENTED_EDGE('154608',*,*,#9902,.F.);
#9905=ORIENTED_EDGE('154607',*,*,#9904,.F.);
#9907=ORIENTED_EDGE('154606',*,*,#9906,.T.);
#9909=ORIENTED_EDGE('154605',*,*,#9908,.F.);
#9911=ORIENTED_EDGE('154604',*,*,#9910,.T.);
#9913=ORIENTED_EDGE('154539',*,*,#9912,.T.);
#9915=ORIENTED_EDGE('154603',*,*,#9914,.F.);
#9917=ORIENTED_EDGE('154602',*,*,#9916,.F.);
#9919=ORIENTED_EDGE('154601',*,*,#9918,.T.);
#9921=ORIENTED_EDGE('154600',*,*,#9920,.F.);
#9923=ORIENTED_EDGE('154599',*,*,#9922,.T.);
#9925=ORIENTED_EDGE('154536',*,*,#9924,.T.);
#9927=ORIENTED_EDGE('154598',*,*,#9926,.F.);
#9929=ORIENTED_EDGE('154597',*,*,#9928,.F.);
#9931=ORIENTED_EDGE('154596',*,*,#9930,.T.);
#9933=ORIENTED_EDGE('154595',*,*,#9932,.F.);
#9935=ORIENTED_EDGE('154594',*,*,#9934,.T.);
#9937=ORIENTED_EDGE('154533',*,*,#9936,.T.);
#9939=ORIENTED_EDGE('154593',*,*,#9938,.F.);
#9941=ORIENTED_EDGE('154592',*,*,#9940,.F.);
#9943=ORIENTED_EDGE('154591',*,*,#9942,.T.);
#9945=ORIENTED_EDGE('154590',*,*,#9944,.F.);
#9947=ORIENTED_EDGE('154589',*,*,#9946,.T.);
#9949=ORIENTED_EDGE('154530',*,*,#9948,.T.);
#9951=ORIENTED_EDGE('154588',*,*,#9950,.F.);
#9953=ORIENTED_EDGE('154587',*,*,#9952,.F.);
#9954=EDGE_LOOP('144101',(#9752,#9754,#9756,#9758,#9760,#9762,#9764,#9766,#9768,
#9770,#9772,#9774,#9776,#9778,#9780,#9782,#9784,#9786,#9788,#9790,#9792,#9794,
#9796,#9798,#9800,#9802,#9804,#9806,#9808,#9810,#9812,#9814,#9816,#9818,#9820,
#9822,#9824,#9826,#9828,#9830,#9832,#9834,#9836,#9838,#9840,#9842,#9844,#9846,
#9848,#9850,#9852,#9853,#9855,#9857,#9859,#9861,#9863,#9865,#9867,#9869,#9871,
#9873,#9875,#9877,#9879,#9881,#9883,#9885,#9887,#9889,#9891,#9893,#9895,#9897,
#9899,#9901,#9903,#9905,#9907,#9909,#9911,#9913,#9915,#9917,#9919,#9921,#9923,
#9925,#9927,#9929,#9931,#9933,#9935,#9937,#9939,#9941,#9943,#9945,#9947,#9949,
#9951,#9953));
#9955=FACE_OUTER_BOUND('144101',#9954,.F.);
#9956=ADVANCED_FACE('144101',(#9955),#9750,.T.);
#9957=CARTESIAN_POINT('',(0.E0,1.35E0,-5.5E0));
#9958=DIRECTION('',(0.E0,0.E0,1.E0));
#9959=DIRECTION('',(-1.E0,0.E0,0.E0));
#9960=AXIS2_PLACEMENT_3D('',#9957,#9958,#9959);
#9961=PLANE('144204',#9960);
#9963=ORIENTED_EDGE('158755',*,*,#9962,.F.);
#9965=ORIENTED_EDGE('146409',*,*,#9964,.F.);
#9966=ORIENTED_EDGE('158756',*,*,#9751,.F.);
#9968=ORIENTED_EDGE('154640',*,*,#9967,.F.);
#9969=EDGE_LOOP('144204',(#9963,#9965,#9966,#9968));
#9970=FACE_OUTER_BOUND('144204',#9969,.F.);
#9971=ADVANCED_FACE('144204',(#9970),#9961,.F.);
#9972=CARTESIAN_POINT('',(-7.E0,3.5E-1,-5.15E0));
#9973=DIRECTION('',(0.E0,1.E0,0.E0));
#9974=DIRECTION('',(0.E0,0.E0,-1.E0));
#9975=AXIS2_PLACEMENT_3D('',#9972,#9973,#9974);
#9976=PLANE('144060',#9975);
#9977=ORIENTED_EDGE('152148',*,*,#9739,.T.);
#9979=ORIENTED_EDGE('146073',*,*,#9978,.F.);
#9981=ORIENTED_EDGE('146072',*,*,#9980,.T.);
#9983=ORIENTED_EDGE('146071',*,*,#9982,.T.);
#9985=ORIENTED_EDGE('146070',*,*,#9984,.T.);
#9987=ORIENTED_EDGE('146069',*,*,#9986,.T.);
#9989=ORIENTED_EDGE('146068',*,*,#9988,.T.);
#9991=ORIENTED_EDGE('146067',*,*,#9990,.F.);
#9993=ORIENTED_EDGE('146066',*,*,#9992,.T.);
#9995=ORIENTED_EDGE('146065',*,*,#9994,.T.);
#9997=ORIENTED_EDGE('146064',*,*,#9996,.T.);
#9999=ORIENTED_EDGE('146063',*,*,#9998,.T.);
#10001=ORIENTED_EDGE('146062',*,*,#10000,.T.);
#10003=ORIENTED_EDGE('146061',*,*,#10002,.F.);
#10005=ORIENTED_EDGE('146060',*,*,#10004,.T.);
#10007=ORIENTED_EDGE('146059',*,*,#10006,.T.);
#10009=ORIENTED_EDGE('146058',*,*,#10008,.T.);
#10011=ORIENTED_EDGE('146057',*,*,#10010,.T.);
#10013=ORIENTED_EDGE('146056',*,*,#10012,.T.);
#10015=ORIENTED_EDGE('146055',*,*,#10014,.F.);
#10017=ORIENTED_EDGE('146054',*,*,#10016,.T.);
#10019=ORIENTED_EDGE('146053',*,*,#10018,.T.);
#10021=ORIENTED_EDGE('146052',*,*,#10020,.T.);
#10023=ORIENTED_EDGE('146051',*,*,#10022,.T.);
#10025=ORIENTED_EDGE('146050',*,*,#10024,.T.);
#10027=ORIENTED_EDGE('146049',*,*,#10026,.F.);
#10029=ORIENTED_EDGE('146048',*,*,#10028,.T.);
#10031=ORIENTED_EDGE('146047',*,*,#10030,.T.);
#10033=ORIENTED_EDGE('146046',*,*,#10032,.T.);
#10035=ORIENTED_EDGE('146045',*,*,#10034,.T.);
#10037=ORIENTED_EDGE('146044',*,*,#10036,.T.);
#10039=ORIENTED_EDGE('146043',*,*,#10038,.F.);
#10041=ORIENTED_EDGE('146042',*,*,#10040,.T.);
#10043=ORIENTED_EDGE('146041',*,*,#10042,.T.);
#10045=ORIENTED_EDGE('146040',*,*,#10044,.T.);
#10047=ORIENTED_EDGE('146039',*,*,#10046,.T.);
#10049=ORIENTED_EDGE('146038',*,*,#10048,.T.);
#10051=ORIENTED_EDGE('146037',*,*,#10050,.F.);
#10053=ORIENTED_EDGE('146036',*,*,#10052,.T.);
#10055=ORIENTED_EDGE('146035',*,*,#10054,.T.);
#10057=ORIENTED_EDGE('146034',*,*,#10056,.T.);
#10059=ORIENTED_EDGE('146033',*,*,#10058,.T.);
#10061=ORIENTED_EDGE('146032',*,*,#10060,.T.);
#10063=ORIENTED_EDGE('146031',*,*,#10062,.F.);
#10065=ORIENTED_EDGE('146030',*,*,#10064,.T.);
#10067=ORIENTED_EDGE('146029',*,*,#10066,.T.);
#10069=ORIENTED_EDGE('146028',*,*,#10068,.T.);
#10071=ORIENTED_EDGE('146027',*,*,#10070,.T.);
#10073=ORIENTED_EDGE('146026',*,*,#10072,.T.);
#10075=ORIENTED_EDGE('146025',*,*,#10074,.F.);
#10077=ORIENTED_EDGE('146024',*,*,#10076,.T.);
#10078=ORIENTED_EDGE('158755',*,*,#9962,.T.);
#10080=ORIENTED_EDGE('154473',*,*,#10079,.T.);
#10082=ORIENTED_EDGE('154474',*,*,#10081,.F.);
#10084=ORIENTED_EDGE('154475',*,*,#10083,.T.);
#10086=ORIENTED_EDGE('154476',*,*,#10085,.T.);
#10088=ORIENTED_EDGE('154477',*,*,#10087,.T.);
#10090=ORIENTED_EDGE('154478',*,*,#10089,.T.);
#10092=ORIENTED_EDGE('154479',*,*,#10091,.T.);
#10094=ORIENTED_EDGE('154480',*,*,#10093,.F.);
#10096=ORIENTED_EDGE('154481',*,*,#10095,.T.);
#10098=ORIENTED_EDGE('154482',*,*,#10097,.T.);
#10100=ORIENTED_EDGE('154483',*,*,#10099,.T.);
#10102=ORIENTED_EDGE('154484',*,*,#10101,.T.);
#10104=ORIENTED_EDGE('154485',*,*,#10103,.T.);
#10106=ORIENTED_EDGE('154486',*,*,#10105,.F.);
#10108=ORIENTED_EDGE('154487',*,*,#10107,.T.);
#10110=ORIENTED_EDGE('154488',*,*,#10109,.T.);
#10112=ORIENTED_EDGE('154489',*,*,#10111,.T.);
#10114=ORIENTED_EDGE('154490',*,*,#10113,.T.);
#10116=ORIENTED_EDGE('154491',*,*,#10115,.T.);
#10118=ORIENTED_EDGE('154492',*,*,#10117,.F.);
#10120=ORIENTED_EDGE('154493',*,*,#10119,.T.);
#10122=ORIENTED_EDGE('154494',*,*,#10121,.T.);
#10124=ORIENTED_EDGE('154495',*,*,#10123,.T.);
#10126=ORIENTED_EDGE('154496',*,*,#10125,.T.);
#10128=ORIENTED_EDGE('154497',*,*,#10127,.T.);
#10130=ORIENTED_EDGE('154498',*,*,#10129,.F.);
#10132=ORIENTED_EDGE('154499',*,*,#10131,.T.);
#10134=ORIENTED_EDGE('154500',*,*,#10133,.T.);
#10136=ORIENTED_EDGE('154501',*,*,#10135,.T.);
#10138=ORIENTED_EDGE('154502',*,*,#10137,.T.);
#10140=ORIENTED_EDGE('154503',*,*,#10139,.T.);
#10142=ORIENTED_EDGE('154504',*,*,#10141,.F.);
#10144=ORIENTED_EDGE('154505',*,*,#10143,.T.);
#10146=ORIENTED_EDGE('154506',*,*,#10145,.T.);
#10148=ORIENTED_EDGE('154507',*,*,#10147,.T.);
#10150=ORIENTED_EDGE('157837',*,*,#10149,.F.);
#10152=ORIENTED_EDGE('157544',*,*,#10151,.F.);
#10154=ORIENTED_EDGE('157545',*,*,#10153,.T.);
#10156=ORIENTED_EDGE('157546',*,*,#10155,.F.);
#10158=ORIENTED_EDGE('157547',*,*,#10157,.F.);
#10160=ORIENTED_EDGE('157548',*,*,#10159,.F.);
#10162=ORIENTED_EDGE('157549',*,*,#10161,.F.);
#10164=ORIENTED_EDGE('157550',*,*,#10163,.F.);
#10166=ORIENTED_EDGE('157551',*,*,#10165,.T.);
#10168=ORIENTED_EDGE('157552',*,*,#10167,.F.);
#10170=ORIENTED_EDGE('157553',*,*,#10169,.F.);
#10172=ORIENTED_EDGE('157554',*,*,#10171,.F.);
#10174=ORIENTED_EDGE('157555',*,*,#10173,.F.);
#10176=ORIENTED_EDGE('157556',*,*,#10175,.F.);
#10178=ORIENTED_EDGE('157557',*,*,#10177,.T.);
#10179=EDGE_LOOP('144060',(#9977,#9979,#9981,#9983,#9985,#9987,#9989,#9991,
#9993,#9995,#9997,#9999,#10001,#10003,#10005,#10007,#10009,#10011,#10013,#10015,
#10017,#10019,#10021,#10023,#10025,#10027,#10029,#10031,#10033,#10035,#10037,
#10039,#10041,#10043,#10045,#10047,#10049,#10051,#10053,#10055,#10057,#10059,
#10061,#10063,#10065,#10067,#10069,#10071,#10073,#10075,#10077,#10078,#10080,
#10082,#10084,#10086,#10088,#10090,#10092,#10094,#10096,#10098,#10100,#10102,
#10104,#10106,#10108,#10110,#10112,#10114,#10116,#10118,#10120,#10122,#10124,
#10126,#10128,#10130,#10132,#10134,#10136,#10138,#10140,#10142,#10144,#10146,
#10148,#10150,#10152,#10154,#10156,#10158,#10160,#10162,#10164,#10166,#10168,
#10170,#10172,#10174,#10176,#10178));
#10180=FACE_OUTER_BOUND('144060',#10179,.F.);
#10181=ADVANCED_FACE('144060',(#10180),#9976,.F.);
#10182=CARTESIAN_POINT('',(8.265E0,1.35E0,-4.9E0));
#10183=DIRECTION('',(1.E0,0.E0,0.E0));
#10184=DIRECTION('',(0.E0,0.E0,-1.E0));
#10185=AXIS2_PLACEMENT_3D('',#10182,#10183,#10184);
#10186=PLANE('144246',#10185);
#10187=ORIENTED_EDGE('145747',*,*,#9737,.T.);
#10188=ORIENTED_EDGE('146326',*,*,#9851,.T.);
#10190=ORIENTED_EDGE('146442',*,*,#10189,.T.);
#10191=ORIENTED_EDGE('146073',*,*,#9978,.T.);
#10192=EDGE_LOOP('144246',(#10187,#10188,#10190,#10191));
#10193=FACE_OUTER_BOUND('144246',#10192,.F.);
#10194=ADVANCED_FACE('144246',(#10193),#10186,.T.);
#10195=CARTESIAN_POINT('',(8.1825E0,1.35E0,-5.25E0));
#10196=DIRECTION('',(9.496286491001E-1,0.E0,-3.133774542119E-1));
#10197=DIRECTION('',(-3.133774542119E-1,0.E0,-9.496286491001E-1));
#10198=AXIS2_PLACEMENT_3D('',#10195,#10196,#10197);
#10199=PLANE('144245',#10198);
#10201=ORIENTED_EDGE('146441',*,*,#10200,.T.);
#10202=ORIENTED_EDGE('146072',*,*,#9980,.F.);
#10203=ORIENTED_EDGE('146442',*,*,#10189,.F.);
#10204=ORIENTED_EDGE('146325',*,*,#9849,.T.);
#10205=EDGE_LOOP('144245',(#10201,#10202,#10203,#10204));
#10206=FACE_OUTER_BOUND('144245',#10205,.F.);
#10207=ADVANCED_FACE('144245',(#10206),#10199,.T.);
#10208=CARTESIAN_POINT('',(7.95E0,1.35E0,-5.5E0));
#10209=DIRECTION('',(0.E0,0.E0,1.E0));
#10210=DIRECTION('',(-1.E0,0.E0,0.E0));
#10211=AXIS2_PLACEMENT_3D('',#10208,#10209,#10210);
#10212=PLANE('144244',#10211);
#10213=ORIENTED_EDGE('146441',*,*,#10200,.F.);
#10214=ORIENTED_EDGE('146324',*,*,#9847,.F.);
#10216=ORIENTED_EDGE('146440',*,*,#10215,.F.);
#10217=ORIENTED_EDGE('146071',*,*,#9982,.F.);
#10218=EDGE_LOOP('144244',(#10213,#10214,#10216,#10217));
#10219=FACE_OUTER_BOUND('144244',#10218,.F.);
#10220=ADVANCED_FACE('144244',(#10219),#10212,.F.);
#10221=CARTESIAN_POINT('',(7.725E0,1.35E0,-5.25E0));
#10222=DIRECTION('',(9.578262852205E-1,0.E0,2.873478855684E-1));
#10223=DIRECTION('',(2.873478855684E-1,0.E0,-9.578262852205E-1));
#10224=AXIS2_PLACEMENT_3D('',#10221,#10222,#10223);
#10225=PLANE('144243',#10224);
#10226=ORIENTED_EDGE('146070',*,*,#9984,.F.);
#10227=ORIENTED_EDGE('146440',*,*,#10215,.T.);
#10228=ORIENTED_EDGE('146323',*,*,#9845,.T.);
#10230=ORIENTED_EDGE('146439',*,*,#10229,.F.);
#10231=EDGE_LOOP('144243',(#10226,#10227,#10228,#10230));
#10232=FACE_OUTER_BOUND('144243',#10231,.F.);
#10233=ADVANCED_FACE('144243',(#10232),#10225,.F.);
#10234=CARTESIAN_POINT('',(7.65E0,1.35E0,-4.925E0));
#10235=DIRECTION('',(1.E0,0.E0,0.E0));
#10236=DIRECTION('',(0.E0,0.E0,-1.E0));
#10237=AXIS2_PLACEMENT_3D('',#10234,#10235,#10236);
#10238=PLANE('144242',#10237);
#10239=ORIENTED_EDGE('146069',*,*,#9986,.F.);
#10240=ORIENTED_EDGE('146439',*,*,#10229,.T.);
#10241=ORIENTED_EDGE('146322',*,*,#9843,.F.);
#10243=ORIENTED_EDGE('146172',*,*,#10242,.F.);
#10244=EDGE_LOOP('144242',(#10239,#10240,#10241,#10243));
#10245=FACE_OUTER_BOUND('144242',#10244,.F.);
#10246=ADVANCED_FACE('144242',(#10245),#10238,.F.);
#10247=CARTESIAN_POINT('',(7.5E0,1.35E0,-4.85E0));
#10248=DIRECTION('',(0.E0,0.E0,1.E0));
#10249=DIRECTION('',(1.E0,0.E0,0.E0));
#10250=AXIS2_PLACEMENT_3D('',#10247,#10248,#10249);
#10251=PLANE('144095',#10250);
#10252=ORIENTED_EDGE('146068',*,*,#9988,.F.);
#10253=ORIENTED_EDGE('146172',*,*,#10242,.T.);
#10254=ORIENTED_EDGE('146171',*,*,#9841,.F.);
#10256=ORIENTED_EDGE('146170',*,*,#10255,.F.);
#10257=EDGE_LOOP('144095',(#10252,#10253,#10254,#10256));
#10258=FACE_OUTER_BOUND('144095',#10257,.F.);
#10260=ORIENTED_EDGE('146632',*,*,#10259,.T.);
#10262=ORIENTED_EDGE('146636',*,*,#10261,.T.);
#10264=ORIENTED_EDGE('146638',*,*,#10263,.F.);
#10266=ORIENTED_EDGE('146637',*,*,#10265,.T.);
#10267=EDGE_LOOP('144095',(#10260,#10262,#10264,#10266));
#10268=FACE_BOUND('144095',#10267,.F.);
#10270=ORIENTED_EDGE('146633',*,*,#10269,.T.);
#10272=ORIENTED_EDGE('146634',*,*,#10271,.T.);
#10274=ORIENTED_EDGE('146639',*,*,#10273,.F.);
#10276=ORIENTED_EDGE('146635',*,*,#10275,.T.);
#10277=EDGE_LOOP('144095',(#10270,#10272,#10274,#10276));
#10278=FACE_BOUND('144095',#10277,.F.);
#10279=ADVANCED_FACE('144095',(#10258,#10268,#10278),#10251,.F.);
#10280=CARTESIAN_POINT('',(7.35E0,1.35E0,-4.925E0));
#10281=DIRECTION('',(1.E0,0.E0,0.E0));
#10282=DIRECTION('',(0.E0,0.E0,1.E0));
#10283=AXIS2_PLACEMENT_3D('',#10280,#10281,#10282);
#10284=PLANE('144241',#10283);
#10285=ORIENTED_EDGE('146067',*,*,#9990,.T.);
#10286=ORIENTED_EDGE('146170',*,*,#10255,.T.);
#10287=ORIENTED_EDGE('146321',*,*,#9839,.T.);
#10289=ORIENTED_EDGE('146438',*,*,#10288,.T.);
#10290=EDGE_LOOP('144241',(#10285,#10286,#10287,#10289));
#10291=FACE_OUTER_BOUND('144241',#10290,.F.);
#10292=ADVANCED_FACE('144241',(#10291),#10284,.T.);
#10293=CARTESIAN_POINT('',(7.275E0,1.35E0,-5.25E0));
#10294=DIRECTION('',(9.578262852205E-1,0.E0,-2.873478855684E-1));
#10295=DIRECTION('',(2.873478855684E-1,0.E0,9.578262852205E-1));
#10296=AXIS2_PLACEMENT_3D('',#10293,#10294,#10295);
#10297=PLANE('144240',#10296);
#10298=ORIENTED_EDGE('146066',*,*,#9992,.F.);
#10299=ORIENTED_EDGE('146438',*,*,#10288,.F.);
#10300=ORIENTED_EDGE('146320',*,*,#9837,.T.);
#10302=ORIENTED_EDGE('146437',*,*,#10301,.T.);
#10303=EDGE_LOOP('144240',(#10298,#10299,#10300,#10302));
#10304=FACE_OUTER_BOUND('144240',#10303,.F.);
#10305=ADVANCED_FACE('144240',(#10304),#10297,.T.);
#10306=CARTESIAN_POINT('',(7.E0,1.35E0,-5.5E0));
#10307=DIRECTION('',(0.E0,0.E0,1.E0));
#10308=DIRECTION('',(-1.E0,0.E0,0.E0));
#10309=AXIS2_PLACEMENT_3D('',#10306,#10307,#10308);
#10310=PLANE('144239',#10309);
#10311=ORIENTED_EDGE('146065',*,*,#9994,.F.);
#10312=ORIENTED_EDGE('146437',*,*,#10301,.F.);
#10313=ORIENTED_EDGE('146319',*,*,#9835,.F.);
#10315=ORIENTED_EDGE('146436',*,*,#10314,.F.);
#10316=EDGE_LOOP('144239',(#10311,#10312,#10313,#10315));
#10317=FACE_OUTER_BOUND('144239',#10316,.F.);
#10318=ADVANCED_FACE('144239',(#10317),#10310,.F.);
#10319=CARTESIAN_POINT('',(6.725E0,1.35E0,-5.25E0));
#10320=DIRECTION('',(9.578262852205E-1,0.E0,2.873478855684E-1));
#10321=DIRECTION('',(2.873478855684E-1,0.E0,-9.578262852205E-1));
#10322=AXIS2_PLACEMENT_3D('',#10319,#10320,#10321);
#10323=PLANE('144238',#10322);
#10324=ORIENTED_EDGE('146064',*,*,#9996,.F.);
#10325=ORIENTED_EDGE('146436',*,*,#10314,.T.);
#10326=ORIENTED_EDGE('146318',*,*,#9833,.T.);
#10328=ORIENTED_EDGE('146435',*,*,#10327,.F.);
#10329=EDGE_LOOP('144238',(#10324,#10325,#10326,#10328));
#10330=FACE_OUTER_BOUND('144238',#10329,.F.);
#10331=ADVANCED_FACE('144238',(#10330),#10323,.F.);
#10332=CARTESIAN_POINT('',(6.65E0,1.35E0,-4.925E0));
#10333=DIRECTION('',(1.E0,0.E0,0.E0));
#10334=DIRECTION('',(0.E0,0.E0,-1.E0));
#10335=AXIS2_PLACEMENT_3D('',#10332,#10333,#10334);
#10336=PLANE('144237',#10335);
#10337=ORIENTED_EDGE('146063',*,*,#9998,.F.);
#10338=ORIENTED_EDGE('146435',*,*,#10327,.T.);
#10339=ORIENTED_EDGE('146317',*,*,#9831,.F.);
#10341=ORIENTED_EDGE('146125',*,*,#10340,.F.);
#10342=EDGE_LOOP('144237',(#10337,#10338,#10339,#10341));
#10343=FACE_OUTER_BOUND('144237',#10342,.F.);
#10344=ADVANCED_FACE('144237',(#10343),#10336,.F.);
#10345=CARTESIAN_POINT('',(6.5E0,1.35E0,-4.85E0));
#10346=DIRECTION('',(0.E0,0.E0,1.E0));
#10347=DIRECTION('',(1.E0,0.E0,0.E0));
#10348=AXIS2_PLACEMENT_3D('',#10345,#10346,#10347);
#10349=PLANE('144079',#10348);
#10350=ORIENTED_EDGE('146062',*,*,#10000,.F.);
#10351=ORIENTED_EDGE('146125',*,*,#10340,.T.);
#10352=ORIENTED_EDGE('146124',*,*,#9829,.F.);
#10354=ORIENTED_EDGE('146123',*,*,#10353,.F.);
#10355=EDGE_LOOP('144079',(#10350,#10351,#10352,#10354));
#10356=FACE_OUTER_BOUND('144079',#10355,.F.);
#10358=ORIENTED_EDGE('146662',*,*,#10357,.T.);
#10360=ORIENTED_EDGE('146666',*,*,#10359,.T.);
#10362=ORIENTED_EDGE('146668',*,*,#10361,.F.);
#10364=ORIENTED_EDGE('146667',*,*,#10363,.T.);
#10365=EDGE_LOOP('144079',(#10358,#10360,#10362,#10364));
#10366=FACE_BOUND('144079',#10365,.F.);
#10368=ORIENTED_EDGE('146663',*,*,#10367,.T.);
#10370=ORIENTED_EDGE('146664',*,*,#10369,.T.);
#10372=ORIENTED_EDGE('146669',*,*,#10371,.F.);
#10374=ORIENTED_EDGE('146665',*,*,#10373,.T.);
#10375=EDGE_LOOP('144079',(#10368,#10370,#10372,#10374));
#10376=FACE_BOUND('144079',#10375,.F.);
#10377=ADVANCED_FACE('144079',(#10356,#10366,#10376),#10349,.F.);
#10378=CARTESIAN_POINT('',(6.35E0,1.35E0,-4.925E0));
#10379=DIRECTION('',(1.E0,0.E0,0.E0));
#10380=DIRECTION('',(0.E0,0.E0,1.E0));
#10381=AXIS2_PLACEMENT_3D('',#10378,#10379,#10380);
#10382=PLANE('144236',#10381);
#10383=ORIENTED_EDGE('146061',*,*,#10002,.T.);
#10384=ORIENTED_EDGE('146123',*,*,#10353,.T.);
#10385=ORIENTED_EDGE('146316',*,*,#9827,.T.);
#10387=ORIENTED_EDGE('146434',*,*,#10386,.T.);
#10388=EDGE_LOOP('144236',(#10383,#10384,#10385,#10387));
#10389=FACE_OUTER_BOUND('144236',#10388,.F.);
#10390=ADVANCED_FACE('144236',(#10389),#10382,.T.);
#10391=CARTESIAN_POINT('',(6.275E0,1.35E0,-5.25E0));
#10392=DIRECTION('',(9.578262852205E-1,0.E0,-2.873478855684E-1));
#10393=DIRECTION('',(2.873478855684E-1,0.E0,9.578262852205E-1));
#10394=AXIS2_PLACEMENT_3D('',#10391,#10392,#10393);
#10395=PLANE('144235',#10394);
#10396=ORIENTED_EDGE('146060',*,*,#10004,.F.);
#10397=ORIENTED_EDGE('146434',*,*,#10386,.F.);
#10398=ORIENTED_EDGE('146315',*,*,#9825,.T.);
#10400=ORIENTED_EDGE('146433',*,*,#10399,.T.);
#10401=EDGE_LOOP('144235',(#10396,#10397,#10398,#10400));
#10402=FACE_OUTER_BOUND('144235',#10401,.F.);
#10403=ADVANCED_FACE('144235',(#10402),#10395,.T.);
#10404=CARTESIAN_POINT('',(6.E0,1.35E0,-5.5E0));
#10405=DIRECTION('',(0.E0,0.E0,1.E0));
#10406=DIRECTION('',(-1.E0,0.E0,0.E0));
#10407=AXIS2_PLACEMENT_3D('',#10404,#10405,#10406);
#10408=PLANE('144234',#10407);
#10409=ORIENTED_EDGE('146059',*,*,#10006,.F.);
#10410=ORIENTED_EDGE('146433',*,*,#10399,.F.);
#10411=ORIENTED_EDGE('146314',*,*,#9823,.F.);
#10413=ORIENTED_EDGE('146432',*,*,#10412,.F.);
#10414=EDGE_LOOP('144234',(#10409,#10410,#10411,#10413));
#10415=FACE_OUTER_BOUND('144234',#10414,.F.);
#10416=ADVANCED_FACE('144234',(#10415),#10408,.F.);
#10417=CARTESIAN_POINT('',(5.725E0,1.35E0,-5.25E0));
#10418=DIRECTION('',(9.578262852205E-1,0.E0,2.873478855684E-1));
#10419=DIRECTION('',(2.873478855684E-1,0.E0,-9.578262852205E-1));
#10420=AXIS2_PLACEMENT_3D('',#10417,#10418,#10419);
#10421=PLANE('144233',#10420);
#10422=ORIENTED_EDGE('146058',*,*,#10008,.F.);
#10423=ORIENTED_EDGE('146432',*,*,#10412,.T.);
#10424=ORIENTED_EDGE('146313',*,*,#9821,.T.);
#10426=ORIENTED_EDGE('146431',*,*,#10425,.F.);
#10427=EDGE_LOOP('144233',(#10422,#10423,#10424,#10426));
#10428=FACE_OUTER_BOUND('144233',#10427,.F.);
#10429=ADVANCED_FACE('144233',(#10428),#10421,.F.);
#10430=CARTESIAN_POINT('',(5.65E0,1.35E0,-4.925E0));
#10431=DIRECTION('',(1.E0,0.E0,0.E0));
#10432=DIRECTION('',(0.E0,0.E0,-1.E0));
#10433=AXIS2_PLACEMENT_3D('',#10430,#10431,#10432);
#10434=PLANE('144232',#10433);
#10435=ORIENTED_EDGE('146057',*,*,#10010,.F.);
#10436=ORIENTED_EDGE('146431',*,*,#10425,.T.);
#10437=ORIENTED_EDGE('146312',*,*,#9819,.F.);
#10439=ORIENTED_EDGE('146122',*,*,#10438,.F.);
#10440=EDGE_LOOP('144232',(#10435,#10436,#10437,#10439));
#10441=FACE_OUTER_BOUND('144232',#10440,.F.);
#10442=ADVANCED_FACE('144232',(#10441),#10434,.F.);
#10443=CARTESIAN_POINT('',(5.5E0,1.35E0,-4.85E0));
#10444=DIRECTION('',(0.E0,0.E0,1.E0));
#10445=DIRECTION('',(1.E0,0.E0,0.E0));
#10446=AXIS2_PLACEMENT_3D('',#10443,#10444,#10445);
#10447=PLANE('144078',#10446);
#10448=ORIENTED_EDGE('146056',*,*,#10012,.F.);
#10449=ORIENTED_EDGE('146122',*,*,#10438,.T.);
#10450=ORIENTED_EDGE('146121',*,*,#9817,.F.);
#10452=ORIENTED_EDGE('146120',*,*,#10451,.F.);
#10453=EDGE_LOOP('144078',(#10448,#10449,#10450,#10452));
#10454=FACE_OUTER_BOUND('144078',#10453,.F.);
#10456=ORIENTED_EDGE('146692',*,*,#10455,.T.);
#10458=ORIENTED_EDGE('146696',*,*,#10457,.T.);
#10460=ORIENTED_EDGE('146698',*,*,#10459,.F.);
#10462=ORIENTED_EDGE('146697',*,*,#10461,.T.);
#10463=EDGE_LOOP('144078',(#10456,#10458,#10460,#10462));
#10464=FACE_BOUND('144078',#10463,.F.);
#10466=ORIENTED_EDGE('146693',*,*,#10465,.T.);
#10468=ORIENTED_EDGE('146694',*,*,#10467,.T.);
#10470=ORIENTED_EDGE('146699',*,*,#10469,.F.);
#10472=ORIENTED_EDGE('146695',*,*,#10471,.T.);
#10473=EDGE_LOOP('144078',(#10466,#10468,#10470,#10472));
#10474=FACE_BOUND('144078',#10473,.F.);
#10475=ADVANCED_FACE('144078',(#10454,#10464,#10474),#10447,.F.);
#10476=CARTESIAN_POINT('',(5.35E0,1.35E0,-4.925E0));
#10477=DIRECTION('',(1.E0,0.E0,0.E0));
#10478=DIRECTION('',(0.E0,0.E0,1.E0));
#10479=AXIS2_PLACEMENT_3D('',#10476,#10477,#10478);
#10480=PLANE('144231',#10479);
#10481=ORIENTED_EDGE('146055',*,*,#10014,.T.);
#10482=ORIENTED_EDGE('146120',*,*,#10451,.T.);
#10483=ORIENTED_EDGE('146311',*,*,#9815,.T.);
#10485=ORIENTED_EDGE('146430',*,*,#10484,.T.);
#10486=EDGE_LOOP('144231',(#10481,#10482,#10483,#10485));
#10487=FACE_OUTER_BOUND('144231',#10486,.F.);
#10488=ADVANCED_FACE('144231',(#10487),#10480,.T.);
#10489=CARTESIAN_POINT('',(5.275E0,1.35E0,-5.25E0));
#10490=DIRECTION('',(9.578262852205E-1,0.E0,-2.873478855684E-1));
#10491=DIRECTION('',(2.873478855684E-1,0.E0,9.578262852205E-1));
#10492=AXIS2_PLACEMENT_3D('',#10489,#10490,#10491);
#10493=PLANE('144230',#10492);
#10494=ORIENTED_EDGE('146054',*,*,#10016,.F.);
#10495=ORIENTED_EDGE('146430',*,*,#10484,.F.);
#10496=ORIENTED_EDGE('146310',*,*,#9813,.T.);
#10498=ORIENTED_EDGE('146429',*,*,#10497,.T.);
#10499=EDGE_LOOP('144230',(#10494,#10495,#10496,#10498));
#10500=FACE_OUTER_BOUND('144230',#10499,.F.);
#10501=ADVANCED_FACE('144230',(#10500),#10493,.T.);
#10502=CARTESIAN_POINT('',(5.E0,1.35E0,-5.5E0));
#10503=DIRECTION('',(0.E0,0.E0,1.E0));
#10504=DIRECTION('',(-1.E0,0.E0,0.E0));
#10505=AXIS2_PLACEMENT_3D('',#10502,#10503,#10504);
#10506=PLANE('144229',#10505);
#10507=ORIENTED_EDGE('146053',*,*,#10018,.F.);
#10508=ORIENTED_EDGE('146429',*,*,#10497,.F.);
#10509=ORIENTED_EDGE('146309',*,*,#9811,.F.);
#10511=ORIENTED_EDGE('146428',*,*,#10510,.F.);
#10512=EDGE_LOOP('144229',(#10507,#10508,#10509,#10511));
#10513=FACE_OUTER_BOUND('144229',#10512,.F.);
#10514=ADVANCED_FACE('144229',(#10513),#10506,.F.);
#10515=CARTESIAN_POINT('',(4.725E0,1.35E0,-5.25E0));
#10516=DIRECTION('',(9.578262852205E-1,0.E0,2.873478855684E-1));
#10517=DIRECTION('',(2.873478855684E-1,0.E0,-9.578262852205E-1));
#10518=AXIS2_PLACEMENT_3D('',#10515,#10516,#10517);
#10519=PLANE('144228',#10518);
#10520=ORIENTED_EDGE('146052',*,*,#10020,.F.);
#10521=ORIENTED_EDGE('146428',*,*,#10510,.T.);
#10522=ORIENTED_EDGE('146308',*,*,#9809,.T.);
#10524=ORIENTED_EDGE('146427',*,*,#10523,.F.);
#10525=EDGE_LOOP('144228',(#10520,#10521,#10522,#10524));
#10526=FACE_OUTER_BOUND('144228',#10525,.F.);
#10527=ADVANCED_FACE('144228',(#10526),#10519,.F.);
#10528=CARTESIAN_POINT('',(4.65E0,1.35E0,-4.925E0));
#10529=DIRECTION('',(1.E0,0.E0,0.E0));
#10530=DIRECTION('',(0.E0,0.E0,-1.E0));
#10531=AXIS2_PLACEMENT_3D('',#10528,#10529,#10530);
#10532=PLANE('144227',#10531);
#10533=ORIENTED_EDGE('146051',*,*,#10022,.F.);
#10534=ORIENTED_EDGE('146427',*,*,#10523,.T.);
#10535=ORIENTED_EDGE('146307',*,*,#9807,.F.);
#10537=ORIENTED_EDGE('146119',*,*,#10536,.F.);
#10538=EDGE_LOOP('144227',(#10533,#10534,#10535,#10537));
#10539=FACE_OUTER_BOUND('144227',#10538,.F.);
#10540=ADVANCED_FACE('144227',(#10539),#10532,.F.);
#10541=CARTESIAN_POINT('',(4.5E0,1.35E0,-4.85E0));
#10542=DIRECTION('',(0.E0,0.E0,1.E0));
#10543=DIRECTION('',(1.E0,0.E0,0.E0));
#10544=AXIS2_PLACEMENT_3D('',#10541,#10542,#10543);
#10545=PLANE('144077',#10544);
#10546=ORIENTED_EDGE('146050',*,*,#10024,.F.);
#10547=ORIENTED_EDGE('146119',*,*,#10536,.T.);
#10548=ORIENTED_EDGE('146118',*,*,#9805,.F.);
#10550=ORIENTED_EDGE('146117',*,*,#10549,.F.);
#10551=EDGE_LOOP('144077',(#10546,#10547,#10548,#10550));
#10552=FACE_OUTER_BOUND('144077',#10551,.F.);
#10554=ORIENTED_EDGE('146722',*,*,#10553,.T.);
#10556=ORIENTED_EDGE('146726',*,*,#10555,.T.);
#10558=ORIENTED_EDGE('146728',*,*,#10557,.F.);
#10560=ORIENTED_EDGE('146727',*,*,#10559,.T.);
#10561=EDGE_LOOP('144077',(#10554,#10556,#10558,#10560));
#10562=FACE_BOUND('144077',#10561,.F.);
#10564=ORIENTED_EDGE('146723',*,*,#10563,.T.);
#10566=ORIENTED_EDGE('146724',*,*,#10565,.T.);
#10568=ORIENTED_EDGE('146729',*,*,#10567,.F.);
#10570=ORIENTED_EDGE('146725',*,*,#10569,.T.);
#10571=EDGE_LOOP('144077',(#10564,#10566,#10568,#10570));
#10572=FACE_BOUND('144077',#10571,.F.);
#10573=ADVANCED_FACE('144077',(#10552,#10562,#10572),#10545,.F.);
#10574=CARTESIAN_POINT('',(4.35E0,1.35E0,-4.925E0));
#10575=DIRECTION('',(1.E0,0.E0,0.E0));
#10576=DIRECTION('',(0.E0,0.E0,1.E0));
#10577=AXIS2_PLACEMENT_3D('',#10574,#10575,#10576);
#10578=PLANE('144226',#10577);
#10579=ORIENTED_EDGE('146049',*,*,#10026,.T.);
#10580=ORIENTED_EDGE('146117',*,*,#10549,.T.);
#10581=ORIENTED_EDGE('146306',*,*,#9803,.T.);
#10583=ORIENTED_EDGE('146426',*,*,#10582,.T.);
#10584=EDGE_LOOP('144226',(#10579,#10580,#10581,#10583));
#10585=FACE_OUTER_BOUND('144226',#10584,.F.);
#10586=ADVANCED_FACE('144226',(#10585),#10578,.T.);
#10587=CARTESIAN_POINT('',(4.275E0,1.35E0,-5.25E0));
#10588=DIRECTION('',(9.578262852205E-1,0.E0,-2.873478855684E-1));
#10589=DIRECTION('',(2.873478855684E-1,0.E0,9.578262852205E-1));
#10590=AXIS2_PLACEMENT_3D('',#10587,#10588,#10589);
#10591=PLANE('144225',#10590);
#10592=ORIENTED_EDGE('146048',*,*,#10028,.F.);
#10593=ORIENTED_EDGE('146426',*,*,#10582,.F.);
#10594=ORIENTED_EDGE('146305',*,*,#9801,.T.);
#10596=ORIENTED_EDGE('146425',*,*,#10595,.T.);
#10597=EDGE_LOOP('144225',(#10592,#10593,#10594,#10596));
#10598=FACE_OUTER_BOUND('144225',#10597,.F.);
#10599=ADVANCED_FACE('144225',(#10598),#10591,.T.);
#10600=CARTESIAN_POINT('',(4.E0,1.35E0,-5.5E0));
#10601=DIRECTION('',(0.E0,0.E0,1.E0));
#10602=DIRECTION('',(-1.E0,0.E0,0.E0));
#10603=AXIS2_PLACEMENT_3D('',#10600,#10601,#10602);
#10604=PLANE('144224',#10603);
#10605=ORIENTED_EDGE('146047',*,*,#10030,.F.);
#10606=ORIENTED_EDGE('146425',*,*,#10595,.F.);
#10607=ORIENTED_EDGE('146304',*,*,#9799,.F.);
#10609=ORIENTED_EDGE('146424',*,*,#10608,.F.);
#10610=EDGE_LOOP('144224',(#10605,#10606,#10607,#10609));
#10611=FACE_OUTER_BOUND('144224',#10610,.F.);
#10612=ADVANCED_FACE('144224',(#10611),#10604,.F.);
#10613=CARTESIAN_POINT('',(3.725E0,1.35E0,-5.25E0));
#10614=DIRECTION('',(9.578262852205E-1,0.E0,2.873478855684E-1));
#10615=DIRECTION('',(2.873478855684E-1,0.E0,-9.578262852205E-1));
#10616=AXIS2_PLACEMENT_3D('',#10613,#10614,#10615);
#10617=PLANE('144223',#10616);
#10618=ORIENTED_EDGE('146046',*,*,#10032,.F.);
#10619=ORIENTED_EDGE('146424',*,*,#10608,.T.);
#10620=ORIENTED_EDGE('146303',*,*,#9797,.T.);
#10622=ORIENTED_EDGE('146423',*,*,#10621,.F.);
#10623=EDGE_LOOP('144223',(#10618,#10619,#10620,#10622));
#10624=FACE_OUTER_BOUND('144223',#10623,.F.);
#10625=ADVANCED_FACE('144223',(#10624),#10617,.F.);
#10626=CARTESIAN_POINT('',(3.65E0,1.35E0,-4.925E0));
#10627=DIRECTION('',(1.E0,0.E0,0.E0));
#10628=DIRECTION('',(0.E0,0.E0,-1.E0));
#10629=AXIS2_PLACEMENT_3D('',#10626,#10627,#10628);
#10630=PLANE('144222',#10629);
#10631=ORIENTED_EDGE('146045',*,*,#10034,.F.);
#10632=ORIENTED_EDGE('146423',*,*,#10621,.T.);
#10633=ORIENTED_EDGE('146302',*,*,#9795,.F.);
#10635=ORIENTED_EDGE('146116',*,*,#10634,.F.);
#10636=EDGE_LOOP('144222',(#10631,#10632,#10633,#10635));
#10637=FACE_OUTER_BOUND('144222',#10636,.F.);
#10638=ADVANCED_FACE('144222',(#10637),#10630,.F.);
#10639=CARTESIAN_POINT('',(3.5E0,1.35E0,-4.85E0));
#10640=DIRECTION('',(0.E0,0.E0,1.E0));
#10641=DIRECTION('',(1.E0,0.E0,0.E0));
#10642=AXIS2_PLACEMENT_3D('',#10639,#10640,#10641);
#10643=PLANE('144076',#10642);
#10644=ORIENTED_EDGE('146044',*,*,#10036,.F.);
#10645=ORIENTED_EDGE('146116',*,*,#10634,.T.);
#10646=ORIENTED_EDGE('146115',*,*,#9793,.F.);
#10648=ORIENTED_EDGE('146114',*,*,#10647,.F.);
#10649=EDGE_LOOP('144076',(#10644,#10645,#10646,#10648));
#10650=FACE_OUTER_BOUND('144076',#10649,.F.);
#10652=ORIENTED_EDGE('146752',*,*,#10651,.T.);
#10654=ORIENTED_EDGE('146756',*,*,#10653,.T.);
#10656=ORIENTED_EDGE('146758',*,*,#10655,.F.);
#10658=ORIENTED_EDGE('146757',*,*,#10657,.T.);
#10659=EDGE_LOOP('144076',(#10652,#10654,#10656,#10658));
#10660=FACE_BOUND('144076',#10659,.F.);
#10662=ORIENTED_EDGE('146753',*,*,#10661,.T.);
#10664=ORIENTED_EDGE('146754',*,*,#10663,.T.);
#10666=ORIENTED_EDGE('146759',*,*,#10665,.F.);
#10668=ORIENTED_EDGE('146755',*,*,#10667,.T.);
#10669=EDGE_LOOP('144076',(#10662,#10664,#10666,#10668));
#10670=FACE_BOUND('144076',#10669,.F.);
#10671=ADVANCED_FACE('144076',(#10650,#10660,#10670),#10643,.F.);
#10672=CARTESIAN_POINT('',(3.35E0,1.35E0,-4.925E0));
#10673=DIRECTION('',(1.E0,0.E0,0.E0));
#10674=DIRECTION('',(0.E0,0.E0,1.E0));
#10675=AXIS2_PLACEMENT_3D('',#10672,#10673,#10674);
#10676=PLANE('144221',#10675);
#10677=ORIENTED_EDGE('146043',*,*,#10038,.T.);
#10678=ORIENTED_EDGE('146114',*,*,#10647,.T.);
#10679=ORIENTED_EDGE('146301',*,*,#9791,.T.);
#10681=ORIENTED_EDGE('146422',*,*,#10680,.T.);
#10682=EDGE_LOOP('144221',(#10677,#10678,#10679,#10681));
#10683=FACE_OUTER_BOUND('144221',#10682,.F.);
#10684=ADVANCED_FACE('144221',(#10683),#10676,.T.);
#10685=CARTESIAN_POINT('',(3.275E0,1.35E0,-5.25E0));
#10686=DIRECTION('',(9.578262852205E-1,0.E0,-2.873478855684E-1));
#10687=DIRECTION('',(2.873478855684E-1,0.E0,9.578262852205E-1));
#10688=AXIS2_PLACEMENT_3D('',#10685,#10686,#10687);
#10689=PLANE('144220',#10688);
#10690=ORIENTED_EDGE('146042',*,*,#10040,.F.);
#10691=ORIENTED_EDGE('146422',*,*,#10680,.F.);
#10692=ORIENTED_EDGE('146300',*,*,#9789,.T.);
#10694=ORIENTED_EDGE('146421',*,*,#10693,.T.);
#10695=EDGE_LOOP('144220',(#10690,#10691,#10692,#10694));
#10696=FACE_OUTER_BOUND('144220',#10695,.F.);
#10697=ADVANCED_FACE('144220',(#10696),#10689,.T.);
#10698=CARTESIAN_POINT('',(3.000000000001E0,1.35E0,-5.5E0));
#10699=DIRECTION('',(0.E0,0.E0,1.E0));
#10700=DIRECTION('',(-1.E0,0.E0,0.E0));
#10701=AXIS2_PLACEMENT_3D('',#10698,#10699,#10700);
#10702=PLANE('144219',#10701);
#10703=ORIENTED_EDGE('146041',*,*,#10042,.F.);
#10704=ORIENTED_EDGE('146421',*,*,#10693,.F.);
#10705=ORIENTED_EDGE('146299',*,*,#9787,.F.);
#10707=ORIENTED_EDGE('146420',*,*,#10706,.F.);
#10708=EDGE_LOOP('144219',(#10703,#10704,#10705,#10707));
#10709=FACE_OUTER_BOUND('144219',#10708,.F.);
#10710=ADVANCED_FACE('144219',(#10709),#10702,.F.);
#10711=CARTESIAN_POINT('',(2.725E0,1.35E0,-5.25E0));
#10712=DIRECTION('',(9.578262852205E-1,0.E0,2.873478855684E-1));
#10713=DIRECTION('',(2.873478855684E-1,0.E0,-9.578262852205E-1));
#10714=AXIS2_PLACEMENT_3D('',#10711,#10712,#10713);
#10715=PLANE('144218',#10714);
#10716=ORIENTED_EDGE('146040',*,*,#10044,.F.);
#10717=ORIENTED_EDGE('146420',*,*,#10706,.T.);
#10718=ORIENTED_EDGE('146298',*,*,#9785,.T.);
#10720=ORIENTED_EDGE('146419',*,*,#10719,.F.);
#10721=EDGE_LOOP('144218',(#10716,#10717,#10718,#10720));
#10722=FACE_OUTER_BOUND('144218',#10721,.F.);
#10723=ADVANCED_FACE('144218',(#10722),#10715,.F.);
#10724=CARTESIAN_POINT('',(2.65E0,1.35E0,-4.925E0));
#10725=DIRECTION('',(1.E0,0.E0,0.E0));
#10726=DIRECTION('',(0.E0,0.E0,-1.E0));
#10727=AXIS2_PLACEMENT_3D('',#10724,#10725,#10726);
#10728=PLANE('144217',#10727);
#10729=ORIENTED_EDGE('146039',*,*,#10046,.F.);
#10730=ORIENTED_EDGE('146419',*,*,#10719,.T.);
#10731=ORIENTED_EDGE('146297',*,*,#9783,.F.);
#10733=ORIENTED_EDGE('146113',*,*,#10732,.F.);
#10734=EDGE_LOOP('144217',(#10729,#10730,#10731,#10733));
#10735=FACE_OUTER_BOUND('144217',#10734,.F.);
#10736=ADVANCED_FACE('144217',(#10735),#10728,.F.);
#10737=CARTESIAN_POINT('',(2.5E0,1.35E0,-4.85E0));
#10738=DIRECTION('',(0.E0,0.E0,1.E0));
#10739=DIRECTION('',(1.E0,0.E0,0.E0));
#10740=AXIS2_PLACEMENT_3D('',#10737,#10738,#10739);
#10741=PLANE('144075',#10740);
#10742=ORIENTED_EDGE('146038',*,*,#10048,.F.);
#10743=ORIENTED_EDGE('146113',*,*,#10732,.T.);
#10744=ORIENTED_EDGE('146112',*,*,#9781,.F.);
#10746=ORIENTED_EDGE('146111',*,*,#10745,.F.);
#10747=EDGE_LOOP('144075',(#10742,#10743,#10744,#10746));
#10748=FACE_OUTER_BOUND('144075',#10747,.F.);
#10750=ORIENTED_EDGE('146782',*,*,#10749,.T.);
#10752=ORIENTED_EDGE('146786',*,*,#10751,.T.);
#10754=ORIENTED_EDGE('146788',*,*,#10753,.F.);
#10756=ORIENTED_EDGE('146787',*,*,#10755,.T.);
#10757=EDGE_LOOP('144075',(#10750,#10752,#10754,#10756));
#10758=FACE_BOUND('144075',#10757,.F.);
#10760=ORIENTED_EDGE('146783',*,*,#10759,.T.);
#10762=ORIENTED_EDGE('146784',*,*,#10761,.T.);
#10764=ORIENTED_EDGE('146789',*,*,#10763,.F.);
#10766=ORIENTED_EDGE('146785',*,*,#10765,.T.);
#10767=EDGE_LOOP('144075',(#10760,#10762,#10764,#10766));
#10768=FACE_BOUND('144075',#10767,.F.);
#10769=ADVANCED_FACE('144075',(#10748,#10758,#10768),#10741,.F.);
#10770=CARTESIAN_POINT('',(2.35E0,1.35E0,-4.925E0));
#10771=DIRECTION('',(1.E0,0.E0,0.E0));
#10772=DIRECTION('',(0.E0,0.E0,1.E0));
#10773=AXIS2_PLACEMENT_3D('',#10770,#10771,#10772);
#10774=PLANE('144216',#10773);
#10775=ORIENTED_EDGE('146037',*,*,#10050,.T.);
#10776=ORIENTED_EDGE('146111',*,*,#10745,.T.);
#10777=ORIENTED_EDGE('146296',*,*,#9779,.T.);
#10779=ORIENTED_EDGE('146418',*,*,#10778,.T.);
#10780=EDGE_LOOP('144216',(#10775,#10776,#10777,#10779));
#10781=FACE_OUTER_BOUND('144216',#10780,.F.);
#10782=ADVANCED_FACE('144216',(#10781),#10774,.T.);
#10783=CARTESIAN_POINT('',(2.275E0,1.35E0,-5.25E0));
#10784=DIRECTION('',(9.578262852205E-1,0.E0,-2.873478855684E-1));
#10785=DIRECTION('',(2.873478855684E-1,0.E0,9.578262852205E-1));
#10786=AXIS2_PLACEMENT_3D('',#10783,#10784,#10785);
#10787=PLANE('144215',#10786);
#10788=ORIENTED_EDGE('146036',*,*,#10052,.F.);
#10789=ORIENTED_EDGE('146418',*,*,#10778,.F.);
#10790=ORIENTED_EDGE('146295',*,*,#9777,.T.);
#10792=ORIENTED_EDGE('146417',*,*,#10791,.T.);
#10793=EDGE_LOOP('144215',(#10788,#10789,#10790,#10792));
#10794=FACE_OUTER_BOUND('144215',#10793,.F.);
#10795=ADVANCED_FACE('144215',(#10794),#10787,.T.);
#10796=CARTESIAN_POINT('',(2.E0,1.35E0,-5.5E0));
#10797=DIRECTION('',(0.E0,0.E0,1.E0));
#10798=DIRECTION('',(-1.E0,0.E0,0.E0));
#10799=AXIS2_PLACEMENT_3D('',#10796,#10797,#10798);
#10800=PLANE('144214',#10799);
#10801=ORIENTED_EDGE('146035',*,*,#10054,.F.);
#10802=ORIENTED_EDGE('146417',*,*,#10791,.F.);
#10803=ORIENTED_EDGE('146294',*,*,#9775,.F.);
#10805=ORIENTED_EDGE('146416',*,*,#10804,.F.);
#10806=EDGE_LOOP('144214',(#10801,#10802,#10803,#10805));
#10807=FACE_OUTER_BOUND('144214',#10806,.F.);
#10808=ADVANCED_FACE('144214',(#10807),#10800,.F.);
#10809=CARTESIAN_POINT('',(1.725E0,1.35E0,-5.25E0));
#10810=DIRECTION('',(9.578262852205E-1,0.E0,2.873478855684E-1));
#10811=DIRECTION('',(2.873478855684E-1,0.E0,-9.578262852205E-1));
#10812=AXIS2_PLACEMENT_3D('',#10809,#10810,#10811);
#10813=PLANE('144213',#10812);
#10814=ORIENTED_EDGE('146034',*,*,#10056,.F.);
#10815=ORIENTED_EDGE('146416',*,*,#10804,.T.);
#10816=ORIENTED_EDGE('146293',*,*,#9773,.T.);
#10818=ORIENTED_EDGE('146415',*,*,#10817,.F.);
#10819=EDGE_LOOP('144213',(#10814,#10815,#10816,#10818));
#10820=FACE_OUTER_BOUND('144213',#10819,.F.);
#10821=ADVANCED_FACE('144213',(#10820),#10813,.F.);
#10822=CARTESIAN_POINT('',(1.65E0,1.35E0,-4.925E0));
#10823=DIRECTION('',(1.E0,0.E0,0.E0));
#10824=DIRECTION('',(0.E0,0.E0,-1.E0));
#10825=AXIS2_PLACEMENT_3D('',#10822,#10823,#10824);
#10826=PLANE('144212',#10825);
#10827=ORIENTED_EDGE('146033',*,*,#10058,.F.);
#10828=ORIENTED_EDGE('146415',*,*,#10817,.T.);
#10829=ORIENTED_EDGE('146292',*,*,#9771,.F.);
#10831=ORIENTED_EDGE('146110',*,*,#10830,.F.);
#10832=EDGE_LOOP('144212',(#10827,#10828,#10829,#10831));
#10833=FACE_OUTER_BOUND('144212',#10832,.F.);
#10834=ADVANCED_FACE('144212',(#10833),#10826,.F.);
#10835=CARTESIAN_POINT('',(1.5E0,1.35E0,-4.85E0));
#10836=DIRECTION('',(0.E0,0.E0,1.E0));
#10837=DIRECTION('',(1.E0,0.E0,0.E0));
#10838=AXIS2_PLACEMENT_3D('',#10835,#10836,#10837);
#10839=PLANE('144074',#10838);
#10840=ORIENTED_EDGE('146032',*,*,#10060,.F.);
#10841=ORIENTED_EDGE('146110',*,*,#10830,.T.);
#10842=ORIENTED_EDGE('146109',*,*,#9769,.F.);
#10844=ORIENTED_EDGE('146108',*,*,#10843,.F.);
#10845=EDGE_LOOP('144074',(#10840,#10841,#10842,#10844));
#10846=FACE_OUTER_BOUND('144074',#10845,.F.);
#10848=ORIENTED_EDGE('146812',*,*,#10847,.T.);
#10850=ORIENTED_EDGE('146816',*,*,#10849,.T.);
#10852=ORIENTED_EDGE('146818',*,*,#10851,.F.);
#10854=ORIENTED_EDGE('146817',*,*,#10853,.T.);
#10855=EDGE_LOOP('144074',(#10848,#10850,#10852,#10854));
#10856=FACE_BOUND('144074',#10855,.F.);
#10858=ORIENTED_EDGE('146813',*,*,#10857,.T.);
#10860=ORIENTED_EDGE('146814',*,*,#10859,.T.);
#10862=ORIENTED_EDGE('146819',*,*,#10861,.F.);
#10864=ORIENTED_EDGE('146815',*,*,#10863,.T.);
#10865=EDGE_LOOP('144074',(#10858,#10860,#10862,#10864));
#10866=FACE_BOUND('144074',#10865,.F.);
#10867=ADVANCED_FACE('144074',(#10846,#10856,#10866),#10839,.F.);
#10868=CARTESIAN_POINT('',(1.35E0,1.35E0,-4.925E0));
#10869=DIRECTION('',(1.E0,0.E0,0.E0));
#10870=DIRECTION('',(0.E0,0.E0,1.E0));
#10871=AXIS2_PLACEMENT_3D('',#10868,#10869,#10870);
#10872=PLANE('144211',#10871);
#10873=ORIENTED_EDGE('146031',*,*,#10062,.T.);
#10874=ORIENTED_EDGE('146108',*,*,#10843,.T.);
#10875=ORIENTED_EDGE('146291',*,*,#9767,.T.);
#10877=ORIENTED_EDGE('146414',*,*,#10876,.T.);
#10878=EDGE_LOOP('144211',(#10873,#10874,#10875,#10877));
#10879=FACE_OUTER_BOUND('144211',#10878,.F.);
#10880=ADVANCED_FACE('144211',(#10879),#10872,.T.);
#10881=CARTESIAN_POINT('',(1.275E0,1.35E0,-5.25E0));
#10882=DIRECTION('',(9.578262852205E-1,0.E0,-2.873478855684E-1));
#10883=DIRECTION('',(2.873478855684E-1,0.E0,9.578262852205E-1));
#10884=AXIS2_PLACEMENT_3D('',#10881,#10882,#10883);
#10885=PLANE('144210',#10884);
#10886=ORIENTED_EDGE('146030',*,*,#10064,.F.);
#10887=ORIENTED_EDGE('146414',*,*,#10876,.F.);
#10888=ORIENTED_EDGE('146290',*,*,#9765,.T.);
#10890=ORIENTED_EDGE('146413',*,*,#10889,.T.);
#10891=EDGE_LOOP('144210',(#10886,#10887,#10888,#10890));
#10892=FACE_OUTER_BOUND('144210',#10891,.F.);
#10893=ADVANCED_FACE('144210',(#10892),#10885,.T.);
#10894=CARTESIAN_POINT('',(1.E0,1.35E0,-5.5E0));
#10895=DIRECTION('',(0.E0,0.E0,1.E0));
#10896=DIRECTION('',(-1.E0,0.E0,0.E0));
#10897=AXIS2_PLACEMENT_3D('',#10894,#10895,#10896);
#10898=PLANE('144209',#10897);
#10899=ORIENTED_EDGE('146029',*,*,#10066,.F.);
#10900=ORIENTED_EDGE('146413',*,*,#10889,.F.);
#10901=ORIENTED_EDGE('146289',*,*,#9763,.F.);
#10903=ORIENTED_EDGE('146412',*,*,#10902,.F.);
#10904=EDGE_LOOP('144209',(#10899,#10900,#10901,#10903));
#10905=FACE_OUTER_BOUND('144209',#10904,.F.);
#10906=ADVANCED_FACE('144209',(#10905),#10898,.F.);
#10907=CARTESIAN_POINT('',(7.25E-1,1.35E0,-5.25E0));
#10908=DIRECTION('',(9.578262852205E-1,0.E0,2.873478855684E-1));
#10909=DIRECTION('',(2.873478855684E-1,0.E0,-9.578262852205E-1));
#10910=AXIS2_PLACEMENT_3D('',#10907,#10908,#10909);
#10911=PLANE('144208',#10910);
#10912=ORIENTED_EDGE('146028',*,*,#10068,.F.);
#10913=ORIENTED_EDGE('146412',*,*,#10902,.T.);
#10914=ORIENTED_EDGE('146288',*,*,#9761,.T.);
#10916=ORIENTED_EDGE('146411',*,*,#10915,.F.);
#10917=EDGE_LOOP('144208',(#10912,#10913,#10914,#10916));
#10918=FACE_OUTER_BOUND('144208',#10917,.F.);
#10919=ADVANCED_FACE('144208',(#10918),#10911,.F.);
#10920=CARTESIAN_POINT('',(6.5E-1,1.35E0,-4.925E0));
#10921=DIRECTION('',(1.E0,0.E0,0.E0));
#10922=DIRECTION('',(0.E0,0.E0,-1.E0));
#10923=AXIS2_PLACEMENT_3D('',#10920,#10921,#10922);
#10924=PLANE('144207',#10923);
#10925=ORIENTED_EDGE('146027',*,*,#10070,.F.);
#10926=ORIENTED_EDGE('146411',*,*,#10915,.T.);
#10927=ORIENTED_EDGE('146287',*,*,#9759,.F.);
#10929=ORIENTED_EDGE('146107',*,*,#10928,.F.);
#10930=EDGE_LOOP('144207',(#10925,#10926,#10927,#10929));
#10931=FACE_OUTER_BOUND('144207',#10930,.F.);
#10932=ADVANCED_FACE('144207',(#10931),#10924,.F.);
#10933=CARTESIAN_POINT('',(5.E-1,1.35E0,-4.85E0));
#10934=DIRECTION('',(0.E0,0.E0,1.E0));
#10935=DIRECTION('',(1.E0,0.E0,0.E0));
#10936=AXIS2_PLACEMENT_3D('',#10933,#10934,#10935);
#10937=PLANE('144073',#10936);
#10938=ORIENTED_EDGE('146026',*,*,#10072,.F.);
#10939=ORIENTED_EDGE('146107',*,*,#10928,.T.);
#10940=ORIENTED_EDGE('146106',*,*,#9757,.F.);
#10942=ORIENTED_EDGE('146105',*,*,#10941,.F.);
#10943=EDGE_LOOP('144073',(#10938,#10939,#10940,#10942));
#10944=FACE_OUTER_BOUND('144073',#10943,.F.);
#10946=ORIENTED_EDGE('146842',*,*,#10945,.T.);
#10948=ORIENTED_EDGE('146846',*,*,#10947,.T.);
#10950=ORIENTED_EDGE('146848',*,*,#10949,.F.);
#10952=ORIENTED_EDGE('146847',*,*,#10951,.T.);
#10953=EDGE_LOOP('144073',(#10946,#10948,#10950,#10952));
#10954=FACE_BOUND('144073',#10953,.F.);
#10956=ORIENTED_EDGE('146843',*,*,#10955,.T.);
#10958=ORIENTED_EDGE('146844',*,*,#10957,.T.);
#10960=ORIENTED_EDGE('146849',*,*,#10959,.F.);
#10962=ORIENTED_EDGE('146845',*,*,#10961,.T.);
#10963=EDGE_LOOP('144073',(#10956,#10958,#10960,#10962));
#10964=FACE_BOUND('144073',#10963,.F.);
#10965=ADVANCED_FACE('144073',(#10944,#10954,#10964),#10937,.F.);
#10966=CARTESIAN_POINT('',(3.5E-1,1.35E0,-4.925E0));
#10967=DIRECTION('',(1.E0,0.E0,0.E0));
#10968=DIRECTION('',(0.E0,0.E0,1.E0));
#10969=AXIS2_PLACEMENT_3D('',#10966,#10967,#10968);
#10970=PLANE('144206',#10969);
#10971=ORIENTED_EDGE('146025',*,*,#10074,.T.);
#10972=ORIENTED_EDGE('146105',*,*,#10941,.T.);
#10973=ORIENTED_EDGE('146286',*,*,#9755,.T.);
#10975=ORIENTED_EDGE('146410',*,*,#10974,.T.);
#10976=EDGE_LOOP('144206',(#10971,#10972,#10973,#10975));
#10977=FACE_OUTER_BOUND('144206',#10976,.F.);
#10978=ADVANCED_FACE('144206',(#10977),#10970,.T.);
#10979=CARTESIAN_POINT('',(2.75E-1,1.35E0,-5.25E0));
#10980=DIRECTION('',(9.578262852205E-1,0.E0,-2.873478855684E-1));
#10981=DIRECTION('',(2.873478855684E-1,0.E0,9.578262852205E-1));
#10982=AXIS2_PLACEMENT_3D('',#10979,#10980,#10981);
#10983=PLANE('144205',#10982);
#10984=ORIENTED_EDGE('146024',*,*,#10076,.F.);
#10985=ORIENTED_EDGE('146410',*,*,#10974,.F.);
#10986=ORIENTED_EDGE('146285',*,*,#9753,.T.);
#10987=ORIENTED_EDGE('146409',*,*,#9964,.T.);
#10988=EDGE_LOOP('144205',(#10984,#10985,#10986,#10987));
#10989=FACE_OUTER_BOUND('144205',#10988,.F.);
#10990=ADVANCED_FACE('144205',(#10989),#10983,.T.);
#10991=CARTESIAN_POINT('',(3.75E-1,1.0435E0,-3.625823558526E0));
#10992=DIRECTION('',(1.E0,0.E0,0.E0));
#10993=DIRECTION('',(0.E0,0.E0,-1.E0));
#10994=AXIS2_PLACEMENT_3D('',#10991,#10992,#10993);
#10995=PLANE('144359',#10994);
#10997=ORIENTED_EDGE('146502',*,*,#10996,.T.);
#10999=ORIENTED_EDGE('145526',*,*,#10998,.T.);
#11001=ORIENTED_EDGE('145525',*,*,#11000,.T.);
#11003=ORIENTED_EDGE('146853',*,*,#11002,.T.);
#11005=ORIENTED_EDGE('146831',*,*,#11004,.F.);
#11007=ORIENTED_EDGE('146837',*,*,#11006,.T.);
#11009=ORIENTED_EDGE('146839',*,*,#11008,.T.);
#11010=EDGE_LOOP('144359',(#10997,#10999,#11001,#11003,#11005,#11007,#11009));
#11011=FACE_OUTER_BOUND('144359',#11010,.F.);
#11012=ADVANCED_FACE('144359',(#11011),#10995,.F.);
#11013=CARTESIAN_POINT('',(3.75E-1,1.0435E0,-3.625823558526E0));
#11014=DIRECTION('',(1.E0,0.E0,0.E0));
#11015=DIRECTION('',(0.E0,0.E0,-1.E0));
#11016=AXIS2_PLACEMENT_3D('',#11013,#11014,#11015);
#11017=PLANE('144359',#11016);
#11019=ORIENTED_EDGE('146503',*,*,#11018,.T.);
#11020=ORIENTED_EDGE('146843',*,*,#10955,.F.);
#11022=ORIENTED_EDGE('146852',*,*,#11021,.T.);
#11024=ORIENTED_EDGE('145524',*,*,#11023,.F.);
#11026=ORIENTED_EDGE('146851',*,*,#11025,.F.);
#11027=ORIENTED_EDGE('146842',*,*,#10945,.F.);
#11029=ORIENTED_EDGE('146850',*,*,#11028,.F.);
#11031=ORIENTED_EDGE('145523',*,*,#11030,.F.);
#11033=ORIENTED_EDGE('145522',*,*,#11032,.T.);
#11035=ORIENTED_EDGE('145521',*,*,#11034,.F.);
#11037=ORIENTED_EDGE('145520',*,*,#11036,.T.);
#11039=ORIENTED_EDGE('145527',*,*,#11038,.F.);
#11040=EDGE_LOOP('144359',(#11019,#11020,#11022,#11024,#11026,#11027,#11029,
#11031,#11033,#11035,#11037,#11039));
#11041=FACE_OUTER_BOUND('144359',#11040,.F.);
#11042=ADVANCED_FACE('144359',(#11041),#11017,.F.);
#11043=CARTESIAN_POINT('',(3.75E-1,1.0435E0,-3.625823558526E0));
#11044=DIRECTION('',(1.E0,0.E0,0.E0));
#11045=DIRECTION('',(0.E0,0.E0,-1.E0));
#11046=AXIS2_PLACEMENT_3D('',#11043,#11044,#11045);
#11047=PLANE('144359',#11046);
#11049=ORIENTED_EDGE('147687',*,*,#11048,.T.);
#11051=ORIENTED_EDGE('147910',*,*,#11050,.T.);
#11053=ORIENTED_EDGE('146832',*,*,#11052,.F.);
#11055=ORIENTED_EDGE('147849',*,*,#11054,.F.);
#11056=EDGE_LOOP('144359',(#11049,#11051,#11053,#11055));
#11057=FACE_OUTER_BOUND('144359',#11056,.F.);
#11058=ADVANCED_FACE('144359',(#11057),#11047,.F.);
#11059=CARTESIAN_POINT('',(5.E-1,1.9885E0,-2.240794027022E0));
#11060=DIRECTION('',(0.E0,9.982387017932E-1,5.932532547141E-2));
#11061=DIRECTION('',(0.E0,-5.932532547141E-2,9.982387017932E-1));
#11062=AXIS2_PLACEMENT_3D('',#11059,#11060,#11061);
#11063=PLANE('144371',#11062);
#11064=ORIENTED_EDGE('146502',*,*,#10996,.F.);
#11066=ORIENTED_EDGE('146840',*,*,#11065,.T.);
#11068=ORIENTED_EDGE('146504',*,*,#11067,.T.);
#11070=ORIENTED_EDGE('145543',*,*,#11069,.T.);
#11071=EDGE_LOOP('144371',(#11064,#11066,#11068,#11070));
#11072=FACE_OUTER_BOUND('144371',#11071,.F.);
#11073=ADVANCED_FACE('144371',(#11072),#11063,.T.);
#11074=CARTESIAN_POINT('',(-7.E0,2.E0,-1.E0));
#11075=DIRECTION('',(0.E0,0.E0,1.E0));
#11076=DIRECTION('',(0.E0,-1.E0,0.E0));
#11077=AXIS2_PLACEMENT_3D('',#11074,#11075,#11076);
#11078=PLANE('143994',#11077);
#11080=ORIENTED_EDGE('152144',*,*,#11079,.F.);
#11082=ORIENTED_EDGE('145796',*,*,#11081,.F.);
#11084=ORIENTED_EDGE('146650',*,*,#11083,.T.);
#11086=ORIENTED_EDGE('146631',*,*,#11085,.T.);
#11088=ORIENTED_EDGE('146630',*,*,#11087,.F.);
#11090=ORIENTED_EDGE('146629',*,*,#11089,.F.);
#11092=ORIENTED_EDGE('146680',*,*,#11091,.T.);
#11094=ORIENTED_EDGE('146661',*,*,#11093,.T.);
#11096=ORIENTED_EDGE('146660',*,*,#11095,.F.);
#11098=ORIENTED_EDGE('146659',*,*,#11097,.F.);
#11100=ORIENTED_EDGE('146710',*,*,#11099,.T.);
#11102=ORIENTED_EDGE('146691',*,*,#11101,.T.);
#11104=ORIENTED_EDGE('146690',*,*,#11103,.F.);
#11106=ORIENTED_EDGE('146689',*,*,#11105,.F.);
#11108=ORIENTED_EDGE('146740',*,*,#11107,.T.);
#11110=ORIENTED_EDGE('146721',*,*,#11109,.T.);
#11112=ORIENTED_EDGE('146720',*,*,#11111,.F.);
#11114=ORIENTED_EDGE('146719',*,*,#11113,.F.);
#11116=ORIENTED_EDGE('146770',*,*,#11115,.T.);
#11118=ORIENTED_EDGE('146751',*,*,#11117,.T.);
#11120=ORIENTED_EDGE('146750',*,*,#11119,.F.);
#11122=ORIENTED_EDGE('146749',*,*,#11121,.F.);
#11124=ORIENTED_EDGE('146800',*,*,#11123,.T.);
#11126=ORIENTED_EDGE('146781',*,*,#11125,.T.);
#11128=ORIENTED_EDGE('146780',*,*,#11127,.F.);
#11130=ORIENTED_EDGE('146779',*,*,#11129,.F.);
#11132=ORIENTED_EDGE('146830',*,*,#11131,.T.);
#11134=ORIENTED_EDGE('146811',*,*,#11133,.T.);
#11136=ORIENTED_EDGE('146810',*,*,#11135,.F.);
#11138=ORIENTED_EDGE('146809',*,*,#11137,.F.);
#11140=ORIENTED_EDGE('146860',*,*,#11139,.T.);
#11142=ORIENTED_EDGE('146841',*,*,#11141,.T.);
#11143=ORIENTED_EDGE('146840',*,*,#11065,.F.);
#11144=ORIENTED_EDGE('146839',*,*,#11008,.F.);
#11146=ORIENTED_EDGE('158753',*,*,#11145,.T.);
#11148=ORIENTED_EDGE('154871',*,*,#11147,.F.);
#11150=ORIENTED_EDGE('154872',*,*,#11149,.F.);
#11152=ORIENTED_EDGE('154873',*,*,#11151,.T.);
#11154=ORIENTED_EDGE('154892',*,*,#11153,.T.);
#11156=ORIENTED_EDGE('154841',*,*,#11155,.F.);
#11158=ORIENTED_EDGE('154842',*,*,#11157,.F.);
#11160=ORIENTED_EDGE('154843',*,*,#11159,.T.);
#11162=ORIENTED_EDGE('154862',*,*,#11161,.T.);
#11164=ORIENTED_EDGE('154811',*,*,#11163,.F.);
#11166=ORIENTED_EDGE('154812',*,*,#11165,.F.);
#11168=ORIENTED_EDGE('154813',*,*,#11167,.T.);
#11170=ORIENTED_EDGE('154832',*,*,#11169,.T.);
#11172=ORIENTED_EDGE('154781',*,*,#11171,.F.);
#11174=ORIENTED_EDGE('154782',*,*,#11173,.F.);
#11176=ORIENTED_EDGE('154783',*,*,#11175,.T.);
#11178=ORIENTED_EDGE('154802',*,*,#11177,.T.);
#11180=ORIENTED_EDGE('154751',*,*,#11179,.F.);
#11182=ORIENTED_EDGE('154752',*,*,#11181,.F.);
#11184=ORIENTED_EDGE('154753',*,*,#11183,.T.);
#11186=ORIENTED_EDGE('154772',*,*,#11185,.T.);
#11188=ORIENTED_EDGE('154724',*,*,#11187,.F.);
#11190=ORIENTED_EDGE('154725',*,*,#11189,.F.);
#11192=ORIENTED_EDGE('154726',*,*,#11191,.T.);
#11194=ORIENTED_EDGE('157841',*,*,#11193,.F.);
#11196=ORIENTED_EDGE('157646',*,*,#11195,.T.);
#11198=ORIENTED_EDGE('157647',*,*,#11197,.T.);
#11200=ORIENTED_EDGE('157648',*,*,#11199,.F.);
#11202=ORIENTED_EDGE('157667',*,*,#11201,.F.);
#11204=ORIENTED_EDGE('157616',*,*,#11203,.T.);
#11206=ORIENTED_EDGE('157617',*,*,#11205,.T.);
#11208=ORIENTED_EDGE('157618',*,*,#11207,.F.);
#11210=ORIENTED_EDGE('157637',*,*,#11209,.F.);
#11212=ORIENTED_EDGE('157465',*,*,#11211,.T.);
#11213=EDGE_LOOP('143994',(#11080,#11082,#11084,#11086,#11088,#11090,#11092,
#11094,#11096,#11098,#11100,#11102,#11104,#11106,#11108,#11110,#11112,#11114,
#11116,#11118,#11120,#11122,#11124,#11126,#11128,#11130,#11132,#11134,#11136,
#11138,#11140,#11142,#11143,#11144,#11146,#11148,#11150,#11152,#11154,#11156,
#11158,#11160,#11162,#11164,#11166,#11168,#11170,#11172,#11174,#11176,#11178,
#11180,#11182,#11184,#11186,#11188,#11190,#11192,#11194,#11196,#11198,#11200,
#11202,#11204,#11206,#11208,#11210,#11212));
#11214=FACE_OUTER_BOUND('143994',#11213,.F.);
#11215=ADVANCED_FACE('143994',(#11214),#11078,.T.);
#11216=CARTESIAN_POINT('',(-7.E0,2.2E0,-5.E-1));
#11217=DIRECTION('',(0.E0,1.E0,0.E0));
#11218=DIRECTION('',(0.E0,0.E0,-1.E0));
#11219=AXIS2_PLACEMENT_3D('',#11216,#11217,#11218);
#11220=PLANE('143995',#11219);
#11222=ORIENTED_EDGE('152145',*,*,#11221,.F.);
#11224=ORIENTED_EDGE('145800',*,*,#11223,.F.);
#11225=ORIENTED_EDGE('152144',*,*,#11079,.T.);
#11227=ORIENTED_EDGE('157466',*,*,#11226,.T.);
#11228=EDGE_LOOP('143995',(#11222,#11224,#11225,#11227));
#11229=FACE_OUTER_BOUND('143995',#11228,.F.);
#11230=ADVANCED_FACE('143995',(#11229),#11220,.F.);
#11231=CARTESIAN_POINT('',(-7.E0,2.45E0,0.E0));
#11232=DIRECTION('',(0.E0,0.E0,1.E0));
#11233=DIRECTION('',(1.E0,0.E0,0.E0));
#11234=AXIS2_PLACEMENT_3D('',#11231,#11232,#11233);
#11235=PLANE('143996',#11234);
#11237=ORIENTED_EDGE('152146',*,*,#11236,.F.);
#11239=ORIENTED_EDGE('145804',*,*,#11238,.F.);
#11241=ORIENTED_EDGE('145805',*,*,#11240,.F.);
#11243=ORIENTED_EDGE('145806',*,*,#11242,.F.);
#11244=ORIENTED_EDGE('152145',*,*,#11221,.T.);
#11246=ORIENTED_EDGE('157469',*,*,#11245,.T.);
#11248=ORIENTED_EDGE('157468',*,*,#11247,.T.);
#11250=ORIENTED_EDGE('157467',*,*,#11249,.T.);
#11251=EDGE_LOOP('143996',(#11237,#11239,#11241,#11243,#11244,#11246,#11248,
#11250));
#11252=FACE_OUTER_BOUND('143996',#11251,.F.);
#11253=ADVANCED_FACE('143996',(#11252),#11235,.T.);
#11254=CARTESIAN_POINT('',(-7.E0,2.7E0,-2.4E0));
#11255=DIRECTION('',(0.E0,1.E0,0.E0));
#11256=DIRECTION('',(1.E0,0.E0,0.E0));
#11257=AXIS2_PLACEMENT_3D('',#11254,#11255,#11256);
#11258=PLANE('143999',#11257);
#11259=ORIENTED_EDGE('152147',*,*,#9705,.T.);
#11261=ORIENTED_EDGE('145808',*,*,#11260,.F.);
#11262=ORIENTED_EDGE('152146',*,*,#11236,.T.);
#11264=ORIENTED_EDGE('157470',*,*,#11263,.T.);
#11265=EDGE_LOOP('143999',(#11259,#11261,#11262,#11264));
#11266=FACE_OUTER_BOUND('143999',#11265,.F.);
#11267=ADVANCED_FACE('143999',(#11266),#11258,.T.);
#11268=CARTESIAN_POINT('',(8.E0,2.575E0,-2.4E0));
#11269=DIRECTION('',(1.E0,0.E0,0.E0));
#11270=DIRECTION('',(0.E0,1.E0,0.E0));
#11271=AXIS2_PLACEMENT_3D('',#11268,#11269,#11270);
#11272=PLANE('144000',#11271);
#11273=ORIENTED_EDGE('145808',*,*,#11260,.T.);
#11274=ORIENTED_EDGE('145736',*,*,#9703,.T.);
#11276=ORIENTED_EDGE('145809',*,*,#11275,.F.);
#11277=ORIENTED_EDGE('145804',*,*,#11238,.T.);
#11278=EDGE_LOOP('144000',(#11273,#11274,#11276,#11277));
#11279=FACE_OUTER_BOUND('144000',#11278,.F.);
#11280=ADVANCED_FACE('144000',(#11279),#11272,.T.);
#11281=CARTESIAN_POINT('',(9.15E0,2.45E0,-2.4E0));
#11282=DIRECTION('',(0.E0,1.E0,0.E0));
#11283=DIRECTION('',(-1.E0,0.E0,0.E0));
#11284=AXIS2_PLACEMENT_3D('',#11281,#11282,#11283);
#11285=PLANE('144001',#11284);
#11286=ORIENTED_EDGE('145737',*,*,#9701,.T.);
#11288=ORIENTED_EDGE('145810',*,*,#11287,.F.);
#11290=ORIENTED_EDGE('145811',*,*,#11289,.T.);
#11292=ORIENTED_EDGE('145812',*,*,#11291,.F.);
#11294=ORIENTED_EDGE('145813',*,*,#11293,.F.);
#11296=ORIENTED_EDGE('145814',*,*,#11295,.F.);
#11298=ORIENTED_EDGE('145815',*,*,#11297,.F.);
#11299=ORIENTED_EDGE('145805',*,*,#11240,.T.);
#11300=ORIENTED_EDGE('145809',*,*,#11275,.T.);
#11301=EDGE_LOOP('144001',(#11286,#11288,#11290,#11292,#11294,#11296,#11298,
#11299,#11300));
#11302=FACE_OUTER_BOUND('144001',#11301,.F.);
#11304=ORIENTED_EDGE('158085',*,*,#11303,.T.);
#11306=ORIENTED_EDGE('158097',*,*,#11305,.F.);
#11308=ORIENTED_EDGE('147528',*,*,#11307,.T.);
#11310=ORIENTED_EDGE('158096',*,*,#11309,.T.);
#11311=EDGE_LOOP('144001',(#11304,#11306,#11308,#11310));
#11312=FACE_BOUND('144001',#11311,.F.);
#11313=ADVANCED_FACE('144001',(#11302,#11312),#11285,.T.);
#11314=CARTESIAN_POINT('',(9.25E0,1.35E0,-3.466666666667E0));
#11315=DIRECTION('',(1.E0,0.E0,0.E0));
#11316=DIRECTION('',(0.E0,0.E0,-1.E0));
#11317=AXIS2_PLACEMENT_3D('',#11314,#11315,#11316);
#11318=PLANE('144002',#11317);
#11320=ORIENTED_EDGE('158406',*,*,#11319,.F.);
#11321=ORIENTED_EDGE('145810',*,*,#11287,.T.);
#11322=ORIENTED_EDGE('145738',*,*,#9699,.T.);
#11324=ORIENTED_EDGE('145829',*,*,#11323,.F.);
#11326=ORIENTED_EDGE('145816',*,*,#11325,.F.);
#11328=ORIENTED_EDGE('145817',*,*,#11327,.T.);
#11329=ORIENTED_EDGE('145742',*,*,#9691,.T.);
#11331=ORIENTED_EDGE('145818',*,*,#11330,.T.);
#11333=ORIENTED_EDGE('147802',*,*,#11332,.T.);
#11335=ORIENTED_EDGE('147608',*,*,#11334,.F.);
#11337=ORIENTED_EDGE('147607',*,*,#11336,.F.);
#11339=ORIENTED_EDGE('147610',*,*,#11338,.F.);
#11341=ORIENTED_EDGE('158393',*,*,#11340,.T.);
#11342=EDGE_LOOP('144002',(#11320,#11321,#11322,#11324,#11326,#11328,#11329,
#11331,#11333,#11335,#11337,#11339,#11341));
#11343=FACE_OUTER_BOUND('144002',#11342,.F.);
#11344=ADVANCED_FACE('144002',(#11343),#11318,.T.);
#11345=CARTESIAN_POINT('',(9.45E0,2.275E0,-4.65E0));
#11346=DIRECTION('',(0.E0,0.E0,1.E0));
#11347=DIRECTION('',(-1.E0,0.E0,0.E0));
#11348=AXIS2_PLACEMENT_3D('',#11345,#11346,#11347);
#11349=PLANE('144035',#11348);
#11350=ORIENTED_EDGE('158406',*,*,#11319,.T.);
#11352=ORIENTED_EDGE('158384',*,*,#11351,.T.);
#11354=ORIENTED_EDGE('158407',*,*,#11353,.T.);
#11355=ORIENTED_EDGE('145811',*,*,#11289,.F.);
#11356=EDGE_LOOP('144035',(#11350,#11352,#11354,#11355));
#11357=FACE_OUTER_BOUND('144035',#11356,.F.);
#11358=ADVANCED_FACE('144035',(#11357),#11349,.F.);
#11359=CARTESIAN_POINT('',(9.725E0,1.819666410130E0,-4.425E0));
#11360=DIRECTION('',(0.E0,9.848077530122E-1,-1.736481776667E-1));
#11361=DIRECTION('',(0.E0,-1.736481776667E-1,-9.848077530122E-1));
#11362=AXIS2_PLACEMENT_3D('',#11359,#11360,#11361);
#11363=PLANE('144770',#11362);
#11365=ORIENTED_EDGE('158383',*,*,#11364,.T.);
#11366=ORIENTED_EDGE('158384',*,*,#11351,.F.);
#11367=ORIENTED_EDGE('158393',*,*,#11340,.F.);
#11369=ORIENTED_EDGE('146610',*,*,#11368,.F.);
#11371=ORIENTED_EDGE('145694',*,*,#11370,.T.);
#11373=ORIENTED_EDGE('158387',*,*,#11372,.T.);
#11374=EDGE_LOOP('144770',(#11365,#11366,#11367,#11369,#11371,#11373));
#11375=FACE_OUTER_BOUND('144770',#11374,.F.);
#11376=ADVANCED_FACE('144770',(#11375),#11363,.T.);
#11377=CARTESIAN_POINT('',(9.975E0,2.275E0,-4.325E0));
#11378=DIRECTION('',(7.071067811865E-1,0.E0,-7.071067811865E-1));
#11379=DIRECTION('',(-7.071067811865E-1,0.E0,-7.071067811865E-1));
#11380=AXIS2_PLACEMENT_3D('',#11377,#11378,#11379);
#11381=PLANE('144031',#11380);
#11382=ORIENTED_EDGE('158407',*,*,#11353,.F.);
#11383=ORIENTED_EDGE('158383',*,*,#11364,.F.);
#11385=ORIENTED_EDGE('158399',*,*,#11384,.F.);
#11387=ORIENTED_EDGE('158390',*,*,#11386,.F.);
#11389=ORIENTED_EDGE('145863',*,*,#11388,.T.);
#11390=ORIENTED_EDGE('145812',*,*,#11291,.T.);
#11391=EDGE_LOOP('144031',(#11382,#11383,#11385,#11387,#11389,#11390));
#11392=FACE_OUTER_BOUND('144031',#11391,.F.);
#11393=ADVANCED_FACE('144031',(#11392),#11381,.T.);
#11394=CARTESIAN_POINT('',(1.02E1,1.300401565356E0,-3.325E0));
#11395=DIRECTION('',(1.E0,0.E0,0.E0));
#11396=DIRECTION('',(0.E0,0.E0,-1.E0));
#11397=AXIS2_PLACEMENT_3D('',#11394,#11395,#11396);
#11398=PLANE('144767',#11397);
#11400=ORIENTED_EDGE('158405',*,*,#11399,.T.);
#11402=ORIENTED_EDGE('158382',*,*,#11401,.T.);
#11403=ORIENTED_EDGE('158399',*,*,#11384,.T.);
#11404=ORIENTED_EDGE('158387',*,*,#11372,.F.);
#11406=ORIENTED_EDGE('145691',*,*,#11405,.T.);
#11408=ORIENTED_EDGE('145687',*,*,#11407,.F.);
#11410=ORIENTED_EDGE('147767',*,*,#11409,.T.);
#11412=ORIENTED_EDGE('158404',*,*,#11411,.T.);
#11413=EDGE_LOOP('144767',(#11400,#11402,#11403,#11404,#11406,#11408,#11410,
#11412));
#11414=FACE_OUTER_BOUND('144767',#11413,.F.);
#11415=ADVANCED_FACE('144767',(#11414),#11398,.T.);
#11416=CARTESIAN_POINT('',(-5.5E0,4.499999999999E-1,-1.2E0));
#11417=DIRECTION('',(0.E0,1.946177349339E-12,-1.E0));
#11418=DIRECTION('',(0.E0,1.E0,1.946177349339E-12));
#11419=AXIS2_PLACEMENT_3D('',#11416,#11417,#11418);
#11420=PLANE('144803',#11419);
#11422=ORIENTED_EDGE('158466',*,*,#11421,.T.);
#11424=ORIENTED_EDGE('158462',*,*,#11423,.T.);
#11426=ORIENTED_EDGE('157713',*,*,#11425,.T.);
#11428=ORIENTED_EDGE('157602',*,*,#11427,.F.);
#11430=ORIENTED_EDGE('157412',*,*,#11429,.F.);
#11432=ORIENTED_EDGE('157413',*,*,#11431,.F.);
#11434=ORIENTED_EDGE('157414',*,*,#11433,.F.);
#11436=ORIENTED_EDGE('157415',*,*,#11435,.T.);
#11438=ORIENTED_EDGE('157416',*,*,#11437,.T.);
#11440=ORIENTED_EDGE('157728',*,*,#11439,.T.);
#11442=ORIENTED_EDGE('157694',*,*,#11441,.F.);
#11444=ORIENTED_EDGE('157693',*,*,#11443,.T.);
#11446=ORIENTED_EDGE('157695',*,*,#11445,.T.);
#11448=ORIENTED_EDGE('158461',*,*,#11447,.T.);
#11449=EDGE_LOOP('144803',(#11422,#11424,#11426,#11428,#11430,#11432,#11434,
#11436,#11438,#11440,#11442,#11444,#11446,#11448));
#11450=FACE_OUTER_BOUND('144803',#11449,.F.);
#11451=ADVANCED_FACE('144803',(#11450),#11420,.T.);
#11452=CARTESIAN_POINT('',(-5.5E0,4.499999999999E-1,-1.2E0));
#11453=DIRECTION('',(0.E0,1.946177349339E-12,-1.E0));
#11454=DIRECTION('',(0.E0,1.E0,1.946177349339E-12));
#11455=AXIS2_PLACEMENT_3D('',#11452,#11453,#11454);
#11456=PLANE('144803',#11455);
#11457=ORIENTED_EDGE('158405',*,*,#11399,.F.);
#11459=ORIENTED_EDGE('158394',*,*,#11458,.F.);
#11461=ORIENTED_EDGE('147615',*,*,#11460,.F.);
#11463=ORIENTED_EDGE('147612',*,*,#11462,.F.);
#11465=ORIENTED_EDGE('147613',*,*,#11464,.T.);
#11467=ORIENTED_EDGE('147757',*,*,#11466,.F.);
#11469=ORIENTED_EDGE('145668',*,*,#11468,.F.);
#11471=ORIENTED_EDGE('145667',*,*,#11470,.F.);
#11473=ORIENTED_EDGE('145666',*,*,#11472,.T.);
#11475=ORIENTED_EDGE('145665',*,*,#11474,.T.);
#11477=ORIENTED_EDGE('145664',*,*,#11476,.T.);
#11479=ORIENTED_EDGE('146607',*,*,#11478,.T.);
#11481=ORIENTED_EDGE('147633',*,*,#11480,.F.);
#11483=ORIENTED_EDGE('158395',*,*,#11482,.F.);
#11484=EDGE_LOOP('144803',(#11457,#11459,#11461,#11463,#11465,#11467,#11469,
#11471,#11473,#11475,#11477,#11479,#11481,#11483));
#11485=FACE_OUTER_BOUND('144803',#11484,.F.);
#11486=ADVANCED_FACE('144803',(#11485),#11456,.T.);
#11487=CARTESIAN_POINT('',(-5.5E0,4.499999999999E-1,-1.2E0));
#11488=DIRECTION('',(0.E0,1.946177349339E-12,-1.E0));
#11489=DIRECTION('',(0.E0,1.E0,1.946177349339E-12));
#11490=AXIS2_PLACEMENT_3D('',#11487,#11488,#11489);
#11491=PLANE('144803',#11490);
#11493=ORIENTED_EDGE('158485',*,*,#11492,.F.);
#11495=ORIENTED_EDGE('158414',*,*,#11494,.F.);
#11497=ORIENTED_EDGE('158417',*,*,#11496,.F.);
#11499=ORIENTED_EDGE('145660',*,*,#11498,.F.);
#11501=ORIENTED_EDGE('152162',*,*,#11500,.T.);
#11503=ORIENTED_EDGE('157408',*,*,#11502,.T.);
#11505=ORIENTED_EDGE('158478',*,*,#11504,.T.);
#11507=ORIENTED_EDGE('158475',*,*,#11506,.T.);
#11508=EDGE_LOOP('144803',(#11493,#11495,#11497,#11499,#11501,#11503,#11505,
#11507));
#11509=FACE_OUTER_BOUND('144803',#11508,.F.);
#11510=ADVANCED_FACE('144803',(#11509),#11491,.T.);
#11511=CARTESIAN_POINT('',(-1.02E1,1.300401565356E0,-3.325E0));
#11512=DIRECTION('',(1.E0,0.E0,0.E0));
#11513=DIRECTION('',(0.E0,0.E0,-1.E0));
#11514=AXIS2_PLACEMENT_3D('',#11511,#11512,#11513);
#11515=PLANE('157311',#11514);
#11516=ORIENTED_EDGE('158466',*,*,#11421,.F.);
#11518=ORIENTED_EDGE('158465',*,*,#11517,.F.);
#11520=ORIENTED_EDGE('157734',*,*,#11519,.F.);
#11522=ORIENTED_EDGE('157435',*,*,#11521,.T.);
#11524=ORIENTED_EDGE('157439',*,*,#11523,.F.);
#11526=ORIENTED_EDGE('158458',*,*,#11525,.T.);
#11528=ORIENTED_EDGE('158464',*,*,#11527,.F.);
#11530=ORIENTED_EDGE('158455',*,*,#11529,.F.);
#11531=EDGE_LOOP('157311',(#11516,#11518,#11520,#11522,#11524,#11526,#11528,
#11530));
#11532=FACE_OUTER_BOUND('157311',#11531,.F.);
#11533=ADVANCED_FACE('157311',(#11532),#11515,.F.);
#11534=CARTESIAN_POINT('',(-9.575E0,6.E-1,-2.925E0));
#11535=DIRECTION('',(0.E0,-1.E0,0.E0));
#11536=DIRECTION('',(1.E0,0.E0,0.E0));
#11537=AXIS2_PLACEMENT_3D('',#11534,#11535,#11536);
#11538=PLANE('157210',#11537);
#11539=ORIENTED_EDGE('158465',*,*,#11517,.T.);
#11540=ORIENTED_EDGE('158461',*,*,#11447,.F.);
#11542=ORIENTED_EDGE('157752',*,*,#11541,.F.);
#11544=ORIENTED_EDGE('157756',*,*,#11543,.T.);
#11545=EDGE_LOOP('157210',(#11539,#11540,#11542,#11544));
#11546=FACE_OUTER_BOUND('157210',#11545,.F.);
#11547=ADVANCED_FACE('157210',(#11546),#11538,.F.);
#11548=CARTESIAN_POINT('',(-9.575E0,6.E-1,-2.925E0));
#11549=DIRECTION('',(0.E0,-1.E0,0.E0));
#11550=DIRECTION('',(1.E0,0.E0,0.E0));
#11551=AXIS2_PLACEMENT_3D('',#11548,#11549,#11550);
#11552=PLANE('157210',#11551);
#11554=ORIENTED_EDGE('158463',*,*,#11553,.F.);
#11556=ORIENTED_EDGE('158472',*,*,#11555,.F.);
#11557=ORIENTED_EDGE('158478',*,*,#11504,.F.);
#11559=ORIENTED_EDGE('157428',*,*,#11558,.T.);
#11561=ORIENTED_EDGE('157426',*,*,#11560,.F.);
#11562=EDGE_LOOP('157210',(#11554,#11556,#11557,#11559,#11561));
#11563=FACE_OUTER_BOUND('157210',#11562,.F.);
#11564=ADVANCED_FACE('157210',(#11563),#11552,.F.);
#11565=CARTESIAN_POINT('',(-1.03E1,4.25E-1,-2.6E0));
#11566=DIRECTION('',(1.E0,0.E0,0.E0));
#11567=DIRECTION('',(0.E0,0.E0,-1.E0));
#11568=AXIS2_PLACEMENT_3D('',#11565,#11566,#11567);
#11569=PLANE('157209',#11568);
#11570=ORIENTED_EDGE('157695',*,*,#11445,.F.);
#11572=ORIENTED_EDGE('157750',*,*,#11571,.F.);
#11574=ORIENTED_EDGE('157506',*,*,#11573,.T.);
#11575=ORIENTED_EDGE('157752',*,*,#11541,.T.);
#11576=EDGE_LOOP('157209',(#11570,#11572,#11574,#11575));
#11577=FACE_OUTER_BOUND('157209',#11576,.F.);
#11578=ADVANCED_FACE('157209',(#11577),#11569,.F.);
#11579=CARTESIAN_POINT('',(-9.15E0,2.5E-1,-3.E0));
#11580=DIRECTION('',(0.E0,-1.E0,0.E0));
#11581=DIRECTION('',(-1.E0,0.E0,0.E0));
#11582=AXIS2_PLACEMENT_3D('',#11579,#11580,#11581);
#11583=PLANE('157206',#11582);
#11584=ORIENTED_EDGE('157693',*,*,#11443,.F.);
#11586=ORIENTED_EDGE('157751',*,*,#11585,.T.);
#11587=ORIENTED_EDGE('157586',*,*,#9729,.T.);
#11589=ORIENTED_EDGE('157675',*,*,#11588,.T.);
#11591=ORIENTED_EDGE('157676',*,*,#11590,.T.);
#11593=ORIENTED_EDGE('157677',*,*,#11592,.F.);
#11594=ORIENTED_EDGE('157587',*,*,#9721,.T.);
#11596=ORIENTED_EDGE('157480',*,*,#11595,.T.);
#11598=ORIENTED_EDGE('157503',*,*,#11597,.F.);
#11600=ORIENTED_EDGE('157504',*,*,#11599,.F.);
#11601=ORIENTED_EDGE('157750',*,*,#11571,.T.);
#11602=EDGE_LOOP('157206',(#11584,#11586,#11587,#11589,#11591,#11593,#11594,
#11596,#11598,#11600,#11601));
#11603=FACE_OUTER_BOUND('157206',#11602,.F.);
#11604=ADVANCED_FACE('157206',(#11603),#11583,.T.);
#11605=CARTESIAN_POINT('',(-8.E0,1.25E-1,-3.E0));
#11606=DIRECTION('',(1.E0,0.E0,0.E0));
#11607=DIRECTION('',(0.E0,1.E0,0.E0));
#11608=AXIS2_PLACEMENT_3D('',#11605,#11606,#11607);
#11609=PLANE('157207',#11608);
#11610=ORIENTED_EDGE('157694',*,*,#11441,.T.);
#11612=ORIENTED_EDGE('157740',*,*,#11611,.F.);
#11614=ORIENTED_EDGE('157505',*,*,#11613,.F.);
#11615=ORIENTED_EDGE('157451',*,*,#9731,.F.);
#11616=ORIENTED_EDGE('157751',*,*,#11585,.F.);
#11617=EDGE_LOOP('157207',(#11610,#11612,#11614,#11615,#11616));
#11618=FACE_OUTER_BOUND('157207',#11617,.F.);
#11619=ADVANCED_FACE('157207',(#11618),#11609,.F.);
#11620=CARTESIAN_POINT('',(-7.E0,1.225E0,-1.2E0));
#11621=DIRECTION('',(0.E0,0.E0,1.E0));
#11622=DIRECTION('',(-1.E0,0.E0,0.E0));
#11623=AXIS2_PLACEMENT_3D('',#11620,#11621,#11622);
#11624=PLANE('143989',#11623);
#11626=ORIENTED_EDGE('152156',*,*,#11625,.F.);
#11628=ORIENTED_EDGE('147791',*,*,#11627,.F.);
#11630=ORIENTED_EDGE('157803',*,*,#11629,.T.);
#11631=ORIENTED_EDGE('157740',*,*,#11611,.T.);
#11632=EDGE_LOOP('143989',(#11626,#11628,#11630,#11631));
#11633=FACE_OUTER_BOUND('143989',#11632,.F.);
#11634=ADVANCED_FACE('143989',(#11633),#11624,.T.);
#11635=CARTESIAN_POINT('',(-5.5E0,5.040156535590E-2,-7.E-1));
#11636=DIRECTION('',(0.E0,-1.E0,0.E0));
#11637=DIRECTION('',(0.E0,0.E0,-1.E0));
#11638=AXIS2_PLACEMENT_3D('',#11635,#11636,#11637);
#11639=PLANE('144804',#11638);
#11641=ORIENTED_EDGE('152157',*,*,#11640,.T.);
#11643=ORIENTED_EDGE('145630',*,*,#11642,.F.);
#11644=ORIENTED_EDGE('147757',*,*,#11466,.T.);
#11645=ORIENTED_EDGE('152156',*,*,#11625,.T.);
#11646=ORIENTED_EDGE('157728',*,*,#11439,.F.);
#11648=ORIENTED_EDGE('157397',*,*,#11647,.T.);
#11649=EDGE_LOOP('144804',(#11641,#11643,#11644,#11645,#11646,#11648));
#11650=FACE_OUTER_BOUND('144804',#11649,.F.);
#11651=ADVANCED_FACE('144804',(#11650),#11639,.T.);
#11652=CARTESIAN_POINT('',(-7.E0,1.175401565356E0,0.E0));
#11653=DIRECTION('',(0.E0,0.E0,1.E0));
#11654=DIRECTION('',(1.E0,0.E0,0.E0));
#11655=AXIS2_PLACEMENT_3D('',#11652,#11653,#11654);
#11656=PLANE('144751',#11655);
#11658=ORIENTED_EDGE('152152',*,*,#11657,.F.);
#11660=ORIENTED_EDGE('145632',*,*,#11659,.T.);
#11662=ORIENTED_EDGE('145633',*,*,#11661,.T.);
#11664=ORIENTED_EDGE('145634',*,*,#11663,.F.);
#11666=ORIENTED_EDGE('145635',*,*,#11665,.T.);
#11668=ORIENTED_EDGE('145636',*,*,#11667,.F.);
#11670=ORIENTED_EDGE('145637',*,*,#11669,.F.);
#11672=ORIENTED_EDGE('145638',*,*,#11671,.F.);
#11673=ORIENTED_EDGE('152157',*,*,#11640,.F.);
#11675=ORIENTED_EDGE('157404',*,*,#11674,.T.);
#11677=ORIENTED_EDGE('157403',*,*,#11676,.T.);
#11679=ORIENTED_EDGE('157402',*,*,#11678,.T.);
#11681=ORIENTED_EDGE('157401',*,*,#11680,.F.);
#11683=ORIENTED_EDGE('157400',*,*,#11682,.T.);
#11685=ORIENTED_EDGE('157399',*,*,#11684,.F.);
#11687=ORIENTED_EDGE('157398',*,*,#11686,.F.);
#11688=EDGE_LOOP('144751',(#11658,#11660,#11662,#11664,#11666,#11668,#11670,
#11672,#11673,#11675,#11677,#11679,#11681,#11683,#11685,#11687));
#11689=FACE_OUTER_BOUND('144751',#11688,.F.);
#11690=ADVANCED_FACE('144751',(#11689),#11656,.T.);
#11691=CARTESIAN_POINT('',(-7.E0,1.300401565356E0,-1.5E0));
#11692=DIRECTION('',(0.E0,1.E0,0.E0));
#11693=DIRECTION('',(1.E0,0.E0,0.E0));
#11694=AXIS2_PLACEMENT_3D('',#11691,#11692,#11693);
#11695=PLANE('144752',#11694);
#11697=ORIENTED_EDGE('158704',*,*,#11696,.T.);
#11699=ORIENTED_EDGE('158635',*,*,#11698,.F.);
#11701=ORIENTED_EDGE('158656',*,*,#11700,.T.);
#11703=ORIENTED_EDGE('158658',*,*,#11702,.F.);
#11705=ORIENTED_EDGE('158632',*,*,#11704,.F.);
#11707=ORIENTED_EDGE('158649',*,*,#11706,.F.);
#11709=ORIENTED_EDGE('145648',*,*,#11708,.T.);
#11711=ORIENTED_EDGE('145649',*,*,#11710,.T.);
#11712=ORIENTED_EDGE('152152',*,*,#11657,.T.);
#11714=ORIENTED_EDGE('157406',*,*,#11713,.F.);
#11716=ORIENTED_EDGE('157405',*,*,#11715,.F.);
#11718=ORIENTED_EDGE('158693',*,*,#11717,.T.);
#11720=ORIENTED_EDGE('158686',*,*,#11719,.T.);
#11722=ORIENTED_EDGE('158698',*,*,#11721,.T.);
#11724=ORIENTED_EDGE('158697',*,*,#11723,.F.);
#11726=ORIENTED_EDGE('158689',*,*,#11725,.T.);
#11727=EDGE_LOOP('144752',(#11697,#11699,#11701,#11703,#11705,#11707,#11709,
#11711,#11712,#11714,#11716,#11718,#11720,#11722,#11724,#11726));
#11728=FACE_OUTER_BOUND('144752',#11727,.F.);
#11729=ADVANCED_FACE('144752',(#11728),#11695,.T.);
#11730=CARTESIAN_POINT('',(-7.E0,1.025401565356E0,-3.E0));
#11731=DIRECTION('',(0.E0,0.E0,1.E0));
#11732=DIRECTION('',(0.E0,-1.E0,0.E0));
#11733=AXIS2_PLACEMENT_3D('',#11730,#11731,#11732);
#11734=PLANE('144753',#11733);
#11736=ORIENTED_EDGE('158752',*,*,#11735,.T.);
#11737=ORIENTED_EDGE('147687',*,*,#11048,.F.);
#11739=ORIENTED_EDGE('147688',*,*,#11738,.T.);
#11741=ORIENTED_EDGE('147689',*,*,#11740,.T.);
#11743=ORIENTED_EDGE('147595',*,*,#11742,.T.);
#11745=ORIENTED_EDGE('147684',*,*,#11744,.F.);
#11747=ORIENTED_EDGE('147685',*,*,#11746,.T.);
#11749=ORIENTED_EDGE('147686',*,*,#11748,.T.);
#11751=ORIENTED_EDGE('147596',*,*,#11750,.T.);
#11753=ORIENTED_EDGE('147681',*,*,#11752,.F.);
#11755=ORIENTED_EDGE('147682',*,*,#11754,.T.);
#11757=ORIENTED_EDGE('147683',*,*,#11756,.T.);
#11759=ORIENTED_EDGE('147597',*,*,#11758,.T.);
#11761=ORIENTED_EDGE('147678',*,*,#11760,.F.);
#11763=ORIENTED_EDGE('147679',*,*,#11762,.T.);
#11765=ORIENTED_EDGE('147680',*,*,#11764,.T.);
#11767=ORIENTED_EDGE('147598',*,*,#11766,.T.);
#11769=ORIENTED_EDGE('147675',*,*,#11768,.F.);
#11771=ORIENTED_EDGE('147676',*,*,#11770,.T.);
#11773=ORIENTED_EDGE('147677',*,*,#11772,.T.);
#11775=ORIENTED_EDGE('147599',*,*,#11774,.T.);
#11777=ORIENTED_EDGE('147672',*,*,#11776,.F.);
#11779=ORIENTED_EDGE('147673',*,*,#11778,.T.);
#11781=ORIENTED_EDGE('147674',*,*,#11780,.T.);
#11783=ORIENTED_EDGE('147600',*,*,#11782,.T.);
#11785=ORIENTED_EDGE('147669',*,*,#11784,.F.);
#11787=ORIENTED_EDGE('147670',*,*,#11786,.T.);
#11789=ORIENTED_EDGE('147671',*,*,#11788,.T.);
#11791=ORIENTED_EDGE('147601',*,*,#11790,.T.);
#11793=ORIENTED_EDGE('147666',*,*,#11792,.F.);
#11795=ORIENTED_EDGE('147667',*,*,#11794,.T.);
#11797=ORIENTED_EDGE('147668',*,*,#11796,.T.);
#11799=ORIENTED_EDGE('147602',*,*,#11798,.T.);
#11801=ORIENTED_EDGE('158652',*,*,#11800,.F.);
#11802=ORIENTED_EDGE('158704',*,*,#11696,.F.);
#11804=ORIENTED_EDGE('158695',*,*,#11803,.T.);
#11806=ORIENTED_EDGE('157683',*,*,#11805,.F.);
#11808=ORIENTED_EDGE('157724',*,*,#11807,.F.);
#11810=ORIENTED_EDGE('157723',*,*,#11809,.F.);
#11812=ORIENTED_EDGE('157722',*,*,#11811,.T.);
#11814=ORIENTED_EDGE('157682',*,*,#11813,.F.);
#11816=ORIENTED_EDGE('157727',*,*,#11815,.F.);
#11818=ORIENTED_EDGE('157726',*,*,#11817,.F.);
#11820=ORIENTED_EDGE('157725',*,*,#11819,.T.);
#11822=ORIENTED_EDGE('157842',*,*,#11821,.F.);
#11824=ORIENTED_EDGE('155121',*,*,#11823,.T.);
#11826=ORIENTED_EDGE('155120',*,*,#11825,.T.);
#11828=ORIENTED_EDGE('155119',*,*,#11827,.F.);
#11830=ORIENTED_EDGE('155118',*,*,#11829,.T.);
#11832=ORIENTED_EDGE('155124',*,*,#11831,.T.);
#11834=ORIENTED_EDGE('155123',*,*,#11833,.T.);
#11836=ORIENTED_EDGE('155122',*,*,#11835,.F.);
#11838=ORIENTED_EDGE('155117',*,*,#11837,.T.);
#11840=ORIENTED_EDGE('155127',*,*,#11839,.T.);
#11842=ORIENTED_EDGE('155126',*,*,#11841,.T.);
#11844=ORIENTED_EDGE('155125',*,*,#11843,.F.);
#11846=ORIENTED_EDGE('155116',*,*,#11845,.T.);
#11848=ORIENTED_EDGE('155130',*,*,#11847,.T.);
#11850=ORIENTED_EDGE('155129',*,*,#11849,.T.);
#11852=ORIENTED_EDGE('155128',*,*,#11851,.F.);
#11854=ORIENTED_EDGE('155115',*,*,#11853,.T.);
#11856=ORIENTED_EDGE('155133',*,*,#11855,.T.);
#11858=ORIENTED_EDGE('155132',*,*,#11857,.T.);
#11860=ORIENTED_EDGE('155131',*,*,#11859,.F.);
#11862=ORIENTED_EDGE('155114',*,*,#11861,.T.);
#11864=ORIENTED_EDGE('155136',*,*,#11863,.T.);
#11866=ORIENTED_EDGE('155135',*,*,#11865,.T.);
#11868=ORIENTED_EDGE('155134',*,*,#11867,.F.);
#11869=EDGE_LOOP('144753',(#11736,#11737,#11739,#11741,#11743,#11745,#11747,
#11749,#11751,#11753,#11755,#11757,#11759,#11761,#11763,#11765,#11767,#11769,
#11771,#11773,#11775,#11777,#11779,#11781,#11783,#11785,#11787,#11789,#11791,
#11793,#11795,#11797,#11799,#11801,#11802,#11804,#11806,#11808,#11810,#11812,
#11814,#11816,#11818,#11820,#11822,#11824,#11826,#11828,#11830,#11832,#11834,
#11836,#11838,#11840,#11842,#11844,#11846,#11848,#11850,#11852,#11854,#11856,
#11858,#11860,#11862,#11864,#11866,#11868));
#11870=FACE_OUTER_BOUND('144753',#11869,.F.);
#11871=ADVANCED_FACE('144753',(#11870),#11734,.F.);
#11872=CARTESIAN_POINT('',(-6.1E0,7.5E-1,-2.425E0));
#11873=DIRECTION('',(0.E0,1.E0,0.E0));
#11874=DIRECTION('',(1.E0,0.E0,0.E0));
#11875=AXIS2_PLACEMENT_3D('',#11872,#11873,#11874);
#11876=PLANE('143991',#11875);
#11878=ORIENTED_EDGE('158471',*,*,#11877,.T.);
#11880=ORIENTED_EDGE('158479',*,*,#11879,.T.);
#11882=ORIENTED_EDGE('157684',*,*,#11881,.F.);
#11884=ORIENTED_EDGE('158480',*,*,#11883,.F.);
#11885=EDGE_LOOP('143991',(#11878,#11880,#11882,#11884));
#11886=FACE_OUTER_BOUND('143991',#11885,.F.);
#11887=ADVANCED_FACE('143991',(#11886),#11876,.T.);
#11888=CARTESIAN_POINT('',(-6.1E0,7.5E-1,-2.425E0));
#11889=DIRECTION('',(0.E0,1.E0,0.E0));
#11890=DIRECTION('',(1.E0,0.E0,0.E0));
#11891=AXIS2_PLACEMENT_3D('',#11888,#11889,#11890);
#11892=PLANE('143991',#11891);
#11893=ORIENTED_EDGE('157683',*,*,#11805,.T.);
#11895=ORIENTED_EDGE('157742',*,*,#11894,.T.);
#11897=ORIENTED_EDGE('157635',*,*,#11896,.T.);
#11899=ORIENTED_EDGE('157772',*,*,#11898,.F.);
#11900=EDGE_LOOP('143991',(#11893,#11895,#11897,#11899));
#11901=FACE_OUTER_BOUND('143991',#11900,.F.);
#11902=ADVANCED_FACE('143991',(#11901),#11892,.T.);
#11903=CARTESIAN_POINT('',(-6.1E0,7.5E-1,-2.425E0));
#11904=DIRECTION('',(0.E0,1.E0,0.E0));
#11905=DIRECTION('',(1.E0,0.E0,0.E0));
#11906=AXIS2_PLACEMENT_3D('',#11903,#11904,#11905);
#11907=PLANE('143991',#11906);
#11908=ORIENTED_EDGE('157682',*,*,#11813,.T.);
#11910=ORIENTED_EDGE('157771',*,*,#11909,.T.);
#11912=ORIENTED_EDGE('157665',*,*,#11911,.T.);
#11914=ORIENTED_EDGE('157775',*,*,#11913,.F.);
#11915=EDGE_LOOP('143991',(#11908,#11910,#11912,#11914));
#11916=FACE_OUTER_BOUND('143991',#11915,.F.);
#11917=ADVANCED_FACE('143991',(#11916),#11907,.T.);
#11918=CARTESIAN_POINT('',(-6.1E0,7.5E-1,-2.425E0));
#11919=DIRECTION('',(0.E0,1.E0,0.E0));
#11920=DIRECTION('',(1.E0,0.E0,0.E0));
#11921=AXIS2_PLACEMENT_3D('',#11918,#11919,#11920);
#11922=PLANE('143991',#11921);
#11923=ORIENTED_EDGE('157842',*,*,#11821,.T.);
#11925=ORIENTED_EDGE('157774',*,*,#11924,.T.);
#11927=ORIENTED_EDGE('157839',*,*,#11926,.T.);
#11929=ORIENTED_EDGE('155185',*,*,#11928,.T.);
#11930=EDGE_LOOP('143991',(#11923,#11925,#11927,#11929));
#11931=FACE_OUTER_BOUND('143991',#11930,.F.);
#11932=ADVANCED_FACE('143991',(#11931),#11922,.T.);
#11933=CARTESIAN_POINT('',(-6.1E0,7.5E-1,-2.425E0));
#11934=DIRECTION('',(0.E0,1.E0,0.E0));
#11935=DIRECTION('',(1.E0,0.E0,0.E0));
#11936=AXIS2_PLACEMENT_3D('',#11933,#11934,#11935);
#11937=PLANE('143991',#11936);
#11938=ORIENTED_EDGE('155118',*,*,#11829,.F.);
#11940=ORIENTED_EDGE('155184',*,*,#11939,.F.);
#11942=ORIENTED_EDGE('154770',*,*,#11941,.F.);
#11944=ORIENTED_EDGE('155187',*,*,#11943,.T.);
#11945=EDGE_LOOP('143991',(#11938,#11940,#11942,#11944));
#11946=FACE_OUTER_BOUND('143991',#11945,.F.);
#11947=ADVANCED_FACE('143991',(#11946),#11937,.T.);
#11948=CARTESIAN_POINT('',(-6.1E0,7.5E-1,-2.425E0));
#11949=DIRECTION('',(0.E0,1.E0,0.E0));
#11950=DIRECTION('',(1.E0,0.E0,0.E0));
#11951=AXIS2_PLACEMENT_3D('',#11948,#11949,#11950);
#11952=PLANE('143991',#11951);
#11953=ORIENTED_EDGE('155117',*,*,#11837,.F.);
#11955=ORIENTED_EDGE('155186',*,*,#11954,.F.);
#11957=ORIENTED_EDGE('154800',*,*,#11956,.F.);
#11959=ORIENTED_EDGE('155189',*,*,#11958,.T.);
#11960=EDGE_LOOP('143991',(#11953,#11955,#11957,#11959));
#11961=FACE_OUTER_BOUND('143991',#11960,.F.);
#11962=ADVANCED_FACE('143991',(#11961),#11952,.T.);
#11963=CARTESIAN_POINT('',(-6.1E0,7.5E-1,-2.425E0));
#11964=DIRECTION('',(0.E0,1.E0,0.E0));
#11965=DIRECTION('',(1.E0,0.E0,0.E0));
#11966=AXIS2_PLACEMENT_3D('',#11963,#11964,#11965);
#11967=PLANE('143991',#11966);
#11968=ORIENTED_EDGE('155116',*,*,#11845,.F.);
#11970=ORIENTED_EDGE('155188',*,*,#11969,.F.);
#11972=ORIENTED_EDGE('154830',*,*,#11971,.F.);
#11974=ORIENTED_EDGE('155191',*,*,#11973,.T.);
#11975=EDGE_LOOP('143991',(#11968,#11970,#11972,#11974));
#11976=FACE_OUTER_BOUND('143991',#11975,.F.);
#11977=ADVANCED_FACE('143991',(#11976),#11967,.T.);
#11978=CARTESIAN_POINT('',(-6.1E0,7.5E-1,-2.425E0));
#11979=DIRECTION('',(0.E0,1.E0,0.E0));
#11980=DIRECTION('',(1.E0,0.E0,0.E0));
#11981=AXIS2_PLACEMENT_3D('',#11978,#11979,#11980);
#11982=PLANE('143991',#11981);
#11983=ORIENTED_EDGE('155115',*,*,#11853,.F.);
#11985=ORIENTED_EDGE('155190',*,*,#11984,.F.);
#11987=ORIENTED_EDGE('154860',*,*,#11986,.F.);
#11989=ORIENTED_EDGE('155193',*,*,#11988,.T.);
#11990=EDGE_LOOP('143991',(#11983,#11985,#11987,#11989));
#11991=FACE_OUTER_BOUND('143991',#11990,.F.);
#11992=ADVANCED_FACE('143991',(#11991),#11982,.T.);
#11993=CARTESIAN_POINT('',(-6.1E0,7.5E-1,-2.425E0));
#11994=DIRECTION('',(0.E0,1.E0,0.E0));
#11995=DIRECTION('',(1.E0,0.E0,0.E0));
#11996=AXIS2_PLACEMENT_3D('',#11993,#11994,#11995);
#11997=PLANE('143991',#11996);
#11998=ORIENTED_EDGE('155114',*,*,#11861,.F.);
#12000=ORIENTED_EDGE('155192',*,*,#11999,.F.);
#12002=ORIENTED_EDGE('154890',*,*,#12001,.F.);
#12004=ORIENTED_EDGE('155195',*,*,#12003,.T.);
#12005=EDGE_LOOP('143991',(#11998,#12000,#12002,#12004));
#12006=FACE_OUTER_BOUND('143991',#12005,.F.);
#12007=ADVANCED_FACE('143991',(#12006),#11997,.T.);
#12008=CARTESIAN_POINT('',(-6.1E0,7.5E-1,-2.425E0));
#12009=DIRECTION('',(0.E0,1.E0,0.E0));
#12010=DIRECTION('',(1.E0,0.E0,0.E0));
#12011=AXIS2_PLACEMENT_3D('',#12008,#12009,#12010);
#12012=PLANE('143991',#12011);
#12013=ORIENTED_EDGE('147595',*,*,#11742,.F.);
#12015=ORIENTED_EDGE('147911',*,*,#12014,.T.);
#12017=ORIENTED_EDGE('146858',*,*,#12016,.F.);
#12019=ORIENTED_EDGE('147908',*,*,#12018,.F.);
#12020=EDGE_LOOP('143991',(#12013,#12015,#12017,#12019));
#12021=FACE_OUTER_BOUND('143991',#12020,.F.);
#12022=ADVANCED_FACE('143991',(#12021),#12012,.T.);
#12023=CARTESIAN_POINT('',(-6.1E0,7.5E-1,-2.425E0));
#12024=DIRECTION('',(0.E0,1.E0,0.E0));
#12025=DIRECTION('',(1.E0,0.E0,0.E0));
#12026=AXIS2_PLACEMENT_3D('',#12023,#12024,#12025);
#12027=PLANE('143991',#12026);
#12028=ORIENTED_EDGE('147596',*,*,#11750,.F.);
#12030=ORIENTED_EDGE('147909',*,*,#12029,.T.);
#12032=ORIENTED_EDGE('146828',*,*,#12031,.F.);
#12034=ORIENTED_EDGE('147906',*,*,#12033,.F.);
#12035=EDGE_LOOP('143991',(#12028,#12030,#12032,#12034));
#12036=FACE_OUTER_BOUND('143991',#12035,.F.);
#12037=ADVANCED_FACE('143991',(#12036),#12027,.T.);
#12038=CARTESIAN_POINT('',(-6.1E0,7.5E-1,-2.425E0));
#12039=DIRECTION('',(0.E0,1.E0,0.E0));
#12040=DIRECTION('',(1.E0,0.E0,0.E0));
#12041=AXIS2_PLACEMENT_3D('',#12038,#12039,#12040);
#12042=PLANE('143991',#12041);
#12043=ORIENTED_EDGE('147597',*,*,#11758,.F.);
#12045=ORIENTED_EDGE('147907',*,*,#12044,.T.);
#12047=ORIENTED_EDGE('146798',*,*,#12046,.F.);
#12049=ORIENTED_EDGE('147904',*,*,#12048,.F.);
#12050=EDGE_LOOP('143991',(#12043,#12045,#12047,#12049));
#12051=FACE_OUTER_BOUND('143991',#12050,.F.);
#12052=ADVANCED_FACE('143991',(#12051),#12042,.T.);
#12053=CARTESIAN_POINT('',(-6.1E0,7.5E-1,-2.425E0));
#12054=DIRECTION('',(0.E0,1.E0,0.E0));
#12055=DIRECTION('',(1.E0,0.E0,0.E0));
#12056=AXIS2_PLACEMENT_3D('',#12053,#12054,#12055);
#12057=PLANE('143991',#12056);
#12058=ORIENTED_EDGE('147598',*,*,#11766,.F.);
#12060=ORIENTED_EDGE('147905',*,*,#12059,.T.);
#12062=ORIENTED_EDGE('146768',*,*,#12061,.F.);
#12064=ORIENTED_EDGE('147902',*,*,#12063,.F.);
#12065=EDGE_LOOP('143991',(#12058,#12060,#12062,#12064));
#12066=FACE_OUTER_BOUND('143991',#12065,.F.);
#12067=ADVANCED_FACE('143991',(#12066),#12057,.T.);
#12068=CARTESIAN_POINT('',(-6.1E0,7.5E-1,-2.425E0));
#12069=DIRECTION('',(0.E0,1.E0,0.E0));
#12070=DIRECTION('',(1.E0,0.E0,0.E0));
#12071=AXIS2_PLACEMENT_3D('',#12068,#12069,#12070);
#12072=PLANE('143991',#12071);
#12073=ORIENTED_EDGE('147599',*,*,#11774,.F.);
#12075=ORIENTED_EDGE('147903',*,*,#12074,.T.);
#12077=ORIENTED_EDGE('146738',*,*,#12076,.F.);
#12079=ORIENTED_EDGE('147900',*,*,#12078,.F.);
#12080=EDGE_LOOP('143991',(#12073,#12075,#12077,#12079));
#12081=FACE_OUTER_BOUND('143991',#12080,.F.);
#12082=ADVANCED_FACE('143991',(#12081),#12072,.T.);
#12083=CARTESIAN_POINT('',(-6.1E0,7.5E-1,-2.425E0));
#12084=DIRECTION('',(0.E0,1.E0,0.E0));
#12085=DIRECTION('',(1.E0,0.E0,0.E0));
#12086=AXIS2_PLACEMENT_3D('',#12083,#12084,#12085);
#12087=PLANE('143991',#12086);
#12088=ORIENTED_EDGE('147600',*,*,#11782,.F.);
#12090=ORIENTED_EDGE('147901',*,*,#12089,.T.);
#12092=ORIENTED_EDGE('146708',*,*,#12091,.F.);
#12094=ORIENTED_EDGE('147898',*,*,#12093,.F.);
#12095=EDGE_LOOP('143991',(#12088,#12090,#12092,#12094));
#12096=FACE_OUTER_BOUND('143991',#12095,.F.);
#12097=ADVANCED_FACE('143991',(#12096),#12087,.T.);
#12098=CARTESIAN_POINT('',(-6.1E0,7.5E-1,-2.425E0));
#12099=DIRECTION('',(0.E0,1.E0,0.E0));
#12100=DIRECTION('',(1.E0,0.E0,0.E0));
#12101=AXIS2_PLACEMENT_3D('',#12098,#12099,#12100);
#12102=PLANE('143991',#12101);
#12103=ORIENTED_EDGE('147601',*,*,#11790,.F.);
#12105=ORIENTED_EDGE('147899',*,*,#12104,.T.);
#12107=ORIENTED_EDGE('146678',*,*,#12106,.F.);
#12109=ORIENTED_EDGE('147895',*,*,#12108,.F.);
#12110=EDGE_LOOP('143991',(#12103,#12105,#12107,#12109));
#12111=FACE_OUTER_BOUND('143991',#12110,.F.);
#12112=ADVANCED_FACE('143991',(#12111),#12102,.T.);
#12113=CARTESIAN_POINT('',(-6.1E0,7.5E-1,-2.425E0));
#12114=DIRECTION('',(0.E0,1.E0,0.E0));
#12115=DIRECTION('',(1.E0,0.E0,0.E0));
#12116=AXIS2_PLACEMENT_3D('',#12113,#12114,#12115);
#12117=PLANE('143991',#12116);
#12118=ORIENTED_EDGE('147602',*,*,#11798,.F.);
#12120=ORIENTED_EDGE('147896',*,*,#12119,.T.);
#12122=ORIENTED_EDGE('146648',*,*,#12121,.F.);
#12124=ORIENTED_EDGE('147797',*,*,#12123,.F.);
#12125=EDGE_LOOP('143991',(#12118,#12120,#12122,#12124));
#12126=FACE_OUTER_BOUND('143991',#12125,.F.);
#12127=ADVANCED_FACE('143991',(#12126),#12117,.T.);
#12128=CARTESIAN_POINT('',(-6.1E0,7.5E-1,-2.425E0));
#12129=DIRECTION('',(0.E0,1.E0,0.E0));
#12130=DIRECTION('',(1.E0,0.E0,0.E0));
#12131=AXIS2_PLACEMENT_3D('',#12128,#12129,#12130);
#12132=PLANE('143991',#12131);
#12134=ORIENTED_EDGE('158410',*,*,#12133,.F.);
#12136=ORIENTED_EDGE('158419',*,*,#12135,.T.);
#12138=ORIENTED_EDGE('147603',*,*,#12137,.T.);
#12140=ORIENTED_EDGE('158418',*,*,#12139,.F.);
#12141=EDGE_LOOP('143991',(#12134,#12136,#12138,#12140));
#12142=FACE_OUTER_BOUND('143991',#12141,.F.);
#12143=ADVANCED_FACE('143991',(#12142),#12132,.T.);
#12144=CARTESIAN_POINT('',(-6.1E0,7.5E-1,-2.425E0));
#12145=DIRECTION('',(0.E0,1.E0,0.E0));
#12146=DIRECTION('',(1.E0,0.E0,0.E0));
#12147=AXIS2_PLACEMENT_3D('',#12144,#12145,#12146);
#12148=PLANE('143991',#12147);
#12150=ORIENTED_EDGE('158751',*,*,#12149,.F.);
#12151=ORIENTED_EDGE('147910',*,*,#11050,.F.);
#12152=ORIENTED_EDGE('158752',*,*,#11735,.F.);
#12154=ORIENTED_EDGE('155194',*,*,#12153,.F.);
#12155=EDGE_LOOP('143991',(#12150,#12151,#12152,#12154));
#12156=FACE_OUTER_BOUND('143991',#12155,.F.);
#12157=ADVANCED_FACE('143991',(#12156),#12148,.T.);
#12158=CARTESIAN_POINT('',(-8.75E0,2.45E0,-4.65E0));
#12159=DIRECTION('',(-1.E0,0.E0,0.E0));
#12160=DIRECTION('',(0.E0,0.E0,1.E0));
#12161=AXIS2_PLACEMENT_3D('',#12158,#12159,#12160);
#12162=PLANE('158454',#12161);
#12164=ORIENTED_EDGE('158470',*,*,#12163,.T.);
#12165=ORIENTED_EDGE('158475',*,*,#11506,.F.);
#12167=ORIENTED_EDGE('158481',*,*,#12166,.F.);
#12169=ORIENTED_EDGE('158474',*,*,#12168,.T.);
#12171=ORIENTED_EDGE('158473',*,*,#12170,.F.);
#12172=ORIENTED_EDGE('158471',*,*,#11877,.F.);
#12173=EDGE_LOOP('158454',(#12164,#12165,#12167,#12169,#12171,#12172));
#12174=FACE_OUTER_BOUND('158454',#12173,.F.);
#12175=ADVANCED_FACE('158454',(#12174),#12162,.F.);
#12176=CARTESIAN_POINT('',(-6.425E0,6.E-1,-1.35E0));
#12177=DIRECTION('',(0.E0,7.071067811863E-1,7.071067811868E-1));
#12178=DIRECTION('',(-1.E0,0.E0,0.E0));
#12179=AXIS2_PLACEMENT_3D('',#12176,#12177,#12178);
#12180=PLANE('143990',#12179);
#12182=ORIENTED_EDGE('152154',*,*,#12181,.F.);
#12183=ORIENTED_EDGE('158419',*,*,#12135,.F.);
#12185=ORIENTED_EDGE('158409',*,*,#12184,.T.);
#12186=ORIENTED_EDGE('158485',*,*,#11492,.T.);
#12187=ORIENTED_EDGE('158470',*,*,#12163,.F.);
#12188=ORIENTED_EDGE('158480',*,*,#11883,.T.);
#12189=EDGE_LOOP('143990',(#12182,#12183,#12185,#12186,#12187,#12188));
#12190=FACE_OUTER_BOUND('143990',#12189,.F.);
#12191=ADVANCED_FACE('143990',(#12190),#12180,.T.);
#12192=CARTESIAN_POINT('',(-7.E0,7.504015653559E-1,-2.15E0));
#12193=DIRECTION('',(0.E0,1.E0,0.E0));
#12194=DIRECTION('',(0.E0,0.E0,1.E0));
#12195=AXIS2_PLACEMENT_3D('',#12192,#12193,#12194);
#12196=PLANE('144754',#12195);
#12198=ORIENTED_EDGE('152155',*,*,#12197,.F.);
#12200=ORIENTED_EDGE('147759',*,*,#12199,.T.);
#12201=ORIENTED_EDGE('152154',*,*,#12181,.T.);
#12203=ORIENTED_EDGE('157729',*,*,#12202,.F.);
#12204=EDGE_LOOP('144754',(#12198,#12200,#12201,#12203));
#12205=FACE_OUTER_BOUND('144754',#12204,.F.);
#12206=ADVANCED_FACE('144754',(#12205),#12196,.F.);
#12207=CARTESIAN_POINT('',(-7.049326941945E0,7.004015653560E-1,-1.25E0));
#12208=DIRECTION('',(0.E0,7.071067811853E-1,7.071067811878E-1));
#12209=DIRECTION('',(-1.E0,0.E0,0.E0));
#12210=AXIS2_PLACEMENT_3D('',#12207,#12208,#12209);
#12211=PLANE('144755',#12210);
#12212=ORIENTED_EDGE('152162',*,*,#11500,.F.);
#12214=ORIENTED_EDGE('145653',*,*,#12213,.T.);
#12215=ORIENTED_EDGE('152155',*,*,#12197,.T.);
#12217=ORIENTED_EDGE('157407',*,*,#12216,.F.);
#12218=EDGE_LOOP('144755',(#12212,#12214,#12215,#12217));
#12219=FACE_OUTER_BOUND('144755',#12218,.F.);
#12220=ADVANCED_FACE('144755',(#12219),#12211,.F.);
#12221=CARTESIAN_POINT('',(8.354530240915E0,9.504015653560E-1,
-1.925000000001E0));
#12222=DIRECTION('',(9.848077530128E-1,0.E0,1.736481776638E-1));
#12223=DIRECTION('',(-1.736481776638E-1,0.E0,9.848077530128E-1));
#12224=AXIS2_PLACEMENT_3D('',#12221,#12222,#12223);
#12225=PLANE('144764',#12224);
#12226=ORIENTED_EDGE('158649',*,*,#11706,.T.);
#12228=ORIENTED_EDGE('158651',*,*,#12227,.F.);
#12229=ORIENTED_EDGE('147603',*,*,#12137,.F.);
#12230=ORIENTED_EDGE('147759',*,*,#12199,.F.);
#12231=ORIENTED_EDGE('145653',*,*,#12213,.F.);
#12232=ORIENTED_EDGE('145660',*,*,#11498,.T.);
#12234=ORIENTED_EDGE('145680',*,*,#12233,.T.);
#12236=ORIENTED_EDGE('145679',*,*,#12235,.T.);
#12237=EDGE_LOOP('144764',(#12226,#12228,#12229,#12230,#12231,#12232,#12234,
#12236));
#12238=FACE_OUTER_BOUND('144764',#12237,.F.);
#12239=ADVANCED_FACE('144764',(#12238),#12225,.T.);
#12240=CARTESIAN_POINT('',(8.5E0,1.275E0,-1.6E0));
#12241=DIRECTION('',(0.E0,0.E0,1.E0));
#12242=DIRECTION('',(1.E0,0.E0,0.E0));
#12243=AXIS2_PLACEMENT_3D('',#12240,#12241,#12242);
#12244=PLANE('144025',#12243);
#12245=ORIENTED_EDGE('158632',*,*,#11704,.T.);
#12247=ORIENTED_EDGE('158655',*,*,#12246,.T.);
#12249=ORIENTED_EDGE('158412',*,*,#12248,.F.);
#12250=ORIENTED_EDGE('158418',*,*,#12139,.T.);
#12251=ORIENTED_EDGE('158651',*,*,#12227,.T.);
#12252=EDGE_LOOP('144025',(#12245,#12247,#12249,#12250,#12251));
#12253=FACE_OUTER_BOUND('144025',#12252,.F.);
#12254=ADVANCED_FACE('144025',(#12253),#12244,.T.);
#12255=CARTESIAN_POINT('',(8.91E0,1.3E0,-2.275E0));
#12256=DIRECTION('',(0.E0,1.E0,0.E0));
#12257=DIRECTION('',(1.E0,0.E0,0.E0));
#12258=AXIS2_PLACEMENT_3D('',#12255,#12256,#12257);
#12259=PLANE('144034',#12258);
#12261=ORIENTED_EDGE('158634',*,*,#12260,.F.);
#12263=ORIENTED_EDGE('158645',*,*,#12262,.T.);
#12265=ORIENTED_EDGE('158416',*,*,#12264,.F.);
#12267=ORIENTED_EDGE('158413',*,*,#12266,.T.);
#12268=ORIENTED_EDGE('158655',*,*,#12246,.F.);
#12269=EDGE_LOOP('144034',(#12261,#12263,#12265,#12267,#12268));
#12270=FACE_OUTER_BOUND('144034',#12269,.F.);
#12271=ADVANCED_FACE('144034',(#12270),#12259,.F.);
#12272=CARTESIAN_POINT('',(8.65E0,1.300401565356E0,0.E0));
#12273=DIRECTION('',(1.E0,0.E0,0.E0));
#12274=DIRECTION('',(0.E0,1.E0,0.E0));
#12275=AXIS2_PLACEMENT_3D('',#12272,#12273,#12274);
#12276=PLANE('158628',#12275);
#12278=ORIENTED_EDGE('158633',*,*,#12277,.T.);
#12279=ORIENTED_EDGE('158634',*,*,#12260,.T.);
#12280=ORIENTED_EDGE('158658',*,*,#11702,.T.);
#12282=ORIENTED_EDGE('158630',*,*,#12281,.T.);
#12284=ORIENTED_EDGE('158659',*,*,#12283,.F.);
#12285=EDGE_LOOP('158628',(#12278,#12279,#12280,#12282,#12284));
#12286=FACE_OUTER_BOUND('158628',#12285,.F.);
#12287=ADVANCED_FACE('158628',(#12286),#12276,.F.);
#12288=CARTESIAN_POINT('',(8.645E0,1.55E0,-1.35E0));
#12289=DIRECTION('',(8.944271909932E-1,0.E0,-4.472135955133E-1));
#12290=DIRECTION('',(-4.472135955133E-1,0.E0,-8.944271909932E-1));
#12291=AXIS2_PLACEMENT_3D('',#12288,#12289,#12290);
#12292=PLANE('144027',#12291);
#12293=ORIENTED_EDGE('158633',*,*,#12277,.F.);
#12295=ORIENTED_EDGE('158644',*,*,#12294,.F.);
#12297=ORIENTED_EDGE('145859',*,*,#12296,.F.);
#12298=ORIENTED_EDGE('158645',*,*,#12262,.F.);
#12299=EDGE_LOOP('144027',(#12293,#12295,#12297,#12298));
#12300=FACE_OUTER_BOUND('144027',#12299,.F.);
#12301=ADVANCED_FACE('144027',(#12300),#12292,.F.);
#12302=CARTESIAN_POINT('',(-7.E0,1.8E0,-2.175E0));
#12303=DIRECTION('',(0.E0,1.E0,0.E0));
#12304=DIRECTION('',(-1.E0,0.E0,0.E0));
#12305=AXIS2_PLACEMENT_3D('',#12302,#12303,#12304);
#12306=PLANE('143993',#12305);
#12308=ORIENTED_EDGE('158691',*,*,#12307,.F.);
#12310=ORIENTED_EDGE('157463',*,*,#12309,.T.);
#12312=ORIENTED_EDGE('157464',*,*,#12311,.T.);
#12313=ORIENTED_EDGE('157637',*,*,#11209,.T.);
#12315=ORIENTED_EDGE('157615',*,*,#12314,.F.);
#12317=ORIENTED_EDGE('158700',*,*,#12316,.T.);
#12319=ORIENTED_EDGE('158699',*,*,#12318,.F.);
#12320=EDGE_LOOP('143993',(#12308,#12310,#12312,#12313,#12315,#12317,#12319));
#12321=FACE_OUTER_BOUND('143993',#12320,.F.);
#12322=ADVANCED_FACE('143993',(#12321),#12306,.F.);
#12323=CARTESIAN_POINT('',(-7.E0,1.8E0,-2.175E0));
#12324=DIRECTION('',(0.E0,1.E0,0.E0));
#12325=DIRECTION('',(-1.E0,0.E0,0.E0));
#12326=AXIS2_PLACEMENT_3D('',#12323,#12324,#12325);
#12327=PLANE('143993',#12326);
#12329=ORIENTED_EDGE('154870',*,*,#12328,.T.);
#12331=ORIENTED_EDGE('154891',*,*,#12330,.F.);
#12333=ORIENTED_EDGE('154839',*,*,#12332,.F.);
#12334=ORIENTED_EDGE('154892',*,*,#11153,.F.);
#12335=EDGE_LOOP('143993',(#12329,#12331,#12333,#12334));
#12336=FACE_OUTER_BOUND('143993',#12335,.F.);
#12337=ADVANCED_FACE('143993',(#12336),#12327,.F.);
#12338=CARTESIAN_POINT('',(-7.E0,1.8E0,-2.175E0));
#12339=DIRECTION('',(0.E0,1.E0,0.E0));
#12340=DIRECTION('',(-1.E0,0.E0,0.E0));
#12341=AXIS2_PLACEMENT_3D('',#12338,#12339,#12340);
#12342=PLANE('143993',#12341);
#12344=ORIENTED_EDGE('154840',*,*,#12343,.T.);
#12346=ORIENTED_EDGE('154861',*,*,#12345,.F.);
#12348=ORIENTED_EDGE('154809',*,*,#12347,.F.);
#12349=ORIENTED_EDGE('154862',*,*,#11161,.F.);
#12350=EDGE_LOOP('143993',(#12344,#12346,#12348,#12349));
#12351=FACE_OUTER_BOUND('143993',#12350,.F.);
#12352=ADVANCED_FACE('143993',(#12351),#12342,.F.);
#12353=CARTESIAN_POINT('',(-7.E0,1.8E0,-2.175E0));
#12354=DIRECTION('',(0.E0,1.E0,0.E0));
#12355=DIRECTION('',(-1.E0,0.E0,0.E0));
#12356=AXIS2_PLACEMENT_3D('',#12353,#12354,#12355);
#12357=PLANE('143993',#12356);
#12359=ORIENTED_EDGE('154810',*,*,#12358,.T.);
#12361=ORIENTED_EDGE('154831',*,*,#12360,.F.);
#12363=ORIENTED_EDGE('154779',*,*,#12362,.F.);
#12364=ORIENTED_EDGE('154832',*,*,#11169,.F.);
#12365=EDGE_LOOP('143993',(#12359,#12361,#12363,#12364));
#12366=FACE_OUTER_BOUND('143993',#12365,.F.);
#12367=ADVANCED_FACE('143993',(#12366),#12357,.F.);
#12368=CARTESIAN_POINT('',(-7.E0,1.8E0,-2.175E0));
#12369=DIRECTION('',(0.E0,1.E0,0.E0));
#12370=DIRECTION('',(-1.E0,0.E0,0.E0));
#12371=AXIS2_PLACEMENT_3D('',#12368,#12369,#12370);
#12372=PLANE('143993',#12371);
#12374=ORIENTED_EDGE('154780',*,*,#12373,.T.);
#12376=ORIENTED_EDGE('154801',*,*,#12375,.F.);
#12378=ORIENTED_EDGE('154749',*,*,#12377,.F.);
#12379=ORIENTED_EDGE('154802',*,*,#11177,.F.);
#12380=EDGE_LOOP('143993',(#12374,#12376,#12378,#12379));
#12381=FACE_OUTER_BOUND('143993',#12380,.F.);
#12382=ADVANCED_FACE('143993',(#12381),#12372,.F.);
#12383=CARTESIAN_POINT('',(-7.E0,1.8E0,-2.175E0));
#12384=DIRECTION('',(0.E0,1.E0,0.E0));
#12385=DIRECTION('',(-1.E0,0.E0,0.E0));
#12386=AXIS2_PLACEMENT_3D('',#12383,#12384,#12385);
#12387=PLANE('143993',#12386);
#12389=ORIENTED_EDGE('154750',*,*,#12388,.T.);
#12391=ORIENTED_EDGE('154771',*,*,#12390,.F.);
#12393=ORIENTED_EDGE('154722',*,*,#12392,.F.);
#12394=ORIENTED_EDGE('154772',*,*,#11185,.F.);
#12395=EDGE_LOOP('143993',(#12389,#12391,#12393,#12394));
#12396=FACE_OUTER_BOUND('143993',#12395,.F.);
#12397=ADVANCED_FACE('143993',(#12396),#12387,.F.);
#12398=CARTESIAN_POINT('',(-7.E0,1.8E0,-2.175E0));
#12399=DIRECTION('',(0.E0,1.E0,0.E0));
#12400=DIRECTION('',(-1.E0,0.E0,0.E0));
#12401=AXIS2_PLACEMENT_3D('',#12398,#12399,#12400);
#12402=PLANE('143993',#12401);
#12404=ORIENTED_EDGE('154723',*,*,#12403,.T.);
#12406=ORIENTED_EDGE('157840',*,*,#12405,.T.);
#12408=ORIENTED_EDGE('157644',*,*,#12407,.T.);
#12409=ORIENTED_EDGE('157841',*,*,#11193,.T.);
#12410=EDGE_LOOP('143993',(#12404,#12406,#12408,#12409));
#12411=FACE_OUTER_BOUND('143993',#12410,.F.);
#12412=ADVANCED_FACE('143993',(#12411),#12402,.F.);
#12413=CARTESIAN_POINT('',(-7.E0,1.8E0,-2.175E0));
#12414=DIRECTION('',(0.E0,1.E0,0.E0));
#12415=DIRECTION('',(-1.E0,0.E0,0.E0));
#12416=AXIS2_PLACEMENT_3D('',#12413,#12414,#12415);
#12417=PLANE('143993',#12416);
#12419=ORIENTED_EDGE('157645',*,*,#12418,.F.);
#12421=ORIENTED_EDGE('157666',*,*,#12420,.T.);
#12423=ORIENTED_EDGE('157614',*,*,#12422,.T.);
#12424=ORIENTED_EDGE('157667',*,*,#11201,.T.);
#12425=EDGE_LOOP('143993',(#12419,#12421,#12423,#12424));
#12426=FACE_OUTER_BOUND('143993',#12425,.F.);
#12427=ADVANCED_FACE('143993',(#12426),#12417,.F.);
#12428=CARTESIAN_POINT('',(-7.E0,1.8E0,-2.175E0));
#12429=DIRECTION('',(0.E0,1.E0,0.E0));
#12430=DIRECTION('',(-1.E0,0.E0,0.E0));
#12431=AXIS2_PLACEMENT_3D('',#12428,#12429,#12430);
#12432=PLANE('143993',#12431);
#12434=ORIENTED_EDGE('146658',*,*,#12433,.T.);
#12435=ORIENTED_EDGE('146680',*,*,#11091,.F.);
#12437=ORIENTED_EDGE('146627',*,*,#12436,.F.);
#12439=ORIENTED_EDGE('146679',*,*,#12438,.F.);
#12440=EDGE_LOOP('143993',(#12434,#12435,#12437,#12439));
#12441=FACE_OUTER_BOUND('143993',#12440,.F.);
#12442=ADVANCED_FACE('143993',(#12441),#12432,.F.);
#12443=CARTESIAN_POINT('',(-7.E0,1.8E0,-2.175E0));
#12444=DIRECTION('',(0.E0,1.E0,0.E0));
#12445=DIRECTION('',(-1.E0,0.E0,0.E0));
#12446=AXIS2_PLACEMENT_3D('',#12443,#12444,#12445);
#12447=PLANE('143993',#12446);
#12449=ORIENTED_EDGE('146688',*,*,#12448,.T.);
#12450=ORIENTED_EDGE('146710',*,*,#11099,.F.);
#12452=ORIENTED_EDGE('146657',*,*,#12451,.F.);
#12454=ORIENTED_EDGE('146709',*,*,#12453,.F.);
#12455=EDGE_LOOP('143993',(#12449,#12450,#12452,#12454));
#12456=FACE_OUTER_BOUND('143993',#12455,.F.);
#12457=ADVANCED_FACE('143993',(#12456),#12447,.F.);
#12458=CARTESIAN_POINT('',(-7.E0,1.8E0,-2.175E0));
#12459=DIRECTION('',(0.E0,1.E0,0.E0));
#12460=DIRECTION('',(-1.E0,0.E0,0.E0));
#12461=AXIS2_PLACEMENT_3D('',#12458,#12459,#12460);
#12462=PLANE('143993',#12461);
#12464=ORIENTED_EDGE('146718',*,*,#12463,.T.);
#12465=ORIENTED_EDGE('146740',*,*,#11107,.F.);
#12467=ORIENTED_EDGE('146687',*,*,#12466,.F.);
#12469=ORIENTED_EDGE('146739',*,*,#12468,.F.);
#12470=EDGE_LOOP('143993',(#12464,#12465,#12467,#12469));
#12471=FACE_OUTER_BOUND('143993',#12470,.F.);
#12472=ADVANCED_FACE('143993',(#12471),#12462,.F.);
#12473=CARTESIAN_POINT('',(-7.E0,1.8E0,-2.175E0));
#12474=DIRECTION('',(0.E0,1.E0,0.E0));
#12475=DIRECTION('',(-1.E0,0.E0,0.E0));
#12476=AXIS2_PLACEMENT_3D('',#12473,#12474,#12475);
#12477=PLANE('143993',#12476);
#12479=ORIENTED_EDGE('146748',*,*,#12478,.T.);
#12480=ORIENTED_EDGE('146770',*,*,#11115,.F.);
#12482=ORIENTED_EDGE('146717',*,*,#12481,.F.);
#12484=ORIENTED_EDGE('146769',*,*,#12483,.F.);
#12485=EDGE_LOOP('143993',(#12479,#12480,#12482,#12484));
#12486=FACE_OUTER_BOUND('143993',#12485,.F.);
#12487=ADVANCED_FACE('143993',(#12486),#12477,.F.);
#12488=CARTESIAN_POINT('',(-7.E0,1.8E0,-2.175E0));
#12489=DIRECTION('',(0.E0,1.E0,0.E0));
#12490=DIRECTION('',(-1.E0,0.E0,0.E0));
#12491=AXIS2_PLACEMENT_3D('',#12488,#12489,#12490);
#12492=PLANE('143993',#12491);
#12494=ORIENTED_EDGE('146778',*,*,#12493,.T.);
#12495=ORIENTED_EDGE('146800',*,*,#11123,.F.);
#12497=ORIENTED_EDGE('146747',*,*,#12496,.F.);
#12499=ORIENTED_EDGE('146799',*,*,#12498,.F.);
#12500=EDGE_LOOP('143993',(#12494,#12495,#12497,#12499));
#12501=FACE_OUTER_BOUND('143993',#12500,.F.);
#12502=ADVANCED_FACE('143993',(#12501),#12492,.F.);
#12503=CARTESIAN_POINT('',(-7.E0,1.8E0,-2.175E0));
#12504=DIRECTION('',(0.E0,1.E0,0.E0));
#12505=DIRECTION('',(-1.E0,0.E0,0.E0));
#12506=AXIS2_PLACEMENT_3D('',#12503,#12504,#12505);
#12507=PLANE('143993',#12506);
#12509=ORIENTED_EDGE('146808',*,*,#12508,.T.);
#12510=ORIENTED_EDGE('146830',*,*,#11131,.F.);
#12512=ORIENTED_EDGE('146777',*,*,#12511,.F.);
#12514=ORIENTED_EDGE('146829',*,*,#12513,.F.);
#12515=EDGE_LOOP('143993',(#12509,#12510,#12512,#12514));
#12516=FACE_OUTER_BOUND('143993',#12515,.F.);
#12517=ADVANCED_FACE('143993',(#12516),#12507,.F.);
#12518=CARTESIAN_POINT('',(-7.E0,1.8E0,-2.175E0));
#12519=DIRECTION('',(0.E0,1.E0,0.E0));
#12520=DIRECTION('',(-1.E0,0.E0,0.E0));
#12521=AXIS2_PLACEMENT_3D('',#12518,#12519,#12520);
#12522=PLANE('143993',#12521);
#12524=ORIENTED_EDGE('146838',*,*,#12523,.T.);
#12525=ORIENTED_EDGE('146860',*,*,#11139,.F.);
#12527=ORIENTED_EDGE('146807',*,*,#12526,.F.);
#12529=ORIENTED_EDGE('146859',*,*,#12528,.F.);
#12530=EDGE_LOOP('143993',(#12524,#12525,#12527,#12529));
#12531=FACE_OUTER_BOUND('143993',#12530,.F.);
#12532=ADVANCED_FACE('143993',(#12531),#12522,.F.);
#12533=CARTESIAN_POINT('',(-7.E0,1.8E0,-2.175E0));
#12534=DIRECTION('',(0.E0,1.E0,0.E0));
#12535=DIRECTION('',(-1.E0,0.E0,0.E0));
#12536=AXIS2_PLACEMENT_3D('',#12533,#12534,#12535);
#12537=PLANE('143993',#12536);
#12538=ORIENTED_EDGE('158644',*,*,#12294,.T.);
#12539=ORIENTED_EDGE('158659',*,*,#12283,.T.);
#12541=ORIENTED_EDGE('158663',*,*,#12540,.F.);
#12543=ORIENTED_EDGE('146628',*,*,#12542,.T.);
#12544=ORIENTED_EDGE('146650',*,*,#11083,.F.);
#12546=ORIENTED_EDGE('145794',*,*,#12545,.F.);
#12548=ORIENTED_EDGE('145793',*,*,#12547,.F.);
#12549=EDGE_LOOP('143993',(#12538,#12539,#12541,#12543,#12544,#12546,#12548));
#12550=FACE_OUTER_BOUND('143993',#12549,.F.);
#12551=ADVANCED_FACE('143993',(#12550),#12537,.F.);
#12552=CARTESIAN_POINT('',(-7.E0,1.8E0,-2.175E0));
#12553=DIRECTION('',(0.E0,1.E0,0.E0));
#12554=DIRECTION('',(-1.E0,0.E0,0.E0));
#12555=AXIS2_PLACEMENT_3D('',#12552,#12553,#12554);
#12556=PLANE('143993',#12555);
#12557=ORIENTED_EDGE('158753',*,*,#11145,.F.);
#12558=ORIENTED_EDGE('146837',*,*,#11006,.F.);
#12560=ORIENTED_EDGE('158754',*,*,#12559,.F.);
#12562=ORIENTED_EDGE('154869',*,*,#12561,.F.);
#12563=EDGE_LOOP('143993',(#12557,#12558,#12560,#12562));
#12564=FACE_OUTER_BOUND('143993',#12563,.F.);
#12565=ADVANCED_FACE('143993',(#12564),#12556,.F.);
#12566=CARTESIAN_POINT('',(-8.645E0,1.55E0,-1.35E0));
#12567=DIRECTION('',(8.944271909932E-1,0.E0,4.472135955133E-1));
#12568=DIRECTION('',(4.472135955133E-1,0.E0,-8.944271909932E-1));
#12569=AXIS2_PLACEMENT_3D('',#12566,#12567,#12568);
#12570=PLANE('157223',#12569);
#12572=ORIENTED_EDGE('158687',*,*,#12571,.T.);
#12574=ORIENTED_EDGE('158692',*,*,#12573,.T.);
#12576=ORIENTED_EDGE('157520',*,*,#12575,.T.);
#12577=ORIENTED_EDGE('158691',*,*,#12307,.T.);
#12578=EDGE_LOOP('157223',(#12572,#12574,#12576,#12577));
#12579=FACE_OUTER_BOUND('157223',#12578,.F.);
#12580=ADVANCED_FACE('157223',(#12579),#12570,.T.);
#12581=CARTESIAN_POINT('',(-8.65E0,1.300401565356E0,0.E0));
#12582=DIRECTION('',(1.E0,0.E0,0.E0));
#12583=DIRECTION('',(0.E0,1.E0,0.E0));
#12584=AXIS2_PLACEMENT_3D('',#12581,#12582,#12583);
#12585=PLANE('158684',#12584);
#12586=ORIENTED_EDGE('158687',*,*,#12571,.F.);
#12587=ORIENTED_EDGE('158699',*,*,#12318,.T.);
#12589=ORIENTED_EDGE('158685',*,*,#12588,.F.);
#12590=ORIENTED_EDGE('158698',*,*,#11721,.F.);
#12592=ORIENTED_EDGE('158688',*,*,#12591,.F.);
#12593=EDGE_LOOP('158684',(#12586,#12587,#12589,#12590,#12592));
#12594=FACE_OUTER_BOUND('158684',#12593,.F.);
#12595=ADVANCED_FACE('158684',(#12594),#12585,.T.);
#12596=CARTESIAN_POINT('',(-7.E0,1.275E0,-3.35E0));
#12597=DIRECTION('',(0.E0,0.E0,1.E0));
#12598=DIRECTION('',(-1.E0,0.E0,0.E0));
#12599=AXIS2_PLACEMENT_3D('',#12596,#12597,#12598);
#12600=PLANE('143992',#12599);
#12601=ORIENTED_EDGE('158754',*,*,#12559,.T.);
#12602=ORIENTED_EDGE('146831',*,*,#11004,.T.);
#12604=ORIENTED_EDGE('146833',*,*,#12603,.F.);
#12606=ORIENTED_EDGE('146835',*,*,#12605,.F.);
#12607=ORIENTED_EDGE('146859',*,*,#12528,.T.);
#12609=ORIENTED_EDGE('146801',*,*,#12608,.T.);
#12611=ORIENTED_EDGE('146803',*,*,#12610,.F.);
#12613=ORIENTED_EDGE('146805',*,*,#12612,.F.);
#12614=ORIENTED_EDGE('146829',*,*,#12513,.T.);
#12616=ORIENTED_EDGE('146771',*,*,#12615,.T.);
#12618=ORIENTED_EDGE('146773',*,*,#12617,.F.);
#12620=ORIENTED_EDGE('146775',*,*,#12619,.F.);
#12621=ORIENTED_EDGE('146799',*,*,#12498,.T.);
#12623=ORIENTED_EDGE('146741',*,*,#12622,.T.);
#12625=ORIENTED_EDGE('146743',*,*,#12624,.F.);
#12627=ORIENTED_EDGE('146745',*,*,#12626,.F.);
#12628=ORIENTED_EDGE('146769',*,*,#12483,.T.);
#12630=ORIENTED_EDGE('146711',*,*,#12629,.T.);
#12632=ORIENTED_EDGE('146713',*,*,#12631,.F.);
#12634=ORIENTED_EDGE('146715',*,*,#12633,.F.);
#12635=ORIENTED_EDGE('146739',*,*,#12468,.T.);
#12637=ORIENTED_EDGE('146681',*,*,#12636,.T.);
#12639=ORIENTED_EDGE('146683',*,*,#12638,.F.);
#12641=ORIENTED_EDGE('146685',*,*,#12640,.F.);
#12642=ORIENTED_EDGE('146709',*,*,#12453,.T.);
#12644=ORIENTED_EDGE('146651',*,*,#12643,.T.);
#12646=ORIENTED_EDGE('146653',*,*,#12645,.F.);
#12648=ORIENTED_EDGE('146655',*,*,#12647,.F.);
#12649=ORIENTED_EDGE('146679',*,*,#12438,.T.);
#12651=ORIENTED_EDGE('146621',*,*,#12650,.T.);
#12653=ORIENTED_EDGE('146623',*,*,#12652,.F.);
#12655=ORIENTED_EDGE('146625',*,*,#12654,.F.);
#12656=ORIENTED_EDGE('158663',*,*,#12540,.T.);
#12657=ORIENTED_EDGE('158630',*,*,#12281,.F.);
#12658=ORIENTED_EDGE('158656',*,*,#11700,.F.);
#12660=ORIENTED_EDGE('158641',*,*,#12659,.F.);
#12661=ORIENTED_EDGE('146648',*,*,#12121,.T.);
#12663=ORIENTED_EDGE('146626',*,*,#12662,.F.);
#12665=ORIENTED_EDGE('146624',*,*,#12664,.F.);
#12667=ORIENTED_EDGE('146622',*,*,#12666,.T.);
#12668=ORIENTED_EDGE('146678',*,*,#12106,.T.);
#12670=ORIENTED_EDGE('146656',*,*,#12669,.F.);
#12672=ORIENTED_EDGE('146654',*,*,#12671,.F.);
#12674=ORIENTED_EDGE('146652',*,*,#12673,.T.);
#12675=ORIENTED_EDGE('146708',*,*,#12091,.T.);
#12677=ORIENTED_EDGE('146686',*,*,#12676,.F.);
#12679=ORIENTED_EDGE('146684',*,*,#12678,.F.);
#12681=ORIENTED_EDGE('146682',*,*,#12680,.T.);
#12682=ORIENTED_EDGE('146738',*,*,#12076,.T.);
#12684=ORIENTED_EDGE('146716',*,*,#12683,.F.);
#12686=ORIENTED_EDGE('146714',*,*,#12685,.F.);
#12688=ORIENTED_EDGE('146712',*,*,#12687,.T.);
#12689=ORIENTED_EDGE('146768',*,*,#12061,.T.);
#12691=ORIENTED_EDGE('146746',*,*,#12690,.F.);
#12693=ORIENTED_EDGE('146744',*,*,#12692,.F.);
#12695=ORIENTED_EDGE('146742',*,*,#12694,.T.);
#12696=ORIENTED_EDGE('146798',*,*,#12046,.T.);
#12698=ORIENTED_EDGE('146776',*,*,#12697,.F.);
#12700=ORIENTED_EDGE('146774',*,*,#12699,.F.);
#12702=ORIENTED_EDGE('146772',*,*,#12701,.T.);
#12703=ORIENTED_EDGE('146828',*,*,#12031,.T.);
#12705=ORIENTED_EDGE('146806',*,*,#12704,.F.);
#12707=ORIENTED_EDGE('146804',*,*,#12706,.F.);
#12709=ORIENTED_EDGE('146802',*,*,#12708,.T.);
#12710=ORIENTED_EDGE('146858',*,*,#12016,.T.);
#12712=ORIENTED_EDGE('146836',*,*,#12711,.F.);
#12714=ORIENTED_EDGE('146834',*,*,#12713,.F.);
#12715=ORIENTED_EDGE('146832',*,*,#11052,.T.);
#12716=ORIENTED_EDGE('158751',*,*,#12149,.T.);
#12718=ORIENTED_EDGE('154864',*,*,#12717,.T.);
#12720=ORIENTED_EDGE('154866',*,*,#12719,.F.);
#12722=ORIENTED_EDGE('154868',*,*,#12721,.F.);
#12723=ORIENTED_EDGE('154890',*,*,#12001,.T.);
#12725=ORIENTED_EDGE('154834',*,*,#12724,.T.);
#12727=ORIENTED_EDGE('154836',*,*,#12726,.F.);
#12729=ORIENTED_EDGE('154838',*,*,#12728,.F.);
#12730=ORIENTED_EDGE('154860',*,*,#11986,.T.);
#12732=ORIENTED_EDGE('154804',*,*,#12731,.T.);
#12734=ORIENTED_EDGE('154806',*,*,#12733,.F.);
#12736=ORIENTED_EDGE('154808',*,*,#12735,.F.);
#12737=ORIENTED_EDGE('154830',*,*,#11971,.T.);
#12739=ORIENTED_EDGE('154774',*,*,#12738,.T.);
#12741=ORIENTED_EDGE('154776',*,*,#12740,.F.);
#12743=ORIENTED_EDGE('154778',*,*,#12742,.F.);
#12744=ORIENTED_EDGE('154800',*,*,#11956,.T.);
#12746=ORIENTED_EDGE('154744',*,*,#12745,.T.);
#12748=ORIENTED_EDGE('154746',*,*,#12747,.F.);
#12750=ORIENTED_EDGE('154748',*,*,#12749,.F.);
#12751=ORIENTED_EDGE('154770',*,*,#11941,.T.);
#12753=ORIENTED_EDGE('154717',*,*,#12752,.T.);
#12755=ORIENTED_EDGE('154719',*,*,#12754,.F.);
#12757=ORIENTED_EDGE('154721',*,*,#12756,.F.);
#12758=ORIENTED_EDGE('157839',*,*,#11926,.F.);
#12760=ORIENTED_EDGE('157639',*,*,#12759,.F.);
#12762=ORIENTED_EDGE('157641',*,*,#12761,.T.);
#12764=ORIENTED_EDGE('157643',*,*,#12763,.T.);
#12765=ORIENTED_EDGE('157665',*,*,#11911,.F.);
#12767=ORIENTED_EDGE('157609',*,*,#12766,.F.);
#12769=ORIENTED_EDGE('157611',*,*,#12768,.T.);
#12771=ORIENTED_EDGE('157613',*,*,#12770,.T.);
#12772=ORIENTED_EDGE('157635',*,*,#11896,.F.);
#12774=ORIENTED_EDGE('158690',*,*,#12773,.T.);
#12775=ORIENTED_EDGE('158697',*,*,#11723,.T.);
#12776=ORIENTED_EDGE('158685',*,*,#12588,.T.);
#12777=ORIENTED_EDGE('158700',*,*,#12316,.F.);
#12779=ORIENTED_EDGE('157612',*,*,#12778,.T.);
#12781=ORIENTED_EDGE('157610',*,*,#12780,.T.);
#12783=ORIENTED_EDGE('157608',*,*,#12782,.F.);
#12784=ORIENTED_EDGE('157666',*,*,#12420,.F.);
#12786=ORIENTED_EDGE('157642',*,*,#12785,.T.);
#12788=ORIENTED_EDGE('157640',*,*,#12787,.T.);
#12790=ORIENTED_EDGE('157638',*,*,#12789,.F.);
#12791=ORIENTED_EDGE('157840',*,*,#12405,.F.);
#12793=ORIENTED_EDGE('154720',*,*,#12792,.F.);
#12795=ORIENTED_EDGE('154718',*,*,#12794,.F.);
#12797=ORIENTED_EDGE('154716',*,*,#12796,.T.);
#12798=ORIENTED_EDGE('154771',*,*,#12390,.T.);
#12800=ORIENTED_EDGE('154747',*,*,#12799,.F.);
#12802=ORIENTED_EDGE('154745',*,*,#12801,.F.);
#12804=ORIENTED_EDGE('154743',*,*,#12803,.T.);
#12805=ORIENTED_EDGE('154801',*,*,#12375,.T.);
#12807=ORIENTED_EDGE('154777',*,*,#12806,.F.);
#12809=ORIENTED_EDGE('154775',*,*,#12808,.F.);
#12811=ORIENTED_EDGE('154773',*,*,#12810,.T.);
#12812=ORIENTED_EDGE('154831',*,*,#12360,.T.);
#12814=ORIENTED_EDGE('154807',*,*,#12813,.F.);
#12816=ORIENTED_EDGE('154805',*,*,#12815,.F.);
#12818=ORIENTED_EDGE('154803',*,*,#12817,.T.);
#12819=ORIENTED_EDGE('154861',*,*,#12345,.T.);
#12821=ORIENTED_EDGE('154837',*,*,#12820,.F.);
#12823=ORIENTED_EDGE('154835',*,*,#12822,.F.);
#12825=ORIENTED_EDGE('154833',*,*,#12824,.T.);
#12826=ORIENTED_EDGE('154891',*,*,#12330,.T.);
#12828=ORIENTED_EDGE('154867',*,*,#12827,.F.);
#12830=ORIENTED_EDGE('154865',*,*,#12829,.F.);
#12832=ORIENTED_EDGE('154863',*,*,#12831,.T.);
#12833=EDGE_LOOP('143992',(#12601,#12602,#12604,#12606,#12607,#12609,#12611,
#12613,#12614,#12616,#12618,#12620,#12621,#12623,#12625,#12627,#12628,#12630,
#12632,#12634,#12635,#12637,#12639,#12641,#12642,#12644,#12646,#12648,#12649,
#12651,#12653,#12655,#12656,#12657,#12658,#12660,#12661,#12663,#12665,#12667,
#12668,#12670,#12672,#12674,#12675,#12677,#12679,#12681,#12682,#12684,#12686,
#12688,#12689,#12691,#12693,#12695,#12696,#12698,#12700,#12702,#12703,#12705,
#12707,#12709,#12710,#12712,#12714,#12715,#12716,#12718,#12720,#12722,#12723,
#12725,#12727,#12729,#12730,#12732,#12734,#12736,#12737,#12739,#12741,#12743,
#12744,#12746,#12748,#12750,#12751,#12753,#12755,#12757,#12758,#12760,#12762,
#12764,#12765,#12767,#12769,#12771,#12772,#12774,#12775,#12776,#12777,#12779,
#12781,#12783,#12784,#12786,#12788,#12790,#12791,#12793,#12795,#12797,#12798,
#12800,#12802,#12804,#12805,#12807,#12809,#12811,#12812,#12814,#12816,#12818,
#12819,#12821,#12823,#12825,#12826,#12828,#12830,#12832));
#12834=FACE_OUTER_BOUND('143992',#12833,.F.);
#12835=ADVANCED_FACE('143992',(#12834),#12600,.T.);
#12836=CARTESIAN_POINT('',(5.E-1,1.680351158834E0,-3.012244019815E0));
#12837=DIRECTION('',(0.E0,9.997982280545E-1,2.008738855786E-2));
#12838=DIRECTION('',(0.E0,2.008738855786E-2,-9.997982280545E-1));
#12839=AXIS2_PLACEMENT_3D('',#12836,#12837,#12838);
#12840=PLANE('144368',#12839);
#12841=ORIENTED_EDGE('146833',*,*,#12603,.T.);
#12842=ORIENTED_EDGE('146853',*,*,#11002,.F.);
#12844=ORIENTED_EDGE('145540',*,*,#12843,.F.);
#12846=ORIENTED_EDGE('146857',*,*,#12845,.T.);
#12847=EDGE_LOOP('144368',(#12841,#12842,#12844,#12846));
#12848=FACE_OUTER_BOUND('144368',#12847,.F.);
#12849=ADVANCED_FACE('144368',(#12848),#12840,.F.);
#12850=CARTESIAN_POINT('',(5.E-1,1.527157408706E0,-1.623182520279E0));
#12851=DIRECTION('',(0.E0,5.000000000016E-1,8.660254037835E-1));
#12852=DIRECTION('',(0.E0,8.660254037835E-1,-5.000000000016E-1));
#12853=AXIS2_PLACEMENT_3D('',#12850,#12851,#12852);
#12854=PLANE('144369',#12853);
#12855=ORIENTED_EDGE('145525',*,*,#11000,.F.);
#12857=ORIENTED_EDGE('145541',*,*,#12856,.F.);
#12859=ORIENTED_EDGE('145542',*,*,#12858,.T.);
#12860=ORIENTED_EDGE('145540',*,*,#12843,.T.);
#12861=EDGE_LOOP('144369',(#12855,#12857,#12859,#12860));
#12862=FACE_OUTER_BOUND('144369',#12861,.F.);
#12863=ADVANCED_FACE('144369',(#12862),#12854,.F.);
#12864=CARTESIAN_POINT('',(5.E-1,1.650200782678E0,-1.150823558526E0));
#12865=DIRECTION('',(0.E0,8.476985317158E-1,-5.304782741328E-1));
#12866=DIRECTION('',(0.E0,-5.304782741328E-1,-8.476985317158E-1));
#12867=AXIS2_PLACEMENT_3D('',#12864,#12865,#12866);
#12868=PLANE('144370',#12867);
#12869=ORIENTED_EDGE('145526',*,*,#10998,.F.);
#12870=ORIENTED_EDGE('145543',*,*,#11069,.F.);
#12872=ORIENTED_EDGE('145544',*,*,#12871,.T.);
#12873=ORIENTED_EDGE('145541',*,*,#12856,.T.);
#12874=EDGE_LOOP('144370',(#12869,#12870,#12872,#12873));
#12875=FACE_OUTER_BOUND('144370',#12874,.F.);
#12876=ADVANCED_FACE('144370',(#12875),#12868,.F.);
#12877=CARTESIAN_POINT('',(6.25E-1,1.0435E0,-3.625823558526E0));
#12878=DIRECTION('',(1.E0,0.E0,0.E0));
#12879=DIRECTION('',(0.E0,0.E0,-1.E0));
#12880=AXIS2_PLACEMENT_3D('',#12877,#12878,#12879);
#12881=PLANE('144374',#12880);
#12882=ORIENTED_EDGE('146504',*,*,#11067,.F.);
#12883=ORIENTED_EDGE('146841',*,*,#11141,.F.);
#12884=ORIENTED_EDGE('146838',*,*,#12523,.F.);
#12885=ORIENTED_EDGE('146835',*,*,#12605,.T.);
#12886=ORIENTED_EDGE('146857',*,*,#12845,.F.);
#12887=ORIENTED_EDGE('145542',*,*,#12858,.F.);
#12888=ORIENTED_EDGE('145544',*,*,#12871,.F.);
#12889=EDGE_LOOP('144374',(#12882,#12883,#12884,#12885,#12886,#12887,#12888));
#12890=FACE_OUTER_BOUND('144374',#12889,.F.);
#12891=ADVANCED_FACE('144374',(#12890),#12881,.T.);
#12892=CARTESIAN_POINT('',(6.25E-1,1.0435E0,-3.625823558526E0));
#12893=DIRECTION('',(1.E0,0.E0,0.E0));
#12894=DIRECTION('',(0.E0,0.E0,-1.E0));
#12895=AXIS2_PLACEMENT_3D('',#12892,#12893,#12894);
#12896=PLANE('144374',#12895);
#12898=ORIENTED_EDGE('146505',*,*,#12897,.F.);
#12900=ORIENTED_EDGE('145546',*,*,#12899,.T.);
#12902=ORIENTED_EDGE('145529',*,*,#12901,.F.);
#12904=ORIENTED_EDGE('145532',*,*,#12903,.T.);
#12906=ORIENTED_EDGE('145534',*,*,#12905,.F.);
#12908=ORIENTED_EDGE('145536',*,*,#12907,.T.);
#12910=ORIENTED_EDGE('146854',*,*,#12909,.T.);
#12911=ORIENTED_EDGE('146848',*,*,#10949,.T.);
#12913=ORIENTED_EDGE('146855',*,*,#12912,.T.);
#12915=ORIENTED_EDGE('145539',*,*,#12914,.T.);
#12917=ORIENTED_EDGE('146856',*,*,#12916,.F.);
#12918=ORIENTED_EDGE('146849',*,*,#10959,.T.);
#12919=EDGE_LOOP('144374',(#12898,#12900,#12902,#12904,#12906,#12908,#12910,
#12911,#12913,#12915,#12917,#12918));
#12920=FACE_OUTER_BOUND('144374',#12919,.F.);
#12921=ADVANCED_FACE('144374',(#12920),#12896,.T.);
#12922=CARTESIAN_POINT('',(6.25E-1,1.0435E0,-3.625823558526E0));
#12923=DIRECTION('',(1.E0,0.E0,0.E0));
#12924=DIRECTION('',(0.E0,0.E0,-1.E0));
#12925=AXIS2_PLACEMENT_3D('',#12922,#12923,#12924);
#12926=PLANE('144374',#12925);
#12927=ORIENTED_EDGE('147689',*,*,#11740,.F.);
#12929=ORIENTED_EDGE('147850',*,*,#12928,.T.);
#12930=ORIENTED_EDGE('146836',*,*,#12711,.T.);
#12931=ORIENTED_EDGE('147911',*,*,#12014,.F.);
#12932=EDGE_LOOP('144374',(#12927,#12929,#12930,#12931));
#12933=FACE_OUTER_BOUND('144374',#12932,.F.);
#12934=ADVANCED_FACE('144374',(#12933),#12926,.T.);
#12935=CARTESIAN_POINT('',(5.E-1,2.077E0,-4.714970468495E0));
#12936=DIRECTION('',(0.E0,1.E0,0.E0));
#12937=DIRECTION('',(0.E0,0.E0,1.E0));
#12938=AXIS2_PLACEMENT_3D('',#12935,#12936,#12937);
#12939=PLANE('144372',#12938);
#12940=ORIENTED_EDGE('146503',*,*,#11018,.F.);
#12942=ORIENTED_EDGE('145545',*,*,#12941,.F.);
#12943=ORIENTED_EDGE('146505',*,*,#12897,.T.);
#12944=ORIENTED_EDGE('146844',*,*,#10957,.F.);
#12945=EDGE_LOOP('144372',(#12940,#12942,#12943,#12944));
#12946=FACE_OUTER_BOUND('144372',#12945,.F.);
#12947=ADVANCED_FACE('144372',(#12946),#12939,.T.);
#12948=CARTESIAN_POINT('',(5.E-1,1.215E0,-5.7E0));
#12949=DIRECTION('',(0.E0,0.E0,1.E0));
#12950=DIRECTION('',(0.E0,1.E0,0.E0));
#12951=AXIS2_PLACEMENT_3D('',#12948,#12949,#12950);
#12952=PLANE('144373',#12951);
#12953=ORIENTED_EDGE('145527',*,*,#11038,.T.);
#12955=ORIENTED_EDGE('145530',*,*,#12954,.T.);
#12956=ORIENTED_EDGE('145546',*,*,#12899,.F.);
#12957=ORIENTED_EDGE('145545',*,*,#12941,.T.);
#12958=EDGE_LOOP('144373',(#12953,#12955,#12956,#12957));
#12959=FACE_OUTER_BOUND('144373',#12958,.F.);
#12960=ADVANCED_FACE('144373',(#12959),#12952,.F.);
#12961=CARTESIAN_POINT('',(5.E-1,3.315E-1,-6.1E0));
#12962=DIRECTION('',(0.E0,9.985585912391E-1,-5.367252427910E-2));
#12963=DIRECTION('',(0.E0,5.367252427910E-2,9.985585912391E-1));
#12964=AXIS2_PLACEMENT_3D('',#12961,#12962,#12963);
#12965=PLANE('144360',#12964);
#12966=ORIENTED_EDGE('145520',*,*,#11036,.F.);
#12968=ORIENTED_EDGE('145528',*,*,#12967,.F.);
#12969=ORIENTED_EDGE('145529',*,*,#12901,.T.);
#12970=ORIENTED_EDGE('145530',*,*,#12954,.F.);
#12971=EDGE_LOOP('144360',(#12966,#12968,#12969,#12970));
#12972=FACE_OUTER_BOUND('144360',#12971,.F.);
#12973=ADVANCED_FACE('144360',(#12972),#12965,.T.);
#12974=CARTESIAN_POINT('',(5.E-1,1.6E-1,-6.5E0));
#12975=DIRECTION('',(0.E0,0.E0,1.E0));
#12976=DIRECTION('',(0.E0,1.E0,0.E0));
#12977=AXIS2_PLACEMENT_3D('',#12974,#12975,#12976);
#12978=PLANE('144361',#12977);
#12979=ORIENTED_EDGE('145521',*,*,#11034,.T.);
#12981=ORIENTED_EDGE('145531',*,*,#12980,.F.);
#12982=ORIENTED_EDGE('145532',*,*,#12903,.F.);
#12983=ORIENTED_EDGE('145528',*,*,#12967,.T.);
#12984=EDGE_LOOP('144361',(#12979,#12981,#12982,#12983));
#12985=FACE_OUTER_BOUND('144361',#12984,.F.);
#12986=ADVANCED_FACE('144361',(#12985),#12978,.F.);
#12987=CARTESIAN_POINT('',(5.E-1,4.000000000002E-2,-5.925E0));
#12988=DIRECTION('',(0.E0,9.986417138313E-1,-5.210304593903E-2));
#12989=DIRECTION('',(0.E0,-5.210304593903E-2,-9.986417138313E-1));
#12990=AXIS2_PLACEMENT_3D('',#12987,#12988,#12989);
#12991=PLANE('144362',#12990);
#12992=ORIENTED_EDGE('145522',*,*,#11032,.F.);
#12994=ORIENTED_EDGE('145533',*,*,#12993,.F.);
#12995=ORIENTED_EDGE('145534',*,*,#12905,.T.);
#12996=ORIENTED_EDGE('145531',*,*,#12980,.T.);
#12997=EDGE_LOOP('144362',(#12992,#12994,#12995,#12996));
#12998=FACE_OUTER_BOUND('144362',#12997,.F.);
#12999=ADVANCED_FACE('144362',(#12998),#12991,.F.);
#13000=CARTESIAN_POINT('',(5.E-1,2.35E-1,-5.35E0));
#13001=DIRECTION('',(0.E0,0.E0,1.E0));
#13002=DIRECTION('',(0.E0,-1.E0,0.E0));
#13003=AXIS2_PLACEMENT_3D('',#13000,#13001,#13002);
#13004=PLANE('144363',#13003);
#13005=ORIENTED_EDGE('145523',*,*,#11030,.T.);
#13007=ORIENTED_EDGE('145535',*,*,#13006,.F.);
#13008=ORIENTED_EDGE('145536',*,*,#12907,.F.);
#13009=ORIENTED_EDGE('145533',*,*,#12993,.T.);
#13010=EDGE_LOOP('144363',(#13005,#13007,#13008,#13009));
#13011=FACE_OUTER_BOUND('144363',#13010,.F.);
#13012=ADVANCED_FACE('144363',(#13011),#13004,.T.);
#13013=CARTESIAN_POINT('',(5.E-1,4.E-1,-3.523E0));
#13014=DIRECTION('',(0.E0,1.E0,0.E0));
#13015=DIRECTION('',(0.E0,0.E0,-1.E0));
#13016=AXIS2_PLACEMENT_3D('',#13013,#13014,#13015);
#13017=PLANE('144364',#13016);
#13018=ORIENTED_EDGE('146847',*,*,#10951,.F.);
#13019=ORIENTED_EDGE('146854',*,*,#12909,.F.);
#13020=ORIENTED_EDGE('145535',*,*,#13006,.T.);
#13021=ORIENTED_EDGE('146850',*,*,#11028,.T.);
#13022=EDGE_LOOP('144364',(#13018,#13019,#13020,#13021));
#13023=FACE_OUTER_BOUND('144364',#13022,.F.);
#13024=ADVANCED_FACE('144364',(#13023),#13017,.F.);
#13025=CARTESIAN_POINT('',(5.E-1,8.E-1,-3.225830548566E0));
#13026=DIRECTION('',(0.E0,1.E0,0.E0));
#13027=DIRECTION('',(0.E0,0.E0,1.E0));
#13028=AXIS2_PLACEMENT_3D('',#13025,#13026,#13027);
#13029=PLANE('144365',#13028);
#13030=ORIENTED_EDGE('146846',*,*,#10947,.F.);
#13031=ORIENTED_EDGE('146851',*,*,#11025,.T.);
#13033=ORIENTED_EDGE('145537',*,*,#13032,.F.);
#13034=ORIENTED_EDGE('146855',*,*,#12912,.F.);
#13035=EDGE_LOOP('144365',(#13030,#13031,#13033,#13034));
#13036=FACE_OUTER_BOUND('144365',#13035,.F.);
#13037=ADVANCED_FACE('144365',(#13036),#13029,.T.);
#13038=CARTESIAN_POINT('',(5.E-1,8.E-1,-3.225830548566E0));
#13039=DIRECTION('',(0.E0,1.E0,0.E0));
#13040=DIRECTION('',(0.E0,0.E0,1.E0));
#13041=AXIS2_PLACEMENT_3D('',#13038,#13039,#13040);
#13042=PLANE('144365',#13041);
#13043=ORIENTED_EDGE('147688',*,*,#11738,.F.);
#13044=ORIENTED_EDGE('147849',*,*,#11054,.T.);
#13045=ORIENTED_EDGE('146834',*,*,#12713,.T.);
#13046=ORIENTED_EDGE('147850',*,*,#12928,.F.);
#13047=EDGE_LOOP('144365',(#13043,#13044,#13045,#13046));
#13048=FACE_OUTER_BOUND('144365',#13047,.F.);
#13049=ADVANCED_FACE('144365',(#13048),#13042,.T.);
#13050=CARTESIAN_POINT('',(5.E-1,1.044499170342E0,-4.901735931288E0));
#13051=DIRECTION('',(0.E0,0.E0,1.E0));
#13052=DIRECTION('',(0.E0,-1.E0,0.E0));
#13053=AXIS2_PLACEMENT_3D('',#13050,#13051,#13052);
#13054=PLANE('144366',#13053);
#13055=ORIENTED_EDGE('145524',*,*,#11023,.T.);
#13057=ORIENTED_EDGE('145538',*,*,#13056,.F.);
#13058=ORIENTED_EDGE('145539',*,*,#12914,.F.);
#13059=ORIENTED_EDGE('145537',*,*,#13032,.T.);
#13060=EDGE_LOOP('144366',(#13055,#13057,#13058,#13059));
#13061=FACE_OUTER_BOUND('144366',#13060,.F.);
#13062=ADVANCED_FACE('144366',(#13061),#13054,.T.);
#13063=CARTESIAN_POINT('',(5.E-1,1.497893703149E0,-4.614929465179E0));
#13064=DIRECTION('',(0.E0,8.083218440240E-1,-5.887408568068E-1));
#13065=DIRECTION('',(0.E0,-5.887408568068E-1,-8.083218440240E-1));
#13066=AXIS2_PLACEMENT_3D('',#13063,#13064,#13065);
#13067=PLANE('144367',#13066);
#13068=ORIENTED_EDGE('146845',*,*,#10961,.F.);
#13069=ORIENTED_EDGE('146856',*,*,#12916,.T.);
#13070=ORIENTED_EDGE('145538',*,*,#13056,.T.);
#13071=ORIENTED_EDGE('146852',*,*,#11021,.F.);
#13072=EDGE_LOOP('144367',(#13068,#13069,#13070,#13071));
#13073=FACE_OUTER_BOUND('144367',#13072,.F.);
#13074=ADVANCED_FACE('144367',(#13073),#13067,.F.);
#13075=CARTESIAN_POINT('',(1.375E0,1.0435E0,-3.625823558526E0));
#13076=DIRECTION('',(1.E0,0.E0,0.E0));
#13077=DIRECTION('',(0.E0,0.E0,-1.E0));
#13078=AXIS2_PLACEMENT_3D('',#13075,#13076,#13077);
#13079=PLANE('144343',#13078);
#13081=ORIENTED_EDGE('146498',*,*,#13080,.T.);
#13083=ORIENTED_EDGE('145553',*,*,#13082,.T.);
#13085=ORIENTED_EDGE('145552',*,*,#13084,.T.);
#13087=ORIENTED_EDGE('146823',*,*,#13086,.T.);
#13088=ORIENTED_EDGE('146801',*,*,#12608,.F.);
#13089=ORIENTED_EDGE('146807',*,*,#12526,.T.);
#13090=ORIENTED_EDGE('146809',*,*,#11137,.T.);
#13091=EDGE_LOOP('144343',(#13081,#13083,#13085,#13087,#13088,#13089,#13090));
#13092=FACE_OUTER_BOUND('144343',#13091,.F.);
#13093=ADVANCED_FACE('144343',(#13092),#13079,.F.);
#13094=CARTESIAN_POINT('',(1.375E0,1.0435E0,-3.625823558526E0));
#13095=DIRECTION('',(1.E0,0.E0,0.E0));
#13096=DIRECTION('',(0.E0,0.E0,-1.E0));
#13097=AXIS2_PLACEMENT_3D('',#13094,#13095,#13096);
#13098=PLANE('144343',#13097);
#13100=ORIENTED_EDGE('146499',*,*,#13099,.T.);
#13101=ORIENTED_EDGE('146813',*,*,#10857,.F.);
#13103=ORIENTED_EDGE('146822',*,*,#13102,.T.);
#13105=ORIENTED_EDGE('145551',*,*,#13104,.F.);
#13107=ORIENTED_EDGE('146821',*,*,#13106,.F.);
#13108=ORIENTED_EDGE('146812',*,*,#10847,.F.);
#13110=ORIENTED_EDGE('146820',*,*,#13109,.F.);
#13112=ORIENTED_EDGE('145550',*,*,#13111,.F.);
#13114=ORIENTED_EDGE('145549',*,*,#13113,.T.);
#13116=ORIENTED_EDGE('145548',*,*,#13115,.F.);
#13118=ORIENTED_EDGE('145547',*,*,#13117,.T.);
#13120=ORIENTED_EDGE('145554',*,*,#13119,.F.);
#13121=EDGE_LOOP('144343',(#13100,#13101,#13103,#13105,#13107,#13108,#13110,
#13112,#13114,#13116,#13118,#13120));
#13122=FACE_OUTER_BOUND('144343',#13121,.F.);
#13123=ADVANCED_FACE('144343',(#13122),#13098,.F.);
#13124=CARTESIAN_POINT('',(1.375E0,1.0435E0,-3.625823558526E0));
#13125=DIRECTION('',(1.E0,0.E0,0.E0));
#13126=DIRECTION('',(0.E0,0.E0,-1.E0));
#13127=AXIS2_PLACEMENT_3D('',#13124,#13125,#13126);
#13128=PLANE('144343',#13127);
#13129=ORIENTED_EDGE('147684',*,*,#11744,.T.);
#13130=ORIENTED_EDGE('147908',*,*,#12018,.T.);
#13131=ORIENTED_EDGE('146802',*,*,#12708,.F.);
#13133=ORIENTED_EDGE('147847',*,*,#13132,.F.);
#13134=EDGE_LOOP('144343',(#13129,#13130,#13131,#13133));
#13135=FACE_OUTER_BOUND('144343',#13134,.F.);
#13136=ADVANCED_FACE('144343',(#13135),#13128,.F.);
#13137=CARTESIAN_POINT('',(1.5E0,1.9885E0,-2.240794027022E0));
#13138=DIRECTION('',(0.E0,9.982387017932E-1,5.932532547141E-2));
#13139=DIRECTION('',(0.E0,-5.932532547141E-2,9.982387017932E-1));
#13140=AXIS2_PLACEMENT_3D('',#13137,#13138,#13139);
#13141=PLANE('144355',#13140);
#13142=ORIENTED_EDGE('146498',*,*,#13080,.F.);
#13143=ORIENTED_EDGE('146810',*,*,#11135,.T.);
#13145=ORIENTED_EDGE('146500',*,*,#13144,.T.);
#13147=ORIENTED_EDGE('145570',*,*,#13146,.T.);
#13148=EDGE_LOOP('144355',(#13142,#13143,#13145,#13147));
#13149=FACE_OUTER_BOUND('144355',#13148,.F.);
#13150=ADVANCED_FACE('144355',(#13149),#13141,.T.);
#13151=CARTESIAN_POINT('',(1.625E0,1.0435E0,-3.625823558526E0));
#13152=DIRECTION('',(1.E0,0.E0,0.E0));
#13153=DIRECTION('',(0.E0,0.E0,-1.E0));
#13154=AXIS2_PLACEMENT_3D('',#13151,#13152,#13153);
#13155=PLANE('144358',#13154);
#13156=ORIENTED_EDGE('146500',*,*,#13144,.F.);
#13157=ORIENTED_EDGE('146811',*,*,#11133,.F.);
#13158=ORIENTED_EDGE('146808',*,*,#12508,.F.);
#13159=ORIENTED_EDGE('146805',*,*,#12612,.T.);
#13161=ORIENTED_EDGE('146827',*,*,#13160,.F.);
#13163=ORIENTED_EDGE('145569',*,*,#13162,.F.);
#13165=ORIENTED_EDGE('145571',*,*,#13164,.F.);
#13166=EDGE_LOOP('144358',(#13156,#13157,#13158,#13159,#13161,#13163,#13165));
#13167=FACE_OUTER_BOUND('144358',#13166,.F.);
#13168=ADVANCED_FACE('144358',(#13167),#13155,.T.);
#13169=CARTESIAN_POINT('',(1.625E0,1.0435E0,-3.625823558526E0));
#13170=DIRECTION('',(1.E0,0.E0,0.E0));
#13171=DIRECTION('',(0.E0,0.E0,-1.E0));
#13172=AXIS2_PLACEMENT_3D('',#13169,#13170,#13171);
#13173=PLANE('144358',#13172);
#13175=ORIENTED_EDGE('146501',*,*,#13174,.F.);
#13177=ORIENTED_EDGE('145573',*,*,#13176,.T.);
#13179=ORIENTED_EDGE('145556',*,*,#13178,.F.);
#13181=ORIENTED_EDGE('145559',*,*,#13180,.T.);
#13183=ORIENTED_EDGE('145561',*,*,#13182,.F.);
#13185=ORIENTED_EDGE('145563',*,*,#13184,.T.);
#13187=ORIENTED_EDGE('146824',*,*,#13186,.T.);
#13188=ORIENTED_EDGE('146818',*,*,#10851,.T.);
#13190=ORIENTED_EDGE('146825',*,*,#13189,.T.);
#13192=ORIENTED_EDGE('145566',*,*,#13191,.T.);
#13194=ORIENTED_EDGE('146826',*,*,#13193,.F.);
#13195=ORIENTED_EDGE('146819',*,*,#10861,.T.);
#13196=EDGE_LOOP('144358',(#13175,#13177,#13179,#13181,#13183,#13185,#13187,
#13188,#13190,#13192,#13194,#13195));
#13197=FACE_OUTER_BOUND('144358',#13196,.F.);
#13198=ADVANCED_FACE('144358',(#13197),#13173,.T.);
#13199=CARTESIAN_POINT('',(1.625E0,1.0435E0,-3.625823558526E0));
#13200=DIRECTION('',(1.E0,0.E0,0.E0));
#13201=DIRECTION('',(0.E0,0.E0,-1.E0));
#13202=AXIS2_PLACEMENT_3D('',#13199,#13200,#13201);
#13203=PLANE('144358',#13202);
#13204=ORIENTED_EDGE('147686',*,*,#11748,.F.);
#13206=ORIENTED_EDGE('147848',*,*,#13205,.T.);
#13207=ORIENTED_EDGE('146806',*,*,#12704,.T.);
#13208=ORIENTED_EDGE('147909',*,*,#12029,.F.);
#13209=EDGE_LOOP('144358',(#13204,#13206,#13207,#13208));
#13210=FACE_OUTER_BOUND('144358',#13209,.F.);
#13211=ADVANCED_FACE('144358',(#13210),#13203,.T.);
#13212=CARTESIAN_POINT('',(1.5E0,1.680351158834E0,-3.012244019815E0));
#13213=DIRECTION('',(0.E0,9.997982280545E-1,2.008738855786E-2));
#13214=DIRECTION('',(0.E0,2.008738855786E-2,-9.997982280545E-1));
#13215=AXIS2_PLACEMENT_3D('',#13212,#13213,#13214);
#13216=PLANE('144352',#13215);
#13217=ORIENTED_EDGE('146803',*,*,#12610,.T.);
#13218=ORIENTED_EDGE('146823',*,*,#13086,.F.);
#13220=ORIENTED_EDGE('145567',*,*,#13219,.F.);
#13221=ORIENTED_EDGE('146827',*,*,#13160,.T.);
#13222=EDGE_LOOP('144352',(#13217,#13218,#13220,#13221));
#13223=FACE_OUTER_BOUND('144352',#13222,.F.);
#13224=ADVANCED_FACE('144352',(#13223),#13216,.F.);
#13225=CARTESIAN_POINT('',(1.5E0,1.527157408706E0,-1.623182520279E0));
#13226=DIRECTION('',(0.E0,5.000000000016E-1,8.660254037835E-1));
#13227=DIRECTION('',(0.E0,8.660254037835E-1,-5.000000000016E-1));
#13228=AXIS2_PLACEMENT_3D('',#13225,#13226,#13227);
#13229=PLANE('144353',#13228);
#13230=ORIENTED_EDGE('145552',*,*,#13084,.F.);
#13232=ORIENTED_EDGE('145568',*,*,#13231,.F.);
#13233=ORIENTED_EDGE('145569',*,*,#13162,.T.);
#13234=ORIENTED_EDGE('145567',*,*,#13219,.T.);
#13235=EDGE_LOOP('144353',(#13230,#13232,#13233,#13234));
#13236=FACE_OUTER_BOUND('144353',#13235,.F.);
#13237=ADVANCED_FACE('144353',(#13236),#13229,.F.);
#13238=CARTESIAN_POINT('',(1.5E0,1.650200782678E0,-1.150823558526E0));
#13239=DIRECTION('',(0.E0,8.476985317158E-1,-5.304782741328E-1));
#13240=DIRECTION('',(0.E0,-5.304782741328E-1,-8.476985317158E-1));
#13241=AXIS2_PLACEMENT_3D('',#13238,#13239,#13240);
#13242=PLANE('144354',#13241);
#13243=ORIENTED_EDGE('145553',*,*,#13082,.F.);
#13244=ORIENTED_EDGE('145570',*,*,#13146,.F.);
#13245=ORIENTED_EDGE('145571',*,*,#13164,.T.);
#13246=ORIENTED_EDGE('145568',*,*,#13231,.T.);
#13247=EDGE_LOOP('144354',(#13243,#13244,#13245,#13246));
#13248=FACE_OUTER_BOUND('144354',#13247,.F.);
#13249=ADVANCED_FACE('144354',(#13248),#13242,.F.);
#13250=CARTESIAN_POINT('',(1.5E0,2.077E0,-4.714970468495E0));
#13251=DIRECTION('',(0.E0,1.E0,0.E0));
#13252=DIRECTION('',(0.E0,0.E0,1.E0));
#13253=AXIS2_PLACEMENT_3D('',#13250,#13251,#13252);
#13254=PLANE('144356',#13253);
#13255=ORIENTED_EDGE('146499',*,*,#13099,.F.);
#13257=ORIENTED_EDGE('145572',*,*,#13256,.F.);
#13258=ORIENTED_EDGE('146501',*,*,#13174,.T.);
#13259=ORIENTED_EDGE('146814',*,*,#10859,.F.);
#13260=EDGE_LOOP('144356',(#13255,#13257,#13258,#13259));
#13261=FACE_OUTER_BOUND('144356',#13260,.F.);
#13262=ADVANCED_FACE('144356',(#13261),#13254,.T.);
#13263=CARTESIAN_POINT('',(1.5E0,1.215E0,-5.7E0));
#13264=DIRECTION('',(0.E0,0.E0,1.E0));
#13265=DIRECTION('',(0.E0,1.E0,0.E0));
#13266=AXIS2_PLACEMENT_3D('',#13263,#13264,#13265);
#13267=PLANE('144357',#13266);
#13268=ORIENTED_EDGE('145554',*,*,#13119,.T.);
#13270=ORIENTED_EDGE('145557',*,*,#13269,.T.);
#13271=ORIENTED_EDGE('145573',*,*,#13176,.F.);
#13272=ORIENTED_EDGE('145572',*,*,#13256,.T.);
#13273=EDGE_LOOP('144357',(#13268,#13270,#13271,#13272));
#13274=FACE_OUTER_BOUND('144357',#13273,.F.);
#13275=ADVANCED_FACE('144357',(#13274),#13267,.F.);
#13276=CARTESIAN_POINT('',(1.5E0,3.315E-1,-6.1E0));
#13277=DIRECTION('',(0.E0,9.985585912391E-1,-5.367252427910E-2));
#13278=DIRECTION('',(0.E0,5.367252427910E-2,9.985585912391E-1));
#13279=AXIS2_PLACEMENT_3D('',#13276,#13277,#13278);
#13280=PLANE('144344',#13279);
#13281=ORIENTED_EDGE('145547',*,*,#13117,.F.);
#13283=ORIENTED_EDGE('145555',*,*,#13282,.F.);
#13284=ORIENTED_EDGE('145556',*,*,#13178,.T.);
#13285=ORIENTED_EDGE('145557',*,*,#13269,.F.);
#13286=EDGE_LOOP('144344',(#13281,#13283,#13284,#13285));
#13287=FACE_OUTER_BOUND('144344',#13286,.F.);
#13288=ADVANCED_FACE('144344',(#13287),#13280,.T.);
#13289=CARTESIAN_POINT('',(1.5E0,1.6E-1,-6.5E0));
#13290=DIRECTION('',(0.E0,0.E0,1.E0));
#13291=DIRECTION('',(0.E0,1.E0,0.E0));
#13292=AXIS2_PLACEMENT_3D('',#13289,#13290,#13291);
#13293=PLANE('144345',#13292);
#13294=ORIENTED_EDGE('145548',*,*,#13115,.T.);
#13296=ORIENTED_EDGE('145558',*,*,#13295,.F.);
#13297=ORIENTED_EDGE('145559',*,*,#13180,.F.);
#13298=ORIENTED_EDGE('145555',*,*,#13282,.T.);
#13299=EDGE_LOOP('144345',(#13294,#13296,#13297,#13298));
#13300=FACE_OUTER_BOUND('144345',#13299,.F.);
#13301=ADVANCED_FACE('144345',(#13300),#13293,.F.);
#13302=CARTESIAN_POINT('',(1.5E0,4.000000000002E-2,-5.925E0));
#13303=DIRECTION('',(0.E0,9.986417138313E-1,-5.210304593903E-2));
#13304=DIRECTION('',(0.E0,-5.210304593903E-2,-9.986417138313E-1));
#13305=AXIS2_PLACEMENT_3D('',#13302,#13303,#13304);
#13306=PLANE('144346',#13305);
#13307=ORIENTED_EDGE('145549',*,*,#13113,.F.);
#13309=ORIENTED_EDGE('145560',*,*,#13308,.F.);
#13310=ORIENTED_EDGE('145561',*,*,#13182,.T.);
#13311=ORIENTED_EDGE('145558',*,*,#13295,.T.);
#13312=EDGE_LOOP('144346',(#13307,#13309,#13310,#13311));
#13313=FACE_OUTER_BOUND('144346',#13312,.F.);
#13314=ADVANCED_FACE('144346',(#13313),#13306,.F.);
#13315=CARTESIAN_POINT('',(1.5E0,2.35E-1,-5.35E0));
#13316=DIRECTION('',(0.E0,0.E0,1.E0));
#13317=DIRECTION('',(0.E0,-1.E0,0.E0));
#13318=AXIS2_PLACEMENT_3D('',#13315,#13316,#13317);
#13319=PLANE('144347',#13318);
#13320=ORIENTED_EDGE('145550',*,*,#13111,.T.);
#13322=ORIENTED_EDGE('145562',*,*,#13321,.F.);
#13323=ORIENTED_EDGE('145563',*,*,#13184,.F.);
#13324=ORIENTED_EDGE('145560',*,*,#13308,.T.);
#13325=EDGE_LOOP('144347',(#13320,#13322,#13323,#13324));
#13326=FACE_OUTER_BOUND('144347',#13325,.F.);
#13327=ADVANCED_FACE('144347',(#13326),#13319,.T.);
#13328=CARTESIAN_POINT('',(1.5E0,4.E-1,-3.523E0));
#13329=DIRECTION('',(0.E0,1.E0,0.E0));
#13330=DIRECTION('',(0.E0,0.E0,-1.E0));
#13331=AXIS2_PLACEMENT_3D('',#13328,#13329,#13330);
#13332=PLANE('144348',#13331);
#13333=ORIENTED_EDGE('146817',*,*,#10853,.F.);
#13334=ORIENTED_EDGE('146824',*,*,#13186,.F.);
#13335=ORIENTED_EDGE('145562',*,*,#13321,.T.);
#13336=ORIENTED_EDGE('146820',*,*,#13109,.T.);
#13337=EDGE_LOOP('144348',(#13333,#13334,#13335,#13336));
#13338=FACE_OUTER_BOUND('144348',#13337,.F.);
#13339=ADVANCED_FACE('144348',(#13338),#13332,.F.);
#13340=CARTESIAN_POINT('',(1.5E0,8.E-1,-3.225830548566E0));
#13341=DIRECTION('',(0.E0,1.E0,0.E0));
#13342=DIRECTION('',(0.E0,0.E0,1.E0));
#13343=AXIS2_PLACEMENT_3D('',#13340,#13341,#13342);
#13344=PLANE('144349',#13343);
#13345=ORIENTED_EDGE('146816',*,*,#10849,.F.);
#13346=ORIENTED_EDGE('146821',*,*,#13106,.T.);
#13348=ORIENTED_EDGE('145564',*,*,#13347,.F.);
#13349=ORIENTED_EDGE('146825',*,*,#13189,.F.);
#13350=EDGE_LOOP('144349',(#13345,#13346,#13348,#13349));
#13351=FACE_OUTER_BOUND('144349',#13350,.F.);
#13352=ADVANCED_FACE('144349',(#13351),#13344,.T.);
#13353=CARTESIAN_POINT('',(1.5E0,8.E-1,-3.225830548566E0));
#13354=DIRECTION('',(0.E0,1.E0,0.E0));
#13355=DIRECTION('',(0.E0,0.E0,1.E0));
#13356=AXIS2_PLACEMENT_3D('',#13353,#13354,#13355);
#13357=PLANE('144349',#13356);
#13358=ORIENTED_EDGE('147685',*,*,#11746,.F.);
#13359=ORIENTED_EDGE('147847',*,*,#13132,.T.);
#13360=ORIENTED_EDGE('146804',*,*,#12706,.T.);
#13361=ORIENTED_EDGE('147848',*,*,#13205,.F.);
#13362=EDGE_LOOP('144349',(#13358,#13359,#13360,#13361));
#13363=FACE_OUTER_BOUND('144349',#13362,.F.);
#13364=ADVANCED_FACE('144349',(#13363),#13357,.T.);
#13365=CARTESIAN_POINT('',(1.5E0,1.044499170342E0,-4.901735931288E0));
#13366=DIRECTION('',(0.E0,0.E0,1.E0));
#13367=DIRECTION('',(0.E0,-1.E0,0.E0));
#13368=AXIS2_PLACEMENT_3D('',#13365,#13366,#13367);
#13369=PLANE('144350',#13368);
#13370=ORIENTED_EDGE('145551',*,*,#13104,.T.);
#13372=ORIENTED_EDGE('145565',*,*,#13371,.F.);
#13373=ORIENTED_EDGE('145566',*,*,#13191,.F.);
#13374=ORIENTED_EDGE('145564',*,*,#13347,.T.);
#13375=EDGE_LOOP('144350',(#13370,#13372,#13373,#13374));
#13376=FACE_OUTER_BOUND('144350',#13375,.F.);
#13377=ADVANCED_FACE('144350',(#13376),#13369,.T.);
#13378=CARTESIAN_POINT('',(1.5E0,1.497893703149E0,-4.614929465179E0));
#13379=DIRECTION('',(0.E0,8.083218440240E-1,-5.887408568068E-1));
#13380=DIRECTION('',(0.E0,-5.887408568068E-1,-8.083218440240E-1));
#13381=AXIS2_PLACEMENT_3D('',#13378,#13379,#13380);
#13382=PLANE('144351',#13381);
#13383=ORIENTED_EDGE('146815',*,*,#10863,.F.);
#13384=ORIENTED_EDGE('146826',*,*,#13193,.T.);
#13385=ORIENTED_EDGE('145565',*,*,#13371,.T.);
#13386=ORIENTED_EDGE('146822',*,*,#13102,.F.);
#13387=EDGE_LOOP('144351',(#13383,#13384,#13385,#13386));
#13388=FACE_OUTER_BOUND('144351',#13387,.F.);
#13389=ADVANCED_FACE('144351',(#13388),#13382,.F.);
#13390=CARTESIAN_POINT('',(2.375E0,1.0435E0,-3.625823558526E0));
#13391=DIRECTION('',(1.E0,0.E0,0.E0));
#13392=DIRECTION('',(0.E0,0.E0,-1.E0));
#13393=AXIS2_PLACEMENT_3D('',#13390,#13391,#13392);
#13394=PLANE('144327',#13393);
#13396=ORIENTED_EDGE('146494',*,*,#13395,.T.);
#13398=ORIENTED_EDGE('145580',*,*,#13397,.T.);
#13400=ORIENTED_EDGE('145579',*,*,#13399,.T.);
#13402=ORIENTED_EDGE('146793',*,*,#13401,.T.);
#13403=ORIENTED_EDGE('146771',*,*,#12615,.F.);
#13404=ORIENTED_EDGE('146777',*,*,#12511,.T.);
#13405=ORIENTED_EDGE('146779',*,*,#11129,.T.);
#13406=EDGE_LOOP('144327',(#13396,#13398,#13400,#13402,#13403,#13404,#13405));
#13407=FACE_OUTER_BOUND('144327',#13406,.F.);
#13408=ADVANCED_FACE('144327',(#13407),#13394,.F.);
#13409=CARTESIAN_POINT('',(2.375E0,1.0435E0,-3.625823558526E0));
#13410=DIRECTION('',(1.E0,0.E0,0.E0));
#13411=DIRECTION('',(0.E0,0.E0,-1.E0));
#13412=AXIS2_PLACEMENT_3D('',#13409,#13410,#13411);
#13413=PLANE('144327',#13412);
#13415=ORIENTED_EDGE('146495',*,*,#13414,.T.);
#13416=ORIENTED_EDGE('146783',*,*,#10759,.F.);
#13418=ORIENTED_EDGE('146792',*,*,#13417,.T.);
#13420=ORIENTED_EDGE('145578',*,*,#13419,.F.);
#13422=ORIENTED_EDGE('146791',*,*,#13421,.F.);
#13423=ORIENTED_EDGE('146782',*,*,#10749,.F.);
#13425=ORIENTED_EDGE('146790',*,*,#13424,.F.);
#13427=ORIENTED_EDGE('145577',*,*,#13426,.F.);
#13429=ORIENTED_EDGE('145576',*,*,#13428,.T.);
#13431=ORIENTED_EDGE('145575',*,*,#13430,.F.);
#13433=ORIENTED_EDGE('145574',*,*,#13432,.T.);
#13435=ORIENTED_EDGE('145581',*,*,#13434,.F.);
#13436=EDGE_LOOP('144327',(#13415,#13416,#13418,#13420,#13422,#13423,#13425,
#13427,#13429,#13431,#13433,#13435));
#13437=FACE_OUTER_BOUND('144327',#13436,.F.);
#13438=ADVANCED_FACE('144327',(#13437),#13413,.F.);
#13439=CARTESIAN_POINT('',(2.375E0,1.0435E0,-3.625823558526E0));
#13440=DIRECTION('',(1.E0,0.E0,0.E0));
#13441=DIRECTION('',(0.E0,0.E0,-1.E0));
#13442=AXIS2_PLACEMENT_3D('',#13439,#13440,#13441);
#13443=PLANE('144327',#13442);
#13444=ORIENTED_EDGE('147681',*,*,#11752,.T.);
#13445=ORIENTED_EDGE('147906',*,*,#12033,.T.);
#13446=ORIENTED_EDGE('146772',*,*,#12701,.F.);
#13448=ORIENTED_EDGE('147845',*,*,#13447,.F.);
#13449=EDGE_LOOP('144327',(#13444,#13445,#13446,#13448));
#13450=FACE_OUTER_BOUND('144327',#13449,.F.);
#13451=ADVANCED_FACE('144327',(#13450),#13443,.F.);
#13452=CARTESIAN_POINT('',(2.5E0,1.9885E0,-2.240794027022E0));
#13453=DIRECTION('',(0.E0,9.982387017932E-1,5.932532547141E-2));
#13454=DIRECTION('',(0.E0,-5.932532547141E-2,9.982387017932E-1));
#13455=AXIS2_PLACEMENT_3D('',#13452,#13453,#13454);
#13456=PLANE('144339',#13455);
#13457=ORIENTED_EDGE('146494',*,*,#13395,.F.);
#13458=ORIENTED_EDGE('146780',*,*,#11127,.T.);
#13460=ORIENTED_EDGE('146496',*,*,#13459,.T.);
#13462=ORIENTED_EDGE('145597',*,*,#13461,.T.);
#13463=EDGE_LOOP('144339',(#13457,#13458,#13460,#13462));
#13464=FACE_OUTER_BOUND('144339',#13463,.F.);
#13465=ADVANCED_FACE('144339',(#13464),#13456,.T.);
#13466=CARTESIAN_POINT('',(2.625E0,1.0435E0,-3.625823558526E0));
#13467=DIRECTION('',(1.E0,0.E0,0.E0));
#13468=DIRECTION('',(0.E0,0.E0,-1.E0));
#13469=AXIS2_PLACEMENT_3D('',#13466,#13467,#13468);
#13470=PLANE('144342',#13469);
#13471=ORIENTED_EDGE('146496',*,*,#13459,.F.);
#13472=ORIENTED_EDGE('146781',*,*,#11125,.F.);
#13473=ORIENTED_EDGE('146778',*,*,#12493,.F.);
#13474=ORIENTED_EDGE('146775',*,*,#12619,.T.);
#13476=ORIENTED_EDGE('146797',*,*,#13475,.F.);
#13478=ORIENTED_EDGE('145596',*,*,#13477,.F.);
#13480=ORIENTED_EDGE('145598',*,*,#13479,.F.);
#13481=EDGE_LOOP('144342',(#13471,#13472,#13473,#13474,#13476,#13478,#13480));
#13482=FACE_OUTER_BOUND('144342',#13481,.F.);
#13483=ADVANCED_FACE('144342',(#13482),#13470,.T.);
#13484=CARTESIAN_POINT('',(2.625E0,1.0435E0,-3.625823558526E0));
#13485=DIRECTION('',(1.E0,0.E0,0.E0));
#13486=DIRECTION('',(0.E0,0.E0,-1.E0));
#13487=AXIS2_PLACEMENT_3D('',#13484,#13485,#13486);
#13488=PLANE('144342',#13487);
#13490=ORIENTED_EDGE('146497',*,*,#13489,.F.);
#13492=ORIENTED_EDGE('145600',*,*,#13491,.T.);
#13494=ORIENTED_EDGE('145583',*,*,#13493,.F.);
#13496=ORIENTED_EDGE('145586',*,*,#13495,.T.);
#13498=ORIENTED_EDGE('145588',*,*,#13497,.F.);
#13500=ORIENTED_EDGE('145590',*,*,#13499,.T.);
#13502=ORIENTED_EDGE('146794',*,*,#13501,.T.);
#13503=ORIENTED_EDGE('146788',*,*,#10753,.T.);
#13505=ORIENTED_EDGE('146795',*,*,#13504,.T.);
#13507=ORIENTED_EDGE('145593',*,*,#13506,.T.);
#13509=ORIENTED_EDGE('146796',*,*,#13508,.F.);
#13510=ORIENTED_EDGE('146789',*,*,#10763,.T.);
#13511=EDGE_LOOP('144342',(#13490,#13492,#13494,#13496,#13498,#13500,#13502,
#13503,#13505,#13507,#13509,#13510));
#13512=FACE_OUTER_BOUND('144342',#13511,.F.);
#13513=ADVANCED_FACE('144342',(#13512),#13488,.T.);
#13514=CARTESIAN_POINT('',(2.625E0,1.0435E0,-3.625823558526E0));
#13515=DIRECTION('',(1.E0,0.E0,0.E0));
#13516=DIRECTION('',(0.E0,0.E0,-1.E0));
#13517=AXIS2_PLACEMENT_3D('',#13514,#13515,#13516);
#13518=PLANE('144342',#13517);
#13519=ORIENTED_EDGE('147683',*,*,#11756,.F.);
#13521=ORIENTED_EDGE('147846',*,*,#13520,.T.);
#13522=ORIENTED_EDGE('146776',*,*,#12697,.T.);
#13523=ORIENTED_EDGE('147907',*,*,#12044,.F.);
#13524=EDGE_LOOP('144342',(#13519,#13521,#13522,#13523));
#13525=FACE_OUTER_BOUND('144342',#13524,.F.);
#13526=ADVANCED_FACE('144342',(#13525),#13518,.T.);
#13527=CARTESIAN_POINT('',(2.5E0,1.680351158834E0,-3.012244019815E0));
#13528=DIRECTION('',(0.E0,9.997982280545E-1,2.008738855786E-2));
#13529=DIRECTION('',(0.E0,2.008738855786E-2,-9.997982280545E-1));
#13530=AXIS2_PLACEMENT_3D('',#13527,#13528,#13529);
#13531=PLANE('144336',#13530);
#13532=ORIENTED_EDGE('146773',*,*,#12617,.T.);
#13533=ORIENTED_EDGE('146793',*,*,#13401,.F.);
#13535=ORIENTED_EDGE('145594',*,*,#13534,.F.);
#13536=ORIENTED_EDGE('146797',*,*,#13475,.T.);
#13537=EDGE_LOOP('144336',(#13532,#13533,#13535,#13536));
#13538=FACE_OUTER_BOUND('144336',#13537,.F.);
#13539=ADVANCED_FACE('144336',(#13538),#13531,.F.);
#13540=CARTESIAN_POINT('',(2.5E0,1.527157408706E0,-1.623182520279E0));
#13541=DIRECTION('',(0.E0,5.000000000016E-1,8.660254037835E-1));
#13542=DIRECTION('',(0.E0,8.660254037835E-1,-5.000000000016E-1));
#13543=AXIS2_PLACEMENT_3D('',#13540,#13541,#13542);
#13544=PLANE('144337',#13543);
#13545=ORIENTED_EDGE('145579',*,*,#13399,.F.);
#13547=ORIENTED_EDGE('145595',*,*,#13546,.F.);
#13548=ORIENTED_EDGE('145596',*,*,#13477,.T.);
#13549=ORIENTED_EDGE('145594',*,*,#13534,.T.);
#13550=EDGE_LOOP('144337',(#13545,#13547,#13548,#13549));
#13551=FACE_OUTER_BOUND('144337',#13550,.F.);
#13552=ADVANCED_FACE('144337',(#13551),#13544,.F.);
#13553=CARTESIAN_POINT('',(2.5E0,1.650200782678E0,-1.150823558526E0));
#13554=DIRECTION('',(0.E0,8.476985317158E-1,-5.304782741328E-1));
#13555=DIRECTION('',(0.E0,-5.304782741328E-1,-8.476985317158E-1));
#13556=AXIS2_PLACEMENT_3D('',#13553,#13554,#13555);
#13557=PLANE('144338',#13556);
#13558=ORIENTED_EDGE('145580',*,*,#13397,.F.);
#13559=ORIENTED_EDGE('145597',*,*,#13461,.F.);
#13560=ORIENTED_EDGE('145598',*,*,#13479,.T.);
#13561=ORIENTED_EDGE('145595',*,*,#13546,.T.);
#13562=EDGE_LOOP('144338',(#13558,#13559,#13560,#13561));
#13563=FACE_OUTER_BOUND('144338',#13562,.F.);
#13564=ADVANCED_FACE('144338',(#13563),#13557,.F.);
#13565=CARTESIAN_POINT('',(2.5E0,2.077E0,-4.714970468495E0));
#13566=DIRECTION('',(0.E0,1.E0,0.E0));
#13567=DIRECTION('',(0.E0,0.E0,1.E0));
#13568=AXIS2_PLACEMENT_3D('',#13565,#13566,#13567);
#13569=PLANE('144340',#13568);
#13570=ORIENTED_EDGE('146495',*,*,#13414,.F.);
#13572=ORIENTED_EDGE('145599',*,*,#13571,.F.);
#13573=ORIENTED_EDGE('146497',*,*,#13489,.T.);
#13574=ORIENTED_EDGE('146784',*,*,#10761,.F.);
#13575=EDGE_LOOP('144340',(#13570,#13572,#13573,#13574));
#13576=FACE_OUTER_BOUND('144340',#13575,.F.);
#13577=ADVANCED_FACE('144340',(#13576),#13569,.T.);
#13578=CARTESIAN_POINT('',(2.5E0,1.215E0,-5.7E0));
#13579=DIRECTION('',(0.E0,0.E0,1.E0));
#13580=DIRECTION('',(0.E0,1.E0,0.E0));
#13581=AXIS2_PLACEMENT_3D('',#13578,#13579,#13580);
#13582=PLANE('144341',#13581);
#13583=ORIENTED_EDGE('145581',*,*,#13434,.T.);
#13585=ORIENTED_EDGE('145584',*,*,#13584,.T.);
#13586=ORIENTED_EDGE('145600',*,*,#13491,.F.);
#13587=ORIENTED_EDGE('145599',*,*,#13571,.T.);
#13588=EDGE_LOOP('144341',(#13583,#13585,#13586,#13587));
#13589=FACE_OUTER_BOUND('144341',#13588,.F.);
#13590=ADVANCED_FACE('144341',(#13589),#13582,.F.);
#13591=CARTESIAN_POINT('',(2.5E0,3.315E-1,-6.1E0));
#13592=DIRECTION('',(0.E0,9.985585912391E-1,-5.367252427910E-2));
#13593=DIRECTION('',(0.E0,5.367252427910E-2,9.985585912391E-1));
#13594=AXIS2_PLACEMENT_3D('',#13591,#13592,#13593);
#13595=PLANE('144328',#13594);
#13596=ORIENTED_EDGE('145574',*,*,#13432,.F.);
#13598=ORIENTED_EDGE('145582',*,*,#13597,.F.);
#13599=ORIENTED_EDGE('145583',*,*,#13493,.T.);
#13600=ORIENTED_EDGE('145584',*,*,#13584,.F.);
#13601=EDGE_LOOP('144328',(#13596,#13598,#13599,#13600));
#13602=FACE_OUTER_BOUND('144328',#13601,.F.);
#13603=ADVANCED_FACE('144328',(#13602),#13595,.T.);
#13604=CARTESIAN_POINT('',(2.5E0,1.6E-1,-6.5E0));
#13605=DIRECTION('',(0.E0,0.E0,1.E0));
#13606=DIRECTION('',(0.E0,1.E0,0.E0));
#13607=AXIS2_PLACEMENT_3D('',#13604,#13605,#13606);
#13608=PLANE('144329',#13607);
#13609=ORIENTED_EDGE('145575',*,*,#13430,.T.);
#13611=ORIENTED_EDGE('145585',*,*,#13610,.F.);
#13612=ORIENTED_EDGE('145586',*,*,#13495,.F.);
#13613=ORIENTED_EDGE('145582',*,*,#13597,.T.);
#13614=EDGE_LOOP('144329',(#13609,#13611,#13612,#13613));
#13615=FACE_OUTER_BOUND('144329',#13614,.F.);
#13616=ADVANCED_FACE('144329',(#13615),#13608,.F.);
#13617=CARTESIAN_POINT('',(2.5E0,4.000000000002E-2,-5.925E0));
#13618=DIRECTION('',(0.E0,9.986417138313E-1,-5.210304593903E-2));
#13619=DIRECTION('',(0.E0,-5.210304593903E-2,-9.986417138313E-1));
#13620=AXIS2_PLACEMENT_3D('',#13617,#13618,#13619);
#13621=PLANE('144330',#13620);
#13622=ORIENTED_EDGE('145576',*,*,#13428,.F.);
#13624=ORIENTED_EDGE('145587',*,*,#13623,.F.);
#13625=ORIENTED_EDGE('145588',*,*,#13497,.T.);
#13626=ORIENTED_EDGE('145585',*,*,#13610,.T.);
#13627=EDGE_LOOP('144330',(#13622,#13624,#13625,#13626));
#13628=FACE_OUTER_BOUND('144330',#13627,.F.);
#13629=ADVANCED_FACE('144330',(#13628),#13621,.F.);
#13630=CARTESIAN_POINT('',(2.5E0,2.35E-1,-5.35E0));
#13631=DIRECTION('',(0.E0,0.E0,1.E0));
#13632=DIRECTION('',(0.E0,-1.E0,0.E0));
#13633=AXIS2_PLACEMENT_3D('',#13630,#13631,#13632);
#13634=PLANE('144331',#13633);
#13635=ORIENTED_EDGE('145577',*,*,#13426,.T.);
#13637=ORIENTED_EDGE('145589',*,*,#13636,.F.);
#13638=ORIENTED_EDGE('145590',*,*,#13499,.F.);
#13639=ORIENTED_EDGE('145587',*,*,#13623,.T.);
#13640=EDGE_LOOP('144331',(#13635,#13637,#13638,#13639));
#13641=FACE_OUTER_BOUND('144331',#13640,.F.);
#13642=ADVANCED_FACE('144331',(#13641),#13634,.T.);
#13643=CARTESIAN_POINT('',(2.5E0,4.E-1,-3.523E0));
#13644=DIRECTION('',(0.E0,1.E0,0.E0));
#13645=DIRECTION('',(0.E0,0.E0,-1.E0));
#13646=AXIS2_PLACEMENT_3D('',#13643,#13644,#13645);
#13647=PLANE('144332',#13646);
#13648=ORIENTED_EDGE('146787',*,*,#10755,.F.);
#13649=ORIENTED_EDGE('146794',*,*,#13501,.F.);
#13650=ORIENTED_EDGE('145589',*,*,#13636,.T.);
#13651=ORIENTED_EDGE('146790',*,*,#13424,.T.);
#13652=EDGE_LOOP('144332',(#13648,#13649,#13650,#13651));
#13653=FACE_OUTER_BOUND('144332',#13652,.F.);
#13654=ADVANCED_FACE('144332',(#13653),#13647,.F.);
#13655=CARTESIAN_POINT('',(2.5E0,8.E-1,-3.225830548566E0));
#13656=DIRECTION('',(0.E0,1.E0,0.E0));
#13657=DIRECTION('',(0.E0,0.E0,1.E0));
#13658=AXIS2_PLACEMENT_3D('',#13655,#13656,#13657);
#13659=PLANE('144333',#13658);
#13660=ORIENTED_EDGE('146786',*,*,#10751,.F.);
#13661=ORIENTED_EDGE('146791',*,*,#13421,.T.);
#13663=ORIENTED_EDGE('145591',*,*,#13662,.F.);
#13664=ORIENTED_EDGE('146795',*,*,#13504,.F.);
#13665=EDGE_LOOP('144333',(#13660,#13661,#13663,#13664));
#13666=FACE_OUTER_BOUND('144333',#13665,.F.);
#13667=ADVANCED_FACE('144333',(#13666),#13659,.T.);
#13668=CARTESIAN_POINT('',(2.5E0,8.E-1,-3.225830548566E0));
#13669=DIRECTION('',(0.E0,1.E0,0.E0));
#13670=DIRECTION('',(0.E0,0.E0,1.E0));
#13671=AXIS2_PLACEMENT_3D('',#13668,#13669,#13670);
#13672=PLANE('144333',#13671);
#13673=ORIENTED_EDGE('147682',*,*,#11754,.F.);
#13674=ORIENTED_EDGE('147845',*,*,#13447,.T.);
#13675=ORIENTED_EDGE('146774',*,*,#12699,.T.);
#13676=ORIENTED_EDGE('147846',*,*,#13520,.F.);
#13677=EDGE_LOOP('144333',(#13673,#13674,#13675,#13676));
#13678=FACE_OUTER_BOUND('144333',#13677,.F.);
#13679=ADVANCED_FACE('144333',(#13678),#13672,.T.);
#13680=CARTESIAN_POINT('',(2.5E0,1.044499170342E0,-4.901735931288E0));
#13681=DIRECTION('',(0.E0,0.E0,1.E0));
#13682=DIRECTION('',(0.E0,-1.E0,0.E0));
#13683=AXIS2_PLACEMENT_3D('',#13680,#13681,#13682);
#13684=PLANE('144334',#13683);
#13685=ORIENTED_EDGE('145578',*,*,#13419,.T.);
#13687=ORIENTED_EDGE('145592',*,*,#13686,.F.);
#13688=ORIENTED_EDGE('145593',*,*,#13506,.F.);
#13689=ORIENTED_EDGE('145591',*,*,#13662,.T.);
#13690=EDGE_LOOP('144334',(#13685,#13687,#13688,#13689));
#13691=FACE_OUTER_BOUND('144334',#13690,.F.);
#13692=ADVANCED_FACE('144334',(#13691),#13684,.T.);
#13693=CARTESIAN_POINT('',(2.5E0,1.497893703149E0,-4.614929465179E0));
#13694=DIRECTION('',(0.E0,8.083218440240E-1,-5.887408568068E-1));
#13695=DIRECTION('',(0.E0,-5.887408568068E-1,-8.083218440240E-1));
#13696=AXIS2_PLACEMENT_3D('',#13693,#13694,#13695);
#13697=PLANE('144335',#13696);
#13698=ORIENTED_EDGE('146785',*,*,#10765,.F.);
#13699=ORIENTED_EDGE('146796',*,*,#13508,.T.);
#13700=ORIENTED_EDGE('145592',*,*,#13686,.T.);
#13701=ORIENTED_EDGE('146792',*,*,#13417,.F.);
#13702=EDGE_LOOP('144335',(#13698,#13699,#13700,#13701));
#13703=FACE_OUTER_BOUND('144335',#13702,.F.);
#13704=ADVANCED_FACE('144335',(#13703),#13697,.F.);
#13705=CARTESIAN_POINT('',(3.375E0,1.0435E0,-3.625823558526E0));
#13706=DIRECTION('',(1.E0,0.E0,0.E0));
#13707=DIRECTION('',(0.E0,0.E0,-1.E0));
#13708=AXIS2_PLACEMENT_3D('',#13705,#13706,#13707);
#13709=PLANE('144311',#13708);
#13711=ORIENTED_EDGE('146490',*,*,#13710,.T.);
#13713=ORIENTED_EDGE('145607',*,*,#13712,.T.);
#13715=ORIENTED_EDGE('145606',*,*,#13714,.T.);
#13717=ORIENTED_EDGE('146763',*,*,#13716,.T.);
#13718=ORIENTED_EDGE('146741',*,*,#12622,.F.);
#13719=ORIENTED_EDGE('146747',*,*,#12496,.T.);
#13720=ORIENTED_EDGE('146749',*,*,#11121,.T.);
#13721=EDGE_LOOP('144311',(#13711,#13713,#13715,#13717,#13718,#13719,#13720));
#13722=FACE_OUTER_BOUND('144311',#13721,.F.);
#13723=ADVANCED_FACE('144311',(#13722),#13709,.F.);
#13724=CARTESIAN_POINT('',(3.375E0,1.0435E0,-3.625823558526E0));
#13725=DIRECTION('',(1.E0,0.E0,0.E0));
#13726=DIRECTION('',(0.E0,0.E0,-1.E0));
#13727=AXIS2_PLACEMENT_3D('',#13724,#13725,#13726);
#13728=PLANE('144311',#13727);
#13730=ORIENTED_EDGE('146491',*,*,#13729,.T.);
#13731=ORIENTED_EDGE('146753',*,*,#10661,.F.);
#13733=ORIENTED_EDGE('146762',*,*,#13732,.T.);
#13735=ORIENTED_EDGE('145605',*,*,#13734,.F.);
#13737=ORIENTED_EDGE('146761',*,*,#13736,.F.);
#13738=ORIENTED_EDGE('146752',*,*,#10651,.F.);
#13740=ORIENTED_EDGE('146760',*,*,#13739,.F.);
#13742=ORIENTED_EDGE('145604',*,*,#13741,.F.);
#13744=ORIENTED_EDGE('145603',*,*,#13743,.T.);
#13746=ORIENTED_EDGE('145602',*,*,#13745,.F.);
#13748=ORIENTED_EDGE('145601',*,*,#13747,.T.);
#13750=ORIENTED_EDGE('145608',*,*,#13749,.F.);
#13751=EDGE_LOOP('144311',(#13730,#13731,#13733,#13735,#13737,#13738,#13740,
#13742,#13744,#13746,#13748,#13750));
#13752=FACE_OUTER_BOUND('144311',#13751,.F.);
#13753=ADVANCED_FACE('144311',(#13752),#13728,.F.);
#13754=CARTESIAN_POINT('',(3.375E0,1.0435E0,-3.625823558526E0));
#13755=DIRECTION('',(1.E0,0.E0,0.E0));
#13756=DIRECTION('',(0.E0,0.E0,-1.E0));
#13757=AXIS2_PLACEMENT_3D('',#13754,#13755,#13756);
#13758=PLANE('144311',#13757);
#13759=ORIENTED_EDGE('147678',*,*,#11760,.T.);
#13760=ORIENTED_EDGE('147904',*,*,#12048,.T.);
#13761=ORIENTED_EDGE('146742',*,*,#12694,.F.);
#13763=ORIENTED_EDGE('147843',*,*,#13762,.F.);
#13764=EDGE_LOOP('144311',(#13759,#13760,#13761,#13763));
#13765=FACE_OUTER_BOUND('144311',#13764,.F.);
#13766=ADVANCED_FACE('144311',(#13765),#13758,.F.);
#13767=CARTESIAN_POINT('',(3.5E0,1.9885E0,-2.240794027022E0));
#13768=DIRECTION('',(0.E0,9.982387017932E-1,5.932532547141E-2));
#13769=DIRECTION('',(0.E0,-5.932532547141E-2,9.982387017932E-1));
#13770=AXIS2_PLACEMENT_3D('',#13767,#13768,#13769);
#13771=PLANE('144323',#13770);
#13772=ORIENTED_EDGE('146490',*,*,#13710,.F.);
#13773=ORIENTED_EDGE('146750',*,*,#11119,.T.);
#13775=ORIENTED_EDGE('146492',*,*,#13774,.T.);
#13777=ORIENTED_EDGE('145624',*,*,#13776,.T.);
#13778=EDGE_LOOP('144323',(#13772,#13773,#13775,#13777));
#13779=FACE_OUTER_BOUND('144323',#13778,.F.);
#13780=ADVANCED_FACE('144323',(#13779),#13771,.T.);
#13781=CARTESIAN_POINT('',(3.625E0,1.0435E0,-3.625823558526E0));
#13782=DIRECTION('',(1.E0,0.E0,0.E0));
#13783=DIRECTION('',(0.E0,0.E0,-1.E0));
#13784=AXIS2_PLACEMENT_3D('',#13781,#13782,#13783);
#13785=PLANE('144326',#13784);
#13786=ORIENTED_EDGE('146492',*,*,#13774,.F.);
#13787=ORIENTED_EDGE('146751',*,*,#11117,.F.);
#13788=ORIENTED_EDGE('146748',*,*,#12478,.F.);
#13789=ORIENTED_EDGE('146745',*,*,#12626,.T.);
#13791=ORIENTED_EDGE('146767',*,*,#13790,.F.);
#13793=ORIENTED_EDGE('145623',*,*,#13792,.F.);
#13795=ORIENTED_EDGE('145625',*,*,#13794,.F.);
#13796=EDGE_LOOP('144326',(#13786,#13787,#13788,#13789,#13791,#13793,#13795));
#13797=FACE_OUTER_BOUND('144326',#13796,.F.);
#13798=ADVANCED_FACE('144326',(#13797),#13785,.T.);
#13799=CARTESIAN_POINT('',(3.625E0,1.0435E0,-3.625823558526E0));
#13800=DIRECTION('',(1.E0,0.E0,0.E0));
#13801=DIRECTION('',(0.E0,0.E0,-1.E0));
#13802=AXIS2_PLACEMENT_3D('',#13799,#13800,#13801);
#13803=PLANE('144326',#13802);
#13805=ORIENTED_EDGE('146493',*,*,#13804,.F.);
#13807=ORIENTED_EDGE('145627',*,*,#13806,.T.);
#13809=ORIENTED_EDGE('145610',*,*,#13808,.F.);
#13811=ORIENTED_EDGE('145613',*,*,#13810,.T.);
#13813=ORIENTED_EDGE('145615',*,*,#13812,.F.);
#13815=ORIENTED_EDGE('145617',*,*,#13814,.T.);
#13817=ORIENTED_EDGE('146764',*,*,#13816,.T.);
#13818=ORIENTED_EDGE('146758',*,*,#10655,.T.);
#13820=ORIENTED_EDGE('146765',*,*,#13819,.T.);
#13822=ORIENTED_EDGE('145620',*,*,#13821,.T.);
#13824=ORIENTED_EDGE('146766',*,*,#13823,.F.);
#13825=ORIENTED_EDGE('146759',*,*,#10665,.T.);
#13826=EDGE_LOOP('144326',(#13805,#13807,#13809,#13811,#13813,#13815,#13817,
#13818,#13820,#13822,#13824,#13825));
#13827=FACE_OUTER_BOUND('144326',#13826,.F.);
#13828=ADVANCED_FACE('144326',(#13827),#13803,.T.);
#13829=CARTESIAN_POINT('',(3.625E0,1.0435E0,-3.625823558526E0));
#13830=DIRECTION('',(1.E0,0.E0,0.E0));
#13831=DIRECTION('',(0.E0,0.E0,-1.E0));
#13832=AXIS2_PLACEMENT_3D('',#13829,#13830,#13831);
#13833=PLANE('144326',#13832);
#13834=ORIENTED_EDGE('147680',*,*,#11764,.F.);
#13836=ORIENTED_EDGE('147844',*,*,#13835,.T.);
#13837=ORIENTED_EDGE('146746',*,*,#12690,.T.);
#13838=ORIENTED_EDGE('147905',*,*,#12059,.F.);
#13839=EDGE_LOOP('144326',(#13834,#13836,#13837,#13838));
#13840=FACE_OUTER_BOUND('144326',#13839,.F.);
#13841=ADVANCED_FACE('144326',(#13840),#13833,.T.);
#13842=CARTESIAN_POINT('',(3.5E0,1.680351158834E0,-3.012244019815E0));
#13843=DIRECTION('',(0.E0,9.997982280545E-1,2.008738855786E-2));
#13844=DIRECTION('',(0.E0,2.008738855786E-2,-9.997982280545E-1));
#13845=AXIS2_PLACEMENT_3D('',#13842,#13843,#13844);
#13846=PLANE('144320',#13845);
#13847=ORIENTED_EDGE('146743',*,*,#12624,.T.);
#13848=ORIENTED_EDGE('146763',*,*,#13716,.F.);
#13850=ORIENTED_EDGE('145621',*,*,#13849,.F.);
#13851=ORIENTED_EDGE('146767',*,*,#13790,.T.);
#13852=EDGE_LOOP('144320',(#13847,#13848,#13850,#13851));
#13853=FACE_OUTER_BOUND('144320',#13852,.F.);
#13854=ADVANCED_FACE('144320',(#13853),#13846,.F.);
#13855=CARTESIAN_POINT('',(3.5E0,1.527157408706E0,-1.623182520279E0));
#13856=DIRECTION('',(0.E0,5.000000000016E-1,8.660254037835E-1));
#13857=DIRECTION('',(0.E0,8.660254037835E-1,-5.000000000016E-1));
#13858=AXIS2_PLACEMENT_3D('',#13855,#13856,#13857);
#13859=PLANE('144321',#13858);
#13860=ORIENTED_EDGE('145606',*,*,#13714,.F.);
#13862=ORIENTED_EDGE('145622',*,*,#13861,.F.);
#13863=ORIENTED_EDGE('145623',*,*,#13792,.T.);
#13864=ORIENTED_EDGE('145621',*,*,#13849,.T.);
#13865=EDGE_LOOP('144321',(#13860,#13862,#13863,#13864));
#13866=FACE_OUTER_BOUND('144321',#13865,.F.);
#13867=ADVANCED_FACE('144321',(#13866),#13859,.F.);
#13868=CARTESIAN_POINT('',(3.5E0,1.650200782678E0,-1.150823558526E0));
#13869=DIRECTION('',(0.E0,8.476985317158E-1,-5.304782741328E-1));
#13870=DIRECTION('',(0.E0,-5.304782741328E-1,-8.476985317158E-1));
#13871=AXIS2_PLACEMENT_3D('',#13868,#13869,#13870);
#13872=PLANE('144322',#13871);
#13873=ORIENTED_EDGE('145607',*,*,#13712,.F.);
#13874=ORIENTED_EDGE('145624',*,*,#13776,.F.);
#13875=ORIENTED_EDGE('145625',*,*,#13794,.T.);
#13876=ORIENTED_EDGE('145622',*,*,#13861,.T.);
#13877=EDGE_LOOP('144322',(#13873,#13874,#13875,#13876));
#13878=FACE_OUTER_BOUND('144322',#13877,.F.);
#13879=ADVANCED_FACE('144322',(#13878),#13872,.F.);
#13880=CARTESIAN_POINT('',(3.5E0,2.077E0,-4.714970468495E0));
#13881=DIRECTION('',(0.E0,1.E0,0.E0));
#13882=DIRECTION('',(0.E0,0.E0,1.E0));
#13883=AXIS2_PLACEMENT_3D('',#13880,#13881,#13882);
#13884=PLANE('144324',#13883);
#13885=ORIENTED_EDGE('146491',*,*,#13729,.F.);
#13887=ORIENTED_EDGE('145626',*,*,#13886,.F.);
#13888=ORIENTED_EDGE('146493',*,*,#13804,.T.);
#13889=ORIENTED_EDGE('146754',*,*,#10663,.F.);
#13890=EDGE_LOOP('144324',(#13885,#13887,#13888,#13889));
#13891=FACE_OUTER_BOUND('144324',#13890,.F.);
#13892=ADVANCED_FACE('144324',(#13891),#13884,.T.);
#13893=CARTESIAN_POINT('',(3.5E0,1.215E0,-5.7E0));
#13894=DIRECTION('',(0.E0,0.E0,1.E0));
#13895=DIRECTION('',(0.E0,1.E0,0.E0));
#13896=AXIS2_PLACEMENT_3D('',#13893,#13894,#13895);
#13897=PLANE('144325',#13896);
#13898=ORIENTED_EDGE('145608',*,*,#13749,.T.);
#13900=ORIENTED_EDGE('145611',*,*,#13899,.T.);
#13901=ORIENTED_EDGE('145627',*,*,#13806,.F.);
#13902=ORIENTED_EDGE('145626',*,*,#13886,.T.);
#13903=EDGE_LOOP('144325',(#13898,#13900,#13901,#13902));
#13904=FACE_OUTER_BOUND('144325',#13903,.F.);
#13905=ADVANCED_FACE('144325',(#13904),#13897,.F.);
#13906=CARTESIAN_POINT('',(3.5E0,3.315E-1,-6.1E0));
#13907=DIRECTION('',(0.E0,9.985585912391E-1,-5.367252427910E-2));
#13908=DIRECTION('',(0.E0,5.367252427910E-2,9.985585912391E-1));
#13909=AXIS2_PLACEMENT_3D('',#13906,#13907,#13908);
#13910=PLANE('144312',#13909);
#13911=ORIENTED_EDGE('145601',*,*,#13747,.F.);
#13913=ORIENTED_EDGE('145609',*,*,#13912,.F.);
#13914=ORIENTED_EDGE('145610',*,*,#13808,.T.);
#13915=ORIENTED_EDGE('145611',*,*,#13899,.F.);
#13916=EDGE_LOOP('144312',(#13911,#13913,#13914,#13915));
#13917=FACE_OUTER_BOUND('144312',#13916,.F.);
#13918=ADVANCED_FACE('144312',(#13917),#13910,.T.);
#13919=CARTESIAN_POINT('',(3.5E0,1.6E-1,-6.5E0));
#13920=DIRECTION('',(0.E0,0.E0,1.E0));
#13921=DIRECTION('',(0.E0,1.E0,0.E0));
#13922=AXIS2_PLACEMENT_3D('',#13919,#13920,#13921);
#13923=PLANE('144313',#13922);
#13924=ORIENTED_EDGE('145602',*,*,#13745,.T.);
#13926=ORIENTED_EDGE('145612',*,*,#13925,.F.);
#13927=ORIENTED_EDGE('145613',*,*,#13810,.F.);
#13928=ORIENTED_EDGE('145609',*,*,#13912,.T.);
#13929=EDGE_LOOP('144313',(#13924,#13926,#13927,#13928));
#13930=FACE_OUTER_BOUND('144313',#13929,.F.);
#13931=ADVANCED_FACE('144313',(#13930),#13923,.F.);
#13932=CARTESIAN_POINT('',(3.5E0,4.000000000002E-2,-5.925E0));
#13933=DIRECTION('',(0.E0,9.986417138313E-1,-5.210304593903E-2));
#13934=DIRECTION('',(0.E0,-5.210304593903E-2,-9.986417138313E-1));
#13935=AXIS2_PLACEMENT_3D('',#13932,#13933,#13934);
#13936=PLANE('144314',#13935);
#13937=ORIENTED_EDGE('145603',*,*,#13743,.F.);
#13939=ORIENTED_EDGE('145614',*,*,#13938,.F.);
#13940=ORIENTED_EDGE('145615',*,*,#13812,.T.);
#13941=ORIENTED_EDGE('145612',*,*,#13925,.T.);
#13942=EDGE_LOOP('144314',(#13937,#13939,#13940,#13941));
#13943=FACE_OUTER_BOUND('144314',#13942,.F.);
#13944=ADVANCED_FACE('144314',(#13943),#13936,.F.);
#13945=CARTESIAN_POINT('',(3.5E0,2.35E-1,-5.35E0));
#13946=DIRECTION('',(0.E0,0.E0,1.E0));
#13947=DIRECTION('',(0.E0,-1.E0,0.E0));
#13948=AXIS2_PLACEMENT_3D('',#13945,#13946,#13947);
#13949=PLANE('144315',#13948);
#13950=ORIENTED_EDGE('145604',*,*,#13741,.T.);
#13952=ORIENTED_EDGE('145616',*,*,#13951,.F.);
#13953=ORIENTED_EDGE('145617',*,*,#13814,.F.);
#13954=ORIENTED_EDGE('145614',*,*,#13938,.T.);
#13955=EDGE_LOOP('144315',(#13950,#13952,#13953,#13954));
#13956=FACE_OUTER_BOUND('144315',#13955,.F.);
#13957=ADVANCED_FACE('144315',(#13956),#13949,.T.);
#13958=CARTESIAN_POINT('',(3.5E0,4.E-1,-3.523E0));
#13959=DIRECTION('',(0.E0,1.E0,0.E0));
#13960=DIRECTION('',(0.E0,0.E0,-1.E0));
#13961=AXIS2_PLACEMENT_3D('',#13958,#13959,#13960);
#13962=PLANE('144316',#13961);
#13963=ORIENTED_EDGE('146757',*,*,#10657,.F.);
#13964=ORIENTED_EDGE('146764',*,*,#13816,.F.);
#13965=ORIENTED_EDGE('145616',*,*,#13951,.T.);
#13966=ORIENTED_EDGE('146760',*,*,#13739,.T.);
#13967=EDGE_LOOP('144316',(#13963,#13964,#13965,#13966));
#13968=FACE_OUTER_BOUND('144316',#13967,.F.);
#13969=ADVANCED_FACE('144316',(#13968),#13962,.F.);
#13970=CARTESIAN_POINT('',(3.5E0,8.E-1,-3.225830548566E0));
#13971=DIRECTION('',(0.E0,1.E0,0.E0));
#13972=DIRECTION('',(0.E0,0.E0,1.E0));
#13973=AXIS2_PLACEMENT_3D('',#13970,#13971,#13972);
#13974=PLANE('144317',#13973);
#13975=ORIENTED_EDGE('146756',*,*,#10653,.F.);
#13976=ORIENTED_EDGE('146761',*,*,#13736,.T.);
#13978=ORIENTED_EDGE('145618',*,*,#13977,.F.);
#13979=ORIENTED_EDGE('146765',*,*,#13819,.F.);
#13980=EDGE_LOOP('144317',(#13975,#13976,#13978,#13979));
#13981=FACE_OUTER_BOUND('144317',#13980,.F.);
#13982=ADVANCED_FACE('144317',(#13981),#13974,.T.);
#13983=CARTESIAN_POINT('',(3.5E0,8.E-1,-3.225830548566E0));
#13984=DIRECTION('',(0.E0,1.E0,0.E0));
#13985=DIRECTION('',(0.E0,0.E0,1.E0));
#13986=AXIS2_PLACEMENT_3D('',#13983,#13984,#13985);
#13987=PLANE('144317',#13986);
#13988=ORIENTED_EDGE('147679',*,*,#11762,.F.);
#13989=ORIENTED_EDGE('147843',*,*,#13762,.T.);
#13990=ORIENTED_EDGE('146744',*,*,#12692,.T.);
#13991=ORIENTED_EDGE('147844',*,*,#13835,.F.);
#13992=EDGE_LOOP('144317',(#13988,#13989,#13990,#13991));
#13993=FACE_OUTER_BOUND('144317',#13992,.F.);
#13994=ADVANCED_FACE('144317',(#13993),#13987,.T.);
#13995=CARTESIAN_POINT('',(3.5E0,1.044499170342E0,-4.901735931288E0));
#13996=DIRECTION('',(0.E0,0.E0,1.E0));
#13997=DIRECTION('',(0.E0,-1.E0,0.E0));
#13998=AXIS2_PLACEMENT_3D('',#13995,#13996,#13997);
#13999=PLANE('144318',#13998);
#14000=ORIENTED_EDGE('145605',*,*,#13734,.T.);
#14002=ORIENTED_EDGE('145619',*,*,#14001,.F.);
#14003=ORIENTED_EDGE('145620',*,*,#13821,.F.);
#14004=ORIENTED_EDGE('145618',*,*,#13977,.T.);
#14005=EDGE_LOOP('144318',(#14000,#14002,#14003,#14004));
#14006=FACE_OUTER_BOUND('144318',#14005,.F.);
#14007=ADVANCED_FACE('144318',(#14006),#13999,.T.);
#14008=CARTESIAN_POINT('',(3.5E0,1.497893703149E0,-4.614929465179E0));
#14009=DIRECTION('',(0.E0,8.083218440240E-1,-5.887408568068E-1));
#14010=DIRECTION('',(0.E0,-5.887408568068E-1,-8.083218440240E-1));
#14011=AXIS2_PLACEMENT_3D('',#14008,#14009,#14010);
#14012=PLANE('144319',#14011);
#14013=ORIENTED_EDGE('146755',*,*,#10667,.F.);
#14014=ORIENTED_EDGE('146766',*,*,#13823,.T.);
#14015=ORIENTED_EDGE('145619',*,*,#14001,.T.);
#14016=ORIENTED_EDGE('146762',*,*,#13732,.F.);
#14017=EDGE_LOOP('144319',(#14013,#14014,#14015,#14016));
#14018=FACE_OUTER_BOUND('144319',#14017,.F.);
#14019=ADVANCED_FACE('144319',(#14018),#14012,.F.);
#14020=CARTESIAN_POINT('',(4.375E0,1.0435E0,-3.625823558526E0));
#14021=DIRECTION('',(1.E0,0.E0,0.E0));
#14022=DIRECTION('',(0.E0,0.E0,-1.E0));
#14023=AXIS2_PLACEMENT_3D('',#14020,#14021,#14022);
#14024=PLANE('144295',#14023);
#14026=ORIENTED_EDGE('146486',*,*,#14025,.T.);
#14028=ORIENTED_EDGE('145445',*,*,#14027,.T.);
#14030=ORIENTED_EDGE('145444',*,*,#14029,.T.);
#14032=ORIENTED_EDGE('146733',*,*,#14031,.T.);
#14033=ORIENTED_EDGE('146711',*,*,#12629,.F.);
#14034=ORIENTED_EDGE('146717',*,*,#12481,.T.);
#14035=ORIENTED_EDGE('146719',*,*,#11113,.T.);
#14036=EDGE_LOOP('144295',(#14026,#14028,#14030,#14032,#14033,#14034,#14035));
#14037=FACE_OUTER_BOUND('144295',#14036,.F.);
#14038=ADVANCED_FACE('144295',(#14037),#14024,.F.);
#14039=CARTESIAN_POINT('',(4.375E0,1.0435E0,-3.625823558526E0));
#14040=DIRECTION('',(1.E0,0.E0,0.E0));
#14041=DIRECTION('',(0.E0,0.E0,-1.E0));
#14042=AXIS2_PLACEMENT_3D('',#14039,#14040,#14041);
#14043=PLANE('144295',#14042);
#14045=ORIENTED_EDGE('146487',*,*,#14044,.T.);
#14046=ORIENTED_EDGE('146723',*,*,#10563,.F.);
#14048=ORIENTED_EDGE('146732',*,*,#14047,.T.);
#14050=ORIENTED_EDGE('145443',*,*,#14049,.F.);
#14052=ORIENTED_EDGE('146731',*,*,#14051,.F.);
#14053=ORIENTED_EDGE('146722',*,*,#10553,.F.);
#14055=ORIENTED_EDGE('146730',*,*,#14054,.F.);
#14057=ORIENTED_EDGE('145442',*,*,#14056,.F.);
#14059=ORIENTED_EDGE('145441',*,*,#14058,.T.);
#14061=ORIENTED_EDGE('145440',*,*,#14060,.F.);
#14063=ORIENTED_EDGE('145439',*,*,#14062,.T.);
#14065=ORIENTED_EDGE('145446',*,*,#14064,.F.);
#14066=EDGE_LOOP('144295',(#14045,#14046,#14048,#14050,#14052,#14053,#14055,
#14057,#14059,#14061,#14063,#14065));
#14067=FACE_OUTER_BOUND('144295',#14066,.F.);
#14068=ADVANCED_FACE('144295',(#14067),#14043,.F.);
#14069=CARTESIAN_POINT('',(4.375E0,1.0435E0,-3.625823558526E0));
#14070=DIRECTION('',(1.E0,0.E0,0.E0));
#14071=DIRECTION('',(0.E0,0.E0,-1.E0));
#14072=AXIS2_PLACEMENT_3D('',#14069,#14070,#14071);
#14073=PLANE('144295',#14072);
#14074=ORIENTED_EDGE('147675',*,*,#11768,.T.);
#14075=ORIENTED_EDGE('147902',*,*,#12063,.T.);
#14076=ORIENTED_EDGE('146712',*,*,#12687,.F.);
#14078=ORIENTED_EDGE('147841',*,*,#14077,.F.);
#14079=EDGE_LOOP('144295',(#14074,#14075,#14076,#14078));
#14080=FACE_OUTER_BOUND('144295',#14079,.F.);
#14081=ADVANCED_FACE('144295',(#14080),#14073,.F.);
#14082=CARTESIAN_POINT('',(4.5E0,1.9885E0,-2.240794027022E0));
#14083=DIRECTION('',(0.E0,9.982387017932E-1,5.932532547141E-2));
#14084=DIRECTION('',(0.E0,-5.932532547141E-2,9.982387017932E-1));
#14085=AXIS2_PLACEMENT_3D('',#14082,#14083,#14084);
#14086=PLANE('144307',#14085);
#14087=ORIENTED_EDGE('146486',*,*,#14025,.F.);
#14088=ORIENTED_EDGE('146720',*,*,#11111,.T.);
#14090=ORIENTED_EDGE('146488',*,*,#14089,.T.);
#14092=ORIENTED_EDGE('145462',*,*,#14091,.T.);
#14093=EDGE_LOOP('144307',(#14087,#14088,#14090,#14092));
#14094=FACE_OUTER_BOUND('144307',#14093,.F.);
#14095=ADVANCED_FACE('144307',(#14094),#14086,.T.);
#14096=CARTESIAN_POINT('',(4.625E0,1.0435E0,-3.625823558526E0));
#14097=DIRECTION('',(1.E0,0.E0,0.E0));
#14098=DIRECTION('',(0.E0,0.E0,-1.E0));
#14099=AXIS2_PLACEMENT_3D('',#14096,#14097,#14098);
#14100=PLANE('144310',#14099);
#14101=ORIENTED_EDGE('146488',*,*,#14089,.F.);
#14102=ORIENTED_EDGE('146721',*,*,#11109,.F.);
#14103=ORIENTED_EDGE('146718',*,*,#12463,.F.);
#14104=ORIENTED_EDGE('146715',*,*,#12633,.T.);
#14106=ORIENTED_EDGE('146737',*,*,#14105,.F.);
#14108=ORIENTED_EDGE('145461',*,*,#14107,.F.);
#14110=ORIENTED_EDGE('145463',*,*,#14109,.F.);
#14111=EDGE_LOOP('144310',(#14101,#14102,#14103,#14104,#14106,#14108,#14110));
#14112=FACE_OUTER_BOUND('144310',#14111,.F.);
#14113=ADVANCED_FACE('144310',(#14112),#14100,.T.);
#14114=CARTESIAN_POINT('',(4.625E0,1.0435E0,-3.625823558526E0));
#14115=DIRECTION('',(1.E0,0.E0,0.E0));
#14116=DIRECTION('',(0.E0,0.E0,-1.E0));
#14117=AXIS2_PLACEMENT_3D('',#14114,#14115,#14116);
#14118=PLANE('144310',#14117);
#14120=ORIENTED_EDGE('146489',*,*,#14119,.F.);
#14122=ORIENTED_EDGE('145465',*,*,#14121,.T.);
#14124=ORIENTED_EDGE('145448',*,*,#14123,.F.);
#14126=ORIENTED_EDGE('145451',*,*,#14125,.T.);
#14128=ORIENTED_EDGE('145453',*,*,#14127,.F.);
#14130=ORIENTED_EDGE('145455',*,*,#14129,.T.);
#14132=ORIENTED_EDGE('146734',*,*,#14131,.T.);
#14133=ORIENTED_EDGE('146728',*,*,#10557,.T.);
#14135=ORIENTED_EDGE('146735',*,*,#14134,.T.);
#14137=ORIENTED_EDGE('145458',*,*,#14136,.T.);
#14139=ORIENTED_EDGE('146736',*,*,#14138,.F.);
#14140=ORIENTED_EDGE('146729',*,*,#10567,.T.);
#14141=EDGE_LOOP('144310',(#14120,#14122,#14124,#14126,#14128,#14130,#14132,
#14133,#14135,#14137,#14139,#14140));
#14142=FACE_OUTER_BOUND('144310',#14141,.F.);
#14143=ADVANCED_FACE('144310',(#14142),#14118,.T.);
#14144=CARTESIAN_POINT('',(4.625E0,1.0435E0,-3.625823558526E0));
#14145=DIRECTION('',(1.E0,0.E0,0.E0));
#14146=DIRECTION('',(0.E0,0.E0,-1.E0));
#14147=AXIS2_PLACEMENT_3D('',#14144,#14145,#14146);
#14148=PLANE('144310',#14147);
#14149=ORIENTED_EDGE('147677',*,*,#11772,.F.);
#14151=ORIENTED_EDGE('147842',*,*,#14150,.T.);
#14152=ORIENTED_EDGE('146716',*,*,#12683,.T.);
#14153=ORIENTED_EDGE('147903',*,*,#12074,.F.);
#14154=EDGE_LOOP('144310',(#14149,#14151,#14152,#14153));
#14155=FACE_OUTER_BOUND('144310',#14154,.F.);
#14156=ADVANCED_FACE('144310',(#14155),#14148,.T.);
#14157=CARTESIAN_POINT('',(4.5E0,1.680351158834E0,-3.012244019815E0));
#14158=DIRECTION('',(0.E0,9.997982280545E-1,2.008738855786E-2));
#14159=DIRECTION('',(0.E0,2.008738855786E-2,-9.997982280545E-1));
#14160=AXIS2_PLACEMENT_3D('',#14157,#14158,#14159);
#14161=PLANE('144304',#14160);
#14162=ORIENTED_EDGE('146713',*,*,#12631,.T.);
#14163=ORIENTED_EDGE('146733',*,*,#14031,.F.);
#14165=ORIENTED_EDGE('145459',*,*,#14164,.F.);
#14166=ORIENTED_EDGE('146737',*,*,#14105,.T.);
#14167=EDGE_LOOP('144304',(#14162,#14163,#14165,#14166));
#14168=FACE_OUTER_BOUND('144304',#14167,.F.);
#14169=ADVANCED_FACE('144304',(#14168),#14161,.F.);
#14170=CARTESIAN_POINT('',(4.5E0,1.527157408706E0,-1.623182520279E0));
#14171=DIRECTION('',(0.E0,5.000000000016E-1,8.660254037835E-1));
#14172=DIRECTION('',(0.E0,8.660254037835E-1,-5.000000000016E-1));
#14173=AXIS2_PLACEMENT_3D('',#14170,#14171,#14172);
#14174=PLANE('144305',#14173);
#14175=ORIENTED_EDGE('145444',*,*,#14029,.F.);
#14177=ORIENTED_EDGE('145460',*,*,#14176,.F.);
#14178=ORIENTED_EDGE('145461',*,*,#14107,.T.);
#14179=ORIENTED_EDGE('145459',*,*,#14164,.T.);
#14180=EDGE_LOOP('144305',(#14175,#14177,#14178,#14179));
#14181=FACE_OUTER_BOUND('144305',#14180,.F.);
#14182=ADVANCED_FACE('144305',(#14181),#14174,.F.);
#14183=CARTESIAN_POINT('',(4.5E0,1.650200782678E0,-1.150823558526E0));
#14184=DIRECTION('',(0.E0,8.476985317158E-1,-5.304782741328E-1));
#14185=DIRECTION('',(0.E0,-5.304782741328E-1,-8.476985317158E-1));
#14186=AXIS2_PLACEMENT_3D('',#14183,#14184,#14185);
#14187=PLANE('144306',#14186);
#14188=ORIENTED_EDGE('145445',*,*,#14027,.F.);
#14189=ORIENTED_EDGE('145462',*,*,#14091,.F.);
#14190=ORIENTED_EDGE('145463',*,*,#14109,.T.);
#14191=ORIENTED_EDGE('145460',*,*,#14176,.T.);
#14192=EDGE_LOOP('144306',(#14188,#14189,#14190,#14191));
#14193=FACE_OUTER_BOUND('144306',#14192,.F.);
#14194=ADVANCED_FACE('144306',(#14193),#14187,.F.);
#14195=CARTESIAN_POINT('',(4.5E0,2.077E0,-4.714970468495E0));
#14196=DIRECTION('',(0.E0,1.E0,0.E0));
#14197=DIRECTION('',(0.E0,0.E0,1.E0));
#14198=AXIS2_PLACEMENT_3D('',#14195,#14196,#14197);
#14199=PLANE('144308',#14198);
#14200=ORIENTED_EDGE('146487',*,*,#14044,.F.);
#14202=ORIENTED_EDGE('145464',*,*,#14201,.F.);
#14203=ORIENTED_EDGE('146489',*,*,#14119,.T.);
#14204=ORIENTED_EDGE('146724',*,*,#10565,.F.);
#14205=EDGE_LOOP('144308',(#14200,#14202,#14203,#14204));
#14206=FACE_OUTER_BOUND('144308',#14205,.F.);
#14207=ADVANCED_FACE('144308',(#14206),#14199,.T.);
#14208=CARTESIAN_POINT('',(4.5E0,1.215E0,-5.7E0));
#14209=DIRECTION('',(0.E0,0.E0,1.E0));
#14210=DIRECTION('',(0.E0,1.E0,0.E0));
#14211=AXIS2_PLACEMENT_3D('',#14208,#14209,#14210);
#14212=PLANE('144309',#14211);
#14213=ORIENTED_EDGE('145446',*,*,#14064,.T.);
#14215=ORIENTED_EDGE('145449',*,*,#14214,.T.);
#14216=ORIENTED_EDGE('145465',*,*,#14121,.F.);
#14217=ORIENTED_EDGE('145464',*,*,#14201,.T.);
#14218=EDGE_LOOP('144309',(#14213,#14215,#14216,#14217));
#14219=FACE_OUTER_BOUND('144309',#14218,.F.);
#14220=ADVANCED_FACE('144309',(#14219),#14212,.F.);
#14221=CARTESIAN_POINT('',(4.5E0,3.315E-1,-6.1E0));
#14222=DIRECTION('',(0.E0,9.985585912391E-1,-5.367252427910E-2));
#14223=DIRECTION('',(0.E0,5.367252427910E-2,9.985585912391E-1));
#14224=AXIS2_PLACEMENT_3D('',#14221,#14222,#14223);
#14225=PLANE('144296',#14224);
#14226=ORIENTED_EDGE('145439',*,*,#14062,.F.);
#14228=ORIENTED_EDGE('145447',*,*,#14227,.F.);
#14229=ORIENTED_EDGE('145448',*,*,#14123,.T.);
#14230=ORIENTED_EDGE('145449',*,*,#14214,.F.);
#14231=EDGE_LOOP('144296',(#14226,#14228,#14229,#14230));
#14232=FACE_OUTER_BOUND('144296',#14231,.F.);
#14233=ADVANCED_FACE('144296',(#14232),#14225,.T.);
#14234=CARTESIAN_POINT('',(4.5E0,1.6E-1,-6.5E0));
#14235=DIRECTION('',(0.E0,0.E0,1.E0));
#14236=DIRECTION('',(0.E0,1.E0,0.E0));
#14237=AXIS2_PLACEMENT_3D('',#14234,#14235,#14236);
#14238=PLANE('144297',#14237);
#14239=ORIENTED_EDGE('145440',*,*,#14060,.T.);
#14241=ORIENTED_EDGE('145450',*,*,#14240,.F.);
#14242=ORIENTED_EDGE('145451',*,*,#14125,.F.);
#14243=ORIENTED_EDGE('145447',*,*,#14227,.T.);
#14244=EDGE_LOOP('144297',(#14239,#14241,#14242,#14243));
#14245=FACE_OUTER_BOUND('144297',#14244,.F.);
#14246=ADVANCED_FACE('144297',(#14245),#14238,.F.);
#14247=CARTESIAN_POINT('',(4.5E0,4.000000000002E-2,-5.925E0));
#14248=DIRECTION('',(0.E0,9.986417138313E-1,-5.210304593903E-2));
#14249=DIRECTION('',(0.E0,-5.210304593903E-2,-9.986417138313E-1));
#14250=AXIS2_PLACEMENT_3D('',#14247,#14248,#14249);
#14251=PLANE('144298',#14250);
#14252=ORIENTED_EDGE('145441',*,*,#14058,.F.);
#14254=ORIENTED_EDGE('145452',*,*,#14253,.F.);
#14255=ORIENTED_EDGE('145453',*,*,#14127,.T.);
#14256=ORIENTED_EDGE('145450',*,*,#14240,.T.);
#14257=EDGE_LOOP('144298',(#14252,#14254,#14255,#14256));
#14258=FACE_OUTER_BOUND('144298',#14257,.F.);
#14259=ADVANCED_FACE('144298',(#14258),#14251,.F.);
#14260=CARTESIAN_POINT('',(4.5E0,2.35E-1,-5.35E0));
#14261=DIRECTION('',(0.E0,0.E0,1.E0));
#14262=DIRECTION('',(0.E0,-1.E0,0.E0));
#14263=AXIS2_PLACEMENT_3D('',#14260,#14261,#14262);
#14264=PLANE('144299',#14263);
#14265=ORIENTED_EDGE('145442',*,*,#14056,.T.);
#14267=ORIENTED_EDGE('145454',*,*,#14266,.F.);
#14268=ORIENTED_EDGE('145455',*,*,#14129,.F.);
#14269=ORIENTED_EDGE('145452',*,*,#14253,.T.);
#14270=EDGE_LOOP('144299',(#14265,#14267,#14268,#14269));
#14271=FACE_OUTER_BOUND('144299',#14270,.F.);
#14272=ADVANCED_FACE('144299',(#14271),#14264,.T.);
#14273=CARTESIAN_POINT('',(4.5E0,4.E-1,-3.523E0));
#14274=DIRECTION('',(0.E0,1.E0,0.E0));
#14275=DIRECTION('',(0.E0,0.E0,-1.E0));
#14276=AXIS2_PLACEMENT_3D('',#14273,#14274,#14275);
#14277=PLANE('144300',#14276);
#14278=ORIENTED_EDGE('146727',*,*,#10559,.F.);
#14279=ORIENTED_EDGE('146734',*,*,#14131,.F.);
#14280=ORIENTED_EDGE('145454',*,*,#14266,.T.);
#14281=ORIENTED_EDGE('146730',*,*,#14054,.T.);
#14282=EDGE_LOOP('144300',(#14278,#14279,#14280,#14281));
#14283=FACE_OUTER_BOUND('144300',#14282,.F.);
#14284=ADVANCED_FACE('144300',(#14283),#14277,.F.);
#14285=CARTESIAN_POINT('',(4.5E0,8.E-1,-3.225830548566E0));
#14286=DIRECTION('',(0.E0,1.E0,0.E0));
#14287=DIRECTION('',(0.E0,0.E0,1.E0));
#14288=AXIS2_PLACEMENT_3D('',#14285,#14286,#14287);
#14289=PLANE('144301',#14288);
#14290=ORIENTED_EDGE('146726',*,*,#10555,.F.);
#14291=ORIENTED_EDGE('146731',*,*,#14051,.T.);
#14293=ORIENTED_EDGE('145456',*,*,#14292,.F.);
#14294=ORIENTED_EDGE('146735',*,*,#14134,.F.);
#14295=EDGE_LOOP('144301',(#14290,#14291,#14293,#14294));
#14296=FACE_OUTER_BOUND('144301',#14295,.F.);
#14297=ADVANCED_FACE('144301',(#14296),#14289,.T.);
#14298=CARTESIAN_POINT('',(4.5E0,8.E-1,-3.225830548566E0));
#14299=DIRECTION('',(0.E0,1.E0,0.E0));
#14300=DIRECTION('',(0.E0,0.E0,1.E0));
#14301=AXIS2_PLACEMENT_3D('',#14298,#14299,#14300);
#14302=PLANE('144301',#14301);
#14303=ORIENTED_EDGE('147676',*,*,#11770,.F.);
#14304=ORIENTED_EDGE('147841',*,*,#14077,.T.);
#14305=ORIENTED_EDGE('146714',*,*,#12685,.T.);
#14306=ORIENTED_EDGE('147842',*,*,#14150,.F.);
#14307=EDGE_LOOP('144301',(#14303,#14304,#14305,#14306));
#14308=FACE_OUTER_BOUND('144301',#14307,.F.);
#14309=ADVANCED_FACE('144301',(#14308),#14302,.T.);
#14310=CARTESIAN_POINT('',(4.5E0,1.044499170342E0,-4.901735931288E0));
#14311=DIRECTION('',(0.E0,0.E0,1.E0));
#14312=DIRECTION('',(0.E0,-1.E0,0.E0));
#14313=AXIS2_PLACEMENT_3D('',#14310,#14311,#14312);
#14314=PLANE('144302',#14313);
#14315=ORIENTED_EDGE('145443',*,*,#14049,.T.);
#14317=ORIENTED_EDGE('145457',*,*,#14316,.F.);
#14318=ORIENTED_EDGE('145458',*,*,#14136,.F.);
#14319=ORIENTED_EDGE('145456',*,*,#14292,.T.);
#14320=EDGE_LOOP('144302',(#14315,#14317,#14318,#14319));
#14321=FACE_OUTER_BOUND('144302',#14320,.F.);
#14322=ADVANCED_FACE('144302',(#14321),#14314,.T.);
#14323=CARTESIAN_POINT('',(4.5E0,1.497893703149E0,-4.614929465179E0));
#14324=DIRECTION('',(0.E0,8.083218440240E-1,-5.887408568068E-1));
#14325=DIRECTION('',(0.E0,-5.887408568068E-1,-8.083218440240E-1));
#14326=AXIS2_PLACEMENT_3D('',#14323,#14324,#14325);
#14327=PLANE('144303',#14326);
#14328=ORIENTED_EDGE('146725',*,*,#10569,.F.);
#14329=ORIENTED_EDGE('146736',*,*,#14138,.T.);
#14330=ORIENTED_EDGE('145457',*,*,#14316,.T.);
#14331=ORIENTED_EDGE('146732',*,*,#14047,.F.);
#14332=EDGE_LOOP('144303',(#14328,#14329,#14330,#14331));
#14333=FACE_OUTER_BOUND('144303',#14332,.F.);
#14334=ADVANCED_FACE('144303',(#14333),#14327,.F.);
#14335=CARTESIAN_POINT('',(5.375E0,1.0435E0,-3.625823558526E0));
#14336=DIRECTION('',(1.E0,0.E0,0.E0));
#14337=DIRECTION('',(0.E0,0.E0,-1.E0));
#14338=AXIS2_PLACEMENT_3D('',#14335,#14336,#14337);
#14339=PLANE('144279',#14338);
#14341=ORIENTED_EDGE('146482',*,*,#14340,.T.);
#14343=ORIENTED_EDGE('145175',*,*,#14342,.T.);
#14345=ORIENTED_EDGE('145174',*,*,#14344,.T.);
#14347=ORIENTED_EDGE('146703',*,*,#14346,.T.);
#14348=ORIENTED_EDGE('146681',*,*,#12636,.F.);
#14349=ORIENTED_EDGE('146687',*,*,#12466,.T.);
#14350=ORIENTED_EDGE('146689',*,*,#11105,.T.);
#14351=EDGE_LOOP('144279',(#14341,#14343,#14345,#14347,#14348,#14349,#14350));
#14352=FACE_OUTER_BOUND('144279',#14351,.F.);
#14353=ADVANCED_FACE('144279',(#14352),#14339,.F.);
#14354=CARTESIAN_POINT('',(5.375E0,1.0435E0,-3.625823558526E0));
#14355=DIRECTION('',(1.E0,0.E0,0.E0));
#14356=DIRECTION('',(0.E0,0.E0,-1.E0));
#14357=AXIS2_PLACEMENT_3D('',#14354,#14355,#14356);
#14358=PLANE('144279',#14357);
#14360=ORIENTED_EDGE('146483',*,*,#14359,.T.);
#14361=ORIENTED_EDGE('146693',*,*,#10465,.F.);
#14363=ORIENTED_EDGE('146702',*,*,#14362,.T.);
#14365=ORIENTED_EDGE('145173',*,*,#14364,.F.);
#14367=ORIENTED_EDGE('146701',*,*,#14366,.F.);
#14368=ORIENTED_EDGE('146692',*,*,#10455,.F.);
#14370=ORIENTED_EDGE('146700',*,*,#14369,.F.);
#14372=ORIENTED_EDGE('145172',*,*,#14371,.F.);
#14374=ORIENTED_EDGE('145171',*,*,#14373,.T.);
#14376=ORIENTED_EDGE('145170',*,*,#14375,.F.);
#14378=ORIENTED_EDGE('145169',*,*,#14377,.T.);
#14380=ORIENTED_EDGE('145176',*,*,#14379,.F.);
#14381=EDGE_LOOP('144279',(#14360,#14361,#14363,#14365,#14367,#14368,#14370,
#14372,#14374,#14376,#14378,#14380));
#14382=FACE_OUTER_BOUND('144279',#14381,.F.);
#14383=ADVANCED_FACE('144279',(#14382),#14358,.F.);
#14384=CARTESIAN_POINT('',(5.375E0,1.0435E0,-3.625823558526E0));
#14385=DIRECTION('',(1.E0,0.E0,0.E0));
#14386=DIRECTION('',(0.E0,0.E0,-1.E0));
#14387=AXIS2_PLACEMENT_3D('',#14384,#14385,#14386);
#14388=PLANE('144279',#14387);
#14389=ORIENTED_EDGE('147672',*,*,#11776,.T.);
#14390=ORIENTED_EDGE('147900',*,*,#12078,.T.);
#14391=ORIENTED_EDGE('146682',*,*,#12680,.F.);
#14393=ORIENTED_EDGE('147839',*,*,#14392,.F.);
#14394=EDGE_LOOP('144279',(#14389,#14390,#14391,#14393));
#14395=FACE_OUTER_BOUND('144279',#14394,.F.);
#14396=ADVANCED_FACE('144279',(#14395),#14388,.F.);
#14397=CARTESIAN_POINT('',(5.5E0,1.9885E0,-2.240794027022E0));
#14398=DIRECTION('',(0.E0,9.982387017932E-1,5.932532547141E-2));
#14399=DIRECTION('',(0.E0,-5.932532547141E-2,9.982387017932E-1));
#14400=AXIS2_PLACEMENT_3D('',#14397,#14398,#14399);
#14401=PLANE('144291',#14400);
#14402=ORIENTED_EDGE('146482',*,*,#14340,.F.);
#14403=ORIENTED_EDGE('146690',*,*,#11103,.T.);
#14405=ORIENTED_EDGE('146484',*,*,#14404,.T.);
#14407=ORIENTED_EDGE('145192',*,*,#14406,.T.);
#14408=EDGE_LOOP('144291',(#14402,#14403,#14405,#14407));
#14409=FACE_OUTER_BOUND('144291',#14408,.F.);
#14410=ADVANCED_FACE('144291',(#14409),#14401,.T.);
#14411=CARTESIAN_POINT('',(5.625E0,1.0435E0,-3.625823558526E0));
#14412=DIRECTION('',(1.E0,0.E0,0.E0));
#14413=DIRECTION('',(0.E0,0.E0,-1.E0));
#14414=AXIS2_PLACEMENT_3D('',#14411,#14412,#14413);
#14415=PLANE('144294',#14414);
#14416=ORIENTED_EDGE('146484',*,*,#14404,.F.);
#14417=ORIENTED_EDGE('146691',*,*,#11101,.F.);
#14418=ORIENTED_EDGE('146688',*,*,#12448,.F.);
#14419=ORIENTED_EDGE('146685',*,*,#12640,.T.);
#14421=ORIENTED_EDGE('146707',*,*,#14420,.F.);
#14423=ORIENTED_EDGE('145191',*,*,#14422,.F.);
#14425=ORIENTED_EDGE('145193',*,*,#14424,.F.);
#14426=EDGE_LOOP('144294',(#14416,#14417,#14418,#14419,#14421,#14423,#14425));
#14427=FACE_OUTER_BOUND('144294',#14426,.F.);
#14428=ADVANCED_FACE('144294',(#14427),#14415,.T.);
#14429=CARTESIAN_POINT('',(5.625E0,1.0435E0,-3.625823558526E0));
#14430=DIRECTION('',(1.E0,0.E0,0.E0));
#14431=DIRECTION('',(0.E0,0.E0,-1.E0));
#14432=AXIS2_PLACEMENT_3D('',#14429,#14430,#14431);
#14433=PLANE('144294',#14432);
#14435=ORIENTED_EDGE('146485',*,*,#14434,.F.);
#14437=ORIENTED_EDGE('145195',*,*,#14436,.T.);
#14439=ORIENTED_EDGE('145178',*,*,#14438,.F.);
#14441=ORIENTED_EDGE('145181',*,*,#14440,.T.);
#14443=ORIENTED_EDGE('145183',*,*,#14442,.F.);
#14445=ORIENTED_EDGE('145185',*,*,#14444,.T.);
#14447=ORIENTED_EDGE('146704',*,*,#14446,.T.);
#14448=ORIENTED_EDGE('146698',*,*,#10459,.T.);
#14450=ORIENTED_EDGE('146705',*,*,#14449,.T.);
#14452=ORIENTED_EDGE('145188',*,*,#14451,.T.);
#14454=ORIENTED_EDGE('146706',*,*,#14453,.F.);
#14455=ORIENTED_EDGE('146699',*,*,#10469,.T.);
#14456=EDGE_LOOP('144294',(#14435,#14437,#14439,#14441,#14443,#14445,#14447,
#14448,#14450,#14452,#14454,#14455));
#14457=FACE_OUTER_BOUND('144294',#14456,.F.);
#14458=ADVANCED_FACE('144294',(#14457),#14433,.T.);
#14459=CARTESIAN_POINT('',(5.625E0,1.0435E0,-3.625823558526E0));
#14460=DIRECTION('',(1.E0,0.E0,0.E0));
#14461=DIRECTION('',(0.E0,0.E0,-1.E0));
#14462=AXIS2_PLACEMENT_3D('',#14459,#14460,#14461);
#14463=PLANE('144294',#14462);
#14464=ORIENTED_EDGE('147674',*,*,#11780,.F.);
#14466=ORIENTED_EDGE('147840',*,*,#14465,.T.);
#14467=ORIENTED_EDGE('146686',*,*,#12676,.T.);
#14468=ORIENTED_EDGE('147901',*,*,#12089,.F.);
#14469=EDGE_LOOP('144294',(#14464,#14466,#14467,#14468));
#14470=FACE_OUTER_BOUND('144294',#14469,.F.);
#14471=ADVANCED_FACE('144294',(#14470),#14463,.T.);
#14472=CARTESIAN_POINT('',(5.5E0,1.680351158834E0,-3.012244019815E0));
#14473=DIRECTION('',(0.E0,9.997982280545E-1,2.008738855786E-2));
#14474=DIRECTION('',(0.E0,2.008738855786E-2,-9.997982280545E-1));
#14475=AXIS2_PLACEMENT_3D('',#14472,#14473,#14474);
#14476=PLANE('144288',#14475);
#14477=ORIENTED_EDGE('146683',*,*,#12638,.T.);
#14478=ORIENTED_EDGE('146703',*,*,#14346,.F.);
#14480=ORIENTED_EDGE('145189',*,*,#14479,.F.);
#14481=ORIENTED_EDGE('146707',*,*,#14420,.T.);
#14482=EDGE_LOOP('144288',(#14477,#14478,#14480,#14481));
#14483=FACE_OUTER_BOUND('144288',#14482,.F.);
#14484=ADVANCED_FACE('144288',(#14483),#14476,.F.);
#14485=CARTESIAN_POINT('',(5.5E0,1.527157408706E0,-1.623182520279E0));
#14486=DIRECTION('',(0.E0,5.000000000016E-1,8.660254037835E-1));
#14487=DIRECTION('',(0.E0,8.660254037835E-1,-5.000000000016E-1));
#14488=AXIS2_PLACEMENT_3D('',#14485,#14486,#14487);
#14489=PLANE('144289',#14488);
#14490=ORIENTED_EDGE('145174',*,*,#14344,.F.);
#14492=ORIENTED_EDGE('145190',*,*,#14491,.F.);
#14493=ORIENTED_EDGE('145191',*,*,#14422,.T.);
#14494=ORIENTED_EDGE('145189',*,*,#14479,.T.);
#14495=EDGE_LOOP('144289',(#14490,#14492,#14493,#14494));
#14496=FACE_OUTER_BOUND('144289',#14495,.F.);
#14497=ADVANCED_FACE('144289',(#14496),#14489,.F.);
#14498=CARTESIAN_POINT('',(5.5E0,1.650200782678E0,-1.150823558526E0));
#14499=DIRECTION('',(0.E0,8.476985317158E-1,-5.304782741328E-1));
#14500=DIRECTION('',(0.E0,-5.304782741328E-1,-8.476985317158E-1));
#14501=AXIS2_PLACEMENT_3D('',#14498,#14499,#14500);
#14502=PLANE('144290',#14501);
#14503=ORIENTED_EDGE('145175',*,*,#14342,.F.);
#14504=ORIENTED_EDGE('145192',*,*,#14406,.F.);
#14505=ORIENTED_EDGE('145193',*,*,#14424,.T.);
#14506=ORIENTED_EDGE('145190',*,*,#14491,.T.);
#14507=EDGE_LOOP('144290',(#14503,#14504,#14505,#14506));
#14508=FACE_OUTER_BOUND('144290',#14507,.F.);
#14509=ADVANCED_FACE('144290',(#14508),#14502,.F.);
#14510=CARTESIAN_POINT('',(5.5E0,2.077E0,-4.714970468495E0));
#14511=DIRECTION('',(0.E0,1.E0,0.E0));
#14512=DIRECTION('',(0.E0,0.E0,1.E0));
#14513=AXIS2_PLACEMENT_3D('',#14510,#14511,#14512);
#14514=PLANE('144292',#14513);
#14515=ORIENTED_EDGE('146483',*,*,#14359,.F.);
#14517=ORIENTED_EDGE('145194',*,*,#14516,.F.);
#14518=ORIENTED_EDGE('146485',*,*,#14434,.T.);
#14519=ORIENTED_EDGE('146694',*,*,#10467,.F.);
#14520=EDGE_LOOP('144292',(#14515,#14517,#14518,#14519));
#14521=FACE_OUTER_BOUND('144292',#14520,.F.);
#14522=ADVANCED_FACE('144292',(#14521),#14514,.T.);
#14523=CARTESIAN_POINT('',(5.5E0,1.215E0,-5.7E0));
#14524=DIRECTION('',(0.E0,0.E0,1.E0));
#14525=DIRECTION('',(0.E0,1.E0,0.E0));
#14526=AXIS2_PLACEMENT_3D('',#14523,#14524,#14525);
#14527=PLANE('144293',#14526);
#14528=ORIENTED_EDGE('145176',*,*,#14379,.T.);
#14530=ORIENTED_EDGE('145179',*,*,#14529,.T.);
#14531=ORIENTED_EDGE('145195',*,*,#14436,.F.);
#14532=ORIENTED_EDGE('145194',*,*,#14516,.T.);
#14533=EDGE_LOOP('144293',(#14528,#14530,#14531,#14532));
#14534=FACE_OUTER_BOUND('144293',#14533,.F.);
#14535=ADVANCED_FACE('144293',(#14534),#14527,.F.);
#14536=CARTESIAN_POINT('',(5.5E0,3.315E-1,-6.1E0));
#14537=DIRECTION('',(0.E0,9.985585912391E-1,-5.367252427910E-2));
#14538=DIRECTION('',(0.E0,5.367252427910E-2,9.985585912391E-1));
#14539=AXIS2_PLACEMENT_3D('',#14536,#14537,#14538);
#14540=PLANE('144280',#14539);
#14541=ORIENTED_EDGE('145169',*,*,#14377,.F.);
#14543=ORIENTED_EDGE('145177',*,*,#14542,.F.);
#14544=ORIENTED_EDGE('145178',*,*,#14438,.T.);
#14545=ORIENTED_EDGE('145179',*,*,#14529,.F.);
#14546=EDGE_LOOP('144280',(#14541,#14543,#14544,#14545));
#14547=FACE_OUTER_BOUND('144280',#14546,.F.);
#14548=ADVANCED_FACE('144280',(#14547),#14540,.T.);
#14549=CARTESIAN_POINT('',(5.5E0,1.6E-1,-6.5E0));
#14550=DIRECTION('',(0.E0,0.E0,1.E0));
#14551=DIRECTION('',(0.E0,1.E0,0.E0));
#14552=AXIS2_PLACEMENT_3D('',#14549,#14550,#14551);
#14553=PLANE('144281',#14552);
#14554=ORIENTED_EDGE('145170',*,*,#14375,.T.);
#14556=ORIENTED_EDGE('145180',*,*,#14555,.F.);
#14557=ORIENTED_EDGE('145181',*,*,#14440,.F.);
#14558=ORIENTED_EDGE('145177',*,*,#14542,.T.);
#14559=EDGE_LOOP('144281',(#14554,#14556,#14557,#14558));
#14560=FACE_OUTER_BOUND('144281',#14559,.F.);
#14561=ADVANCED_FACE('144281',(#14560),#14553,.F.);
#14562=CARTESIAN_POINT('',(5.5E0,4.000000000002E-2,-5.925E0));
#14563=DIRECTION('',(0.E0,9.986417138313E-1,-5.210304593903E-2));
#14564=DIRECTION('',(0.E0,-5.210304593903E-2,-9.986417138313E-1));
#14565=AXIS2_PLACEMENT_3D('',#14562,#14563,#14564);
#14566=PLANE('144282',#14565);
#14567=ORIENTED_EDGE('145171',*,*,#14373,.F.);
#14569=ORIENTED_EDGE('145182',*,*,#14568,.F.);
#14570=ORIENTED_EDGE('145183',*,*,#14442,.T.);
#14571=ORIENTED_EDGE('145180',*,*,#14555,.T.);
#14572=EDGE_LOOP('144282',(#14567,#14569,#14570,#14571));
#14573=FACE_OUTER_BOUND('144282',#14572,.F.);
#14574=ADVANCED_FACE('144282',(#14573),#14566,.F.);
#14575=CARTESIAN_POINT('',(5.5E0,2.35E-1,-5.35E0));
#14576=DIRECTION('',(0.E0,0.E0,1.E0));
#14577=DIRECTION('',(0.E0,-1.E0,0.E0));
#14578=AXIS2_PLACEMENT_3D('',#14575,#14576,#14577);
#14579=PLANE('144283',#14578);
#14580=ORIENTED_EDGE('145172',*,*,#14371,.T.);
#14582=ORIENTED_EDGE('145184',*,*,#14581,.F.);
#14583=ORIENTED_EDGE('145185',*,*,#14444,.F.);
#14584=ORIENTED_EDGE('145182',*,*,#14568,.T.);
#14585=EDGE_LOOP('144283',(#14580,#14582,#14583,#14584));
#14586=FACE_OUTER_BOUND('144283',#14585,.F.);
#14587=ADVANCED_FACE('144283',(#14586),#14579,.T.);
#14588=CARTESIAN_POINT('',(5.5E0,4.E-1,-3.523E0));
#14589=DIRECTION('',(0.E0,1.E0,0.E0));
#14590=DIRECTION('',(0.E0,0.E0,-1.E0));
#14591=AXIS2_PLACEMENT_3D('',#14588,#14589,#14590);
#14592=PLANE('144284',#14591);
#14593=ORIENTED_EDGE('146697',*,*,#10461,.F.);
#14594=ORIENTED_EDGE('146704',*,*,#14446,.F.);
#14595=ORIENTED_EDGE('145184',*,*,#14581,.T.);
#14596=ORIENTED_EDGE('146700',*,*,#14369,.T.);
#14597=EDGE_LOOP('144284',(#14593,#14594,#14595,#14596));
#14598=FACE_OUTER_BOUND('144284',#14597,.F.);
#14599=ADVANCED_FACE('144284',(#14598),#14592,.F.);
#14600=CARTESIAN_POINT('',(5.5E0,8.E-1,-3.225830548566E0));
#14601=DIRECTION('',(0.E0,1.E0,0.E0));
#14602=DIRECTION('',(0.E0,0.E0,1.E0));
#14603=AXIS2_PLACEMENT_3D('',#14600,#14601,#14602);
#14604=PLANE('144285',#14603);
#14605=ORIENTED_EDGE('146696',*,*,#10457,.F.);
#14606=ORIENTED_EDGE('146701',*,*,#14366,.T.);
#14608=ORIENTED_EDGE('145186',*,*,#14607,.F.);
#14609=ORIENTED_EDGE('146705',*,*,#14449,.F.);
#14610=EDGE_LOOP('144285',(#14605,#14606,#14608,#14609));
#14611=FACE_OUTER_BOUND('144285',#14610,.F.);
#14612=ADVANCED_FACE('144285',(#14611),#14604,.T.);
#14613=CARTESIAN_POINT('',(5.5E0,8.E-1,-3.225830548566E0));
#14614=DIRECTION('',(0.E0,1.E0,0.E0));
#14615=DIRECTION('',(0.E0,0.E0,1.E0));
#14616=AXIS2_PLACEMENT_3D('',#14613,#14614,#14615);
#14617=PLANE('144285',#14616);
#14618=ORIENTED_EDGE('147673',*,*,#11778,.F.);
#14619=ORIENTED_EDGE('147839',*,*,#14392,.T.);
#14620=ORIENTED_EDGE('146684',*,*,#12678,.T.);
#14621=ORIENTED_EDGE('147840',*,*,#14465,.F.);
#14622=EDGE_LOOP('144285',(#14618,#14619,#14620,#14621));
#14623=FACE_OUTER_BOUND('144285',#14622,.F.);
#14624=ADVANCED_FACE('144285',(#14623),#14617,.T.);
#14625=CARTESIAN_POINT('',(5.5E0,1.044499170342E0,-4.901735931288E0));
#14626=DIRECTION('',(0.E0,0.E0,1.E0));
#14627=DIRECTION('',(0.E0,-1.E0,0.E0));
#14628=AXIS2_PLACEMENT_3D('',#14625,#14626,#14627);
#14629=PLANE('144286',#14628);
#14630=ORIENTED_EDGE('145173',*,*,#14364,.T.);
#14632=ORIENTED_EDGE('145187',*,*,#14631,.F.);
#14633=ORIENTED_EDGE('145188',*,*,#14451,.F.);
#14634=ORIENTED_EDGE('145186',*,*,#14607,.T.);
#14635=EDGE_LOOP('144286',(#14630,#14632,#14633,#14634));
#14636=FACE_OUTER_BOUND('144286',#14635,.F.);
#14637=ADVANCED_FACE('144286',(#14636),#14629,.T.);
#14638=CARTESIAN_POINT('',(5.5E0,1.497893703149E0,-4.614929465179E0));
#14639=DIRECTION('',(0.E0,8.083218440240E-1,-5.887408568068E-1));
#14640=DIRECTION('',(0.E0,-5.887408568068E-1,-8.083218440240E-1));
#14641=AXIS2_PLACEMENT_3D('',#14638,#14639,#14640);
#14642=PLANE('144287',#14641);
#14643=ORIENTED_EDGE('146695',*,*,#10471,.F.);
#14644=ORIENTED_EDGE('146706',*,*,#14453,.T.);
#14645=ORIENTED_EDGE('145187',*,*,#14631,.T.);
#14646=ORIENTED_EDGE('146702',*,*,#14362,.F.);
#14647=EDGE_LOOP('144287',(#14643,#14644,#14645,#14646));
#14648=FACE_OUTER_BOUND('144287',#14647,.F.);
#14649=ADVANCED_FACE('144287',(#14648),#14642,.F.);
#14650=CARTESIAN_POINT('',(6.375E0,1.0435E0,-3.625823558526E0));
#14651=DIRECTION('',(1.E0,0.E0,0.E0));
#14652=DIRECTION('',(0.E0,0.E0,-1.E0));
#14653=AXIS2_PLACEMENT_3D('',#14650,#14651,#14652);
#14654=PLANE('144263',#14653);
#14656=ORIENTED_EDGE('146478',*,*,#14655,.T.);
#14658=ORIENTED_EDGE('144878',*,*,#14657,.T.);
#14660=ORIENTED_EDGE('144877',*,*,#14659,.T.);
#14662=ORIENTED_EDGE('146673',*,*,#14661,.T.);
#14663=ORIENTED_EDGE('146651',*,*,#12643,.F.);
#14664=ORIENTED_EDGE('146657',*,*,#12451,.T.);
#14665=ORIENTED_EDGE('146659',*,*,#11097,.T.);
#14666=EDGE_LOOP('144263',(#14656,#14658,#14660,#14662,#14663,#14664,#14665));
#14667=FACE_OUTER_BOUND('144263',#14666,.F.);
#14668=ADVANCED_FACE('144263',(#14667),#14654,.F.);
#14669=CARTESIAN_POINT('',(6.375E0,1.0435E0,-3.625823558526E0));
#14670=DIRECTION('',(1.E0,0.E0,0.E0));
#14671=DIRECTION('',(0.E0,0.E0,-1.E0));
#14672=AXIS2_PLACEMENT_3D('',#14669,#14670,#14671);
#14673=PLANE('144263',#14672);
#14675=ORIENTED_EDGE('146479',*,*,#14674,.T.);
#14676=ORIENTED_EDGE('146663',*,*,#10367,.F.);
#14678=ORIENTED_EDGE('146672',*,*,#14677,.T.);
#14680=ORIENTED_EDGE('144876',*,*,#14679,.F.);
#14682=ORIENTED_EDGE('146671',*,*,#14681,.F.);
#14683=ORIENTED_EDGE('146662',*,*,#10357,.F.);
#14685=ORIENTED_EDGE('146670',*,*,#14684,.F.);
#14687=ORIENTED_EDGE('144875',*,*,#14686,.F.);
#14689=ORIENTED_EDGE('144874',*,*,#14688,.T.);
#14691=ORIENTED_EDGE('144873',*,*,#14690,.F.);
#14693=ORIENTED_EDGE('144872',*,*,#14692,.T.);
#14695=ORIENTED_EDGE('144879',*,*,#14694,.F.);
#14696=EDGE_LOOP('144263',(#14675,#14676,#14678,#14680,#14682,#14683,#14685,
#14687,#14689,#14691,#14693,#14695));
#14697=FACE_OUTER_BOUND('144263',#14696,.F.);
#14698=ADVANCED_FACE('144263',(#14697),#14673,.F.);
#14699=CARTESIAN_POINT('',(6.375E0,1.0435E0,-3.625823558526E0));
#14700=DIRECTION('',(1.E0,0.E0,0.E0));
#14701=DIRECTION('',(0.E0,0.E0,-1.E0));
#14702=AXIS2_PLACEMENT_3D('',#14699,#14700,#14701);
#14703=PLANE('144263',#14702);
#14704=ORIENTED_EDGE('147669',*,*,#11784,.T.);
#14705=ORIENTED_EDGE('147898',*,*,#12093,.T.);
#14706=ORIENTED_EDGE('146652',*,*,#12673,.F.);
#14708=ORIENTED_EDGE('147837',*,*,#14707,.F.);
#14709=EDGE_LOOP('144263',(#14704,#14705,#14706,#14708));
#14710=FACE_OUTER_BOUND('144263',#14709,.F.);
#14711=ADVANCED_FACE('144263',(#14710),#14703,.F.);
#14712=CARTESIAN_POINT('',(6.5E0,1.9885E0,-2.240794027022E0));
#14713=DIRECTION('',(0.E0,9.982387017932E-1,5.932532547141E-2));
#14714=DIRECTION('',(0.E0,-5.932532547141E-2,9.982387017932E-1));
#14715=AXIS2_PLACEMENT_3D('',#14712,#14713,#14714);
#14716=PLANE('144275',#14715);
#14717=ORIENTED_EDGE('146478',*,*,#14655,.F.);
#14718=ORIENTED_EDGE('146660',*,*,#11095,.T.);
#14720=ORIENTED_EDGE('146480',*,*,#14719,.T.);
#14722=ORIENTED_EDGE('144895',*,*,#14721,.T.);
#14723=EDGE_LOOP('144275',(#14717,#14718,#14720,#14722));
#14724=FACE_OUTER_BOUND('144275',#14723,.F.);
#14725=ADVANCED_FACE('144275',(#14724),#14716,.T.);
#14726=CARTESIAN_POINT('',(6.625E0,1.0435E0,-3.625823558526E0));
#14727=DIRECTION('',(1.E0,0.E0,0.E0));
#14728=DIRECTION('',(0.E0,0.E0,-1.E0));
#14729=AXIS2_PLACEMENT_3D('',#14726,#14727,#14728);
#14730=PLANE('144278',#14729);
#14731=ORIENTED_EDGE('146480',*,*,#14719,.F.);
#14732=ORIENTED_EDGE('146661',*,*,#11093,.F.);
#14733=ORIENTED_EDGE('146658',*,*,#12433,.F.);
#14734=ORIENTED_EDGE('146655',*,*,#12647,.T.);
#14736=ORIENTED_EDGE('146677',*,*,#14735,.F.);
#14738=ORIENTED_EDGE('144894',*,*,#14737,.F.);
#14740=ORIENTED_EDGE('144896',*,*,#14739,.F.);
#14741=EDGE_LOOP('144278',(#14731,#14732,#14733,#14734,#14736,#14738,#14740));
#14742=FACE_OUTER_BOUND('144278',#14741,.F.);
#14743=ADVANCED_FACE('144278',(#14742),#14730,.T.);
#14744=CARTESIAN_POINT('',(6.625E0,1.0435E0,-3.625823558526E0));
#14745=DIRECTION('',(1.E0,0.E0,0.E0));
#14746=DIRECTION('',(0.E0,0.E0,-1.E0));
#14747=AXIS2_PLACEMENT_3D('',#14744,#14745,#14746);
#14748=PLANE('144278',#14747);
#14750=ORIENTED_EDGE('146481',*,*,#14749,.F.);
#14752=ORIENTED_EDGE('144898',*,*,#14751,.T.);
#14754=ORIENTED_EDGE('144881',*,*,#14753,.F.);
#14756=ORIENTED_EDGE('144884',*,*,#14755,.T.);
#14758=ORIENTED_EDGE('144886',*,*,#14757,.F.);
#14760=ORIENTED_EDGE('144888',*,*,#14759,.T.);
#14762=ORIENTED_EDGE('146674',*,*,#14761,.T.);
#14763=ORIENTED_EDGE('146668',*,*,#10361,.T.);
#14765=ORIENTED_EDGE('146675',*,*,#14764,.T.);
#14767=ORIENTED_EDGE('144891',*,*,#14766,.T.);
#14769=ORIENTED_EDGE('146676',*,*,#14768,.F.);
#14770=ORIENTED_EDGE('146669',*,*,#10371,.T.);
#14771=EDGE_LOOP('144278',(#14750,#14752,#14754,#14756,#14758,#14760,#14762,
#14763,#14765,#14767,#14769,#14770));
#14772=FACE_OUTER_BOUND('144278',#14771,.F.);
#14773=ADVANCED_FACE('144278',(#14772),#14748,.T.);
#14774=CARTESIAN_POINT('',(6.625E0,1.0435E0,-3.625823558526E0));
#14775=DIRECTION('',(1.E0,0.E0,0.E0));
#14776=DIRECTION('',(0.E0,0.E0,-1.E0));
#14777=AXIS2_PLACEMENT_3D('',#14774,#14775,#14776);
#14778=PLANE('144278',#14777);
#14779=ORIENTED_EDGE('147671',*,*,#11788,.F.);
#14781=ORIENTED_EDGE('147838',*,*,#14780,.T.);
#14782=ORIENTED_EDGE('146656',*,*,#12669,.T.);
#14783=ORIENTED_EDGE('147899',*,*,#12104,.F.);
#14784=EDGE_LOOP('144278',(#14779,#14781,#14782,#14783));
#14785=FACE_OUTER_BOUND('144278',#14784,.F.);
#14786=ADVANCED_FACE('144278',(#14785),#14778,.T.);
#14787=CARTESIAN_POINT('',(6.5E0,1.680351158834E0,-3.012244019815E0));
#14788=DIRECTION('',(0.E0,9.997982280545E-1,2.008738855786E-2));
#14789=DIRECTION('',(0.E0,2.008738855786E-2,-9.997982280545E-1));
#14790=AXIS2_PLACEMENT_3D('',#14787,#14788,#14789);
#14791=PLANE('144272',#14790);
#14792=ORIENTED_EDGE('146653',*,*,#12645,.T.);
#14793=ORIENTED_EDGE('146673',*,*,#14661,.F.);
#14795=ORIENTED_EDGE('144892',*,*,#14794,.F.);
#14796=ORIENTED_EDGE('146677',*,*,#14735,.T.);
#14797=EDGE_LOOP('144272',(#14792,#14793,#14795,#14796));
#14798=FACE_OUTER_BOUND('144272',#14797,.F.);
#14799=ADVANCED_FACE('144272',(#14798),#14791,.F.);
#14800=CARTESIAN_POINT('',(6.5E0,1.527157408706E0,-1.623182520279E0));
#14801=DIRECTION('',(0.E0,5.000000000016E-1,8.660254037835E-1));
#14802=DIRECTION('',(0.E0,8.660254037835E-1,-5.000000000016E-1));
#14803=AXIS2_PLACEMENT_3D('',#14800,#14801,#14802);
#14804=PLANE('144273',#14803);
#14805=ORIENTED_EDGE('144877',*,*,#14659,.F.);
#14807=ORIENTED_EDGE('144893',*,*,#14806,.F.);
#14808=ORIENTED_EDGE('144894',*,*,#14737,.T.);
#14809=ORIENTED_EDGE('144892',*,*,#14794,.T.);
#14810=EDGE_LOOP('144273',(#14805,#14807,#14808,#14809));
#14811=FACE_OUTER_BOUND('144273',#14810,.F.);
#14812=ADVANCED_FACE('144273',(#14811),#14804,.F.);
#14813=CARTESIAN_POINT('',(6.5E0,1.650200782678E0,-1.150823558526E0));
#14814=DIRECTION('',(0.E0,8.476985317158E-1,-5.304782741328E-1));
#14815=DIRECTION('',(0.E0,-5.304782741328E-1,-8.476985317158E-1));
#14816=AXIS2_PLACEMENT_3D('',#14813,#14814,#14815);
#14817=PLANE('144274',#14816);
#14818=ORIENTED_EDGE('144878',*,*,#14657,.F.);
#14819=ORIENTED_EDGE('144895',*,*,#14721,.F.);
#14820=ORIENTED_EDGE('144896',*,*,#14739,.T.);
#14821=ORIENTED_EDGE('144893',*,*,#14806,.T.);
#14822=EDGE_LOOP('144274',(#14818,#14819,#14820,#14821));
#14823=FACE_OUTER_BOUND('144274',#14822,.F.);
#14824=ADVANCED_FACE('144274',(#14823),#14817,.F.);
#14825=CARTESIAN_POINT('',(6.5E0,2.077E0,-4.714970468495E0));
#14826=DIRECTION('',(0.E0,1.E0,0.E0));
#14827=DIRECTION('',(0.E0,0.E0,1.E0));
#14828=AXIS2_PLACEMENT_3D('',#14825,#14826,#14827);
#14829=PLANE('144276',#14828);
#14830=ORIENTED_EDGE('146479',*,*,#14674,.F.);
#14832=ORIENTED_EDGE('144897',*,*,#14831,.F.);
#14833=ORIENTED_EDGE('146481',*,*,#14749,.T.);
#14834=ORIENTED_EDGE('146664',*,*,#10369,.F.);
#14835=EDGE_LOOP('144276',(#14830,#14832,#14833,#14834));
#14836=FACE_OUTER_BOUND('144276',#14835,.F.);
#14837=ADVANCED_FACE('144276',(#14836),#14829,.T.);
#14838=CARTESIAN_POINT('',(6.5E0,1.215E0,-5.7E0));
#14839=DIRECTION('',(0.E0,0.E0,1.E0));
#14840=DIRECTION('',(0.E0,1.E0,0.E0));
#14841=AXIS2_PLACEMENT_3D('',#14838,#14839,#14840);
#14842=PLANE('144277',#14841);
#14843=ORIENTED_EDGE('144879',*,*,#14694,.T.);
#14845=ORIENTED_EDGE('144882',*,*,#14844,.T.);
#14846=ORIENTED_EDGE('144898',*,*,#14751,.F.);
#14847=ORIENTED_EDGE('144897',*,*,#14831,.T.);
#14848=EDGE_LOOP('144277',(#14843,#14845,#14846,#14847));
#14849=FACE_OUTER_BOUND('144277',#14848,.F.);
#14850=ADVANCED_FACE('144277',(#14849),#14842,.F.);
#14851=CARTESIAN_POINT('',(6.5E0,3.315E-1,-6.1E0));
#14852=DIRECTION('',(0.E0,9.985585912391E-1,-5.367252427910E-2));
#14853=DIRECTION('',(0.E0,5.367252427910E-2,9.985585912391E-1));
#14854=AXIS2_PLACEMENT_3D('',#14851,#14852,#14853);
#14855=PLANE('144264',#14854);
#14856=ORIENTED_EDGE('144872',*,*,#14692,.F.);
#14858=ORIENTED_EDGE('144880',*,*,#14857,.F.);
#14859=ORIENTED_EDGE('144881',*,*,#14753,.T.);
#14860=ORIENTED_EDGE('144882',*,*,#14844,.F.);
#14861=EDGE_LOOP('144264',(#14856,#14858,#14859,#14860));
#14862=FACE_OUTER_BOUND('144264',#14861,.F.);
#14863=ADVANCED_FACE('144264',(#14862),#14855,.T.);
#14864=CARTESIAN_POINT('',(6.5E0,1.6E-1,-6.5E0));
#14865=DIRECTION('',(0.E0,0.E0,1.E0));
#14866=DIRECTION('',(0.E0,1.E0,0.E0));
#14867=AXIS2_PLACEMENT_3D('',#14864,#14865,#14866);
#14868=PLANE('144265',#14867);
#14869=ORIENTED_EDGE('144873',*,*,#14690,.T.);
#14871=ORIENTED_EDGE('144883',*,*,#14870,.F.);
#14872=ORIENTED_EDGE('144884',*,*,#14755,.F.);
#14873=ORIENTED_EDGE('144880',*,*,#14857,.T.);
#14874=EDGE_LOOP('144265',(#14869,#14871,#14872,#14873));
#14875=FACE_OUTER_BOUND('144265',#14874,.F.);
#14876=ADVANCED_FACE('144265',(#14875),#14868,.F.);
#14877=CARTESIAN_POINT('',(6.5E0,4.000000000002E-2,-5.925E0));
#14878=DIRECTION('',(0.E0,9.986417138313E-1,-5.210304593903E-2));
#14879=DIRECTION('',(0.E0,-5.210304593903E-2,-9.986417138313E-1));
#14880=AXIS2_PLACEMENT_3D('',#14877,#14878,#14879);
#14881=PLANE('144266',#14880);
#14882=ORIENTED_EDGE('144874',*,*,#14688,.F.);
#14884=ORIENTED_EDGE('144885',*,*,#14883,.F.);
#14885=ORIENTED_EDGE('144886',*,*,#14757,.T.);
#14886=ORIENTED_EDGE('144883',*,*,#14870,.T.);
#14887=EDGE_LOOP('144266',(#14882,#14884,#14885,#14886));
#14888=FACE_OUTER_BOUND('144266',#14887,.F.);
#14889=ADVANCED_FACE('144266',(#14888),#14881,.F.);
#14890=CARTESIAN_POINT('',(6.5E0,2.35E-1,-5.35E0));
#14891=DIRECTION('',(0.E0,0.E0,1.E0));
#14892=DIRECTION('',(0.E0,-1.E0,0.E0));
#14893=AXIS2_PLACEMENT_3D('',#14890,#14891,#14892);
#14894=PLANE('144267',#14893);
#14895=ORIENTED_EDGE('144875',*,*,#14686,.T.);
#14897=ORIENTED_EDGE('144887',*,*,#14896,.F.);
#14898=ORIENTED_EDGE('144888',*,*,#14759,.F.);
#14899=ORIENTED_EDGE('144885',*,*,#14883,.T.);
#14900=EDGE_LOOP('144267',(#14895,#14897,#14898,#14899));
#14901=FACE_OUTER_BOUND('144267',#14900,.F.);
#14902=ADVANCED_FACE('144267',(#14901),#14894,.T.);
#14903=CARTESIAN_POINT('',(6.5E0,4.E-1,-3.523E0));
#14904=DIRECTION('',(0.E0,1.E0,0.E0));
#14905=DIRECTION('',(0.E0,0.E0,-1.E0));
#14906=AXIS2_PLACEMENT_3D('',#14903,#14904,#14905);
#14907=PLANE('144268',#14906);
#14908=ORIENTED_EDGE('146667',*,*,#10363,.F.);
#14909=ORIENTED_EDGE('146674',*,*,#14761,.F.);
#14910=ORIENTED_EDGE('144887',*,*,#14896,.T.);
#14911=ORIENTED_EDGE('146670',*,*,#14684,.T.);
#14912=EDGE_LOOP('144268',(#14908,#14909,#14910,#14911));
#14913=FACE_OUTER_BOUND('144268',#14912,.F.);
#14914=ADVANCED_FACE('144268',(#14913),#14907,.F.);
#14915=CARTESIAN_POINT('',(6.5E0,8.E-1,-3.225830548566E0));
#14916=DIRECTION('',(0.E0,1.E0,0.E0));
#14917=DIRECTION('',(0.E0,0.E0,1.E0));
#14918=AXIS2_PLACEMENT_3D('',#14915,#14916,#14917);
#14919=PLANE('144269',#14918);
#14920=ORIENTED_EDGE('146666',*,*,#10359,.F.);
#14921=ORIENTED_EDGE('146671',*,*,#14681,.T.);
#14923=ORIENTED_EDGE('144889',*,*,#14922,.F.);
#14924=ORIENTED_EDGE('146675',*,*,#14764,.F.);
#14925=EDGE_LOOP('144269',(#14920,#14921,#14923,#14924));
#14926=FACE_OUTER_BOUND('144269',#14925,.F.);
#14927=ADVANCED_FACE('144269',(#14926),#14919,.T.);
#14928=CARTESIAN_POINT('',(6.5E0,8.E-1,-3.225830548566E0));
#14929=DIRECTION('',(0.E0,1.E0,0.E0));
#14930=DIRECTION('',(0.E0,0.E0,1.E0));
#14931=AXIS2_PLACEMENT_3D('',#14928,#14929,#14930);
#14932=PLANE('144269',#14931);
#14933=ORIENTED_EDGE('147670',*,*,#11786,.F.);
#14934=ORIENTED_EDGE('147837',*,*,#14707,.T.);
#14935=ORIENTED_EDGE('146654',*,*,#12671,.T.);
#14936=ORIENTED_EDGE('147838',*,*,#14780,.F.);
#14937=EDGE_LOOP('144269',(#14933,#14934,#14935,#14936));
#14938=FACE_OUTER_BOUND('144269',#14937,.F.);
#14939=ADVANCED_FACE('144269',(#14938),#14932,.T.);
#14940=CARTESIAN_POINT('',(6.5E0,1.044499170342E0,-4.901735931288E0));
#14941=DIRECTION('',(0.E0,0.E0,1.E0));
#14942=DIRECTION('',(0.E0,-1.E0,0.E0));
#14943=AXIS2_PLACEMENT_3D('',#14940,#14941,#14942);
#14944=PLANE('144270',#14943);
#14945=ORIENTED_EDGE('144876',*,*,#14679,.T.);
#14947=ORIENTED_EDGE('144890',*,*,#14946,.F.);
#14948=ORIENTED_EDGE('144891',*,*,#14766,.F.);
#14949=ORIENTED_EDGE('144889',*,*,#14922,.T.);
#14950=EDGE_LOOP('144270',(#14945,#14947,#14948,#14949));
#14951=FACE_OUTER_BOUND('144270',#14950,.F.);
#14952=ADVANCED_FACE('144270',(#14951),#14944,.T.);
#14953=CARTESIAN_POINT('',(6.5E0,1.497893703149E0,-4.614929465179E0));
#14954=DIRECTION('',(0.E0,8.083218440240E-1,-5.887408568068E-1));
#14955=DIRECTION('',(0.E0,-5.887408568068E-1,-8.083218440240E-1));
#14956=AXIS2_PLACEMENT_3D('',#14953,#14954,#14955);
#14957=PLANE('144271',#14956);
#14958=ORIENTED_EDGE('146665',*,*,#10373,.F.);
#14959=ORIENTED_EDGE('146676',*,*,#14768,.T.);
#14960=ORIENTED_EDGE('144890',*,*,#14946,.T.);
#14961=ORIENTED_EDGE('146672',*,*,#14677,.F.);
#14962=EDGE_LOOP('144271',(#14958,#14959,#14960,#14961));
#14963=FACE_OUTER_BOUND('144271',#14962,.F.);
#14964=ADVANCED_FACE('144271',(#14963),#14957,.F.);
#14965=CARTESIAN_POINT('',(7.375E0,1.0435E0,-3.625823558526E0));
#14966=DIRECTION('',(1.E0,0.E0,0.E0));
#14967=DIRECTION('',(0.E0,0.E0,-1.E0));
#14968=AXIS2_PLACEMENT_3D('',#14965,#14966,#14967);
#14969=PLANE('144247',#14968);
#14971=ORIENTED_EDGE('146474',*,*,#14970,.T.);
#14973=ORIENTED_EDGE('144851',*,*,#14972,.T.);
#14975=ORIENTED_EDGE('144850',*,*,#14974,.T.);
#14977=ORIENTED_EDGE('146643',*,*,#14976,.T.);
#14978=ORIENTED_EDGE('146621',*,*,#12650,.F.);
#14979=ORIENTED_EDGE('146627',*,*,#12436,.T.);
#14980=ORIENTED_EDGE('146629',*,*,#11089,.T.);
#14981=EDGE_LOOP('144247',(#14971,#14973,#14975,#14977,#14978,#14979,#14980));
#14982=FACE_OUTER_BOUND('144247',#14981,.F.);
#14983=ADVANCED_FACE('144247',(#14982),#14969,.F.);
#14984=CARTESIAN_POINT('',(7.375E0,1.0435E0,-3.625823558526E0));
#14985=DIRECTION('',(1.E0,0.E0,0.E0));
#14986=DIRECTION('',(0.E0,0.E0,-1.E0));
#14987=AXIS2_PLACEMENT_3D('',#14984,#14985,#14986);
#14988=PLANE('144247',#14987);
#14990=ORIENTED_EDGE('146475',*,*,#14989,.T.);
#14991=ORIENTED_EDGE('146633',*,*,#10269,.F.);
#14993=ORIENTED_EDGE('146642',*,*,#14992,.T.);
#14995=ORIENTED_EDGE('144849',*,*,#14994,.F.);
#14997=ORIENTED_EDGE('146641',*,*,#14996,.F.);
#14998=ORIENTED_EDGE('146632',*,*,#10259,.F.);
#15000=ORIENTED_EDGE('146640',*,*,#14999,.F.);
#15002=ORIENTED_EDGE('144848',*,*,#15001,.F.);
#15004=ORIENTED_EDGE('144847',*,*,#15003,.T.);
#15006=ORIENTED_EDGE('144846',*,*,#15005,.F.);
#15008=ORIENTED_EDGE('144845',*,*,#15007,.T.);
#15010=ORIENTED_EDGE('144852',*,*,#15009,.F.);
#15011=EDGE_LOOP('144247',(#14990,#14991,#14993,#14995,#14997,#14998,#15000,
#15002,#15004,#15006,#15008,#15010));
#15012=FACE_OUTER_BOUND('144247',#15011,.F.);
#15013=ADVANCED_FACE('144247',(#15012),#14988,.F.);
#15014=CARTESIAN_POINT('',(7.375E0,1.0435E0,-3.625823558526E0));
#15015=DIRECTION('',(1.E0,0.E0,0.E0));
#15016=DIRECTION('',(0.E0,0.E0,-1.E0));
#15017=AXIS2_PLACEMENT_3D('',#15014,#15015,#15016);
#15018=PLANE('144247',#15017);
#15019=ORIENTED_EDGE('147666',*,*,#11792,.T.);
#15020=ORIENTED_EDGE('147895',*,*,#12108,.T.);
#15021=ORIENTED_EDGE('146622',*,*,#12666,.F.);
#15023=ORIENTED_EDGE('147835',*,*,#15022,.F.);
#15024=EDGE_LOOP('144247',(#15019,#15020,#15021,#15023));
#15025=FACE_OUTER_BOUND('144247',#15024,.F.);
#15026=ADVANCED_FACE('144247',(#15025),#15018,.F.);
#15027=CARTESIAN_POINT('',(7.5E0,1.9885E0,-2.240794027022E0));
#15028=DIRECTION('',(0.E0,9.982387017932E-1,5.932532547141E-2));
#15029=DIRECTION('',(0.E0,-5.932532547141E-2,9.982387017932E-1));
#15030=AXIS2_PLACEMENT_3D('',#15027,#15028,#15029);
#15031=PLANE('144259',#15030);
#15032=ORIENTED_EDGE('146474',*,*,#14970,.F.);
#15033=ORIENTED_EDGE('146630',*,*,#11087,.T.);
#15035=ORIENTED_EDGE('146476',*,*,#15034,.T.);
#15037=ORIENTED_EDGE('144868',*,*,#15036,.T.);
#15038=EDGE_LOOP('144259',(#15032,#15033,#15035,#15037));
#15039=FACE_OUTER_BOUND('144259',#15038,.F.);
#15040=ADVANCED_FACE('144259',(#15039),#15031,.T.);
#15041=CARTESIAN_POINT('',(7.625E0,1.0435E0,-3.625823558526E0));
#15042=DIRECTION('',(1.E0,0.E0,0.E0));
#15043=DIRECTION('',(0.E0,0.E0,-1.E0));
#15044=AXIS2_PLACEMENT_3D('',#15041,#15042,#15043);
#15045=PLANE('144262',#15044);
#15046=ORIENTED_EDGE('146476',*,*,#15034,.F.);
#15047=ORIENTED_EDGE('146631',*,*,#11085,.F.);
#15048=ORIENTED_EDGE('146628',*,*,#12542,.F.);
#15049=ORIENTED_EDGE('146625',*,*,#12654,.T.);
#15051=ORIENTED_EDGE('146647',*,*,#15050,.F.);
#15053=ORIENTED_EDGE('144867',*,*,#15052,.F.);
#15055=ORIENTED_EDGE('144869',*,*,#15054,.F.);
#15056=EDGE_LOOP('144262',(#15046,#15047,#15048,#15049,#15051,#15053,#15055));
#15057=FACE_OUTER_BOUND('144262',#15056,.F.);
#15058=ADVANCED_FACE('144262',(#15057),#15045,.T.);
#15059=CARTESIAN_POINT('',(7.625E0,1.0435E0,-3.625823558526E0));
#15060=DIRECTION('',(1.E0,0.E0,0.E0));
#15061=DIRECTION('',(0.E0,0.E0,-1.E0));
#15062=AXIS2_PLACEMENT_3D('',#15059,#15060,#15061);
#15063=PLANE('144262',#15062);
#15065=ORIENTED_EDGE('146477',*,*,#15064,.F.);
#15067=ORIENTED_EDGE('144871',*,*,#15066,.T.);
#15069=ORIENTED_EDGE('144854',*,*,#15068,.F.);
#15071=ORIENTED_EDGE('144857',*,*,#15070,.T.);
#15073=ORIENTED_EDGE('144859',*,*,#15072,.F.);
#15075=ORIENTED_EDGE('144861',*,*,#15074,.T.);
#15077=ORIENTED_EDGE('146644',*,*,#15076,.T.);
#15078=ORIENTED_EDGE('146638',*,*,#10263,.T.);
#15080=ORIENTED_EDGE('146645',*,*,#15079,.T.);
#15082=ORIENTED_EDGE('144864',*,*,#15081,.T.);
#15084=ORIENTED_EDGE('146646',*,*,#15083,.F.);
#15085=ORIENTED_EDGE('146639',*,*,#10273,.T.);
#15086=EDGE_LOOP('144262',(#15065,#15067,#15069,#15071,#15073,#15075,#15077,
#15078,#15080,#15082,#15084,#15085));
#15087=FACE_OUTER_BOUND('144262',#15086,.F.);
#15088=ADVANCED_FACE('144262',(#15087),#15063,.T.);
#15089=CARTESIAN_POINT('',(7.625E0,1.0435E0,-3.625823558526E0));
#15090=DIRECTION('',(1.E0,0.E0,0.E0));
#15091=DIRECTION('',(0.E0,0.E0,-1.E0));
#15092=AXIS2_PLACEMENT_3D('',#15089,#15090,#15091);
#15093=PLANE('144262',#15092);
#15094=ORIENTED_EDGE('147668',*,*,#11796,.F.);
#15096=ORIENTED_EDGE('147836',*,*,#15095,.T.);
#15097=ORIENTED_EDGE('146626',*,*,#12662,.T.);
#15098=ORIENTED_EDGE('147896',*,*,#12119,.F.);
#15099=EDGE_LOOP('144262',(#15094,#15096,#15097,#15098));
#15100=FACE_OUTER_BOUND('144262',#15099,.F.);
#15101=ADVANCED_FACE('144262',(#15100),#15093,.T.);
#15102=CARTESIAN_POINT('',(7.5E0,1.680351158834E0,-3.012244019815E0));
#15103=DIRECTION('',(0.E0,9.997982280545E-1,2.008738855786E-2));
#15104=DIRECTION('',(0.E0,2.008738855786E-2,-9.997982280545E-1));
#15105=AXIS2_PLACEMENT_3D('',#15102,#15103,#15104);
#15106=PLANE('144256',#15105);
#15107=ORIENTED_EDGE('146623',*,*,#12652,.T.);
#15108=ORIENTED_EDGE('146643',*,*,#14976,.F.);
#15110=ORIENTED_EDGE('144865',*,*,#15109,.F.);
#15111=ORIENTED_EDGE('146647',*,*,#15050,.T.);
#15112=EDGE_LOOP('144256',(#15107,#15108,#15110,#15111));
#15113=FACE_OUTER_BOUND('144256',#15112,.F.);
#15114=ADVANCED_FACE('144256',(#15113),#15106,.F.);
#15115=CARTESIAN_POINT('',(7.5E0,1.527157408706E0,-1.623182520279E0));
#15116=DIRECTION('',(0.E0,5.000000000016E-1,8.660254037835E-1));
#15117=DIRECTION('',(0.E0,8.660254037835E-1,-5.000000000016E-1));
#15118=AXIS2_PLACEMENT_3D('',#15115,#15116,#15117);
#15119=PLANE('144257',#15118);
#15120=ORIENTED_EDGE('144850',*,*,#14974,.F.);
#15122=ORIENTED_EDGE('144866',*,*,#15121,.F.);
#15123=ORIENTED_EDGE('144867',*,*,#15052,.T.);
#15124=ORIENTED_EDGE('144865',*,*,#15109,.T.);
#15125=EDGE_LOOP('144257',(#15120,#15122,#15123,#15124));
#15126=FACE_OUTER_BOUND('144257',#15125,.F.);
#15127=ADVANCED_FACE('144257',(#15126),#15119,.F.);
#15128=CARTESIAN_POINT('',(7.5E0,1.650200782678E0,-1.150823558526E0));
#15129=DIRECTION('',(0.E0,8.476985317158E-1,-5.304782741328E-1));
#15130=DIRECTION('',(0.E0,-5.304782741328E-1,-8.476985317158E-1));
#15131=AXIS2_PLACEMENT_3D('',#15128,#15129,#15130);
#15132=PLANE('144258',#15131);
#15133=ORIENTED_EDGE('144851',*,*,#14972,.F.);
#15134=ORIENTED_EDGE('144868',*,*,#15036,.F.);
#15135=ORIENTED_EDGE('144869',*,*,#15054,.T.);
#15136=ORIENTED_EDGE('144866',*,*,#15121,.T.);
#15137=EDGE_LOOP('144258',(#15133,#15134,#15135,#15136));
#15138=FACE_OUTER_BOUND('144258',#15137,.F.);
#15139=ADVANCED_FACE('144258',(#15138),#15132,.F.);
#15140=CARTESIAN_POINT('',(7.5E0,2.077E0,-4.714970468495E0));
#15141=DIRECTION('',(0.E0,1.E0,0.E0));
#15142=DIRECTION('',(0.E0,0.E0,1.E0));
#15143=AXIS2_PLACEMENT_3D('',#15140,#15141,#15142);
#15144=PLANE('144260',#15143);
#15145=ORIENTED_EDGE('146475',*,*,#14989,.F.);
#15147=ORIENTED_EDGE('144870',*,*,#15146,.F.);
#15148=ORIENTED_EDGE('146477',*,*,#15064,.T.);
#15149=ORIENTED_EDGE('146634',*,*,#10271,.F.);
#15150=EDGE_LOOP('144260',(#15145,#15147,#15148,#15149));
#15151=FACE_OUTER_BOUND('144260',#15150,.F.);
#15152=ADVANCED_FACE('144260',(#15151),#15144,.T.);
#15153=CARTESIAN_POINT('',(7.5E0,1.215E0,-5.7E0));
#15154=DIRECTION('',(0.E0,0.E0,1.E0));
#15155=DIRECTION('',(0.E0,1.E0,0.E0));
#15156=AXIS2_PLACEMENT_3D('',#15153,#15154,#15155);
#15157=PLANE('144261',#15156);
#15158=ORIENTED_EDGE('144852',*,*,#15009,.T.);
#15160=ORIENTED_EDGE('144855',*,*,#15159,.T.);
#15161=ORIENTED_EDGE('144871',*,*,#15066,.F.);
#15162=ORIENTED_EDGE('144870',*,*,#15146,.T.);
#15163=EDGE_LOOP('144261',(#15158,#15160,#15161,#15162));
#15164=FACE_OUTER_BOUND('144261',#15163,.F.);
#15165=ADVANCED_FACE('144261',(#15164),#15157,.F.);
#15166=CARTESIAN_POINT('',(7.5E0,3.315E-1,-6.1E0));
#15167=DIRECTION('',(0.E0,9.985585912391E-1,-5.367252427910E-2));
#15168=DIRECTION('',(0.E0,5.367252427910E-2,9.985585912391E-1));
#15169=AXIS2_PLACEMENT_3D('',#15166,#15167,#15168);
#15170=PLANE('144248',#15169);
#15171=ORIENTED_EDGE('144845',*,*,#15007,.F.);
#15173=ORIENTED_EDGE('144853',*,*,#15172,.F.);
#15174=ORIENTED_EDGE('144854',*,*,#15068,.T.);
#15175=ORIENTED_EDGE('144855',*,*,#15159,.F.);
#15176=EDGE_LOOP('144248',(#15171,#15173,#15174,#15175));
#15177=FACE_OUTER_BOUND('144248',#15176,.F.);
#15178=ADVANCED_FACE('144248',(#15177),#15170,.T.);
#15179=CARTESIAN_POINT('',(7.5E0,1.6E-1,-6.5E0));
#15180=DIRECTION('',(0.E0,0.E0,1.E0));
#15181=DIRECTION('',(0.E0,1.E0,0.E0));
#15182=AXIS2_PLACEMENT_3D('',#15179,#15180,#15181);
#15183=PLANE('144249',#15182);
#15184=ORIENTED_EDGE('144846',*,*,#15005,.T.);
#15186=ORIENTED_EDGE('144856',*,*,#15185,.F.);
#15187=ORIENTED_EDGE('144857',*,*,#15070,.F.);
#15188=ORIENTED_EDGE('144853',*,*,#15172,.T.);
#15189=EDGE_LOOP('144249',(#15184,#15186,#15187,#15188));
#15190=FACE_OUTER_BOUND('144249',#15189,.F.);
#15191=ADVANCED_FACE('144249',(#15190),#15183,.F.);
#15192=CARTESIAN_POINT('',(7.5E0,4.000000000002E-2,-5.925E0));
#15193=DIRECTION('',(0.E0,9.986417138313E-1,-5.210304593903E-2));
#15194=DIRECTION('',(0.E0,-5.210304593903E-2,-9.986417138313E-1));
#15195=AXIS2_PLACEMENT_3D('',#15192,#15193,#15194);
#15196=PLANE('144250',#15195);
#15197=ORIENTED_EDGE('144847',*,*,#15003,.F.);
#15199=ORIENTED_EDGE('144858',*,*,#15198,.F.);
#15200=ORIENTED_EDGE('144859',*,*,#15072,.T.);
#15201=ORIENTED_EDGE('144856',*,*,#15185,.T.);
#15202=EDGE_LOOP('144250',(#15197,#15199,#15200,#15201));
#15203=FACE_OUTER_BOUND('144250',#15202,.F.);
#15204=ADVANCED_FACE('144250',(#15203),#15196,.F.);
#15205=CARTESIAN_POINT('',(7.5E0,2.35E-1,-5.35E0));
#15206=DIRECTION('',(0.E0,0.E0,1.E0));
#15207=DIRECTION('',(0.E0,-1.E0,0.E0));
#15208=AXIS2_PLACEMENT_3D('',#15205,#15206,#15207);
#15209=PLANE('144251',#15208);
#15210=ORIENTED_EDGE('144848',*,*,#15001,.T.);
#15212=ORIENTED_EDGE('144860',*,*,#15211,.F.);
#15213=ORIENTED_EDGE('144861',*,*,#15074,.F.);
#15214=ORIENTED_EDGE('144858',*,*,#15198,.T.);
#15215=EDGE_LOOP('144251',(#15210,#15212,#15213,#15214));
#15216=FACE_OUTER_BOUND('144251',#15215,.F.);
#15217=ADVANCED_FACE('144251',(#15216),#15209,.T.);
#15218=CARTESIAN_POINT('',(7.5E0,4.E-1,-3.523E0));
#15219=DIRECTION('',(0.E0,1.E0,0.E0));
#15220=DIRECTION('',(0.E0,0.E0,-1.E0));
#15221=AXIS2_PLACEMENT_3D('',#15218,#15219,#15220);
#15222=PLANE('144252',#15221);
#15223=ORIENTED_EDGE('146637',*,*,#10265,.F.);
#15224=ORIENTED_EDGE('146644',*,*,#15076,.F.);
#15225=ORIENTED_EDGE('144860',*,*,#15211,.T.);
#15226=ORIENTED_EDGE('146640',*,*,#14999,.T.);
#15227=EDGE_LOOP('144252',(#15223,#15224,#15225,#15226));
#15228=FACE_OUTER_BOUND('144252',#15227,.F.);
#15229=ADVANCED_FACE('144252',(#15228),#15222,.F.);
#15230=CARTESIAN_POINT('',(7.5E0,8.E-1,-3.225830548566E0));
#15231=DIRECTION('',(0.E0,1.E0,0.E0));
#15232=DIRECTION('',(0.E0,0.E0,1.E0));
#15233=AXIS2_PLACEMENT_3D('',#15230,#15231,#15232);
#15234=PLANE('144253',#15233);
#15235=ORIENTED_EDGE('146636',*,*,#10261,.F.);
#15236=ORIENTED_EDGE('146641',*,*,#14996,.T.);
#15238=ORIENTED_EDGE('144862',*,*,#15237,.F.);
#15239=ORIENTED_EDGE('146645',*,*,#15079,.F.);
#15240=EDGE_LOOP('144253',(#15235,#15236,#15238,#15239));
#15241=FACE_OUTER_BOUND('144253',#15240,.F.);
#15242=ADVANCED_FACE('144253',(#15241),#15234,.T.);
#15243=CARTESIAN_POINT('',(7.5E0,8.E-1,-3.225830548566E0));
#15244=DIRECTION('',(0.E0,1.E0,0.E0));
#15245=DIRECTION('',(0.E0,0.E0,1.E0));
#15246=AXIS2_PLACEMENT_3D('',#15243,#15244,#15245);
#15247=PLANE('144253',#15246);
#15248=ORIENTED_EDGE('147667',*,*,#11794,.F.);
#15249=ORIENTED_EDGE('147835',*,*,#15022,.T.);
#15250=ORIENTED_EDGE('146624',*,*,#12664,.T.);
#15251=ORIENTED_EDGE('147836',*,*,#15095,.F.);
#15252=EDGE_LOOP('144253',(#15248,#15249,#15250,#15251));
#15253=FACE_OUTER_BOUND('144253',#15252,.F.);
#15254=ADVANCED_FACE('144253',(#15253),#15247,.T.);
#15255=CARTESIAN_POINT('',(7.5E0,1.044499170342E0,-4.901735931288E0));
#15256=DIRECTION('',(0.E0,0.E0,1.E0));
#15257=DIRECTION('',(0.E0,-1.E0,0.E0));
#15258=AXIS2_PLACEMENT_3D('',#15255,#15256,#15257);
#15259=PLANE('144254',#15258);
#15260=ORIENTED_EDGE('144849',*,*,#14994,.T.);
#15262=ORIENTED_EDGE('144863',*,*,#15261,.F.);
#15263=ORIENTED_EDGE('144864',*,*,#15081,.F.);
#15264=ORIENTED_EDGE('144862',*,*,#15237,.T.);
#15265=EDGE_LOOP('144254',(#15260,#15262,#15263,#15264));
#15266=FACE_OUTER_BOUND('144254',#15265,.F.);
#15267=ADVANCED_FACE('144254',(#15266),#15259,.T.);
#15268=CARTESIAN_POINT('',(7.5E0,1.497893703149E0,-4.614929465179E0));
#15269=DIRECTION('',(0.E0,8.083218440240E-1,-5.887408568068E-1));
#15270=DIRECTION('',(0.E0,-5.887408568068E-1,-8.083218440240E-1));
#15271=AXIS2_PLACEMENT_3D('',#15268,#15269,#15270);
#15272=PLANE('144255',#15271);
#15273=ORIENTED_EDGE('146635',*,*,#10275,.F.);
#15274=ORIENTED_EDGE('146646',*,*,#15083,.T.);
#15275=ORIENTED_EDGE('144863',*,*,#15261,.T.);
#15276=ORIENTED_EDGE('146642',*,*,#14992,.F.);
#15277=EDGE_LOOP('144255',(#15273,#15274,#15275,#15276));
#15278=FACE_OUTER_BOUND('144255',#15277,.F.);
#15279=ADVANCED_FACE('144255',(#15278),#15272,.F.);
#15280=CARTESIAN_POINT('',(8.25E0,1.275E0,-2.475E0));
#15281=DIRECTION('',(1.E0,0.E0,0.E0));
#15282=DIRECTION('',(0.E0,0.E0,1.E0));
#15283=AXIS2_PLACEMENT_3D('',#15280,#15281,#15282);
#15284=PLANE('144045',#15283);
#15285=ORIENTED_EDGE('158635',*,*,#11698,.T.);
#15286=ORIENTED_EDGE('158652',*,*,#11800,.T.);
#15287=ORIENTED_EDGE('147797',*,*,#12123,.T.);
#15288=ORIENTED_EDGE('158641',*,*,#12659,.T.);
#15289=EDGE_LOOP('144045',(#15285,#15286,#15287,#15288));
#15290=FACE_OUTER_BOUND('144045',#15289,.F.);
#15291=ADVANCED_FACE('144045',(#15290),#15284,.F.);
#15292=CARTESIAN_POINT('',(-3.75E-1,1.0435E0,-3.625823558526E0));
#15293=DIRECTION('',(1.E0,0.E0,0.E0));
#15294=DIRECTION('',(0.E0,0.E0,-1.E0));
#15295=AXIS2_PLACEMENT_3D('',#15292,#15293,#15294);
#15296=PLANE('153951',#15295);
#15298=ORIENTED_EDGE('154684',*,*,#15297,.T.);
#15299=ORIENTED_EDGE('154871',*,*,#11147,.T.);
#15300=ORIENTED_EDGE('154869',*,*,#12561,.T.);
#15301=ORIENTED_EDGE('154863',*,*,#12831,.F.);
#15303=ORIENTED_EDGE('154885',*,*,#15302,.T.);
#15305=ORIENTED_EDGE('154327',*,*,#15304,.T.);
#15307=ORIENTED_EDGE('154328',*,*,#15306,.T.);
#15308=EDGE_LOOP('153951',(#15298,#15299,#15300,#15301,#15303,#15305,#15307));
#15309=FACE_OUTER_BOUND('153951',#15308,.F.);
#15310=ADVANCED_FACE('153951',(#15309),#15296,.T.);
#15311=CARTESIAN_POINT('',(-3.75E-1,1.0435E0,-3.625823558526E0));
#15312=DIRECTION('',(1.E0,0.E0,0.E0));
#15313=DIRECTION('',(0.E0,0.E0,-1.E0));
#15314=AXIS2_PLACEMENT_3D('',#15311,#15312,#15313);
#15315=PLANE('153951',#15314);
#15317=ORIENTED_EDGE('154685',*,*,#15316,.T.);
#15319=ORIENTED_EDGE('154329',*,*,#15318,.F.);
#15321=ORIENTED_EDGE('154322',*,*,#15320,.T.);
#15323=ORIENTED_EDGE('154323',*,*,#15322,.F.);
#15325=ORIENTED_EDGE('154324',*,*,#15324,.T.);
#15327=ORIENTED_EDGE('154325',*,*,#15326,.F.);
#15329=ORIENTED_EDGE('154882',*,*,#15328,.F.);
#15331=ORIENTED_EDGE('154874',*,*,#15330,.F.);
#15333=ORIENTED_EDGE('154883',*,*,#15332,.F.);
#15335=ORIENTED_EDGE('154326',*,*,#15334,.F.);
#15337=ORIENTED_EDGE('154884',*,*,#15336,.T.);
#15339=ORIENTED_EDGE('154875',*,*,#15338,.F.);
#15340=EDGE_LOOP('153951',(#15317,#15319,#15321,#15323,#15325,#15327,#15329,
#15331,#15333,#15335,#15337,#15339));
#15341=FACE_OUTER_BOUND('153951',#15340,.F.);
#15342=ADVANCED_FACE('153951',(#15341),#15315,.T.);
#15343=CARTESIAN_POINT('',(-3.75E-1,1.0435E0,-3.625823558526E0));
#15344=DIRECTION('',(1.E0,0.E0,0.E0));
#15345=DIRECTION('',(0.E0,0.E0,-1.E0));
#15346=AXIS2_PLACEMENT_3D('',#15343,#15344,#15345);
#15347=PLANE('153951',#15346);
#15348=ORIENTED_EDGE('155134',*,*,#11867,.T.);
#15350=ORIENTED_EDGE('155168',*,*,#15349,.F.);
#15351=ORIENTED_EDGE('154864',*,*,#12717,.F.);
#15352=ORIENTED_EDGE('155194',*,*,#12153,.T.);
#15353=EDGE_LOOP('153951',(#15348,#15350,#15351,#15352));
#15354=FACE_OUTER_BOUND('153951',#15353,.F.);
#15355=ADVANCED_FACE('153951',(#15354),#15347,.T.);
#15356=CARTESIAN_POINT('',(-5.E-1,1.9885E0,-2.240794027022E0));
#15357=DIRECTION('',(0.E0,-9.982387017932E-1,-5.932532547141E-2));
#15358=DIRECTION('',(0.E0,-5.932532547141E-2,9.982387017932E-1));
#15359=AXIS2_PLACEMENT_3D('',#15356,#15357,#15358);
#15360=PLANE('153963',#15359);
#15361=ORIENTED_EDGE('154684',*,*,#15297,.F.);
#15363=ORIENTED_EDGE('154345',*,*,#15362,.T.);
#15365=ORIENTED_EDGE('154686',*,*,#15364,.T.);
#15366=ORIENTED_EDGE('154872',*,*,#11149,.T.);
#15367=EDGE_LOOP('153963',(#15361,#15363,#15365,#15366));
#15368=FACE_OUTER_BOUND('153963',#15367,.F.);
#15369=ADVANCED_FACE('153963',(#15368),#15360,.F.);
#15370=CARTESIAN_POINT('',(-5.E-1,1.650200782678E0,-1.150823558526E0));
#15371=DIRECTION('',(0.E0,-8.476985317158E-1,5.304782741328E-1));
#15372=DIRECTION('',(0.E0,-5.304782741328E-1,-8.476985317158E-1));
#15373=AXIS2_PLACEMENT_3D('',#15370,#15371,#15372);
#15374=PLANE('153962',#15373);
#15375=ORIENTED_EDGE('154328',*,*,#15306,.F.);
#15377=ORIENTED_EDGE('154343',*,*,#15376,.T.);
#15379=ORIENTED_EDGE('154346',*,*,#15378,.T.);
#15380=ORIENTED_EDGE('154345',*,*,#15362,.F.);
#15381=EDGE_LOOP('153962',(#15375,#15377,#15379,#15380));
#15382=FACE_OUTER_BOUND('153962',#15381,.F.);
#15383=ADVANCED_FACE('153962',(#15382),#15374,.T.);
#15384=CARTESIAN_POINT('',(-5.E-1,1.527157408706E0,-1.623182520279E0));
#15385=DIRECTION('',(0.E0,-5.000000000016E-1,-8.660254037835E-1));
#15386=DIRECTION('',(0.E0,8.660254037835E-1,-5.000000000016E-1));
#15387=AXIS2_PLACEMENT_3D('',#15384,#15385,#15386);
#15388=PLANE('153961',#15387);
#15389=ORIENTED_EDGE('154327',*,*,#15304,.F.);
#15391=ORIENTED_EDGE('154342',*,*,#15390,.T.);
#15393=ORIENTED_EDGE('154344',*,*,#15392,.T.);
#15394=ORIENTED_EDGE('154343',*,*,#15376,.F.);
#15395=EDGE_LOOP('153961',(#15389,#15391,#15393,#15394));
#15396=FACE_OUTER_BOUND('153961',#15395,.F.);
#15397=ADVANCED_FACE('153961',(#15396),#15388,.T.);
#15398=CARTESIAN_POINT('',(-5.E-1,1.680351158834E0,-3.012244019815E0));
#15399=DIRECTION('',(0.E0,-9.997982280545E-1,-2.008738855786E-2));
#15400=DIRECTION('',(0.E0,2.008738855786E-2,-9.997982280545E-1));
#15401=AXIS2_PLACEMENT_3D('',#15398,#15399,#15400);
#15402=PLANE('153960',#15401);
#15403=ORIENTED_EDGE('154865',*,*,#12829,.T.);
#15405=ORIENTED_EDGE('154889',*,*,#15404,.T.);
#15406=ORIENTED_EDGE('154342',*,*,#15390,.F.);
#15407=ORIENTED_EDGE('154885',*,*,#15302,.F.);
#15408=EDGE_LOOP('153960',(#15403,#15405,#15406,#15407));
#15409=FACE_OUTER_BOUND('153960',#15408,.F.);
#15410=ADVANCED_FACE('153960',(#15409),#15402,.T.);
#15411=CARTESIAN_POINT('',(-6.25E-1,1.0435E0,-3.625823558526E0));
#15412=DIRECTION('',(1.E0,0.E0,0.E0));
#15413=DIRECTION('',(0.E0,0.E0,-1.E0));
#15414=AXIS2_PLACEMENT_3D('',#15411,#15412,#15413);
#15415=PLANE('153966',#15414);
#15416=ORIENTED_EDGE('154686',*,*,#15364,.F.);
#15417=ORIENTED_EDGE('154346',*,*,#15378,.F.);
#15418=ORIENTED_EDGE('154344',*,*,#15392,.F.);
#15419=ORIENTED_EDGE('154889',*,*,#15404,.F.);
#15420=ORIENTED_EDGE('154867',*,*,#12827,.T.);
#15421=ORIENTED_EDGE('154870',*,*,#12328,.F.);
#15422=ORIENTED_EDGE('154873',*,*,#11151,.F.);
#15423=EDGE_LOOP('153966',(#15416,#15417,#15418,#15419,#15420,#15421,#15422));
#15424=FACE_OUTER_BOUND('153966',#15423,.F.);
#15425=ADVANCED_FACE('153966',(#15424),#15415,.F.);
#15426=CARTESIAN_POINT('',(-6.25E-1,1.0435E0,-3.625823558526E0));
#15427=DIRECTION('',(1.E0,0.E0,0.E0));
#15428=DIRECTION('',(0.E0,0.E0,-1.E0));
#15429=AXIS2_PLACEMENT_3D('',#15426,#15427,#15428);
#15430=PLANE('153966',#15429);
#15432=ORIENTED_EDGE('154687',*,*,#15431,.F.);
#15434=ORIENTED_EDGE('154881',*,*,#15433,.T.);
#15436=ORIENTED_EDGE('154888',*,*,#15435,.F.);
#15438=ORIENTED_EDGE('154341',*,*,#15437,.T.);
#15440=ORIENTED_EDGE('154887',*,*,#15439,.T.);
#15442=ORIENTED_EDGE('154880',*,*,#15441,.T.);
#15444=ORIENTED_EDGE('154886',*,*,#15443,.T.);
#15446=ORIENTED_EDGE('154338',*,*,#15445,.T.);
#15448=ORIENTED_EDGE('154336',*,*,#15447,.F.);
#15450=ORIENTED_EDGE('154334',*,*,#15449,.T.);
#15452=ORIENTED_EDGE('154331',*,*,#15451,.F.);
#15454=ORIENTED_EDGE('154348',*,*,#15453,.T.);
#15455=EDGE_LOOP('153966',(#15432,#15434,#15436,#15438,#15440,#15442,#15444,
#15446,#15448,#15450,#15452,#15454));
#15456=FACE_OUTER_BOUND('153966',#15455,.F.);
#15457=ADVANCED_FACE('153966',(#15456),#15430,.F.);
#15458=CARTESIAN_POINT('',(-6.25E-1,1.0435E0,-3.625823558526E0));
#15459=DIRECTION('',(1.E0,0.E0,0.E0));
#15460=DIRECTION('',(0.E0,0.E0,-1.E0));
#15461=AXIS2_PLACEMENT_3D('',#15458,#15459,#15460);
#15462=PLANE('153966',#15461);
#15463=ORIENTED_EDGE('155136',*,*,#11863,.F.);
#15464=ORIENTED_EDGE('155195',*,*,#12003,.F.);
#15465=ORIENTED_EDGE('154868',*,*,#12721,.T.);
#15467=ORIENTED_EDGE('155169',*,*,#15466,.T.);
#15468=EDGE_LOOP('153966',(#15463,#15464,#15465,#15467));
#15469=FACE_OUTER_BOUND('153966',#15468,.F.);
#15470=ADVANCED_FACE('153966',(#15469),#15462,.F.);
#15471=CARTESIAN_POINT('',(-5.E-1,2.077E0,-4.714970468495E0));
#15472=DIRECTION('',(0.E0,-1.E0,0.E0));
#15473=DIRECTION('',(0.E0,0.E0,1.E0));
#15474=AXIS2_PLACEMENT_3D('',#15471,#15472,#15473);
#15475=PLANE('153964',#15474);
#15476=ORIENTED_EDGE('154685',*,*,#15316,.F.);
#15478=ORIENTED_EDGE('154876',*,*,#15477,.F.);
#15479=ORIENTED_EDGE('154687',*,*,#15431,.T.);
#15481=ORIENTED_EDGE('154347',*,*,#15480,.F.);
#15482=EDGE_LOOP('153964',(#15476,#15478,#15479,#15481));
#15483=FACE_OUTER_BOUND('153964',#15482,.F.);
#15484=ADVANCED_FACE('153964',(#15483),#15475,.F.);
#15485=CARTESIAN_POINT('',(-5.E-1,1.35E0,-4.85E0));
#15486=DIRECTION('',(0.E0,0.E0,-1.E0));
#15487=DIRECTION('',(-1.E0,0.E0,0.E0));
#15488=AXIS2_PLACEMENT_3D('',#15485,#15486,#15487);
#15489=PLANE('153800',#15488);
#15490=ORIENTED_EDGE('154475',*,*,#10083,.F.);
#15492=ORIENTED_EDGE('154529',*,*,#15491,.F.);
#15493=ORIENTED_EDGE('154530',*,*,#9948,.F.);
#15495=ORIENTED_EDGE('154531',*,*,#15494,.T.);
#15496=EDGE_LOOP('153800',(#15490,#15492,#15493,#15495));
#15497=FACE_OUTER_BOUND('153800',#15496,.F.);
#15498=ORIENTED_EDGE('154874',*,*,#15330,.T.);
#15500=ORIENTED_EDGE('154879',*,*,#15499,.T.);
#15501=ORIENTED_EDGE('154880',*,*,#15441,.F.);
#15503=ORIENTED_EDGE('154878',*,*,#15502,.T.);
#15504=EDGE_LOOP('153800',(#15498,#15500,#15501,#15503));
#15505=FACE_BOUND('153800',#15504,.F.);
#15506=ORIENTED_EDGE('154875',*,*,#15338,.T.);
#15508=ORIENTED_EDGE('154877',*,*,#15507,.T.);
#15509=ORIENTED_EDGE('154881',*,*,#15433,.F.);
#15510=ORIENTED_EDGE('154876',*,*,#15477,.T.);
#15511=EDGE_LOOP('153800',(#15506,#15508,#15509,#15510));
#15512=FACE_BOUND('153800',#15511,.F.);
#15513=ADVANCED_FACE('153800',(#15497,#15505,#15512),#15489,.T.);
#15514=CARTESIAN_POINT('',(-3.5E-1,1.35E0,-4.925E0));
#15515=DIRECTION('',(1.E0,0.E0,0.E0));
#15516=DIRECTION('',(0.E0,0.E0,1.E0));
#15517=AXIS2_PLACEMENT_3D('',#15514,#15515,#15516);
#15518=PLANE('153842',#15517);
#15519=ORIENTED_EDGE('154474',*,*,#10081,.T.);
#15521=ORIENTED_EDGE('154641',*,*,#15520,.T.);
#15522=ORIENTED_EDGE('154588',*,*,#9950,.T.);
#15523=ORIENTED_EDGE('154529',*,*,#15491,.T.);
#15524=EDGE_LOOP('153842',(#15519,#15521,#15522,#15523));
#15525=FACE_OUTER_BOUND('153842',#15524,.F.);
#15526=ADVANCED_FACE('153842',(#15525),#15518,.F.);
#15527=CARTESIAN_POINT('',(-2.75E-1,1.35E0,-5.25E0));
#15528=DIRECTION('',(9.578262852205E-1,0.E0,2.873478855684E-1));
#15529=DIRECTION('',(-2.873478855684E-1,0.E0,9.578262852205E-1));
#15530=AXIS2_PLACEMENT_3D('',#15527,#15528,#15529);
#15531=PLANE('153841',#15530);
#15532=ORIENTED_EDGE('154473',*,*,#10079,.F.);
#15533=ORIENTED_EDGE('154640',*,*,#9967,.T.);
#15534=ORIENTED_EDGE('154587',*,*,#9952,.T.);
#15535=ORIENTED_EDGE('154641',*,*,#15520,.F.);
#15536=EDGE_LOOP('153841',(#15532,#15533,#15534,#15535));
#15537=FACE_OUTER_BOUND('153841',#15536,.F.);
#15538=ADVANCED_FACE('153841',(#15537),#15531,.F.);
#15539=CARTESIAN_POINT('',(-6.5E-1,1.35E0,-4.925E0));
#15540=DIRECTION('',(1.E0,0.E0,0.E0));
#15541=DIRECTION('',(0.E0,0.E0,-1.E0));
#15542=AXIS2_PLACEMENT_3D('',#15539,#15540,#15541);
#15543=PLANE('153843',#15542);
#15544=ORIENTED_EDGE('154476',*,*,#10085,.F.);
#15545=ORIENTED_EDGE('154531',*,*,#15494,.F.);
#15546=ORIENTED_EDGE('154589',*,*,#9946,.F.);
#15548=ORIENTED_EDGE('154642',*,*,#15547,.T.);
#15549=EDGE_LOOP('153843',(#15544,#15545,#15546,#15548));
#15550=FACE_OUTER_BOUND('153843',#15549,.F.);
#15551=ADVANCED_FACE('153843',(#15550),#15543,.T.);
#15552=CARTESIAN_POINT('',(-7.25E-1,1.35E0,-5.25E0));
#15553=DIRECTION('',(9.578262852205E-1,0.E0,-2.873478855684E-1));
#15554=DIRECTION('',(-2.873478855684E-1,0.E0,-9.578262852205E-1));
#15555=AXIS2_PLACEMENT_3D('',#15552,#15553,#15554);
#15556=PLANE('153844',#15555);
#15557=ORIENTED_EDGE('154477',*,*,#10087,.F.);
#15558=ORIENTED_EDGE('154642',*,*,#15547,.F.);
#15559=ORIENTED_EDGE('154590',*,*,#9944,.T.);
#15561=ORIENTED_EDGE('154643',*,*,#15560,.T.);
#15562=EDGE_LOOP('153844',(#15557,#15558,#15559,#15561));
#15563=FACE_OUTER_BOUND('153844',#15562,.F.);
#15564=ADVANCED_FACE('153844',(#15563),#15556,.T.);
#15565=CARTESIAN_POINT('',(-1.E0,1.35E0,-5.5E0));
#15566=DIRECTION('',(0.E0,0.E0,-1.E0));
#15567=DIRECTION('',(1.E0,0.E0,0.E0));
#15568=AXIS2_PLACEMENT_3D('',#15565,#15566,#15567);
#15569=PLANE('153845',#15568);
#15570=ORIENTED_EDGE('154478',*,*,#10089,.F.);
#15571=ORIENTED_EDGE('154643',*,*,#15560,.F.);
#15572=ORIENTED_EDGE('154591',*,*,#9942,.F.);
#15574=ORIENTED_EDGE('154644',*,*,#15573,.F.);
#15575=EDGE_LOOP('153845',(#15570,#15571,#15572,#15574));
#15576=FACE_OUTER_BOUND('153845',#15575,.F.);
#15577=ADVANCED_FACE('153845',(#15576),#15569,.T.);
#15578=CARTESIAN_POINT('',(-1.275E0,1.35E0,-5.25E0));
#15579=DIRECTION('',(9.578262852205E-1,0.E0,2.873478855684E-1));
#15580=DIRECTION('',(-2.873478855684E-1,0.E0,9.578262852205E-1));
#15581=AXIS2_PLACEMENT_3D('',#15578,#15579,#15580);
#15582=PLANE('153846',#15581);
#15583=ORIENTED_EDGE('154479',*,*,#10091,.F.);
#15584=ORIENTED_EDGE('154644',*,*,#15573,.T.);
#15585=ORIENTED_EDGE('154592',*,*,#9940,.T.);
#15587=ORIENTED_EDGE('154645',*,*,#15586,.F.);
#15588=EDGE_LOOP('153846',(#15583,#15584,#15585,#15587));
#15589=FACE_OUTER_BOUND('153846',#15588,.F.);
#15590=ADVANCED_FACE('153846',(#15589),#15582,.F.);
#15591=CARTESIAN_POINT('',(-1.35E0,1.35E0,-4.925E0));
#15592=DIRECTION('',(1.E0,0.E0,0.E0));
#15593=DIRECTION('',(0.E0,0.E0,1.E0));
#15594=AXIS2_PLACEMENT_3D('',#15591,#15592,#15593);
#15595=PLANE('153847',#15594);
#15596=ORIENTED_EDGE('154480',*,*,#10093,.T.);
#15597=ORIENTED_EDGE('154645',*,*,#15586,.T.);
#15598=ORIENTED_EDGE('154593',*,*,#9938,.T.);
#15600=ORIENTED_EDGE('154532',*,*,#15599,.T.);
#15601=EDGE_LOOP('153847',(#15596,#15597,#15598,#15600));
#15602=FACE_OUTER_BOUND('153847',#15601,.F.);
#15603=ADVANCED_FACE('153847',(#15602),#15595,.F.);
#15604=CARTESIAN_POINT('',(-1.5E0,1.35E0,-4.85E0));
#15605=DIRECTION('',(0.E0,0.E0,-1.E0));
#15606=DIRECTION('',(-1.E0,0.E0,0.E0));
#15607=AXIS2_PLACEMENT_3D('',#15604,#15605,#15606);
#15608=PLANE('153801',#15607);
#15609=ORIENTED_EDGE('154481',*,*,#10095,.F.);
#15610=ORIENTED_EDGE('154532',*,*,#15599,.F.);
#15611=ORIENTED_EDGE('154533',*,*,#9936,.F.);
#15613=ORIENTED_EDGE('154534',*,*,#15612,.T.);
#15614=EDGE_LOOP('153801',(#15609,#15610,#15611,#15613));
#15615=FACE_OUTER_BOUND('153801',#15614,.F.);
#15617=ORIENTED_EDGE('154844',*,*,#15616,.T.);
#15619=ORIENTED_EDGE('154849',*,*,#15618,.T.);
#15621=ORIENTED_EDGE('154850',*,*,#15620,.F.);
#15623=ORIENTED_EDGE('154848',*,*,#15622,.T.);
#15624=EDGE_LOOP('153801',(#15617,#15619,#15621,#15623));
#15625=FACE_BOUND('153801',#15624,.F.);
#15627=ORIENTED_EDGE('154845',*,*,#15626,.T.);
#15629=ORIENTED_EDGE('154847',*,*,#15628,.T.);
#15631=ORIENTED_EDGE('154851',*,*,#15630,.F.);
#15633=ORIENTED_EDGE('154846',*,*,#15632,.T.);
#15634=EDGE_LOOP('153801',(#15627,#15629,#15631,#15633));
#15635=FACE_BOUND('153801',#15634,.F.);
#15636=ADVANCED_FACE('153801',(#15615,#15625,#15635),#15608,.T.);
#15637=CARTESIAN_POINT('',(-1.65E0,1.35E0,-4.925E0));
#15638=DIRECTION('',(1.E0,0.E0,0.E0));
#15639=DIRECTION('',(0.E0,0.E0,-1.E0));
#15640=AXIS2_PLACEMENT_3D('',#15637,#15638,#15639);
#15641=PLANE('153848',#15640);
#15642=ORIENTED_EDGE('154482',*,*,#10097,.F.);
#15643=ORIENTED_EDGE('154534',*,*,#15612,.F.);
#15644=ORIENTED_EDGE('154594',*,*,#9934,.F.);
#15646=ORIENTED_EDGE('154646',*,*,#15645,.T.);
#15647=EDGE_LOOP('153848',(#15642,#15643,#15644,#15646));
#15648=FACE_OUTER_BOUND('153848',#15647,.F.);
#15649=ADVANCED_FACE('153848',(#15648),#15641,.T.);
#15650=CARTESIAN_POINT('',(-1.725E0,1.35E0,-5.25E0));
#15651=DIRECTION('',(9.578262852205E-1,0.E0,-2.873478855684E-1));
#15652=DIRECTION('',(-2.873478855684E-1,0.E0,-9.578262852205E-1));
#15653=AXIS2_PLACEMENT_3D('',#15650,#15651,#15652);
#15654=PLANE('153849',#15653);
#15655=ORIENTED_EDGE('154483',*,*,#10099,.F.);
#15656=ORIENTED_EDGE('154646',*,*,#15645,.F.);
#15657=ORIENTED_EDGE('154595',*,*,#9932,.T.);
#15659=ORIENTED_EDGE('154647',*,*,#15658,.T.);
#15660=EDGE_LOOP('153849',(#15655,#15656,#15657,#15659));
#15661=FACE_OUTER_BOUND('153849',#15660,.F.);
#15662=ADVANCED_FACE('153849',(#15661),#15654,.T.);
#15663=CARTESIAN_POINT('',(-2.E0,1.35E0,-5.5E0));
#15664=DIRECTION('',(0.E0,0.E0,-1.E0));
#15665=DIRECTION('',(1.E0,0.E0,0.E0));
#15666=AXIS2_PLACEMENT_3D('',#15663,#15664,#15665);
#15667=PLANE('153850',#15666);
#15668=ORIENTED_EDGE('154484',*,*,#10101,.F.);
#15669=ORIENTED_EDGE('154647',*,*,#15658,.F.);
#15670=ORIENTED_EDGE('154596',*,*,#9930,.F.);
#15672=ORIENTED_EDGE('154648',*,*,#15671,.F.);
#15673=EDGE_LOOP('153850',(#15668,#15669,#15670,#15672));
#15674=FACE_OUTER_BOUND('153850',#15673,.F.);
#15675=ADVANCED_FACE('153850',(#15674),#15667,.T.);
#15676=CARTESIAN_POINT('',(-2.275E0,1.35E0,-5.25E0));
#15677=DIRECTION('',(9.578262852205E-1,0.E0,2.873478855684E-1));
#15678=DIRECTION('',(-2.873478855684E-1,0.E0,9.578262852205E-1));
#15679=AXIS2_PLACEMENT_3D('',#15676,#15677,#15678);
#15680=PLANE('153851',#15679);
#15681=ORIENTED_EDGE('154485',*,*,#10103,.F.);
#15682=ORIENTED_EDGE('154648',*,*,#15671,.T.);
#15683=ORIENTED_EDGE('154597',*,*,#9928,.T.);
#15685=ORIENTED_EDGE('154649',*,*,#15684,.F.);
#15686=EDGE_LOOP('153851',(#15681,#15682,#15683,#15685));
#15687=FACE_OUTER_BOUND('153851',#15686,.F.);
#15688=ADVANCED_FACE('153851',(#15687),#15680,.F.);
#15689=CARTESIAN_POINT('',(-2.35E0,1.35E0,-4.925E0));
#15690=DIRECTION('',(1.E0,0.E0,0.E0));
#15691=DIRECTION('',(0.E0,0.E0,1.E0));
#15692=AXIS2_PLACEMENT_3D('',#15689,#15690,#15691);
#15693=PLANE('153852',#15692);
#15694=ORIENTED_EDGE('154486',*,*,#10105,.T.);
#15695=ORIENTED_EDGE('154649',*,*,#15684,.T.);
#15696=ORIENTED_EDGE('154598',*,*,#9926,.T.);
#15698=ORIENTED_EDGE('154535',*,*,#15697,.T.);
#15699=EDGE_LOOP('153852',(#15694,#15695,#15696,#15698));
#15700=FACE_OUTER_BOUND('153852',#15699,.F.);
#15701=ADVANCED_FACE('153852',(#15700),#15693,.F.);
#15702=CARTESIAN_POINT('',(-2.5E0,1.35E0,-4.85E0));
#15703=DIRECTION('',(0.E0,0.E0,-1.E0));
#15704=DIRECTION('',(-1.E0,0.E0,0.E0));
#15705=AXIS2_PLACEMENT_3D('',#15702,#15703,#15704);
#15706=PLANE('153802',#15705);
#15707=ORIENTED_EDGE('154487',*,*,#10107,.F.);
#15708=ORIENTED_EDGE('154535',*,*,#15697,.F.);
#15709=ORIENTED_EDGE('154536',*,*,#9924,.F.);
#15711=ORIENTED_EDGE('154537',*,*,#15710,.T.);
#15712=EDGE_LOOP('153802',(#15707,#15708,#15709,#15711));
#15713=FACE_OUTER_BOUND('153802',#15712,.F.);
#15715=ORIENTED_EDGE('154814',*,*,#15714,.T.);
#15717=ORIENTED_EDGE('154819',*,*,#15716,.T.);
#15719=ORIENTED_EDGE('154820',*,*,#15718,.F.);
#15721=ORIENTED_EDGE('154818',*,*,#15720,.T.);
#15722=EDGE_LOOP('153802',(#15715,#15717,#15719,#15721));
#15723=FACE_BOUND('153802',#15722,.F.);
#15725=ORIENTED_EDGE('154815',*,*,#15724,.T.);
#15727=ORIENTED_EDGE('154817',*,*,#15726,.T.);
#15729=ORIENTED_EDGE('154821',*,*,#15728,.F.);
#15731=ORIENTED_EDGE('154816',*,*,#15730,.T.);
#15732=EDGE_LOOP('153802',(#15725,#15727,#15729,#15731));
#15733=FACE_BOUND('153802',#15732,.F.);
#15734=ADVANCED_FACE('153802',(#15713,#15723,#15733),#15706,.T.);
#15735=CARTESIAN_POINT('',(-2.65E0,1.35E0,-4.925E0));
#15736=DIRECTION('',(1.E0,0.E0,0.E0));
#15737=DIRECTION('',(0.E0,0.E0,-1.E0));
#15738=AXIS2_PLACEMENT_3D('',#15735,#15736,#15737);
#15739=PLANE('153853',#15738);
#15740=ORIENTED_EDGE('154488',*,*,#10109,.F.);
#15741=ORIENTED_EDGE('154537',*,*,#15710,.F.);
#15742=ORIENTED_EDGE('154599',*,*,#9922,.F.);
#15744=ORIENTED_EDGE('154650',*,*,#15743,.T.);
#15745=EDGE_LOOP('153853',(#15740,#15741,#15742,#15744));
#15746=FACE_OUTER_BOUND('153853',#15745,.F.);
#15747=ADVANCED_FACE('153853',(#15746),#15739,.T.);
#15748=CARTESIAN_POINT('',(-2.725E0,1.35E0,-5.25E0));
#15749=DIRECTION('',(9.578262852205E-1,0.E0,-2.873478855684E-1));
#15750=DIRECTION('',(-2.873478855684E-1,0.E0,-9.578262852205E-1));
#15751=AXIS2_PLACEMENT_3D('',#15748,#15749,#15750);
#15752=PLANE('153854',#15751);
#15753=ORIENTED_EDGE('154489',*,*,#10111,.F.);
#15754=ORIENTED_EDGE('154650',*,*,#15743,.F.);
#15755=ORIENTED_EDGE('154600',*,*,#9920,.T.);
#15757=ORIENTED_EDGE('154651',*,*,#15756,.T.);
#15758=EDGE_LOOP('153854',(#15753,#15754,#15755,#15757));
#15759=FACE_OUTER_BOUND('153854',#15758,.F.);
#15760=ADVANCED_FACE('153854',(#15759),#15752,.T.);
#15761=CARTESIAN_POINT('',(-3.000000000001E0,1.35E0,-5.5E0));
#15762=DIRECTION('',(0.E0,0.E0,-1.E0));
#15763=DIRECTION('',(1.E0,0.E0,0.E0));
#15764=AXIS2_PLACEMENT_3D('',#15761,#15762,#15763);
#15765=PLANE('153855',#15764);
#15766=ORIENTED_EDGE('154490',*,*,#10113,.F.);
#15767=ORIENTED_EDGE('154651',*,*,#15756,.F.);
#15768=ORIENTED_EDGE('154601',*,*,#9918,.F.);
#15770=ORIENTED_EDGE('154652',*,*,#15769,.F.);
#15771=EDGE_LOOP('153855',(#15766,#15767,#15768,#15770));
#15772=FACE_OUTER_BOUND('153855',#15771,.F.);
#15773=ADVANCED_FACE('153855',(#15772),#15765,.T.);
#15774=CARTESIAN_POINT('',(-3.275E0,1.35E0,-5.25E0));
#15775=DIRECTION('',(9.578262852205E-1,0.E0,2.873478855684E-1));
#15776=DIRECTION('',(-2.873478855684E-1,0.E0,9.578262852205E-1));
#15777=AXIS2_PLACEMENT_3D('',#15774,#15775,#15776);
#15778=PLANE('153856',#15777);
#15779=ORIENTED_EDGE('154491',*,*,#10115,.F.);
#15780=ORIENTED_EDGE('154652',*,*,#15769,.T.);
#15781=ORIENTED_EDGE('154602',*,*,#9916,.T.);
#15783=ORIENTED_EDGE('154653',*,*,#15782,.F.);
#15784=EDGE_LOOP('153856',(#15779,#15780,#15781,#15783));
#15785=FACE_OUTER_BOUND('153856',#15784,.F.);
#15786=ADVANCED_FACE('153856',(#15785),#15778,.F.);
#15787=CARTESIAN_POINT('',(-3.35E0,1.35E0,-4.925E0));
#15788=DIRECTION('',(1.E0,0.E0,0.E0));
#15789=DIRECTION('',(0.E0,0.E0,1.E0));
#15790=AXIS2_PLACEMENT_3D('',#15787,#15788,#15789);
#15791=PLANE('153857',#15790);
#15792=ORIENTED_EDGE('154492',*,*,#10117,.T.);
#15793=ORIENTED_EDGE('154653',*,*,#15782,.T.);
#15794=ORIENTED_EDGE('154603',*,*,#9914,.T.);
#15796=ORIENTED_EDGE('154538',*,*,#15795,.T.);
#15797=EDGE_LOOP('153857',(#15792,#15793,#15794,#15796));
#15798=FACE_OUTER_BOUND('153857',#15797,.F.);
#15799=ADVANCED_FACE('153857',(#15798),#15791,.F.);
#15800=CARTESIAN_POINT('',(-3.5E0,1.35E0,-4.85E0));
#15801=DIRECTION('',(0.E0,0.E0,-1.E0));
#15802=DIRECTION('',(-1.E0,0.E0,0.E0));
#15803=AXIS2_PLACEMENT_3D('',#15800,#15801,#15802);
#15804=PLANE('153803',#15803);
#15805=ORIENTED_EDGE('154493',*,*,#10119,.F.);
#15806=ORIENTED_EDGE('154538',*,*,#15795,.F.);
#15807=ORIENTED_EDGE('154539',*,*,#9912,.F.);
#15809=ORIENTED_EDGE('154540',*,*,#15808,.T.);
#15810=EDGE_LOOP('153803',(#15805,#15806,#15807,#15809));
#15811=FACE_OUTER_BOUND('153803',#15810,.F.);
#15813=ORIENTED_EDGE('154784',*,*,#15812,.T.);
#15815=ORIENTED_EDGE('154789',*,*,#15814,.T.);
#15817=ORIENTED_EDGE('154790',*,*,#15816,.F.);
#15819=ORIENTED_EDGE('154788',*,*,#15818,.T.);
#15820=EDGE_LOOP('153803',(#15813,#15815,#15817,#15819));
#15821=FACE_BOUND('153803',#15820,.F.);
#15823=ORIENTED_EDGE('154785',*,*,#15822,.T.);
#15825=ORIENTED_EDGE('154787',*,*,#15824,.T.);
#15827=ORIENTED_EDGE('154791',*,*,#15826,.F.);
#15829=ORIENTED_EDGE('154786',*,*,#15828,.T.);
#15830=EDGE_LOOP('153803',(#15823,#15825,#15827,#15829));
#15831=FACE_BOUND('153803',#15830,.F.);
#15832=ADVANCED_FACE('153803',(#15811,#15821,#15831),#15804,.T.);
#15833=CARTESIAN_POINT('',(-3.65E0,1.35E0,-4.925E0));
#15834=DIRECTION('',(1.E0,0.E0,0.E0));
#15835=DIRECTION('',(0.E0,0.E0,-1.E0));
#15836=AXIS2_PLACEMENT_3D('',#15833,#15834,#15835);
#15837=PLANE('153858',#15836);
#15838=ORIENTED_EDGE('154494',*,*,#10121,.F.);
#15839=ORIENTED_EDGE('154540',*,*,#15808,.F.);
#15840=ORIENTED_EDGE('154604',*,*,#9910,.F.);
#15842=ORIENTED_EDGE('154654',*,*,#15841,.T.);
#15843=EDGE_LOOP('153858',(#15838,#15839,#15840,#15842));
#15844=FACE_OUTER_BOUND('153858',#15843,.F.);
#15845=ADVANCED_FACE('153858',(#15844),#15837,.T.);
#15846=CARTESIAN_POINT('',(-3.725E0,1.35E0,-5.25E0));
#15847=DIRECTION('',(9.578262852205E-1,0.E0,-2.873478855684E-1));
#15848=DIRECTION('',(-2.873478855684E-1,0.E0,-9.578262852205E-1));
#15849=AXIS2_PLACEMENT_3D('',#15846,#15847,#15848);
#15850=PLANE('153859',#15849);
#15851=ORIENTED_EDGE('154495',*,*,#10123,.F.);
#15852=ORIENTED_EDGE('154654',*,*,#15841,.F.);
#15853=ORIENTED_EDGE('154605',*,*,#9908,.T.);
#15855=ORIENTED_EDGE('154655',*,*,#15854,.T.);
#15856=EDGE_LOOP('153859',(#15851,#15852,#15853,#15855));
#15857=FACE_OUTER_BOUND('153859',#15856,.F.);
#15858=ADVANCED_FACE('153859',(#15857),#15850,.T.);
#15859=CARTESIAN_POINT('',(-4.E0,1.35E0,-5.5E0));
#15860=DIRECTION('',(0.E0,0.E0,-1.E0));
#15861=DIRECTION('',(1.E0,0.E0,0.E0));
#15862=AXIS2_PLACEMENT_3D('',#15859,#15860,#15861);
#15863=PLANE('153860',#15862);
#15864=ORIENTED_EDGE('154496',*,*,#10125,.F.);
#15865=ORIENTED_EDGE('154655',*,*,#15854,.F.);
#15866=ORIENTED_EDGE('154606',*,*,#9906,.F.);
#15868=ORIENTED_EDGE('154656',*,*,#15867,.F.);
#15869=EDGE_LOOP('153860',(#15864,#15865,#15866,#15868));
#15870=FACE_OUTER_BOUND('153860',#15869,.F.);
#15871=ADVANCED_FACE('153860',(#15870),#15863,.T.);
#15872=CARTESIAN_POINT('',(-4.275E0,1.35E0,-5.25E0));
#15873=DIRECTION('',(9.578262852205E-1,0.E0,2.873478855684E-1));
#15874=DIRECTION('',(-2.873478855684E-1,0.E0,9.578262852205E-1));
#15875=AXIS2_PLACEMENT_3D('',#15872,#15873,#15874);
#15876=PLANE('153861',#15875);
#15877=ORIENTED_EDGE('154497',*,*,#10127,.F.);
#15878=ORIENTED_EDGE('154656',*,*,#15867,.T.);
#15879=ORIENTED_EDGE('154607',*,*,#9904,.T.);
#15881=ORIENTED_EDGE('154657',*,*,#15880,.F.);
#15882=EDGE_LOOP('153861',(#15877,#15878,#15879,#15881));
#15883=FACE_OUTER_BOUND('153861',#15882,.F.);
#15884=ADVANCED_FACE('153861',(#15883),#15876,.F.);
#15885=CARTESIAN_POINT('',(-4.35E0,1.35E0,-4.925E0));
#15886=DIRECTION('',(1.E0,0.E0,0.E0));
#15887=DIRECTION('',(0.E0,0.E0,1.E0));
#15888=AXIS2_PLACEMENT_3D('',#15885,#15886,#15887);
#15889=PLANE('153862',#15888);
#15890=ORIENTED_EDGE('154498',*,*,#10129,.T.);
#15891=ORIENTED_EDGE('154657',*,*,#15880,.T.);
#15892=ORIENTED_EDGE('154608',*,*,#9902,.T.);
#15894=ORIENTED_EDGE('154541',*,*,#15893,.T.);
#15895=EDGE_LOOP('153862',(#15890,#15891,#15892,#15894));
#15896=FACE_OUTER_BOUND('153862',#15895,.F.);
#15897=ADVANCED_FACE('153862',(#15896),#15889,.F.);
#15898=CARTESIAN_POINT('',(-4.5E0,1.35E0,-4.85E0));
#15899=DIRECTION('',(0.E0,0.E0,-1.E0));
#15900=DIRECTION('',(-1.E0,0.E0,0.E0));
#15901=AXIS2_PLACEMENT_3D('',#15898,#15899,#15900);
#15902=PLANE('153804',#15901);
#15903=ORIENTED_EDGE('154499',*,*,#10131,.F.);
#15904=ORIENTED_EDGE('154541',*,*,#15893,.F.);
#15905=ORIENTED_EDGE('154542',*,*,#9900,.F.);
#15907=ORIENTED_EDGE('154543',*,*,#15906,.T.);
#15908=EDGE_LOOP('153804',(#15903,#15904,#15905,#15907));
#15909=FACE_OUTER_BOUND('153804',#15908,.F.);
#15911=ORIENTED_EDGE('154754',*,*,#15910,.T.);
#15913=ORIENTED_EDGE('154759',*,*,#15912,.T.);
#15915=ORIENTED_EDGE('154760',*,*,#15914,.F.);
#15917=ORIENTED_EDGE('154758',*,*,#15916,.T.);
#15918=EDGE_LOOP('153804',(#15911,#15913,#15915,#15917));
#15919=FACE_BOUND('153804',#15918,.F.);
#15921=ORIENTED_EDGE('154755',*,*,#15920,.T.);
#15923=ORIENTED_EDGE('154757',*,*,#15922,.T.);
#15925=ORIENTED_EDGE('154761',*,*,#15924,.F.);
#15927=ORIENTED_EDGE('154756',*,*,#15926,.T.);
#15928=EDGE_LOOP('153804',(#15921,#15923,#15925,#15927));
#15929=FACE_BOUND('153804',#15928,.F.);
#15930=ADVANCED_FACE('153804',(#15909,#15919,#15929),#15902,.T.);
#15931=CARTESIAN_POINT('',(-4.65E0,1.35E0,-4.925E0));
#15932=DIRECTION('',(1.E0,0.E0,0.E0));
#15933=DIRECTION('',(0.E0,0.E0,-1.E0));
#15934=AXIS2_PLACEMENT_3D('',#15931,#15932,#15933);
#15935=PLANE('153863',#15934);
#15936=ORIENTED_EDGE('154500',*,*,#10133,.F.);
#15937=ORIENTED_EDGE('154543',*,*,#15906,.F.);
#15938=ORIENTED_EDGE('154609',*,*,#9898,.F.);
#15940=ORIENTED_EDGE('154658',*,*,#15939,.T.);
#15941=EDGE_LOOP('153863',(#15936,#15937,#15938,#15940));
#15942=FACE_OUTER_BOUND('153863',#15941,.F.);
#15943=ADVANCED_FACE('153863',(#15942),#15935,.T.);
#15944=CARTESIAN_POINT('',(-4.725E0,1.35E0,-5.25E0));
#15945=DIRECTION('',(9.578262852205E-1,0.E0,-2.873478855684E-1));
#15946=DIRECTION('',(-2.873478855684E-1,0.E0,-9.578262852205E-1));
#15947=AXIS2_PLACEMENT_3D('',#15944,#15945,#15946);
#15948=PLANE('153864',#15947);
#15949=ORIENTED_EDGE('154501',*,*,#10135,.F.);
#15950=ORIENTED_EDGE('154658',*,*,#15939,.F.);
#15951=ORIENTED_EDGE('154610',*,*,#9896,.T.);
#15953=ORIENTED_EDGE('154659',*,*,#15952,.T.);
#15954=EDGE_LOOP('153864',(#15949,#15950,#15951,#15953));
#15955=FACE_OUTER_BOUND('153864',#15954,.F.);
#15956=ADVANCED_FACE('153864',(#15955),#15948,.T.);
#15957=CARTESIAN_POINT('',(-5.E0,1.35E0,-5.5E0));
#15958=DIRECTION('',(0.E0,0.E0,-1.E0));
#15959=DIRECTION('',(1.E0,0.E0,0.E0));
#15960=AXIS2_PLACEMENT_3D('',#15957,#15958,#15959);
#15961=PLANE('153865',#15960);
#15962=ORIENTED_EDGE('154502',*,*,#10137,.F.);
#15963=ORIENTED_EDGE('154659',*,*,#15952,.F.);
#15964=ORIENTED_EDGE('154611',*,*,#9894,.F.);
#15966=ORIENTED_EDGE('154660',*,*,#15965,.F.);
#15967=EDGE_LOOP('153865',(#15962,#15963,#15964,#15966));
#15968=FACE_OUTER_BOUND('153865',#15967,.F.);
#15969=ADVANCED_FACE('153865',(#15968),#15961,.T.);
#15970=CARTESIAN_POINT('',(-5.275E0,1.35E0,-5.25E0));
#15971=DIRECTION('',(9.578262852205E-1,0.E0,2.873478855684E-1));
#15972=DIRECTION('',(-2.873478855684E-1,0.E0,9.578262852205E-1));
#15973=AXIS2_PLACEMENT_3D('',#15970,#15971,#15972);
#15974=PLANE('153866',#15973);
#15975=ORIENTED_EDGE('154503',*,*,#10139,.F.);
#15976=ORIENTED_EDGE('154660',*,*,#15965,.T.);
#15977=ORIENTED_EDGE('154612',*,*,#9892,.T.);
#15979=ORIENTED_EDGE('154661',*,*,#15978,.F.);
#15980=EDGE_LOOP('153866',(#15975,#15976,#15977,#15979));
#15981=FACE_OUTER_BOUND('153866',#15980,.F.);
#15982=ADVANCED_FACE('153866',(#15981),#15974,.F.);
#15983=CARTESIAN_POINT('',(-5.35E0,1.35E0,-4.925E0));
#15984=DIRECTION('',(1.E0,0.E0,0.E0));
#15985=DIRECTION('',(0.E0,0.E0,1.E0));
#15986=AXIS2_PLACEMENT_3D('',#15983,#15984,#15985);
#15987=PLANE('153867',#15986);
#15988=ORIENTED_EDGE('154504',*,*,#10141,.T.);
#15989=ORIENTED_EDGE('154661',*,*,#15978,.T.);
#15990=ORIENTED_EDGE('154613',*,*,#9890,.T.);
#15992=ORIENTED_EDGE('154544',*,*,#15991,.T.);
#15993=EDGE_LOOP('153867',(#15988,#15989,#15990,#15992));
#15994=FACE_OUTER_BOUND('153867',#15993,.F.);
#15995=ADVANCED_FACE('153867',(#15994),#15987,.F.);
#15996=CARTESIAN_POINT('',(-5.5E0,1.35E0,-4.85E0));
#15997=DIRECTION('',(0.E0,0.E0,-1.E0));
#15998=DIRECTION('',(-1.E0,0.E0,0.E0));
#15999=AXIS2_PLACEMENT_3D('',#15996,#15997,#15998);
#16000=PLANE('153805',#15999);
#16001=ORIENTED_EDGE('154505',*,*,#10143,.F.);
#16002=ORIENTED_EDGE('154544',*,*,#15991,.F.);
#16003=ORIENTED_EDGE('154545',*,*,#9888,.F.);
#16005=ORIENTED_EDGE('154546',*,*,#16004,.T.);
#16006=EDGE_LOOP('153805',(#16001,#16002,#16003,#16005));
#16007=FACE_OUTER_BOUND('153805',#16006,.F.);
#16009=ORIENTED_EDGE('154727',*,*,#16008,.T.);
#16011=ORIENTED_EDGE('154732',*,*,#16010,.T.);
#16013=ORIENTED_EDGE('154733',*,*,#16012,.F.);
#16015=ORIENTED_EDGE('154731',*,*,#16014,.T.);
#16016=EDGE_LOOP('153805',(#16009,#16011,#16013,#16015));
#16017=FACE_BOUND('153805',#16016,.F.);
#16019=ORIENTED_EDGE('154728',*,*,#16018,.T.);
#16021=ORIENTED_EDGE('154730',*,*,#16020,.T.);
#16023=ORIENTED_EDGE('154734',*,*,#16022,.F.);
#16025=ORIENTED_EDGE('154729',*,*,#16024,.T.);
#16026=EDGE_LOOP('153805',(#16019,#16021,#16023,#16025));
#16027=FACE_BOUND('153805',#16026,.F.);
#16028=ADVANCED_FACE('153805',(#16007,#16017,#16027),#16000,.T.);
#16029=CARTESIAN_POINT('',(-5.65E0,1.35E0,-4.925E0));
#16030=DIRECTION('',(1.E0,0.E0,0.E0));
#16031=DIRECTION('',(0.E0,0.E0,-1.E0));
#16032=AXIS2_PLACEMENT_3D('',#16029,#16030,#16031);
#16033=PLANE('153868',#16032);
#16034=ORIENTED_EDGE('154506',*,*,#10145,.F.);
#16035=ORIENTED_EDGE('154546',*,*,#16004,.F.);
#16036=ORIENTED_EDGE('154614',*,*,#9886,.F.);
#16038=ORIENTED_EDGE('154662',*,*,#16037,.T.);
#16039=EDGE_LOOP('153868',(#16034,#16035,#16036,#16038));
#16040=FACE_OUTER_BOUND('153868',#16039,.F.);
#16041=ADVANCED_FACE('153868',(#16040),#16033,.T.);
#16042=CARTESIAN_POINT('',(-5.725E0,1.35E0,-5.25E0));
#16043=DIRECTION('',(9.578262852205E-1,0.E0,-2.873478855684E-1));
#16044=DIRECTION('',(-2.873478855684E-1,0.E0,-9.578262852205E-1));
#16045=AXIS2_PLACEMENT_3D('',#16042,#16043,#16044);
#16046=PLANE('153869',#16045);
#16047=ORIENTED_EDGE('154507',*,*,#10147,.F.);
#16048=ORIENTED_EDGE('154662',*,*,#16037,.F.);
#16049=ORIENTED_EDGE('154615',*,*,#9884,.T.);
#16051=ORIENTED_EDGE('154663',*,*,#16050,.T.);
#16052=EDGE_LOOP('153869',(#16047,#16048,#16049,#16051));
#16053=FACE_OUTER_BOUND('153869',#16052,.F.);
#16054=ADVANCED_FACE('153869',(#16053),#16046,.T.);
#16055=CARTESIAN_POINT('',(-6.E0,1.35E0,-5.5E0));
#16056=DIRECTION('',(0.E0,0.E0,-1.E0));
#16057=DIRECTION('',(1.E0,0.E0,0.E0));
#16058=AXIS2_PLACEMENT_3D('',#16055,#16056,#16057);
#16059=PLANE('153870',#16058);
#16060=ORIENTED_EDGE('157837',*,*,#10149,.T.);
#16061=ORIENTED_EDGE('154663',*,*,#16050,.F.);
#16062=ORIENTED_EDGE('157838',*,*,#9882,.T.);
#16064=ORIENTED_EDGE('157576',*,*,#16063,.T.);
#16065=EDGE_LOOP('153870',(#16060,#16061,#16062,#16064));
#16066=FACE_OUTER_BOUND('153870',#16065,.F.);
#16067=ADVANCED_FACE('153870',(#16066),#16059,.T.);
#16068=CARTESIAN_POINT('',(-6.275E0,1.35E0,-5.25E0));
#16069=DIRECTION('',(9.578262852205E-1,0.E0,2.873478855684E-1));
#16070=DIRECTION('',(-2.873478855684E-1,0.E0,9.578262852205E-1));
#16071=AXIS2_PLACEMENT_3D('',#16068,#16069,#16070);
#16072=PLANE('157244',#16071);
#16073=ORIENTED_EDGE('157544',*,*,#10151,.T.);
#16074=ORIENTED_EDGE('157576',*,*,#16063,.F.);
#16075=ORIENTED_EDGE('157564',*,*,#9880,.F.);
#16077=ORIENTED_EDGE('157577',*,*,#16076,.T.);
#16078=EDGE_LOOP('157244',(#16073,#16074,#16075,#16077));
#16079=FACE_OUTER_BOUND('157244',#16078,.F.);
#16080=ADVANCED_FACE('157244',(#16079),#16072,.F.);
#16081=CARTESIAN_POINT('',(-6.35E0,1.35E0,-4.925E0));
#16082=DIRECTION('',(1.E0,0.E0,0.E0));
#16083=DIRECTION('',(0.E0,0.E0,1.E0));
#16084=AXIS2_PLACEMENT_3D('',#16081,#16082,#16083);
#16085=PLANE('157245',#16084);
#16086=ORIENTED_EDGE('157545',*,*,#10153,.F.);
#16087=ORIENTED_EDGE('157577',*,*,#16076,.F.);
#16088=ORIENTED_EDGE('157565',*,*,#9878,.F.);
#16090=ORIENTED_EDGE('157558',*,*,#16089,.F.);
#16091=EDGE_LOOP('157245',(#16086,#16087,#16088,#16090));
#16092=FACE_OUTER_BOUND('157245',#16091,.F.);
#16093=ADVANCED_FACE('157245',(#16092),#16085,.F.);
#16094=CARTESIAN_POINT('',(-6.5E0,1.35E0,-4.85E0));
#16095=DIRECTION('',(0.E0,0.E0,-1.E0));
#16096=DIRECTION('',(-1.E0,0.E0,0.E0));
#16097=AXIS2_PLACEMENT_3D('',#16094,#16095,#16096);
#16098=PLANE('157242',#16097);
#16099=ORIENTED_EDGE('157546',*,*,#10155,.T.);
#16100=ORIENTED_EDGE('157558',*,*,#16089,.T.);
#16101=ORIENTED_EDGE('157559',*,*,#9876,.T.);
#16103=ORIENTED_EDGE('157560',*,*,#16102,.F.);
#16104=EDGE_LOOP('157242',(#16099,#16100,#16101,#16103));
#16105=FACE_OUTER_BOUND('157242',#16104,.F.);
#16107=ORIENTED_EDGE('157649',*,*,#16106,.F.);
#16109=ORIENTED_EDGE('157654',*,*,#16108,.F.);
#16111=ORIENTED_EDGE('157655',*,*,#16110,.T.);
#16113=ORIENTED_EDGE('157653',*,*,#16112,.F.);
#16114=EDGE_LOOP('157242',(#16107,#16109,#16111,#16113));
#16115=FACE_BOUND('157242',#16114,.F.);
#16117=ORIENTED_EDGE('157650',*,*,#16116,.F.);
#16119=ORIENTED_EDGE('157652',*,*,#16118,.F.);
#16121=ORIENTED_EDGE('157656',*,*,#16120,.T.);
#16123=ORIENTED_EDGE('157651',*,*,#16122,.F.);
#16124=EDGE_LOOP('157242',(#16117,#16119,#16121,#16123));
#16125=FACE_BOUND('157242',#16124,.F.);
#16126=ADVANCED_FACE('157242',(#16105,#16115,#16125),#16098,.T.);
#16127=CARTESIAN_POINT('',(-6.65E0,1.35E0,-4.925E0));
#16128=DIRECTION('',(1.E0,0.E0,0.E0));
#16129=DIRECTION('',(0.E0,0.E0,-1.E0));
#16130=AXIS2_PLACEMENT_3D('',#16127,#16128,#16129);
#16131=PLANE('157246',#16130);
#16132=ORIENTED_EDGE('157547',*,*,#10157,.T.);
#16133=ORIENTED_EDGE('157560',*,*,#16102,.T.);
#16134=ORIENTED_EDGE('157566',*,*,#9874,.T.);
#16136=ORIENTED_EDGE('157578',*,*,#16135,.F.);
#16137=EDGE_LOOP('157246',(#16132,#16133,#16134,#16136));
#16138=FACE_OUTER_BOUND('157246',#16137,.F.);
#16139=ADVANCED_FACE('157246',(#16138),#16131,.T.);
#16140=CARTESIAN_POINT('',(-6.725E0,1.35E0,-5.25E0));
#16141=DIRECTION('',(9.578262852205E-1,0.E0,-2.873478855684E-1));
#16142=DIRECTION('',(-2.873478855684E-1,0.E0,-9.578262852205E-1));
#16143=AXIS2_PLACEMENT_3D('',#16140,#16141,#16142);
#16144=PLANE('157247',#16143);
#16145=ORIENTED_EDGE('157548',*,*,#10159,.T.);
#16146=ORIENTED_EDGE('157578',*,*,#16135,.T.);
#16147=ORIENTED_EDGE('157567',*,*,#9872,.F.);
#16149=ORIENTED_EDGE('157579',*,*,#16148,.F.);
#16150=EDGE_LOOP('157247',(#16145,#16146,#16147,#16149));
#16151=FACE_OUTER_BOUND('157247',#16150,.F.);
#16152=ADVANCED_FACE('157247',(#16151),#16144,.T.);
#16153=CARTESIAN_POINT('',(-7.E0,1.35E0,-5.5E0));
#16154=DIRECTION('',(0.E0,0.E0,-1.E0));
#16155=DIRECTION('',(1.E0,0.E0,0.E0));
#16156=AXIS2_PLACEMENT_3D('',#16153,#16154,#16155);
#16157=PLANE('157248',#16156);
#16158=ORIENTED_EDGE('157549',*,*,#10161,.T.);
#16159=ORIENTED_EDGE('157579',*,*,#16148,.T.);
#16160=ORIENTED_EDGE('157568',*,*,#9870,.T.);
#16162=ORIENTED_EDGE('157580',*,*,#16161,.T.);
#16163=EDGE_LOOP('157248',(#16158,#16159,#16160,#16162));
#16164=FACE_OUTER_BOUND('157248',#16163,.F.);
#16165=ADVANCED_FACE('157248',(#16164),#16157,.T.);
#16166=CARTESIAN_POINT('',(-7.275E0,1.35E0,-5.25E0));
#16167=DIRECTION('',(9.578262852205E-1,0.E0,2.873478855684E-1));
#16168=DIRECTION('',(-2.873478855684E-1,0.E0,9.578262852205E-1));
#16169=AXIS2_PLACEMENT_3D('',#16166,#16167,#16168);
#16170=PLANE('157249',#16169);
#16171=ORIENTED_EDGE('157550',*,*,#10163,.T.);
#16172=ORIENTED_EDGE('157580',*,*,#16161,.F.);
#16173=ORIENTED_EDGE('157569',*,*,#9868,.F.);
#16175=ORIENTED_EDGE('157581',*,*,#16174,.T.);
#16176=EDGE_LOOP('157249',(#16171,#16172,#16173,#16175));
#16177=FACE_OUTER_BOUND('157249',#16176,.F.);
#16178=ADVANCED_FACE('157249',(#16177),#16170,.F.);
#16179=CARTESIAN_POINT('',(-7.35E0,1.35E0,-4.925E0));
#16180=DIRECTION('',(1.E0,0.E0,0.E0));
#16181=DIRECTION('',(0.E0,0.E0,1.E0));
#16182=AXIS2_PLACEMENT_3D('',#16179,#16180,#16181);
#16183=PLANE('157250',#16182);
#16184=ORIENTED_EDGE('157551',*,*,#10165,.F.);
#16185=ORIENTED_EDGE('157581',*,*,#16174,.F.);
#16186=ORIENTED_EDGE('157570',*,*,#9866,.F.);
#16188=ORIENTED_EDGE('157561',*,*,#16187,.F.);
#16189=EDGE_LOOP('157250',(#16184,#16185,#16186,#16188));
#16190=FACE_OUTER_BOUND('157250',#16189,.F.);
#16191=ADVANCED_FACE('157250',(#16190),#16183,.F.);
#16192=CARTESIAN_POINT('',(-7.5E0,1.35E0,-4.85E0));
#16193=DIRECTION('',(0.E0,0.E0,-1.E0));
#16194=DIRECTION('',(-1.E0,0.E0,0.E0));
#16195=AXIS2_PLACEMENT_3D('',#16192,#16193,#16194);
#16196=PLANE('157243',#16195);
#16197=ORIENTED_EDGE('157552',*,*,#10167,.T.);
#16198=ORIENTED_EDGE('157561',*,*,#16187,.T.);
#16199=ORIENTED_EDGE('157562',*,*,#9864,.T.);
#16201=ORIENTED_EDGE('157563',*,*,#16200,.F.);
#16202=EDGE_LOOP('157243',(#16197,#16198,#16199,#16201));
#16203=FACE_OUTER_BOUND('157243',#16202,.F.);
#16205=ORIENTED_EDGE('157619',*,*,#16204,.F.);
#16207=ORIENTED_EDGE('157624',*,*,#16206,.F.);
#16209=ORIENTED_EDGE('157625',*,*,#16208,.T.);
#16211=ORIENTED_EDGE('157623',*,*,#16210,.F.);
#16212=EDGE_LOOP('157243',(#16205,#16207,#16209,#16211));
#16213=FACE_BOUND('157243',#16212,.F.);
#16215=ORIENTED_EDGE('157620',*,*,#16214,.F.);
#16217=ORIENTED_EDGE('157622',*,*,#16216,.F.);
#16219=ORIENTED_EDGE('157626',*,*,#16218,.T.);
#16221=ORIENTED_EDGE('157621',*,*,#16220,.F.);
#16222=EDGE_LOOP('157243',(#16215,#16217,#16219,#16221));
#16223=FACE_BOUND('157243',#16222,.F.);
#16224=ADVANCED_FACE('157243',(#16203,#16213,#16223),#16196,.T.);
#16225=CARTESIAN_POINT('',(-7.65E0,1.35E0,-4.925E0));
#16226=DIRECTION('',(1.E0,0.E0,0.E0));
#16227=DIRECTION('',(0.E0,0.E0,-1.E0));
#16228=AXIS2_PLACEMENT_3D('',#16225,#16226,#16227);
#16229=PLANE('157251',#16228);
#16230=ORIENTED_EDGE('157553',*,*,#10169,.T.);
#16231=ORIENTED_EDGE('157563',*,*,#16200,.T.);
#16232=ORIENTED_EDGE('157571',*,*,#9862,.T.);
#16234=ORIENTED_EDGE('157582',*,*,#16233,.F.);
#16235=EDGE_LOOP('157251',(#16230,#16231,#16232,#16234));
#16236=FACE_OUTER_BOUND('157251',#16235,.F.);
#16237=ADVANCED_FACE('157251',(#16236),#16229,.T.);
#16238=CARTESIAN_POINT('',(-7.725E0,1.35E0,-5.25E0));
#16239=DIRECTION('',(9.578262852205E-1,0.E0,-2.873478855684E-1));
#16240=DIRECTION('',(-2.873478855684E-1,0.E0,-9.578262852205E-1));
#16241=AXIS2_PLACEMENT_3D('',#16238,#16239,#16240);
#16242=PLANE('157252',#16241);
#16243=ORIENTED_EDGE('157554',*,*,#10171,.T.);
#16244=ORIENTED_EDGE('157582',*,*,#16233,.T.);
#16245=ORIENTED_EDGE('157572',*,*,#9860,.F.);
#16247=ORIENTED_EDGE('157583',*,*,#16246,.F.);
#16248=EDGE_LOOP('157252',(#16243,#16244,#16245,#16247));
#16249=FACE_OUTER_BOUND('157252',#16248,.F.);
#16250=ADVANCED_FACE('157252',(#16249),#16242,.T.);
#16251=CARTESIAN_POINT('',(-7.95E0,1.35E0,-5.5E0));
#16252=DIRECTION('',(0.E0,0.E0,-1.E0));
#16253=DIRECTION('',(1.E0,0.E0,0.E0));
#16254=AXIS2_PLACEMENT_3D('',#16251,#16252,#16253);
#16255=PLANE('157253',#16254);
#16257=ORIENTED_EDGE('157584',*,*,#16256,.T.);
#16258=ORIENTED_EDGE('157555',*,*,#10173,.T.);
#16259=ORIENTED_EDGE('157583',*,*,#16246,.T.);
#16260=ORIENTED_EDGE('157573',*,*,#9858,.T.);
#16261=EDGE_LOOP('157253',(#16257,#16258,#16259,#16260));
#16262=FACE_OUTER_BOUND('157253',#16261,.F.);
#16263=ADVANCED_FACE('157253',(#16262),#16255,.T.);
#16264=CARTESIAN_POINT('',(-8.1825E0,1.35E0,-5.25E0));
#16265=DIRECTION('',(9.496286491001E-1,0.E0,3.133774542119E-1));
#16266=DIRECTION('',(3.133774542119E-1,0.E0,-9.496286491001E-1));
#16267=AXIS2_PLACEMENT_3D('',#16264,#16265,#16266);
#16268=PLANE('157254',#16267);
#16269=ORIENTED_EDGE('157584',*,*,#16256,.F.);
#16270=ORIENTED_EDGE('157574',*,*,#9856,.F.);
#16272=ORIENTED_EDGE('157585',*,*,#16271,.T.);
#16273=ORIENTED_EDGE('157556',*,*,#10175,.T.);
#16274=EDGE_LOOP('157254',(#16269,#16270,#16272,#16273));
#16275=FACE_OUTER_BOUND('157254',#16274,.F.);
#16276=ADVANCED_FACE('157254',(#16275),#16268,.F.);
#16277=CARTESIAN_POINT('',(-8.265E0,1.35E0,-4.9E0));
#16278=DIRECTION('',(1.E0,0.E0,0.E0));
#16279=DIRECTION('',(0.E0,0.E0,-1.E0));
#16280=AXIS2_PLACEMENT_3D('',#16277,#16278,#16279);
#16281=PLANE('157255',#16280);
#16282=ORIENTED_EDGE('157452',*,*,#9741,.F.);
#16283=ORIENTED_EDGE('157557',*,*,#10177,.F.);
#16284=ORIENTED_EDGE('157585',*,*,#16271,.F.);
#16285=ORIENTED_EDGE('157575',*,*,#9854,.F.);
#16286=EDGE_LOOP('157255',(#16282,#16283,#16284,#16285));
#16287=FACE_OUTER_BOUND('157255',#16286,.F.);
#16288=ADVANCED_FACE('157255',(#16287),#16281,.F.);
#16289=CARTESIAN_POINT('',(-7.375E0,1.0435E0,-3.625823558526E0));
#16290=DIRECTION('',(1.E0,0.E0,0.E0));
#16291=DIRECTION('',(0.E0,0.E0,-1.E0));
#16292=AXIS2_PLACEMENT_3D('',#16289,#16290,#16291);
#16293=PLANE('157256',#16292);
#16295=ORIENTED_EDGE('157588',*,*,#16294,.F.);
#16296=ORIENTED_EDGE('157616',*,*,#11203,.F.);
#16297=ORIENTED_EDGE('157614',*,*,#12422,.F.);
#16298=ORIENTED_EDGE('157608',*,*,#12782,.T.);
#16300=ORIENTED_EDGE('157630',*,*,#16299,.F.);
#16302=ORIENTED_EDGE('157348',*,*,#16301,.F.);
#16304=ORIENTED_EDGE('157349',*,*,#16303,.F.);
#16305=EDGE_LOOP('157256',(#16295,#16296,#16297,#16298,#16300,#16302,#16304));
#16306=FACE_OUTER_BOUND('157256',#16305,.F.);
#16307=ADVANCED_FACE('157256',(#16306),#16293,.T.);
#16308=CARTESIAN_POINT('',(-7.375E0,1.0435E0,-3.625823558526E0));
#16309=DIRECTION('',(1.E0,0.E0,0.E0));
#16310=DIRECTION('',(0.E0,0.E0,-1.E0));
#16311=AXIS2_PLACEMENT_3D('',#16308,#16309,#16310);
#16312=PLANE('157256',#16311);
#16314=ORIENTED_EDGE('157589',*,*,#16313,.F.);
#16316=ORIENTED_EDGE('157350',*,*,#16315,.T.);
#16318=ORIENTED_EDGE('157343',*,*,#16317,.F.);
#16320=ORIENTED_EDGE('157344',*,*,#16319,.T.);
#16322=ORIENTED_EDGE('157345',*,*,#16321,.F.);
#16324=ORIENTED_EDGE('157346',*,*,#16323,.T.);
#16326=ORIENTED_EDGE('157627',*,*,#16325,.T.);
#16327=ORIENTED_EDGE('157619',*,*,#16204,.T.);
#16329=ORIENTED_EDGE('157628',*,*,#16328,.T.);
#16331=ORIENTED_EDGE('157347',*,*,#16330,.T.);
#16333=ORIENTED_EDGE('157629',*,*,#16332,.F.);
#16334=ORIENTED_EDGE('157620',*,*,#16214,.T.);
#16335=EDGE_LOOP('157256',(#16314,#16316,#16318,#16320,#16322,#16324,#16326,
#16327,#16329,#16331,#16333,#16334));
#16336=FACE_OUTER_BOUND('157256',#16335,.F.);
#16337=ADVANCED_FACE('157256',(#16336),#16312,.T.);
#16338=CARTESIAN_POINT('',(-7.375E0,1.0435E0,-3.625823558526E0));
#16339=DIRECTION('',(1.E0,0.E0,0.E0));
#16340=DIRECTION('',(0.E0,0.E0,-1.E0));
#16341=AXIS2_PLACEMENT_3D('',#16338,#16339,#16340);
#16342=PLANE('157256',#16341);
#16343=ORIENTED_EDGE('157722',*,*,#11811,.F.);
#16345=ORIENTED_EDGE('157767',*,*,#16344,.T.);
#16346=ORIENTED_EDGE('157609',*,*,#12766,.T.);
#16347=ORIENTED_EDGE('157771',*,*,#11909,.F.);
#16348=EDGE_LOOP('157256',(#16343,#16345,#16346,#16347));
#16349=FACE_OUTER_BOUND('157256',#16348,.F.);
#16350=ADVANCED_FACE('157256',(#16349),#16342,.T.);
#16351=CARTESIAN_POINT('',(-7.5E0,1.9885E0,-2.240794027022E0));
#16352=DIRECTION('',(0.E0,-9.982387017932E-1,-5.932532547141E-2));
#16353=DIRECTION('',(0.E0,-5.932532547141E-2,9.982387017932E-1));
#16354=AXIS2_PLACEMENT_3D('',#16351,#16352,#16353);
#16355=PLANE('157268',#16354);
#16356=ORIENTED_EDGE('157588',*,*,#16294,.T.);
#16358=ORIENTED_EDGE('157366',*,*,#16357,.F.);
#16360=ORIENTED_EDGE('157590',*,*,#16359,.F.);
#16361=ORIENTED_EDGE('157617',*,*,#11205,.F.);
#16362=EDGE_LOOP('157268',(#16356,#16358,#16360,#16361));
#16363=FACE_OUTER_BOUND('157268',#16362,.F.);
#16364=ADVANCED_FACE('157268',(#16363),#16355,.F.);
#16365=CARTESIAN_POINT('',(-7.5E0,1.650200782678E0,-1.150823558526E0));
#16366=DIRECTION('',(0.E0,-8.476985317158E-1,5.304782741328E-1));
#16367=DIRECTION('',(0.E0,-5.304782741328E-1,-8.476985317158E-1));
#16368=AXIS2_PLACEMENT_3D('',#16365,#16366,#16367);
#16369=PLANE('157267',#16368);
#16370=ORIENTED_EDGE('157349',*,*,#16303,.T.);
#16372=ORIENTED_EDGE('157364',*,*,#16371,.F.);
#16374=ORIENTED_EDGE('157367',*,*,#16373,.F.);
#16375=ORIENTED_EDGE('157366',*,*,#16357,.T.);
#16376=EDGE_LOOP('157267',(#16370,#16372,#16374,#16375));
#16377=FACE_OUTER_BOUND('157267',#16376,.F.);
#16378=ADVANCED_FACE('157267',(#16377),#16369,.T.);
#16379=CARTESIAN_POINT('',(-7.5E0,1.527157408706E0,-1.623182520279E0));
#16380=DIRECTION('',(0.E0,-5.000000000016E-1,-8.660254037835E-1));
#16381=DIRECTION('',(0.E0,8.660254037835E-1,-5.000000000016E-1));
#16382=AXIS2_PLACEMENT_3D('',#16379,#16380,#16381);
#16383=PLANE('157266',#16382);
#16384=ORIENTED_EDGE('157348',*,*,#16301,.T.);
#16386=ORIENTED_EDGE('157363',*,*,#16385,.F.);
#16388=ORIENTED_EDGE('157365',*,*,#16387,.F.);
#16389=ORIENTED_EDGE('157364',*,*,#16371,.T.);
#16390=EDGE_LOOP('157266',(#16384,#16386,#16388,#16389));
#16391=FACE_OUTER_BOUND('157266',#16390,.F.);
#16392=ADVANCED_FACE('157266',(#16391),#16383,.T.);
#16393=CARTESIAN_POINT('',(-7.5E0,1.680351158834E0,-3.012244019815E0));
#16394=DIRECTION('',(0.E0,-9.997982280545E-1,-2.008738855786E-2));
#16395=DIRECTION('',(0.E0,2.008738855786E-2,-9.997982280545E-1));
#16396=AXIS2_PLACEMENT_3D('',#16393,#16394,#16395);
#16397=PLANE('157265',#16396);
#16398=ORIENTED_EDGE('157610',*,*,#12780,.F.);
#16400=ORIENTED_EDGE('157634',*,*,#16399,.F.);
#16401=ORIENTED_EDGE('157363',*,*,#16385,.T.);
#16402=ORIENTED_EDGE('157630',*,*,#16299,.T.);
#16403=EDGE_LOOP('157265',(#16398,#16400,#16401,#16402));
#16404=FACE_OUTER_BOUND('157265',#16403,.F.);
#16405=ADVANCED_FACE('157265',(#16404),#16397,.T.);
#16406=CARTESIAN_POINT('',(-7.625E0,1.0435E0,-3.625823558526E0));
#16407=DIRECTION('',(1.E0,0.E0,0.E0));
#16408=DIRECTION('',(0.E0,0.E0,-1.E0));
#16409=AXIS2_PLACEMENT_3D('',#16406,#16407,#16408);
#16410=PLANE('157271',#16409);
#16411=ORIENTED_EDGE('157590',*,*,#16359,.T.);
#16412=ORIENTED_EDGE('157367',*,*,#16373,.T.);
#16413=ORIENTED_EDGE('157365',*,*,#16387,.T.);
#16414=ORIENTED_EDGE('157634',*,*,#16399,.T.);
#16415=ORIENTED_EDGE('157612',*,*,#12778,.F.);
#16416=ORIENTED_EDGE('157615',*,*,#12314,.T.);
#16417=ORIENTED_EDGE('157618',*,*,#11207,.T.);
#16418=EDGE_LOOP('157271',(#16411,#16412,#16413,#16414,#16415,#16416,#16417));
#16419=FACE_OUTER_BOUND('157271',#16418,.F.);
#16420=ADVANCED_FACE('157271',(#16419),#16410,.F.);
#16421=CARTESIAN_POINT('',(-7.625E0,1.0435E0,-3.625823558526E0));
#16422=DIRECTION('',(1.E0,0.E0,0.E0));
#16423=DIRECTION('',(0.E0,0.E0,-1.E0));
#16424=AXIS2_PLACEMENT_3D('',#16421,#16422,#16423);
#16425=PLANE('157271',#16424);
#16427=ORIENTED_EDGE('157591',*,*,#16426,.T.);
#16428=ORIENTED_EDGE('157626',*,*,#16218,.F.);
#16430=ORIENTED_EDGE('157633',*,*,#16429,.T.);
#16432=ORIENTED_EDGE('157362',*,*,#16431,.F.);
#16434=ORIENTED_EDGE('157632',*,*,#16433,.F.);
#16435=ORIENTED_EDGE('157625',*,*,#16208,.F.);
#16437=ORIENTED_EDGE('157631',*,*,#16436,.F.);
#16439=ORIENTED_EDGE('157359',*,*,#16438,.F.);
#16441=ORIENTED_EDGE('157357',*,*,#16440,.T.);
#16443=ORIENTED_EDGE('157355',*,*,#16442,.F.);
#16445=ORIENTED_EDGE('157352',*,*,#16444,.T.);
#16447=ORIENTED_EDGE('157369',*,*,#16446,.F.);
#16448=EDGE_LOOP('157271',(#16427,#16428,#16430,#16432,#16434,#16435,#16437,
#16439,#16441,#16443,#16445,#16447));
#16449=FACE_OUTER_BOUND('157271',#16448,.F.);
#16450=ADVANCED_FACE('157271',(#16449),#16425,.F.);
#16451=CARTESIAN_POINT('',(-7.625E0,1.0435E0,-3.625823558526E0));
#16452=DIRECTION('',(1.E0,0.E0,0.E0));
#16453=DIRECTION('',(0.E0,0.E0,-1.E0));
#16454=AXIS2_PLACEMENT_3D('',#16451,#16452,#16453);
#16455=PLANE('157271',#16454);
#16456=ORIENTED_EDGE('157724',*,*,#11807,.T.);
#16457=ORIENTED_EDGE('157772',*,*,#11898,.T.);
#16458=ORIENTED_EDGE('157613',*,*,#12770,.F.);
#16460=ORIENTED_EDGE('157768',*,*,#16459,.F.);
#16461=EDGE_LOOP('157271',(#16456,#16457,#16458,#16460));
#16462=FACE_OUTER_BOUND('157271',#16461,.F.);
#16463=ADVANCED_FACE('157271',(#16462),#16455,.F.);
#16464=CARTESIAN_POINT('',(-7.5E0,2.077E0,-4.714970468495E0));
#16465=DIRECTION('',(0.E0,-1.E0,0.E0));
#16466=DIRECTION('',(0.E0,0.E0,1.E0));
#16467=AXIS2_PLACEMENT_3D('',#16464,#16465,#16466);
#16468=PLANE('157269',#16467);
#16469=ORIENTED_EDGE('157589',*,*,#16313,.T.);
#16470=ORIENTED_EDGE('157621',*,*,#16220,.T.);
#16471=ORIENTED_EDGE('157591',*,*,#16426,.F.);
#16473=ORIENTED_EDGE('157368',*,*,#16472,.T.);
#16474=EDGE_LOOP('157269',(#16469,#16470,#16471,#16473));
#16475=FACE_OUTER_BOUND('157269',#16474,.F.);
#16476=ADVANCED_FACE('157269',(#16475),#16468,.F.);
#16477=CARTESIAN_POINT('',(-7.5E0,1.215E0,-5.7E0));
#16478=DIRECTION('',(0.E0,0.E0,-1.E0));
#16479=DIRECTION('',(0.E0,1.E0,0.E0));
#16480=AXIS2_PLACEMENT_3D('',#16477,#16478,#16479);
#16481=PLANE('157270',#16480);
#16482=ORIENTED_EDGE('157350',*,*,#16315,.F.);
#16483=ORIENTED_EDGE('157368',*,*,#16472,.F.);
#16484=ORIENTED_EDGE('157369',*,*,#16446,.T.);
#16486=ORIENTED_EDGE('157353',*,*,#16485,.F.);
#16487=EDGE_LOOP('157270',(#16482,#16483,#16484,#16486));
#16488=FACE_OUTER_BOUND('157270',#16487,.F.);
#16489=ADVANCED_FACE('157270',(#16488),#16481,.T.);
#16490=CARTESIAN_POINT('',(-7.5E0,3.315E-1,-6.1E0));
#16491=DIRECTION('',(0.E0,-9.985585912391E-1,5.367252427910E-2));
#16492=DIRECTION('',(0.E0,5.367252427910E-2,9.985585912391E-1));
#16493=AXIS2_PLACEMENT_3D('',#16490,#16491,#16492);
#16494=PLANE('157257',#16493);
#16495=ORIENTED_EDGE('157343',*,*,#16317,.T.);
#16496=ORIENTED_EDGE('157353',*,*,#16485,.T.);
#16497=ORIENTED_EDGE('157352',*,*,#16444,.F.);
#16499=ORIENTED_EDGE('157351',*,*,#16498,.T.);
#16500=EDGE_LOOP('157257',(#16495,#16496,#16497,#16499));
#16501=FACE_OUTER_BOUND('157257',#16500,.F.);
#16502=ADVANCED_FACE('157257',(#16501),#16494,.F.);
#16503=CARTESIAN_POINT('',(-7.5E0,1.6E-1,-6.5E0));
#16504=DIRECTION('',(0.E0,0.E0,-1.E0));
#16505=DIRECTION('',(0.E0,1.E0,0.E0));
#16506=AXIS2_PLACEMENT_3D('',#16503,#16504,#16505);
#16507=PLANE('157258',#16506);
#16508=ORIENTED_EDGE('157344',*,*,#16319,.F.);
#16509=ORIENTED_EDGE('157351',*,*,#16498,.F.);
#16510=ORIENTED_EDGE('157355',*,*,#16442,.T.);
#16512=ORIENTED_EDGE('157354',*,*,#16511,.T.);
#16513=EDGE_LOOP('157258',(#16508,#16509,#16510,#16512));
#16514=FACE_OUTER_BOUND('157258',#16513,.F.);
#16515=ADVANCED_FACE('157258',(#16514),#16507,.T.);
#16516=CARTESIAN_POINT('',(-7.5E0,4.000000000002E-2,-5.925E0));
#16517=DIRECTION('',(0.E0,-9.986417138313E-1,5.210304593903E-2));
#16518=DIRECTION('',(0.E0,-5.210304593903E-2,-9.986417138313E-1));
#16519=AXIS2_PLACEMENT_3D('',#16516,#16517,#16518);
#16520=PLANE('157259',#16519);
#16521=ORIENTED_EDGE('157345',*,*,#16321,.T.);
#16522=ORIENTED_EDGE('157354',*,*,#16511,.F.);
#16523=ORIENTED_EDGE('157357',*,*,#16440,.F.);
#16525=ORIENTED_EDGE('157356',*,*,#16524,.T.);
#16526=EDGE_LOOP('157259',(#16521,#16522,#16523,#16525));
#16527=FACE_OUTER_BOUND('157259',#16526,.F.);
#16528=ADVANCED_FACE('157259',(#16527),#16520,.T.);
#16529=CARTESIAN_POINT('',(-7.5E0,2.35E-1,-5.35E0));
#16530=DIRECTION('',(0.E0,0.E0,-1.E0));
#16531=DIRECTION('',(0.E0,-1.E0,0.E0));
#16532=AXIS2_PLACEMENT_3D('',#16529,#16530,#16531);
#16533=PLANE('157260',#16532);
#16534=ORIENTED_EDGE('157346',*,*,#16323,.F.);
#16535=ORIENTED_EDGE('157356',*,*,#16524,.F.);
#16536=ORIENTED_EDGE('157359',*,*,#16438,.T.);
#16538=ORIENTED_EDGE('157358',*,*,#16537,.T.);
#16539=EDGE_LOOP('157260',(#16534,#16535,#16536,#16538));
#16540=FACE_OUTER_BOUND('157260',#16539,.F.);
#16541=ADVANCED_FACE('157260',(#16540),#16533,.F.);
#16542=CARTESIAN_POINT('',(-7.5E0,4.E-1,-3.523E0));
#16543=DIRECTION('',(0.E0,-1.E0,0.E0));
#16544=DIRECTION('',(0.E0,0.E0,-1.E0));
#16545=AXIS2_PLACEMENT_3D('',#16542,#16543,#16544);
#16546=PLANE('157261',#16545);
#16547=ORIENTED_EDGE('157624',*,*,#16206,.T.);
#16548=ORIENTED_EDGE('157627',*,*,#16325,.F.);
#16549=ORIENTED_EDGE('157358',*,*,#16537,.F.);
#16550=ORIENTED_EDGE('157631',*,*,#16436,.T.);
#16551=EDGE_LOOP('157261',(#16547,#16548,#16549,#16550));
#16552=FACE_OUTER_BOUND('157261',#16551,.F.);
#16553=ADVANCED_FACE('157261',(#16552),#16546,.T.);
#16554=CARTESIAN_POINT('',(-7.5E0,1.497893703149E0,-4.614929465179E0));
#16555=DIRECTION('',(0.E0,-8.083218440240E-1,5.887408568068E-1));
#16556=DIRECTION('',(0.E0,-5.887408568068E-1,-8.083218440240E-1));
#16557=AXIS2_PLACEMENT_3D('',#16554,#16555,#16556);
#16558=PLANE('157264',#16557);
#16559=ORIENTED_EDGE('157622',*,*,#16216,.T.);
#16560=ORIENTED_EDGE('157629',*,*,#16332,.T.);
#16562=ORIENTED_EDGE('157361',*,*,#16561,.F.);
#16563=ORIENTED_EDGE('157633',*,*,#16429,.F.);
#16564=EDGE_LOOP('157264',(#16559,#16560,#16562,#16563));
#16565=FACE_OUTER_BOUND('157264',#16564,.F.);
#16566=ADVANCED_FACE('157264',(#16565),#16558,.T.);
#16567=CARTESIAN_POINT('',(-7.5E0,1.044499170342E0,-4.901735931288E0));
#16568=DIRECTION('',(0.E0,0.E0,-1.E0));
#16569=DIRECTION('',(0.E0,-1.E0,0.E0));
#16570=AXIS2_PLACEMENT_3D('',#16567,#16568,#16569);
#16571=PLANE('157263',#16570);
#16572=ORIENTED_EDGE('157347',*,*,#16330,.F.);
#16574=ORIENTED_EDGE('157360',*,*,#16573,.F.);
#16575=ORIENTED_EDGE('157362',*,*,#16431,.T.);
#16576=ORIENTED_EDGE('157361',*,*,#16561,.T.);
#16577=EDGE_LOOP('157263',(#16572,#16574,#16575,#16576));
#16578=FACE_OUTER_BOUND('157263',#16577,.F.);
#16579=ADVANCED_FACE('157263',(#16578),#16571,.F.);
#16580=CARTESIAN_POINT('',(-7.5E0,8.E-1,-3.225830548566E0));
#16581=DIRECTION('',(0.E0,-1.E0,0.E0));
#16582=DIRECTION('',(0.E0,0.E0,1.E0));
#16583=AXIS2_PLACEMENT_3D('',#16580,#16581,#16582);
#16584=PLANE('157262',#16583);
#16585=ORIENTED_EDGE('157623',*,*,#16210,.T.);
#16586=ORIENTED_EDGE('157632',*,*,#16433,.T.);
#16587=ORIENTED_EDGE('157360',*,*,#16573,.T.);
#16588=ORIENTED_EDGE('157628',*,*,#16328,.F.);
#16589=EDGE_LOOP('157262',(#16585,#16586,#16587,#16588));
#16590=FACE_OUTER_BOUND('157262',#16589,.F.);
#16591=ADVANCED_FACE('157262',(#16590),#16584,.F.);
#16592=CARTESIAN_POINT('',(-7.5E0,8.E-1,-3.225830548566E0));
#16593=DIRECTION('',(0.E0,-1.E0,0.E0));
#16594=DIRECTION('',(0.E0,0.E0,1.E0));
#16595=AXIS2_PLACEMENT_3D('',#16592,#16593,#16594);
#16596=PLANE('157262',#16595);
#16597=ORIENTED_EDGE('157723',*,*,#11809,.T.);
#16598=ORIENTED_EDGE('157768',*,*,#16459,.T.);
#16599=ORIENTED_EDGE('157611',*,*,#12768,.F.);
#16600=ORIENTED_EDGE('157767',*,*,#16344,.F.);
#16601=EDGE_LOOP('157262',(#16597,#16598,#16599,#16600));
#16602=FACE_OUTER_BOUND('157262',#16601,.F.);
#16603=ADVANCED_FACE('157262',(#16602),#16596,.F.);
#16604=CARTESIAN_POINT('',(-6.375E0,1.0435E0,-3.625823558526E0));
#16605=DIRECTION('',(1.E0,0.E0,0.E0));
#16606=DIRECTION('',(0.E0,0.E0,-1.E0));
#16607=AXIS2_PLACEMENT_3D('',#16604,#16605,#16606);
#16608=PLANE('157272',#16607);
#16610=ORIENTED_EDGE('157592',*,*,#16609,.F.);
#16611=ORIENTED_EDGE('157646',*,*,#11195,.F.);
#16612=ORIENTED_EDGE('157644',*,*,#12407,.F.);
#16613=ORIENTED_EDGE('157638',*,*,#12789,.T.);
#16615=ORIENTED_EDGE('157660',*,*,#16614,.F.);
#16617=ORIENTED_EDGE('157375',*,*,#16616,.F.);
#16619=ORIENTED_EDGE('157376',*,*,#16618,.F.);
#16620=EDGE_LOOP('157272',(#16610,#16611,#16612,#16613,#16615,#16617,#16619));
#16621=FACE_OUTER_BOUND('157272',#16620,.F.);
#16622=ADVANCED_FACE('157272',(#16621),#16608,.T.);
#16623=CARTESIAN_POINT('',(-6.375E0,1.0435E0,-3.625823558526E0));
#16624=DIRECTION('',(1.E0,0.E0,0.E0));
#16625=DIRECTION('',(0.E0,0.E0,-1.E0));
#16626=AXIS2_PLACEMENT_3D('',#16623,#16624,#16625);
#16627=PLANE('157272',#16626);
#16629=ORIENTED_EDGE('157593',*,*,#16628,.F.);
#16631=ORIENTED_EDGE('157377',*,*,#16630,.T.);
#16633=ORIENTED_EDGE('157370',*,*,#16632,.F.);
#16635=ORIENTED_EDGE('157371',*,*,#16634,.T.);
#16637=ORIENTED_EDGE('157372',*,*,#16636,.F.);
#16639=ORIENTED_EDGE('157373',*,*,#16638,.T.);
#16641=ORIENTED_EDGE('157657',*,*,#16640,.T.);
#16642=ORIENTED_EDGE('157649',*,*,#16106,.T.);
#16644=ORIENTED_EDGE('157658',*,*,#16643,.T.);
#16646=ORIENTED_EDGE('157374',*,*,#16645,.T.);
#16648=ORIENTED_EDGE('157659',*,*,#16647,.F.);
#16649=ORIENTED_EDGE('157650',*,*,#16116,.T.);
#16650=EDGE_LOOP('157272',(#16629,#16631,#16633,#16635,#16637,#16639,#16641,
#16642,#16644,#16646,#16648,#16649));
#16651=FACE_OUTER_BOUND('157272',#16650,.F.);
#16652=ADVANCED_FACE('157272',(#16651),#16627,.T.);
#16653=CARTESIAN_POINT('',(-6.375E0,1.0435E0,-3.625823558526E0));
#16654=DIRECTION('',(1.E0,0.E0,0.E0));
#16655=DIRECTION('',(0.E0,0.E0,-1.E0));
#16656=AXIS2_PLACEMENT_3D('',#16653,#16654,#16655);
#16657=PLANE('157272',#16656);
#16658=ORIENTED_EDGE('157725',*,*,#11819,.F.);
#16660=ORIENTED_EDGE('157769',*,*,#16659,.T.);
#16661=ORIENTED_EDGE('157639',*,*,#12759,.T.);
#16662=ORIENTED_EDGE('157774',*,*,#11924,.F.);
#16663=EDGE_LOOP('157272',(#16658,#16660,#16661,#16662));
#16664=FACE_OUTER_BOUND('157272',#16663,.F.);
#16665=ADVANCED_FACE('157272',(#16664),#16657,.T.);
#16666=CARTESIAN_POINT('',(-6.5E0,1.9885E0,-2.240794027022E0));
#16667=DIRECTION('',(0.E0,-9.982387017932E-1,-5.932532547141E-2));
#16668=DIRECTION('',(0.E0,-5.932532547141E-2,9.982387017932E-1));
#16669=AXIS2_PLACEMENT_3D('',#16666,#16667,#16668);
#16670=PLANE('157284',#16669);
#16671=ORIENTED_EDGE('157592',*,*,#16609,.T.);
#16673=ORIENTED_EDGE('157393',*,*,#16672,.F.);
#16675=ORIENTED_EDGE('157594',*,*,#16674,.F.);
#16676=ORIENTED_EDGE('157647',*,*,#11197,.F.);
#16677=EDGE_LOOP('157284',(#16671,#16673,#16675,#16676));
#16678=FACE_OUTER_BOUND('157284',#16677,.F.);
#16679=ADVANCED_FACE('157284',(#16678),#16670,.F.);
#16680=CARTESIAN_POINT('',(-6.5E0,1.650200782678E0,-1.150823558526E0));
#16681=DIRECTION('',(0.E0,-8.476985317158E-1,5.304782741328E-1));
#16682=DIRECTION('',(0.E0,-5.304782741328E-1,-8.476985317158E-1));
#16683=AXIS2_PLACEMENT_3D('',#16680,#16681,#16682);
#16684=PLANE('157283',#16683);
#16685=ORIENTED_EDGE('157376',*,*,#16618,.T.);
#16687=ORIENTED_EDGE('157391',*,*,#16686,.F.);
#16689=ORIENTED_EDGE('157394',*,*,#16688,.F.);
#16690=ORIENTED_EDGE('157393',*,*,#16672,.T.);
#16691=EDGE_LOOP('157283',(#16685,#16687,#16689,#16690));
#16692=FACE_OUTER_BOUND('157283',#16691,.F.);
#16693=ADVANCED_FACE('157283',(#16692),#16684,.T.);
#16694=CARTESIAN_POINT('',(-6.5E0,1.527157408706E0,-1.623182520279E0));
#16695=DIRECTION('',(0.E0,-5.000000000016E-1,-8.660254037835E-1));
#16696=DIRECTION('',(0.E0,8.660254037835E-1,-5.000000000016E-1));
#16697=AXIS2_PLACEMENT_3D('',#16694,#16695,#16696);
#16698=PLANE('157282',#16697);
#16699=ORIENTED_EDGE('157375',*,*,#16616,.T.);
#16701=ORIENTED_EDGE('157390',*,*,#16700,.F.);
#16703=ORIENTED_EDGE('157392',*,*,#16702,.F.);
#16704=ORIENTED_EDGE('157391',*,*,#16686,.T.);
#16705=EDGE_LOOP('157282',(#16699,#16701,#16703,#16704));
#16706=FACE_OUTER_BOUND('157282',#16705,.F.);
#16707=ADVANCED_FACE('157282',(#16706),#16698,.T.);
#16708=CARTESIAN_POINT('',(-6.5E0,1.680351158834E0,-3.012244019815E0));
#16709=DIRECTION('',(0.E0,-9.997982280545E-1,-2.008738855786E-2));
#16710=DIRECTION('',(0.E0,2.008738855786E-2,-9.997982280545E-1));
#16711=AXIS2_PLACEMENT_3D('',#16708,#16709,#16710);
#16712=PLANE('157281',#16711);
#16713=ORIENTED_EDGE('157640',*,*,#12787,.F.);
#16715=ORIENTED_EDGE('157664',*,*,#16714,.F.);
#16716=ORIENTED_EDGE('157390',*,*,#16700,.T.);
#16717=ORIENTED_EDGE('157660',*,*,#16614,.T.);
#16718=EDGE_LOOP('157281',(#16713,#16715,#16716,#16717));
#16719=FACE_OUTER_BOUND('157281',#16718,.F.);
#16720=ADVANCED_FACE('157281',(#16719),#16712,.T.);
#16721=CARTESIAN_POINT('',(-6.625E0,1.0435E0,-3.625823558526E0));
#16722=DIRECTION('',(1.E0,0.E0,0.E0));
#16723=DIRECTION('',(0.E0,0.E0,-1.E0));
#16724=AXIS2_PLACEMENT_3D('',#16721,#16722,#16723);
#16725=PLANE('157287',#16724);
#16726=ORIENTED_EDGE('157594',*,*,#16674,.T.);
#16727=ORIENTED_EDGE('157394',*,*,#16688,.T.);
#16728=ORIENTED_EDGE('157392',*,*,#16702,.T.);
#16729=ORIENTED_EDGE('157664',*,*,#16714,.T.);
#16730=ORIENTED_EDGE('157642',*,*,#12785,.F.);
#16731=ORIENTED_EDGE('157645',*,*,#12418,.T.);
#16732=ORIENTED_EDGE('157648',*,*,#11199,.T.);
#16733=EDGE_LOOP('157287',(#16726,#16727,#16728,#16729,#16730,#16731,#16732));
#16734=FACE_OUTER_BOUND('157287',#16733,.F.);
#16735=ADVANCED_FACE('157287',(#16734),#16725,.F.);
#16736=CARTESIAN_POINT('',(-6.625E0,1.0435E0,-3.625823558526E0));
#16737=DIRECTION('',(1.E0,0.E0,0.E0));
#16738=DIRECTION('',(0.E0,0.E0,-1.E0));
#16739=AXIS2_PLACEMENT_3D('',#16736,#16737,#16738);
#16740=PLANE('157287',#16739);
#16742=ORIENTED_EDGE('157595',*,*,#16741,.T.);
#16743=ORIENTED_EDGE('157656',*,*,#16120,.F.);
#16745=ORIENTED_EDGE('157663',*,*,#16744,.T.);
#16747=ORIENTED_EDGE('157389',*,*,#16746,.F.);
#16749=ORIENTED_EDGE('157662',*,*,#16748,.F.);
#16750=ORIENTED_EDGE('157655',*,*,#16110,.F.);
#16752=ORIENTED_EDGE('157661',*,*,#16751,.F.);
#16754=ORIENTED_EDGE('157386',*,*,#16753,.F.);
#16756=ORIENTED_EDGE('157384',*,*,#16755,.T.);
#16758=ORIENTED_EDGE('157382',*,*,#16757,.F.);
#16760=ORIENTED_EDGE('157379',*,*,#16759,.T.);
#16762=ORIENTED_EDGE('157396',*,*,#16761,.F.);
#16763=EDGE_LOOP('157287',(#16742,#16743,#16745,#16747,#16749,#16750,#16752,
#16754,#16756,#16758,#16760,#16762));
#16764=FACE_OUTER_BOUND('157287',#16763,.F.);
#16765=ADVANCED_FACE('157287',(#16764),#16740,.F.);
#16766=CARTESIAN_POINT('',(-6.625E0,1.0435E0,-3.625823558526E0));
#16767=DIRECTION('',(1.E0,0.E0,0.E0));
#16768=DIRECTION('',(0.E0,0.E0,-1.E0));
#16769=AXIS2_PLACEMENT_3D('',#16766,#16767,#16768);
#16770=PLANE('157287',#16769);
#16771=ORIENTED_EDGE('157727',*,*,#11815,.T.);
#16772=ORIENTED_EDGE('157775',*,*,#11913,.T.);
#16773=ORIENTED_EDGE('157643',*,*,#12763,.F.);
#16775=ORIENTED_EDGE('157770',*,*,#16774,.F.);
#16776=EDGE_LOOP('157287',(#16771,#16772,#16773,#16775));
#16777=FACE_OUTER_BOUND('157287',#16776,.F.);
#16778=ADVANCED_FACE('157287',(#16777),#16770,.F.);
#16779=CARTESIAN_POINT('',(-6.5E0,2.077E0,-4.714970468495E0));
#16780=DIRECTION('',(0.E0,-1.E0,0.E0));
#16781=DIRECTION('',(0.E0,0.E0,1.E0));
#16782=AXIS2_PLACEMENT_3D('',#16779,#16780,#16781);
#16783=PLANE('157285',#16782);
#16784=ORIENTED_EDGE('157593',*,*,#16628,.T.);
#16785=ORIENTED_EDGE('157651',*,*,#16122,.T.);
#16786=ORIENTED_EDGE('157595',*,*,#16741,.F.);
#16788=ORIENTED_EDGE('157395',*,*,#16787,.T.);
#16789=EDGE_LOOP('157285',(#16784,#16785,#16786,#16788));
#16790=FACE_OUTER_BOUND('157285',#16789,.F.);
#16791=ADVANCED_FACE('157285',(#16790),#16783,.F.);
#16792=CARTESIAN_POINT('',(-6.5E0,1.215E0,-5.7E0));
#16793=DIRECTION('',(0.E0,0.E0,-1.E0));
#16794=DIRECTION('',(0.E0,1.E0,0.E0));
#16795=AXIS2_PLACEMENT_3D('',#16792,#16793,#16794);
#16796=PLANE('157286',#16795);
#16797=ORIENTED_EDGE('157377',*,*,#16630,.F.);
#16798=ORIENTED_EDGE('157395',*,*,#16787,.F.);
#16799=ORIENTED_EDGE('157396',*,*,#16761,.T.);
#16801=ORIENTED_EDGE('157380',*,*,#16800,.F.);
#16802=EDGE_LOOP('157286',(#16797,#16798,#16799,#16801));
#16803=FACE_OUTER_BOUND('157286',#16802,.F.);
#16804=ADVANCED_FACE('157286',(#16803),#16796,.T.);
#16805=CARTESIAN_POINT('',(-6.5E0,3.315E-1,-6.1E0));
#16806=DIRECTION('',(0.E0,-9.985585912391E-1,5.367252427910E-2));
#16807=DIRECTION('',(0.E0,5.367252427910E-2,9.985585912391E-1));
#16808=AXIS2_PLACEMENT_3D('',#16805,#16806,#16807);
#16809=PLANE('157273',#16808);
#16810=ORIENTED_EDGE('157370',*,*,#16632,.T.);
#16811=ORIENTED_EDGE('157380',*,*,#16800,.T.);
#16812=ORIENTED_EDGE('157379',*,*,#16759,.F.);
#16814=ORIENTED_EDGE('157378',*,*,#16813,.T.);
#16815=EDGE_LOOP('157273',(#16810,#16811,#16812,#16814));
#16816=FACE_OUTER_BOUND('157273',#16815,.F.);
#16817=ADVANCED_FACE('157273',(#16816),#16809,.F.);
#16818=CARTESIAN_POINT('',(-6.5E0,1.6E-1,-6.5E0));
#16819=DIRECTION('',(0.E0,0.E0,-1.E0));
#16820=DIRECTION('',(0.E0,1.E0,0.E0));
#16821=AXIS2_PLACEMENT_3D('',#16818,#16819,#16820);
#16822=PLANE('157274',#16821);
#16823=ORIENTED_EDGE('157371',*,*,#16634,.F.);
#16824=ORIENTED_EDGE('157378',*,*,#16813,.F.);
#16825=ORIENTED_EDGE('157382',*,*,#16757,.T.);
#16827=ORIENTED_EDGE('157381',*,*,#16826,.T.);
#16828=EDGE_LOOP('157274',(#16823,#16824,#16825,#16827));
#16829=FACE_OUTER_BOUND('157274',#16828,.F.);
#16830=ADVANCED_FACE('157274',(#16829),#16822,.T.);
#16831=CARTESIAN_POINT('',(-6.5E0,4.000000000002E-2,-5.925E0));
#16832=DIRECTION('',(0.E0,-9.986417138313E-1,5.210304593903E-2));
#16833=DIRECTION('',(0.E0,-5.210304593903E-2,-9.986417138313E-1));
#16834=AXIS2_PLACEMENT_3D('',#16831,#16832,#16833);
#16835=PLANE('157275',#16834);
#16836=ORIENTED_EDGE('157372',*,*,#16636,.T.);
#16837=ORIENTED_EDGE('157381',*,*,#16826,.F.);
#16838=ORIENTED_EDGE('157384',*,*,#16755,.F.);
#16840=ORIENTED_EDGE('157383',*,*,#16839,.T.);
#16841=EDGE_LOOP('157275',(#16836,#16837,#16838,#16840));
#16842=FACE_OUTER_BOUND('157275',#16841,.F.);
#16843=ADVANCED_FACE('157275',(#16842),#16835,.T.);
#16844=CARTESIAN_POINT('',(-6.5E0,2.35E-1,-5.35E0));
#16845=DIRECTION('',(0.E0,0.E0,-1.E0));
#16846=DIRECTION('',(0.E0,-1.E0,0.E0));
#16847=AXIS2_PLACEMENT_3D('',#16844,#16845,#16846);
#16848=PLANE('157276',#16847);
#16849=ORIENTED_EDGE('157373',*,*,#16638,.F.);
#16850=ORIENTED_EDGE('157383',*,*,#16839,.F.);
#16851=ORIENTED_EDGE('157386',*,*,#16753,.T.);
#16853=ORIENTED_EDGE('157385',*,*,#16852,.T.);
#16854=EDGE_LOOP('157276',(#16849,#16850,#16851,#16853));
#16855=FACE_OUTER_BOUND('157276',#16854,.F.);
#16856=ADVANCED_FACE('157276',(#16855),#16848,.F.);
#16857=CARTESIAN_POINT('',(-6.5E0,4.E-1,-3.523E0));
#16858=DIRECTION('',(0.E0,-1.E0,0.E0));
#16859=DIRECTION('',(0.E0,0.E0,-1.E0));
#16860=AXIS2_PLACEMENT_3D('',#16857,#16858,#16859);
#16861=PLANE('157277',#16860);
#16862=ORIENTED_EDGE('157654',*,*,#16108,.T.);
#16863=ORIENTED_EDGE('157657',*,*,#16640,.F.);
#16864=ORIENTED_EDGE('157385',*,*,#16852,.F.);
#16865=ORIENTED_EDGE('157661',*,*,#16751,.T.);
#16866=EDGE_LOOP('157277',(#16862,#16863,#16864,#16865));
#16867=FACE_OUTER_BOUND('157277',#16866,.F.);
#16868=ADVANCED_FACE('157277',(#16867),#16861,.T.);
#16869=CARTESIAN_POINT('',(-6.5E0,1.497893703149E0,-4.614929465179E0));
#16870=DIRECTION('',(0.E0,-8.083218440240E-1,5.887408568068E-1));
#16871=DIRECTION('',(0.E0,-5.887408568068E-1,-8.083218440240E-1));
#16872=AXIS2_PLACEMENT_3D('',#16869,#16870,#16871);
#16873=PLANE('157280',#16872);
#16874=ORIENTED_EDGE('157652',*,*,#16118,.T.);
#16875=ORIENTED_EDGE('157659',*,*,#16647,.T.);
#16877=ORIENTED_EDGE('157388',*,*,#16876,.F.);
#16878=ORIENTED_EDGE('157663',*,*,#16744,.F.);
#16879=EDGE_LOOP('157280',(#16874,#16875,#16877,#16878));
#16880=FACE_OUTER_BOUND('157280',#16879,.F.);
#16881=ADVANCED_FACE('157280',(#16880),#16873,.T.);
#16882=CARTESIAN_POINT('',(-6.5E0,1.044499170342E0,-4.901735931288E0));
#16883=DIRECTION('',(0.E0,0.E0,-1.E0));
#16884=DIRECTION('',(0.E0,-1.E0,0.E0));
#16885=AXIS2_PLACEMENT_3D('',#16882,#16883,#16884);
#16886=PLANE('157279',#16885);
#16887=ORIENTED_EDGE('157374',*,*,#16645,.F.);
#16889=ORIENTED_EDGE('157387',*,*,#16888,.F.);
#16890=ORIENTED_EDGE('157389',*,*,#16746,.T.);
#16891=ORIENTED_EDGE('157388',*,*,#16876,.T.);
#16892=EDGE_LOOP('157279',(#16887,#16889,#16890,#16891));
#16893=FACE_OUTER_BOUND('157279',#16892,.F.);
#16894=ADVANCED_FACE('157279',(#16893),#16886,.F.);
#16895=CARTESIAN_POINT('',(-6.5E0,8.E-1,-3.225830548566E0));
#16896=DIRECTION('',(0.E0,-1.E0,0.E0));
#16897=DIRECTION('',(0.E0,0.E0,1.E0));
#16898=AXIS2_PLACEMENT_3D('',#16895,#16896,#16897);
#16899=PLANE('157278',#16898);
#16900=ORIENTED_EDGE('157653',*,*,#16112,.T.);
#16901=ORIENTED_EDGE('157662',*,*,#16748,.T.);
#16902=ORIENTED_EDGE('157387',*,*,#16888,.T.);
#16903=ORIENTED_EDGE('157658',*,*,#16643,.F.);
#16904=EDGE_LOOP('157278',(#16900,#16901,#16902,#16903));
#16905=FACE_OUTER_BOUND('157278',#16904,.F.);
#16906=ADVANCED_FACE('157278',(#16905),#16899,.F.);
#16907=CARTESIAN_POINT('',(-6.5E0,8.E-1,-3.225830548566E0));
#16908=DIRECTION('',(0.E0,-1.E0,0.E0));
#16909=DIRECTION('',(0.E0,0.E0,1.E0));
#16910=AXIS2_PLACEMENT_3D('',#16907,#16908,#16909);
#16911=PLANE('157278',#16910);
#16912=ORIENTED_EDGE('157726',*,*,#11817,.T.);
#16913=ORIENTED_EDGE('157770',*,*,#16774,.T.);
#16914=ORIENTED_EDGE('157641',*,*,#12761,.F.);
#16915=ORIENTED_EDGE('157769',*,*,#16659,.F.);
#16916=EDGE_LOOP('157278',(#16912,#16913,#16914,#16915));
#16917=FACE_OUTER_BOUND('157278',#16916,.F.);
#16918=ADVANCED_FACE('157278',(#16917),#16911,.F.);
#16919=CARTESIAN_POINT('',(-5.375E0,1.0435E0,-3.625823558526E0));
#16920=DIRECTION('',(1.E0,0.E0,0.E0));
#16921=DIRECTION('',(0.E0,0.E0,-1.E0));
#16922=AXIS2_PLACEMENT_3D('',#16919,#16920,#16921);
#16923=PLANE('153871',#16922);
#16925=ORIENTED_EDGE('154664',*,*,#16924,.T.);
#16926=ORIENTED_EDGE('154724',*,*,#11187,.T.);
#16927=ORIENTED_EDGE('154722',*,*,#12392,.T.);
#16928=ORIENTED_EDGE('154716',*,*,#12796,.F.);
#16930=ORIENTED_EDGE('154738',*,*,#16929,.T.);
#16932=ORIENTED_EDGE('154219',*,*,#16931,.T.);
#16934=ORIENTED_EDGE('154220',*,*,#16933,.T.);
#16935=EDGE_LOOP('153871',(#16925,#16926,#16927,#16928,#16930,#16932,#16934));
#16936=FACE_OUTER_BOUND('153871',#16935,.F.);
#16937=ADVANCED_FACE('153871',(#16936),#16923,.T.);
#16938=CARTESIAN_POINT('',(-5.375E0,1.0435E0,-3.625823558526E0));
#16939=DIRECTION('',(1.E0,0.E0,0.E0));
#16940=DIRECTION('',(0.E0,0.E0,-1.E0));
#16941=AXIS2_PLACEMENT_3D('',#16938,#16939,#16940);
#16942=PLANE('153871',#16941);
#16944=ORIENTED_EDGE('154665',*,*,#16943,.T.);
#16946=ORIENTED_EDGE('154221',*,*,#16945,.F.);
#16948=ORIENTED_EDGE('154214',*,*,#16947,.T.);
#16950=ORIENTED_EDGE('154215',*,*,#16949,.F.);
#16952=ORIENTED_EDGE('154216',*,*,#16951,.T.);
#16954=ORIENTED_EDGE('154217',*,*,#16953,.F.);
#16956=ORIENTED_EDGE('154735',*,*,#16955,.F.);
#16957=ORIENTED_EDGE('154727',*,*,#16008,.F.);
#16959=ORIENTED_EDGE('154736',*,*,#16958,.F.);
#16961=ORIENTED_EDGE('154218',*,*,#16960,.F.);
#16963=ORIENTED_EDGE('154737',*,*,#16962,.T.);
#16964=ORIENTED_EDGE('154728',*,*,#16018,.F.);
#16965=EDGE_LOOP('153871',(#16944,#16946,#16948,#16950,#16952,#16954,#16956,
#16957,#16959,#16961,#16963,#16964));
#16966=FACE_OUTER_BOUND('153871',#16965,.F.);
#16967=ADVANCED_FACE('153871',(#16966),#16942,.T.);
#16968=CARTESIAN_POINT('',(-5.375E0,1.0435E0,-3.625823558526E0));
#16969=DIRECTION('',(1.E0,0.E0,0.E0));
#16970=DIRECTION('',(0.E0,0.E0,-1.E0));
#16971=AXIS2_PLACEMENT_3D('',#16968,#16969,#16970);
#16972=PLANE('153871',#16971);
#16973=ORIENTED_EDGE('155119',*,*,#11827,.T.);
#16975=ORIENTED_EDGE('155158',*,*,#16974,.F.);
#16976=ORIENTED_EDGE('154717',*,*,#12752,.F.);
#16977=ORIENTED_EDGE('155184',*,*,#11939,.T.);
#16978=EDGE_LOOP('153871',(#16973,#16975,#16976,#16977));
#16979=FACE_OUTER_BOUND('153871',#16978,.F.);
#16980=ADVANCED_FACE('153871',(#16979),#16972,.T.);
#16981=CARTESIAN_POINT('',(-5.5E0,1.9885E0,-2.240794027022E0));
#16982=DIRECTION('',(0.E0,-9.982387017932E-1,-5.932532547141E-2));
#16983=DIRECTION('',(0.E0,-5.932532547141E-2,9.982387017932E-1));
#16984=AXIS2_PLACEMENT_3D('',#16981,#16982,#16983);
#16985=PLANE('153883',#16984);
#16986=ORIENTED_EDGE('154664',*,*,#16924,.F.);
#16988=ORIENTED_EDGE('154237',*,*,#16987,.T.);
#16990=ORIENTED_EDGE('154666',*,*,#16989,.T.);
#16991=ORIENTED_EDGE('154725',*,*,#11189,.T.);
#16992=EDGE_LOOP('153883',(#16986,#16988,#16990,#16991));
#16993=FACE_OUTER_BOUND('153883',#16992,.F.);
#16994=ADVANCED_FACE('153883',(#16993),#16985,.F.);
#16995=CARTESIAN_POINT('',(-5.5E0,1.650200782678E0,-1.150823558526E0));
#16996=DIRECTION('',(0.E0,-8.476985317158E-1,5.304782741328E-1));
#16997=DIRECTION('',(0.E0,-5.304782741328E-1,-8.476985317158E-1));
#16998=AXIS2_PLACEMENT_3D('',#16995,#16996,#16997);
#16999=PLANE('153882',#16998);
#17000=ORIENTED_EDGE('154220',*,*,#16933,.F.);
#17002=ORIENTED_EDGE('154235',*,*,#17001,.T.);
#17004=ORIENTED_EDGE('154238',*,*,#17003,.T.);
#17005=ORIENTED_EDGE('154237',*,*,#16987,.F.);
#17006=EDGE_LOOP('153882',(#17000,#17002,#17004,#17005));
#17007=FACE_OUTER_BOUND('153882',#17006,.F.);
#17008=ADVANCED_FACE('153882',(#17007),#16999,.T.);
#17009=CARTESIAN_POINT('',(-5.5E0,1.527157408706E0,-1.623182520279E0));
#17010=DIRECTION('',(0.E0,-5.000000000016E-1,-8.660254037835E-1));
#17011=DIRECTION('',(0.E0,8.660254037835E-1,-5.000000000016E-1));
#17012=AXIS2_PLACEMENT_3D('',#17009,#17010,#17011);
#17013=PLANE('153881',#17012);
#17014=ORIENTED_EDGE('154219',*,*,#16931,.F.);
#17016=ORIENTED_EDGE('154234',*,*,#17015,.T.);
#17018=ORIENTED_EDGE('154236',*,*,#17017,.T.);
#17019=ORIENTED_EDGE('154235',*,*,#17001,.F.);
#17020=EDGE_LOOP('153881',(#17014,#17016,#17018,#17019));
#17021=FACE_OUTER_BOUND('153881',#17020,.F.);
#17022=ADVANCED_FACE('153881',(#17021),#17013,.T.);
#17023=CARTESIAN_POINT('',(-5.5E0,1.680351158834E0,-3.012244019815E0));
#17024=DIRECTION('',(0.E0,-9.997982280545E-1,-2.008738855786E-2));
#17025=DIRECTION('',(0.E0,2.008738855786E-2,-9.997982280545E-1));
#17026=AXIS2_PLACEMENT_3D('',#17023,#17024,#17025);
#17027=PLANE('153880',#17026);
#17028=ORIENTED_EDGE('154718',*,*,#12794,.T.);
#17030=ORIENTED_EDGE('154742',*,*,#17029,.T.);
#17031=ORIENTED_EDGE('154234',*,*,#17015,.F.);
#17032=ORIENTED_EDGE('154738',*,*,#16929,.F.);
#17033=EDGE_LOOP('153880',(#17028,#17030,#17031,#17032));
#17034=FACE_OUTER_BOUND('153880',#17033,.F.);
#17035=ADVANCED_FACE('153880',(#17034),#17027,.T.);
#17036=CARTESIAN_POINT('',(-5.625E0,1.0435E0,-3.625823558526E0));
#17037=DIRECTION('',(1.E0,0.E0,0.E0));
#17038=DIRECTION('',(0.E0,0.E0,-1.E0));
#17039=AXIS2_PLACEMENT_3D('',#17036,#17037,#17038);
#17040=PLANE('153886',#17039);
#17041=ORIENTED_EDGE('154666',*,*,#16989,.F.);
#17042=ORIENTED_EDGE('154238',*,*,#17003,.F.);
#17043=ORIENTED_EDGE('154236',*,*,#17017,.F.);
#17044=ORIENTED_EDGE('154742',*,*,#17029,.F.);
#17045=ORIENTED_EDGE('154720',*,*,#12792,.T.);
#17046=ORIENTED_EDGE('154723',*,*,#12403,.F.);
#17047=ORIENTED_EDGE('154726',*,*,#11191,.F.);
#17048=EDGE_LOOP('153886',(#17041,#17042,#17043,#17044,#17045,#17046,#17047));
#17049=FACE_OUTER_BOUND('153886',#17048,.F.);
#17050=ADVANCED_FACE('153886',(#17049),#17040,.F.);
#17051=CARTESIAN_POINT('',(-5.625E0,1.0435E0,-3.625823558526E0));
#17052=DIRECTION('',(1.E0,0.E0,0.E0));
#17053=DIRECTION('',(0.E0,0.E0,-1.E0));
#17054=AXIS2_PLACEMENT_3D('',#17051,#17052,#17053);
#17055=PLANE('153886',#17054);
#17057=ORIENTED_EDGE('154667',*,*,#17056,.F.);
#17058=ORIENTED_EDGE('154734',*,*,#16022,.T.);
#17060=ORIENTED_EDGE('154741',*,*,#17059,.F.);
#17062=ORIENTED_EDGE('154233',*,*,#17061,.T.);
#17064=ORIENTED_EDGE('154740',*,*,#17063,.T.);
#17065=ORIENTED_EDGE('154733',*,*,#16012,.T.);
#17067=ORIENTED_EDGE('154739',*,*,#17066,.T.);
#17069=ORIENTED_EDGE('154230',*,*,#17068,.T.);
#17071=ORIENTED_EDGE('154228',*,*,#17070,.F.);
#17073=ORIENTED_EDGE('154226',*,*,#17072,.T.);
#17075=ORIENTED_EDGE('154223',*,*,#17074,.F.);
#17077=ORIENTED_EDGE('154240',*,*,#17076,.T.);
#17078=EDGE_LOOP('153886',(#17057,#17058,#17060,#17062,#17064,#17065,#17067,
#17069,#17071,#17073,#17075,#17077));
#17079=FACE_OUTER_BOUND('153886',#17078,.F.);
#17080=ADVANCED_FACE('153886',(#17079),#17055,.F.);
#17081=CARTESIAN_POINT('',(-5.625E0,1.0435E0,-3.625823558526E0));
#17082=DIRECTION('',(1.E0,0.E0,0.E0));
#17083=DIRECTION('',(0.E0,0.E0,-1.E0));
#17084=AXIS2_PLACEMENT_3D('',#17081,#17082,#17083);
#17085=PLANE('153886',#17084);
#17086=ORIENTED_EDGE('155121',*,*,#11823,.F.);
#17087=ORIENTED_EDGE('155185',*,*,#11928,.F.);
#17088=ORIENTED_EDGE('154721',*,*,#12756,.T.);
#17090=ORIENTED_EDGE('155159',*,*,#17089,.T.);
#17091=EDGE_LOOP('153886',(#17086,#17087,#17088,#17090));
#17092=FACE_OUTER_BOUND('153886',#17091,.F.);
#17093=ADVANCED_FACE('153886',(#17092),#17085,.F.);
#17094=CARTESIAN_POINT('',(-5.5E0,2.077E0,-4.714970468495E0));
#17095=DIRECTION('',(0.E0,-1.E0,0.E0));
#17096=DIRECTION('',(0.E0,0.E0,1.E0));
#17097=AXIS2_PLACEMENT_3D('',#17094,#17095,#17096);
#17098=PLANE('153884',#17097);
#17099=ORIENTED_EDGE('154665',*,*,#16943,.F.);
#17100=ORIENTED_EDGE('154729',*,*,#16024,.F.);
#17101=ORIENTED_EDGE('154667',*,*,#17056,.T.);
#17103=ORIENTED_EDGE('154239',*,*,#17102,.F.);
#17104=EDGE_LOOP('153884',(#17099,#17100,#17101,#17103));
#17105=FACE_OUTER_BOUND('153884',#17104,.F.);
#17106=ADVANCED_FACE('153884',(#17105),#17098,.F.);
#17107=CARTESIAN_POINT('',(-5.5E0,1.215E0,-5.7E0));
#17108=DIRECTION('',(0.E0,0.E0,-1.E0));
#17109=DIRECTION('',(0.E0,1.E0,0.E0));
#17110=AXIS2_PLACEMENT_3D('',#17107,#17108,#17109);
#17111=PLANE('153885',#17110);
#17112=ORIENTED_EDGE('154221',*,*,#16945,.T.);
#17113=ORIENTED_EDGE('154239',*,*,#17102,.T.);
#17114=ORIENTED_EDGE('154240',*,*,#17076,.F.);
#17116=ORIENTED_EDGE('154224',*,*,#17115,.T.);
#17117=EDGE_LOOP('153885',(#17112,#17113,#17114,#17116));
#17118=FACE_OUTER_BOUND('153885',#17117,.F.);
#17119=ADVANCED_FACE('153885',(#17118),#17111,.T.);
#17120=CARTESIAN_POINT('',(-5.5E0,3.315E-1,-6.1E0));
#17121=DIRECTION('',(0.E0,-9.985585912391E-1,5.367252427910E-2));
#17122=DIRECTION('',(0.E0,5.367252427910E-2,9.985585912391E-1));
#17123=AXIS2_PLACEMENT_3D('',#17120,#17121,#17122);
#17124=PLANE('153872',#17123);
#17125=ORIENTED_EDGE('154214',*,*,#16947,.F.);
#17126=ORIENTED_EDGE('154224',*,*,#17115,.F.);
#17127=ORIENTED_EDGE('154223',*,*,#17074,.T.);
#17129=ORIENTED_EDGE('154222',*,*,#17128,.F.);
#17130=EDGE_LOOP('153872',(#17125,#17126,#17127,#17129));
#17131=FACE_OUTER_BOUND('153872',#17130,.F.);
#17132=ADVANCED_FACE('153872',(#17131),#17124,.F.);
#17133=CARTESIAN_POINT('',(-5.5E0,1.6E-1,-6.5E0));
#17134=DIRECTION('',(0.E0,0.E0,-1.E0));
#17135=DIRECTION('',(0.E0,1.E0,0.E0));
#17136=AXIS2_PLACEMENT_3D('',#17133,#17134,#17135);
#17137=PLANE('153873',#17136);
#17138=ORIENTED_EDGE('154215',*,*,#16949,.T.);
#17139=ORIENTED_EDGE('154222',*,*,#17128,.T.);
#17140=ORIENTED_EDGE('154226',*,*,#17072,.F.);
#17142=ORIENTED_EDGE('154225',*,*,#17141,.F.);
#17143=EDGE_LOOP('153873',(#17138,#17139,#17140,#17142));
#17144=FACE_OUTER_BOUND('153873',#17143,.F.);
#17145=ADVANCED_FACE('153873',(#17144),#17137,.T.);
#17146=CARTESIAN_POINT('',(-5.5E0,4.000000000002E-2,-5.925E0));
#17147=DIRECTION('',(0.E0,-9.986417138313E-1,5.210304593903E-2));
#17148=DIRECTION('',(0.E0,-5.210304593903E-2,-9.986417138313E-1));
#17149=AXIS2_PLACEMENT_3D('',#17146,#17147,#17148);
#17150=PLANE('153874',#17149);
#17151=ORIENTED_EDGE('154216',*,*,#16951,.F.);
#17152=ORIENTED_EDGE('154225',*,*,#17141,.T.);
#17153=ORIENTED_EDGE('154228',*,*,#17070,.T.);
#17155=ORIENTED_EDGE('154227',*,*,#17154,.F.);
#17156=EDGE_LOOP('153874',(#17151,#17152,#17153,#17155));
#17157=FACE_OUTER_BOUND('153874',#17156,.F.);
#17158=ADVANCED_FACE('153874',(#17157),#17150,.T.);
#17159=CARTESIAN_POINT('',(-5.5E0,2.35E-1,-5.35E0));
#17160=DIRECTION('',(0.E0,0.E0,-1.E0));
#17161=DIRECTION('',(0.E0,-1.E0,0.E0));
#17162=AXIS2_PLACEMENT_3D('',#17159,#17160,#17161);
#17163=PLANE('153875',#17162);
#17164=ORIENTED_EDGE('154217',*,*,#16953,.T.);
#17165=ORIENTED_EDGE('154227',*,*,#17154,.T.);
#17166=ORIENTED_EDGE('154230',*,*,#17068,.F.);
#17168=ORIENTED_EDGE('154229',*,*,#17167,.F.);
#17169=EDGE_LOOP('153875',(#17164,#17165,#17166,#17168));
#17170=FACE_OUTER_BOUND('153875',#17169,.F.);
#17171=ADVANCED_FACE('153875',(#17170),#17163,.F.);
#17172=CARTESIAN_POINT('',(-5.5E0,4.E-1,-3.523E0));
#17173=DIRECTION('',(0.E0,-1.E0,0.E0));
#17174=DIRECTION('',(0.E0,0.E0,-1.E0));
#17175=AXIS2_PLACEMENT_3D('',#17172,#17173,#17174);
#17176=PLANE('153876',#17175);
#17177=ORIENTED_EDGE('154732',*,*,#16010,.F.);
#17178=ORIENTED_EDGE('154735',*,*,#16955,.T.);
#17179=ORIENTED_EDGE('154229',*,*,#17167,.T.);
#17180=ORIENTED_EDGE('154739',*,*,#17066,.F.);
#17181=EDGE_LOOP('153876',(#17177,#17178,#17179,#17180));
#17182=FACE_OUTER_BOUND('153876',#17181,.F.);
#17183=ADVANCED_FACE('153876',(#17182),#17176,.T.);
#17184=CARTESIAN_POINT('',(-5.5E0,1.497893703149E0,-4.614929465179E0));
#17185=DIRECTION('',(0.E0,-8.083218440240E-1,5.887408568068E-1));
#17186=DIRECTION('',(0.E0,-5.887408568068E-1,-8.083218440240E-1));
#17187=AXIS2_PLACEMENT_3D('',#17184,#17185,#17186);
#17188=PLANE('153879',#17187);
#17189=ORIENTED_EDGE('154730',*,*,#16020,.F.);
#17190=ORIENTED_EDGE('154737',*,*,#16962,.F.);
#17192=ORIENTED_EDGE('154232',*,*,#17191,.T.);
#17193=ORIENTED_EDGE('154741',*,*,#17059,.T.);
#17194=EDGE_LOOP('153879',(#17189,#17190,#17192,#17193));
#17195=FACE_OUTER_BOUND('153879',#17194,.F.);
#17196=ADVANCED_FACE('153879',(#17195),#17188,.T.);
#17197=CARTESIAN_POINT('',(-5.5E0,1.044499170342E0,-4.901735931288E0));
#17198=DIRECTION('',(0.E0,0.E0,-1.E0));
#17199=DIRECTION('',(0.E0,-1.E0,0.E0));
#17200=AXIS2_PLACEMENT_3D('',#17197,#17198,#17199);
#17201=PLANE('153878',#17200);
#17202=ORIENTED_EDGE('154218',*,*,#16960,.T.);
#17204=ORIENTED_EDGE('154231',*,*,#17203,.T.);
#17205=ORIENTED_EDGE('154233',*,*,#17061,.F.);
#17206=ORIENTED_EDGE('154232',*,*,#17191,.F.);
#17207=EDGE_LOOP('153878',(#17202,#17204,#17205,#17206));
#17208=FACE_OUTER_BOUND('153878',#17207,.F.);
#17209=ADVANCED_FACE('153878',(#17208),#17201,.F.);
#17210=CARTESIAN_POINT('',(-5.5E0,8.E-1,-3.225830548566E0));
#17211=DIRECTION('',(0.E0,-1.E0,0.E0));
#17212=DIRECTION('',(0.E0,0.E0,1.E0));
#17213=AXIS2_PLACEMENT_3D('',#17210,#17211,#17212);
#17214=PLANE('153877',#17213);
#17215=ORIENTED_EDGE('154731',*,*,#16014,.F.);
#17216=ORIENTED_EDGE('154740',*,*,#17063,.F.);
#17217=ORIENTED_EDGE('154231',*,*,#17203,.F.);
#17218=ORIENTED_EDGE('154736',*,*,#16958,.T.);
#17219=EDGE_LOOP('153877',(#17215,#17216,#17217,#17218));
#17220=FACE_OUTER_BOUND('153877',#17219,.F.);
#17221=ADVANCED_FACE('153877',(#17220),#17214,.F.);
#17222=CARTESIAN_POINT('',(-5.5E0,8.E-1,-3.225830548566E0));
#17223=DIRECTION('',(0.E0,-1.E0,0.E0));
#17224=DIRECTION('',(0.E0,0.E0,1.E0));
#17225=AXIS2_PLACEMENT_3D('',#17222,#17223,#17224);
#17226=PLANE('153877',#17225);
#17227=ORIENTED_EDGE('155120',*,*,#11825,.F.);
#17228=ORIENTED_EDGE('155159',*,*,#17089,.F.);
#17229=ORIENTED_EDGE('154719',*,*,#12754,.T.);
#17230=ORIENTED_EDGE('155158',*,*,#16974,.T.);
#17231=EDGE_LOOP('153877',(#17227,#17228,#17229,#17230));
#17232=FACE_OUTER_BOUND('153877',#17231,.F.);
#17233=ADVANCED_FACE('153877',(#17232),#17226,.F.);
#17234=CARTESIAN_POINT('',(-4.375E0,1.0435E0,-3.625823558526E0));
#17235=DIRECTION('',(1.E0,0.E0,0.E0));
#17236=DIRECTION('',(0.E0,0.E0,-1.E0));
#17237=AXIS2_PLACEMENT_3D('',#17234,#17235,#17236);
#17238=PLANE('153887',#17237);
#17240=ORIENTED_EDGE('154668',*,*,#17239,.T.);
#17241=ORIENTED_EDGE('154751',*,*,#11179,.T.);
#17242=ORIENTED_EDGE('154749',*,*,#12377,.T.);
#17243=ORIENTED_EDGE('154743',*,*,#12803,.F.);
#17245=ORIENTED_EDGE('154765',*,*,#17244,.T.);
#17247=ORIENTED_EDGE('154246',*,*,#17246,.T.);
#17249=ORIENTED_EDGE('154247',*,*,#17248,.T.);
#17250=EDGE_LOOP('153887',(#17240,#17241,#17242,#17243,#17245,#17247,#17249));
#17251=FACE_OUTER_BOUND('153887',#17250,.F.);
#17252=ADVANCED_FACE('153887',(#17251),#17238,.T.);
#17253=CARTESIAN_POINT('',(-4.375E0,1.0435E0,-3.625823558526E0));
#17254=DIRECTION('',(1.E0,0.E0,0.E0));
#17255=DIRECTION('',(0.E0,0.E0,-1.E0));
#17256=AXIS2_PLACEMENT_3D('',#17253,#17254,#17255);
#17257=PLANE('153887',#17256);
#17259=ORIENTED_EDGE('154669',*,*,#17258,.T.);
#17261=ORIENTED_EDGE('154248',*,*,#17260,.F.);
#17263=ORIENTED_EDGE('154241',*,*,#17262,.T.);
#17265=ORIENTED_EDGE('154242',*,*,#17264,.F.);
#17267=ORIENTED_EDGE('154243',*,*,#17266,.T.);
#17269=ORIENTED_EDGE('154244',*,*,#17268,.F.);
#17271=ORIENTED_EDGE('154762',*,*,#17270,.F.);
#17272=ORIENTED_EDGE('154754',*,*,#15910,.F.);
#17274=ORIENTED_EDGE('154763',*,*,#17273,.F.);
#17276=ORIENTED_EDGE('154245',*,*,#17275,.F.);
#17278=ORIENTED_EDGE('154764',*,*,#17277,.T.);
#17279=ORIENTED_EDGE('154755',*,*,#15920,.F.);
#17280=EDGE_LOOP('153887',(#17259,#17261,#17263,#17265,#17267,#17269,#17271,
#17272,#17274,#17276,#17278,#17279));
#17281=FACE_OUTER_BOUND('153887',#17280,.F.);
#17282=ADVANCED_FACE('153887',(#17281),#17257,.T.);
#17283=CARTESIAN_POINT('',(-4.375E0,1.0435E0,-3.625823558526E0));
#17284=DIRECTION('',(1.E0,0.E0,0.E0));
#17285=DIRECTION('',(0.E0,0.E0,-1.E0));
#17286=AXIS2_PLACEMENT_3D('',#17283,#17284,#17285);
#17287=PLANE('153887',#17286);
#17288=ORIENTED_EDGE('155122',*,*,#11835,.T.);
#17290=ORIENTED_EDGE('155160',*,*,#17289,.F.);
#17291=ORIENTED_EDGE('154744',*,*,#12745,.F.);
#17292=ORIENTED_EDGE('155186',*,*,#11954,.T.);
#17293=EDGE_LOOP('153887',(#17288,#17290,#17291,#17292));
#17294=FACE_OUTER_BOUND('153887',#17293,.F.);
#17295=ADVANCED_FACE('153887',(#17294),#17287,.T.);
#17296=CARTESIAN_POINT('',(-4.5E0,1.9885E0,-2.240794027022E0));
#17297=DIRECTION('',(0.E0,-9.982387017932E-1,-5.932532547141E-2));
#17298=DIRECTION('',(0.E0,-5.932532547141E-2,9.982387017932E-1));
#17299=AXIS2_PLACEMENT_3D('',#17296,#17297,#17298);
#17300=PLANE('153899',#17299);
#17301=ORIENTED_EDGE('154668',*,*,#17239,.F.);
#17303=ORIENTED_EDGE('154264',*,*,#17302,.T.);
#17305=ORIENTED_EDGE('154670',*,*,#17304,.T.);
#17306=ORIENTED_EDGE('154752',*,*,#11181,.T.);
#17307=EDGE_LOOP('153899',(#17301,#17303,#17305,#17306));
#17308=FACE_OUTER_BOUND('153899',#17307,.F.);
#17309=ADVANCED_FACE('153899',(#17308),#17300,.F.);
#17310=CARTESIAN_POINT('',(-4.5E0,1.650200782678E0,-1.150823558526E0));
#17311=DIRECTION('',(0.E0,-8.476985317158E-1,5.304782741328E-1));
#17312=DIRECTION('',(0.E0,-5.304782741328E-1,-8.476985317158E-1));
#17313=AXIS2_PLACEMENT_3D('',#17310,#17311,#17312);
#17314=PLANE('153898',#17313);
#17315=ORIENTED_EDGE('154247',*,*,#17248,.F.);
#17317=ORIENTED_EDGE('154262',*,*,#17316,.T.);
#17319=ORIENTED_EDGE('154265',*,*,#17318,.T.);
#17320=ORIENTED_EDGE('154264',*,*,#17302,.F.);
#17321=EDGE_LOOP('153898',(#17315,#17317,#17319,#17320));
#17322=FACE_OUTER_BOUND('153898',#17321,.F.);
#17323=ADVANCED_FACE('153898',(#17322),#17314,.T.);
#17324=CARTESIAN_POINT('',(-4.5E0,1.527157408706E0,-1.623182520279E0));
#17325=DIRECTION('',(0.E0,-5.000000000016E-1,-8.660254037835E-1));
#17326=DIRECTION('',(0.E0,8.660254037835E-1,-5.000000000016E-1));
#17327=AXIS2_PLACEMENT_3D('',#17324,#17325,#17326);
#17328=PLANE('153897',#17327);
#17329=ORIENTED_EDGE('154246',*,*,#17246,.F.);
#17331=ORIENTED_EDGE('154261',*,*,#17330,.T.);
#17333=ORIENTED_EDGE('154263',*,*,#17332,.T.);
#17334=ORIENTED_EDGE('154262',*,*,#17316,.F.);
#17335=EDGE_LOOP('153897',(#17329,#17331,#17333,#17334));
#17336=FACE_OUTER_BOUND('153897',#17335,.F.);
#17337=ADVANCED_FACE('153897',(#17336),#17328,.T.);
#17338=CARTESIAN_POINT('',(-4.5E0,1.680351158834E0,-3.012244019815E0));
#17339=DIRECTION('',(0.E0,-9.997982280545E-1,-2.008738855786E-2));
#17340=DIRECTION('',(0.E0,2.008738855786E-2,-9.997982280545E-1));
#17341=AXIS2_PLACEMENT_3D('',#17338,#17339,#17340);
#17342=PLANE('153896',#17341);
#17343=ORIENTED_EDGE('154745',*,*,#12801,.T.);
#17345=ORIENTED_EDGE('154769',*,*,#17344,.T.);
#17346=ORIENTED_EDGE('154261',*,*,#17330,.F.);
#17347=ORIENTED_EDGE('154765',*,*,#17244,.F.);
#17348=EDGE_LOOP('153896',(#17343,#17345,#17346,#17347));
#17349=FACE_OUTER_BOUND('153896',#17348,.F.);
#17350=ADVANCED_FACE('153896',(#17349),#17342,.T.);
#17351=CARTESIAN_POINT('',(-4.625E0,1.0435E0,-3.625823558526E0));
#17352=DIRECTION('',(1.E0,0.E0,0.E0));
#17353=DIRECTION('',(0.E0,0.E0,-1.E0));
#17354=AXIS2_PLACEMENT_3D('',#17351,#17352,#17353);
#17355=PLANE('153902',#17354);
#17356=ORIENTED_EDGE('154670',*,*,#17304,.F.);
#17357=ORIENTED_EDGE('154265',*,*,#17318,.F.);
#17358=ORIENTED_EDGE('154263',*,*,#17332,.F.);
#17359=ORIENTED_EDGE('154769',*,*,#17344,.F.);
#17360=ORIENTED_EDGE('154747',*,*,#12799,.T.);
#17361=ORIENTED_EDGE('154750',*,*,#12388,.F.);
#17362=ORIENTED_EDGE('154753',*,*,#11183,.F.);
#17363=EDGE_LOOP('153902',(#17356,#17357,#17358,#17359,#17360,#17361,#17362));
#17364=FACE_OUTER_BOUND('153902',#17363,.F.);
#17365=ADVANCED_FACE('153902',(#17364),#17355,.F.);
#17366=CARTESIAN_POINT('',(-4.625E0,1.0435E0,-3.625823558526E0));
#17367=DIRECTION('',(1.E0,0.E0,0.E0));
#17368=DIRECTION('',(0.E0,0.E0,-1.E0));
#17369=AXIS2_PLACEMENT_3D('',#17366,#17367,#17368);
#17370=PLANE('153902',#17369);
#17372=ORIENTED_EDGE('154671',*,*,#17371,.F.);
#17373=ORIENTED_EDGE('154761',*,*,#15924,.T.);
#17375=ORIENTED_EDGE('154768',*,*,#17374,.F.);
#17377=ORIENTED_EDGE('154260',*,*,#17376,.T.);
#17379=ORIENTED_EDGE('154767',*,*,#17378,.T.);
#17380=ORIENTED_EDGE('154760',*,*,#15914,.T.);
#17382=ORIENTED_EDGE('154766',*,*,#17381,.T.);
#17384=ORIENTED_EDGE('154257',*,*,#17383,.T.);
#17386=ORIENTED_EDGE('154255',*,*,#17385,.F.);
#17388=ORIENTED_EDGE('154253',*,*,#17387,.T.);
#17390=ORIENTED_EDGE('154250',*,*,#17389,.F.);
#17392=ORIENTED_EDGE('154267',*,*,#17391,.T.);
#17393=EDGE_LOOP('153902',(#17372,#17373,#17375,#17377,#17379,#17380,#17382,
#17384,#17386,#17388,#17390,#17392));
#17394=FACE_OUTER_BOUND('153902',#17393,.F.);
#17395=ADVANCED_FACE('153902',(#17394),#17370,.F.);
#17396=CARTESIAN_POINT('',(-4.625E0,1.0435E0,-3.625823558526E0));
#17397=DIRECTION('',(1.E0,0.E0,0.E0));
#17398=DIRECTION('',(0.E0,0.E0,-1.E0));
#17399=AXIS2_PLACEMENT_3D('',#17396,#17397,#17398);
#17400=PLANE('153902',#17399);
#17401=ORIENTED_EDGE('155124',*,*,#11831,.F.);
#17402=ORIENTED_EDGE('155187',*,*,#11943,.F.);
#17403=ORIENTED_EDGE('154748',*,*,#12749,.T.);
#17405=ORIENTED_EDGE('155161',*,*,#17404,.T.);
#17406=EDGE_LOOP('153902',(#17401,#17402,#17403,#17405));
#17407=FACE_OUTER_BOUND('153902',#17406,.F.);
#17408=ADVANCED_FACE('153902',(#17407),#17400,.F.);
#17409=CARTESIAN_POINT('',(-4.5E0,2.077E0,-4.714970468495E0));
#17410=DIRECTION('',(0.E0,-1.E0,0.E0));
#17411=DIRECTION('',(0.E0,0.E0,1.E0));
#17412=AXIS2_PLACEMENT_3D('',#17409,#17410,#17411);
#17413=PLANE('153900',#17412);
#17414=ORIENTED_EDGE('154669',*,*,#17258,.F.);
#17415=ORIENTED_EDGE('154756',*,*,#15926,.F.);
#17416=ORIENTED_EDGE('154671',*,*,#17371,.T.);
#17418=ORIENTED_EDGE('154266',*,*,#17417,.F.);
#17419=EDGE_LOOP('153900',(#17414,#17415,#17416,#17418));
#17420=FACE_OUTER_BOUND('153900',#17419,.F.);
#17421=ADVANCED_FACE('153900',(#17420),#17413,.F.);
#17422=CARTESIAN_POINT('',(-4.5E0,1.215E0,-5.7E0));
#17423=DIRECTION('',(0.E0,0.E0,-1.E0));
#17424=DIRECTION('',(0.E0,1.E0,0.E0));
#17425=AXIS2_PLACEMENT_3D('',#17422,#17423,#17424);
#17426=PLANE('153901',#17425);
#17427=ORIENTED_EDGE('154248',*,*,#17260,.T.);
#17428=ORIENTED_EDGE('154266',*,*,#17417,.T.);
#17429=ORIENTED_EDGE('154267',*,*,#17391,.F.);
#17431=ORIENTED_EDGE('154251',*,*,#17430,.T.);
#17432=EDGE_LOOP('153901',(#17427,#17428,#17429,#17431));
#17433=FACE_OUTER_BOUND('153901',#17432,.F.);
#17434=ADVANCED_FACE('153901',(#17433),#17426,.T.);
#17435=CARTESIAN_POINT('',(-4.5E0,3.315E-1,-6.1E0));
#17436=DIRECTION('',(0.E0,-9.985585912391E-1,5.367252427910E-2));
#17437=DIRECTION('',(0.E0,5.367252427910E-2,9.985585912391E-1));
#17438=AXIS2_PLACEMENT_3D('',#17435,#17436,#17437);
#17439=PLANE('153888',#17438);
#17440=ORIENTED_EDGE('154241',*,*,#17262,.F.);
#17441=ORIENTED_EDGE('154251',*,*,#17430,.F.);
#17442=ORIENTED_EDGE('154250',*,*,#17389,.T.);
#17444=ORIENTED_EDGE('154249',*,*,#17443,.F.);
#17445=EDGE_LOOP('153888',(#17440,#17441,#17442,#17444));
#17446=FACE_OUTER_BOUND('153888',#17445,.F.);
#17447=ADVANCED_FACE('153888',(#17446),#17439,.F.);
#17448=CARTESIAN_POINT('',(-4.5E0,1.6E-1,-6.5E0));
#17449=DIRECTION('',(0.E0,0.E0,-1.E0));
#17450=DIRECTION('',(0.E0,1.E0,0.E0));
#17451=AXIS2_PLACEMENT_3D('',#17448,#17449,#17450);
#17452=PLANE('153889',#17451);
#17453=ORIENTED_EDGE('154242',*,*,#17264,.T.);
#17454=ORIENTED_EDGE('154249',*,*,#17443,.T.);
#17455=ORIENTED_EDGE('154253',*,*,#17387,.F.);
#17457=ORIENTED_EDGE('154252',*,*,#17456,.F.);
#17458=EDGE_LOOP('153889',(#17453,#17454,#17455,#17457));
#17459=FACE_OUTER_BOUND('153889',#17458,.F.);
#17460=ADVANCED_FACE('153889',(#17459),#17452,.T.);
#17461=CARTESIAN_POINT('',(-4.5E0,4.000000000002E-2,-5.925E0));
#17462=DIRECTION('',(0.E0,-9.986417138313E-1,5.210304593903E-2));
#17463=DIRECTION('',(0.E0,-5.210304593903E-2,-9.986417138313E-1));
#17464=AXIS2_PLACEMENT_3D('',#17461,#17462,#17463);
#17465=PLANE('153890',#17464);
#17466=ORIENTED_EDGE('154243',*,*,#17266,.F.);
#17467=ORIENTED_EDGE('154252',*,*,#17456,.T.);
#17468=ORIENTED_EDGE('154255',*,*,#17385,.T.);
#17470=ORIENTED_EDGE('154254',*,*,#17469,.F.);
#17471=EDGE_LOOP('153890',(#17466,#17467,#17468,#17470));
#17472=FACE_OUTER_BOUND('153890',#17471,.F.);
#17473=ADVANCED_FACE('153890',(#17472),#17465,.T.);
#17474=CARTESIAN_POINT('',(-4.5E0,2.35E-1,-5.35E0));
#17475=DIRECTION('',(0.E0,0.E0,-1.E0));
#17476=DIRECTION('',(0.E0,-1.E0,0.E0));
#17477=AXIS2_PLACEMENT_3D('',#17474,#17475,#17476);
#17478=PLANE('153891',#17477);
#17479=ORIENTED_EDGE('154244',*,*,#17268,.T.);
#17480=ORIENTED_EDGE('154254',*,*,#17469,.T.);
#17481=ORIENTED_EDGE('154257',*,*,#17383,.F.);
#17483=ORIENTED_EDGE('154256',*,*,#17482,.F.);
#17484=EDGE_LOOP('153891',(#17479,#17480,#17481,#17483));
#17485=FACE_OUTER_BOUND('153891',#17484,.F.);
#17486=ADVANCED_FACE('153891',(#17485),#17478,.F.);
#17487=CARTESIAN_POINT('',(-4.5E0,4.E-1,-3.523E0));
#17488=DIRECTION('',(0.E0,-1.E0,0.E0));
#17489=DIRECTION('',(0.E0,0.E0,-1.E0));
#17490=AXIS2_PLACEMENT_3D('',#17487,#17488,#17489);
#17491=PLANE('153892',#17490);
#17492=ORIENTED_EDGE('154759',*,*,#15912,.F.);
#17493=ORIENTED_EDGE('154762',*,*,#17270,.T.);
#17494=ORIENTED_EDGE('154256',*,*,#17482,.T.);
#17495=ORIENTED_EDGE('154766',*,*,#17381,.F.);
#17496=EDGE_LOOP('153892',(#17492,#17493,#17494,#17495));
#17497=FACE_OUTER_BOUND('153892',#17496,.F.);
#17498=ADVANCED_FACE('153892',(#17497),#17491,.T.);
#17499=CARTESIAN_POINT('',(-4.5E0,1.497893703149E0,-4.614929465179E0));
#17500=DIRECTION('',(0.E0,-8.083218440240E-1,5.887408568068E-1));
#17501=DIRECTION('',(0.E0,-5.887408568068E-1,-8.083218440240E-1));
#17502=AXIS2_PLACEMENT_3D('',#17499,#17500,#17501);
#17503=PLANE('153895',#17502);
#17504=ORIENTED_EDGE('154757',*,*,#15922,.F.);
#17505=ORIENTED_EDGE('154764',*,*,#17277,.F.);
#17507=ORIENTED_EDGE('154259',*,*,#17506,.T.);
#17508=ORIENTED_EDGE('154768',*,*,#17374,.T.);
#17509=EDGE_LOOP('153895',(#17504,#17505,#17507,#17508));
#17510=FACE_OUTER_BOUND('153895',#17509,.F.);
#17511=ADVANCED_FACE('153895',(#17510),#17503,.T.);
#17512=CARTESIAN_POINT('',(-4.5E0,1.044499170342E0,-4.901735931288E0));
#17513=DIRECTION('',(0.E0,0.E0,-1.E0));
#17514=DIRECTION('',(0.E0,-1.E0,0.E0));
#17515=AXIS2_PLACEMENT_3D('',#17512,#17513,#17514);
#17516=PLANE('153894',#17515);
#17517=ORIENTED_EDGE('154245',*,*,#17275,.T.);
#17519=ORIENTED_EDGE('154258',*,*,#17518,.T.);
#17520=ORIENTED_EDGE('154260',*,*,#17376,.F.);
#17521=ORIENTED_EDGE('154259',*,*,#17506,.F.);
#17522=EDGE_LOOP('153894',(#17517,#17519,#17520,#17521));
#17523=FACE_OUTER_BOUND('153894',#17522,.F.);
#17524=ADVANCED_FACE('153894',(#17523),#17516,.F.);
#17525=CARTESIAN_POINT('',(-4.5E0,8.E-1,-3.225830548566E0));
#17526=DIRECTION('',(0.E0,-1.E0,0.E0));
#17527=DIRECTION('',(0.E0,0.E0,1.E0));
#17528=AXIS2_PLACEMENT_3D('',#17525,#17526,#17527);
#17529=PLANE('153893',#17528);
#17530=ORIENTED_EDGE('154758',*,*,#15916,.F.);
#17531=ORIENTED_EDGE('154767',*,*,#17378,.F.);
#17532=ORIENTED_EDGE('154258',*,*,#17518,.F.);
#17533=ORIENTED_EDGE('154763',*,*,#17273,.T.);
#17534=EDGE_LOOP('153893',(#17530,#17531,#17532,#17533));
#17535=FACE_OUTER_BOUND('153893',#17534,.F.);
#17536=ADVANCED_FACE('153893',(#17535),#17529,.F.);
#17537=CARTESIAN_POINT('',(-4.5E0,8.E-1,-3.225830548566E0));
#17538=DIRECTION('',(0.E0,-1.E0,0.E0));
#17539=DIRECTION('',(0.E0,0.E0,1.E0));
#17540=AXIS2_PLACEMENT_3D('',#17537,#17538,#17539);
#17541=PLANE('153893',#17540);
#17542=ORIENTED_EDGE('155123',*,*,#11833,.F.);
#17543=ORIENTED_EDGE('155161',*,*,#17404,.F.);
#17544=ORIENTED_EDGE('154746',*,*,#12747,.T.);
#17545=ORIENTED_EDGE('155160',*,*,#17289,.T.);
#17546=EDGE_LOOP('153893',(#17542,#17543,#17544,#17545));
#17547=FACE_OUTER_BOUND('153893',#17546,.F.);
#17548=ADVANCED_FACE('153893',(#17547),#17541,.F.);
#17549=CARTESIAN_POINT('',(-3.375E0,1.0435E0,-3.625823558526E0));
#17550=DIRECTION('',(1.E0,0.E0,0.E0));
#17551=DIRECTION('',(0.E0,0.E0,-1.E0));
#17552=AXIS2_PLACEMENT_3D('',#17549,#17550,#17551);
#17553=PLANE('153903',#17552);
#17555=ORIENTED_EDGE('154672',*,*,#17554,.T.);
#17556=ORIENTED_EDGE('154781',*,*,#11171,.T.);
#17557=ORIENTED_EDGE('154779',*,*,#12362,.T.);
#17558=ORIENTED_EDGE('154773',*,*,#12810,.F.);
#17560=ORIENTED_EDGE('154795',*,*,#17559,.T.);
#17562=ORIENTED_EDGE('154408',*,*,#17561,.T.);
#17564=ORIENTED_EDGE('154409',*,*,#17563,.T.);
#17565=EDGE_LOOP('153903',(#17555,#17556,#17557,#17558,#17560,#17562,#17564));
#17566=FACE_OUTER_BOUND('153903',#17565,.F.);
#17567=ADVANCED_FACE('153903',(#17566),#17553,.T.);
#17568=CARTESIAN_POINT('',(-3.375E0,1.0435E0,-3.625823558526E0));
#17569=DIRECTION('',(1.E0,0.E0,0.E0));
#17570=DIRECTION('',(0.E0,0.E0,-1.E0));
#17571=AXIS2_PLACEMENT_3D('',#17568,#17569,#17570);
#17572=PLANE('153903',#17571);
#17574=ORIENTED_EDGE('154673',*,*,#17573,.T.);
#17576=ORIENTED_EDGE('154410',*,*,#17575,.F.);
#17578=ORIENTED_EDGE('154403',*,*,#17577,.T.);
#17580=ORIENTED_EDGE('154404',*,*,#17579,.F.);
#17582=ORIENTED_EDGE('154405',*,*,#17581,.T.);
#17584=ORIENTED_EDGE('154406',*,*,#17583,.F.);
#17586=ORIENTED_EDGE('154792',*,*,#17585,.F.);
#17587=ORIENTED_EDGE('154784',*,*,#15812,.F.);
#17589=ORIENTED_EDGE('154793',*,*,#17588,.F.);
#17591=ORIENTED_EDGE('154407',*,*,#17590,.F.);
#17593=ORIENTED_EDGE('154794',*,*,#17592,.T.);
#17594=ORIENTED_EDGE('154785',*,*,#15822,.F.);
#17595=EDGE_LOOP('153903',(#17574,#17576,#17578,#17580,#17582,#17584,#17586,
#17587,#17589,#17591,#17593,#17594));
#17596=FACE_OUTER_BOUND('153903',#17595,.F.);
#17597=ADVANCED_FACE('153903',(#17596),#17572,.T.);
#17598=CARTESIAN_POINT('',(-3.375E0,1.0435E0,-3.625823558526E0));
#17599=DIRECTION('',(1.E0,0.E0,0.E0));
#17600=DIRECTION('',(0.E0,0.E0,-1.E0));
#17601=AXIS2_PLACEMENT_3D('',#17598,#17599,#17600);
#17602=PLANE('153903',#17601);
#17603=ORIENTED_EDGE('155125',*,*,#11843,.T.);
#17605=ORIENTED_EDGE('155162',*,*,#17604,.F.);
#17606=ORIENTED_EDGE('154774',*,*,#12738,.F.);
#17607=ORIENTED_EDGE('155188',*,*,#11969,.T.);
#17608=EDGE_LOOP('153903',(#17603,#17605,#17606,#17607));
#17609=FACE_OUTER_BOUND('153903',#17608,.F.);
#17610=ADVANCED_FACE('153903',(#17609),#17602,.T.);
#17611=CARTESIAN_POINT('',(-3.5E0,1.9885E0,-2.240794027022E0));
#17612=DIRECTION('',(0.E0,-9.982387017932E-1,-5.932532547141E-2));
#17613=DIRECTION('',(0.E0,-5.932532547141E-2,9.982387017932E-1));
#17614=AXIS2_PLACEMENT_3D('',#17611,#17612,#17613);
#17615=PLANE('153915',#17614);
#17616=ORIENTED_EDGE('154672',*,*,#17554,.F.);
#17618=ORIENTED_EDGE('154426',*,*,#17617,.T.);
#17620=ORIENTED_EDGE('154674',*,*,#17619,.T.);
#17621=ORIENTED_EDGE('154782',*,*,#11173,.T.);
#17622=EDGE_LOOP('153915',(#17616,#17618,#17620,#17621));
#17623=FACE_OUTER_BOUND('153915',#17622,.F.);
#17624=ADVANCED_FACE('153915',(#17623),#17615,.F.);
#17625=CARTESIAN_POINT('',(-3.5E0,1.650200782678E0,-1.150823558526E0));
#17626=DIRECTION('',(0.E0,-8.476985317158E-1,5.304782741328E-1));
#17627=DIRECTION('',(0.E0,-5.304782741328E-1,-8.476985317158E-1));
#17628=AXIS2_PLACEMENT_3D('',#17625,#17626,#17627);
#17629=PLANE('153914',#17628);
#17630=ORIENTED_EDGE('154409',*,*,#17563,.F.);
#17632=ORIENTED_EDGE('154424',*,*,#17631,.T.);
#17634=ORIENTED_EDGE('154427',*,*,#17633,.T.);
#17635=ORIENTED_EDGE('154426',*,*,#17617,.F.);
#17636=EDGE_LOOP('153914',(#17630,#17632,#17634,#17635));
#17637=FACE_OUTER_BOUND('153914',#17636,.F.);
#17638=ADVANCED_FACE('153914',(#17637),#17629,.T.);
#17639=CARTESIAN_POINT('',(-3.5E0,1.527157408706E0,-1.623182520279E0));
#17640=DIRECTION('',(0.E0,-5.000000000016E-1,-8.660254037835E-1));
#17641=DIRECTION('',(0.E0,8.660254037835E-1,-5.000000000016E-1));
#17642=AXIS2_PLACEMENT_3D('',#17639,#17640,#17641);
#17643=PLANE('153913',#17642);
#17644=ORIENTED_EDGE('154408',*,*,#17561,.F.);
#17646=ORIENTED_EDGE('154423',*,*,#17645,.T.);
#17648=ORIENTED_EDGE('154425',*,*,#17647,.T.);
#17649=ORIENTED_EDGE('154424',*,*,#17631,.F.);
#17650=EDGE_LOOP('153913',(#17644,#17646,#17648,#17649));
#17651=FACE_OUTER_BOUND('153913',#17650,.F.);
#17652=ADVANCED_FACE('153913',(#17651),#17643,.T.);
#17653=CARTESIAN_POINT('',(-3.5E0,1.680351158834E0,-3.012244019815E0));
#17654=DIRECTION('',(0.E0,-9.997982280545E-1,-2.008738855786E-2));
#17655=DIRECTION('',(0.E0,2.008738855786E-2,-9.997982280545E-1));
#17656=AXIS2_PLACEMENT_3D('',#17653,#17654,#17655);
#17657=PLANE('153912',#17656);
#17658=ORIENTED_EDGE('154775',*,*,#12808,.T.);
#17660=ORIENTED_EDGE('154799',*,*,#17659,.T.);
#17661=ORIENTED_EDGE('154423',*,*,#17645,.F.);
#17662=ORIENTED_EDGE('154795',*,*,#17559,.F.);
#17663=EDGE_LOOP('153912',(#17658,#17660,#17661,#17662));
#17664=FACE_OUTER_BOUND('153912',#17663,.F.);
#17665=ADVANCED_FACE('153912',(#17664),#17657,.T.);
#17666=CARTESIAN_POINT('',(-3.625E0,1.0435E0,-3.625823558526E0));
#17667=DIRECTION('',(1.E0,0.E0,0.E0));
#17668=DIRECTION('',(0.E0,0.E0,-1.E0));
#17669=AXIS2_PLACEMENT_3D('',#17666,#17667,#17668);
#17670=PLANE('153918',#17669);
#17671=ORIENTED_EDGE('154674',*,*,#17619,.F.);
#17672=ORIENTED_EDGE('154427',*,*,#17633,.F.);
#17673=ORIENTED_EDGE('154425',*,*,#17647,.F.);
#17674=ORIENTED_EDGE('154799',*,*,#17659,.F.);
#17675=ORIENTED_EDGE('154777',*,*,#12806,.T.);
#17676=ORIENTED_EDGE('154780',*,*,#12373,.F.);
#17677=ORIENTED_EDGE('154783',*,*,#11175,.F.);
#17678=EDGE_LOOP('153918',(#17671,#17672,#17673,#17674,#17675,#17676,#17677));
#17679=FACE_OUTER_BOUND('153918',#17678,.F.);
#17680=ADVANCED_FACE('153918',(#17679),#17670,.F.);
#17681=CARTESIAN_POINT('',(-3.625E0,1.0435E0,-3.625823558526E0));
#17682=DIRECTION('',(1.E0,0.E0,0.E0));
#17683=DIRECTION('',(0.E0,0.E0,-1.E0));
#17684=AXIS2_PLACEMENT_3D('',#17681,#17682,#17683);
#17685=PLANE('153918',#17684);
#17687=ORIENTED_EDGE('154675',*,*,#17686,.F.);
#17688=ORIENTED_EDGE('154791',*,*,#15826,.T.);
#17690=ORIENTED_EDGE('154798',*,*,#17689,.F.);
#17692=ORIENTED_EDGE('154422',*,*,#17691,.T.);
#17694=ORIENTED_EDGE('154797',*,*,#17693,.T.);
#17695=ORIENTED_EDGE('154790',*,*,#15816,.T.);
#17697=ORIENTED_EDGE('154796',*,*,#17696,.T.);
#17699=ORIENTED_EDGE('154419',*,*,#17698,.T.);
#17701=ORIENTED_EDGE('154417',*,*,#17700,.F.);
#17703=ORIENTED_EDGE('154415',*,*,#17702,.T.);
#17705=ORIENTED_EDGE('154412',*,*,#17704,.F.);
#17707=ORIENTED_EDGE('154429',*,*,#17706,.T.);
#17708=EDGE_LOOP('153918',(#17687,#17688,#17690,#17692,#17694,#17695,#17697,
#17699,#17701,#17703,#17705,#17707));
#17709=FACE_OUTER_BOUND('153918',#17708,.F.);
#17710=ADVANCED_FACE('153918',(#17709),#17685,.F.);
#17711=CARTESIAN_POINT('',(-3.625E0,1.0435E0,-3.625823558526E0));
#17712=DIRECTION('',(1.E0,0.E0,0.E0));
#17713=DIRECTION('',(0.E0,0.E0,-1.E0));
#17714=AXIS2_PLACEMENT_3D('',#17711,#17712,#17713);
#17715=PLANE('153918',#17714);
#17716=ORIENTED_EDGE('155127',*,*,#11839,.F.);
#17717=ORIENTED_EDGE('155189',*,*,#11958,.F.);
#17718=ORIENTED_EDGE('154778',*,*,#12742,.T.);
#17720=ORIENTED_EDGE('155163',*,*,#17719,.T.);
#17721=EDGE_LOOP('153918',(#17716,#17717,#17718,#17720));
#17722=FACE_OUTER_BOUND('153918',#17721,.F.);
#17723=ADVANCED_FACE('153918',(#17722),#17715,.F.);
#17724=CARTESIAN_POINT('',(-3.5E0,2.077E0,-4.714970468495E0));
#17725=DIRECTION('',(0.E0,-1.E0,0.E0));
#17726=DIRECTION('',(0.E0,0.E0,1.E0));
#17727=AXIS2_PLACEMENT_3D('',#17724,#17725,#17726);
#17728=PLANE('153916',#17727);
#17729=ORIENTED_EDGE('154673',*,*,#17573,.F.);
#17730=ORIENTED_EDGE('154786',*,*,#15828,.F.);
#17731=ORIENTED_EDGE('154675',*,*,#17686,.T.);
#17733=ORIENTED_EDGE('154428',*,*,#17732,.F.);
#17734=EDGE_LOOP('153916',(#17729,#17730,#17731,#17733));
#17735=FACE_OUTER_BOUND('153916',#17734,.F.);
#17736=ADVANCED_FACE('153916',(#17735),#17728,.F.);
#17737=CARTESIAN_POINT('',(-3.5E0,1.215E0,-5.7E0));
#17738=DIRECTION('',(0.E0,0.E0,-1.E0));
#17739=DIRECTION('',(0.E0,1.E0,0.E0));
#17740=AXIS2_PLACEMENT_3D('',#17737,#17738,#17739);
#17741=PLANE('153917',#17740);
#17742=ORIENTED_EDGE('154410',*,*,#17575,.T.);
#17743=ORIENTED_EDGE('154428',*,*,#17732,.T.);
#17744=ORIENTED_EDGE('154429',*,*,#17706,.F.);
#17746=ORIENTED_EDGE('154413',*,*,#17745,.T.);
#17747=EDGE_LOOP('153917',(#17742,#17743,#17744,#17746));
#17748=FACE_OUTER_BOUND('153917',#17747,.F.);
#17749=ADVANCED_FACE('153917',(#17748),#17741,.T.);
#17750=CARTESIAN_POINT('',(-3.5E0,3.315E-1,-6.1E0));
#17751=DIRECTION('',(0.E0,-9.985585912391E-1,5.367252427910E-2));
#17752=DIRECTION('',(0.E0,5.367252427910E-2,9.985585912391E-1));
#17753=AXIS2_PLACEMENT_3D('',#17750,#17751,#17752);
#17754=PLANE('153904',#17753);
#17755=ORIENTED_EDGE('154403',*,*,#17577,.F.);
#17756=ORIENTED_EDGE('154413',*,*,#17745,.F.);
#17757=ORIENTED_EDGE('154412',*,*,#17704,.T.);
#17759=ORIENTED_EDGE('154411',*,*,#17758,.F.);
#17760=EDGE_LOOP('153904',(#17755,#17756,#17757,#17759));
#17761=FACE_OUTER_BOUND('153904',#17760,.F.);
#17762=ADVANCED_FACE('153904',(#17761),#17754,.F.);
#17763=CARTESIAN_POINT('',(-3.5E0,1.6E-1,-6.5E0));
#17764=DIRECTION('',(0.E0,0.E0,-1.E0));
#17765=DIRECTION('',(0.E0,1.E0,0.E0));
#17766=AXIS2_PLACEMENT_3D('',#17763,#17764,#17765);
#17767=PLANE('153905',#17766);
#17768=ORIENTED_EDGE('154404',*,*,#17579,.T.);
#17769=ORIENTED_EDGE('154411',*,*,#17758,.T.);
#17770=ORIENTED_EDGE('154415',*,*,#17702,.F.);
#17772=ORIENTED_EDGE('154414',*,*,#17771,.F.);
#17773=EDGE_LOOP('153905',(#17768,#17769,#17770,#17772));
#17774=FACE_OUTER_BOUND('153905',#17773,.F.);
#17775=ADVANCED_FACE('153905',(#17774),#17767,.T.);
#17776=CARTESIAN_POINT('',(-3.5E0,4.000000000002E-2,-5.925E0));
#17777=DIRECTION('',(0.E0,-9.986417138313E-1,5.210304593903E-2));
#17778=DIRECTION('',(0.E0,-5.210304593903E-2,-9.986417138313E-1));
#17779=AXIS2_PLACEMENT_3D('',#17776,#17777,#17778);
#17780=PLANE('153906',#17779);
#17781=ORIENTED_EDGE('154405',*,*,#17581,.F.);
#17782=ORIENTED_EDGE('154414',*,*,#17771,.T.);
#17783=ORIENTED_EDGE('154417',*,*,#17700,.T.);
#17785=ORIENTED_EDGE('154416',*,*,#17784,.F.);
#17786=EDGE_LOOP('153906',(#17781,#17782,#17783,#17785));
#17787=FACE_OUTER_BOUND('153906',#17786,.F.);
#17788=ADVANCED_FACE('153906',(#17787),#17780,.T.);
#17789=CARTESIAN_POINT('',(-3.5E0,2.35E-1,-5.35E0));
#17790=DIRECTION('',(0.E0,0.E0,-1.E0));
#17791=DIRECTION('',(0.E0,-1.E0,0.E0));
#17792=AXIS2_PLACEMENT_3D('',#17789,#17790,#17791);
#17793=PLANE('153907',#17792);
#17794=ORIENTED_EDGE('154406',*,*,#17583,.T.);
#17795=ORIENTED_EDGE('154416',*,*,#17784,.T.);
#17796=ORIENTED_EDGE('154419',*,*,#17698,.F.);
#17798=ORIENTED_EDGE('154418',*,*,#17797,.F.);
#17799=EDGE_LOOP('153907',(#17794,#17795,#17796,#17798));
#17800=FACE_OUTER_BOUND('153907',#17799,.F.);
#17801=ADVANCED_FACE('153907',(#17800),#17793,.F.);
#17802=CARTESIAN_POINT('',(-3.5E0,4.E-1,-3.523E0));
#17803=DIRECTION('',(0.E0,-1.E0,0.E0));
#17804=DIRECTION('',(0.E0,0.E0,-1.E0));
#17805=AXIS2_PLACEMENT_3D('',#17802,#17803,#17804);
#17806=PLANE('153908',#17805);
#17807=ORIENTED_EDGE('154789',*,*,#15814,.F.);
#17808=ORIENTED_EDGE('154792',*,*,#17585,.T.);
#17809=ORIENTED_EDGE('154418',*,*,#17797,.T.);
#17810=ORIENTED_EDGE('154796',*,*,#17696,.F.);
#17811=EDGE_LOOP('153908',(#17807,#17808,#17809,#17810));
#17812=FACE_OUTER_BOUND('153908',#17811,.F.);
#17813=ADVANCED_FACE('153908',(#17812),#17806,.T.);
#17814=CARTESIAN_POINT('',(-3.5E0,1.497893703149E0,-4.614929465179E0));
#17815=DIRECTION('',(0.E0,-8.083218440240E-1,5.887408568068E-1));
#17816=DIRECTION('',(0.E0,-5.887408568068E-1,-8.083218440240E-1));
#17817=AXIS2_PLACEMENT_3D('',#17814,#17815,#17816);
#17818=PLANE('153911',#17817);
#17819=ORIENTED_EDGE('154787',*,*,#15824,.F.);
#17820=ORIENTED_EDGE('154794',*,*,#17592,.F.);
#17822=ORIENTED_EDGE('154421',*,*,#17821,.T.);
#17823=ORIENTED_EDGE('154798',*,*,#17689,.T.);
#17824=EDGE_LOOP('153911',(#17819,#17820,#17822,#17823));
#17825=FACE_OUTER_BOUND('153911',#17824,.F.);
#17826=ADVANCED_FACE('153911',(#17825),#17818,.T.);
#17827=CARTESIAN_POINT('',(-3.5E0,1.044499170342E0,-4.901735931288E0));
#17828=DIRECTION('',(0.E0,0.E0,-1.E0));
#17829=DIRECTION('',(0.E0,-1.E0,0.E0));
#17830=AXIS2_PLACEMENT_3D('',#17827,#17828,#17829);
#17831=PLANE('153910',#17830);
#17832=ORIENTED_EDGE('154407',*,*,#17590,.T.);
#17834=ORIENTED_EDGE('154420',*,*,#17833,.T.);
#17835=ORIENTED_EDGE('154422',*,*,#17691,.F.);
#17836=ORIENTED_EDGE('154421',*,*,#17821,.F.);
#17837=EDGE_LOOP('153910',(#17832,#17834,#17835,#17836));
#17838=FACE_OUTER_BOUND('153910',#17837,.F.);
#17839=ADVANCED_FACE('153910',(#17838),#17831,.F.);
#17840=CARTESIAN_POINT('',(-3.5E0,8.E-1,-3.225830548566E0));
#17841=DIRECTION('',(0.E0,-1.E0,0.E0));
#17842=DIRECTION('',(0.E0,0.E0,1.E0));
#17843=AXIS2_PLACEMENT_3D('',#17840,#17841,#17842);
#17844=PLANE('153909',#17843);
#17845=ORIENTED_EDGE('154788',*,*,#15818,.F.);
#17846=ORIENTED_EDGE('154797',*,*,#17693,.F.);
#17847=ORIENTED_EDGE('154420',*,*,#17833,.F.);
#17848=ORIENTED_EDGE('154793',*,*,#17588,.T.);
#17849=EDGE_LOOP('153909',(#17845,#17846,#17847,#17848));
#17850=FACE_OUTER_BOUND('153909',#17849,.F.);
#17851=ADVANCED_FACE('153909',(#17850),#17844,.F.);
#17852=CARTESIAN_POINT('',(-3.5E0,8.E-1,-3.225830548566E0));
#17853=DIRECTION('',(0.E0,-1.E0,0.E0));
#17854=DIRECTION('',(0.E0,0.E0,1.E0));
#17855=AXIS2_PLACEMENT_3D('',#17852,#17853,#17854);
#17856=PLANE('153909',#17855);
#17857=ORIENTED_EDGE('155126',*,*,#11841,.F.);
#17858=ORIENTED_EDGE('155163',*,*,#17719,.F.);
#17859=ORIENTED_EDGE('154776',*,*,#12740,.T.);
#17860=ORIENTED_EDGE('155162',*,*,#17604,.T.);
#17861=EDGE_LOOP('153909',(#17857,#17858,#17859,#17860));
#17862=FACE_OUTER_BOUND('153909',#17861,.F.);
#17863=ADVANCED_FACE('153909',(#17862),#17856,.F.);
#17864=CARTESIAN_POINT('',(-2.375E0,1.0435E0,-3.625823558526E0));
#17865=DIRECTION('',(1.E0,0.E0,0.E0));
#17866=DIRECTION('',(0.E0,0.E0,-1.E0));
#17867=AXIS2_PLACEMENT_3D('',#17864,#17865,#17866);
#17868=PLANE('153919',#17867);
#17870=ORIENTED_EDGE('154676',*,*,#17869,.T.);
#17871=ORIENTED_EDGE('154811',*,*,#11163,.T.);
#17872=ORIENTED_EDGE('154809',*,*,#12347,.T.);
#17873=ORIENTED_EDGE('154803',*,*,#12817,.F.);
#17875=ORIENTED_EDGE('154825',*,*,#17874,.T.);
#17877=ORIENTED_EDGE('154381',*,*,#17876,.T.);
#17879=ORIENTED_EDGE('154382',*,*,#17878,.T.);
#17880=EDGE_LOOP('153919',(#17870,#17871,#17872,#17873,#17875,#17877,#17879));
#17881=FACE_OUTER_BOUND('153919',#17880,.F.);
#17882=ADVANCED_FACE('153919',(#17881),#17868,.T.);
#17883=CARTESIAN_POINT('',(-2.375E0,1.0435E0,-3.625823558526E0));
#17884=DIRECTION('',(1.E0,0.E0,0.E0));
#17885=DIRECTION('',(0.E0,0.E0,-1.E0));
#17886=AXIS2_PLACEMENT_3D('',#17883,#17884,#17885);
#17887=PLANE('153919',#17886);
#17889=ORIENTED_EDGE('154677',*,*,#17888,.T.);
#17891=ORIENTED_EDGE('154383',*,*,#17890,.F.);
#17893=ORIENTED_EDGE('154376',*,*,#17892,.T.);
#17895=ORIENTED_EDGE('154377',*,*,#17894,.F.);
#17897=ORIENTED_EDGE('154378',*,*,#17896,.T.);
#17899=ORIENTED_EDGE('154379',*,*,#17898,.F.);
#17901=ORIENTED_EDGE('154822',*,*,#17900,.F.);
#17902=ORIENTED_EDGE('154814',*,*,#15714,.F.);
#17904=ORIENTED_EDGE('154823',*,*,#17903,.F.);
#17906=ORIENTED_EDGE('154380',*,*,#17905,.F.);
#17908=ORIENTED_EDGE('154824',*,*,#17907,.T.);
#17909=ORIENTED_EDGE('154815',*,*,#15724,.F.);
#17910=EDGE_LOOP('153919',(#17889,#17891,#17893,#17895,#17897,#17899,#17901,
#17902,#17904,#17906,#17908,#17909));
#17911=FACE_OUTER_BOUND('153919',#17910,.F.);
#17912=ADVANCED_FACE('153919',(#17911),#17887,.T.);
#17913=CARTESIAN_POINT('',(-2.375E0,1.0435E0,-3.625823558526E0));
#17914=DIRECTION('',(1.E0,0.E0,0.E0));
#17915=DIRECTION('',(0.E0,0.E0,-1.E0));
#17916=AXIS2_PLACEMENT_3D('',#17913,#17914,#17915);
#17917=PLANE('153919',#17916);
#17918=ORIENTED_EDGE('155128',*,*,#11851,.T.);
#17920=ORIENTED_EDGE('155164',*,*,#17919,.F.);
#17921=ORIENTED_EDGE('154804',*,*,#12731,.F.);
#17922=ORIENTED_EDGE('155190',*,*,#11984,.T.);
#17923=EDGE_LOOP('153919',(#17918,#17920,#17921,#17922));
#17924=FACE_OUTER_BOUND('153919',#17923,.F.);
#17925=ADVANCED_FACE('153919',(#17924),#17917,.T.);
#17926=CARTESIAN_POINT('',(-2.5E0,1.9885E0,-2.240794027022E0));
#17927=DIRECTION('',(0.E0,-9.982387017932E-1,-5.932532547141E-2));
#17928=DIRECTION('',(0.E0,-5.932532547141E-2,9.982387017932E-1));
#17929=AXIS2_PLACEMENT_3D('',#17926,#17927,#17928);
#17930=PLANE('153931',#17929);
#17931=ORIENTED_EDGE('154676',*,*,#17869,.F.);
#17933=ORIENTED_EDGE('154399',*,*,#17932,.T.);
#17935=ORIENTED_EDGE('154678',*,*,#17934,.T.);
#17936=ORIENTED_EDGE('154812',*,*,#11165,.T.);
#17937=EDGE_LOOP('153931',(#17931,#17933,#17935,#17936));
#17938=FACE_OUTER_BOUND('153931',#17937,.F.);
#17939=ADVANCED_FACE('153931',(#17938),#17930,.F.);
#17940=CARTESIAN_POINT('',(-2.5E0,1.650200782678E0,-1.150823558526E0));
#17941=DIRECTION('',(0.E0,-8.476985317158E-1,5.304782741328E-1));
#17942=DIRECTION('',(0.E0,-5.304782741328E-1,-8.476985317158E-1));
#17943=AXIS2_PLACEMENT_3D('',#17940,#17941,#17942);
#17944=PLANE('153930',#17943);
#17945=ORIENTED_EDGE('154382',*,*,#17878,.F.);
#17947=ORIENTED_EDGE('154397',*,*,#17946,.T.);
#17949=ORIENTED_EDGE('154400',*,*,#17948,.T.);
#17950=ORIENTED_EDGE('154399',*,*,#17932,.F.);
#17951=EDGE_LOOP('153930',(#17945,#17947,#17949,#17950));
#17952=FACE_OUTER_BOUND('153930',#17951,.F.);
#17953=ADVANCED_FACE('153930',(#17952),#17944,.T.);
#17954=CARTESIAN_POINT('',(-2.5E0,1.527157408706E0,-1.623182520279E0));
#17955=DIRECTION('',(0.E0,-5.000000000016E-1,-8.660254037835E-1));
#17956=DIRECTION('',(0.E0,8.660254037835E-1,-5.000000000016E-1));
#17957=AXIS2_PLACEMENT_3D('',#17954,#17955,#17956);
#17958=PLANE('153929',#17957);
#17959=ORIENTED_EDGE('154381',*,*,#17876,.F.);
#17961=ORIENTED_EDGE('154396',*,*,#17960,.T.);
#17963=ORIENTED_EDGE('154398',*,*,#17962,.T.);
#17964=ORIENTED_EDGE('154397',*,*,#17946,.F.);
#17965=EDGE_LOOP('153929',(#17959,#17961,#17963,#17964));
#17966=FACE_OUTER_BOUND('153929',#17965,.F.);
#17967=ADVANCED_FACE('153929',(#17966),#17958,.T.);
#17968=CARTESIAN_POINT('',(-2.5E0,1.680351158834E0,-3.012244019815E0));
#17969=DIRECTION('',(0.E0,-9.997982280545E-1,-2.008738855786E-2));
#17970=DIRECTION('',(0.E0,2.008738855786E-2,-9.997982280545E-1));
#17971=AXIS2_PLACEMENT_3D('',#17968,#17969,#17970);
#17972=PLANE('153928',#17971);
#17973=ORIENTED_EDGE('154805',*,*,#12815,.T.);
#17975=ORIENTED_EDGE('154829',*,*,#17974,.T.);
#17976=ORIENTED_EDGE('154396',*,*,#17960,.F.);
#17977=ORIENTED_EDGE('154825',*,*,#17874,.F.);
#17978=EDGE_LOOP('153928',(#17973,#17975,#17976,#17977));
#17979=FACE_OUTER_BOUND('153928',#17978,.F.);
#17980=ADVANCED_FACE('153928',(#17979),#17972,.T.);
#17981=CARTESIAN_POINT('',(-2.625E0,1.0435E0,-3.625823558526E0));
#17982=DIRECTION('',(1.E0,0.E0,0.E0));
#17983=DIRECTION('',(0.E0,0.E0,-1.E0));
#17984=AXIS2_PLACEMENT_3D('',#17981,#17982,#17983);
#17985=PLANE('153934',#17984);
#17986=ORIENTED_EDGE('154678',*,*,#17934,.F.);
#17987=ORIENTED_EDGE('154400',*,*,#17948,.F.);
#17988=ORIENTED_EDGE('154398',*,*,#17962,.F.);
#17989=ORIENTED_EDGE('154829',*,*,#17974,.F.);
#17990=ORIENTED_EDGE('154807',*,*,#12813,.T.);
#17991=ORIENTED_EDGE('154810',*,*,#12358,.F.);
#17992=ORIENTED_EDGE('154813',*,*,#11167,.F.);
#17993=EDGE_LOOP('153934',(#17986,#17987,#17988,#17989,#17990,#17991,#17992));
#17994=FACE_OUTER_BOUND('153934',#17993,.F.);
#17995=ADVANCED_FACE('153934',(#17994),#17985,.F.);
#17996=CARTESIAN_POINT('',(-2.625E0,1.0435E0,-3.625823558526E0));
#17997=DIRECTION('',(1.E0,0.E0,0.E0));
#17998=DIRECTION('',(0.E0,0.E0,-1.E0));
#17999=AXIS2_PLACEMENT_3D('',#17996,#17997,#17998);
#18000=PLANE('153934',#17999);
#18002=ORIENTED_EDGE('154679',*,*,#18001,.F.);
#18003=ORIENTED_EDGE('154821',*,*,#15728,.T.);
#18005=ORIENTED_EDGE('154828',*,*,#18004,.F.);
#18007=ORIENTED_EDGE('154395',*,*,#18006,.T.);
#18009=ORIENTED_EDGE('154827',*,*,#18008,.T.);
#18010=ORIENTED_EDGE('154820',*,*,#15718,.T.);
#18012=ORIENTED_EDGE('154826',*,*,#18011,.T.);
#18014=ORIENTED_EDGE('154392',*,*,#18013,.T.);
#18016=ORIENTED_EDGE('154390',*,*,#18015,.F.);
#18018=ORIENTED_EDGE('154388',*,*,#18017,.T.);
#18020=ORIENTED_EDGE('154385',*,*,#18019,.F.);
#18022=ORIENTED_EDGE('154402',*,*,#18021,.T.);
#18023=EDGE_LOOP('153934',(#18002,#18003,#18005,#18007,#18009,#18010,#18012,
#18014,#18016,#18018,#18020,#18022));
#18024=FACE_OUTER_BOUND('153934',#18023,.F.);
#18025=ADVANCED_FACE('153934',(#18024),#18000,.F.);
#18026=CARTESIAN_POINT('',(-2.625E0,1.0435E0,-3.625823558526E0));
#18027=DIRECTION('',(1.E0,0.E0,0.E0));
#18028=DIRECTION('',(0.E0,0.E0,-1.E0));
#18029=AXIS2_PLACEMENT_3D('',#18026,#18027,#18028);
#18030=PLANE('153934',#18029);
#18031=ORIENTED_EDGE('155130',*,*,#11847,.F.);
#18032=ORIENTED_EDGE('155191',*,*,#11973,.F.);
#18033=ORIENTED_EDGE('154808',*,*,#12735,.T.);
#18035=ORIENTED_EDGE('155165',*,*,#18034,.T.);
#18036=EDGE_LOOP('153934',(#18031,#18032,#18033,#18035));
#18037=FACE_OUTER_BOUND('153934',#18036,.F.);
#18038=ADVANCED_FACE('153934',(#18037),#18030,.F.);
#18039=CARTESIAN_POINT('',(-2.5E0,2.077E0,-4.714970468495E0));
#18040=DIRECTION('',(0.E0,-1.E0,0.E0));
#18041=DIRECTION('',(0.E0,0.E0,1.E0));
#18042=AXIS2_PLACEMENT_3D('',#18039,#18040,#18041);
#18043=PLANE('153932',#18042);
#18044=ORIENTED_EDGE('154677',*,*,#17888,.F.);
#18045=ORIENTED_EDGE('154816',*,*,#15730,.F.);
#18046=ORIENTED_EDGE('154679',*,*,#18001,.T.);
#18048=ORIENTED_EDGE('154401',*,*,#18047,.F.);
#18049=EDGE_LOOP('153932',(#18044,#18045,#18046,#18048));
#18050=FACE_OUTER_BOUND('153932',#18049,.F.);
#18051=ADVANCED_FACE('153932',(#18050),#18043,.F.);
#18052=CARTESIAN_POINT('',(-2.5E0,1.215E0,-5.7E0));
#18053=DIRECTION('',(0.E0,0.E0,-1.E0));
#18054=DIRECTION('',(0.E0,1.E0,0.E0));
#18055=AXIS2_PLACEMENT_3D('',#18052,#18053,#18054);
#18056=PLANE('153933',#18055);
#18057=ORIENTED_EDGE('154383',*,*,#17890,.T.);
#18058=ORIENTED_EDGE('154401',*,*,#18047,.T.);
#18059=ORIENTED_EDGE('154402',*,*,#18021,.F.);
#18061=ORIENTED_EDGE('154386',*,*,#18060,.T.);
#18062=EDGE_LOOP('153933',(#18057,#18058,#18059,#18061));
#18063=FACE_OUTER_BOUND('153933',#18062,.F.);
#18064=ADVANCED_FACE('153933',(#18063),#18056,.T.);
#18065=CARTESIAN_POINT('',(-2.5E0,3.315E-1,-6.1E0));
#18066=DIRECTION('',(0.E0,-9.985585912391E-1,5.367252427910E-2));
#18067=DIRECTION('',(0.E0,5.367252427910E-2,9.985585912391E-1));
#18068=AXIS2_PLACEMENT_3D('',#18065,#18066,#18067);
#18069=PLANE('153920',#18068);
#18070=ORIENTED_EDGE('154376',*,*,#17892,.F.);
#18071=ORIENTED_EDGE('154386',*,*,#18060,.F.);
#18072=ORIENTED_EDGE('154385',*,*,#18019,.T.);
#18074=ORIENTED_EDGE('154384',*,*,#18073,.F.);
#18075=EDGE_LOOP('153920',(#18070,#18071,#18072,#18074));
#18076=FACE_OUTER_BOUND('153920',#18075,.F.);
#18077=ADVANCED_FACE('153920',(#18076),#18069,.F.);
#18078=CARTESIAN_POINT('',(-2.5E0,1.6E-1,-6.5E0));
#18079=DIRECTION('',(0.E0,0.E0,-1.E0));
#18080=DIRECTION('',(0.E0,1.E0,0.E0));
#18081=AXIS2_PLACEMENT_3D('',#18078,#18079,#18080);
#18082=PLANE('153921',#18081);
#18083=ORIENTED_EDGE('154377',*,*,#17894,.T.);
#18084=ORIENTED_EDGE('154384',*,*,#18073,.T.);
#18085=ORIENTED_EDGE('154388',*,*,#18017,.F.);
#18087=ORIENTED_EDGE('154387',*,*,#18086,.F.);
#18088=EDGE_LOOP('153921',(#18083,#18084,#18085,#18087));
#18089=FACE_OUTER_BOUND('153921',#18088,.F.);
#18090=ADVANCED_FACE('153921',(#18089),#18082,.T.);
#18091=CARTESIAN_POINT('',(-2.5E0,4.000000000002E-2,-5.925E0));
#18092=DIRECTION('',(0.E0,-9.986417138313E-1,5.210304593903E-2));
#18093=DIRECTION('',(0.E0,-5.210304593903E-2,-9.986417138313E-1));
#18094=AXIS2_PLACEMENT_3D('',#18091,#18092,#18093);
#18095=PLANE('153922',#18094);
#18096=ORIENTED_EDGE('154378',*,*,#17896,.F.);
#18097=ORIENTED_EDGE('154387',*,*,#18086,.T.);
#18098=ORIENTED_EDGE('154390',*,*,#18015,.T.);
#18100=ORIENTED_EDGE('154389',*,*,#18099,.F.);
#18101=EDGE_LOOP('153922',(#18096,#18097,#18098,#18100));
#18102=FACE_OUTER_BOUND('153922',#18101,.F.);
#18103=ADVANCED_FACE('153922',(#18102),#18095,.T.);
#18104=CARTESIAN_POINT('',(-2.5E0,2.35E-1,-5.35E0));
#18105=DIRECTION('',(0.E0,0.E0,-1.E0));
#18106=DIRECTION('',(0.E0,-1.E0,0.E0));
#18107=AXIS2_PLACEMENT_3D('',#18104,#18105,#18106);
#18108=PLANE('153923',#18107);
#18109=ORIENTED_EDGE('154379',*,*,#17898,.T.);
#18110=ORIENTED_EDGE('154389',*,*,#18099,.T.);
#18111=ORIENTED_EDGE('154392',*,*,#18013,.F.);
#18113=ORIENTED_EDGE('154391',*,*,#18112,.F.);
#18114=EDGE_LOOP('153923',(#18109,#18110,#18111,#18113));
#18115=FACE_OUTER_BOUND('153923',#18114,.F.);
#18116=ADVANCED_FACE('153923',(#18115),#18108,.F.);
#18117=CARTESIAN_POINT('',(-2.5E0,4.E-1,-3.523E0));
#18118=DIRECTION('',(0.E0,-1.E0,0.E0));
#18119=DIRECTION('',(0.E0,0.E0,-1.E0));
#18120=AXIS2_PLACEMENT_3D('',#18117,#18118,#18119);
#18121=PLANE('153924',#18120);
#18122=ORIENTED_EDGE('154819',*,*,#15716,.F.);
#18123=ORIENTED_EDGE('154822',*,*,#17900,.T.);
#18124=ORIENTED_EDGE('154391',*,*,#18112,.T.);
#18125=ORIENTED_EDGE('154826',*,*,#18011,.F.);
#18126=EDGE_LOOP('153924',(#18122,#18123,#18124,#18125));
#18127=FACE_OUTER_BOUND('153924',#18126,.F.);
#18128=ADVANCED_FACE('153924',(#18127),#18121,.T.);
#18129=CARTESIAN_POINT('',(-2.5E0,1.497893703149E0,-4.614929465179E0));
#18130=DIRECTION('',(0.E0,-8.083218440240E-1,5.887408568068E-1));
#18131=DIRECTION('',(0.E0,-5.887408568068E-1,-8.083218440240E-1));
#18132=AXIS2_PLACEMENT_3D('',#18129,#18130,#18131);
#18133=PLANE('153927',#18132);
#18134=ORIENTED_EDGE('154817',*,*,#15726,.F.);
#18135=ORIENTED_EDGE('154824',*,*,#17907,.F.);
#18137=ORIENTED_EDGE('154394',*,*,#18136,.T.);
#18138=ORIENTED_EDGE('154828',*,*,#18004,.T.);
#18139=EDGE_LOOP('153927',(#18134,#18135,#18137,#18138));
#18140=FACE_OUTER_BOUND('153927',#18139,.F.);
#18141=ADVANCED_FACE('153927',(#18140),#18133,.T.);
#18142=CARTESIAN_POINT('',(-2.5E0,1.044499170342E0,-4.901735931288E0));
#18143=DIRECTION('',(0.E0,0.E0,-1.E0));
#18144=DIRECTION('',(0.E0,-1.E0,0.E0));
#18145=AXIS2_PLACEMENT_3D('',#18142,#18143,#18144);
#18146=PLANE('153926',#18145);
#18147=ORIENTED_EDGE('154380',*,*,#17905,.T.);
#18149=ORIENTED_EDGE('154393',*,*,#18148,.T.);
#18150=ORIENTED_EDGE('154395',*,*,#18006,.F.);
#18151=ORIENTED_EDGE('154394',*,*,#18136,.F.);
#18152=EDGE_LOOP('153926',(#18147,#18149,#18150,#18151));
#18153=FACE_OUTER_BOUND('153926',#18152,.F.);
#18154=ADVANCED_FACE('153926',(#18153),#18146,.F.);
#18155=CARTESIAN_POINT('',(-2.5E0,8.E-1,-3.225830548566E0));
#18156=DIRECTION('',(0.E0,-1.E0,0.E0));
#18157=DIRECTION('',(0.E0,0.E0,1.E0));
#18158=AXIS2_PLACEMENT_3D('',#18155,#18156,#18157);
#18159=PLANE('153925',#18158);
#18160=ORIENTED_EDGE('154818',*,*,#15720,.F.);
#18161=ORIENTED_EDGE('154827',*,*,#18008,.F.);
#18162=ORIENTED_EDGE('154393',*,*,#18148,.F.);
#18163=ORIENTED_EDGE('154823',*,*,#17903,.T.);
#18164=EDGE_LOOP('153925',(#18160,#18161,#18162,#18163));
#18165=FACE_OUTER_BOUND('153925',#18164,.F.);
#18166=ADVANCED_FACE('153925',(#18165),#18159,.F.);
#18167=CARTESIAN_POINT('',(-2.5E0,8.E-1,-3.225830548566E0));
#18168=DIRECTION('',(0.E0,-1.E0,0.E0));
#18169=DIRECTION('',(0.E0,0.E0,1.E0));
#18170=AXIS2_PLACEMENT_3D('',#18167,#18168,#18169);
#18171=PLANE('153925',#18170);
#18172=ORIENTED_EDGE('155129',*,*,#11849,.F.);
#18173=ORIENTED_EDGE('155165',*,*,#18034,.F.);
#18174=ORIENTED_EDGE('154806',*,*,#12733,.T.);
#18175=ORIENTED_EDGE('155164',*,*,#17919,.T.);
#18176=EDGE_LOOP('153925',(#18172,#18173,#18174,#18175));
#18177=FACE_OUTER_BOUND('153925',#18176,.F.);
#18178=ADVANCED_FACE('153925',(#18177),#18171,.F.);
#18179=CARTESIAN_POINT('',(-1.375E0,1.0435E0,-3.625823558526E0));
#18180=DIRECTION('',(1.E0,0.E0,0.E0));
#18181=DIRECTION('',(0.E0,0.E0,-1.E0));
#18182=AXIS2_PLACEMENT_3D('',#18179,#18180,#18181);
#18183=PLANE('153935',#18182);
#18185=ORIENTED_EDGE('154680',*,*,#18184,.T.);
#18186=ORIENTED_EDGE('154841',*,*,#11155,.T.);
#18187=ORIENTED_EDGE('154839',*,*,#12332,.T.);
#18188=ORIENTED_EDGE('154833',*,*,#12824,.F.);
#18190=ORIENTED_EDGE('154855',*,*,#18189,.T.);
#18192=ORIENTED_EDGE('154354',*,*,#18191,.T.);
#18194=ORIENTED_EDGE('154355',*,*,#18193,.T.);
#18195=EDGE_LOOP('153935',(#18185,#18186,#18187,#18188,#18190,#18192,#18194));
#18196=FACE_OUTER_BOUND('153935',#18195,.F.);
#18197=ADVANCED_FACE('153935',(#18196),#18183,.T.);
#18198=CARTESIAN_POINT('',(-1.375E0,1.0435E0,-3.625823558526E0));
#18199=DIRECTION('',(1.E0,0.E0,0.E0));
#18200=DIRECTION('',(0.E0,0.E0,-1.E0));
#18201=AXIS2_PLACEMENT_3D('',#18198,#18199,#18200);
#18202=PLANE('153935',#18201);
#18204=ORIENTED_EDGE('154681',*,*,#18203,.T.);
#18206=ORIENTED_EDGE('154356',*,*,#18205,.F.);
#18208=ORIENTED_EDGE('154349',*,*,#18207,.T.);
#18210=ORIENTED_EDGE('154350',*,*,#18209,.F.);
#18212=ORIENTED_EDGE('154351',*,*,#18211,.T.);
#18214=ORIENTED_EDGE('154352',*,*,#18213,.F.);
#18216=ORIENTED_EDGE('154852',*,*,#18215,.F.);
#18217=ORIENTED_EDGE('154844',*,*,#15616,.F.);
#18219=ORIENTED_EDGE('154853',*,*,#18218,.F.);
#18221=ORIENTED_EDGE('154353',*,*,#18220,.F.);
#18223=ORIENTED_EDGE('154854',*,*,#18222,.T.);
#18224=ORIENTED_EDGE('154845',*,*,#15626,.F.);
#18225=EDGE_LOOP('153935',(#18204,#18206,#18208,#18210,#18212,#18214,#18216,
#18217,#18219,#18221,#18223,#18224));
#18226=FACE_OUTER_BOUND('153935',#18225,.F.);
#18227=ADVANCED_FACE('153935',(#18226),#18202,.T.);
#18228=CARTESIAN_POINT('',(-1.375E0,1.0435E0,-3.625823558526E0));
#18229=DIRECTION('',(1.E0,0.E0,0.E0));
#18230=DIRECTION('',(0.E0,0.E0,-1.E0));
#18231=AXIS2_PLACEMENT_3D('',#18228,#18229,#18230);
#18232=PLANE('153935',#18231);
#18233=ORIENTED_EDGE('155131',*,*,#11859,.T.);
#18235=ORIENTED_EDGE('155166',*,*,#18234,.F.);
#18236=ORIENTED_EDGE('154834',*,*,#12724,.F.);
#18237=ORIENTED_EDGE('155192',*,*,#11999,.T.);
#18238=EDGE_LOOP('153935',(#18233,#18235,#18236,#18237));
#18239=FACE_OUTER_BOUND('153935',#18238,.F.);
#18240=ADVANCED_FACE('153935',(#18239),#18232,.T.);
#18241=CARTESIAN_POINT('',(-1.5E0,1.9885E0,-2.240794027022E0));
#18242=DIRECTION('',(0.E0,-9.982387017932E-1,-5.932532547141E-2));
#18243=DIRECTION('',(0.E0,-5.932532547141E-2,9.982387017932E-1));
#18244=AXIS2_PLACEMENT_3D('',#18241,#18242,#18243);
#18245=PLANE('153947',#18244);
#18246=ORIENTED_EDGE('154680',*,*,#18184,.F.);
#18248=ORIENTED_EDGE('154372',*,*,#18247,.T.);
#18250=ORIENTED_EDGE('154682',*,*,#18249,.T.);
#18251=ORIENTED_EDGE('154842',*,*,#11157,.T.);
#18252=EDGE_LOOP('153947',(#18246,#18248,#18250,#18251));
#18253=FACE_OUTER_BOUND('153947',#18252,.F.);
#18254=ADVANCED_FACE('153947',(#18253),#18245,.F.);
#18255=CARTESIAN_POINT('',(-1.5E0,1.650200782678E0,-1.150823558526E0));
#18256=DIRECTION('',(0.E0,-8.476985317158E-1,5.304782741328E-1));
#18257=DIRECTION('',(0.E0,-5.304782741328E-1,-8.476985317158E-1));
#18258=AXIS2_PLACEMENT_3D('',#18255,#18256,#18257);
#18259=PLANE('153946',#18258);
#18260=ORIENTED_EDGE('154355',*,*,#18193,.F.);
#18262=ORIENTED_EDGE('154370',*,*,#18261,.T.);
#18264=ORIENTED_EDGE('154373',*,*,#18263,.T.);
#18265=ORIENTED_EDGE('154372',*,*,#18247,.F.);
#18266=EDGE_LOOP('153946',(#18260,#18262,#18264,#18265));
#18267=FACE_OUTER_BOUND('153946',#18266,.F.);
#18268=ADVANCED_FACE('153946',(#18267),#18259,.T.);
#18269=CARTESIAN_POINT('',(-1.5E0,1.527157408706E0,-1.623182520279E0));
#18270=DIRECTION('',(0.E0,-5.000000000016E-1,-8.660254037835E-1));
#18271=DIRECTION('',(0.E0,8.660254037835E-1,-5.000000000016E-1));
#18272=AXIS2_PLACEMENT_3D('',#18269,#18270,#18271);
#18273=PLANE('153945',#18272);
#18274=ORIENTED_EDGE('154354',*,*,#18191,.F.);
#18276=ORIENTED_EDGE('154369',*,*,#18275,.T.);
#18278=ORIENTED_EDGE('154371',*,*,#18277,.T.);
#18279=ORIENTED_EDGE('154370',*,*,#18261,.F.);
#18280=EDGE_LOOP('153945',(#18274,#18276,#18278,#18279));
#18281=FACE_OUTER_BOUND('153945',#18280,.F.);
#18282=ADVANCED_FACE('153945',(#18281),#18273,.T.);
#18283=CARTESIAN_POINT('',(-1.5E0,1.680351158834E0,-3.012244019815E0));
#18284=DIRECTION('',(0.E0,-9.997982280545E-1,-2.008738855786E-2));
#18285=DIRECTION('',(0.E0,2.008738855786E-2,-9.997982280545E-1));
#18286=AXIS2_PLACEMENT_3D('',#18283,#18284,#18285);
#18287=PLANE('153944',#18286);
#18288=ORIENTED_EDGE('154835',*,*,#12822,.T.);
#18290=ORIENTED_EDGE('154859',*,*,#18289,.T.);
#18291=ORIENTED_EDGE('154369',*,*,#18275,.F.);
#18292=ORIENTED_EDGE('154855',*,*,#18189,.F.);
#18293=EDGE_LOOP('153944',(#18288,#18290,#18291,#18292));
#18294=FACE_OUTER_BOUND('153944',#18293,.F.);
#18295=ADVANCED_FACE('153944',(#18294),#18287,.T.);
#18296=CARTESIAN_POINT('',(-1.625E0,1.0435E0,-3.625823558526E0));
#18297=DIRECTION('',(1.E0,0.E0,0.E0));
#18298=DIRECTION('',(0.E0,0.E0,-1.E0));
#18299=AXIS2_PLACEMENT_3D('',#18296,#18297,#18298);
#18300=PLANE('153950',#18299);
#18301=ORIENTED_EDGE('154682',*,*,#18249,.F.);
#18302=ORIENTED_EDGE('154373',*,*,#18263,.F.);
#18303=ORIENTED_EDGE('154371',*,*,#18277,.F.);
#18304=ORIENTED_EDGE('154859',*,*,#18289,.F.);
#18305=ORIENTED_EDGE('154837',*,*,#12820,.T.);
#18306=ORIENTED_EDGE('154840',*,*,#12343,.F.);
#18307=ORIENTED_EDGE('154843',*,*,#11159,.F.);
#18308=EDGE_LOOP('153950',(#18301,#18302,#18303,#18304,#18305,#18306,#18307));
#18309=FACE_OUTER_BOUND('153950',#18308,.F.);
#18310=ADVANCED_FACE('153950',(#18309),#18300,.F.);
#18311=CARTESIAN_POINT('',(-1.625E0,1.0435E0,-3.625823558526E0));
#18312=DIRECTION('',(1.E0,0.E0,0.E0));
#18313=DIRECTION('',(0.E0,0.E0,-1.E0));
#18314=AXIS2_PLACEMENT_3D('',#18311,#18312,#18313);
#18315=PLANE('153950',#18314);
#18317=ORIENTED_EDGE('154683',*,*,#18316,.F.);
#18318=ORIENTED_EDGE('154851',*,*,#15630,.T.);
#18320=ORIENTED_EDGE('154858',*,*,#18319,.F.);
#18322=ORIENTED_EDGE('154368',*,*,#18321,.T.);
#18324=ORIENTED_EDGE('154857',*,*,#18323,.T.);
#18325=ORIENTED_EDGE('154850',*,*,#15620,.T.);
#18327=ORIENTED_EDGE('154856',*,*,#18326,.T.);
#18329=ORIENTED_EDGE('154365',*,*,#18328,.T.);
#18331=ORIENTED_EDGE('154363',*,*,#18330,.F.);
#18333=ORIENTED_EDGE('154361',*,*,#18332,.T.);
#18335=ORIENTED_EDGE('154358',*,*,#18334,.F.);
#18337=ORIENTED_EDGE('154375',*,*,#18336,.T.);
#18338=EDGE_LOOP('153950',(#18317,#18318,#18320,#18322,#18324,#18325,#18327,
#18329,#18331,#18333,#18335,#18337));
#18339=FACE_OUTER_BOUND('153950',#18338,.F.);
#18340=ADVANCED_FACE('153950',(#18339),#18315,.F.);
#18341=CARTESIAN_POINT('',(-1.625E0,1.0435E0,-3.625823558526E0));
#18342=DIRECTION('',(1.E0,0.E0,0.E0));
#18343=DIRECTION('',(0.E0,0.E0,-1.E0));
#18344=AXIS2_PLACEMENT_3D('',#18341,#18342,#18343);
#18345=PLANE('153950',#18344);
#18346=ORIENTED_EDGE('155133',*,*,#11855,.F.);
#18347=ORIENTED_EDGE('155193',*,*,#11988,.F.);
#18348=ORIENTED_EDGE('154838',*,*,#12728,.T.);
#18350=ORIENTED_EDGE('155167',*,*,#18349,.T.);
#18351=EDGE_LOOP('153950',(#18346,#18347,#18348,#18350));
#18352=FACE_OUTER_BOUND('153950',#18351,.F.);
#18353=ADVANCED_FACE('153950',(#18352),#18345,.F.);
#18354=CARTESIAN_POINT('',(-1.5E0,2.077E0,-4.714970468495E0));
#18355=DIRECTION('',(0.E0,-1.E0,0.E0));
#18356=DIRECTION('',(0.E0,0.E0,1.E0));
#18357=AXIS2_PLACEMENT_3D('',#18354,#18355,#18356);
#18358=PLANE('153948',#18357);
#18359=ORIENTED_EDGE('154681',*,*,#18203,.F.);
#18360=ORIENTED_EDGE('154846',*,*,#15632,.F.);
#18361=ORIENTED_EDGE('154683',*,*,#18316,.T.);
#18363=ORIENTED_EDGE('154374',*,*,#18362,.F.);
#18364=EDGE_LOOP('153948',(#18359,#18360,#18361,#18363));
#18365=FACE_OUTER_BOUND('153948',#18364,.F.);
#18366=ADVANCED_FACE('153948',(#18365),#18358,.F.);
#18367=CARTESIAN_POINT('',(-1.5E0,1.215E0,-5.7E0));
#18368=DIRECTION('',(0.E0,0.E0,-1.E0));
#18369=DIRECTION('',(0.E0,1.E0,0.E0));
#18370=AXIS2_PLACEMENT_3D('',#18367,#18368,#18369);
#18371=PLANE('153949',#18370);
#18372=ORIENTED_EDGE('154356',*,*,#18205,.T.);
#18373=ORIENTED_EDGE('154374',*,*,#18362,.T.);
#18374=ORIENTED_EDGE('154375',*,*,#18336,.F.);
#18376=ORIENTED_EDGE('154359',*,*,#18375,.T.);
#18377=EDGE_LOOP('153949',(#18372,#18373,#18374,#18376));
#18378=FACE_OUTER_BOUND('153949',#18377,.F.);
#18379=ADVANCED_FACE('153949',(#18378),#18371,.T.);
#18380=CARTESIAN_POINT('',(-1.5E0,3.315E-1,-6.1E0));
#18381=DIRECTION('',(0.E0,-9.985585912391E-1,5.367252427910E-2));
#18382=DIRECTION('',(0.E0,5.367252427910E-2,9.985585912391E-1));
#18383=AXIS2_PLACEMENT_3D('',#18380,#18381,#18382);
#18384=PLANE('153936',#18383);
#18385=ORIENTED_EDGE('154349',*,*,#18207,.F.);
#18386=ORIENTED_EDGE('154359',*,*,#18375,.F.);
#18387=ORIENTED_EDGE('154358',*,*,#18334,.T.);
#18389=ORIENTED_EDGE('154357',*,*,#18388,.F.);
#18390=EDGE_LOOP('153936',(#18385,#18386,#18387,#18389));
#18391=FACE_OUTER_BOUND('153936',#18390,.F.);
#18392=ADVANCED_FACE('153936',(#18391),#18384,.F.);
#18393=CARTESIAN_POINT('',(-1.5E0,1.6E-1,-6.5E0));
#18394=DIRECTION('',(0.E0,0.E0,-1.E0));
#18395=DIRECTION('',(0.E0,1.E0,0.E0));
#18396=AXIS2_PLACEMENT_3D('',#18393,#18394,#18395);
#18397=PLANE('153937',#18396);
#18398=ORIENTED_EDGE('154350',*,*,#18209,.T.);
#18399=ORIENTED_EDGE('154357',*,*,#18388,.T.);
#18400=ORIENTED_EDGE('154361',*,*,#18332,.F.);
#18402=ORIENTED_EDGE('154360',*,*,#18401,.F.);
#18403=EDGE_LOOP('153937',(#18398,#18399,#18400,#18402));
#18404=FACE_OUTER_BOUND('153937',#18403,.F.);
#18405=ADVANCED_FACE('153937',(#18404),#18397,.T.);
#18406=CARTESIAN_POINT('',(-1.5E0,4.000000000002E-2,-5.925E0));
#18407=DIRECTION('',(0.E0,-9.986417138313E-1,5.210304593903E-2));
#18408=DIRECTION('',(0.E0,-5.210304593903E-2,-9.986417138313E-1));
#18409=AXIS2_PLACEMENT_3D('',#18406,#18407,#18408);
#18410=PLANE('153938',#18409);
#18411=ORIENTED_EDGE('154351',*,*,#18211,.F.);
#18412=ORIENTED_EDGE('154360',*,*,#18401,.T.);
#18413=ORIENTED_EDGE('154363',*,*,#18330,.T.);
#18415=ORIENTED_EDGE('154362',*,*,#18414,.F.);
#18416=EDGE_LOOP('153938',(#18411,#18412,#18413,#18415));
#18417=FACE_OUTER_BOUND('153938',#18416,.F.);
#18418=ADVANCED_FACE('153938',(#18417),#18410,.T.);
#18419=CARTESIAN_POINT('',(-1.5E0,2.35E-1,-5.35E0));
#18420=DIRECTION('',(0.E0,0.E0,-1.E0));
#18421=DIRECTION('',(0.E0,-1.E0,0.E0));
#18422=AXIS2_PLACEMENT_3D('',#18419,#18420,#18421);
#18423=PLANE('153939',#18422);
#18424=ORIENTED_EDGE('154352',*,*,#18213,.T.);
#18425=ORIENTED_EDGE('154362',*,*,#18414,.T.);
#18426=ORIENTED_EDGE('154365',*,*,#18328,.F.);
#18428=ORIENTED_EDGE('154364',*,*,#18427,.F.);
#18429=EDGE_LOOP('153939',(#18424,#18425,#18426,#18428));
#18430=FACE_OUTER_BOUND('153939',#18429,.F.);
#18431=ADVANCED_FACE('153939',(#18430),#18423,.F.);
#18432=CARTESIAN_POINT('',(-1.5E0,4.E-1,-3.523E0));
#18433=DIRECTION('',(0.E0,-1.E0,0.E0));
#18434=DIRECTION('',(0.E0,0.E0,-1.E0));
#18435=AXIS2_PLACEMENT_3D('',#18432,#18433,#18434);
#18436=PLANE('153940',#18435);
#18437=ORIENTED_EDGE('154849',*,*,#15618,.F.);
#18438=ORIENTED_EDGE('154852',*,*,#18215,.T.);
#18439=ORIENTED_EDGE('154364',*,*,#18427,.T.);
#18440=ORIENTED_EDGE('154856',*,*,#18326,.F.);
#18441=EDGE_LOOP('153940',(#18437,#18438,#18439,#18440));
#18442=FACE_OUTER_BOUND('153940',#18441,.F.);
#18443=ADVANCED_FACE('153940',(#18442),#18436,.T.);
#18444=CARTESIAN_POINT('',(-1.5E0,1.497893703149E0,-4.614929465179E0));
#18445=DIRECTION('',(0.E0,-8.083218440240E-1,5.887408568068E-1));
#18446=DIRECTION('',(0.E0,-5.887408568068E-1,-8.083218440240E-1));
#18447=AXIS2_PLACEMENT_3D('',#18444,#18445,#18446);
#18448=PLANE('153943',#18447);
#18449=ORIENTED_EDGE('154847',*,*,#15628,.F.);
#18450=ORIENTED_EDGE('154854',*,*,#18222,.F.);
#18452=ORIENTED_EDGE('154367',*,*,#18451,.T.);
#18453=ORIENTED_EDGE('154858',*,*,#18319,.T.);
#18454=EDGE_LOOP('153943',(#18449,#18450,#18452,#18453));
#18455=FACE_OUTER_BOUND('153943',#18454,.F.);
#18456=ADVANCED_FACE('153943',(#18455),#18448,.T.);
#18457=CARTESIAN_POINT('',(-1.5E0,1.044499170342E0,-4.901735931288E0));
#18458=DIRECTION('',(0.E0,0.E0,-1.E0));
#18459=DIRECTION('',(0.E0,-1.E0,0.E0));
#18460=AXIS2_PLACEMENT_3D('',#18457,#18458,#18459);
#18461=PLANE('153942',#18460);
#18462=ORIENTED_EDGE('154353',*,*,#18220,.T.);
#18464=ORIENTED_EDGE('154366',*,*,#18463,.T.);
#18465=ORIENTED_EDGE('154368',*,*,#18321,.F.);
#18466=ORIENTED_EDGE('154367',*,*,#18451,.F.);
#18467=EDGE_LOOP('153942',(#18462,#18464,#18465,#18466));
#18468=FACE_OUTER_BOUND('153942',#18467,.F.);
#18469=ADVANCED_FACE('153942',(#18468),#18461,.F.);
#18470=CARTESIAN_POINT('',(-1.5E0,8.E-1,-3.225830548566E0));
#18471=DIRECTION('',(0.E0,-1.E0,0.E0));
#18472=DIRECTION('',(0.E0,0.E0,1.E0));
#18473=AXIS2_PLACEMENT_3D('',#18470,#18471,#18472);
#18474=PLANE('153941',#18473);
#18475=ORIENTED_EDGE('154848',*,*,#15622,.F.);
#18476=ORIENTED_EDGE('154857',*,*,#18323,.F.);
#18477=ORIENTED_EDGE('154366',*,*,#18463,.F.);
#18478=ORIENTED_EDGE('154853',*,*,#18218,.T.);
#18479=EDGE_LOOP('153941',(#18475,#18476,#18477,#18478));
#18480=FACE_OUTER_BOUND('153941',#18479,.F.);
#18481=ADVANCED_FACE('153941',(#18480),#18474,.F.);
#18482=CARTESIAN_POINT('',(-1.5E0,8.E-1,-3.225830548566E0));
#18483=DIRECTION('',(0.E0,-1.E0,0.E0));
#18484=DIRECTION('',(0.E0,0.E0,1.E0));
#18485=AXIS2_PLACEMENT_3D('',#18482,#18483,#18484);
#18486=PLANE('153941',#18485);
#18487=ORIENTED_EDGE('155132',*,*,#11857,.F.);
#18488=ORIENTED_EDGE('155167',*,*,#18349,.F.);
#18489=ORIENTED_EDGE('154836',*,*,#12726,.T.);
#18490=ORIENTED_EDGE('155166',*,*,#18234,.T.);
#18491=EDGE_LOOP('153941',(#18487,#18488,#18489,#18490));
#18492=FACE_OUTER_BOUND('153941',#18491,.F.);
#18493=ADVANCED_FACE('153941',(#18492),#18486,.F.);
#18494=CARTESIAN_POINT('',(-5.E-1,4.E-1,-3.523E0));
#18495=DIRECTION('',(0.E0,-1.E0,0.E0));
#18496=DIRECTION('',(0.E0,0.E0,-1.E0));
#18497=AXIS2_PLACEMENT_3D('',#18494,#18495,#18496);
#18498=PLANE('153956',#18497);
#18499=ORIENTED_EDGE('154879',*,*,#15499,.F.);
#18500=ORIENTED_EDGE('154882',*,*,#15328,.T.);
#18502=ORIENTED_EDGE('154337',*,*,#18501,.T.);
#18503=ORIENTED_EDGE('154886',*,*,#15443,.F.);
#18504=EDGE_LOOP('153956',(#18499,#18500,#18502,#18503));
#18505=FACE_OUTER_BOUND('153956',#18504,.F.);
#18506=ADVANCED_FACE('153956',(#18505),#18498,.T.);
#18507=CARTESIAN_POINT('',(-5.E-1,2.35E-1,-5.35E0));
#18508=DIRECTION('',(0.E0,0.E0,-1.E0));
#18509=DIRECTION('',(0.E0,-1.E0,0.E0));
#18510=AXIS2_PLACEMENT_3D('',#18507,#18508,#18509);
#18511=PLANE('153955',#18510);
#18512=ORIENTED_EDGE('154325',*,*,#15326,.T.);
#18514=ORIENTED_EDGE('154335',*,*,#18513,.T.);
#18515=ORIENTED_EDGE('154338',*,*,#15445,.F.);
#18516=ORIENTED_EDGE('154337',*,*,#18501,.F.);
#18517=EDGE_LOOP('153955',(#18512,#18514,#18515,#18516));
#18518=FACE_OUTER_BOUND('153955',#18517,.F.);
#18519=ADVANCED_FACE('153955',(#18518),#18511,.F.);
#18520=CARTESIAN_POINT('',(-5.E-1,4.000000000002E-2,-5.925E0));
#18521=DIRECTION('',(0.E0,-9.986417138313E-1,5.210304593903E-2));
#18522=DIRECTION('',(0.E0,-5.210304593903E-2,-9.986417138313E-1));
#18523=AXIS2_PLACEMENT_3D('',#18520,#18521,#18522);
#18524=PLANE('153954',#18523);
#18525=ORIENTED_EDGE('154324',*,*,#15324,.F.);
#18527=ORIENTED_EDGE('154333',*,*,#18526,.T.);
#18528=ORIENTED_EDGE('154336',*,*,#15447,.T.);
#18529=ORIENTED_EDGE('154335',*,*,#18513,.F.);
#18530=EDGE_LOOP('153954',(#18525,#18527,#18528,#18529));
#18531=FACE_OUTER_BOUND('153954',#18530,.F.);
#18532=ADVANCED_FACE('153954',(#18531),#18524,.T.);
#18533=CARTESIAN_POINT('',(-5.E-1,1.6E-1,-6.5E0));
#18534=DIRECTION('',(0.E0,0.E0,-1.E0));
#18535=DIRECTION('',(0.E0,1.E0,0.E0));
#18536=AXIS2_PLACEMENT_3D('',#18533,#18534,#18535);
#18537=PLANE('153953',#18536);
#18538=ORIENTED_EDGE('154323',*,*,#15322,.T.);
#18540=ORIENTED_EDGE('154330',*,*,#18539,.T.);
#18541=ORIENTED_EDGE('154334',*,*,#15449,.F.);
#18542=ORIENTED_EDGE('154333',*,*,#18526,.F.);
#18543=EDGE_LOOP('153953',(#18538,#18540,#18541,#18542));
#18544=FACE_OUTER_BOUND('153953',#18543,.F.);
#18545=ADVANCED_FACE('153953',(#18544),#18537,.T.);
#18546=CARTESIAN_POINT('',(-5.E-1,3.315E-1,-6.1E0));
#18547=DIRECTION('',(0.E0,-9.985585912391E-1,5.367252427910E-2));
#18548=DIRECTION('',(0.E0,5.367252427910E-2,9.985585912391E-1));
#18549=AXIS2_PLACEMENT_3D('',#18546,#18547,#18548);
#18550=PLANE('153952',#18549);
#18551=ORIENTED_EDGE('154322',*,*,#15320,.F.);
#18553=ORIENTED_EDGE('154332',*,*,#18552,.F.);
#18554=ORIENTED_EDGE('154331',*,*,#15451,.T.);
#18555=ORIENTED_EDGE('154330',*,*,#18539,.F.);
#18556=EDGE_LOOP('153952',(#18551,#18553,#18554,#18555));
#18557=FACE_OUTER_BOUND('153952',#18556,.F.);
#18558=ADVANCED_FACE('153952',(#18557),#18550,.F.);
#18559=CARTESIAN_POINT('',(-5.E-1,1.215E0,-5.7E0));
#18560=DIRECTION('',(0.E0,0.E0,-1.E0));
#18561=DIRECTION('',(0.E0,1.E0,0.E0));
#18562=AXIS2_PLACEMENT_3D('',#18559,#18560,#18561);
#18563=PLANE('153965',#18562);
#18564=ORIENTED_EDGE('154329',*,*,#15318,.T.);
#18565=ORIENTED_EDGE('154347',*,*,#15480,.T.);
#18566=ORIENTED_EDGE('154348',*,*,#15453,.F.);
#18567=ORIENTED_EDGE('154332',*,*,#18552,.T.);
#18568=EDGE_LOOP('153965',(#18564,#18565,#18566,#18567));
#18569=FACE_OUTER_BOUND('153965',#18568,.F.);
#18570=ADVANCED_FACE('153965',(#18569),#18563,.T.);
#18571=CARTESIAN_POINT('',(-5.E-1,8.E-1,-3.225830548566E0));
#18572=DIRECTION('',(0.E0,-1.E0,0.E0));
#18573=DIRECTION('',(0.E0,0.E0,1.E0));
#18574=AXIS2_PLACEMENT_3D('',#18571,#18572,#18573);
#18575=PLANE('153957',#18574);
#18576=ORIENTED_EDGE('154878',*,*,#15502,.F.);
#18577=ORIENTED_EDGE('154887',*,*,#15439,.F.);
#18579=ORIENTED_EDGE('154339',*,*,#18578,.F.);
#18580=ORIENTED_EDGE('154883',*,*,#15332,.T.);
#18581=EDGE_LOOP('153957',(#18576,#18577,#18579,#18580));
#18582=FACE_OUTER_BOUND('153957',#18581,.F.);
#18583=ADVANCED_FACE('153957',(#18582),#18575,.F.);
#18584=CARTESIAN_POINT('',(-5.E-1,8.E-1,-3.225830548566E0));
#18585=DIRECTION('',(0.E0,-1.E0,0.E0));
#18586=DIRECTION('',(0.E0,0.E0,1.E0));
#18587=AXIS2_PLACEMENT_3D('',#18584,#18585,#18586);
#18588=PLANE('153957',#18587);
#18589=ORIENTED_EDGE('155135',*,*,#11865,.F.);
#18590=ORIENTED_EDGE('155169',*,*,#15466,.F.);
#18591=ORIENTED_EDGE('154866',*,*,#12719,.T.);
#18592=ORIENTED_EDGE('155168',*,*,#15349,.T.);
#18593=EDGE_LOOP('153957',(#18589,#18590,#18591,#18592));
#18594=FACE_OUTER_BOUND('153957',#18593,.F.);
#18595=ADVANCED_FACE('153957',(#18594),#18588,.F.);
#18596=CARTESIAN_POINT('',(-5.E-1,1.044499170342E0,-4.901735931288E0));
#18597=DIRECTION('',(0.E0,0.E0,-1.E0));
#18598=DIRECTION('',(0.E0,-1.E0,0.E0));
#18599=AXIS2_PLACEMENT_3D('',#18596,#18597,#18598);
#18600=PLANE('153958',#18599);
#18601=ORIENTED_EDGE('154326',*,*,#15334,.T.);
#18602=ORIENTED_EDGE('154339',*,*,#18578,.T.);
#18603=ORIENTED_EDGE('154341',*,*,#15437,.F.);
#18605=ORIENTED_EDGE('154340',*,*,#18604,.F.);
#18606=EDGE_LOOP('153958',(#18601,#18602,#18603,#18605));
#18607=FACE_OUTER_BOUND('153958',#18606,.F.);
#18608=ADVANCED_FACE('153958',(#18607),#18600,.F.);
#18609=CARTESIAN_POINT('',(-5.E-1,1.497893703149E0,-4.614929465179E0));
#18610=DIRECTION('',(0.E0,-8.083218440240E-1,5.887408568068E-1));
#18611=DIRECTION('',(0.E0,-5.887408568068E-1,-8.083218440240E-1));
#18612=AXIS2_PLACEMENT_3D('',#18609,#18610,#18611);
#18613=PLANE('153959',#18612);
#18614=ORIENTED_EDGE('154877',*,*,#15507,.F.);
#18615=ORIENTED_EDGE('154884',*,*,#15336,.F.);
#18616=ORIENTED_EDGE('154340',*,*,#18604,.T.);
#18617=ORIENTED_EDGE('154888',*,*,#15435,.T.);
#18618=EDGE_LOOP('153959',(#18614,#18615,#18616,#18617));
#18619=FACE_OUTER_BOUND('153959',#18618,.F.);
#18620=ADVANCED_FACE('153959',(#18619),#18613,.T.);
#18621=CARTESIAN_POINT('',(-8.25E0,1.275E0,-2.475E0));
#18622=DIRECTION('',(1.E0,0.E0,0.E0));
#18623=DIRECTION('',(0.E0,0.E0,1.E0));
#18624=AXIS2_PLACEMENT_3D('',#18621,#18622,#18623);
#18625=PLANE('157241',#18624);
#18626=ORIENTED_EDGE('158689',*,*,#11725,.F.);
#18627=ORIENTED_EDGE('158690',*,*,#12773,.F.);
#18628=ORIENTED_EDGE('157742',*,*,#11894,.F.);
#18629=ORIENTED_EDGE('158695',*,*,#11803,.F.);
#18630=EDGE_LOOP('157241',(#18626,#18627,#18628,#18629));
#18631=FACE_OUTER_BOUND('157241',#18630,.F.);
#18632=ADVANCED_FACE('157241',(#18631),#18625,.T.);
#18633=CARTESIAN_POINT('',(-8.91E0,1.3E0,-2.275E0));
#18634=DIRECTION('',(0.E0,-1.E0,0.E0));
#18635=DIRECTION('',(-1.E0,0.E0,0.E0));
#18636=AXIS2_PLACEMENT_3D('',#18633,#18634,#18635);
#18637=PLANE('157230',#18636);
#18638=ORIENTED_EDGE('158688',*,*,#12591,.T.);
#18640=ORIENTED_EDGE('158696',*,*,#18639,.T.);
#18641=ORIENTED_EDGE('158474',*,*,#12168,.F.);
#18643=ORIENTED_EDGE('158477',*,*,#18642,.T.);
#18644=ORIENTED_EDGE('158692',*,*,#12573,.F.);
#18645=EDGE_LOOP('157230',(#18638,#18640,#18641,#18643,#18644));
#18646=FACE_OUTER_BOUND('157230',#18645,.F.);
#18647=ADVANCED_FACE('157230',(#18646),#18637,.T.);
#18648=CARTESIAN_POINT('',(-8.5E0,1.275E0,-1.6E0));
#18649=DIRECTION('',(0.E0,0.E0,-1.E0));
#18650=DIRECTION('',(-1.E0,0.E0,0.E0));
#18651=AXIS2_PLACEMENT_3D('',#18648,#18649,#18650);
#18652=PLANE('157221',#18651);
#18653=ORIENTED_EDGE('158686',*,*,#11719,.F.);
#18655=ORIENTED_EDGE('158694',*,*,#18654,.F.);
#18656=ORIENTED_EDGE('158479',*,*,#11879,.F.);
#18657=ORIENTED_EDGE('158473',*,*,#12170,.T.);
#18658=ORIENTED_EDGE('158696',*,*,#18639,.F.);
#18659=EDGE_LOOP('157221',(#18653,#18655,#18656,#18657,#18658));
#18660=FACE_OUTER_BOUND('157221',#18659,.F.);
#18661=ADVANCED_FACE('157221',(#18660),#18652,.F.);
#18662=CARTESIAN_POINT('',(-8.354530240915E0,9.504015653560E-1,
-1.925000000001E0));
#18663=DIRECTION('',(9.848077530128E-1,0.E0,-1.736481776638E-1));
#18664=DIRECTION('',(1.736481776638E-1,0.E0,9.848077530128E-1));
#18665=AXIS2_PLACEMENT_3D('',#18662,#18663,#18664);
#18666=PLANE('157308',#18665);
#18667=ORIENTED_EDGE('158693',*,*,#11717,.F.);
#18669=ORIENTED_EDGE('157427',*,*,#18668,.F.);
#18670=ORIENTED_EDGE('157428',*,*,#11558,.F.);
#18671=ORIENTED_EDGE('157408',*,*,#11502,.F.);
#18672=ORIENTED_EDGE('157407',*,*,#12216,.T.);
#18673=ORIENTED_EDGE('157729',*,*,#12202,.T.);
#18674=ORIENTED_EDGE('157684',*,*,#11881,.T.);
#18675=ORIENTED_EDGE('158694',*,*,#18654,.T.);
#18676=EDGE_LOOP('157308',(#18667,#18669,#18670,#18671,#18672,#18673,#18674,
#18675));
#18677=FACE_OUTER_BOUND('157308',#18676,.F.);
#18678=ADVANCED_FACE('157308',(#18677),#18666,.F.);
#18679=CARTESIAN_POINT('',(-8.774530240915E0,1.450401565356E0,-1.1E0));
#18680=DIRECTION('',(0.E0,0.E0,-1.E0));
#18681=DIRECTION('',(-1.E0,0.E0,0.E0));
#18682=AXIS2_PLACEMENT_3D('',#18679,#18680,#18681);
#18683=PLANE('157307',#18682);
#18685=ORIENTED_EDGE('157424',*,*,#18684,.T.);
#18687=ORIENTED_EDGE('157423',*,*,#18686,.T.);
#18689=ORIENTED_EDGE('157425',*,*,#18688,.F.);
#18690=ORIENTED_EDGE('157426',*,*,#11560,.T.);
#18691=ORIENTED_EDGE('157427',*,*,#18668,.T.);
#18692=ORIENTED_EDGE('157405',*,*,#11715,.T.);
#18693=EDGE_LOOP('157307',(#18685,#18687,#18689,#18690,#18691,#18692));
#18694=FACE_OUTER_BOUND('157307',#18693,.F.);
#18695=ADVANCED_FACE('157307',(#18694),#18683,.T.);
#18696=CARTESIAN_POINT('',(-8.65E0,1.800401565356E0,-5.5E-1));
#18697=DIRECTION('',(1.E0,0.E0,0.E0));
#18698=DIRECTION('',(0.E0,-1.E0,0.E0));
#18699=AXIS2_PLACEMENT_3D('',#18696,#18697,#18698);
#18700=PLANE('157306',#18699);
#18702=ORIENTED_EDGE('157422',*,*,#18701,.T.);
#18703=ORIENTED_EDGE('157424',*,*,#18684,.F.);
#18704=ORIENTED_EDGE('157406',*,*,#11713,.T.);
#18705=ORIENTED_EDGE('157398',*,*,#11686,.T.);
#18706=EDGE_LOOP('157306',(#18702,#18703,#18704,#18705));
#18707=FACE_OUTER_BOUND('157306',#18706,.F.);
#18708=ADVANCED_FACE('157306',(#18707),#18700,.T.);
#18709=CARTESIAN_POINT('',(-9.675E0,2.300401565356E0,-6.E-1));
#18710=DIRECTION('',(0.E0,-1.E0,0.E0));
#18711=DIRECTION('',(-1.E0,0.E0,0.E0));
#18712=AXIS2_PLACEMENT_3D('',#18709,#18710,#18711);
#18713=PLANE('157305',#18712);
#18714=ORIENTED_EDGE('157602',*,*,#11427,.T.);
#18716=ORIENTED_EDGE('157711',*,*,#18715,.T.);
#18718=ORIENTED_EDGE('157603',*,*,#18717,.F.);
#18719=ORIENTED_EDGE('157423',*,*,#18686,.F.);
#18720=ORIENTED_EDGE('157422',*,*,#18701,.F.);
#18721=ORIENTED_EDGE('157399',*,*,#11684,.T.);
#18723=ORIENTED_EDGE('157421',*,*,#18722,.T.);
#18724=EDGE_LOOP('157305',(#18714,#18716,#18718,#18719,#18720,#18721,#18723));
#18725=FACE_OUTER_BOUND('157305',#18724,.F.);
#18726=ADVANCED_FACE('157305',(#18725),#18713,.F.);
#18727=CARTESIAN_POINT('',(-9.4E0,1.875E0,-1.2E0));
#18728=DIRECTION('',(0.E0,0.E0,-1.E0));
#18729=DIRECTION('',(-1.E0,0.E0,0.E0));
#18730=AXIS2_PLACEMENT_3D('',#18727,#18728,#18729);
#18731=PLANE('157224',#18730);
#18733=ORIENTED_EDGE('158469',*,*,#18732,.F.);
#18734=ORIENTED_EDGE('157711',*,*,#18715,.F.);
#18736=ORIENTED_EDGE('157761',*,*,#18735,.T.);
#18738=ORIENTED_EDGE('157476',*,*,#18737,.F.);
#18740=ORIENTED_EDGE('157521',*,*,#18739,.T.);
#18741=ORIENTED_EDGE('157463',*,*,#12309,.F.);
#18742=ORIENTED_EDGE('157520',*,*,#12575,.F.);
#18743=ORIENTED_EDGE('158477',*,*,#18642,.F.);
#18744=ORIENTED_EDGE('158481',*,*,#12166,.T.);
#18745=ORIENTED_EDGE('158472',*,*,#11555,.T.);
#18746=EDGE_LOOP('157224',(#18733,#18734,#18736,#18738,#18740,#18741,#18742,
#18743,#18744,#18745));
#18747=FACE_OUTER_BOUND('157224',#18746,.F.);
#18748=ADVANCED_FACE('157224',(#18747),#18731,.F.);
#18749=CARTESIAN_POINT('',(-9.34E0,1.450401565356E0,-1.5E0));
#18750=DIRECTION('',(1.E0,0.E0,0.E0));
#18751=DIRECTION('',(0.E0,0.E0,1.E0));
#18752=AXIS2_PLACEMENT_3D('',#18749,#18750,#18751);
#18753=PLANE('157309',#18752);
#18754=ORIENTED_EDGE('158469',*,*,#18732,.T.);
#18755=ORIENTED_EDGE('158463',*,*,#11553,.T.);
#18756=ORIENTED_EDGE('157425',*,*,#18688,.T.);
#18757=ORIENTED_EDGE('157603',*,*,#18717,.T.);
#18758=EDGE_LOOP('157309',(#18754,#18755,#18756,#18757));
#18759=FACE_OUTER_BOUND('157309',#18758,.F.);
#18760=ADVANCED_FACE('157309',(#18759),#18753,.T.);
#18761=CARTESIAN_POINT('',(-1.03E1,2.275E0,-2.6E0));
#18762=DIRECTION('',(1.E0,0.E0,0.E0));
#18763=DIRECTION('',(0.E0,0.E0,-1.E0));
#18764=AXIS2_PLACEMENT_3D('',#18761,#18762,#18763);
#18765=PLANE('157226',#18764);
#18766=ORIENTED_EDGE('157713',*,*,#11425,.F.);
#18768=ORIENTED_EDGE('157763',*,*,#18767,.F.);
#18770=ORIENTED_EDGE('157524',*,*,#18769,.T.);
#18772=ORIENTED_EDGE('157475',*,*,#18771,.F.);
#18773=ORIENTED_EDGE('157761',*,*,#18735,.F.);
#18774=EDGE_LOOP('157226',(#18766,#18768,#18770,#18772,#18773));
#18775=FACE_OUTER_BOUND('157226',#18774,.F.);
#18776=ADVANCED_FACE('157226',(#18775),#18765,.F.);
#18777=CARTESIAN_POINT('',(-9.575E0,2.1E0,-2.925E0));
#18778=DIRECTION('',(0.E0,-1.E0,0.E0));
#18779=DIRECTION('',(-1.E0,0.E0,0.E0));
#18780=AXIS2_PLACEMENT_3D('',#18777,#18778,#18779);
#18781=PLANE('157228',#18780);
#18782=ORIENTED_EDGE('158455',*,*,#11529,.T.);
#18784=ORIENTED_EDGE('158459',*,*,#18783,.F.);
#18785=ORIENTED_EDGE('157763',*,*,#18767,.T.);
#18786=ORIENTED_EDGE('158462',*,*,#11423,.F.);
#18787=EDGE_LOOP('157228',(#18782,#18784,#18785,#18786));
#18788=FACE_OUTER_BOUND('157228',#18787,.F.);
#18789=ADVANCED_FACE('157228',(#18788),#18781,.T.);
#18790=CARTESIAN_POINT('',(-9.975E0,2.275E0,-4.325E0));
#18791=DIRECTION('',(7.071067811865E-1,0.E0,7.071067811865E-1));
#18792=DIRECTION('',(7.071067811865E-1,0.E0,-7.071067811865E-1));
#18793=AXIS2_PLACEMENT_3D('',#18790,#18791,#18792);
#18794=PLANE('157227',#18793);
#18796=ORIENTED_EDGE('158468',*,*,#18795,.T.);
#18798=ORIENTED_EDGE('157474',*,*,#18797,.F.);
#18799=ORIENTED_EDGE('157524',*,*,#18769,.F.);
#18800=ORIENTED_EDGE('158459',*,*,#18783,.T.);
#18801=ORIENTED_EDGE('158464',*,*,#11527,.T.);
#18803=ORIENTED_EDGE('158456',*,*,#18802,.T.);
#18804=EDGE_LOOP('157227',(#18796,#18798,#18799,#18800,#18801,#18803));
#18805=FACE_OUTER_BOUND('157227',#18804,.F.);
#18806=ADVANCED_FACE('157227',(#18805),#18794,.F.);
#18807=CARTESIAN_POINT('',(-9.45E0,2.275E0,-4.65E0));
#18808=DIRECTION('',(0.E0,0.E0,-1.E0));
#18809=DIRECTION('',(1.E0,0.E0,0.E0));
#18810=AXIS2_PLACEMENT_3D('',#18807,#18808,#18809);
#18811=PLANE('157231',#18810);
#18813=ORIENTED_EDGE('158467',*,*,#18812,.F.);
#18815=ORIENTED_EDGE('157473',*,*,#18814,.T.);
#18816=ORIENTED_EDGE('158468',*,*,#18795,.F.);
#18818=ORIENTED_EDGE('158457',*,*,#18817,.F.);
#18819=EDGE_LOOP('157231',(#18813,#18815,#18816,#18818));
#18820=FACE_OUTER_BOUND('157231',#18819,.F.);
#18821=ADVANCED_FACE('157231',(#18820),#18811,.T.);
#18822=CARTESIAN_POINT('',(-9.25E0,1.35E0,-3.466666666667E0));
#18823=DIRECTION('',(1.E0,0.E0,0.E0));
#18824=DIRECTION('',(0.E0,0.E0,-1.E0));
#18825=AXIS2_PLACEMENT_3D('',#18822,#18823,#18824);
#18826=PLANE('157199',#18825);
#18827=ORIENTED_EDGE('158467',*,*,#18812,.T.);
#18829=ORIENTED_EDGE('158460',*,*,#18828,.F.);
#18831=ORIENTED_EDGE('157691',*,*,#18830,.T.);
#18833=ORIENTED_EDGE('157688',*,*,#18832,.T.);
#18835=ORIENTED_EDGE('157689',*,*,#18834,.T.);
#18837=ORIENTED_EDGE('157746',*,*,#18836,.F.);
#18838=ORIENTED_EDGE('157480',*,*,#11595,.F.);
#18839=ORIENTED_EDGE('157450',*,*,#9719,.F.);
#18841=ORIENTED_EDGE('157479',*,*,#18840,.F.);
#18843=ORIENTED_EDGE('157478',*,*,#18842,.T.);
#18845=ORIENTED_EDGE('157491',*,*,#18844,.T.);
#18846=ORIENTED_EDGE('157446',*,*,#9711,.F.);
#18848=ORIENTED_EDGE('157472',*,*,#18847,.F.);
#18849=EDGE_LOOP('157199',(#18827,#18829,#18831,#18833,#18835,#18837,#18838,
#18839,#18841,#18843,#18845,#18846,#18848));
#18850=FACE_OUTER_BOUND('157199',#18849,.F.);
#18851=ADVANCED_FACE('157199',(#18850),#18826,.F.);
#18852=CARTESIAN_POINT('',(-9.725E0,1.819666410130E0,-4.425E0));
#18853=DIRECTION('',(0.E0,-9.848077530122E-1,1.736481776667E-1));
#18854=DIRECTION('',(0.E0,-1.736481776667E-1,-9.848077530122E-1));
#18855=AXIS2_PLACEMENT_3D('',#18852,#18853,#18854);
#18856=PLANE('157314',#18855);
#18857=ORIENTED_EDGE('158456',*,*,#18802,.F.);
#18858=ORIENTED_EDGE('158458',*,*,#11525,.F.);
#18860=ORIENTED_EDGE('157442',*,*,#18859,.F.);
#18862=ORIENTED_EDGE('157605',*,*,#18861,.T.);
#18863=ORIENTED_EDGE('158460',*,*,#18828,.T.);
#18864=ORIENTED_EDGE('158457',*,*,#18817,.T.);
#18865=EDGE_LOOP('157314',(#18857,#18858,#18860,#18862,#18863,#18864));
#18866=FACE_OUTER_BOUND('157314',#18865,.F.);
#18867=ADVANCED_FACE('157314',(#18866),#18856,.F.);
#18868=CARTESIAN_POINT('',(-9.869337567300E0,1.228857480410E0,-5.45E0));
#18869=DIRECTION('',(0.E0,0.E0,-1.E0));
#18870=DIRECTION('',(1.E0,0.E0,0.E0));
#18871=AXIS2_PLACEMENT_3D('',#18868,#18869,#18870);
#18872=PLANE('157313',#18871);
#18874=ORIENTED_EDGE('157440',*,*,#18873,.T.);
#18876=ORIENTED_EDGE('157441',*,*,#18875,.F.);
#18877=ORIENTED_EDGE('157442',*,*,#18859,.T.);
#18878=ORIENTED_EDGE('157439',*,*,#11523,.T.);
#18879=EDGE_LOOP('157313',(#18874,#18876,#18877,#18878));
#18880=FACE_OUTER_BOUND('157313',#18879,.F.);
#18881=ADVANCED_FACE('157313',(#18880),#18872,.T.);
#18882=CARTESIAN_POINT('',(-9.725E0,7.095926356357E-1,-5.15E0));
#18883=DIRECTION('',(0.E0,-9.396926207859E-1,-3.420201433257E-1));
#18884=DIRECTION('',(0.E0,-3.420201433257E-1,9.396926207859E-1));
#18885=AXIS2_PLACEMENT_3D('',#18882,#18883,#18884);
#18886=PLANE('157312',#18885);
#18887=ORIENTED_EDGE('157688',*,*,#18832,.F.);
#18889=ORIENTED_EDGE('157737',*,*,#18888,.F.);
#18890=ORIENTED_EDGE('157440',*,*,#18873,.F.);
#18891=ORIENTED_EDGE('157435',*,*,#11521,.F.);
#18893=ORIENTED_EDGE('157736',*,*,#18892,.F.);
#18894=EDGE_LOOP('157312',(#18887,#18889,#18890,#18891,#18893));
#18895=FACE_OUTER_BOUND('157312',#18894,.F.);
#18896=ADVANCED_FACE('157312',(#18895),#18886,.T.);
#18897=CARTESIAN_POINT('',(-9.394337567295E0,1.181946667020E0,-5.2E0));
#18898=DIRECTION('',(8.660254037880E-1,0.E0,-4.999999999939E-1));
#18899=DIRECTION('',(4.999999999939E-1,0.E0,8.660254037880E-1));
#18900=AXIS2_PLACEMENT_3D('',#18897,#18898,#18899);
#18901=PLANE('157315',#18900);
#18902=ORIENTED_EDGE('157605',*,*,#18861,.F.);
#18903=ORIENTED_EDGE('157441',*,*,#18875,.T.);
#18904=ORIENTED_EDGE('157737',*,*,#18888,.T.);
#18905=ORIENTED_EDGE('157691',*,*,#18830,.F.);
#18906=EDGE_LOOP('157315',(#18902,#18903,#18904,#18905));
#18907=FACE_OUTER_BOUND('157315',#18906,.F.);
#18908=ADVANCED_FACE('157315',(#18907),#18901,.T.);
#18909=CARTESIAN_POINT('',(-9.725E0,6.004015653559E-1,-3.925E0));
#18910=DIRECTION('',(0.E0,-1.E0,0.E0));
#18911=DIRECTION('',(0.E0,0.E0,1.E0));
#18912=AXIS2_PLACEMENT_3D('',#18909,#18910,#18911);
#18913=PLANE('157317',#18912);
#18914=ORIENTED_EDGE('157689',*,*,#18834,.F.);
#18915=ORIENTED_EDGE('157736',*,*,#18892,.T.);
#18916=ORIENTED_EDGE('157734',*,*,#11519,.T.);
#18918=ORIENTED_EDGE('157708',*,*,#18917,.T.);
#18920=ORIENTED_EDGE('157707',*,*,#18919,.T.);
#18921=EDGE_LOOP('157317',(#18914,#18915,#18916,#18918,#18920));
#18922=FACE_OUTER_BOUND('157317',#18921,.F.);
#18923=ADVANCED_FACE('157317',(#18922),#18913,.T.);
#18924=CARTESIAN_POINT('',(-9.975E0,4.25E-1,-4.325E0));
#18925=DIRECTION('',(7.071067811865E-1,0.E0,7.071067811865E-1));
#18926=DIRECTION('',(7.071067811865E-1,0.E0,-7.071067811865E-1));
#18927=AXIS2_PLACEMENT_3D('',#18924,#18925,#18926);
#18928=PLANE('157218',#18927);
#18929=ORIENTED_EDGE('157708',*,*,#18917,.F.);
#18930=ORIENTED_EDGE('157756',*,*,#11543,.F.);
#18931=ORIENTED_EDGE('157506',*,*,#11573,.F.);
#18932=ORIENTED_EDGE('157504',*,*,#11599,.T.);
#18934=ORIENTED_EDGE('157759',*,*,#18933,.F.);
#18935=EDGE_LOOP('157218',(#18929,#18930,#18931,#18932,#18934));
#18936=FACE_OUTER_BOUND('157218',#18935,.F.);
#18937=ADVANCED_FACE('157218',(#18936),#18928,.F.);
#18938=CARTESIAN_POINT('',(-9.45E0,4.25E-1,-4.65E0));
#18939=DIRECTION('',(0.E0,0.E0,-1.E0));
#18940=DIRECTION('',(1.E0,0.E0,0.E0));
#18941=AXIS2_PLACEMENT_3D('',#18938,#18939,#18940);
#18942=PLANE('157217',#18941);
#18943=ORIENTED_EDGE('157707',*,*,#18919,.F.);
#18944=ORIENTED_EDGE('157759',*,*,#18933,.T.);
#18945=ORIENTED_EDGE('157503',*,*,#11597,.T.);
#18946=ORIENTED_EDGE('157746',*,*,#18836,.T.);
#18947=EDGE_LOOP('157217',(#18943,#18944,#18945,#18946));
#18948=FACE_OUTER_BOUND('157217',#18947,.F.);
#18949=ADVANCED_FACE('157217',(#18948),#18942,.T.);
#18950=CARTESIAN_POINT('',(-8.9925E0,3.5E-1,-5.15E0));
#18951=DIRECTION('',(0.E0,-1.E0,0.E0));
#18952=DIRECTION('',(0.E0,0.E0,-1.E0));
#18953=AXIS2_PLACEMENT_3D('',#18950,#18951,#18952);
#18954=PLANE('157204',#18953);
#18955=ORIENTED_EDGE('157449',*,*,#9717,.T.);
#18957=ORIENTED_EDGE('157501',*,*,#18956,.T.);
#18959=ORIENTED_EDGE('157502',*,*,#18958,.F.);
#18961=ORIENTED_EDGE('157495',*,*,#18960,.T.);
#18963=ORIENTED_EDGE('157493',*,*,#18962,.F.);
#18964=ORIENTED_EDGE('157479',*,*,#18840,.T.);
#18965=EDGE_LOOP('157204',(#18955,#18957,#18959,#18961,#18963,#18964));
#18966=FACE_OUTER_BOUND('157204',#18965,.F.);
#18967=ADVANCED_FACE('157204',(#18966),#18954,.T.);
#18968=CARTESIAN_POINT('',(-8.735E0,1.35E0,-4.9E0));
#18969=DIRECTION('',(1.E0,0.E0,0.E0));
#18970=DIRECTION('',(0.E0,0.E0,1.E0));
#18971=AXIS2_PLACEMENT_3D('',#18968,#18969,#18970);
#18972=PLANE('157203',#18971);
#18973=ORIENTED_EDGE('157448',*,*,#9715,.T.);
#18975=ORIENTED_EDGE('157498',*,*,#18974,.T.);
#18977=ORIENTED_EDGE('157500',*,*,#18976,.F.);
#18978=ORIENTED_EDGE('157501',*,*,#18956,.F.);
#18979=EDGE_LOOP('157203',(#18973,#18975,#18977,#18978));
#18980=FACE_OUTER_BOUND('157203',#18979,.F.);
#18981=ADVANCED_FACE('157203',(#18980),#18972,.T.);
#18982=CARTESIAN_POINT('',(-8.9925E0,2.35E0,-5.15E0));
#18983=DIRECTION('',(0.E0,-1.E0,0.E0));
#18984=DIRECTION('',(0.E0,0.E0,1.E0));
#18985=AXIS2_PLACEMENT_3D('',#18982,#18983,#18984);
#18986=PLANE('157202',#18985);
#18987=ORIENTED_EDGE('157498',*,*,#18974,.F.);
#18988=ORIENTED_EDGE('157447',*,*,#9713,.F.);
#18989=ORIENTED_EDGE('157491',*,*,#18844,.F.);
#18991=ORIENTED_EDGE('157494',*,*,#18990,.T.);
#18993=ORIENTED_EDGE('157497',*,*,#18992,.F.);
#18995=ORIENTED_EDGE('157499',*,*,#18994,.T.);
#18996=EDGE_LOOP('157202',(#18987,#18988,#18989,#18991,#18993,#18995));
#18997=FACE_OUTER_BOUND('157202',#18996,.F.);
#18998=ADVANCED_FACE('157202',(#18997),#18986,.F.);
#18999=CARTESIAN_POINT('',(-9.225E0,1.35E0,-5.416666666667E0));
#19000=DIRECTION('',(9.578262852192E-1,0.E0,2.873478855728E-1));
#19001=DIRECTION('',(-2.873478855728E-1,0.E0,9.578262852192E-1));
#19002=AXIS2_PLACEMENT_3D('',#18999,#19000,#19001);
#19003=PLANE('157200',#19002);
#19005=ORIENTED_EDGE('157492',*,*,#19004,.F.);
#19006=ORIENTED_EDGE('157494',*,*,#18990,.F.);
#19007=ORIENTED_EDGE('157478',*,*,#18842,.F.);
#19008=ORIENTED_EDGE('157493',*,*,#18962,.T.);
#19009=EDGE_LOOP('157200',(#19005,#19006,#19007,#19008));
#19010=FACE_OUTER_BOUND('157200',#19009,.F.);
#19011=ADVANCED_FACE('157200',(#19010),#19003,.F.);
#19012=CARTESIAN_POINT('',(-9.05E0,1.35E0,-5.5E0));
#19013=DIRECTION('',(0.E0,0.E0,-1.E0));
#19014=DIRECTION('',(1.E0,0.E0,0.E0));
#19015=AXIS2_PLACEMENT_3D('',#19012,#19013,#19014);
#19016=PLANE('157201',#19015);
#19017=ORIENTED_EDGE('157492',*,*,#19004,.T.);
#19018=ORIENTED_EDGE('157495',*,*,#18960,.F.);
#19020=ORIENTED_EDGE('157496',*,*,#19019,.F.);
#19021=ORIENTED_EDGE('157497',*,*,#18992,.T.);
#19022=EDGE_LOOP('157201',(#19017,#19018,#19020,#19021));
#19023=FACE_OUTER_BOUND('157201',#19022,.F.);
#19024=ADVANCED_FACE('157201',(#19023),#19016,.T.);
#19025=CARTESIAN_POINT('',(-8.8175E0,1.35E0,-5.25E0));
#19026=DIRECTION('',(9.496286491001E-1,0.E0,-3.133774542119E-1));
#19027=DIRECTION('',(3.133774542119E-1,0.E0,9.496286491001E-1));
#19028=AXIS2_PLACEMENT_3D('',#19025,#19026,#19027);
#19029=PLANE('157205',#19028);
#19030=ORIENTED_EDGE('157500',*,*,#18976,.T.);
#19031=ORIENTED_EDGE('157499',*,*,#18994,.F.);
#19032=ORIENTED_EDGE('157496',*,*,#19019,.T.);
#19033=ORIENTED_EDGE('157502',*,*,#18958,.T.);
#19034=EDGE_LOOP('157205',(#19030,#19031,#19032,#19033));
#19035=FACE_OUTER_BOUND('157205',#19034,.F.);
#19036=ADVANCED_FACE('157205',(#19035),#19029,.T.);
#19037=CARTESIAN_POINT('',(-9.15E0,2.45E0,-2.4E0));
#19038=DIRECTION('',(0.E0,-1.E0,0.E0));
#19039=DIRECTION('',(1.E0,0.E0,0.E0));
#19040=AXIS2_PLACEMENT_3D('',#19037,#19038,#19039);
#19041=PLANE('157198',#19040);
#19042=ORIENTED_EDGE('157445',*,*,#9709,.F.);
#19044=ORIENTED_EDGE('157471',*,*,#19043,.F.);
#19045=ORIENTED_EDGE('157468',*,*,#11247,.F.);
#19047=ORIENTED_EDGE('157477',*,*,#19046,.T.);
#19048=ORIENTED_EDGE('157476',*,*,#18737,.T.);
#19049=ORIENTED_EDGE('157475',*,*,#18771,.T.);
#19050=ORIENTED_EDGE('157474',*,*,#18797,.T.);
#19051=ORIENTED_EDGE('157473',*,*,#18814,.F.);
#19052=ORIENTED_EDGE('157472',*,*,#18847,.T.);
#19053=EDGE_LOOP('157198',(#19042,#19044,#19045,#19047,#19048,#19049,#19050,
#19051,#19052));
#19054=FACE_OUTER_BOUND('157198',#19053,.F.);
#19056=ORIENTED_EDGE('158137',*,*,#19055,.F.);
#19058=ORIENTED_EDGE('158142',*,*,#19057,.F.);
#19060=ORIENTED_EDGE('157672',*,*,#19059,.F.);
#19062=ORIENTED_EDGE('158143',*,*,#19061,.T.);
#19063=EDGE_LOOP('157198',(#19056,#19058,#19060,#19062));
#19064=FACE_BOUND('157198',#19063,.F.);
#19065=ADVANCED_FACE('157198',(#19054,#19064),#19041,.F.);
#19066=CARTESIAN_POINT('',(-8.E0,2.575E0,-2.4E0));
#19067=DIRECTION('',(1.E0,0.E0,0.E0));
#19068=DIRECTION('',(0.E0,1.E0,0.E0));
#19069=AXIS2_PLACEMENT_3D('',#19066,#19067,#19068);
#19070=PLANE('157197',#19069);
#19071=ORIENTED_EDGE('157470',*,*,#11263,.F.);
#19072=ORIENTED_EDGE('157467',*,*,#11249,.F.);
#19073=ORIENTED_EDGE('157471',*,*,#19043,.T.);
#19074=ORIENTED_EDGE('157444',*,*,#9707,.F.);
#19075=EDGE_LOOP('157197',(#19071,#19072,#19073,#19074));
#19076=FACE_OUTER_BOUND('157197',#19075,.F.);
#19077=ADVANCED_FACE('157197',(#19076),#19070,.F.);
#19078=CARTESIAN_POINT('',(-8.5E0,2.125E0,-6.E-1));
#19079=DIRECTION('',(1.E0,0.E0,0.E0));
#19080=DIRECTION('',(0.E0,0.E0,-1.E0));
#19081=AXIS2_PLACEMENT_3D('',#19078,#19079,#19080);
#19082=PLANE('157225',#19081);
#19083=ORIENTED_EDGE('157477',*,*,#19046,.F.);
#19084=ORIENTED_EDGE('157469',*,*,#11245,.F.);
#19085=ORIENTED_EDGE('157466',*,*,#11226,.F.);
#19086=ORIENTED_EDGE('157465',*,*,#11211,.F.);
#19087=ORIENTED_EDGE('157464',*,*,#12311,.F.);
#19088=ORIENTED_EDGE('157521',*,*,#18739,.F.);
#19089=EDGE_LOOP('157225',(#19083,#19084,#19085,#19086,#19087,#19088));
#19090=FACE_OUTER_BOUND('157225',#19089,.F.);
#19091=ADVANCED_FACE('157225',(#19090),#19082,.F.);
#19092=CARTESIAN_POINT('',(-8.5E0,2.511259783734E0,-1.874460194195E0));
#19093=DIRECTION('',(0.E0,-9.422154260100E-1,-3.350075984045E-1));
#19094=DIRECTION('',(0.E0,-3.350075984045E-1,9.422154260100E-1));
#19095=AXIS2_PLACEMENT_3D('',#19092,#19093,#19094);
#19096=PLANE('158134',#19095);
#19098=ORIENTED_EDGE('158136',*,*,#19097,.F.);
#19100=ORIENTED_EDGE('158139',*,*,#19099,.F.);
#19102=ORIENTED_EDGE('158138',*,*,#19101,.F.);
#19103=ORIENTED_EDGE('158137',*,*,#19055,.T.);
#19104=EDGE_LOOP('158134',(#19098,#19100,#19102,#19103));
#19105=FACE_OUTER_BOUND('158134',#19104,.F.);
#19106=ADVANCED_FACE('158134',(#19105),#19096,.F.);
#19107=CARTESIAN_POINT('',(-8.7E0,1.299680919135E0,-3.674166394274E0));
#19108=DIRECTION('',(1.E0,0.E0,0.E0));
#19109=DIRECTION('',(0.E0,0.E0,-1.E0));
#19110=AXIS2_PLACEMENT_3D('',#19107,#19108,#19109);
#19111=PLANE('157299',#19110);
#19112=ORIENTED_EDGE('158136',*,*,#19097,.T.);
#19113=ORIENTED_EDGE('158143',*,*,#19061,.F.);
#19115=ORIENTED_EDGE('157680',*,*,#19114,.F.);
#19117=ORIENTED_EDGE('158141',*,*,#19116,.T.);
#19118=EDGE_LOOP('157299',(#19112,#19113,#19115,#19117));
#19119=FACE_OUTER_BOUND('157299',#19118,.F.);
#19120=ADVANCED_FACE('157299',(#19119),#19111,.F.);
#19121=CARTESIAN_POINT('',(-8.7E0,1.299680919135E0,-3.674166394274E0));
#19122=DIRECTION('',(1.E0,0.E0,0.E0));
#19123=DIRECTION('',(0.E0,0.E0,-1.E0));
#19124=AXIS2_PLACEMENT_3D('',#19121,#19122,#19123);
#19125=PLANE('157299',#19124);
#19127=ORIENTED_EDGE('158144',*,*,#19126,.T.);
#19129=ORIENTED_EDGE('158149',*,*,#19128,.T.);
#19131=ORIENTED_EDGE('157337',*,*,#19130,.T.);
#19133=ORIENTED_EDGE('157335',*,*,#19132,.F.);
#19135=ORIENTED_EDGE('157333',*,*,#19134,.F.);
#19137=ORIENTED_EDGE('157330',*,*,#19136,.F.);
#19139=ORIENTED_EDGE('157681',*,*,#19138,.F.);
#19140=ORIENTED_EDGE('157670',*,*,#9723,.F.);
#19141=ORIENTED_EDGE('157677',*,*,#11592,.T.);
#19143=ORIENTED_EDGE('158151',*,*,#19142,.F.);
#19144=EDGE_LOOP('157299',(#19127,#19129,#19131,#19133,#19135,#19137,#19139,
#19140,#19141,#19143));
#19145=FACE_OUTER_BOUND('157299',#19144,.F.);
#19146=ADVANCED_FACE('157299',(#19145),#19125,.F.);
#19147=CARTESIAN_POINT('',(-8.5E0,2.424764068712E0,-4.7E0));
#19148=DIRECTION('',(0.E0,0.E0,-1.E0));
#19149=DIRECTION('',(0.E0,1.E0,0.E0));
#19150=AXIS2_PLACEMENT_3D('',#19147,#19148,#19149);
#19151=PLANE('157297',#19150);
#19152=ORIENTED_EDGE('157672',*,*,#19059,.T.);
#19154=ORIENTED_EDGE('157678',*,*,#19153,.F.);
#19156=ORIENTED_EDGE('157341',*,*,#19155,.F.);
#19157=ORIENTED_EDGE('157680',*,*,#19114,.T.);
#19158=EDGE_LOOP('157297',(#19152,#19154,#19156,#19157));
#19159=FACE_OUTER_BOUND('157297',#19158,.F.);
#19160=ADVANCED_FACE('157297',(#19159),#19151,.T.);
#19161=CARTESIAN_POINT('',(-8.3E0,1.299680919135E0,-3.674166394274E0));
#19162=DIRECTION('',(1.E0,0.E0,0.E0));
#19163=DIRECTION('',(0.E0,0.E0,-1.E0));
#19164=AXIS2_PLACEMENT_3D('',#19161,#19162,#19163);
#19165=PLANE('157288',#19164);
#19166=ORIENTED_EDGE('158138',*,*,#19101,.T.);
#19168=ORIENTED_EDGE('158140',*,*,#19167,.F.);
#19169=ORIENTED_EDGE('157678',*,*,#19153,.T.);
#19170=ORIENTED_EDGE('158142',*,*,#19057,.T.);
#19171=EDGE_LOOP('157288',(#19166,#19168,#19169,#19170));
#19172=FACE_OUTER_BOUND('157288',#19171,.F.);
#19173=ADVANCED_FACE('157288',(#19172),#19165,.T.);
#19174=CARTESIAN_POINT('',(-8.3E0,1.299680919135E0,-3.674166394274E0));
#19175=DIRECTION('',(1.E0,0.E0,0.E0));
#19176=DIRECTION('',(0.E0,0.E0,-1.E0));
#19177=AXIS2_PLACEMENT_3D('',#19174,#19175,#19176);
#19178=PLANE('157288',#19177);
#19180=ORIENTED_EDGE('158146',*,*,#19179,.T.);
#19182=ORIENTED_EDGE('158150',*,*,#19181,.T.);
#19183=ORIENTED_EDGE('157675',*,*,#11588,.F.);
#19184=ORIENTED_EDGE('157668',*,*,#9727,.T.);
#19186=ORIENTED_EDGE('157679',*,*,#19185,.T.);
#19188=ORIENTED_EDGE('157323',*,*,#19187,.T.);
#19190=ORIENTED_EDGE('157324',*,*,#19189,.T.);
#19192=ORIENTED_EDGE('157325',*,*,#19191,.T.);
#19194=ORIENTED_EDGE('157326',*,*,#19193,.F.);
#19196=ORIENTED_EDGE('158148',*,*,#19195,.F.);
#19197=EDGE_LOOP('157288',(#19180,#19182,#19183,#19184,#19186,#19188,#19190,
#19192,#19194,#19196));
#19198=FACE_OUTER_BOUND('157288',#19197,.F.);
#19199=ADVANCED_FACE('157288',(#19198),#19178,.T.);
#19200=CARTESIAN_POINT('',(-8.5E0,2.584756585168E0,-3.199412213612E0));
#19201=DIRECTION('',(0.E0,-9.999499930504E-1,-1.000056991126E-2));
#19202=DIRECTION('',(0.E0,-1.000056991126E-2,9.999499930504E-1));
#19203=AXIS2_PLACEMENT_3D('',#19200,#19201,#19202);
#19204=PLANE('157296',#19203);
#19205=ORIENTED_EDGE('158139',*,*,#19099,.T.);
#19206=ORIENTED_EDGE('158141',*,*,#19116,.F.);
#19207=ORIENTED_EDGE('157341',*,*,#19155,.T.);
#19208=ORIENTED_EDGE('158140',*,*,#19167,.T.);
#19209=EDGE_LOOP('157296',(#19205,#19206,#19207,#19208));
#19210=FACE_OUTER_BOUND('157296',#19209,.F.);
#19211=ADVANCED_FACE('157296',(#19210),#19204,.F.);
#19212=CARTESIAN_POINT('',(-8.5E0,1.415489769244E-1,-1.873997564084E0));
#19213=DIRECTION('',(0.E0,9.362252332700E-1,-3.514005016909E-1));
#19214=DIRECTION('',(0.E0,-3.514005016909E-1,-9.362252332700E-1));
#19215=AXIS2_PLACEMENT_3D('',#19212,#19213,#19214);
#19216=PLANE('158135',#19215);
#19217=ORIENTED_EDGE('158144',*,*,#19126,.F.);
#19219=ORIENTED_EDGE('158147',*,*,#19218,.F.);
#19220=ORIENTED_EDGE('158146',*,*,#19179,.F.);
#19222=ORIENTED_EDGE('158145',*,*,#19221,.T.);
#19223=EDGE_LOOP('158135',(#19217,#19219,#19220,#19222));
#19224=FACE_OUTER_BOUND('158135',#19223,.F.);
#19225=ADVANCED_FACE('158135',(#19224),#19216,.F.);
#19226=CARTESIAN_POINT('',(-8.5E0,3.604309737026E-1,-1.701302938846E0));
#19227=DIRECTION('',(0.E0,-1.057649807062E-2,-9.999440672800E-1));
#19228=DIRECTION('',(0.E0,-9.999440672800E-1,1.057649807062E-2));
#19229=AXIS2_PLACEMENT_3D('',#19226,#19227,#19228);
#19230=PLANE('157294',#19229);
#19231=ORIENTED_EDGE('158147',*,*,#19218,.T.);
#19232=ORIENTED_EDGE('158151',*,*,#19142,.T.);
#19233=ORIENTED_EDGE('157676',*,*,#11590,.F.);
#19234=ORIENTED_EDGE('158150',*,*,#19181,.F.);
#19235=EDGE_LOOP('157294',(#19231,#19232,#19233,#19234));
#19236=FACE_OUTER_BOUND('157294',#19235,.F.);
#19237=ADVANCED_FACE('157294',(#19236),#19230,.F.);
#19238=CARTESIAN_POINT('',(-8.5E0,6.461124463301E-2,-3.199166394273E0));
#19239=DIRECTION('',(0.E0,-9.999499930504E-1,1.000056991126E-2));
#19240=DIRECTION('',(0.E0,-1.000056991126E-2,-9.999499930504E-1));
#19241=AXIS2_PLACEMENT_3D('',#19238,#19239,#19240);
#19242=PLANE('157293',#19241);
#19243=ORIENTED_EDGE('158145',*,*,#19221,.F.);
#19244=ORIENTED_EDGE('158148',*,*,#19195,.T.);
#19246=ORIENTED_EDGE('157336',*,*,#19245,.F.);
#19247=ORIENTED_EDGE('158149',*,*,#19128,.F.);
#19248=EDGE_LOOP('157293',(#19243,#19244,#19246,#19247));
#19249=FACE_OUTER_BOUND('157293',#19248,.F.);
#19250=ADVANCED_FACE('157293',(#19249),#19242,.T.);
#19251=CARTESIAN_POINT('',(-8.5E0,2.459953609504E-2,-5.175E0));
#19252=DIRECTION('',(0.E0,-9.986176343980E-1,5.256253674791E-2));
#19253=DIRECTION('',(0.E0,-5.256253674791E-2,-9.986176343980E-1));
#19254=AXIS2_PLACEMENT_3D('',#19251,#19252,#19253);
#19255=PLANE('157292',#19254);
#19256=ORIENTED_EDGE('157326',*,*,#19193,.T.);
#19258=ORIENTED_EDGE('157334',*,*,#19257,.F.);
#19259=ORIENTED_EDGE('157337',*,*,#19130,.F.);
#19260=ORIENTED_EDGE('157336',*,*,#19245,.T.);
#19261=EDGE_LOOP('157292',(#19256,#19258,#19259,#19260));
#19262=FACE_OUTER_BOUND('157292',#19261,.F.);
#19263=ADVANCED_FACE('157292',(#19262),#19255,.T.);
#19264=CARTESIAN_POINT('',(-8.5E0,1.495977695577E-1,-5.65E0));
#19265=DIRECTION('',(0.E0,0.E0,-1.E0));
#19266=DIRECTION('',(0.E0,1.E0,0.E0));
#19267=AXIS2_PLACEMENT_3D('',#19264,#19265,#19266);
#19268=PLANE('157291',#19267);
#19269=ORIENTED_EDGE('157325',*,*,#19191,.F.);
#19271=ORIENTED_EDGE('157332',*,*,#19270,.F.);
#19272=ORIENTED_EDGE('157335',*,*,#19132,.T.);
#19273=ORIENTED_EDGE('157334',*,*,#19257,.T.);
#19274=EDGE_LOOP('157291',(#19269,#19271,#19272,#19273));
#19275=FACE_OUTER_BOUND('157291',#19274,.F.);
#19276=ADVANCED_FACE('157291',(#19275),#19268,.T.);
#19277=CARTESIAN_POINT('',(-8.5E0,3.016809191348E-1,-5.575E0));
#19278=DIRECTION('',(0.E0,-9.996144886289E-1,2.776461999013E-2));
#19279=DIRECTION('',(0.E0,2.776461999013E-2,9.996144886289E-1));
#19280=AXIS2_PLACEMENT_3D('',#19277,#19278,#19279);
#19281=PLANE('157290',#19280);
#19282=ORIENTED_EDGE('157324',*,*,#19189,.F.);
#19284=ORIENTED_EDGE('157329',*,*,#19283,.F.);
#19285=ORIENTED_EDGE('157333',*,*,#19134,.T.);
#19286=ORIENTED_EDGE('157332',*,*,#19270,.T.);
#19287=EDGE_LOOP('157290',(#19282,#19284,#19285,#19286));
#19288=FACE_OUTER_BOUND('157290',#19287,.F.);
#19289=ADVANCED_FACE('157290',(#19288),#19281,.F.);
#19290=CARTESIAN_POINT('',(-8.5E0,1.276764068712E0,-5.5E0));
#19291=DIRECTION('',(0.E0,0.E0,-1.E0));
#19292=DIRECTION('',(0.E0,1.E0,0.E0));
#19293=AXIS2_PLACEMENT_3D('',#19290,#19291,#19292);
#19294=PLANE('157289',#19293);
#19295=ORIENTED_EDGE('157323',*,*,#19187,.F.);
#19297=ORIENTED_EDGE('157331',*,*,#19296,.T.);
#19298=ORIENTED_EDGE('157330',*,*,#19136,.T.);
#19299=ORIENTED_EDGE('157329',*,*,#19283,.T.);
#19300=EDGE_LOOP('157289',(#19295,#19297,#19298,#19299));
#19301=FACE_OUTER_BOUND('157289',#19300,.F.);
#19302=ADVANCED_FACE('157289',(#19301),#19294,.T.);
#19303=CARTESIAN_POINT('',(-8.5E0,2.249764068712E0,-5.1E0));
#19304=DIRECTION('',(0.E0,-1.E0,0.E0));
#19305=DIRECTION('',(0.E0,0.E0,1.E0));
#19306=AXIS2_PLACEMENT_3D('',#19303,#19304,#19305);
#19307=PLANE('157298',#19306);
#19308=ORIENTED_EDGE('157669',*,*,#9725,.T.);
#19309=ORIENTED_EDGE('157681',*,*,#19138,.T.);
#19310=ORIENTED_EDGE('157331',*,*,#19296,.F.);
#19311=ORIENTED_EDGE('157679',*,*,#19185,.F.);
#19312=EDGE_LOOP('157298',(#19308,#19309,#19310,#19311));
#19313=FACE_OUTER_BOUND('157298',#19312,.F.);
#19314=ADVANCED_FACE('157298',(#19313),#19307,.F.);
#19315=CARTESIAN_POINT('',(-1.07E1,2.100401565356E0,-1.224E0));
#19316=DIRECTION('',(0.E0,0.E0,-1.E0));
#19317=DIRECTION('',(-1.E0,0.E0,0.E0));
#19318=AXIS2_PLACEMENT_3D('',#19315,#19316,#19317);
#19319=CYLINDRICAL_SURFACE('157304',#19318,2.E-1);
#19320=ORIENTED_EDGE('157400',*,*,#11682,.F.);
#19322=ORIENTED_EDGE('157420',*,*,#19321,.F.);
#19323=ORIENTED_EDGE('157412',*,*,#11429,.T.);
#19324=ORIENTED_EDGE('157421',*,*,#18722,.F.);
#19325=EDGE_LOOP('157304',(#19320,#19322,#19323,#19324));
#19326=FACE_OUTER_BOUND('157304',#19325,.F.);
#19327=ADVANCED_FACE('157304',(#19326),#19319,.T.);
#19328=CARTESIAN_POINT('',(-1.09E1,1.225401565356E0,-6.E-1));
#19329=DIRECTION('',(1.E0,0.E0,0.E0));
#19330=DIRECTION('',(0.E0,0.E0,-1.E0));
#19331=AXIS2_PLACEMENT_3D('',#19328,#19329,#19330);
#19332=PLANE('157303',#19331);
#19333=ORIENTED_EDGE('157420',*,*,#19321,.T.);
#19334=ORIENTED_EDGE('157401',*,*,#11680,.T.);
#19336=ORIENTED_EDGE('157419',*,*,#19335,.T.);
#19337=ORIENTED_EDGE('157413',*,*,#11431,.T.);
#19338=EDGE_LOOP('157303',(#19333,#19334,#19336,#19337));
#19339=FACE_OUTER_BOUND('157303',#19338,.F.);
#19340=ADVANCED_FACE('157303',(#19339),#19332,.F.);
#19341=CARTESIAN_POINT('',(-1.07E1,3.504015653559E-1,2.399999999999E-2));
#19342=DIRECTION('',(0.E0,0.E0,1.E0));
#19343=DIRECTION('',(-1.E0,0.E0,0.E0));
#19344=AXIS2_PLACEMENT_3D('',#19341,#19342,#19343);
#19345=CYLINDRICAL_SURFACE('157302',#19344,2.E-1);
#19346=ORIENTED_EDGE('157414',*,*,#11433,.T.);
#19347=ORIENTED_EDGE('157419',*,*,#19335,.F.);
#19348=ORIENTED_EDGE('157402',*,*,#11678,.F.);
#19350=ORIENTED_EDGE('157418',*,*,#19349,.F.);
#19351=EDGE_LOOP('157302',(#19346,#19347,#19348,#19350));
#19352=FACE_OUTER_BOUND('157302',#19351,.F.);
#19353=ADVANCED_FACE('157302',(#19352),#19345,.T.);
#19354=CARTESIAN_POINT('',(-1.005E1,1.504015653559E-1,-6.E-1));
#19355=DIRECTION('',(0.E0,-1.E0,0.E0));
#19356=DIRECTION('',(1.E0,0.E0,0.E0));
#19357=AXIS2_PLACEMENT_3D('',#19354,#19355,#19356);
#19358=PLANE('157301',#19357);
#19359=ORIENTED_EDGE('157418',*,*,#19349,.T.);
#19360=ORIENTED_EDGE('157403',*,*,#11676,.F.);
#19362=ORIENTED_EDGE('157417',*,*,#19361,.T.);
#19363=ORIENTED_EDGE('157415',*,*,#11435,.F.);
#19364=EDGE_LOOP('157301',(#19359,#19360,#19362,#19363));
#19365=FACE_OUTER_BOUND('157301',#19364,.F.);
#19366=ADVANCED_FACE('157301',(#19365),#19358,.T.);
#19367=CARTESIAN_POINT('',(-9.4E0,1.004015653559E-1,-6.E-1));
#19368=DIRECTION('',(1.E0,0.E0,0.E0));
#19369=DIRECTION('',(0.E0,0.E0,1.E0));
#19370=AXIS2_PLACEMENT_3D('',#19367,#19368,#19369);
#19371=PLANE('157300',#19370);
#19372=ORIENTED_EDGE('157397',*,*,#11647,.F.);
#19373=ORIENTED_EDGE('157416',*,*,#11437,.F.);
#19374=ORIENTED_EDGE('157417',*,*,#19361,.F.);
#19375=ORIENTED_EDGE('157404',*,*,#11674,.F.);
#19376=EDGE_LOOP('157300',(#19372,#19373,#19374,#19375));
#19377=FACE_OUTER_BOUND('157300',#19376,.F.);
#19378=ADVANCED_FACE('157300',(#19377),#19371,.F.);
#19379=CARTESIAN_POINT('',(8.5E0,2.125E0,-6.E-1));
#19380=DIRECTION('',(1.E0,0.E0,0.E0));
#19381=DIRECTION('',(0.E0,0.E0,-1.E0));
#19382=AXIS2_PLACEMENT_3D('',#19379,#19380,#19381);
#19383=PLANE('144029',#19382);
#19384=ORIENTED_EDGE('145815',*,*,#11297,.T.);
#19386=ORIENTED_EDGE('145860',*,*,#19385,.T.);
#19387=ORIENTED_EDGE('145794',*,*,#12545,.T.);
#19388=ORIENTED_EDGE('145796',*,*,#11081,.T.);
#19389=ORIENTED_EDGE('145800',*,*,#11223,.T.);
#19390=ORIENTED_EDGE('145806',*,*,#11242,.T.);
#19391=EDGE_LOOP('144029',(#19384,#19386,#19387,#19388,#19389,#19390));
#19392=FACE_OUTER_BOUND('144029',#19391,.F.);
#19393=ADVANCED_FACE('144029',(#19392),#19383,.T.);
#19394=CARTESIAN_POINT('',(9.4E0,1.875E0,-1.2E0));
#19395=DIRECTION('',(0.E0,0.E0,1.E0));
#19396=DIRECTION('',(1.E0,0.E0,0.E0));
#19397=AXIS2_PLACEMENT_3D('',#19394,#19395,#19396);
#19398=PLANE('144028',#19397);
#19400=ORIENTED_EDGE('158408',*,*,#19399,.T.);
#19402=ORIENTED_EDGE('158411',*,*,#19401,.F.);
#19404=ORIENTED_EDGE('158420',*,*,#19403,.F.);
#19405=ORIENTED_EDGE('158416',*,*,#12264,.T.);
#19406=ORIENTED_EDGE('145859',*,*,#12296,.T.);
#19407=ORIENTED_EDGE('145793',*,*,#12547,.T.);
#19408=ORIENTED_EDGE('145860',*,*,#19385,.F.);
#19409=ORIENTED_EDGE('145814',*,*,#11295,.T.);
#19411=ORIENTED_EDGE('147817',*,*,#19410,.F.);
#19413=ORIENTED_EDGE('147631',*,*,#19412,.T.);
#19414=EDGE_LOOP('144028',(#19400,#19402,#19404,#19405,#19406,#19407,#19408,
#19409,#19411,#19413));
#19415=FACE_OUTER_BOUND('144028',#19414,.F.);
#19416=ADVANCED_FACE('144028',(#19415),#19398,.T.);
#19417=CARTESIAN_POINT('',(9.34E0,1.450401565356E0,-1.5E0));
#19418=DIRECTION('',(1.E0,0.E0,0.E0));
#19419=DIRECTION('',(0.E0,0.E0,1.E0));
#19420=AXIS2_PLACEMENT_3D('',#19417,#19418,#19419);
#19421=PLANE('144765',#19420);
#19422=ORIENTED_EDGE('158408',*,*,#19399,.F.);
#19424=ORIENTED_EDGE('146608',*,*,#19423,.F.);
#19426=ORIENTED_EDGE('145677',*,*,#19425,.F.);
#19428=ORIENTED_EDGE('158396',*,*,#19427,.F.);
#19429=EDGE_LOOP('144765',(#19422,#19424,#19426,#19428));
#19430=FACE_OUTER_BOUND('144765',#19429,.F.);
#19431=ADVANCED_FACE('144765',(#19430),#19421,.F.);
#19432=CARTESIAN_POINT('',(9.675E0,2.300401565356E0,-6.E-1));
#19433=DIRECTION('',(0.E0,1.E0,0.E0));
#19434=DIRECTION('',(1.E0,0.E0,0.E0));
#19435=AXIS2_PLACEMENT_3D('',#19432,#19433,#19434);
#19436=PLANE('144761',#19435);
#19437=ORIENTED_EDGE('146607',*,*,#11478,.F.);
#19439=ORIENTED_EDGE('145673',*,*,#19438,.F.);
#19440=ORIENTED_EDGE('145633',*,*,#11661,.F.);
#19442=ORIENTED_EDGE('145674',*,*,#19441,.T.);
#19444=ORIENTED_EDGE('145675',*,*,#19443,.T.);
#19445=ORIENTED_EDGE('146608',*,*,#19423,.T.);
#19446=ORIENTED_EDGE('147631',*,*,#19412,.F.);
#19447=EDGE_LOOP('144761',(#19437,#19439,#19440,#19442,#19444,#19445,#19446));
#19448=FACE_OUTER_BOUND('144761',#19447,.F.);
#19449=ADVANCED_FACE('144761',(#19448),#19436,.T.);
#19450=CARTESIAN_POINT('',(1.07E1,2.100401565356E0,-1.224E0));
#19451=DIRECTION('',(0.E0,0.E0,1.E0));
#19452=DIRECTION('',(1.E0,0.E0,0.E0));
#19453=AXIS2_PLACEMENT_3D('',#19450,#19451,#19452);
#19454=CYLINDRICAL_SURFACE('144760',#19453,2.E-1);
#19455=ORIENTED_EDGE('145634',*,*,#11663,.T.);
#19456=ORIENTED_EDGE('145673',*,*,#19438,.T.);
#19457=ORIENTED_EDGE('145664',*,*,#11476,.F.);
#19459=ORIENTED_EDGE('145672',*,*,#19458,.T.);
#19460=EDGE_LOOP('144760',(#19455,#19456,#19457,#19459));
#19461=FACE_OUTER_BOUND('144760',#19460,.F.);
#19462=ADVANCED_FACE('144760',(#19461),#19454,.T.);
#19463=CARTESIAN_POINT('',(1.09E1,1.225401565356E0,-6.E-1));
#19464=DIRECTION('',(1.E0,0.E0,0.E0));
#19465=DIRECTION('',(0.E0,0.E0,-1.E0));
#19466=AXIS2_PLACEMENT_3D('',#19463,#19464,#19465);
#19467=PLANE('144759',#19466);
#19468=ORIENTED_EDGE('145672',*,*,#19458,.F.);
#19469=ORIENTED_EDGE('145665',*,*,#11474,.F.);
#19471=ORIENTED_EDGE('145671',*,*,#19470,.F.);
#19472=ORIENTED_EDGE('145635',*,*,#11665,.F.);
#19473=EDGE_LOOP('144759',(#19468,#19469,#19471,#19472));
#19474=FACE_OUTER_BOUND('144759',#19473,.F.);
#19475=ADVANCED_FACE('144759',(#19474),#19467,.T.);
#19476=CARTESIAN_POINT('',(1.07E1,3.504015653559E-1,2.399999999999E-2));
#19477=DIRECTION('',(0.E0,0.E0,-1.E0));
#19478=DIRECTION('',(1.E0,0.E0,0.E0));
#19479=AXIS2_PLACEMENT_3D('',#19476,#19477,#19478);
#19480=CYLINDRICAL_SURFACE('144758',#19479,2.E-1);
#19481=ORIENTED_EDGE('145666',*,*,#11472,.F.);
#19483=ORIENTED_EDGE('145670',*,*,#19482,.T.);
#19484=ORIENTED_EDGE('145636',*,*,#11667,.T.);
#19485=ORIENTED_EDGE('145671',*,*,#19470,.T.);
#19486=EDGE_LOOP('144758',(#19481,#19483,#19484,#19485));
#19487=FACE_OUTER_BOUND('144758',#19486,.F.);
#19488=ADVANCED_FACE('144758',(#19487),#19480,.T.);
#19489=CARTESIAN_POINT('',(1.005E1,1.504015653559E-1,-6.E-1));
#19490=DIRECTION('',(0.E0,1.E0,0.E0));
#19491=DIRECTION('',(-1.E0,0.E0,0.E0));
#19492=AXIS2_PLACEMENT_3D('',#19489,#19490,#19491);
#19493=PLANE('144757',#19492);
#19494=ORIENTED_EDGE('145670',*,*,#19482,.F.);
#19495=ORIENTED_EDGE('145667',*,*,#11470,.T.);
#19497=ORIENTED_EDGE('145669',*,*,#19496,.F.);
#19498=ORIENTED_EDGE('145637',*,*,#11669,.T.);
#19499=EDGE_LOOP('144757',(#19494,#19495,#19497,#19498));
#19500=FACE_OUTER_BOUND('144757',#19499,.F.);
#19501=ADVANCED_FACE('144757',(#19500),#19493,.F.);
#19502=CARTESIAN_POINT('',(9.4E0,1.004015653559E-1,-6.E-1));
#19503=DIRECTION('',(1.E0,0.E0,0.E0));
#19504=DIRECTION('',(0.E0,0.E0,1.E0));
#19505=AXIS2_PLACEMENT_3D('',#19502,#19503,#19504);
#19506=PLANE('144756',#19505);
#19507=ORIENTED_EDGE('145630',*,*,#11642,.T.);
#19508=ORIENTED_EDGE('145638',*,*,#11671,.T.);
#19509=ORIENTED_EDGE('145669',*,*,#19496,.T.);
#19510=ORIENTED_EDGE('145668',*,*,#11468,.T.);
#19511=EDGE_LOOP('144756',(#19507,#19508,#19509,#19510));
#19512=FACE_OUTER_BOUND('144756',#19511,.F.);
#19513=ADVANCED_FACE('144756',(#19512),#19506,.T.);
#19514=CARTESIAN_POINT('',(8.65E0,1.800401565356E0,-5.5E-1));
#19515=DIRECTION('',(1.E0,0.E0,0.E0));
#19516=DIRECTION('',(0.E0,-1.E0,0.E0));
#19517=AXIS2_PLACEMENT_3D('',#19514,#19515,#19516);
#19518=PLANE('144762',#19517);
#19519=ORIENTED_EDGE('145674',*,*,#19441,.F.);
#19520=ORIENTED_EDGE('145632',*,*,#11659,.F.);
#19521=ORIENTED_EDGE('145649',*,*,#11710,.F.);
#19523=ORIENTED_EDGE('145676',*,*,#19522,.T.);
#19524=EDGE_LOOP('144762',(#19519,#19520,#19521,#19523));
#19525=FACE_OUTER_BOUND('144762',#19524,.F.);
#19526=ADVANCED_FACE('144762',(#19525),#19518,.F.);
#19527=CARTESIAN_POINT('',(8.774530240915E0,1.450401565356E0,-1.1E0));
#19528=DIRECTION('',(0.E0,0.E0,1.E0));
#19529=DIRECTION('',(1.E0,0.E0,0.E0));
#19530=AXIS2_PLACEMENT_3D('',#19527,#19528,#19529);
#19531=PLANE('144763',#19530);
#19532=ORIENTED_EDGE('145676',*,*,#19522,.F.);
#19533=ORIENTED_EDGE('145648',*,*,#11708,.F.);
#19534=ORIENTED_EDGE('145679',*,*,#12235,.F.);
#19536=ORIENTED_EDGE('145678',*,*,#19535,.F.);
#19537=ORIENTED_EDGE('145677',*,*,#19425,.T.);
#19538=ORIENTED_EDGE('145675',*,*,#19443,.F.);
#19539=EDGE_LOOP('144763',(#19532,#19533,#19534,#19536,#19537,#19538));
#19540=FACE_OUTER_BOUND('144763',#19539,.F.);
#19541=ADVANCED_FACE('144763',(#19540),#19531,.F.);
#19542=CARTESIAN_POINT('',(9.575E0,6.E-1,-2.925E0));
#19543=DIRECTION('',(0.E0,1.E0,0.E0));
#19544=DIRECTION('',(-1.E0,0.E0,0.E0));
#19545=AXIS2_PLACEMENT_3D('',#19542,#19543,#19544);
#19546=PLANE('144014',#19545);
#19547=ORIENTED_EDGE('158404',*,*,#11411,.F.);
#19549=ORIENTED_EDGE('147812',*,*,#19548,.F.);
#19551=ORIENTED_EDGE('147808',*,*,#19550,.T.);
#19552=ORIENTED_EDGE('158394',*,*,#11458,.T.);
#19553=EDGE_LOOP('144014',(#19547,#19549,#19551,#19552));
#19554=FACE_OUTER_BOUND('144014',#19553,.F.);
#19555=ADVANCED_FACE('144014',(#19554),#19546,.T.);
#19556=CARTESIAN_POINT('',(9.575E0,6.E-1,-2.925E0));
#19557=DIRECTION('',(0.E0,1.E0,0.E0));
#19558=DIRECTION('',(-1.E0,0.E0,0.E0));
#19559=AXIS2_PLACEMENT_3D('',#19556,#19557,#19558);
#19560=PLANE('144014',#19559);
#19561=ORIENTED_EDGE('158396',*,*,#19427,.T.);
#19562=ORIENTED_EDGE('145678',*,*,#19535,.T.);
#19563=ORIENTED_EDGE('145680',*,*,#12233,.F.);
#19564=ORIENTED_EDGE('158417',*,*,#11496,.T.);
#19565=ORIENTED_EDGE('158411',*,*,#19401,.T.);
#19566=EDGE_LOOP('144014',(#19561,#19562,#19563,#19564,#19565));
#19567=FACE_OUTER_BOUND('144014',#19566,.F.);
#19568=ADVANCED_FACE('144014',(#19567),#19560,.T.);
#19569=CARTESIAN_POINT('',(9.975E0,4.25E-1,-4.325E0));
#19570=DIRECTION('',(7.071067811865E-1,0.E0,-7.071067811865E-1));
#19571=DIRECTION('',(-7.071067811865E-1,0.E0,-7.071067811865E-1));
#19572=AXIS2_PLACEMENT_3D('',#19569,#19570,#19571);
#19573=PLANE('144022',#19572);
#19575=ORIENTED_EDGE('147628',*,*,#19574,.T.);
#19577=ORIENTED_EDGE('147815',*,*,#19576,.T.);
#19579=ORIENTED_EDGE('145842',*,*,#19578,.F.);
#19581=ORIENTED_EDGE('145845',*,*,#19580,.T.);
#19582=ORIENTED_EDGE('147812',*,*,#19548,.T.);
#19583=EDGE_LOOP('144022',(#19575,#19577,#19579,#19581,#19582));
#19584=FACE_OUTER_BOUND('144022',#19583,.F.);
#19585=ADVANCED_FACE('144022',(#19584),#19573,.T.);
#19586=CARTESIAN_POINT('',(9.725E0,6.004015653559E-1,-3.925E0));
#19587=DIRECTION('',(0.E0,1.E0,0.E0));
#19588=DIRECTION('',(0.E0,0.E0,1.E0));
#19589=AXIS2_PLACEMENT_3D('',#19586,#19587,#19588);
#19590=PLANE('144773',#19589);
#19591=ORIENTED_EDGE('147608',*,*,#11334,.T.);
#19593=ORIENTED_EDGE('147627',*,*,#19592,.F.);
#19594=ORIENTED_EDGE('147628',*,*,#19574,.F.);
#19595=ORIENTED_EDGE('147767',*,*,#11409,.F.);
#19597=ORIENTED_EDGE('147769',*,*,#19596,.F.);
#19598=EDGE_LOOP('144773',(#19591,#19593,#19594,#19595,#19597));
#19599=FACE_OUTER_BOUND('144773',#19598,.F.);
#19600=ADVANCED_FACE('144773',(#19599),#19590,.F.);
#19601=CARTESIAN_POINT('',(9.45E0,4.25E-1,-4.65E0));
#19602=DIRECTION('',(0.E0,0.E0,1.E0));
#19603=DIRECTION('',(-1.E0,0.E0,0.E0));
#19604=AXIS2_PLACEMENT_3D('',#19601,#19602,#19603);
#19605=PLANE('144021',#19604);
#19606=ORIENTED_EDGE('147627',*,*,#19592,.T.);
#19607=ORIENTED_EDGE('147802',*,*,#11332,.F.);
#19609=ORIENTED_EDGE('145841',*,*,#19608,.F.);
#19610=ORIENTED_EDGE('147815',*,*,#19576,.F.);
#19611=EDGE_LOOP('144021',(#19606,#19607,#19609,#19610));
#19612=FACE_OUTER_BOUND('144021',#19611,.F.);
#19613=ADVANCED_FACE('144021',(#19612),#19605,.F.);
#19614=CARTESIAN_POINT('',(9.15E0,2.5E-1,-3.E0));
#19615=DIRECTION('',(0.E0,1.E0,0.E0));
#19616=DIRECTION('',(1.E0,0.E0,0.E0));
#19617=AXIS2_PLACEMENT_3D('',#19614,#19615,#19616);
#19618=PLANE('144009',#19617);
#19619=ORIENTED_EDGE('147612',*,*,#11462,.T.);
#19621=ORIENTED_EDGE('147806',*,*,#19620,.F.);
#19622=ORIENTED_EDGE('145842',*,*,#19578,.T.);
#19623=ORIENTED_EDGE('145841',*,*,#19608,.T.);
#19624=ORIENTED_EDGE('145818',*,*,#11330,.F.);
#19625=ORIENTED_EDGE('146471',*,*,#9689,.F.);
#19627=ORIENTED_EDGE('147533',*,*,#19626,.T.);
#19629=ORIENTED_EDGE('147532',*,*,#19628,.F.);
#19631=ORIENTED_EDGE('147531',*,*,#19630,.F.);
#19632=ORIENTED_EDGE('146470',*,*,#9681,.F.);
#19634=ORIENTED_EDGE('147807',*,*,#19633,.F.);
#19635=EDGE_LOOP('144009',(#19619,#19621,#19622,#19623,#19624,#19625,#19627,
#19629,#19631,#19632,#19634));
#19636=FACE_OUTER_BOUND('144009',#19635,.F.);
#19637=ADVANCED_FACE('144009',(#19636),#19618,.F.);
#19638=CARTESIAN_POINT('',(1.03E1,4.25E-1,-2.6E0));
#19639=DIRECTION('',(1.E0,0.E0,0.E0));
#19640=DIRECTION('',(0.E0,0.E0,-1.E0));
#19641=AXIS2_PLACEMENT_3D('',#19638,#19639,#19640);
#19642=PLANE('144013',#19641);
#19643=ORIENTED_EDGE('147615',*,*,#11460,.T.);
#19644=ORIENTED_EDGE('147808',*,*,#19550,.F.);
#19645=ORIENTED_EDGE('145845',*,*,#19580,.F.);
#19646=ORIENTED_EDGE('147806',*,*,#19620,.T.);
#19647=EDGE_LOOP('144013',(#19643,#19644,#19645,#19646));
#19648=FACE_OUTER_BOUND('144013',#19647,.F.);
#19649=ADVANCED_FACE('144013',(#19648),#19642,.T.);
#19650=CARTESIAN_POINT('',(8.7E0,1.299680919135E0,-3.674166394274E0));
#19651=DIRECTION('',(1.E0,0.E0,0.E0));
#19652=DIRECTION('',(0.E0,0.E0,-1.E0));
#19653=AXIS2_PLACEMENT_3D('',#19650,#19651,#19652);
#19654=PLANE('144738',#19653);
#19656=ORIENTED_EDGE('158084',*,*,#19655,.F.);
#19658=ORIENTED_EDGE('158095',*,*,#19657,.F.);
#19660=ORIENTED_EDGE('147536',*,*,#19659,.T.);
#19661=ORIENTED_EDGE('158097',*,*,#11305,.T.);
#19662=EDGE_LOOP('144738',(#19656,#19658,#19660,#19661));
#19663=FACE_OUTER_BOUND('144738',#19662,.F.);
#19664=ADVANCED_FACE('144738',(#19663),#19654,.T.);
#19665=CARTESIAN_POINT('',(8.7E0,1.299680919135E0,-3.674166394274E0));
#19666=DIRECTION('',(1.E0,0.E0,0.E0));
#19667=DIRECTION('',(0.E0,0.E0,-1.E0));
#19668=AXIS2_PLACEMENT_3D('',#19665,#19666,#19667);
#19669=PLANE('144738',#19668);
#19671=ORIENTED_EDGE('158100',*,*,#19670,.F.);
#19673=ORIENTED_EDGE('158113',*,*,#19672,.T.);
#19674=ORIENTED_EDGE('147533',*,*,#19626,.F.);
#19675=ORIENTED_EDGE('147526',*,*,#9687,.T.);
#19677=ORIENTED_EDGE('147537',*,*,#19676,.T.);
#19679=ORIENTED_EDGE('144832',*,*,#19678,.T.);
#19681=ORIENTED_EDGE('144835',*,*,#19680,.T.);
#19683=ORIENTED_EDGE('144837',*,*,#19682,.T.);
#19685=ORIENTED_EDGE('144839',*,*,#19684,.F.);
#19687=ORIENTED_EDGE('158111',*,*,#19686,.F.);
#19688=EDGE_LOOP('144738',(#19671,#19673,#19674,#19675,#19677,#19679,#19681,
#19683,#19685,#19687));
#19689=FACE_OUTER_BOUND('144738',#19688,.F.);
#19690=ADVANCED_FACE('144738',(#19689),#19669,.T.);
#19691=CARTESIAN_POINT('',(8.5E0,2.511259783734E0,-1.874460194195E0));
#19692=DIRECTION('',(0.E0,9.422154260100E-1,3.350075984045E-1));
#19693=DIRECTION('',(0.E0,-3.350075984045E-1,9.422154260100E-1));
#19694=AXIS2_PLACEMENT_3D('',#19691,#19692,#19693);
#19695=PLANE('158080',#19694);
#19696=ORIENTED_EDGE('158084',*,*,#19655,.T.);
#19697=ORIENTED_EDGE('158085',*,*,#11303,.F.);
#19699=ORIENTED_EDGE('158086',*,*,#19698,.T.);
#19701=ORIENTED_EDGE('158087',*,*,#19700,.T.);
#19702=EDGE_LOOP('158080',(#19696,#19697,#19699,#19701));
#19703=FACE_OUTER_BOUND('158080',#19702,.F.);
#19704=ADVANCED_FACE('158080',(#19703),#19695,.T.);
#19705=CARTESIAN_POINT('',(8.3E0,1.299680919135E0,-3.674166394274E0));
#19706=DIRECTION('',(1.E0,0.E0,0.E0));
#19707=DIRECTION('',(0.E0,0.E0,-1.E0));
#19708=AXIS2_PLACEMENT_3D('',#19705,#19706,#19707);
#19709=PLANE('144727',#19708);
#19710=ORIENTED_EDGE('158086',*,*,#19698,.F.);
#19711=ORIENTED_EDGE('158096',*,*,#11309,.F.);
#19713=ORIENTED_EDGE('147534',*,*,#19712,.F.);
#19715=ORIENTED_EDGE('158094',*,*,#19714,.T.);
#19716=EDGE_LOOP('144727',(#19710,#19711,#19713,#19715));
#19717=FACE_OUTER_BOUND('144727',#19716,.F.);
#19718=ADVANCED_FACE('144727',(#19717),#19709,.F.);
#19719=CARTESIAN_POINT('',(8.3E0,1.299680919135E0,-3.674166394274E0));
#19720=DIRECTION('',(1.E0,0.E0,0.E0));
#19721=DIRECTION('',(0.E0,0.E0,-1.E0));
#19722=AXIS2_PLACEMENT_3D('',#19719,#19720,#19721);
#19723=PLANE('144727',#19722);
#19725=ORIENTED_EDGE('158102',*,*,#19724,.F.);
#19727=ORIENTED_EDGE('158110',*,*,#19726,.T.);
#19729=ORIENTED_EDGE('144828',*,*,#19728,.T.);
#19731=ORIENTED_EDGE('144827',*,*,#19730,.F.);
#19733=ORIENTED_EDGE('144826',*,*,#19732,.F.);
#19735=ORIENTED_EDGE('144825',*,*,#19734,.F.);
#19737=ORIENTED_EDGE('147535',*,*,#19736,.F.);
#19738=ORIENTED_EDGE('147524',*,*,#9683,.F.);
#19739=ORIENTED_EDGE('147531',*,*,#19630,.T.);
#19741=ORIENTED_EDGE('158112',*,*,#19740,.F.);
#19742=EDGE_LOOP('144727',(#19725,#19727,#19729,#19731,#19733,#19735,#19737,
#19738,#19739,#19741));
#19743=FACE_OUTER_BOUND('144727',#19742,.F.);
#19744=ADVANCED_FACE('144727',(#19743),#19723,.F.);
#19745=CARTESIAN_POINT('',(8.5E0,2.424764068712E0,-4.7E0));
#19746=DIRECTION('',(0.E0,0.E0,1.E0));
#19747=DIRECTION('',(0.E0,1.E0,0.E0));
#19748=AXIS2_PLACEMENT_3D('',#19745,#19746,#19747);
#19749=PLANE('144736',#19748);
#19750=ORIENTED_EDGE('147528',*,*,#11307,.F.);
#19751=ORIENTED_EDGE('147536',*,*,#19659,.F.);
#19753=ORIENTED_EDGE('144843',*,*,#19752,.T.);
#19754=ORIENTED_EDGE('147534',*,*,#19712,.T.);
#19755=EDGE_LOOP('144736',(#19750,#19751,#19753,#19754));
#19756=FACE_OUTER_BOUND('144736',#19755,.F.);
#19757=ADVANCED_FACE('144736',(#19756),#19749,.F.);
#19758=CARTESIAN_POINT('',(8.5E0,2.584756585168E0,-3.199412213612E0));
#19759=DIRECTION('',(0.E0,9.999499930504E-1,1.000056991126E-2));
#19760=DIRECTION('',(0.E0,-1.000056991126E-2,9.999499930504E-1));
#19761=AXIS2_PLACEMENT_3D('',#19758,#19759,#19760);
#19762=PLANE('144735',#19761);
#19763=ORIENTED_EDGE('158087',*,*,#19700,.F.);
#19764=ORIENTED_EDGE('158094',*,*,#19714,.F.);
#19765=ORIENTED_EDGE('144843',*,*,#19752,.F.);
#19766=ORIENTED_EDGE('158095',*,*,#19657,.T.);
#19767=EDGE_LOOP('144735',(#19763,#19764,#19765,#19766));
#19768=FACE_OUTER_BOUND('144735',#19767,.F.);
#19769=ADVANCED_FACE('144735',(#19768),#19762,.T.);
#19770=CARTESIAN_POINT('',(8.5E0,1.415489769244E-1,-1.873997564084E0));
#19771=DIRECTION('',(0.E0,-9.362252332700E-1,3.514005016909E-1));
#19772=DIRECTION('',(0.E0,-3.514005016909E-1,-9.362252332700E-1));
#19773=AXIS2_PLACEMENT_3D('',#19770,#19771,#19772);
#19774=PLANE('158082',#19773);
#19775=ORIENTED_EDGE('158100',*,*,#19670,.T.);
#19777=ORIENTED_EDGE('158101',*,*,#19776,.F.);
#19778=ORIENTED_EDGE('158102',*,*,#19724,.T.);
#19780=ORIENTED_EDGE('158103',*,*,#19779,.T.);
#19781=EDGE_LOOP('158082',(#19775,#19777,#19778,#19780));
#19782=FACE_OUTER_BOUND('158082',#19781,.F.);
#19783=ADVANCED_FACE('158082',(#19782),#19774,.T.);
#19784=CARTESIAN_POINT('',(8.5E0,6.461124463301E-2,-3.199166394273E0));
#19785=DIRECTION('',(0.E0,9.999499930504E-1,-1.000056991126E-2));
#19786=DIRECTION('',(0.E0,-1.000056991126E-2,-9.999499930504E-1));
#19787=AXIS2_PLACEMENT_3D('',#19784,#19785,#19786);
#19788=PLANE('144732',#19787);
#19789=ORIENTED_EDGE('158101',*,*,#19776,.T.);
#19790=ORIENTED_EDGE('158111',*,*,#19686,.T.);
#19792=ORIENTED_EDGE('144838',*,*,#19791,.T.);
#19793=ORIENTED_EDGE('158110',*,*,#19726,.F.);
#19794=EDGE_LOOP('144732',(#19789,#19790,#19792,#19793));
#19795=FACE_OUTER_BOUND('144732',#19794,.F.);
#19796=ADVANCED_FACE('144732',(#19795),#19788,.F.);
#19797=CARTESIAN_POINT('',(8.5E0,2.459953609504E-2,-5.175E0));
#19798=DIRECTION('',(0.E0,9.986176343980E-1,-5.256253674791E-2));
#19799=DIRECTION('',(0.E0,-5.256253674791E-2,-9.986176343980E-1));
#19800=AXIS2_PLACEMENT_3D('',#19797,#19798,#19799);
#19801=PLANE('144731',#19800);
#19802=ORIENTED_EDGE('144828',*,*,#19728,.F.);
#19803=ORIENTED_EDGE('144838',*,*,#19791,.F.);
#19804=ORIENTED_EDGE('144839',*,*,#19684,.T.);
#19806=ORIENTED_EDGE('144836',*,*,#19805,.T.);
#19807=EDGE_LOOP('144731',(#19802,#19803,#19804,#19806));
#19808=FACE_OUTER_BOUND('144731',#19807,.F.);
#19809=ADVANCED_FACE('144731',(#19808),#19801,.F.);
#19810=CARTESIAN_POINT('',(8.5E0,1.495977695577E-1,-5.65E0));
#19811=DIRECTION('',(0.E0,0.E0,1.E0));
#19812=DIRECTION('',(0.E0,1.E0,0.E0));
#19813=AXIS2_PLACEMENT_3D('',#19810,#19811,#19812);
#19814=PLANE('144730',#19813);
#19815=ORIENTED_EDGE('144827',*,*,#19730,.T.);
#19816=ORIENTED_EDGE('144836',*,*,#19805,.F.);
#19817=ORIENTED_EDGE('144837',*,*,#19682,.F.);
#19819=ORIENTED_EDGE('144834',*,*,#19818,.T.);
#19820=EDGE_LOOP('144730',(#19815,#19816,#19817,#19819));
#19821=FACE_OUTER_BOUND('144730',#19820,.F.);
#19822=ADVANCED_FACE('144730',(#19821),#19814,.F.);
#19823=CARTESIAN_POINT('',(8.5E0,3.016809191348E-1,-5.575E0));
#19824=DIRECTION('',(0.E0,9.996144886289E-1,-2.776461999013E-2));
#19825=DIRECTION('',(0.E0,2.776461999013E-2,9.996144886289E-1));
#19826=AXIS2_PLACEMENT_3D('',#19823,#19824,#19825);
#19827=PLANE('144729',#19826);
#19828=ORIENTED_EDGE('144826',*,*,#19732,.T.);
#19829=ORIENTED_EDGE('144834',*,*,#19818,.F.);
#19830=ORIENTED_EDGE('144835',*,*,#19680,.F.);
#19832=ORIENTED_EDGE('144831',*,*,#19831,.T.);
#19833=EDGE_LOOP('144729',(#19828,#19829,#19830,#19832));
#19834=FACE_OUTER_BOUND('144729',#19833,.F.);
#19835=ADVANCED_FACE('144729',(#19834),#19827,.T.);
#19836=CARTESIAN_POINT('',(8.5E0,1.276764068712E0,-5.5E0));
#19837=DIRECTION('',(0.E0,0.E0,1.E0));
#19838=DIRECTION('',(0.E0,1.E0,0.E0));
#19839=AXIS2_PLACEMENT_3D('',#19836,#19837,#19838);
#19840=PLANE('144728',#19839);
#19841=ORIENTED_EDGE('144825',*,*,#19734,.T.);
#19842=ORIENTED_EDGE('144831',*,*,#19831,.F.);
#19843=ORIENTED_EDGE('144832',*,*,#19678,.F.);
#19845=ORIENTED_EDGE('144833',*,*,#19844,.F.);
#19846=EDGE_LOOP('144728',(#19841,#19842,#19843,#19845));
#19847=FACE_OUTER_BOUND('144728',#19846,.F.);
#19848=ADVANCED_FACE('144728',(#19847),#19840,.F.);
#19849=CARTESIAN_POINT('',(8.5E0,2.249764068712E0,-5.1E0));
#19850=DIRECTION('',(0.E0,1.E0,0.E0));
#19851=DIRECTION('',(0.E0,0.E0,1.E0));
#19852=AXIS2_PLACEMENT_3D('',#19849,#19850,#19851);
#19853=PLANE('144737',#19852);
#19854=ORIENTED_EDGE('147525',*,*,#9685,.F.);
#19855=ORIENTED_EDGE('147535',*,*,#19736,.T.);
#19856=ORIENTED_EDGE('144833',*,*,#19844,.T.);
#19857=ORIENTED_EDGE('147537',*,*,#19676,.F.);
#19858=EDGE_LOOP('144737',(#19854,#19855,#19856,#19857));
#19859=FACE_OUTER_BOUND('144737',#19858,.F.);
#19860=ADVANCED_FACE('144737',(#19859),#19853,.T.);
#19861=CARTESIAN_POINT('',(8.5E0,3.604309737026E-1,-1.701302938846E0));
#19862=DIRECTION('',(0.E0,1.057649807062E-2,9.999440672800E-1));
#19863=DIRECTION('',(0.E0,-9.999440672800E-1,1.057649807062E-2));
#19864=AXIS2_PLACEMENT_3D('',#19861,#19862,#19863);
#19865=PLANE('144733',#19864);
#19866=ORIENTED_EDGE('158103',*,*,#19779,.F.);
#19867=ORIENTED_EDGE('158112',*,*,#19740,.T.);
#19868=ORIENTED_EDGE('147532',*,*,#19628,.T.);
#19869=ORIENTED_EDGE('158113',*,*,#19672,.F.);
#19870=EDGE_LOOP('144733',(#19866,#19867,#19868,#19869));
#19871=FACE_OUTER_BOUND('144733',#19870,.F.);
#19872=ADVANCED_FACE('144733',(#19871),#19865,.T.);
#19873=CARTESIAN_POINT('',(8.E0,1.25E-1,-3.E0));
#19874=DIRECTION('',(1.E0,0.E0,0.E0));
#19875=DIRECTION('',(0.E0,1.E0,0.E0));
#19876=AXIS2_PLACEMENT_3D('',#19873,#19874,#19875);
#19877=PLANE('144010',#19876);
#19878=ORIENTED_EDGE('147613',*,*,#11464,.F.);
#19879=ORIENTED_EDGE('147807',*,*,#19633,.T.);
#19880=ORIENTED_EDGE('145743',*,*,#9679,.T.);
#19882=ORIENTED_EDGE('145843',*,*,#19881,.T.);
#19883=ORIENTED_EDGE('147791',*,*,#11627,.T.);
#19884=EDGE_LOOP('144010',(#19878,#19879,#19880,#19882,#19883));
#19885=FACE_OUTER_BOUND('144010',#19884,.F.);
#19886=ADVANCED_FACE('144010',(#19885),#19877,.T.);
#19887=CARTESIAN_POINT('',(-7.E0,0.E0,-3.E0));
#19888=DIRECTION('',(0.E0,1.E0,0.E0));
#19889=DIRECTION('',(1.E0,0.E0,0.E0));
#19890=AXIS2_PLACEMENT_3D('',#19887,#19888,#19889);
#19891=PLANE('144011',#19890);
#19892=ORIENTED_EDGE('157803',*,*,#11629,.F.);
#19893=ORIENTED_EDGE('145843',*,*,#19881,.F.);
#19894=ORIENTED_EDGE('157804',*,*,#9677,.F.);
#19895=ORIENTED_EDGE('157505',*,*,#11613,.T.);
#19896=EDGE_LOOP('144011',(#19892,#19893,#19894,#19895));
#19897=FACE_OUTER_BOUND('144011',#19896,.F.);
#19898=ADVANCED_FACE('144011',(#19897),#19891,.F.);
#19899=CARTESIAN_POINT('',(9.725E0,7.095926356357E-1,-5.15E0));
#19900=DIRECTION('',(0.E0,9.396926207859E-1,3.420201433257E-1));
#19901=DIRECTION('',(0.E0,-3.420201433257E-1,9.396926207859E-1));
#19902=AXIS2_PLACEMENT_3D('',#19899,#19900,#19901);
#19903=PLANE('144768',#19902);
#19904=ORIENTED_EDGE('147607',*,*,#11336,.T.);
#19905=ORIENTED_EDGE('147769',*,*,#19596,.T.);
#19906=ORIENTED_EDGE('145687',*,*,#11407,.T.);
#19908=ORIENTED_EDGE('145692',*,*,#19907,.T.);
#19910=ORIENTED_EDGE('147770',*,*,#19909,.T.);
#19911=EDGE_LOOP('144768',(#19904,#19905,#19906,#19908,#19910));
#19912=FACE_OUTER_BOUND('144768',#19911,.F.);
#19913=ADVANCED_FACE('144768',(#19912),#19903,.F.);
#19914=CARTESIAN_POINT('',(9.869337567300E0,1.228857480410E0,-5.45E0));
#19915=DIRECTION('',(0.E0,0.E0,1.E0));
#19916=DIRECTION('',(-1.E0,0.E0,0.E0));
#19917=AXIS2_PLACEMENT_3D('',#19914,#19915,#19916);
#19918=PLANE('144769',#19917);
#19919=ORIENTED_EDGE('145692',*,*,#19907,.F.);
#19920=ORIENTED_EDGE('145691',*,*,#11405,.F.);
#19921=ORIENTED_EDGE('145694',*,*,#11370,.F.);
#19923=ORIENTED_EDGE('145693',*,*,#19922,.T.);
#19924=EDGE_LOOP('144769',(#19919,#19920,#19921,#19923));
#19925=FACE_OUTER_BOUND('144769',#19924,.F.);
#19926=ADVANCED_FACE('144769',(#19925),#19918,.F.);
#19927=CARTESIAN_POINT('',(9.394337567295E0,1.181946667020E0,-5.2E0));
#19928=DIRECTION('',(8.660254037880E-1,0.E0,4.999999999939E-1));
#19929=DIRECTION('',(-4.999999999939E-1,0.E0,8.660254037880E-1));
#19930=AXIS2_PLACEMENT_3D('',#19927,#19928,#19929);
#19931=PLANE('144771',#19930);
#19932=ORIENTED_EDGE('146610',*,*,#11368,.T.);
#19933=ORIENTED_EDGE('147610',*,*,#11338,.T.);
#19934=ORIENTED_EDGE('147770',*,*,#19909,.F.);
#19935=ORIENTED_EDGE('145693',*,*,#19922,.F.);
#19936=EDGE_LOOP('144771',(#19932,#19933,#19934,#19935));
#19937=FACE_OUTER_BOUND('144771',#19936,.F.);
#19938=ADVANCED_FACE('144771',(#19937),#19931,.F.);
#19939=CARTESIAN_POINT('',(8.75E0,2.45E0,-4.65E0));
#19940=DIRECTION('',(-1.E0,0.E0,0.E0));
#19941=DIRECTION('',(0.E0,0.E0,1.E0));
#19942=AXIS2_PLACEMENT_3D('',#19939,#19940,#19941);
#19943=PLANE('158380',#19942);
#19944=ORIENTED_EDGE('158409',*,*,#12184,.F.);
#19945=ORIENTED_EDGE('158410',*,*,#12133,.T.);
#19946=ORIENTED_EDGE('158412',*,*,#12248,.T.);
#19947=ORIENTED_EDGE('158413',*,*,#12266,.F.);
#19948=ORIENTED_EDGE('158420',*,*,#19403,.T.);
#19949=ORIENTED_EDGE('158414',*,*,#11494,.T.);
#19950=EDGE_LOOP('158380',(#19944,#19945,#19946,#19947,#19948,#19949));
#19951=FACE_OUTER_BOUND('158380',#19950,.F.);
#19952=ADVANCED_FACE('158380',(#19951),#19943,.T.);
#19953=CARTESIAN_POINT('',(1.03E1,2.275E0,-2.6E0));
#19954=DIRECTION('',(1.E0,0.E0,0.E0));
#19955=DIRECTION('',(0.E0,0.E0,-1.E0));
#19956=AXIS2_PLACEMENT_3D('',#19953,#19954,#19955);
#19957=PLANE('144030',#19956);
#19958=ORIENTED_EDGE('147633',*,*,#11480,.T.);
#19959=ORIENTED_EDGE('147817',*,*,#19410,.T.);
#19960=ORIENTED_EDGE('145813',*,*,#11293,.T.);
#19961=ORIENTED_EDGE('145863',*,*,#11388,.F.);
#19963=ORIENTED_EDGE('147819',*,*,#19962,.T.);
#19964=EDGE_LOOP('144030',(#19958,#19959,#19960,#19961,#19963));
#19965=FACE_OUTER_BOUND('144030',#19964,.F.);
#19966=ADVANCED_FACE('144030',(#19965),#19957,.T.);
#19967=CARTESIAN_POINT('',(9.575E0,2.1E0,-2.925E0));
#19968=DIRECTION('',(0.E0,1.E0,0.E0));
#19969=DIRECTION('',(1.E0,0.E0,0.E0));
#19970=AXIS2_PLACEMENT_3D('',#19967,#19968,#19969);
#19971=PLANE('144032',#19970);
#19972=ORIENTED_EDGE('158382',*,*,#11401,.F.);
#19973=ORIENTED_EDGE('158395',*,*,#11482,.T.);
#19974=ORIENTED_EDGE('147819',*,*,#19962,.F.);
#19975=ORIENTED_EDGE('158390',*,*,#11386,.T.);
#19976=EDGE_LOOP('144032',(#19972,#19973,#19974,#19975));
#19977=FACE_OUTER_BOUND('144032',#19976,.F.);
#19978=ADVANCED_FACE('144032',(#19977),#19971,.F.);
#19979=CARTESIAN_POINT('',(8.9925E0,2.35E0,-5.15E0));
#19980=DIRECTION('',(0.E0,1.E0,0.E0));
#19981=DIRECTION('',(0.E0,0.E0,1.E0));
#19982=AXIS2_PLACEMENT_3D('',#19979,#19980,#19981);
#19983=PLANE('144005',#19982);
#19985=ORIENTED_EDGE('145836',*,*,#19984,.T.);
#19987=ORIENTED_EDGE('145837',*,*,#19986,.F.);
#19989=ORIENTED_EDGE('145835',*,*,#19988,.T.);
#19991=ORIENTED_EDGE('145832',*,*,#19990,.F.);
#19992=ORIENTED_EDGE('145829',*,*,#11323,.T.);
#19993=ORIENTED_EDGE('145739',*,*,#9697,.T.);
#19994=EDGE_LOOP('144005',(#19985,#19987,#19989,#19991,#19992,#19993));
#19995=FACE_OUTER_BOUND('144005',#19994,.F.);
#19996=ADVANCED_FACE('144005',(#19995),#19983,.T.);
#19997=CARTESIAN_POINT('',(8.735E0,1.35E0,-4.9E0));
#19998=DIRECTION('',(1.E0,0.E0,0.E0));
#19999=DIRECTION('',(0.E0,0.E0,1.E0));
#20000=AXIS2_PLACEMENT_3D('',#19997,#19998,#19999);
#20001=PLANE('144006',#20000);
#20002=ORIENTED_EDGE('145740',*,*,#9695,.F.);
#20004=ORIENTED_EDGE('145839',*,*,#20003,.T.);
#20006=ORIENTED_EDGE('145838',*,*,#20005,.T.);
#20007=ORIENTED_EDGE('145836',*,*,#19984,.F.);
#20008=EDGE_LOOP('144006',(#20002,#20004,#20006,#20007));
#20009=FACE_OUTER_BOUND('144006',#20008,.F.);
#20010=ADVANCED_FACE('144006',(#20009),#20001,.F.);
#20011=CARTESIAN_POINT('',(8.9925E0,3.5E-1,-5.15E0));
#20012=DIRECTION('',(0.E0,1.E0,0.E0));
#20013=DIRECTION('',(0.E0,0.E0,-1.E0));
#20014=AXIS2_PLACEMENT_3D('',#20011,#20012,#20013);
#20015=PLANE('144007',#20014);
#20016=ORIENTED_EDGE('145741',*,*,#9693,.F.);
#20017=ORIENTED_EDGE('145817',*,*,#11327,.F.);
#20019=ORIENTED_EDGE('145831',*,*,#20018,.T.);
#20021=ORIENTED_EDGE('145833',*,*,#20020,.F.);
#20023=ORIENTED_EDGE('145840',*,*,#20022,.T.);
#20024=ORIENTED_EDGE('145839',*,*,#20003,.F.);
#20025=EDGE_LOOP('144007',(#20016,#20017,#20019,#20021,#20023,#20024));
#20026=FACE_OUTER_BOUND('144007',#20025,.F.);
#20027=ADVANCED_FACE('144007',(#20026),#20015,.F.);
#20028=CARTESIAN_POINT('',(9.225E0,1.35E0,-5.416666666667E0));
#20029=DIRECTION('',(9.578262852192E-1,0.E0,-2.873478855728E-1));
#20030=DIRECTION('',(2.873478855728E-1,0.E0,9.578262852192E-1));
#20031=AXIS2_PLACEMENT_3D('',#20028,#20029,#20030);
#20032=PLANE('144003',#20031);
#20034=ORIENTED_EDGE('145830',*,*,#20033,.T.);
#20035=ORIENTED_EDGE('145831',*,*,#20018,.F.);
#20036=ORIENTED_EDGE('145816',*,*,#11325,.T.);
#20037=ORIENTED_EDGE('145832',*,*,#19990,.T.);
#20038=EDGE_LOOP('144003',(#20034,#20035,#20036,#20037));
#20039=FACE_OUTER_BOUND('144003',#20038,.F.);
#20040=ADVANCED_FACE('144003',(#20039),#20032,.T.);
#20041=CARTESIAN_POINT('',(9.05E0,1.35E0,-5.5E0));
#20042=DIRECTION('',(0.E0,0.E0,1.E0));
#20043=DIRECTION('',(-1.E0,0.E0,0.E0));
#20044=AXIS2_PLACEMENT_3D('',#20041,#20042,#20043);
#20045=PLANE('144004',#20044);
#20046=ORIENTED_EDGE('145830',*,*,#20033,.F.);
#20047=ORIENTED_EDGE('145835',*,*,#19988,.F.);
#20049=ORIENTED_EDGE('145834',*,*,#20048,.T.);
#20050=ORIENTED_EDGE('145833',*,*,#20020,.T.);
#20051=EDGE_LOOP('144004',(#20046,#20047,#20049,#20050));
#20052=FACE_OUTER_BOUND('144004',#20051,.F.);
#20053=ADVANCED_FACE('144004',(#20052),#20045,.F.);
#20054=CARTESIAN_POINT('',(8.8175E0,1.35E0,-5.25E0));
#20055=DIRECTION('',(9.496286491001E-1,0.E0,3.133774542119E-1));
#20056=DIRECTION('',(-3.133774542119E-1,0.E0,9.496286491001E-1));
#20057=AXIS2_PLACEMENT_3D('',#20054,#20055,#20056);
#20058=PLANE('144008',#20057);
#20059=ORIENTED_EDGE('145838',*,*,#20005,.F.);
#20060=ORIENTED_EDGE('145840',*,*,#20022,.F.);
#20061=ORIENTED_EDGE('145834',*,*,#20048,.F.);
#20062=ORIENTED_EDGE('145837',*,*,#19986,.T.);
#20063=EDGE_LOOP('144008',(#20059,#20060,#20061,#20062));
#20064=FACE_OUTER_BOUND('144008',#20063,.F.);
#20065=ADVANCED_FACE('144008',(#20064),#20058,.F.);
#20066=CLOSED_SHELL('',(#9745,#9956,#9971,#10181,#10194,#10207,#10220,#10233,
#10246,#10279,#10292,#10305,#10318,#10331,#10344,#10377,#10390,#10403,#10416,
#10429,#10442,#10475,#10488,#10501,#10514,#10527,#10540,#10573,#10586,#10599,
#10612,#10625,#10638,#10671,#10684,#10697,#10710,#10723,#10736,#10769,#10782,
#10795,#10808,#10821,#10834,#10867,#10880,#10893,#10906,#10919,#10932,#10965,
#10978,#10990,#11012,#11042,#11058,#11073,#11215,#11230,#11253,#11267,#11280,
#11313,#11344,#11358,#11376,#11393,#11415,#11451,#11486,#11510,#11533,#11547,
#11564,#11578,#11604,#11619,#11634,#11651,#11690,#11729,#11871,#11887,#11902,
#11917,#11932,#11947,#11962,#11977,#11992,#12007,#12022,#12037,#12052,#12067,
#12082,#12097,#12112,#12127,#12143,#12157,#12175,#12191,#12206,#12220,#12239,
#12254,#12271,#12287,#12301,#12322,#12337,#12352,#12367,#12382,#12397,#12412,
#12427,#12442,#12457,#12472,#12487,#12502,#12517,#12532,#12551,#12565,#12580,
#12595,#12835,#12849,#12863,#12876,#12891,#12921,#12934,#12947,#12960,#12973,
#12986,#12999,#13012,#13024,#13037,#13049,#13062,#13074,#13093,#13123,#13136,
#13150,#13168,#13198,#13211,#13224,#13237,#13249,#13262,#13275,#13288,#13301,
#13314,#13327,#13339,#13352,#13364,#13377,#13389,#13408,#13438,#13451,#13465,
#13483,#13513,#13526,#13539,#13552,#13564,#13577,#13590,#13603,#13616,#13629,
#13642,#13654,#13667,#13679,#13692,#13704,#13723,#13753,#13766,#13780,#13798,
#13828,#13841,#13854,#13867,#13879,#13892,#13905,#13918,#13931,#13944,#13957,
#13969,#13982,#13994,#14007,#14019,#14038,#14068,#14081,#14095,#14113,#14143,
#14156,#14169,#14182,#14194,#14207,#14220,#14233,#14246,#14259,#14272,#14284,
#14297,#14309,#14322,#14334,#14353,#14383,#14396,#14410,#14428,#14458,#14471,
#14484,#14497,#14509,#14522,#14535,#14548,#14561,#14574,#14587,#14599,#14612,
#14624,#14637,#14649,#14668,#14698,#14711,#14725,#14743,#14773,#14786,#14799,
#14812,#14824,#14837,#14850,#14863,#14876,#14889,#14902,#14914,#14927,#14939,
#14952,#14964,#14983,#15013,#15026,#15040,#15058,#15088,#15101,#15114,#15127,
#15139,#15152,#15165,#15178,#15191,#15204,#15217,#15229,#15242,#15254,#15267,
#15279,#15291,#15310,#15342,#15355,#15369,#15383,#15397,#15410,#15425,#15457,
#15470,#15484,#15513,#15526,#15538,#15551,#15564,#15577,#15590,#15603,#15636,
#15649,#15662,#15675,#15688,#15701,#15734,#15747,#15760,#15773,#15786,#15799,
#15832,#15845,#15858,#15871,#15884,#15897,#15930,#15943,#15956,#15969,#15982,
#15995,#16028,#16041,#16054,#16067,#16080,#16093,#16126,#16139,#16152,#16165,
#16178,#16191,#16224,#16237,#16250,#16263,#16276,#16288,#16307,#16337,#16350,
#16364,#16378,#16392,#16405,#16420,#16450,#16463,#16476,#16489,#16502,#16515,
#16528,#16541,#16553,#16566,#16579,#16591,#16603,#16622,#16652,#16665,#16679,
#16693,#16707,#16720,#16735,#16765,#16778,#16791,#16804,#16817,#16830,#16843,
#16856,#16868,#16881,#16894,#16906,#16918,#16937,#16967,#16980,#16994,#17008,
#17022,#17035,#17050,#17080,#17093,#17106,#17119,#17132,#17145,#17158,#17171,
#17183,#17196,#17209,#17221,#17233,#17252,#17282,#17295,#17309,#17323,#17337,
#17350,#17365,#17395,#17408,#17421,#17434,#17447,#17460,#17473,#17486,#17498,
#17511,#17524,#17536,#17548,#17567,#17597,#17610,#17624,#17638,#17652,#17665,
#17680,#17710,#17723,#17736,#17749,#17762,#17775,#17788,#17801,#17813,#17826,
#17839,#17851,#17863,#17882,#17912,#17925,#17939,#17953,#17967,#17980,#17995,
#18025,#18038,#18051,#18064,#18077,#18090,#18103,#18116,#18128,#18141,#18154,
#18166,#18178,#18197,#18227,#18240,#18254,#18268,#18282,#18295,#18310,#18340,
#18353,#18366,#18379,#18392,#18405,#18418,#18431,#18443,#18456,#18469,#18481,
#18493,#18506,#18519,#18532,#18545,#18558,#18570,#18583,#18595,#18608,#18620,
#18632,#18647,#18661,#18678,#18695,#18708,#18726,#18748,#18760,#18776,#18789,
#18806,#18821,#18851,#18867,#18881,#18896,#18908,#18923,#18937,#18949,#18967,
#18981,#18998,#19011,#19024,#19036,#19065,#19077,#19091,#19106,#19120,#19146,
#19160,#19173,#19199,#19211,#19225,#19237,#19250,#19263,#19276,#19289,#19302,
#19314,#19327,#19340,#19353,#19366,#19378,#19393,#19416,#19431,#19449,#19462,
#19475,#19488,#19501,#19513,#19526,#19541,#19555,#19568,#19585,#19600,#19613,
#19637,#19649,#19664,#19690,#19704,#19718,#19744,#19757,#19769,#19783,#19796,
#19809,#19822,#19835,#19848,#19860,#19872,#19886,#19898,#19913,#19926,#19938,
#19952,#19966,#19978,#19996,#20010,#20027,#20040,#20053,#20065));
#20067=MANIFOLD_SOLID_BREP('',#20066);
#20068=(LENGTH_UNIT()NAMED_UNIT(*)SI_UNIT(.MILLI.,.METRE.));
#20069=DIMENSIONAL_EXPONENTS(0.E0,0.E0,0.E0,0.E0,0.E0,0.E0,0.E0);
#20070=(NAMED_UNIT(*)PLANE_ANGLE_UNIT()SI_UNIT($,.RADIAN.));
#20071=PLANE_ANGLE_MEASURE_WITH_UNIT(PLANE_ANGLE_MEASURE(1.745329251994E-2),
#20070);
#20072=(CONVERSION_BASED_UNIT('DEGREE',#20071)NAMED_UNIT(#20069)PLANE_ANGLE_UNIT());
#20073=(NAMED_UNIT(*)SI_UNIT($,.STERADIAN.)SOLID_ANGLE_UNIT());
#20074=UNCERTAINTY_MEASURE_WITH_UNIT(LENGTH_MEASURE(3.838679631986E-3),#20068,
'closure',
'Maximum model space distance between geometric entities at asserted connectivities');
#20075=(GEOMETRIC_REPRESENTATION_CONTEXT(3)GLOBAL_UNCERTAINTY_ASSIGNED_CONTEXT((
#20074))GLOBAL_UNIT_ASSIGNED_CONTEXT((#20068,#20072,#20073))REPRESENTATION_CONTEXT('ID1','3'));
#20077=APPLICATION_CONTEXT(
'CONFIGURATION CONTROLLED 3D DESIGNS OF MECHANICAL PARTS AND ASSEMBLIES');
#20078=APPLICATION_PROTOCOL_DEFINITION('international standard',
'config_control_design',1994,#20077);
#20079=DESIGN_CONTEXT('',#20077,'design');
#20080=MECHANICAL_CONTEXT('',#20077,'mechanical');
#20081=PRODUCT('SFW_R-2ST_LF','SFW_R-2ST_LF','NOT SPECIFIED',(#20080));
#20082=PRODUCT_DEFINITION_FORMATION_WITH_SPECIFIED_SOURCE('','LAST_VERSION',
#20081,.MADE.);
#20086=PRODUCT_CATEGORY('part','');
#20087=PRODUCT_RELATED_PRODUCT_CATEGORY('detail','',(#20081));
#20088=PRODUCT_CATEGORY_RELATIONSHIP('','',#20086,#20087);
#20089=SECURITY_CLASSIFICATION_LEVEL('unclassified');
#20090=SECURITY_CLASSIFICATION('','',#20089);
#20091=CC_DESIGN_SECURITY_CLASSIFICATION(#20090,(#20082));
#20092=APPROVAL_STATUS('approved');
#20093=APPROVAL(#20092,'');
#20094=CC_DESIGN_APPROVAL(#20093,(#20090,#20082,#20083));
#20095=CALENDAR_DATE(109,10,6);
#20096=COORDINATED_UNIVERSAL_TIME_OFFSET(8,0,.AHEAD.);
#20097=LOCAL_TIME(15,5,2.7E1,#20096);
#20098=DATE_AND_TIME(#20095,#20097);
#20099=APPROVAL_DATE_TIME(#20098,#20093);
#20100=DATE_TIME_ROLE('creation_date');
#20101=CC_DESIGN_DATE_AND_TIME_ASSIGNMENT(#20098,#20100,(#20083));
#20102=DATE_TIME_ROLE('classification_date');
#20103=CC_DESIGN_DATE_AND_TIME_ASSIGNMENT(#20098,#20102,(#20090));
#20104=PERSON('UNSPECIFIED','UNSPECIFIED',$,$,$,$);
#20105=ORGANIZATION('UNSPECIFIED','UNSPECIFIED','UNSPECIFIED');
#20106=PERSON_AND_ORGANIZATION(#20104,#20105);
#20107=APPROVAL_ROLE('approver');
#20108=APPROVAL_PERSON_ORGANIZATION(#20106,#20093,#20107);
#20109=PERSON_AND_ORGANIZATION_ROLE('creator');
#20110=CC_DESIGN_PERSON_AND_ORGANIZATION_ASSIGNMENT(#20106,#20109,(#20082,
#20083));
#20111=PERSON_AND_ORGANIZATION_ROLE('design_supplier');
#20112=CC_DESIGN_PERSON_AND_ORGANIZATION_ASSIGNMENT(#20106,#20111,(#20082));
#20113=PERSON_AND_ORGANIZATION_ROLE('classification_officer');
#20114=CC_DESIGN_PERSON_AND_ORGANIZATION_ASSIGNMENT(#20106,#20113,(#20090));
#20115=PERSON_AND_ORGANIZATION_ROLE('design_owner');
#20116=CC_DESIGN_PERSON_AND_ORGANIZATION_ASSIGNMENT(#20106,#20115,(#20081));
#1412=B_SPLINE_CURVE_WITH_KNOTS('158085',3,(#1406,#1407,#1408,#1409,#1410,
#1411),.UNSPECIFIED.,.F.,.F.,(4,1,1,4),(0.E0,3.333333333333E-1,
6.666666666667E-1,1.E0),.UNSPECIFIED.);
#1509=CIRCLE('157412',#1508,2.E-1);
#1514=CIRCLE('157414',#1513,2.E-1);
#1527=CIRCLE('145666',#1526,2.E-1);
#1532=CIRCLE('145664',#1531,2.E-1);
#1661=CIRCLE('145634',#1660,2.E-1);
#1666=CIRCLE('145636',#1665,2.E-1);
#1671=CIRCLE('157402',#1670,2.E-1);
#1676=CIRCLE('157400',#1675,2.E-1);
#6297=B_SPLINE_CURVE_WITH_KNOTS('158463',3,(#6293,#6294,#6295,#6296),
.UNSPECIFIED.,.F.,.F.,(4,4),(0.E0,1.E0),.UNSPECIFIED.);
#6536=B_SPLINE_CURVE_WITH_KNOTS('158137',3,(#6530,#6531,#6532,#6533,#6534,
#6535),.UNSPECIFIED.,.F.,.F.,(4,1,1,4),(0.E0,3.333333333333E-1,
6.666666666667E-1,1.E0),.UNSPECIFIED.);
#6617=B_SPLINE_CURVE_WITH_KNOTS('157333',3,(#6613,#6614,#6615,#6616),
.UNSPECIFIED.,.F.,.F.,(4,4),(0.E0,1.E0),.UNSPECIFIED.);
#6818=B_SPLINE_CURVE_WITH_KNOTS('158396',3,(#6814,#6815,#6816,#6817),
.UNSPECIFIED.,.F.,.F.,(4,4),(0.E0,1.E0),.UNSPECIFIED.);
#7031=B_SPLINE_CURVE_WITH_KNOTS('144835',3,(#7027,#7028,#7029,#7030),
.UNSPECIFIED.,.F.,.F.,(4,4),(0.E0,1.E0),.UNSPECIFIED.);
#9677=EDGE_CURVE('157804',#9311,#7719,#7151,.T.);
#9679=EDGE_CURVE('145743',#7718,#7719,#7135,.T.);
#9681=EDGE_CURVE('146470',#7718,#7981,#6990,.T.);
#9683=EDGE_CURVE('147524',#7981,#8313,#5,.T.);
#9685=EDGE_CURVE('147525',#8313,#8315,#9,.T.);
#9687=EDGE_CURVE('147526',#7983,#8315,#13,.T.);
#9689=EDGE_CURVE('146471',#7983,#7715,#6974,.T.);
#9691=EDGE_CURVE('145742',#7713,#7715,#1436,.T.);
#9693=EDGE_CURVE('145741',#7713,#7711,#7231,.T.);
#9695=EDGE_CURVE('145740',#7711,#7709,#7223,.T.);
#9697=EDGE_CURVE('145739',#7707,#7709,#7219,.T.);
#9699=EDGE_CURVE('145738',#7705,#7707,#1432,.T.);
#9701=EDGE_CURVE('145737',#7703,#7705,#1393,.T.);
#9703=EDGE_CURVE('145736',#7702,#7703,#1385,.T.);
#9705=EDGE_CURVE('152147',#8421,#7702,#1373,.T.);
#9707=EDGE_CURVE('157444',#8421,#9295,#6560,.T.);
#9709=EDGE_CURVE('157445',#9295,#9297,#6517,.T.);
#9711=EDGE_CURVE('157446',#9297,#9299,#6377,.T.);
#9713=EDGE_CURVE('157447',#9299,#9301,#6481,.T.);
#9715=EDGE_CURVE('157448',#9303,#9301,#6473,.T.);
#9717=EDGE_CURVE('157449',#9305,#9303,#6449,.T.);
#9719=EDGE_CURVE('157450',#9305,#9307,#6373,.T.);
#9721=EDGE_CURVE('157587',#9421,#9307,#1624,.T.);
#9723=EDGE_CURVE('157670',#9421,#9513,#17,.T.);
#9725=EDGE_CURVE('157669',#9511,#9513,#21,.T.);
#9727=EDGE_CURVE('157668',#9419,#9511,#25,.T.);
#9729=EDGE_CURVE('157586',#9310,#9419,#1608,.T.);
#9731=EDGE_CURVE('157451',#9310,#9311,#1644,.T.);
#9735=EDGE_CURVE('152149',#7723,#8425,#129,.T.);
#9737=EDGE_CURVE('145747',#7722,#7723,#381,.T.);
#9739=EDGE_CURVE('152148',#8423,#7722,#241,.T.);
#9741=EDGE_CURVE('157452',#8423,#8425,#4868,.T.);
#9751=EDGE_CURVE('158756',#8800,#7915,#237,.T.);
#9753=EDGE_CURVE('146285',#7914,#7915,#29,.T.);
#9755=EDGE_CURVE('146286',#7881,#7914,#1061,.T.);
#9757=EDGE_CURVE('146106',#7881,#7883,#33,.T.);
#9759=EDGE_CURVE('146287',#7883,#7917,#1009,.T.);
#9761=EDGE_CURVE('146288',#7919,#7917,#37,.T.);
#9763=EDGE_CURVE('146289',#7919,#7921,#993,.T.);
#9765=EDGE_CURVE('146290',#7923,#7921,#41,.T.);
#9767=EDGE_CURVE('146291',#7885,#7923,#977,.T.);
#9769=EDGE_CURVE('146109',#7885,#7887,#45,.T.);
#9771=EDGE_CURVE('146292',#7887,#7925,#925,.T.);
#9773=EDGE_CURVE('146293',#7927,#7925,#49,.T.);
#9775=EDGE_CURVE('146294',#7927,#7929,#909,.T.);
#9777=EDGE_CURVE('146295',#7931,#7929,#53,.T.);
#9779=EDGE_CURVE('146296',#7889,#7931,#893,.T.);
#9781=EDGE_CURVE('146112',#7889,#7891,#57,.T.);
#9783=EDGE_CURVE('146297',#7891,#7933,#841,.T.);
#9785=EDGE_CURVE('146298',#7935,#7933,#61,.T.);
#9787=EDGE_CURVE('146299',#7935,#7937,#825,.T.);
#9789=EDGE_CURVE('146300',#7939,#7937,#65,.T.);
#9791=EDGE_CURVE('146301',#7893,#7939,#809,.T.);
#9793=EDGE_CURVE('146115',#7893,#7895,#69,.T.);
#9795=EDGE_CURVE('146302',#7895,#7941,#757,.T.);
#9797=EDGE_CURVE('146303',#7943,#7941,#73,.T.);
#9799=EDGE_CURVE('146304',#7943,#7945,#741,.T.);
#9801=EDGE_CURVE('146305',#7947,#7945,#77,.T.);
#9803=EDGE_CURVE('146306',#7897,#7947,#725,.T.);
#9805=EDGE_CURVE('146118',#7897,#7899,#81,.T.);
#9807=EDGE_CURVE('146307',#7899,#7949,#673,.T.);
#9809=EDGE_CURVE('146308',#7951,#7949,#85,.T.);
#9811=EDGE_CURVE('146309',#7951,#7953,#657,.T.);
#9813=EDGE_CURVE('146310',#7955,#7953,#89,.T.);
#9815=EDGE_CURVE('146311',#7901,#7955,#641,.T.);
#9817=EDGE_CURVE('146121',#7901,#7903,#93,.T.);
#9819=EDGE_CURVE('146312',#7903,#7957,#589,.T.);
#9821=EDGE_CURVE('146313',#7959,#7957,#97,.T.);
#9823=EDGE_CURVE('146314',#7959,#7961,#573,.T.);
#9825=EDGE_CURVE('146315',#7963,#7961,#101,.T.);
#9827=EDGE_CURVE('146316',#7905,#7963,#557,.T.);
#9829=EDGE_CURVE('146124',#7905,#7907,#105,.T.);
#9831=EDGE_CURVE('146317',#7907,#7965,#505,.T.);
#9833=EDGE_CURVE('146318',#7967,#7965,#109,.T.);
#9835=EDGE_CURVE('146319',#7967,#7969,#489,.T.);
#9837=EDGE_CURVE('146320',#7971,#7969,#113,.T.);
#9839=EDGE_CURVE('146321',#7909,#7971,#473,.T.);
#9841=EDGE_CURVE('146171',#7909,#7911,#117,.T.);
#9843=EDGE_CURVE('146322',#7911,#7973,#421,.T.);
#9845=EDGE_CURVE('146323',#7975,#7973,#121,.T.);
#9847=EDGE_CURVE('146324',#7975,#7977,#401,.T.);
#9849=EDGE_CURVE('146325',#7979,#7977,#125,.T.);
#9851=EDGE_CURVE('146326',#7723,#7979,#385,.T.);
#9854=EDGE_CURVE('157575',#8425,#9417,#4880,.T.);
#9856=EDGE_CURVE('157574',#9417,#9415,#133,.T.);
#9858=EDGE_CURVE('157573',#9413,#9415,#4860,.T.);
#9860=EDGE_CURVE('157572',#9413,#9411,#137,.T.);
#9862=EDGE_CURVE('157571',#9397,#9411,#4844,.T.);
#9864=EDGE_CURVE('157562',#9395,#9397,#141,.T.);
#9866=EDGE_CURVE('157570',#9395,#9409,#4792,.T.);
#9868=EDGE_CURVE('157569',#9409,#9407,#145,.T.);
#9870=EDGE_CURVE('157568',#9405,#9407,#4776,.T.);
#9872=EDGE_CURVE('157567',#9405,#9403,#149,.T.);
#9874=EDGE_CURVE('157566',#9393,#9403,#4760,.T.);
#9876=EDGE_CURVE('157559',#9391,#9393,#153,.T.);
#9878=EDGE_CURVE('157565',#9391,#9400,#4708,.T.);
#9880=EDGE_CURVE('157564',#9400,#9401,#157,.T.);
#9882=EDGE_CURVE('157838',#8845,#9401,#4692,.T.);
#9884=EDGE_CURVE('154615',#8843,#8845,#161,.T.);
#9886=EDGE_CURVE('154614',#8843,#8797,#4676,.T.);
#9888=EDGE_CURVE('154545',#8797,#8795,#165,.T.);
#9890=EDGE_CURVE('154613',#8841,#8795,#4624,.T.);
#9892=EDGE_CURVE('154612',#8839,#8841,#169,.T.);
#9894=EDGE_CURVE('154611',#8839,#8837,#4608,.T.);
#9896=EDGE_CURVE('154610',#8835,#8837,#173,.T.);
#9898=EDGE_CURVE('154609',#8835,#8793,#4592,.T.);
#9900=EDGE_CURVE('154542',#8793,#8791,#177,.T.);
#9902=EDGE_CURVE('154608',#8833,#8791,#4540,.T.);
#9904=EDGE_CURVE('154607',#8831,#8833,#181,.T.);
#9906=EDGE_CURVE('154606',#8831,#8829,#4524,.T.);
#9908=EDGE_CURVE('154605',#8827,#8829,#185,.T.);
#9910=EDGE_CURVE('154604',#8827,#8789,#4508,.T.);
#9912=EDGE_CURVE('154539',#8789,#8787,#189,.T.);
#9914=EDGE_CURVE('154603',#8825,#8787,#4456,.T.);
#9916=EDGE_CURVE('154602',#8823,#8825,#193,.T.);
#9918=EDGE_CURVE('154601',#8823,#8821,#4440,.T.);
#9920=EDGE_CURVE('154600',#8819,#8821,#197,.T.);
#9922=EDGE_CURVE('154599',#8819,#8785,#4424,.T.);
#9924=EDGE_CURVE('154536',#8785,#8783,#201,.T.);
#9926=EDGE_CURVE('154598',#8817,#8783,#4372,.T.);
#9928=EDGE_CURVE('154597',#8815,#8817,#205,.T.);
#9930=EDGE_CURVE('154596',#8815,#8813,#4356,.T.);
#9932=EDGE_CURVE('154595',#8811,#8813,#209,.T.);
#9934=EDGE_CURVE('154594',#8811,#8781,#4340,.T.);
#9936=EDGE_CURVE('154533',#8781,#8779,#213,.T.);
#9938=EDGE_CURVE('154593',#8809,#8779,#4288,.T.);
#9940=EDGE_CURVE('154592',#8807,#8809,#217,.T.);
#9942=EDGE_CURVE('154591',#8807,#8805,#4272,.T.);
#9944=EDGE_CURVE('154590',#8803,#8805,#221,.T.);
#9946=EDGE_CURVE('154589',#8803,#8777,#4256,.T.);
#9948=EDGE_CURVE('154530',#8777,#8775,#225,.T.);
#9950=EDGE_CURVE('154588',#8801,#8775,#4236,.T.);
#9952=EDGE_CURVE('154587',#8800,#8801,#229,.T.);
#9962=EDGE_CURVE('158755',#7783,#8704,#233,.T.);
#9964=EDGE_CURVE('146409',#7915,#7783,#1069,.T.);
#9967=EDGE_CURVE('154640',#8704,#8800,#4244,.T.);
#9978=EDGE_CURVE('146073',#7879,#7722,#393,.T.);
#9980=EDGE_CURVE('146072',#7879,#7877,#245,.T.);
#9982=EDGE_CURVE('146071',#7877,#7875,#409,.T.);
#9984=EDGE_CURVE('146070',#7875,#7873,#249,.T.);
#9986=EDGE_CURVE('146069',#7873,#7871,#417,.T.);
#9988=EDGE_CURVE('146068',#7871,#7869,#429,.T.);
#9990=EDGE_CURVE('146067',#7867,#7869,#465,.T.);
#9992=EDGE_CURVE('146066',#7867,#7865,#253,.T.);
#9994=EDGE_CURVE('146065',#7865,#7863,#485,.T.);
#9996=EDGE_CURVE('146064',#7863,#7861,#257,.T.);
#9998=EDGE_CURVE('146063',#7861,#7859,#501,.T.);
#10000=EDGE_CURVE('146062',#7859,#7857,#513,.T.);
#10002=EDGE_CURVE('146061',#7855,#7857,#549,.T.);
#10004=EDGE_CURVE('146060',#7855,#7853,#261,.T.);
#10006=EDGE_CURVE('146059',#7853,#7851,#569,.T.);
#10008=EDGE_CURVE('146058',#7851,#7849,#265,.T.);
#10010=EDGE_CURVE('146057',#7849,#7847,#585,.T.);
#10012=EDGE_CURVE('146056',#7847,#7845,#597,.T.);
#10014=EDGE_CURVE('146055',#7843,#7845,#633,.T.);
#10016=EDGE_CURVE('146054',#7843,#7841,#269,.T.);
#10018=EDGE_CURVE('146053',#7841,#7839,#653,.T.);
#10020=EDGE_CURVE('146052',#7839,#7837,#273,.T.);
#10022=EDGE_CURVE('146051',#7837,#7835,#669,.T.);
#10024=EDGE_CURVE('146050',#7835,#7833,#681,.T.);
#10026=EDGE_CURVE('146049',#7831,#7833,#717,.T.);
#10028=EDGE_CURVE('146048',#7831,#7829,#277,.T.);
#10030=EDGE_CURVE('146047',#7829,#7827,#737,.T.);
#10032=EDGE_CURVE('146046',#7827,#7825,#281,.T.);
#10034=EDGE_CURVE('146045',#7825,#7823,#753,.T.);
#10036=EDGE_CURVE('146044',#7823,#7821,#765,.T.);
#10038=EDGE_CURVE('146043',#7819,#7821,#801,.T.);
#10040=EDGE_CURVE('146042',#7819,#7817,#285,.T.);
#10042=EDGE_CURVE('146041',#7817,#7815,#821,.T.);
#10044=EDGE_CURVE('146040',#7815,#7813,#289,.T.);
#10046=EDGE_CURVE('146039',#7813,#7811,#837,.T.);
#10048=EDGE_CURVE('146038',#7811,#7809,#849,.T.);
#10050=EDGE_CURVE('146037',#7807,#7809,#885,.T.);
#10052=EDGE_CURVE('146036',#7807,#7805,#293,.T.);
#10054=EDGE_CURVE('146035',#7805,#7803,#905,.T.);
#10056=EDGE_CURVE('146034',#7803,#7801,#297,.T.);
#10058=EDGE_CURVE('146033',#7801,#7799,#921,.T.);
#10060=EDGE_CURVE('146032',#7799,#7797,#933,.T.);
#10062=EDGE_CURVE('146031',#7795,#7797,#969,.T.);
#10064=EDGE_CURVE('146030',#7795,#7793,#301,.T.);
#10066=EDGE_CURVE('146029',#7793,#7791,#989,.T.);
#10068=EDGE_CURVE('146028',#7791,#7789,#305,.T.);
#10070=EDGE_CURVE('146027',#7789,#7787,#1005,.T.);
#10072=EDGE_CURVE('146026',#7787,#7785,#1017,.T.);
#10074=EDGE_CURVE('146025',#7782,#7785,#1053,.T.);
#10076=EDGE_CURVE('146024',#7782,#7783,#309,.T.);
#10079=EDGE_CURVE('154473',#8704,#8705,#313,.T.);
#10081=EDGE_CURVE('154474',#8707,#8705,#4228,.T.);
#10083=EDGE_CURVE('154475',#8707,#8709,#4192,.T.);
#10085=EDGE_CURVE('154476',#8709,#8711,#4248,.T.);
#10087=EDGE_CURVE('154477',#8711,#8713,#317,.T.);
#10089=EDGE_CURVE('154478',#8713,#8715,#4264,.T.);
#10091=EDGE_CURVE('154479',#8715,#8717,#321,.T.);
#10093=EDGE_CURVE('154480',#8719,#8717,#4280,.T.);
#10095=EDGE_CURVE('154481',#8719,#8721,#4296,.T.);
#10097=EDGE_CURVE('154482',#8721,#8723,#4332,.T.);
#10099=EDGE_CURVE('154483',#8723,#8725,#325,.T.);
#10101=EDGE_CURVE('154484',#8725,#8727,#4348,.T.);
#10103=EDGE_CURVE('154485',#8727,#8729,#329,.T.);
#10105=EDGE_CURVE('154486',#8731,#8729,#4364,.T.);
#10107=EDGE_CURVE('154487',#8731,#8733,#4380,.T.);
#10109=EDGE_CURVE('154488',#8733,#8735,#4416,.T.);
#10111=EDGE_CURVE('154489',#8735,#8737,#333,.T.);
#10113=EDGE_CURVE('154490',#8737,#8739,#4432,.T.);
#10115=EDGE_CURVE('154491',#8739,#8741,#337,.T.);
#10117=EDGE_CURVE('154492',#8743,#8741,#4448,.T.);
#10119=EDGE_CURVE('154493',#8743,#8745,#4464,.T.);
#10121=EDGE_CURVE('154494',#8745,#8747,#4500,.T.);
#10123=EDGE_CURVE('154495',#8747,#8749,#341,.T.);
#10125=EDGE_CURVE('154496',#8749,#8751,#4516,.T.);
#10127=EDGE_CURVE('154497',#8751,#8753,#345,.T.);
#10129=EDGE_CURVE('154498',#8755,#8753,#4532,.T.);
#10131=EDGE_CURVE('154499',#8755,#8757,#4548,.T.);
#10133=EDGE_CURVE('154500',#8757,#8759,#4584,.T.);
#10135=EDGE_CURVE('154501',#8759,#8761,#349,.T.);
#10137=EDGE_CURVE('154502',#8761,#8763,#4600,.T.);
#10139=EDGE_CURVE('154503',#8763,#8765,#353,.T.);
#10141=EDGE_CURVE('154504',#8767,#8765,#4616,.T.);
#10143=EDGE_CURVE('154505',#8767,#8769,#4632,.T.);
#10145=EDGE_CURVE('154506',#8769,#8771,#4668,.T.);
#10147=EDGE_CURVE('154507',#8771,#8773,#357,.T.);
#10149=EDGE_CURVE('157837',#9365,#8773,#4684,.T.);
#10151=EDGE_CURVE('157544',#9364,#9365,#361,.T.);
#10153=EDGE_CURVE('157545',#9364,#9367,#4700,.T.);
#10155=EDGE_CURVE('157546',#9369,#9367,#4716,.T.);
#10157=EDGE_CURVE('157547',#9371,#9369,#4752,.T.);
#10159=EDGE_CURVE('157548',#9373,#9371,#365,.T.);
#10161=EDGE_CURVE('157549',#9375,#9373,#4768,.T.);
#10163=EDGE_CURVE('157550',#9377,#9375,#369,.T.);
#10165=EDGE_CURVE('157551',#9377,#9379,#4784,.T.);
#10167=EDGE_CURVE('157552',#9381,#9379,#4800,.T.);
#10169=EDGE_CURVE('157553',#9383,#9381,#4836,.T.);
#10171=EDGE_CURVE('157554',#9385,#9383,#373,.T.);
#10173=EDGE_CURVE('157555',#9387,#9385,#4852,.T.);
#10175=EDGE_CURVE('157556',#9389,#9387,#377,.T.);
#10177=EDGE_CURVE('157557',#9389,#8423,#4872,.T.);
#10189=EDGE_CURVE('146442',#7979,#7879,#389,.T.);
#10200=EDGE_CURVE('146441',#7977,#7877,#397,.T.);
#10215=EDGE_CURVE('146440',#7875,#7975,#405,.T.);
#10229=EDGE_CURVE('146439',#7873,#7973,#413,.T.);
#10242=EDGE_CURVE('146172',#7871,#7911,#425,.T.);
#10255=EDGE_CURVE('146170',#7869,#7909,#469,.T.);
#10259=EDGE_CURVE('146632',#8076,#8077,#433,.T.);
#10261=EDGE_CURVE('146636',#8077,#8083,#437,.T.);
#10263=EDGE_CURVE('146638',#8085,#8083,#441,.T.);
#10265=EDGE_CURVE('146637',#8085,#8076,#445,.T.);
#10269=EDGE_CURVE('146633',#8079,#7987,#449,.T.);
#10271=EDGE_CURVE('146634',#7987,#7991,#453,.T.);
#10273=EDGE_CURVE('146639',#8081,#7991,#457,.T.);
#10275=EDGE_CURVE('146635',#8081,#8079,#461,.T.);
#10288=EDGE_CURVE('146438',#7971,#7867,#477,.T.);
#10301=EDGE_CURVE('146437',#7969,#7865,#481,.T.);
#10314=EDGE_CURVE('146436',#7863,#7967,#493,.T.);
#10327=EDGE_CURVE('146435',#7861,#7965,#497,.T.);
#10340=EDGE_CURVE('146125',#7859,#7907,#509,.T.);
#10353=EDGE_CURVE('146123',#7857,#7905,#553,.T.);
#10357=EDGE_CURVE('146662',#8110,#8111,#517,.T.);
#10359=EDGE_CURVE('146666',#8111,#8117,#521,.T.);
#10361=EDGE_CURVE('146668',#8119,#8117,#525,.T.);
#10363=EDGE_CURVE('146667',#8119,#8110,#529,.T.);
#10367=EDGE_CURVE('146663',#8113,#7995,#533,.T.);
#10369=EDGE_CURVE('146664',#7995,#7999,#537,.T.);
#10371=EDGE_CURVE('146669',#8115,#7999,#541,.T.);
#10373=EDGE_CURVE('146665',#8115,#8113,#545,.T.);
#10386=EDGE_CURVE('146434',#7963,#7855,#561,.T.);
#10399=EDGE_CURVE('146433',#7961,#7853,#565,.T.);
#10412=EDGE_CURVE('146432',#7851,#7959,#577,.T.);
#10425=EDGE_CURVE('146431',#7849,#7957,#581,.T.);
#10438=EDGE_CURVE('146122',#7847,#7903,#593,.T.);
#10451=EDGE_CURVE('146120',#7845,#7901,#637,.T.);
#10455=EDGE_CURVE('146692',#8142,#8143,#601,.T.);
#10457=EDGE_CURVE('146696',#8143,#8149,#605,.T.);
#10459=EDGE_CURVE('146698',#8151,#8149,#609,.T.);
#10461=EDGE_CURVE('146697',#8151,#8142,#613,.T.);
#10465=EDGE_CURVE('146693',#8145,#8003,#617,.T.);
#10467=EDGE_CURVE('146694',#8003,#8007,#621,.T.);
#10469=EDGE_CURVE('146699',#8147,#8007,#625,.T.);
#10471=EDGE_CURVE('146695',#8147,#8145,#629,.T.);
#10484=EDGE_CURVE('146430',#7955,#7843,#645,.T.);
#10497=EDGE_CURVE('146429',#7953,#7841,#649,.T.);
#10510=EDGE_CURVE('146428',#7839,#7951,#661,.T.);
#10523=EDGE_CURVE('146427',#7837,#7949,#665,.T.);
#10536=EDGE_CURVE('146119',#7835,#7899,#677,.T.);
#10549=EDGE_CURVE('146117',#7833,#7897,#721,.T.);
#10553=EDGE_CURVE('146722',#8174,#8175,#685,.T.);
#10555=EDGE_CURVE('146726',#8175,#8181,#689,.T.);
#10557=EDGE_CURVE('146728',#8183,#8181,#693,.T.);
#10559=EDGE_CURVE('146727',#8183,#8174,#697,.T.);
#10563=EDGE_CURVE('146723',#8177,#8011,#701,.T.);
#10565=EDGE_CURVE('146724',#8011,#8015,#705,.T.);
#10567=EDGE_CURVE('146729',#8179,#8015,#709,.T.);
#10569=EDGE_CURVE('146725',#8179,#8177,#713,.T.);
#10582=EDGE_CURVE('146426',#7947,#7831,#729,.T.);
#10595=EDGE_CURVE('146425',#7945,#7829,#733,.T.);
#10608=EDGE_CURVE('146424',#7827,#7943,#745,.T.);
#10621=EDGE_CURVE('146423',#7825,#7941,#749,.T.);
#10634=EDGE_CURVE('146116',#7823,#7895,#761,.T.);
#10647=EDGE_CURVE('146114',#7821,#7893,#805,.T.);
#10651=EDGE_CURVE('146752',#8206,#8207,#769,.T.);
#10653=EDGE_CURVE('146756',#8207,#8213,#773,.T.);
#10655=EDGE_CURVE('146758',#8215,#8213,#777,.T.);
#10657=EDGE_CURVE('146757',#8215,#8206,#781,.T.);
#10661=EDGE_CURVE('146753',#8209,#8019,#785,.T.);
#10663=EDGE_CURVE('146754',#8019,#8023,#789,.T.);
#10665=EDGE_CURVE('146759',#8211,#8023,#793,.T.);
#10667=EDGE_CURVE('146755',#8211,#8209,#797,.T.);
#10680=EDGE_CURVE('146422',#7939,#7819,#813,.T.);
#10693=EDGE_CURVE('146421',#7937,#7817,#817,.T.);
#10706=EDGE_CURVE('146420',#7815,#7935,#829,.T.);
#10719=EDGE_CURVE('146419',#7813,#7933,#833,.T.);
#10732=EDGE_CURVE('146113',#7811,#7891,#845,.T.);
#10745=EDGE_CURVE('146111',#7809,#7889,#889,.T.);
#10749=EDGE_CURVE('146782',#8238,#8239,#853,.T.);
#10751=EDGE_CURVE('146786',#8239,#8245,#857,.T.);
#10753=EDGE_CURVE('146788',#8247,#8245,#861,.T.);
#10755=EDGE_CURVE('146787',#8247,#8238,#865,.T.);
#10759=EDGE_CURVE('146783',#8241,#8027,#869,.T.);
#10761=EDGE_CURVE('146784',#8027,#8031,#873,.T.);
#10763=EDGE_CURVE('146789',#8243,#8031,#877,.T.);
#10765=EDGE_CURVE('146785',#8243,#8241,#881,.T.);
#10778=EDGE_CURVE('146418',#7931,#7807,#897,.T.);
#10791=EDGE_CURVE('146417',#7929,#7805,#901,.T.);
#10804=EDGE_CURVE('146416',#7803,#7927,#913,.T.);
#10817=EDGE_CURVE('146415',#7801,#7925,#917,.T.);
#10830=EDGE_CURVE('146110',#7799,#7887,#929,.T.);
#10843=EDGE_CURVE('146108',#7797,#7885,#973,.T.);
#10847=EDGE_CURVE('146812',#8270,#8271,#937,.T.);
#10849=EDGE_CURVE('146816',#8271,#8277,#941,.T.);
#10851=EDGE_CURVE('146818',#8279,#8277,#945,.T.);
#10853=EDGE_CURVE('146817',#8279,#8270,#949,.T.);
#10857=EDGE_CURVE('146813',#8273,#8035,#953,.T.);
#10859=EDGE_CURVE('146814',#8035,#8039,#957,.T.);
#10861=EDGE_CURVE('146819',#8275,#8039,#961,.T.);
#10863=EDGE_CURVE('146815',#8275,#8273,#965,.T.);
#10876=EDGE_CURVE('146414',#7923,#7795,#981,.T.);
#10889=EDGE_CURVE('146413',#7921,#7793,#985,.T.);
#10902=EDGE_CURVE('146412',#7791,#7919,#997,.T.);
#10915=EDGE_CURVE('146411',#7789,#7917,#1001,.T.);
#10928=EDGE_CURVE('146107',#7787,#7883,#1013,.T.);
#10941=EDGE_CURVE('146105',#7785,#7881,#1057,.T.);
#10945=EDGE_CURVE('146842',#8302,#8303,#1021,.T.);
#10947=EDGE_CURVE('146846',#8303,#8309,#1025,.T.);
#10949=EDGE_CURVE('146848',#8311,#8309,#1029,.T.);
#10951=EDGE_CURVE('146847',#8311,#8302,#1033,.T.);
#10955=EDGE_CURVE('146843',#8305,#8043,#1037,.T.);
#10957=EDGE_CURVE('146844',#8043,#8047,#1041,.T.);
#10959=EDGE_CURVE('146849',#8307,#8047,#1045,.T.);
#10961=EDGE_CURVE('146845',#8307,#8305,#1049,.T.);
#10974=EDGE_CURVE('146410',#7914,#7782,#1065,.T.);
#10996=EDGE_CURVE('146502',#8041,#7487,#1073,.T.);
#10998=EDGE_CURVE('145526',#7487,#7484,#1077,.T.);
#11000=EDGE_CURVE('145525',#7484,#7485,#1081,.T.);
#11002=EDGE_CURVE('146853',#7485,#8283,#1085,.T.);
#11004=EDGE_CURVE('146831',#8282,#8283,#2220,.T.);
#11006=EDGE_CURVE('146837',#8282,#8297,#2200,.T.);
#11008=EDGE_CURVE('146839',#8297,#8041,#1233,.T.);
#11018=EDGE_CURVE('146503',#7489,#8043,#2764,.T.);
#11021=EDGE_CURVE('146852',#8305,#7481,#1089,.T.);
#11023=EDGE_CURVE('145524',#7480,#7481,#2820,.T.);
#11025=EDGE_CURVE('146851',#8303,#7480,#2808,.T.);
#11028=EDGE_CURVE('146850',#7477,#8302,#2804,.T.);
#11030=EDGE_CURVE('145523',#7475,#7477,#2792,.T.);
#11032=EDGE_CURVE('145522',#7475,#7473,#1093,.T.);
#11034=EDGE_CURVE('145521',#7470,#7473,#2780,.T.);
#11036=EDGE_CURVE('145520',#7470,#7471,#1097,.T.);
#11038=EDGE_CURVE('145527',#7489,#7471,#2768,.T.);
#11048=EDGE_CURVE('147687',#8410,#8411,#1101,.T.);
#11050=EDGE_CURVE('147910',#8411,#8287,#1908,.T.);
#11052=EDGE_CURVE('146832',#8286,#8287,#2452,.T.);
#11054=EDGE_CURVE('147849',#8410,#8286,#2816,.T.);
#11065=EDGE_CURVE('146840',#8041,#8045,#1229,.T.);
#11067=EDGE_CURVE('146504',#8045,#7509,#2700,.T.);
#11069=EDGE_CURVE('145543',#7509,#7487,#1105,.T.);
#11079=EDGE_CURVE('152144',#7731,#8415,#1365,.T.);
#11081=EDGE_CURVE('145796',#7729,#7731,#6773,.T.);
#11083=EDGE_CURVE('146650',#7729,#8073,#1109,.T.);
#11085=EDGE_CURVE('146631',#8073,#7989,#1113,.T.);
#11087=EDGE_CURVE('146630',#7985,#7989,#1117,.T.);
#11089=EDGE_CURVE('146629',#8071,#7985,#1121,.T.);
#11091=EDGE_CURVE('146680',#8071,#8107,#1125,.T.);
#11093=EDGE_CURVE('146661',#8107,#7997,#1129,.T.);
#11095=EDGE_CURVE('146660',#7993,#7997,#1133,.T.);
#11097=EDGE_CURVE('146659',#8105,#7993,#1137,.T.);
#11099=EDGE_CURVE('146710',#8105,#8139,#1141,.T.);
#11101=EDGE_CURVE('146691',#8139,#8005,#1145,.T.);
#11103=EDGE_CURVE('146690',#8001,#8005,#1149,.T.);
#11105=EDGE_CURVE('146689',#8137,#8001,#1153,.T.);
#11107=EDGE_CURVE('146740',#8137,#8171,#1157,.T.);
#11109=EDGE_CURVE('146721',#8171,#8013,#1161,.T.);
#11111=EDGE_CURVE('146720',#8009,#8013,#1165,.T.);
#11113=EDGE_CURVE('146719',#8169,#8009,#1169,.T.);
#11115=EDGE_CURVE('146770',#8169,#8203,#1173,.T.);
#11117=EDGE_CURVE('146751',#8203,#8021,#1177,.T.);
#11119=EDGE_CURVE('146750',#8017,#8021,#1181,.T.);
#11121=EDGE_CURVE('146749',#8201,#8017,#1185,.T.);
#11123=EDGE_CURVE('146800',#8201,#8235,#1189,.T.);
#11125=EDGE_CURVE('146781',#8235,#8029,#1193,.T.);
#11127=EDGE_CURVE('146780',#8025,#8029,#1197,.T.);
#11129=EDGE_CURVE('146779',#8233,#8025,#1201,.T.);
#11131=EDGE_CURVE('146830',#8233,#8267,#1205,.T.);
#11133=EDGE_CURVE('146811',#8267,#8037,#1209,.T.);
#11135=EDGE_CURVE('146810',#8033,#8037,#1213,.T.);
#11137=EDGE_CURVE('146809',#8265,#8033,#1217,.T.);
#11139=EDGE_CURVE('146860',#8265,#8299,#1221,.T.);
#11141=EDGE_CURVE('146841',#8299,#8045,#1225,.T.);
#11145=EDGE_CURVE('158753',#8297,#9071,#2196,.T.);
#11147=EDGE_CURVE('154871',#8887,#9071,#1237,.T.);
#11149=EDGE_CURVE('154872',#8891,#8887,#1241,.T.);
#11151=EDGE_CURVE('154873',#8891,#9073,#1245,.T.);
#11153=EDGE_CURVE('154892',#9073,#9039,#1249,.T.);
#11155=EDGE_CURVE('154841',#8879,#9039,#1253,.T.);
#11157=EDGE_CURVE('154842',#8883,#8879,#1257,.T.);
#11159=EDGE_CURVE('154843',#8883,#9041,#1261,.T.);
#11161=EDGE_CURVE('154862',#9041,#9007,#1265,.T.);
#11163=EDGE_CURVE('154811',#8871,#9007,#1269,.T.);
#11165=EDGE_CURVE('154812',#8875,#8871,#1273,.T.);
#11167=EDGE_CURVE('154813',#8875,#9009,#1277,.T.);
#11169=EDGE_CURVE('154832',#9009,#8975,#1281,.T.);
#11171=EDGE_CURVE('154781',#8863,#8975,#1285,.T.);
#11173=EDGE_CURVE('154782',#8867,#8863,#1289,.T.);
#11175=EDGE_CURVE('154783',#8867,#8977,#1293,.T.);
#11177=EDGE_CURVE('154802',#8977,#8943,#1297,.T.);
#11179=EDGE_CURVE('154751',#8855,#8943,#1301,.T.);
#11181=EDGE_CURVE('154752',#8859,#8855,#1305,.T.);
#11183=EDGE_CURVE('154753',#8859,#8945,#1309,.T.);
#11185=EDGE_CURVE('154772',#8945,#8911,#1313,.T.);
#11187=EDGE_CURVE('154724',#8847,#8911,#1317,.T.);
#11189=EDGE_CURVE('154725',#8851,#8847,#1321,.T.);
#11191=EDGE_CURVE('154726',#8851,#8913,#1325,.T.);
#11193=EDGE_CURVE('157841',#9495,#8913,#1329,.T.);
#11195=EDGE_CURVE('157646',#9495,#9431,#1333,.T.);
#11197=EDGE_CURVE('157647',#9431,#9435,#1337,.T.);
#11199=EDGE_CURVE('157648',#9497,#9435,#1341,.T.);
#11201=EDGE_CURVE('157667',#9461,#9497,#1345,.T.);
#11203=EDGE_CURVE('157616',#9461,#9423,#1349,.T.);
#11205=EDGE_CURVE('157617',#9423,#9427,#1353,.T.);
#11207=EDGE_CURVE('157618',#9463,#9427,#1357,.T.);
#11209=EDGE_CURVE('157637',#9317,#9463,#1361,.T.);
#11211=EDGE_CURVE('157465',#9317,#8415,#6576,.T.);
#11221=EDGE_CURVE('152145',#7733,#8417,#1369,.T.);
#11223=EDGE_CURVE('145800',#7731,#7733,#6777,.T.);
#11226=EDGE_CURVE('157466',#8415,#8417,#6572,.T.);
#11236=EDGE_CURVE('152146',#7737,#8419,#1377,.T.);
#11238=EDGE_CURVE('145804',#7736,#7737,#1389,.T.);
#11240=EDGE_CURVE('145805',#7739,#7736,#1401,.T.);
#11242=EDGE_CURVE('145806',#7733,#7739,#6781,.T.);
#11245=EDGE_CURVE('157469',#8417,#9321,#6568,.T.);
#11247=EDGE_CURVE('157468',#9321,#9319,#6525,.T.);
#11249=EDGE_CURVE('157467',#9319,#8419,#6556,.T.);
#11260=EDGE_CURVE('145808',#7737,#7702,#1381,.T.);
#11263=EDGE_CURVE('157470',#8419,#8421,#6552,.T.);
#11275=EDGE_CURVE('145809',#7736,#7703,#1405,.T.);
#11287=EDGE_CURVE('145810',#7741,#7705,#1428,.T.);
#11289=EDGE_CURVE('145811',#7741,#7743,#1464,.T.);
#11291=EDGE_CURVE('145812',#7745,#7743,#1397,.T.);
#11293=EDGE_CURVE('145813',#7747,#7745,#7183,.T.);
#11295=EDGE_CURVE('145814',#7749,#7747,#6801,.T.);
#11297=EDGE_CURVE('145815',#7739,#7749,#6761,.T.);
#11303=EDGE_CURVE('158085',#9564,#9563,#1412,.T.);
#11305=EDGE_CURVE('158097',#8318,#9563,#1416,.T.);
#11307=EDGE_CURVE('147528',#8318,#8319,#1420,.T.);
#11309=EDGE_CURVE('158096',#8319,#9564,#1424,.T.);
#11319=EDGE_CURVE('158406',#7741,#9599,#1456,.T.);
#11323=EDGE_CURVE('145829',#7753,#7707,#7215,.T.);
#11325=EDGE_CURVE('145816',#7752,#7753,#7255,.T.);
#11327=EDGE_CURVE('145817',#7752,#7713,#7235,.T.);
#11330=EDGE_CURVE('145818',#7715,#7755,#6970,.T.);
#11332=EDGE_CURVE('147802',#7755,#8365,#6954,.T.);
#11334=EDGE_CURVE('147608',#8363,#8365,#1440,.T.);
#11336=EDGE_CURVE('147607',#8362,#8363,#1444,.T.);
#11338=EDGE_CURVE('147610',#8053,#8362,#1448,.T.);
#11340=EDGE_CURVE('158393',#8053,#9599,#1452,.T.);
#11351=EDGE_CURVE('158384',#9599,#9597,#1472,.T.);
#11353=EDGE_CURVE('158407',#9597,#7743,#1460,.T.);
#11364=EDGE_CURVE('158383',#9596,#9597,#1468,.T.);
#11368=EDGE_CURVE('146610',#7699,#8053,#1476,.T.);
#11370=EDGE_CURVE('145694',#7699,#7695,#1480,.T.);
#11372=EDGE_CURVE('158387',#7695,#9596,#1496,.T.);
#11384=EDGE_CURVE('158399',#9593,#9596,#1484,.T.);
#11386=EDGE_CURVE('158390',#7779,#9593,#7199,.T.);
#11388=EDGE_CURVE('145863',#7779,#7745,#1488,.T.);
#11399=EDGE_CURVE('158405',#9601,#9592,#1492,.T.);
#11401=EDGE_CURVE('158382',#9592,#9593,#7187,.T.);
#11405=EDGE_CURVE('145691',#7695,#7693,#7167,.T.);
#11407=EDGE_CURVE('145687',#7692,#7693,#1500,.T.);
#11409=EDGE_CURVE('147767',#7692,#8377,#6942,.T.);
#11411=EDGE_CURVE('158404',#8377,#9601,#1504,.T.);
#11421=EDGE_CURVE('158466',#9626,#9617,#1552,.T.);
#11423=EDGE_CURVE('158462',#9617,#9549,#6333,.T.);
#11425=EDGE_CURVE('157713',#9549,#9439,#6309,.T.);
#11427=EDGE_CURVE('157602',#9269,#9439,#6264,.T.);
#11429=EDGE_CURVE('157412',#9268,#9269,#1509,.T.);
#11431=EDGE_CURVE('157413',#9271,#9268,#6725,.T.);
#11433=EDGE_CURVE('157414',#9273,#9271,#1514,.T.);
#11435=EDGE_CURVE('157415',#9273,#9275,#6745,.T.);
#11437=EDGE_CURVE('157416',#9275,#9247,#6753,.T.);
#11439=EDGE_CURVE('157728',#9247,#8433,#1518,.T.);
#11441=EDGE_CURVE('157694',#9540,#8433,#1636,.T.);
#11443=EDGE_CURVE('157693',#9540,#9541,#1604,.T.);
#11445=EDGE_CURVE('157695',#9541,#9543,#1596,.T.);
#11447=EDGE_CURVE('158461',#9543,#9626,#1568,.T.);
#11458=EDGE_CURVE('158394',#8373,#9601,#6910,.T.);
#11460=EDGE_CURVE('147615',#8369,#8373,#6994,.T.);
#11462=EDGE_CURVE('147612',#8368,#8369,#6962,.T.);
#11464=EDGE_CURVE('147613',#8368,#8371,#7127,.T.);
#11466=EDGE_CURVE('147757',#7646,#8371,#1522,.T.);
#11468=EDGE_CURVE('145668',#7681,#7646,#6874,.T.);
#11470=EDGE_CURVE('145667',#7679,#7681,#6854,.T.);
#11472=EDGE_CURVE('145666',#7679,#7677,#1527,.T.);
#11474=EDGE_CURVE('145665',#7677,#7674,#6838,.T.);
#11476=EDGE_CURVE('145664',#7674,#7675,#1532,.T.);
#11478=EDGE_CURVE('146607',#7675,#8049,#6822,.T.);
#11480=EDGE_CURVE('147633',#8379,#8049,#7175,.T.);
#11482=EDGE_CURVE('158395',#9592,#8379,#7191,.T.);
#11492=EDGE_CURVE('158485',#9606,#9631,#1536,.T.);
#11494=EDGE_CURVE('158414',#9610,#9606,#1540,.T.);
#11496=EDGE_CURVE('158417',#7671,#9610,#6922,.T.);
#11498=EDGE_CURVE('145660',#7668,#7671,#1952,.T.);
#11500=EDGE_CURVE('152162',#7668,#8437,#1544,.T.);
#11502=EDGE_CURVE('157408',#8437,#9265,#6236,.T.);
#11504=EDGE_CURVE('158478',#9265,#9635,#1584,.T.);
#11506=EDGE_CURVE('158475',#9635,#9631,#1548,.T.);
#11517=EDGE_CURVE('158465',#9547,#9626,#1556,.T.);
#11519=EDGE_CURVE('157734',#9286,#9547,#6421,.T.);
#11521=EDGE_CURVE('157435',#9286,#9287,#1560,.T.);
#11523=EDGE_CURVE('157439',#9289,#9287,#6405,.T.);
#11525=EDGE_CURVE('158458',#9289,#9621,#1564,.T.);
#11527=EDGE_CURVE('158464',#9618,#9621,#6341,.T.);
#11529=EDGE_CURVE('158455',#9617,#9618,#6321,.T.);
#11541=EDGE_CURVE('157752',#9357,#9543,#1572,.T.);
#11543=EDGE_CURVE('157756',#9357,#9547,#1576,.T.);
#11553=EDGE_CURVE('158463',#9627,#9281,#6297,.T.);
#11555=EDGE_CURVE('158472',#9635,#9627,#1580,.T.);
#11558=EDGE_CURVE('157428',#9265,#9283,#1588,.T.);
#11560=EDGE_CURVE('157426',#9281,#9283,#1592,.T.);
#11571=EDGE_CURVE('157750',#9353,#9541,#1600,.T.);
#11573=EDGE_CURVE('157506',#9353,#9357,#6429,.T.);
#11585=EDGE_CURVE('157751',#9540,#9310,#1648,.T.);
#11588=EDGE_CURVE('157675',#9419,#9519,#1612,.T.);
#11590=EDGE_CURVE('157676',#9519,#9521,#1616,.T.);
#11592=EDGE_CURVE('157677',#9421,#9521,#1620,.T.);
#11595=EDGE_CURVE('157480',#9307,#9337,#1628,.T.);
#11597=EDGE_CURVE('157503',#9351,#9337,#6441,.T.);
#11599=EDGE_CURVE('157504',#9353,#9351,#1632,.T.);
#11611=EDGE_CURVE('157740',#9355,#8433,#1640,.T.);
#11613=EDGE_CURVE('157505',#9311,#9355,#7155,.T.);
#11625=EDGE_CURVE('152156',#8371,#8433,#1656,.T.);
#11627=EDGE_CURVE('147791',#7773,#8371,#7139,.T.);
#11629=EDGE_CURVE('157803',#7773,#9355,#7143,.T.);
#11640=EDGE_CURVE('152157',#8435,#7647,#1652,.T.);
#11642=EDGE_CURVE('145630',#7646,#7647,#6866,.T.);
#11647=EDGE_CURVE('157397',#9247,#8435,#6749,.T.);
#11657=EDGE_CURVE('152152',#7650,#8427,#1684,.T.);
#11659=EDGE_CURVE('145632',#7650,#7651,#6882,.T.);
#11661=EDGE_CURVE('145633',#7651,#7653,#6826,.T.);
#11663=EDGE_CURVE('145634',#7655,#7653,#1661,.T.);
#11665=EDGE_CURVE('145635',#7655,#7657,#6842,.T.);
#11667=EDGE_CURVE('145636',#7659,#7657,#1666,.T.);
#11669=EDGE_CURVE('145637',#7661,#7659,#6862,.T.);
#11671=EDGE_CURVE('145638',#7647,#7661,#6870,.T.);
#11674=EDGE_CURVE('157404',#8435,#9259,#6757,.T.);
#11676=EDGE_CURVE('157403',#9259,#9257,#6737,.T.);
#11678=EDGE_CURVE('157402',#9257,#9255,#1671,.T.);
#11680=EDGE_CURVE('157401',#9253,#9255,#6721,.T.);
#11682=EDGE_CURVE('157400',#9253,#9251,#1676,.T.);
#11684=EDGE_CURVE('157399',#9249,#9251,#6268,.T.);
#11686=EDGE_CURVE('157398',#8427,#9249,#6260,.T.);
#11696=EDGE_CURVE('158704',#9671,#9655,#1692,.T.);
#11698=EDGE_CURVE('158635',#9654,#9655,#4064,.T.);
#11700=EDGE_CURVE('158656',#9654,#9642,#2324,.T.);
#11702=EDGE_CURVE('158658',#9647,#9642,#1996,.T.);
#11704=EDGE_CURVE('158632',#9646,#9647,#1960,.T.);
#11706=EDGE_CURVE('158649',#7664,#9646,#1680,.T.);
#11708=EDGE_CURVE('145648',#7664,#7665,#6894,.T.);
#11710=EDGE_CURVE('145649',#7665,#7650,#6886,.T.);
#11713=EDGE_CURVE('157406',#9263,#8427,#6256,.T.);
#11715=EDGE_CURVE('157405',#9262,#9263,#6248,.T.);
#11717=EDGE_CURVE('158693',#9262,#9662,#1688,.T.);
#11719=EDGE_CURVE('158686',#9662,#9663,#6216,.T.);
#11721=EDGE_CURVE('158698',#9663,#9658,#2216,.T.);
#11723=EDGE_CURVE('158697',#9670,#9658,#2584,.T.);
#11725=EDGE_CURVE('158689',#9670,#9671,#6180,.T.);
#11735=EDGE_CURVE('158752',#9130,#8411,#1912,.T.);
#11738=EDGE_CURVE('147688',#8410,#8413,#2812,.T.);
#11740=EDGE_CURVE('147689',#8413,#8326,#2756,.T.);
#11742=EDGE_CURVE('147595',#8326,#8327,#1800,.T.);
#11744=EDGE_CURVE('147684',#8405,#8327,#2860,.T.);
#11746=EDGE_CURVE('147685',#8405,#8407,#2988,.T.);
#11748=EDGE_CURVE('147686',#8407,#8330,#2924,.T.);
#11750=EDGE_CURVE('147596',#8330,#8331,#1812,.T.);
#11752=EDGE_CURVE('147681',#8401,#8331,#3036,.T.);
#11754=EDGE_CURVE('147682',#8401,#8403,#3164,.T.);
#11756=EDGE_CURVE('147683',#8403,#8334,#3100,.T.);
#11758=EDGE_CURVE('147597',#8334,#8335,#1824,.T.);
#11760=EDGE_CURVE('147678',#8397,#8335,#3212,.T.);
#11762=EDGE_CURVE('147679',#8397,#8399,#3340,.T.);
#11764=EDGE_CURVE('147680',#8399,#8338,#3276,.T.);
#11766=EDGE_CURVE('147598',#8338,#8339,#1836,.T.);
#11768=EDGE_CURVE('147675',#8393,#8339,#3388,.T.);
#11770=EDGE_CURVE('147676',#8393,#8395,#3516,.T.);
#11772=EDGE_CURVE('147677',#8395,#8342,#3452,.T.);
#11774=EDGE_CURVE('147599',#8342,#8343,#1848,.T.);
#11776=EDGE_CURVE('147672',#8389,#8343,#3564,.T.);
#11778=EDGE_CURVE('147673',#8389,#8391,#3692,.T.);
#11780=EDGE_CURVE('147674',#8391,#8346,#3628,.T.);
#11782=EDGE_CURVE('147600',#8346,#8347,#1860,.T.);
#11784=EDGE_CURVE('147669',#8385,#8347,#3740,.T.);
#11786=EDGE_CURVE('147670',#8385,#8387,#3868,.T.);
#11788=EDGE_CURVE('147671',#8387,#8350,#3804,.T.);
#11790=EDGE_CURVE('147601',#8350,#8351,#1872,.T.);
#11792=EDGE_CURVE('147666',#8381,#8351,#3916,.T.);
#11794=EDGE_CURVE('147667',#8381,#8383,#4044,.T.);
#11796=EDGE_CURVE('147668',#8383,#8354,#3980,.T.);
#11798=EDGE_CURVE('147602',#8354,#8355,#1884,.T.);
#11800=EDGE_CURVE('158652',#9655,#8355,#4068,.T.);
#11803=EDGE_CURVE('158695',#9671,#9529,#6192,.T.);
#11805=EDGE_CURVE('157683',#9528,#9529,#1708,.T.);
#11807=EDGE_CURVE('157724',#9553,#9528,#4984,.T.);
#11809=EDGE_CURVE('157723',#9551,#9553,#5052,.T.);
#11811=EDGE_CURVE('157722',#9551,#9525,#4912,.T.);
#11813=EDGE_CURVE('157682',#9524,#9525,#1716,.T.);
#11815=EDGE_CURVE('157727',#9559,#9524,#5160,.T.);
#11817=EDGE_CURVE('157726',#9556,#9559,#5228,.T.);
#11819=EDGE_CURVE('157725',#9556,#9557,#5088,.T.);
#11821=EDGE_CURVE('157842',#9111,#9557,#1728,.T.);
#11823=EDGE_CURVE('155121',#9111,#9109,#5336,.T.);
#11825=EDGE_CURVE('155120',#9109,#9107,#5404,.T.);
#11827=EDGE_CURVE('155119',#9104,#9107,#5264,.T.);
#11829=EDGE_CURVE('155118',#9104,#9105,#1740,.T.);
#11831=EDGE_CURVE('155124',#9105,#9115,#5512,.T.);
#11833=EDGE_CURVE('155123',#9115,#9113,#5580,.T.);
#11835=EDGE_CURVE('155122',#9100,#9113,#5440,.T.);
#11837=EDGE_CURVE('155117',#9100,#9101,#1752,.T.);
#11839=EDGE_CURVE('155127',#9101,#9119,#5688,.T.);
#11841=EDGE_CURVE('155126',#9119,#9117,#5756,.T.);
#11843=EDGE_CURVE('155125',#9096,#9117,#5616,.T.);
#11845=EDGE_CURVE('155116',#9096,#9097,#1764,.T.);
#11847=EDGE_CURVE('155130',#9097,#9123,#5864,.T.);
#11849=EDGE_CURVE('155129',#9123,#9121,#5932,.T.);
#11851=EDGE_CURVE('155128',#9092,#9121,#5792,.T.);
#11853=EDGE_CURVE('155115',#9092,#9093,#1776,.T.);
#11855=EDGE_CURVE('155133',#9093,#9127,#6040,.T.);
#11857=EDGE_CURVE('155132',#9127,#9125,#6108,.T.);
#11859=EDGE_CURVE('155131',#9088,#9125,#5968,.T.);
#11861=EDGE_CURVE('155114',#9088,#9089,#1788,.T.);
#11863=EDGE_CURVE('155136',#9089,#9133,#4180,.T.);
#11865=EDGE_CURVE('155135',#9133,#9131,#6160,.T.);
#11867=EDGE_CURVE('155134',#9130,#9131,#4108,.T.);
#11877=EDGE_CURVE('158471',#9630,#9633,#1696,.T.);
#11879=EDGE_CURVE('158479',#9633,#9531,#6224,.T.);
#11881=EDGE_CURVE('157684',#8429,#9531,#1700,.T.);
#11883=EDGE_CURVE('158480',#9630,#8429,#1704,.T.);
#11894=EDGE_CURVE('157742',#9529,#9477,#6188,.T.);
#11896=EDGE_CURVE('157635',#9477,#9459,#2580,.T.);
#11898=EDGE_CURVE('157772',#9528,#9459,#1712,.T.);
#11909=EDGE_CURVE('157771',#9525,#9451,#1720,.T.);
#11911=EDGE_CURVE('157665',#9451,#9493,#2564,.T.);
#11913=EDGE_CURVE('157775',#9524,#9493,#1724,.T.);
#11924=EDGE_CURVE('157774',#9557,#9485,#1732,.T.);
#11926=EDGE_CURVE('157839',#9485,#8909,#2548,.T.);
#11928=EDGE_CURVE('155185',#8909,#9111,#1736,.T.);
#11939=EDGE_CURVE('155184',#8900,#9104,#1744,.T.);
#11941=EDGE_CURVE('154770',#8941,#8900,#2532,.T.);
#11943=EDGE_CURVE('155187',#8941,#9105,#1748,.T.);
#11954=EDGE_CURVE('155186',#8932,#9100,#1756,.T.);
#11956=EDGE_CURVE('154800',#8973,#8932,#2516,.T.);
#11958=EDGE_CURVE('155189',#8973,#9101,#1760,.T.);
#11969=EDGE_CURVE('155188',#8964,#9096,#1768,.T.);
#11971=EDGE_CURVE('154830',#9005,#8964,#2500,.T.);
#11973=EDGE_CURVE('155191',#9005,#9097,#1772,.T.);
#11984=EDGE_CURVE('155190',#8996,#9092,#1780,.T.);
#11986=EDGE_CURVE('154860',#9037,#8996,#2484,.T.);
#11988=EDGE_CURVE('155193',#9037,#9093,#1784,.T.);
#11999=EDGE_CURVE('155192',#9028,#9088,#1792,.T.);
#12001=EDGE_CURVE('154890',#9069,#9028,#2468,.T.);
#12003=EDGE_CURVE('155195',#9069,#9089,#1796,.T.);
#12014=EDGE_CURVE('147911',#8326,#8295,#1804,.T.);
#12016=EDGE_CURVE('146858',#8255,#8295,#2440,.T.);
#12018=EDGE_CURVE('147908',#8327,#8255,#1808,.T.);
#12029=EDGE_CURVE('147909',#8330,#8263,#1816,.T.);
#12031=EDGE_CURVE('146828',#8223,#8263,#2424,.T.);
#12033=EDGE_CURVE('147906',#8331,#8223,#1820,.T.);
#12044=EDGE_CURVE('147907',#8334,#8231,#1828,.T.);
#12046=EDGE_CURVE('146798',#8191,#8231,#2408,.T.);
#12048=EDGE_CURVE('147904',#8335,#8191,#1832,.T.);
#12059=EDGE_CURVE('147905',#8338,#8199,#1840,.T.);
#12061=EDGE_CURVE('146768',#8159,#8199,#2392,.T.);
#12063=EDGE_CURVE('147902',#8339,#8159,#1844,.T.);
#12074=EDGE_CURVE('147903',#8342,#8167,#1852,.T.);
#12076=EDGE_CURVE('146738',#8127,#8167,#2376,.T.);
#12078=EDGE_CURVE('147900',#8343,#8127,#1856,.T.);
#12089=EDGE_CURVE('147901',#8346,#8135,#1864,.T.);
#12091=EDGE_CURVE('146708',#8095,#8135,#2360,.T.);
#12093=EDGE_CURVE('147898',#8347,#8095,#1868,.T.);
#12104=EDGE_CURVE('147899',#8350,#8103,#1876,.T.);
#12106=EDGE_CURVE('146678',#8061,#8103,#2344,.T.);
#12108=EDGE_CURVE('147895',#8351,#8061,#1880,.T.);
#12119=EDGE_CURVE('147896',#8354,#8069,#1888,.T.);
#12121=EDGE_CURVE('146648',#8087,#8069,#2328,.T.);
#12123=EDGE_CURVE('147797',#8355,#8087,#4072,.T.);
#12133=EDGE_CURVE('158410',#9605,#9608,#1892,.T.);
#12135=EDGE_CURVE('158419',#9605,#8358,#1896,.T.);
#12137=EDGE_CURVE('147603',#8358,#8359,#1900,.T.);
#12139=EDGE_CURVE('158418',#9608,#8359,#1968,.T.);
#12149=EDGE_CURVE('158751',#8287,#9060,#1904,.T.);
#12153=EDGE_CURVE('155194',#9060,#9130,#1916,.T.);
#12163=EDGE_CURVE('158470',#9630,#9631,#1924,.T.);
#12166=EDGE_CURVE('158481',#9639,#9635,#6292,.T.);
#12168=EDGE_CURVE('158474',#9639,#9637,#6204,.T.);
#12170=EDGE_CURVE('158473',#9633,#9637,#6228,.T.);
#12181=EDGE_CURVE('152154',#8358,#8429,#1932,.T.);
#12184=EDGE_CURVE('158409',#9605,#9606,#1920,.T.);
#12197=EDGE_CURVE('152155',#7669,#8431,#1944,.T.);
#12199=EDGE_CURVE('147759',#7669,#8358,#1928,.T.);
#12202=EDGE_CURVE('157729',#8431,#8429,#1936,.T.);
#12213=EDGE_CURVE('145653',#7668,#7669,#1940,.T.);
#12216=EDGE_CURVE('157407',#8437,#8431,#1948,.T.);
#12227=EDGE_CURVE('158651',#8359,#9646,#1972,.T.);
#12233=EDGE_CURVE('145680',#7671,#7689,#6918,.T.);
#12235=EDGE_CURVE('145679',#7689,#7664,#1956,.T.);
#12246=EDGE_CURVE('158655',#9647,#9612,#1992,.T.);
#12248=EDGE_CURVE('158412',#9608,#9612,#1964,.T.);
#12260=EDGE_CURVE('158634',#9651,#9647,#1976,.T.);
#12262=EDGE_CURVE('158645',#9651,#7777,#1980,.T.);
#12264=EDGE_CURVE('158416',#9614,#7777,#1984,.T.);
#12266=EDGE_CURVE('158413',#9614,#9612,#1988,.T.);
#12277=EDGE_CURVE('158633',#9650,#9651,#2000,.T.);
#12281=EDGE_CURVE('158630',#9642,#9643,#2320,.T.);
#12283=EDGE_CURVE('158659',#9650,#9643,#2188,.T.);
#12294=EDGE_CURVE('158644',#7726,#9650,#2184,.T.);
#12296=EDGE_CURVE('145859',#7777,#7726,#6793,.T.);
#12307=EDGE_CURVE('158691',#9314,#9666,#2004,.T.);
#12309=EDGE_CURVE('157463',#9314,#9315,#6284,.T.);
#12311=EDGE_CURVE('157464',#9315,#9317,#6580,.T.);
#12314=EDGE_CURVE('157615',#9457,#9463,#2008,.T.);
#12316=EDGE_CURVE('158700',#9457,#9659,#2592,.T.);
#12318=EDGE_CURVE('158699',#9666,#9659,#2012,.T.);
#12328=EDGE_CURVE('154870',#9073,#9067,#2016,.T.);
#12330=EDGE_CURVE('154891',#9025,#9067,#2020,.T.);
#12332=EDGE_CURVE('154839',#9039,#9025,#2024,.T.);
#12343=EDGE_CURVE('154840',#9041,#9035,#2028,.T.);
#12345=EDGE_CURVE('154861',#8993,#9035,#2032,.T.);
#12347=EDGE_CURVE('154809',#9007,#8993,#2036,.T.);
#12358=EDGE_CURVE('154810',#9009,#9003,#2040,.T.);
#12360=EDGE_CURVE('154831',#8961,#9003,#2044,.T.);
#12362=EDGE_CURVE('154779',#8975,#8961,#2048,.T.);
#12373=EDGE_CURVE('154780',#8977,#8971,#2052,.T.);
#12375=EDGE_CURVE('154801',#8929,#8971,#2056,.T.);
#12377=EDGE_CURVE('154749',#8943,#8929,#2060,.T.);
#12388=EDGE_CURVE('154750',#8945,#8939,#2064,.T.);
#12390=EDGE_CURVE('154771',#8897,#8939,#2068,.T.);
#12392=EDGE_CURVE('154722',#8911,#8897,#2072,.T.);
#12403=EDGE_CURVE('154723',#8913,#8907,#2076,.T.);
#12405=EDGE_CURVE('157840',#8907,#9480,#2080,.T.);
#12407=EDGE_CURVE('157644',#9480,#9495,#2084,.T.);
#12418=EDGE_CURVE('157645',#9491,#9497,#2088,.T.);
#12420=EDGE_CURVE('157666',#9491,#9446,#2092,.T.);
#12422=EDGE_CURVE('157614',#9446,#9461,#2096,.T.);
#12433=EDGE_CURVE('146658',#8101,#8107,#2100,.T.);
#12436=EDGE_CURVE('146627',#8056,#8071,#2104,.T.);
#12438=EDGE_CURVE('146679',#8101,#8056,#2108,.T.);
#12448=EDGE_CURVE('146688',#8133,#8139,#2112,.T.);
#12451=EDGE_CURVE('146657',#8090,#8105,#2116,.T.);
#12453=EDGE_CURVE('146709',#8133,#8090,#2120,.T.);
#12463=EDGE_CURVE('146718',#8165,#8171,#2124,.T.);
#12466=EDGE_CURVE('146687',#8122,#8137,#2128,.T.);
#12468=EDGE_CURVE('146739',#8165,#8122,#2132,.T.);
#12478=EDGE_CURVE('146748',#8197,#8203,#2136,.T.);
#12481=EDGE_CURVE('146717',#8154,#8169,#2140,.T.);
#12483=EDGE_CURVE('146769',#8197,#8154,#2144,.T.);
#12493=EDGE_CURVE('146778',#8229,#8235,#2148,.T.);
#12496=EDGE_CURVE('146747',#8186,#8201,#2152,.T.);
#12498=EDGE_CURVE('146799',#8229,#8186,#2156,.T.);
#12508=EDGE_CURVE('146808',#8261,#8267,#2160,.T.);
#12511=EDGE_CURVE('146777',#8218,#8233,#2164,.T.);
#12513=EDGE_CURVE('146829',#8261,#8218,#2168,.T.);
#12523=EDGE_CURVE('146838',#8293,#8299,#2172,.T.);
#12526=EDGE_CURVE('146807',#8250,#8265,#2176,.T.);
#12528=EDGE_CURVE('146859',#8293,#8250,#2180,.T.);
#12540=EDGE_CURVE('158663',#8067,#9643,#2316,.T.);
#12542=EDGE_CURVE('146628',#8067,#8073,#2192,.T.);
#12545=EDGE_CURVE('145794',#7727,#7729,#6769,.T.);
#12547=EDGE_CURVE('145793',#7726,#7727,#6797,.T.);
#12559=EDGE_CURVE('158754',#9057,#8282,#2204,.T.);
#12561=EDGE_CURVE('154869',#9071,#9057,#2208,.T.);
#12571=EDGE_CURVE('158687',#9666,#9667,#2212,.T.);
#12573=EDGE_CURVE('158692',#9667,#9359,#6212,.T.);
#12575=EDGE_CURVE('157520',#9359,#9314,#6288,.T.);
#12588=EDGE_CURVE('158685',#9658,#9659,#2588,.T.);
#12591=EDGE_CURVE('158688',#9667,#9663,#6196,.T.);
#12603=EDGE_CURVE('146833',#8289,#8283,#2224,.T.);
#12605=EDGE_CURVE('146835',#8293,#8289,#2228,.T.);
#12608=EDGE_CURVE('146801',#8250,#8251,#2232,.T.);
#12610=EDGE_CURVE('146803',#8257,#8251,#2236,.T.);
#12612=EDGE_CURVE('146805',#8261,#8257,#2240,.T.);
#12615=EDGE_CURVE('146771',#8218,#8219,#2244,.T.);
#12617=EDGE_CURVE('146773',#8225,#8219,#2248,.T.);
#12619=EDGE_CURVE('146775',#8229,#8225,#2252,.T.);
#12622=EDGE_CURVE('146741',#8186,#8187,#2256,.T.);
#12624=EDGE_CURVE('146743',#8193,#8187,#2260,.T.);
#12626=EDGE_CURVE('146745',#8197,#8193,#2264,.T.);
#12629=EDGE_CURVE('146711',#8154,#8155,#2268,.T.);
#12631=EDGE_CURVE('146713',#8161,#8155,#2272,.T.);
#12633=EDGE_CURVE('146715',#8165,#8161,#2276,.T.);
#12636=EDGE_CURVE('146681',#8122,#8123,#2280,.T.);
#12638=EDGE_CURVE('146683',#8129,#8123,#2284,.T.);
#12640=EDGE_CURVE('146685',#8133,#8129,#2288,.T.);
#12643=EDGE_CURVE('146651',#8090,#8091,#2292,.T.);
#12645=EDGE_CURVE('146653',#8097,#8091,#2296,.T.);
#12647=EDGE_CURVE('146655',#8101,#8097,#2300,.T.);
#12650=EDGE_CURVE('146621',#8056,#8057,#2304,.T.);
#12652=EDGE_CURVE('146623',#8063,#8057,#2308,.T.);
#12654=EDGE_CURVE('146625',#8067,#8063,#2312,.T.);
#12659=EDGE_CURVE('158641',#8087,#9654,#4076,.T.);
#12662=EDGE_CURVE('146626',#8065,#8069,#2332,.T.);
#12664=EDGE_CURVE('146624',#8060,#8065,#2336,.T.);
#12666=EDGE_CURVE('146622',#8060,#8061,#2340,.T.);
#12669=EDGE_CURVE('146656',#8099,#8103,#2348,.T.);
#12671=EDGE_CURVE('146654',#8094,#8099,#2352,.T.);
#12673=EDGE_CURVE('146652',#8094,#8095,#2356,.T.);
#12676=EDGE_CURVE('146686',#8131,#8135,#2364,.T.);
#12678=EDGE_CURVE('146684',#8126,#8131,#2368,.T.);
#12680=EDGE_CURVE('146682',#8126,#8127,#2372,.T.);
#12683=EDGE_CURVE('146716',#8163,#8167,#2380,.T.);
#12685=EDGE_CURVE('146714',#8158,#8163,#2384,.T.);
#12687=EDGE_CURVE('146712',#8158,#8159,#2388,.T.);
#12690=EDGE_CURVE('146746',#8195,#8199,#2396,.T.);
#12692=EDGE_CURVE('146744',#8190,#8195,#2400,.T.);
#12694=EDGE_CURVE('146742',#8190,#8191,#2404,.T.);
#12697=EDGE_CURVE('146776',#8227,#8231,#2412,.T.);
#12699=EDGE_CURVE('146774',#8222,#8227,#2416,.T.);
#12701=EDGE_CURVE('146772',#8222,#8223,#2420,.T.);
#12704=EDGE_CURVE('146806',#8259,#8263,#2428,.T.);
#12706=EDGE_CURVE('146804',#8254,#8259,#2432,.T.);
#12708=EDGE_CURVE('146802',#8254,#8255,#2436,.T.);
#12711=EDGE_CURVE('146836',#8291,#8295,#2444,.T.);
#12713=EDGE_CURVE('146834',#8286,#8291,#2448,.T.);
#12717=EDGE_CURVE('154864',#9060,#9061,#2456,.T.);
#12719=EDGE_CURVE('154866',#9065,#9061,#2460,.T.);
#12721=EDGE_CURVE('154868',#9069,#9065,#2464,.T.);
#12724=EDGE_CURVE('154834',#9028,#9029,#2472,.T.);
#12726=EDGE_CURVE('154836',#9033,#9029,#2476,.T.);
#12728=EDGE_CURVE('154838',#9037,#9033,#2480,.T.);
#12731=EDGE_CURVE('154804',#8996,#8997,#2488,.T.);
#12733=EDGE_CURVE('154806',#9001,#8997,#2492,.T.);
#12735=EDGE_CURVE('154808',#9005,#9001,#2496,.T.);
#12738=EDGE_CURVE('154774',#8964,#8965,#2504,.T.);
#12740=EDGE_CURVE('154776',#8969,#8965,#2508,.T.);
#12742=EDGE_CURVE('154778',#8973,#8969,#2512,.T.);
#12745=EDGE_CURVE('154744',#8932,#8933,#2520,.T.);
#12747=EDGE_CURVE('154746',#8937,#8933,#2524,.T.);
#12749=EDGE_CURVE('154748',#8941,#8937,#2528,.T.);
#12752=EDGE_CURVE('154717',#8900,#8901,#2536,.T.);
#12754=EDGE_CURVE('154719',#8905,#8901,#2540,.T.);
#12756=EDGE_CURVE('154721',#8909,#8905,#2544,.T.);
#12759=EDGE_CURVE('157639',#9484,#9485,#2552,.T.);
#12761=EDGE_CURVE('157641',#9484,#9489,#2556,.T.);
#12763=EDGE_CURVE('157643',#9489,#9493,#2560,.T.);
#12766=EDGE_CURVE('157609',#9450,#9451,#2568,.T.);
#12768=EDGE_CURVE('157611',#9450,#9455,#2572,.T.);
#12770=EDGE_CURVE('157613',#9455,#9459,#2576,.T.);
#12773=EDGE_CURVE('158690',#9477,#9670,#6184,.T.);
#12778=EDGE_CURVE('157612',#9457,#9453,#2596,.T.);
#12780=EDGE_CURVE('157610',#9453,#9447,#2600,.T.);
#12782=EDGE_CURVE('157608',#9446,#9447,#2604,.T.);
#12785=EDGE_CURVE('157642',#9491,#9487,#2608,.T.);
#12787=EDGE_CURVE('157640',#9487,#9481,#2612,.T.);
#12789=EDGE_CURVE('157638',#9480,#9481,#2616,.T.);
#12792=EDGE_CURVE('154720',#8903,#8907,#2620,.T.);
#12794=EDGE_CURVE('154718',#8896,#8903,#2624,.T.);
#12796=EDGE_CURVE('154716',#8896,#8897,#2628,.T.);
#12799=EDGE_CURVE('154747',#8935,#8939,#2632,.T.);
#12801=EDGE_CURVE('154745',#8928,#8935,#2636,.T.);
#12803=EDGE_CURVE('154743',#8928,#8929,#2640,.T.);
#12806=EDGE_CURVE('154777',#8967,#8971,#2644,.T.);
#12808=EDGE_CURVE('154775',#8960,#8967,#2648,.T.);
#12810=EDGE_CURVE('154773',#8960,#8961,#2652,.T.);
#12813=EDGE_CURVE('154807',#8999,#9003,#2656,.T.);
#12815=EDGE_CURVE('154805',#8992,#8999,#2660,.T.);
#12817=EDGE_CURVE('154803',#8992,#8993,#2664,.T.);
#12820=EDGE_CURVE('154837',#9031,#9035,#2668,.T.);
#12822=EDGE_CURVE('154835',#9024,#9031,#2672,.T.);
#12824=EDGE_CURVE('154833',#9024,#9025,#2676,.T.);
#12827=EDGE_CURVE('154867',#9063,#9067,#2680,.T.);
#12829=EDGE_CURVE('154865',#9056,#9063,#2684,.T.);
#12831=EDGE_CURVE('154863',#9056,#9057,#2688,.T.);
#12843=EDGE_CURVE('145540',#7505,#7485,#2692,.T.);
#12845=EDGE_CURVE('146857',#7505,#8289,#2704,.T.);
#12856=EDGE_CURVE('145541',#7507,#7484,#2696,.T.);
#12858=EDGE_CURVE('145542',#7507,#7505,#2708,.T.);
#12871=EDGE_CURVE('145544',#7509,#7507,#2712,.T.);
#12897=EDGE_CURVE('146505',#7511,#8047,#2716,.T.);
#12899=EDGE_CURVE('145546',#7511,#7493,#2720,.T.);
#12901=EDGE_CURVE('145529',#7491,#7493,#2724,.T.);
#12903=EDGE_CURVE('145532',#7491,#7495,#2728,.T.);
#12905=EDGE_CURVE('145534',#7497,#7495,#2732,.T.);
#12907=EDGE_CURVE('145536',#7497,#7499,#2736,.T.);
#12909=EDGE_CURVE('146854',#7499,#8311,#2740,.T.);
#12912=EDGE_CURVE('146855',#8309,#7501,#2744,.T.);
#12914=EDGE_CURVE('145539',#7501,#7503,#2748,.T.);
#12916=EDGE_CURVE('146856',#8307,#7503,#2752,.T.);
#12928=EDGE_CURVE('147850',#8413,#8291,#2760,.T.);
#12941=EDGE_CURVE('145545',#7511,#7489,#2776,.T.);
#12954=EDGE_CURVE('145530',#7471,#7493,#2772,.T.);
#12967=EDGE_CURVE('145528',#7491,#7470,#2784,.T.);
#12980=EDGE_CURVE('145531',#7495,#7473,#2788,.T.);
#12993=EDGE_CURVE('145533',#7497,#7475,#2796,.T.);
#13006=EDGE_CURVE('145535',#7499,#7477,#2800,.T.);
#13032=EDGE_CURVE('145537',#7501,#7480,#2824,.T.);
#13056=EDGE_CURVE('145538',#7503,#7481,#2828,.T.);
#13080=EDGE_CURVE('146498',#8033,#7531,#2832,.T.);
#13082=EDGE_CURVE('145553',#7531,#7528,#2836,.T.);
#13084=EDGE_CURVE('145552',#7528,#7529,#2840,.T.);
#13086=EDGE_CURVE('146823',#7529,#8251,#2844,.T.);
#13099=EDGE_CURVE('146499',#7533,#8035,#2940,.T.);
#13102=EDGE_CURVE('146822',#8273,#7525,#2848,.T.);
#13104=EDGE_CURVE('145551',#7524,#7525,#2996,.T.);
#13106=EDGE_CURVE('146821',#8271,#7524,#2984,.T.);
#13109=EDGE_CURVE('146820',#7521,#8270,#2980,.T.);
#13111=EDGE_CURVE('145550',#7519,#7521,#2968,.T.);
#13113=EDGE_CURVE('145549',#7519,#7517,#2852,.T.);
#13115=EDGE_CURVE('145548',#7514,#7517,#2956,.T.);
#13117=EDGE_CURVE('145547',#7514,#7515,#2856,.T.);
#13119=EDGE_CURVE('145554',#7533,#7515,#2944,.T.);
#13132=EDGE_CURVE('147847',#8405,#8254,#2992,.T.);
#13144=EDGE_CURVE('146500',#8037,#7553,#2868,.T.);
#13146=EDGE_CURVE('145570',#7553,#7531,#2864,.T.);
#13160=EDGE_CURVE('146827',#7549,#8257,#2872,.T.);
#13162=EDGE_CURVE('145569',#7551,#7549,#2876,.T.);
#13164=EDGE_CURVE('145571',#7553,#7551,#2880,.T.);
#13174=EDGE_CURVE('146501',#7555,#8039,#2884,.T.);
#13176=EDGE_CURVE('145573',#7555,#7537,#2888,.T.);
#13178=EDGE_CURVE('145556',#7535,#7537,#2892,.T.);
#13180=EDGE_CURVE('145559',#7535,#7539,#2896,.T.);
#13182=EDGE_CURVE('145561',#7541,#7539,#2900,.T.);
#13184=EDGE_CURVE('145563',#7541,#7543,#2904,.T.);
#13186=EDGE_CURVE('146824',#7543,#8279,#2908,.T.);
#13189=EDGE_CURVE('146825',#8277,#7545,#2912,.T.);
#13191=EDGE_CURVE('145566',#7545,#7547,#2916,.T.);
#13193=EDGE_CURVE('146826',#8275,#7547,#2920,.T.);
#13205=EDGE_CURVE('147848',#8407,#8259,#2928,.T.);
#13219=EDGE_CURVE('145567',#7549,#7529,#2932,.T.);
#13231=EDGE_CURVE('145568',#7551,#7528,#2936,.T.);
#13256=EDGE_CURVE('145572',#7555,#7533,#2952,.T.);
#13269=EDGE_CURVE('145557',#7515,#7537,#2948,.T.);
#13282=EDGE_CURVE('145555',#7535,#7514,#2960,.T.);
#13295=EDGE_CURVE('145558',#7539,#7517,#2964,.T.);
#13308=EDGE_CURVE('145560',#7541,#7519,#2972,.T.);
#13321=EDGE_CURVE('145562',#7543,#7521,#2976,.T.);
#13347=EDGE_CURVE('145564',#7545,#7524,#3000,.T.);
#13371=EDGE_CURVE('145565',#7547,#7525,#3004,.T.);
#13395=EDGE_CURVE('146494',#8025,#7575,#3008,.T.);
#13397=EDGE_CURVE('145580',#7575,#7572,#3012,.T.);
#13399=EDGE_CURVE('145579',#7572,#7573,#3016,.T.);
#13401=EDGE_CURVE('146793',#7573,#8219,#3020,.T.);
#13414=EDGE_CURVE('146495',#7577,#8027,#3116,.T.);
#13417=EDGE_CURVE('146792',#8241,#7569,#3024,.T.);
#13419=EDGE_CURVE('145578',#7568,#7569,#3172,.T.);
#13421=EDGE_CURVE('146791',#8239,#7568,#3160,.T.);
#13424=EDGE_CURVE('146790',#7565,#8238,#3156,.T.);
#13426=EDGE_CURVE('145577',#7563,#7565,#3144,.T.);
#13428=EDGE_CURVE('145576',#7563,#7561,#3028,.T.);
#13430=EDGE_CURVE('145575',#7558,#7561,#3132,.T.);
#13432=EDGE_CURVE('145574',#7558,#7559,#3032,.T.);
#13434=EDGE_CURVE('145581',#7577,#7559,#3120,.T.);
#13447=EDGE_CURVE('147845',#8401,#8222,#3168,.T.);
#13459=EDGE_CURVE('146496',#8029,#7597,#3044,.T.);
#13461=EDGE_CURVE('145597',#7597,#7575,#3040,.T.);
#13475=EDGE_CURVE('146797',#7593,#8225,#3048,.T.);
#13477=EDGE_CURVE('145596',#7595,#7593,#3052,.T.);
#13479=EDGE_CURVE('145598',#7597,#7595,#3056,.T.);
#13489=EDGE_CURVE('146497',#7599,#8031,#3060,.T.);
#13491=EDGE_CURVE('145600',#7599,#7581,#3064,.T.);
#13493=EDGE_CURVE('145583',#7579,#7581,#3068,.T.);
#13495=EDGE_CURVE('145586',#7579,#7583,#3072,.T.);
#13497=EDGE_CURVE('145588',#7585,#7583,#3076,.T.);
#13499=EDGE_CURVE('145590',#7585,#7587,#3080,.T.);
#13501=EDGE_CURVE('146794',#7587,#8247,#3084,.T.);
#13504=EDGE_CURVE('146795',#8245,#7589,#3088,.T.);
#13506=EDGE_CURVE('145593',#7589,#7591,#3092,.T.);
#13508=EDGE_CURVE('146796',#8243,#7591,#3096,.T.);
#13520=EDGE_CURVE('147846',#8403,#8227,#3104,.T.);
#13534=EDGE_CURVE('145594',#7593,#7573,#3108,.T.);
#13546=EDGE_CURVE('145595',#7595,#7572,#3112,.T.);
#13571=EDGE_CURVE('145599',#7599,#7577,#3128,.T.);
#13584=EDGE_CURVE('145584',#7559,#7581,#3124,.T.);
#13597=EDGE_CURVE('145582',#7579,#7558,#3136,.T.);
#13610=EDGE_CURVE('145585',#7583,#7561,#3140,.T.);
#13623=EDGE_CURVE('145587',#7585,#7563,#3148,.T.);
#13636=EDGE_CURVE('145589',#7587,#7565,#3152,.T.);
#13662=EDGE_CURVE('145591',#7589,#7568,#3176,.T.);
#13686=EDGE_CURVE('145592',#7591,#7569,#3180,.T.);
#13710=EDGE_CURVE('146490',#8017,#7619,#3184,.T.);
#13712=EDGE_CURVE('145607',#7619,#7616,#3188,.T.);
#13714=EDGE_CURVE('145606',#7616,#7617,#3192,.T.);
#13716=EDGE_CURVE('146763',#7617,#8187,#3196,.T.);
#13729=EDGE_CURVE('146491',#7621,#8019,#3292,.T.);
#13732=EDGE_CURVE('146762',#8209,#7613,#3200,.T.);
#13734=EDGE_CURVE('145605',#7612,#7613,#3348,.T.);
#13736=EDGE_CURVE('146761',#8207,#7612,#3336,.T.);
#13739=EDGE_CURVE('146760',#7609,#8206,#3332,.T.);
#13741=EDGE_CURVE('145604',#7607,#7609,#3320,.T.);
#13743=EDGE_CURVE('145603',#7607,#7605,#3204,.T.);
#13745=EDGE_CURVE('145602',#7602,#7605,#3308,.T.);
#13747=EDGE_CURVE('145601',#7602,#7603,#3208,.T.);
#13749=EDGE_CURVE('145608',#7621,#7603,#3296,.T.);
#13762=EDGE_CURVE('147843',#8397,#8190,#3344,.T.);
#13774=EDGE_CURVE('146492',#8021,#7641,#3220,.T.);
#13776=EDGE_CURVE('145624',#7641,#7619,#3216,.T.);
#13790=EDGE_CURVE('146767',#7637,#8193,#3224,.T.);
#13792=EDGE_CURVE('145623',#7639,#7637,#3228,.T.);
#13794=EDGE_CURVE('145625',#7641,#7639,#3232,.T.);
#13804=EDGE_CURVE('146493',#7643,#8023,#3236,.T.);
#13806=EDGE_CURVE('145627',#7643,#7625,#3240,.T.);
#13808=EDGE_CURVE('145610',#7623,#7625,#3244,.T.);
#13810=EDGE_CURVE('145613',#7623,#7627,#3248,.T.);
#13812=EDGE_CURVE('145615',#7629,#7627,#3252,.T.);
#13814=EDGE_CURVE('145617',#7629,#7631,#3256,.T.);
#13816=EDGE_CURVE('146764',#7631,#8215,#3260,.T.);
#13819=EDGE_CURVE('146765',#8213,#7633,#3264,.T.);
#13821=EDGE_CURVE('145620',#7633,#7635,#3268,.T.);
#13823=EDGE_CURVE('146766',#8211,#7635,#3272,.T.);
#13835=EDGE_CURVE('147844',#8399,#8195,#3280,.T.);
#13849=EDGE_CURVE('145621',#7637,#7617,#3284,.T.);
#13861=EDGE_CURVE('145622',#7639,#7616,#3288,.T.);
#13886=EDGE_CURVE('145626',#7643,#7621,#3304,.T.);
#13899=EDGE_CURVE('145611',#7603,#7625,#3300,.T.);
#13912=EDGE_CURVE('145609',#7623,#7602,#3312,.T.);
#13925=EDGE_CURVE('145612',#7627,#7605,#3316,.T.);
#13938=EDGE_CURVE('145614',#7629,#7607,#3324,.T.);
#13951=EDGE_CURVE('145616',#7631,#7609,#3328,.T.);
#13977=EDGE_CURVE('145618',#7633,#7612,#3352,.T.);
#14001=EDGE_CURVE('145619',#7635,#7613,#3356,.T.);
#14025=EDGE_CURVE('146486',#8009,#7443,#3360,.T.);
#14027=EDGE_CURVE('145445',#7443,#7440,#3364,.T.);
#14029=EDGE_CURVE('145444',#7440,#7441,#3368,.T.);
#14031=EDGE_CURVE('146733',#7441,#8155,#3372,.T.);
#14044=EDGE_CURVE('146487',#7445,#8011,#3468,.T.);
#14047=EDGE_CURVE('146732',#8177,#7437,#3376,.T.);
#14049=EDGE_CURVE('145443',#7436,#7437,#3524,.T.);
#14051=EDGE_CURVE('146731',#8175,#7436,#3512,.T.);
#14054=EDGE_CURVE('146730',#7433,#8174,#3508,.T.);
#14056=EDGE_CURVE('145442',#7431,#7433,#3496,.T.);
#14058=EDGE_CURVE('145441',#7431,#7429,#3380,.T.);
#14060=EDGE_CURVE('145440',#7426,#7429,#3484,.T.);
#14062=EDGE_CURVE('145439',#7426,#7427,#3384,.T.);
#14064=EDGE_CURVE('145446',#7445,#7427,#3472,.T.);
#14077=EDGE_CURVE('147841',#8393,#8158,#3520,.T.);
#14089=EDGE_CURVE('146488',#8013,#7465,#3396,.T.);
#14091=EDGE_CURVE('145462',#7465,#7443,#3392,.T.);
#14105=EDGE_CURVE('146737',#7461,#8161,#3400,.T.);
#14107=EDGE_CURVE('145461',#7463,#7461,#3404,.T.);
#14109=EDGE_CURVE('145463',#7465,#7463,#3408,.T.);
#14119=EDGE_CURVE('146489',#7467,#8015,#3412,.T.);
#14121=EDGE_CURVE('145465',#7467,#7449,#3416,.T.);
#14123=EDGE_CURVE('145448',#7447,#7449,#3420,.T.);
#14125=EDGE_CURVE('145451',#7447,#7451,#3424,.T.);
#14127=EDGE_CURVE('145453',#7453,#7451,#3428,.T.);
#14129=EDGE_CURVE('145455',#7453,#7455,#3432,.T.);
#14131=EDGE_CURVE('146734',#7455,#8183,#3436,.T.);
#14134=EDGE_CURVE('146735',#8181,#7457,#3440,.T.);
#14136=EDGE_CURVE('145458',#7457,#7459,#3444,.T.);
#14138=EDGE_CURVE('146736',#8179,#7459,#3448,.T.);
#14150=EDGE_CURVE('147842',#8395,#8163,#3456,.T.);
#14164=EDGE_CURVE('145459',#7461,#7441,#3460,.T.);
#14176=EDGE_CURVE('145460',#7463,#7440,#3464,.T.);
#14201=EDGE_CURVE('145464',#7467,#7445,#3480,.T.);
#14214=EDGE_CURVE('145449',#7427,#7449,#3476,.T.);
#14227=EDGE_CURVE('145447',#7447,#7426,#3488,.T.);
#14240=EDGE_CURVE('145450',#7451,#7429,#3492,.T.);
#14253=EDGE_CURVE('145452',#7453,#7431,#3500,.T.);
#14266=EDGE_CURVE('145454',#7455,#7433,#3504,.T.);
#14292=EDGE_CURVE('145456',#7457,#7436,#3528,.T.);
#14316=EDGE_CURVE('145457',#7459,#7437,#3532,.T.);
#14340=EDGE_CURVE('146482',#8001,#7399,#3536,.T.);
#14342=EDGE_CURVE('145175',#7399,#7396,#3540,.T.);
#14344=EDGE_CURVE('145174',#7396,#7397,#3544,.T.);
#14346=EDGE_CURVE('146703',#7397,#8123,#3548,.T.);
#14359=EDGE_CURVE('146483',#7401,#8003,#3644,.T.);
#14362=EDGE_CURVE('146702',#8145,#7393,#3552,.T.);
#14364=EDGE_CURVE('145173',#7392,#7393,#3700,.T.);
#14366=EDGE_CURVE('146701',#8143,#7392,#3688,.T.);
#14369=EDGE_CURVE('146700',#7389,#8142,#3684,.T.);
#14371=EDGE_CURVE('145172',#7387,#7389,#3672,.T.);
#14373=EDGE_CURVE('145171',#7387,#7385,#3556,.T.);
#14375=EDGE_CURVE('145170',#7382,#7385,#3660,.T.);
#14377=EDGE_CURVE('145169',#7382,#7383,#3560,.T.);
#14379=EDGE_CURVE('145176',#7401,#7383,#3648,.T.);
#14392=EDGE_CURVE('147839',#8389,#8126,#3696,.T.);
#14404=EDGE_CURVE('146484',#8005,#7421,#3572,.T.);
#14406=EDGE_CURVE('145192',#7421,#7399,#3568,.T.);
#14420=EDGE_CURVE('146707',#7417,#8129,#3576,.T.);
#14422=EDGE_CURVE('145191',#7419,#7417,#3580,.T.);
#14424=EDGE_CURVE('145193',#7421,#7419,#3584,.T.);
#14434=EDGE_CURVE('146485',#7423,#8007,#3588,.T.);
#14436=EDGE_CURVE('145195',#7423,#7405,#3592,.T.);
#14438=EDGE_CURVE('145178',#7403,#7405,#3596,.T.);
#14440=EDGE_CURVE('145181',#7403,#7407,#3600,.T.);
#14442=EDGE_CURVE('145183',#7409,#7407,#3604,.T.);
#14444=EDGE_CURVE('145185',#7409,#7411,#3608,.T.);
#14446=EDGE_CURVE('146704',#7411,#8151,#3612,.T.);
#14449=EDGE_CURVE('146705',#8149,#7413,#3616,.T.);
#14451=EDGE_CURVE('145188',#7413,#7415,#3620,.T.);
#14453=EDGE_CURVE('146706',#8147,#7415,#3624,.T.);
#14465=EDGE_CURVE('147840',#8391,#8131,#3632,.T.);
#14479=EDGE_CURVE('145189',#7417,#7397,#3636,.T.);
#14491=EDGE_CURVE('145190',#7419,#7396,#3640,.T.);
#14516=EDGE_CURVE('145194',#7423,#7401,#3656,.T.);
#14529=EDGE_CURVE('145179',#7383,#7405,#3652,.T.);
#14542=EDGE_CURVE('145177',#7403,#7382,#3664,.T.);
#14555=EDGE_CURVE('145180',#7407,#7385,#3668,.T.);
#14568=EDGE_CURVE('145182',#7409,#7387,#3676,.T.);
#14581=EDGE_CURVE('145184',#7411,#7389,#3680,.T.);
#14607=EDGE_CURVE('145186',#7413,#7392,#3704,.T.);
#14631=EDGE_CURVE('145187',#7415,#7393,#3708,.T.);
#14655=EDGE_CURVE('146478',#7993,#7355,#3712,.T.);
#14657=EDGE_CURVE('144878',#7355,#7352,#3716,.T.);
#14659=EDGE_CURVE('144877',#7352,#7353,#3720,.T.);
#14661=EDGE_CURVE('146673',#7353,#8091,#3724,.T.);
#14674=EDGE_CURVE('146479',#7357,#7995,#3820,.T.);
#14677=EDGE_CURVE('146672',#8113,#7349,#3728,.T.);
#14679=EDGE_CURVE('144876',#7348,#7349,#3876,.T.);
#14681=EDGE_CURVE('146671',#8111,#7348,#3864,.T.);
#14684=EDGE_CURVE('146670',#7345,#8110,#3860,.T.);
#14686=EDGE_CURVE('144875',#7343,#7345,#3848,.T.);
#14688=EDGE_CURVE('144874',#7343,#7341,#3732,.T.);
#14690=EDGE_CURVE('144873',#7338,#7341,#3836,.T.);
#14692=EDGE_CURVE('144872',#7338,#7339,#3736,.T.);
#14694=EDGE_CURVE('144879',#7357,#7339,#3824,.T.);
#14707=EDGE_CURVE('147837',#8385,#8094,#3872,.T.);
#14719=EDGE_CURVE('146480',#7997,#7377,#3748,.T.);
#14721=EDGE_CURVE('144895',#7377,#7355,#3744,.T.);
#14735=EDGE_CURVE('146677',#7373,#8097,#3752,.T.);
#14737=EDGE_CURVE('144894',#7375,#7373,#3756,.T.);
#14739=EDGE_CURVE('144896',#7377,#7375,#3760,.T.);
#14749=EDGE_CURVE('146481',#7379,#7999,#3764,.T.);
#14751=EDGE_CURVE('144898',#7379,#7361,#3768,.T.);
#14753=EDGE_CURVE('144881',#7359,#7361,#3772,.T.);
#14755=EDGE_CURVE('144884',#7359,#7363,#3776,.T.);
#14757=EDGE_CURVE('144886',#7365,#7363,#3780,.T.);
#14759=EDGE_CURVE('144888',#7365,#7367,#3784,.T.);
#14761=EDGE_CURVE('146674',#7367,#8119,#3788,.T.);
#14764=EDGE_CURVE('146675',#8117,#7369,#3792,.T.);
#14766=EDGE_CURVE('144891',#7369,#7371,#3796,.T.);
#14768=EDGE_CURVE('146676',#8115,#7371,#3800,.T.);
#14780=EDGE_CURVE('147838',#8387,#8099,#3808,.T.);
#14794=EDGE_CURVE('144892',#7373,#7353,#3812,.T.);
#14806=EDGE_CURVE('144893',#7375,#7352,#3816,.T.);
#14831=EDGE_CURVE('144897',#7379,#7357,#3832,.T.);
#14844=EDGE_CURVE('144882',#7339,#7361,#3828,.T.);
#14857=EDGE_CURVE('144880',#7359,#7338,#3840,.T.);
#14870=EDGE_CURVE('144883',#7363,#7341,#3844,.T.);
#14883=EDGE_CURVE('144885',#7365,#7343,#3852,.T.);
#14896=EDGE_CURVE('144887',#7367,#7345,#3856,.T.);
#14922=EDGE_CURVE('144889',#7369,#7348,#3880,.T.);
#14946=EDGE_CURVE('144890',#7371,#7349,#3884,.T.);
#14970=EDGE_CURVE('146474',#7985,#7311,#3888,.T.);
#14972=EDGE_CURVE('144851',#7311,#7308,#3892,.T.);
#14974=EDGE_CURVE('144850',#7308,#7309,#3896,.T.);
#14976=EDGE_CURVE('146643',#7309,#8057,#3900,.T.);
#14989=EDGE_CURVE('146475',#7313,#7987,#3996,.T.);
#14992=EDGE_CURVE('146642',#8079,#7305,#3904,.T.);
#14994=EDGE_CURVE('144849',#7304,#7305,#4052,.T.);
#14996=EDGE_CURVE('146641',#8077,#7304,#4040,.T.);
#14999=EDGE_CURVE('146640',#7301,#8076,#4036,.T.);
#15001=EDGE_CURVE('144848',#7299,#7301,#4024,.T.);
#15003=EDGE_CURVE('144847',#7299,#7297,#3908,.T.);
#15005=EDGE_CURVE('144846',#7294,#7297,#4012,.T.);
#15007=EDGE_CURVE('144845',#7294,#7295,#3912,.T.);
#15009=EDGE_CURVE('144852',#7313,#7295,#4000,.T.);
#15022=EDGE_CURVE('147835',#8381,#8060,#4048,.T.);
#15034=EDGE_CURVE('146476',#7989,#7333,#3924,.T.);
#15036=EDGE_CURVE('144868',#7333,#7311,#3920,.T.);
#15050=EDGE_CURVE('146647',#7329,#8063,#3928,.T.);
#15052=EDGE_CURVE('144867',#7331,#7329,#3932,.T.);
#15054=EDGE_CURVE('144869',#7333,#7331,#3936,.T.);
#15064=EDGE_CURVE('146477',#7335,#7991,#3940,.T.);
#15066=EDGE_CURVE('144871',#7335,#7317,#3944,.T.);
#15068=EDGE_CURVE('144854',#7315,#7317,#3948,.T.);
#15070=EDGE_CURVE('144857',#7315,#7319,#3952,.T.);
#15072=EDGE_CURVE('144859',#7321,#7319,#3956,.T.);
#15074=EDGE_CURVE('144861',#7321,#7323,#3960,.T.);
#15076=EDGE_CURVE('146644',#7323,#8085,#3964,.T.);
#15079=EDGE_CURVE('146645',#8083,#7325,#3968,.T.);
#15081=EDGE_CURVE('144864',#7325,#7327,#3972,.T.);
#15083=EDGE_CURVE('146646',#8081,#7327,#3976,.T.);
#15095=EDGE_CURVE('147836',#8383,#8065,#3984,.T.);
#15109=EDGE_CURVE('144865',#7329,#7309,#3988,.T.);
#15121=EDGE_CURVE('144866',#7331,#7308,#3992,.T.);
#15146=EDGE_CURVE('144870',#7335,#7313,#4008,.T.);
#15159=EDGE_CURVE('144855',#7295,#7317,#4004,.T.);
#15172=EDGE_CURVE('144853',#7315,#7294,#4016,.T.);
#15185=EDGE_CURVE('144856',#7319,#7297,#4020,.T.);
#15198=EDGE_CURVE('144858',#7321,#7299,#4028,.T.);
#15211=EDGE_CURVE('144860',#7323,#7301,#4032,.T.);
#15237=EDGE_CURVE('144862',#7325,#7304,#4056,.T.);
#15261=EDGE_CURVE('144863',#7327,#7305,#4060,.T.);
#15297=EDGE_CURVE('154684',#8545,#8887,#4080,.T.);
#15302=EDGE_CURVE('154885',#9056,#8542,#4084,.T.);
#15304=EDGE_CURVE('154327',#8542,#8543,#4088,.T.);
#15306=EDGE_CURVE('154328',#8543,#8545,#4092,.T.);
#15316=EDGE_CURVE('154685',#8889,#8547,#4188,.T.);
#15318=EDGE_CURVE('154329',#8528,#8547,#6144,.T.);
#15320=EDGE_CURVE('154322',#8528,#8529,#4096,.T.);
#15322=EDGE_CURVE('154323',#8531,#8529,#6136,.T.);
#15324=EDGE_CURVE('154324',#8531,#8533,#4100,.T.);
#15326=EDGE_CURVE('154325',#8535,#8533,#6124,.T.);
#15328=EDGE_CURVE('154882',#9077,#8535,#6116,.T.);
#15330=EDGE_CURVE('154874',#9076,#9077,#4196,.T.);
#15332=EDGE_CURVE('154883',#8539,#9076,#6156,.T.);
#15334=EDGE_CURVE('154326',#8538,#8539,#6168,.T.);
#15336=EDGE_CURVE('154884',#8538,#9079,#4104,.T.);
#15338=EDGE_CURVE('154875',#8889,#9079,#4212,.T.);
#15349=EDGE_CURVE('155168',#9061,#9131,#6164,.T.);
#15362=EDGE_CURVE('154345',#8545,#8567,#4112,.T.);
#15364=EDGE_CURVE('154686',#8567,#8891,#4124,.T.);
#15376=EDGE_CURVE('154343',#8543,#8565,#4116,.T.);
#15378=EDGE_CURVE('154346',#8565,#8567,#4128,.T.);
#15390=EDGE_CURVE('154342',#8542,#8563,#4120,.T.);
#15392=EDGE_CURVE('154344',#8563,#8565,#4132,.T.);
#15404=EDGE_CURVE('154889',#9063,#8563,#4136,.T.);
#15431=EDGE_CURVE('154687',#8893,#8569,#4140,.T.);
#15433=EDGE_CURVE('154881',#8893,#9081,#4220,.T.);
#15435=EDGE_CURVE('154888',#8561,#9081,#4144,.T.);
#15437=EDGE_CURVE('154341',#8561,#8559,#4148,.T.);
#15439=EDGE_CURVE('154887',#8559,#9083,#4152,.T.);
#15441=EDGE_CURVE('154880',#9083,#9085,#4204,.T.);
#15443=EDGE_CURVE('154886',#9085,#8557,#4156,.T.);
#15445=EDGE_CURVE('154338',#8557,#8555,#4160,.T.);
#15447=EDGE_CURVE('154336',#8553,#8555,#4164,.T.);
#15449=EDGE_CURVE('154334',#8553,#8549,#4168,.T.);
#15451=EDGE_CURVE('154331',#8551,#8549,#4172,.T.);
#15453=EDGE_CURVE('154348',#8551,#8569,#4176,.T.);
#15466=EDGE_CURVE('155169',#9065,#9133,#4184,.T.);
#15477=EDGE_CURVE('154876',#8893,#8889,#4224,.T.);
#15480=EDGE_CURVE('154347',#8547,#8569,#6148,.T.);
#15491=EDGE_CURVE('154529',#8775,#8707,#4240,.T.);
#15494=EDGE_CURVE('154531',#8777,#8709,#4252,.T.);
#15499=EDGE_CURVE('154879',#9077,#9085,#4200,.T.);
#15502=EDGE_CURVE('154878',#9083,#9076,#4208,.T.);
#15507=EDGE_CURVE('154877',#9079,#9081,#4216,.T.);
#15520=EDGE_CURVE('154641',#8705,#8801,#4232,.T.);
#15547=EDGE_CURVE('154642',#8803,#8711,#4260,.T.);
#15560=EDGE_CURVE('154643',#8805,#8713,#4268,.T.);
#15573=EDGE_CURVE('154644',#8715,#8807,#4276,.T.);
#15586=EDGE_CURVE('154645',#8717,#8809,#4284,.T.);
#15599=EDGE_CURVE('154532',#8779,#8719,#4292,.T.);
#15612=EDGE_CURVE('154534',#8781,#8721,#4336,.T.);
#15616=EDGE_CURVE('154844',#9044,#9045,#4300,.T.);
#15618=EDGE_CURVE('154849',#9045,#9053,#4304,.T.);
#15620=EDGE_CURVE('154850',#9051,#9053,#4308,.T.);
#15622=EDGE_CURVE('154848',#9051,#9044,#4312,.T.);
#15626=EDGE_CURVE('154845',#8881,#9047,#4316,.T.);
#15628=EDGE_CURVE('154847',#9047,#9049,#4320,.T.);
#15630=EDGE_CURVE('154851',#8885,#9049,#4324,.T.);
#15632=EDGE_CURVE('154846',#8885,#8881,#4328,.T.);
#15645=EDGE_CURVE('154646',#8811,#8723,#4344,.T.);
#15658=EDGE_CURVE('154647',#8813,#8725,#4352,.T.);
#15671=EDGE_CURVE('154648',#8727,#8815,#4360,.T.);
#15684=EDGE_CURVE('154649',#8729,#8817,#4368,.T.);
#15697=EDGE_CURVE('154535',#8783,#8731,#4376,.T.);
#15710=EDGE_CURVE('154537',#8785,#8733,#4420,.T.);
#15714=EDGE_CURVE('154814',#9012,#9013,#4384,.T.);
#15716=EDGE_CURVE('154819',#9013,#9021,#4388,.T.);
#15718=EDGE_CURVE('154820',#9019,#9021,#4392,.T.);
#15720=EDGE_CURVE('154818',#9019,#9012,#4396,.T.);
#15724=EDGE_CURVE('154815',#8873,#9015,#4400,.T.);
#15726=EDGE_CURVE('154817',#9015,#9017,#4404,.T.);
#15728=EDGE_CURVE('154821',#8877,#9017,#4408,.T.);
#15730=EDGE_CURVE('154816',#8877,#8873,#4412,.T.);
#15743=EDGE_CURVE('154650',#8819,#8735,#4428,.T.);
#15756=EDGE_CURVE('154651',#8821,#8737,#4436,.T.);
#15769=EDGE_CURVE('154652',#8739,#8823,#4444,.T.);
#15782=EDGE_CURVE('154653',#8741,#8825,#4452,.T.);
#15795=EDGE_CURVE('154538',#8787,#8743,#4460,.T.);
#15808=EDGE_CURVE('154540',#8789,#8745,#4504,.T.);
#15812=EDGE_CURVE('154784',#8980,#8981,#4468,.T.);
#15814=EDGE_CURVE('154789',#8981,#8989,#4472,.T.);
#15816=EDGE_CURVE('154790',#8987,#8989,#4476,.T.);
#15818=EDGE_CURVE('154788',#8987,#8980,#4480,.T.);
#15822=EDGE_CURVE('154785',#8865,#8983,#4484,.T.);
#15824=EDGE_CURVE('154787',#8983,#8985,#4488,.T.);
#15826=EDGE_CURVE('154791',#8869,#8985,#4492,.T.);
#15828=EDGE_CURVE('154786',#8869,#8865,#4496,.T.);
#15841=EDGE_CURVE('154654',#8827,#8747,#4512,.T.);
#15854=EDGE_CURVE('154655',#8829,#8749,#4520,.T.);
#15867=EDGE_CURVE('154656',#8751,#8831,#4528,.T.);
#15880=EDGE_CURVE('154657',#8753,#8833,#4536,.T.);
#15893=EDGE_CURVE('154541',#8791,#8755,#4544,.T.);
#15906=EDGE_CURVE('154543',#8793,#8757,#4588,.T.);
#15910=EDGE_CURVE('154754',#8948,#8949,#4552,.T.);
#15912=EDGE_CURVE('154759',#8949,#8957,#4556,.T.);
#15914=EDGE_CURVE('154760',#8955,#8957,#4560,.T.);
#15916=EDGE_CURVE('154758',#8955,#8948,#4564,.T.);
#15920=EDGE_CURVE('154755',#8857,#8951,#4568,.T.);
#15922=EDGE_CURVE('154757',#8951,#8953,#4572,.T.);
#15924=EDGE_CURVE('154761',#8861,#8953,#4576,.T.);
#15926=EDGE_CURVE('154756',#8861,#8857,#4580,.T.);
#15939=EDGE_CURVE('154658',#8835,#8759,#4596,.T.);
#15952=EDGE_CURVE('154659',#8837,#8761,#4604,.T.);
#15965=EDGE_CURVE('154660',#8763,#8839,#4612,.T.);
#15978=EDGE_CURVE('154661',#8765,#8841,#4620,.T.);
#15991=EDGE_CURVE('154544',#8795,#8767,#4628,.T.);
#16004=EDGE_CURVE('154546',#8797,#8769,#4672,.T.);
#16008=EDGE_CURVE('154727',#8916,#8917,#4636,.T.);
#16010=EDGE_CURVE('154732',#8917,#8925,#4640,.T.);
#16012=EDGE_CURVE('154733',#8923,#8925,#4644,.T.);
#16014=EDGE_CURVE('154731',#8923,#8916,#4648,.T.);
#16018=EDGE_CURVE('154728',#8849,#8919,#4652,.T.);
#16020=EDGE_CURVE('154730',#8919,#8921,#4656,.T.);
#16022=EDGE_CURVE('154734',#8853,#8921,#4660,.T.);
#16024=EDGE_CURVE('154729',#8853,#8849,#4664,.T.);
#16037=EDGE_CURVE('154662',#8843,#8771,#4680,.T.);
#16050=EDGE_CURVE('154663',#8845,#8773,#4688,.T.);
#16063=EDGE_CURVE('157576',#9401,#9365,#4696,.T.);
#16076=EDGE_CURVE('157577',#9400,#9364,#4704,.T.);
#16089=EDGE_CURVE('157558',#9367,#9391,#4712,.T.);
#16102=EDGE_CURVE('157560',#9369,#9393,#4756,.T.);
#16106=EDGE_CURVE('157649',#9500,#9501,#4720,.T.);
#16108=EDGE_CURVE('157654',#9509,#9500,#4724,.T.);
#16110=EDGE_CURVE('157655',#9509,#9507,#4728,.T.);
#16112=EDGE_CURVE('157653',#9501,#9507,#4732,.T.);
#16116=EDGE_CURVE('157650',#9503,#9433,#4736,.T.);
#16118=EDGE_CURVE('157652',#9505,#9503,#4740,.T.);
#16120=EDGE_CURVE('157656',#9505,#9437,#4744,.T.);
#16122=EDGE_CURVE('157651',#9433,#9437,#4748,.T.);
#16135=EDGE_CURVE('157578',#9371,#9403,#4764,.T.);
#16148=EDGE_CURVE('157579',#9373,#9405,#4772,.T.);
#16161=EDGE_CURVE('157580',#9407,#9375,#4780,.T.);
#16174=EDGE_CURVE('157581',#9409,#9377,#4788,.T.);
#16187=EDGE_CURVE('157561',#9379,#9395,#4796,.T.);
#16200=EDGE_CURVE('157563',#9381,#9397,#4840,.T.);
#16204=EDGE_CURVE('157619',#9466,#9467,#4804,.T.);
#16206=EDGE_CURVE('157624',#9475,#9466,#4808,.T.);
#16208=EDGE_CURVE('157625',#9475,#9473,#4812,.T.);
#16210=EDGE_CURVE('157623',#9467,#9473,#4816,.T.);
#16214=EDGE_CURVE('157620',#9469,#9425,#4820,.T.);
#16216=EDGE_CURVE('157622',#9471,#9469,#4824,.T.);
#16218=EDGE_CURVE('157626',#9471,#9429,#4828,.T.);
#16220=EDGE_CURVE('157621',#9425,#9429,#4832,.T.);
#16233=EDGE_CURVE('157582',#9383,#9411,#4848,.T.);
#16246=EDGE_CURVE('157583',#9385,#9413,#4856,.T.);
#16256=EDGE_CURVE('157584',#9415,#9387,#4864,.T.);
#16271=EDGE_CURVE('157585',#9417,#9389,#4876,.T.);
#16294=EDGE_CURVE('157588',#9423,#9177,#4884,.T.);
#16299=EDGE_CURVE('157630',#9175,#9447,#4888,.T.);
#16301=EDGE_CURVE('157348',#9174,#9175,#4892,.T.);
#16303=EDGE_CURVE('157349',#9177,#9174,#4896,.T.);
#16313=EDGE_CURVE('157589',#9179,#9425,#4992,.T.);
#16315=EDGE_CURVE('157350',#9179,#9161,#4996,.T.);
#16317=EDGE_CURVE('157343',#9160,#9161,#4900,.T.);
#16319=EDGE_CURVE('157344',#9160,#9163,#5008,.T.);
#16321=EDGE_CURVE('157345',#9165,#9163,#4904,.T.);
#16323=EDGE_CURVE('157346',#9165,#9167,#5020,.T.);
#16325=EDGE_CURVE('157627',#9167,#9466,#5028,.T.);
#16328=EDGE_CURVE('157628',#9467,#9170,#5048,.T.);
#16330=EDGE_CURVE('157347',#9170,#9171,#5040,.T.);
#16332=EDGE_CURVE('157629',#9469,#9171,#4908,.T.);
#16344=EDGE_CURVE('157767',#9551,#9450,#5056,.T.);
#16357=EDGE_CURVE('157366',#9199,#9177,#4916,.T.);
#16359=EDGE_CURVE('157590',#9427,#9199,#4928,.T.);
#16371=EDGE_CURVE('157364',#9197,#9174,#4920,.T.);
#16373=EDGE_CURVE('157367',#9199,#9197,#4932,.T.);
#16385=EDGE_CURVE('157363',#9195,#9175,#4924,.T.);
#16387=EDGE_CURVE('157365',#9197,#9195,#4936,.T.);
#16399=EDGE_CURVE('157634',#9195,#9453,#4940,.T.);
#16426=EDGE_CURVE('157591',#9201,#9429,#4944,.T.);
#16429=EDGE_CURVE('157633',#9471,#9193,#4948,.T.);
#16431=EDGE_CURVE('157362',#9191,#9193,#4952,.T.);
#16433=EDGE_CURVE('157632',#9473,#9191,#4956,.T.);
#16436=EDGE_CURVE('157631',#9189,#9475,#4960,.T.);
#16438=EDGE_CURVE('157359',#9187,#9189,#4964,.T.);
#16440=EDGE_CURVE('157357',#9187,#9185,#4968,.T.);
#16442=EDGE_CURVE('157355',#9181,#9185,#4972,.T.);
#16444=EDGE_CURVE('157352',#9181,#9183,#4976,.T.);
#16446=EDGE_CURVE('157369',#9201,#9183,#4980,.T.);
#16459=EDGE_CURVE('157768',#9553,#9455,#4988,.T.);
#16472=EDGE_CURVE('157368',#9201,#9179,#5000,.T.);
#16485=EDGE_CURVE('157353',#9161,#9183,#5004,.T.);
#16498=EDGE_CURVE('157351',#9181,#9160,#5012,.T.);
#16511=EDGE_CURVE('157354',#9185,#9163,#5016,.T.);
#16524=EDGE_CURVE('157356',#9187,#9165,#5024,.T.);
#16537=EDGE_CURVE('157358',#9189,#9167,#5032,.T.);
#16561=EDGE_CURVE('157361',#9193,#9171,#5036,.T.);
#16573=EDGE_CURVE('157360',#9191,#9170,#5044,.T.);
#16609=EDGE_CURVE('157592',#9431,#9221,#5060,.T.);
#16614=EDGE_CURVE('157660',#9219,#9481,#5064,.T.);
#16616=EDGE_CURVE('157375',#9218,#9219,#5068,.T.);
#16618=EDGE_CURVE('157376',#9221,#9218,#5072,.T.);
#16628=EDGE_CURVE('157593',#9223,#9433,#5168,.T.);
#16630=EDGE_CURVE('157377',#9223,#9205,#5172,.T.);
#16632=EDGE_CURVE('157370',#9204,#9205,#5076,.T.);
#16634=EDGE_CURVE('157371',#9204,#9207,#5184,.T.);
#16636=EDGE_CURVE('157372',#9209,#9207,#5080,.T.);
#16638=EDGE_CURVE('157373',#9209,#9211,#5196,.T.);
#16640=EDGE_CURVE('157657',#9211,#9500,#5204,.T.);
#16643=EDGE_CURVE('157658',#9501,#9214,#5224,.T.);
#16645=EDGE_CURVE('157374',#9214,#9215,#5216,.T.);
#16647=EDGE_CURVE('157659',#9503,#9215,#5084,.T.);
#16659=EDGE_CURVE('157769',#9556,#9484,#5232,.T.);
#16672=EDGE_CURVE('157393',#9243,#9221,#5092,.T.);
#16674=EDGE_CURVE('157594',#9435,#9243,#5104,.T.);
#16686=EDGE_CURVE('157391',#9241,#9218,#5096,.T.);
#16688=EDGE_CURVE('157394',#9243,#9241,#5108,.T.);
#16700=EDGE_CURVE('157390',#9239,#9219,#5100,.T.);
#16702=EDGE_CURVE('157392',#9241,#9239,#5112,.T.);
#16714=EDGE_CURVE('157664',#9239,#9487,#5116,.T.);
#16741=EDGE_CURVE('157595',#9245,#9437,#5120,.T.);
#16744=EDGE_CURVE('157663',#9505,#9237,#5124,.T.);
#16746=EDGE_CURVE('157389',#9235,#9237,#5128,.T.);
#16748=EDGE_CURVE('157662',#9507,#9235,#5132,.T.);
#16751=EDGE_CURVE('157661',#9233,#9509,#5136,.T.);
#16753=EDGE_CURVE('157386',#9231,#9233,#5140,.T.);
#16755=EDGE_CURVE('157384',#9231,#9229,#5144,.T.);
#16757=EDGE_CURVE('157382',#9225,#9229,#5148,.T.);
#16759=EDGE_CURVE('157379',#9225,#9227,#5152,.T.);
#16761=EDGE_CURVE('157396',#9245,#9227,#5156,.T.);
#16774=EDGE_CURVE('157770',#9559,#9489,#5164,.T.);
#16787=EDGE_CURVE('157395',#9245,#9223,#5176,.T.);
#16800=EDGE_CURVE('157380',#9205,#9227,#5180,.T.);
#16813=EDGE_CURVE('157378',#9225,#9204,#5188,.T.);
#16826=EDGE_CURVE('157381',#9229,#9207,#5192,.T.);
#16839=EDGE_CURVE('157383',#9231,#9209,#5200,.T.);
#16852=EDGE_CURVE('157385',#9233,#9211,#5208,.T.);
#16876=EDGE_CURVE('157388',#9237,#9215,#5212,.T.);
#16888=EDGE_CURVE('157387',#9235,#9214,#5220,.T.);
#16924=EDGE_CURVE('154664',#8457,#8847,#5236,.T.);
#16929=EDGE_CURVE('154738',#8896,#8454,#5240,.T.);
#16931=EDGE_CURVE('154219',#8454,#8455,#5244,.T.);
#16933=EDGE_CURVE('154220',#8455,#8457,#5248,.T.);
#16943=EDGE_CURVE('154665',#8849,#8459,#5344,.T.);
#16945=EDGE_CURVE('154221',#8440,#8459,#5348,.T.);
#16947=EDGE_CURVE('154214',#8440,#8441,#5252,.T.);
#16949=EDGE_CURVE('154215',#8443,#8441,#5360,.T.);
#16951=EDGE_CURVE('154216',#8443,#8445,#5256,.T.);
#16953=EDGE_CURVE('154217',#8447,#8445,#5372,.T.);
#16955=EDGE_CURVE('154735',#8917,#8447,#5380,.T.);
#16958=EDGE_CURVE('154736',#8451,#8916,#5400,.T.);
#16960=EDGE_CURVE('154218',#8450,#8451,#5392,.T.);
#16962=EDGE_CURVE('154737',#8450,#8919,#5260,.T.);
#16974=EDGE_CURVE('155158',#8901,#9107,#5408,.T.);
#16987=EDGE_CURVE('154237',#8457,#8479,#5268,.T.);
#16989=EDGE_CURVE('154666',#8479,#8851,#5280,.T.);
#17001=EDGE_CURVE('154235',#8455,#8477,#5272,.T.);
#17003=EDGE_CURVE('154238',#8477,#8479,#5284,.T.);
#17015=EDGE_CURVE('154234',#8454,#8475,#5276,.T.);
#17017=EDGE_CURVE('154236',#8475,#8477,#5288,.T.);
#17029=EDGE_CURVE('154742',#8903,#8475,#5292,.T.);
#17056=EDGE_CURVE('154667',#8853,#8481,#5296,.T.);
#17059=EDGE_CURVE('154741',#8473,#8921,#5300,.T.);
#17061=EDGE_CURVE('154233',#8473,#8471,#5304,.T.);
#17063=EDGE_CURVE('154740',#8471,#8923,#5308,.T.);
#17066=EDGE_CURVE('154739',#8925,#8469,#5312,.T.);
#17068=EDGE_CURVE('154230',#8469,#8467,#5316,.T.);
#17070=EDGE_CURVE('154228',#8465,#8467,#5320,.T.);
#17072=EDGE_CURVE('154226',#8465,#8461,#5324,.T.);
#17074=EDGE_CURVE('154223',#8463,#8461,#5328,.T.);
#17076=EDGE_CURVE('154240',#8463,#8481,#5332,.T.);
#17089=EDGE_CURVE('155159',#8905,#9109,#5340,.T.);
#17102=EDGE_CURVE('154239',#8459,#8481,#5352,.T.);
#17115=EDGE_CURVE('154224',#8463,#8440,#5356,.T.);
#17128=EDGE_CURVE('154222',#8441,#8461,#5364,.T.);
#17141=EDGE_CURVE('154225',#8443,#8465,#5368,.T.);
#17154=EDGE_CURVE('154227',#8445,#8467,#5376,.T.);
#17167=EDGE_CURVE('154229',#8447,#8469,#5384,.T.);
#17191=EDGE_CURVE('154232',#8450,#8473,#5388,.T.);
#17203=EDGE_CURVE('154231',#8451,#8471,#5396,.T.);
#17239=EDGE_CURVE('154668',#8501,#8855,#5412,.T.);
#17244=EDGE_CURVE('154765',#8928,#8498,#5416,.T.);
#17246=EDGE_CURVE('154246',#8498,#8499,#5420,.T.);
#17248=EDGE_CURVE('154247',#8499,#8501,#5424,.T.);
#17258=EDGE_CURVE('154669',#8857,#8503,#5520,.T.);
#17260=EDGE_CURVE('154248',#8484,#8503,#5524,.T.);
#17262=EDGE_CURVE('154241',#8484,#8485,#5428,.T.);
#17264=EDGE_CURVE('154242',#8487,#8485,#5536,.T.);
#17266=EDGE_CURVE('154243',#8487,#8489,#5432,.T.);
#17268=EDGE_CURVE('154244',#8491,#8489,#5548,.T.);
#17270=EDGE_CURVE('154762',#8949,#8491,#5556,.T.);
#17273=EDGE_CURVE('154763',#8495,#8948,#5576,.T.);
#17275=EDGE_CURVE('154245',#8494,#8495,#5568,.T.);
#17277=EDGE_CURVE('154764',#8494,#8951,#5436,.T.);
#17289=EDGE_CURVE('155160',#8933,#9113,#5584,.T.);
#17302=EDGE_CURVE('154264',#8501,#8523,#5444,.T.);
#17304=EDGE_CURVE('154670',#8523,#8859,#5456,.T.);
#17316=EDGE_CURVE('154262',#8499,#8521,#5448,.T.);
#17318=EDGE_CURVE('154265',#8521,#8523,#5460,.T.);
#17330=EDGE_CURVE('154261',#8498,#8519,#5452,.T.);
#17332=EDGE_CURVE('154263',#8519,#8521,#5464,.T.);
#17344=EDGE_CURVE('154769',#8935,#8519,#5468,.T.);
#17371=EDGE_CURVE('154671',#8861,#8525,#5472,.T.);
#17374=EDGE_CURVE('154768',#8517,#8953,#5476,.T.);
#17376=EDGE_CURVE('154260',#8517,#8515,#5480,.T.);
#17378=EDGE_CURVE('154767',#8515,#8955,#5484,.T.);
#17381=EDGE_CURVE('154766',#8957,#8513,#5488,.T.);
#17383=EDGE_CURVE('154257',#8513,#8511,#5492,.T.);
#17385=EDGE_CURVE('154255',#8509,#8511,#5496,.T.);
#17387=EDGE_CURVE('154253',#8509,#8505,#5500,.T.);
#17389=EDGE_CURVE('154250',#8507,#8505,#5504,.T.);
#17391=EDGE_CURVE('154267',#8507,#8525,#5508,.T.);
#17404=EDGE_CURVE('155161',#8937,#9115,#5516,.T.);
#17417=EDGE_CURVE('154266',#8503,#8525,#5528,.T.);
#17430=EDGE_CURVE('154251',#8507,#8484,#5532,.T.);
#17443=EDGE_CURVE('154249',#8485,#8505,#5540,.T.);
#17456=EDGE_CURVE('154252',#8487,#8509,#5544,.T.);
#17469=EDGE_CURVE('154254',#8489,#8511,#5552,.T.);
#17482=EDGE_CURVE('154256',#8491,#8513,#5560,.T.);
#17506=EDGE_CURVE('154259',#8494,#8517,#5564,.T.);
#17518=EDGE_CURVE('154258',#8495,#8515,#5572,.T.);
#17554=EDGE_CURVE('154672',#8677,#8863,#5588,.T.);
#17559=EDGE_CURVE('154795',#8960,#8674,#5592,.T.);
#17561=EDGE_CURVE('154408',#8674,#8675,#5596,.T.);
#17563=EDGE_CURVE('154409',#8675,#8677,#5600,.T.);
#17573=EDGE_CURVE('154673',#8865,#8679,#5696,.T.);
#17575=EDGE_CURVE('154410',#8660,#8679,#5700,.T.);
#17577=EDGE_CURVE('154403',#8660,#8661,#5604,.T.);
#17579=EDGE_CURVE('154404',#8663,#8661,#5712,.T.);
#17581=EDGE_CURVE('154405',#8663,#8665,#5608,.T.);
#17583=EDGE_CURVE('154406',#8667,#8665,#5724,.T.);
#17585=EDGE_CURVE('154792',#8981,#8667,#5732,.T.);
#17588=EDGE_CURVE('154793',#8671,#8980,#5752,.T.);
#17590=EDGE_CURVE('154407',#8670,#8671,#5744,.T.);
#17592=EDGE_CURVE('154794',#8670,#8983,#5612,.T.);
#17604=EDGE_CURVE('155162',#8965,#9117,#5760,.T.);
#17617=EDGE_CURVE('154426',#8677,#8699,#5620,.T.);
#17619=EDGE_CURVE('154674',#8699,#8867,#5632,.T.);
#17631=EDGE_CURVE('154424',#8675,#8697,#5624,.T.);
#17633=EDGE_CURVE('154427',#8697,#8699,#5636,.T.);
#17645=EDGE_CURVE('154423',#8674,#8695,#5628,.T.);
#17647=EDGE_CURVE('154425',#8695,#8697,#5640,.T.);
#17659=EDGE_CURVE('154799',#8967,#8695,#5644,.T.);
#17686=EDGE_CURVE('154675',#8869,#8701,#5648,.T.);
#17689=EDGE_CURVE('154798',#8693,#8985,#5652,.T.);
#17691=EDGE_CURVE('154422',#8693,#8691,#5656,.T.);
#17693=EDGE_CURVE('154797',#8691,#8987,#5660,.T.);
#17696=EDGE_CURVE('154796',#8989,#8689,#5664,.T.);
#17698=EDGE_CURVE('154419',#8689,#8687,#5668,.T.);
#17700=EDGE_CURVE('154417',#8685,#8687,#5672,.T.);
#17702=EDGE_CURVE('154415',#8685,#8681,#5676,.T.);
#17704=EDGE_CURVE('154412',#8683,#8681,#5680,.T.);
#17706=EDGE_CURVE('154429',#8683,#8701,#5684,.T.);
#17719=EDGE_CURVE('155163',#8969,#9119,#5692,.T.);
#17732=EDGE_CURVE('154428',#8679,#8701,#5704,.T.);
#17745=EDGE_CURVE('154413',#8683,#8660,#5708,.T.);
#17758=EDGE_CURVE('154411',#8661,#8681,#5716,.T.);
#17771=EDGE_CURVE('154414',#8663,#8685,#5720,.T.);
#17784=EDGE_CURVE('154416',#8665,#8687,#5728,.T.);
#17797=EDGE_CURVE('154418',#8667,#8689,#5736,.T.);
#17821=EDGE_CURVE('154421',#8670,#8693,#5740,.T.);
#17833=EDGE_CURVE('154420',#8671,#8691,#5748,.T.);
#17869=EDGE_CURVE('154676',#8633,#8871,#5764,.T.);
#17874=EDGE_CURVE('154825',#8992,#8630,#5768,.T.);
#17876=EDGE_CURVE('154381',#8630,#8631,#5772,.T.);
#17878=EDGE_CURVE('154382',#8631,#8633,#5776,.T.);
#17888=EDGE_CURVE('154677',#8873,#8635,#5872,.T.);
#17890=EDGE_CURVE('154383',#8616,#8635,#5876,.T.);
#17892=EDGE_CURVE('154376',#8616,#8617,#5780,.T.);
#17894=EDGE_CURVE('154377',#8619,#8617,#5888,.T.);
#17896=EDGE_CURVE('154378',#8619,#8621,#5784,.T.);
#17898=EDGE_CURVE('154379',#8623,#8621,#5900,.T.);
#17900=EDGE_CURVE('154822',#9013,#8623,#5908,.T.);
#17903=EDGE_CURVE('154823',#8627,#9012,#5928,.T.);
#17905=EDGE_CURVE('154380',#8626,#8627,#5920,.T.);
#17907=EDGE_CURVE('154824',#8626,#9015,#5788,.T.);
#17919=EDGE_CURVE('155164',#8997,#9121,#5936,.T.);
#17932=EDGE_CURVE('154399',#8633,#8655,#5796,.T.);
#17934=EDGE_CURVE('154678',#8655,#8875,#5808,.T.);
#17946=EDGE_CURVE('154397',#8631,#8653,#5800,.T.);
#17948=EDGE_CURVE('154400',#8653,#8655,#5812,.T.);
#17960=EDGE_CURVE('154396',#8630,#8651,#5804,.T.);
#17962=EDGE_CURVE('154398',#8651,#8653,#5816,.T.);
#17974=EDGE_CURVE('154829',#8999,#8651,#5820,.T.);
#18001=EDGE_CURVE('154679',#8877,#8657,#5824,.T.);
#18004=EDGE_CURVE('154828',#8649,#9017,#5828,.T.);
#18006=EDGE_CURVE('154395',#8649,#8647,#5832,.T.);
#18008=EDGE_CURVE('154827',#8647,#9019,#5836,.T.);
#18011=EDGE_CURVE('154826',#9021,#8645,#5840,.T.);
#18013=EDGE_CURVE('154392',#8645,#8643,#5844,.T.);
#18015=EDGE_CURVE('154390',#8641,#8643,#5848,.T.);
#18017=EDGE_CURVE('154388',#8641,#8637,#5852,.T.);
#18019=EDGE_CURVE('154385',#8639,#8637,#5856,.T.);
#18021=EDGE_CURVE('154402',#8639,#8657,#5860,.T.);
#18034=EDGE_CURVE('155165',#9001,#9123,#5868,.T.);
#18047=EDGE_CURVE('154401',#8635,#8657,#5880,.T.);
#18060=EDGE_CURVE('154386',#8639,#8616,#5884,.T.);
#18073=EDGE_CURVE('154384',#8617,#8637,#5892,.T.);
#18086=EDGE_CURVE('154387',#8619,#8641,#5896,.T.);
#18099=EDGE_CURVE('154389',#8621,#8643,#5904,.T.);
#18112=EDGE_CURVE('154391',#8623,#8645,#5912,.T.);
#18136=EDGE_CURVE('154394',#8626,#8649,#5916,.T.);
#18148=EDGE_CURVE('154393',#8627,#8647,#5924,.T.);
#18184=EDGE_CURVE('154680',#8589,#8879,#5940,.T.);
#18189=EDGE_CURVE('154855',#9024,#8586,#5944,.T.);
#18191=EDGE_CURVE('154354',#8586,#8587,#5948,.T.);
#18193=EDGE_CURVE('154355',#8587,#8589,#5952,.T.);
#18203=EDGE_CURVE('154681',#8881,#8591,#6048,.T.);
#18205=EDGE_CURVE('154356',#8572,#8591,#6052,.T.);
#18207=EDGE_CURVE('154349',#8572,#8573,#5956,.T.);
#18209=EDGE_CURVE('154350',#8575,#8573,#6064,.T.);
#18211=EDGE_CURVE('154351',#8575,#8577,#5960,.T.);
#18213=EDGE_CURVE('154352',#8579,#8577,#6076,.T.);
#18215=EDGE_CURVE('154852',#9045,#8579,#6084,.T.);
#18218=EDGE_CURVE('154853',#8583,#9044,#6104,.T.);
#18220=EDGE_CURVE('154353',#8582,#8583,#6096,.T.);
#18222=EDGE_CURVE('154854',#8582,#9047,#5964,.T.);
#18234=EDGE_CURVE('155166',#9029,#9125,#6112,.T.);
#18247=EDGE_CURVE('154372',#8589,#8611,#5972,.T.);
#18249=EDGE_CURVE('154682',#8611,#8883,#5984,.T.);
#18261=EDGE_CURVE('154370',#8587,#8609,#5976,.T.);
#18263=EDGE_CURVE('154373',#8609,#8611,#5988,.T.);
#18275=EDGE_CURVE('154369',#8586,#8607,#5980,.T.);
#18277=EDGE_CURVE('154371',#8607,#8609,#5992,.T.);
#18289=EDGE_CURVE('154859',#9031,#8607,#5996,.T.);
#18316=EDGE_CURVE('154683',#8885,#8613,#6000,.T.);
#18319=EDGE_CURVE('154858',#8605,#9049,#6004,.T.);
#18321=EDGE_CURVE('154368',#8605,#8603,#6008,.T.);
#18323=EDGE_CURVE('154857',#8603,#9051,#6012,.T.);
#18326=EDGE_CURVE('154856',#9053,#8601,#6016,.T.);
#18328=EDGE_CURVE('154365',#8601,#8599,#6020,.T.);
#18330=EDGE_CURVE('154363',#8597,#8599,#6024,.T.);
#18332=EDGE_CURVE('154361',#8597,#8593,#6028,.T.);
#18334=EDGE_CURVE('154358',#8595,#8593,#6032,.T.);
#18336=EDGE_CURVE('154375',#8595,#8613,#6036,.T.);
#18349=EDGE_CURVE('155167',#9033,#9127,#6044,.T.);
#18362=EDGE_CURVE('154374',#8591,#8613,#6056,.T.);
#18375=EDGE_CURVE('154359',#8595,#8572,#6060,.T.);
#18388=EDGE_CURVE('154357',#8573,#8593,#6068,.T.);
#18401=EDGE_CURVE('154360',#8575,#8597,#6072,.T.);
#18414=EDGE_CURVE('154362',#8577,#8599,#6080,.T.);
#18427=EDGE_CURVE('154364',#8579,#8601,#6088,.T.);
#18451=EDGE_CURVE('154367',#8582,#8605,#6092,.T.);
#18463=EDGE_CURVE('154366',#8583,#8603,#6100,.T.);
#18501=EDGE_CURVE('154337',#8535,#8557,#6120,.T.);
#18513=EDGE_CURVE('154335',#8533,#8555,#6128,.T.);
#18526=EDGE_CURVE('154333',#8531,#8553,#6132,.T.);
#18539=EDGE_CURVE('154330',#8529,#8549,#6140,.T.);
#18552=EDGE_CURVE('154332',#8551,#8528,#6152,.T.);
#18578=EDGE_CURVE('154339',#8539,#8559,#6172,.T.);
#18604=EDGE_CURVE('154340',#8538,#8561,#6176,.T.);
#18639=EDGE_CURVE('158696',#9663,#9637,#6200,.T.);
#18642=EDGE_CURVE('158477',#9639,#9359,#6208,.T.);
#18654=EDGE_CURVE('158694',#9531,#9662,#6220,.T.);
#18668=EDGE_CURVE('157427',#9283,#9262,#6232,.T.);
#18684=EDGE_CURVE('157424',#9263,#9277,#6240,.T.);
#18686=EDGE_CURVE('157423',#9277,#9279,#6244,.T.);
#18688=EDGE_CURVE('157425',#9281,#9279,#6301,.T.);
#18701=EDGE_CURVE('157422',#9249,#9277,#6252,.T.);
#18715=EDGE_CURVE('157711',#9439,#9441,#6276,.T.);
#18717=EDGE_CURVE('157603',#9279,#9441,#6305,.T.);
#18722=EDGE_CURVE('157421',#9251,#9269,#6717,.T.);
#18732=EDGE_CURVE('158469',#9441,#9627,#6272,.T.);
#18735=EDGE_CURVE('157761',#9439,#9329,#6317,.T.);
#18737=EDGE_CURVE('157476',#9331,#9329,#6280,.T.);
#18739=EDGE_CURVE('157521',#9331,#9315,#6584,.T.);
#18767=EDGE_CURVE('157763',#9361,#9549,#6329,.T.);
#18769=EDGE_CURVE('157524',#9361,#9327,#6337,.T.);
#18771=EDGE_CURVE('157475',#9329,#9327,#6313,.T.);
#18783=EDGE_CURVE('158459',#9361,#9618,#6325,.T.);
#18795=EDGE_CURVE('158468',#9622,#9325,#6353,.T.);
#18797=EDGE_CURVE('157474',#9327,#9325,#6529,.T.);
#18802=EDGE_CURVE('158456',#9621,#9622,#6385,.T.);
#18812=EDGE_CURVE('158467',#9323,#9624,#6345,.T.);
#18814=EDGE_CURVE('157473',#9323,#9325,#6349,.T.);
#18817=EDGE_CURVE('158457',#9624,#9622,#6397,.T.);
#18828=EDGE_CURVE('158460',#9443,#9624,#6357,.T.);
#18830=EDGE_CURVE('157691',#9443,#9534,#6361,.T.);
#18832=EDGE_CURVE('157688',#9534,#9535,#6365,.T.);
#18834=EDGE_CURVE('157689',#9535,#9537,#6369,.T.);
#18836=EDGE_CURVE('157746',#9337,#9537,#6445,.T.);
#18840=EDGE_CURVE('157479',#9334,#9305,#6469,.T.);
#18842=EDGE_CURVE('157478',#9334,#9335,#6501,.T.);
#18844=EDGE_CURVE('157491',#9335,#9299,#6485,.T.);
#18847=EDGE_CURVE('157472',#9323,#9297,#6381,.T.);
#18859=EDGE_CURVE('157442',#9293,#9289,#6389,.T.);
#18861=EDGE_CURVE('157605',#9293,#9443,#6393,.T.);
#18873=EDGE_CURVE('157440',#9287,#9291,#6401,.T.);
#18875=EDGE_CURVE('157441',#9293,#9291,#6413,.T.);
#18888=EDGE_CURVE('157737',#9291,#9534,#6409,.T.);
#18892=EDGE_CURVE('157736',#9535,#9286,#6417,.T.);
#18917=EDGE_CURVE('157708',#9547,#9545,#6425,.T.);
#18919=EDGE_CURVE('157707',#9545,#9537,#6437,.T.);
#18933=EDGE_CURVE('157759',#9545,#9351,#6433,.T.);
#18956=EDGE_CURVE('157501',#9303,#9349,#6453,.T.);
#18958=EDGE_CURVE('157502',#9343,#9349,#6457,.T.);
#18960=EDGE_CURVE('157495',#9343,#9341,#6461,.T.);
#18962=EDGE_CURVE('157493',#9334,#9341,#6465,.T.);
#18974=EDGE_CURVE('157498',#9301,#9347,#6477,.T.);
#18976=EDGE_CURVE('157500',#9349,#9347,#6509,.T.);
#18990=EDGE_CURVE('157494',#9335,#9340,#6489,.T.);
#18992=EDGE_CURVE('157497',#9345,#9340,#6493,.T.);
#18994=EDGE_CURVE('157499',#9345,#9347,#6497,.T.);
#19004=EDGE_CURVE('157492',#9340,#9341,#6505,.T.);
#19019=EDGE_CURVE('157496',#9345,#9343,#6513,.T.);
#19043=EDGE_CURVE('157471',#9319,#9295,#6521,.T.);
#19046=EDGE_CURVE('157477',#9321,#9331,#6564,.T.);
#19055=EDGE_CURVE('158137',#9579,#9578,#6536,.T.);
#19057=EDGE_CURVE('158142',#9517,#9579,#6540,.T.);
#19059=EDGE_CURVE('157672',#9516,#9517,#6544,.T.);
#19061=EDGE_CURVE('158143',#9516,#9578,#6548,.T.);
#19097=EDGE_CURVE('158136',#9577,#9578,#6588,.T.);
#19099=EDGE_CURVE('158139',#9581,#9577,#6661,.T.);
#19101=EDGE_CURVE('158138',#9579,#9581,#6641,.T.);
#19114=EDGE_CURVE('157680',#9156,#9516,#6592,.T.);
#19116=EDGE_CURVE('158141',#9156,#9577,#6596,.T.);
#19126=EDGE_CURVE('158144',#9584,#9585,#6600,.T.);
#19128=EDGE_CURVE('158149',#9585,#9153,#6604,.T.);
#19130=EDGE_CURVE('157337',#9153,#9151,#6608,.T.);
#19132=EDGE_CURVE('157335',#9149,#9151,#6612,.T.);
#19134=EDGE_CURVE('157333',#9145,#9149,#6617,.T.);
#19136=EDGE_CURVE('157330',#9147,#9145,#6621,.T.);
#19138=EDGE_CURVE('157681',#9513,#9147,#6625,.T.);
#19142=EDGE_CURVE('158151',#9584,#9521,#6629,.T.);
#19153=EDGE_CURVE('157678',#9157,#9517,#6633,.T.);
#19155=EDGE_CURVE('157341',#9156,#9157,#6637,.T.);
#19167=EDGE_CURVE('158140',#9157,#9581,#6645,.T.);
#19179=EDGE_CURVE('158146',#9587,#9589,#6649,.T.);
#19181=EDGE_CURVE('158150',#9589,#9519,#6669,.T.);
#19185=EDGE_CURVE('157679',#9511,#9136,#6709,.T.);
#19187=EDGE_CURVE('157323',#9136,#9137,#6701,.T.);
#19189=EDGE_CURVE('157324',#9137,#9139,#6693,.T.);
#19191=EDGE_CURVE('157325',#9139,#9141,#6685,.T.);
#19193=EDGE_CURVE('157326',#9143,#9141,#6653,.T.);
#19195=EDGE_CURVE('158148',#9587,#9143,#6657,.T.);
#19218=EDGE_CURVE('158147',#9589,#9584,#6665,.T.);
#19221=EDGE_CURVE('158145',#9587,#9585,#6673,.T.);
#19245=EDGE_CURVE('157336',#9153,#9143,#6677,.T.);
#19257=EDGE_CURVE('157334',#9151,#9141,#6681,.T.);
#19270=EDGE_CURVE('157332',#9149,#9139,#6689,.T.);
#19283=EDGE_CURVE('157329',#9145,#9137,#6697,.T.);
#19296=EDGE_CURVE('157331',#9136,#9147,#6705,.T.);
#19321=EDGE_CURVE('157420',#9268,#9253,#6713,.T.);
#19335=EDGE_CURVE('157419',#9255,#9271,#6729,.T.);
#19349=EDGE_CURVE('157418',#9273,#9257,#6733,.T.);
#19361=EDGE_CURVE('157417',#9259,#9275,#6741,.T.);
#19385=EDGE_CURVE('145860',#7749,#7727,#6765,.T.);
#19399=EDGE_CURVE('158408',#8051,#9602,#6785,.T.);
#19401=EDGE_CURVE('158411',#9610,#9602,#6926,.T.);
#19403=EDGE_CURVE('158420',#9614,#9610,#6789,.T.);
#19410=EDGE_CURVE('147817',#8049,#7747,#7179,.T.);
#19412=EDGE_CURVE('147631',#8049,#8051,#6805,.T.);
#19423=EDGE_CURVE('146608',#7685,#8051,#6809,.T.);
#19425=EDGE_CURVE('145677',#7687,#7685,#6813,.T.);
#19427=EDGE_CURVE('158396',#9602,#7687,#6818,.T.);
#19438=EDGE_CURVE('145673',#7653,#7675,#6830,.T.);
#19441=EDGE_CURVE('145674',#7651,#7683,#6878,.T.);
#19443=EDGE_CURVE('145675',#7683,#7685,#6898,.T.);
#19458=EDGE_CURVE('145672',#7674,#7655,#6834,.T.);
#19470=EDGE_CURVE('145671',#7657,#7677,#6850,.T.);
#19482=EDGE_CURVE('145670',#7679,#7659,#6846,.T.);
#19496=EDGE_CURVE('145669',#7661,#7681,#6858,.T.);
#19522=EDGE_CURVE('145676',#7665,#7683,#6890,.T.);
#19535=EDGE_CURVE('145678',#7687,#7689,#6914,.T.);
#19548=EDGE_CURVE('147812',#7775,#8377,#6902,.T.);
#19550=EDGE_CURVE('147808',#7775,#8373,#6906,.T.);
#19574=EDGE_CURVE('147628',#8377,#8375,#6930,.T.);
#19576=EDGE_CURVE('147815',#8375,#7769,#6934,.T.);
#19578=EDGE_CURVE('145842',#7771,#7769,#6966,.T.);
#19580=EDGE_CURVE('145845',#7771,#7775,#6938,.T.);
#19592=EDGE_CURVE('147627',#8375,#8365,#6950,.T.);
#19596=EDGE_CURVE('147769',#8363,#7692,#6946,.T.);
#19608=EDGE_CURVE('145841',#7769,#7755,#6958,.T.);
#19620=EDGE_CURVE('147806',#7771,#8369,#6998,.T.);
#19626=EDGE_CURVE('147533',#7983,#8323,#6978,.T.);
#19628=EDGE_CURVE('147532',#8321,#8323,#6982,.T.);
#19630=EDGE_CURVE('147531',#7981,#8321,#6986,.T.);
#19633=EDGE_CURVE('147807',#8368,#7718,#7131,.T.);
#19655=EDGE_CURVE('158084',#9562,#9563,#7002,.T.);
#19657=EDGE_CURVE('158095',#7290,#9562,#7006,.T.);
#19659=EDGE_CURVE('147536',#7290,#8318,#7010,.T.);
#19670=EDGE_CURVE('158100',#9569,#9570,#7014,.T.);
#19672=EDGE_CURVE('158113',#9569,#8323,#7018,.T.);
#19676=EDGE_CURVE('147537',#8315,#7281,#7022,.T.);
#19678=EDGE_CURVE('144832',#7281,#7279,#7026,.T.);
#19680=EDGE_CURVE('144835',#7279,#7283,#7031,.T.);
#19682=EDGE_CURVE('144837',#7283,#7285,#7035,.T.);
#19684=EDGE_CURVE('144839',#7287,#7285,#7039,.T.);
#19686=EDGE_CURVE('158111',#9570,#7287,#7043,.T.);
#19698=EDGE_CURVE('158086',#9564,#9566,#7047,.T.);
#19700=EDGE_CURVE('158087',#9566,#9562,#7075,.T.);
#19712=EDGE_CURVE('147534',#7291,#8319,#7071,.T.);
#19714=EDGE_CURVE('158094',#7291,#9566,#7051,.T.);
#19724=EDGE_CURVE('158102',#9572,#9574,#7055,.T.);
#19726=EDGE_CURVE('158110',#9572,#7277,#7059,.T.);
#19728=EDGE_CURVE('144828',#7277,#7275,#7063,.T.);
#19730=EDGE_CURVE('144827',#7273,#7275,#7091,.T.);
#19732=EDGE_CURVE('144826',#7271,#7273,#7099,.T.);
#19734=EDGE_CURVE('144825',#7270,#7271,#7107,.T.);
#19736=EDGE_CURVE('147535',#8313,#7270,#7111,.T.);
#19740=EDGE_CURVE('158112',#9574,#8321,#7123,.T.);
#19752=EDGE_CURVE('144843',#7290,#7291,#7067,.T.);
#19776=EDGE_CURVE('158101',#9572,#9570,#7079,.T.);
#19779=EDGE_CURVE('158103',#9574,#9569,#7119,.T.);
#19791=EDGE_CURVE('144838',#7287,#7277,#7083,.T.);
#19805=EDGE_CURVE('144836',#7285,#7275,#7087,.T.);
#19818=EDGE_CURVE('144834',#7283,#7273,#7095,.T.);
#19831=EDGE_CURVE('144831',#7279,#7271,#7103,.T.);
#19844=EDGE_CURVE('144833',#7270,#7281,#7115,.T.);
#19881=EDGE_CURVE('145843',#7719,#7773,#7147,.T.);
#19907=EDGE_CURVE('145692',#7693,#7697,#7163,.T.);
#19909=EDGE_CURVE('147770',#7697,#8362,#7159,.T.);
#19922=EDGE_CURVE('145693',#7699,#7697,#7171,.T.);
#19962=EDGE_CURVE('147819',#7779,#8379,#7195,.T.);
#19984=EDGE_CURVE('145836',#7709,#7765,#7227,.T.);
#19986=EDGE_CURVE('145837',#7763,#7765,#7203,.T.);
#19988=EDGE_CURVE('145835',#7763,#7758,#7207,.T.);
#19990=EDGE_CURVE('145832',#7753,#7758,#7211,.T.);
#20003=EDGE_CURVE('145839',#7711,#7767,#7251,.T.);
#20005=EDGE_CURVE('145838',#7767,#7765,#7263,.T.);
#20018=EDGE_CURVE('145831',#7752,#7759,#7239,.T.);
#20020=EDGE_CURVE('145833',#7761,#7759,#7243,.T.);
#20022=EDGE_CURVE('145840',#7761,#7767,#7247,.T.);
#20033=EDGE_CURVE('145830',#7758,#7759,#7259,.T.);
#20048=EDGE_CURVE('145834',#7763,#7761,#7267,.T.);
#20076=ADVANCED_BREP_SHAPE_REPRESENTATION('',(#20067),#20075);
#20083=PRODUCT_DEFINITION('design','',#20082,#20079);
#20084=PRODUCT_DEFINITION_SHAPE('','SHAPE FOR SFW_R-2ST_LF.',#20083);
#20085=SHAPE_DEFINITION_REPRESENTATION(#20084,#20076);
ENDSEC;
END-ISO-10303-21;

